v -6.866446 -11 -30.70966
v -5.290345 -11 -22.86645
v -10.78805 -11 -29.9216
v -9.211946 -11 -22.0784
v -16.85842 -11 -28.70175
v -15.63278 -11 -20.78812
v -9.211946 2 -22.0784
v -10.78805 2 -29.9216
v -15.63278 -7 -20.78812
v -16.85842 -7 -28.70175
v -16.85842 -11 -28.70175
v -15.63278 -11 -20.78812
v -16.85842 -9 -28.70175
v -15.63278 -9 -20.78812
v -16.85842 -7 -28.70175
v -15.63278 -7 -20.78812
v -7.500001 -6 -17
v -7.5 -11 -17
v -3.500003 -7.5 -17.5
v -3.500001 -11 -17.5
v -3.500003 -7.5 -17.5
v -3.500003 -4.5 -17.5
v -7.500002 -4.5 -17
v -5.290345 -1 -22.86645
v -5.290345 -11 -22.86645
v -6.866447 -1 -30.70965
v -6.866446 -11 -30.70966
v 13.12396 1.5 -29.74748
v 13.12396 -1.5 -29.74748
v 11.83986 1.5 -39.71498
v 11.83986 -1.5 -39.71498
v -6.866447 -1 -30.70965
v -10.78805 -11 -29.9216
v -10.78805 -4.75 -29.9216
v -6.866446 -11 -30.70966
v -6.866447 2 -30.70965
v -10.78805 2 -29.9216
v -10.78805 2 -29.9216
v -16.85842 -7 -28.70175
v -16.85842 -9 -28.70175
v -16.85842 -11 -28.70175
v -13.5 -11.5 -15.5
v -7.5 -11 -17
v -13.5 -9.5 -15.5
v -7.500001 -6 -17
v -13.5 -8 -15.5
v -7.500002 -4.5 -17
v -5.290345 2 -22.86645
v -5.290345 -1 -22.86645
v 3.266814 2 -24.58602
v 3.266814 -1 -24.58602
v -5.290345 -1 -22.86645
v -6.866447 -1 -30.70965
v 3.266814 -1 -24.58602
v 2.041172 -1 -32.49965
v -6.866447 -1 -30.70965
v 2.041172 -1 -32.49965
v 2.041172 2 -32.49965
v 3.266814 2 -24.58602
v 3.266814 -1 -24.58602
v 8.24297 2 -25.49492
v 8.24297 -1 -25.49492
v 3.266815 -9.5 -24.58602
v 2.041174 -9.5 -32.49965
v 8.242971 -9.5 -25.49492
v 7.01733 -9.5 -33.40855
v 3.08165 -1.5 -46.5
v 3.08165 1.5 -46.5
v 11.54976 -1.5 -47.5
v 11.54976 1.5 -47.5
v 3.266814 -1 -24.58602
v 2.041172 -1 -32.49965
v 3.266815 -9.5 -24.58602
v 2.041174 -9.5 -32.49965
v 8.602325 -1 -22.5
v 3.62617 -1 -21.5
v 8.602327 -9.5 -22.5
v 3.626172 -9.5 -21.5
v 3.08165 -9.5 -46.5
v 11.54976 -9.5 -47.5
v 17.10454 -1.5 -37.5
v 15.5 -1.5 -32
v 17.10454 -9.5 -37.5
v 15.5 -9.5 -32
v 2.041172 -1 -32.49965
v 2.041172 2 -32.49965
v 3.371752 -1.5 -38.47356
v 3.371752 1.5 -38.47356
v 2.041174 -9.5 -32.49965
v 2.041172 -1 -32.49965
v 3.371752 -9.5 -38.47356
v 3.371752 -1.5 -38.47356
v 8.24297 -1 -25.49492
v 8.242971 -9.5 -25.49492
v 13.12396 -1.5 -29.74748
v 13.12396 -9.5 -29.74748
v 8.24297 2 -25.49492
v 8.24297 -1 -25.49492
v 13.12396 1.5 -29.74748
v 13.12396 -1.5 -29.74748
v 11.83986 -9.5 -39.71498
v 3.371752 -9.5 -38.47356
v 13.12396 -9.5 -29.74748
v 2.041172 2 -32.49965
v 7.01733 2 -33.40855
v 2.041177 4 -32.49965
v 7.017334 4 -33.40855
v 3.371756 4 -38.47356
v 2.041177 4 -32.49965
v 8.24297 2 -25.49492
v 13.12396 1.5 -29.74748
v 8.242975 4 -25.49492
v 13.12396 4 -29.74749
v 11.54976 1.5 -47.5
v 3.08165 1.5 -46.5
v 11.54976 4.000001 -47.5
v 3.081654 4.000001 -46.5
v 7.01733 2 -33.40855
v 8.24297 2 -25.49492
v 7.017334 4 -33.40855
v 8.242975 4 -25.49492
v 13.12396 4 -29.74749
v 11.83986 4 -39.71498
v 2.041177 4 -32.49965
v 7.017334 4 -33.40855
v 2.041178 7 -32.49965
v 7.017332 7 -33.40855
v 3.371756 7 -38.47356
v 2.041178 7 -32.49965
v 7.017334 4 -33.40855
v 11.83986 4 -39.71498
v 7.017332 7 -33.40855
v 11.83986 7 -39.71498
v 11.54976 4.000001 -47.5
v 3.081654 4.000001 -46.5
v 11.54976 7.000001 -47.5
v 3.081654 7.000001 -46.5
v 11.83986 -9.5 -39.71498
v 11.83986 -1.5 -39.71498
v 17.10454 -9.5 -37.5
v 17.10454 -1.5 -37.5
v 13.12396 -1.5 -29.74748
v 13.12396 -9.5 -29.74748
v 15.5 -1.5 -32
v 15.5 -9.5 -32
v 15.5 -9.5 -32
v 17.10454 -9.5 -37.5
v -15.63278 -11 -20.78812
v -9.211946 -11 -22.0784
v -13.5 -11.5 -15.5
v -7.5 -11 -17
v -15.63278 -9 -20.78812
v -15.63278 -11 -20.78812
v -13.5 -9.5 -15.5
v -13.5 -11.5 -15.5
v -5.290345 -1 -22.86645
v -5.290345 2 -22.86645
v -3.500003 -7.5 -17.5
v -3.500003 -4.5 -17.5
v -7.5 -11 -17
v -3.500001 -11 -17.5
v -5.290345 -11 -22.86645
v -5.290345 -1 -22.86645
v -3.500001 -11 -17.5
v -9.211946 2 -22.0784
v -15.63278 -7 -20.78812
v -7.500002 -4.5 -17
v -13.5 -8 -15.5
v -5.290345 2 -22.86645
v -9.211946 2 -22.0784
v -3.500003 -4.5 -17.5
v -7.500002 -4.5 -17
v -15.63278 -7 -20.78812
v -13.5 -8 -15.5
v 8.242971 -9.5 -25.49492
v 8.24297 -1 -25.49492
v 8.602327 -9.5 -22.5
v 8.602325 -1 -22.5
v 3.266814 -1 -24.58602
v 3.266815 -9.5 -24.58602
v 3.62617 -1 -21.5
v 3.626172 -9.5 -21.5
v 3.626172 -9.5 -21.5
v 8.602327 -9.5 -22.5
v 3.371752 -1.5 -38.47356
v 3.371752 1.5 -38.47356
v 3.08165 -1.5 -46.5
v 3.08165 1.5 -46.5
v 3.371752 -9.5 -38.47356
v 3.08165 -9.5 -46.5
v 11.83986 4 -39.71498
v 11.83986 1.5 -39.71498
v 11.54976 4.000001 -47.5
v 11.54976 1.5 -47.5
v 11.83986 -1.5 -39.71498
v 11.54976 -1.5 -47.5
v 3.371756 4 -38.47356
v 3.081654 4.000001 -46.5
v 11.83986 7 -39.71498
v 11.54976 7.000001 -47.5
v 3.371756 7 -38.47356
v 3.081654 7.000001 -46.5
v 11.83986 -9.5 -39.71498
v 11.54976 -9.5 -47.5
v 11.54976 -9.5 -47.5
v 3.08165 -9.5 -46.5
v -10.78805 2 -29.9216
v -9.211946 2 -22.0784
v -6.866447 2 -30.70965
v -5.290345 2 -22.86645
v 2.041172 2 -32.49965
v 3.266814 2 -24.58602
v 7.01733 2 -33.40855
v 8.24297 2 -25.49492
v 2.041178 7 -32.49965
v 7.017332 7 -33.40855
v 3.371756 7 -38.47356
v 11.83986 7 -39.71498
v 7.017334 4 -33.40855
v 8.242975 4 -25.49492
v 11.83986 4 -39.71498
v 13.12396 4 -29.74749
v 11.83986 -1.5 -39.71498
v 13.12396 -1.5 -29.74748
v 17.10454 -1.5 -37.5
v 15.5 -1.5 -32
v 8.24297 -1 -25.49492
v 3.266814 -1 -24.58602
v 8.602325 -1 -22.5
v 3.62617 -1 -21.5
v 3.371756 7 -38.47356
v 11.83986 7 -39.71498
v 3.081654 7.000001 -46.5
v 11.54976 7.000001 -47.5
f 1 2 3
f 2 4 3
f 3 4 5
f 4 6 5
f 7 8 9
f 8 10 9
f 11 12 13
f 13 12 14
f 13 14 15
f 15 14 16
f 17 18 19
f 18 20 19
f 17 21 22
f 23 17 22
f 24 25 26
f 26 25 27
f 28 29 30
f 30 29 31
f 32 33 34
f 32 35 33
f 36 32 34
f 36 34 37
f 38 34 39
f 34 40 39
f 40 34 33
f 40 33 41
f 42 43 44
f 43 45 44
f 46 44 45
f 46 45 47
f 48 49 50
f 49 51 50
f 52 53 54
f 53 55 54
f 56 36 57
f 36 58 57
f 59 60 61
f 60 62 61
f 63 64 65
f 64 66 65
f 67 68 69
f 68 70 69
f 71 72 73
f 72 74 73
f 75 76 77
f 76 78 77
f 67 69 79
f 69 80 79
f 81 82 83
f 82 84 83
f 85 86 87
f 86 88 87
f 89 90 91
f 90 92 91
f 93 94 95
f 94 96 95
f 97 98 99
f 98 100 99
f 66 64 101
f 64 102 101
f 65 66 103
f 66 101 103
f 104 105 106
f 105 107 106
f 88 86 108
f 86 109 108
f 110 111 112
f 111 113 112
f 114 115 116
f 115 117 116
f 118 119 120
f 119 121 120
f 28 30 122
f 30 123 122
f 124 125 126
f 125 127 126
f 108 109 128
f 109 129 128
f 130 131 132
f 131 133 132
f 134 135 136
f 135 137 136
f 138 139 140
f 139 141 140
f 142 143 144
f 143 145 144
f 103 101 146
f 101 147 146
f 148 149 150
f 149 151 150
f 152 153 154
f 153 155 154
f 156 157 158
f 157 159 158
f 4 2 160
f 2 161 160
f 162 163 164
f 163 158 164
f 165 166 167
f 166 168 167
f 169 170 171
f 170 172 171
f 173 152 174
f 152 154 174
f 175 176 177
f 176 178 177
f 179 180 181
f 180 182 181
f 63 65 183
f 65 184 183
f 185 186 187
f 186 188 187
f 189 185 190
f 185 187 190
f 191 192 193
f 192 194 193
f 192 195 194
f 195 196 194
f 186 197 188
f 197 198 188
f 199 191 200
f 191 193 200
f 197 201 198
f 201 202 198
f 195 203 196
f 203 204 196
f 101 102 205
f 102 206 205
f 207 208 209
f 208 210 209
f 209 210 211
f 210 212 211
f 211 212 213
f 212 214 213
f 215 216 217
f 216 218 217
f 219 220 221
f 220 222 221
f 223 224 225
f 224 226 225
f 227 228 229
f 228 230 229
f 231 232 233
f 232 234 233
v 40.83326 -8 -24.25033
v 52.22951 -8 -28.00874
v 40.83326 -6 -24.25033
v 52.22951 -6 -28.00874
v 52.22951 -8 -28.00874
v 48.47109 -8 -39.40498
v 52.22951 -6 -28.00874
v 48.47109 -6 -39.40498
v 48.47109 -8 -39.40498
v 37.07485 -8 -35.64657
v 48.47109 -6 -39.40498
v 37.07485 -6 -35.64657
v 37.07485 -8 -35.64657
v 40.83326 -8 -24.25033
v 37.07485 -6 -35.64657
v 40.83326 -6 -24.25033
v 42.1264 -8 -33.10063
v 45.92515 -8 -34.35343
v 43.37921 -8 -29.30188
v 47.17796 -8 -30.55468
v 48.47109 -8 -39.40498
v 37.07485 -8 -35.64657
v 45.92515 -2 -34.35343
v 47.17796 -2 -30.55468
v 48.47109 -6 -39.40498
v 52.22951 -6 -28.00874
v 42.1264 -2 -33.10063
v 45.92515 -2 -34.35343
v 37.07485 -6 -35.64657
v 48.47109 -6 -39.40498
v 40.83326 -8 -24.25033
v 43.37921 -2 -29.30188
v 42.1264 -2 -33.10063
v 40.83326 -6 -24.25033
v 37.07485 -6 -35.64657
v 52.22951 -8 -28.00874
v 47.17796 -2 -30.55468
v 43.37921 -2 -29.30188
v 52.22951 -6 -28.00874
v 40.83326 -6 -24.25033
v 43.37921 -2 -29.30188
v 47.17796 -2 -30.55468
v 42.1264 -2 -33.10063
v 45.92515 -2 -34.35343
f 235 236 237
f 236 238 237
f 239 240 241
f 240 242 241
f 243 244 245
f 244 246 245
f 247 248 249
f 248 250 249
f 251 252 253
f 252 254 253
f 252 251 255
f 251 256 255
f 257 258 259
f 258 260 259
f 261 262 263
f 262 264 263
f 251 253 256
f 253 265 256
f 266 267 268
f 267 269 268
f 253 254 265
f 254 270 265
f 271 272 273
f 272 274 273
f 254 252 270
f 252 255 270
f 275 276 277
f 276 278 277
v -34.83371 10.37213 -1.89487
v -34.33581 10.40975 1.120921
v -33.78907 10.32609 -2.054178
v -33.26588 10.33079 0.7950451
v -34.33581 10.40975 1.120921
v -24.93252 4.566817 -2.083788
v -33.26588 10.33079 0.7950451
v -24.90986 5.138597 -2.052748
v -24.93252 4.566817 -2.083788
v -25.77223 4.731979 -5.071242
v -24.90986 5.138597 -2.052748
v -25.74958 5.30376 -5.040204
v -25.77223 4.731979 -5.071242
v -34.83371 10.37213 -1.89487
v -25.74958 5.30376 -5.040204
v -33.78907 10.32609 -2.054178
v -33.78907 10.32609 -2.054178
v -33.26588 10.33079 0.7950451
v -25.74958 5.30376 -5.040204
v -24.90986 5.138597 -2.052748
v -25.77223 4.731979 -5.071242
v -24.93252 4.566817 -2.083788
v -34.83371 10.37213 -1.89487
v -34.33581 10.40975 1.120921
f 279 280 281
f 280 282 281
f 283 284 285
f 284 286 285
f 287 288 289
f 288 290 289
f 291 292 293
f 292 294 293
f 295 296 297
f 296 298 297
f 299 300 301
f 300 302 301
v -16 6 24
v -10 6 24
v -16 10 24
v -10 10 24
v -10 6 5
v -16 6 5
v -10 10 5
v -16 10 5
v 8 -8 14
v 12 -8 10
v 12 -8 14
v 8 -8 10
v -10 -8 14
v -6 -8 10
v -6 -8 14
v -10 -8 10
v -16 -8 14
v -16 -8 10
v -10 6 14
v -10 6 10
v -10 10 10
v -10 10 14
v -16 10 10
v -16 6 14
v -16 10 14
v -16 6 10
v 8 -8 20
v 12 -8 20
v 8 -8 24
v 12 -8 24
v -10 -8 20
v -6 -8 20
v -10 -8 24
v -6 -8 24
v -16 -8 20
v -16 -8 24
v -10 6 24
v -10 6 20
v -10 10 20
v -10 10 24
v -16 10 20
v -16 6 24
v -16 10 24
v -16 6 20
v -10 6 20
v -10 10 20
v -10 6 14
v -6 6 20
v -6 6 14
v -6 10 20
v -10 6 24
v -10 10 24
v -6 6 24
v -6 10 24
v -2 -8 6
v -2 -8 10
v -6 -8 6
v -2 -8 14
v -2 -8 20
v -2 -8 24
v 4 -8 10
v 8 -8 6
v 4 -8 6
v 4 -8 14
v 4 -8 20
v 4 -8 24
v 12 6 10
v 8 4 10
v 8 6 10
v 12 4 10
v 8 4 24
v 12 4 24
v 12 6 24
v 8 6 24
v -10 -2 24
v -6 -2 24
v -6 4 24
v -10 4 24
v -6 6 10
v -10 4 10
v -10 6 10
v -6 4 10
v -10 -2 10
v -6 -2 10
v -16 -2 24
v -16 4 24
v -16 -2 10
v -16 4 10
v 12 4 14
v 12 4 10
v 12 6 10
v 12 6 14
v -16 4 10
v -16 -2 14
v -16 4 14
v -16 -2 10
v 12 4 24
v 12 4 20
v 12 6 20
v 12 6 24
v -16 4 20
v -16 -2 24
v -16 4 24
v -16 -2 20
v -2 -6 24
v -2 -2 24
v -2 6 24
v -2 2 10
v -2 -2 10
v -2 6 10
v 4 -2 24
v 4 6 24
v 4 2 10
v 4 6 10
v 3 -8 10
v 3 -8 6
v 3 -8 14
v 3 -8 20
v 3 -8 24
v 3 0 24
v 3 6 24
v 3 4 10
v 3 6 10
v -1 -8 10
v -1 -8 6
v -1 -8 14
v -1 -8 20
v -1 -8 24
v -1 0 24
v -1 6 24
v -1 6 10
v -1 4 10
v -1 4 10
v 3 4 10
v -1 0 24
v 3 0 24
v 3 4 10
v 4 2 10
v 3 0 24
v 4 -2 24
v -2 -2 10
v -2 2 10
v -2 -6 24
v -2 -2 24
v -2 2 10
v -1 4 10
v -2 -2 24
v -1 0 24
v 8 -2 6
v 8 -2 10
v 12 -6 6
v 12 -6 10
v 12 -8 6
v -16 -8 28
v -10 -8 28
v -6 -8 28
v -6 -4 6
v -6 -8 10
v -6 -5 10
v -6 -8 6
v -6 -2 6
v -6 -2 10
v 12 -7 10
v 12 -7 6
v 12 -6 6
v 12 -6 10
v 12 -8 10
v 12 -8 6
v 12 -5 10
v 8 -8 10
v 8 -5 10
v 12 -8 10
v 12 -2 10
v 8 -2 10
v 8 -7 27.5
v 12 -7 27.5
v 12 -6 27.5
v 8 -6 27.5
v 8 -8 27.5
v 12 -8 27.5
v -10 -5 10
v -6 -5 10
v -10 -8 10
v -6 -8 10
v -10 -8 28
v -6 -8 28
v -6 -5 28
v -10 -5 28
v -6 -2 28
v -10 -2 28
v -16 -5 10
v -16 -8 10
v -16 -8 28
v -16 -5 28
v -16 -2 28
v 12 -8 14
v 12 -5 10
v 12 -5 14
v 12 -2 10
v 12 -2 14
v -16 -5 10
v -16 -8 14
v -16 -5 14
v -16 -8 10
v 12 -8 24
v 12 -8 20
v 12 -5 20
v 12 -7 24
v 12 -2 20
v 12 -6 24
v -16 -5 20
v -16 -8 24
v -16 -5 24
v -16 -8 20
v -6 -8 24
v -2 -8 24
v -2 -7 24
v -6 -5 24
v -2 -4 0
v -6 -8 0
v -6 -4 0
v -2 -8 0
v -2 -2 6
v -6 -4 6
v -6 -2 6
v -2 -4 6
v 4 -7 27.5
v 4 -8 27.5
v 4 -6 27.5
v 8 -4 0
v 4 -8 0
v 4 -4 0
v 8 -8 0
v 8 -2 6
v 4 -4 6
v 4 -2 6
v 8 -4 6
v 3 -8 24
v 4 -8 24
v 4 -7 24
v 3 -7 24
v 4 -6 24
v 3 -6 24
v 3 -8 0
v 3 -4 0
v 3 -4 6
v 3 -2 6
v -1 -8 24
v -1 -7 24
v -1 -6 24
v -1 -4 0
v -1 -8 0
v -1 -2 6
v -1 -4 6
v 3 -4 -5
v -1 -8 -5
v -1 -4 -5
v 3 -8 -5
v 12 -7 10
v 12 -6 10
v 8 -5 10
v 8 -2 10
v 8 -8 10
v 12 -8 10
v 12 -7 6
v 8 -8 6
v 12 -8 6
v 12 -6 6
v -20 -6 24
v -20 -7 28
v -20 -6 28
v -20 -7 24
v -20 -8 28
v -20 -8 24
v -6 -8 28
v -6 -8 24
v -6 -5 24
v -6 -5 28
v -6 -2 24
v -6 -2 28
v -6 -8 0
v -6 -4 0
v -2 -8 0
v -6 -8 0
v -1 -8 0
v 3 -8 0
v 4 -8 0
v 8 -4 6
v 8 -8 6
v 8 -4 0
v 8 -8 0
v 8 -8 0
v -1 -8 0
v -1 -4 0
v -1 -8 -5
v -1 -4 -5
v 3 -4 0
v 3 -8 0
v 3 -4 -5
v 3 -8 -5
v 3 -8 -5
v -1 -8 -5
v -6 6 24
v -6 6 20
v 0 6 24
v 0 6 20
v 0 6 24
v -6 6 20
v -6 10 20
v 0 6 20
v 12 1 10
v 8 1 10
v 8 -2.5 24
v 12 -2.5 24
v 12 1 10
v 12 1 14
v 12 -2.5 24
v 12 1 20
v 4 -2.5 24
v 4 0 10
v 4 -2 10
v 4 2 10
v 4 0 10
v 4 -2 24
v 4 -2.5 24
v 4 -2 10
v 4 -6 24
v 4 -6 27.5
v 4 -7 24
v 4 -8 24
v 4 -7 27.5
v 4 -8 27.5
v 12 -2.5 24
v 8 -2.5 24
v 12 -6 27.5
v 8 -6 27.5
v 4 -2.5 24
v 4 -6 27.5
v 8 -8 27.5
v 12 -8 27.5
v 12 -6 27.5
v 4 -8 27.5
v 12 -7 27.5
v 12 -8 27.5
v -10 4 10
v -10 6 5
v -10 10 5
v -16 6 5
v -16 10 5
v -10 4 10
v -16 4 10
v -10 6 5
v -16 6 5
v -20 -7 28
v -20 -6 28
v -16 -2 28
v -16 -2 24
v -20 -6 28
v -20 -6 24
v -16 -2 24
v -16 -5 24
v -20 -6 24
v -20 -7 24
v -16 -8 24
v -20 -8 24
v -20 -8 28
v -20 -8 24
v -20 -8 28
v 12 6 10
v 8 6 10
v 8 6 14
v 12 6 14
v -6 6 10
v -10 6 10
v -10 6 14
v -6 6 14
v -10 10 10
v -16 10 10
v -16 10 14
v -10 10 14
v 8 6 20
v 12 6 20
v 8 6 24
v 12 6 24
v -6 6 14
v -10 6 14
v -10 10 20
v -6 10 20
v -6 10 20
v -10 10 20
v -10 10 24
v -6 10 24
v -16 10 20
v -16 10 24
v -2 -2 6
v -6 -2 6
v -6 -2 10
v -2 -2 10
v -2 6 10
v -2 6 14
v -6 6 20
v -2 6 20
v -6 6 24
v -2 6 24
v 8 -2 6
v 4 -2 6
v 4 -2 10
v 8 -2 10
v 4 6 10
v 4 6 14
v 4 6 20
v 4 6 24
v 3 -2 6
v 3 -2 10
v 3 6 10
v 3 6 14
v 3 6 20
v 3 6 24
v -1 -2 6
v -1 -2 10
v -1 6 10
v -1 6 14
v -1 6 20
v -1 6 24
v -1 -2 10
v -2 -2 10
v -1 -6 24
v -2 -6 24
v 3 -2 10
v 3 -6 24
v 4 -2 10
v 4 -6 24
v -10 -2 24
v -16 -2 24
v -10 -2 28
v -16 -2 28
v -6 -2 24
v -6 -2 28
v -6 -4 6
v -2 -4 6
v -6 -4 0
v -2 -4 0
v -1 -4 6
v -1 -4 0
v 3 -4 6
v 3 -4 0
v 4 -4 6
v 4 -4 0
v 8 -4 6
v 8 -4 0
v -1 -4 -5
v 3 -4 -5
v -6 10 20
v -6 10 24
v 0 6 20
v 0 6 24
v -16 10 10
v -10 10 10
v -16 10 5
v -10 10 5
f 303 304 305
f 304 306 305
f 307 308 309
f 308 310 309
f 311 312 313
f 311 314 312
f 315 316 317
f 315 318 316
f 319 318 315
f 319 320 318
f 321 322 323
f 324 321 323
f 325 326 327
f 325 328 326
f 329 313 330
f 329 311 313
f 331 330 332
f 331 329 330
f 333 317 334
f 333 315 317
f 335 334 336
f 335 333 334
f 337 315 333
f 337 319 315
f 338 333 335
f 338 337 333
f 339 340 341
f 342 339 341
f 340 321 324
f 341 340 324
f 343 344 345
f 343 346 344
f 327 346 343
f 327 326 346
f 347 348 349
f 350 351 352
f 347 353 348
f 353 354 348
f 304 355 306
f 355 356 306
f 316 357 358
f 316 359 357
f 317 358 360
f 317 316 358
f 334 360 361
f 334 317 360
f 336 361 362
f 336 334 361
f 363 364 314
f 363 365 364
f 366 314 311
f 366 363 314
f 367 311 329
f 367 366 311
f 368 329 331
f 368 367 329
f 369 370 371
f 369 372 370
f 373 374 375
f 376 373 375
f 377 378 379
f 380 377 379
f 380 379 355
f 304 380 355
f 381 382 383
f 381 384 382
f 384 385 382
f 384 386 385
f 387 377 380
f 388 387 380
f 388 380 304
f 303 388 304
f 382 389 390
f 382 385 389
f 391 392 393
f 394 391 393
f 395 396 397
f 395 398 396
f 328 397 326
f 328 395 397
f 399 400 401
f 402 399 401
f 400 391 394
f 401 400 394
f 403 404 405
f 403 406 404
f 346 405 344
f 346 403 405
f 397 406 403
f 397 396 406
f 326 403 346
f 326 397 403
f 378 407 408
f 379 378 408
f 379 408 409
f 355 379 409
f 410 386 384
f 410 411 386
f 412 384 381
f 412 410 384
f 413 373 376
f 414 413 376
f 371 415 416
f 371 370 415
f 417 365 363
f 417 418 365
f 419 363 366
f 419 417 363
f 420 366 367
f 420 419 366
f 421 367 368
f 421 420 367
f 422 413 414
f 423 422 414
f 416 424 425
f 416 415 424
f 426 418 417
f 426 427 418
f 358 427 426
f 358 357 427
f 428 417 419
f 428 426 417
f 360 426 428
f 360 358 426
f 429 419 420
f 429 428 419
f 361 428 429
f 361 360 428
f 430 420 421
f 430 429 420
f 362 429 430
f 362 361 429
f 408 431 432
f 409 408 432
f 431 422 423
f 432 431 423
f 433 410 412
f 433 434 410
f 425 434 433
f 425 424 434
f 435 436 437
f 436 438 437
f 439 440 441
f 440 442 441
f 443 444 445
f 444 446 445
f 447 448 449
f 448 450 449
f 451 452 453
f 452 454 453
f 314 364 312
f 364 455 312
f 338 335 456
f 335 457 456
f 335 336 457
f 336 458 457
f 459 460 461
f 459 462 460
f 463 461 464
f 463 459 461
f 465 466 467
f 468 465 467
f 469 470 466
f 465 469 466
f 471 472 473
f 471 474 472
f 475 473 476
f 475 471 473
f 477 478 479
f 480 477 479
f 481 482 478
f 477 481 478
f 386 483 385
f 386 484 483
f 484 485 483
f 484 486 485
f 487 488 489
f 490 487 489
f 490 489 491
f 492 490 491
f 385 493 389
f 385 483 493
f 483 494 493
f 483 485 494
f 495 487 490
f 496 495 490
f 496 490 492
f 497 496 492
f 498 469 499
f 500 498 499
f 500 499 501
f 502 500 501
f 503 504 505
f 503 506 504
f 398 505 396
f 398 503 505
f 507 508 509
f 510 507 509
f 510 509 511
f 512 510 511
f 508 498 500
f 509 508 500
f 509 500 502
f 511 509 502
f 513 514 515
f 513 516 514
f 406 515 404
f 406 513 515
f 505 516 513
f 505 504 516
f 396 513 406
f 396 505 513
f 517 518 519
f 520 517 519
f 519 407 520
f 378 520 407
f 521 522 523
f 521 524 522
f 525 526 527
f 525 528 526
f 529 530 481
f 529 481 477
f 529 477 531
f 531 477 480
f 532 533 534
f 532 535 533
f 536 537 538
f 536 539 537
f 540 541 542
f 543 540 542
f 543 542 544
f 545 543 544
f 534 546 547
f 534 533 546
f 538 548 549
f 538 537 548
f 518 550 551
f 519 518 551
f 519 551 552
f 407 519 552
f 550 540 543
f 551 550 543
f 551 543 545
f 552 551 545
f 553 524 521
f 553 554 524
f 555 528 525
f 555 556 528
f 557 558 559
f 557 560 558
f 549 556 555
f 549 548 556
f 561 562 563
f 564 563 562
f 565 566 561
f 563 565 561
f 567 568 539
f 567 569 568
f 570 539 536
f 539 570 567
f 571 572 573
f 571 574 572
f 574 575 572
f 574 576 575
f 577 578 579
f 580 577 579
f 580 579 581
f 582 580 581
f 462 459 583
f 459 584 583
f 357 359 585
f 359 586 585
f 427 357 587
f 357 585 587
f 418 427 588
f 427 587 588
f 365 418 589
f 418 588 589
f 590 591 592
f 591 593 592
f 364 365 594
f 365 589 594
f 595 596 597
f 596 598 597
f 599 600 601
f 600 602 601
f 588 587 603
f 587 604 603
f 605 606 607
f 606 608 607
f 356 355 609
f 610 611 612
f 613 476 614
f 613 475 476
f 372 614 370
f 372 613 614
f 615 616 374
f 373 615 374
f 502 501 617
f 618 502 617
f 618 617 392
f 391 618 392
f 619 512 511
f 619 511 620
f 619 620 399
f 620 400 399
f 511 502 618
f 620 511 618
f 620 618 391
f 400 620 391
f 621 615 413
f 413 615 373
f 614 476 622
f 476 623 622
f 370 614 415
f 614 622 415
f 624 625 626
f 626 625 627
f 625 628 627
f 627 628 629
f 627 629 630
f 631 632 633
f 632 634 633
f 635 636 637
f 636 638 637
f 636 639 638
f 639 640 638
f 331 332 641
f 332 642 641
f 629 631 630
f 631 633 630
f 512 619 643
f 368 331 644
f 331 641 644
f 510 512 645
f 512 643 645
f 507 510 646
f 510 645 646
f 322 647 648
f 323 322 649
f 322 648 649
f 328 325 650
f 325 651 650
f 395 328 650
f 652 653 654
f 653 655 654
f 496 497 656
f 497 657 656
f 658 659 660
f 659 661 660
f 662 663 664
f 663 665 664
f 663 666 665
f 666 667 665
f 495 496 668
f 496 656 668
f 338 456 669
f 456 670 669
f 671 672 673
f 674 671 673
f 675 676 677
f 678 675 677
f 679 680 681
f 682 679 681
f 674 673 683
f 684 674 683
f 684 683 685
f 686 684 685
f 687 688 689
f 690 687 689
f 691 692 693
f 694 691 693
f 682 681 695
f 692 682 695
f 692 695 696
f 693 692 696
f 697 698 699
f 700 697 699
f 701 675 678
f 702 701 678
f 702 678 703
f 704 702 703
f 704 703 705
f 706 704 705
f 707 708 709
f 710 707 709
f 672 711 712
f 673 672 712
f 673 712 713
f 683 673 713
f 683 713 714
f 685 683 714
f 708 715 716
f 709 708 716
f 711 717 718
f 712 711 718
f 712 718 719
f 713 712 719
f 713 719 720
f 714 713 720
f 715 721 722
f 716 715 722
f 721 697 700
f 722 721 700
f 717 723 724
f 718 717 724
f 723 701 702
f 724 723 702
f 718 724 725
f 719 718 725
f 724 702 704
f 725 724 704
f 719 725 726
f 720 719 726
f 725 704 706
f 726 725 706
f 727 728 729
f 728 730 729
f 731 727 732
f 727 729 732
f 733 731 734
f 731 732 734
f 735 736 737
f 736 738 737
f 739 735 740
f 735 737 740
f 741 742 743
f 742 744 743
f 742 745 744
f 745 746 744
f 745 747 746
f 747 748 746
f 747 749 748
f 749 750 748
f 749 751 750
f 751 752 750
f 746 748 753
f 748 754 753
f 755 756 757
f 756 758 757
f 759 760 761
f 760 762 761
v 20.88206 -2.637953 -23.41727
v 19.98086 -2.461336 -26.33291
v 19.8737 -2.541719 -23.11278
v 18.96617 -2.398038 -25.86007
v 19.98086 -2.461336 -26.33291
v 10.38344 -7.01028 -21.85757
v 18.96617 -2.398038 -25.86007
v 10.43765 -6.440352 -21.88315
v 10.38344 -7.01028 -21.85757
v 11.64439 -7.033098 -19.01736
v 10.43765 -6.440352 -21.88315
v 11.6986 -6.463172 -19.04295
v 11.64439 -7.033098 -19.01736
v 20.88206 -2.637953 -23.41727
v 11.6986 -6.463172 -19.04295
v 19.8737 -2.541719 -23.11278
v 19.8737 -2.541719 -23.11278
v 18.96617 -2.398038 -25.86007
v 11.6986 -6.463172 -19.04295
v 10.43765 -6.440352 -21.88315
v 11.64439 -7.033098 -19.01736
v 10.38344 -7.01028 -21.85757
v 20.88206 -2.637953 -23.41727
v 19.98086 -2.461336 -26.33291
f 763 764 765
f 764 766 765
f 767 768 769
f 768 770 769
f 771 772 773
f 772 774 773
f 775 776 777
f 776 778 777
f 779 780 781
f 780 782 781
f 783 784 785
f 784 786 785
v -24.47313 4.5 -4.658028
v -24.97313 4.5 -4.655983
v -24.97313 5 -4.655983
v -24.47313 5 -4.658028
v -24.94587 5 2.007645
v -24.44587 4.5 2.005463
v -24.44587 5 2.005463
v -24.94587 4.5 2.007645
v -24.44587 4.5 2.005463
v -24.44829 4.5 1.415904
v -24.44829 5 1.415904
v -24.44587 5 2.005463
v -35.56269 5 1.460596
v -35.56044 4.5 2.051088
v -35.56044 5 2.051088
v -35.56269 4.5 1.460596
v -24.94828 5 1.417619
v -24.44587 5 2.005463
v -24.44829 5 1.415904
v -24.94587 5 2.007645
v -24.44588 -6.43 2.005462
v -24.94587 -6.43 2.007642
v -24.94828 -6.43 1.417616
v -24.44829 -6.43 1.415901
v -24.47108 4.5 -4.158032
v -24.47108 5 -4.158032
v -24.47313 4.5 -4.658028
v -24.47313 5 -4.658028
v -35.58541 5 -4.112571
v -35.58541 4.5 -4.112571
v -35.56269 5 1.460596
v -35.56269 4.5 1.460596
v -35.58737 5 -4.612567
v -35.58737 4.5 -4.612567
v -35.58541 5 -4.112571
v -35.58541 4.5 -4.112571
v -24.97108 5 -4.155986
v -24.47313 5 -4.658028
v -24.97313 5 -4.655983
v -24.47108 5 -4.158032
v -24.47313 -6.43 -4.658027
v -24.47108 -6.43 -4.158031
v -24.97108 -6.43 -4.155986
v -24.97313 -6.43 -4.655982
v -24.47108 4.5 -4.158032
v -24.44829 4.5 1.415904
v -24.94828 4.5 1.417619
v -24.97108 4.5 -4.155986
v -35.03737 4.5 -4.614818
v -35.58737 4.5 -4.612567
v -35.58737 5 -4.612567
v -35.03737 5 -4.614818
v -35.56044 5 2.051088
v -35.01066 4.5 2.048826
v -35.01066 5 2.048826
v -35.56044 4.5 2.051088
v -35.56269 5 1.460596
v -35.01066 5 2.048826
v -35.01305 5 1.458567
v -35.56044 5 2.051088
v -35.01066 -6.43 2.048823
v -35.56044 -6.43 2.051087
v -35.56269 -6.43 1.460593
v -35.01304 -6.43 1.458564
v -35.58737 5 -4.612567
v -35.58541 5 -4.112571
v -35.03535 5 -4.114821
v -35.03737 5 -4.614818
v -35.03737 -6.43 -4.614817
v -35.03535 -6.43 -4.11482
v -35.58737 -6.43 -4.612567
v -35.58541 -6.43 -4.112571
v -35.01305 4.5 1.458567
v -35.56269 4.5 1.460596
v -35.03535 4.5 -4.114821
v -35.58541 4.5 -4.112571
v -24.44587 4.5 2.005463
v -24.94587 4.5 2.007645
v -24.44588 -6.43 2.005462
v -24.94587 -6.43 2.007642
v -24.94587 4.5 2.007645
v -24.94828 4.5 1.417619
v -24.94587 -6.43 2.007642
v -24.94828 -6.43 1.417616
v -24.44829 4.5 1.415904
v -24.44587 4.5 2.005463
v -24.44829 -6.43 1.415901
v -24.44588 -6.43 2.005462
v -24.94828 4.5 1.417619
v -24.44829 4.5 1.415904
v -24.94828 -6.43 1.417616
v -24.44829 -6.43 1.415901
v -24.47313 4.5 -4.658028
v -24.47108 4.5 -4.158032
v -24.47313 -6.43 -4.658027
v -24.47108 -6.43 -4.158031
v -24.47108 4.5 -4.158032
v -24.97108 4.5 -4.155986
v -24.47108 -6.43 -4.158031
v -24.97108 -6.43 -4.155986
v -24.97313 4.5 -4.655983
v -24.47313 4.5 -4.658028
v -24.97313 -6.43 -4.655982
v -24.47313 -6.43 -4.658027
v -24.97108 4.5 -4.155986
v -24.97313 4.5 -4.655983
v -24.97108 -6.43 -4.155986
v -24.97313 -6.43 -4.655982
v -35.01066 4.5 2.048826
v -35.56044 4.5 2.051088
v -35.01066 -6.43 2.048823
v -35.56044 -6.43 2.051087
v -35.56044 4.5 2.051088
v -35.56269 4.5 1.460596
v -35.56044 -6.43 2.051087
v -35.56269 -6.43 1.460593
v -35.01305 4.5 1.458567
v -35.01066 4.5 2.048826
v -35.01304 -6.43 1.458564
v -35.01066 -6.43 2.048823
v -35.56269 4.5 1.460596
v -35.01305 4.5 1.458567
v -35.56269 -6.43 1.460593
v -35.01304 -6.43 1.458564
v -35.03737 4.5 -4.614818
v -35.03535 4.5 -4.114821
v -35.03737 -6.43 -4.614817
v -35.03535 -6.43 -4.11482
v -35.58737 4.5 -4.612567
v -35.03737 4.5 -4.614818
v -35.58737 -6.43 -4.612567
v -35.03737 -6.43 -4.614817
v -35.03535 4.5 -4.114821
v -35.58541 4.5 -4.112571
v -35.03535 -6.43 -4.11482
v -35.58541 -6.43 -4.112571
v -35.58541 4.5 -4.112571
v -35.58737 4.5 -4.612567
v -35.58541 -6.43 -4.112571
v -35.58737 -6.43 -4.612567
v -24.99291 4.5 -9.492237
v -30.02503 4.5 -9.471654
v -24.99291 5 -9.492237
v -30.02503 5 -9.471654
v -30.00525 4.5 -4.6354
v -30.00525 5 -4.6354
v -29.97827 5 2.028235
v -24.94587 4.5 2.007645
v -24.94587 5 2.007645
v -29.97827 4.5 2.028235
v -34.99021 5 7.048798
v -29.95781 4.5 7.028214
v -29.95781 5 7.028214
v -34.99021 4.5 7.048798
v -29.98066 5 1.438093
v -29.97827 5 2.028235
v -24.94587 4.5 2.007645
v -29.97827 4.5 2.028235
v -29.98066 4.5 1.438093
v -35.01066 4.5 2.048826
v -30.00321 5 -4.135404
v -30.00525 5 -4.6354
v -24.97313 4.5 -4.655983
v -30.00525 4.5 -4.6354
v -30.00321 4.5 -4.135404
v -35.03737 4.5 -4.614818
v -29.97827 4.5 2.028235
v -29.97827 5 2.028235
v -29.95781 4.5 7.028214
v -29.95781 5 7.028214
v -29.95781 5 7.028214
v -34.99021 5 7.048798
v -35.01066 5 2.048826
v -35.01066 4.5 2.048826
v -34.99021 5 7.048798
v -34.99021 4.5 7.048798
v -34.99021 4.5 7.048798
v -29.95781 4.5 7.028214
v -24.99291 4.5 -9.492237
v -30.02503 4.5 -9.471654
v -24.97313 5 -4.655983
v -24.97313 4.5 -4.655983
v -24.99291 5 -9.492237
v -24.99291 4.5 -9.492237
v -30.00525 4.5 -4.6354
v -30.00525 5 -4.6354
v -30.02503 4.5 -9.471654
v -30.02503 5 -9.471654
v -30.02503 5 -9.471654
v -24.99291 5 -9.492237
f 787 788 789
f 790 787 789
f 791 792 793
f 791 794 792
f 795 796 797
f 798 795 797
f 799 800 801
f 799 802 800
f 803 804 805
f 803 806 804
f 807 808 809
f 810 807 809
f 797 796 811
f 797 811 812
f 812 811 813
f 812 813 814
f 815 816 817
f 816 818 817
f 819 820 821
f 820 822 821
f 823 824 825
f 823 826 824
f 803 826 823
f 803 805 826
f 827 828 829
f 830 827 829
f 831 832 833
f 834 831 833
f 835 836 837
f 838 835 837
f 839 840 841
f 839 842 840
f 843 844 845
f 843 846 844
f 847 848 849
f 850 847 849
f 851 852 853
f 851 853 854
f 852 843 853
f 853 843 845
f 855 856 857
f 856 858 857
f 859 860 861
f 861 860 862
f 863 864 865
f 864 866 865
f 867 868 869
f 868 870 869
f 871 872 873
f 872 874 873
f 875 876 877
f 876 878 877
f 879 880 881
f 880 882 881
f 883 884 885
f 884 886 885
f 887 888 889
f 888 890 889
f 891 892 893
f 892 894 893
f 895 896 897
f 896 898 897
f 899 900 901
f 900 902 901
f 903 904 905
f 904 906 905
f 907 908 909
f 908 910 909
f 911 912 913
f 912 914 913
f 915 916 917
f 916 918 917
f 919 920 921
f 920 922 921
f 923 924 925
f 924 926 925
f 927 928 929
f 928 930 929
f 931 835 932
f 835 838 932
f 933 934 935
f 933 936 934
f 937 938 939
f 937 940 938
f 941 806 803
f 941 942 806
f 845 942 941
f 845 844 942
f 943 944 945
f 833 943 945
f 944 946 859
f 945 944 859
f 854 853 947
f 948 854 947
f 948 947 823
f 948 823 825
f 853 845 941
f 853 941 947
f 947 941 803
f 947 803 823
f 949 834 950
f 834 951 950
f 951 952 950
f 951 861 952
f 834 833 951
f 833 945 951
f 951 945 861
f 945 859 861
f 953 954 955
f 954 956 955
f 942 844 957
f 844 958 957
f 959 960 961
f 960 962 961
f 946 944 963
f 944 964 963
f 949 950 965
f 950 966 965
f 967 968 969
f 968 970 969
f 971 972 973
f 972 974 973
f 948 825 975
f 825 976 975
v -33.99622 3.5 28.98647
v -32.92892 3.5 18.03837
v -32.92892 4 18.03837
v -33.99622 4 28.98647
v -40.39352 4 17.31044
v -41.46084 3.5 28.25876
v -41.46084 4 28.25876
v -40.39352 3.5 17.31044
v -32.37344 3.5 12.34037
v -32.37344 4 12.34037
v -32.34676 3.5 12.06668
v -32.34676 4 12.06668
v -39.83688 4 11.60062
v -39.83688 3.5 11.60062
v -39.81137 4 11.33897
v -39.81137 3.5 11.33897
v -41.46084 3.5 28.25876
v -38.97859 3.5 28.50075
v -38.97859 4 28.50075
v -41.46084 4 28.25876
v -37.70802 4 11.54402
v -39.81137 3.5 11.33897
v -39.81137 4 11.33897
v -37.70802 3.5 11.54402
v -38.09674 4 17.53446
v -40.39352 4 17.31044
v -41.46084 4 28.25876
v -38.97859 4 28.50075
v -41.46084 3.5 28.25876
v -38.09674 3.5 17.53446
v -38.97859 3.5 28.50075
v -40.39352 3.5 17.31044
v -37.70802 4 11.54402
v -39.83688 4 11.60062
v -37.67993 4 11.81697
v -39.81137 4 11.33897
v -39.83688 3.5 11.60062
v -39.81137 3.5 11.33897
v -37.70802 3.5 11.54402
v -37.67993 3.5 11.81697
v -36.23354 3.5 28.76836
v -36.23354 4 28.76836
v -33.99622 3.5 28.98647
v -33.99622 4 28.98647
v -34.77352 4 11.8301
v -34.77352 3.5 11.8301
v -32.34676 4 12.06668
v -32.34676 3.5 12.06668
v -33.99622 4 28.98647
v -32.92892 4 18.03837
v -36.23354 4 28.76836
v -35.25896 4 17.81116
v -36.23354 3.5 28.76836
v -35.25896 3.5 17.81116
v -32.92892 3.5 18.03837
v -33.99622 3.5 28.98647
v -34.77282 4 12.10342
v -34.77352 4 11.8301
v -32.34676 4 12.06668
v -32.37344 4 12.34037
v -34.77282 3.5 12.10342
v -34.77352 3.5 11.8301
v -32.34676 3.5 12.06668
v -32.37344 3.5 12.34037
v -37.67993 -6 11.81697
v -37.70802 -6 11.54402
v -34.77352 -6 11.8301
v -34.77282 -6 12.10341
v -37.67993 3.5 11.81697
v -37.70802 3.5 11.54402
v -37.67993 -6 11.81697
v -37.70802 -6 11.54402
v -37.70802 3.5 11.54402
v -34.77352 3.5 11.8301
v -37.70802 -6 11.54402
v -34.77352 -6 11.8301
v -34.77352 3.5 11.8301
v -34.77282 3.5 12.10342
v -34.77352 -6 11.8301
v -34.77282 -6 12.10341
v -34.77282 3.5 12.10342
v -37.67993 3.5 11.81697
v -34.77282 -6 12.10341
v -37.67993 -6 11.81697
f 977 978 979
f 980 977 979
f 981 982 983
f 981 984 982
f 978 985 986
f 979 978 986
f 985 987 988
f 986 985 988
f 989 984 981
f 989 990 984
f 991 990 989
f 991 992 990
f 993 994 995
f 996 993 995
f 997 998 999
f 997 1000 998
f 1001 1002 1003
f 1004 1001 1003
f 1005 1006 1007
f 1005 1008 1006
f 1009 1010 1011
f 1009 1012 1010
f 1011 1010 1002
f 1001 1011 1002
f 1013 1014 1015
f 1016 1013 1015
f 1008 1016 1006
f 1008 1013 1016
f 994 1017 1018
f 995 994 1018
f 1017 1019 1020
f 1018 1017 1020
f 1021 1000 997
f 1021 1022 1000
f 1023 1022 1021
f 1023 1024 1022
f 1025 1026 1027
f 1026 1028 1027
f 1027 1028 1004
f 1028 1001 1004
f 1029 1030 1031
f 1029 1031 1032
f 1007 1006 1030
f 1007 1030 1029
f 1033 1034 1011
f 1034 1009 1011
f 1035 1033 1036
f 1035 1034 1033
f 1026 1036 1028
f 1036 1033 1028
f 1028 1033 1001
f 1033 1011 1001
f 1037 1038 1039
f 1040 1037 1039
f 1041 1042 1043
f 1041 1043 1044
f 1006 1016 1037
f 1006 1037 1030
f 1030 1037 1040
f 1030 1040 1031
f 1045 1046 1047
f 1046 1048 1047
f 1049 1050 1051
f 1050 1052 1051
f 1053 1054 1055
f 1054 1056 1055
f 1057 1058 1059
f 1058 1060 1059
v -4 -8 36
v -4 -2 36
v -4 -8 34
v -4 -6 34
v 4 -2 36
v 4 -8 36
v 4 -6 34
v 4 -8 34
v 4 8 52
v 4 2 52
v 16 8 52
v 16 2 52
v 4 2 44
v 4 8 44
v 16 2 44
v 16 8 44
v 24 8 52
v 24 2 52
v 24 2 44
v 24 8 44
v 16 -2 52
v 24 -2 52
v 16 -8 52
v 24 -8 52
v 16 -2 44
v 24 -2 44
v 24 -2 40
v 16 -8 40
v 16 -2 40
v 24 -8 40
v 13 -8 44
v 13 -6 44
v 13 -8 40
v 13 -6 40
v 27.5 -6 44
v 27.5 -8 44
v 27.5 -6 40
v 27.5 -8 40
v 24 -8 44
v 16 -8 44
v 24 -8 40
v 16 -8 40
v 24 -2 44
v 24 -8 44
v 27.5 -6 44
v 27.5 -8 44
v 24 -2 40
v 24 -2 44
v 27.5 -6 40
v 27.5 -6 44
v 27.5 -8 44
v 27.5 -8 40
v 27.5 -8 40
v 27.5 -6 40
v 16 14 44
v 4 14 44
v 4 14 52
v 16 14 52
v -14.5 2 36
v -16.5 0 36
v -16.5 2 36
v -14.5 0 36
v -16.5 0 52
v -14.5 0 52
v -14.5 2 52
v -16.5 2 52
v -16.5 -7.5 52
v -14.5 -7.5 50
v -14.5 -7.5 52
v -16.5 -7.5 50
v 4 -8 41.5
v 4 -1 41.5
v -4 -8 41.5
v -4 -1 41.5
v 4 -1 44
v 4 0 40
v 4 0 44
v 4 0 36
v 4 2 40
v 4 2 44
v 4 2 36
v -20 2.5 40
v -20 2.5 36
v -20 1.5 36
v -20 1.5 38
v -4 0 36
v -4 0 43
v -16.5 -7.5 38
v -14.5 -7.5 36
v -14.5 -7.5 38
v -16.5 -7.5 36
v -16.5 0 50
v -14.5 0 38
v -14.5 0 50
v -16.5 0 38
v -14.5 0 36
v -14.5 0 38
v -14.5 -7.5 36
v -14.5 -7.5 38
v -14.5 0 38
v -16.5 0 38
v -14.5 -7.5 38
v -16.5 -7.5 38
v -16.5 0 38
v -16.5 0 36
v -16.5 -7.5 38
v -16.5 -7.5 36
v -16.5 -7.5 36
v -14.5 -7.5 36
v -4 8 44
v -4 2 44
v -16.5 2 44
v -4 2 52
v -4 8 52
v -4 -8 52
v -2 -8 52
v -2 -2 52
v -4 -2 52
v 4 -8 52
v 4 -2 52
v -2 -6 34
v -4 -8 34
v -4 -6 34
v -2 -8 34
v 4 -6 34
v 4 -8 34
v -4 -2 36
v -2 -2 36
v -2 -6 34
v -4 -6 34
v 4 -2 36
v 4 -6 34
v -2 -8 36
v 4 -8 34
v 4 -8 36
v -2 -8 34
v -4 -8 36
v -4 -8 34
v -2 2 44
v -2 8 44
v -2 2 52
v -2 8 52
v -2 0 52
v -4 0 52
v 4 0 52
v -2 0 24
v -4 -2 24
v -4 0 24
v -2 -2 24
v 4 0 36
v -2 -2 36
v -2 0 36
v 4 -2 36
v -2 2 36
v -4 0 36
v -4 2 36
v 4 2 36
v -2 -8 41.5
v 4 -8 41.5
v -4 -8 41.5
v -2 -8 44
v 4 -8 44
v -4 -8 44
v -4 -2 24
v -4 0 24
v -2 0 36
v -2 -2 36
v -2 0 24
v -2 -2 24
v -2 -2 36
v -4 -2 36
v -2 -2 24
v -4 -2 24
v -14.5 -3 52
v -14.5 -3 50
v -14.5 0 50
v -14.5 0 52
v -14.5 -7.5 52
v -14.5 -7.5 50
v -16.5 -3 52
v -14.5 -3 52
v -18.5 -7.5 54
v -14.5 -7.5 54
v -14.5 -3 54
v -18.5 -3 54
v -16.5 0 50
v -16.5 -3 52
v -16.5 0 52
v -16.5 -3 50
v -18.5 -3 50
v -18.5 -7.5 54
v -18.5 -3 54
v -18.5 -7.5 50
v -14.5 0 50
v -16.5 -3 50
v -16.5 0 50
v -14.5 -3 50
v -16.5 -7.5 50
v -14.5 -7.5 50
v -14.5 -3 52
v -16.5 -3 52
v -14.5 -3 54
v -18.5 -3 54
v -16.5 -3 50
v -18.5 -3 50
v -18.5 -3 50
v -18.5 -7.5 50
v -18.5 -7.5 50
v -18.5 -7.5 54
v -14.5 -7.5 54
v -12.5 -7.5 52
v -12.5 -3 52
v -12.5 -7.5 54
v -12.5 -3 54
v -14.5 -7.5 52
v -14.5 -3 52
v -12.5 -7.5 52
v -12.5 -3 52
v -12.5 -7.5 54
v -12.5 -7.5 52
v -14.5 0 52
v -14.5 0 54
v -12.5 0 52
v -12.5 0 54
v -12.5 -3 54
v -12.5 -7.5 54
v -14.5 -3 52
v -14.5 -3 54
v -14.5 0 52
v -14.5 0 54
v -12.5 0 52
v -14.5 0 52
v -14.5 0 54
v -12.5 0 54
v -12.5 0 54
v -12.5 0 52
v -13 2 36
v -13 0 36
v -13 0 52
v -13 2 52
v -13 0 53
v -4 0 53
v -4 2 54
v -13 2 54
v -13 0 52
v -4 0 50
v -4 0 52
v -13 0 50
v -14.5 0 52
v -13 0 40.5
v -4 0 36
v -4 0 43
v -13 0 36
v -14.5 0 36
v -13 0 53
v -4 0 53
v -2 0 52
v -2 1 52
v -2 0 53
v -2 1 54
v -13 2 52
v -13 0 52
v -13 2 54
v -13 0 53
v -4 2 52
v -13 2 52
v -4 2 54
v -13 2 54
v -4 0 52
v -4 2 52
v -2 0 52
v -2 1 52
v -2 0 53
v -2 0 52
v -4 2 52
v -4 2 54
v -2 1 52
v -2 1 54
v -4 2 54
v -4 0 53
v -2 1 54
v -2 0 53
v -16.5 2 40
v -16.5 2 44
v -16.5 2 40
v -16.5 2 44
v -16.5 2 44
v -16.5 2 40
v -16.5 2 44
v -14.5 2 44
v -16.5 2 44
v -14.5 2 44
v -15.5 2 44
v -16.5 2 44
v -14.5 2 36
v -16.5 2 36
v -15.5 2 36
v -16.5 2 36
v -16.5 2 36
v -15.5 2 36
v -16.5 2 36
v -16.5 2 40
v -16.5 2 36
v -16.5 2 40
v -16.5 2 40
v -16.5 2 36
v -15.5 2 44
v -14.5 2 44
v -13.5 2 44
v -14.5 2 36
v -15.5 2 36
v -13.5 2 36
v 4 -8 52
v 4 -8 48
v 4 -1 48
v 4 -2 52
v -4 -1 48
v -4 -8 52
v -4 -2 52
v -4 -8 48
v 24 2 52
v 24 2 48
v 24 8 48
v 24 8 52
v 24 2 44
v 24 8 44
v 4 2 52
v 16 2 48
v 16 2 52
v 4 2 48
v 16 2 44
v 4 2 44
v 16 -8 52
v 24 -8 48
v 24 -8 52
v 16 -8 48
v 16 2 48
v 16 -2 52
v 16 2 52
v 16 -2 48
v 16 2 44
v 16 -2 44
v 16 -8 52
v 16 -8 48
v 16 -8 44
v 24 -2 52
v 24 -2 48
v 24 -2 44
v 24 -8 52
v 24 -8 48
v 24 -8 44
v 4 14 44
v 4 8 48
v 4 14 48
v 4 8 44
v 4 8 52
v 4 14 52
v 16 8 52
v 16 8 48
v 16 14 48
v 16 14 52
v 16 8 44
v 16 14 44
v 4 0 48
v 4 0 52
v 4 2 48
v 4 2 52
v -20 2.5 44
v -20 1.5 50
v -20 2.5 48
v -20 2.5 52
v -20 1.5 52
v -4 -1 44
v -4 0 50
v -4 0 52
v -16.5 2 48
v -4 2 44
v -4 2 48
v -16.5 2 44
v -16.5 2 52
v -4 2 52
v -4 -8 48
v -2 -8 48
v -4 -8 52
v -2 -8 52
v 4 -8 48
v 4 -8 52
v -4 -1 44
v -4 -1 41.5
v 4 -1 44
v 4 -1 41.5
v -4 -1 41.5
v -4 -8 41.5
v 4 -1 41.5
v 4 -8 41.5
v -4 -8 48
v -4 -1 48
v 4 -8 48
v 4 -1 48
v -4 -1 48
v 4 -1 48
v -20 2.5 36
v -20 1.5 36
v -16.5 0 38
v -16.5 0 50
v -20 1.5 38
v -20 1.5 50
v -16.5 0 36
v -20 1.5 36
v -16.5 0 52
v -20 1.5 52
v -20 1.5 52
v -20 2.5 52
v 16 -8 44
v 16 -2 44
v 13 -8 44
v 13 -6 44
v 13 -8 40
v 13 -8 44
v 16 -2 44
v 16 -2 40
v 13 -6 44
v 13 -6 40
v 13 -6 40
v 13 -8 40
v 16 -2 44
v 24 -2 44
v 16 -2 40
v 24 -2 40
v -15.5 2 36
v -16.5 2 36
v -16.5 2 40
v -15.5 2 40
v -16.5 2 44
v -15.5 2 44
v 4 2 40
v -2 2 40
v -2 2 44
v 4 2 44
v -4 2 40
v -4 2 44
v 4 2 36
v -2 2 36
v -4 2 36
v -4 0 36
v -2 0 36
v -4 0 24
v -2 0 24
v -13 2 36
v -13 2 40
v -14.5 2 36
v -14.5 2 40
v -13 2 44
v -14.5 2 44
v -14.5 2 44
v -14.5 2 40
v -13.5 2 44
v -13.5 2 40
v -13.5 2 40
v -13.5 2 44
v -14.5 2 36
v -13.5 2 36
v -13.5 2 36
v 16 14 44
v 4 14 44
v 4 14 48
v 16 14 48
v 4 14 52
v 16 14 52
v 24 8 44
v 16 8 44
v 16 8 48
v 24 8 48
v 16 8 52
v 24 8 52
v -16.5 2 48
v -14.5 2 48
v -16.5 2 52
v -14.5 2 52
v -4 8 48
v -16.5 2 48
v -16.5 2 52
v -4 8 52
v -4 8 44
v -16.5 2 44
v 4 8 44
v -2 8 44
v -2 8 48
v 4 8 48
v -2 8 52
v 4 8 52
v -4 8 44
v -4 8 48
v -4 8 52
v -13 2 48
v -4 2 48
v -13 2 52
v -4 2 52
v -16.5 2 40
v -16.5 2 36
v -20 2.5 40
v -20 2.5 36
v -16.5 2 44
v -20 2.5 44
v -16.5 2 48
v -20 2.5 48
v -16.5 2 52
v -20 2.5 52
v -4 -8 44
v -4 -8 48
v 4 -8 44
v 4 -8 48
v -4 -8 41.5
v 4 -8 41.5
f 1061 1062 1063
f 1062 1064 1063
f 1065 1066 1067
f 1066 1068 1067
f 1069 1070 1071
f 1070 1072 1071
f 1073 1074 1075
f 1074 1076 1075
f 1071 1072 1077
f 1072 1078 1077
f 1075 1076 1079
f 1076 1080 1079
f 1081 1082 1078
f 1072 1081 1078
f 1083 1084 1082
f 1081 1083 1082
f 1079 1085 1075
f 1079 1086 1085
f 1087 1088 1089
f 1087 1090 1088
f 1091 1092 1093
f 1092 1094 1093
f 1095 1096 1097
f 1096 1098 1097
f 1099 1100 1101
f 1100 1102 1101
f 1103 1104 1105
f 1104 1106 1105
f 1107 1108 1109
f 1108 1110 1109
f 1099 1101 1111
f 1101 1112 1111
f 1090 1087 1113
f 1087 1114 1113
f 1076 1074 1115
f 1074 1116 1115
f 1069 1071 1117
f 1071 1118 1117
f 1119 1120 1121
f 1119 1122 1120
f 1123 1124 1125
f 1126 1123 1125
f 1127 1128 1129
f 1127 1130 1128
f 1131 1066 1065
f 1132 1131 1065
f 1062 1133 1134
f 1062 1061 1133
f 1135 1132 1136
f 1137 1135 1136
f 1132 1065 1138
f 1136 1132 1138
f 1137 1136 1139
f 1140 1137 1139
f 1136 1138 1141
f 1139 1136 1141
f 1142 1143 1144
f 1145 1142 1144
f 1146 1134 1147
f 1146 1062 1134
f 1148 1149 1150
f 1148 1151 1149
f 1152 1153 1154
f 1152 1155 1153
f 1156 1157 1158
f 1157 1159 1158
f 1160 1161 1162
f 1161 1163 1162
f 1164 1165 1166
f 1165 1167 1166
f 1120 1122 1168
f 1122 1169 1168
f 1170 1171 1172
f 1173 1174 1126
f 1175 1176 1177
f 1178 1175 1177
f 1176 1179 1180
f 1177 1176 1180
f 1181 1182 1183
f 1181 1184 1182
f 1185 1184 1181
f 1185 1186 1184
f 1187 1188 1189
f 1187 1189 1190
f 1188 1191 1192
f 1188 1192 1189
f 1193 1194 1195
f 1193 1196 1194
f 1197 1196 1193
f 1197 1198 1196
f 1074 1199 1200
f 1074 1073 1199
f 1200 1171 1170
f 1200 1199 1171
f 1173 1201 1202
f 1174 1173 1202
f 1201 1070 1069
f 1202 1201 1069
f 1178 1177 1203
f 1204 1178 1203
f 1177 1180 1205
f 1203 1177 1205
f 1204 1203 1201
f 1173 1204 1201
f 1203 1205 1070
f 1201 1203 1070
f 1206 1207 1208
f 1206 1209 1207
f 1210 1211 1212
f 1210 1213 1211
f 1214 1215 1216
f 1214 1212 1215
f 1217 1212 1214
f 1217 1210 1212
f 1218 1195 1219
f 1218 1193 1195
f 1220 1193 1218
f 1220 1197 1193
f 1221 1219 1222
f 1221 1218 1219
f 1223 1218 1221
f 1223 1220 1218
f 1062 1146 1224
f 1146 1225 1224
f 1226 1227 1228
f 1227 1229 1228
f 1230 1231 1232
f 1231 1233 1232
f 1234 1235 1236
f 1237 1234 1236
f 1238 1239 1235
f 1234 1238 1235
f 1240 1241 1124
f 1123 1240 1124
f 1242 1243 1244
f 1245 1242 1244
f 1246 1247 1248
f 1246 1249 1247
f 1250 1251 1252
f 1250 1253 1251
f 1254 1255 1256
f 1254 1257 1255
f 1257 1258 1255
f 1257 1259 1258
f 1260 1261 1262
f 1261 1263 1262
f 1261 1264 1263
f 1264 1265 1263
f 1255 1258 1266
f 1258 1267 1266
f 1130 1127 1268
f 1127 1269 1268
f 1127 1129 1269
f 1129 1270 1269
f 1271 1272 1273
f 1272 1274 1273
f 1275 1276 1277
f 1276 1278 1277
f 1270 1129 1279
f 1129 1280 1279
f 1281 1282 1283
f 1282 1284 1283
f 1244 1243 1285
f 1243 1286 1285
f 1287 1288 1289
f 1288 1290 1289
f 1278 1276 1291
f 1276 1292 1291
f 1244 1285 1293
f 1285 1294 1293
f 1274 1272 1295
f 1272 1296 1295
f 1297 1122 1119
f 1297 1298 1122
f 1216 1298 1297
f 1216 1215 1298
f 1124 1299 1300
f 1125 1124 1300
f 1301 1302 1303
f 1304 1301 1303
f 1305 1306 1307
f 1305 1308 1306
f 1309 1308 1305
f 1309 1154 1308
f 1310 1311 1312
f 1310 1313 1311
f 1153 1313 1310
f 1153 1314 1313
f 1308 1312 1306
f 1308 1310 1312
f 1154 1310 1308
f 1154 1153 1310
f 1305 1307 1315
f 1307 1316 1315
f 1317 1318 1319
f 1318 1320 1319
f 1321 1322 1323
f 1322 1324 1323
f 1325 1326 1327
f 1326 1328 1327
f 1329 1330 1331
f 1330 1332 1331
f 1316 1307 1333
f 1307 1334 1333
f 1335 1336 1337
f 1336 1338 1337
f 1339 1340 1341
f 1340 1342 1341
f 1343 1344 1345
f 1346 1347 1348
f 1349 1350 1351
f 1352 1353 1354
f 1355 1356 1357
f 1358 1359 1360
f 1361 1362 1363
f 1364 1365 1366
f 1367 1368 1369
f 1370 1371 1372
f 1373 1374 1375
f 1376 1373 1375
f 1377 1378 1379
f 1377 1380 1378
f 1381 1382 1383
f 1384 1381 1383
f 1382 1385 1386
f 1383 1382 1386
f 1387 1388 1389
f 1387 1390 1388
f 1390 1391 1388
f 1390 1392 1391
f 1393 1394 1395
f 1393 1396 1394
f 1396 1099 1394
f 1396 1100 1099
f 1397 1398 1399
f 1397 1400 1398
f 1401 1400 1397
f 1401 1402 1400
f 1400 1403 1398
f 1400 1404 1403
f 1402 1404 1400
f 1402 1405 1404
f 1406 1407 1382
f 1381 1406 1382
f 1407 1408 1385
f 1382 1407 1385
f 1409 1410 1407
f 1406 1409 1407
f 1410 1411 1408
f 1407 1410 1408
f 1412 1413 1414
f 1412 1415 1413
f 1414 1416 1417
f 1414 1413 1416
f 1418 1419 1420
f 1421 1418 1420
f 1419 1422 1423
f 1420 1419 1423
f 1376 1375 1424
f 1425 1376 1424
f 1375 1135 1137
f 1424 1375 1137
f 1425 1424 1426
f 1427 1425 1426
f 1424 1137 1140
f 1426 1424 1140
f 1428 1142 1145
f 1429 1428 1145
f 1430 1428 1429
f 1430 1429 1431
f 1429 1432 1431
f 1147 1134 1433
f 1147 1433 1377
f 1434 1147 1377
f 1434 1377 1379
f 1434 1379 1435
f 1436 1437 1438
f 1436 1439 1437
f 1440 1438 1441
f 1440 1436 1438
f 1442 1221 1443
f 1442 1223 1221
f 1444 1443 1445
f 1444 1442 1443
f 1443 1222 1446
f 1443 1221 1222
f 1445 1446 1447
f 1445 1443 1446
f 1448 1449 1450
f 1449 1451 1450
f 1452 1453 1454
f 1453 1455 1454
f 1456 1457 1458
f 1457 1459 1458
f 1460 1448 1461
f 1448 1450 1461
f 1121 1120 1462
f 1120 1463 1462
f 1464 1465 1466
f 1465 1467 1466
f 1468 1464 1469
f 1464 1466 1469
f 1465 1470 1467
f 1470 1471 1467
f 1123 1126 1472
f 1126 1473 1472
f 1474 1475 1476
f 1475 1477 1476
f 1102 1100 1478
f 1100 1479 1478
f 1480 1481 1482
f 1481 1483 1482
f 1089 1088 1484
f 1088 1485 1484
f 1486 1487 1488
f 1487 1489 1488
f 1490 1491 1492
f 1493 1490 1492
f 1493 1492 1494
f 1495 1493 1494
f 1496 1497 1498
f 1499 1496 1498
f 1497 1500 1501
f 1498 1497 1501
f 1502 1503 1497
f 1496 1502 1497
f 1503 1504 1500
f 1497 1503 1500
f 1505 1506 1507
f 1506 1508 1507
f 1504 1509 1510
f 1500 1504 1510
f 1509 1511 1512
f 1510 1509 1512
f 1500 1510 1513
f 1501 1500 1513
f 1510 1512 1514
f 1513 1510 1514
f 1515 1516 1517
f 1516 1518 1517
f 1493 1495 1519
f 1495 1520 1519
f 1516 1521 1518
f 1521 1522 1518
f 1490 1493 1523
f 1493 1519 1523
f 1524 1525 1526
f 1527 1524 1526
f 1527 1526 1528
f 1529 1527 1528
f 1530 1531 1532
f 1533 1530 1532
f 1533 1532 1534
f 1535 1533 1534
f 1514 1494 1536
f 1537 1514 1536
f 1537 1536 1538
f 1539 1537 1538
f 1540 1541 1542
f 1543 1540 1542
f 1544 1545 1541
f 1540 1544 1541
f 1546 1547 1548
f 1549 1546 1548
f 1549 1548 1550
f 1551 1549 1550
f 1547 1552 1553
f 1548 1547 1553
f 1548 1553 1554
f 1550 1548 1554
f 1501 1513 1555
f 1556 1501 1555
f 1556 1555 1557
f 1558 1556 1557
f 1513 1514 1537
f 1555 1513 1537
f 1555 1537 1539
f 1557 1555 1539
f 1559 1560 1561
f 1560 1562 1561
f 1563 1559 1564
f 1559 1561 1564
f 1565 1563 1566
f 1563 1564 1566
f 1567 1565 1568
f 1565 1566 1568
f 1569 1570 1571
f 1570 1572 1571
f 1573 1569 1574
f 1569 1571 1574
v -39.44577 12 11.63667
v -39.49432 12 12.1343
v -39.49432 12.5 12.1343
v -39.44577 12.5 11.63667
v -32.86213 12.5 12.78142
v -32.81371 12 12.28377
v -32.81371 12.5 12.28377
v -32.86213 12 12.78142
v -32.81371 12 12.28377
v -33.40049 12 12.22651
v -33.40049 12.5 12.22651
v -32.81371 12.5 12.28377
v -35.06512 9.75 29.28444
v -34.47741 9.25 29.34173
v -34.47741 9.75 29.34173
v -35.06512 9.25 29.28444
v -33.44938 12.5 12.72412
v -32.81371 12.5 12.28377
v -33.40049 12.5 12.22651
v -32.86213 12.5 12.78142
v -32.81371 -6.43 12.28377
v -32.86213 -6.43 12.78142
v -33.44938 -6.43 12.72412
v -33.40049 -6.43 12.22651
v -38.94813 12 11.68522
v -38.94813 12.5 11.68522
v -39.44577 12 11.63667
v -39.44577 12.5 11.63667
v -40.61205 9.75 28.74368
v -40.61205 9.25 28.74368
v -41.10969 9.75 28.69517
v -41.10969 9.25 28.69517
v -38.99669 12.5 12.18286
v -39.44577 12.5 11.63667
v -39.49432 12.5 12.1343
v -38.94813 12.5 11.68522
v -39.44576 -6.43 11.63667
v -38.94813 -6.43 11.68522
v -38.99668 -6.43 12.18286
v -39.49432 -6.43 12.13431
v -38.94813 12 11.68522
v -33.40049 12 12.22651
v -33.44938 12 12.72412
v -38.99669 12 12.18286
v -41.06113 9.25 28.19753
v -41.10969 9.25 28.69517
v -41.10969 9.75 28.69517
v -41.06113 9.75 28.19753
v -34.47741 9.75 29.34173
v -34.42887 9.25 28.8441
v -34.42887 9.75 28.8441
v -34.47741 9.25 29.34173
v -35.06512 9.75 29.28444
v -34.42887 9.75 28.8441
v -35.01635 9.75 28.78682
v -34.47741 9.75 29.34173
v -34.42888 -6.43 28.8441
v -34.47742 -6.43 29.34173
v -35.06513 -6.43 29.28444
v -35.01636 -6.43 28.78682
v -41.10969 9.75 28.69517
v -40.61205 9.75 28.74368
v -40.56349 9.75 28.24605
v -41.06113 9.75 28.19753
v -41.06113 -6.43 28.19753
v -40.56348 -6.43 28.24605
v -41.10968 -6.43 28.69517
v -40.61204 -6.43 28.74368
v -35.01635 9.25 28.78682
v -35.06512 9.25 29.28444
v -40.56349 9.25 28.24605
v -40.61205 9.25 28.74368
v -32.81371 12 12.28377
v -32.86213 12 12.78142
v -32.81371 -6.43 12.28377
v -32.86213 -6.43 12.78142
v -32.86213 12 12.78142
v -33.44938 12 12.72412
v -32.86213 -6.43 12.78142
v -33.44938 -6.43 12.72412
v -33.40049 -6.43 12.22651
v -32.81371 -6.43 12.28377
v -33.44938 12 12.72412
v -33.40049 12 12.22651
v -33.44938 -6.43 12.72412
v -33.40049 -6.43 12.22651
v -39.44576 -6.43 11.63667
v -38.94813 -6.43 11.68522
v -38.94813 12 11.68522
v -38.99669 12 12.18286
v -38.94813 -6.43 11.68522
v -38.99668 -6.43 12.18286
v -39.49432 12 12.1343
v -39.44577 12 11.63667
v -39.49432 -6.43 12.13431
v -39.44576 -6.43 11.63667
v -38.99669 12 12.18286
v -39.49432 12 12.1343
v -38.99668 -6.43 12.18286
v -39.49432 -6.43 12.13431
v -34.42887 9.25 28.8441
v -34.47741 9.25 29.34173
v -34.42888 -6.43 28.8441
v -34.47742 -6.43 29.34173
v -34.47742 -6.43 29.34173
v -35.06513 -6.43 29.28444
v -35.01635 9.25 28.78682
v -34.42887 9.25 28.8441
v -35.01636 -6.43 28.78682
v -34.42888 -6.43 28.8441
v -35.06512 9.25 29.28444
v -35.01635 9.25 28.78682
v -35.06513 -6.43 29.28444
v -35.01636 -6.43 28.78682
v -41.06113 9.25 28.19753
v -40.56349 9.25 28.24605
v -41.06113 -6.43 28.19753
v -40.56348 -6.43 28.24605
v -41.10969 9.25 28.69517
v -41.06113 9.25 28.19753
v -41.10968 -6.43 28.69517
v -41.06113 -6.43 28.19753
v -40.56349 9.25 28.24605
v -40.61205 9.25 28.74368
v -40.56348 -6.43 28.24605
v -40.61204 -6.43 28.74368
v -40.61204 -6.43 28.74368
v -41.10968 -6.43 28.69517
v -39.983 12 17.14268
v -39.983 12.5 17.14268
v -33.35083 12.5 17.79007
v -32.86213 12 12.78142
v -32.86213 12.5 12.78142
v -33.35083 12 17.79007
v -33.93818 12.5 17.73274
v -33.35083 12.5 17.79007
v -32.86213 12 12.78142
v -33.35083 12 17.79007
v -33.93818 12 17.73274
v -39.983 12.5 17.14268
v -39.48536 12.5 17.19125
v -39.49432 12 12.1343
v -39.983 12 17.14268
v -39.48536 12 17.19125
v -39.983 12 17.14268
v -40.52206 9.25 23.5
v -40.52206 9.75 23.5
v -39.983 12.5 17.14268
v -40.52206 9.25 23.5
v -41.06113 9.25 28.19753
v -41.06113 9.75 28.19753
v -40.52206 9.75 23.5
v -33.88985 9.75 24
v -33.35083 12 17.79007
v -33.35083 12.5 17.79007
v -33.88985 9.25 24
v -34.42887 9.75 28.8441
v -33.88985 9.25 24
v -33.88985 9.75 24
v -34.42887 9.25 28.8441
v -33.93818 12.5 17.73274
v -34.47727 9.75 24
v -33.35083 12.5 17.79007
v -33.88985 9.75 24
v -34.47727 9.75 24
v -33.88985 9.75 24
v -33.35083 12 17.79007
v -33.88985 9.25 24
v -34.47727 9.25 24
v -33.93818 12 17.73274
v -33.88985 9.25 24
v -34.42887 9.25 28.8441
v -34.47727 9.25 24
v -40.52206 9.75 23.5
v -40.02442 9.75 23.5
v -39.983 12.5 17.14268
v -40.52206 9.75 23.5
v -39.48536 12.5 17.19125
v -40.02442 9.75 23.5
v -39.48536 12.5 17.19125
v -40.02442 9.75 23.5
v -33.93818 12.5 17.73274
v -34.47727 9.75 24
v -40.02442 9.25 23.5
v -40.52206 9.25 23.5
v -41.06113 9.25 28.19753
v -39.48536 12 17.19125
v -40.02442 9.25 23.5
v -40.52206 9.25 23.5
v -39.983 12 17.14268
v -33.93818 12 17.73274
v -34.47727 9.25 24
v -40.02442 9.25 23.5
v -39.48536 12 17.19125
f 1575 1576 1577
f 1578 1575 1577
f 1579 1580 1581
f 1579 1582 1580
f 1583 1584 1585
f 1586 1583 1585
f 1587 1588 1589
f 1587 1590 1588
f 1591 1592 1593
f 1591 1594 1592
f 1595 1596 1597
f 1598 1595 1597
f 1585 1584 1599
f 1585 1599 1600
f 1600 1599 1601
f 1600 1601 1602
f 1603 1604 1587
f 1604 1590 1587
f 1605 1606 1603
f 1606 1604 1603
f 1607 1608 1609
f 1607 1610 1608
f 1591 1610 1607
f 1591 1593 1610
f 1611 1612 1613
f 1614 1611 1613
f 1615 1616 1617
f 1618 1615 1617
f 1619 1620 1621
f 1622 1619 1621
f 1623 1624 1625
f 1623 1626 1624
f 1627 1628 1629
f 1627 1630 1628
f 1631 1632 1633
f 1634 1631 1633
f 1635 1636 1637
f 1635 1637 1638
f 1636 1627 1637
f 1637 1627 1629
f 1639 1640 1641
f 1640 1642 1641
f 1643 1644 1645
f 1645 1644 1646
f 1647 1648 1649
f 1648 1650 1649
f 1651 1652 1653
f 1652 1654 1653
f 1584 1583 1655
f 1583 1656 1655
f 1657 1658 1659
f 1658 1660 1659
f 1601 1599 1661
f 1599 1662 1661
f 1663 1664 1665
f 1664 1666 1665
f 1667 1668 1669
f 1668 1670 1669
f 1671 1672 1673
f 1672 1674 1673
f 1675 1676 1677
f 1676 1678 1677
f 1588 1590 1679
f 1590 1680 1679
f 1681 1682 1683
f 1682 1684 1683
f 1685 1686 1687
f 1686 1688 1687
f 1689 1690 1691
f 1690 1692 1691
f 1693 1694 1695
f 1694 1696 1695
f 1697 1698 1699
f 1698 1700 1699
f 1604 1606 1701
f 1606 1702 1701
f 1576 1703 1577
f 1703 1704 1577
f 1705 1706 1707
f 1705 1708 1706
f 1709 1594 1591
f 1709 1710 1594
f 1711 1712 1713
f 1617 1711 1713
f 1714 1715 1607
f 1714 1607 1609
f 1715 1709 1591
f 1715 1591 1607
f 1716 1618 1717
f 1618 1718 1717
f 1618 1617 1718
f 1617 1713 1718
f 1719 1720 1721
f 1722 1719 1721
f 1723 1724 1725
f 1726 1723 1725
f 1727 1728 1729
f 1727 1730 1728
f 1731 1732 1733
f 1731 1734 1732
f 1735 1736 1737
f 1736 1738 1737
f 1739 1629 1628
f 1739 1628 1740
f 1741 1742 1743
f 1741 1743 1744
f 1745 1746 1747
f 1746 1643 1747
f 1748 1638 1637
f 1748 1637 1749
f 1750 1751 1752
f 1751 1753 1752
f 1749 1637 1629
f 1749 1629 1739
f 1754 1755 1756
f 1755 1757 1756
f 1758 1645 1759
f 1645 1760 1759
f 1761 1762 1763
f 1761 1763 1764
f 1765 1766 1767
f 1765 1767 1768
f 1747 1643 1758
f 1643 1645 1758
v -11.00027 2 2.000332
v -10.99994 2 1.550331
v -10.99994 2.5 1.550331
v -11.00027 2.5 2.000332
v -20.99997 2.5 1.549782
v -20.99984 2 1.999781
v -20.99984 2.5 1.999781
v -20.99997 2 1.549782
v -20.99984 2 1.999781
v -20.41027 2 2.000061
v -20.41027 2.5 2.000061
v -20.99984 2.5 1.999781
v -20.4095 2.5 -11.99984
v -21 2 -12
v -21 2.5 -12
v -20.4095 2 -11.99984
v -20.40994 2.5 1.549814
v -20.99984 2.5 1.999781
v -20.41027 2.5 2.000061
v -20.99997 2.5 1.549782
v -20.99984 -9.93 1.999784
v -20.99997 -9.93 1.549786
v -20.40994 -9.93 1.549818
v -20.41027 -9.93 2.000065
v -11.41027 2.5 2.000197
v -11.41027 2 2.000197
v -11.00027 2 2.000332
v -11.00027 2.5 2.000332
v -10.9995 2.5 -11.99967
v -10.9995 2 -11.99967
v -11.4095 2.5 -11.99976
v -11.4095 2 -11.99976
v -11.40994 2.5 1.550309
v -11.00027 2.5 2.000332
v -10.99994 2.5 1.550331
v -11.41027 2.5 2.000197
v -11.00027 -9.93 2.000336
v -11.41027 -9.93 2.000201
v -11.40993 -9.93 1.550311
v -10.99994 -9.93 1.550333
v -10.99994 2 1.550331
v -10.99973 2 -11.44967
v -10.99973 2.5 -11.44967
v -10.99994 2.5 1.550331
v -10.99973 2 -11.44967
v -10.9995 2 -11.99967
v -10.9995 2.5 -11.99967
v -10.99973 2.5 -11.44967
v -20.99997 2.5 1.549782
v -20.99999 2.5 -11.45022
v -20.99999 2 -11.45022
v -20.99997 2 1.549782
v -21 2.5 -12
v -21 2 -12
v -20.40972 2.5 -11.45019
v -20.99999 2.5 -11.45022
v -20.4095 2.5 -11.99984
v -21 2.5 -12
v -20.99997 2 1.549782
v -20.99999 2 -11.45022
v -20.40972 2 -11.45019
v -20.40994 2 1.549814
v -20.99998 -9.93 -11.45022
v -21 -9.93 -12
v -20.4095 -9.93 -11.99984
v -20.40972 -9.93 -11.45019
v -10.99973 2.5 -11.44967
v -11.40972 2.5 -11.44969
v -10.9995 2.5 -11.99967
v -11.4095 2.5 -11.99976
v -10.99994 2 1.550331
v -11.40994 2 1.550309
v -10.99973 2 -11.44967
v -11.40972 2 -11.44969
v -10.99972 -9.93 -11.44967
v -11.40972 -9.93 -11.44969
v -10.9995 -9.93 -11.99967
v -11.4095 -9.93 -11.99976
v -20.99984 2 1.999781
v -20.99997 2 1.549782
v -20.99984 -9.93 1.999784
v -20.99997 -9.93 1.549786
v -20.99997 2 1.549782
v -20.40994 2 1.549814
v -20.99997 -9.93 1.549786
v -20.40994 -9.93 1.549818
v -20.41027 2 2.000061
v -20.99984 2 1.999781
v -20.41027 -9.93 2.000065
v -20.99984 -9.93 1.999784
v -20.40994 2 1.549814
v -20.41027 2 2.000061
v -20.40994 -9.93 1.549818
v -20.41027 -9.93 2.000065
v -11.00027 2 2.000332
v -11.41027 2 2.000197
v -11.00027 -9.93 2.000336
v -11.41027 -9.93 2.000201
v -11.41027 2 2.000197
v -11.40994 2 1.550309
v -11.41027 -9.93 2.000201
v -11.40993 -9.93 1.550311
v -10.99994 2 1.550331
v -11.00027 2 2.000332
v -10.99994 -9.93 1.550333
v -11.00027 -9.93 2.000336
v -11.40994 2 1.550309
v -10.99994 2 1.550331
v -11.40993 -9.93 1.550311
v -10.99994 -9.93 1.550333
v -20.99999 2 -11.45022
v -21 2 -12
v -20.99998 -9.93 -11.45022
v -21 -9.93 -12
v -21 2 -12
v -20.4095 2 -11.99984
v -21 -9.93 -12
v -20.4095 -9.93 -11.99984
v -20.40972 2 -11.45019
v -20.99999 2 -11.45022
v -20.40972 -9.93 -11.45019
v -20.99998 -9.93 -11.45022
v -20.4095 2 -11.99984
v -20.40972 2 -11.45019
v -20.4095 -9.93 -11.99984
v -20.40972 -9.93 -11.45019
v -10.99973 2 -11.44967
v -11.40972 2 -11.44969
v -10.99972 -9.93 -11.44967
v -11.40972 -9.93 -11.44969
v -10.9995 2 -11.99967
v -10.99973 2 -11.44967
v -10.9995 -9.93 -11.99967
v -10.99972 -9.93 -11.44967
v -11.40972 2 -11.44969
v -11.4095 2 -11.99976
v -11.40972 -9.93 -11.44969
v -11.4095 -9.93 -11.99976
v -11.4095 2 -11.99976
v -10.9995 2 -11.99967
v -11.4095 -9.93 -11.99976
v -10.9995 -9.93 -11.99967
v -20.41027 2 2.000061
v -17.5 2 2.000129
v -17.5 2.5 2.000129
v -20.41027 2.5 2.000061
v -17.5 2.5 -11.9998
v -20.4095 2 -11.99984
v -20.4095 2.5 -11.99984
v -17.5 2 -11.9998
v -17.5 2.5 1.550061
v -17.5 2.5 2.000129
v -20.41027 2 2.000061
v -17.5 2 2.000129
v -17.5 2 1.550061
v -17.5 2.5 -11.44994
v -17.5 2.5 -11.9998
v -17.5 2 -11.44994
v -20.4095 2 -11.99984
v -17.5 2 -11.9998
v -14.45514 2 2.000163
v -14.45514 2.5 2.000163
v -11.41027 2 2.000197
v -11.41027 2.5 2.000197
v -14.45475 2.5 -11.99978
v -14.45475 2 -11.99978
v -11.4095 2.5 -11.99976
v -11.4095 2 -11.99976
v -14.45497 2.5 1.550185
v -14.45514 2.5 2.000163
v -14.45514 2 2.000163
v -14.45497 2 1.550185
v -11.41027 2 2.000197
v -14.45486 2.5 -11.44982
v -14.45475 2.5 -11.99978
v -14.45486 2 -11.44982
v -14.45486 -7.93 -11.44982
v -17.5 -7.93 -11.44994
v -17.5 -7.93 -11.9998
v -14.45475 -7.93 -11.99978
v -14.45475 2 -11.99978
v -11.4095 2 -11.99976
v -14.45486 2 -11.44982
v -17.5 2 -11.44994
v -14.45486 -7.93 -11.44982
v -17.5 -7.93 -11.44994
v -17.5 2 -11.44994
v -17.5 2 -11.9998
v -17.5 -7.93 -11.44994
v -17.5 -7.93 -11.9998
v -14.45475 2 -11.99978
v -14.45486 2 -11.44982
v -14.45475 -7.93 -11.99978
v -14.45486 -7.93 -11.44982
v -17.5 2 -11.9998
v -14.45475 2 -11.99978
v -17.5 -7.93 -11.9998
v -14.45475 -7.93 -11.99978
f 1769 1770 1771
f 1772 1769 1771
f 1773 1774 1775
f 1773 1776 1774
f 1777 1778 1779
f 1780 1777 1779
f 1781 1782 1783
f 1781 1784 1782
f 1785 1786 1787
f 1785 1788 1786
f 1789 1790 1791
f 1792 1789 1791
f 1793 1794 1795
f 1793 1795 1796
f 1797 1798 1799
f 1798 1800 1799
f 1801 1802 1803
f 1801 1804 1802
f 1805 1806 1807
f 1808 1805 1807
f 1809 1810 1811
f 1812 1809 1811
f 1813 1814 1815
f 1816 1813 1815
f 1817 1818 1819
f 1817 1819 1820
f 1821 1819 1818
f 1821 1822 1819
f 1823 1788 1785
f 1823 1824 1788
f 1825 1824 1823
f 1825 1826 1824
f 1827 1828 1829
f 1830 1827 1829
f 1831 1832 1833
f 1834 1831 1833
f 1835 1836 1801
f 1835 1801 1803
f 1837 1838 1836
f 1837 1836 1835
f 1839 1840 1841
f 1840 1842 1841
f 1843 1844 1845
f 1844 1846 1845
f 1847 1848 1849
f 1848 1850 1849
f 1851 1852 1853
f 1852 1854 1853
f 1855 1856 1857
f 1856 1858 1857
f 1859 1860 1861
f 1860 1862 1861
f 1863 1864 1865
f 1864 1866 1865
f 1867 1868 1869
f 1868 1870 1869
f 1871 1872 1873
f 1872 1874 1873
f 1875 1876 1877
f 1876 1878 1877
f 1879 1880 1881
f 1880 1882 1881
f 1883 1884 1885
f 1884 1886 1885
f 1887 1888 1889
f 1888 1890 1889
f 1891 1892 1893
f 1892 1894 1893
f 1895 1896 1897
f 1896 1898 1897
f 1899 1900 1901
f 1900 1902 1901
f 1903 1904 1905
f 1904 1906 1905
f 1907 1908 1909
f 1908 1910 1909
f 1911 1912 1913
f 1914 1911 1913
f 1915 1916 1917
f 1915 1918 1916
f 1919 1785 1920
f 1920 1785 1787
f 1921 1830 1922
f 1922 1830 1923
f 1924 1823 1785
f 1924 1785 1919
f 1925 1825 1924
f 1924 1825 1823
f 1923 1830 1926
f 1830 1829 1926
f 1829 1927 1926
f 1926 1927 1928
f 1912 1929 1930
f 1913 1912 1930
f 1929 1931 1932
f 1930 1929 1932
f 1933 1918 1915
f 1933 1934 1918
f 1935 1934 1933
f 1935 1936 1934
f 1801 1937 1804
f 1804 1937 1938
f 1919 1938 1937
f 1919 1920 1938
f 1939 1922 1923
f 1940 1939 1923
f 1939 1940 1941
f 1941 1940 1840
f 1836 1942 1937
f 1836 1937 1801
f 1942 1924 1919
f 1942 1919 1937
f 1838 1943 1836
f 1836 1943 1942
f 1925 1942 1943
f 1925 1924 1942
f 1840 1940 1842
f 1940 1944 1842
f 1940 1923 1944
f 1923 1926 1944
f 1945 1946 1947
f 1948 1945 1947
f 1944 1949 1842
f 1842 1949 1950
f 1951 1952 1953
f 1952 1954 1953
f 1955 1956 1957
f 1956 1958 1957
f 1959 1960 1961
f 1960 1962 1961
f 1963 1964 1965
f 1964 1966 1965
v 22.32067 11 -12.23714
v 21.82994 11 -12.33296
v 21.82994 11.5 -12.33296
v 22.32067 11.5 -12.23714
v 20.55298 11.5 -5.792763
v 21.04374 11 -5.697082
v 21.04374 11.5 -5.697082
v 20.55298 11 -5.792763
v 21.04374 11 -5.697082
v 21.15672 11 -6.27572
v 21.15672 11.5 -6.27572
v 21.04374 11.5 -5.697082
v 15.51359 11.5 -7.378317
v 15.40027 11 -6.798795
v 15.40027 11.5 -6.798795
v 15.51359 11 -7.378317
v 20.66605 11.5 -6.371859
v 21.04374 11.5 -5.697082
v 21.15672 11.5 -6.27572
v 20.55298 11.5 -5.792763
v 21.04374 -6.43 -5.697084
v 20.55298 -6.43 -5.792766
v 20.66605 -6.43 -6.371862
v 21.15672 -6.43 -6.275723
v 22.22486 11 -11.74641
v 22.22486 11.5 -11.74641
v 22.32067 11 -12.23714
v 22.32067 11.5 -12.23714
v 11.75 11.5 -13.79163
v 11.75 11 -13.79163
v 10.75 11.5 -8.308425
v 10.75 11 -8.308425
v 16.67755 11.5 -13.33895
v 16.67755 11 -13.33895
v 16.58166 11.5 -12.84823
v 16.58166 11 -12.84823
v 21.73413 11.5 -11.84222
v 22.32067 11.5 -12.23714
v 21.82994 11.5 -12.33296
v 22.22486 11.5 -11.74641
v 22.32067 -6.43 -12.23714
v 22.22486 -6.43 -11.74641
v 21.73413 -6.43 -11.84222
v 21.82994 -6.43 -12.33295
v 22.22486 11 -11.74641
v 21.15672 11 -6.27572
v 20.66605 11 -6.371859
v 21.73413 11 -11.84222
v 17.21736 11 -13.23355
v 16.67755 11 -13.33895
v 16.67755 11.5 -13.33895
v 17.21736 11.5 -13.23355
v 15.40027 11.5 -6.798795
v 15.93986 11 -6.693455
v 15.93986 11.5 -6.693455
v 15.40027 11 -6.798795
v 15.51359 11.5 -7.378317
v 15.93986 11.5 -6.693455
v 16.05301 11.5 -7.272773
v 15.40027 11.5 -6.798795
v 15.93987 -6.43 -6.693457
v 15.40027 -6.43 -6.798796
v 15.51359 -6.43 -7.378319
v 16.05301 -6.43 -7.272776
v 16.67755 11.5 -13.33895
v 16.58166 11.5 -12.84823
v 17.12152 11.5 -12.74282
v 17.21736 11.5 -13.23355
v 17.21737 -6.43 -13.23355
v 17.12153 -6.43 -12.74282
v 16.67756 -6.43 -13.33895
v 16.58166 -6.43 -12.84823
v 16.05301 11 -7.272773
v 15.51359 11 -7.378317
v 17.12152 11 -12.74282
v 16.58166 11 -12.84823
v 21.04374 11 -5.697082
v 20.55298 11 -5.792763
v 21.04374 -6.43 -5.697084
v 20.55298 -6.43 -5.792766
v 20.55298 11 -5.792763
v 20.66605 11 -6.371859
v 20.55298 -6.43 -5.792766
v 20.66605 -6.43 -6.371862
v 21.15672 -6.43 -6.275723
v 21.04374 -6.43 -5.697084
v 20.66605 11 -6.371859
v 21.15672 11 -6.27572
v 20.66605 -6.43 -6.371862
v 21.15672 -6.43 -6.275723
v 22.32067 -6.43 -12.23714
v 22.22486 -6.43 -11.74641
v 22.22486 11 -11.74641
v 21.73413 11 -11.84222
v 22.22486 -6.43 -11.74641
v 21.73413 -6.43 -11.84222
v 21.82994 -6.43 -12.33295
v 22.32067 -6.43 -12.23714
v 21.73413 11 -11.84222
v 21.82994 11 -12.33296
v 21.73413 -6.43 -11.84222
v 21.82994 -6.43 -12.33295
v 15.93986 11 -6.693455
v 15.40027 11 -6.798795
v 15.93987 -6.43 -6.693457
v 15.40027 -6.43 -6.798796
v 15.40027 11 -6.798795
v 15.51359 11 -7.378317
v 15.40027 -6.43 -6.798796
v 15.51359 -6.43 -7.378319
v 16.05301 11 -7.272773
v 15.93986 11 -6.693455
v 16.05301 -6.43 -7.272776
v 15.93987 -6.43 -6.693457
v 15.51359 11 -7.378317
v 16.05301 11 -7.272773
v 15.51359 -6.43 -7.378319
v 16.05301 -6.43 -7.272776
v 17.21736 11 -13.23355
v 17.12152 11 -12.74282
v 17.21737 -6.43 -13.23355
v 17.12153 -6.43 -12.74282
v 16.67756 -6.43 -13.33895
v 17.21737 -6.43 -13.23355
v 17.12152 11 -12.74282
v 16.58166 11 -12.84823
v 17.12153 -6.43 -12.74282
v 16.58166 -6.43 -12.84823
v 16.58166 11 -12.84823
v 16.67755 11 -13.33895
v 16.58166 -6.43 -12.84823
v 16.67756 -6.43 -13.33895
v 19.62164 11 -12.76412
v 19.62164 11.5 -12.76412
v 18.34468 11.5 -6.223925
v 20.55298 11 -5.792763
v 20.55298 11.5 -5.792763
v 18.34468 11 -6.223925
v 18.45777 11.5 -6.803136
v 18.34468 11.5 -6.223925
v 20.55298 11 -5.792763
v 18.34468 11 -6.223925
v 18.45777 11 -6.803136
v 15.93986 11 -6.693455
v 19.52582 11.5 -12.27339
v 19.62164 11.5 -12.76412
v 21.82994 11 -12.33296
v 19.62164 11 -12.76412
v 19.52582 11 -12.27339
v 17.21736 11 -13.23355
v 16.58166 11.5 -12.84823
v 16.58166 11 -12.84823
v 11.75 11.5 -13.79163
v 11.75 11 -13.79163
v 10.75 11.5 -8.308425
v 11.75 11.5 -13.79163
v 11.75 11 -13.79163
v 10.75 11 -8.308425
v 15.51359 11 -7.378317
v 15.51359 11.5 -7.378317
v 10.75 11 -8.308425
v 10.75 11.5 -8.308425
f 1967 1968 1969
f 1970 1967 1969
f 1971 1972 1973
f 1971 1974 1972
f 1975 1976 1977
f 1978 1975 1977
f 1979 1980 1981
f 1979 1982 1980
f 1983 1984 1985
f 1983 1986 1984
f 1987 1988 1989
f 1990 1987 1989
f 1977 1976 1991
f 1977 1991 1992
f 1992 1991 1993
f 1992 1993 1994
f 1995 1996 1997
f 1996 1998 1997
f 1999 2000 2001
f 2000 2002 2001
f 2003 2004 2005
f 2003 2006 2004
f 1983 2006 2003
f 1983 1985 2006
f 2007 2008 2009
f 2010 2007 2009
f 2011 2012 2013
f 2014 2011 2013
f 2015 2016 2017
f 2018 2015 2017
f 2019 2020 2021
f 2019 2022 2020
f 2023 2024 2025
f 2023 2026 2024
f 2027 2028 2029
f 2030 2027 2029
f 2031 2032 2033
f 2031 2033 2034
f 2032 2023 2033
f 2033 2023 2025
f 2035 2036 2037
f 2036 2038 2037
f 2039 2040 2041
f 2041 2040 2042
f 2043 2044 2045
f 2044 2046 2045
f 2047 2048 2049
f 2048 2050 2049
f 1976 1975 2051
f 1975 2052 2051
f 2053 2054 2055
f 2054 2056 2055
f 1993 1991 2057
f 1991 2058 2057
f 2059 2060 2061
f 2060 2062 2061
f 1968 1967 2063
f 1967 2064 2063
f 2065 2066 2067
f 2066 2068 2067
f 2069 2070 2071
f 2070 2072 2071
f 2073 2074 2075
f 2074 2076 2075
f 2077 2078 2079
f 2078 2080 2079
f 2081 2082 2083
f 2082 2084 2083
f 2085 2086 2087
f 2086 2088 2087
f 2016 2015 2089
f 2015 2090 2089
f 2091 2092 2093
f 2092 2094 2093
f 2095 2096 2097
f 2096 2098 2097
f 1968 2099 1969
f 2099 2100 1969
f 2099 2015 2100
f 2015 2018 2100
f 2101 2102 2103
f 2101 2104 2102
f 2021 2104 2101
f 2021 2020 2104
f 2105 1986 1983
f 2105 2106 1986
f 2025 2106 2105
f 2025 2024 2106
f 2107 2108 2109
f 2013 2107 2109
f 2108 2110 2039
f 2109 2108 2039
f 2034 2033 2111
f 2112 2034 2111
f 2112 2111 2003
f 2112 2003 2005
f 2033 2025 2105
f 2033 2105 2111
f 2111 2105 1983
f 2111 1983 2003
f 2113 2014 2114
f 2014 2115 2114
f 2115 2116 2114
f 2115 2041 2116
f 2014 2013 2115
f 2013 2109 2115
f 2115 2109 2041
f 2109 2039 2041
f 2117 2118 2119
f 2118 2120 2119
f 2023 2032 2121
f 2032 2122 2121
f 2042 2040 2123
f 2040 2124 2123
f 2125 2126 2127
f 2126 2128 2127
v 30.76068 -8.5 -31.14862
v 26.68468 -9.5 -34.04298
v 33.71142 -9.5 -33.24994
v 26.79155 -8.5 -30.0309
v 26.68468 -9.5 -34.04298
v 26.79155 -8.5 -30.0309
v 23.79267 -8.5 -29.94234
v 19.71666 -9.5 -32.8367
v 29.21264 -9.5 -16.10822
v 24.02766 -8.5 -21.9451
v 27.05591 -8.5 -21.034
v 20.15727 -9.5 -17.84187
v 37.12152 -9.5 -19.34332
v 29.21264 -9.5 -16.10822
v 32.05404 -8.5 -21.18158
v 27.05591 -8.5 -21.034
v 37.12152 -9.5 -19.34332
v 32.05404 -8.5 -21.18158
v 34.90604 -8.5 -26.26841
v 32.87742 -8.5 -27.20903
v 34.90604 -8.5 -26.26841
v 30.76068 -8.5 -31.14862
v 33.71142 -9.5 -33.24994
v 23.79267 -8.5 -29.94234
v 22.91054 -8.5 -25.9142
v 18.91204 -8.5 -25.79613
v 19.71666 -9.5 -32.8367
v 24.02766 -8.5 -21.9451
v 20.15727 -9.5 -17.84187
v 18.91204 -8.5 -25.79613
v 26.90904 -8.5 -26.03227
v 23.79267 -8.5 -29.94234
v 26.79155 -8.5 -30.0309
v 22.91054 -8.5 -25.9142
v 27.05591 -8.5 -21.034
v 24.02766 -8.5 -21.9451
v 32.87742 -8.5 -27.20903
v 30.76068 -8.5 -31.14862
v 32.05404 -8.5 -21.18158
v 19.64696 -2.93294 -32.7483
v 23.73353 -2.928339 -29.86734
v 26.614 -2.842767 -33.95337
v 26.73206 -2.895325 -29.95545
v 30.70057 -2.838167 -31.07241
v 33.64008 -2.778874 -33.15947
v 31.99521 -2.958557 -21.10699
v 26.99767 -3.01358 -20.96015
v 29.14426 -3.057268 -16.0215
v 37.05178 -2.929812 -19.25489
v 23.96964 -3.033455 -21.87152
v 20.08966 -3.130031 -17.75613
v 32.81765 -2.868715 -27.13323
v 34.84617 -2.859845 -26.19249
v 22.85208 -2.991902 -25.84006
v 18.85404 -3.03592 -25.72258
v 26.64825 5.000001 -29.84919
v 26.76575 5.000001 -25.85057
v 32.73413 5.000002 -27.02733
v 30.61738 5.000002 -30.96692
v 26.81827 0.05167659 -25.91717
v 26.96584 -0.01402064 -20.91978
v 31.96338 0.04100276 -21.06662
v 32.7858 0.1308441 -27.09286
v 23.70169 0.07122033 -29.82697
v 22.82024 0.007657867 -25.79969
v 26.70022 0.1042344 -29.91508
v 23.9378 -0.03389524 -21.83115
v 26.79201 2.525839 -25.88387
v 26.67424 2.552118 -29.88213
v 23.75 2.492348 -25.79448
v 23.75 2.519924 -29.79621
v 26.79201 2.525839 -25.88387
v 23.75 2.492348 -25.79448
v 27.00584 2.50612 -24.25
v 23.80298 2.46876 -24
v 32.75997 2.565423 -27.06009
v 26.79201 2.525839 -25.88387
v 33.13496 2.548407 -25.5
v 27.00584 2.50612 -24.25
v 33.71142 -9.5 -33.24994
v 26.68468 -9.5 -34.04298
v 26.614 -2.842767 -33.95337
v 33.64008 -2.778874 -33.15947
v 26.68468 -9.5 -34.04298
v 19.71666 -9.5 -32.8367
v 19.64696 -2.93294 -32.7483
v 26.614 -2.842767 -33.95337
v 30.70057 -2.838167 -31.07241
v 26.73206 -2.895325 -29.95545
v 26.70022 0.1042344 -29.91508
v 30.66874 0.1613925 -31.03203
v 26.73206 -2.895325 -29.95545
v 23.73353 -2.928339 -29.86734
v 23.70169 0.07122033 -29.82697
v 26.70022 0.1042344 -29.91508
v 29.14426 -3.057268 -16.0215
v 37.12152 -9.5 -19.34332
v 37.05178 -2.929812 -19.25489
v 29.21264 -9.5 -16.10822
v 20.08966 -3.130031 -17.75613
v 29.21264 -9.5 -16.10822
v 29.14426 -3.057268 -16.0215
v 20.15727 -9.5 -17.84187
v 26.96584 -0.01402064 -20.91978
v 31.99521 -2.958557 -21.10699
v 31.96338 0.04100276 -21.06662
v 26.99767 -3.01358 -20.96015
v 23.9378 -0.03389524 -21.83115
v 26.99767 -3.01358 -20.96015
v 26.96584 -0.01402064 -20.91978
v 23.96964 -3.033455 -21.87152
v 37.12152 -9.5 -19.34332
v 34.90604 -8.5 -26.26841
v 34.84617 -2.859845 -26.19249
v 37.05178 -2.929812 -19.25489
v 34.90604 -8.5 -26.26841
v 33.71142 -9.5 -33.24994
v 33.64008 -2.778874 -33.15947
v 34.84617 -2.859845 -26.19249
v 31.99521 -2.958557 -21.10699
v 32.81765 -2.868715 -27.13323
v 32.7858 0.1308441 -27.09286
v 31.96338 0.04100276 -21.06662
v 32.81765 -2.868715 -27.13323
v 30.70057 -2.838167 -31.07241
v 30.66874 0.1613925 -31.03203
v 32.7858 0.1308441 -27.09286
v 18.85404 -3.03592 -25.72258
v 20.15727 -9.5 -17.84187
v 20.08966 -3.130031 -17.75613
v 18.91204 -8.5 -25.79613
v 19.64696 -2.93294 -32.7483
v 18.91204 -8.5 -25.79613
v 18.85404 -3.03592 -25.72258
v 19.71666 -9.5 -32.8367
v 22.82024 0.007657867 -25.79969
v 23.96964 -3.033455 -21.87152
v 23.9378 -0.03389524 -21.83115
v 22.85208 -2.991902 -25.84006
v 23.70169 0.07122033 -29.82697
v 22.85208 -2.991902 -25.84006
v 22.82024 0.007657867 -25.79969
v 23.73353 -2.928339 -29.86734
v 23.75 2.492348 -25.79448
v 23.75 2.519924 -29.79621
v 23.75 0.0178961 -25.82701
v 23.75 0.07175365 -29.82839
v 26.76575 5.000001 -25.85057
v 26.64825 5.000001 -29.84919
v 26.79201 2.525839 -25.88387
v 26.67424 2.552118 -29.88213
v 33.13496 2.548407 -25.5
v 27.00584 2.50612 -24.25
v 27.03308 0.03151907 -24.25
v 33.16176 0.1133972 -25.5
v 26.76575 5.000001 -25.85057
v 26.79201 2.525839 -25.88387
v 32.73413 5.000002 -27.02733
v 32.75997 2.565423 -27.06009
v 30.66874 0.1613925 -31.03203
v 26.70022 0.1042344 -29.91508
v 30.64306 2.580698 -30.99948
v 26.67424 2.552118 -29.88213
v 30.61738 5.000002 -30.96692
v 26.64825 5.000001 -29.84919
v 32.7858 0.1308441 -27.09286
v 30.66874 0.1613925 -31.03203
v 30.64306 2.580698 -30.99948
v 32.75997 2.565423 -27.06009
v 30.61738 5.000002 -30.96692
v 32.73413 5.000002 -27.02733
v 27.03308 0.03151907 -24.25
v 27.00584 2.50612 -24.25
v 23.80394 -0.006120464 -24
v 23.80298 2.46876 -24
v 26.67424 2.552118 -29.88213
v 26.70022 0.1042344 -29.91508
v 23.75 2.519924 -29.79621
v 23.75 0.07175365 -29.82839
v 26.70022 0.1042344 -29.91508
v 26.81827 0.05167659 -25.91717
v 23.75 0.07175365 -29.82839
v 23.75 0.0178961 -25.82701
v 26.81827 0.05167659 -25.91717
v 32.7858 0.1308441 -27.09286
v 27.03308 0.03151907 -24.25
v 33.16176 0.1133972 -25.5
v 23.75 0.0178961 -25.82701
v 23.80394 -0.006120464 -24
v 23.75 2.492348 -25.79448
v 23.75 0.0178961 -25.82701
v 23.80298 2.46876 -24
v 23.80394 -0.006120464 -24
v 32.7858 0.1308441 -27.09286
v 32.75997 2.565423 -27.06009
v 33.16176 0.1133972 -25.5
v 33.13496 2.548407 -25.5
f 2129 2130 2131
f 2129 2132 2130
f 2133 2134 2135
f 2133 2135 2136
f 2137 2138 2139
f 2137 2140 2138
f 2141 2142 2143
f 2142 2144 2143
f 2145 2146 2147
f 2146 2148 2147
f 2149 2150 2151
f 2149 2148 2150
f 2152 2153 2154
f 2155 2152 2154
f 2156 2157 2158
f 2156 2158 2153
f 2159 2160 2161
f 2159 2162 2160
f 2163 2162 2159
f 2163 2164 2162
f 2165 2161 2166
f 2165 2159 2161
f 2167 2159 2165
f 2167 2163 2159
f 2168 2169 2170
f 2169 2171 2170
f 2170 2171 2172
f 2173 2170 2172
f 2174 2175 2176
f 2174 2176 2177
f 2178 2179 2176
f 2175 2178 2176
f 2172 2180 2181
f 2173 2172 2181
f 2181 2180 2174
f 2181 2174 2177
f 2182 2183 2178
f 2183 2179 2178
f 2183 2169 2168
f 2183 2182 2169
f 2184 2185 2186
f 2187 2184 2186
f 2188 2189 2190
f 2191 2188 2190
f 2192 2193 2188
f 2194 2192 2188
f 2193 2195 2189
f 2188 2193 2189
f 2196 2197 2198
f 2197 2199 2198
f 2200 2201 2202
f 2201 2203 2202
f 2204 2205 2206
f 2205 2207 2206
f 2208 2209 2210
f 2211 2208 2210
f 2212 2213 2214
f 2215 2212 2214
f 2216 2217 2218
f 2219 2216 2218
f 2220 2221 2222
f 2223 2220 2222
f 2224 2225 2226
f 2224 2227 2225
f 2228 2229 2230
f 2228 2231 2229
f 2232 2233 2234
f 2232 2235 2233
f 2236 2237 2238
f 2236 2239 2237
f 2240 2241 2242
f 2243 2240 2242
f 2244 2245 2246
f 2247 2244 2246
f 2248 2249 2250
f 2251 2248 2250
f 2252 2253 2254
f 2255 2252 2254
f 2256 2257 2258
f 2256 2259 2257
f 2260 2261 2262
f 2260 2263 2261
f 2264 2265 2266
f 2264 2267 2265
f 2268 2269 2270
f 2268 2271 2269
f 2272 2273 2274
f 2274 2273 2275
f 2276 2277 2278
f 2277 2279 2278
f 2280 2281 2282
f 2280 2282 2283
f 2284 2285 2286
f 2285 2287 2286
f 2288 2289 2290
f 2289 2291 2290
f 2292 2290 2291
f 2292 2291 2293
f 2294 2295 2296
f 2294 2296 2297
f 2297 2296 2298
f 2299 2297 2298
f 2300 2301 2302
f 2301 2303 2302
f 2304 2305 2306
f 2305 2307 2306
f 2308 2309 2310
f 2309 2311 2310
f 2312 2313 2314
f 2313 2315 2314
f 2316 2312 2317
f 2312 2314 2317
f 2318 2319 2320
f 2319 2321 2320
f 2322 2323 2324
f 2323 2325 2324
v 34.76577 -8 47.25928
v 46.73911 -8 48.05875
v 34.76577 -6 47.25928
v 46.73911 -6 48.05875
v 46.73911 -8 48.05875
v 47.53857 -8 36.08541
v 46.73911 -6 48.05875
v 47.53857 -6 36.08541
v 47.53857 -8 36.08541
v 35.56524 -8 35.28595
v 47.53857 -6 36.08541
v 35.56524 -6 35.28595
v 35.56524 -8 35.28595
v 34.76577 -8 47.25928
v 35.56524 -6 35.28595
v 34.76577 -6 47.25928
v 39.28986 -8 39.54354
v 43.28097 -8 39.81003
v 39.02337 -8 43.53466
v 43.01449 -8 43.80114
v 47.53857 -8 36.08541
v 35.56524 -8 35.28595
v 43.28097 -2 39.81003
v 43.01449 -2 43.80114
v 47.53857 -6 36.08541
v 46.73911 -6 48.05875
v 39.28986 -2 39.54354
v 43.28097 -2 39.81003
v 35.56524 -6 35.28595
v 47.53857 -6 36.08541
v 34.76577 -8 47.25928
v 39.02337 -2 43.53466
v 39.28986 -2 39.54354
v 34.76577 -6 47.25928
v 35.56524 -6 35.28595
v 46.73911 -8 48.05875
v 43.01449 -2 43.80114
v 39.02337 -2 43.53466
v 46.73911 -6 48.05875
v 34.76577 -6 47.25928
v 39.02337 -2 43.53466
v 43.01449 -2 43.80114
v 39.28986 -2 39.54354
v 43.28097 -2 39.81003
f 2326 2327 2328
f 2327 2329 2328
f 2330 2331 2332
f 2331 2333 2332
f 2334 2335 2336
f 2335 2337 2336
f 2338 2339 2340
f 2339 2341 2340
f 2342 2343 2344
f 2343 2345 2344
f 2343 2342 2346
f 2342 2347 2346
f 2348 2349 2350
f 2349 2351 2350
f 2352 2353 2354
f 2353 2355 2354
f 2342 2344 2347
f 2344 2356 2347
f 2357 2358 2359
f 2358 2360 2359
f 2344 2345 2356
f 2345 2361 2356
f 2362 2363 2364
f 2363 2365 2364
f 2345 2343 2361
f 2343 2346 2361
f 2366 2367 2368
f 2367 2369 2368
v -1948.369 -77.40133 1771.752
v -1948.369 -60.26177 1893.269
v -1826.852 -75.06325 1893.269
v -1826.852 -80.13828 1771.752
v -1948.369 -83.41991 1650.236
v -1705.336 -59.07838 1893.269
v -1826.852 -62.21967 1650.236
v -1948.369 -60.74539 1528.719
v -1705.336 -69.46096 1771.752
v -1583.819 -87.47517 1893.269
v -1826.852 -50.95874 1528.719
v -1948.369 -89.70356 1407.202
v -1705.336 -51.09961 1650.236
v -1583.819 -71.13896 1771.752
v -1462.302 -55.07796 1893.269
v -1826.852 -58.79414 1407.202
v -1948.369 -61.50735 1285.685
v -1705.336 -72.21648 1528.719
v -1462.302 -76.34456 1771.752
v -1340.785 -78.23666 1893.269
v -1583.819 -73.58164 1650.236
v -1826.852 -79.58449 1285.685
v -1948.369 -76.1489 1164.168
v -1340.785 -75.5812 1771.752
v -1219.268 -64.13934 1893.269
v -1705.336 -79.68772 1407.202
v -1583.819 -57.22097 1528.719
v -1462.302 -86.60616 1650.236
v -1826.852 -58.1614 1164.168
v -1948.369 -54.56787 1042.651
v -1219.268 -68.7738 1771.752
v -1097.751 -65.40716 1893.269
v -1705.336 -65.38621 1285.685
v -1583.819 -68.11935 1407.202
v -1462.302 -84.07036 1528.719
v -1340.785 -52.29094 1650.236
v -1826.852 -59.59171 1042.651
v -1948.369 -52.27728 921.1346
v -1097.751 -66.78608 1771.752
v -976.2346 -78.45255 1893.269
v -1705.336 -54.26133 1164.168
v -1583.819 -84.35283 1285.685
v -1462.302 -66.75425 1407.202
v -1340.785 -70.05047 1528.719
v -1219.268 -70.86948 1650.236
v -976.2346 -74.51142 1771.752
v -854.7178 -56.64338 1893.269
v -1097.751 -78.37724 1650.236
v -1219.268 -80.44614 1528.719
v -1340.785 -59.60252 1407.202
v -1462.302 -68.20768 1285.685
v -854.7178 -68.44169 1771.752
v -733.201 -60.98253 1893.269
v -976.2346 -70.41896 1650.236
v -1097.751 -73.17123 1528.719
v -1219.268 -73.48473 1407.202
v -733.201 -62.04167 1771.752
v -611.6841 -77.75574 1893.269
v -854.7178 -59.17182 1650.236
v -976.2346 -51.21351 1528.719
v -611.6841 -55.18723 1771.752
v -490.1673 -64.34277 1893.269
v -733.201 -72.56621 1650.236
v -490.1673 -63.82813 1771.752
v -368.6505 -61.57047 1893.269
v -1340.785 -67.80141 1285.685
v -1097.751 -72.72722 1407.202
v -854.7181 -69.0093 1528.719
v -611.6855 -57.12584 1650.237
v -368.6505 -60.51782 1771.752
v -247.1337 -69.65464 1893.269
v -1219.268 -67.81792 1285.685
v -976.2378 -53.14001 1407.205
v -733.2039 -74.48739 1528.722
v -490.1717 -67.64294 1650.242
v -247.1337 -59.229 1771.752
v -125.6168 -51.03148 1893.269
v -1097.752 -53.09937 1285.686
v -854.7173 -79.00507 1407.201
v -611.7324 -52.72734 1528.801
v -368.6646 -55.48965 1650.272
v -125.6168 -73.48019 1771.752
v -4.100003 -48.13192 1893.269
v -976.2665 -57.29366 1285.714
v -733.2203 -74.0084 1407.227
v -490.1554 -82.65869 1528.69
v -247.1414 -59.10389 1650.287
v -4.100003 -76.52726 1771.752
v 117.4168 -62.74456 1893.269
v -854.7739 -69.09287 1285.741
v -611.7216 -72.71534 1407.265
v -368.762 -41.31711 1529.118
v -125.6168 -56.32625 1650.303
v 117.4168 -69.30182 1771.752
v 238.9337 -62.92793 1893.269
v -732.8318 -109.1328 1285.245
v -490.2794 -63.41293 1407.461
v -247.2242 -28.50544 1529.393
v -4.107294 -96.97504 1650.187
v 238.9337 -81.03606 1771.752
v 360.4505 -79.26221 1893.269
v -612.5533 -17.55918 1286.985
v -368.8197 -52.20506 1407.791
v -125.6168 -84.84444 1528.615
v 117.4275 -61.03139 1650.263
v 360.4505 -63.23524 1771.752
v 481.9673 -50.3579 1893.269
v -490.5471 -48.24651 1286.442
v -247.1869 -62.15409 1407.572
v -4.112954 -84.98799 1528.622
v 238.939 -65.19427 1650.243
v 481.9673 -66.47082 1771.752
v 603.4842 -69.81273 1893.269
v -368.6479 -72.23759 1285.677
v -125.6182 -52.51937 1407.867
v 117.4132 -79.45901 1528.705
v 360.4509 -71.41608 1650.236
v 603.4842 -42.91999 1771.752
v 725.001 -63.24997 1893.269
v -247.3279 -41.82147 1286.818
v -4.096567 -74.01498 1407.236
v 238.9728 -61.19481 1528.854
v 481.9673 -63.72104 1650.236
v 725.001 -76.99133 1771.752
v 846.5178 -52.89908 1893.269
v -125.6836 -37.83592 1287.065
v 117.5613 -42.08073 1408.21
v 360.4554 -73.28592 1528.749
v 603.4842 -84.63135 1650.236
v 846.5178 -79.00492 1771.752
v 968.0346 -78.8231 1893.269
v -4.09994 -71.29046 1285.661
v 238.9699 -67.3493 1407.484
v 481.9677 -64.86642 1528.785
v 725.001 -80.11181 1650.236
v 968.0346 -71.5613 1771.752
v 1089.551 -72.23306 1893.269
v 117.4213 -63.95342 1286.065
v 360.5286 -46.83815 1408.083
v 603.4852 -46.04491 1528.873
v 846.5178 -67.39468 1650.236
v 1089.551 -78.78455 1771.752
v 1211.068 -78.24304 1893.269
v 238.917 -79.1373 1285.209
v 481.9759 -71.35828 1407.366
v 725.0087 -66.48989 1528.767
v 968.0346 -51.03621 1650.236
v 1211.068 -71.16203 1771.752
v 1332.585 -87.53115 1893.269
v 360.5132 -55.47577 1286.659
v 603.4844 -77.21817 1407.205
v 846.5323 -63.27004 1528.756
v 1089.551 -55.81789 1650.236
v 1332.585 -70.49777 1771.752
v 1454.102 -50.36654 1893.269
v 481.9654 -72.4569 1285.664
v 725.0217 -70.61446 1407.349
v 968.0303 -85.55168 1528.713
v 1211.068 -90.38517 1650.236
v 1454.102 -47.65372 1771.752
v 1575.619 -47.13106 1893.269
v 603.6002 -53.38139 1286.688
v 846.5533 -70.35604 1407.329
v 1089.553 -64.64225 1528.72
v 1332.585 -41.87667 1650.235
v 1575.619 -51.52751 1771.752
v 1697.136 -47.51913 1893.269
v 725.1207 -57.99627 1286.377
v 968.0738 -69.60557 1407.297
v 1211.068 -59.84578 1528.719
v 1454.102 -55.25745 1650.236
v 1697.136 -73.09722 1771.752
v 1818.652 -67.85176 1893.269
v 846.5613 -70.50558 1285.836
v 1089.611 -57.91821 1407.303
v 1332.585 -67.83875 1528.719
v 1575.619 -89.71861 1650.236
v 1818.652 -63.11909 1771.752
v 1940.169 -85.77798 1893.269
v 1940.169 -89.07173 1771.752
v 1697.136 -57.87205 1650.236
v 1818.652 -51.57481 1650.236
v 1940.169 -76.97687 1650.236
v 1454.102 -49.71714 1528.719
v 1211.064 -82.76685 1407.197
v 1575.619 -63.45891 1528.719
v 1818.652 -60.03432 1528.719
v 1940.169 -79.11632 1528.719
v 1697.136 -52.53994 1528.719
v 1332.586 -60.84198 1407.203
v 1818.652 -73.15469 1407.202
v 1940.169 -65.13276 1407.202
v 1454.102 -68.45124 1407.202
v 1697.136 -73.46194 1407.202
v 1575.619 -61.4445 1407.202
v 1818.652 -56.11481 1285.685
v 1940.169 -65.16879 1285.685
v 1697.136 -65.33195 1285.685
v 1575.619 -70.85116 1285.685
v 1454.105 -62.11783 1285.688
v 1332.613 -64.82204 1285.717
v 1818.652 -79.63884 1164.168
v 1940.169 -69.25341 1164.168
v 1697.136 -50.62216 1164.168
v 1575.62 -59.28826 1164.169
v 1454.097 -80.78911 1164.164
v 1818.652 -63.26731 1042.651
v 1940.169 -62.57738 1042.651
v 1697.136 -65.2197 1042.651
v 1575.654 -49.54102 1042.682
v 1818.652 -61.76966 921.1346
v 1940.169 -45.36942 921.1346
v 1697.135 -82.73692 921.134
v 1818.652 -71.06033 799.6178
v 1940.169 -42.56951 799.6177
v 1332.566 -80.43626 1164.149
v 1454.418 -42.09533 1042.893
v 1575.653 -71.62231 921.1546
v 1697.154 -57.63482 799.6306
v 1818.652 -88.06971 678.101
v 1940.169 -49.30771 678.1009
v 1332.996 -57.55747 1042.996
v 1453.796 -93.81618 920.9533
v 1575.851 -56.87475 799.7133
v 1697.196 -53.9699 678.1242
v 1818.652 -66.08448 556.5841
v 1940.169 -78.591 556.5841
v 1333.162 -57.35942 921.5204
v 1453.694 -89.74249 799.4418
v 1575.877 -62.52463 678.1727
v 1697.213 -59.5167 556.5964
v 1818.652 -65.89513 435.0673
v 1940.169 -71.46373 435.0673
v 1333.044 -61.08749 799.8479
v 1455.532 -37.21745 678.5112
v 1576.678 -27.26479 556.7284
v 1697.133 -79.07059 435.0673
v 1818.652 -67.26993 313.5504
v 1940.169 -67.90512 313.5504
v 1333.487 -51.89351 678.4025
v 1453.99 -75.83961 556.5681
v 1576.149 -53.94624 435.0673
v 1697.194 -63.99654 313.5411
v 1818.652 -84.20722 192.0336
v 1940.169 -70.83247 192.0336
v 1333.887 -44.9146 556.8021
v 1453.816 -79.13641 435.0673
v 1575.281 -93.55503 313.5964
v 1697.178 -61.31111 192.0173
v 1818.652 -66.98796 70.51681
v 1940.169 -66.91807 70.51681
v 1333.329 -53.95942 435.0673
v 1454.713 -59.38845 313.4629
v 1575.836 -65.0593 191.9752
v 1697.162 -56.27471 70.50999
v 1818.653 -73.96884 -50.99959
v 1940.169 -62.49499 -51.00001
v 1333.322 -54.4099 313.4318
v 1455.706 -34.3353 191.6638
v 1575.508 -86.54637 70.52594
v 1697.168 -69.11705 -50.97338
v 1818.693 -55.93216 -172.4822
v 1940.169 -70.8774 -172.5168
v 1333.132 -59.33239 191.9433
v 1454.733 -60.03441 70.51971
v 1575.511 -84.2245 -51.06116
v 1697.096 -81.73747 -172.5474
v 1818.739 -66.24549 -293.9835
v 1940.176 -61.39913 -294.0274
v 1337.682 6.369837 71.11125
v 1454.623 -63.91531 -50.76849
v 1575.741 -72.1772 -172.423
v 1697.739 -54.52527 -293.6766
v 1819.268 -37.97623 -415.295
v 1940.171 -77.74592 -415.549
v 1333.128 -60.11384 -50.77388
v 1453.543 -80.20399 -172.8966
v 1576.017 -64.29858 -293.7719
v 1698.652 -38.8694 -414.8956
v 1819.143 -57.07014 -536.931
v 1940.311 -58.3452 -537.0129
v 1334.156 -44.07159 -171.6007
v 1454.305 -61.90976 -293.8962
v 1577.122 -45.7253 -414.8157
v 1697.323 -69.23842 -537.0134
v 1819.143 -60.67428 -658.5175
v 1940.407 -57.93533 -658.5463
v 1328.851 -91.53689 -296.4225
v 1454.569 -53.03738 -415.3029
v 1576.228 -56.59621 -536.8708
v 1699.955 -25.8551 -658.179
v 1818.597 -78.58538 -780.101
v 1940.473 -55.81861 -780.101
v 1336.197 -12.56372 -413.5222
v 1454.53 -48.68463 -536.9191
v 1576.554 -50.94653 -658.4365
v 1696.247 -84.16906 -780.101
v 1819.167 -59.89812 -901.6877
v 1940.461 -53.22629 -901.6642
v 1332.969 -35.38028 -536.922
v 1453.752 -52.59747 -658.6401
v 1573.052 -89.48797 -780.0842
v 1698.227 -53.56076 -901.7747
v 1818.784 -72.19209 -1023.171
v 1940.214 -72.13058 -1023.152
v 1335.37 -12.28089 -658.1288
v 1460.804 12.37821 -780.2803
v 1575.705 -60.61691 -901.6326
v 1697.785 -60.77721 -1023.321
v 1818.822 -67.2671 -1144.722
v 1940.207 -63.68085 -1144.677
v 1337.792 8.10312 -780.3918
v 1454.448 -46.66817 -901.6921
v 1574.262 -81.70328 -1022.68
v 1697.44 -67.65515 -1144.783
v 1818.634 -81.18746 -1266.158
v 1940.169 -79.78882 -1266.168
v 1331.182 -48.1162 -901.225
v 1458.756 -3.293947 -1025.031
v 1576.557 -53.52393 -1145.122
v 1697.494 -63.71168 -1266.38
v 1818.659 -74.73195 -1387.691
v 1940.169 -52.51662 -1387.685
v 1334.423 -23.64198 -1024.075
v 1451.261 -95.05407 -1142.936
v 1575.321 -78.23306 -1265.969
v 1697.385 -58.21597 -1387.876
v 1818.651 -92.53732 -1509.201
v 1940.169 -87.29979 -1509.202
v 1331.292 -63.98363 -1143.679
v 1455.504 -42.55759 -1267.291
v 1576.426 -49.40898 -1388.362
v 1697.203 -58.21477 -1509.262
v 1818.652 -88.5739 -1630.719
v 1940.169 -69.23344 -1630.719
v 1331.225 -77.03028 -1264.811
v 1454.628 -59.29127 -1388.211
v 1575.893 -57.47049 -1509.476
v 1697.139 -67.63912 -1630.722
v 1818.652 -74.72388 -1752.236
v 1940.169 -68.31679 -1752.236
v 1332.999 -56.7408 -1388.201
v 1453.58 -96.45563 -1508.579
v 1575.622 -77.42229 -1630.723
v 1697.136 -60.05047 -1752.236
v 1818.652 -51.35038 -1873.752
v 1940.169 -61.89261 -1873.752
v 1818.652 -76.67085 -1995.269
v 1940.169 -98.67306 -1995.269
v 1697.136 -75.8895 -1995.269
v 1697.136 -50.67841 -1873.752
v 1575.619 -76.28561 -1995.269
v 1575.619 -68.75041 -1873.752
v 1454.102 -68.39026 -1995.269
v 1575.622 -38.46233 -1752.239
v 1454.102 -64.29354 -1873.752
v 1332.585 -77.52473 -1995.269
v 1454.114 -70.91816 -1752.249
v 1332.591 -49.32756 -1873.758
v 1211.068 -72.78732 -1995.269
v 1454.3 -57.45356 -1630.978
v 1211.061 -87.48677 -1873.741
v 1089.551 -74.28153 -1995.269
v 1332.707 -48.72886 -1752.444
v 1332.559 -78.78131 -1630.674
v 1089.596 -45.27828 -1873.868
v 968.0346 -54.90966 -1995.269
v 1211.165 -63.13284 -1752.468
v 1333.468 -45.24485 -1510.522
v 968.0456 -66.62524 -1873.821
v 846.5178 -60.36697 -1995.269
v 1089.874 -28.90101 -1753.394
v 1210.909 -83.65046 -1630.35
v 1210.548 -83.85133 -1508.164
v 846.5178 -88.68098 -1873.685
v 725.001 -59.85112 -1995.269
v 968.0927 -62.80953 -1752.663
v 1089.774 -58.50341 -1631.492
v 1213.282 -12.70744 -1391.334
v 724.9907 -67.39522 -1873.817
v 603.4842 -94.54952 -1995.269
v 846.5178 -68.52643 -1752.503
v 1089.254 -75.37405 -1508.328
v 968.3832 -32.55698 -1633.122
v 1212.169 -31.98986 -1267.602
v 603.4653 -64.55062 -1873.801
v 481.9673 -68.0037 -1995.269
v 724.9651 -68.26676 -1752.5
v 846.5101 -91.45633 -1629.344
v 1089.335 -58.93138 -1387.174
v 968.4514 -35.67422 -1511.49
v 1209.425 -57.3548 -1143.05
v 481.9565 -65.89113 -1873.768
v 360.4505 -69.65178 -1995.269
v 603.4233 -68.51973 -1752.454
v 724.7139 -36.68993 -1632.915
v 846.4794 -74.40845 -1507.901
v 1090.228 -29.1327 -1267.409
v 968.1436 -45.31548 -1388.132
v 360.4496 -73.49956 -1873.753
v 238.9337 -77.98562 -1995.269
v 481.9325 -72.90707 -1752.319
v 603.4011 -67.23748 -1631.029
v 724.9574 -57.38893 -1509.571
v 846.426 -58.53342 -1386.345
v 968.7747 -16.03443 -1268.43
v 238.9337 -65.48934 -1873.752
v 117.4168 -73.48396 -1995.269
v 360.4371 -75.30679 -1752.259
v 481.6637 -58.19057 -1631.471
v 602.9626 -41.88045 -1511.164
v 725.0583 -52.05162 -1387.127
v 117.4168 -70.32874 -1873.752
v -4.100003 -70.41348 -1995.269
v 238.9273 -74.41181 -1752.243
v 360.646 -89.13763 -1630.367
v 480.9301 -35.42991 -1511.721
v -4.100003 -43.60365 -1873.752
v -125.6168 -77.65605 -1995.269
v 117.4164 -74.2917 -1752.236
v 238.9492 -80.03825 -1630.697
v -125.6168 -68.14719 -1873.752
v -247.1337 -70.18665 -1995.269
v -4.100003 -71.65642 -1752.236
v -247.1337 -73.54735 -1873.752
v -368.6505 -80.16 -1995.269
v 601.6497 7.300019 -1394.432
v 360.2081 -64.50133 -1509.638
v 117.4108 -76.80076 -1630.726
v -125.6168 -72.82994 -1752.236
v -368.6505 -64.48206 -1873.752
v -490.1673 -64.1775 -1995.269
v 481.4602 -44.37031 -1388.843
v 239.1815 -84.31403 -1508.845
v -4.102532 -71.69622 -1630.721
v -247.1337 -58.54279 -1752.236
v -490.1673 -56.16589 -1873.752
v -611.6841 -71.36246 -1995.269
v 357.8822 -14.14672 -1391.972
v 117.5181 -84.59167 -1509.076
v -125.6168 -67.97469 -1630.719
v -368.6505 -77.75546 -1752.236
v -611.6841 -65.66727 -1873.752
v -733.201 -82.87282 -1995.269
v 238.4877 -59.8179 -1388.28
v -4.075328 -83.47054 -1509.173
v -247.1337 -67.54657 -1630.719
v -490.1673 -68.59766 -1752.236
v -733.201 -80.61826 -1873.752
v -854.7178 -74.38065 -1995.269
v 115.0553 -12.97886 -1390.394
v -125.6366 -52.67944 -1509.225
v -368.6505 -57.54467 -1630.719
v -611.6841 -63.96743 -1752.236
v -854.7178 -56.20165 -1873.752
v -976.2346 -57.14752 -1995.269
v -4.195638 -72.88464 -1387.79
v -247.134 -66.13956 -1509.202
v -490.1673 -67.18358 -1630.719
v -733.201 -63.94589 -1752.236
v -976.2346 -83.3644 -1873.752
v -1097.751 -61.57966 -1995.269
v -125.6726 -69.08988 -1387.751
v -368.6505 -69.7745 -1509.202
v -611.6841 -82.64622 -1630.719
v -854.7178 -62.04869 -1752.236
v -1097.751 -65.18934 -1873.752
v -1219.268 -77.75835 -1995.269
v -247.1514 -64.72691 -1387.705
v -490.1673 -73.16034 -1509.202
v -733.201 -46.50022 -1630.719
v -976.2346 -59.97101 -1752.236
v -1219.268 -72.64697 -1873.752
v -1340.785 -70.99168 -1995.269
v -368.6517 -68.70913 -1387.686
v -611.6841 -82.34724 -1509.202
v -854.7178 -54.83852 -1630.719
v -1097.751 -64.98723 -1752.236
v -1340.785 -63.99816 -1873.752
v -1462.302 -75.8643 -1995.269
v -490.1673 -83.29855 -1387.685
v -733.201 -71.46509 -1509.202
v -976.2346 -62.09101 -1630.719
v -1219.268 -58.34787 -1752.236
v -1462.302 -77.35569 -1873.752
v -1583.819 -60.91771 -1995.269
v -611.6841 -50.00381 -1387.685
v -854.7178 -67.23705 -1509.202
v -1097.751 -53.92006 -1630.719
v -1340.785 -95.39157 -1752.236
v -1583.819 -80.96084 -1873.752
v -1705.336 -59.00812 -1995.269
v -733.201 -70.63634 -1387.685
v -976.2346 -65.04022 -1509.202
v -1219.268 -79.06821 -1630.719
v -1462.302 -57.96262 -1752.236
v -1705.336 -70.91921 -1873.752
v -1826.852 -62.54773 -1995.269
v -854.7178 -78.98271 -1387.685
v -1097.751 -60.20359 -1509.202
v -1340.785 -60.06002 -1630.719
v -1583.819 -79.64924 -1752.236
v -1826.852 -80.56927 -1873.752
v -1948.369 -38.88544 -1995.269
v -1948.369 -68.15128 -1873.752
v -1705.336 -55.89112 -1752.236
v -1826.852 -72.58869 -1752.236
v -1948.369 -71.14374 -1752.236
v -1462.302 -71.86836 -1630.719
v -1219.268 -84.3723 -1509.202
v -1583.819 -55.98941 -1630.719
v -1826.852 -53.97036 -1630.719
v -1948.369 -81.40328 -1630.719
v -1705.336 -70.68849 -1630.719
v -1340.785 -71.39638 -1509.202
v -1826.852 -64.53503 -1509.202
v -1948.369 -85.15296 -1509.202
v -1462.302 -81.97608 -1509.202
v -1705.336 -80.07724 -1509.202
v -1583.819 -80.03154 -1509.202
v -1826.852 -49.5606 -1387.685
v -1948.369 -67.14458 -1387.685
v -1705.336 -58.48911 -1387.685
v -1583.819 -80.34367 -1387.685
v -1462.302 -48.87488 -1387.685
v -1340.785 -70.66061 -1387.685
v -1826.852 -60.58154 -1266.168
v -1948.369 -59.00346 -1266.168
v -1705.336 -74.01886 -1266.168
v -1583.819 -77.12714 -1266.168
v -1462.302 -60.49073 -1266.168
v -1826.852 -68.37089 -1144.651
v -1948.369 -63.73467 -1144.651
v -1705.336 -52.11421 -1144.651
v -1583.82 -66.78233 -1144.652
v -1826.852 -57.94686 -1023.135
v -1948.369 -50.5604 -1023.135
v -1705.335 -81.06032 -1023.134
v -1826.853 -71.45077 -901.6185
v -1948.369 -67.34792 -901.6178
v -1340.786 -74.03177 -1266.169
v -1462.319 -65.43226 -1144.671
v -1583.831 -73.73354 -1023.148
v -1705.381 -62.28578 -901.6586
v -1826.874 -64.37335 -780.1191
v -1948.369 -51.41643 -780.101
v -1340.844 -61.46365 -1144.753
v -1462.238 -86.50244 -1023.051
v -1583.915 -69.77262 -901.7137
v -1705.6 -53.28268 -780.3026
v -1826.907 -69.48879 -658.6156
v -1948.37 -76.77511 -658.5847
v -1340.527 -96.54013 -1022.698
v -1462.636 -60.94849 -902.0164
v -1584.274 -58.76134 -780.4819
v -1705.278 -79.87434 -658.5498
v -1827.013 -66.03594 -537.1339
v -1948.418 -56.13921 -537.1009
v -1341.314 -54.14557 -902.4094
v -1463.372 -44.01791 -781.1715
v -1584.695 -52.11253 -659.1697
v -1704.771 -91.21131 -536.8237
v -1827.993 -21.32766 -415.8681
v -1948.458 -63.62949 -415.5843
v -1342.152 -34.88244 -781.8078
v -1464.093 -33.30395 -660.0179
v -1583.752 -70.74293 -537.0336
v -1704.705 -87.16257 -415.3693
v -1826.894 -75.67152 -294.0394
v -1948.433 -72.11497 -294.0438
v -1342.116 -36.31197 -659.9151
v -1461.823 -69.05048 -536.7789
v -1585.31 -43.67706 -416.0491
v -1706.937 -41.97755 -294.2636
v -1826.844 -77.41089 -172.5168
v -1948.57 -60.8882 -172.5168
v -1339.962 -65.44535 -536.4495
v -1464.871 -23.55179 -416.5809
v -1584.857 -49.81556 -294.2072
v -1705.649 -66.04139 -172.5168
v -1827.963 -33.65226 -50.84935
v -1948.559 -59.19934 -50.96981
v -1343.318 -14.83097 -416.82
v -1465.742 -12.62308 -294.7239
v -1584.137 -59.12455 -172.5168
v -1705.586 -67.47482 -50.96407
v -1826.938 -73.65945 70.54046
v -1948.448 -65.40615 70.54661
v -1340.582 -46.31194 -293.9828
v -1460.705 -72.17536 -172.5168
v -1583.417 -69.7267 -51.06719
v -1706.008 -59.05532 70.71002
v -1827.247 -48.04469 192.1969
v -1948.354 -85.72445 192.023
v -1340.623 -44.44838 -172.5168
v -1465.307 -17.88978 -50.39691
v -1583.635 -69.13971 70.45531
v -1704.868 -88.50525 191.8318
v -1826.896 -71.32748 313.5755
v -1948.369 -78.47175 313.5505
v -1340.34 -49.21225 -51.1115
v -1463.438 -42.39577 70.97245
v -1583.707 -71.54543 191.9777
v -1706.036 -46.51115 313.9653
v -1826.856 -76.02589 435.0706
v -1948.369 -65.57288 435.0673
v -1340.973 -45.28481 70.60201
v -1463.569 -42.58693 192.7959
v -1585.34 -36.6594 314.5667
v -1705.389 -73.3707 435.1083
v -1826.852 -80.7266 556.5839
v -1948.369 -51.19572 556.5841
v -1340.646 -55.05514 191.9572
v -1464.604 -23.68304 315.3933
v -1585.052 -28.67092 436.0998
v -1705.418 -48.83087 556.6586
v -1826.852 -61.12651 678.1009
v -1948.369 -86.62395 678.101
v -1341.234 -54.10758 313.8859
v -1461.61 -90.4049 434.3756
v -1584.196 -44.54982 556.9618
v -1705.343 -50.41769 678.1078
v -1826.852 -72.36684 799.6178
v -1948.369 -63.03322 799.6178
v -1341.623 -51.644 435.9927
v -1462.746 -55.84501 557.1147
v -1583.84 -69.93858 678.125
v -1705.336 -82.06288 799.6178
v -1826.852 -63.57662 921.1346
v -1705.336 -74.47485 921.1346
v -1705.336 -74.86829 1042.651
v -1583.82 -61.01976 799.6194
v -1462.271 -82.36597 678.0605
v -1583.819 -84.97486 921.1346
v -1583.819 -62.66561 1164.168
v -1583.819 -76.86681 1042.651
v -1462.302 -65.62386 1164.168
v -1462.311 -71.76994 799.628
v -1462.302 -50.37766 921.1346
v -1462.302 -63.6115 1042.651
v -1340.785 -51.4161 1164.168
v -1340.785 -84.74476 1042.651
v -1219.268 -49.65746 1164.168
v -1340.787 -65.41865 921.1365
v -1340.834 -64.39438 799.7023
v -1219.27 -59.85991 1042.652
v -1097.774 -49.83723 1164.188
v -1219.284 -66.70943 921.152
v -1341.158 -49.63221 678.73
v -1097.829 -54.08025 1042.697
v -976.3864 -51.52494 1164.284
v -1219.357 -65.71181 799.7906
v -1341.493 -49.77605 557.6146
v -1097.892 -61.12235 921.2365
v -976.4551 -59.81439 1042.782
v -855.0584 -52.82205 1164.454
v -1219.414 -70.86866 678.3295
v -1220.354 -59.39688 557.6981
v -1098.276 -49.54997 800.3307
v -976.449 -66.18851 921.2759
v -855.0984 -58.65581 1042.906
v -733.5469 -58.20089 1164.514
v -1101.661 -24.72947 684.083
v -1223.162 -41.76587 437.4484
v -975.778 -87.57635 799.0463
v -855.1012 -60.83101 921.4001
v -733.501 -61.85495 1042.892
v -612.1808 -50.61518 1164.789
v -1097.711 -52.25258 556.539
v -1225.99 -23.09048 315.1453
v -978.8054 -41.88677 683.8553
v -854.772 -69.00404 799.7061
v -734.7435 -27.64224 922.3222
v -613.2218 -20.90668 1044.189
v -489.5685 -97.70367 1163.172
v -368.8097 -57.49761 1164.564
v -489.8395 -74.79931 1042.193
v -613.8834 -29.06364 923.1555
v -731.4268 -109.2833 797.0234
v -854.4407 -64.2009 676.0473
v -247.4055 -41.27992 1165.293
v -369.1352 -39.99818 1043.954
v -490.6679 -52.02837 921.8746
v -616.5001 -16.38078 803.3771
v -125.8239 -42.47242 1165.391
v -247.1344 -59.82261 1042.655
v -369.422 -25.07055 925.076
v -4.155967 -57.54986 1164.574
v -125.4035 -68.48418 1041.919
v 117.3711 -55.86792 1164.679
v -733.3293 -65.70199 675.9474
v -492.4416 -20.44519 801.9788
v -247.2361 -59.78771 920.0346
v -4.573078 -31.2812 1044.433
v 238.9754 -86.3924 1162.19
v -612.884 -35.21676 679.9771
v -368.5382 -22.35102 799.0035
v -125.8608 -20.12939 923.7696
v 116.8247 -11.44744 1046.149
v 360.3559 -82.81567 1162.46
v -484.5533 -51.10724 675.9778
v -246.5847 -18.65063 800.8322
v -4.131154 -43.89331 921.22
v 238.9212 -48.86257 1042.855
v 482.1442 -46.11081 1165.541
v -370.6685 62.92956 680.616
v -125.4411 -34.26488 800.1312
v 117.323 -37.31301 921.4991
v 360.571 -25.84294 1044.996
v 603.5032 -63.43302 1164.269
v -243.21 26.81124 679.4622
v -4.504606 -21.93039 800.6128
v 238.8236 -28.04541 922.1709
v 482.3298 -27.81028 1044.883
v 725.1467 -57.2913 1164.766
v -122.7609 17.40778 679.8821
v 116.4071 4.553459 802.1918
v 360.4482 -39.90083 921.0869
v 604.0579 -29.09163 1044.831
v -4.328351 -21.37412 678.4295
v 238.4139 9.629959 802.5538
v 482.1745 -29.34874 922.17
v 116.07 16.0899 679.9911
v 360.5559 6.855602 802.3977
v 237.9463 35.21012 681.0145
v 724.9424 -60.09434 1042.481
v 603.9974 -26.60095 922.6155
v 482.1855 -19.15658 800.4788
v 360.462 -3.03685 679.048
v 846.7618 -55.63757 1164.875
v 967.901 -86.43133 1285.376
v 1090.056 -32.29121 1286.536
v 968.1971 -64.02828 1164.492
v 845.9207 -81.97359 1041.291
v 725.7405 -27.90371 922.7004
v 603.8327 -23.74566 800.3661
v 1211.125 -69.89552 1285.76
v 1089.987 -55.22331 1164.819
v 1211.112 -74.3102 1164.22
v 967.8593 -69.99145 1042.36
v 847.0638 -38.88046 922.0698
v 1089.314 -75.74323 1042.355
v 1210.739 -83.772 1042.322
v 968.9086 -37.20316 922.2913
v 724.0843 -58.84877 798.2261
v 1211.136 -67.46896 921.1889
v 1090.437 -44.16702 922.0204
v 847.2907 -29.19152 800.5679
v 1210.484 -75.35439 799.2667
v 1091.802 -17.59289 801.3065
v 968.8168 -35.91016 800.3853
v 1211.118 -60.19676 678.1208
v 1090.285 -41.49001 678.4683
v 965.9231 -80.36113 676.7386
v 845.8509 -49.72301 677.5706
v 724.8857 -33.25207 677.9865
v 1213.793 -18.60901 557.1311
v 1091.964 -14.89922 557.1891
v 966.1046 -71.01859 555.9678
v 847.8541 -12.53566 557.1053
v 1209.713 -76.96785 435.0667
v 1090.683 -32.9248 435.0794
v 966.548 -61.92389 435.0101
v 1212.987 -31.27369 313.2512
v 1091.434 -24.53762 313.3387
v 1211.909 -49.4803 191.9867
v 725.8091 -11.7845 556.9839
v 848.665 -0.3275879 435.2642
v 968.4381 -35.35228 313.5364
v 1089.08 -56.69323 192.0038
v 1211.888 -50.32222 70.71151
v 723.4609 -48.58784 434.7523
v 847.0052 -26.60437 313.6341
v 969.5411 -22.82989 192.3363
v 1093.685 -3.311341 71.97079
v 1212.537 -40.579 -50.33673
v 725.5017 -17.17563 313.8169
v 849.9518 -1.017646 193.2806
v 967.9243 -38.52709 70.46949
v 1089.142 -46.89093 -51.21783
v 1209.878 -59.90052 -173.1919
v 726.6402 1.536911 193.1003
v 846.6188 -23.90253 70.54775
v 968.5509 -25.40142 -50.6958
v 1096.061 26.4243 -168.4373
v 1211.526 -36.51225 -293.7488
v 726.2286 7.468731 70.80864
v 849.1367 3.517974 -50.25378
v 972.533 27.5648 -169.1074
v 1094.446 18.65631 -290.7679
v 1213.616 -9.726959 -414.0275
v 728.8385 35.09796 -51.7699
v 845.4 -29.0384 -173.3131
v 966.1709 -35.29183 -295.571
v 1089.55 -17.55312 -415.5516
v 1213.161 -6.137634 -536.1516
v 727.0214 35.73818 -171.8837
v 847.3896 10.58271 -292.9545
v 970.4007 22.37771 -413.6229
v 1086.665 -35.21857 -538.5845
v 1216.267 22.7548 -657.6296
v 725.1293 6.863431 -293.5801
v 846.4304 1.732447 -415.6651
v 970.3264 30.56256 -535.4807
v 1090.65 6.577222 -658.3345
v 1213.55 2.146043 -780.3293
v 725.1302 25.36721 -414.4577
v 846.2061 4.13618 -537.4414
v 968.1788 10.809 -658.5385
v 1091.918 18.83158 -780.4445
v 1213.625 0.5621473 -902.5784
v 725.002 29.86014 -536.3083
v 847.3986 38.65402 -658.0646
v 970.3676 38.82638 -780.6943
v 1088.638 -16.05813 -901.1294
v 1210.778 -31.22187 -1022.94
v 1091.595 6.558289 -1025.053
v 1092.321 9.250752 -1148.43
v 966.8132 -12.54907 -900.5439
v 847.6278 47.59183 -780.8419
v 969.0641 -0.04992361 -1146.958
v 969.4534 16.05026 -1025.312
v 846.4999 10.29973 -901.578
v 846.6697 -21.03923 -1267.518
v 846.7697 -3.167558 -1146.169
v 846.9695 16.37917 -1024.925
v 724.8986 -23.46998 -1267.21
v 724.9035 -7.599122 -1145.575
v 601.8649 6.717741 -1271.493
v 724.8367 12.1366 -1024.426
v 481.0599 -25.74823 -1267.968
v 603.0464 -9.013649 -1145.844
v 724.9175 18.15156 -902.0784
v 358.8361 -26.93125 -1268.488
v 602.2676 19.73583 -1025.646
v 482.8601 -38.43226 -1143.207
v 725.0175 17.03902 -780.0604
v 236.7124 -28.59368 -1268.704
v 360.4444 -36.07204 -1144.658
v 482.1371 -14.44268 -1022.928
v 602.2222 30.48514 -903.309
v 724.8551 40.5793 -658.1752
v 116.6547 -55.45793 -1266.908
v 236.5899 -22.6888 -1146.817
v 357.6667 3.354531 -1025.575
v 604.3173 -1.023025 -779.6404
v 481.0625 8.610852 -902.3352
v 602.9149 26.11954 -658.4417
v -3.312411 -93.33331 -1265.451
v 115.1888 -33.2469 -1146.394
v 237.3849 -23.26432 -1024.212
v 358.253 5.473636 -902.883
v 482.8962 -5.391546 -779.7797
v 601.1522 62.81549 -534.9661
v -125.6065 -78.0107 -1266.158
v -5.246681 -51.05924 -1145.47
v 115.8513 -35.88725 -1024.064
v 238.184 -22.80073 -901.9654
v 359.8907 -3.430592 -780.2479
v 481.1583 15.20331 -658.5067
v -247.2635 -56.76949 -1266.298
v -126.43 -51.83971 -1145.261
v -5.395648 -46.58195 -1023.967
v 118.3556 -53.04313 -901.0972
v 237.4988 -11.9633 -780.4803
v 359.3779 2.353327 -658.5124
v 482.3061 -0.8576186 -537.2108
v -368.657 -73.40292 -1266.176
v -246.9759 -89.22273 -1144.491
v -126.0804 -60.56939 -1023.684
v -5.572874 -32.48107 -903.8359
v 116.7071 -29.65019 -780.6989
v 237.7022 -11.32416 -658.5565
v -490.1572 -64.16667 -1266.185
v -368.6786 -63.92242 -1144.799
v -247.3596 -62.57703 -1023.807
v -125.8118 -51.00696 -903.2962
v -4.003608 -34.05258 -781.3066
v -611.6659 -62.41385 -1266.216
v -490.0616 -55.48306 -1144.965
v -368.8556 -40.97256 -1024.822
v -247.3746 -45.78502 -904.6229
v -733.195 -70.7662 -1266.207
v -611.8316 -104.1279 -1144.121
v -490.1747 -76.42544 -1023.093
v -125.9232 -44.02932 -778.6043
v -368.7619 -62.89479 -902.2015
v -247.1443 -28.50007 -781.0964
v -854.7178 -56.76255 -1266.292
v -733.0746 -40.69944 -1145.583
v -611.4298 -53.96796 -1024.05
v -490.0436 -77.30901 -900.7425
v -367.3062 -56.75534 -775.6277
v -976.2346 -78.36574 -1387.685
v -1097.751 -60.15728 -1387.685
v -976.2388 -73.14159 -1266.195
v -854.7178 -40.92051 -1145.64
v -733.0733 -55.41981 -1024.024
v -611.5305 -50.31038 -902.8689
v -1219.268 -63.95861 -1387.685
v -1097.748 -81.86258 -1266.159
v -1219.28 -62.92085 -1266.185
v -976.3488 -44.23657 -1145.493
v -854.7178 -59.82214 -1023.791
v -1219.278 -76.61529 -1144.675
v -1097.746 -78.89322 -1144.631
v -1219.187 -80.72926 -1022.946
v -976.491 -38.51593 -1024.92
v -1097.737 -74.64518 -1023.084
v -732.7236 -23.86397 -904.5422
v -1219.717 -53.38277 -902.512
v -1098.41 -36.40478 -903.587
v -975.9837 -84.93375 -900.1163
v -854.7178 -61.5672 -901.7543
v -1218.807 -73.39816 -779.3347
v -1099.364 -4.454797 -784.1216
v -976.3421 -47.85953 -780.6364
v -854.7178 -83.92368 -777.5102
v -733.1155 -46.6907 -780.7698
v -1219.675 -45.31874 -659.126
v -1098.97 -16.14533 -661.0156
v -976.3318 -39.22357 -658.972
v -854.7178 -22.94455 -660.261
v -1220.793 -20.18192 -538.5925
v -1099.364 -3.594484 -539.4828
v -976.5098 -22.89166 -537.8905
v -1219.863 -29.80443 -415.9477
v -1098.641 -13.84252 -416.4404
v -1220.115 -22.58673 -294.3165
v -733.1592 -31.0326 -659.7503
v -854.7178 -4.48415 -539.2121
v -976.1474 -28.36748 -415.3763
v -1098.206 -17.52642 -294.2614
v -1221.156 -7.810481 -172.5168
v -733.1998 -24.39609 -537.7766
v -854.7191 19.63276 -418.1339
v -976.4333 -13.39877 -294.2323
v -1099.016 -3.238234 -172.5689
v -1219.587 -30.2825 -50.96153
v -733.0422 -10.85184 -416.2952
v -854.7233 -13.40477 -294.1745
v -976.8699 -2.310482 -172.7201
v -1101.334 5.815246 -52.57764
v -1223.075 -12.75211 70.26067
v -732.4156 14.7408 -295.1568
v -854.8129 0.947013 -172.9189
v -977.5878 -4.442369 -52.95255
v -1102.804 1.856551 67.44926
v -1223.833 -23.9548 191.8743
v -1104.285 25.9656 189.9208
v -981.5645 46.21379 62.79897
v -854.9028 4.187846 -53.93916
v -1110.349 43.50147 315.2069
v -983.7336 103.0489 186.41
v -855.072 64.3952 62.7073
v -1094.722 -12.79198 433.1566
v -994.144 145.3991 316.32
v -854.6204 117.6761 193.3297
v -980.6337 6.232471 564.9117
v -977.1108 68.05991 436.0121
v -854.6067 10.71501 554.9686
v -854.0912 131.7811 312.2379
v -855.2849 118.0729 442.7096
v -731.6827 8.459512 560.8204
v -723.983 102.1978 446.8633
v -614.0446 -53.17395 551.3902
v -728.5825 127.5728 314.2649
v -491.7794 6.529147 556.446
v -606.1138 26.37716 438.7953
v -719.2802 130.2799 179.6393
v -368.4906 -16.7364 557.4456
v -489.0619 -25.00363 435.3679
v -614.2236 33.23142 313.2962
v -731.3442 39.57449 67.22786
v -245.3568 5.177772 554.5467
v -608.4922 32.91475 190.7156
v -476.8111 27.74113 314.7306
v -368.8093 -47.10618 436.2888
v -731.7309 4.032642 -54.02936
v -125.2443 -19.52193 556.2021
v -607.9317 7.841391 67.57976
v -477.9459 26.21612 189.1231
v -247.015 -30.69663 434.76
v -368.0403 -23.49129 313.3571
v -732.1897 17.97293 -173.3819
v -4.672987 -10.68995 556.5408
v -125.6314 -23.27723 434.4654
v -246.339 -10.98094 312.2131
v -366.994 -16.45262 191.4873
v -608.5164 10.98476 -53.37114
v -483.7006 14.15716 68.20421
v -612.0906 -29.6017 -172.4271
v 116.859 -6.52321 556.6804
v -5.643673 7.348098 433.2962
v -125.6069 -27.42681 312.573
v -246.5082 -35.51812 191.4338
v -487.2256 1.163347 -51.51193
v -370.2177 -55.17564 70.91506
v 237.9874 21.88109 557.1855
v 117.9765 -34.10911 435.5419
v -4.588108 -25.6982 312.3925
v -125.3179 -39.61481 190.9552
v -249.27 -77.11787 71.7043
v -367.0641 -28.38341 -50.97203
v -489.7241 -21.7699 -172.2538
v -611.7143 -29.37952 -294.0277
v -613.7368 16.3479 -416.2347
v -491.3578 23.20419 -290.5295
v -369.1314 -45.17022 -173.0925
v -244.0434 -30.03209 -50.97467
v -126.2285 -76.28152 71.48904
v -613.7894 -4.277912 -538.9006
v -490.6894 -7.029212 -415.3314
v -368.7489 -36.5381 -297.1781
v -242.6222 -10.70192 -167.3222
v -613.2582 -18.18797 -661.4399
v -490.9768 -5.819129 -537.3651
v -370.6519 33.69455 -412.1533
v -612.5318 -16.67857 -784.6705
v -490.5274 -23.57313 -658.9943
v -493.5723 -5.812923 -787.8848
v -364.8803 -22.70767 -535.6862
v -369.3567 0.6282082 -659.8588
v -245.9255 -10.51984 -291.1369
v -246.7846 29.41294 -663.9652
v -245.9224 54.02357 -537.6597
v -247.1243 6.994278 -415.5266
v -125.4083 -6.479692 -658.8869
v -122.6639 22.55938 -536.8663
v -124.5012 -4.418639 -414.3618
v -127.3674 -53.73381 -296.7088
v -123.5828 -46.42403 -170.3064
v -2.945763 -13.25914 -659.7161
v -2.739168 -11.03108 -536.7198
v -4.387689 -37.4383 -415.8794
v 0.5369833 0.9841586 -284.4105
v 117.2689 -26.74634 -658.7894
v 117.1694 -72.10091 -538.8918
v 117.0343 -18.95766 -412.4607
v 243.8527 -70.43899 -539.1686
v -3.854072 -61.98922 -171.6488
v 119.7766 -99.99337 -297.9282
v 237.2656 -20.88535 -414.5578
v 361.2796 -16.70903 -537.3412
v 355.1771 24.54039 -413.1404
v 234.6833 -14.10765 -292.0441
v 118.7503 -82.07128 -173.0352
v 482.9147 -13.07109 -416.1268
v 360.0298 -20.79509 -293.8549
v 240.036 -57.12664 -172.7373
v 603.0684 15.71014 -414.9808
v 602.3943 28.86996 -292.4776
v 483.1551 -22.49191 -294.6945
v 601.4209 68.75669 -173.5576
v 480.5027 -1.749239 -172.5706
v 603.1895 26.525 -52.23211
v 356.7469 -5.843231 -171.9897
v 481.7526 -5.71575 -51.0783
v 603.5849 36.74536 70.90689
v 360.0822 -29.5295 -51.05859
v 604.5413 47.92471 196.2751
v 478.7456 22.08368 70.33987
v 237.7926 -42.92852 -51.18973
v 603.0378 -26.87882 312.8068
v 358.5356 -15.06027 70.05964
v 480.1242 14.49328 192.9389
v 115.859 -50.70514 -51.57545
v 603.3 -22.22584 434.991
v 234.9334 -12.6603 68.3202
v 359.9234 -17.40691 191.896
v 481.2489 14.43577 314.3266
v -3.851257 -99.18882 -50.13748
v 601.6501 -65.16502 555.212
v 115.6502 -37.46228 68.72459
v 240.5717 -50.68813 193.4503
v 482.0205 -8.455378 435.116
v 359.9218 -6.536487 313.2941
v -126.195 -78.7082 -50.8598
v -4.175684 -61.23403 70.18315
v 118.3917 -57.94708 193.3731
v -4.473103 -38.8678 190.6664
v 118.1217 -42.77748 314.4901
v 237.5273 -0.7130278 312.1291
v 238.8515 -15.36063 435.0117
v 360.6318 -24.77857 435.1517
v 360.4205 -8.239135 556.7507
v 482.1203 -7.742834 556.8279
v 482.2738 -6.246276 678.9678
v 603.8359 -16.1347 678.6093
f 2370 2371 2372
f 2370 2372 2373
f 2374 2370 2373
f 2373 2372 2375
f 2374 2373 2376
f 2377 2374 2376
f 2373 2375 2378
f 2376 2373 2378
f 2378 2375 2379
f 2377 2376 2380
f 2381 2377 2380
f 2376 2378 2382
f 2380 2376 2382
f 2378 2379 2383
f 2382 2378 2383
f 2383 2379 2384
f 2381 2380 2385
f 2386 2381 2385
f 2380 2382 2387
f 2385 2380 2387
f 2383 2384 2388
f 2388 2384 2389
f 2382 2383 2390
f 2387 2382 2390
f 2390 2383 2388
f 2386 2385 2391
f 2392 2386 2391
f 2388 2389 2393
f 2393 2389 2394
f 2385 2387 2395
f 2391 2385 2395
f 2387 2390 2396
f 2395 2387 2396
f 2390 2388 2397
f 2397 2388 2393
f 2396 2390 2397
f 2392 2391 2398
f 2399 2392 2398
f 2393 2394 2400
f 2400 2394 2401
f 2391 2395 2402
f 2398 2391 2402
f 2395 2396 2403
f 2402 2395 2403
f 2396 2397 2404
f 2403 2396 2404
f 2397 2393 2405
f 2405 2393 2400
f 2404 2397 2405
f 2399 2398 2406
f 2407 2399 2406
f 2400 2401 2408
f 2408 2401 2409
f 2398 2402 2410
f 2406 2398 2410
f 2402 2403 2411
f 2410 2402 2411
f 2403 2404 2412
f 2411 2403 2412
f 2404 2405 2413
f 2412 2404 2413
f 2405 2400 2414
f 2414 2400 2408
f 2413 2405 2414
f 2408 2409 2415
f 2415 2409 2416
f 2414 2408 2417
f 2417 2408 2415
f 2413 2414 2418
f 2418 2414 2417
f 2412 2413 2419
f 2419 2413 2418
f 2411 2412 2420
f 2420 2412 2419
f 2415 2416 2421
f 2421 2416 2422
f 2417 2415 2423
f 2423 2415 2421
f 2418 2417 2424
f 2424 2417 2423
f 2419 2418 2425
f 2425 2418 2424
f 2421 2422 2426
f 2426 2422 2427
f 2423 2421 2428
f 2428 2421 2426
f 2424 2423 2429
f 2429 2423 2428
f 2426 2427 2430
f 2430 2427 2431
f 2428 2426 2432
f 2432 2426 2430
f 2430 2431 2433
f 2433 2431 2434
f 2435 2419 2425
f 2420 2419 2435
f 2425 2424 2436
f 2436 2424 2429
f 2429 2428 2437
f 2437 2428 2432
f 2432 2430 2438
f 2438 2430 2433
f 2433 2434 2439
f 2439 2434 2440
f 2435 2425 2441
f 2441 2425 2436
f 2436 2429 2442
f 2442 2429 2437
f 2437 2432 2443
f 2443 2432 2438
f 2438 2433 2444
f 2444 2433 2439
f 2439 2440 2445
f 2445 2440 2446
f 2441 2436 2447
f 2447 2436 2442
f 2442 2437 2448
f 2448 2437 2443
f 2443 2438 2449
f 2449 2438 2444
f 2444 2439 2450
f 2450 2439 2445
f 2445 2446 2451
f 2451 2446 2452
f 2447 2442 2453
f 2453 2442 2448
f 2448 2443 2454
f 2454 2443 2449
f 2449 2444 2455
f 2455 2444 2450
f 2450 2445 2456
f 2456 2445 2451
f 2451 2452 2457
f 2457 2452 2458
f 2453 2448 2459
f 2459 2448 2454
f 2454 2449 2460
f 2460 2449 2455
f 2455 2450 2461
f 2461 2450 2456
f 2456 2451 2462
f 2462 2451 2457
f 2457 2458 2463
f 2463 2458 2464
f 2459 2454 2465
f 2465 2454 2460
f 2460 2455 2466
f 2466 2455 2461
f 2461 2456 2467
f 2467 2456 2462
f 2462 2457 2468
f 2468 2457 2463
f 2463 2464 2469
f 2469 2464 2470
f 2465 2460 2471
f 2471 2460 2466
f 2466 2461 2472
f 2472 2461 2467
f 2467 2462 2473
f 2473 2462 2468
f 2468 2463 2474
f 2474 2463 2469
f 2469 2470 2475
f 2475 2470 2476
f 2471 2466 2477
f 2477 2466 2472
f 2472 2467 2478
f 2478 2467 2473
f 2473 2468 2479
f 2479 2468 2474
f 2474 2469 2480
f 2480 2469 2475
f 2475 2476 2481
f 2481 2476 2482
f 2477 2472 2483
f 2483 2472 2478
f 2478 2473 2484
f 2484 2473 2479
f 2479 2474 2485
f 2485 2474 2480
f 2480 2475 2486
f 2486 2475 2481
f 2481 2482 2487
f 2487 2482 2488
f 2483 2478 2489
f 2489 2478 2484
f 2484 2479 2490
f 2490 2479 2485
f 2485 2480 2491
f 2491 2480 2486
f 2486 2481 2492
f 2492 2481 2487
f 2487 2488 2493
f 2493 2488 2494
f 2489 2484 2495
f 2495 2484 2490
f 2490 2485 2496
f 2496 2485 2491
f 2491 2486 2497
f 2497 2486 2492
f 2492 2487 2498
f 2498 2487 2493
f 2493 2494 2499
f 2499 2494 2500
f 2495 2490 2501
f 2501 2490 2496
f 2496 2491 2502
f 2502 2491 2497
f 2497 2492 2503
f 2503 2492 2498
f 2498 2493 2504
f 2504 2493 2499
f 2499 2500 2505
f 2505 2500 2506
f 2501 2496 2507
f 2507 2496 2502
f 2502 2497 2508
f 2508 2497 2503
f 2503 2498 2509
f 2509 2498 2504
f 2504 2499 2510
f 2510 2499 2505
f 2505 2506 2511
f 2511 2506 2512
f 2507 2502 2513
f 2513 2502 2508
f 2508 2503 2514
f 2514 2503 2509
f 2509 2504 2515
f 2515 2504 2510
f 2510 2505 2516
f 2516 2505 2511
f 2511 2512 2517
f 2517 2512 2518
f 2513 2508 2519
f 2519 2508 2514
f 2514 2509 2520
f 2520 2509 2515
f 2515 2510 2521
f 2521 2510 2516
f 2516 2511 2522
f 2522 2511 2517
f 2517 2518 2523
f 2523 2518 2524
f 2519 2514 2525
f 2525 2514 2520
f 2520 2515 2526
f 2526 2515 2521
f 2521 2516 2527
f 2527 2516 2522
f 2522 2517 2528
f 2528 2517 2523
f 2523 2524 2529
f 2529 2524 2530
f 2525 2520 2531
f 2531 2520 2526
f 2526 2521 2532
f 2532 2521 2527
f 2527 2522 2533
f 2533 2522 2528
f 2528 2523 2534
f 2534 2523 2529
f 2529 2530 2535
f 2535 2530 2536
f 2531 2526 2537
f 2537 2526 2532
f 2532 2527 2538
f 2538 2527 2533
f 2533 2528 2539
f 2539 2528 2534
f 2534 2529 2540
f 2540 2529 2535
f 2535 2536 2541
f 2541 2536 2542
f 2537 2532 2543
f 2543 2532 2538
f 2538 2533 2544
f 2544 2533 2539
f 2539 2534 2545
f 2545 2534 2540
f 2540 2535 2546
f 2546 2535 2541
f 2541 2542 2547
f 2547 2542 2548
f 2547 2548 2549
f 2550 2541 2547
f 2546 2541 2550
f 2551 2547 2549
f 2550 2547 2551
f 2551 2549 2552
f 2553 2540 2546
f 2545 2540 2553
f 2554 2539 2545
f 2544 2539 2554
f 2555 2546 2550
f 2553 2546 2555
f 2556 2551 2552
f 2556 2552 2557
f 2558 2550 2551
f 2555 2550 2558
f 2558 2551 2556
f 2559 2545 2553
f 2554 2545 2559
f 2560 2556 2557
f 2560 2557 2561
f 2562 2553 2555
f 2559 2553 2562
f 2563 2558 2556
f 2563 2556 2560
f 2564 2555 2558
f 2562 2555 2564
f 2564 2558 2563
f 2565 2560 2561
f 2565 2561 2566
f 2567 2563 2560
f 2567 2560 2565
f 2568 2564 2563
f 2568 2563 2567
f 2569 2562 2564
f 2569 2564 2568
f 2570 2559 2562
f 2570 2562 2569
f 2571 2565 2566
f 2571 2566 2572
f 2573 2567 2565
f 2573 2565 2571
f 2574 2568 2567
f 2574 2567 2573
f 2575 2569 2568
f 2575 2568 2574
f 2576 2571 2572
f 2576 2572 2577
f 2578 2573 2571
f 2578 2571 2576
f 2579 2574 2573
f 2579 2573 2578
f 2580 2576 2577
f 2580 2577 2581
f 2582 2578 2576
f 2582 2576 2580
f 2583 2580 2581
f 2583 2581 2584
f 2585 2569 2575
f 2585 2570 2569
f 2586 2575 2574
f 2586 2574 2579
f 2587 2579 2578
f 2587 2578 2582
f 2588 2582 2580
f 2588 2580 2583
f 2589 2583 2584
f 2589 2584 2590
f 2591 2585 2575
f 2591 2575 2586
f 2592 2586 2579
f 2592 2579 2587
f 2593 2587 2582
f 2593 2582 2588
f 2594 2588 2583
f 2594 2583 2589
f 2595 2589 2590
f 2595 2590 2596
f 2597 2591 2586
f 2597 2586 2592
f 2598 2592 2587
f 2598 2587 2593
f 2599 2593 2588
f 2599 2588 2594
f 2600 2594 2589
f 2600 2589 2595
f 2601 2595 2596
f 2601 2596 2602
f 2603 2597 2592
f 2603 2592 2598
f 2604 2598 2593
f 2604 2593 2599
f 2605 2599 2594
f 2605 2594 2600
f 2606 2600 2595
f 2606 2595 2601
f 2607 2601 2602
f 2607 2602 2608
f 2609 2603 2598
f 2609 2598 2604
f 2610 2604 2599
f 2610 2599 2605
f 2611 2605 2600
f 2611 2600 2606
f 2612 2606 2601
f 2612 2601 2607
f 2613 2607 2608
f 2613 2608 2614
f 2615 2609 2604
f 2615 2604 2610
f 2616 2610 2605
f 2616 2605 2611
f 2617 2611 2606
f 2617 2606 2612
f 2618 2612 2607
f 2618 2607 2613
f 2619 2613 2614
f 2619 2614 2620
f 2621 2615 2610
f 2621 2610 2616
f 2622 2616 2611
f 2622 2611 2617
f 2623 2617 2612
f 2623 2612 2618
f 2624 2618 2613
f 2624 2613 2619
f 2625 2619 2620
f 2625 2620 2626
f 2627 2621 2616
f 2627 2616 2622
f 2628 2622 2617
f 2628 2617 2623
f 2629 2623 2618
f 2629 2618 2624
f 2630 2624 2619
f 2630 2619 2625
f 2631 2625 2626
f 2631 2626 2632
f 2633 2627 2622
f 2633 2622 2628
f 2634 2628 2623
f 2634 2623 2629
f 2635 2629 2624
f 2635 2624 2630
f 2636 2630 2625
f 2636 2625 2631
f 2637 2631 2632
f 2637 2632 2638
f 2639 2633 2628
f 2639 2628 2634
f 2640 2634 2629
f 2640 2629 2635
f 2641 2635 2630
f 2641 2630 2636
f 2642 2636 2631
f 2642 2631 2637
f 2643 2637 2638
f 2643 2638 2644
f 2645 2639 2634
f 2645 2634 2640
f 2646 2640 2635
f 2646 2635 2641
f 2647 2641 2636
f 2647 2636 2642
f 2648 2642 2637
f 2648 2637 2643
f 2649 2643 2644
f 2649 2644 2650
f 2651 2645 2640
f 2651 2640 2646
f 2652 2646 2641
f 2652 2641 2647
f 2653 2647 2642
f 2653 2642 2648
f 2654 2648 2643
f 2654 2643 2649
f 2655 2649 2650
f 2655 2650 2656
f 2657 2651 2646
f 2657 2646 2652
f 2658 2652 2647
f 2658 2647 2653
f 2659 2653 2648
f 2659 2648 2654
f 2660 2654 2649
f 2660 2649 2655
f 2661 2655 2656
f 2661 2656 2662
f 2663 2657 2652
f 2663 2652 2658
f 2664 2658 2653
f 2664 2653 2659
f 2665 2659 2654
f 2665 2654 2660
f 2666 2660 2655
f 2666 2655 2661
f 2667 2661 2662
f 2667 2662 2668
f 2669 2663 2658
f 2669 2658 2664
f 2670 2664 2659
f 2670 2659 2665
f 2671 2665 2660
f 2671 2660 2666
f 2672 2666 2661
f 2672 2661 2667
f 2673 2667 2668
f 2673 2668 2674
f 2675 2669 2664
f 2675 2664 2670
f 2676 2670 2665
f 2676 2665 2671
f 2677 2671 2666
f 2677 2666 2672
f 2678 2672 2667
f 2678 2667 2673
f 2679 2673 2674
f 2679 2674 2680
f 2681 2675 2670
f 2681 2670 2676
f 2682 2676 2671
f 2682 2671 2677
f 2683 2677 2672
f 2683 2672 2678
f 2684 2678 2673
f 2684 2673 2679
f 2685 2679 2680
f 2685 2680 2686
f 2687 2681 2676
f 2687 2676 2682
f 2688 2682 2677
f 2688 2677 2683
f 2689 2683 2678
f 2689 2678 2684
f 2690 2684 2679
f 2690 2679 2685
f 2691 2685 2686
f 2691 2686 2692
f 2693 2687 2682
f 2693 2682 2688
f 2694 2688 2683
f 2694 2683 2689
f 2695 2689 2684
f 2695 2684 2690
f 2696 2690 2685
f 2696 2685 2691
f 2697 2691 2692
f 2697 2692 2698
f 2699 2693 2688
f 2699 2688 2694
f 2700 2694 2689
f 2700 2689 2695
f 2701 2695 2690
f 2701 2690 2696
f 2702 2696 2691
f 2702 2691 2697
f 2703 2697 2698
f 2703 2698 2704
f 2705 2699 2694
f 2705 2694 2700
f 2706 2700 2695
f 2706 2695 2701
f 2707 2701 2696
f 2707 2696 2702
f 2708 2702 2697
f 2708 2697 2703
f 2709 2703 2704
f 2709 2704 2710
f 2711 2705 2700
f 2711 2700 2706
f 2712 2706 2701
f 2712 2701 2707
f 2713 2707 2702
f 2713 2702 2708
f 2714 2708 2703
f 2714 2703 2709
f 2715 2709 2710
f 2715 2710 2716
f 2717 2715 2716
f 2717 2716 2718
f 2719 2715 2717
f 2720 2709 2715
f 2719 2720 2715
f 2720 2714 2709
f 2721 2720 2719
f 2721 2722 2720
f 2722 2714 2720
f 2723 2722 2721
f 2724 2708 2714
f 2722 2724 2714
f 2724 2713 2708
f 2723 2725 2722
f 2725 2724 2722
f 2726 2725 2723
f 2727 2713 2724
f 2725 2727 2724
f 2726 2728 2725
f 2728 2727 2725
f 2729 2728 2726
f 2727 2730 2713
f 2730 2707 2713
f 2730 2712 2707
f 2729 2731 2728
f 2732 2731 2729
f 2728 2733 2727
f 2733 2730 2727
f 2731 2733 2728
f 2734 2712 2730
f 2733 2734 2730
f 2732 2735 2731
f 2736 2735 2732
f 2731 2737 2733
f 2737 2734 2733
f 2735 2737 2731
f 2734 2738 2712
f 2738 2706 2712
f 2738 2711 2706
f 2736 2739 2735
f 2740 2739 2736
f 2735 2741 2737
f 2739 2741 2735
f 2737 2742 2734
f 2742 2738 2734
f 2741 2742 2737
f 2743 2711 2738
f 2742 2743 2738
f 2740 2744 2739
f 2745 2744 2740
f 2739 2746 2741
f 2744 2746 2739
f 2741 2747 2742
f 2747 2743 2742
f 2746 2747 2741
f 2743 2748 2711
f 2748 2705 2711
f 2745 2749 2744
f 2750 2749 2745
f 2744 2751 2746
f 2749 2751 2744
f 2747 2752 2743
f 2752 2748 2743
f 2746 2753 2747
f 2751 2753 2746
f 2753 2752 2747
f 2748 2754 2705
f 2754 2699 2705
f 2750 2755 2749
f 2756 2755 2750
f 2749 2757 2751
f 2755 2757 2749
f 2751 2758 2753
f 2757 2758 2751
f 2752 2759 2748
f 2759 2754 2748
f 2753 2760 2752
f 2758 2760 2753
f 2760 2759 2752
f 2754 2761 2699
f 2761 2693 2699
f 2756 2762 2755
f 2763 2762 2756
f 2755 2764 2757
f 2762 2764 2755
f 2757 2765 2758
f 2764 2765 2757
f 2758 2766 2760
f 2765 2766 2758
f 2759 2767 2754
f 2767 2761 2754
f 2760 2768 2759
f 2766 2768 2760
f 2768 2767 2759
f 2763 2769 2762
f 2770 2769 2763
f 2762 2771 2764
f 2769 2771 2762
f 2764 2772 2765
f 2771 2772 2764
f 2765 2773 2766
f 2772 2773 2765
f 2766 2774 2768
f 2773 2774 2766
f 2768 2775 2767
f 2774 2775 2768
f 2770 2776 2769
f 2777 2776 2770
f 2769 2778 2771
f 2776 2778 2769
f 2771 2779 2772
f 2778 2779 2771
f 2772 2780 2773
f 2779 2780 2772
f 2773 2781 2774
f 2780 2781 2773
f 2777 2782 2776
f 2783 2782 2777
f 2776 2784 2778
f 2782 2784 2776
f 2778 2785 2779
f 2784 2785 2778
f 2779 2786 2780
f 2785 2786 2779
f 2783 2787 2782
f 2788 2787 2783
f 2782 2789 2784
f 2787 2789 2782
f 2784 2790 2785
f 2789 2790 2784
f 2788 2791 2787
f 2792 2791 2788
f 2787 2793 2789
f 2791 2793 2787
f 2792 2794 2791
f 2795 2794 2792
f 2786 2796 2780
f 2780 2796 2781
f 2785 2797 2786
f 2790 2797 2785
f 2789 2798 2790
f 2793 2798 2789
f 2791 2799 2793
f 2794 2799 2791
f 2795 2800 2794
f 2801 2800 2795
f 2786 2802 2796
f 2797 2802 2786
f 2790 2803 2797
f 2798 2803 2790
f 2793 2804 2798
f 2799 2804 2793
f 2794 2805 2799
f 2800 2805 2794
f 2801 2806 2800
f 2807 2806 2801
f 2797 2808 2802
f 2803 2808 2797
f 2798 2809 2803
f 2804 2809 2798
f 2799 2810 2804
f 2805 2810 2799
f 2800 2811 2805
f 2806 2811 2800
f 2807 2812 2806
f 2813 2812 2807
f 2803 2814 2808
f 2809 2814 2803
f 2804 2815 2809
f 2810 2815 2804
f 2805 2816 2810
f 2811 2816 2805
f 2806 2817 2811
f 2812 2817 2806
f 2813 2818 2812
f 2819 2818 2813
f 2809 2820 2814
f 2815 2820 2809
f 2810 2821 2815
f 2816 2821 2810
f 2811 2822 2816
f 2817 2822 2811
f 2812 2823 2817
f 2818 2823 2812
f 2819 2824 2818
f 2825 2824 2819
f 2815 2826 2820
f 2821 2826 2815
f 2816 2827 2821
f 2822 2827 2816
f 2817 2828 2822
f 2823 2828 2817
f 2818 2829 2823
f 2824 2829 2818
f 2825 2830 2824
f 2831 2830 2825
f 2821 2832 2826
f 2827 2832 2821
f 2822 2833 2827
f 2828 2833 2822
f 2823 2834 2828
f 2829 2834 2823
f 2824 2835 2829
f 2830 2835 2824
f 2831 2836 2830
f 2837 2836 2831
f 2827 2838 2832
f 2833 2838 2827
f 2828 2839 2833
f 2834 2839 2828
f 2829 2840 2834
f 2835 2840 2829
f 2830 2841 2835
f 2836 2841 2830
f 2837 2842 2836
f 2843 2842 2837
f 2833 2844 2838
f 2839 2844 2833
f 2834 2845 2839
f 2840 2845 2834
f 2835 2846 2840
f 2841 2846 2835
f 2836 2847 2841
f 2842 2847 2836
f 2843 2848 2842
f 2849 2848 2843
f 2839 2850 2844
f 2845 2850 2839
f 2840 2851 2845
f 2846 2851 2840
f 2841 2852 2846
f 2847 2852 2841
f 2842 2853 2847
f 2848 2853 2842
f 2849 2854 2848
f 2855 2854 2849
f 2845 2856 2850
f 2851 2856 2845
f 2846 2857 2851
f 2852 2857 2846
f 2847 2858 2852
f 2853 2858 2847
f 2848 2859 2853
f 2854 2859 2848
f 2855 2860 2854
f 2861 2860 2855
f 2851 2862 2856
f 2857 2862 2851
f 2852 2863 2857
f 2858 2863 2852
f 2853 2864 2858
f 2859 2864 2853
f 2854 2865 2859
f 2860 2865 2854
f 2861 2866 2860
f 2867 2866 2861
f 2857 2868 2862
f 2863 2868 2857
f 2858 2869 2863
f 2864 2869 2858
f 2859 2870 2864
f 2865 2870 2859
f 2860 2871 2865
f 2866 2871 2860
f 2867 2872 2866
f 2873 2872 2867
f 2873 2874 2872
f 2872 2875 2866
f 2866 2875 2871
f 2874 2876 2872
f 2872 2876 2875
f 2874 2877 2876
f 2871 2878 2865
f 2865 2878 2870
f 2870 2879 2864
f 2864 2879 2869
f 2875 2880 2871
f 2871 2880 2878
f 2877 2881 2876
f 2877 2882 2881
f 2876 2883 2875
f 2875 2883 2880
f 2876 2881 2883
f 2878 2884 2870
f 2870 2884 2879
f 2882 2885 2881
f 2882 2886 2885
f 2880 2887 2878
f 2878 2887 2884
f 2881 2888 2883
f 2881 2885 2888
f 2883 2889 2880
f 2880 2889 2887
f 2883 2888 2889
f 2886 2890 2885
f 2886 2891 2890
f 2885 2892 2888
f 2885 2890 2892
f 2888 2893 2889
f 2888 2892 2893
f 2889 2894 2887
f 2889 2893 2894
f 2887 2895 2884
f 2887 2894 2895
f 2891 2896 2890
f 2891 2897 2896
f 2890 2898 2892
f 2890 2896 2898
f 2892 2899 2893
f 2892 2898 2899
f 2893 2900 2894
f 2893 2899 2900
f 2897 2901 2896
f 2897 2902 2901
f 2896 2903 2898
f 2896 2901 2903
f 2898 2904 2899
f 2898 2903 2904
f 2902 2905 2901
f 2902 2906 2905
f 2901 2907 2903
f 2901 2905 2907
f 2906 2908 2905
f 2906 2909 2908
f 2894 2900 2910
f 2894 2910 2895
f 2899 2911 2900
f 2899 2904 2911
f 2903 2912 2904
f 2903 2907 2912
f 2905 2913 2907
f 2905 2908 2913
f 2909 2914 2908
f 2909 2915 2914
f 2900 2916 2910
f 2900 2911 2916
f 2904 2917 2911
f 2904 2912 2917
f 2907 2918 2912
f 2907 2913 2918
f 2908 2919 2913
f 2908 2914 2919
f 2915 2920 2914
f 2915 2921 2920
f 2911 2922 2916
f 2911 2917 2922
f 2912 2923 2917
f 2912 2918 2923
f 2913 2924 2918
f 2913 2919 2924
f 2914 2925 2919
f 2914 2920 2925
f 2921 2926 2920
f 2921 2927 2926
f 2917 2928 2922
f 2917 2923 2928
f 2918 2929 2923
f 2918 2924 2929
f 2919 2930 2924
f 2919 2925 2930
f 2920 2931 2925
f 2920 2926 2931
f 2927 2932 2926
f 2927 2933 2932
f 2923 2934 2928
f 2923 2929 2934
f 2924 2935 2929
f 2924 2930 2935
f 2925 2936 2930
f 2925 2931 2936
f 2926 2937 2931
f 2926 2932 2937
f 2933 2938 2932
f 2933 2939 2938
f 2929 2940 2934
f 2929 2935 2940
f 2930 2941 2935
f 2930 2936 2941
f 2931 2942 2936
f 2931 2937 2942
f 2932 2943 2937
f 2932 2938 2943
f 2939 2944 2938
f 2939 2945 2944
f 2935 2946 2940
f 2935 2941 2946
f 2936 2947 2941
f 2936 2942 2947
f 2937 2948 2942
f 2937 2943 2948
f 2938 2949 2943
f 2938 2944 2949
f 2945 2950 2944
f 2945 2951 2950
f 2941 2952 2946
f 2941 2947 2952
f 2942 2953 2947
f 2942 2948 2953
f 2943 2954 2948
f 2943 2949 2954
f 2944 2955 2949
f 2944 2950 2955
f 2951 2956 2950
f 2951 2957 2956
f 2947 2958 2952
f 2947 2953 2958
f 2948 2959 2953
f 2948 2954 2959
f 2949 2960 2954
f 2949 2955 2960
f 2950 2961 2955
f 2950 2956 2961
f 2957 2962 2956
f 2957 2963 2962
f 2953 2964 2958
f 2953 2959 2964
f 2954 2965 2959
f 2954 2960 2965
f 2955 2966 2960
f 2955 2961 2966
f 2956 2967 2961
f 2956 2962 2967
f 2963 2968 2962
f 2963 2969 2968
f 2959 2970 2964
f 2959 2965 2970
f 2960 2971 2965
f 2960 2966 2971
f 2961 2972 2966
f 2961 2967 2972
f 2962 2973 2967
f 2962 2968 2973
f 2969 2974 2968
f 2969 2975 2974
f 2965 2976 2970
f 2965 2971 2976
f 2966 2977 2971
f 2966 2972 2977
f 2967 2978 2972
f 2967 2973 2978
f 2968 2979 2973
f 2968 2974 2979
f 2975 2980 2974
f 2975 2981 2980
f 2971 2982 2976
f 2971 2977 2982
f 2972 2983 2977
f 2972 2978 2983
f 2973 2984 2978
f 2973 2979 2984
f 2974 2985 2979
f 2974 2980 2985
f 2981 2986 2980
f 2981 2987 2986
f 2977 2988 2982
f 2977 2983 2988
f 2978 2989 2983
f 2978 2984 2989
f 2979 2990 2984
f 2979 2985 2990
f 2980 2991 2985
f 2980 2986 2991
f 2987 2992 2986
f 2987 2993 2992
f 2983 2994 2988
f 2983 2989 2994
f 2984 2995 2989
f 2984 2990 2995
f 2985 2996 2990
f 2985 2991 2996
f 2986 2997 2991
f 2986 2992 2997
f 2993 2998 2992
f 2993 2407 2998
f 2407 2406 2998
f 2992 2998 2999
f 2992 2999 2997
f 2998 2406 3000
f 2998 3000 2999
f 2406 2410 3000
f 2991 2997 3001
f 2991 3001 2996
f 2990 2996 3002
f 2990 3002 2995
f 2997 2999 3003
f 2997 3003 3001
f 3000 2410 3004
f 2410 2411 3004
f 3004 2411 2420
f 2999 3000 3005
f 3000 3004 3005
f 2999 3005 3003
f 3004 2420 3006
f 3005 3004 3006
f 3006 2420 2435
f 2996 3001 3007
f 2996 3007 3002
f 3001 3003 3008
f 3001 3008 3007
f 3003 3005 3009
f 3005 3006 3009
f 3003 3009 3008
f 3006 2435 3010
f 3009 3006 3010
f 3010 2435 2441
f 3008 3009 3011
f 3009 3010 3011
f 3010 2441 3012
f 3011 3010 3012
f 3012 2441 2447
f 3007 3008 3013
f 3008 3011 3013
f 3002 3007 3014
f 3007 3013 3014
f 3011 3012 3015
f 3013 3011 3015
f 3012 2447 3016
f 3015 3012 3016
f 3016 2447 2453
f 3013 3015 3017
f 3014 3013 3017
f 3002 3014 3018
f 2995 3002 3018
f 3015 3016 3019
f 3017 3015 3019
f 3016 2453 3020
f 3019 3016 3020
f 3020 2453 2459
f 3014 3017 3021
f 3018 3014 3021
f 2995 3018 3022
f 2989 2995 3022
f 2989 3022 2994
f 3017 3019 3023
f 3021 3017 3023
f 3019 3020 3024
f 3023 3019 3024
f 3020 2459 3025
f 3024 3020 3025
f 3025 2459 2465
f 3022 3018 3026
f 3018 3021 3026
f 2994 3022 3027
f 3022 3026 3027
f 3021 3023 3028
f 3026 3021 3028
f 3023 3024 3029
f 3028 3023 3029
f 3024 3025 3030
f 3029 3024 3030
f 3025 2465 3031
f 3030 3025 3031
f 3031 2465 2471
f 3026 3028 3032
f 3027 3026 3032
f 2994 3027 3033
f 2988 2994 3033
f 3028 3029 3034
f 3032 3028 3034
f 3029 3030 3035
f 3034 3029 3035
f 3030 3031 3036
f 3035 3030 3036
f 3031 2471 3037
f 3036 3031 3037
f 3037 2471 2477
f 3027 3032 3038
f 3033 3027 3038
f 2988 3033 3039
f 2982 2988 3039
f 3032 3034 3040
f 3038 3032 3040
f 3034 3035 3041
f 3040 3034 3041
f 3035 3036 3042
f 3041 3035 3042
f 3036 3037 3043
f 3042 3036 3043
f 3037 2477 3044
f 3043 3037 3044
f 3044 2477 2483
f 3044 2483 3045
f 3045 2483 2489
f 3043 3044 3046
f 3046 3044 3045
f 3042 3043 3047
f 3047 3043 3046
f 3041 3042 3048
f 3048 3042 3047
f 3040 3041 3049
f 3049 3041 3048
f 3045 2489 3050
f 3050 2489 2495
f 3046 3045 3051
f 3051 3045 3050
f 3047 3046 3052
f 3052 3046 3051
f 3048 3047 3053
f 3053 3047 3052
f 3050 2495 3054
f 3054 2495 2501
f 3051 3050 3055
f 3055 3050 3054
f 3052 3051 3056
f 3056 3051 3055
f 3054 2501 3057
f 3057 2501 2507
f 3055 3054 3058
f 3058 3054 3057
f 3057 2507 3059
f 3059 2507 2513
f 3060 3048 3053
f 3049 3048 3060
f 3053 3052 3061
f 3061 3052 3056
f 3056 3055 3062
f 3062 3055 3058
f 3058 3057 3063
f 3063 3057 3059
f 3059 2513 3064
f 3064 2513 2519
f 3060 3053 3065
f 3065 3053 3061
f 3061 3056 3066
f 3066 3056 3062
f 3062 3058 3067
f 3067 3058 3063
f 3063 3059 3068
f 3068 3059 3064
f 3064 2519 3069
f 3069 2519 2525
f 3065 3061 3070
f 3070 3061 3066
f 3066 3062 3071
f 3071 3062 3067
f 3067 3063 3072
f 3072 3063 3068
f 3068 3064 3073
f 3073 3064 3069
f 3069 2525 3074
f 3074 2525 2531
f 3070 3066 3075
f 3075 3066 3071
f 3071 3067 3076
f 3076 3067 3072
f 3072 3068 3077
f 3077 3068 3073
f 3073 3069 3078
f 3078 3069 3074
f 3074 2531 3079
f 3079 2531 2537
f 3075 3071 3080
f 3080 3071 3076
f 3076 3072 3081
f 3081 3072 3077
f 3077 3073 3082
f 3082 3073 3078
f 3078 3074 3083
f 3083 3074 3079
f 3079 2537 3084
f 3084 2537 2543
f 3080 3076 3085
f 3085 3076 3081
f 3081 3077 3086
f 3086 3077 3082
f 3082 3078 3087
f 3087 3078 3083
f 3083 3079 3088
f 3088 3079 3084
f 3085 3081 3089
f 3089 3081 3086
f 3086 3082 3090
f 3090 3082 3087
f 3087 3083 3091
f 3091 3083 3088
f 3089 3086 3092
f 3092 3086 3090
f 3090 3087 3093
f 3093 3087 3091
f 3092 3090 3094
f 3094 3090 3093
f 3088 3084 3095
f 3091 3088 3096
f 3096 3088 3095
f 3093 3091 3097
f 3097 3091 3096
f 3094 3093 3098
f 3098 3093 3097
f 3095 3084 3099
f 3084 2543 3099
f 3099 2543 3100
f 2543 2538 3100
f 3100 2538 2544
f 3100 2544 3101
f 3101 2544 2554
f 3099 3100 3102
f 3102 3100 3101
f 3095 3099 3103
f 3103 3099 3102
f 3096 3095 3104
f 3104 3095 3103
f 3097 3096 3105
f 3105 3096 3104
f 3101 2554 3106
f 3106 2554 2559
f 3106 2559 2570
f 3102 3101 3107
f 3107 3101 3106
f 3108 3106 2570
f 3107 3106 3108
f 3108 2570 2585
f 3103 3102 3109
f 3109 3102 3107
f 3104 3103 3110
f 3110 3103 3109
f 3111 3107 3108
f 3109 3107 3111
f 3112 3108 2585
f 3111 3108 3112
f 3112 2585 2591
f 3113 3109 3111
f 3110 3109 3113
f 3114 3104 3110
f 3105 3104 3114
f 3115 3112 2591
f 3115 2591 2597
f 3116 3111 3112
f 3113 3111 3116
f 3116 3112 3115
f 3117 3110 3113
f 3114 3110 3117
f 3118 3115 2597
f 3118 2597 2603
f 3119 3116 3115
f 3119 3115 3118
f 3120 3113 3116
f 3117 3113 3120
f 3120 3116 3119
f 3121 3118 2603
f 3121 2603 2609
f 3122 3119 3118
f 3122 3118 3121
f 3123 3120 3119
f 3123 3119 3122
f 3124 3117 3120
f 3124 3120 3123
f 3125 3114 3117
f 3125 3117 3124
f 3126 3121 2609
f 3126 2609 2615
f 3127 3122 3121
f 3127 3121 3126
f 3128 3123 3122
f 3128 3122 3127
f 3129 3124 3123
f 3129 3123 3128
f 3130 3126 2615
f 3130 2615 2621
f 3131 3127 3126
f 3131 3126 3130
f 3132 3128 3127
f 3132 3127 3131
f 3133 3130 2621
f 3133 2621 2627
f 3134 3131 3130
f 3134 3130 3133
f 3135 3133 2627
f 3135 2627 2633
f 3136 3124 3129
f 3136 3125 3124
f 3137 3129 3128
f 3137 3128 3132
f 3138 3132 3131
f 3138 3131 3134
f 3139 3134 3133
f 3139 3133 3135
f 3140 3135 2633
f 3140 2633 2639
f 3141 3136 3129
f 3141 3129 3137
f 3142 3137 3132
f 3142 3132 3138
f 3143 3138 3134
f 3143 3134 3139
f 3144 3139 3135
f 3144 3135 3140
f 3145 3140 2639
f 3145 2639 2645
f 3146 3141 3137
f 3146 3137 3142
f 3147 3142 3138
f 3147 3138 3143
f 3148 3143 3139
f 3148 3139 3144
f 3149 3144 3140
f 3149 3140 3145
f 3150 3145 2645
f 3150 2645 2651
f 3151 3146 3142
f 3151 3142 3147
f 3152 3147 3143
f 3152 3143 3148
f 3153 3148 3144
f 3153 3144 3149
f 3154 3149 3145
f 3154 3145 3150
f 3155 3150 2651
f 3155 2651 2657
f 3156 3151 3147
f 3156 3147 3152
f 3157 3152 3148
f 3157 3148 3153
f 3158 3153 3149
f 3158 3149 3154
f 3159 3154 3150
f 3159 3150 3155
f 3160 3155 2657
f 3160 2657 2663
f 3161 3156 3152
f 3161 3152 3157
f 3162 3157 3153
f 3162 3153 3158
f 3163 3158 3154
f 3163 3154 3159
f 3164 3159 3155
f 3164 3155 3160
f 3165 3160 2663
f 3165 2663 2669
f 3166 3161 3157
f 3166 3157 3162
f 3167 3162 3158
f 3167 3158 3163
f 3168 3163 3159
f 3168 3159 3164
f 3169 3164 3160
f 3169 3160 3165
f 3170 3165 2669
f 3170 2669 2675
f 3171 3166 3162
f 3171 3162 3167
f 3172 3167 3163
f 3172 3163 3168
f 3173 3168 3164
f 3173 3164 3169
f 3174 3169 3165
f 3174 3165 3170
f 3175 3170 2675
f 3175 2675 2681
f 3176 3171 3167
f 3176 3167 3172
f 3177 3172 3168
f 3177 3168 3173
f 3178 3173 3169
f 3178 3169 3174
f 3179 3174 3170
f 3179 3170 3175
f 3180 3175 2681
f 3180 2681 2687
f 3181 3176 3172
f 3181 3172 3177
f 3182 3177 3173
f 3182 3173 3178
f 3183 3178 3174
f 3183 3174 3179
f 3184 3179 3175
f 3184 3175 3180
f 3185 3180 2687
f 3185 2687 2693
f 2761 3185 2693
f 3186 3180 3185
f 3186 3184 3180
f 3187 3185 2761
f 3187 3186 3185
f 2767 3187 2761
f 2775 3187 2767
f 3188 3179 3184
f 3188 3183 3179
f 3189 3178 3183
f 3189 3182 3178
f 3190 3186 3187
f 2775 3190 3187
f 3191 3184 3186
f 3191 3188 3184
f 3190 3191 3186
f 3192 3183 3188
f 3192 3189 3183
f 3193 3190 2775
f 2774 3193 2775
f 2781 3193 2774
f 3194 3191 3190
f 3193 3194 3190
f 3195 3188 3191
f 3195 3192 3188
f 3194 3195 3191
f 2781 3196 3193
f 3196 3194 3193
f 2796 3196 2781
f 3197 3195 3194
f 3196 3197 3194
f 2796 3198 3196
f 3198 3197 3196
f 2802 3198 2796
f 3199 3192 3195
f 3197 3199 3195
f 2802 3200 3198
f 2808 3200 2802
f 3198 3201 3197
f 3201 3199 3197
f 3200 3201 3198
f 3199 3202 3192
f 3202 3189 3192
f 2808 3203 3200
f 2814 3203 2808
f 3201 3204 3199
f 3204 3202 3199
f 3200 3205 3201
f 3203 3205 3200
f 3205 3204 3201
f 3202 3206 3189
f 3206 3182 3189
f 2814 3207 3203
f 2820 3207 2814
f 3203 3208 3205
f 3207 3208 3203
f 3205 3209 3204
f 3208 3209 3205
f 3204 3210 3202
f 3210 3206 3202
f 3209 3210 3204
f 3206 3211 3182
f 3211 3177 3182
f 3211 3181 3177
f 2820 3212 3207
f 2826 3212 2820
f 3207 3213 3208
f 3212 3213 3207
f 3208 3214 3209
f 3213 3214 3208
f 3210 3215 3206
f 3215 3211 3206
f 3209 3216 3210
f 3214 3216 3209
f 3216 3215 3210
f 3217 3181 3211
f 3215 3217 3211
f 2826 3218 3212
f 2832 3218 2826
f 3212 3219 3213
f 3218 3219 3212
f 3213 3220 3214
f 3219 3220 3213
f 3214 3221 3216
f 3220 3221 3214
f 3216 3222 3215
f 3222 3217 3215
f 3221 3222 3216
f 3217 3223 3181
f 3223 3176 3181
f 2832 3224 3218
f 2838 3224 2832
f 3218 3225 3219
f 3224 3225 3218
f 3219 3226 3220
f 3225 3226 3219
f 3220 3227 3221
f 3226 3227 3220
f 3221 3228 3222
f 3227 3228 3221
f 3222 3229 3217
f 3228 3229 3222
f 3229 3223 3217
f 2838 3230 3224
f 2844 3230 2838
f 3224 3231 3225
f 3230 3231 3224
f 3225 3232 3226
f 3231 3232 3225
f 3226 3233 3227
f 3232 3233 3226
f 3227 3234 3228
f 3233 3234 3227
f 3228 3235 3229
f 3234 3235 3228
f 3229 3236 3223
f 3235 3236 3229
f 2844 3237 3230
f 2850 3237 2844
f 3230 3238 3231
f 3237 3238 3230
f 3231 3239 3232
f 3238 3239 3231
f 3232 3240 3233
f 3239 3240 3232
f 3233 3241 3234
f 3240 3241 3233
f 3234 3242 3235
f 3241 3242 3234
f 2850 3243 3237
f 2856 3243 2850
f 3237 3244 3238
f 3243 3244 3237
f 3238 3245 3239
f 3244 3245 3238
f 3239 3246 3240
f 3245 3246 3239
f 3240 3247 3241
f 3246 3247 3240
f 2856 3248 3243
f 2862 3248 2856
f 3243 3249 3244
f 3248 3249 3243
f 3244 3250 3245
f 3249 3250 3244
f 3245 3251 3246
f 3250 3251 3245
f 2862 3252 3248
f 2868 3252 2862
f 3248 3253 3249
f 3252 3253 3248
f 3249 3254 3250
f 3253 3254 3249
f 3246 3255 3247
f 3251 3255 3246
f 3250 3256 3251
f 3254 3256 3250
f 3251 3257 3255
f 3256 3257 3251
f 2868 3258 3252
f 3252 3259 3253
f 3258 3259 3252
f 3253 3260 3254
f 3259 3260 3253
f 3254 3261 3256
f 3260 3261 3254
f 3256 3262 3257
f 3261 3262 3256
f 3263 3258 2868
f 2863 3263 2868
f 2869 3263 2863
f 2869 3264 3263
f 2879 3264 2869
f 3263 3265 3258
f 3264 3265 3263
f 3258 3266 3259
f 3265 3266 3258
f 3259 3267 3260
f 3266 3267 3259
f 3260 3268 3261
f 3267 3268 3260
f 2879 3269 3264
f 2884 3269 2879
f 2884 2895 3269
f 3264 3270 3265
f 3269 3270 3264
f 2895 3271 3269
f 3269 3271 3270
f 2895 2910 3271
f 3265 3272 3266
f 3270 3272 3265
f 3266 3273 3267
f 3272 3273 3266
f 2910 3274 3271
f 2910 2916 3274
f 3271 3275 3270
f 3270 3275 3272
f 3271 3274 3275
f 2916 3276 3274
f 2916 2922 3276
f 3275 3277 3272
f 3272 3277 3273
f 3274 3278 3275
f 3274 3276 3278
f 3275 3278 3277
f 3273 3279 3267
f 3267 3279 3268
f 2922 3280 3276
f 2922 2928 3280
f 3276 3281 3278
f 3276 3280 3281
f 3278 3282 3277
f 3278 3281 3282
f 3277 3283 3273
f 3273 3283 3279
f 3277 3282 3283
f 2928 3284 3280
f 2928 2934 3284
f 3280 3285 3281
f 3280 3284 3285
f 3281 3286 3282
f 3281 3285 3286
f 3282 3287 3283
f 3282 3286 3287
f 3283 3288 3279
f 3283 3287 3288
f 2934 3289 3284
f 2934 2940 3289
f 3284 3290 3285
f 3284 3289 3290
f 3285 3291 3286
f 3285 3290 3291
f 3286 3292 3287
f 3286 3291 3292
f 2940 3293 3289
f 2940 2946 3293
f 3289 3294 3290
f 3289 3293 3294
f 3290 3295 3291
f 3290 3294 3295
f 2946 3296 3293
f 2946 2952 3296
f 3293 3297 3294
f 3293 3296 3297
f 2952 3298 3296
f 2952 2958 3298
f 3287 3292 3299
f 3287 3299 3288
f 3291 3300 3292
f 3291 3295 3300
f 3294 3301 3295
f 3294 3297 3301
f 3296 3302 3297
f 3296 3298 3302
f 2958 3303 3298
f 2958 2964 3303
f 3292 3304 3299
f 3292 3300 3304
f 3295 3305 3300
f 3295 3301 3305
f 3297 3306 3301
f 3297 3302 3306
f 3298 3307 3302
f 3298 3303 3307
f 2964 3308 3303
f 2964 2970 3308
f 3300 3309 3304
f 3300 3305 3309
f 3301 3310 3305
f 3301 3306 3310
f 3302 3311 3306
f 3302 3307 3311
f 3303 3312 3307
f 3303 3308 3312
f 2970 3313 3308
f 2970 2976 3313
f 3305 3314 3309
f 3305 3310 3314
f 3306 3315 3310
f 3306 3311 3315
f 3307 3316 3311
f 3307 3312 3316
f 3308 3317 3312
f 3308 3313 3317
f 2976 3318 3313
f 2976 2982 3318
f 2982 3039 3318
f 3313 3318 3319
f 3313 3319 3317
f 3312 3317 3320
f 3312 3320 3316
f 3311 3316 3321
f 3311 3321 3315
f 3318 3039 3322
f 3318 3322 3319
f 3317 3319 3323
f 3317 3323 3320
f 3316 3320 3324
f 3316 3324 3321
f 3039 3325 3322
f 3039 3033 3325
f 3033 3038 3325
f 3319 3322 3326
f 3319 3326 3323
f 3320 3323 3327
f 3320 3327 3324
f 3325 3038 3328
f 3038 3040 3328
f 3328 3040 3049
f 3322 3325 3329
f 3325 3328 3329
f 3322 3329 3326
f 3328 3049 3330
f 3329 3328 3330
f 3330 3049 3060
f 3323 3326 3331
f 3323 3331 3327
f 3326 3329 3332
f 3329 3330 3332
f 3326 3332 3331
f 3330 3060 3333
f 3332 3330 3333
f 3333 3060 3065
f 3331 3332 3334
f 3332 3333 3334
f 3333 3065 3335
f 3334 3333 3335
f 3335 3065 3070
f 3327 3331 3336
f 3331 3334 3336
f 3335 3070 3337
f 3337 3070 3075
f 3334 3335 3338
f 3336 3334 3338
f 3338 3335 3337
f 3327 3336 3339
f 3324 3327 3339
f 3337 3075 3340
f 3340 3075 3080
f 3338 3337 3341
f 3341 3337 3340
f 3336 3338 3342
f 3339 3336 3342
f 3342 3338 3341
f 3324 3339 3343
f 3321 3324 3343
f 3340 3080 3344
f 3344 3080 3085
f 3339 3342 3345
f 3343 3339 3345
f 3342 3341 3346
f 3345 3342 3346
f 3341 3340 3347
f 3347 3340 3344
f 3346 3341 3347
f 3321 3343 3348
f 3315 3321 3348
f 3344 3085 3349
f 3349 3085 3089
f 3343 3345 3350
f 3348 3343 3350
f 3345 3346 3351
f 3350 3345 3351
f 3347 3344 3352
f 3352 3344 3349
f 3346 3347 3353
f 3351 3346 3353
f 3353 3347 3352
f 3315 3348 3354
f 3310 3315 3354
f 3310 3354 3314
f 3349 3089 3355
f 3355 3089 3092
f 3352 3349 3356
f 3356 3349 3355
f 3353 3352 3357
f 3357 3352 3356
f 3351 3353 3358
f 3358 3353 3357
f 3354 3348 3359
f 3348 3350 3359
f 3350 3351 3360
f 3360 3351 3358
f 3359 3350 3360
f 3314 3354 3361
f 3354 3359 3361
f 3355 3092 3362
f 3362 3092 3094
f 3356 3355 3363
f 3363 3355 3362
f 3357 3356 3364
f 3364 3356 3363
f 3358 3357 3365
f 3365 3357 3364
f 3359 3360 3366
f 3361 3359 3366
f 3360 3358 3367
f 3367 3358 3365
f 3366 3360 3367
f 3362 3094 3368
f 3368 3094 3098
f 3363 3362 3369
f 3369 3362 3368
f 3364 3363 3370
f 3370 3363 3369
f 3365 3364 3371
f 3371 3364 3370
f 3367 3365 3372
f 3372 3365 3371
f 3366 3367 3373
f 3373 3367 3372
f 3374 3366 3373
f 3361 3366 3374
f 3375 3361 3374
f 3314 3361 3375
f 3309 3314 3375
f 3309 3375 3376
f 3304 3309 3376
f 3375 3374 3377
f 3376 3375 3377
f 3374 3373 3378
f 3377 3374 3378
f 3373 3372 3379
f 3378 3373 3379
f 3372 3371 3380
f 3379 3372 3380
f 3304 3376 3381
f 3299 3304 3381
f 3376 3377 3382
f 3381 3376 3382
f 3377 3378 3383
f 3382 3377 3383
f 3378 3379 3384
f 3383 3378 3384
f 3299 3381 3385
f 3288 3299 3385
f 3381 3382 3386
f 3385 3381 3386
f 3382 3383 3387
f 3386 3382 3387
f 3288 3385 3388
f 3279 3288 3388
f 3279 3388 3268
f 3385 3386 3389
f 3388 3385 3389
f 3268 3388 3390
f 3388 3389 3390
f 3268 3390 3261
f 3261 3390 3262
f 3389 3386 3391
f 3386 3387 3391
f 3390 3389 3392
f 3390 3392 3262
f 3389 3391 3392
f 3387 3383 3393
f 3383 3384 3393
f 3262 3392 3394
f 3262 3394 3257
f 3392 3391 3395
f 3392 3395 3394
f 3391 3387 3396
f 3387 3393 3396
f 3391 3396 3395
f 3257 3394 3397
f 3257 3397 3255
f 3394 3395 3398
f 3394 3398 3397
f 3395 3396 3399
f 3395 3399 3398
f 3396 3393 3400
f 3396 3400 3399
f 3393 3384 3401
f 3393 3401 3400
f 3255 3397 3402
f 3255 3402 3247
f 3397 3398 3403
f 3397 3403 3402
f 3398 3399 3404
f 3398 3404 3403
f 3399 3400 3405
f 3399 3405 3404
f 3247 3402 3406
f 3247 3406 3241
f 3241 3406 3242
f 3402 3403 3407
f 3402 3407 3406
f 3403 3404 3408
f 3403 3408 3407
f 3406 3409 3242
f 3406 3407 3409
f 3400 3410 3405
f 3400 3401 3410
f 3404 3405 3411
f 3404 3411 3408
f 3407 3408 3412
f 3407 3412 3409
f 3242 3409 3413
f 3242 3413 3235
f 3235 3413 3236
f 3409 3414 3413
f 3409 3412 3414
f 3408 3415 3412
f 3408 3411 3415
f 3405 3416 3411
f 3405 3410 3416
f 3413 3417 3236
f 3413 3414 3417
f 3412 3418 3414
f 3412 3415 3418
f 3411 3419 3415
f 3411 3416 3419
f 3236 3417 3420
f 3236 3420 3223
f 3223 3420 3176
f 3420 3171 3176
f 3420 3421 3171
f 3417 3421 3420
f 3421 3166 3171
f 3414 3422 3417
f 3417 3422 3421
f 3414 3418 3422
f 3421 3423 3166
f 3422 3423 3421
f 3423 3161 3166
f 3418 3424 3422
f 3422 3424 3423
f 3423 3425 3161
f 3424 3425 3423
f 3425 3156 3161
f 3418 3426 3424
f 3415 3426 3418
f 3415 3419 3426
f 3424 3427 3425
f 3426 3427 3424
f 3425 3428 3156
f 3427 3428 3425
f 3428 3151 3156
f 3419 3429 3426
f 3426 3429 3427
f 3428 3430 3151
f 3430 3146 3151
f 3427 3431 3428
f 3429 3431 3427
f 3431 3430 3428
f 3419 3432 3429
f 3416 3432 3419
f 3430 3433 3146
f 3433 3141 3146
f 3429 3434 3431
f 3432 3434 3429
f 3431 3435 3430
f 3435 3433 3430
f 3434 3435 3431
f 3416 3436 3432
f 3410 3436 3416
f 3433 3437 3141
f 3437 3136 3141
f 3432 3438 3434
f 3436 3438 3432
f 3434 3439 3435
f 3438 3439 3434
f 3435 3440 3433
f 3440 3437 3433
f 3439 3440 3435
f 3410 3441 3436
f 3401 3441 3410
f 3437 3442 3136
f 3442 3125 3136
f 3436 3443 3438
f 3441 3443 3436
f 3438 3444 3439
f 3443 3444 3438
f 3440 3445 3437
f 3445 3442 3437
f 3439 3446 3440
f 3444 3446 3439
f 3446 3445 3440
f 3401 3447 3441
f 3384 3447 3401
f 3384 3379 3447
f 3379 3380 3447
f 3447 3448 3441
f 3441 3448 3443
f 3447 3380 3448
f 3443 3449 3444
f 3448 3449 3443
f 3380 3450 3448
f 3448 3450 3449
f 3380 3371 3450
f 3371 3370 3450
f 3450 3370 3451
f 3450 3451 3449
f 3370 3369 3451
f 3449 3452 3444
f 3449 3451 3452
f 3444 3452 3446
f 3451 3369 3453
f 3451 3453 3452
f 3369 3368 3453
f 3452 3454 3446
f 3452 3453 3454
f 3446 3454 3445
f 3453 3368 3455
f 3453 3455 3454
f 3368 3098 3455
f 3454 3456 3445
f 3454 3455 3456
f 3445 3456 3442
f 3455 3098 3457
f 3455 3457 3456
f 3098 3097 3457
f 3457 3097 3105
f 3456 3458 3442
f 3456 3457 3458
f 3457 3105 3458
f 3442 3458 3125
f 3458 3105 3114
f 3458 3114 3125
v 28.91342 0.06733754 -21.3782
v 25.90285 0.3439007 -21.83017
v 28.73421 -0.05419752 -20.34288
v 25.87135 0.1733112 -20.72243
v 25.90285 0.3439007 -21.83017
v 25.60756 -6.305192 -12.42091
v 25.87135 0.1733112 -20.72243
v 25.60895 -5.735251 -12.36111
v 25.60756 -6.305192 -12.42091
v 28.71174 -6.35746 -12.28466
v 25.60895 -5.735251 -12.36111
v 28.71314 -5.78752 -12.22487
v 28.71174 -6.35746 -12.28466
v 28.91342 0.06733754 -21.3782
v 28.71314 -5.78752 -12.22487
v 28.73421 -0.05419752 -20.34288
v 28.73421 -0.05419752 -20.34288
v 25.87135 0.1733112 -20.72243
v 28.71314 -5.78752 -12.22487
v 25.60895 -5.735251 -12.36111
v 28.71174 -6.35746 -12.28466
v 25.60756 -6.305192 -12.42091
v 28.91342 0.06733754 -21.3782
v 25.90285 0.3439007 -21.83017
f 3459 3460 3461
f 3460 3462 3461
f 3463 3464 3465
f 3464 3466 3465
f 3467 3468 3469
f 3468 3470 3469
f 3471 3472 3473
f 3472 3474 3473
f 3475 3476 3477
f 3476 3478 3477
f 3479 3480 3481
f 3480 3482 3481
v -58.11103 -12 30.23267
v -39.66261 -12 31.46447
v -54.65733 -6 27.2113
v -42.68399 -6 28.01076
v -39.66261 -12 31.46447
v -38.43081 -12 13.01605
v -42.68399 -6 28.01076
v -41.88453 -6 16.03742
v -38.43081 -12 13.01605
v -56.87923 -12 11.78424
v -41.88453 -6 16.03742
v -53.85787 -6 15.23796
v -56.87923 -12 11.78424
v -58.11103 -12 30.23267
v -53.85787 -6 15.23796
v -54.65733 -6 27.2113
v -51.14036 -12 18.34432
v -44.99089 -12 18.75492
v -51.55096 -12 24.49379
v -45.40148 -12 24.90439
v -38.43081 -12 13.01605
v -56.87923 -12 11.78424
v -46.14213 -2 19.76204
v -46.40862 -2 23.75316
v -41.88453 -6 16.03742
v -42.68399 -6 28.01076
v -50.13324 -2 19.49556
v -46.14213 -2 19.76204
v -53.85787 -6 15.23796
v -41.88453 -6 16.03742
v -58.11103 -12 30.23267
v -50.39973 -2 23.48667
v -50.13324 -2 19.49556
v -54.65733 -6 27.2113
v -53.85787 -6 15.23796
v -39.66261 -12 31.46447
v -46.40862 -2 23.75316
v -50.39973 -2 23.48667
v -42.68399 -6 28.01076
v -54.65733 -6 27.2113
v -50.39973 -2 23.48667
v -46.40862 -2 23.75316
v -50.13324 -2 19.49556
v -46.14213 -2 19.76204
f 3483 3484 3485
f 3484 3486 3485
f 3487 3488 3489
f 3488 3490 3489
f 3491 3492 3493
f 3492 3494 3493
f 3495 3496 3497
f 3496 3498 3497
f 3499 3500 3501
f 3500 3502 3501
f 3500 3499 3503
f 3499 3504 3503
f 3505 3506 3507
f 3506 3508 3507
f 3509 3510 3511
f 3510 3512 3511
f 3499 3501 3504
f 3501 3513 3504
f 3514 3515 3516
f 3515 3517 3516
f 3501 3502 3513
f 3502 3518 3513
f 3519 3520 3521
f 3520 3522 3521
f 3502 3500 3518
f 3500 3503 3518
f 3523 3524 3525
f 3524 3526 3525
v 4.619858 11 -12.99051
v 4.127458 11 -12.90367
v 4.127458 11.5 -12.90367
v 4.619858 11.5 -12.99051
v 5.284861 11.5 -6.341266
v 5.777238 11 -6.428246
v 5.777238 11.5 -6.428246
v 5.284861 11 -6.341266
v 5.777238 11 -6.428246
v 5.674838 11 -7.008849
v 5.674838 11.5 -7.008849
v 5.777238 11.5 -6.428246
v -0.1608115 11.5 -5.980402
v -0.05824876 11 -5.398878
v -0.05824876 11.5 -5.398878
v -0.1608115 11 -5.980402
v 5.18238 11.5 -6.922329
v 5.777238 11.5 -6.428246
v 5.674838 11.5 -7.008849
v 5.284861 11.5 -6.341266
v 5.777236 5 -6.428248
v 5.284859 5 -6.341271
v 5.182378 5 -6.922333
v 5.674835 5 -7.008852
v 4.706703 11 -12.49811
v 4.706703 11.5 -12.49811
v 4.619858 11 -12.99051
v 4.619858 11.5 -12.99051
v -1.128814 11.5 -11.46891
v -1.128814 11 -11.46891
v -1.215658 11.5 -11.96131
v -1.215658 11 -11.96131
v 4.214302 11.5 -12.41127
v 4.619858 11.5 -12.99051
v 4.127458 11.5 -12.90367
v 4.706703 11.5 -12.49811
v 4.619857 5 -12.99051
v 4.706701 5 -12.49811
v 4.214301 5 -12.41127
v 4.127457 5 -12.90367
v 4.706703 11 -12.49811
v 5.674838 11 -7.008849
v 5.18238 11 -6.922329
v 4.214302 11 -12.41127
v -0.7232577 11 -12.04816
v -1.215658 11 -11.96131
v -1.215658 11.5 -11.96131
v -0.7232577 11.5 -12.04816
v -0.05824876 11.5 -5.398878
v 0.434149 11 -5.485737
v 0.434149 11.5 -5.485737
v -0.05824876 11 -5.398878
v -0.1608115 11.5 -5.980402
v 0.434149 11.5 -5.485737
v 0.3316269 11.5 -6.067029
v -0.05824876 11.5 -5.398878
v 0.4341507 5 -5.485742
v -0.05824661 5 -5.398882
v -0.1608095 5 -5.980405
v 0.3316288 5 -6.067034
v -1.215658 11.5 -11.96131
v -1.128814 11.5 -11.46891
v -0.6364132 11.5 -11.55575
v -0.7232577 11.5 -12.04816
v -0.7232543 5 -12.04815
v -0.6364099 5 -11.55575
v -1.215654 5 -11.96131
v -1.12881 5 -11.46891
v 0.3316269 11 -6.067029
v -0.1608115 11 -5.980402
v -0.6364132 11 -11.55575
v -1.128814 11 -11.46891
v 5.777238 11 -6.428246
v 5.284861 11 -6.341266
v 5.777236 5 -6.428248
v 5.284859 5 -6.341271
v 5.284861 11 -6.341266
v 5.18238 11 -6.922329
v 5.284859 5 -6.341271
v 5.182378 5 -6.922333
v 5.674838 11 -7.008849
v 5.777238 11 -6.428246
v 5.674835 5 -7.008852
v 5.777236 5 -6.428248
v 5.18238 11 -6.922329
v 5.674838 11 -7.008849
v 5.182378 5 -6.922333
v 5.674835 5 -7.008852
v 4.619858 11 -12.99051
v 4.706703 11 -12.49811
v 4.619857 5 -12.99051
v 4.706701 5 -12.49811
v 4.706703 11 -12.49811
v 4.214302 11 -12.41127
v 4.706701 5 -12.49811
v 4.214301 5 -12.41127
v 4.127458 11 -12.90367
v 4.619858 11 -12.99051
v 4.127457 5 -12.90367
v 4.619857 5 -12.99051
v 4.214302 11 -12.41127
v 4.127458 11 -12.90367
v 4.214301 5 -12.41127
v 4.127457 5 -12.90367
v 0.434149 11 -5.485737
v -0.05824876 11 -5.398878
v 0.4341507 5 -5.485742
v -0.05824661 5 -5.398882
v -0.05824876 11 -5.398878
v -0.1608115 11 -5.980402
v -0.05824661 5 -5.398882
v -0.1608095 5 -5.980405
v 0.3316269 11 -6.067029
v 0.434149 11 -5.485737
v 0.3316288 5 -6.067034
v 0.4341507 5 -5.485742
v -0.507324 11 -7.950155
v -0.01488559 11 -8.036783
v -0.5073218 5 -7.950159
v -0.01488367 5 -8.036788
v -0.7232577 11 -12.04816
v -0.6364132 11 -11.55575
v -0.7232543 5 -12.04815
v -0.6364099 5 -11.55575
v -1.215658 11 -11.96131
v -0.7232577 11 -12.04816
v -1.215654 5 -11.96131
v -0.7232543 5 -12.04815
v -0.6364132 11 -11.55575
v -1.128814 11 -11.46891
v -0.6364099 5 -11.55575
v -1.12881 5 -11.46891
v -1.128814 11 -11.46891
v -1.215658 11 -11.96131
v -1.12881 5 -11.46891
v -1.215654 5 -11.96131
v 2.723548 11 -12.65607
v 2.723548 11.5 -12.65607
v 3.880954 11.5 -6.093653
v 5.284861 11 -6.341266
v 5.284861 11.5 -6.341266
v 3.880954 11 -6.093653
v 3.778452 11.5 -6.674831
v 3.880954 11.5 -6.093653
v 5.284861 11 -6.341266
v 3.880954 11 -6.093653
v 3.778452 11 -6.674831
v 0.434149 11 -5.485737
v 2.810393 11.5 -12.16366
v 2.723548 11.5 -12.65607
v 4.127458 11 -12.90367
v 2.723548 11 -12.65607
v 2.810393 11 -12.16366
v -0.7232577 11 -12.04816
v -0.1608115 11 -5.980402
v 0.3316269 11 -6.067029
v -0.507324 11 -7.950155
v -0.01488559 11 -8.036783
v -0.1608095 5 -5.980405
v -0.1608115 11 -5.980402
v -0.5073218 5 -7.950159
v -0.507324 11 -7.950155
v 0.3316269 11 -6.067029
v 0.3316288 5 -6.067034
v -0.01488559 11 -8.036783
v -0.01488367 5 -8.036788
v -0.01488367 5 -8.036788
v -0.5073218 5 -7.950159
f 3527 3528 3529
f 3530 3527 3529
f 3531 3532 3533
f 3531 3534 3532
f 3535 3536 3537
f 3538 3535 3537
f 3539 3540 3541
f 3539 3542 3540
f 3543 3544 3545
f 3543 3546 3544
f 3547 3548 3549
f 3550 3547 3549
f 3537 3536 3551
f 3537 3551 3552
f 3552 3551 3553
f 3552 3553 3554
f 3555 3556 3539
f 3556 3542 3539
f 3557 3558 3555
f 3558 3556 3555
f 3559 3560 3561
f 3559 3562 3560
f 3543 3562 3559
f 3543 3545 3562
f 3563 3564 3565
f 3566 3563 3565
f 3567 3568 3569
f 3570 3567 3569
f 3571 3572 3573
f 3574 3571 3573
f 3575 3576 3577
f 3575 3578 3576
f 3579 3580 3581
f 3579 3582 3580
f 3583 3584 3585
f 3586 3583 3585
f 3587 3588 3589
f 3587 3589 3590
f 3588 3579 3589
f 3589 3579 3581
f 3591 3592 3593
f 3592 3594 3593
f 3595 3596 3597
f 3597 3596 3598
f 3599 3600 3601
f 3600 3602 3601
f 3603 3604 3605
f 3604 3606 3605
f 3607 3608 3609
f 3608 3610 3609
f 3611 3612 3613
f 3612 3614 3613
f 3615 3616 3617
f 3616 3618 3617
f 3619 3620 3621
f 3620 3622 3621
f 3623 3624 3625
f 3624 3626 3625
f 3627 3628 3629
f 3628 3630 3629
f 3631 3632 3633
f 3632 3634 3633
f 3635 3636 3637
f 3636 3638 3637
f 3639 3640 3641
f 3640 3642 3641
f 3643 3644 3645
f 3644 3646 3645
f 3647 3648 3649
f 3648 3650 3649
f 3651 3652 3653
f 3652 3654 3653
f 3655 3656 3657
f 3656 3658 3657
f 3659 3660 3661
f 3660 3662 3661
f 3528 3663 3529
f 3663 3664 3529
f 3663 3571 3664
f 3571 3574 3664
f 3665 3666 3667
f 3665 3668 3666
f 3577 3668 3665
f 3577 3576 3668
f 3669 3546 3543
f 3669 3670 3546
f 3581 3670 3669
f 3581 3580 3670
f 3671 3672 3673
f 3569 3671 3673
f 3672 3674 3595
f 3673 3672 3595
f 3590 3589 3675
f 3676 3590 3675
f 3676 3675 3559
f 3676 3559 3561
f 3589 3581 3669
f 3589 3669 3675
f 3675 3669 3543
f 3675 3543 3559
f 3677 3570 3678
f 3570 3679 3678
f 3679 3680 3678
f 3679 3597 3680
f 3570 3569 3679
f 3569 3673 3679
f 3679 3673 3597
f 3673 3595 3597
f 3681 3682 3683
f 3682 3684 3683
f 3685 3686 3687
f 3686 3688 3687
f 3689 3690 3691
f 3690 3692 3691
f 3586 3585 3693
f 3585 3694 3693
v -24 -8 -36
v -12 -8 -36
v -24 -6 -36
v -12 -6 -36
v -12 -8 -36
v -12 -8 -48
v -12 -6 -36
v -12 -6 -48
v -12 -8 -48
v -24 -8 -48
v -12 -6 -48
v -24 -6 -48
v -24 -8 -48
v -24 -8 -36
v -24 -6 -48
v -24 -6 -36
v -20 -8 -44
v -16 -8 -44
v -20 -8 -40
v -16 -8 -40
v -12 -8 -48
v -24 -8 -48
v -16 -2 -44
v -16 -2 -40
v -12 -6 -48
v -12 -6 -36
v -20 -2 -44
v -16 -2 -44
v -24 -6 -48
v -12 -6 -48
v -24 -8 -36
v -20 -2 -40
v -20 -2 -44
v -24 -6 -36
v -24 -6 -48
v -12 -8 -36
v -16 -2 -40
v -20 -2 -40
v -12 -6 -36
v -24 -6 -36
v -20 -2 -40
v -16 -2 -40
v -20 -2 -44
v -16 -2 -44
f 3695 3696 3697
f 3696 3698 3697
f 3699 3700 3701
f 3700 3702 3701
f 3703 3704 3705
f 3704 3706 3705
f 3707 3708 3709
f 3708 3710 3709
f 3711 3712 3713
f 3712 3714 3713
f 3712 3711 3715
f 3711 3716 3715
f 3717 3718 3719
f 3718 3720 3719
f 3721 3722 3723
f 3722 3724 3723
f 3711 3713 3716
f 3713 3725 3716
f 3726 3727 3728
f 3727 3729 3728
f 3713 3714 3725
f 3714 3730 3725
f 3731 3732 3733
f 3732 3734 3733
f 3714 3712 3730
f 3712 3715 3730
f 3735 3736 3737
f 3736 3738 3737
v -39 -9 -19
v -35 -9 -23
v -35 -9 -19
v -39 -9 -23
v -29 -9 -19
v -25 -9 -23
v -25 -9 -19
v -29 -9 -23
v -39 -9 -29
v -35 -9 -33
v -35 -9 -29
v -39 -9 -33
v -29 -9 -29
v -25 -9 -33
v -25 -9 -29
v -29 -9 -33
v -25 4 -23
v -29 0 -23
v -29 4 -23
v -25 0 -23
v -29 4 -23
v -29 0 -19
v -29 4 -19
v -29 0 -23
v -25 0 -19
v -25 0 -23
v -25 4 -23
v -25 4 -19
v -29 0 -19
v -25 0 -19
v -25 4 -19
v -29 4 -19
v -25 6 -23
v -29 6 -23
v -29 6 -23
v -29 6 -19
v -24 4 -18
v -24 4 -23
v -23 6 -23
v -23 6 -17
v -29 4 -18
v -24 4 -18
v -23 6 -17
v -29 6 -17
v -29 4 -19
v -25 4 -19
v -29 4 -18
v -24 4 -18
v -35 6 -19
v -35 4 -19
v -35 6 -17
v -35 4 -18
v -25 4 -23
v -24 4 -23
v -24 4 -23
v -23 6 -23
v -25 4 -33
v -29 0 -33
v -29 4 -33
v -25 0 -33
v -23 6 -35
v -29 4 -34
v -29 6 -35
v -24 4 -34
v -29 4 -33
v -29 0 -29
v -29 4 -29
v -29 0 -33
v -29 6 -33
v -29 6 -29
v -25 0 -29
v -25 0 -33
v -25 4 -33
v -25 4 -29
v -24 4 -29
v -24 4 -34
v -23 6 -35
v -23 6 -29
v -29 0 -29
v -25 0 -29
v -25 4 -29
v -29 4 -29
v -25 6 -29
v -29 6 -29
v -35 4 -33
v -39 0 -33
v -39 4 -33
v -35 0 -33
v -35 6 -35
v -40 4 -34
v -41 6 -35
v -35 4 -34
v -39 4 -33
v -39 0 -29
v -39 4 -29
v -39 0 -33
v -41 6 -35
v -40 4 -29
v -41 6 -29
v -40 4 -34
v -35 0 -29
v -35 0 -33
v -35 4 -33
v -35 4 -29
v -35 6 -33
v -35 6 -29
v -39 0 -29
v -35 0 -29
v -35 4 -29
v -39 4 -29
v -35 6 -29
v -39 6 -29
v -35 4 -23
v -39 0 -23
v -39 4 -23
v -35 0 -23
v -35 6 -23
v -39 6 -23
v -39 4 -23
v -39 0 -19
v -39 4 -19
v -39 0 -23
v -41 6 -23
v -40 4 -18
v -41 6 -17
v -40 4 -23
v -35 0 -19
v -35 0 -23
v -35 4 -23
v -35 4 -19
v -35 6 -23
v -35 6 -19
v -39 0 -19
v -35 0 -19
v -35 4 -19
v -39 4 -19
v -40 4 -18
v -35 4 -18
v -35 6 -17
v -41 6 -17
v -39 4 -19
v -35 4 -19
v -40 4 -18
v -35 4 -18
v -35 4 -18
v -35 6 -17
v -39 6 -29
v -39 4 -29
v -41 6 -29
v -40 4 -29
v -39 4 -23
v -40 4 -23
v -40 4 -29
v -41 6 -29
v -39 4 -33
v -39 4 -29
v -40 4 -34
v -40 4 -29
v -29 6 -33
v -29 4 -33
v -29 6 -35
v -29 4 -34
v -35 4 -33
v -35 4 -34
v -29 4 -34
v -29 6 -35
v -25 6 -23
v -25 4 -23
v -23 6 -23
v -24 4 -23
v -25 4 -33
v -29 4 -33
v -24 4 -34
v -29 4 -34
v -25 4 -29
v -24 4 -29
v -25 14 -23
v -29 14 -23
v -25 16 -29
v -29 14 -29
v -29 16 -29
v -25 14 -29
v -29 14 -23
v -29 14 -19
v -29 16 -23
v -29 16 -19
v -25 6 -19
v -25 6 -23
v -25 14 -23
v -25 14 -19
v -25 16 -23
v -25 16 -19
v -29 6 -19
v -25 6 -19
v -25 14 -19
v -29 14 -19
v -25 16 -19
v -29 16 -19
v -29 14 -29
v -29 16 -29
v -25 16 -29
v -25 14 -29
v -25 14 -23
v -29 14 -23
v -25 14 -29
v -29 14 -29
v -25 14 -33
v -29 6 -33
v -29 14 -33
v -25 6 -33
v -25 16 -33
v -29 16 -33
v -29 14 -33
v -35 16 -33
v -35 14 -29
v -35 16 -29
v -35 14 -33
v -25 6 -29
v -25 6 -33
v -25 14 -33
v -25 16 -33
v -25 14 -29
v -29 14 -29
v -25 16 -29
v -29 16 -29
v -35 14 -33
v -39 6 -33
v -39 14 -33
v -35 6 -33
v -35 16 -33
v -39 16 -33
v -39 14 -33
v -39 6 -29
v -39 14 -29
v -39 6 -33
v -39 16 -33
v -39 16 -29
v -35 14 -33
v -35 14 -29
v -35 16 -33
v -35 16 -29
v -35 14 -29
v -39 14 -29
v -39 14 -23
v -35 14 -23
v -35 16 -23
v -39 16 -23
v -35 14 -23
v -39 14 -23
v -35 16 -23
v -39 16 -23
v -39 14 -23
v -39 6 -19
v -39 14 -19
v -39 6 -23
v -39 16 -23
v -39 16 -19
v -35 14 -23
v -35 14 -19
v -29 14 -19
v -29 14 -23
v -29 16 -23
v -29 16 -19
v -39 6 -19
v -35 6 -19
v -35 14 -19
v -39 14 -19
v -35 16 -19
v -39 16 -19
v -35 16 -29
v -29 14 -33
v -35 14 -33
v -35 14 -29
v -39 14 -29
v -39 14 -23
v -35 14 -23
v -35 16 -23
v -35 14 -19
v -29 14 -19
v -29 16 -23
v -35 6 -33
v -35 4 -33
v -29 6 -33
v -29 4 -33
v -25 6 -29
v -25 4 -29
v -25 6 -23
v -25 4 -23
v -29 6 -19
v -29 4 -19
v -35 6 -19
v -35 4 -19
v -39 6 -23
v -39 4 -23
v -39 6 -29
v -39 4 -29
v -21 -9 -23
v -21 -9 -29
v -25 0 -29
v -25 0 -23
v -21 -6 -29
v -21 -6 -23
v -39 -2 -19
v -35 -2 -19
v -39 -2 -33
v -35 -2 -33
v -29 -2 -19
v -25 -2 -19
v -29 -2 -33
v -25 -2 -33
v -25 -2 -19
v -25 -2 -23
v -39 -2 -19
v -39 -2 -23
v -25 -2 -29
v -25 -2 -33
v -39 -2 -29
v -39 -2 -33
v -21 -6 -29
v -25 -2 -29
v -25 0 -29
v -25 0 -23
v -25 -2 -23
v -21 -6 -23
v -39 -9 -15
v -35 -9 -15
v -29 -9 -15
v -25 -9 -15
v -39 -9 -11
v -35 -9 -11
v -35 -4 -11
v -39 -4 -11
v -39 -4 -15
v -35 -4 -15
v -35 -2 -15
v -39 -2 -15
v -35 -4 -33
v -39 -9 -33
v -39 -4 -33
v -35 -9 -33
v -29 -9 -11
v -29 -4 -11
v -29 -4 -15
v -29 -2 -15
v -25 -9 -11
v -25 -4 -11
v -25 -4 -15
v -25 -2 -15
v -29 -4 -33
v -29 -9 -33
v -25 -4 -33
v -25 -9 -33
v -25 -9 -19
v -25 -9 -23
v -25 -4 -23
v -25 -4 -19
v -39 -4 -23
v -39 -9 -19
v -39 -4 -19
v -39 -9 -23
v -21 -9 -23
v -21 -9 -29
v -21 -6 -29
v -21 -6 -23
v -25 -9 -29
v -25 -9 -33
v -25 -4 -33
v -25 -4 -29
v -39 -4 -29
v -39 -9 -29
v -39 -4 -33
v -39 -9 -33
v -25 -9 -29
v -25 -4 -29
v -21 -9 -29
v -25 -9 -23
v -21 -9 -23
v -25 -4 -23
v -39 -4 -15
v -39 -2 -15
v -39 -9 -15
v -25 -9 -15
v -25 -4 -15
v -25 -2 -15
v -39 -9 -11
v -35 -9 -11
v -29 -4 -15
v -35 -4 -15
v -29 -4 -11
v -35 -4 -11
v -39 -4 -11
v -39 -9 -11
v -39 -4 -15
v -39 -4 -11
v -29 -9 -11
v -25 -4 -15
v -25 -4 -11
v -25 -9 -11
v -25 -9 -11
v -25 -4 -11
v -39 16 -19
v -35 16 -19
v -35 22 -23
v -29 16 -23
v -35 16 -23
v -31 22 -25
v -33 22 -25
v -29 16 -19
v -29 22 -23
v -25 16 -19
v -25 16 -23
v -29 22 -23
v -29 22 -24
v -35 16 -33
v -39 16 -33
v -35 22 -29
v -39 16 -23
v -39 16 -19
v -35 22 -24
v -35 22 -23
v -25 16 -29
v -25 16 -33
v -29 22 -28
v -29 22 -29
v -35 16 -23
v -35 16 -29
v -33 22 -25
v -33 22 -27
v -39 16 -29
v -35 22 -28
v -39 16 -33
v -35 22 -29
v -25 16 -33
v -29 16 -33
v -29 22 -29
v -35 16 -29
v -29 16 -29
v -33 22 -27
v -31 22 -27
v -25 16 -19
v -29 16 -29
v -29 16 -23
v -31 22 -27
v -31 22 -25
v -33 22 -25
v -35 22 -24
v -35 22 -23
v -29 22 -24
v -31 22 -25
v -29 22 -23
v -29 0 -23
v -35 0 -23
v -35 0 -19
v -29 0 -19
v -33 22 -27
v -35 22 -29
v -35 22 -28
v -35 0 -29
v -39 0 -29
v -39 0 -23
v -29 22 -28
v -29 22 -29
v -31 22 -27
v -25 0 -29
v -29 0 -29
v -25 0 -23
v -29 0 -33
v -35 0 -33
v -25 6 -23
v -25 6 -19
v -23 6 -23
v -23 6 -17
v -29 6 -19
v -29 6 -17
v -39 6 -19
v -39 6 -23
v -41 6 -17
v -41 6 -23
v -35 6 -19
v -35 6 -17
v -39 6 -29
v -39 6 -33
v -41 6 -29
v -41 6 -35
v -35 6 -33
v -35 6 -35
v -29 6 -33
v -25 6 -33
v -29 6 -35
v -23 6 -35
v -25 6 -29
v -23 6 -29
v -29 -2 -19
v -35 -2 -19
v -29 -2 -15
v -35 -2 -15
v -39 -2 -19
v -39 -2 -15
v -25 -2 -19
v -25 -2 -15
f 3739 3740 3741
f 3739 3742 3740
f 3743 3744 3745
f 3743 3746 3744
f 3741 3746 3743
f 3741 3740 3746
f 3747 3748 3749
f 3747 3750 3748
f 3742 3749 3740
f 3742 3747 3749
f 3751 3752 3753
f 3751 3754 3752
f 3746 3753 3744
f 3746 3751 3753
f 3749 3754 3751
f 3749 3748 3754
f 3740 3751 3746
f 3740 3749 3751
f 3755 3756 3757
f 3755 3758 3756
f 3759 3760 3761
f 3759 3762 3760
f 3763 3764 3765
f 3766 3763 3765
f 3767 3768 3769
f 3770 3767 3769
f 3771 3757 3772
f 3771 3755 3757
f 3773 3761 3774
f 3773 3759 3761
f 3775 3776 3777
f 3778 3775 3777
f 3779 3780 3781
f 3782 3779 3781
f 3783 3784 3785
f 3784 3786 3785
f 3787 3788 3789
f 3788 3790 3789
f 3784 3791 3786
f 3791 3792 3786
f 3755 3771 3793
f 3771 3794 3793
f 3795 3796 3797
f 3795 3798 3796
f 3799 3800 3801
f 3799 3802 3800
f 3803 3804 3805
f 3803 3806 3804
f 3807 3805 3808
f 3807 3803 3805
f 3809 3810 3811
f 3812 3809 3811
f 3813 3814 3815
f 3816 3813 3815
f 3817 3818 3819
f 3820 3817 3819
f 3820 3819 3821
f 3822 3820 3821
f 3823 3824 3825
f 3823 3826 3824
f 3827 3828 3829
f 3827 3830 3828
f 3831 3832 3833
f 3831 3834 3832
f 3835 3836 3837
f 3835 3838 3836
f 3839 3840 3841
f 3842 3839 3841
f 3842 3841 3843
f 3844 3842 3843
f 3845 3846 3847
f 3848 3845 3847
f 3848 3847 3849
f 3850 3848 3849
f 3851 3852 3853
f 3851 3854 3852
f 3855 3853 3856
f 3855 3851 3853
f 3857 3858 3859
f 3857 3860 3858
f 3861 3862 3863
f 3861 3864 3862
f 3865 3866 3867
f 3868 3865 3867
f 3868 3867 3869
f 3870 3868 3869
f 3871 3872 3873
f 3874 3871 3873
f 3875 3876 3877
f 3878 3875 3877
f 3879 3880 3881
f 3880 3882 3881
f 3868 3870 3883
f 3870 3884 3883
f 3885 3886 3887
f 3886 3888 3887
f 3889 3879 3890
f 3879 3881 3890
f 3848 3850 3891
f 3850 3892 3891
f 3893 3894 3895
f 3894 3896 3895
f 3897 3898 3899
f 3898 3900 3899
f 3901 3893 3902
f 3893 3895 3902
f 3803 3807 3903
f 3807 3904 3903
f 3905 3906 3907
f 3906 3908 3907
f 3909 3910 3911
f 3910 3912 3911
f 3913 3909 3914
f 3909 3911 3914
f 3915 3772 3916
f 3915 3771 3772
f 3917 3918 3919
f 3917 3920 3918
f 3921 3774 3922
f 3921 3773 3774
f 3923 3922 3924
f 3923 3921 3922
f 3925 3926 3927
f 3928 3925 3927
f 3928 3927 3929
f 3930 3928 3929
f 3931 3932 3933
f 3934 3931 3933
f 3934 3933 3935
f 3936 3934 3935
f 3921 3923 3937
f 3923 3938 3937
f 3929 3927 3939
f 3927 3940 3939
f 3941 3942 3943
f 3942 3944 3943
f 3945 3946 3947
f 3945 3948 3946
f 3949 3947 3950
f 3949 3945 3947
f 3951 3808 3937
f 3951 3807 3808
f 3952 3953 3954
f 3952 3955 3953
f 3956 3957 3958
f 3940 3956 3958
f 3940 3958 3959
f 3939 3940 3959
f 3822 3821 3960
f 3961 3822 3960
f 3961 3960 3962
f 3963 3961 3962
f 3964 3965 3966
f 3964 3967 3965
f 3968 3966 3969
f 3968 3964 3966
f 3970 3971 3972
f 3970 3973 3971
f 3974 3972 3975
f 3974 3970 3972
f 3844 3843 3976
f 3977 3844 3976
f 3977 3976 3978
f 3979 3977 3978
f 3850 3849 3980
f 3981 3850 3980
f 3982 3983 3984
f 3985 3982 3984
f 3986 3856 3987
f 3986 3855 3856
f 3988 3987 3989
f 3988 3986 3987
f 3990 3991 3992
f 3990 3993 3991
f 3994 3992 3995
f 3994 3990 3992
f 3870 3869 3996
f 3997 3870 3996
f 3998 3999 4000
f 4001 3998 4000
f 4002 4003 4004
f 4005 4002 4004
f 4005 4004 4006
f 4007 4005 4006
f 3961 3963 3980
f 3963 4008 3980
f 3950 3947 3968
f 3947 3964 3968
f 4009 3944 4010
f 3944 4011 4010
f 4012 4011 4013
f 4011 4014 4013
f 3977 3979 3996
f 3979 4015 3996
f 3975 3972 3994
f 3972 3990 3994
f 4016 4014 4017
f 4014 3942 4017
f 3986 3988 3916
f 3988 4018 3916
f 4006 4004 3936
f 4004 3934 3936
f 4019 4020 4021
f 4020 4022 4021
f 3901 3902 3910
f 3902 3912 3910
f 3830 3827 3800
f 3827 3801 3800
f 4023 4024 4025
f 4024 4026 4025
f 3913 3914 3791
f 3914 3792 3791
f 3813 3816 3776
f 3816 3777 3776
f 4027 4028 4029
f 4028 4030 4029
f 3783 3785 3880
f 3785 3882 3880
f 3779 3782 3876
f 3782 3877 3876
f 4031 4032 4033
f 4032 4034 4033
f 3889 3890 3894
f 3890 3896 3894
f 3864 3861 3836
f 3861 3837 3836
f 3744 3753 4035
f 3753 4036 4035
f 4037 4038 4039
f 4038 4040 4039
f 4041 4042 3872
f 3871 4041 3872
f 3826 4043 3824
f 3826 4044 4043
f 4042 4045 3767
f 3872 4042 3767
f 4045 4046 3768
f 3767 4045 3768
f 3796 4044 3826
f 3796 4047 4044
f 3798 4047 3796
f 3798 4048 4047
f 4049 4050 3764
f 3763 4049 3764
f 3860 4051 3858
f 3860 4052 4051
f 4053 4054 3810
f 3809 4053 3810
f 3832 4052 3860
f 3832 4055 4052
f 3834 4055 3832
f 3834 4056 4055
f 4057 4058 4059
f 4060 4061 4062
f 3739 3741 4063
f 3741 4064 4063
f 3741 3743 4064
f 3743 4065 4064
f 3743 3745 4065
f 3745 4066 4065
f 4067 4068 4069
f 4070 4067 4069
f 4071 4072 4073
f 4074 4071 4073
f 4075 4076 4077
f 4075 4078 4076
f 4044 4077 4043
f 4044 4075 4077
f 4068 4079 4080
f 4069 4068 4080
f 4072 4081 4082
f 4073 4072 4082
f 4079 4083 4084
f 4080 4079 4084
f 4081 4085 4086
f 4082 4081 4086
f 4087 4078 4075
f 4087 4088 4078
f 4047 4075 4044
f 4047 4087 4075
f 4089 4088 4087
f 4089 4090 4088
f 4048 4087 4047
f 4048 4089 4087
f 4091 4092 4093
f 4094 4091 4093
f 4094 4093 4050
f 4049 4094 4050
f 4095 4096 4097
f 4095 4098 4096
f 4052 4097 4051
f 4052 4095 4097
f 4099 4100 4101
f 4102 4099 4101
f 4103 4104 4105
f 4106 4103 4105
f 4106 4105 4054
f 4053 4106 4054
f 4107 4098 4095
f 4107 4108 4098
f 4055 4095 4052
f 4055 4107 4095
f 4109 4108 4107
f 4109 4110 4108
f 4056 4107 4055
f 4056 4109 4107
f 4057 4111 4112
f 4057 4113 4111
f 4057 4112 4058
f 4114 4115 4062
f 4116 4114 4062
f 4061 4116 4062
f 4051 4117 4118
f 4051 4097 4117
f 4097 4119 4117
f 4097 4096 4119
f 4120 4091 4094
f 4121 4120 4094
f 4121 4094 4049
f 4122 4121 4049
f 4063 4064 4123
f 4064 4124 4123
f 4125 4126 4127
f 4126 4128 4127
f 4117 4119 4129
f 4119 4130 4129
f 4126 4131 4128
f 4131 4132 4128
f 4064 4065 4124
f 4065 4133 4124
f 4134 4125 4135
f 4125 4127 4135
f 4065 4066 4133
f 4066 4136 4133
f 4120 4121 4137
f 4121 4138 4137
f 4139 4140 4141
f 4142 4143 4144
f 4143 4145 4144
f 4140 4146 4141
f 4146 4147 4141
f 4148 4149 4150
f 4149 4151 4150
f 4152 4153 4154
f 4155 4156 4157
f 4156 4158 4157
f 4159 4160 4161
f 4160 4162 4161
f 4163 4164 4165
f 4164 4166 4165
f 4167 4155 4168
f 4155 4157 4168
f 4169 4167 4170
f 4167 4168 4170
f 4171 4172 4173
f 4174 4175 4176
f 4175 4177 4176
f 4172 4152 4173
f 4152 4154 4173
f 4146 4178 4147
f 4179 4180 4181
f 4180 4182 4181
f 4149 4159 4151
f 4159 4161 4151
f 4183 4184 4185
f 4186 4187 4188
f 4189 4190 4191
f 4192 4189 4191
f 4193 4194 4195
f 4196 4197 4198
f 4190 4196 4198
f 4199 4200 4201
f 4202 4203 4189
f 4204 4202 4189
f 4205 4206 4196
f 4203 4205 4196
f 4203 4196 4190
f 4189 4203 4190
f 4207 4208 4209
f 4208 4210 4209
f 4208 4211 4210
f 4211 4212 4210
f 4213 4214 4215
f 4214 4216 4215
f 4217 4213 4218
f 4213 4215 4218
f 4219 4220 4221
f 4220 4222 4221
f 4220 4223 4222
f 4223 4224 4222
f 4225 4226 4227
f 4226 4228 4227
f 4226 4229 4228
f 4229 4230 4228
f 4187 4186 4201
f 4186 4199 4201
f 4201 4200 4193
f 4200 4194 4193
f 4193 4195 4183
f 4195 4184 4183
f 4183 4185 4187
f 4185 4188 4187
f 4224 4223 4227
f 4223 4225 4227
f 4230 4229 4209
f 4229 4207 4209
f 4212 4211 4218
f 4211 4217 4218
f 4216 4214 4221
f 4214 4219 4221
f 4231 4232 4233
f 4232 4234 4233
f 4232 4235 4234
f 4235 4236 4234
f 4237 4231 4238
f 4231 4233 4238
v 40 0 7
v 40 4 7
v 40 -2 -1
v 50 0 7
v 50 -2 -1
v 50 4 7
v 40 -8 -7
v 40 -8 -1
v 36 -8 -7
v 36 -8 -1
v 50 8 21
v 50 8 14
v 50 14 14
v 50 14 21
v 50 8 7
v 50 14 7
v 40 14 14
v 40 8 21
v 40 14 21
v 40 8 13
v 40 14 7
v 40 8 7
v 40 0 14
v 40 0 21
v 32 0 14
v 32 0 21
v 50 0 21
v 50 0 14
v 50 4 14
v 50 4 21
v 32 4 13.5
v 32 0 14
v 32 4 21
v 32 0 21
v 32 8 13
v 32 8 21
v 40 4 13.5
v 40 0 14
v 32 0 21
v 40 0 21
v 40 4 21
v 32 4 21
v 40 8 21
v 32 8 21
v 40 8 13
v 32 4 13.5
v 32 8 13
v 40 4 13.5
v 32 0 14
v 40 0 14
v 50 0 14
v 50 0 21
v 50 4 14
v 50 4 21
v 58 0 21
v 58 0 17
v 58 4 21
v 58 4 17
v 50 0 7
v 50 4 7
v 58 0 13
v 58 4 13
v 50 -8 29
v 54 -8 21
v 54 -8 29
v 50 -8 21
v 58 -8 21
v 58 -8 29
v 58 -8 17
v 54 -8 15.5
v 50 -8 14
v 58 -8 13
v 54 -8 10
v 50 -8 7
v 50 4 21
v 50 0 21
v 54 4 21
v 58 0 21
v 58 4 21
v 58 4 13
v 54 0 10
v 54 4 10
v 58 0 13
v 50 0 7
v 50 4 7
v 58 0 21
v 50 0 21
v 58 2 21
v 50 2 21
v 50 0 29
v 50 2 21
v 50 2 29
v 58 0 29
v 58 2 29
v 58 2 21
v 50 0 29
v 58 0 29
v 50 2 29
v 58 2 29
v 40 0 21
v 40 -1 20.01643
v 40 -1 14.98357
v 40 -8 14
v 40 -8 21
v 40 -6 14.98357
v 40 -6 20.01643
v 40 -1 20.01643
v 42 -1 14.98357
v 42 -1 20.01643
v 40 -1 14.98357
v 42 6 20.01643
v 48 6 14.98357
v 48 6 20.01643
v 42 6 14.98357
v 48 -8 29
v 48 -8 21
v 48 -8 7
v 50 -8 -1
v 48 -8 -1
v 50 -8 -7
v 48 -8 -7
v 48 8 21
v 50 8 21
v 50 14 21
v 48 14 21
v 50 14 7
v 48 8 7
v 48 14 7
v 50 8 7
v 48 -8 14
v 48 0 21
v 48 6 21
v 48 4 7
v 50 4 7
v 42 -8 29
v 42 -8 21
v 40 -8 29
v 40 -8 21
v 42 -8 7
v 42 -8 -1
v 40 -8 7
v 40 4 7
v 40 0 7
v 42 4 7
v 50 0 7
v 48 4 7
v 50 4 7
v 42 -8 -7
v 42 8 21
v 42 14 21
v 40 14 21
v 42 14 7
v 40 8 7
v 40 14 7
v 42 8 7
v 42 -8 14
v 40 -8 14
v 42 0 21
v 42 6 21
v 50 0 7
v 42 4 7
v 40 0 7
v 40 4 7
v 48 0 21
v 48 6 21
v 48 0 20
v 48 6 20
v 42 6 21
v 42 0 21
v 42 6 20
v 42 0 20
v 48 6 21
v 42 6 21
v 48 6 20
v 42 6 20
v 48 0 14.98357
v 48 -1 20.01643
v 48 0 20.01643
v 48 -1 14.98357
v 48 6 14.98357
v 48 6 20.01643
v 48 0 20.01643
v 42 -1 20.01643
v 42 0 20.01643
v 48 -1 20.01643
v 42 -1 20.01643
v 42 -1 14.98357
v 42 0 14.98357
v 42 0 20.01643
v 42 6 14.98357
v 42 6 20.01643
v 42 -1 14.98357
v 48 -1 14.98357
v 48 0 14.98357
v 42 0 14.98357
v 48 6 14.98357
v 42 6 14.98357
v 58 -8 29
v 58 -8 21
v 58 -4 21
v 58 -4 29
v 40 -4 29
v 40 0 29
v 40 -4 21
v 40 -8 29
v 40 -5 -1
v 40 -8 7
v 40 -4 7
v 40 -8 -1
v 50 -4 7
v 50 -5 -1
v 50 -8 7
v 50 -8 -1
v 36 -7 -7
v 36 -8 -1
v 36 -7 -1
v 36 -8 -7
v 36 -6 -7
v 36 -6 -1
v 50 -5 -7
v 50 -2 -7
v 50 -8 -7
v 36 -7 -1
v 36 -8 -1
v 40 -8 -1
v 40 -5 -1
v 36 -6 -1
v 40 -2 -1
v 40 -2 -7
v 40 -5 -7
v 36 -6 -7
v 36 -7 -7
v 40 -8 -7
v 36 -8 -7
v 58 -8 17
v 58 -4 17
v 58 -8 13
v 58 -4 13
v 48 -3 14.98357
v 45 -6 20.01643
v 48 -3 20.01643
v 45 -6 14.98357
v 48 -1 14.98357
v 48 -3 20.01643
v 48 -1 20.01643
v 48 -3 14.98357
v 40 -4 14
v 50 -4 29
v 50 -8 29
v 52 -4 29
v 54 -8 29
v 58 -8 29
v 58 -4 29
v 54 -4 10
v 50 -8 7
v 50 -4 7
v 54 -8 10
v 58 -4 13
v 58 -8 13
v 40 -3 20.01643
v 40 -3 14.98357
v 42 -3 20.01643
v 40 -6 20.01643
v 40 -3 20.01643
v 42 -6 20.01643
v 40 -1 20.01643
v 48 -3 20.01643
v 45 -6 20.01643
v 40 -6 14.98357
v 42 -6 14.98357
v 42 -3 14.98357
v 40 -3 14.98357
v 40 -1 14.98357
v 45 -6 14.98357
v 48 -3 14.98357
v 48 -8 29
v 48 -4 29
v 48 0 29
v 50 -7 -12
v 48 -8 -12
v 48 -7 -12
v 50 -8 -12
v 50 -6 -12
v 48 -6 -12
v 40 -8 29
v 42 -8 29
v 42 -4 29
v 40 -4 29
v 42 0 29
v 40 0 29
v 42 -7 -12
v 40 -8 -12
v 40 -7 -12
v 42 -8 -12
v 42 -6 -12
v 40 -6 -12
v 42 -8 -12
v 40 -8 -12
v 50 -6 -12
v 50 -7 -12
v 50 -8 -12
v 48 -8 -12
v 40 -8 -7
v 40 -5 -7
v 40 -8 -12
v 40 -7 -12
v 40 -2 -7
v 40 -6 -12
v 50 -8 -12
v 40 -2 -1
v 40 -2 -7
v 36 -6 -1
v 36 -6 -7
v 40 8 21
v 40 8 13
v 32 8 21
v 32 8 13
v 58 2 21
v 50 2 21
v 50 2 29
v 58 2 29
v 58 4 13
v 54 4 10
v 54 4 15.5
v 58 4 17
v 50 4 7
v 50 4 14
v 54 4 21
v 58 4 21
v 50 4 21
v 50 0 21
v 48 0 21
v 48 0 29
v 50 0 29
v 50 -2 -1
v 48 -2 -1
v 48 4 7
v 50 4 7
v 50 -2 -7
v 48 -2 -7
v 48 -2 -1
v 50 -2 -1
v 50 14 14
v 48 14 14
v 48 14 21
v 50 14 21
v 50 14 7
v 48 14 7
v 42 0 21
v 42 0 29
v 40 0 21
v 40 0 29
v 42 -2 -1
v 42 4 7
v 40 -2 -1
v 40 4 7
v 42 -2 -7
v 42 -2 -1
v 40 -2 -7
v 40 -2 -1
v 42 14 14
v 42 14 21
v 40 14 14
v 40 14 21
v 42 14 7
v 40 14 7
v 42 0 20
v 48 0 20
v 48 -2 -7
v 50 -2 -7
v 48 -6 -12
v 50 -6 -12
v 40 -2 -7
v 42 -2 -7
v 40 -6 -12
v 42 -6 -12
f 4239 4240 4241
f 4242 4243 4244
f 4245 4246 4247
f 4246 4248 4247
f 4249 4250 4251
f 4252 4249 4251
f 4250 4253 4254
f 4251 4250 4254
f 4255 4256 4257
f 4255 4258 4256
f 4259 4258 4255
f 4259 4260 4258
f 4261 4262 4263
f 4262 4264 4263
f 4265 4266 4267
f 4268 4265 4267
f 4268 4267 4250
f 4249 4268 4250
f 4266 4242 4244
f 4267 4266 4244
f 4267 4244 4253
f 4250 4267 4253
f 4269 4270 4271
f 4270 4272 4271
f 4273 4269 4274
f 4269 4271 4274
f 4275 4240 4239
f 4276 4275 4239
f 4258 4260 4240
f 4275 4258 4240
f 4277 4278 4279
f 4280 4277 4279
f 4280 4279 4281
f 4282 4280 4281
f 4283 4284 4285
f 4283 4286 4284
f 4286 4287 4284
f 4286 4288 4287
f 4289 4290 4291
f 4290 4292 4291
f 4293 4294 4295
f 4294 4296 4295
f 4297 4289 4298
f 4289 4291 4298
f 4294 4299 4296
f 4299 4300 4296
f 4301 4302 4303
f 4301 4304 4302
f 4303 4305 4306
f 4303 4302 4305
f 4302 4307 4305
f 4302 4308 4307
f 4304 4308 4302
f 4304 4309 4308
f 4308 4310 4307
f 4308 4311 4310
f 4309 4311 4308
f 4309 4312 4311
f 4313 4314 4315
f 4314 4316 4317
f 4315 4314 4317
f 4318 4319 4320
f 4318 4321 4319
f 4320 4322 4323
f 4320 4319 4322
f 4324 4325 4326
f 4325 4327 4326
f 4290 4328 4329
f 4328 4330 4329
f 4331 4293 4332
f 4293 4333 4332
f 4334 4335 4336
f 4335 4337 4336
f 4338 4276 4339
f 4276 4340 4339
f 4341 4342 4343
f 4342 4344 4343
f 4345 4346 4347
f 4345 4348 4346
f 4349 4350 4351
f 4349 4352 4350
f 4353 4304 4301
f 4353 4354 4304
f 4355 4356 4312
f 4355 4357 4356
f 4357 4358 4356
f 4357 4359 4358
f 4360 4361 4362
f 4363 4360 4362
f 4364 4365 4366
f 4364 4367 4365
f 4368 4312 4309
f 4368 4355 4312
f 4354 4309 4304
f 4354 4368 4309
f 4369 4314 4313
f 4370 4369 4313
f 4370 4313 4361
f 4360 4370 4361
f 4367 4371 4365
f 4367 4372 4371
f 4373 4354 4353
f 4373 4374 4354
f 4375 4374 4373
f 4375 4376 4374
f 4377 4357 4355
f 4377 4378 4357
f 4379 4378 4377
f 4379 4246 4378
f 4380 4381 4382
f 4383 4382 4381
f 4384 4382 4383
f 4383 4385 4384
f 4378 4359 4357
f 4378 4386 4359
f 4246 4386 4378
f 4246 4245 4386
f 4281 4387 4388
f 4389 4281 4388
f 4387 4360 4363
f 4388 4387 4363
f 4390 4391 4392
f 4390 4393 4391
f 4366 4393 4390
f 4366 4365 4393
f 4394 4355 4368
f 4394 4377 4355
f 4395 4377 4394
f 4395 4379 4377
f 4374 4368 4354
f 4374 4394 4368
f 4376 4394 4374
f 4376 4395 4394
f 4278 4396 4397
f 4279 4278 4397
f 4279 4397 4387
f 4281 4279 4387
f 4397 4370 4360
f 4387 4397 4360
f 4371 4372 4398
f 4398 4399 4371
f 4400 4399 4398
f 4399 4400 4401
f 4393 4401 4391
f 4393 4399 4401
f 4365 4399 4393
f 4365 4371 4399
f 4402 4403 4404
f 4403 4405 4404
f 4406 4407 4408
f 4407 4409 4408
f 4410 4411 4412
f 4411 4413 4412
f 4414 4415 4416
f 4414 4417 4415
f 4418 4416 4419
f 4418 4414 4416
f 4420 4421 4422
f 4420 4423 4421
f 4424 4425 4426
f 4427 4424 4426
f 4427 4426 4428
f 4429 4427 4428
f 4430 4431 4432
f 4433 4430 4432
f 4433 4432 4434
f 4435 4433 4434
f 4436 4437 4438
f 4439 4436 4438
f 4439 4438 4293
f 4331 4439 4293
f 4338 4440 4441
f 4338 4442 4440
f 4442 4443 4440
f 4442 4342 4443
f 4444 4445 4446
f 4444 4447 4445
f 4241 4446 4239
f 4241 4444 4446
f 4448 4449 4243
f 4242 4448 4243
f 4450 4451 4449
f 4448 4450 4449
f 4452 4453 4454
f 4452 4455 4453
f 4456 4454 4457
f 4456 4452 4454
f 4449 4458 4459
f 4243 4449 4459
f 4451 4460 4458
f 4449 4451 4458
f 4461 4462 4463
f 4461 4463 4464
f 4461 4464 4465
f 4465 4464 4466
f 4467 4468 4469
f 4469 4468 4470
f 4468 4471 4470
f 4471 4472 4470
f 4437 4473 4474
f 4438 4437 4474
f 4438 4474 4294
f 4293 4438 4294
f 4473 4475 4476
f 4474 4473 4476
f 4474 4476 4299
f 4294 4474 4299
f 4477 4478 4479
f 4477 4480 4478
f 4481 4482 4483
f 4481 4484 4482
f 4446 4341 4485
f 4446 4445 4341
f 4239 4485 4276
f 4239 4446 4485
f 4486 4487 4488
f 4487 4489 4488
f 4488 4334 4486
f 4489 4490 4491
f 4488 4489 4491
f 4488 4491 4335
f 4334 4488 4335
f 4492 4493 4494
f 4492 4495 4493
f 4319 4494 4322
f 4319 4492 4494
f 4496 4495 4492
f 4496 4497 4495
f 4321 4492 4319
f 4321 4496 4492
f 4498 4344 4442
f 4344 4342 4442
f 4339 4442 4338
f 4339 4498 4442
f 4276 4485 4340
f 4485 4499 4340
f 4485 4343 4499
f 4485 4341 4343
f 4500 4501 4502
f 4500 4503 4501
f 4421 4502 4504
f 4421 4500 4502
f 4505 4503 4500
f 4505 4506 4503
f 4423 4500 4421
f 4423 4505 4500
f 4507 4508 4509
f 4510 4507 4509
f 4510 4509 4430
f 4511 4510 4430
f 4508 4512 4513
f 4509 4508 4513
f 4509 4513 4431
f 4430 4509 4431
f 4514 4487 4486
f 4515 4514 4486
f 4515 4486 4334
f 4516 4515 4334
f 4517 4518 4519
f 4517 4520 4518
f 4521 4519 4522
f 4521 4517 4519
f 4523 4524 4525
f 4526 4523 4525
f 4526 4525 4527
f 4528 4526 4527
f 4524 4514 4515
f 4525 4524 4515
f 4525 4515 4516
f 4527 4525 4516
f 4529 4530 4531
f 4529 4532 4530
f 4533 4531 4534
f 4533 4529 4531
f 4519 4532 4529
f 4519 4518 4532
f 4522 4529 4533
f 4522 4519 4529
f 4386 4245 4535
f 4245 4536 4535
f 4459 4458 4537
f 4458 4538 4537
f 4358 4359 4539
f 4359 4540 4539
f 4359 4386 4540
f 4386 4535 4540
f 4541 4542 4543
f 4542 4544 4543
f 4542 4545 4544
f 4545 4546 4544
f 4458 4460 4538
f 4460 4547 4538
f 4548 4549 4550
f 4549 4551 4550
f 4552 4553 4554
f 4553 4555 4554
f 4556 4557 4558
f 4559 4556 4558
f 4560 4561 4562
f 4563 4560 4562
f 4561 4564 4565
f 4562 4561 4565
f 4563 4562 4566
f 4567 4563 4566
f 4562 4565 4568
f 4566 4562 4568
f 4569 4570 4571
f 4572 4569 4571
f 4573 4574 4575
f 4576 4573 4575
f 4577 4578 4579
f 4580 4577 4579
f 4581 4582 4583
f 4584 4581 4583
f 4585 4586 4582
f 4581 4585 4582
f 4570 4587 4588
f 4571 4570 4588
f 4587 4589 4590
f 4588 4587 4590
f 4574 4591 4592
f 4575 4574 4592
f 4591 4593 4594
f 4592 4591 4594
f 4578 4595 4596
f 4579 4578 4596
f 4595 4597 4598
f 4596 4595 4598
f 4582 4599 4600
f 4583 4582 4600
f 4599 4601 4602
f 4600 4599 4602
f 4586 4603 4599
f 4582 4586 4599
f 4603 4604 4601
f 4599 4603 4601
f 4587 4570 4605
f 4570 4606 4605
f 4607 4608 4609
f 4608 4610 4609
f 4611 4612 4613
f 4612 4614 4613
f 4612 4607 4614
f 4607 4609 4614
v -48 -180 51
v 4 -180 74
v -2 -20 94
v -64 -20 65
v -2 -20 94
v 4 -180 74
v 57 -180 51
v 73 -20 65
v -2 -20 94
v -48 -6 51
v -64 -20 65
v -2 -6 74
v -2 -6 74
v -2 -20 94
v 57 -6 51
v 73 -20 65
v -4 -20 -76
v -46 -180 -40
v -60 -20 -56
v 2 -180 -56
v 64 -20 -61
v 50 -180 -45
v -4 -20 -76
v 2 -180 -56
v -46 -6 -40
v -4 -6 -56
v -4 -20 -76
v -60 -20 -56
v 50 -6 -45
v 64 -20 -61
v -4 -20 -76
v -4 -6 -56
v 57 -180 51
v 67 -180 15
v 87 -20 5
v 73 -20 65
v 67 -180 15
v 50 -180 -45
v 87 -20 5
v 64 -20 -61
v 87 -20 5
v 67 -6 5
v 57 -6 51
v 73 -20 65
v 87 -20 5
v 64 -20 -61
v 50 -6 -45
v 67 -6 5
v -64 -20 65
v -76 -20 1
v -48 -180 51
v -56 -180 11
v -60 -20 -56
v -46 -180 -40
v -76 -20 1
v -56 -180 11
v -48 -6 51
v -56 -6 1
v -76 -20 1
v -64 -20 65
v -46 -6 -40
v -60 -20 -56
v -76 -20 1
v -56 -6 1
v -4 -6 -56
v -46 -6 -40
v -56 -6 1
v 0 -6 5
v -48 -6 51
v -2 -6 74
v 67 -6 5
v 50 -6 -45
v 57 -6 51
v -56 -180 11
v 2 -180 -56
v 5 -180 15
v -46 -180 -40
v -48 -180 51
v 4 -180 74
v 67 -180 15
v 50 -180 -45
v 57 -180 51
f 4615 4616 4617
f 4618 4615 4617
f 4619 4620 4621
f 4619 4621 4622
f 4623 4624 4625
f 4623 4626 4624
f 4627 4628 4629
f 4628 4630 4629
f 4631 4632 4633
f 4631 4634 4632
f 4635 4636 4637
f 4636 4638 4637
f 4639 4640 4641
f 4642 4639 4641
f 4643 4644 4645
f 4643 4645 4646
f 4647 4648 4649
f 4647 4649 4650
f 4651 4652 4653
f 4653 4652 4654
f 4655 4656 4657
f 4658 4655 4657
f 4659 4660 4661
f 4659 4661 4662
f 4663 4664 4665
f 4664 4666 4665
f 4667 4668 4669
f 4669 4668 4670
f 4671 4672 4673
f 4671 4673 4674
f 4675 4676 4677
f 4678 4675 4677
f 4679 4680 4681
f 4682 4679 4681
f 4682 4681 4683
f 4684 4682 4683
f 4685 4686 4679
f 4685 4679 4682
f 4687 4685 4682
f 4687 4682 4684
f 4688 4689 4690
f 4688 4691 4689
f 4692 4690 4693
f 4692 4688 4690
f 4690 4689 4694
f 4689 4695 4694
f 4693 4690 4696
f 4690 4694 4696
v -42 -10 51
v -34 -10 51
v -34 -2 51
v -42 -2 51
v -26 -10 51
v -26 -2 51
v -26 -6 30
v -34 -10 30
v -34 -6 30
v -26 -10 30
v -34 -2 36
v -42 -10 36
v -42 -2 36
v -34 -10 36
v -34 2 36
v -42 2 36
v -42 2 51
v -34 2 51
v -26 -10 51
v -26 -10 43
v -26 -2 43
v -26 -2 51
v -26 -10 36
v -26 -2 36
v -42 -2 36
v -42 -10 43
v -42 -2 43
v -42 -10 36
v -42 -10 51
v -42 -2 51
v -42 -10 43
v -34 -10 36
v -34 -10 43
v -42 -10 36
v -42 -10 51
v -34 -10 51
v -26 -10 36
v -26 -10 43
v -26 -10 51
v -42 2 36
v -42 2 43
v -42 2 51
v -34 -2 43
v -34 -2 36
v -34 2 36
v -34 2 43
v -34 -2 51
v -34 -2 43
v -30 -2 51
v -30 -2 43
v -34 -2 43
v -34 2 43
v -30 -2 43
v -30 -2 51
v -34 2 43
v -34 2 51
v -30 -2 43
v -30 -2 51
v -34 10 36
v -42 10 36
v -42 10 36
v -42 10 43
v -34 10 43
v -34 10 36
v -42 2 43
v -34 2 43
v -42 10 43
v -34 10 43
v -34 -10 36
v -34 -2 36
v -34 -10 30
v -34 -6 30
v -26 -6 30
v -26 -10 30
v -26 -10 30
v -34 -10 30
v -34 10 36
v -42 10 36
v -42 10 43
v -34 10 43
v -34 2 43
v -42 2 43
v -42 2 51
v -34 2 51
v -26 -2 36
v -34 -2 36
v -34 -2 43
v -26 -2 43
v -34 -2 51
v -26 -2 51
v -34 -2 36
v -26 -2 36
v -34 -6 30
v -26 -6 30
f 4697 4698 4699
f 4700 4697 4699
f 4698 4701 4702
f 4699 4698 4702
f 4703 4704 4705
f 4703 4706 4704
f 4707 4708 4709
f 4707 4710 4708
f 4707 4709 4711
f 4709 4712 4711
f 4700 4699 4713
f 4699 4714 4713
f 4715 4716 4717
f 4718 4715 4717
f 4716 4719 4720
f 4717 4716 4720
f 4721 4722 4723
f 4721 4724 4722
f 4723 4725 4726
f 4723 4722 4725
f 4727 4728 4729
f 4727 4730 4728
f 4731 4729 4732
f 4731 4727 4729
f 4729 4733 4734
f 4729 4728 4733
f 4732 4734 4735
f 4732 4729 4734
f 4736 4723 4737
f 4736 4721 4723
f 4737 4726 4738
f 4737 4723 4726
f 4739 4740 4741
f 4742 4739 4741
f 4743 4744 4745
f 4744 4746 4745
f 4747 4748 4749
f 4714 4699 4750
f 4751 4752 4753
f 4752 4754 4753
f 4711 4712 4755
f 4712 4756 4755
f 4736 4737 4757
f 4737 4758 4757
f 4742 4741 4759
f 4741 4760 4759
f 4761 4762 4763
f 4762 4764 4763
f 4765 4766 4767
f 4766 4768 4767
f 4720 4719 4769
f 4719 4770 4769
f 4733 4728 4771
f 4728 4772 4771
f 4773 4774 4775
f 4776 4773 4775
f 4777 4778 4779
f 4780 4777 4779
f 4781 4782 4783
f 4784 4781 4783
f 4784 4783 4785
f 4786 4784 4785
f 4787 4788 4789
f 4788 4790 4789
v 4.619857 4.5 -12.99051
v 4.127457 4.5 -12.90367
v 4.127457 5 -12.90367
v 4.619857 5 -12.99051
v 5.28486 5 -6.341269
v 5.777236 4.5 -6.428247
v 5.777236 5 -6.428247
v 5.28486 4.5 -6.341269
v 5.777236 4.5 -6.428247
v 5.674836 4.5 -7.008851
v 5.674836 5 -7.008851
v 5.777236 5 -6.428247
v -5.270856 5 -5.079151
v -5.168456 4.5 -4.497601
v -5.168456 5 -4.497601
v -5.270856 4.5 -5.079151
v 5.182379 5 -6.922331
v 5.777236 5 -6.428247
v 5.674836 5 -7.008851
v 5.28486 5 -6.341269
v 5.777236 -6.43 -6.428248
v 5.284859 -6.43 -6.341271
v 5.182378 -6.43 -6.922334
v 5.674835 -6.43 -7.008852
v 4.706702 4.5 -12.49811
v 4.706702 5 -12.49811
v 4.619857 4.5 -12.99051
v 4.619857 5 -12.99051
v -6.238782 5 -10.56767
v -6.238782 4.5 -10.56767
v -5.270856 5 -5.079151
v -5.270856 4.5 -5.079151
v -6.325545 5 -11.06008
v -6.325545 4.5 -11.06008
v -6.238782 5 -10.56767
v -6.238782 4.5 -10.56767
v 4.214301 5 -12.41127
v 4.619857 5 -12.99051
v 4.127457 5 -12.90367
v 4.706702 5 -12.49811
v 4.619857 -6.43 -12.99051
v 4.706701 -6.43 -12.49811
v 4.214301 -6.43 -12.41127
v 4.127457 -6.43 -12.90367
v 4.706702 4.5 -12.49811
v 5.674836 4.5 -7.008851
v 5.182379 4.5 -6.922331
v 4.214301 4.5 -12.41127
v -5.7839 4.5 -11.15561
v -6.325545 4.5 -11.06008
v -6.325545 5 -11.06008
v -5.7839 5 -11.15561
v -5.168456 5 -4.497601
v -4.627035 4.5 -4.593105
v -4.627035 5 -4.593105
v -5.168456 4.5 -4.497601
v -5.270856 5 -5.079151
v -4.627035 5 -4.593105
v -4.729525 5 -5.174403
v -5.168456 5 -4.497601
v -4.627032 -6.43 -4.593108
v -5.168455 -6.43 -4.497602
v -5.270854 -6.43 -5.079154
v -4.729522 -6.43 -5.174406
v -6.325545 5 -11.06008
v -6.238782 5 -10.56767
v -5.697079 5 -10.66321
v -5.7839 5 -11.15561
v -5.783898 -6.43 -11.15561
v -5.697077 -6.43 -10.66321
v -6.325542 -6.43 -11.06008
v -6.23878 -6.43 -10.56767
v -4.729525 4.5 -5.174403
v -5.270856 4.5 -5.079151
v -5.697079 4.5 -10.66321
v -6.238782 4.5 -10.56767
v 5.777236 4.5 -6.428247
v 5.28486 4.5 -6.341269
v 5.777236 -6.43 -6.428248
v 5.284859 -6.43 -6.341271
v 5.28486 4.5 -6.341269
v 5.182379 4.5 -6.922331
v 5.284859 -6.43 -6.341271
v 5.182378 -6.43 -6.922334
v 5.674836 4.5 -7.008851
v 5.777236 4.5 -6.428247
v 5.674835 -6.43 -7.008852
v 5.777236 -6.43 -6.428248
v 5.182379 4.5 -6.922331
v 5.674836 4.5 -7.008851
v 5.182378 -6.43 -6.922334
v 5.674835 -6.43 -7.008852
v 4.619857 4.5 -12.99051
v 4.706702 4.5 -12.49811
v 4.619857 -6.43 -12.99051
v 4.706701 -6.43 -12.49811
v 4.706702 4.5 -12.49811
v 4.214301 4.5 -12.41127
v 4.706701 -6.43 -12.49811
v 4.214301 -6.43 -12.41127
v 4.127457 4.5 -12.90367
v 4.619857 4.5 -12.99051
v 4.127457 -6.43 -12.90367
v 4.619857 -6.43 -12.99051
v 4.214301 4.5 -12.41127
v 4.127457 4.5 -12.90367
v 4.214301 -6.43 -12.41127
v 4.127457 -6.43 -12.90367
v -4.627035 4.5 -4.593105
v -5.168456 4.5 -4.497601
v -4.627032 -6.43 -4.593108
v -5.168455 -6.43 -4.497602
v -5.168456 4.5 -4.497601
v -5.270856 4.5 -5.079151
v -5.168455 -6.43 -4.497602
v -5.270854 -6.43 -5.079154
v -4.729525 4.5 -5.174403
v -4.627035 4.5 -4.593105
v -4.729522 -6.43 -5.174406
v -4.627032 -6.43 -4.593108
v -5.270856 4.5 -5.079151
v -4.729525 4.5 -5.174403
v -5.270854 -6.43 -5.079154
v -4.729522 -6.43 -5.174406
v -5.7839 4.5 -11.15561
v -5.697079 4.5 -10.66321
v -5.783898 -6.43 -11.15561
v -5.697077 -6.43 -10.66321
v -6.325545 4.5 -11.06008
v -5.7839 4.5 -11.15561
v -6.325542 -6.43 -11.06008
v -5.783898 -6.43 -11.15561
v -5.697079 4.5 -10.66321
v -6.238782 4.5 -10.56767
v -5.697077 -6.43 -10.66321
v -6.23878 -6.43 -10.56767
v -6.238782 4.5 -10.56767
v -6.325545 4.5 -11.06008
v -6.23878 -6.43 -10.56767
v -6.325542 -6.43 -11.06008
v -0.8282217 4.5 -12.02964
v -0.8282217 5 -12.02964
v 0.3289126 5 -5.467187
v 5.28486 4.5 -6.341269
v 5.28486 5 -6.341269
v 0.3289126 4.5 -5.467187
v 0.2264269 5 -6.048367
v 0.3289126 5 -5.467187
v 5.28486 4.5 -6.341269
v 0.3289126 4.5 -5.467187
v 0.2264269 4.5 -6.048367
v -4.627035 4.5 -4.593105
v -0.7413886 5 -11.53724
v -0.8282217 5 -12.02964
v 4.127457 4.5 -12.90367
v -0.8282217 4.5 -12.02964
v -0.7413886 4.5 -11.53724
v -5.7839 4.5 -11.15561
f 4791 4792 4793
f 4794 4791 4793
f 4795 4796 4797
f 4795 4798 4796
f 4799 4800 4801
f 4802 4799 4801
f 4803 4804 4805
f 4803 4806 4804
f 4807 4808 4809
f 4807 4810 4808
f 4811 4812 4813
f 4814 4811 4813
f 4801 4800 4815
f 4801 4815 4816
f 4816 4815 4817
f 4816 4817 4818
f 4819 4820 4821
f 4820 4822 4821
f 4823 4824 4825
f 4824 4826 4825
f 4827 4828 4829
f 4827 4830 4828
f 4807 4830 4827
f 4807 4809 4830
f 4831 4832 4833
f 4834 4831 4833
f 4835 4836 4837
f 4838 4835 4837
f 4839 4840 4841
f 4842 4839 4841
f 4843 4844 4845
f 4843 4846 4844
f 4847 4848 4849
f 4847 4850 4848
f 4851 4852 4853
f 4854 4851 4853
f 4855 4856 4857
f 4855 4857 4858
f 4856 4847 4857
f 4857 4847 4849
f 4859 4860 4861
f 4860 4862 4861
f 4863 4864 4865
f 4865 4864 4866
f 4867 4868 4869
f 4868 4870 4869
f 4871 4872 4873
f 4872 4874 4873
f 4875 4876 4877
f 4876 4878 4877
f 4879 4880 4881
f 4880 4882 4881
f 4883 4884 4885
f 4884 4886 4885
f 4887 4888 4889
f 4888 4890 4889
f 4891 4892 4893
f 4892 4894 4893
f 4895 4896 4897
f 4896 4898 4897
f 4899 4900 4901
f 4900 4902 4901
f 4903 4904 4905
f 4904 4906 4905
f 4907 4908 4909
f 4908 4910 4909
f 4911 4912 4913
f 4912 4914 4913
f 4915 4916 4917
f 4916 4918 4917
f 4919 4920 4921
f 4920 4922 4921
f 4923 4924 4925
f 4924 4926 4925
f 4927 4928 4929
f 4928 4930 4929
f 4792 4931 4793
f 4931 4932 4793
f 4931 4839 4932
f 4839 4842 4932
f 4933 4934 4935
f 4933 4936 4934
f 4845 4936 4933
f 4845 4844 4936
f 4937 4810 4807
f 4937 4938 4810
f 4849 4938 4937
f 4849 4848 4938
f 4939 4940 4941
f 4837 4939 4941
f 4940 4942 4863
f 4941 4940 4863
f 4858 4857 4943
f 4944 4858 4943
f 4944 4943 4827
f 4944 4827 4829
f 4857 4849 4937
f 4857 4937 4943
f 4943 4937 4807
f 4943 4807 4827
f 4945 4838 4946
f 4838 4947 4946
f 4947 4948 4946
f 4947 4865 4948
f 4838 4837 4947
f 4837 4941 4947
f 4947 4941 4865
f 4941 4863 4865
v 32 -8 22
v 32 -8 12
v 32 0 12
v 32 0 22
v 12 0 12
v 12 -8 22
v 12 0 22
v 12 -8 12
v 18 -8 12
v 18 -6 12
v 18 -8 4
v 18 -6 4
v 30 0 12
v 30 -8 12
v 30 0 4
v 30 -8 4
v 30 -8 22
v 30 -8 12
v 32 -8 22
v 32 -8 12
v 30 -8 12
v 30 0 12
v 32 -8 12
v 32 0 12
v 30 0 26
v 30 -8 26
v 32 0 26
v 32 -8 26
v 22 0 12
v 22 -8 12
v 20 0 12
v 20 -8 12
v 22 -8 26
v 22 0 26
v 20 -8 26
v 20 0 26
v 22 -8 12
v 22 -8 22
v 20 -8 12
v 20 -8 22
v 22 -8 4
v 22 0 4
v 22 -8 -2.5
v 22 -6 -2.5
v 30 -6 -2.5
v 30 -8 -2.5
v 20 -8 22
v 20 0 22
v 12 -8 22
v 12 0 22
v 12 0 12
v 12 -8 12
v 12 -8 12
v 12 -8 22
v 22 -8 12
v 22 0 12
v 18 -8 12
v 18 -6 12
v 22 -8 4
v 18 -8 4
v 18 -8 12
v 22 0 12
v 22 0 4
v 18 -6 12
v 18 -6 4
v 22 0 4
v 22 -8 4
v 18 -6 4
v 18 -8 4
v 32 14 12
v 30 14 12
v 32 17 12
v 30 17 12
v 30 14 22
v 32 14 22
v 30 17 22
v 32 17 22
v 32 14 22
v 32 14 12
v 32 17 22
v 32 17 12
v 32 6 12
v 32 6 22
v 20 6 12
v 20 0 22
v 20 6 22
v 20 0 12
v 32 6 12
v 30 6 12
v 30 0 22
v 32 0 22
v 32 6 22
v 30 6 22
v 22 0 22
v 22 6 22
v 20 6 22
v 22 6 12
v 20 6 12
v 28 -8 22
v 28 -8 12
v 28 -8 26
v 28 0 26
v 30 -6 -2.5
v 28 -8 -2.5
v 28 -6 -2.5
v 30 -8 -2.5
v 30 -8 4
v 28 -8 4
v 30 0 4
v 28 -6 -2.5
v 28 0 4
v 30 -6 -2.5
v 30 -8 -2.5
v 28 -8 -2.5
v 28 14 22
v 28 14 12
v 28 0 22
v 28 6 22
v 28 0 12
v 28 6 12
v 24 -8 22
v 24 -8 12
v 24 -8 26
v 24 0 26
v 24 -6 -2.5
v 22 -8 -2.5
v 22 -6 -2.5
v 24 -8 -2.5
v 24 -8 4
v 24 0 4
v 22 -6 -2.5
v 22 0 4
v 24 -6 -2.5
v 24 -8 -2.5
v 22 -8 -2.5
v 22 14 22
v 24 14 22
v 26 17 22
v 27 17 22
v 27 17 12
v 24 14 12
v 26 17 12
v 22 14 12
v 24 0 22
v 24 6 22
v 24 6 12
v 24 0 12
v 24 0 12
v 24 6 12
v 24 0 22
v 24 6 22
v 24 6 12
v 28 6 12
v 24 6 22
v 28 6 22
v 28 6 12
v 28 0 12
v 28 6 22
v 28 0 22
v 24 -8 26
v 28 -8 26
v 20 -8 26
v 22 -8 26
v 30 -8 26
v 32 -8 26
v 32 -8 26
v 32 0 26
v 20 -8 22
v 20 0 26
v 20 -8 26
v 32 7.5 12
v 32 7.5 22
v 20 7.5 12
v 20 7.5 22
v 20 14 12
v 20 14 22
v 32 7.5 12
v 30 7.5 12
v 32 7.5 22
v 30 7.5 22
v 22 7.5 22
v 20 7.5 22
v 20 14 22
v 22 7.5 12
v 20 7.5 12
v 20 14 12
v 28 7.5 22
v 28 7.5 12
v 24 7.5 22
v 24 7.5 12
v 28 7.5 8.5
v 24 6 8.5
v 24 7.5 8.5
v 28 6 8.5
v 24 6 12
v 24 7.5 12
v 24 6 8.5
v 24 7.5 8.5
v 24 7.5 12
v 28 7.5 12
v 24 7.5 8.5
v 28 7.5 8.5
v 28 7.5 12
v 28 6 12
v 28 7.5 8.5
v 28 6 8.5
v 28 6 8.5
v 24 6 8.5
v 30 17 12
v 30 17 22
v 32 17 12
v 32 17 22
v 22 14 22
v 22 14 12
v 20 14 22
v 20 14 12
v 20 0 22
v 20 0 12
v 12 0 22
v 12 0 12
v 22 14 12
v 22 14 22
v 26 17 12
v 26 17 22
v 30 0 4
v 28 0 4
v 28 0 12
v 30 0 12
v 27 17 12
v 27 17 22
v 26 17 12
v 26 17 22
v 24 0 4
v 24 0 12
v 22 0 4
v 22 0 12
v 28 0 22
v 24 0 22
v 30 0 22
v 30 0 26
v 28 0 26
v 24 0 26
v 32 0 22
v 32 0 26
v 22 0 22
v 22 0 26
v 20 0 26
f 4949 4950 4951
f 4952 4949 4951
f 4953 4954 4955
f 4953 4956 4954
f 4957 4958 4959
f 4958 4960 4959
f 4961 4962 4963
f 4962 4964 4963
f 4965 4966 4967
f 4966 4968 4967
f 4969 4970 4971
f 4970 4972 4971
f 4973 4974 4975
f 4974 4976 4975
f 4977 4978 4979
f 4978 4980 4979
f 4981 4982 4983
f 4982 4984 4983
f 4985 4986 4987
f 4986 4988 4987
f 4989 4990 4991
f 4990 4992 4991
f 4963 4964 4993
f 4964 4994 4993
f 4995 4996 4997
f 4996 4998 4997
f 4979 4980 4999
f 4980 5000 4999
f 4987 4988 5001
f 4988 5002 5001
f 5003 5004 5005
f 5004 5006 5005
f 5007 4985 5008
f 4985 5009 5008
f 5010 5011 5012
f 5011 5013 5012
f 5014 5015 5016
f 5015 5017 5016
f 5018 5019 5020
f 5019 5021 5020
f 5022 5023 5024
f 5023 5025 5024
f 5026 5027 5028
f 5027 5029 5028
f 4952 4951 5030
f 5031 4952 5030
f 5032 5033 5034
f 5032 5035 5033
f 5036 4970 5037
f 5036 4972 4970
f 5038 5039 5040
f 5041 5038 5040
f 4996 5042 5043
f 5044 4996 5043
f 5045 4979 5046
f 5045 4977 4979
f 5047 4966 4965
f 5047 5048 4966
f 5049 4974 4973
f 5050 5049 4973
f 5051 5052 5053
f 5051 5054 5052
f 5048 5055 4966
f 5048 5056 5055
f 5057 5058 5059
f 5057 5060 5058
f 5056 5061 5055
f 5056 5062 5061
f 5022 5024 5063
f 5064 5021 5019
f 5065 5038 5041
f 5066 5065 5041
f 5037 5067 5068
f 5037 4970 5067
f 5069 5048 5047
f 5069 5070 5048
f 4986 5070 5069
f 4986 4985 5070
f 4981 5071 5072
f 4982 4981 5072
f 5071 5049 5050
f 5072 5071 5050
f 5073 5074 5075
f 5073 5076 5074
f 5053 5076 5073
f 5053 5052 5076
f 5070 5056 5048
f 5070 5077 5056
f 4985 5077 5070
f 4985 5007 5077
f 5078 5079 5080
f 5078 5081 5079
f 5059 5081 5078
f 5059 5058 5081
f 5077 5062 5056
f 5077 5082 5062
f 5007 5082 5077
f 5007 5083 5082
f 5084 5085 5086
f 5085 5087 5086
f 5085 5063 5087
f 5087 5063 5024
f 5021 5064 5088
f 5088 5064 5089
f 5090 5088 5089
f 5090 5089 5091
f 5042 5092 5093
f 5043 5042 5093
f 5094 4977 5045
f 5094 5095 4977
f 5096 5097 5098
f 5097 5099 5098
f 5100 5101 5102
f 5101 5103 5102
f 5104 5105 5106
f 5105 5107 5106
f 5069 5047 5108
f 5047 5109 5108
f 4988 4986 5110
f 4986 5111 5110
f 5047 4965 5109
f 4965 5112 5109
f 4965 4967 5112
f 4967 5113 5112
f 4949 4952 5114
f 4952 5115 5114
f 4986 5069 5111
f 5069 5108 5111
f 5033 5116 5117
f 5116 5118 5117
f 5031 5030 5119
f 5120 5031 5119
f 5120 5119 5027
f 5026 5120 5027
f 5121 5034 5122
f 5121 5032 5034
f 5123 5122 5124
f 5123 5121 5122
f 5125 5037 5126
f 5125 5036 5037
f 5018 5126 5019
f 5018 5125 5126
f 5041 5040 5127
f 5128 5041 5127
f 5128 5127 5023
f 5022 5128 5023
f 5044 5043 5129
f 5130 5044 5129
f 5130 5129 5084
f 5131 5130 5084
f 5132 5046 5133
f 5132 5045 5046
f 5091 5133 5134
f 5091 5132 5133
f 5066 5041 5128
f 5135 5066 5128
f 5135 5128 5022
f 5063 5135 5022
f 5126 5068 5136
f 5126 5037 5068
f 5019 5136 5064
f 5019 5126 5136
f 5043 5093 5137
f 5129 5043 5137
f 5129 5137 5085
f 5084 5129 5085
f 5093 5066 5135
f 5137 5093 5135
f 5137 5135 5063
f 5085 5137 5063
f 5138 5045 5132
f 5138 5094 5045
f 5089 5132 5091
f 5089 5138 5132
f 5139 5140 5141
f 5139 5142 5140
f 5064 5138 5089
f 5064 5136 5138
f 5143 5144 5145
f 5144 5146 5145
f 5147 5148 5149
f 5148 5150 5149
f 5151 5152 5153
f 5152 5154 5153
f 5101 5100 5155
f 5100 5156 5155
f 5157 5158 5159
f 5158 5160 5159
f 5161 5162 5163
f 5162 5164 5163
f 5165 5166 5167
f 5166 5168 5167
f 5169 5170 5171
f 5170 5172 5171
f 5173 5174 5175
f 5176 5173 5175
f 5157 5177 5178
f 5158 5157 5178
f 5177 5179 5180
f 5178 5177 5180
f 5174 5181 5182
f 5175 5174 5182
f 5181 5183 5184
f 5182 5181 5184
f 5175 5182 5185
f 5182 5186 5185
f 5187 5185 5188
f 5185 5189 5188
f 5185 5186 5189
f 5186 5190 5189
f 5191 5187 5192
f 5187 5188 5192
f 5186 5193 5190
f 5193 5194 5190
f 5193 5165 5194
f 5165 5195 5194
v -8.946168 -6.132215 -38.77582
v -7.766098 -6.239692 -40.28064
v -7.468428 -6.139071 -38.12358
v -8.52332 -6.027736 -37.8656
v -9.150736 -5.453533 -38.40619
v -8.946168 -6.132215 -38.77582
v -7.468428 -6.139071 -38.12358
v -8.170635 -5.649594 -37.55846
v -8.52332 -6.027736 -37.8656
v -7.247908 -6.0893 -39.5807
v -7.105173 -5.644577 -38.29618
v -7.468428 -6.139071 -38.12358
v -7.766098 -6.239692 -40.28064
v -7.25084 -5.730756 -40.1402
v -7.247908 -6.0893 -39.5807
v -8.52332 -6.027736 -37.8656
v -8.170635 -5.649594 -37.55846
v -9.150736 -5.453533 -38.40619
v -7.468428 -6.139071 -38.12358
v -7.105173 -5.644577 -38.29618
v -8.170635 -5.649594 -37.55846
v -7.247908 -6.0893 -39.5807
v -7.25084 -5.730756 -40.1402
v -7.105173 -5.644577 -38.29618
v -7.766098 -6.239692 -40.28064
v -7.857387 -5.715892 -40.5207
v -7.25084 -5.730756 -40.1402
v -8.647236 -6.139758 -39.96252
v -9.160913 -5.510057 -39.33517
v -8.646591 -5.786221 -40.09303
v -7.829517 -5.231273 -37.76101
v -7.728293 -4.776623 -38.44973
v -8.656309 -5.155632 -38.01185
v -7.105173 -5.644577 -38.29618
v -7.728293 -4.776623 -38.44973
v -7.829517 -5.231273 -37.76101
v -9.150736 -5.453533 -38.40619
v -8.157731 -4.692705 -38.86976
v -9.160913 -5.510057 -39.33517
v -8.157731 -4.692705 -38.86976
v -8.215098 -5.144726 -39.96981
v -9.160913 -5.510057 -39.33517
v -8.215098 -5.144726 -39.96981
v -8.157731 -4.692705 -38.86976
v -7.270115 -5.084044 -39.48346
v -8.215098 -5.144726 -39.96981
v -7.270115 -5.084044 -39.48346
v -7.857387 -5.715892 -40.5207
v -7.857387 -5.715892 -40.5207
v -7.270115 -5.084044 -39.48346
v -7.25084 -5.730756 -40.1402
v -7.270115 -5.084044 -39.48346
v -8.157731 -4.692705 -38.86976
v -7.728293 -4.776623 -38.44973
v -7.270115 -5.084044 -39.48346
v -7.728293 -4.776623 -38.44973
v -7.105173 -5.644577 -38.29618
v -7.728293 -4.776623 -38.44973
v -8.157731 -4.692705 -38.86976
v -8.656309 -5.155632 -38.01185
v -8.656309 -5.155632 -38.01185
v -8.157731 -4.692705 -38.86976
v -9.150736 -5.453533 -38.40619
v -8.646591 -5.786221 -40.09303
v -9.160913 -5.510057 -39.33517
v -8.215098 -5.144726 -39.96981
v -7.25084 -5.730756 -40.1402
v -7.270115 -5.084044 -39.48346
v -7.105173 -5.644577 -38.29618
v -7.105173 -5.644577 -38.29618
v -7.829517 -5.231273 -37.76101
v -8.170635 -5.649594 -37.55846
v -8.170635 -5.649594 -37.55846
v -7.829517 -5.231273 -37.76101
v -8.656309 -5.155632 -38.01185
v -8.170635 -5.649594 -37.55846
v -8.656309 -5.155632 -38.01185
v -9.150736 -5.453533 -38.40619
v -8.646591 -5.786221 -40.09303
v -8.215098 -5.144726 -39.96981
v -7.857387 -5.715892 -40.5207
v -8.646591 -5.786221 -40.09303
v -7.857387 -5.715892 -40.5207
v -8.647236 -6.139758 -39.96252
v -8.647236 -6.139758 -39.96252
v -7.857387 -5.715892 -40.5207
v -7.766098 -6.239692 -40.28064
v -9.150736 -5.453533 -38.40619
v -9.160913 -5.510057 -39.33517
v -8.946168 -6.132215 -38.77582
v -8.946168 -6.132215 -38.77582
v -9.160913 -5.510057 -39.33517
v -8.647236 -6.139758 -39.96252
v -8.946168 -6.132215 -38.77582
v -8.647236 -6.139758 -39.96252
v -7.766098 -6.239692 -40.28064
v -7.766098 -6.239692 -40.28064
v -7.247908 -6.0893 -39.5807
v -7.468428 -6.139071 -38.12358
v -7.468428 -6.139071 -38.12358
v -8.52332 -6.027736 -37.8656
v -8.946168 -6.132215 -38.77582
f 5196 5197 5198
f 5199 5200 5201
f 5202 5203 5204
f 5205 5206 5207
f 5208 5209 5210
f 5211 5212 5213
f 5214 5215 5216
f 5217 5218 5219
f 5220 5221 5222
f 5223 5224 5225
f 5226 5227 5228
f 5229 5230 5231
f 5232 5233 5234
f 5235 5236 5237
f 5238 5239 5240
f 5241 5242 5243
f 5244 5245 5246
f 5247 5248 5249
f 5250 5251 5252
f 5253 5254 5255
f 5256 5257 5258
f 5259 5260 5261
f 5262 5263 5264
f 5265 5266 5267
f 5268 5269 5270
f 5271 5272 5273
f 5274 5275 5276
f 5277 5278 5279
f 5280 5281 5282
f 5283 5284 5285
f 5286 5287 5288
f 5289 5290 5291
f 5292 5293 5294
f 5295 5296 5297
v 14.34706 -5.925832 38.15471
v 15.16141 -6 37.11625
v 15.36683 -5.930562 38.6048
v 14.63887 -5.853733 38.78283
v 14.2059 -5.457484 38.40978
v 14.34706 -5.925832 38.15471
v 15.36683 -5.930562 38.6048
v 14.88225 -5.592782 38.99479
v 14.63887 -5.853733 38.78283
v 15.51901 -5.896216 37.59927
v 15.61751 -5.58932 38.48569
v 15.36683 -5.930562 38.6048
v 15.16141 -6 37.11625
v 15.51698 -5.648792 37.21317
v 15.51901 -5.896216 37.59927
v 14.63887 -5.853733 38.78283
v 14.88225 -5.592782 38.99479
v 14.2059 -5.457484 38.40978
v 15.36683 -5.930562 38.6048
v 15.61751 -5.58932 38.48569
v 14.88225 -5.592782 38.99479
v 15.51901 -5.896216 37.59927
v 15.51698 -5.648792 37.21317
v 15.61751 -5.58932 38.48569
v 15.16141 -6 37.11625
v 15.09842 -5.638534 36.95059
v 15.51698 -5.648792 37.21317
v 14.55335 -5.931036 37.33578
v 14.19887 -5.496491 37.7687
v 14.5538 -5.687067 37.24572
v 15.11765 -5.304106 38.85501
v 15.1875 -4.99036 38.37973
v 14.54709 -5.251908 38.68191
v 15.61751 -5.58932 38.48569
v 15.1875 -4.99036 38.37973
v 15.11765 -5.304106 38.85501
v 14.2059 -5.457484 38.40978
v 14.89115 -4.932449 38.08988
v 14.19887 -5.496491 37.7687
v 14.89115 -4.932449 38.08988
v 14.85156 -5.244382 37.33075
v 14.19887 -5.496491 37.7687
v 14.85156 -5.244382 37.33075
v 14.89115 -4.932449 38.08988
v 15.50368 -5.202506 37.66637
v 14.85156 -5.244382 37.33075
v 15.50368 -5.202506 37.66637
v 15.09842 -5.638534 36.95059
v 15.09842 -5.638534 36.95059
v 15.50368 -5.202506 37.66637
v 15.51698 -5.648792 37.21317
v 15.50368 -5.202506 37.66637
v 14.89115 -4.932449 38.08988
v 15.1875 -4.99036 38.37973
v 15.50368 -5.202506 37.66637
v 15.1875 -4.99036 38.37973
v 15.61751 -5.58932 38.48569
v 15.1875 -4.99036 38.37973
v 14.89115 -4.932449 38.08988
v 14.54709 -5.251908 38.68191
v 14.54709 -5.251908 38.68191
v 14.89115 -4.932449 38.08988
v 14.2059 -5.457484 38.40978
v 14.5538 -5.687067 37.24572
v 14.19887 -5.496491 37.7687
v 14.85156 -5.244382 37.33075
v 15.51698 -5.648792 37.21317
v 15.50368 -5.202506 37.66637
v 15.61751 -5.58932 38.48569
v 15.61751 -5.58932 38.48569
v 15.11765 -5.304106 38.85501
v 14.88225 -5.592782 38.99479
v 14.88225 -5.592782 38.99479
v 15.11765 -5.304106 38.85501
v 14.54709 -5.251908 38.68191
v 14.88225 -5.592782 38.99479
v 14.54709 -5.251908 38.68191
v 14.2059 -5.457484 38.40978
v 14.5538 -5.687067 37.24572
v 14.85156 -5.244382 37.33075
v 15.09842 -5.638534 36.95059
v 14.5538 -5.687067 37.24572
v 15.09842 -5.638534 36.95059
v 14.55335 -5.931036 37.33578
v 14.55335 -5.931036 37.33578
v 15.09842 -5.638534 36.95059
v 15.16141 -6 37.11625
v 14.2059 -5.457484 38.40978
v 14.19887 -5.496491 37.7687
v 14.34706 -5.925832 38.15471
v 14.34706 -5.925832 38.15471
v 14.19887 -5.496491 37.7687
v 14.55335 -5.931036 37.33578
v 14.34706 -5.925832 38.15471
v 14.55335 -5.931036 37.33578
v 15.16141 -6 37.11625
v 15.16141 -6 37.11625
v 15.51901 -5.896216 37.59927
v 15.36683 -5.930562 38.6048
v 15.36683 -5.930562 38.6048
v 14.63887 -5.853733 38.78283
v 14.34706 -5.925832 38.15471
f 5298 5299 5300
f 5301 5302 5303
f 5304 5305 5306
f 5307 5308 5309
f 5310 5311 5312
f 5313 5314 5315
f 5316 5317 5318
f 5319 5320 5321
f 5322 5323 5324
f 5325 5326 5327
f 5328 5329 5330
f 5331 5332 5333
f 5334 5335 5336
f 5337 5338 5339
f 5340 5341 5342
f 5343 5344 5345
f 5346 5347 5348
f 5349 5350 5351
f 5352 5353 5354
f 5355 5356 5357
f 5358 5359 5360
f 5361 5362 5363
f 5364 5365 5366
f 5367 5368 5369
f 5370 5371 5372
f 5373 5374 5375
f 5376 5377 5378
f 5379 5380 5381
f 5382 5383 5384
f 5385 5386 5387
f 5388 5389 5390
f 5391 5392 5393
f 5394 5395 5396
f 5397 5398 5399
v 2.347065 11.68816 -8.845295
v 3.161412 11.61399 -9.883752
v 3.366829 11.68343 -8.395195
v 2.638866 11.76026 -8.217172
v 2.205896 12.15651 -8.590219
v 2.347065 11.68816 -8.845295
v 3.366829 11.68343 -8.395195
v 2.882248 12.02121 -8.005215
v 2.638866 11.76026 -8.217172
v 3.519006 11.71777 -9.400727
v 3.617506 12.02467 -8.514308
v 3.366829 11.68343 -8.395195
v 3.161412 11.61399 -9.883752
v 3.516983 11.9652 -9.786831
v 3.519006 11.71777 -9.400727
v 2.638866 11.76026 -8.217172
v 2.882248 12.02121 -8.005215
v 2.205896 12.15651 -8.590219
v 3.366829 11.68343 -8.395195
v 3.617506 12.02467 -8.514308
v 2.882248 12.02121 -8.005215
v 3.519006 11.71777 -9.400727
v 3.516983 11.9652 -9.786831
v 3.617506 12.02467 -8.514308
v 3.161412 11.61399 -9.883752
v 3.098415 11.97546 -10.04941
v 3.516983 11.9652 -9.786831
v 2.553353 11.68295 -9.664218
v 2.198874 12.1175 -9.231297
v 2.553798 11.92692 -9.754285
v 3.117648 12.30988 -8.14499
v 3.1875 12.62363 -8.620269
v 2.547092 12.36208 -8.318092
v 3.617506 12.02467 -8.514308
v 3.1875 12.62363 -8.620269
v 3.117648 12.30988 -8.14499
v 2.205896 12.15651 -8.590219
v 2.891152 12.68154 -8.910123
v 2.198874 12.1175 -9.231297
v 2.891152 12.68154 -8.910123
v 2.851564 12.36961 -9.66925
v 2.198874 12.1175 -9.231297
v 2.851564 12.36961 -9.66925
v 2.891152 12.68154 -8.910123
v 3.503682 12.41148 -9.333627
v 2.851564 12.36961 -9.66925
v 3.503682 12.41148 -9.333627
v 3.098415 11.97546 -10.04941
v 3.098415 11.97546 -10.04941
v 3.503682 12.41148 -9.333627
v 3.516983 11.9652 -9.786831
v 3.503682 12.41148 -9.333627
v 2.891152 12.68154 -8.910123
v 3.1875 12.62363 -8.620269
v 3.503682 12.41148 -9.333627
v 3.1875 12.62363 -8.620269
v 3.617506 12.02467 -8.514308
v 3.1875 12.62363 -8.620269
v 2.891152 12.68154 -8.910123
v 2.547092 12.36208 -8.318092
v 2.547092 12.36208 -8.318092
v 2.891152 12.68154 -8.910123
v 2.205896 12.15651 -8.590219
v 2.553798 11.92692 -9.754285
v 2.198874 12.1175 -9.231297
v 2.851564 12.36961 -9.66925
v 3.516983 11.9652 -9.786831
v 3.503682 12.41148 -9.333627
v 3.617506 12.02467 -8.514308
v 3.617506 12.02467 -8.514308
v 3.117648 12.30988 -8.14499
v 2.882248 12.02121 -8.005215
v 2.882248 12.02121 -8.005215
v 3.117648 12.30988 -8.14499
v 2.547092 12.36208 -8.318092
v 2.882248 12.02121 -8.005215
v 2.547092 12.36208 -8.318092
v 2.205896 12.15651 -8.590219
v 2.553798 11.92692 -9.754285
v 2.851564 12.36961 -9.66925
v 3.098415 11.97546 -10.04941
v 2.553798 11.92692 -9.754285
v 3.098415 11.97546 -10.04941
v 2.553353 11.68295 -9.664218
v 2.553353 11.68295 -9.664218
v 3.098415 11.97546 -10.04941
v 3.161412 11.61399 -9.883752
v 2.205896 12.15651 -8.590219
v 2.198874 12.1175 -9.231297
v 2.347065 11.68816 -8.845295
v 2.347065 11.68816 -8.845295
v 2.198874 12.1175 -9.231297
v 2.553353 11.68295 -9.664218
v 2.347065 11.68816 -8.845295
v 2.553353 11.68295 -9.664218
v 3.161412 11.61399 -9.883752
v 3.161412 11.61399 -9.883752
v 3.519006 11.71777 -9.400727
v 3.366829 11.68343 -8.395195
v 3.366829 11.68343 -8.395195
v 2.638866 11.76026 -8.217172
v 2.347065 11.68816 -8.845295
f 5400 5401 5402
f 5403 5404 5405
f 5406 5407 5408
f 5409 5410 5411
f 5412 5413 5414
f 5415 5416 5417
f 5418 5419 5420
f 5421 5422 5423
f 5424 5425 5426
f 5427 5428 5429
f 5430 5431 5432
f 5433 5434 5435
f 5436 5437 5438
f 5439 5440 5441
f 5442 5443 5444
f 5445 5446 5447
f 5448 5449 5450
f 5451 5452 5453
f 5454 5455 5456
f 5457 5458 5459
f 5460 5461 5462
f 5463 5464 5465
f 5466 5467 5468
f 5469 5470 5471
f 5472 5473 5474
f 5475 5476 5477
f 5478 5479 5480
f 5481 5482 5483
f 5484 5485 5486
f 5487 5488 5489
f 5490 5491 5492
f 5493 5494 5495
f 5496 5497 5498
f 5499 5500 5501
v 23.34706 -5.925832 -36.84529
v 24.16141 -6 -37.88375
v 24.36683 -5.930562 -36.3952
v 23.63887 -5.853733 -36.21717
v 23.2059 -5.457484 -36.59022
v 23.34706 -5.925832 -36.84529
v 24.36683 -5.930562 -36.3952
v 23.88225 -5.592782 -36.00521
v 23.63887 -5.853733 -36.21717
v 24.51901 -5.896216 -37.40073
v 24.61751 -5.58932 -36.51431
v 24.36683 -5.930562 -36.3952
v 24.16141 -6 -37.88375
v 24.51698 -5.648792 -37.78683
v 24.51901 -5.896216 -37.40073
v 23.63887 -5.853733 -36.21717
v 23.88225 -5.592782 -36.00521
v 23.2059 -5.457484 -36.59022
v 24.36683 -5.930562 -36.3952
v 24.61751 -5.58932 -36.51431
v 23.88225 -5.592782 -36.00521
v 24.51901 -5.896216 -37.40073
v 24.51698 -5.648792 -37.78683
v 24.61751 -5.58932 -36.51431
v 24.16141 -6 -37.88375
v 24.09842 -5.638534 -38.04941
v 24.51698 -5.648792 -37.78683
v 23.55335 -5.931036 -37.66422
v 23.19887 -5.496491 -37.2313
v 23.5538 -5.687067 -37.75428
v 24.11765 -5.304106 -36.14499
v 24.1875 -4.99036 -36.62027
v 23.54709 -5.251908 -36.31809
v 24.61751 -5.58932 -36.51431
v 24.1875 -4.99036 -36.62027
v 24.11765 -5.304106 -36.14499
v 23.2059 -5.457484 -36.59022
v 23.89115 -4.932449 -36.91012
v 23.19887 -5.496491 -37.2313
v 23.89115 -4.932449 -36.91012
v 23.85156 -5.244382 -37.66925
v 23.19887 -5.496491 -37.2313
v 23.85156 -5.244382 -37.66925
v 23.89115 -4.932449 -36.91012
v 24.50368 -5.202506 -37.33363
v 23.85156 -5.244382 -37.66925
v 24.50368 -5.202506 -37.33363
v 24.09842 -5.638534 -38.04941
v 24.09842 -5.638534 -38.04941
v 24.50368 -5.202506 -37.33363
v 24.51698 -5.648792 -37.78683
v 24.50368 -5.202506 -37.33363
v 23.89115 -4.932449 -36.91012
v 24.1875 -4.99036 -36.62027
v 24.50368 -5.202506 -37.33363
v 24.1875 -4.99036 -36.62027
v 24.61751 -5.58932 -36.51431
v 24.1875 -4.99036 -36.62027
v 23.89115 -4.932449 -36.91012
v 23.54709 -5.251908 -36.31809
v 23.54709 -5.251908 -36.31809
v 23.89115 -4.932449 -36.91012
v 23.2059 -5.457484 -36.59022
v 23.5538 -5.687067 -37.75428
v 23.19887 -5.496491 -37.2313
v 23.85156 -5.244382 -37.66925
v 24.51698 -5.648792 -37.78683
v 24.50368 -5.202506 -37.33363
v 24.61751 -5.58932 -36.51431
v 24.61751 -5.58932 -36.51431
v 24.11765 -5.304106 -36.14499
v 23.88225 -5.592782 -36.00521
v 23.88225 -5.592782 -36.00521
v 24.11765 -5.304106 -36.14499
v 23.54709 -5.251908 -36.31809
v 23.88225 -5.592782 -36.00521
v 23.54709 -5.251908 -36.31809
v 23.2059 -5.457484 -36.59022
v 23.5538 -5.687067 -37.75428
v 23.85156 -5.244382 -37.66925
v 24.09842 -5.638534 -38.04941
v 23.5538 -5.687067 -37.75428
v 24.09842 -5.638534 -38.04941
v 23.55335 -5.931036 -37.66422
v 23.55335 -5.931036 -37.66422
v 24.09842 -5.638534 -38.04941
v 24.16141 -6 -37.88375
v 23.2059 -5.457484 -36.59022
v 23.19887 -5.496491 -37.2313
v 23.34706 -5.925832 -36.84529
v 23.34706 -5.925832 -36.84529
v 23.19887 -5.496491 -37.2313
v 23.55335 -5.931036 -37.66422
v 23.34706 -5.925832 -36.84529
v 23.55335 -5.931036 -37.66422
v 24.16141 -6 -37.88375
v 24.16141 -6 -37.88375
v 24.51901 -5.896216 -37.40073
v 24.36683 -5.930562 -36.3952
v 24.36683 -5.930562 -36.3952
v 23.63887 -5.853733 -36.21717
v 23.34706 -5.925832 -36.84529
f 5502 5503 5504
f 5505 5506 5507
f 5508 5509 5510
f 5511 5512 5513
f 5514 5515 5516
f 5517 5518 5519
f 5520 5521 5522
f 5523 5524 5525
f 5526 5527 5528
f 5529 5530 5531
f 5532 5533 5534
f 5535 5536 5537
f 5538 5539 5540
f 5541 5542 5543
f 5544 5545 5546
f 5547 5548 5549
f 5550 5551 5552
f 5553 5554 5555
f 5556 5557 5558
f 5559 5560 5561
f 5562 5563 5564
f 5565 5566 5567
f 5568 5569 5570
f 5571 5572 5573
f 5574 5575 5576
f 5577 5578 5579
f 5580 5581 5582
f 5583 5584 5585
f 5586 5587 5588
f 5589 5590 5591
f 5592 5593 5594
f 5595 5596 5597
f 5598 5599 5600
f 5601 5602 5603
v 3.823111 6.690767 14.64839
v 3.499213 6.818232 16.11157
v 3.223367 6.167945 16.45379
v 2.831938 6.004385 16.19874
v 3.223367 6.167945 16.45379
v 2.790041 6.637753 16.49493
v 3.499213 6.818232 16.11157
v 3.101468 8.091577 15.17663
v 2.790041 6.637753 16.49493
v 3.101749 7.384985 14.02713
v 3.101468 8.091577 15.17663
v 3.641415 7.757105 14.90263
v 2.309246 7.752827 14.9512
v 3.101468 8.091577 15.17663
v 3.101749 7.384985 14.02713
v 3.641415 7.757105 14.90263
v 3.101468 8.091577 15.17663
v 3.499213 6.818232 16.11157
v 3.101468 8.091577 15.17663
v 2.548592 7.58213 15.71024
v 2.790041 6.637753 16.49493
v 2.548592 7.58213 15.71024
v 3.101468 8.091577 15.17663
v 2.309246 7.752827 14.9512
v 2.444589 6.949559 14.03309
v 2.309246 7.752827 14.9512
v 3.101749 7.384985 14.02713
v 3.101749 7.384985 14.02713
v 3.641415 7.757105 14.90263
v 3.562602 6.810288 14.07817
v 3.823111 6.690767 14.64839
v 3.641415 7.757105 14.90263
v 3.499213 6.818232 16.11157
v 3.223367 6.167945 16.45379
v 3.499213 6.818232 16.11157
v 2.790041 6.637753 16.49493
v 2.07703 6.779364 14.8352
v 2.548592 7.58213 15.71024
v 2.309246 7.752827 14.9512
v 2.444589 6.949559 14.03309
v 3.101749 7.384985 14.02713
v 2.935895 6.596656 13.83698
v 2.935895 6.596656 13.83698
v 3.101749 7.384985 14.02713
v 3.562602 6.810288 14.07817
v 3.562602 6.810288 14.07817
v 3.641415 7.757105 14.90263
v 3.823111 6.690767 14.64839
v 2.790041 6.637753 16.49493
v 2.548592 7.58213 15.71024
v 2.07703 6.779364 14.8352
v 2.790041 6.637753 16.49493
v 2.07703 6.779364 14.8352
v 2.831938 6.004385 16.19874
v 2.07703 6.779364 14.8352
v 2.309246 7.752827 14.9512
v 2.444589 6.949559 14.03309
v 2.788513 6 14.32701
v 2.444589 6.949559 14.03309
v 2.935895 6.596656 13.83698
v 2.788513 6 14.32701
v 2.935895 6.596656 13.83698
v 3.32123 6.146358 14.2143
v 3.32123 6.146358 14.2143
v 2.935895 6.596656 13.83698
v 3.562602 6.810288 14.07817
v 3.32123 6.146358 14.2143
v 3.562602 6.810288 14.07817
v 3.823111 6.690767 14.64839
v 3.32123 6.146358 14.2143
v 3.823111 6.690767 14.64839
v 3.223367 6.167945 16.45379
v 3.32123 6.146358 14.2143
v 3.223367 6.167945 16.45379
v 2.788513 6 14.32701
v 2.788513 6 14.32701
v 3.223367 6.167945 16.45379
v 2.831938 6.004385 16.19874
v 2.07703 6.779364 14.8352
v 2.444589 6.949559 14.03309
v 2.788513 6 14.32701
v 2.788513 6 14.32701
v 2.831938 6.004385 16.19874
v 2.07703 6.779364 14.8352
f 5604 5605 5606
f 5607 5608 5609
f 5610 5611 5612
f 5613 5614 5615
f 5616 5617 5618
f 5619 5620 5621
f 5622 5623 5624
f 5625 5626 5627
f 5628 5629 5630
f 5631 5632 5633
f 5634 5635 5636
f 5637 5638 5639
f 5640 5641 5642
f 5643 5644 5645
f 5646 5647 5648
f 5649 5650 5651
f 5652 5653 5654
f 5655 5656 5657
f 5658 5659 5660
f 5661 5662 5663
f 5664 5665 5666
f 5667 5668 5669
f 5670 5671 5672
f 5673 5674 5675
f 5676 5677 5678
f 5679 5680 5681
f 5682 5683 5684
f 5685 5686 5687
v -27.57338 -5.56954 2.390589
v -28.13476 -5.348618 4.92657
v -28.61286 -6.475694 5.519714
v -29.29128 -6.759177 5.077658
v -28.61286 -6.475694 5.519714
v -29.3639 -5.661424 5.591005
v -28.13476 -5.348618 4.92657
v -28.82414 -3.141657 3.306141
v -29.3639 -5.661424 5.591005
v -28.82365 -4.36632 1.31383
v -28.82414 -3.141657 3.306141
v -27.8883 -3.721362 2.831234
v -30.19722 -3.728778 2.915423
v -28.82414 -3.141657 3.306141
v -28.82365 -4.36632 1.31383
v -27.8883 -3.721362 2.831234
v -28.82414 -3.141657 3.306141
v -28.13476 -5.348618 4.92657
v -28.82414 -3.141657 3.306141
v -29.78238 -4.02463 4.230982
v -29.3639 -5.661424 5.591005
v -29.78238 -4.02463 4.230982
v -28.82414 -3.141657 3.306141
v -30.19722 -3.728778 2.915423
v -29.96264 -5.121001 1.324146
v -30.19722 -3.728778 2.915423
v -28.82365 -4.36632 1.31383
v -28.82365 -4.36632 1.31383
v -27.8883 -3.721362 2.831234
v -28.0249 -5.362385 1.402285
v -27.57338 -5.56954 2.390589
v -27.8883 -3.721362 2.831234
v -28.13476 -5.348618 4.92657
v -28.61286 -6.475694 5.519714
v -28.13476 -5.348618 4.92657
v -29.3639 -5.661424 5.591005
v -30.59969 -5.415984 2.714368
v -29.78238 -4.02463 4.230982
v -30.19722 -3.728778 2.915423
v -29.96264 -5.121001 1.324146
v -28.82365 -4.36632 1.31383
v -29.11111 -5.732653 0.9842609
v -29.11111 -5.732653 0.9842609
v -28.82365 -4.36632 1.31383
v -28.0249 -5.362385 1.402285
v -28.0249 -5.362385 1.402285
v -27.8883 -3.721362 2.831234
v -27.57338 -5.56954 2.390589
v -29.3639 -5.661424 5.591005
v -29.78238 -4.02463 4.230982
v -30.59969 -5.415984 2.714368
v -29.3639 -5.661424 5.591005
v -30.59969 -5.415984 2.714368
v -29.29128 -6.759177 5.077658
v -30.59969 -5.415984 2.714368
v -30.19722 -3.728778 2.915423
v -29.96264 -5.121001 1.324146
v -29.36655 -6.766777 1.833577
v -29.96264 -5.121001 1.324146
v -29.11111 -5.732653 0.9842609
v -29.36655 -6.766777 1.833577
v -29.11111 -5.732653 0.9842609
v -28.44324 -6.513109 1.638218
v -28.44324 -6.513109 1.638218
v -29.11111 -5.732653 0.9842609
v -28.0249 -5.362385 1.402285
v -28.44324 -6.513109 1.638218
v -28.0249 -5.362385 1.402285
v -27.57338 -5.56954 2.390589
v -28.44324 -6.513109 1.638218
v -27.57338 -5.56954 2.390589
v -28.61286 -6.475694 5.519714
v -28.44324 -6.513109 1.638218
v -28.61286 -6.475694 5.519714
v -29.36655 -6.766777 1.833577
v -29.36655 -6.766777 1.833577
v -28.61286 -6.475694 5.519714
v -29.29128 -6.759177 5.077658
v -30.59969 -5.415984 2.714368
v -29.96264 -5.121001 1.324146
v -29.36655 -6.766777 1.833577
v -29.36655 -6.766777 1.833577
v -29.29128 -6.759177 5.077658
v -30.59969 -5.415984 2.714368
f 5688 5689 5690
f 5691 5692 5693
f 5694 5695 5696
f 5697 5698 5699
f 5700 5701 5702
f 5703 5704 5705
f 5706 5707 5708
f 5709 5710 5711
f 5712 5713 5714
f 5715 5716 5717
f 5718 5719 5720
f 5721 5722 5723
f 5724 5725 5726
f 5727 5728 5729
f 5730 5731 5732
f 5733 5734 5735
f 5736 5737 5738
f 5739 5740 5741
f 5742 5743 5744
f 5745 5746 5747
f 5748 5749 5750
f 5751 5752 5753
f 5754 5755 5756
f 5757 5758 5759
f 5760 5761 5762
f 5763 5764 5765
f 5766 5767 5768
f 5769 5770 5771
v 37.82311 -5.309235 -13.35161
v 37.49921 -5.18177 -11.88843
v 37.22337 -5.832057 -11.54621
v 36.83194 -5.995617 -11.80126
v 37.22337 -5.832057 -11.54621
v 36.79004 -5.362249 -11.50507
v 37.49921 -5.18177 -11.88843
v 37.10147 -3.908426 -12.82337
v 36.79004 -5.362249 -11.50507
v 37.10175 -4.615016 -13.97287
v 37.10147 -3.908426 -12.82337
v 37.64141 -4.242897 -13.09737
v 36.30925 -4.247175 -13.0488
v 37.10147 -3.908426 -12.82337
v 37.10175 -4.615016 -13.97287
v 37.64141 -4.242897 -13.09737
v 37.10147 -3.908426 -12.82337
v 37.49921 -5.18177 -11.88843
v 37.10147 -3.908426 -12.82337
v 36.54859 -4.417872 -12.28976
v 36.79004 -5.362249 -11.50507
v 36.54859 -4.417872 -12.28976
v 37.10147 -3.908426 -12.82337
v 36.30925 -4.247175 -13.0488
v 36.44459 -5.050443 -13.96691
v 36.30925 -4.247175 -13.0488
v 37.10175 -4.615016 -13.97287
v 37.10175 -4.615016 -13.97287
v 37.64141 -4.242897 -13.09737
v 37.5626 -5.189713 -13.92183
v 37.82311 -5.309235 -13.35161
v 37.64141 -4.242897 -13.09737
v 37.49921 -5.18177 -11.88843
v 37.22337 -5.832057 -11.54621
v 37.49921 -5.18177 -11.88843
v 36.79004 -5.362249 -11.50507
v 36.07703 -5.220638 -13.1648
v 36.54859 -4.417872 -12.28976
v 36.30925 -4.247175 -13.0488
v 36.44459 -5.050443 -13.96691
v 37.10175 -4.615016 -13.97287
v 36.93589 -5.403346 -14.16302
v 36.93589 -5.403346 -14.16302
v 37.10175 -4.615016 -13.97287
v 37.5626 -5.189713 -13.92183
v 37.5626 -5.189713 -13.92183
v 37.64141 -4.242897 -13.09737
v 37.82311 -5.309235 -13.35161
v 36.79004 -5.362249 -11.50507
v 36.54859 -4.417872 -12.28976
v 36.07703 -5.220638 -13.1648
v 36.79004 -5.362249 -11.50507
v 36.07703 -5.220638 -13.1648
v 36.83194 -5.995617 -11.80126
v 36.07703 -5.220638 -13.1648
v 36.30925 -4.247175 -13.0488
v 36.44459 -5.050443 -13.96691
v 36.78851 -6.000002 -13.67299
v 36.44459 -5.050443 -13.96691
v 36.93589 -5.403346 -14.16302
v 36.78851 -6.000002 -13.67299
v 36.93589 -5.403346 -14.16302
v 37.32123 -5.853644 -13.7857
v 37.32123 -5.853644 -13.7857
v 36.93589 -5.403346 -14.16302
v 37.5626 -5.189713 -13.92183
v 37.32123 -5.853644 -13.7857
v 37.5626 -5.189713 -13.92183
v 37.82311 -5.309235 -13.35161
v 37.32123 -5.853644 -13.7857
v 37.82311 -5.309235 -13.35161
v 37.22337 -5.832057 -11.54621
v 37.32123 -5.853644 -13.7857
v 37.22337 -5.832057 -11.54621
v 36.78851 -6.000002 -13.67299
v 36.78851 -6.000002 -13.67299
v 37.22337 -5.832057 -11.54621
v 36.83194 -5.995617 -11.80126
v 36.07703 -5.220638 -13.1648
v 36.44459 -5.050443 -13.96691
v 36.78851 -6.000002 -13.67299
v 36.78851 -6.000002 -13.67299
v 36.83194 -5.995617 -11.80126
v 36.07703 -5.220638 -13.1648
f 5772 5773 5774
f 5775 5776 5777
f 5778 5779 5780
f 5781 5782 5783
f 5784 5785 5786
f 5787 5788 5789
f 5790 5791 5792
f 5793 5794 5795
f 5796 5797 5798
f 5799 5800 5801
f 5802 5803 5804
f 5805 5806 5807
f 5808 5809 5810
f 5811 5812 5813
f 5814 5815 5816
f 5817 5818 5819
f 5820 5821 5822
f 5823 5824 5825
f 5826 5827 5828
f 5829 5830 5831
f 5832 5833 5834
f 5835 5836 5837
f 5838 5839 5840
f 5841 5842 5843
f 5844 5845 5846
f 5847 5848 5849
f 5850 5851 5852
f 5853 5854 5855
v 35.93144 -5.733341 -8.255509
v 35.99051 -5.958718 -8.803938
v 36.56412 -5.931032 -7.737576
v 37.5237 -5.747463 -7.821836
v 37.08996 -5.186752 -7.698927
v 36.56412 -5.931032 -7.737576
v 37.9023 -5.968639 -8.543115
v 38.07253 -5.216399 -9.400511
v 38.06138 -5.498642 -8.673745
v 36.21466 -4.792452 -9.072509
v 37.00237 -4.503524 -8.849827
v 37.07024 -4.806764 -10.09757
v 36.21466 -4.792452 -9.072509
v 37.07024 -4.806764 -10.09757
v 36.49355 -4.984259 -10.01345
v 37.07024 -4.806764 -10.09757
v 37.00237 -4.503524 -8.849827
v 37.6996 -4.834674 -9.75128
v 37.6996 -4.834674 -9.75128
v 37.00237 -4.503524 -8.849827
v 37.76315 -4.821705 -8.580268
v 37.6996 -4.834674 -9.75128
v 37.76315 -4.821705 -8.580268
v 38.07253 -5.216399 -9.400511
v 37.76315 -4.821705 -8.580268
v 37.00237 -4.503524 -8.849827
v 37.08996 -5.186752 -7.698927
v 37.08996 -5.186752 -7.698927
v 37.00237 -4.503524 -8.849827
v 36.32193 -5.14962 -7.889574
v 37.00237 -4.503524 -8.849827
v 36.21466 -4.792452 -9.072509
v 36.32193 -5.14962 -7.889574
v 36.0981 -5.50746 -9.763373
v 36.21466 -4.792452 -9.072509
v 36.49355 -4.984259 -10.01345
v 37.30029 -5.564873 -10.29648
v 36.49355 -4.984259 -10.01345
v 37.07024 -4.806764 -10.09757
v 37.30029 -5.564873 -10.29648
v 37.07024 -4.806764 -10.09757
v 37.6996 -4.834674 -9.75128
v 38.06138 -5.498642 -8.673745
v 38.07253 -5.216399 -9.400511
v 37.76315 -4.821705 -8.580268
v 37.5237 -5.747463 -7.821836
v 37.76315 -4.821705 -8.580268
v 37.08996 -5.186752 -7.698927
v 35.93144 -5.733341 -8.255509
v 36.32193 -5.14962 -7.889574
v 36.21466 -4.792452 -9.072509
v 36.39978 -5.955524 -9.841532
v 37.30029 -5.564873 -10.29648
v 37.5004 -6.000008 -9.908976
v 37.30029 -5.564873 -10.29648
v 37.6996 -4.834674 -9.75128
v 38.07253 -5.216399 -9.400511
v 37.30029 -5.564873 -10.29648
v 38.07253 -5.216399 -9.400511
v 37.5004 -6.000008 -9.908976
v 37.5004 -6.000008 -9.908976
v 38.07253 -5.216399 -9.400511
v 37.9023 -5.968639 -8.543115
v 38.06138 -5.498642 -8.673745
v 37.76315 -4.821705 -8.580268
v 37.5237 -5.747463 -7.821836
v 38.06138 -5.498642 -8.673745
v 37.5237 -5.747463 -7.821836
v 37.9023 -5.968639 -8.543115
v 37.08996 -5.186752 -7.698927
v 36.32193 -5.14962 -7.889574
v 36.56412 -5.931032 -7.737576
v 36.56412 -5.931032 -7.737576
v 36.32193 -5.14962 -7.889574
v 35.93144 -5.733341 -8.255509
v 35.93144 -5.733341 -8.255509
v 36.21466 -4.792452 -9.072509
v 36.0981 -5.50746 -9.763373
v 35.93144 -5.733341 -8.255509
v 36.0981 -5.50746 -9.763373
v 35.99051 -5.958718 -8.803938
v 35.99051 -5.958718 -8.803938
v 36.0981 -5.50746 -9.763373
v 36.39978 -5.955524 -9.841532
v 35.99051 -5.958718 -8.803938
v 36.39978 -5.955524 -9.841532
v 37.5004 -6.000008 -9.908976
v 36.56412 -5.931032 -7.737576
v 37.9023 -5.968639 -8.543115
v 37.5237 -5.747463 -7.821836
v 36.56412 -5.931032 -7.737576
v 35.99051 -5.958718 -8.803938
v 37.5004 -6.000008 -9.908976
v 37.9023 -5.968639 -8.543115
v 36.0981 -5.50746 -9.763373
v 36.49355 -4.984259 -10.01345
v 37.30029 -5.564873 -10.29648
v 36.39978 -5.955524 -9.841532
f 5856 5857 5858
f 5859 5860 5861
f 5862 5863 5864
f 5865 5866 5867
f 5868 5869 5870
f 5871 5872 5873
f 5874 5875 5876
f 5877 5878 5879
f 5880 5881 5882
f 5883 5884 5885
f 5886 5887 5888
f 5889 5890 5891
f 5892 5893 5894
f 5895 5896 5897
f 5898 5899 5900
f 5901 5902 5903
f 5904 5905 5906
f 5907 5908 5909
f 5910 5911 5912
f 5913 5914 5915
f 5916 5917 5918
f 5919 5920 5921
f 5922 5923 5924
f 5925 5926 5927
f 5928 5929 5930
f 5931 5932 5933
f 5934 5935 5936
f 5937 5938 5939
f 5940 5941 5942
f 5943 5944 5945
f 5946 5947 5948
f 5948 5949 5946
f 5950 5951 5952
f 5950 5952 5953
v 5.931442 7.266663 -36.25551
v 5.990504 7.041286 -36.80394
v 6.564116 7.068972 -35.73758
v 7.523697 7.252541 -35.82183
v 7.089962 7.813252 -35.69893
v 6.564116 7.068972 -35.73758
v 7.902297 7.031365 -36.54311
v 8.072525 7.783605 -37.40051
v 8.061383 7.501361 -36.67374
v 6.21466 8.207552 -37.07251
v 7.002372 8.49648 -36.84983
v 7.07024 8.193239 -38.09757
v 6.21466 8.207552 -37.07251
v 7.07024 8.193239 -38.09757
v 6.493555 8.015745 -38.01345
v 7.07024 8.193239 -38.09757
v 7.002372 8.49648 -36.84983
v 7.699596 8.165329 -37.75128
v 7.699596 8.165329 -37.75128
v 7.002372 8.49648 -36.84983
v 7.763145 8.178298 -36.58027
v 7.699596 8.165329 -37.75128
v 7.763145 8.178298 -36.58027
v 8.072525 7.783605 -37.40051
v 7.763145 8.178298 -36.58027
v 7.002372 8.49648 -36.84983
v 7.089962 7.813252 -35.69893
v 7.089962 7.813252 -35.69893
v 7.002372 8.49648 -36.84983
v 6.321934 7.850384 -35.88958
v 7.002372 8.49648 -36.84983
v 6.21466 8.207552 -37.07251
v 6.321934 7.850384 -35.88958
v 6.0981 7.492544 -37.76337
v 6.21466 8.207552 -37.07251
v 6.493555 8.015745 -38.01345
v 7.300295 7.435131 -38.29649
v 6.493555 8.015745 -38.01345
v 7.07024 8.193239 -38.09757
v 7.300295 7.435131 -38.29649
v 7.07024 8.193239 -38.09757
v 7.699596 8.165329 -37.75128
v 8.061383 7.501361 -36.67374
v 8.072525 7.783605 -37.40051
v 7.763145 8.178298 -36.58027
v 7.523697 7.252541 -35.82183
v 7.763145 8.178298 -36.58027
v 7.089962 7.813252 -35.69893
v 5.931442 7.266663 -36.25551
v 6.321934 7.850384 -35.88958
v 6.21466 8.207552 -37.07251
v 6.399781 7.04448 -37.84153
v 7.300295 7.435131 -38.29649
v 7.500396 6.999996 -37.90897
v 7.300295 7.435131 -38.29649
v 7.699596 8.165329 -37.75128
v 8.072525 7.783605 -37.40051
v 7.300295 7.435131 -38.29649
v 8.072525 7.783605 -37.40051
v 7.500396 6.999996 -37.90897
v 7.500396 6.999996 -37.90897
v 8.072525 7.783605 -37.40051
v 7.902297 7.031365 -36.54311
v 8.061383 7.501361 -36.67374
v 7.763145 8.178298 -36.58027
v 7.523697 7.252541 -35.82183
v 8.061383 7.501361 -36.67374
v 7.523697 7.252541 -35.82183
v 7.902297 7.031365 -36.54311
v 7.089962 7.813252 -35.69893
v 6.321934 7.850384 -35.88958
v 6.564116 7.068972 -35.73758
v 6.564116 7.068972 -35.73758
v 6.321934 7.850384 -35.88958
v 5.931442 7.266663 -36.25551
v 5.931442 7.266663 -36.25551
v 6.21466 8.207552 -37.07251
v 6.0981 7.492544 -37.76337
v 5.931442 7.266663 -36.25551
v 6.0981 7.492544 -37.76337
v 5.990504 7.041286 -36.80394
v 5.990504 7.041286 -36.80394
v 6.0981 7.492544 -37.76337
v 6.399781 7.04448 -37.84153
v 5.990504 7.041286 -36.80394
v 6.399781 7.04448 -37.84153
v 7.500396 6.999996 -37.90897
v 6.564116 7.068972 -35.73758
v 7.902297 7.031365 -36.54311
v 7.523697 7.252541 -35.82183
v 6.564116 7.068972 -35.73758
v 5.990504 7.041286 -36.80394
v 7.500396 6.999996 -37.90897
v 7.902297 7.031365 -36.54311
v 6.0981 7.492544 -37.76337
v 6.493555 8.015745 -38.01345
v 7.300295 7.435131 -38.29649
v 6.399781 7.04448 -37.84153
f 5954 5955 5956
f 5957 5958 5959
f 5960 5961 5962
f 5963 5964 5965
f 5966 5967 5968
f 5969 5970 5971
f 5972 5973 5974
f 5975 5976 5977
f 5978 5979 5980
f 5981 5982 5983
f 5984 5985 5986
f 5987 5988 5989
f 5990 5991 5992
f 5993 5994 5995
f 5996 5997 5998
f 5999 6000 6001
f 6002 6003 6004
f 6005 6006 6007
f 6008 6009 6010
f 6011 6012 6013
f 6014 6015 6016
f 6017 6018 6019
f 6020 6021 6022
f 6023 6024 6025
f 6026 6027 6028
f 6029 6030 6031
f 6032 6033 6034
f 6035 6036 6037
f 6038 6039 6040
f 6041 6042 6043
f 6044 6045 6046
f 6046 6047 6044
f 6048 6049 6050
f 6048 6050 6051
v 13.38133 -5.113627 10.18166
v 13.69598 -5.584231 9.505538
v 13.62623 -5.610764 11.29639
v 14.9024 -5.926625 11.91089
v 14.65927 -4.896898 11.79168
v 13.62623 -5.610764 11.29639
v 15.7087 -6.614377 11.24958
v 16.96495 -5.907622 10.33573
v 16.27049 -6.103685 11.23618
v 14.8546 -4.206991 9.417558
v 15.78213 -4.208977 10.30641
v 16.54939 -4.960111 8.735322
v 14.8546 -4.206991 9.417558
v 16.54939 -4.960111 8.735322
v 15.71794 -4.852507 8.403693
v 16.54939 -4.960111 8.735322
v 15.78213 -4.208977 10.30641
v 17.01443 -5.268801 9.641006
v 17.01443 -5.268801 9.641006
v 15.78213 -4.208977 10.30641
v 16.275 -5.001313 11.1883
v 17.01443 -5.268801 9.641006
v 16.275 -5.001313 11.1883
v 16.96495 -5.907622 10.33573
v 16.275 -5.001313 11.1883
v 15.78213 -4.208977 10.30641
v 14.65927 -4.896898 11.79168
v 14.65927 -4.896898 11.79168
v 15.78213 -4.208977 10.30641
v 13.9311 -4.459416 10.98367
v 15.78213 -4.208977 10.30641
v 14.8546 -4.206991 9.417558
v 13.9311 -4.459416 10.98367
v 14.76778 -5.272045 8.391467
v 14.8546 -4.206991 9.417558
v 15.71794 -4.852507 8.403693
v 16.49066 -6.158932 8.591588
v 15.71794 -4.852507 8.403693
v 16.54939 -4.960111 8.735322
v 16.49066 -6.158932 8.591588
v 16.54939 -4.960111 8.735322
v 17.01443 -5.268801 9.641006
v 16.27049 -6.103685 11.23618
v 16.96495 -5.907622 10.33573
v 16.275 -5.001313 11.1883
v 14.9024 -5.926625 11.91089
v 16.275 -5.001313 11.1883
v 14.65927 -4.896898 11.79168
v 13.38133 -5.113627 10.18166
v 13.9311 -4.459416 10.98367
v 14.8546 -4.206991 9.417558
v 14.89629 -6.064615 8.47926
v 16.49066 -6.158932 8.591588
v 16.1838 -6.762981 9.201674
v 16.49066 -6.158932 8.591588
v 17.01443 -5.268801 9.641006
v 16.96495 -5.907622 10.33573
v 16.49066 -6.158932 8.591588
v 16.96495 -5.907622 10.33573
v 16.1838 -6.762981 9.201674
v 16.1838 -6.762981 9.201674
v 16.96495 -5.907622 10.33573
v 15.7087 -6.614377 11.24958
v 16.27049 -6.103685 11.23618
v 16.275 -5.001313 11.1883
v 14.9024 -5.926625 11.91089
v 16.27049 -6.103685 11.23618
v 14.9024 -5.926625 11.91089
v 15.7087 -6.614377 11.24958
v 14.65927 -4.896898 11.79168
v 13.9311 -4.459416 10.98367
v 13.62623 -5.610764 11.29639
v 13.62623 -5.610764 11.29639
v 13.9311 -4.459416 10.98367
v 13.38133 -5.113627 10.18166
v 13.38133 -5.113627 10.18166
v 14.8546 -4.206991 9.417558
v 14.76778 -5.272045 8.391467
v 13.38133 -5.113627 10.18166
v 14.76778 -5.272045 8.391467
v 13.69598 -5.584231 9.505538
v 13.69598 -5.584231 9.505538
v 14.76778 -5.272045 8.391467
v 14.89629 -6.064615 8.47926
v 13.69598 -5.584231 9.505538
v 14.89629 -6.064615 8.47926
v 16.1838 -6.762981 9.201674
v 13.62623 -5.610764 11.29639
v 15.7087 -6.614377 11.24958
v 14.9024 -5.926625 11.91089
v 13.62623 -5.610764 11.29639
v 13.69598 -5.584231 9.505538
v 16.1838 -6.762981 9.201674
v 15.7087 -6.614377 11.24958
v 14.76778 -5.272045 8.391467
v 15.71794 -4.852507 8.403693
v 16.49066 -6.158932 8.591588
v 14.89629 -6.064615 8.47926
f 6052 6053 6054
f 6055 6056 6057
f 6058 6059 6060
f 6061 6062 6063
f 6064 6065 6066
f 6067 6068 6069
f 6070 6071 6072
f 6073 6074 6075
f 6076 6077 6078
f 6079 6080 6081
f 6082 6083 6084
f 6085 6086 6087
f 6088 6089 6090
f 6091 6092 6093
f 6094 6095 6096
f 6097 6098 6099
f 6100 6101 6102
f 6103 6104 6105
f 6106 6107 6108
f 6109 6110 6111
f 6112 6113 6114
f 6115 6116 6117
f 6118 6119 6120
f 6121 6122 6123
f 6124 6125 6126
f 6127 6128 6129
f 6130 6131 6132
f 6133 6134 6135
f 6136 6137 6138
f 6139 6140 6141
f 6142 6143 6144
f 6144 6145 6142
f 6146 6147 6148
f 6146 6148 6149
v 32.93144 -5.781405 48.74449
v 32.99051 -6.006783 48.19606
v 33.56412 -5.979096 49.26242
v 34.5237 -5.795528 49.17817
v 34.08996 -5.234817 49.30107
v 33.56412 -5.979096 49.26242
v 34.9023 -6.016704 48.45689
v 35.07253 -5.264464 47.59949
v 35.06138 -5.546707 48.32626
v 33.21466 -4.840517 47.92749
v 34.00237 -4.551589 48.15017
v 34.07024 -4.854829 46.90243
v 33.21466 -4.840517 47.92749
v 34.07024 -4.854829 46.90243
v 33.49355 -5.032323 46.98655
v 34.07024 -4.854829 46.90243
v 34.00237 -4.551589 48.15017
v 34.6996 -4.882739 47.24872
v 34.6996 -4.882739 47.24872
v 34.00237 -4.551589 48.15017
v 34.76315 -4.86977 48.41973
v 34.6996 -4.882739 47.24872
v 34.76315 -4.86977 48.41973
v 35.07253 -5.264464 47.59949
v 34.76315 -4.86977 48.41973
v 34.00237 -4.551589 48.15017
v 34.08996 -5.234817 49.30107
v 34.08996 -5.234817 49.30107
v 34.00237 -4.551589 48.15017
v 33.32193 -5.197685 49.11042
v 34.00237 -4.551589 48.15017
v 33.21466 -4.840517 47.92749
v 33.32193 -5.197685 49.11042
v 33.0981 -5.555525 47.23663
v 33.21466 -4.840517 47.92749
v 33.49355 -5.032323 46.98655
v 34.30029 -5.612937 46.70351
v 33.49355 -5.032323 46.98655
v 34.07024 -4.854829 46.90243
v 34.30029 -5.612937 46.70351
v 34.07024 -4.854829 46.90243
v 34.6996 -4.882739 47.24872
v 35.06138 -5.546707 48.32626
v 35.07253 -5.264464 47.59949
v 34.76315 -4.86977 48.41973
v 34.5237 -5.795528 49.17817
v 34.76315 -4.86977 48.41973
v 34.08996 -5.234817 49.30107
v 32.93144 -5.781405 48.74449
v 33.32193 -5.197685 49.11042
v 33.21466 -4.840517 47.92749
v 33.39978 -6.003589 47.15847
v 34.30029 -5.612937 46.70351
v 34.5004 -6.048072 47.09103
v 34.30029 -5.612937 46.70351
v 34.6996 -4.882739 47.24872
v 35.07253 -5.264464 47.59949
v 34.30029 -5.612937 46.70351
v 35.07253 -5.264464 47.59949
v 34.5004 -6.048072 47.09103
v 34.5004 -6.048072 47.09103
v 35.07253 -5.264464 47.59949
v 34.9023 -6.016704 48.45689
v 35.06138 -5.546707 48.32626
v 34.76315 -4.86977 48.41973
v 34.5237 -5.795528 49.17817
v 35.06138 -5.546707 48.32626
v 34.5237 -5.795528 49.17817
v 34.9023 -6.016704 48.45689
v 34.08996 -5.234817 49.30107
v 33.32193 -5.197685 49.11042
v 33.56412 -5.979096 49.26242
v 33.56412 -5.979096 49.26242
v 33.32193 -5.197685 49.11042
v 32.93144 -5.781405 48.74449
v 32.93144 -5.781405 48.74449
v 33.21466 -4.840517 47.92749
v 33.0981 -5.555525 47.23663
v 32.93144 -5.781405 48.74449
v 33.0981 -5.555525 47.23663
v 32.99051 -6.006783 48.19606
v 32.99051 -6.006783 48.19606
v 33.0981 -5.555525 47.23663
v 33.39978 -6.003589 47.15847
v 32.99051 -6.006783 48.19606
v 33.39978 -6.003589 47.15847
v 34.5004 -6.048072 47.09103
v 33.56412 -5.979096 49.26242
v 34.9023 -6.016704 48.45689
v 34.5237 -5.795528 49.17817
v 33.56412 -5.979096 49.26242
v 32.99051 -6.006783 48.19606
v 34.5004 -6.048072 47.09103
v 34.9023 -6.016704 48.45689
v 33.0981 -5.555525 47.23663
v 33.49355 -5.032323 46.98655
v 34.30029 -5.612937 46.70351
v 33.39978 -6.003589 47.15847
f 6150 6151 6152
f 6153 6154 6155
f 6156 6157 6158
f 6159 6160 6161
f 6162 6163 6164
f 6165 6166 6167
f 6168 6169 6170
f 6171 6172 6173
f 6174 6175 6176
f 6177 6178 6179
f 6180 6181 6182
f 6183 6184 6185
f 6186 6187 6188
f 6189 6190 6191
f 6192 6193 6194
f 6195 6196 6197
f 6198 6199 6200
f 6201 6202 6203
f 6204 6205 6206
f 6207 6208 6209
f 6210 6211 6212
f 6213 6214 6215
f 6216 6217 6218
f 6219 6220 6221
f 6222 6223 6224
f 6225 6226 6227
f 6228 6229 6230
f 6231 6232 6233
f 6234 6235 6236
f 6237 6238 6239
f 6240 6241 6242
f 6242 6243 6240
f 6244 6245 6246
f 6244 6246 6247
v 3.798834 6.206923 16.83688
v 3.865225 5.953576 16.22039
v 4.510023 5.984698 17.41909
v 5.588687 6.191047 17.32437
v 5.101127 6.821343 17.46254
v 4.510023 5.984698 17.41909
v 6.014271 5.942424 16.51358
v 6.205626 6.788016 15.54979
v 6.193101 6.470747 16.36674
v 4.117199 7.264575 15.91849
v 5.002666 7.589359 16.16881
v 5.078957 7.248487 14.76622
v 4.117199 7.264575 15.91849
v 5.078957 7.248487 14.76622
v 4.430705 7.048965 14.86079
v 5.078957 7.248487 14.76622
v 5.002666 7.589359 16.16881
v 5.786417 7.217113 15.15549
v 5.786417 7.217113 15.15549
v 5.002666 7.589359 16.16881
v 5.857852 7.231691 16.47182
v 5.786417 7.217113 15.15549
v 5.857852 7.231691 16.47182
v 6.205626 6.788016 15.54979
v 5.857852 7.231691 16.47182
v 5.002666 7.589359 16.16881
v 5.101127 6.821343 17.46254
v 5.101127 6.821343 17.46254
v 5.002666 7.589359 16.16881
v 4.237786 6.863083 17.24823
v 5.002666 7.589359 16.16881
v 4.117199 7.264575 15.91849
v 4.237786 6.863083 17.24823
v 3.986175 6.460835 15.14189
v 4.117199 7.264575 15.91849
v 4.430705 7.048965 14.86079
v 5.337562 6.396297 14.54262
v 4.430705 7.048965 14.86079
v 5.078957 7.248487 14.76622
v 5.337562 6.396297 14.54262
v 5.078957 7.248487 14.76622
v 5.786417 7.217113 15.15549
v 6.193101 6.470747 16.36674
v 6.205626 6.788016 15.54979
v 5.857852 7.231691 16.47182
v 5.588687 6.191047 17.32437
v 5.857852 7.231691 16.47182
v 5.101127 6.821343 17.46254
v 3.798834 6.206923 16.83688
v 4.237786 6.863083 17.24823
v 4.117199 7.264575 15.91849
v 4.325294 5.957166 15.05403
v 5.337562 6.396297 14.54262
v 5.562495 5.907162 14.97822
v 5.337562 6.396297 14.54262
v 5.786417 7.217113 15.15549
v 6.205626 6.788016 15.54979
v 5.337562 6.396297 14.54262
v 6.205626 6.788016 15.54979
v 5.562495 5.907162 14.97822
v 5.562495 5.907162 14.97822
v 6.205626 6.788016 15.54979
v 6.014271 5.942424 16.51358
v 6.193101 6.470747 16.36674
v 5.857852 7.231691 16.47182
v 5.588687 6.191047 17.32437
v 6.193101 6.470747 16.36674
v 5.588687 6.191047 17.32437
v 6.014271 5.942424 16.51358
v 5.101127 6.821343 17.46254
v 4.237786 6.863083 17.24823
v 4.510023 5.984698 17.41909
v 4.510023 5.984698 17.41909
v 4.237786 6.863083 17.24823
v 3.798834 6.206923 16.83688
v 3.798834 6.206923 16.83688
v 4.117199 7.264575 15.91849
v 3.986175 6.460835 15.14189
v 3.798834 6.206923 16.83688
v 3.986175 6.460835 15.14189
v 3.865225 5.953576 16.22039
v 3.865225 5.953576 16.22039
v 3.986175 6.460835 15.14189
v 4.325294 5.957166 15.05403
v 3.865225 5.953576 16.22039
v 4.325294 5.957166 15.05403
v 5.562495 5.907162 14.97822
v 4.510023 5.984698 17.41909
v 6.014271 5.942424 16.51358
v 5.588687 6.191047 17.32437
v 4.510023 5.984698 17.41909
v 3.865225 5.953576 16.22039
v 5.562495 5.907162 14.97822
v 6.014271 5.942424 16.51358
v 3.986175 6.460835 15.14189
v 4.430705 7.048965 14.86079
v 5.337562 6.396297 14.54262
v 4.325294 5.957166 15.05403
f 6248 6249 6250
f 6251 6252 6253
f 6254 6255 6256
f 6257 6258 6259
f 6260 6261 6262
f 6263 6264 6265
f 6266 6267 6268
f 6269 6270 6271
f 6272 6273 6274
f 6275 6276 6277
f 6278 6279 6280
f 6281 6282 6283
f 6284 6285 6286
f 6287 6288 6289
f 6290 6291 6292
f 6293 6294 6295
f 6296 6297 6298
f 6299 6300 6301
f 6302 6303 6304
f 6305 6306 6307
f 6308 6309 6310
f 6311 6312 6313
f 6314 6315 6316
f 6317 6318 6319
f 6320 6321 6322
f 6323 6324 6325
f 6326 6327 6328
f 6329 6330 6331
f 6332 6333 6334
f 6335 6336 6337
f 6338 6339 6340
f 6340 6341 6338
f 6342 6343 6344
f 6342 6344 6345
v -7.068558 -5.733325 -11.25551
v -7.009496 -5.958703 -11.80394
v -6.435884 -5.931016 -10.73758
v -5.476303 -5.747448 -10.82184
v -5.910038 -5.186737 -10.69893
v -6.435884 -5.931016 -10.73758
v -5.097703 -5.968624 -11.54311
v -4.927474 -5.216384 -12.40051
v -4.938617 -5.498627 -11.67375
v -6.78534 -4.792437 -12.07251
v -5.997628 -4.503509 -11.84983
v -5.92976 -4.806749 -13.09757
v -6.78534 -4.792437 -12.07251
v -5.92976 -4.806749 -13.09757
v -6.506445 -4.984243 -13.01345
v -5.92976 -4.806749 -13.09757
v -5.997628 -4.503509 -11.84983
v -5.300404 -4.834659 -12.75128
v -5.300404 -4.834659 -12.75128
v -5.997628 -4.503509 -11.84983
v -5.236855 -4.82169 -11.58027
v -5.300404 -4.834659 -12.75128
v -5.236855 -4.82169 -11.58027
v -4.927474 -5.216384 -12.40051
v -5.236855 -4.82169 -11.58027
v -5.997628 -4.503509 -11.84983
v -5.910038 -5.186737 -10.69893
v -5.910038 -5.186737 -10.69893
v -5.997628 -4.503509 -11.84983
v -6.678066 -5.149605 -10.88957
v -5.997628 -4.503509 -11.84983
v -6.78534 -4.792437 -12.07251
v -6.678066 -5.149605 -10.88957
v -6.9019 -5.507445 -12.76337
v -6.78534 -4.792437 -12.07251
v -6.506445 -4.984243 -13.01345
v -5.699705 -5.564857 -13.29648
v -6.506445 -4.984243 -13.01345
v -5.92976 -4.806749 -13.09757
v -5.699705 -5.564857 -13.29648
v -5.92976 -4.806749 -13.09757
v -5.300404 -4.834659 -12.75128
v -4.938617 -5.498627 -11.67375
v -4.927474 -5.216384 -12.40051
v -5.236855 -4.82169 -11.58027
v -5.476303 -5.747448 -10.82184
v -5.236855 -4.82169 -11.58027
v -5.910038 -5.186737 -10.69893
v -7.068558 -5.733325 -11.25551
v -6.678066 -5.149605 -10.88957
v -6.78534 -4.792437 -12.07251
v -6.600219 -5.955509 -12.84153
v -5.699705 -5.564857 -13.29648
v -5.499604 -5.999992 -12.90898
v -5.699705 -5.564857 -13.29648
v -5.300404 -4.834659 -12.75128
v -4.927474 -5.216384 -12.40051
v -5.699705 -5.564857 -13.29648
v -4.927474 -5.216384 -12.40051
v -5.499604 -5.999992 -12.90898
v -5.499604 -5.999992 -12.90898
v -4.927474 -5.216384 -12.40051
v -5.097703 -5.968624 -11.54311
v -4.938617 -5.498627 -11.67375
v -5.236855 -4.82169 -11.58027
v -5.476303 -5.747448 -10.82184
v -4.938617 -5.498627 -11.67375
v -5.476303 -5.747448 -10.82184
v -5.097703 -5.968624 -11.54311
v -5.910038 -5.186737 -10.69893
v -6.678066 -5.149605 -10.88957
v -6.435884 -5.931016 -10.73758
v -6.435884 -5.931016 -10.73758
v -6.678066 -5.149605 -10.88957
v -7.068558 -5.733325 -11.25551
v -7.068558 -5.733325 -11.25551
v -6.78534 -4.792437 -12.07251
v -6.9019 -5.507445 -12.76337
v -7.068558 -5.733325 -11.25551
v -6.9019 -5.507445 -12.76337
v -7.009496 -5.958703 -11.80394
v -7.009496 -5.958703 -11.80394
v -6.9019 -5.507445 -12.76337
v -6.600219 -5.955509 -12.84153
v -7.009496 -5.958703 -11.80394
v -6.600219 -5.955509 -12.84153
v -5.499604 -5.999992 -12.90898
v -6.435884 -5.931016 -10.73758
v -5.097703 -5.968624 -11.54311
v -5.476303 -5.747448 -10.82184
v -6.435884 -5.931016 -10.73758
v -7.009496 -5.958703 -11.80394
v -5.499604 -5.999992 -12.90898
v -5.097703 -5.968624 -11.54311
v -6.9019 -5.507445 -12.76337
v -6.506445 -4.984243 -13.01345
v -5.699705 -5.564857 -13.29648
v -6.600219 -5.955509 -12.84153
f 6346 6347 6348
f 6349 6350 6351
f 6352 6353 6354
f 6355 6356 6357
f 6358 6359 6360
f 6361 6362 6363
f 6364 6365 6366
f 6367 6368 6369
f 6370 6371 6372
f 6373 6374 6375
f 6376 6377 6378
f 6379 6380 6381
f 6382 6383 6384
f 6385 6386 6387
f 6388 6389 6390
f 6391 6392 6393
f 6394 6395 6396
f 6397 6398 6399
f 6400 6401 6402
f 6403 6404 6405
f 6406 6407 6408
f 6409 6410 6411
f 6412 6413 6414
f 6415 6416 6417
f 6418 6419 6420
f 6421 6422 6423
f 6424 6425 6426
f 6427 6428 6429
f 6430 6431 6432
f 6433 6434 6435
f 6436 6437 6438
f 6438 6439 6436
f 6440 6441 6442
f 6440 6442 6443
v -26.59548 -5.948736 12.28297
v -26.59398 -5.945952 12.31073
v -25.36852 1.226314 11.52516
v -25.37002 1.223531 11.49741
v -26.59159 -5.952404 12.25555
v -25.36613 1.219862 11.46999
v -26.58245 -5.956816 12.22953
v -25.35699 1.215451 11.44396
v -26.56842 -5.961802 12.20589
v -25.34296 1.210464 11.42033
v -26.55003 -5.967171 12.18555
v -25.32458 1.205096 11.39999
v -26.528 -5.972716 12.1693
v -25.30254 1.199551 11.38373
v -26.50317 -5.978223 12.15775
v -25.27771 1.194043 11.37218
v -26.47649 -5.983483 12.15135
v -25.25103 1.188784 11.36578
v -26.59398 -5.945952 12.31073
v -25.36168 1.228106 11.55219
v -25.36852 1.226314 11.52516
v -26.58714 -5.94416 12.33776
v -25.34977 1.228838 11.57745
v -26.57523 -5.943429 12.36301
v -25.33325 1.228481 11.59997
v -26.5587 -5.943786 12.38553
v -25.31274 1.227049 11.61889
v -26.5382 -5.945218 12.40445
v -25.28904 1.224597 11.63347
v -26.5145 -5.94767 12.41903
v -25.26306 1.22122 11.64316
v -26.48852 -5.951047 12.42873
v -25.23579 1.217046 11.64759
v -26.46125 -5.95522 12.43316
v -25.20829 1.212238 11.64659
v -26.43375 -5.960029 12.43215
v -26.43375 -5.960029 12.43215
v -25.18162 1.206978 11.64019
v -25.20829 1.212238 11.64659
v -26.40707 -5.965289 12.42575
v -25.15678 1.20147 11.62864
v -26.38224 -5.970797 12.4142
v -25.13475 1.195925 11.61238
v -26.36021 -5.976341 12.39795
v -25.11637 1.190557 11.59204
v -26.34183 -5.98171 12.37761
v -25.10234 1.185571 11.56841
v -26.3278 -5.986696 12.35397
v -25.0932 1.181159 11.54238
v -26.31866 -5.991108 12.32795
v -25.08931 1.17749 11.51496
v -26.31476 -5.994776 12.30053
v -25.09081 1.174707 11.48721
v -26.31627 -5.99756 12.27277
v -26.31627 -5.99756 12.27277
v -25.09764 1.172915 11.46018
v -25.09081 1.174707 11.48721
v -26.3231 -5.999352 12.24575
v -25.10955 1.172183 11.43492
v -26.33501 -6.000083 12.22049
v -25.12608 1.17254 11.4124
v -26.35154 -5.999726 12.19797
v -25.14659 1.173972 11.39349
v -26.37205 -5.998294 12.17905
v -25.17029 1.176424 11.3789
v -26.39575 -5.995842 12.16447
v -25.19627 1.179802 11.36921
v -26.42173 -5.992465 12.15477
v -25.22353 1.183975 11.36478
v -26.44899 -5.988292 12.15034
v -25.25103 1.188784 11.36578
v -26.47649 -5.983483 12.15135
v -25.36168 1.228106 11.55219
v -25.34977 1.228838 11.57745
v -25.33325 1.228481 11.59997
v -25.31274 1.227049 11.61889
v -25.36852 1.226314 11.52516
v -25.28904 1.224597 11.63347
v -25.37002 1.223531 11.49741
v -25.36613 1.219862 11.46999
v -25.26306 1.22122 11.64316
v -25.35699 1.215451 11.44396
v -25.23579 1.217046 11.64759
v -25.34296 1.210464 11.42033
v -25.20829 1.212238 11.64659
v -25.32458 1.205096 11.39999
v -25.18162 1.206978 11.64019
v -25.30254 1.199551 11.38373
v -25.15678 1.20147 11.62864
v -25.27771 1.194043 11.37218
v -25.13475 1.195925 11.61238
v -25.25103 1.188784 11.36578
v -25.11637 1.190557 11.59204
v -25.22353 1.183975 11.36478
v -25.10234 1.185571 11.56841
v -25.19627 1.179802 11.36921
v -25.0932 1.181159 11.54238
v -25.17029 1.176424 11.3789
v -25.08931 1.17749 11.51496
v -25.14659 1.173972 11.39349
v -25.09081 1.174707 11.48721
v -25.12608 1.17254 11.4124
v -25.09764 1.172915 11.46018
v -25.10955 1.172183 11.43492
v -26.5587 -5.943786 12.38553
v -26.57523 -5.943429 12.36301
v -26.58714 -5.94416 12.33776
v -26.5382 -5.945218 12.40445
v -26.59398 -5.945952 12.31073
v -26.5145 -5.94767 12.41903
v -26.59548 -5.948736 12.28297
v -26.48852 -5.951047 12.42873
v -26.59159 -5.952404 12.25555
v -26.46125 -5.95522 12.43316
v -26.58245 -5.956816 12.22953
v -26.56842 -5.961802 12.20589
v -26.43375 -5.960029 12.43215
v -26.55003 -5.967171 12.18555
v -26.40707 -5.965289 12.42575
v -26.528 -5.972716 12.1693
v -26.38224 -5.970797 12.4142
v -26.50317 -5.978223 12.15775
v -26.36021 -5.976341 12.39795
v -26.47649 -5.983483 12.15135
v -26.34183 -5.98171 12.37761
v -26.44899 -5.988292 12.15034
v -26.3278 -5.986696 12.35397
v -26.42173 -5.992465 12.15477
v -26.31866 -5.991108 12.32795
v -26.39575 -5.995842 12.16447
v -26.31476 -5.994776 12.30053
v -26.37205 -5.998294 12.17905
v -26.31627 -5.99756 12.27277
v -26.35154 -5.999726 12.19797
v -26.3231 -5.999352 12.24575
v -26.33501 -6.000083 12.22049
v -23.16266 -1.118173 10.29413
v -23.15138 -2.297266 10.29666
v -23.50531 -2.289619 9.814373
v -23.48845 -1.111134 9.850185
v -23.94448 -2.258952 9.409268
v -23.40032 -0.2911726 10.4291
v -23.8927 -1.082905 9.477287
v -23.67598 -0.2852163 10.05345
v -23.88137 0.5174296 10.70907
v -24.01804 -0.2613303 9.737924
v -24.07513 0.5216164 10.44503
v -24.26384 0.8523987 10.93408
v -24.31557 0.538406 10.22324
v -24.39945 0.8553288 10.74929
v -24.88408 1.16864 11.30076
v -24.56772 0.8670792 10.59407
v -24.93051 1.169643 11.23749
v -24.85062 1.170695 11.37172
v -24.98812 1.173666 11.18435
v -24.83142 1.175729 11.44764
v -24.8272 1.18355 11.52562
v -25.0547 1.180554 11.14337
v -24.11 0.8731061 11.36312
v -24.83814 1.193855 11.60265
v -25.12769 1.190042 11.11614
v -24.09769 0.8959479 11.59088
v -23.66156 0.5470176 11.32211
v -24.12963 0.9260489 11.81587
v -24.86381 1.20625 11.67577
v -23.64396 0.5796552 11.64754
v -23.0876 -0.2490789 11.30124
v -23.68961 0.6226653 11.96902
v -23.06256 -0.2026464 11.76423
v -22.79309 -1.068426 11.32485
v -23.1275 -0.1414575 12.22158
v -22.7635 -1.013551 11.87202
v -22.74989 -2.243223 11.4164
v -22.84024 -0.9412367 12.41253
v -22.71775 -2.183608 12.01083
v -22.80112 -2.105048 12.59802
v -25.20429 1.201767 11.1037
v -24.90322 1.220257 11.74217
v -25.19912 0.9491575 10.3585
v -24.97539 0.9149126 10.39485
v -25.21774 0.6556842 9.886642
v -24.89807 0.6067532 9.938577
v -25.30153 -0.09448253 9.259058
v -24.84674 -0.1640952 9.332945
v -25.40956 -0.8857207 8.911352
v -24.87208 -0.9679904 8.998673
v -25.59234 -2.044738 8.794456
v -25.00844 -2.134113 8.889318
v -26.18128 -1.941754 8.815972
v -25.95168 -0.7909238 8.931158
v -25.76024 -0.01427017 9.275816
v -25.54017 0.7120659 9.898421
v -25.42477 0.9886169 10.36674
v -25.28154 1.215276 11.10652
v -24.95487 1.23534 11.7993
v -25.35649 1.230051 11.1245
v -24.31974 1.003167 12.2234
v -25.01677 1.250917 11.84497
v -25.42626 1.245525 11.15695
v -24.4706 1.047221 12.39028
v -23.96124 0.732856 12.55132
v -24.65139 1.09272 12.52367
v -25.08653 1.266391 11.87742
v -24.1768 0.7958022 12.78977
v -23.51395 0.01530722 13.05001
v -24.43512 0.8608144 12.98036
v -23.82062 0.1048587 13.38924
v -23.29696 -0.7559686 13.39158
v -24.18812 0.1973493 13.66039
v -23.65938 -0.6501346 13.79249
v -23.29729 -1.903779 13.66163
v -24.0937 -0.5408271 14.11295
v -23.691 -1.788805 14.09716
v -24.16284 -1.670057 14.44529
v -25.48815 1.261102 11.20262
v -25.16148 1.281166 11.8954
v -26.02825 1.12247 10.64743
v -25.84747 1.076971 10.51404
v -26.40246 0.9033236 10.29948
v -26.14414 0.8383114 10.10888
v -26.98699 0.2578256 9.84639
v -26.61948 0.165335 9.575235
v -27.40147 -0.4693547 9.605475
v -26.96715 -0.5786623 9.285018
v -27.75628 -1.592412 9.548528
v -27.28445 -1.71116 9.200395
v -28.15 -1.477437 9.984062
v -27.76389 -0.3635208 10.00638
v -27.29365 0.3473771 10.18562
v -26.61801 0.9662697 10.53793
v -26.17911 1.166524 10.81431
v -25.5398 1.276185 11.25975
v -25.23874 1.294675 11.89822
v -25.57922 1.290192 11.32615
v -25.07408 1.181074 12.67096
v -25.31533 1.3064 11.88578
v -25.60489 1.302587 11.39927
v -25.29974 1.220533 12.67921
v -25.03908 0.9870594 13.19083
v -25.52346 1.254778 12.64286
v -25.38832 1.315888 11.85855
v -25.36151 1.043441 13.20261
v -25.04735 0.3769538 13.95981
v -25.68119 1.092372 13.15067
v -25.50607 0.4571662 13.97657
v -25.10917 -0.3285665 14.46681
v -25.96086 0.5267789 13.90268
v -25.65129 -0.2337695 14.48661
v -25.266 -1.439464 14.82971
v -26.18876 -0.1514998 14.39929
v -25.85495 -1.33648 14.85123
v -26.43884 -1.247105 14.75637
v -25.61582 1.312893 11.4763
v -25.4549 1.322776 11.81757
v -26.40116 1.273743 11.44683
v -26.36922 1.243642 11.22184
v -26.93529 1.119471 11.44171
v -26.88965 1.076461 11.12023
v -27.74503 0.5653307 11.4714
v -27.6801 0.5041418 11.01404
v -28.29735 -0.1059383 11.52595
v -28.2206 -0.1782527 10.98543
v -28.72954 -1.197608 11.63486
v -28.64616 -1.276168 11.04767
v -28.6974 -1.137994 12.22929
v -28.26776 -0.05106324 12.07311
v -27.72 0.6117632 11.93438
v -26.9177 1.152108 11.76714
v -26.38885 1.296585 11.67459
v -25.61161 1.320713 11.55428
v -25.51251 1.326799 11.76443
v -25.5924 1.325747 11.6302
v -25.93113 1.302612 12.44364
v -25.55894 1.327802 11.70116
v -26.0994 1.314362 12.28842
v -26.26368 1.16072 12.86601
v -26.23501 1.317292 12.10363
v -26.50412 1.177509 12.64422
v -26.78955 0.6240142 13.4977
v -26.69789 1.181696 12.38018
v -27.13162 0.6479003 13.18217
v -27.16814 -0.03658474 13.92068
v -27.40728 0.6538568 12.80653
v -27.5724 -0.008355564 13.54778
v -27.5028 -1.122265 14.23642
v -27.89819 -0.001316123 13.10383
v -27.94198 -1.091598 13.83132
v -28.2959 -1.08395 13.34903
v -23.29729 -1.903779 13.66163
v -23.691 -1.788805 14.09716
v -23.82454 -1.782354 13.94774
v -23.45669 -1.889774 13.54082
v -22.99681 -2.010562 13.15543
v -24.26538 -1.671407 14.273
v -24.16284 -1.670057 14.44529
v -23.17595 -1.989541 13.06788
v -22.80112 -2.105048 12.59802
v -24.76225 -1.561199 14.50411
v -24.69464 -1.5521 14.69265
v -22.99313 -2.077821 12.54709
v -22.71775 -2.183608 12.01083
v -25.29607 -1.455964 14.63217
v -25.266 -1.439464 14.82971
v -22.91523 -2.151219 11.99848
v -22.74989 -2.243223 11.4164
v -25.84632 -1.359745 14.65227
v -25.85495 -1.33648 14.85123
v -22.94526 -2.206917 11.44311
v -22.89631 -2.2816 10.8376
v -26.39186 -1.276242 14.56364
v -26.43884 -1.247105 14.75637
v -23.08206 -2.242774 10.90233
v -23.15138 -2.297266 10.29666
v -26.91171 -1.208662 14.36969
v -26.99526 -1.174773 14.54877
v -23.32038 -2.257411 10.39693
v -23.50531 -2.289619 9.814373
v -27.38592 -1.159604 14.07785
v -27.5028 -1.122265 14.23642
v -23.65105 -2.250266 9.946325
v -23.94448 -2.258952 9.409268
v -27.79624 -1.130951 13.69936
v -27.94198 -1.091598 13.83132
v -24.06137 -2.221613 9.567835
v -24.45203 -2.206444 9.096916
v -28.12691 -1.123806 13.24876
v -28.2959 -1.08395 13.34903
v -24.53557 -2.172555 9.276003
v -25.00844 -2.134113 8.889318
v -28.36522 -1.138443 12.74336
v -28.55097 -1.099616 12.80809
v -25.05543 -2.104975 9.082045
v -25.59234 -2.044738 8.794456
v -28.50203 -1.174299 12.20258
v -28.6974 -1.137994 12.22929
v -25.60096 -2.021472 8.993414
v -26.18128 -1.941754 8.815972
v -28.53206 -1.229997 11.64721
v -28.72954 -1.197608 11.63486
v -26.15121 -1.925254 9.013516
v -26.75264 -1.829118 8.953041
v -28.45416 -1.303396 11.09859
v -28.64616 -1.276168 11.04767
v -26.68503 -1.820018 9.141581
v -27.28445 -1.71116 9.200395
v -28.27133 -1.391675 10.57781
v -28.45048 -1.370655 10.49026
v -27.18191 -1.70981 9.372684
v -27.75628 -1.592412 9.548528
v -27.9906 -1.491442 10.10487
v -28.15 -1.477437 9.984062
v -27.62274 -1.598863 9.697946
v -28.04499 -0.2099074 11.03303
v -27.8767 -0.2911688 10.55365
v -27.61828 -0.3830044 10.11831
v -27.27967 -0.4818853 9.743735
v -26.87388 -0.5840116 9.444333
v -26.41651 -0.6854587 9.231603
v -28.11669 -0.1423444 11.53804
v -25.92513 -0.782328 9.113719
v -28.08905 -0.09107456 12.04925
v -25.41862 -0.8708969 9.095215
v -27.96313 -0.05806892 12.54704
v -24.91645 -0.9477617 9.176799
v -27.74376 -0.04459571 13.01226
v -24.43793 -1.009968 9.355338
v -27.43937 -0.05117264 13.42704
v -24.00142 -1.055127 9.623969
v -27.06167 -0.07754724 13.77544
v -23.62372 -1.081501 9.972369
v -26.62517 -0.1227057 14.04407
v -23.31934 -1.088078 10.38715
v -26.14664 -0.1849126 14.22261
v -23.09997 -1.074604 10.85237
v -25.64447 -0.2617775 14.30419
v -22.97405 -1.041598 11.35016
v -25.13797 -0.3503464 14.28569
v -22.94641 -0.9903293 11.86137
v -24.64659 -0.4472158 14.16781
v -23.01811 -0.9227657 12.36638
v -24.18922 -0.5486614 13.95508
v -23.1864 -0.8415041 12.84576
v -23.78343 -0.6507883 13.65567
v -23.44482 -0.7496686 13.2811
v -25.07265 0.35307 13.80715
v -24.65687 0.2711039 13.70741
v -24.26987 0.1852657 13.5274
v -23.92651 0.09885091 13.27407
v -23.64 0.01518342 12.95712
v -23.42134 -0.06252325 12.58876
v -25.50124 0.4280126 13.82281
v -23.27894 -0.1312828 12.18313
v -25.92615 0.4930519 13.75378
v -23.21826 -0.1884519 11.75582
v -26.33105 0.5456883 13.60271
v -23.24165 -0.2318331 11.32325
v -26.7004 0.5838991 13.37541
v -23.34821 -0.2597611 10.90205
v -27.01999 0.606216 13.08061
v -23.53382 -0.2711621 10.5084
v -27.27754 0.6117811 12.72964
v -23.79138 -0.2655964 10.15744
v -27.46316 0.6003807 12.33599
v -24.11097 -0.2432803 9.862637
v -27.56972 0.572453 11.91479
v -24.48031 -0.205069 9.635334
v -27.59311 0.529071 11.48223
v -24.88522 -0.1524332 9.484263
v -27.53243 0.4719026 11.05492
v -25.31013 -0.08739406 9.415231
v -27.39003 0.4031431 10.64928
v -25.73871 -0.01245143 9.430888
v -27.17137 0.3254364 10.28092
v -26.1545 0.06951457 9.530635
v -26.88486 0.2417683 9.963977
v -26.5415 0.1553541 9.710637
v -26.68678 0.9995335 10.86449
v -26.53308 0.944913 10.60556
v -26.33169 0.8861023 10.38278
v -26.09034 0.8253612 10.20471
v -25.81831 0.7650241 10.07819
v -25.52605 0.7074097 10.00807
v -26.78687 1.047864 11.14961
v -25.2248 0.6547322 9.997066
v -26.82952 1.088049 11.44997
v -24.92613 0.6090158 10.04559
v -26.81308 1.118542 11.75402
v -24.64152 0.5720174 10.15178
v -26.73818 1.138173 12.05009
v -24.3819 0.5451589 10.31155
v -26.60771 1.146186 12.32678
v -24.15726 0.5294724 10.51877
v -26.42667 1.142274 12.57348
v -23.97622 0.5255607 10.76546
v -26.20203 1.126588 12.7807
v -23.84575 0.533574 11.04216
v -25.94241 1.099729 12.94047
v -23.77086 0.5532047 11.33822
v -25.6578 1.062731 13.04666
v -23.75442 0.5836981 11.64228
v -25.35913 1.017014 13.09518
v -23.79706 0.6238825 11.94264
v -25.05788 0.9643368 13.08417
v -23.89716 0.6722136 12.22776
v -24.76562 0.9067224 13.01406
v -24.05086 0.726834 12.48668
v -24.4936 0.8463858 12.88754
v -24.25225 0.7856448 12.70946
v -25.29924 1.195162 12.60478
v -25.08841 1.158295 12.59708
v -24.88387 1.117973 12.54801
v -24.69349 1.075746 12.45946
v -24.52458 1.033236 12.33483
v -24.38363 0.9920764 12.17892
v -25.50827 1.227157 12.57082
v -24.27607 0.9538497 11.9977
v -25.70746 1.253051 12.4965
v -24.20601 0.9200248 11.79816
v -25.88915 1.271848 12.38468
v -24.17617 0.8919013 11.58795
v -26.04637 1.282827 12.23966
v -24.18767 0.8705602 11.37516
v -26.17307 1.285564 12.06701
v -24.24009 0.8568215 11.16795
v -26.26439 1.279956 11.87336
v -24.3314 0.8512132 10.9743
v -26.3168 1.266218 11.66616
v -24.4581 0.8539509 10.80165
v -26.32831 1.244876 11.45336
v -24.61532 0.8649292 10.65663
v -26.29846 1.216753 11.24315
v -24.79702 0.8837264 10.54481
v -26.22841 1.182928 11.04361
v -24.9962 0.9096201 10.47049
v -26.12084 1.144701 10.8624
v -25.20523 0.9416152 10.43653
v -25.9799 1.103542 10.70648
v -25.41607 0.9784822 10.44423
v -25.81099 1.061032 10.58185
v -25.62061 1.018804 10.4933
v -25.5222 1.254989 11.27772
v -25.47394 1.240897 11.22434
v -25.41611 1.226343 11.18167
v -25.35093 1.211886 11.15135
v -25.28091 1.198081 11.13455
v -25.20873 1.185459 11.13192
v -25.55902 1.268076 11.33976
v -25.13716 1.174506 11.14354
v -25.58301 1.279656 11.40807
v -25.06897 1.16564 11.16899
v -25.59323 1.289285 11.48004
v -25.00676 1.159205 11.20727
v -25.58929 1.296591 11.55289
v -25.57134 1.301295 11.62383
v -25.44288 1.298519 11.79889
v -25.38067 1.292084 11.83717
v -25.54008 1.303215 11.69013
v -25.4967 1.302278 11.74924
v -25.31248 1.283219 11.86262
v -25.24091 1.272264 11.87424
v -25.16873 1.259643 11.87161
v -25.0987 1.245838 11.85481
v -25.03353 1.231381 11.82449
v -24.9757 1.216827 11.78182
v -24.92744 1.202736 11.72844
v -24.89062 1.189648 11.6664
v -24.86663 1.178068 11.59809
v -24.85641 1.168439 11.52612
v -24.86035 1.161133 11.45327
v -24.8783 1.156429 11.38233
v -24.95294 1.155447 11.25692
v -24.90956 1.154509 11.31603
v -22.89631 -2.2816 10.8376
v -22.92786 -1.103753 10.79207
v -23.20164 -0.2789706 10.85043
v -23.74172 0.5260065 11.00522
v -24.16611 0.8584013 11.14135
v -22.99681 -2.010562 13.15543
v -23.02037 -0.8542617 12.92563
v -23.27992 -0.06786355 12.65574
v -23.79674 0.6743948 12.27419
v -24.20461 0.9622524 12.02945
v -24.45203 -2.206444 9.096916
v -24.3599 -1.034571 9.189766
v -24.41336 -0.2204327 9.494637
v -24.59344 0.5671532 10.05223
v -24.76219 0.8871982 10.47439
v -26.75264 -1.829118 8.953041
v -26.47761 -0.6872429 9.057329
v -26.20527 0.0734595 9.382577
v -25.85298 0.7737316 9.973464
v -25.6437 1.031774 10.41926
v -28.45048 -1.370655 10.49026
v -28.04047 -0.2652277 10.47234
v -27.52768 0.4305479 10.57989
v -26.78251 1.024731 10.81506
v -26.29424 1.207439 11.00826
v -28.55097 -1.099616 12.80809
v -28.13298 -0.01573673 12.6059
v -27.60596 0.6416548 12.3852
v -26.83753 1.173119 12.08402
v -26.33275 1.31129 11.89636
v -26.99526 -1.174773 14.54877
v -26.70094 -0.08491857 14.2082
v -26.39424 0.5831165 13.74099
v -25.98581 1.131972 13.03701
v -25.73666 1.282493 12.56332
v -24.69464 -1.5521 14.69265
v -24.58323 -0.4322474 14.34063
v -24.60233 0.2892241 13.85305
v -24.72627 0.9253937 13.11578
v -24.85516 1.137917 12.61845
f 6444 6445 6446
f 6444 6446 6447
f 6448 6444 6447
f 6448 6447 6449
f 6450 6448 6449
f 6450 6449 6451
f 6452 6450 6451
f 6452 6451 6453
f 6454 6452 6453
f 6454 6453 6455
f 6456 6454 6455
f 6456 6455 6457
f 6458 6456 6457
f 6458 6457 6459
f 6460 6458 6459
f 6460 6459 6461
f 6462 6463 6464
f 6462 6465 6463
f 6465 6466 6463
f 6465 6467 6466
f 6467 6468 6466
f 6467 6469 6468
f 6469 6470 6468
f 6469 6471 6470
f 6471 6472 6470
f 6471 6473 6472
f 6473 6474 6472
f 6473 6475 6474
f 6475 6476 6474
f 6475 6477 6476
f 6477 6478 6476
f 6477 6479 6478
f 6480 6481 6482
f 6480 6483 6481
f 6483 6484 6481
f 6483 6485 6484
f 6485 6486 6484
f 6485 6487 6486
f 6487 6488 6486
f 6487 6489 6488
f 6489 6490 6488
f 6489 6491 6490
f 6491 6492 6490
f 6491 6493 6492
f 6493 6494 6492
f 6493 6495 6494
f 6495 6496 6494
f 6495 6497 6496
f 6498 6499 6500
f 6498 6501 6499
f 6501 6502 6499
f 6501 6503 6502
f 6503 6504 6502
f 6503 6505 6504
f 6505 6506 6504
f 6505 6507 6506
f 6507 6508 6506
f 6507 6509 6508
f 6509 6510 6508
f 6509 6511 6510
f 6511 6512 6510
f 6511 6513 6512
f 6513 6514 6512
f 6513 6515 6514
f 6516 6517 6518
f 6518 6519 6516
f 6519 6520 6516
f 6519 6521 6520
f 6521 6522 6520
f 6521 6523 6522
f 6521 6524 6523
f 6524 6525 6523
f 6524 6526 6525
f 6526 6527 6525
f 6526 6528 6527
f 6528 6529 6527
f 6528 6530 6529
f 6530 6531 6529
f 6530 6532 6531
f 6532 6533 6531
f 6532 6534 6533
f 6534 6535 6533
f 6534 6536 6535
f 6536 6537 6535
f 6536 6538 6537
f 6538 6539 6537
f 6538 6540 6539
f 6540 6541 6539
f 6540 6542 6541
f 6542 6543 6541
f 6542 6544 6543
f 6544 6545 6543
f 6544 6546 6545
f 6546 6547 6545
f 6548 6549 6550
f 6550 6551 6548
f 6550 6552 6551
f 6552 6553 6551
f 6552 6554 6553
f 6554 6555 6553
f 6554 6556 6555
f 6556 6557 6555
f 6556 6558 6557
f 6558 6559 6557
f 6559 6560 6557
f 6559 6561 6560
f 6561 6562 6560
f 6561 6563 6562
f 6563 6564 6562
f 6563 6565 6564
f 6565 6566 6564
f 6565 6567 6566
f 6567 6568 6566
f 6567 6569 6568
f 6569 6570 6568
f 6569 6571 6570
f 6571 6572 6570
f 6571 6573 6572
f 6573 6574 6572
f 6573 6575 6574
f 6575 6576 6574
f 6575 6577 6576
f 6577 6578 6576
f 6577 6579 6578
f 6580 6581 6582
f 6580 6582 6583
f 6583 6582 6584
f 6585 6580 6583
f 6583 6584 6586
f 6585 6583 6587
f 6587 6583 6586
f 6588 6585 6587
f 6587 6586 6589
f 6588 6587 6590
f 6590 6587 6589
f 6591 6588 6590
f 6590 6589 6592
f 6591 6590 6593
f 6593 6590 6592
f 6594 6591 6593
f 6593 6592 6595
f 6594 6593 6596
f 6596 6593 6595
f 6597 6594 6596
f 6596 6595 6598
f 6599 6597 6596
f 6599 6596 6598
f 6600 6599 6598
f 6600 6598 6601
f 6600 6602 6599
f 6603 6600 6601
f 6603 6601 6604
f 6600 6605 6602
f 6603 6605 6600
f 6605 6606 6602
f 6603 6607 6605
f 6608 6603 6604
f 6605 6609 6606
f 6607 6609 6605
f 6609 6610 6606
f 6607 6611 6609
f 6609 6612 6610
f 6611 6612 6609
f 6612 6613 6610
f 6611 6614 6612
f 6612 6615 6613
f 6614 6615 6612
f 6615 6616 6613
f 6614 6617 6615
f 6615 6618 6616
f 6617 6618 6615
f 6617 6619 6618
f 6608 6604 6620
f 6621 6608 6620
f 6604 6622 6620
f 6604 6623 6622
f 6623 6624 6622
f 6623 6625 6624
f 6625 6626 6624
f 6625 6627 6626
f 6627 6628 6626
f 6627 6629 6628
f 6629 6630 6628
f 6629 6631 6630
f 6628 6630 6632
f 6628 6632 6633
f 6626 6628 6633
f 6626 6633 6634
f 6624 6626 6634
f 6624 6634 6635
f 6622 6624 6635
f 6622 6635 6636
f 6620 6622 6636
f 6620 6636 6637
f 6621 6620 6637
f 6638 6621 6637
f 6638 6637 6639
f 6638 6640 6621
f 6641 6638 6639
f 6641 6639 6642
f 6638 6643 6640
f 6641 6643 6638
f 6643 6644 6640
f 6641 6645 6643
f 6646 6641 6642
f 6643 6647 6644
f 6645 6647 6643
f 6647 6648 6644
f 6645 6649 6647
f 6647 6650 6648
f 6649 6650 6647
f 6650 6651 6648
f 6649 6652 6650
f 6650 6653 6651
f 6652 6653 6650
f 6653 6654 6651
f 6652 6655 6653
f 6653 6656 6654
f 6655 6656 6653
f 6655 6657 6656
f 6646 6642 6658
f 6659 6646 6658
f 6642 6660 6658
f 6642 6661 6660
f 6661 6662 6660
f 6661 6663 6662
f 6663 6664 6662
f 6663 6665 6664
f 6665 6666 6664
f 6665 6667 6666
f 6667 6668 6666
f 6667 6669 6668
f 6666 6668 6670
f 6666 6670 6671
f 6664 6666 6671
f 6664 6671 6672
f 6662 6664 6672
f 6662 6672 6673
f 6660 6662 6673
f 6660 6673 6674
f 6658 6660 6674
f 6658 6674 6675
f 6659 6658 6675
f 6676 6659 6675
f 6676 6675 6677
f 6676 6678 6659
f 6679 6676 6677
f 6679 6677 6680
f 6676 6681 6678
f 6679 6681 6676
f 6681 6682 6678
f 6679 6683 6681
f 6684 6679 6680
f 6681 6685 6682
f 6683 6685 6681
f 6685 6686 6682
f 6683 6687 6685
f 6685 6688 6686
f 6687 6688 6685
f 6688 6689 6686
f 6687 6690 6688
f 6688 6691 6689
f 6690 6691 6688
f 6691 6692 6689
f 6690 6693 6691
f 6691 6694 6692
f 6693 6694 6691
f 6693 6695 6694
f 6684 6680 6696
f 6697 6684 6696
f 6680 6698 6696
f 6680 6699 6698
f 6699 6700 6698
f 6699 6701 6700
f 6701 6702 6700
f 6701 6703 6702
f 6703 6704 6702
f 6703 6705 6704
f 6705 6706 6704
f 6705 6707 6706
f 6704 6706 6708
f 6704 6708 6709
f 6702 6704 6709
f 6702 6709 6710
f 6700 6702 6710
f 6700 6710 6711
f 6698 6700 6711
f 6698 6711 6712
f 6696 6698 6712
f 6696 6712 6713
f 6697 6696 6713
f 6714 6697 6713
f 6714 6713 6715
f 6714 6716 6697
f 6715 6717 6714
f 6714 6718 6716
f 6717 6718 6714
f 6718 6719 6716
f 6717 6720 6718
f 6718 6721 6719
f 6720 6721 6718
f 6721 6722 6719
f 6720 6723 6721
f 6721 6724 6722
f 6723 6724 6721
f 6724 6725 6722
f 6723 6726 6724
f 6724 6727 6725
f 6726 6727 6724
f 6727 6728 6725
f 6726 6729 6727
f 6727 6730 6728
f 6729 6730 6727
f 6729 6731 6730
f 6732 6733 6734
f 6732 6734 6735
f 6736 6732 6735
f 6733 6737 6734
f 6733 6738 6737
f 6736 6735 6739
f 6740 6736 6739
f 6738 6741 6737
f 6738 6742 6741
f 6740 6739 6743
f 6744 6740 6743
f 6742 6745 6741
f 6742 6746 6745
f 6744 6743 6747
f 6748 6744 6747
f 6746 6749 6745
f 6746 6750 6749
f 6748 6747 6751
f 6752 6748 6751
f 6750 6753 6749
f 6750 6754 6753
f 6752 6751 6755
f 6756 6752 6755
f 6754 6757 6753
f 6754 6758 6757
f 6756 6755 6759
f 6760 6756 6759
f 6758 6761 6757
f 6758 6762 6761
f 6760 6759 6763
f 6764 6760 6763
f 6762 6765 6761
f 6762 6766 6765
f 6764 6763 6767
f 6768 6764 6767
f 6766 6769 6765
f 6766 6770 6769
f 6768 6767 6771
f 6772 6768 6771
f 6770 6773 6769
f 6770 6774 6773
f 6772 6771 6775
f 6776 6772 6775
f 6774 6777 6773
f 6774 6778 6777
f 6776 6775 6779
f 6780 6776 6779
f 6778 6781 6777
f 6778 6782 6781
f 6780 6779 6783
f 6784 6780 6783
f 6782 6785 6781
f 6782 6786 6785
f 6784 6783 6787
f 6788 6784 6787
f 6786 6789 6785
f 6786 6790 6789
f 6788 6787 6791
f 6792 6788 6791
f 6790 6793 6789
f 6790 6794 6793
f 6794 6792 6795
f 6792 6791 6795
f 6794 6795 6793
f 6781 6785 6796
f 6785 6789 6797
f 6785 6797 6796
f 6789 6793 6798
f 6789 6798 6797
f 6793 6795 6799
f 6793 6799 6798
f 6795 6791 6800
f 6795 6800 6799
f 6791 6787 6801
f 6791 6801 6800
f 6781 6796 6802
f 6777 6781 6802
f 6787 6803 6801
f 6787 6783 6803
f 6777 6802 6804
f 6773 6777 6804
f 6783 6805 6803
f 6783 6779 6805
f 6773 6804 6806
f 6769 6773 6806
f 6779 6807 6805
f 6779 6775 6807
f 6769 6806 6808
f 6765 6769 6808
f 6775 6809 6807
f 6775 6771 6809
f 6765 6808 6810
f 6761 6765 6810
f 6771 6811 6809
f 6771 6767 6811
f 6761 6810 6812
f 6757 6761 6812
f 6767 6813 6811
f 6767 6763 6813
f 6757 6812 6814
f 6753 6757 6814
f 6763 6815 6813
f 6763 6759 6815
f 6753 6814 6816
f 6749 6753 6816
f 6759 6817 6815
f 6759 6755 6817
f 6749 6816 6818
f 6745 6749 6818
f 6755 6819 6817
f 6755 6751 6819
f 6745 6818 6820
f 6741 6745 6820
f 6751 6821 6819
f 6751 6747 6821
f 6741 6820 6822
f 6737 6741 6822
f 6747 6823 6821
f 6747 6743 6823
f 6737 6822 6824
f 6734 6737 6824
f 6743 6825 6823
f 6743 6739 6825
f 6734 6824 6826
f 6735 6734 6826
f 6739 6735 6827
f 6739 6827 6825
f 6735 6826 6827
f 6822 6820 6828
f 6824 6822 6829
f 6822 6828 6829
f 6826 6824 6830
f 6824 6829 6830
f 6827 6826 6831
f 6826 6830 6831
f 6825 6827 6832
f 6827 6831 6832
f 6823 6825 6833
f 6825 6832 6833
f 6820 6834 6828
f 6820 6818 6834
f 6823 6833 6835
f 6821 6823 6835
f 6818 6836 6834
f 6818 6816 6836
f 6821 6835 6837
f 6819 6821 6837
f 6816 6838 6836
f 6816 6814 6838
f 6819 6837 6839
f 6817 6819 6839
f 6814 6840 6838
f 6814 6812 6840
f 6817 6839 6841
f 6815 6817 6841
f 6812 6842 6840
f 6812 6810 6842
f 6815 6841 6843
f 6813 6815 6843
f 6810 6844 6842
f 6810 6808 6844
f 6813 6843 6845
f 6811 6813 6845
f 6808 6846 6844
f 6808 6806 6846
f 6811 6845 6847
f 6809 6811 6847
f 6806 6848 6846
f 6806 6804 6848
f 6809 6847 6849
f 6807 6809 6849
f 6804 6850 6848
f 6804 6802 6850
f 6807 6849 6851
f 6805 6807 6851
f 6802 6852 6850
f 6802 6796 6852
f 6805 6851 6853
f 6803 6805 6853
f 6796 6854 6852
f 6796 6797 6854
f 6803 6853 6855
f 6801 6803 6855
f 6797 6856 6854
f 6797 6798 6856
f 6801 6855 6857
f 6800 6801 6857
f 6798 6858 6856
f 6798 6799 6858
f 6799 6800 6859
f 6800 6857 6859
f 6799 6859 6858
f 6852 6854 6860
f 6854 6856 6861
f 6854 6861 6860
f 6856 6858 6862
f 6856 6862 6861
f 6858 6859 6863
f 6858 6863 6862
f 6859 6857 6864
f 6859 6864 6863
f 6857 6855 6865
f 6857 6865 6864
f 6852 6860 6866
f 6850 6852 6866
f 6855 6867 6865
f 6855 6853 6867
f 6850 6866 6868
f 6848 6850 6868
f 6853 6869 6867
f 6853 6851 6869
f 6848 6868 6870
f 6846 6848 6870
f 6851 6871 6869
f 6851 6849 6871
f 6846 6870 6872
f 6844 6846 6872
f 6849 6873 6871
f 6849 6847 6873
f 6844 6872 6874
f 6842 6844 6874
f 6847 6875 6873
f 6847 6845 6875
f 6842 6874 6876
f 6840 6842 6876
f 6845 6877 6875
f 6845 6843 6877
f 6840 6876 6878
f 6838 6840 6878
f 6843 6879 6877
f 6843 6841 6879
f 6838 6878 6880
f 6836 6838 6880
f 6841 6881 6879
f 6841 6839 6881
f 6836 6880 6882
f 6834 6836 6882
f 6839 6883 6881
f 6839 6837 6883
f 6834 6882 6884
f 6828 6834 6884
f 6837 6885 6883
f 6837 6835 6885
f 6828 6884 6886
f 6829 6828 6886
f 6835 6887 6885
f 6835 6833 6887
f 6829 6886 6888
f 6830 6829 6888
f 6833 6889 6887
f 6833 6832 6889
f 6830 6888 6890
f 6831 6830 6890
f 6832 6831 6891
f 6832 6891 6889
f 6831 6890 6891
f 6886 6884 6892
f 6888 6886 6893
f 6886 6892 6893
f 6890 6888 6894
f 6888 6893 6894
f 6891 6890 6895
f 6890 6894 6895
f 6889 6891 6896
f 6891 6895 6896
f 6887 6889 6897
f 6889 6896 6897
f 6884 6898 6892
f 6884 6882 6898
f 6887 6897 6899
f 6885 6887 6899
f 6882 6900 6898
f 6882 6880 6900
f 6885 6899 6901
f 6883 6885 6901
f 6880 6902 6900
f 6880 6878 6902
f 6883 6901 6903
f 6881 6883 6903
f 6878 6904 6902
f 6878 6876 6904
f 6881 6903 6905
f 6879 6881 6905
f 6876 6906 6904
f 6876 6874 6906
f 6879 6905 6907
f 6877 6879 6907
f 6874 6908 6906
f 6874 6872 6908
f 6877 6907 6909
f 6875 6877 6909
f 6872 6910 6908
f 6872 6870 6910
f 6875 6909 6911
f 6873 6875 6911
f 6870 6912 6910
f 6870 6868 6912
f 6873 6911 6913
f 6871 6873 6913
f 6868 6914 6912
f 6868 6866 6914
f 6871 6913 6915
f 6869 6871 6915
f 6866 6916 6914
f 6866 6860 6916
f 6869 6915 6917
f 6867 6869 6917
f 6860 6918 6916
f 6860 6861 6918
f 6867 6917 6919
f 6865 6867 6919
f 6861 6920 6918
f 6861 6862 6920
f 6865 6919 6921
f 6864 6865 6921
f 6862 6922 6920
f 6862 6863 6922
f 6863 6864 6923
f 6864 6921 6923
f 6863 6923 6922
f 6916 6918 6924
f 6918 6920 6925
f 6918 6925 6924
f 6920 6922 6926
f 6920 6926 6925
f 6922 6923 6927
f 6922 6927 6926
f 6923 6921 6928
f 6923 6928 6927
f 6921 6919 6929
f 6921 6929 6928
f 6916 6924 6930
f 6914 6916 6930
f 6919 6931 6929
f 6919 6917 6931
f 6914 6930 6932
f 6912 6914 6932
f 6917 6933 6931
f 6917 6915 6933
f 6912 6932 6934
f 6910 6912 6934
f 6915 6935 6933
f 6915 6913 6935
f 6910 6934 6936
f 6908 6910 6936
f 6908 6936 6937
f 6906 6908 6937
f 6936 6934 6938
f 6937 6936 6938
f 6934 6932 6939
f 6934 6939 6938
f 6906 6937 6940
f 6904 6906 6940
f 6941 6940 6937
f 6904 6940 6941
f 6937 6938 6941
f 6902 6904 6941
f 6902 6941 6938
f 6900 6902 6938
f 6900 6938 6939
f 6898 6900 6939
f 6932 6942 6939
f 6898 6939 6942
f 6932 6930 6942
f 6892 6898 6942
f 6930 6943 6942
f 6892 6942 6943
f 6930 6924 6943
f 6893 6892 6943
f 6924 6944 6943
f 6893 6943 6944
f 6924 6925 6944
f 6894 6893 6944
f 6925 6945 6944
f 6894 6944 6945
f 6925 6926 6945
f 6895 6894 6945
f 6926 6946 6945
f 6895 6945 6946
f 6926 6927 6946
f 6896 6895 6946
f 6927 6947 6946
f 6896 6946 6947
f 6927 6928 6947
f 6897 6896 6947
f 6928 6948 6947
f 6897 6947 6948
f 6899 6897 6948
f 6928 6929 6948
f 6899 6948 6949
f 6929 6949 6948
f 6901 6899 6949
f 6929 6950 6949
f 6901 6949 6950
f 6929 6931 6950
f 6903 6901 6950
f 6931 6951 6950
f 6903 6950 6951
f 6931 6933 6951
f 6905 6903 6951
f 6933 6952 6951
f 6905 6951 6952
f 6907 6905 6952
f 6933 6935 6952
f 6907 6952 6953
f 6935 6953 6952
f 6909 6907 6953
f 6935 6954 6953
f 6913 6954 6935
f 6913 6911 6954
f 6909 6953 6955
f 6911 6909 6955
f 6954 6955 6953
f 6911 6955 6954
f 6613 6616 6956
f 6613 6956 6957
f 6957 6956 6581
f 6610 6613 6957
f 6957 6581 6580
f 6610 6957 6958
f 6958 6957 6580
f 6606 6610 6958
f 6958 6580 6585
f 6606 6958 6959
f 6959 6958 6585
f 6602 6606 6959
f 6959 6585 6588
f 6602 6959 6960
f 6960 6959 6588
f 6599 6602 6960
f 6960 6588 6591
f 6599 6960 6597
f 6597 6960 6591
f 6597 6591 6594
f 6651 6654 6961
f 6651 6961 6962
f 6962 6961 6619
f 6648 6651 6962
f 6962 6619 6617
f 6648 6962 6963
f 6963 6962 6617
f 6644 6648 6963
f 6963 6617 6614
f 6644 6963 6964
f 6964 6963 6614
f 6640 6644 6964
f 6964 6614 6611
f 6640 6964 6965
f 6965 6964 6611
f 6621 6640 6965
f 6965 6611 6607
f 6621 6965 6608
f 6608 6965 6607
f 6608 6607 6603
f 6586 6584 6966
f 6586 6966 6967
f 6967 6966 6631
f 6589 6586 6967
f 6967 6631 6629
f 6589 6967 6968
f 6968 6967 6629
f 6592 6589 6968
f 6968 6629 6627
f 6592 6968 6969
f 6969 6968 6627
f 6595 6592 6969
f 6969 6627 6625
f 6595 6969 6970
f 6970 6969 6625
f 6598 6595 6970
f 6970 6625 6623
f 6598 6970 6601
f 6601 6970 6623
f 6601 6623 6604
f 6633 6632 6971
f 6633 6971 6972
f 6972 6971 6669
f 6634 6633 6972
f 6972 6669 6667
f 6634 6972 6973
f 6973 6972 6667
f 6635 6634 6973
f 6973 6667 6665
f 6635 6973 6974
f 6974 6973 6665
f 6636 6635 6974
f 6974 6665 6663
f 6636 6974 6975
f 6975 6974 6663
f 6637 6636 6975
f 6975 6663 6661
f 6637 6975 6639
f 6639 6975 6661
f 6639 6661 6642
f 6671 6670 6976
f 6671 6976 6977
f 6977 6976 6707
f 6672 6671 6977
f 6977 6707 6705
f 6672 6977 6978
f 6978 6977 6705
f 6673 6672 6978
f 6978 6705 6703
f 6673 6978 6979
f 6979 6978 6703
f 6674 6673 6979
f 6979 6703 6701
f 6674 6979 6980
f 6980 6979 6701
f 6675 6674 6980
f 6980 6701 6699
f 6675 6980 6677
f 6677 6980 6699
f 6677 6699 6680
f 6709 6708 6981
f 6709 6981 6982
f 6982 6981 6731
f 6710 6709 6982
f 6982 6731 6729
f 6710 6982 6983
f 6983 6982 6729
f 6711 6710 6983
f 6983 6729 6726
f 6711 6983 6984
f 6984 6983 6726
f 6712 6711 6984
f 6984 6726 6723
f 6712 6984 6985
f 6985 6984 6723
f 6713 6712 6985
f 6985 6723 6720
f 6713 6985 6715
f 6715 6985 6720
f 6715 6720 6717
f 6725 6728 6986
f 6725 6986 6987
f 6987 6986 6695
f 6722 6725 6987
f 6987 6695 6693
f 6722 6987 6988
f 6988 6987 6693
f 6719 6722 6988
f 6988 6693 6690
f 6719 6988 6989
f 6989 6988 6690
f 6716 6719 6989
f 6989 6690 6687
f 6716 6989 6990
f 6990 6989 6687
f 6697 6716 6990
f 6990 6687 6683
f 6697 6990 6684
f 6684 6990 6683
f 6684 6683 6679
f 6689 6692 6991
f 6689 6991 6992
f 6992 6991 6657
f 6686 6689 6992
f 6992 6657 6655
f 6686 6992 6993
f 6993 6992 6655
f 6682 6686 6993
f 6993 6655 6652
f 6682 6993 6994
f 6994 6993 6652
f 6678 6682 6994
f 6994 6652 6649
f 6678 6994 6995
f 6995 6994 6649
f 6659 6678 6995
f 6995 6649 6645
f 6659 6995 6646
f 6646 6995 6645
f 6646 6645 6641
v 34.77062 -5.997292 -40.12336
v 34.79568 -5.992992 -40.1118
v 33.87162 1.234632 -40.79575
v 33.84655 1.230334 -40.80732
v 34.74835 -6.00168 -40.13964
v 33.82428 1.225945 -40.8236
v 34.72972 -6.005989 -40.16001
v 33.80565 1.221636 -40.84397
v 34.71545 -6.010053 -40.18368
v 33.79138 1.217572 -40.86764
v 34.70609 -6.013716 -40.20975
v 33.78202 1.213909 -40.89371
v 34.702 -6.016838 -40.23721
v 33.77794 1.210788 -40.92116
v 34.70334 -6.019297 -40.265
v 33.77927 1.208328 -40.94896
v 34.71005 -6.021 -40.29206
v 33.78598 1.206625 -40.97602
v 34.79568 -5.992992 -40.1118
v 33.8985 1.238677 -40.78934
v 33.87162 1.234632 -40.79575
v 34.82257 -5.988948 -40.10538
v 33.92618 1.242311 -40.78834
v 34.85025 -5.985314 -40.10438
v 33.95359 1.245396 -40.79277
v 34.87766 -5.982229 -40.10881
v 33.97968 1.247812 -40.80247
v 34.90374 -5.979813 -40.11852
v 34.00343 1.249468 -40.81708
v 34.9275 -5.978158 -40.13312
v 34.02395 1.250298 -40.83602
v 34.94802 -5.977327 -40.15206
v 34.04044 1.250272 -40.85857
v 34.9645 -5.977353 -40.17461
v 34.05226 1.249391 -40.88387
v 34.97633 -5.978234 -40.19991
v 34.97633 -5.978234 -40.19991
v 34.05897 1.247687 -40.91093
v 34.05226 1.249391 -40.88387
v 34.98304 -5.979938 -40.22697
v 34.06031 1.245228 -40.93872
v 34.98438 -5.982397 -40.25476
v 34.05622 1.242107 -40.96618
v 34.98029 -5.985518 -40.28222
v 34.04686 1.238443 -40.99225
v 34.97092 -5.989182 -40.30829
v 34.03259 1.234379 -41.01592
v 34.95666 -5.993246 -40.33196
v 34.01396 1.23007 -41.03629
v 34.93803 -5.997555 -40.35233
v 33.99169 1.225682 -41.05256
v 34.91576 -6.001943 -40.36861
v 33.96663 1.221383 -41.06413
v 34.89069 -6.006242 -40.38017
v 34.89069 -6.006242 -40.38017
v 33.93974 1.217339 -41.07055
v 33.96663 1.221383 -41.06413
v 34.86381 -6.010286 -40.38659
v 33.91206 1.213704 -41.07155
v 34.83613 -6.013921 -40.38759
v 33.88465 1.21062 -41.06712
v 34.80872 -6.017005 -40.38316
v 33.85857 1.208203 -41.05741
v 34.78263 -6.019422 -40.37346
v 33.83481 1.206548 -41.04281
v 34.75888 -6.021077 -40.35885
v 33.81429 1.205717 -41.02386
v 34.73836 -6.021908 -40.33991
v 33.79781 1.205743 -41.00132
v 34.72187 -6.021882 -40.31736
v 33.78598 1.206625 -40.97602
v 34.71005 -6.021 -40.29206
v 33.8985 1.238677 -40.78934
v 33.92618 1.242311 -40.78834
v 33.95359 1.245396 -40.79277
v 33.97968 1.247812 -40.80247
v 33.87162 1.234632 -40.79575
v 34.00343 1.249468 -40.81708
v 33.84655 1.230334 -40.80732
v 33.82428 1.225945 -40.8236
v 34.02395 1.250298 -40.83602
v 33.80565 1.221636 -40.84397
v 34.04044 1.250272 -40.85857
v 33.79138 1.217572 -40.86764
v 34.05226 1.249391 -40.88387
v 33.78202 1.213909 -40.89371
v 34.05897 1.247687 -40.91093
v 33.77794 1.210788 -40.92116
v 34.06031 1.245228 -40.93872
v 33.77927 1.208328 -40.94896
v 34.05622 1.242107 -40.96618
v 33.78598 1.206625 -40.97602
v 34.04686 1.238443 -40.99225
v 33.79781 1.205743 -41.00132
v 34.03259 1.234379 -41.01592
v 33.81429 1.205717 -41.02386
v 34.01396 1.23007 -41.03629
v 33.83481 1.206548 -41.04281
v 33.99169 1.225682 -41.05256
v 33.85857 1.208203 -41.05741
v 33.96663 1.221383 -41.06413
v 33.88465 1.21062 -41.06712
v 33.93974 1.217339 -41.07055
v 33.91206 1.213704 -41.07155
v 34.87766 -5.982229 -40.10881
v 34.85025 -5.985314 -40.10438
v 34.82257 -5.988948 -40.10538
v 34.90374 -5.979813 -40.11852
v 34.79568 -5.992992 -40.1118
v 34.9275 -5.978158 -40.13312
v 34.77062 -5.997292 -40.12336
v 34.94802 -5.977327 -40.15206
v 34.74835 -6.00168 -40.13964
v 34.9645 -5.977353 -40.17461
v 34.72972 -6.005989 -40.16001
v 34.71545 -6.010053 -40.18368
v 34.97633 -5.978234 -40.19991
v 34.70609 -6.013716 -40.20975
v 34.98304 -5.979938 -40.22697
v 34.702 -6.016838 -40.23721
v 34.98438 -5.982397 -40.25476
v 34.70334 -6.019297 -40.265
v 34.98029 -5.985518 -40.28222
v 34.71005 -6.021 -40.29206
v 34.97092 -5.989182 -40.30829
v 34.72187 -6.021882 -40.31736
v 34.95666 -5.993246 -40.33196
v 34.73836 -6.021908 -40.33991
v 34.93803 -5.997555 -40.35233
v 34.75888 -6.021077 -40.35885
v 34.91576 -6.001943 -40.36861
v 34.78263 -6.019422 -40.37346
v 34.89069 -6.006242 -40.38017
v 34.80872 -6.017005 -40.38316
v 34.86381 -6.010286 -40.38659
v 34.83613 -6.013921 -40.38759
v 34.00669 -0.8278031 -43.55365
v 34.14037 -1.991748 -43.68691
v 33.55339 -2.057808 -43.59195
v 33.46638 -0.888612 -43.46624
v 32.99478 -2.109559 -43.3841
v 33.93263 -0.03761549 -43.19484
v 32.95218 -0.9362479 -43.27492
v 33.47544 -0.08906886 -43.12088
v 33.88153 0.7066461 -42.5568
v 33.04035 -0.1293761 -42.95899
v 33.56017 0.6704793 -42.50481
v 33.87607 0.9940798 -42.08091
v 33.25435 0.6421471 -42.39102
v 33.65117 0.968768 -42.04453
v 33.89313 1.235903 -41.33232
v 33.43713 0.9489394 -41.96489
v 33.81613 1.227237 -41.31986
v 33.97089 1.246113 -41.32949
v 33.74286 1.220449 -41.29259
v 34.04643 1.257475 -41.31147
v 34.11684 1.269552 -41.27898
v 33.67611 1.215798 -41.25157
v 34.32384 1.057089 -42.02003
v 34.17941 1.28188 -41.23324
v 33.61848 1.213465 -41.19836
v 34.52949 1.092364 -41.92511
v 34.52132 0.7966768 -42.46981
v 34.71225 1.128374 -41.79152
v 34.23174 1.293986 -41.17602
v 34.81517 0.8470806 -42.33418
v 34.84284 0.09046802 -43.07109
v 35.07632 0.8985326 -42.1433
v 35.26088 0.162176 -42.87813
v 35.0824 -0.6764312 -43.4074
v 35.63241 0.2353749 -42.60657
v 35.57645 -0.5916851 -43.17935
v 35.30898 -1.827302 -43.52802
v 36.01553 -0.505177 -42.85842
v 35.8457 -1.735237 -43.28028
v 36.3227 -1.641258 -42.93163
v 33.57215 1.213538 -41.135
v 34.27183 1.305404 -41.10952
v 32.93854 0.9287528 -41.50458
v 33.07383 0.9285398 -41.68962
v 32.54193 0.6133032 -41.7333
v 32.73525 0.612999 -41.99771
v 32.02682 -0.1704113 -42.02328
v 32.30185 -0.1708442 -42.39944
v 31.75436 -0.9847444 -42.16908
v 32.0794 -0.9852559 -42.61362
v 31.69352 -2.162243 -42.18275
v 32.04663 -2.162799 -42.6657
v 31.44025 -2.143364 -41.64106
v 31.52123 -0.9673657 -41.67045
v 31.82956 -0.1557064 -41.60137
v 32.40327 0.6236394 -41.43674
v 32.8415 0.9359866 -41.29702
v 33.53893 1.216014 -41.06395
v 34.29812 1.315695 -41.0363
v 33.52008 1.2208 -40.98791
v 34.98219 1.197082 -41.43016
v 34.30961 1.324464 -40.95916
v 33.51633 1.227709 -40.90982
v 35.05899 1.227141 -41.21627
v 35.46202 0.996707 -41.62697
v 35.09256 1.252754 -40.99096
v 34.30586 1.331373 -40.88108
v 35.57176 1.039657 -41.32136
v 36.18114 0.3750443 -41.872
v 35.61972 1.076254 -40.99942
v 36.33725 0.4361475 -41.43722
v 36.66403 -0.3401124 -41.99029
v 36.40549 0.4882129 -40.97922
v 36.84853 -0.2678993 -41.47646
v 37.02721 -1.461937 -41.98852
v 36.92917 -0.2063671 -40.93518
v 37.22765 -1.383487 -41.43031
v 37.31525 -1.316641 -40.84229
v 33.52782 1.236478 -40.83269
v 34.28701 1.336159 -40.80504
v 32.80905 0.9957591 -40.62155
v 32.77548 0.9701462 -40.84686
v 32.35691 0.7090456 -40.47159
v 32.30895 0.6724484 -40.79353
v 31.7636 -0.0342019 -40.22828
v 31.69537 -0.08626746 -40.68629
v 31.44329 -0.8237689 -40.04771
v 31.36265 -0.8853012 -40.58899
v 31.35557 -1.987365 -39.87817
v 31.26797 -2.054212 -40.4662
v 31.55601 -1.908915 -39.31996
v 31.62779 -0.7515558 -39.53388
v 31.91972 0.02690126 -39.79351
v 32.46665 0.7519953 -40.16599
v 32.88585 1.025818 -40.40767
v 33.55412 1.246769 -40.75946
v 34.25379 1.338635 -40.73399
v 33.5942 1.258187 -40.69296
v 35.02655 1.286913 -40.54081
v 34.20747 1.338708 -40.67063
v 33.64653 1.270292 -40.63575
v 34.92951 1.294147 -40.33325
v 35.5254 1.125063 -40.35621
v 34.79421 1.29436 -40.1482
v 34.14983 1.336374 -40.61742
v 35.38674 1.135399 -40.05965
v 36.2713 0.5576517 -40.06414
v 35.19342 1.135703 -39.79525
v 36.07404 0.5723567 -39.64223
v 36.77059 -0.1243029 -39.85371
v 35.799 0.5727896 -39.26607
v 36.53746 -0.1069242 -39.35509
v 37.14297 -1.227489 -39.66742
v 36.21242 -0.1064125 -38.91054
v 36.88971 -1.208609 -39.12574
v 36.53659 -1.208053 -38.64279
v 33.70911 1.282621 -40.59001
v 34.08309 1.331724 -40.57639
v 33.33856 1.130535 -39.91272
v 33.15579 1.094526 -40.04631
v 33.1135 0.9016218 -39.45877
v 32.85235 0.8501698 -39.64965
v 32.83998 0.2397697 -38.78738
v 32.46845 0.1665707 -39.05894
v 32.71537 -0.499983 -38.34481
v 32.27629 -0.5864912 -38.66575
v 32.73752 -1.635615 -38.0282
v 32.26052 -1.729595 -38.37685
v 33.27424 -1.54355 -37.78046
v 33.20942 -0.4152369 -38.11677
v 33.25802 0.3114777 -38.59442
v 33.40735 0.9520257 -39.32314
v 33.54421 1.165811 -39.81779
v 33.77951 1.294698 -40.55751
v 34.00981 1.324935 -40.54913
v 33.85505 1.30606 -40.5395
v 34.43092 1.27396 -39.87294
v 33.93281 1.31627 -40.53667
v 34.21688 1.254132 -39.7933
v 34.67432 1.106555 -39.40194
v 33.99197 1.22882 -39.75692
v 34.3685 1.078223 -39.28814
v 35.0605 0.5313217 -38.70652
v 34.04714 1.042056 -39.23615
v 34.62542 0.4910146 -38.54462
v 35.33964 -0.1554202 -38.24925
v 34.16823 0.4395612 -38.47066
v 34.82544 -0.2030561 -38.05792
v 35.58844 -1.261294 -37.92439
v 34.28513 -0.2638649 -37.97051
v 35.02983 -1.313044 -37.71653
v 34.44285 -1.379104 -37.62157
v 37.02721 -1.461937 -41.98852
v 37.22765 -1.383487 -41.43031
v 37.03476 -1.403324 -41.37933
v 36.84749 -1.47662 -41.90086
v 36.72165 -1.548975 -42.49545
v 37.1166 -1.340869 -40.82993
v 37.31525 -1.316641 -40.84229
v 36.562 -1.55794 -42.37449
v 36.3227 -1.641258 -42.93163
v 37.08989 -1.291656 -40.27378
v 37.28666 -1.263967 -40.24703
v 36.18926 -1.644159 -42.78201
v 35.8457 -1.735237 -43.28028
v 36.95564 -1.257574 -39.73225
v 37.14297 -1.227489 -39.66742
v 35.7436 -1.731965 -43.10776
v 35.30898 -1.827302 -43.52802
v 36.71901 -1.239935 -39.22615
v 36.88971 -1.208609 -39.12574
v 35.24214 -1.817981 -43.33922
v 34.73315 -1.913916 -43.66532
v 36.3891 -1.239416 -38.77494
v 36.53659 -1.208053 -38.64279
v 34.70415 -1.898904 -43.4675
v 34.14037 -1.991748 -43.68691
v 35.97859 -1.256036 -38.39594
v 36.09721 -1.225843 -38.23714
v 34.1503 -1.971623 -43.48767
v 33.55339 -2.057808 -43.59195
v 35.50324 -1.289158 -38.10373
v 35.58844 -1.261294 -37.92439
v 33.60189 -2.033344 -43.39895
v 32.99478 -2.109559 -43.3841
v 34.98133 -1.337508 -37.90953
v 35.02983 -1.313044 -37.71653
v 33.07998 -2.081694 -43.20475
v 32.48601 -2.14501 -43.07134
v 34.43292 -1.399229 -37.82081
v 34.44285 -1.379104 -37.62157
v 32.60463 -2.114816 -42.91254
v 32.04663 -2.162799 -42.6657
v 33.87907 -1.471948 -37.84098
v 33.85006 -1.456937 -37.64316
v 32.19411 -2.131437 -42.53355
v 31.69352 -2.162243 -42.18275
v 33.34108 -1.552871 -37.96926
v 33.27424 -1.54355 -37.78046
v 31.8642 -2.130918 -42.08233
v 31.44025 -2.143364 -41.64106
v 32.83962 -1.638888 -38.20073
v 32.73752 -1.635615 -38.0282
v 31.62758 -2.113278 -41.57623
v 31.29656 -2.106886 -41.06145
v 32.39396 -1.726693 -38.52647
v 32.26052 -1.729595 -38.37685
v 31.49333 -2.079197 -41.0347
v 31.26797 -2.054212 -40.4662
v 32.02122 -1.812912 -38.93399
v 31.86157 -1.821877 -38.81303
v 31.46661 -2.029983 -40.47855
v 31.35557 -1.987365 -39.87817
v 31.73573 -1.894233 -39.40762
v 31.55601 -1.908915 -39.31996
v 31.54846 -1.967528 -39.92915
v 32.39997 -0.5904625 -38.80285
v 32.05686 -0.6698281 -39.17796
v 31.79407 -0.7446833 -39.61394
v 31.62169 -0.8121522 -40.09401
v 31.54635 -0.8696419 -40.59973
v 31.57094 -0.9149431 -41.11167
v 32.8102 -0.5096383 -38.50299
v 31.69452 -0.9463151 -41.61015
v 33.2718 -0.4304598 -38.28993
v 31.91233 -0.9625519 -42.07601
v 33.76702 -0.3559704 -38.17185
v 32.21601 -0.9630299 -42.49136
v 34.27683 -0.2890326 -38.15328
v 32.5939 -0.9477298 -42.84022
v 34.78165 -0.2322188 -38.23495
v 33.03145 -0.9172416 -43.1092
v 35.26207 -0.1877124 -38.41371
v 33.51187 -0.8727345 -43.28796
v 35.69962 -0.1572237 -38.68269
v 34.01669 -0.8159214 -43.36963
v 36.0775 -0.1419245 -39.03156
v 34.5265 -0.748983 -43.35106
v 36.38118 -0.1424025 -39.4469
v 35.02172 -0.6744936 -43.23298
v 36.599 -0.1586395 -39.91277
v 35.48332 -0.5953158 -43.01992
v 36.72258 -0.1900114 -40.41124
v 35.89355 -0.514491 -42.72006
v 36.74717 -0.2353117 -40.92318
v 36.23666 -0.4351255 -42.34494
v 36.67183 -0.292802 -41.4289
v 36.49945 -0.3602703 -41.90897
v 36.12682 0.523101 -40.11358
v 36.23138 0.4965556 -40.53537
v 36.25219 0.4582249 -40.96854
v 36.18843 0.4095793 -41.39646
v 36.04258 0.3524911 -41.80267
v 35.82022 0.2891523 -42.17157
v 35.94251 0.5368399 -39.71939
v 35.5299 0.221997 -42.48898
v 35.68555 0.5372444 -39.36795
v 35.18278 0.1536071 -42.7427
v 35.36581 0.5242989 -39.07275
v 34.7922 0.08661086 -42.92298
v 34.99557 0.4985009 -38.84515
v 34.37317 0.02358155 -43.0229
v 34.58906 0.4608418 -38.6939
v 33.94179 -0.03305849 -43.0386
v 34.16191 0.4127688 -38.6248
v 33.51464 -0.08113088 -42.96951
v 33.73053 0.3561293 -38.64051
v 33.10814 -0.1187907 -42.81825
v 33.3115 0.2931001 -38.74042
v 32.7379 -0.1445881 -42.59065
v 32.92092 0.2261031 -38.9207
v 32.41815 -0.1575343 -42.29546
v 32.5738 0.1577138 -39.17442
v 32.16119 -0.1571299 -41.94402
v 32.28348 0.09055849 -39.49183
v 31.97688 -0.1433911 -41.54982
v 32.06112 0.02721969 -39.86073
v 31.87232 -0.1168458 -41.12804
v 31.91526 -0.02986916 -40.26694
v 31.85151 -0.07851408 -40.69486
v 32.7231 0.79076 -39.95337
v 32.56681 0.7462388 -40.21267
v 32.46428 0.7061107 -40.4982
v 32.41947 0.6719179 -40.79898
v 32.43409 0.6449744 -41.10347
v 32.5076 0.6263155 -41.39994
v 32.92717 0.8379634 -39.73026
v 32.63714 0.6166584 -41.67702
v 33.17116 0.8860351 -39.55192
v 32.81776 0.6163741 -41.92405
v 33.44571 0.9331276 -39.4252
v 33.04251 0.6254737 -42.13155
v 33.74024 0.9774312 -39.35497
v 33.30276 0.6436073 -42.29153
v 34.04346 1.017243 -39.34393
v 33.58849 0.6700782 -42.39785
v 34.34371 1.051034 -39.3925
v 33.88874 0.7038689 -42.44641
v 34.62944 1.077505 -39.49882
v 34.19196 0.7436811 -42.43538
v 34.88969 1.095639 -39.6588
v 34.4865 0.7879847 -42.36514
v 35.11444 1.104738 -39.86629
v 34.76104 0.8350772 -42.23842
v 35.29506 1.104454 -40.11332
v 35.00503 0.8831488 -42.06008
v 35.4246 1.094797 -40.3904
v 35.2091 0.9303522 -41.83697
v 35.4981 1.076138 -40.68688
v 35.36539 0.9748734 -41.57767
v 35.51273 1.049194 -40.99136
v 35.46792 1.015002 -41.29214
v 34.86623 1.26556 -40.37016
v 34.95689 1.258802 -40.56408
v 35.00833 1.245743 -40.77157
v 35.01857 1.226887 -40.98466
v 34.98721 1.202956 -41.19517
v 34.91545 1.174872 -41.395
v 34.73982 1.265759 -40.19727
v 34.80606 1.143714 -41.57647
v 34.58252 1.259391 -40.05206
v 34.66325 1.110678 -41.73262
v 34.40039 1.2467 -39.94009
v 34.49249 1.077034 -41.85743
v 34.20042 1.228174 -39.86568
v 34.30035 1.044076 -41.94612
v 33.99028 1.204525 -39.83169
v 34.09421 1.01307 -41.99527
v 33.77808 1.176662 -39.83942
v 33.882 0.985207 -42.003
v 33.57194 1.145656 -39.88857
v 33.67187 0.9615582 -41.96901
v 33.3798 1.112698 -39.97726
v 33.47189 0.9430323 -41.8946
v 33.20904 1.079054 -40.10207
v 33.28976 0.9303412 -41.78263
v 33.06622 1.046019 -40.25821
v 33.13247 0.9239728 -41.63742
v 32.95683 1.01486 -40.43969
v 33.00606 0.9241718 -41.46453
v 32.88508 0.9867759 -40.63952
v 32.91539 0.9309304 -41.27061
v 32.85372 0.9628457 -40.85003
v 32.86395 0.943989 -41.06312
v 33.58019 1.229187 -40.76912
v 33.55562 1.219572 -40.83753
v 33.54488 1.211379 -40.9096
v 33.54839 1.204923 -40.98256
v 33.566 1.200453 -41.05359
v 33.59704 1.198139 -41.11998
v 33.61764 1.239854 -40.70699
v 33.64032 1.198071 -41.17917
v 33.66653 1.251165 -40.65353
v 33.69417 1.200251 -41.22889
v 33.72499 1.262683 -40.61079
v 33.75653 1.204596 -41.26722
v 33.79078 1.273967 -40.58043
v 33.86135 1.284582 -40.56361
v 34.07441 1.30856 -40.59807
v 34.13676 1.312905 -40.63641
v 33.934 1.294121 -40.56096
v 34.00594 1.302218 -40.5726
v 34.19062 1.315085 -40.68612
v 34.23389 1.315017 -40.74531
v 34.26493 1.312703 -40.8117
v 34.28254 1.308233 -40.88274
v 34.28605 1.301777 -40.95569
v 34.27531 1.293584 -41.02776
v 34.25075 1.283969 -41.09618
v 34.21329 1.273302 -41.15831
v 34.1644 1.261991 -41.21177
v 34.10594 1.250473 -41.2545
v 34.04016 1.239189 -41.28486
v 33.96958 1.228574 -41.30169
v 33.82499 1.210938 -41.2927
v 33.89693 1.219035 -41.30434
v 34.73315 -1.913916 -43.66532
v 34.55235 -0.7561585 -43.53378
v 34.39434 0.02300669 -43.17803
v 34.20607 0.7492578 -42.54498
v 34.1032 1.023902 -42.07264
v 36.72165 -1.548975 -42.49545
v 36.38276 -0.4202313 -42.45692
v 35.94314 0.3072517 -42.26684
v 35.29473 0.9490551 -41.9045
v 34.86512 1.163732 -41.62439
v 32.48601 -2.14501 -43.07134
v 32.48386 -0.9688807 -42.98702
v 32.64408 -0.1569883 -42.71539
v 32.97581 0.6227384 -42.21979
v 33.24219 0.9353561 -41.84505
v 31.29656 -2.106886 -41.06145
v 31.38897 -0.9337879 -41.13692
v 31.71764 -0.1272945 -41.14993
v 32.3246 0.6436103 -41.11942
v 32.78644 0.9499635 -41.07494
v 31.86157 -1.821877 -38.81303
v 31.90906 -0.6714369 -39.06725
v 32.15771 0.09469392 -39.39867
v 32.63394 0.7996472 -39.88845
v 33.00293 1.059168 -40.21344
v 33.85006 -1.456937 -37.64316
v 33.73947 -0.3355095 -37.99038
v 33.70652 0.378939 -38.48748
v 33.7226 0.9994446 -39.24797
v 33.76484 1.198998 -39.76519
v 36.09721 -1.225843 -38.23714
v 35.80796 -0.1227876 -38.53714
v 35.45678 0.5589339 -38.95012
v 34.95287 1.125964 -39.57316
v 34.62585 1.287544 -39.99278
v 37.28666 -1.263967 -40.24703
v 36.90285 -0.1578808 -40.38725
v 36.38322 0.5292397 -40.51559
v 35.60406 1.105092 -40.67354
v 35.0816 1.272936 -40.76289
f 6996 6997 6998
f 6996 6998 6999
f 7000 6996 6999
f 7000 6999 7001
f 7002 7000 7001
f 7002 7001 7003
f 7004 7002 7003
f 7004 7003 7005
f 7006 7004 7005
f 7006 7005 7007
f 7008 7006 7007
f 7008 7007 7009
f 7010 7008 7009
f 7010 7009 7011
f 7012 7010 7011
f 7012 7011 7013
f 7014 7015 7016
f 7014 7017 7015
f 7017 7018 7015
f 7017 7019 7018
f 7019 7020 7018
f 7019 7021 7020
f 7021 7022 7020
f 7021 7023 7022
f 7023 7024 7022
f 7023 7025 7024
f 7025 7026 7024
f 7025 7027 7026
f 7027 7028 7026
f 7027 7029 7028
f 7029 7030 7028
f 7029 7031 7030
f 7032 7033 7034
f 7032 7035 7033
f 7035 7036 7033
f 7035 7037 7036
f 7037 7038 7036
f 7037 7039 7038
f 7039 7040 7038
f 7039 7041 7040
f 7041 7042 7040
f 7041 7043 7042
f 7043 7044 7042
f 7043 7045 7044
f 7045 7046 7044
f 7045 7047 7046
f 7047 7048 7046
f 7047 7049 7048
f 7050 7051 7052
f 7050 7053 7051
f 7053 7054 7051
f 7053 7055 7054
f 7055 7056 7054
f 7055 7057 7056
f 7057 7058 7056
f 7057 7059 7058
f 7059 7060 7058
f 7059 7061 7060
f 7061 7062 7060
f 7061 7063 7062
f 7063 7064 7062
f 7063 7065 7064
f 7065 7066 7064
f 7065 7067 7066
f 7068 7069 7070
f 7070 7071 7068
f 7071 7072 7068
f 7071 7073 7072
f 7073 7074 7072
f 7073 7075 7074
f 7073 7076 7075
f 7076 7077 7075
f 7076 7078 7077
f 7078 7079 7077
f 7078 7080 7079
f 7080 7081 7079
f 7080 7082 7081
f 7082 7083 7081
f 7082 7084 7083
f 7084 7085 7083
f 7084 7086 7085
f 7086 7087 7085
f 7086 7088 7087
f 7088 7089 7087
f 7088 7090 7089
f 7090 7091 7089
f 7090 7092 7091
f 7092 7093 7091
f 7092 7094 7093
f 7094 7095 7093
f 7094 7096 7095
f 7096 7097 7095
f 7096 7098 7097
f 7098 7099 7097
f 7100 7101 7102
f 7102 7103 7100
f 7102 7104 7103
f 7104 7105 7103
f 7104 7106 7105
f 7106 7107 7105
f 7106 7108 7107
f 7108 7109 7107
f 7108 7110 7109
f 7110 7111 7109
f 7111 7112 7109
f 7111 7113 7112
f 7113 7114 7112
f 7113 7115 7114
f 7115 7116 7114
f 7115 7117 7116
f 7117 7118 7116
f 7117 7119 7118
f 7119 7120 7118
f 7119 7121 7120
f 7121 7122 7120
f 7121 7123 7122
f 7123 7124 7122
f 7123 7125 7124
f 7125 7126 7124
f 7125 7127 7126
f 7127 7128 7126
f 7127 7129 7128
f 7129 7130 7128
f 7129 7131 7130
f 7132 7133 7134
f 7132 7134 7135
f 7135 7134 7136
f 7137 7132 7135
f 7135 7136 7138
f 7137 7135 7139
f 7139 7135 7138
f 7140 7137 7139
f 7139 7138 7141
f 7140 7139 7142
f 7142 7139 7141
f 7143 7140 7142
f 7142 7141 7144
f 7143 7142 7145
f 7145 7142 7144
f 7146 7143 7145
f 7145 7144 7147
f 7146 7145 7148
f 7148 7145 7147
f 7149 7146 7148
f 7148 7147 7150
f 7151 7149 7148
f 7151 7148 7150
f 7152 7151 7150
f 7152 7150 7153
f 7152 7154 7151
f 7155 7152 7153
f 7155 7153 7156
f 7152 7157 7154
f 7155 7157 7152
f 7157 7158 7154
f 7155 7159 7157
f 7160 7155 7156
f 7157 7161 7158
f 7159 7161 7157
f 7161 7162 7158
f 7159 7163 7161
f 7161 7164 7162
f 7163 7164 7161
f 7164 7165 7162
f 7163 7166 7164
f 7164 7167 7165
f 7166 7167 7164
f 7167 7168 7165
f 7166 7169 7167
f 7167 7170 7168
f 7169 7170 7167
f 7169 7171 7170
f 7160 7156 7172
f 7173 7160 7172
f 7156 7174 7172
f 7156 7175 7174
f 7175 7176 7174
f 7175 7177 7176
f 7177 7178 7176
f 7177 7179 7178
f 7179 7180 7178
f 7179 7181 7180
f 7181 7182 7180
f 7181 7183 7182
f 7180 7182 7184
f 7180 7184 7185
f 7178 7180 7185
f 7178 7185 7186
f 7176 7178 7186
f 7176 7186 7187
f 7174 7176 7187
f 7174 7187 7188
f 7172 7174 7188
f 7172 7188 7189
f 7173 7172 7189
f 7190 7173 7189
f 7190 7189 7191
f 7190 7192 7173
f 7193 7190 7191
f 7193 7191 7194
f 7190 7195 7192
f 7193 7195 7190
f 7195 7196 7192
f 7193 7197 7195
f 7198 7193 7194
f 7195 7199 7196
f 7197 7199 7195
f 7199 7200 7196
f 7197 7201 7199
f 7199 7202 7200
f 7201 7202 7199
f 7202 7203 7200
f 7201 7204 7202
f 7202 7205 7203
f 7204 7205 7202
f 7205 7206 7203
f 7204 7207 7205
f 7205 7208 7206
f 7207 7208 7205
f 7207 7209 7208
f 7198 7194 7210
f 7211 7198 7210
f 7194 7212 7210
f 7194 7213 7212
f 7213 7214 7212
f 7213 7215 7214
f 7215 7216 7214
f 7215 7217 7216
f 7217 7218 7216
f 7217 7219 7218
f 7219 7220 7218
f 7219 7221 7220
f 7218 7220 7222
f 7218 7222 7223
f 7216 7218 7223
f 7216 7223 7224
f 7214 7216 7224
f 7214 7224 7225
f 7212 7214 7225
f 7212 7225 7226
f 7210 7212 7226
f 7210 7226 7227
f 7211 7210 7227
f 7228 7211 7227
f 7228 7227 7229
f 7228 7230 7211
f 7231 7228 7229
f 7231 7229 7232
f 7228 7233 7230
f 7231 7233 7228
f 7233 7234 7230
f 7231 7235 7233
f 7236 7231 7232
f 7233 7237 7234
f 7235 7237 7233
f 7237 7238 7234
f 7235 7239 7237
f 7237 7240 7238
f 7239 7240 7237
f 7240 7241 7238
f 7239 7242 7240
f 7240 7243 7241
f 7242 7243 7240
f 7243 7244 7241
f 7242 7245 7243
f 7243 7246 7244
f 7245 7246 7243
f 7245 7247 7246
f 7236 7232 7248
f 7249 7236 7248
f 7232 7250 7248
f 7232 7251 7250
f 7251 7252 7250
f 7251 7253 7252
f 7253 7254 7252
f 7253 7255 7254
f 7255 7256 7254
f 7255 7257 7256
f 7257 7258 7256
f 7257 7259 7258
f 7256 7258 7260
f 7256 7260 7261
f 7254 7256 7261
f 7254 7261 7262
f 7252 7254 7262
f 7252 7262 7263
f 7250 7252 7263
f 7250 7263 7264
f 7248 7250 7264
f 7248 7264 7265
f 7249 7248 7265
f 7266 7249 7265
f 7266 7265 7267
f 7266 7268 7249
f 7267 7269 7266
f 7266 7270 7268
f 7269 7270 7266
f 7270 7271 7268
f 7269 7272 7270
f 7270 7273 7271
f 7272 7273 7270
f 7273 7274 7271
f 7272 7275 7273
f 7273 7276 7274
f 7275 7276 7273
f 7276 7277 7274
f 7275 7278 7276
f 7276 7279 7277
f 7278 7279 7276
f 7279 7280 7277
f 7278 7281 7279
f 7279 7282 7280
f 7281 7282 7279
f 7281 7283 7282
f 7284 7285 7286
f 7284 7286 7287
f 7288 7284 7287
f 7285 7289 7286
f 7285 7290 7289
f 7288 7287 7291
f 7292 7288 7291
f 7290 7293 7289
f 7290 7294 7293
f 7292 7291 7295
f 7296 7292 7295
f 7294 7297 7293
f 7294 7298 7297
f 7296 7295 7299
f 7300 7296 7299
f 7298 7301 7297
f 7298 7302 7301
f 7300 7299 7303
f 7304 7300 7303
f 7302 7305 7301
f 7302 7306 7305
f 7304 7303 7307
f 7308 7304 7307
f 7306 7309 7305
f 7306 7310 7309
f 7308 7307 7311
f 7312 7308 7311
f 7310 7313 7309
f 7310 7314 7313
f 7312 7311 7315
f 7316 7312 7315
f 7314 7317 7313
f 7314 7318 7317
f 7316 7315 7319
f 7320 7316 7319
f 7318 7321 7317
f 7318 7322 7321
f 7320 7319 7323
f 7324 7320 7323
f 7322 7325 7321
f 7322 7326 7325
f 7324 7323 7327
f 7328 7324 7327
f 7326 7329 7325
f 7326 7330 7329
f 7328 7327 7331
f 7332 7328 7331
f 7330 7333 7329
f 7330 7334 7333
f 7332 7331 7335
f 7336 7332 7335
f 7334 7337 7333
f 7334 7338 7337
f 7336 7335 7339
f 7340 7336 7339
f 7338 7341 7337
f 7338 7342 7341
f 7340 7339 7343
f 7344 7340 7343
f 7342 7345 7341
f 7342 7346 7345
f 7346 7344 7347
f 7344 7343 7347
f 7346 7347 7345
f 7333 7337 7348
f 7337 7341 7349
f 7337 7349 7348
f 7341 7345 7350
f 7341 7350 7349
f 7345 7347 7351
f 7345 7351 7350
f 7347 7343 7352
f 7347 7352 7351
f 7343 7339 7353
f 7343 7353 7352
f 7333 7348 7354
f 7329 7333 7354
f 7339 7355 7353
f 7339 7335 7355
f 7329 7354 7356
f 7325 7329 7356
f 7335 7357 7355
f 7335 7331 7357
f 7325 7356 7358
f 7321 7325 7358
f 7331 7359 7357
f 7331 7327 7359
f 7321 7358 7360
f 7317 7321 7360
f 7327 7361 7359
f 7327 7323 7361
f 7317 7360 7362
f 7313 7317 7362
f 7323 7363 7361
f 7323 7319 7363
f 7313 7362 7364
f 7309 7313 7364
f 7319 7365 7363
f 7319 7315 7365
f 7309 7364 7366
f 7305 7309 7366
f 7315 7367 7365
f 7315 7311 7367
f 7305 7366 7368
f 7301 7305 7368
f 7311 7369 7367
f 7311 7307 7369
f 7301 7368 7370
f 7297 7301 7370
f 7307 7371 7369
f 7307 7303 7371
f 7297 7370 7372
f 7293 7297 7372
f 7303 7373 7371
f 7303 7299 7373
f 7293 7372 7374
f 7289 7293 7374
f 7299 7375 7373
f 7299 7295 7375
f 7289 7374 7376
f 7286 7289 7376
f 7295 7377 7375
f 7295 7291 7377
f 7286 7376 7378
f 7287 7286 7378
f 7291 7287 7379
f 7291 7379 7377
f 7287 7378 7379
f 7374 7372 7380
f 7376 7374 7381
f 7374 7380 7381
f 7378 7376 7382
f 7376 7381 7382
f 7379 7378 7383
f 7378 7382 7383
f 7377 7379 7384
f 7379 7383 7384
f 7375 7377 7385
f 7377 7384 7385
f 7372 7386 7380
f 7372 7370 7386
f 7375 7385 7387
f 7373 7375 7387
f 7370 7388 7386
f 7370 7368 7388
f 7373 7387 7389
f 7371 7373 7389
f 7368 7390 7388
f 7368 7366 7390
f 7371 7389 7391
f 7369 7371 7391
f 7366 7392 7390
f 7366 7364 7392
f 7369 7391 7393
f 7367 7369 7393
f 7364 7394 7392
f 7364 7362 7394
f 7367 7393 7395
f 7365 7367 7395
f 7362 7396 7394
f 7362 7360 7396
f 7365 7395 7397
f 7363 7365 7397
f 7360 7398 7396
f 7360 7358 7398
f 7363 7397 7399
f 7361 7363 7399
f 7358 7400 7398
f 7358 7356 7400
f 7361 7399 7401
f 7359 7361 7401
f 7356 7402 7400
f 7356 7354 7402
f 7359 7401 7403
f 7357 7359 7403
f 7354 7404 7402
f 7354 7348 7404
f 7357 7403 7405
f 7355 7357 7405
f 7348 7406 7404
f 7348 7349 7406
f 7355 7405 7407
f 7353 7355 7407
f 7349 7408 7406
f 7349 7350 7408
f 7353 7407 7409
f 7352 7353 7409
f 7350 7410 7408
f 7350 7351 7410
f 7351 7352 7411
f 7352 7409 7411
f 7351 7411 7410
f 7404 7406 7412
f 7406 7408 7413
f 7406 7413 7412
f 7408 7410 7414
f 7408 7414 7413
f 7410 7411 7415
f 7410 7415 7414
f 7411 7409 7416
f 7411 7416 7415
f 7409 7407 7417
f 7409 7417 7416
f 7404 7412 7418
f 7402 7404 7418
f 7407 7419 7417
f 7407 7405 7419
f 7402 7418 7420
f 7400 7402 7420
f 7405 7421 7419
f 7405 7403 7421
f 7400 7420 7422
f 7398 7400 7422
f 7403 7423 7421
f 7403 7401 7423
f 7398 7422 7424
f 7396 7398 7424
f 7401 7425 7423
f 7401 7399 7425
f 7396 7424 7426
f 7394 7396 7426
f 7399 7427 7425
f 7399 7397 7427
f 7394 7426 7428
f 7392 7394 7428
f 7397 7429 7427
f 7397 7395 7429
f 7392 7428 7430
f 7390 7392 7430
f 7395 7431 7429
f 7395 7393 7431
f 7390 7430 7432
f 7388 7390 7432
f 7393 7433 7431
f 7393 7391 7433
f 7388 7432 7434
f 7386 7388 7434
f 7391 7435 7433
f 7391 7389 7435
f 7386 7434 7436
f 7380 7386 7436
f 7389 7437 7435
f 7389 7387 7437
f 7380 7436 7438
f 7381 7380 7438
f 7387 7439 7437
f 7387 7385 7439
f 7381 7438 7440
f 7382 7381 7440
f 7385 7441 7439
f 7385 7384 7441
f 7382 7440 7442
f 7383 7382 7442
f 7384 7383 7443
f 7384 7443 7441
f 7383 7442 7443
f 7438 7436 7444
f 7440 7438 7445
f 7438 7444 7445
f 7442 7440 7446
f 7440 7445 7446
f 7443 7442 7447
f 7442 7446 7447
f 7441 7443 7448
f 7443 7447 7448
f 7439 7441 7449
f 7441 7448 7449
f 7436 7450 7444
f 7436 7434 7450
f 7439 7449 7451
f 7437 7439 7451
f 7434 7452 7450
f 7434 7432 7452
f 7437 7451 7453
f 7435 7437 7453
f 7432 7454 7452
f 7432 7430 7454
f 7435 7453 7455
f 7433 7435 7455
f 7430 7456 7454
f 7430 7428 7456
f 7433 7455 7457
f 7431 7433 7457
f 7428 7458 7456
f 7428 7426 7458
f 7431 7457 7459
f 7429 7431 7459
f 7426 7460 7458
f 7426 7424 7460
f 7429 7459 7461
f 7427 7429 7461
f 7424 7462 7460
f 7424 7422 7462
f 7427 7461 7463
f 7425 7427 7463
f 7422 7464 7462
f 7422 7420 7464
f 7425 7463 7465
f 7423 7425 7465
f 7420 7466 7464
f 7420 7418 7466
f 7423 7465 7467
f 7421 7423 7467
f 7418 7468 7466
f 7418 7412 7468
f 7421 7467 7469
f 7419 7421 7469
f 7412 7470 7468
f 7412 7413 7470
f 7419 7469 7471
f 7417 7419 7471
f 7413 7472 7470
f 7413 7414 7472
f 7417 7471 7473
f 7416 7417 7473
f 7414 7474 7472
f 7414 7415 7474
f 7415 7416 7475
f 7416 7473 7475
f 7415 7475 7474
f 7468 7470 7476
f 7470 7472 7477
f 7470 7477 7476
f 7472 7474 7478
f 7472 7478 7477
f 7474 7475 7479
f 7474 7479 7478
f 7475 7473 7480
f 7475 7480 7479
f 7473 7471 7481
f 7473 7481 7480
f 7468 7476 7482
f 7466 7468 7482
f 7471 7483 7481
f 7471 7469 7483
f 7466 7482 7484
f 7464 7466 7484
f 7469 7485 7483
f 7469 7467 7485
f 7464 7484 7486
f 7462 7464 7486
f 7467 7487 7485
f 7467 7465 7487
f 7462 7486 7488
f 7460 7462 7488
f 7460 7488 7489
f 7458 7460 7489
f 7488 7486 7490
f 7489 7488 7490
f 7486 7484 7491
f 7486 7491 7490
f 7458 7489 7492
f 7456 7458 7492
f 7493 7492 7489
f 7456 7492 7493
f 7489 7490 7493
f 7454 7456 7493
f 7454 7493 7490
f 7452 7454 7490
f 7452 7490 7491
f 7450 7452 7491
f 7484 7494 7491
f 7450 7491 7494
f 7484 7482 7494
f 7444 7450 7494
f 7482 7495 7494
f 7444 7494 7495
f 7482 7476 7495
f 7445 7444 7495
f 7476 7496 7495
f 7445 7495 7496
f 7476 7477 7496
f 7446 7445 7496
f 7477 7497 7496
f 7446 7496 7497
f 7477 7478 7497
f 7447 7446 7497
f 7478 7498 7497
f 7447 7497 7498
f 7478 7479 7498
f 7448 7447 7498
f 7479 7499 7498
f 7448 7498 7499
f 7479 7480 7499
f 7449 7448 7499
f 7480 7500 7499
f 7449 7499 7500
f 7451 7449 7500
f 7480 7481 7500
f 7451 7500 7501
f 7481 7501 7500
f 7453 7451 7501
f 7481 7502 7501
f 7453 7501 7502
f 7481 7483 7502
f 7455 7453 7502
f 7483 7503 7502
f 7455 7502 7503
f 7483 7485 7503
f 7457 7455 7503
f 7485 7504 7503
f 7457 7503 7504
f 7459 7457 7504
f 7485 7487 7504
f 7459 7504 7505
f 7487 7505 7504
f 7461 7459 7505
f 7487 7506 7505
f 7465 7506 7487
f 7465 7463 7506
f 7461 7505 7507
f 7463 7461 7507
f 7506 7507 7505
f 7463 7507 7506
f 7165 7168 7508
f 7165 7508 7509
f 7509 7508 7133
f 7162 7165 7509
f 7509 7133 7132
f 7162 7509 7510
f 7510 7509 7132
f 7158 7162 7510
f 7510 7132 7137
f 7158 7510 7511
f 7511 7510 7137
f 7154 7158 7511
f 7511 7137 7140
f 7154 7511 7512
f 7512 7511 7140
f 7151 7154 7512
f 7512 7140 7143
f 7151 7512 7149
f 7149 7512 7143
f 7149 7143 7146
f 7203 7206 7513
f 7203 7513 7514
f 7514 7513 7171
f 7200 7203 7514
f 7514 7171 7169
f 7200 7514 7515
f 7515 7514 7169
f 7196 7200 7515
f 7515 7169 7166
f 7196 7515 7516
f 7516 7515 7166
f 7192 7196 7516
f 7516 7166 7163
f 7192 7516 7517
f 7517 7516 7163
f 7173 7192 7517
f 7517 7163 7159
f 7173 7517 7160
f 7160 7517 7159
f 7160 7159 7155
f 7138 7136 7518
f 7138 7518 7519
f 7519 7518 7183
f 7141 7138 7519
f 7519 7183 7181
f 7141 7519 7520
f 7520 7519 7181
f 7144 7141 7520
f 7520 7181 7179
f 7144 7520 7521
f 7521 7520 7179
f 7147 7144 7521
f 7521 7179 7177
f 7147 7521 7522
f 7522 7521 7177
f 7150 7147 7522
f 7522 7177 7175
f 7150 7522 7153
f 7153 7522 7175
f 7153 7175 7156
f 7185 7184 7523
f 7185 7523 7524
f 7524 7523 7221
f 7186 7185 7524
f 7524 7221 7219
f 7186 7524 7525
f 7525 7524 7219
f 7187 7186 7525
f 7525 7219 7217
f 7187 7525 7526
f 7526 7525 7217
f 7188 7187 7526
f 7526 7217 7215
f 7188 7526 7527
f 7527 7526 7215
f 7189 7188 7527
f 7527 7215 7213
f 7189 7527 7191
f 7191 7527 7213
f 7191 7213 7194
f 7223 7222 7528
f 7223 7528 7529
f 7529 7528 7259
f 7224 7223 7529
f 7529 7259 7257
f 7224 7529 7530
f 7530 7529 7257
f 7225 7224 7530
f 7530 7257 7255
f 7225 7530 7531
f 7531 7530 7255
f 7226 7225 7531
f 7531 7255 7253
f 7226 7531 7532
f 7532 7531 7253
f 7227 7226 7532
f 7532 7253 7251
f 7227 7532 7229
f 7229 7532 7251
f 7229 7251 7232
f 7261 7260 7533
f 7261 7533 7534
f 7534 7533 7283
f 7262 7261 7534
f 7534 7283 7281
f 7262 7534 7535
f 7535 7534 7281
f 7263 7262 7535
f 7535 7281 7278
f 7263 7535 7536
f 7536 7535 7278
f 7264 7263 7536
f 7536 7278 7275
f 7264 7536 7537
f 7537 7536 7275
f 7265 7264 7537
f 7537 7275 7272
f 7265 7537 7267
f 7267 7537 7272
f 7267 7272 7269
f 7277 7280 7538
f 7277 7538 7539
f 7539 7538 7247
f 7274 7277 7539
f 7539 7247 7245
f 7274 7539 7540
f 7540 7539 7245
f 7271 7274 7540
f 7540 7245 7242
f 7271 7540 7541
f 7541 7540 7242
f 7268 7271 7541
f 7541 7242 7239
f 7268 7541 7542
f 7542 7541 7239
f 7249 7268 7542
f 7542 7239 7235
f 7249 7542 7236
f 7236 7542 7235
f 7236 7235 7231
f 7241 7244 7543
f 7241 7543 7544
f 7544 7543 7209
f 7238 7241 7544
f 7544 7209 7207
f 7238 7544 7545
f 7545 7544 7207
f 7234 7238 7545
f 7545 7207 7204
f 7234 7545 7546
f 7546 7545 7204
f 7230 7234 7546
f 7546 7204 7201
f 7230 7546 7547
f 7547 7546 7201
f 7211 7230 7547
f 7547 7201 7197
f 7211 7547 7198
f 7198 7547 7197
f 7198 7197 7193
v 56.3102 -5.997292 -14.3676
v 56.29123 -5.992993 -14.34756
v 57.23478 1.234633 -15.00438
v 57.25375 1.230334 -15.02442
v 56.33275 -6.00168 -14.3835
v 57.2763 1.225946 -15.04032
v 56.35801 -6.005989 -14.39464
v 57.30155 1.221637 -15.05146
v 56.38499 -6.010053 -14.40059
v 57.32854 1.217573 -15.05741
v 56.41269 -6.013716 -14.40112
v 57.35623 1.21391 -15.05794
v 56.44001 -6.016838 -14.39621
v 57.38356 1.210788 -15.05304
v 56.46592 -6.019297 -14.38606
v 57.40946 1.208329 -15.04288
v 56.48941 -6.021 -14.37105
v 57.43296 1.206625 -15.02787
v 56.29123 -5.992993 -14.34756
v 57.2201 1.238677 -14.98095
v 57.23478 1.234633 -15.00438
v 56.27655 -5.988948 -14.32413
v 57.2103 1.242312 -14.95505
v 56.26675 -5.985314 -14.29823
v 57.20573 1.245396 -14.92766
v 56.26218 -5.98223 -14.27084
v 57.20658 1.247813 -14.89984
v 56.26304 -5.979813 -14.24302
v 57.21283 1.249468 -14.87266
v 56.26928 -5.978158 -14.21584
v 57.22421 1.250299 -14.84717
v 56.28067 -5.977327 -14.19035
v 57.24031 1.250273 -14.82433
v 56.29676 -5.977353 -14.16751
v 57.26049 1.249391 -14.80504
v 56.31694 -5.978235 -14.14822
v 56.31694 -5.978235 -14.14822
v 57.28399 1.247688 -14.79003
v 57.26049 1.249391 -14.80504
v 56.34044 -5.979938 -14.13321
v 57.30989 1.245228 -14.77987
v 56.36635 -5.982398 -14.12305
v 57.33722 1.242107 -14.77497
v 56.39367 -5.985519 -14.11815
v 57.36491 1.238444 -14.7755
v 56.42136 -5.989182 -14.11868
v 57.3919 1.23438 -14.78145
v 56.44835 -5.993246 -14.12463
v 57.41715 1.230071 -14.79259
v 56.47361 -5.997555 -14.13577
v 57.4397 1.225682 -14.80849
v 56.49615 -6.001944 -14.15167
v 57.45868 1.221383 -14.82853
v 56.51513 -6.006242 -14.17171
v 56.51513 -6.006242 -14.17171
v 57.47335 1.217339 -14.85196
v 57.45868 1.221383 -14.82853
v 56.5298 -6.010287 -14.19514
v 57.48315 1.213705 -14.87786
v 56.53961 -6.013921 -14.22104
v 57.48772 1.21062 -14.90525
v 56.54417 -6.017005 -14.24843
v 57.48686 1.208204 -14.93307
v 56.54332 -6.019422 -14.27625
v 57.48063 1.206548 -14.96025
v 56.53708 -6.021077 -14.30343
v 57.46924 1.205718 -14.98574
v 56.52569 -6.021908 -14.32892
v 57.45314 1.205744 -15.00858
v 56.5096 -6.021882 -14.35176
v 57.43296 1.206625 -15.02787
v 56.48941 -6.021 -14.37105
v 57.2201 1.238677 -14.98095
v 57.2103 1.242312 -14.95505
v 57.20573 1.245396 -14.92766
v 57.20658 1.247813 -14.89984
v 57.23478 1.234633 -15.00438
v 57.21283 1.249468 -14.87266
v 57.25375 1.230334 -15.02442
v 57.2763 1.225946 -15.04032
v 57.22421 1.250299 -14.84717
v 57.30155 1.221637 -15.05146
v 57.24031 1.250273 -14.82433
v 57.32854 1.217573 -15.05741
v 57.26049 1.249391 -14.80504
v 57.35623 1.21391 -15.05794
v 57.28399 1.247688 -14.79003
v 57.38356 1.210788 -15.05304
v 57.30989 1.245228 -14.77987
v 57.40946 1.208329 -15.04288
v 57.33722 1.242107 -14.77497
v 57.43296 1.206625 -15.02787
v 57.36491 1.238444 -14.7755
v 57.45314 1.205744 -15.00858
v 57.3919 1.23438 -14.78145
v 57.46924 1.205718 -14.98574
v 57.41715 1.230071 -14.79259
v 57.48063 1.206548 -14.96025
v 57.4397 1.225682 -14.80849
v 57.48686 1.208204 -14.93307
v 57.45868 1.221383 -14.82853
v 57.48772 1.21062 -14.90525
v 57.47335 1.217339 -14.85196
v 57.48315 1.213705 -14.87786
v 56.26218 -5.98223 -14.27084
v 56.26675 -5.985314 -14.29823
v 56.27655 -5.988948 -14.32413
v 56.26304 -5.979813 -14.24302
v 56.29123 -5.992993 -14.34756
v 56.26928 -5.978158 -14.21584
v 56.3102 -5.997292 -14.3676
v 56.28067 -5.977327 -14.19035
v 56.33275 -6.00168 -14.3835
v 56.29676 -5.977353 -14.16751
v 56.35801 -6.005989 -14.39464
v 56.38499 -6.010053 -14.40059
v 56.31694 -5.978235 -14.14822
v 56.41269 -6.013716 -14.40112
v 56.34044 -5.979938 -14.13321
v 56.44001 -6.016838 -14.39621
v 56.36635 -5.982398 -14.12305
v 56.46592 -6.019297 -14.38606
v 56.39367 -5.985519 -14.11815
v 56.48941 -6.021 -14.37105
v 56.42136 -5.989182 -14.11868
v 56.5096 -6.021882 -14.35176
v 56.44835 -5.993246 -14.12463
v 56.52569 -6.021908 -14.32892
v 56.47361 -5.997555 -14.13577
v 56.53708 -6.021077 -14.30343
v 56.49615 -6.001944 -14.15167
v 56.54332 -6.019422 -14.27625
v 56.51513 -6.006242 -14.17171
v 56.54417 -6.017005 -14.24843
v 56.5298 -6.010287 -14.19514
v 56.53961 -6.013921 -14.22104
v 59.80466 -0.8278022 -13.99445
v 59.88817 -1.991747 -13.82518
v 59.9859 -2.057807 -14.41171
v 59.89462 -0.8886107 -14.53435
v 59.96761 -2.109557 -15.00745
v 59.48837 -0.0376146 -14.17937
v 59.87778 -0.9362465 -15.08273
v 59.5645 -0.08906771 -14.6362
v 58.90017 0.7066469 -14.43182
v 59.55024 -0.1293747 -15.10021
v 58.95369 0.6704803 -14.75293
v 58.45102 0.9940805 -14.58918
v 58.94366 0.6421483 -15.07909
v 58.48847 0.9687688 -14.81391
v 57.73628 1.235904 -14.8124
v 58.48146 0.9489404 -15.04217
v 57.7491 1.227238 -14.88934
v 57.70873 1.246114 -14.73963
v 57.7467 1.22045 -14.96749
v 57.66751 1.257476 -14.67382
v 57.6142 1.269553 -14.6175
v 57.72917 1.215799 -15.04385
v 58.25014 1.057089 -14.18439
v 57.55086 1.281881 -14.57284
v 57.69718 1.213465 -15.11548
v 58.09444 1.092365 -14.0199
v 58.61316 0.7966771 -13.85344
v 57.90942 1.128374 -13.88945
v 57.47991 1.293986 -14.54155
v 58.39068 0.8470808 -13.6184
v 59.08004 0.09046832 -13.35653
v 58.12631 0.8985326 -13.43201
v 58.76353 0.162176 -13.02215
v 59.32208 -0.6764309 -13.02201
v 58.38742 0.2353746 -12.75697
v 58.94802 -0.5916852 -12.62682
v 59.36392 -1.827302 -12.76875
v 58.50352 -0.5051774 -12.31343
v 58.95755 -1.735237 -12.33943
v 58.47466 -1.641258 -11.99897
v 57.65197 1.213538 -15.17962
v 57.40408 1.305404 -14.52484
v 58.20476 0.9287539 -15.66179
v 58.33682 0.9285409 -15.47442
v 58.54831 0.6133046 -15.96442
v 58.73701 0.6130003 -15.6967
v 58.98779 -0.1704095 -16.35975
v 59.25624 -0.1708425 -15.97887
v 59.21305 -0.9847423 -16.57128
v 59.53032 -0.985254 -16.12115
v 59.24547 -2.162241 -16.62456
v 59.59013 -2.162797 -16.13555
v 58.81322 -2.143362 -17.03775
v 58.81517 -0.9673637 -16.95162
v 58.65111 -0.1557046 -16.68158
v 58.31166 0.6236408 -16.19064
v 58.03914 0.9359878 -15.8201
v 57.59527 1.216015 -15.23383
v 57.32629 1.315695 -14.52334
v 57.52925 1.2208 -15.276
v 57.48071 1.197082 -13.74924
v 57.24953 1.324464 -14.53712
v 57.45647 1.22771 -15.30453
v 57.2535 1.22714 -13.74487
v 57.51375 0.9967066 -13.23167
v 57.02929 1.252753 -13.78512
v 57.17675 1.331373 -14.56565
v 57.18909 1.039656 -13.22543
v 57.51595 0.3750435 -12.47196
v 56.86873 1.076253 -13.28294
v 57.05408 0.4361465 -12.46308
v 57.4736 -0.3401135 -11.9766
v 56.5983 0.4882119 -12.54489
v 56.92775 -0.2679006 -11.9661
v 57.35579 -1.461938 -11.63305
v 56.3891 -0.2063686 -12.06279
v 56.76279 -1.383489 -11.62165
v 56.17763 -1.316642 -11.72669
v 57.37971 1.236479 -15.3183
v 57.11073 1.336159 -14.60782
v 57.40952 0.9957601 -16.06685
v 57.63373 0.9701473 -16.02661
v 57.41201 0.7090468 -16.54321
v 57.73238 0.6724498 -16.4857
v 57.37122 -0.03420033 -17.18317
v 57.827 -0.08626575 -17.10135
v 57.30256 -0.8237672 -17.54441
v 57.8412 -0.8852993 -17.44772
v 57.16997 -1.987363 -17.68174
v 57.75514 -2.05421 -17.5767
v 56.57698 -1.908914 -17.67034
v 56.75671 -0.7515543 -17.53391
v 56.90935 0.02690264 -17.17429
v 57.08736 0.7519965 -16.53696
v 57.1823 1.025819 -16.06248
v 57.30192 1.24677 -15.31681
v 57.05403 1.338635 -14.66202
v 57.22609 1.258187 -15.3001
v 56.62388 1.286913 -13.99162
v 57.00882 1.338708 -14.72617
v 57.15514 1.270293 -15.26881
v 56.45826 1.294147 -14.14994
v 56.28945 1.125062 -13.578
v 56.32619 1.29436 -14.33731
v 56.97683 1.336375 -14.7978
v 56.0528 1.135398 -13.80421
v 55.77419 0.5576505 -12.96466
v 55.86411 1.135703 -14.07193
v 55.43752 0.5723555 -13.28649
v 55.41515 -0.1243044 -12.55889
v 55.16906 0.5727885 -13.66737
v 55.01726 -0.1069257 -12.93923
v 55.11955 -1.227491 -12.26563
v 54.7 -0.1064139 -13.38936
v 54.6873 -1.208611 -12.67882
v 54.34264 -1.208055 -13.16783
v 57.0918 1.282621 -15.22415
v 56.9593 1.331724 -14.87416
v 56.56857 1.130536 -15.79183
v 56.7536 1.094527 -15.92228
v 56.21043 0.9016223 -16.15023
v 56.4748 0.8501706 -16.33663
v 55.66177 0.2397703 -16.6241
v 56.03788 0.1665716 -16.88928
v 55.28228 -0.4999824 -16.88369
v 55.72678 -0.5864903 -17.19708
v 54.97522 -1.635615 -16.96395
v 55.4581 -1.729594 -17.30441
v 54.56885 -1.54355 -16.53464
v 54.90822 -0.4152366 -16.4885
v 55.34525 0.311478 -16.28971
v 55.98795 0.9520261 -15.91519
v 56.41287 1.165812 -15.62733
v 57.03849 1.294698 -15.16783
v 56.9569 1.324936 -14.95231
v 56.99727 1.30606 -15.10202
v 56.18156 1.27396 -14.76955
v 56.96972 1.31627 -15.02925
v 56.17455 1.254132 -14.99782
v 55.65745 1.106555 -14.68955
v 56.212 1.22882 -15.22255
v 55.64743 1.078223 -15.0157
v 54.87505 0.531321 -14.54603
v 55.70094 1.042056 -15.33681
v 54.8608 0.4910141 -15.01004
v 54.35253 -0.1554212 -14.42778
v 54.93692 0.4395609 -15.46687
v 54.33569 -0.2030568 -14.97616
v 53.96516 -1.261295 -14.29594
v 54.42565 -0.2638653 -15.51606
v 53.94686 -1.313045 -14.89168
v 54.0446 -1.379105 -15.4782
v 57.35579 -1.461938 -11.63305
v 56.76279 -1.383489 -11.62165
v 56.77617 -1.403325 -11.82072
v 57.3302 -1.476621 -11.83137
v 57.93382 -1.548976 -11.76046
v 56.22945 -1.340871 -11.91886
v 56.17763 -1.316642 -11.72669
v 57.87025 -1.557941 -11.95041
v 58.47466 -1.641258 -11.99897
v 55.71105 -1.291657 -12.12202
v 55.62278 -1.263969 -11.94414
v 58.37557 -1.64416 -12.17325
v 58.95755 -1.735237 -12.33943
v 55.24089 -1.257576 -12.42239
v 55.11955 -1.227491 -12.26563
v 58.82674 -1.731965 -12.49134
v 59.36392 -1.827302 -12.76875
v 54.83703 -1.239937 -12.80844
v 54.6873 -1.208611 -12.67882
v 59.20641 -1.817981 -12.89245
v 59.67815 -1.913915 -13.27043
v 54.51501 -1.239417 -13.26532
v 54.34264 -1.208055 -13.16783
v 59.49999 -1.898904 -13.36117
v 59.88817 -1.991747 -13.82518
v 54.28719 -1.256038 -13.77548
v 54.0988 -1.225844 -13.71386
v 59.69621 -1.971622 -13.87948
v 59.9859 -2.057807 -14.41171
v 54.16233 -1.289159 -14.31931
v 53.96516 -1.261295 -14.29594
v 59.78753 -2.033343 -14.42747
v 59.96761 -2.109557 -15.00745
v 54.14524 -1.337509 -14.87591
v 53.94686 -1.313045 -14.89168
v 59.77043 -2.081693 -14.98408
v 59.83397 -2.145008 -15.58952
v 54.23655 -1.39923 -15.4239
v 54.0446 -1.379105 -15.4782
v 59.64558 -2.114815 -15.52791
v 59.59013 -2.162797 -16.13555
v 54.43277 -1.471948 -15.94221
v 54.25462 -1.456937 -16.03296
v 59.41776 -2.131435 -16.03807
v 59.24547 -2.162241 -16.62456
v 54.72636 -1.552871 -16.41093
v 54.56885 -1.54355 -16.53464
v 59.09574 -2.130916 -16.49495
v 58.81322 -2.143362 -17.03775
v 55.10603 -1.638887 -16.81204
v 54.97522 -1.635615 -16.96395
v 58.69188 -2.113276 -16.88099
v 58.30999 -2.106884 -17.35925
v 55.55719 -1.726692 -17.13013
v 55.4581 -1.729594 -17.30441
v 58.22172 -2.079195 -17.18137
v 57.75514 -2.05421 -17.5767
v 56.06251 -1.812911 -17.35298
v 55.99895 -1.821876 -17.54293
v 57.70332 -2.029982 -17.38453
v 57.16997 -1.987363 -17.68174
v 56.60256 -1.894231 -17.47202
v 56.57698 -1.908914 -17.67034
v 57.1566 -1.967527 -17.48267
v 55.81713 -0.5904616 -17.03606
v 56.28227 -0.6698269 -17.24119
v 56.77939 -0.7446819 -17.35076
v 57.28938 -0.8121506 -17.36057
v 57.79264 -0.8696401 -17.27023
v 58.26982 -0.9149413 -17.08322
v 55.40183 -0.5096378 -16.74325
v 58.70261 -0.9463131 -16.80672
v 55.05235 -0.4304595 -16.37403
v 59.07436 -0.96255 -16.45137
v 54.7821 -0.3559704 -15.94258
v 59.37078 -0.9630281 -16.03081
v 54.60148 -0.289033 -15.46547
v 59.58048 -0.9477282 -15.56121
v 54.51742 -0.2322195 -14.96105
v 59.69541 -0.9172403 -15.06061
v 54.53316 -0.1877134 -14.44869
v 59.71115 -0.8727334 -14.54826
v 54.64809 -0.1572249 -13.94809
v 59.62709 -0.8159205 -14.04383
v 54.8578 -0.1419258 -13.47849
v 59.44647 -0.7489824 -13.56673
v 55.15422 -0.1424039 -13.05793
v 59.17623 -0.6744933 -13.13527
v 55.52597 -0.1586409 -12.70258
v 58.82674 -0.5953159 -12.76605
v 55.95875 -0.1900128 -12.42608
v 58.41145 -0.5144914 -12.47325
v 56.43594 -0.235313 -12.23908
v 57.9463 -0.4351262 -12.26812
v 56.9392 -0.2928031 -12.14874
v 57.44918 -0.3602712 -12.15854
v 55.86724 0.5230999 -13.08575
v 56.23344 0.4965546 -12.85179
v 56.63721 0.4582239 -12.69356
v 57.06304 0.4095784 -12.61712
v 57.49457 0.3524905 -12.62541
v 57.91521 0.2891518 -12.71813
v 55.55268 0.5368388 -13.38643
v 58.30879 0.2219968 -12.8917
v 55.30187 0.5372434 -13.74229
v 58.66019 0.1536071 -13.13945
v 55.12442 0.5242981 -14.13964
v 58.95591 0.08661117 -13.45187
v 55.02718 0.4985002 -14.56322
v 59.18458 0.02358213 -13.81695
v 55.01386 0.4608414 -14.99675
v 59.33741 -0.03305764 -14.22065
v 55.08498 0.4127686 -15.42357
v 59.40854 -0.08112979 -14.64747
v 55.23782 0.3561294 -15.82727
v 59.39522 -0.1187893 -15.081
v 55.46648 0.2931004 -16.19235
v 59.29797 -0.1445866 -15.50458
v 55.7622 0.2261037 -16.50477
v 59.12053 -0.1575327 -15.90193
v 56.11361 0.1577147 -16.75252
v 58.86971 -0.1571282 -16.25779
v 56.50719 0.09055959 -16.92609
v 58.55516 -0.1433894 -16.55847
v 56.92782 0.02722101 -17.01881
v 58.18896 -0.1168441 -16.79243
v 57.35935 -0.02986767 -17.02711
v 57.78518 -0.07851247 -16.95067
v 56.8039 0.7907609 -16.36196
v 57.09957 0.7462398 -16.42713
v 57.40289 0.7061119 -16.43297
v 57.70221 0.6719192 -16.37924
v 57.98603 0.6449757 -16.26801
v 58.24343 0.6263169 -16.10356
v 56.52725 0.8379641 -16.23996
v 58.46453 0.6166598 -15.89221
v 56.28025 0.8860357 -16.06581
v 58.64083 0.6163754 -15.64207
v 56.07239 0.933128 -15.84621
v 58.76556 0.6254749 -15.36277
v 55.91166 0.9774314 -15.5896
v 58.83392 0.6436084 -15.06504
v 55.80423 1.017243 -15.30583
v 58.84328 0.6700791 -14.76031
v 55.75423 1.051034 -15.00582
v 58.79328 0.7038697 -14.46029
v 55.7636 1.077505 -14.70109
v 58.68586 0.7436817 -14.17653
v 55.83195 1.095638 -14.40335
v 58.52512 0.7879851 -13.91991
v 55.95668 1.104737 -14.12405
v 58.31726 0.8350774 -13.70031
v 56.13298 1.104453 -13.87392
v 58.07026 0.8831488 -13.52617
v 56.35408 1.094796 -13.66256
v 57.79361 0.930352 -13.40416
v 56.61148 1.076137 -13.49812
v 57.49794 0.9748731 -13.33899
v 56.8953 1.049194 -13.38689
v 57.19462 1.015001 -13.33316
v 56.51346 1.26556 -14.19809
v 56.6682 1.258801 -14.05018
v 56.84835 1.245743 -13.93509
v 57.04698 1.226886 -13.85724
v 57.25646 1.202956 -13.81964
v 57.46875 1.174872 -13.82372
v 56.39008 1.265759 -14.37315
v 57.67567 1.143714 -13.86933
v 56.30278 1.259391 -14.56863
v 57.86929 1.110678 -13.95472
v 56.25494 1.2467 -14.777
v 58.04216 1.077035 -14.0766
v 56.24839 1.228174 -14.99027
v 58.18763 1.044077 -14.23029
v 56.28338 1.204525 -15.20023
v 58.30012 1.01307 -14.40988
v 56.35857 1.176663 -15.39883
v 58.37531 0.9852076 -14.60848
v 56.47106 1.145656 -15.57843
v 58.41029 0.9615589 -14.81844
v 56.61653 1.112698 -15.73211
v 58.40374 0.9430332 -15.03171
v 56.7894 1.079055 -15.854
v 58.3559 0.9303422 -15.24009
v 56.98302 1.046019 -15.93938
v 58.26861 0.9239739 -15.43556
v 57.18994 1.014861 -15.98499
v 58.14523 0.9241729 -15.61062
v 57.40223 0.9867769 -15.98907
v 57.99049 0.9309315 -15.75853
v 57.61171 0.9628468 -15.95147
v 57.81034 0.9439901 -15.87363
v 57.30273 1.229187 -15.28902
v 57.37541 1.219573 -15.29042
v 57.44712 1.21138 -15.27754
v 57.51513 1.204924 -15.25089
v 57.57681 1.200453 -15.21149
v 57.62978 1.198139 -15.16085
v 57.23188 1.239855 -15.27341
v 57.67202 1.198071 -15.10092
v 57.1656 1.251165 -15.24417
v 57.70191 1.200251 -15.03399
v 57.10641 1.262683 -15.20245
v 57.71829 1.204596 -14.96265
v 57.05661 1.273967 -15.14983
v 57.0181 1.284582 -15.08834
v 56.98262 1.30856 -14.87545
v 56.999 1.312905 -14.80411
v 56.99236 1.294122 -15.02035
v 56.98038 1.302218 -14.94846
v 57.02888 1.315086 -14.73719
v 57.07113 1.315017 -14.67725
v 57.1241 1.312704 -14.62661
v 57.18578 1.308233 -14.58721
v 57.25378 1.301777 -14.56056
v 57.3255 1.293584 -14.54769
v 57.39818 1.283969 -14.54908
v 57.46902 1.273302 -14.5647
v 57.53531 1.261992 -14.59393
v 57.59449 1.250473 -14.63566
v 57.6443 1.23919 -14.68828
v 57.68281 1.228575 -14.74976
v 57.72053 1.210939 -14.88964
v 57.70855 1.219035 -14.81775
v 59.67815 -1.913915 -13.27043
v 59.61133 -0.7561579 -13.4838
v 59.32479 0.02300729 -13.74728
v 58.78519 0.7492584 -14.1281
v 58.37055 1.023903 -14.37662
v 57.93382 -1.548976 -11.76046
v 58.00567 -0.420232 -12.09387
v 57.96616 0.3072511 -12.57119
v 57.8302 0.949055 -13.30142
v 57.70219 1.163732 -13.79806
v 59.83397 -2.145008 -15.58952
v 59.75476 -0.9688789 -15.61853
v 59.44616 -0.1569867 -15.55358
v 58.8705 0.6227396 -15.39776
v 58.43025 0.935357 -15.2652
v 58.30999 -2.106884 -17.35925
v 58.35195 -0.9337859 -17.24756
v 58.25916 -0.1272927 -16.93199
v 58.03616 0.6436117 -16.36665
v 57.84632 0.9499646 -15.94329
v 55.99895 -1.821876 -17.54293
v 56.22463 -0.6714357 -17.41664
v 56.45913 0.09469508 -17.07505
v 56.7709 0.7996481 -16.46721
v 56.96083 1.059168 -16.01367
v 54.25462 -1.456937 -16.03296
v 54.61897 -0.3355096 -16.02671
v 55.1005 0.378939 -15.89896
v 55.81592 0.9994448 -15.64053
v 56.29247 1.198998 -15.43511
v 54.0988 -1.225844 -13.71386
v 54.47554 -0.1227888 -13.89198
v 54.97914 0.5589329 -14.09266
v 55.73061 1.125963 -14.37087
v 56.23277 1.287544 -14.54652
v 55.62278 -1.263969 -11.94414
v 55.87836 -0.1578823 -12.26295
v 56.16614 0.5292385 -12.71426
v 56.56496 1.105091 -13.40198
v 56.81669 1.272936 -13.86844
f 7548 7549 7550
f 7548 7550 7551
f 7552 7548 7551
f 7552 7551 7553
f 7554 7552 7553
f 7554 7553 7555
f 7556 7554 7555
f 7556 7555 7557
f 7558 7556 7557
f 7558 7557 7559
f 7560 7558 7559
f 7560 7559 7561
f 7562 7560 7561
f 7562 7561 7563
f 7564 7562 7563
f 7564 7563 7565
f 7566 7567 7568
f 7566 7569 7567
f 7569 7570 7567
f 7569 7571 7570
f 7571 7572 7570
f 7571 7573 7572
f 7573 7574 7572
f 7573 7575 7574
f 7575 7576 7574
f 7575 7577 7576
f 7577 7578 7576
f 7577 7579 7578
f 7579 7580 7578
f 7579 7581 7580
f 7581 7582 7580
f 7581 7583 7582
f 7584 7585 7586
f 7584 7587 7585
f 7587 7588 7585
f 7587 7589 7588
f 7589 7590 7588
f 7589 7591 7590
f 7591 7592 7590
f 7591 7593 7592
f 7593 7594 7592
f 7593 7595 7594
f 7595 7596 7594
f 7595 7597 7596
f 7597 7598 7596
f 7597 7599 7598
f 7599 7600 7598
f 7599 7601 7600
f 7602 7603 7604
f 7602 7605 7603
f 7605 7606 7603
f 7605 7607 7606
f 7607 7608 7606
f 7607 7609 7608
f 7609 7610 7608
f 7609 7611 7610
f 7611 7612 7610
f 7611 7613 7612
f 7613 7614 7612
f 7613 7615 7614
f 7615 7616 7614
f 7615 7617 7616
f 7617 7618 7616
f 7617 7619 7618
f 7620 7621 7622
f 7622 7623 7620
f 7623 7624 7620
f 7623 7625 7624
f 7625 7626 7624
f 7625 7627 7626
f 7625 7628 7627
f 7628 7629 7627
f 7628 7630 7629
f 7630 7631 7629
f 7630 7632 7631
f 7632 7633 7631
f 7632 7634 7633
f 7634 7635 7633
f 7634 7636 7635
f 7636 7637 7635
f 7636 7638 7637
f 7638 7639 7637
f 7638 7640 7639
f 7640 7641 7639
f 7640 7642 7641
f 7642 7643 7641
f 7642 7644 7643
f 7644 7645 7643
f 7644 7646 7645
f 7646 7647 7645
f 7646 7648 7647
f 7648 7649 7647
f 7648 7650 7649
f 7650 7651 7649
f 7652 7653 7654
f 7654 7655 7652
f 7654 7656 7655
f 7656 7657 7655
f 7656 7658 7657
f 7658 7659 7657
f 7658 7660 7659
f 7660 7661 7659
f 7660 7662 7661
f 7662 7663 7661
f 7663 7664 7661
f 7663 7665 7664
f 7665 7666 7664
f 7665 7667 7666
f 7667 7668 7666
f 7667 7669 7668
f 7669 7670 7668
f 7669 7671 7670
f 7671 7672 7670
f 7671 7673 7672
f 7673 7674 7672
f 7673 7675 7674
f 7675 7676 7674
f 7675 7677 7676
f 7677 7678 7676
f 7677 7679 7678
f 7679 7680 7678
f 7679 7681 7680
f 7681 7682 7680
f 7681 7683 7682
f 7684 7685 7686
f 7684 7686 7687
f 7687 7686 7688
f 7689 7684 7687
f 7687 7688 7690
f 7689 7687 7691
f 7691 7687 7690
f 7692 7689 7691
f 7691 7690 7693
f 7692 7691 7694
f 7694 7691 7693
f 7695 7692 7694
f 7694 7693 7696
f 7695 7694 7697
f 7697 7694 7696
f 7698 7695 7697
f 7697 7696 7699
f 7698 7697 7700
f 7700 7697 7699
f 7701 7698 7700
f 7700 7699 7702
f 7703 7701 7700
f 7703 7700 7702
f 7704 7703 7702
f 7704 7702 7705
f 7704 7706 7703
f 7707 7704 7705
f 7707 7705 7708
f 7704 7709 7706
f 7707 7709 7704
f 7709 7710 7706
f 7707 7711 7709
f 7712 7707 7708
f 7709 7713 7710
f 7711 7713 7709
f 7713 7714 7710
f 7711 7715 7713
f 7713 7716 7714
f 7715 7716 7713
f 7716 7717 7714
f 7715 7718 7716
f 7716 7719 7717
f 7718 7719 7716
f 7719 7720 7717
f 7718 7721 7719
f 7719 7722 7720
f 7721 7722 7719
f 7721 7723 7722
f 7712 7708 7724
f 7725 7712 7724
f 7708 7726 7724
f 7708 7727 7726
f 7727 7728 7726
f 7727 7729 7728
f 7729 7730 7728
f 7729 7731 7730
f 7731 7732 7730
f 7731 7733 7732
f 7733 7734 7732
f 7733 7735 7734
f 7732 7734 7736
f 7732 7736 7737
f 7730 7732 7737
f 7730 7737 7738
f 7728 7730 7738
f 7728 7738 7739
f 7726 7728 7739
f 7726 7739 7740
f 7724 7726 7740
f 7724 7740 7741
f 7725 7724 7741
f 7742 7725 7741
f 7742 7741 7743
f 7742 7744 7725
f 7745 7742 7743
f 7745 7743 7746
f 7742 7747 7744
f 7745 7747 7742
f 7747 7748 7744
f 7745 7749 7747
f 7750 7745 7746
f 7747 7751 7748
f 7749 7751 7747
f 7751 7752 7748
f 7749 7753 7751
f 7751 7754 7752
f 7753 7754 7751
f 7754 7755 7752
f 7753 7756 7754
f 7754 7757 7755
f 7756 7757 7754
f 7757 7758 7755
f 7756 7759 7757
f 7757 7760 7758
f 7759 7760 7757
f 7759 7761 7760
f 7750 7746 7762
f 7763 7750 7762
f 7746 7764 7762
f 7746 7765 7764
f 7765 7766 7764
f 7765 7767 7766
f 7767 7768 7766
f 7767 7769 7768
f 7769 7770 7768
f 7769 7771 7770
f 7771 7772 7770
f 7771 7773 7772
f 7770 7772 7774
f 7770 7774 7775
f 7768 7770 7775
f 7768 7775 7776
f 7766 7768 7776
f 7766 7776 7777
f 7764 7766 7777
f 7764 7777 7778
f 7762 7764 7778
f 7762 7778 7779
f 7763 7762 7779
f 7780 7763 7779
f 7780 7779 7781
f 7780 7782 7763
f 7783 7780 7781
f 7783 7781 7784
f 7780 7785 7782
f 7783 7785 7780
f 7785 7786 7782
f 7783 7787 7785
f 7788 7783 7784
f 7785 7789 7786
f 7787 7789 7785
f 7789 7790 7786
f 7787 7791 7789
f 7789 7792 7790
f 7791 7792 7789
f 7792 7793 7790
f 7791 7794 7792
f 7792 7795 7793
f 7794 7795 7792
f 7795 7796 7793
f 7794 7797 7795
f 7795 7798 7796
f 7797 7798 7795
f 7797 7799 7798
f 7788 7784 7800
f 7801 7788 7800
f 7784 7802 7800
f 7784 7803 7802
f 7803 7804 7802
f 7803 7805 7804
f 7805 7806 7804
f 7805 7807 7806
f 7807 7808 7806
f 7807 7809 7808
f 7809 7810 7808
f 7809 7811 7810
f 7808 7810 7812
f 7808 7812 7813
f 7806 7808 7813
f 7806 7813 7814
f 7804 7806 7814
f 7804 7814 7815
f 7802 7804 7815
f 7802 7815 7816
f 7800 7802 7816
f 7800 7816 7817
f 7801 7800 7817
f 7818 7801 7817
f 7818 7817 7819
f 7818 7820 7801
f 7819 7821 7818
f 7818 7822 7820
f 7821 7822 7818
f 7822 7823 7820
f 7821 7824 7822
f 7822 7825 7823
f 7824 7825 7822
f 7825 7826 7823
f 7824 7827 7825
f 7825 7828 7826
f 7827 7828 7825
f 7828 7829 7826
f 7827 7830 7828
f 7828 7831 7829
f 7830 7831 7828
f 7831 7832 7829
f 7830 7833 7831
f 7831 7834 7832
f 7833 7834 7831
f 7833 7835 7834
f 7836 7837 7838
f 7836 7838 7839
f 7840 7836 7839
f 7837 7841 7838
f 7837 7842 7841
f 7840 7839 7843
f 7844 7840 7843
f 7842 7845 7841
f 7842 7846 7845
f 7844 7843 7847
f 7848 7844 7847
f 7846 7849 7845
f 7846 7850 7849
f 7848 7847 7851
f 7852 7848 7851
f 7850 7853 7849
f 7850 7854 7853
f 7852 7851 7855
f 7856 7852 7855
f 7854 7857 7853
f 7854 7858 7857
f 7856 7855 7859
f 7860 7856 7859
f 7858 7861 7857
f 7858 7862 7861
f 7860 7859 7863
f 7864 7860 7863
f 7862 7865 7861
f 7862 7866 7865
f 7864 7863 7867
f 7868 7864 7867
f 7866 7869 7865
f 7866 7870 7869
f 7868 7867 7871
f 7872 7868 7871
f 7870 7873 7869
f 7870 7874 7873
f 7872 7871 7875
f 7876 7872 7875
f 7874 7877 7873
f 7874 7878 7877
f 7876 7875 7879
f 7880 7876 7879
f 7878 7881 7877
f 7878 7882 7881
f 7880 7879 7883
f 7884 7880 7883
f 7882 7885 7881
f 7882 7886 7885
f 7884 7883 7887
f 7888 7884 7887
f 7886 7889 7885
f 7886 7890 7889
f 7888 7887 7891
f 7892 7888 7891
f 7890 7893 7889
f 7890 7894 7893
f 7892 7891 7895
f 7896 7892 7895
f 7894 7897 7893
f 7894 7898 7897
f 7898 7896 7899
f 7896 7895 7899
f 7898 7899 7897
f 7885 7889 7900
f 7889 7893 7901
f 7889 7901 7900
f 7893 7897 7902
f 7893 7902 7901
f 7897 7899 7903
f 7897 7903 7902
f 7899 7895 7904
f 7899 7904 7903
f 7895 7891 7905
f 7895 7905 7904
f 7885 7900 7906
f 7881 7885 7906
f 7891 7907 7905
f 7891 7887 7907
f 7881 7906 7908
f 7877 7881 7908
f 7887 7909 7907
f 7887 7883 7909
f 7877 7908 7910
f 7873 7877 7910
f 7883 7911 7909
f 7883 7879 7911
f 7873 7910 7912
f 7869 7873 7912
f 7879 7913 7911
f 7879 7875 7913
f 7869 7912 7914
f 7865 7869 7914
f 7875 7915 7913
f 7875 7871 7915
f 7865 7914 7916
f 7861 7865 7916
f 7871 7917 7915
f 7871 7867 7917
f 7861 7916 7918
f 7857 7861 7918
f 7867 7919 7917
f 7867 7863 7919
f 7857 7918 7920
f 7853 7857 7920
f 7863 7921 7919
f 7863 7859 7921
f 7853 7920 7922
f 7849 7853 7922
f 7859 7923 7921
f 7859 7855 7923
f 7849 7922 7924
f 7845 7849 7924
f 7855 7925 7923
f 7855 7851 7925
f 7845 7924 7926
f 7841 7845 7926
f 7851 7927 7925
f 7851 7847 7927
f 7841 7926 7928
f 7838 7841 7928
f 7847 7929 7927
f 7847 7843 7929
f 7838 7928 7930
f 7839 7838 7930
f 7843 7839 7931
f 7843 7931 7929
f 7839 7930 7931
f 7926 7924 7932
f 7928 7926 7933
f 7926 7932 7933
f 7930 7928 7934
f 7928 7933 7934
f 7931 7930 7935
f 7930 7934 7935
f 7929 7931 7936
f 7931 7935 7936
f 7927 7929 7937
f 7929 7936 7937
f 7924 7938 7932
f 7924 7922 7938
f 7927 7937 7939
f 7925 7927 7939
f 7922 7940 7938
f 7922 7920 7940
f 7925 7939 7941
f 7923 7925 7941
f 7920 7942 7940
f 7920 7918 7942
f 7923 7941 7943
f 7921 7923 7943
f 7918 7944 7942
f 7918 7916 7944
f 7921 7943 7945
f 7919 7921 7945
f 7916 7946 7944
f 7916 7914 7946
f 7919 7945 7947
f 7917 7919 7947
f 7914 7948 7946
f 7914 7912 7948
f 7917 7947 7949
f 7915 7917 7949
f 7912 7950 7948
f 7912 7910 7950
f 7915 7949 7951
f 7913 7915 7951
f 7910 7952 7950
f 7910 7908 7952
f 7913 7951 7953
f 7911 7913 7953
f 7908 7954 7952
f 7908 7906 7954
f 7911 7953 7955
f 7909 7911 7955
f 7906 7956 7954
f 7906 7900 7956
f 7909 7955 7957
f 7907 7909 7957
f 7900 7958 7956
f 7900 7901 7958
f 7907 7957 7959
f 7905 7907 7959
f 7901 7960 7958
f 7901 7902 7960
f 7905 7959 7961
f 7904 7905 7961
f 7902 7962 7960
f 7902 7903 7962
f 7903 7904 7963
f 7904 7961 7963
f 7903 7963 7962
f 7956 7958 7964
f 7958 7960 7965
f 7958 7965 7964
f 7960 7962 7966
f 7960 7966 7965
f 7962 7963 7967
f 7962 7967 7966
f 7963 7961 7968
f 7963 7968 7967
f 7961 7959 7969
f 7961 7969 7968
f 7956 7964 7970
f 7954 7956 7970
f 7959 7971 7969
f 7959 7957 7971
f 7954 7970 7972
f 7952 7954 7972
f 7957 7973 7971
f 7957 7955 7973
f 7952 7972 7974
f 7950 7952 7974
f 7955 7975 7973
f 7955 7953 7975
f 7950 7974 7976
f 7948 7950 7976
f 7953 7977 7975
f 7953 7951 7977
f 7948 7976 7978
f 7946 7948 7978
f 7951 7979 7977
f 7951 7949 7979
f 7946 7978 7980
f 7944 7946 7980
f 7949 7981 7979
f 7949 7947 7981
f 7944 7980 7982
f 7942 7944 7982
f 7947 7983 7981
f 7947 7945 7983
f 7942 7982 7984
f 7940 7942 7984
f 7945 7985 7983
f 7945 7943 7985
f 7940 7984 7986
f 7938 7940 7986
f 7943 7987 7985
f 7943 7941 7987
f 7938 7986 7988
f 7932 7938 7988
f 7941 7989 7987
f 7941 7939 7989
f 7932 7988 7990
f 7933 7932 7990
f 7939 7991 7989
f 7939 7937 7991
f 7933 7990 7992
f 7934 7933 7992
f 7937 7993 7991
f 7937 7936 7993
f 7934 7992 7994
f 7935 7934 7994
f 7936 7935 7995
f 7936 7995 7993
f 7935 7994 7995
f 7990 7988 7996
f 7992 7990 7997
f 7990 7996 7997
f 7994 7992 7998
f 7992 7997 7998
f 7995 7994 7999
f 7994 7998 7999
f 7993 7995 8000
f 7995 7999 8000
f 7991 7993 8001
f 7993 8000 8001
f 7988 8002 7996
f 7988 7986 8002
f 7991 8001 8003
f 7989 7991 8003
f 7986 8004 8002
f 7986 7984 8004
f 7989 8003 8005
f 7987 7989 8005
f 7984 8006 8004
f 7984 7982 8006
f 7987 8005 8007
f 7985 7987 8007
f 7982 8008 8006
f 7982 7980 8008
f 7985 8007 8009
f 7983 7985 8009
f 7980 8010 8008
f 7980 7978 8010
f 7983 8009 8011
f 7981 7983 8011
f 7978 8012 8010
f 7978 7976 8012
f 7981 8011 8013
f 7979 7981 8013
f 7976 8014 8012
f 7976 7974 8014
f 7979 8013 8015
f 7977 7979 8015
f 7974 8016 8014
f 7974 7972 8016
f 7977 8015 8017
f 7975 7977 8017
f 7972 8018 8016
f 7972 7970 8018
f 7975 8017 8019
f 7973 7975 8019
f 7970 8020 8018
f 7970 7964 8020
f 7973 8019 8021
f 7971 7973 8021
f 7964 8022 8020
f 7964 7965 8022
f 7971 8021 8023
f 7969 7971 8023
f 7965 8024 8022
f 7965 7966 8024
f 7969 8023 8025
f 7968 7969 8025
f 7966 8026 8024
f 7966 7967 8026
f 7967 7968 8027
f 7968 8025 8027
f 7967 8027 8026
f 8020 8022 8028
f 8022 8024 8029
f 8022 8029 8028
f 8024 8026 8030
f 8024 8030 8029
f 8026 8027 8031
f 8026 8031 8030
f 8027 8025 8032
f 8027 8032 8031
f 8025 8023 8033
f 8025 8033 8032
f 8020 8028 8034
f 8018 8020 8034
f 8023 8035 8033
f 8023 8021 8035
f 8018 8034 8036
f 8016 8018 8036
f 8021 8037 8035
f 8021 8019 8037
f 8016 8036 8038
f 8014 8016 8038
f 8019 8039 8037
f 8019 8017 8039
f 8014 8038 8040
f 8012 8014 8040
f 8012 8040 8041
f 8010 8012 8041
f 8040 8038 8042
f 8041 8040 8042
f 8038 8036 8043
f 8038 8043 8042
f 8010 8041 8044
f 8008 8010 8044
f 8045 8044 8041
f 8008 8044 8045
f 8041 8042 8045
f 8006 8008 8045
f 8006 8045 8042
f 8004 8006 8042
f 8004 8042 8043
f 8002 8004 8043
f 8036 8046 8043
f 8002 8043 8046
f 8036 8034 8046
f 7996 8002 8046
f 8034 8047 8046
f 7996 8046 8047
f 8034 8028 8047
f 7997 7996 8047
f 8028 8048 8047
f 7997 8047 8048
f 8028 8029 8048
f 7998 7997 8048
f 8029 8049 8048
f 7998 8048 8049
f 8029 8030 8049
f 7999 7998 8049
f 8030 8050 8049
f 7999 8049 8050
f 8030 8031 8050
f 8000 7999 8050
f 8031 8051 8050
f 8000 8050 8051
f 8031 8032 8051
f 8001 8000 8051
f 8032 8052 8051
f 8001 8051 8052
f 8003 8001 8052
f 8032 8033 8052
f 8003 8052 8053
f 8033 8053 8052
f 8005 8003 8053
f 8033 8054 8053
f 8005 8053 8054
f 8033 8035 8054
f 8007 8005 8054
f 8035 8055 8054
f 8007 8054 8055
f 8035 8037 8055
f 8009 8007 8055
f 8037 8056 8055
f 8009 8055 8056
f 8011 8009 8056
f 8037 8039 8056
f 8011 8056 8057
f 8039 8057 8056
f 8013 8011 8057
f 8039 8058 8057
f 8017 8058 8039
f 8017 8015 8058
f 8013 8057 8059
f 8015 8013 8059
f 8058 8059 8057
f 8015 8059 8058
f 7717 7720 8060
f 7717 8060 8061
f 8061 8060 7685
f 7714 7717 8061
f 8061 7685 7684
f 7714 8061 8062
f 8062 8061 7684
f 7710 7714 8062
f 8062 7684 7689
f 7710 8062 8063
f 8063 8062 7689
f 7706 7710 8063
f 8063 7689 7692
f 7706 8063 8064
f 8064 8063 7692
f 7703 7706 8064
f 8064 7692 7695
f 7703 8064 7701
f 7701 8064 7695
f 7701 7695 7698
f 7755 7758 8065
f 7755 8065 8066
f 8066 8065 7723
f 7752 7755 8066
f 8066 7723 7721
f 7752 8066 8067
f 8067 8066 7721
f 7748 7752 8067
f 8067 7721 7718
f 7748 8067 8068
f 8068 8067 7718
f 7744 7748 8068
f 8068 7718 7715
f 7744 8068 8069
f 8069 8068 7715
f 7725 7744 8069
f 8069 7715 7711
f 7725 8069 7712
f 7712 8069 7711
f 7712 7711 7707
f 7690 7688 8070
f 7690 8070 8071
f 8071 8070 7735
f 7693 7690 8071
f 8071 7735 7733
f 7693 8071 8072
f 8072 8071 7733
f 7696 7693 8072
f 8072 7733 7731
f 7696 8072 8073
f 8073 8072 7731
f 7699 7696 8073
f 8073 7731 7729
f 7699 8073 8074
f 8074 8073 7729
f 7702 7699 8074
f 8074 7729 7727
f 7702 8074 7705
f 7705 8074 7727
f 7705 7727 7708
f 7737 7736 8075
f 7737 8075 8076
f 8076 8075 7773
f 7738 7737 8076
f 8076 7773 7771
f 7738 8076 8077
f 8077 8076 7771
f 7739 7738 8077
f 8077 7771 7769
f 7739 8077 8078
f 8078 8077 7769
f 7740 7739 8078
f 8078 7769 7767
f 7740 8078 8079
f 8079 8078 7767
f 7741 7740 8079
f 8079 7767 7765
f 7741 8079 7743
f 7743 8079 7765
f 7743 7765 7746
f 7775 7774 8080
f 7775 8080 8081
f 8081 8080 7811
f 7776 7775 8081
f 8081 7811 7809
f 7776 8081 8082
f 8082 8081 7809
f 7777 7776 8082
f 8082 7809 7807
f 7777 8082 8083
f 8083 8082 7807
f 7778 7777 8083
f 8083 7807 7805
f 7778 8083 8084
f 8084 8083 7805
f 7779 7778 8084
f 8084 7805 7803
f 7779 8084 7781
f 7781 8084 7803
f 7781 7803 7784
f 7813 7812 8085
f 7813 8085 8086
f 8086 8085 7835
f 7814 7813 8086
f 8086 7835 7833
f 7814 8086 8087
f 8087 8086 7833
f 7815 7814 8087
f 8087 7833 7830
f 7815 8087 8088
f 8088 8087 7830
f 7816 7815 8088
f 8088 7830 7827
f 7816 8088 8089
f 8089 8088 7827
f 7817 7816 8089
f 8089 7827 7824
f 7817 8089 7819
f 7819 8089 7824
f 7819 7824 7821
f 7829 7832 8090
f 7829 8090 8091
f 8091 8090 7799
f 7826 7829 8091
f 8091 7799 7797
f 7826 8091 8092
f 8092 8091 7797
f 7823 7826 8092
f 8092 7797 7794
f 7823 8092 8093
f 8093 8092 7794
f 7820 7823 8093
f 8093 7794 7791
f 7820 8093 8094
f 8094 8093 7791
f 7801 7820 8094
f 8094 7791 7787
f 7801 8094 7788
f 7788 8094 7787
f 7788 7787 7783
f 7793 7796 8095
f 7793 8095 8096
f 8096 8095 7761
f 7790 7793 8096
f 8096 7761 7759
f 7790 8096 8097
f 8097 8096 7759
f 7786 7790 8097
f 8097 7759 7756
f 7786 8097 8098
f 8098 8097 7756
f 7782 7786 8098
f 8098 7756 7753
f 7782 8098 8099
f 8099 8098 7753
f 7763 7782 8099
f 8099 7753 7749
f 7763 8099 7750
f 7750 8099 7749
f 7750 7749 7745
v -48.93297 -5.953141 -19.46633
v -48.94983 -5.953885 -19.44407
v -47.98081 1.234515 -18.47031
v -47.96395 1.235258 -18.49258
v -48.91215 -5.953424 -19.48496
v -47.94313 1.234975 -18.5112
v -48.88817 -5.954724 -19.49923
v -47.91916 1.233675 -18.52547
v -48.86195 -5.95699 -19.50859
v -47.89293 1.231409 -18.53484
v -48.8345 -5.960135 -19.5127
v -47.86548 1.228264 -18.53894
v -48.80687 -5.964037 -19.51138
v -47.83785 1.224362 -18.53763
v -48.78012 -5.968549 -19.50469
v -47.8111 1.21985 -18.53094
v -48.75529 -5.973495 -19.4929
v -47.78627 1.214904 -18.51914
v -48.94983 -5.953885 -19.44407
v -47.99306 1.232773 -18.44527
v -47.98081 1.234515 -18.47031
v -48.96208 -5.955626 -19.41902
v -48.00023 1.2301 -18.4184
v -48.96925 -5.9583 -19.39215
v -48.00204 1.226598 -18.39074
v -48.97106 -5.961802 -19.3645
v -47.99842 1.222401 -18.36336
v -48.96745 -5.965998 -19.33712
v -47.98953 1.217672 -18.33731
v -48.95855 -5.970727 -19.31106
v -47.97569 1.212592 -18.31358
v -48.9447 -5.975807 -19.28734
v -47.95743 1.207356 -18.29309
v -48.92645 -5.981043 -19.26685
v -47.93546 1.202165 -18.27663
v -48.90448 -5.986234 -19.25039
v -48.90448 -5.986234 -19.25039
v -47.91063 1.197219 -18.26484
v -47.93546 1.202165 -18.27663
v -48.87965 -5.99118 -19.23859
v -47.88388 1.192708 -18.25815
v -48.8529 -5.995691 -19.2319
v -47.85625 1.188805 -18.25683
v -48.82527 -5.999594 -19.23059
v -47.8288 1.18566 -18.26094
v -48.79782 -6.002739 -19.23469
v -47.80258 1.183395 -18.2703
v -48.7716 -6.005004 -19.24406
v -47.7786 1.182095 -18.28457
v -48.74762 -6.006304 -19.25833
v -47.75778 1.181812 -18.3032
v -48.7268 -6.006588 -19.27695
v -47.74092 1.182555 -18.32546
v -48.70994 -6.005844 -19.29922
v -48.70994 -6.005844 -19.29922
v -47.72867 1.184297 -18.35051
v -47.74092 1.182555 -18.32546
v -48.69769 -6.004102 -19.32426
v -47.7215 1.18697 -18.37738
v -48.69053 -6.001429 -19.35113
v -47.71969 1.190472 -18.40503
v -48.68871 -5.997927 -19.37879
v -47.7233 1.194668 -18.43241
v -48.69233 -5.993731 -19.40617
v -47.7322 1.199397 -18.45847
v -48.70122 -5.989002 -19.43222
v -47.74605 1.204477 -18.48219
v -48.71507 -5.983922 -19.45595
v -47.76431 1.209714 -18.50268
v -48.73332 -5.978685 -19.47643
v -47.78627 1.214904 -18.51914
v -48.75529 -5.973495 -19.4929
v -47.99306 1.232773 -18.44527
v -48.00023 1.2301 -18.4184
v -48.00204 1.226598 -18.39074
v -47.99842 1.222401 -18.36336
v -47.98081 1.234515 -18.47031
v -47.98953 1.217672 -18.33731
v -47.96395 1.235258 -18.49258
v -47.94313 1.234975 -18.5112
v -47.97569 1.212592 -18.31358
v -47.91916 1.233675 -18.52547
v -47.95743 1.207356 -18.29309
v -47.89293 1.231409 -18.53484
v -47.93546 1.202165 -18.27663
v -47.86548 1.228264 -18.53894
v -47.91063 1.197219 -18.26484
v -47.83785 1.224362 -18.53763
v -47.88388 1.192708 -18.25815
v -47.8111 1.21985 -18.53094
v -47.85625 1.188805 -18.25683
v -47.78627 1.214904 -18.51914
v -47.8288 1.18566 -18.26094
v -47.76431 1.209714 -18.50268
v -47.80258 1.183395 -18.2703
v -47.74605 1.204477 -18.48219
v -47.7786 1.182095 -18.28457
v -47.7322 1.199397 -18.45847
v -47.75778 1.181812 -18.3032
v -47.7233 1.194668 -18.43241
v -47.74092 1.182555 -18.32546
v -47.71969 1.190472 -18.40503
v -47.72867 1.184297 -18.35051
v -47.7215 1.18697 -18.37738
v -48.97106 -5.961802 -19.3645
v -48.96925 -5.9583 -19.39215
v -48.96208 -5.955626 -19.41902
v -48.96745 -5.965998 -19.33712
v -48.94983 -5.953885 -19.44407
v -48.95855 -5.970727 -19.31106
v -48.93297 -5.953141 -19.46633
v -48.9447 -5.975807 -19.28734
v -48.91215 -5.953424 -19.48496
v -48.92645 -5.981043 -19.26685
v -48.88817 -5.954724 -19.49923
v -48.86195 -5.95699 -19.50859
v -48.90448 -5.986234 -19.25039
v -48.8345 -5.960135 -19.5127
v -48.87965 -5.99118 -19.23859
v -48.80687 -5.964037 -19.51138
v -48.8529 -5.995691 -19.2319
v -48.78012 -5.968549 -19.50469
v -48.82527 -5.999594 -19.23059
v -48.75529 -5.973495 -19.4929
v -48.79782 -6.002739 -19.23469
v -48.73332 -5.978685 -19.47643
v -48.7716 -6.005004 -19.24406
v -48.71507 -5.983922 -19.45595
v -48.74762 -6.006304 -19.25833
v -48.70122 -5.989002 -19.43222
v -48.7268 -6.006588 -19.27695
v -48.69233 -5.993731 -19.40617
v -48.70994 -6.005844 -19.29922
v -48.68871 -5.997927 -19.37879
v -48.69769 -6.004102 -19.32426
v -48.69053 -6.001429 -19.35113
v -45.35141 -0.9807945 -18.23253
v -45.26693 -2.150917 -18.35114
v -45.22811 -2.075919 -18.94342
v -45.31568 -0.9117582 -18.77772
v -45.30548 -1.986054 -19.52981
v -45.67395 -0.1726371 -18.19412
v -45.3869 -0.8290378 -19.3175
v -45.64372 -0.1142219 -18.65544
v -46.2743 0.6039549 -18.20505
v -45.70398 -0.04422813 -19.11217
v -46.25305 0.6450152 -18.52931
v -46.73293 0.9156549 -18.24528
v -46.29541 0.6942142 -18.85035
v -46.71806 0.9443914 -18.47222
v -47.46291 1.19577 -18.33379
v -46.74771 0.9788238 -18.6969
v -47.45782 1.205608 -18.41148
v -47.48304 1.18826 -18.25831
v -47.46797 1.217397 -18.48841
v -47.51746 1.183366 -18.18794
v -47.56481 1.181278 -18.1254
v -47.49297 1.230682 -18.5616
v -46.89226 0.8794257 -17.81929
v -47.6233 1.182074 -18.07307
v -47.53186 1.244954 -18.62826
v -47.03059 0.8733253 -17.6366
v -46.50195 0.5521885 -17.59636
v -47.20142 0.8756518 -17.48377
v -47.69067 1.185725 -18.03298
v -46.6996 0.5434719 -17.33532
v -45.99782 -0.2462833 -17.32816
v -46.9437 0.5467961 -17.11695
v -46.27901 -0.2586842 -16.95679
v -45.73417 -1.067831 -17.20912
v -46.62628 -0.2539549 -16.64612
v -46.06648 -1.082487 -16.77023
v -45.68274 -2.245471 -17.23934
v -46.4769 -1.076898 -16.40307
v -46.04375 -2.261393 -16.76254
v -46.48962 -2.255321 -16.36368
v -47.58315 1.259664 -18.68581
v -47.76433 1.192091 -18.00667
v -47.08413 1.102282 -19.2735
v -46.93433 1.059316 -19.10539
v -46.77611 0.8706179 -19.67422
v -46.56207 0.8092255 -19.43402
v -46.38786 0.2067354 -20.28426
v -46.08334 0.1193945 -19.94254
v -46.19513 -0.5324434 -20.70271
v -45.83524 -0.635665 -20.29885
v -46.18351 -1.663844 -21.03466
v -45.79254 -1.77598 -20.59592
v -46.65395 -1.552678 -21.38715
v -46.62817 -0.4301149 -21.02718
v -46.75428 0.2933208 -20.55882
v -47.03367 0.9314792 -19.8672
v -47.26439 1.144876 -19.40856
v -47.64486 1.274247 -18.73205
v -47.84146 1.200925 -17.99514
v -47.71462 1.288142 -18.7652
v -47.61336 0.9049078 -17.2898
v -47.91908 1.21189 -17.99884
v -47.78976 1.300815 -18.78399
v -47.83863 0.9307129 -17.25613
v -47.5323 0.5885987 -16.83981
v -48.06535 0.9627396 -17.26693
v -47.99422 1.224563 -18.01762
v -47.85418 0.6254705 -16.79169
v -47.46367 -0.1944838 -16.25184
v -48.17814 0.6712321 -16.80712
v -47.92159 -0.1420275 -16.18338
v -47.46653 -1.006613 -15.9371
v -48.38248 -0.07692397 -16.20534
v -48.00772 -0.9446194 -15.85619
v -47.56472 -2.178966 -15.85746
v -48.55241 -0.8676786 -15.88214
v -48.15265 -2.111618 -15.76956
v -48.74438 -2.028032 -15.79776
v -47.86738 1.31178 -18.78768
v -48.06398 1.238458 -18.05077
v -47.91436 1.254506 -19.57106
v -47.68763 1.22248 -19.56025
v -47.96239 1.088125 -20.09939
v -47.63843 1.042363 -20.08395
v -48.07553 0.5161754 -20.88914
v -47.61465 0.4510719 -20.86718
v -48.18966 -0.1667402 -21.41756
v -47.64497 -0.243681 -21.39161
v -48.3503 -1.266556 -21.81125
v -47.75857 -1.350142 -21.78305
v -48.93823 -1.199208 -21.72335
v -48.73084 -0.1047462 -21.33665
v -48.53346 0.5686317 -20.82067
v -48.28426 1.124997 -20.05126
v -48.13963 1.280311 -19.53738
v -47.94451 1.320615 -18.77615
v -48.12569 1.253041 -18.09701
v -48.01817 1.32698 -18.74984
v -48.4886 1.040343 -17.41862
v -48.17698 1.267751 -18.15456
v -48.08554 1.330631 -18.70975
v -48.66885 1.082937 -17.55368
v -48.78289 0.7821158 -17.02387
v -48.81866 1.125903 -17.72179
v -48.21587 1.282023 -18.22122
v -49.04045 0.8429772 -17.21685
v -49.24284 0.08082648 -16.5137
v -49.2545 0.9043696 -17.45705
v -49.60926 0.1674119 -16.78825
v -49.5692 -0.6812455 -16.24657
v -49.91378 0.2547528 -17.12997
v -50.00225 -0.5789169 -16.57104
v -49.849 -1.825497 -16.19366
v -50.36213 -0.4756955 -16.97489
v -50.31944 -1.714331 -16.54615
v -50.7104 -1.602195 -16.98489
v -48.14403 1.331427 -18.65742
v -48.24088 1.295308 -18.29441
v -48.7224 1.311894 -19.19059
v -48.55157 1.309567 -19.34342
v -49.11696 1.170124 -19.55575
v -48.87286 1.166799 -19.77412
v -49.71811 0.632832 -20.11572
v -49.37084 0.6281027 -20.42639
v -50.13089 -0.02887278 -20.50352
v -49.72048 -0.03446195 -20.87068
v -50.45919 -1.116782 -20.81827
v -50.01334 -1.122854 -21.21713
v -50.82021 -1.132703 -20.34147
v -50.46321 -0.04352844 -20.06463
v -49.99931 0.6204311 -19.74435
v -49.31461 1.161407 -19.29471
v -48.86073 1.305794 -19.0079
v -48.19139 1.329339 -18.59488
v -48.25102 1.307097 -18.37134
v -48.2258 1.324445 -18.52451
v -49.00528 1.206395 -18.13028
v -48.24593 1.316935 -18.44903
v -49.03492 1.240828 -18.35496
v -49.52115 1.019381 -18.04072
v -49.02005 1.269564 -18.5819
v -49.56351 1.06858 -18.36176
v -50.29314 0.4183755 -17.96034
v -49.54226 1.10964 -18.68602
v -50.3534 0.4883694 -18.41708
v -50.81047 -0.2823224 -17.95624
v -50.32317 0.5467847 -18.87839
v -50.88169 -0.199602 -18.49602
v -51.19746 -1.392121 -18.05099
v -50.84597 -0.1305655 -19.04121
v -51.27484 -1.302256 -18.63739
v -51.23602 -1.227257 -19.22967
v -47.56472 -2.178966 -15.85746
v -48.15265 -2.111618 -15.76956
v -48.15915 -2.083858 -15.96803
v -47.60984 -2.146782 -16.05015
v -47.00319 -2.227489 -16.05807
v -48.712 -2.005764 -15.99437
v -48.74438 -2.028032 -15.79776
v -47.08519 -2.192117 -16.23758
v -46.48962 -2.255321 -16.36368
v -49.24715 -1.915501 -16.12816
v -49.31716 -1.931422 -15.94096
v -46.60537 -2.218121 -16.52311
v -46.04375 -2.261393 -16.76254
v -49.74404 -1.816535 -16.36426
v -49.849 -1.825497 -16.19366
v -46.1888 -2.223794 -16.89577
v -45.68274 -2.245471 -17.23934
v -50.18357 -1.712673 -16.69359
v -50.31944 -1.714331 -16.54615
v -45.8515 -2.208918 -17.34124
v -45.42043 -2.208168 -17.77574
v -50.54886 -1.607903 -17.10351
v -50.7104 -1.602195 -16.98489
v -45.60643 -2.174066 -17.84241
v -45.26693 -2.150917 -18.35114
v -50.82586 -1.506254 -17.57825
v -51.00688 -1.493398 -17.49301
v -45.46301 -2.120576 -18.38
v -45.22811 -2.075919 -18.94342
v -51.00392 -1.411631 -18.09957
v -51.19746 -1.392121 -18.05099
v -45.42674 -2.050505 -18.93336
v -45.30548 -1.986054 -19.52981
v -51.07621 -1.32767 -18.64744
v -51.27484 -1.302256 -18.63739
v -45.49903 -1.966544 -19.48124
v -45.49607 -1.884777 -20.0878
v -51.03995 -1.257598 -19.20081
v -51.23602 -1.227257 -19.22967
v -45.67709 -1.871921 -20.00256
v -45.79254 -1.77598 -20.59592
v -50.89652 -1.204109 -19.73841
v -51.08252 -1.170006 -19.80507
v -45.95409 -1.770272 -20.4773
v -46.18351 -1.663844 -21.03466
v -50.65145 -1.169256 -20.23957
v -50.82021 -1.132703 -20.34147
v -46.31937 -1.665502 -20.88722
v -46.65395 -1.552678 -21.38715
v -50.31415 -1.154381 -20.68504
v -50.45919 -1.116782 -20.81827
v -46.7589 -1.561639 -21.21655
v -47.18578 -1.446754 -21.63985
v -49.89758 -1.160054 -21.0577
v -50.01334 -1.122854 -21.21713
v -47.2558 -1.462674 -21.45265
v -47.75857 -1.350142 -21.78305
v -49.41776 -1.186057 -21.34324
v -49.49977 -1.150685 -21.52274
v -47.79095 -1.37241 -21.58644
v -48.3503 -1.266556 -21.81125
v -48.89311 -1.231392 -21.53066
v -48.93823 -1.199208 -21.72335
v -48.34381 -1.294315 -21.61279
v -49.61482 -0.07531112 -20.72481
v -49.17314 -0.09924784 -20.98765
v -48.6902 -0.1409784 -21.16017
v -48.18457 -0.1988996 -21.23577
v -47.67567 -0.2707856 -21.21152
v -47.18306 -0.3538738 -21.08837
v -49.99827 -0.07008971 -20.38178
v -46.72567 -0.4449711 -20.87103
v -50.30876 -0.08378255 -19.97172
v -46.32108 -0.540577 -20.56788
v -50.53435 -0.1158641 -19.5104
v -45.98484 -0.637017 -20.19056
v -50.66637 -0.1651015 -19.01554
v -45.72986 -0.7305846 -19.75356
v -50.69975 -0.2296024 -18.50617
v -45.56595 -0.8176858 -19.27368
v -50.63321 -0.3068883 -18.00186
v -45.49941 -0.894971 -18.76936
v -50.4693 -0.3939889 -17.52198
v -45.53279 -0.9594724 -18.25999
v -50.21432 -0.4875571 -17.08498
v -45.66481 -1.008709 -17.76513
v -49.87807 -0.5839972 -16.70765
v -45.8904 -1.04079 -17.30381
v -49.47348 -0.679603 -16.4045
v -46.20089 -1.054484 -16.89375
v -49.0161 -0.7707004 -16.18717
v -46.58434 -1.049262 -16.55072
v -48.52349 -0.8537873 -16.06401
v -47.02602 -1.025325 -16.28789
v -48.01459 -0.9256739 -16.03977
v -47.50895 -0.9835944 -16.11536
v -49.16259 0.07674935 -16.64807
v -48.77557 -0.0003327483 -16.46418
v -48.35875 -0.07063664 -16.35997
v -47.92814 -0.1314636 -16.33946
v -47.5003 -0.180473 -16.40342
v -47.09166 -0.2157834 -16.5494
v -49.50493 0.1576463 -16.90459
v -46.71793 -0.2360376 -16.7718
v -49.78944 0.2392491 -17.22386
v -46.39347 -0.2404563 -17.06206
v -50.00519 0.3184219 -17.59363
v -46.13076 -0.2288695 -17.40903
v -50.14388 0.3921221 -17.99968
v -45.93987 -0.2017238 -17.79938
v -50.20019 0.4575177 -18.4264
v -45.82816 -0.1600623 -18.2181
v -50.17194 0.5120951 -18.85741
v -45.79992 -0.1054843 -18.6491
v -50.06023 0.5537573 -19.27613
v -45.85622 -0.04008951 -19.07583
v -49.86935 0.5809031 -19.66648
v -45.99492 0.03361136 -19.48188
v -49.60664 0.5924894 -20.01345
v -46.21066 0.1127836 -19.85165
v -49.28218 0.5880714 -20.30371
v -46.49517 0.1943863 -20.17092
v -48.90845 0.5678172 -20.52611
v -46.83752 0.2752832 -20.42743
v -48.49981 0.5325068 -20.67209
v -47.22454 0.3523653 -20.61133
v -48.07197 0.4834968 -20.73605
v -47.64136 0.4226705 -20.71554
v -48.54865 1.118476 -19.84502
v -48.26141 1.093657 -19.94763
v -47.96068 1.059207 -19.99259
v -47.658 1.016452 -19.97817
v -47.36502 0.9670341 -19.90492
v -47.09298 0.9128526 -19.77566
v -48.81134 1.132713 -19.68869
v -46.85234 0.8559897 -19.59536
v -49.03941 1.135819 -19.48467
v -46.65236 0.7986307 -19.37094
v -49.22407 1.127675 -19.24078
v -46.50071 0.7429797 -19.11102
v -49.35824 1.108594 -18.9664
v -46.40322 0.6911754 -18.82561
v -49.43676 1.079309 -18.67208
v -46.36364 0.6452086 -18.52566
v -49.45662 1.040946 -18.36913
v -46.3835 0.6068459 -18.2227
v -49.41704 0.9949793 -18.06918
v -46.46202 0.5775613 -17.92838
v -49.31955 0.943175 -17.78376
v -46.59619 0.5584804 -17.65401
v -49.1679 0.8875241 -17.52385
v -46.78086 0.5503364 -17.41012
v -48.96792 0.8301649 -17.29943
v -47.00892 0.5534424 -17.20609
v -48.72728 0.7733021 -17.11913
v -47.27161 0.5676787 -17.04977
v -48.45524 0.7191206 -16.98987
v -47.55885 0.5924985 -16.94716
v -48.16226 0.6697032 -16.91662
v -47.85958 0.626948 -16.9022
v -48.61902 1.067079 -17.61241
v -48.45061 1.027283 -17.48622
v -48.26022 0.9893634 -17.39576
v -48.05517 0.954778 -17.3445
v -47.84334 0.9248554 -17.3344
v -47.63287 0.9007456 -17.36587
v -48.75898 1.107222 -17.76947
v -47.43185 0.8833752 -17.43769
v -48.86512 1.14617 -17.95138
v -47.24799 0.8734117 -17.54709
v -48.93334 1.182426 -18.15113
v -47.08838 0.8712379 -17.68988
v -48.96104 1.214596 -18.36105
v -46.95914 0.8769377 -17.86057
v -48.94715 1.241445 -18.57308
v -46.86524 0.8902916 -18.05259
v -48.89219 1.26194 -18.77906
v -46.81029 0.9107867 -18.25857
v -48.79829 1.275294 -18.97109
v -46.79639 0.9376352 -18.4706
v -48.66905 1.280994 -19.14177
v -46.82409 0.9698055 -18.68052
v -48.50944 1.27882 -19.28456
v -46.89232 1.006061 -18.88027
v -48.32559 1.268857 -19.39397
v -46.99845 1.045009 -19.06218
v -48.12457 1.251486 -19.46578
v -47.13841 1.085153 -19.21924
v -47.91409 1.227376 -19.49725
v -47.30682 1.124949 -19.34543
v -47.70226 1.197454 -19.48715
v -47.49722 1.162868 -19.43589
v -47.9412 1.29699 -18.7535
v -47.86915 1.288736 -18.76428
v -47.79662 1.278492 -18.76082
v -47.72642 1.266651 -18.74327
v -47.66124 1.253669 -18.7123
v -47.60358 1.240044 -18.6691
v -48.01003 1.302937 -18.72892
v -47.55566 1.2263 -18.61532
v -48.07297 1.306348 -18.69146
v -47.51933 1.212966 -18.55305
v -48.12762 1.307093 -18.64258
v -47.49597 1.200553 -18.48466
v -48.17186 1.305141 -18.58414
v -48.20401 1.300569 -18.5184
v -48.2181 1.273347 -18.30342
v -48.19474 1.260934 -18.23503
v -48.22283 1.293553 -18.44788
v -48.22758 1.284361 -18.37528
v -48.15841 1.2476 -18.17275
v -48.11049 1.233856 -18.11898
v -48.05283 1.220231 -18.07578
v -47.98765 1.207249 -18.04481
v -47.91745 1.195408 -18.02726
v -47.84492 1.185164 -18.0238
v -47.77287 1.17691 -18.03457
v -47.70404 1.170963 -18.05916
v -47.6411 1.167552 -18.09661
v -47.58646 1.166808 -18.1455
v -47.54221 1.168759 -18.20394
v -47.51006 1.173331 -18.26968
v -47.48649 1.189539 -18.41279
v -47.49125 1.180348 -18.3402
v -45.42043 -2.208168 -17.77574
v -45.49271 -1.033494 -17.70288
v -45.79352 -0.2172288 -17.74596
v -46.35834 0.5726111 -17.89003
v -46.79175 0.8937187 -18.02481
v -47.00319 -2.227489 -16.05807
v -46.94963 -1.051278 -16.12176
v -47.02629 -0.232277 -16.40809
v -47.22487 0.5620336 -16.94963
v -47.3982 0.8863159 -17.36667
v -45.49607 -1.884777 -20.0878
v -45.56234 -0.7358126 -19.83112
v -45.85243 0.03465449 -19.54677
v -46.39975 0.7496613 -19.15583
v -46.82073 1.017629 -18.9107
v -47.18578 -1.446754 -21.63985
v -47.11772 -0.3326117 -21.25979
v -47.16851 0.3758231 -20.75564
v -47.32484 0.9894705 -20.00555
v -47.46816 1.185462 -19.50538
v -49.49977 -1.150685 -21.52274
v -49.24774 -0.06008125 -21.15199
v -48.97083 0.6064249 -20.66442
v -48.5917 1.151562 -19.94143
v -48.35479 1.298903 -19.46051
v -51.08252 -1.170006 -19.80507
v -50.70466 -0.07786591 -19.57087
v -50.20361 0.5913764 -19.32656
v -49.45822 1.140984 -19.00104
v -48.96124 1.2915 -18.80237
v -51.00688 -1.493398 -17.49301
v -50.63504 -0.3755477 -17.44262
v -50.1447 0.3394928 -17.52574
v -49.41681 0.9639338 -17.73524
v -48.93225 1.16759 -17.91648
v -49.31716 -1.931422 -15.94096
v -49.07965 -0.7787486 -16.01395
v -48.82861 -0.001675792 -16.31687
v -48.49173 0.7241244 -16.88552
v -48.28482 0.9997569 -17.3218
f 8100 8101 8102
f 8100 8102 8103
f 8104 8100 8103
f 8104 8103 8105
f 8106 8104 8105
f 8106 8105 8107
f 8108 8106 8107
f 8108 8107 8109
f 8110 8108 8109
f 8110 8109 8111
f 8112 8110 8111
f 8112 8111 8113
f 8114 8112 8113
f 8114 8113 8115
f 8116 8114 8115
f 8116 8115 8117
f 8118 8119 8120
f 8118 8121 8119
f 8121 8122 8119
f 8121 8123 8122
f 8123 8124 8122
f 8123 8125 8124
f 8125 8126 8124
f 8125 8127 8126
f 8127 8128 8126
f 8127 8129 8128
f 8129 8130 8128
f 8129 8131 8130
f 8131 8132 8130
f 8131 8133 8132
f 8133 8134 8132
f 8133 8135 8134
f 8136 8137 8138
f 8136 8139 8137
f 8139 8140 8137
f 8139 8141 8140
f 8141 8142 8140
f 8141 8143 8142
f 8143 8144 8142
f 8143 8145 8144
f 8145 8146 8144
f 8145 8147 8146
f 8147 8148 8146
f 8147 8149 8148
f 8149 8150 8148
f 8149 8151 8150
f 8151 8152 8150
f 8151 8153 8152
f 8154 8155 8156
f 8154 8157 8155
f 8157 8158 8155
f 8157 8159 8158
f 8159 8160 8158
f 8159 8161 8160
f 8161 8162 8160
f 8161 8163 8162
f 8163 8164 8162
f 8163 8165 8164
f 8165 8166 8164
f 8165 8167 8166
f 8167 8168 8166
f 8167 8169 8168
f 8169 8170 8168
f 8169 8171 8170
f 8172 8173 8174
f 8174 8175 8172
f 8175 8176 8172
f 8175 8177 8176
f 8177 8178 8176
f 8177 8179 8178
f 8177 8180 8179
f 8180 8181 8179
f 8180 8182 8181
f 8182 8183 8181
f 8182 8184 8183
f 8184 8185 8183
f 8184 8186 8185
f 8186 8187 8185
f 8186 8188 8187
f 8188 8189 8187
f 8188 8190 8189
f 8190 8191 8189
f 8190 8192 8191
f 8192 8193 8191
f 8192 8194 8193
f 8194 8195 8193
f 8194 8196 8195
f 8196 8197 8195
f 8196 8198 8197
f 8198 8199 8197
f 8198 8200 8199
f 8200 8201 8199
f 8200 8202 8201
f 8202 8203 8201
f 8204 8205 8206
f 8206 8207 8204
f 8206 8208 8207
f 8208 8209 8207
f 8208 8210 8209
f 8210 8211 8209
f 8210 8212 8211
f 8212 8213 8211
f 8212 8214 8213
f 8214 8215 8213
f 8215 8216 8213
f 8215 8217 8216
f 8217 8218 8216
f 8217 8219 8218
f 8219 8220 8218
f 8219 8221 8220
f 8221 8222 8220
f 8221 8223 8222
f 8223 8224 8222
f 8223 8225 8224
f 8225 8226 8224
f 8225 8227 8226
f 8227 8228 8226
f 8227 8229 8228
f 8229 8230 8228
f 8229 8231 8230
f 8231 8232 8230
f 8231 8233 8232
f 8233 8234 8232
f 8233 8235 8234
f 8236 8237 8238
f 8236 8238 8239
f 8239 8238 8240
f 8241 8236 8239
f 8239 8240 8242
f 8241 8239 8243
f 8243 8239 8242
f 8244 8241 8243
f 8243 8242 8245
f 8244 8243 8246
f 8246 8243 8245
f 8247 8244 8246
f 8246 8245 8248
f 8247 8246 8249
f 8249 8246 8248
f 8250 8247 8249
f 8249 8248 8251
f 8250 8249 8252
f 8252 8249 8251
f 8253 8250 8252
f 8252 8251 8254
f 8255 8253 8252
f 8255 8252 8254
f 8256 8255 8254
f 8256 8254 8257
f 8256 8258 8255
f 8259 8256 8257
f 8259 8257 8260
f 8256 8261 8258
f 8259 8261 8256
f 8261 8262 8258
f 8259 8263 8261
f 8264 8259 8260
f 8261 8265 8262
f 8263 8265 8261
f 8265 8266 8262
f 8263 8267 8265
f 8265 8268 8266
f 8267 8268 8265
f 8268 8269 8266
f 8267 8270 8268
f 8268 8271 8269
f 8270 8271 8268
f 8271 8272 8269
f 8270 8273 8271
f 8271 8274 8272
f 8273 8274 8271
f 8273 8275 8274
f 8264 8260 8276
f 8277 8264 8276
f 8260 8278 8276
f 8260 8279 8278
f 8279 8280 8278
f 8279 8281 8280
f 8281 8282 8280
f 8281 8283 8282
f 8283 8284 8282
f 8283 8285 8284
f 8285 8286 8284
f 8285 8287 8286
f 8284 8286 8288
f 8284 8288 8289
f 8282 8284 8289
f 8282 8289 8290
f 8280 8282 8290
f 8280 8290 8291
f 8278 8280 8291
f 8278 8291 8292
f 8276 8278 8292
f 8276 8292 8293
f 8277 8276 8293
f 8294 8277 8293
f 8294 8293 8295
f 8294 8296 8277
f 8297 8294 8295
f 8297 8295 8298
f 8294 8299 8296
f 8297 8299 8294
f 8299 8300 8296
f 8297 8301 8299
f 8302 8297 8298
f 8299 8303 8300
f 8301 8303 8299
f 8303 8304 8300
f 8301 8305 8303
f 8303 8306 8304
f 8305 8306 8303
f 8306 8307 8304
f 8305 8308 8306
f 8306 8309 8307
f 8308 8309 8306
f 8309 8310 8307
f 8308 8311 8309
f 8309 8312 8310
f 8311 8312 8309
f 8311 8313 8312
f 8302 8298 8314
f 8315 8302 8314
f 8298 8316 8314
f 8298 8317 8316
f 8317 8318 8316
f 8317 8319 8318
f 8319 8320 8318
f 8319 8321 8320
f 8321 8322 8320
f 8321 8323 8322
f 8323 8324 8322
f 8323 8325 8324
f 8322 8324 8326
f 8322 8326 8327
f 8320 8322 8327
f 8320 8327 8328
f 8318 8320 8328
f 8318 8328 8329
f 8316 8318 8329
f 8316 8329 8330
f 8314 8316 8330
f 8314 8330 8331
f 8315 8314 8331
f 8332 8315 8331
f 8332 8331 8333
f 8332 8334 8315
f 8335 8332 8333
f 8335 8333 8336
f 8332 8337 8334
f 8335 8337 8332
f 8337 8338 8334
f 8335 8339 8337
f 8340 8335 8336
f 8337 8341 8338
f 8339 8341 8337
f 8341 8342 8338
f 8339 8343 8341
f 8341 8344 8342
f 8343 8344 8341
f 8344 8345 8342
f 8343 8346 8344
f 8344 8347 8345
f 8346 8347 8344
f 8347 8348 8345
f 8346 8349 8347
f 8347 8350 8348
f 8349 8350 8347
f 8349 8351 8350
f 8340 8336 8352
f 8353 8340 8352
f 8336 8354 8352
f 8336 8355 8354
f 8355 8356 8354
f 8355 8357 8356
f 8357 8358 8356
f 8357 8359 8358
f 8359 8360 8358
f 8359 8361 8360
f 8361 8362 8360
f 8361 8363 8362
f 8360 8362 8364
f 8360 8364 8365
f 8358 8360 8365
f 8358 8365 8366
f 8356 8358 8366
f 8356 8366 8367
f 8354 8356 8367
f 8354 8367 8368
f 8352 8354 8368
f 8352 8368 8369
f 8353 8352 8369
f 8370 8353 8369
f 8370 8369 8371
f 8370 8372 8353
f 8371 8373 8370
f 8370 8374 8372
f 8373 8374 8370
f 8374 8375 8372
f 8373 8376 8374
f 8374 8377 8375
f 8376 8377 8374
f 8377 8378 8375
f 8376 8379 8377
f 8377 8380 8378
f 8379 8380 8377
f 8380 8381 8378
f 8379 8382 8380
f 8380 8383 8381
f 8382 8383 8380
f 8383 8384 8381
f 8382 8385 8383
f 8383 8386 8384
f 8385 8386 8383
f 8385 8387 8386
f 8388 8389 8390
f 8388 8390 8391
f 8392 8388 8391
f 8389 8393 8390
f 8389 8394 8393
f 8392 8391 8395
f 8396 8392 8395
f 8394 8397 8393
f 8394 8398 8397
f 8396 8395 8399
f 8400 8396 8399
f 8398 8401 8397
f 8398 8402 8401
f 8400 8399 8403
f 8404 8400 8403
f 8402 8405 8401
f 8402 8406 8405
f 8404 8403 8407
f 8408 8404 8407
f 8406 8409 8405
f 8406 8410 8409
f 8408 8407 8411
f 8412 8408 8411
f 8410 8413 8409
f 8410 8414 8413
f 8412 8411 8415
f 8416 8412 8415
f 8414 8417 8413
f 8414 8418 8417
f 8416 8415 8419
f 8420 8416 8419
f 8418 8421 8417
f 8418 8422 8421
f 8420 8419 8423
f 8424 8420 8423
f 8422 8425 8421
f 8422 8426 8425
f 8424 8423 8427
f 8428 8424 8427
f 8426 8429 8425
f 8426 8430 8429
f 8428 8427 8431
f 8432 8428 8431
f 8430 8433 8429
f 8430 8434 8433
f 8432 8431 8435
f 8436 8432 8435
f 8434 8437 8433
f 8434 8438 8437
f 8436 8435 8439
f 8440 8436 8439
f 8438 8441 8437
f 8438 8442 8441
f 8440 8439 8443
f 8444 8440 8443
f 8442 8445 8441
f 8442 8446 8445
f 8444 8443 8447
f 8448 8444 8447
f 8446 8449 8445
f 8446 8450 8449
f 8450 8448 8451
f 8448 8447 8451
f 8450 8451 8449
f 8437 8441 8452
f 8441 8445 8453
f 8441 8453 8452
f 8445 8449 8454
f 8445 8454 8453
f 8449 8451 8455
f 8449 8455 8454
f 8451 8447 8456
f 8451 8456 8455
f 8447 8443 8457
f 8447 8457 8456
f 8437 8452 8458
f 8433 8437 8458
f 8443 8459 8457
f 8443 8439 8459
f 8433 8458 8460
f 8429 8433 8460
f 8439 8461 8459
f 8439 8435 8461
f 8429 8460 8462
f 8425 8429 8462
f 8435 8463 8461
f 8435 8431 8463
f 8425 8462 8464
f 8421 8425 8464
f 8431 8465 8463
f 8431 8427 8465
f 8421 8464 8466
f 8417 8421 8466
f 8427 8467 8465
f 8427 8423 8467
f 8417 8466 8468
f 8413 8417 8468
f 8423 8469 8467
f 8423 8419 8469
f 8413 8468 8470
f 8409 8413 8470
f 8419 8471 8469
f 8419 8415 8471
f 8409 8470 8472
f 8405 8409 8472
f 8415 8473 8471
f 8415 8411 8473
f 8405 8472 8474
f 8401 8405 8474
f 8411 8475 8473
f 8411 8407 8475
f 8401 8474 8476
f 8397 8401 8476
f 8407 8477 8475
f 8407 8403 8477
f 8397 8476 8478
f 8393 8397 8478
f 8403 8479 8477
f 8403 8399 8479
f 8393 8478 8480
f 8390 8393 8480
f 8399 8481 8479
f 8399 8395 8481
f 8390 8480 8482
f 8391 8390 8482
f 8395 8391 8483
f 8395 8483 8481
f 8391 8482 8483
f 8478 8476 8484
f 8480 8478 8485
f 8478 8484 8485
f 8482 8480 8486
f 8480 8485 8486
f 8483 8482 8487
f 8482 8486 8487
f 8481 8483 8488
f 8483 8487 8488
f 8479 8481 8489
f 8481 8488 8489
f 8476 8490 8484
f 8476 8474 8490
f 8479 8489 8491
f 8477 8479 8491
f 8474 8492 8490
f 8474 8472 8492
f 8477 8491 8493
f 8475 8477 8493
f 8472 8494 8492
f 8472 8470 8494
f 8475 8493 8495
f 8473 8475 8495
f 8470 8496 8494
f 8470 8468 8496
f 8473 8495 8497
f 8471 8473 8497
f 8468 8498 8496
f 8468 8466 8498
f 8471 8497 8499
f 8469 8471 8499
f 8466 8500 8498
f 8466 8464 8500
f 8469 8499 8501
f 8467 8469 8501
f 8464 8502 8500
f 8464 8462 8502
f 8467 8501 8503
f 8465 8467 8503
f 8462 8504 8502
f 8462 8460 8504
f 8465 8503 8505
f 8463 8465 8505
f 8460 8506 8504
f 8460 8458 8506
f 8463 8505 8507
f 8461 8463 8507
f 8458 8508 8506
f 8458 8452 8508
f 8461 8507 8509
f 8459 8461 8509
f 8452 8510 8508
f 8452 8453 8510
f 8459 8509 8511
f 8457 8459 8511
f 8453 8512 8510
f 8453 8454 8512
f 8457 8511 8513
f 8456 8457 8513
f 8454 8514 8512
f 8454 8455 8514
f 8455 8456 8515
f 8456 8513 8515
f 8455 8515 8514
f 8508 8510 8516
f 8510 8512 8517
f 8510 8517 8516
f 8512 8514 8518
f 8512 8518 8517
f 8514 8515 8519
f 8514 8519 8518
f 8515 8513 8520
f 8515 8520 8519
f 8513 8511 8521
f 8513 8521 8520
f 8508 8516 8522
f 8506 8508 8522
f 8511 8523 8521
f 8511 8509 8523
f 8506 8522 8524
f 8504 8506 8524
f 8509 8525 8523
f 8509 8507 8525
f 8504 8524 8526
f 8502 8504 8526
f 8507 8527 8525
f 8507 8505 8527
f 8502 8526 8528
f 8500 8502 8528
f 8505 8529 8527
f 8505 8503 8529
f 8500 8528 8530
f 8498 8500 8530
f 8503 8531 8529
f 8503 8501 8531
f 8498 8530 8532
f 8496 8498 8532
f 8501 8533 8531
f 8501 8499 8533
f 8496 8532 8534
f 8494 8496 8534
f 8499 8535 8533
f 8499 8497 8535
f 8494 8534 8536
f 8492 8494 8536
f 8497 8537 8535
f 8497 8495 8537
f 8492 8536 8538
f 8490 8492 8538
f 8495 8539 8537
f 8495 8493 8539
f 8490 8538 8540
f 8484 8490 8540
f 8493 8541 8539
f 8493 8491 8541
f 8484 8540 8542
f 8485 8484 8542
f 8491 8543 8541
f 8491 8489 8543
f 8485 8542 8544
f 8486 8485 8544
f 8489 8545 8543
f 8489 8488 8545
f 8486 8544 8546
f 8487 8486 8546
f 8488 8487 8547
f 8488 8547 8545
f 8487 8546 8547
f 8542 8540 8548
f 8544 8542 8549
f 8542 8548 8549
f 8546 8544 8550
f 8544 8549 8550
f 8547 8546 8551
f 8546 8550 8551
f 8545 8547 8552
f 8547 8551 8552
f 8543 8545 8553
f 8545 8552 8553
f 8540 8554 8548
f 8540 8538 8554
f 8543 8553 8555
f 8541 8543 8555
f 8538 8556 8554
f 8538 8536 8556
f 8541 8555 8557
f 8539 8541 8557
f 8536 8558 8556
f 8536 8534 8558
f 8539 8557 8559
f 8537 8539 8559
f 8534 8560 8558
f 8534 8532 8560
f 8537 8559 8561
f 8535 8537 8561
f 8532 8562 8560
f 8532 8530 8562
f 8535 8561 8563
f 8533 8535 8563
f 8530 8564 8562
f 8530 8528 8564
f 8533 8563 8565
f 8531 8533 8565
f 8528 8566 8564
f 8528 8526 8566
f 8531 8565 8567
f 8529 8531 8567
f 8526 8568 8566
f 8526 8524 8568
f 8529 8567 8569
f 8527 8529 8569
f 8524 8570 8568
f 8524 8522 8570
f 8527 8569 8571
f 8525 8527 8571
f 8522 8572 8570
f 8522 8516 8572
f 8525 8571 8573
f 8523 8525 8573
f 8516 8574 8572
f 8516 8517 8574
f 8523 8573 8575
f 8521 8523 8575
f 8517 8576 8574
f 8517 8518 8576
f 8521 8575 8577
f 8520 8521 8577
f 8518 8578 8576
f 8518 8519 8578
f 8519 8520 8579
f 8520 8577 8579
f 8519 8579 8578
f 8572 8574 8580
f 8574 8576 8581
f 8574 8581 8580
f 8576 8578 8582
f 8576 8582 8581
f 8578 8579 8583
f 8578 8583 8582
f 8579 8577 8584
f 8579 8584 8583
f 8577 8575 8585
f 8577 8585 8584
f 8572 8580 8586
f 8570 8572 8586
f 8575 8587 8585
f 8575 8573 8587
f 8570 8586 8588
f 8568 8570 8588
f 8573 8589 8587
f 8573 8571 8589
f 8568 8588 8590
f 8566 8568 8590
f 8571 8591 8589
f 8571 8569 8591
f 8566 8590 8592
f 8564 8566 8592
f 8564 8592 8593
f 8562 8564 8593
f 8592 8590 8594
f 8593 8592 8594
f 8590 8588 8595
f 8590 8595 8594
f 8562 8593 8596
f 8560 8562 8596
f 8597 8596 8593
f 8560 8596 8597
f 8593 8594 8597
f 8558 8560 8597
f 8558 8597 8594
f 8556 8558 8594
f 8556 8594 8595
f 8554 8556 8595
f 8588 8598 8595
f 8554 8595 8598
f 8588 8586 8598
f 8548 8554 8598
f 8586 8599 8598
f 8548 8598 8599
f 8586 8580 8599
f 8549 8548 8599
f 8580 8600 8599
f 8549 8599 8600
f 8580 8581 8600
f 8550 8549 8600
f 8581 8601 8600
f 8550 8600 8601
f 8581 8582 8601
f 8551 8550 8601
f 8582 8602 8601
f 8551 8601 8602
f 8582 8583 8602
f 8552 8551 8602
f 8583 8603 8602
f 8552 8602 8603
f 8583 8584 8603
f 8553 8552 8603
f 8584 8604 8603
f 8553 8603 8604
f 8555 8553 8604
f 8584 8585 8604
f 8555 8604 8605
f 8585 8605 8604
f 8557 8555 8605
f 8585 8606 8605
f 8557 8605 8606
f 8585 8587 8606
f 8559 8557 8606
f 8587 8607 8606
f 8559 8606 8607
f 8587 8589 8607
f 8561 8559 8607
f 8589 8608 8607
f 8561 8607 8608
f 8563 8561 8608
f 8589 8591 8608
f 8563 8608 8609
f 8591 8609 8608
f 8565 8563 8609
f 8591 8610 8609
f 8569 8610 8591
f 8569 8567 8610
f 8565 8609 8611
f 8567 8565 8611
f 8610 8611 8609
f 8567 8611 8610
f 8269 8272 8612
f 8269 8612 8613
f 8613 8612 8237
f 8266 8269 8613
f 8613 8237 8236
f 8266 8613 8614
f 8614 8613 8236
f 8262 8266 8614
f 8614 8236 8241
f 8262 8614 8615
f 8615 8614 8241
f 8258 8262 8615
f 8615 8241 8244
f 8258 8615 8616
f 8616 8615 8244
f 8255 8258 8616
f 8616 8244 8247
f 8255 8616 8253
f 8253 8616 8247
f 8253 8247 8250
f 8307 8310 8617
f 8307 8617 8618
f 8618 8617 8275
f 8304 8307 8618
f 8618 8275 8273
f 8304 8618 8619
f 8619 8618 8273
f 8300 8304 8619
f 8619 8273 8270
f 8300 8619 8620
f 8620 8619 8270
f 8296 8300 8620
f 8620 8270 8267
f 8296 8620 8621
f 8621 8620 8267
f 8277 8296 8621
f 8621 8267 8263
f 8277 8621 8264
f 8264 8621 8263
f 8264 8263 8259
f 8242 8240 8622
f 8242 8622 8623
f 8623 8622 8287
f 8245 8242 8623
f 8623 8287 8285
f 8245 8623 8624
f 8624 8623 8285
f 8248 8245 8624
f 8624 8285 8283
f 8248 8624 8625
f 8625 8624 8283
f 8251 8248 8625
f 8625 8283 8281
f 8251 8625 8626
f 8626 8625 8281
f 8254 8251 8626
f 8626 8281 8279
f 8254 8626 8257
f 8257 8626 8279
f 8257 8279 8260
f 8289 8288 8627
f 8289 8627 8628
f 8628 8627 8325
f 8290 8289 8628
f 8628 8325 8323
f 8290 8628 8629
f 8629 8628 8323
f 8291 8290 8629
f 8629 8323 8321
f 8291 8629 8630
f 8630 8629 8321
f 8292 8291 8630
f 8630 8321 8319
f 8292 8630 8631
f 8631 8630 8319
f 8293 8292 8631
f 8631 8319 8317
f 8293 8631 8295
f 8295 8631 8317
f 8295 8317 8298
f 8327 8326 8632
f 8327 8632 8633
f 8633 8632 8363
f 8328 8327 8633
f 8633 8363 8361
f 8328 8633 8634
f 8634 8633 8361
f 8329 8328 8634
f 8634 8361 8359
f 8329 8634 8635
f 8635 8634 8359
f 8330 8329 8635
f 8635 8359 8357
f 8330 8635 8636
f 8636 8635 8357
f 8331 8330 8636
f 8636 8357 8355
f 8331 8636 8333
f 8333 8636 8355
f 8333 8355 8336
f 8365 8364 8637
f 8365 8637 8638
f 8638 8637 8387
f 8366 8365 8638
f 8638 8387 8385
f 8366 8638 8639
f 8639 8638 8385
f 8367 8366 8639
f 8639 8385 8382
f 8367 8639 8640
f 8640 8639 8382
f 8368 8367 8640
f 8640 8382 8379
f 8368 8640 8641
f 8641 8640 8379
f 8369 8368 8641
f 8641 8379 8376
f 8369 8641 8371
f 8371 8641 8376
f 8371 8376 8373
f 8381 8384 8642
f 8381 8642 8643
f 8643 8642 8351
f 8378 8381 8643
f 8643 8351 8349
f 8378 8643 8644
f 8644 8643 8349
f 8375 8378 8644
f 8644 8349 8346
f 8375 8644 8645
f 8645 8644 8346
f 8372 8375 8645
f 8645 8346 8343
f 8372 8645 8646
f 8646 8645 8343
f 8353 8372 8646
f 8646 8343 8339
f 8353 8646 8340
f 8340 8646 8339
f 8340 8339 8335
f 8345 8348 8647
f 8345 8647 8648
f 8648 8647 8313
f 8342 8345 8648
f 8648 8313 8311
f 8342 8648 8649
f 8649 8648 8311
f 8338 8342 8649
f 8649 8311 8308
f 8338 8649 8650
f 8650 8649 8308
f 8334 8338 8650
f 8650 8308 8305
f 8334 8650 8651
f 8651 8650 8305
f 8315 8334 8651
f 8651 8305 8301
f 8315 8651 8302
f 8302 8651 8301
f 8302 8301 8297
v 16.43888 -6.655992 35.19681
v 16.42293 -6.650819 35.21915
v 17.64839 0.5214493 34.43359
v 17.66434 0.5162765 34.41125
v 16.45891 -6.66146 35.17812
v 17.68437 0.5108073 34.39256
v 16.48224 -6.667016 35.1638
v 17.7077 0.505252 34.37823
v 16.50798 -6.672444 35.15438
v 17.73344 0.499824 34.36882
v 16.53514 -6.677536 35.15026
v 17.76059 0.4947319 34.36469
v 16.56266 -6.682096 35.15156
v 17.78812 0.4901714 34.366
v 16.58951 -6.68595 35.15826
v 17.81497 0.4863178 34.37269
v 16.61464 -6.688949 35.17008
v 17.8401 0.4833191 34.38452
v 16.42293 -6.650819 35.21915
v 17.63712 0.5261269 34.45872
v 17.64839 0.5214493 34.43359
v 16.41166 -6.646141 35.24429
v 17.63098 0.5301297 34.48567
v 16.40552 -6.642138 35.27124
v 17.63018 0.5333037 34.51342
v 16.40472 -6.638964 35.29898
v 17.63478 0.5355271 34.54088
v 16.40932 -6.636741 35.32645
v 17.64458 0.5367143 34.56701
v 16.41912 -6.635554 35.35258
v 17.65922 0.5368196 34.59081
v 16.43376 -6.635448 35.37637
v 17.67812 0.5358393 34.61135
v 16.45266 -6.636429 35.39692
v 17.70057 0.5338108 34.62785
v 16.47511 -6.638457 35.41342
v 16.47511 -6.638457 35.41342
v 17.7257 0.5308121 34.63968
v 17.70057 0.5338108 34.62785
v 16.50025 -6.641456 35.42524
v 17.75255 0.5269584 34.64637
v 16.52709 -6.645309 35.43194
v 17.78008 0.5223979 34.64768
v 16.55462 -6.64987 35.43325
v 17.80724 0.5173059 34.64355
v 16.58178 -6.654962 35.42912
v 17.83297 0.5118778 34.63414
v 16.60751 -6.66039 35.41971
v 17.8563 0.5063225 34.61982
v 16.63084 -6.665946 35.40538
v 17.87633 0.5008534 34.60112
v 16.65087 -6.671414 35.38669
v 17.89228 0.4956806 34.57878
v 16.66682 -6.676587 35.36435
v 16.66682 -6.676587 35.36435
v 17.90355 0.4910029 34.55365
v 17.89228 0.4956806 34.57878
v 16.67809 -6.681265 35.33922
v 17.9097 0.4870002 34.5267
v 16.68424 -6.685268 35.31226
v 17.91049 0.4838262 34.49895
v 16.68503 -6.688442 35.28452
v 17.9059 0.4816028 34.47149
v 16.68044 -6.690665 35.25705
v 17.89609 0.4804156 34.44535
v 16.67063 -6.691852 35.23092
v 17.88146 0.4803102 34.42156
v 16.656 -6.691957 35.20713
v 17.86255 0.4812906 34.40102
v 16.63709 -6.690977 35.18658
v 17.8401 0.4833191 34.38452
v 16.61464 -6.688949 35.17008
v 17.63712 0.5261269 34.45872
v 17.63098 0.5301297 34.48567
v 17.63018 0.5333037 34.51342
v 17.63478 0.5355271 34.54088
v 17.64839 0.5214493 34.43359
v 17.64458 0.5367143 34.56701
v 17.66434 0.5162765 34.41125
v 17.68437 0.5108073 34.39256
v 17.65922 0.5368196 34.59081
v 17.7077 0.505252 34.37823
v 17.67812 0.5358393 34.61135
v 17.73344 0.499824 34.36882
v 17.70057 0.5338108 34.62785
v 17.76059 0.4947319 34.36469
v 17.7257 0.5308121 34.63968
v 17.78812 0.4901714 34.366
v 17.75255 0.5269584 34.64637
v 17.81497 0.4863178 34.37269
v 17.78008 0.5223979 34.64768
v 17.8401 0.4833191 34.38452
v 17.80724 0.5173059 34.64355
v 17.86255 0.4812906 34.40102
v 17.83297 0.5118778 34.63414
v 17.88146 0.4803102 34.42156
v 17.8563 0.5063225 34.61982
v 17.89609 0.4804156 34.44535
v 17.87633 0.5008534 34.60112
v 17.9059 0.4816028 34.47149
v 17.89228 0.4956806 34.57878
v 17.91049 0.4838262 34.49895
v 17.90355 0.4910029 34.55365
v 17.9097 0.4870002 34.5267
v 16.40472 -6.638964 35.29898
v 16.40552 -6.642138 35.27124
v 16.41166 -6.646141 35.24429
v 16.40932 -6.636741 35.32645
v 16.42293 -6.650819 35.21915
v 16.41912 -6.635554 35.35258
v 16.43888 -6.655992 35.19681
v 16.43376 -6.635448 35.37637
v 16.45891 -6.66146 35.17812
v 16.45266 -6.636429 35.39692
v 16.48224 -6.667016 35.1638
v 16.50798 -6.672444 35.15438
v 16.47511 -6.638457 35.41342
v 16.53514 -6.677536 35.15026
v 16.50025 -6.641456 35.42524
v 16.56266 -6.682096 35.15156
v 16.52709 -6.645309 35.43194
v 16.58951 -6.68595 35.15826
v 16.55462 -6.64987 35.43325
v 16.61464 -6.688949 35.17008
v 16.58178 -6.654962 35.42912
v 16.63709 -6.690977 35.18658
v 16.60751 -6.66039 35.41971
v 16.656 -6.691957 35.20713
v 16.63084 -6.665946 35.40538
v 16.67063 -6.691852 35.23092
v 16.65087 -6.671414 35.38669
v 16.68044 -6.690665 35.25705
v 16.66682 -6.676587 35.36435
v 16.68503 -6.688442 35.28452
v 16.67809 -6.681265 35.33922
v 16.68424 -6.685268 35.31226
v 20.21685 -1.676806 35.10332
v 20.26091 -2.844385 35.26211
v 20.27787 -2.91236 34.66796
v 20.23247 -1.739377 34.55641
v 20.17949 -2.959975 34.07976
v 19.92081 -0.870315 34.95995
v 20.14191 -1.783206 34.01497
v 19.93402 -0.9232595 34.49717
v 19.34435 -0.09522587 34.78511
v 19.8574 -0.9603459 34.03904
v 19.35364 -0.1324409 34.45983
v 18.89413 0.2159451 34.68716
v 19.29978 -0.1585092 34.1378
v 18.90063 0.1898997 34.45951
v 18.17 0.4956927 34.55858
v 18.86294 0.1716556 34.23413
v 18.17223 0.4867757 34.48064
v 18.15273 0.5069377 34.63431
v 18.15932 0.4805296 34.40348
v 18.12108 0.5200789 34.70491
v 18.07626 0.534611 34.76767
v 18.13178 0.4771943 34.33007
v 18.75123 0.2871743 35.11457
v 18.02 0.5499757 34.82019
v 18.09066 0.4768981 34.26322
v 18.62032 0.3296208 35.29789
v 19.14017 0.006550452 35.39581
v 18.45599 0.3744992 35.45128
v 17.95445 0.5655825 34.86043
v 18.95312 0.0672005 35.65776
v 19.63032 -0.7255212 35.82877
v 18.71831 0.1313253 35.87693
v 19.36421 -0.6392365 36.20143
v 19.87355 -1.505685 36.13012
v 19.03016 -0.5480083 36.51324
v 19.55905 -1.403712 36.57054
v 19.88795 -2.658485 36.37758
v 19.16426 -1.295896 36.93904
v 19.54629 -2.547705 36.85604
v 19.1174 -2.430578 37.25636
v 18.03755 0.4796523 34.20551
v 17.88215 0.5808316 34.88686
v 18.50726 0.1690933 33.65589
v 18.6624 0.1610485 33.82445
v 18.79156 -0.1621704 33.31157
v 19.01324 -0.1736651 33.55242
v 19.13437 -0.9655546 32.86359
v 19.44974 -0.9819078 33.20624
v 19.28742 -1.789362 32.6258
v 19.66013 -1.808689 33.03075
v 19.25121 -2.966663 32.57061
v 19.6561 -2.987658 33.01054
v 18.77042 -2.92322 32.21722
v 18.84486 -1.749373 32.30051
v 18.7599 -0.9317179 32.58834
v 18.52834 -0.1383863 33.1181
v 18.32304 0.1857388 33.52048
v 17.97448 0.4853511 34.15915
v 17.80586 0.595137 34.89847
v 17.90388 0.4937755 34.12593
v 18.05335 0.4646254 35.64604
v 17.72852 0.607949 34.89479
v 17.82846 0.5046017 34.10712
v 17.83052 0.5064099 35.67993
v 18.143 0.2601027 36.15521
v 17.60462 0.5438322 35.66919
v 17.6531 0.6187751 34.87598
v 17.82461 0.3198067 36.20363
v 18.21169 -0.3648009 36.90914
v 17.50183 0.3732778 36.1883
v 17.75872 -0.2798621 36.97803
v 18.19697 -1.079378 37.40693
v 17.29951 -0.2037906 36.95621
v 17.66165 -0.978995 37.48833
v 18.06657 -2.195359 37.76466
v 17.11894 -0.889092 37.46255
v 17.48502 -2.086307 37.8531
v 16.89544 -1.988639 37.8251
v 17.75112 0.5174137 34.10345
v 17.5825 0.6271995 34.84276
v 17.67062 0.2793897 33.35778
v 17.89652 0.2419674 33.36851
v 17.59614 -0.004572609 32.88562
v 17.91892 -0.05804374 32.90095
v 17.43368 -0.7413456 32.2576
v 17.89289 -0.8174171 32.27941
v 17.27751 -1.524387 31.90963
v 17.82021 -1.61429 31.93541
v 17.0677 -2.678802 31.79258
v 17.65727 -2.77647 31.82059
v 16.48614 -2.56975 31.88103
v 16.74218 -1.424004 31.99104
v 16.98071 -0.6564068 32.32648
v 17.27774 0.05513132 32.93404
v 17.44779 0.3211741 33.39167
v 17.67483 0.5317191 34.11505
v 17.51943 0.6328983 34.79641
v 17.60252 0.5469683 34.14148
v 17.17811 0.6000606 35.51722
v 17.46631 0.6356525 34.7387
v 17.53698 0.562575 34.18173
v 16.99389 0.6167061 35.38182
v 16.89241 0.4536201 35.97115
v 16.83875 0.6247509 35.21326
v 17.4252 0.6353564 34.67185
v 16.62918 0.4774042 35.77768
v 16.43251 -0.08949026 36.64728
v 16.40751 0.4888991 35.53682
v 16.05803 -0.05565343 36.37204
v 16.0943 -0.7540092 37.09745
v 15.74266 -0.03930013 36.02938
v 15.65173 -0.7140201 36.77217
v 15.7823 -1.84189 37.42846
v 15.27903 -0.6946934 36.36721
v 15.30151 -1.798447 37.07508
v 14.89662 -1.777451 36.63515
v 17.48072 0.5779397 34.23425
v 17.39766 0.6320211 34.59844
v 16.88083 0.4561788 33.73981
v 17.04516 0.4113004 33.58643
v 16.46763 0.2480337 33.43149
v 16.70244 0.1839089 33.21232
v 15.82819 -0.3819712 33.03419
v 16.16224 -0.4731994 32.72239
v 15.3801 -1.09967 32.82742
v 15.77489 -1.207485 32.45893
v 15.00642 -2.217404 32.78965
v 15.43531 -2.334531 32.38932
v 14.66476 -2.106624 33.2681
v 15.0656 -0.9976964 33.26785
v 15.56208 -0.2956863 33.40685
v 16.28058 0.3086838 33.69344
v 16.74992 0.4986254 33.92314
v 17.4359 0.5924719 34.29701
v 17.38475 0.625775 34.52128
v 17.40425 0.605613 34.36761
v 16.63821 0.614144 34.80357
v 17.38698 0.6168581 34.44334
v 16.60051 0.5958999 34.5782
v 16.12097 0.4737433 34.95145
v 16.60702 0.5698546 34.35054
v 16.0671 0.447675 34.62942
v 15.335 -0.06086179 35.19659
v 16.07639 0.41046 34.30413
v 15.25838 -0.09794807 34.73845
v 14.79724 -0.7201754 35.38299
v 15.27159 -0.1508926 34.27568
v 14.70668 -0.7640048 34.84156
v 14.37322 -1.805134 35.56593
v 14.7223 -0.8265759 34.29464
v 14.27484 -1.852749 34.97773
v 14.29181 -1.920724 34.38358
v 18.06657 -2.195359 37.76466
v 17.48502 -2.086307 37.8531
v 17.47131 -2.10577 37.65402
v 18.01466 -2.207658 37.57139
v 18.61776 -2.311605 37.56317
v 16.92047 -2.014519 37.62785
v 16.89544 -1.988639 37.8251
v 18.52964 -2.316267 37.38313
v 19.1174 -2.430578 37.25636
v 16.3833 -1.937412 37.49389
v 16.32051 -1.90611 37.68171
v 18.99645 -2.427423 37.09649
v 19.54629 -2.547705 36.85604
v 15.88046 -1.877411 37.25728
v 15.7823 -1.84189 37.42846
v 19.39717 -2.536855 36.72247
v 19.88795 -2.658485 36.37758
v 15.43126 -1.836822 36.92712
v 15.30151 -1.798447 37.07508
v 19.71638 -2.640357 36.27544
v 20.12925 -2.758662 35.83938
v 15.05296 -1.817205 36.51609
v 14.89662 -1.777451 36.63515
v 19.94182 -2.733953 35.77259
v 20.26091 -2.844385 35.26211
v 14.76011 -1.819315 36.03999
v 14.58317 -1.779709 36.12557
v 20.06483 -2.814044 35.23325
v 20.27787 -2.91236 34.66796
v 14.56395 -1.843069 35.51711
v 14.37322 -1.805134 35.56593
v 20.08068 -2.877553 34.67813
v 20.17949 -2.959975 34.07976
v 14.47203 -1.887556 34.96756
v 14.27484 -1.852749 34.97773
v 19.98876 -2.92204 34.12858
v 19.96955 -2.9854 33.52012
v 14.48789 -1.951065 34.41244
v 14.29181 -1.920724 34.38358
v 19.79261 -2.945795 33.6057
v 19.6561 -2.987658 33.01054
v 14.6109 -2.031157 33.87309
v 14.42347 -2.006447 33.80631
v 19.49976 -2.947904 33.1296
v 19.25121 -2.966663 32.57061
v 14.83634 -2.124752 33.37025
v 14.66476 -2.106624 33.2681
v 19.12146 -2.928288 32.71857
v 18.77042 -2.92322 32.21722
v 15.15555 -2.228254 32.92322
v 15.00642 -2.217404 32.78965
v 18.67226 -2.887699 32.3884
v 18.23221 -2.859 31.96397
v 15.55626 -2.337686 32.5492
v 15.43531 -2.334531 32.38932
v 18.16941 -2.827698 32.15179
v 17.65727 -2.77647 31.82059
v 16.02308 -2.448843 32.26255
v 15.93495 -2.453504 32.08252
v 17.63225 -2.750591 32.01783
v 17.0677 -2.678802 31.79258
v 16.53806 -2.557452 32.0743
v 16.48614 -2.56975 31.88103
v 17.08141 -2.659339 31.99166
v 15.8851 -1.216981 32.60682
v 16.31481 -1.319301 32.34296
v 16.78884 -1.419276 32.16967
v 17.289 -1.513063 32.0936
v 17.79605 -1.59706 32.11769
v 18.29051 -1.668038 32.241
v 15.51625 -1.116249 32.9511
v 18.75338 -1.723269 32.45881
v 15.22241 -1.020975 33.36259
v 19.16687 -1.76063 32.76272
v 15.01489 -0.934821 33.82546
v 19.51509 -1.778687 33.14108
v 14.90166 -0.8610971 34.32193
v 19.78466 -1.776745 33.57933
v 14.88707 -0.8026367 34.83291
v 19.96522 -1.754879 34.06063
v 14.97168 -0.7616869 35.33878
v 20.04983 -1.713928 34.5665
v 15.15224 -0.7398207 35.82008
v 20.03524 -1.655469 35.07748
v 15.42181 -0.7378789 36.25834
v 19.92201 -1.581744 35.57395
v 15.77004 -0.7559359 36.63669
v 19.71449 -1.49559 36.03682
v 16.18353 -0.7932979 36.9406
v 19.42065 -1.400316 36.4483
v 16.6464 -0.8485289 37.1584
v 19.0518 -1.299584 36.79259
v 17.14085 -0.9195054 37.28172
v 18.6221 -1.197264 37.05645
v 17.6479 -1.003503 37.30581
v 18.14806 -1.09729 37.22974
v 16.50708 -0.128189 36.51516
v 16.89873 -0.1749228 36.69945
v 17.31712 -0.2349795 36.80379
v 17.74616 -0.3060538 36.82417
v 18.16936 -0.3854117 36.75981
v 18.57047 -0.4700053 36.61318
v 16.1572 -0.09657519 36.258
v 18.93406 -0.5565835 36.38992
v 15.86255 -0.08129626 35.93785
v 19.24617 -0.6418181 36.0986
v 15.63445 -0.0829393 35.56703
v 19.4948 -0.7224336 35.75042
v 15.48167 -0.1014414 35.15977
v 19.67039 -0.7953332 35.35876
v 15.41008 -0.1360911 34.73174
v 19.7662 -0.8577153 34.93868
v 15.42243 -0.1855574 34.29936
v 19.77855 -0.9071809 34.50631
v 15.51824 -0.2479389 33.87928
v 19.70696 -0.9418315 34.07827
v 15.69383 -0.3208385 33.48762
v 19.55418 -0.960333 33.67101
v 15.94246 -0.4014546 33.13944
v 19.32608 -0.9619768 33.30019
v 16.25456 -0.4866887 32.84812
v 19.03143 -0.946698 32.98004
v 16.61816 -0.5732669 32.62486
v 18.68156 -0.9150842 32.72288
v 17.01926 -0.6578604 32.47823
v 18.2899 -0.8683505 32.53859
v 17.44247 -0.7372189 32.41387
v 17.87151 -0.8082927 32.43425
v 17.02189 0.1076363 33.14441
v 17.30383 0.04817504 33.04135
v 17.6013 -0.007606512 32.99611
v 17.90288 -0.05756466 33.01043
v 18.19696 -0.09977961 33.08378
v 18.47226 -0.132629 33.21332
v 16.76632 0.1684922 33.30135
v 18.71819 -0.1548505 33.39408
v 16.54693 0.2284041 33.50612
v 18.9253 -0.1655901 33.61911
v 16.37217 0.2850697 33.75085
v 19.08563 -0.164435 33.87976
v 16.24875 0.3363111 34.02615
v 19.19302 -0.1514298 34.16603
v 16.1814 0.3801595 34.32143
v 19.24335 -0.1270741 34.4669
v 16.17272 0.4149295 34.62535
v 19.23467 -0.09230405 34.77081
v 16.22305 0.4392851 34.92622
v 19.16732 -0.04845575 35.06609
v 16.33044 0.4522903 35.21248
v 19.0439 0.002785791 35.34139
v 16.49077 0.4534452 35.47314
v 18.86913 0.05945127 35.58613
v 16.69788 0.4427055 35.69817
v 18.64975 0.1193632 35.7909
v 16.94381 0.420484 35.87893
v 18.39418 0.180219 35.94783
v 17.2191 0.3876345 36.00847
v 18.11224 0.2396803 36.0509
v 17.51319 0.3454199 36.08181
v 17.81477 0.2954618 36.09614
v 17.04079 0.5855458 35.32693
v 17.21291 0.5699939 35.45343
v 17.40558 0.5470038 35.54409
v 17.6114 0.5174595 35.59542
v 17.82246 0.4824958 35.60545
v 18.03065 0.4434565 35.57379
v 16.89585 0.5930621 35.16944
v 18.22797 0.4018419 35.50166
v 16.78364 0.5922538 34.98701
v 18.40683 0.3592513 35.39182
v 16.70848 0.5831521 34.78667
v 18.56037 0.3173214 35.24851
v 16.67326 0.5661065 34.5761
v 18.68268 0.2776635 35.07723
v 16.67933 0.5417724 34.3634
v 18.76906 0.2418015 34.88456
v 16.72647 0.5110846 34.15675
v 18.81619 0.2111138 34.67791
v 16.81285 0.4752228 33.96408
v 18.82227 0.1867796 34.46521
v 16.93515 0.4355648 33.7928
v 18.78705 0.1697341 34.25464
v 17.08869 0.3936348 33.64949
v 18.71189 0.1606322 34.05429
v 17.26756 0.3510441 33.53965
v 18.59968 0.1598239 33.87187
v 17.46487 0.3094296 33.46752
v 18.45473 0.1673401 33.71438
v 17.67306 0.2703903 33.43586
v 18.28262 0.182892 33.58788
v 17.88412 0.2354266 33.44589
v 18.08994 0.205882 33.49722
v 17.67833 0.5139734 34.14252
v 17.74961 0.5006078 34.13169
v 17.82187 0.4886375 34.13512
v 17.89233 0.4785226 34.15269
v 17.95829 0.4706517 34.18373
v 18.01722 0.4653273 34.22704
v 17.61077 0.5282207 34.16722
v 18.06684 0.462754 34.28096
v 17.54954 0.5428021 34.20482
v 18.10526 0.4630308 34.34341
v 17.49697 0.5571575 34.25389
v 18.13099 0.4661469 34.41201
v 17.4551 0.5707349 34.31253
v 17.42553 0.5830126 34.37849
v 17.41937 0.6076858 34.59415
v 17.4451 0.6108019 34.66274
v 17.40939 0.5935189 34.44924
v 17.40731 0.60185 34.52206
v 17.48352 0.6110786 34.7252
v 17.53314 0.6085053 34.77912
v 17.59207 0.6031809 34.82243
v 17.65803 0.59531 34.85347
v 17.72849 0.5851951 34.87104
v 17.80075 0.5732248 34.87447
v 17.87203 0.5598593 34.86363
v 17.93958 0.545612 34.83894
v 18.00082 0.5310305 34.80133
v 18.05339 0.5166753 34.75227
v 18.09526 0.5030979 34.69363
v 18.12483 0.4908201 34.62767
v 18.14305 0.4719827 34.4841
v 18.14097 0.4803138 34.55692
v 20.12925 -2.758662 35.83938
v 20.09566 -1.597898 35.6347
v 19.81826 -0.8035469 35.40957
v 19.27227 -0.04829427 35.10115
v 18.84369 0.2487906 34.90835
v 18.61776 -2.311605 37.56317
v 18.70434 -1.186382 37.22145
v 18.641 -0.4553428 36.7522
v 18.44477 0.1964603 36.0449
v 18.26455 0.4200847 35.56883
v 19.96955 -2.9854 33.52012
v 19.94866 -1.80661 33.49982
v 19.69387 -0.9801491 33.60314
v 19.18484 -0.1724289 33.83141
v 18.78249 0.1619137 34.0197
v 18.23221 -2.859 31.96397
v 18.34944 -1.690258 32.06739
v 18.3407 -0.881698 32.39109
v 18.23368 -0.1032271 32.97945
v 18.11682 0.2103453 33.42345
v 15.93495 -2.453504 32.08252
v 16.23481 -1.317 32.17651
v 16.5514 -0.5658649 32.48343
v 16.97598 0.1187738 33.04435
v 17.2366 0.3657149 33.46887
v 14.42347 -2.006447 33.80631
v 14.84349 -0.9054839 33.76326
v 15.37414 -0.2176607 33.82605
v 16.14847 0.3635285 33.98809
v 16.65746 0.537009 34.12936
v 14.58317 -1.779709 36.12557
v 14.9905 -0.6967717 35.89814
v 15.49853 -0.04105873 35.63248
v 16.23591 0.4876629 35.25784
v 16.71865 0.6238858 35.01801
v 16.32051 -1.90611 37.68171
v 16.58972 -0.813124 37.33057
v 16.85171 -0.1395103 36.84453
v 17.18707 0.4184608 36.1098
v 17.38433 0.575454 35.61426
f 8652 8653 8654
f 8652 8654 8655
f 8656 8652 8655
f 8656 8655 8657
f 8658 8656 8657
f 8658 8657 8659
f 8660 8658 8659
f 8660 8659 8661
f 8662 8660 8661
f 8662 8661 8663
f 8664 8662 8663
f 8664 8663 8665
f 8666 8664 8665
f 8666 8665 8667
f 8668 8666 8667
f 8668 8667 8669
f 8670 8671 8672
f 8670 8673 8671
f 8673 8674 8671
f 8673 8675 8674
f 8675 8676 8674
f 8675 8677 8676
f 8677 8678 8676
f 8677 8679 8678
f 8679 8680 8678
f 8679 8681 8680
f 8681 8682 8680
f 8681 8683 8682
f 8683 8684 8682
f 8683 8685 8684
f 8685 8686 8684
f 8685 8687 8686
f 8688 8689 8690
f 8688 8691 8689
f 8691 8692 8689
f 8691 8693 8692
f 8693 8694 8692
f 8693 8695 8694
f 8695 8696 8694
f 8695 8697 8696
f 8697 8698 8696
f 8697 8699 8698
f 8699 8700 8698
f 8699 8701 8700
f 8701 8702 8700
f 8701 8703 8702
f 8703 8704 8702
f 8703 8705 8704
f 8706 8707 8708
f 8706 8709 8707
f 8709 8710 8707
f 8709 8711 8710
f 8711 8712 8710
f 8711 8713 8712
f 8713 8714 8712
f 8713 8715 8714
f 8715 8716 8714
f 8715 8717 8716
f 8717 8718 8716
f 8717 8719 8718
f 8719 8720 8718
f 8719 8721 8720
f 8721 8722 8720
f 8721 8723 8722
f 8724 8725 8726
f 8726 8727 8724
f 8727 8728 8724
f 8727 8729 8728
f 8729 8730 8728
f 8729 8731 8730
f 8729 8732 8731
f 8732 8733 8731
f 8732 8734 8733
f 8734 8735 8733
f 8734 8736 8735
f 8736 8737 8735
f 8736 8738 8737
f 8738 8739 8737
f 8738 8740 8739
f 8740 8741 8739
f 8740 8742 8741
f 8742 8743 8741
f 8742 8744 8743
f 8744 8745 8743
f 8744 8746 8745
f 8746 8747 8745
f 8746 8748 8747
f 8748 8749 8747
f 8748 8750 8749
f 8750 8751 8749
f 8750 8752 8751
f 8752 8753 8751
f 8752 8754 8753
f 8754 8755 8753
f 8756 8757 8758
f 8758 8759 8756
f 8758 8760 8759
f 8760 8761 8759
f 8760 8762 8761
f 8762 8763 8761
f 8762 8764 8763
f 8764 8765 8763
f 8764 8766 8765
f 8766 8767 8765
f 8767 8768 8765
f 8767 8769 8768
f 8769 8770 8768
f 8769 8771 8770
f 8771 8772 8770
f 8771 8773 8772
f 8773 8774 8772
f 8773 8775 8774
f 8775 8776 8774
f 8775 8777 8776
f 8777 8778 8776
f 8777 8779 8778
f 8779 8780 8778
f 8779 8781 8780
f 8781 8782 8780
f 8781 8783 8782
f 8783 8784 8782
f 8783 8785 8784
f 8785 8786 8784
f 8785 8787 8786
f 8788 8789 8790
f 8788 8790 8791
f 8791 8790 8792
f 8793 8788 8791
f 8791 8792 8794
f 8793 8791 8795
f 8795 8791 8794
f 8796 8793 8795
f 8795 8794 8797
f 8796 8795 8798
f 8798 8795 8797
f 8799 8796 8798
f 8798 8797 8800
f 8799 8798 8801
f 8801 8798 8800
f 8802 8799 8801
f 8801 8800 8803
f 8802 8801 8804
f 8804 8801 8803
f 8805 8802 8804
f 8804 8803 8806
f 8807 8805 8804
f 8807 8804 8806
f 8808 8807 8806
f 8808 8806 8809
f 8808 8810 8807
f 8811 8808 8809
f 8811 8809 8812
f 8808 8813 8810
f 8811 8813 8808
f 8813 8814 8810
f 8811 8815 8813
f 8816 8811 8812
f 8813 8817 8814
f 8815 8817 8813
f 8817 8818 8814
f 8815 8819 8817
f 8817 8820 8818
f 8819 8820 8817
f 8820 8821 8818
f 8819 8822 8820
f 8820 8823 8821
f 8822 8823 8820
f 8823 8824 8821
f 8822 8825 8823
f 8823 8826 8824
f 8825 8826 8823
f 8825 8827 8826
f 8816 8812 8828
f 8829 8816 8828
f 8812 8830 8828
f 8812 8831 8830
f 8831 8832 8830
f 8831 8833 8832
f 8833 8834 8832
f 8833 8835 8834
f 8835 8836 8834
f 8835 8837 8836
f 8837 8838 8836
f 8837 8839 8838
f 8836 8838 8840
f 8836 8840 8841
f 8834 8836 8841
f 8834 8841 8842
f 8832 8834 8842
f 8832 8842 8843
f 8830 8832 8843
f 8830 8843 8844
f 8828 8830 8844
f 8828 8844 8845
f 8829 8828 8845
f 8846 8829 8845
f 8846 8845 8847
f 8846 8848 8829
f 8849 8846 8847
f 8849 8847 8850
f 8846 8851 8848
f 8849 8851 8846
f 8851 8852 8848
f 8849 8853 8851
f 8854 8849 8850
f 8851 8855 8852
f 8853 8855 8851
f 8855 8856 8852
f 8853 8857 8855
f 8855 8858 8856
f 8857 8858 8855
f 8858 8859 8856
f 8857 8860 8858
f 8858 8861 8859
f 8860 8861 8858
f 8861 8862 8859
f 8860 8863 8861
f 8861 8864 8862
f 8863 8864 8861
f 8863 8865 8864
f 8854 8850 8866
f 8867 8854 8866
f 8850 8868 8866
f 8850 8869 8868
f 8869 8870 8868
f 8869 8871 8870
f 8871 8872 8870
f 8871 8873 8872
f 8873 8874 8872
f 8873 8875 8874
f 8875 8876 8874
f 8875 8877 8876
f 8874 8876 8878
f 8874 8878 8879
f 8872 8874 8879
f 8872 8879 8880
f 8870 8872 8880
f 8870 8880 8881
f 8868 8870 8881
f 8868 8881 8882
f 8866 8868 8882
f 8866 8882 8883
f 8867 8866 8883
f 8884 8867 8883
f 8884 8883 8885
f 8884 8886 8867
f 8887 8884 8885
f 8887 8885 8888
f 8884 8889 8886
f 8887 8889 8884
f 8889 8890 8886
f 8887 8891 8889
f 8892 8887 8888
f 8889 8893 8890
f 8891 8893 8889
f 8893 8894 8890
f 8891 8895 8893
f 8893 8896 8894
f 8895 8896 8893
f 8896 8897 8894
f 8895 8898 8896
f 8896 8899 8897
f 8898 8899 8896
f 8899 8900 8897
f 8898 8901 8899
f 8899 8902 8900
f 8901 8902 8899
f 8901 8903 8902
f 8892 8888 8904
f 8905 8892 8904
f 8888 8906 8904
f 8888 8907 8906
f 8907 8908 8906
f 8907 8909 8908
f 8909 8910 8908
f 8909 8911 8910
f 8911 8912 8910
f 8911 8913 8912
f 8913 8914 8912
f 8913 8915 8914
f 8912 8914 8916
f 8912 8916 8917
f 8910 8912 8917
f 8910 8917 8918
f 8908 8910 8918
f 8908 8918 8919
f 8906 8908 8919
f 8906 8919 8920
f 8904 8906 8920
f 8904 8920 8921
f 8905 8904 8921
f 8922 8905 8921
f 8922 8921 8923
f 8922 8924 8905
f 8923 8925 8922
f 8922 8926 8924
f 8925 8926 8922
f 8926 8927 8924
f 8925 8928 8926
f 8926 8929 8927
f 8928 8929 8926
f 8929 8930 8927
f 8928 8931 8929
f 8929 8932 8930
f 8931 8932 8929
f 8932 8933 8930
f 8931 8934 8932
f 8932 8935 8933
f 8934 8935 8932
f 8935 8936 8933
f 8934 8937 8935
f 8935 8938 8936
f 8937 8938 8935
f 8937 8939 8938
f 8940 8941 8942
f 8940 8942 8943
f 8944 8940 8943
f 8941 8945 8942
f 8941 8946 8945
f 8944 8943 8947
f 8948 8944 8947
f 8946 8949 8945
f 8946 8950 8949
f 8948 8947 8951
f 8952 8948 8951
f 8950 8953 8949
f 8950 8954 8953
f 8952 8951 8955
f 8956 8952 8955
f 8954 8957 8953
f 8954 8958 8957
f 8956 8955 8959
f 8960 8956 8959
f 8958 8961 8957
f 8958 8962 8961
f 8960 8959 8963
f 8964 8960 8963
f 8962 8965 8961
f 8962 8966 8965
f 8964 8963 8967
f 8968 8964 8967
f 8966 8969 8965
f 8966 8970 8969
f 8968 8967 8971
f 8972 8968 8971
f 8970 8973 8969
f 8970 8974 8973
f 8972 8971 8975
f 8976 8972 8975
f 8974 8977 8973
f 8974 8978 8977
f 8976 8975 8979
f 8980 8976 8979
f 8978 8981 8977
f 8978 8982 8981
f 8980 8979 8983
f 8984 8980 8983
f 8982 8985 8981
f 8982 8986 8985
f 8984 8983 8987
f 8988 8984 8987
f 8986 8989 8985
f 8986 8990 8989
f 8988 8987 8991
f 8992 8988 8991
f 8990 8993 8989
f 8990 8994 8993
f 8992 8991 8995
f 8996 8992 8995
f 8994 8997 8993
f 8994 8998 8997
f 8996 8995 8999
f 9000 8996 8999
f 8998 9001 8997
f 8998 9002 9001
f 9002 9000 9003
f 9000 8999 9003
f 9002 9003 9001
f 8989 8993 9004
f 8993 8997 9005
f 8993 9005 9004
f 8997 9001 9006
f 8997 9006 9005
f 9001 9003 9007
f 9001 9007 9006
f 9003 8999 9008
f 9003 9008 9007
f 8999 8995 9009
f 8999 9009 9008
f 8989 9004 9010
f 8985 8989 9010
f 8995 9011 9009
f 8995 8991 9011
f 8985 9010 9012
f 8981 8985 9012
f 8991 9013 9011
f 8991 8987 9013
f 8981 9012 9014
f 8977 8981 9014
f 8987 9015 9013
f 8987 8983 9015
f 8977 9014 9016
f 8973 8977 9016
f 8983 9017 9015
f 8983 8979 9017
f 8973 9016 9018
f 8969 8973 9018
f 8979 9019 9017
f 8979 8975 9019
f 8969 9018 9020
f 8965 8969 9020
f 8975 9021 9019
f 8975 8971 9021
f 8965 9020 9022
f 8961 8965 9022
f 8971 9023 9021
f 8971 8967 9023
f 8961 9022 9024
f 8957 8961 9024
f 8967 9025 9023
f 8967 8963 9025
f 8957 9024 9026
f 8953 8957 9026
f 8963 9027 9025
f 8963 8959 9027
f 8953 9026 9028
f 8949 8953 9028
f 8959 9029 9027
f 8959 8955 9029
f 8949 9028 9030
f 8945 8949 9030
f 8955 9031 9029
f 8955 8951 9031
f 8945 9030 9032
f 8942 8945 9032
f 8951 9033 9031
f 8951 8947 9033
f 8942 9032 9034
f 8943 8942 9034
f 8947 8943 9035
f 8947 9035 9033
f 8943 9034 9035
f 9030 9028 9036
f 9032 9030 9037
f 9030 9036 9037
f 9034 9032 9038
f 9032 9037 9038
f 9035 9034 9039
f 9034 9038 9039
f 9033 9035 9040
f 9035 9039 9040
f 9031 9033 9041
f 9033 9040 9041
f 9028 9042 9036
f 9028 9026 9042
f 9031 9041 9043
f 9029 9031 9043
f 9026 9044 9042
f 9026 9024 9044
f 9029 9043 9045
f 9027 9029 9045
f 9024 9046 9044
f 9024 9022 9046
f 9027 9045 9047
f 9025 9027 9047
f 9022 9048 9046
f 9022 9020 9048
f 9025 9047 9049
f 9023 9025 9049
f 9020 9050 9048
f 9020 9018 9050
f 9023 9049 9051
f 9021 9023 9051
f 9018 9052 9050
f 9018 9016 9052
f 9021 9051 9053
f 9019 9021 9053
f 9016 9054 9052
f 9016 9014 9054
f 9019 9053 9055
f 9017 9019 9055
f 9014 9056 9054
f 9014 9012 9056
f 9017 9055 9057
f 9015 9017 9057
f 9012 9058 9056
f 9012 9010 9058
f 9015 9057 9059
f 9013 9015 9059
f 9010 9060 9058
f 9010 9004 9060
f 9013 9059 9061
f 9011 9013 9061
f 9004 9062 9060
f 9004 9005 9062
f 9011 9061 9063
f 9009 9011 9063
f 9005 9064 9062
f 9005 9006 9064
f 9009 9063 9065
f 9008 9009 9065
f 9006 9066 9064
f 9006 9007 9066
f 9007 9008 9067
f 9008 9065 9067
f 9007 9067 9066
f 9060 9062 9068
f 9062 9064 9069
f 9062 9069 9068
f 9064 9066 9070
f 9064 9070 9069
f 9066 9067 9071
f 9066 9071 9070
f 9067 9065 9072
f 9067 9072 9071
f 9065 9063 9073
f 9065 9073 9072
f 9060 9068 9074
f 9058 9060 9074
f 9063 9075 9073
f 9063 9061 9075
f 9058 9074 9076
f 9056 9058 9076
f 9061 9077 9075
f 9061 9059 9077
f 9056 9076 9078
f 9054 9056 9078
f 9059 9079 9077
f 9059 9057 9079
f 9054 9078 9080
f 9052 9054 9080
f 9057 9081 9079
f 9057 9055 9081
f 9052 9080 9082
f 9050 9052 9082
f 9055 9083 9081
f 9055 9053 9083
f 9050 9082 9084
f 9048 9050 9084
f 9053 9085 9083
f 9053 9051 9085
f 9048 9084 9086
f 9046 9048 9086
f 9051 9087 9085
f 9051 9049 9087
f 9046 9086 9088
f 9044 9046 9088
f 9049 9089 9087
f 9049 9047 9089
f 9044 9088 9090
f 9042 9044 9090
f 9047 9091 9089
f 9047 9045 9091
f 9042 9090 9092
f 9036 9042 9092
f 9045 9093 9091
f 9045 9043 9093
f 9036 9092 9094
f 9037 9036 9094
f 9043 9095 9093
f 9043 9041 9095
f 9037 9094 9096
f 9038 9037 9096
f 9041 9097 9095
f 9041 9040 9097
f 9038 9096 9098
f 9039 9038 9098
f 9040 9039 9099
f 9040 9099 9097
f 9039 9098 9099
f 9094 9092 9100
f 9096 9094 9101
f 9094 9100 9101
f 9098 9096 9102
f 9096 9101 9102
f 9099 9098 9103
f 9098 9102 9103
f 9097 9099 9104
f 9099 9103 9104
f 9095 9097 9105
f 9097 9104 9105
f 9092 9106 9100
f 9092 9090 9106
f 9095 9105 9107
f 9093 9095 9107
f 9090 9108 9106
f 9090 9088 9108
f 9093 9107 9109
f 9091 9093 9109
f 9088 9110 9108
f 9088 9086 9110
f 9091 9109 9111
f 9089 9091 9111
f 9086 9112 9110
f 9086 9084 9112
f 9089 9111 9113
f 9087 9089 9113
f 9084 9114 9112
f 9084 9082 9114
f 9087 9113 9115
f 9085 9087 9115
f 9082 9116 9114
f 9082 9080 9116
f 9085 9115 9117
f 9083 9085 9117
f 9080 9118 9116
f 9080 9078 9118
f 9083 9117 9119
f 9081 9083 9119
f 9078 9120 9118
f 9078 9076 9120
f 9081 9119 9121
f 9079 9081 9121
f 9076 9122 9120
f 9076 9074 9122
f 9079 9121 9123
f 9077 9079 9123
f 9074 9124 9122
f 9074 9068 9124
f 9077 9123 9125
f 9075 9077 9125
f 9068 9126 9124
f 9068 9069 9126
f 9075 9125 9127
f 9073 9075 9127
f 9069 9128 9126
f 9069 9070 9128
f 9073 9127 9129
f 9072 9073 9129
f 9070 9130 9128
f 9070 9071 9130
f 9071 9072 9131
f 9072 9129 9131
f 9071 9131 9130
f 9124 9126 9132
f 9126 9128 9133
f 9126 9133 9132
f 9128 9130 9134
f 9128 9134 9133
f 9130 9131 9135
f 9130 9135 9134
f 9131 9129 9136
f 9131 9136 9135
f 9129 9127 9137
f 9129 9137 9136
f 9124 9132 9138
f 9122 9124 9138
f 9127 9139 9137
f 9127 9125 9139
f 9122 9138 9140
f 9120 9122 9140
f 9125 9141 9139
f 9125 9123 9141
f 9120 9140 9142
f 9118 9120 9142
f 9123 9143 9141
f 9123 9121 9143
f 9118 9142 9144
f 9116 9118 9144
f 9116 9144 9145
f 9114 9116 9145
f 9144 9142 9146
f 9145 9144 9146
f 9142 9140 9147
f 9142 9147 9146
f 9114 9145 9148
f 9112 9114 9148
f 9149 9148 9145
f 9112 9148 9149
f 9145 9146 9149
f 9110 9112 9149
f 9110 9149 9146
f 9108 9110 9146
f 9108 9146 9147
f 9106 9108 9147
f 9140 9150 9147
f 9106 9147 9150
f 9140 9138 9150
f 9100 9106 9150
f 9138 9151 9150
f 9100 9150 9151
f 9138 9132 9151
f 9101 9100 9151
f 9132 9152 9151
f 9101 9151 9152
f 9132 9133 9152
f 9102 9101 9152
f 9133 9153 9152
f 9102 9152 9153
f 9133 9134 9153
f 9103 9102 9153
f 9134 9154 9153
f 9103 9153 9154
f 9134 9135 9154
f 9104 9103 9154
f 9135 9155 9154
f 9104 9154 9155
f 9135 9136 9155
f 9105 9104 9155
f 9136 9156 9155
f 9105 9155 9156
f 9107 9105 9156
f 9136 9137 9156
f 9107 9156 9157
f 9137 9157 9156
f 9109 9107 9157
f 9137 9158 9157
f 9109 9157 9158
f 9137 9139 9158
f 9111 9109 9158
f 9139 9159 9158
f 9111 9158 9159
f 9139 9141 9159
f 9113 9111 9159
f 9141 9160 9159
f 9113 9159 9160
f 9115 9113 9160
f 9141 9143 9160
f 9115 9160 9161
f 9143 9161 9160
f 9117 9115 9161
f 9143 9162 9161
f 9121 9162 9143
f 9121 9119 9162
f 9117 9161 9163
f 9119 9117 9163
f 9162 9163 9161
f 9119 9163 9162
f 8821 8824 9164
f 8821 9164 9165
f 9165 9164 8789
f 8818 8821 9165
f 9165 8789 8788
f 8818 9165 9166
f 9166 9165 8788
f 8814 8818 9166
f 9166 8788 8793
f 8814 9166 9167
f 9167 9166 8793
f 8810 8814 9167
f 9167 8793 8796
f 8810 9167 9168
f 9168 9167 8796
f 8807 8810 9168
f 9168 8796 8799
f 8807 9168 8805
f 8805 9168 8799
f 8805 8799 8802
f 8859 8862 9169
f 8859 9169 9170
f 9170 9169 8827
f 8856 8859 9170
f 9170 8827 8825
f 8856 9170 9171
f 9171 9170 8825
f 8852 8856 9171
f 9171 8825 8822
f 8852 9171 9172
f 9172 9171 8822
f 8848 8852 9172
f 9172 8822 8819
f 8848 9172 9173
f 9173 9172 8819
f 8829 8848 9173
f 9173 8819 8815
f 8829 9173 8816
f 8816 9173 8815
f 8816 8815 8811
f 8794 8792 9174
f 8794 9174 9175
f 9175 9174 8839
f 8797 8794 9175
f 9175 8839 8837
f 8797 9175 9176
f 9176 9175 8837
f 8800 8797 9176
f 9176 8837 8835
f 8800 9176 9177
f 9177 9176 8835
f 8803 8800 9177
f 9177 8835 8833
f 8803 9177 9178
f 9178 9177 8833
f 8806 8803 9178
f 9178 8833 8831
f 8806 9178 8809
f 8809 9178 8831
f 8809 8831 8812
f 8841 8840 9179
f 8841 9179 9180
f 9180 9179 8877
f 8842 8841 9180
f 9180 8877 8875
f 8842 9180 9181
f 9181 9180 8875
f 8843 8842 9181
f 9181 8875 8873
f 8843 9181 9182
f 9182 9181 8873
f 8844 8843 9182
f 9182 8873 8871
f 8844 9182 9183
f 9183 9182 8871
f 8845 8844 9183
f 9183 8871 8869
f 8845 9183 8847
f 8847 9183 8869
f 8847 8869 8850
f 8879 8878 9184
f 8879 9184 9185
f 9185 9184 8915
f 8880 8879 9185
f 9185 8915 8913
f 8880 9185 9186
f 9186 9185 8913
f 8881 8880 9186
f 9186 8913 8911
f 8881 9186 9187
f 9187 9186 8911
f 8882 8881 9187
f 9187 8911 8909
f 8882 9187 9188
f 9188 9187 8909
f 8883 8882 9188
f 9188 8909 8907
f 8883 9188 8885
f 8885 9188 8907
f 8885 8907 8888
f 8917 8916 9189
f 8917 9189 9190
f 9190 9189 8939
f 8918 8917 9190
f 9190 8939 8937
f 8918 9190 9191
f 9191 9190 8937
f 8919 8918 9191
f 9191 8937 8934
f 8919 9191 9192
f 9192 9191 8934
f 8920 8919 9192
f 9192 8934 8931
f 8920 9192 9193
f 9193 9192 8931
f 8921 8920 9193
f 9193 8931 8928
f 8921 9193 8923
f 8923 9193 8928
f 8923 8928 8925
f 8933 8936 9194
f 8933 9194 9195
f 9195 9194 8903
f 8930 8933 9195
f 9195 8903 8901
f 8930 9195 9196
f 9196 9195 8901
f 8927 8930 9196
f 9196 8901 8898
f 8927 9196 9197
f 9197 9196 8898
f 8924 8927 9197
f 9197 8898 8895
f 8924 9197 9198
f 9198 9197 8895
f 8905 8924 9198
f 9198 8895 8891
f 8905 9198 8892
f 8892 9198 8891
f 8892 8891 8887
f 8897 8900 9199
f 8897 9199 9200
f 9200 9199 8865
f 8894 8897 9200
f 9200 8865 8863
f 8894 9200 9201
f 9201 9200 8863
f 8890 8894 9201
f 9201 8863 8860
f 8890 9201 9202
f 9202 9201 8860
f 8886 8890 9202
f 9202 8860 8857
f 8886 9202 9203
f 9203 9202 8857
f 8867 8886 9203
f 9203 8857 8853
f 8867 9203 8854
f 8854 9203 8853
f 8854 8853 8849
v 14.56973 -6 -1.818277
v 10.81828 -6 -0.4302668
v 14.56973 3.375 -1.818277
v 10.81828 3.375 -0.4302668
v 13.18172 3.375 -5.569733
v 9.430266 3.375 -4.181723
v 13.18172 -6 -5.569733
v 9.430266 -6 -4.181723
v 14.56973 3.375 -1.818277
v 10.81828 3.375 -0.4302668
v 13.18172 3.375 -5.569733
v 9.430266 3.375 -4.181723
v 13.18172 -6 -5.569733
v 14.56973 -6 -1.818277
v 10.81828 -6 -0.4302668
v 9.430266 -6 -4.181723
v 10.81828 -6 -0.4302668
v 10.81828 3.375 -0.4302668
v 9.430266 3.375 -4.181723
v 9.430266 -6 -4.181723
v 13.18172 -6 -5.569733
v 13.18172 3.375 -5.569733
v 14.56973 3.375 -1.818277
v 14.56973 -6 -1.818277
f 9204 9206 9207
f 9204 9207 9205
f 9212 9208 9209
f 9212 9209 9213
f 9214 9210 9211
f 9214 9211 9215
f 9216 9217 9218
f 9216 9218 9219
f 9220 9221 9222
f 9220 9222 9223
f 9224 9225 9226
f 9224 9226 9227
v -13.43359 21.33992 139.3376
v 13.88197 21.33992 139.3618
v -13.43602 21.33992 142.0714
v 13.87954 21.33992 142.0957
v -13.43602 5.260078 142.0714
v 13.87954 5.260077 142.0957
v -13.43359 5.260077 139.3376
v 13.88197 5.260076 139.3618
v -13.43602 21.33992 142.0714
v 13.87954 21.33992 142.0957
v -13.43602 5.260078 142.0714
v 13.87954 5.260077 142.0957
v -13.43359 5.260077 139.3376
v -13.43359 21.33992 139.3376
v 13.88197 21.33992 139.3618
v 13.88197 5.260076 139.3618
v 13.88197 21.33992 139.3618
v 13.87954 21.33992 142.0957
v 13.87954 5.260077 142.0957
v 13.88197 5.260076 139.3618
v -13.43359 5.260077 139.3376
v -13.43602 5.260078 142.0714
v -13.43602 21.33992 142.0714
v -13.43359 21.33992 139.3376
f 9228 9230 9231
f 9228 9231 9229
f 9236 9232 9233
f 9236 9233 9237
f 9238 9234 9235
f 9238 9235 9239
f 9240 9241 9242
f 9240 9242 9243
f 9244 9245 9246
f 9244 9246 9247
f 9248 9249 9250
f 9248 9250 9251
v 69.08299 39.77055 -2.465167
v 74.12413 21.90133 -2.46516
v 70.87141 40.27509 -2.463681
v 75.91256 22.40587 -2.463674
v 70.86301 40.27272 8.465963
v 75.90414 22.4035 8.46597
v 69.07458 39.76818 8.464478
v 74.11572 21.89896 8.464485
v 70.87141 40.27509 -2.463681
v 75.91256 22.40587 -2.463674
v 70.86301 40.27272 8.465963
v 75.90414 22.4035 8.46597
v 69.07458 39.76818 8.464478
v 69.08299 39.77055 -2.465167
v 74.12413 21.90133 -2.46516
v 74.11572 21.89896 8.464485
v 74.12413 21.90133 -2.46516
v 75.91256 22.40587 -2.463674
v 75.90414 22.4035 8.46597
v 74.11572 21.89896 8.464485
v 69.07458 39.76818 8.464478
v 70.86301 40.27272 8.465963
v 70.87141 40.27509 -2.463681
v 69.08299 39.77055 -2.465167
f 9252 9254 9255
f 9252 9255 9253
f 9260 9256 9257
f 9260 9257 9261
f 9262 9258 9259
f 9262 9259 9263
f 9264 9265 9266
f 9264 9266 9267
f 9268 9269 9270
f 9268 9270 9271
f 9272 9273 9274
f 9272 9274 9275
v 5.664689 44.83823 70.30948
v 5.66468 26.8457 74.89105
v 5.663148 45.29678 72.11024
v 5.663139 27.30424 76.69183
v -5.266495 45.29454 72.10146
v -5.266504 27.30202 76.68304
v -5.264955 44.836 70.3007
v -5.264964 26.84347 74.88227
v 5.663148 45.29678 72.11024
v 5.663139 27.30424 76.69183
v -5.266495 45.29454 72.10146
v -5.266504 27.30202 76.68304
v -5.264955 44.836 70.3007
v 5.664689 44.83823 70.30948
v 5.66468 26.8457 74.89105
v -5.264964 26.84347 74.88227
v 5.66468 26.8457 74.89105
v 5.663139 27.30424 76.69183
v -5.266504 27.30202 76.68304
v -5.264964 26.84347 74.88227
v -5.264955 44.836 70.3007
v -5.266495 45.29454 72.10146
v 5.663148 45.29678 72.11024
v 5.664689 44.83823 70.30948
f 9276 9278 9279
f 9276 9279 9277
f 9284 9280 9281
f 9284 9281 9285
f 9286 9282 9283
f 9286 9283 9287
f 9288 9289 9290
f 9288 9290 9291
f 9292 9293 9294
f 9292 9294 9295
f 9296 9297 9298
f 9296 9298 9299
v -5.265185 40.74458 -56.93264
v -5.265172 22.96709 -62.28826
v -5.263634 41.2806 -58.71189
v -5.263621 23.5031 -64.0675
v 5.66601 41.27797 -58.70315
v 5.666024 23.50047 -64.05877
v 5.66446 40.74196 -56.9239
v 5.664473 22.96446 -62.27952
v -5.263634 41.2806 -58.71189
v -5.263621 23.5031 -64.0675
v 5.66601 41.27797 -58.70315
v 5.666024 23.50047 -64.05877
v 5.66446 40.74196 -56.9239
v -5.265185 40.74458 -56.93264
v -5.265172 22.96709 -62.28826
v 5.664473 22.96446 -62.27952
v -5.265172 22.96709 -62.28826
v -5.263621 23.5031 -64.0675
v 5.666024 23.50047 -64.05877
v 5.664473 22.96446 -62.27952
v 5.66446 40.74196 -56.9239
v 5.66601 41.27797 -58.70315
v -5.263634 41.2806 -58.71189
v -5.265185 40.74458 -56.93264
f 9300 9302 9303
f 9300 9303 9301
f 9308 9304 9305
f 9308 9305 9309
f 9310 9306 9307
f 9310 9307 9311
f 9312 9313 9314
f 9312 9314 9315
f 9316 9317 9318
f 9316 9318 9319
f 9320 9321 9322
f 9320 9322 9323
v -5.273698 2 40.23283
v -8.232835 2 40.7263
v -5.273698 5 40.23283
v -8.232835 5 40.7263
v -5.767165 5 37.2737
v -8.726302 5 37.76717
v -5.767165 2 37.2737
v -8.726302 2 37.76717
v -5.273698 5 40.23283
v -8.232835 5 40.7263
v -5.767165 5 37.2737
v -8.726302 5 37.76717
v -5.767165 2 37.2737
v -5.273698 2 40.23283
v -8.232835 2 40.7263
v -8.726302 2 37.76717
v -8.232835 2 40.7263
v -8.232835 5 40.7263
v -8.726302 5 37.76717
v -8.726302 2 37.76717
v -5.767165 2 37.2737
v -5.767165 5 37.2737
v -5.273698 5 40.23283
v -5.273698 2 40.23283
f 9324 9326 9327
f 9324 9327 9325
f 9332 9328 9329
f 9332 9329 9333
f 9334 9330 9331
f 9334 9331 9335
f 9336 9337 9338
f 9336 9338 9339
f 9340 9341 9342
f 9340 9342 9343
f 9344 9345 9346
f 9344 9346 9347
v 11.77469 -6 -11.45126
v 8.45126 -6 -9.225314
v 11.77469 -2 -11.45126
v 8.45126 -2 -9.225314
v 9.54874 -2 -14.77469
v 6.225314 -2 -12.54874
v 9.54874 -6 -14.77469
v 6.225314 -6 -12.54874
v 11.77469 -2 -11.45126
v 8.45126 -2 -9.225314
v 9.54874 -2 -14.77469
v 6.225314 -2 -12.54874
v 9.54874 -6 -14.77469
v 11.77469 -6 -11.45126
v 8.45126 -6 -9.225314
v 6.225314 -6 -12.54874
v 8.45126 -6 -9.225314
v 8.45126 -2 -9.225314
v 6.225314 -2 -12.54874
v 6.225314 -6 -12.54874
v 9.54874 -6 -14.77469
v 9.54874 -2 -14.77469
v 11.77469 -2 -11.45126
v 11.77469 -6 -11.45126
f 9348 9350 9351
f 9348 9351 9349
f 9356 9352 9353
f 9356 9353 9357
f 9358 9354 9355
f 9358 9355 9359
f 9360 9361 9362
f 9360 9362 9363
f 9364 9365 9366
f 9364 9366 9367
f 9368 9369 9370
f 9368 9370 9371
v 11.10952 -5.986753 -25.89919
v 10.88941 -6.007979 -23.91145
v 11.09843 -2.986932 -25.86838
v 10.87832 -3.008158 -23.88064
v 9.110589 -2.992021 -26.08855
v 8.890481 -3.013247 -24.10081
v 9.121681 -5.991842 -26.11936
v 8.901574 -6.013069 -24.13162
v 11.09843 -2.986932 -25.86838
v 10.87832 -3.008158 -23.88064
v 9.110589 -2.992021 -26.08855
v 8.890481 -3.013247 -24.10081
v 9.121681 -5.991842 -26.11936
v 11.10952 -5.986753 -25.89919
v 10.88941 -6.007979 -23.91145
v 8.901574 -6.013069 -24.13162
v 10.88941 -6.007979 -23.91145
v 10.87832 -3.008158 -23.88064
v 8.890481 -3.013247 -24.10081
v 8.901574 -6.013069 -24.13162
v 9.121681 -5.991842 -26.11936
v 9.110589 -2.992021 -26.08855
v 11.09843 -2.986932 -25.86838
v 11.10952 -5.986753 -25.89919
f 9372 9374 9375
f 9372 9375 9373
f 9380 9376 9377
f 9380 9377 9381
f 9382 9378 9379
f 9382 9379 9383
f 9384 9385 9386
f 9384 9386 9387
f 9388 9389 9390
f 9388 9390 9391
f 9392 9393 9394
f 9392 9394 9395
v -32.76902 5 0.2368961
v -36.7369 5 -0.2690187
v -32.76902 9 0.2368961
v -36.7369 9 -0.2690187
v -32.2631 9 -3.730981
v -36.23098 9 -4.236896
v -32.2631 5 -3.730981
v -36.23098 5 -4.236896
v -32.76902 9 0.2368961
v -36.7369 9 -0.2690187
v -32.2631 9 -3.730981
v -36.23098 9 -4.236896
v -32.2631 5 -3.730981
v -32.76902 5 0.2368961
v -36.7369 5 -0.2690187
v -36.23098 5 -4.236896
v -36.7369 5 -0.2690187
v -36.7369 9 -0.2690187
v -36.23098 9 -4.236896
v -36.23098 5 -4.236896
v -32.2631 5 -3.730981
v -32.2631 9 -3.730981
v -32.76902 9 0.2368961
v -32.76902 5 0.2368961
f 9396 9398 9399
f 9396 9399 9397
f 9404 9400 9401
f 9404 9401 9405
f 9406 9402 9403
f 9406 9403 9407
f 9408 9409 9410
f 9408 9410 9411
f 9412 9413 9414
f 9412 9414 9415
f 9416 9417 9418
f 9416 9418 9419
v -16.92575 -5.997578 -3.089436
v -17.90118 -6.009064 -5.926404
v -16.93579 -2.997607 -3.098128
v -17.91123 -3.009093 -5.935096
v -14.09881 -2.990937 -4.073596
v -15.07425 -3.002422 -6.910564
v -14.08877 -5.990907 -4.064904
v -15.06421 -6.002393 -6.901872
v -16.93579 -2.997607 -3.098128
v -17.91123 -3.009093 -5.935096
v -14.09881 -2.990937 -4.073596
v -15.07425 -3.002422 -6.910564
v -14.08877 -5.990907 -4.064904
v -16.92575 -5.997578 -3.089436
v -17.90118 -6.009064 -5.926404
v -15.06421 -6.002393 -6.901872
v -17.90118 -6.009064 -5.926404
v -17.91123 -3.009093 -5.935096
v -15.07425 -3.002422 -6.910564
v -15.06421 -6.002393 -6.901872
v -14.08877 -5.990907 -4.064904
v -14.09881 -2.990937 -4.073596
v -16.93579 -2.997607 -3.098128
v -16.92575 -5.997578 -3.089436
f 9420 9422 9423
f 9420 9423 9421
f 9428 9424 9425
f 9428 9425 9429
f 9430 9426 9427
f 9430 9427 9431
f 9432 9433 9434
f 9432 9434 9435
f 9436 9437 9438
f 9436 9438 9439
f 9440 9441 9442
f 9440 9442 9443
v 40.5 8 16.5
v 37.5 8 16.5
v 40.5 11 16.5
v 37.5 11 16.5
v 40.5 11 13.5
v 37.5 11 13.5
v 40.5 8 13.5
v 37.5 8 13.5
v 40.5 11 16.5
v 37.5 11 16.5
v 40.5 11 13.5
v 37.5 11 13.5
v 40.5 8 13.5
v 40.5 8 16.5
v 37.5 8 16.5
v 37.5 8 13.5
v 37.5 8 16.5
v 37.5 11 16.5
v 37.5 11 13.5
v 37.5 8 13.5
v 40.5 8 13.5
v 40.5 11 13.5
v 40.5 11 16.5
v 40.5 8 16.5
f 9444 9446 9447
f 9444 9447 9445
f 9452 9448 9449
f 9452 9449 9453
f 9454 9450 9451
f 9454 9451 9455
f 9456 9457 9458
f 9456 9458 9459
f 9460 9461 9462
f 9460 9462 9463
f 9464 9465 9466
f 9464 9466 9467
v 2.935056 7 -34.06947
v 3.069465 7 -36.06495
v 2.935056 9 -34.06947
v 3.069465 9 -36.06495
v 4.930535 9 -33.93505
v 5.064944 9 -35.93053
v 4.930535 7 -33.93505
v 5.064944 7 -35.93053
v 2.935056 9 -34.06947
v 3.069465 9 -36.06495
v 4.930535 9 -33.93505
v 5.064944 9 -35.93053
v 4.930535 7 -33.93505
v 2.935056 7 -34.06947
v 3.069465 7 -36.06495
v 5.064944 7 -35.93053
v 3.069465 7 -36.06495
v 3.069465 9 -36.06495
v 5.064944 9 -35.93053
v 5.064944 7 -35.93053
v 4.930535 7 -33.93505
v 4.930535 9 -33.93505
v 2.935056 9 -34.06947
v 2.935056 7 -34.06947
f 9468 9470 9471
f 9468 9471 9469
f 9476 9472 9473
f 9476 9473 9477
f 9478 9474 9475
f 9478 9475 9479
f 9480 9481 9482
f 9480 9482 9483
f 9484 9485 9486
f 9484 9486 9487
f 9488 9489 9490
f 9488 9490 9491
v 24.10891 -2.980204 -21.81921
v 24.8084 -3.012043 -18.90207
v 24.10891 -0.980323 -21.79738
v 24.8084 -1.012162 -18.88024
v 21.1916 -0.987957 -21.09793
v 21.89109 -1.019796 -18.18079
v 21.1916 -2.987838 -21.11976
v 21.89109 -3.019677 -18.20262
v 24.10891 -0.980323 -21.79738
v 24.8084 -1.012162 -18.88024
v 21.1916 -0.987957 -21.09793
v 21.89109 -1.019796 -18.18079
v 21.1916 -2.987838 -21.11976
v 24.10891 -2.980204 -21.81921
v 24.8084 -3.012043 -18.90207
v 21.89109 -3.019677 -18.20262
v 24.8084 -3.012043 -18.90207
v 24.8084 -1.012162 -18.88024
v 21.89109 -1.019796 -18.18079
v 21.89109 -3.019677 -18.20262
v 21.1916 -2.987838 -21.11976
v 21.1916 -0.987957 -21.09793
v 24.10891 -0.980323 -21.79738
v 24.10891 -2.980204 -21.81921
f 9492 9494 9495
f 9492 9495 9493
f 9500 9496 9497
f 9500 9497 9501
f 9502 9498 9499
f 9502 9499 9503
f 9504 9505 9506
f 9504 9506 9507
f 9508 9509 9510
f 9508 9510 9511
f 9512 9513 9514
f 9512 9514 9515
v 2.935056 1.5 -30.06947
v 3.069465 1.5 -32.06495
v 2.935056 3.5 -30.06947
v 3.069465 3.5 -32.06495
v 4.930535 3.5 -29.93506
v 5.064944 3.5 -31.93053
v 4.930535 1.5 -29.93506
v 5.064944 1.5 -31.93053
v 2.935056 3.5 -30.06947
v 3.069465 3.5 -32.06495
v 4.930535 3.5 -29.93506
v 5.064944 3.5 -31.93053
v 4.930535 1.5 -29.93506
v 2.935056 1.5 -30.06947
v 3.069465 1.5 -32.06495
v 5.064944 1.5 -31.93053
v 3.069465 1.5 -32.06495
v 3.069465 3.5 -32.06495
v 5.064944 3.5 -31.93053
v 5.064944 1.5 -31.93053
v 4.930535 1.5 -29.93506
v 4.930535 3.5 -29.93506
v 2.935056 3.5 -30.06947
v 2.935056 1.5 -30.06947
f 9516 9518 9519
f 9516 9519 9517
f 9524 9520 9521
f 9524 9521 9525
f 9526 9522 9523
f 9526 9523 9527
f 9528 9529 9530
f 9528 9530 9531
f 9532 9533 9534
f 9532 9534 9535
f 9536 9537 9538
f 9536 9538 9539
v 9.726302 14 50.73283
v 6.767165 14 51.2263
v 9.726302 17 50.73283
v 6.767165 17 51.2263
v 9.232835 17 47.7737
v 6.273698 17 48.26717
v 9.232835 14 47.7737
v 6.273698 14 48.26717
v 9.726302 17 50.73283
v 6.767165 17 51.2263
v 9.232835 17 47.7737
v 6.273698 17 48.26717
v 9.232835 14 47.7737
v 9.726302 14 50.73283
v 6.767165 14 51.2263
v 6.273698 14 48.26717
v 6.767165 14 51.2263
v 6.767165 17 51.2263
v 6.273698 17 48.26717
v 6.273698 14 48.26717
v 9.232835 14 47.7737
v 9.232835 17 47.7737
v 9.726302 17 50.73283
v 9.726302 14 50.73283
f 9540 9542 9543
f 9540 9543 9541
f 9548 9544 9545
f 9548 9545 9549
f 9550 9546 9547
f 9550 9547 9551
f 9552 9553 9554
f 9552 9554 9555
f 9556 9557 9558
f 9556 9558 9559
f 9560 9561 9562
f 9560 9562 9563
v 15.77865 -6 3.819753
v 13.18025 -6 0.7786527
v 15.77865 -2 3.819753
v 13.18025 -2 0.7786527
v 18.81975 -2 1.221347
v 16.22135 -2 -1.819753
v 18.81975 -6 1.221347
v 16.22135 -6 -1.819753
v 15.77865 -2 3.819753
v 13.18025 -2 0.7786527
v 18.81975 -2 1.221347
v 16.22135 -2 -1.819753
v 18.81975 -6 1.221347
v 15.77865 -6 3.819753
v 13.18025 -6 0.7786527
v 16.22135 -6 -1.819753
v 13.18025 -6 0.7786527
v 13.18025 -2 0.7786527
v 16.22135 -2 -1.819753
v 16.22135 -6 -1.819753
v 18.81975 -6 1.221347
v 18.81975 -2 1.221347
v 15.77865 -2 3.819753
v 15.77865 -6 3.819753
f 9564 9566 9567
f 9564 9567 9565
f 9572 9568 9569
f 9572 9569 9573
f 9574 9570 9571
f 9574 9571 9575
f 9576 9577 9578
f 9576 9578 9579
f 9580 9581 9582
f 9580 9582 9583
f 9584 9585 9586
f 9584 9586 9587
v 19.73497 -6 -5.766198
v 15.7662 -6 -6.265028
v 19.73497 -2 -5.766198
v 15.7662 -2 -6.265028
v 20.2338 -2 -9.734972
v 16.26503 -2 -10.2338
v 20.2338 -6 -9.734972
v 16.26503 -6 -10.2338
v 19.73497 -2 -5.766198
v 15.7662 -2 -6.265028
v 20.2338 -2 -9.734972
v 16.26503 -2 -10.2338
v 20.2338 -6 -9.734972
v 19.73497 -6 -5.766198
v 15.7662 -6 -6.265028
v 16.26503 -6 -10.2338
v 15.7662 -6 -6.265028
v 15.7662 -2 -6.265028
v 16.26503 -2 -10.2338
v 16.26503 -6 -10.2338
v 20.2338 -6 -9.734972
v 20.2338 -2 -9.734972
v 19.73497 -2 -5.766198
v 19.73497 -6 -5.766198
f 9588 9590 9591
f 9588 9591 9589
f 9596 9592 9593
f 9596 9593 9597
f 9598 9594 9595
f 9598 9595 9599
f 9600 9601 9602
f 9600 9602 9603
f 9604 9605 9606
f 9604 9606 9607
f 9608 9609 9610
f 9608 9610 9611
v -11.62768 2.500001 -4.658337
v -13.34166 2.500001 -3.627679
v -11.62768 4.500001 -4.658337
v -13.34166 4.500001 -3.627679
v -12.65834 4.500001 -6.372321
v -14.37232 4.500001 -5.341663
v -12.65834 2.500001 -6.372321
v -14.37232 2.500001 -5.341663
v -11.62768 4.500001 -4.658337
v -13.34166 4.500001 -3.627679
v -12.65834 4.500001 -6.372321
v -14.37232 4.500001 -5.341663
v -12.65834 2.500001 -6.372321
v -11.62768 2.500001 -4.658337
v -13.34166 2.500001 -3.627679
v -14.37232 2.500001 -5.341663
v -13.34166 2.500001 -3.627679
v -13.34166 4.500001 -3.627679
v -14.37232 4.500001 -5.341663
v -14.37232 2.500001 -5.341663
v -12.65834 2.500001 -6.372321
v -12.65834 4.500001 -6.372321
v -11.62768 4.500001 -4.658337
v -11.62768 2.500001 -4.658337
f 9612 9614 9615
f 9612 9615 9613
f 9620 9616 9617
f 9620 9617 9621
f 9622 9618 9619
f 9622 9619 9623
f 9624 9625 9626
f 9624 9626 9627
f 9628 9629 9630
f 9628 9630 9631
f 9632 9633 9634
f 9632 9634 9635
v 14.73927 -1.486753 -38.2219
v 15.2056 -1.507979 -36.27714
v 14.73927 1.513068 -38.18916
v 15.2056 1.491842 -36.2444
v 12.7944 1.507979 -37.72286
v 13.26073 1.486753 -35.7781
v 12.7944 -1.491842 -37.7556
v 13.26073 -1.513068 -35.81084
v 14.73927 1.513068 -38.18916
v 15.2056 1.491842 -36.2444
v 12.7944 1.507979 -37.72286
v 13.26073 1.486753 -35.7781
v 12.7944 -1.491842 -37.7556
v 14.73927 -1.486753 -38.2219
v 15.2056 -1.507979 -36.27714
v 13.26073 -1.513068 -35.81084
v 15.2056 -1.507979 -36.27714
v 15.2056 1.491842 -36.2444
v 13.26073 1.486753 -35.7781
v 13.26073 -1.513068 -35.81084
v 12.7944 -1.491842 -37.7556
v 12.7944 1.507979 -37.72286
v 14.73927 1.513068 -38.18916
v 14.73927 -1.486753 -38.2219
f 9636 9638 9639
f 9636 9639 9637
f 9644 9640 9641
f 9644 9641 9645
f 9646 9642 9643
f 9646 9643 9647
f 9648 9649 9650
f 9648 9650 9651
f 9652 9653 9654
f 9652 9654 9655
f 9656 9657 9658
f 9656 9658 9659
v -7.456263 -6 8.050451
v -10.05045 -6 6.543737
v -7.456263 -3 8.050451
v -10.05045 -3 6.543737
v -5.949549 -3 5.456263
v -8.543737 -3 3.949549
v -5.949549 -6 5.456263
v -8.543737 -6 3.949549
v -7.456263 -3 8.050451
v -10.05045 -3 6.543737
v -5.949549 -3 5.456263
v -8.543737 -3 3.949549
v -5.949549 -6 5.456263
v -7.456263 -6 8.050451
v -10.05045 -6 6.543737
v -8.543737 -6 3.949549
v -10.05045 -6 6.543737
v -10.05045 -3 6.543737
v -8.543737 -3 3.949549
v -8.543737 -6 3.949549
v -5.949549 -6 5.456263
v -5.949549 -3 5.456263
v -7.456263 -3 8.050451
v -7.456263 -6 8.050451
f 9660 9662 9663
f 9660 9663 9661
f 9668 9664 9665
f 9668 9665 9669
f 9670 9666 9667
f 9670 9667 9671
f 9672 9673 9674
f 9672 9674 9675
f 9676 9677 9678
f 9676 9678 9679
f 9680 9681 9682
f 9680 9682 9683
v 15.41586 -7.456578 63.25198
v 14.71542 -6.855308 62.53305
v 20.86485 5.578331 68.84475
v 20.16441 6.179602 68.12582
v 21.7029 5.578331 68.02825
v 21.00245 6.179602 67.30933
v 16.25391 -7.456578 62.43547
v 15.55347 -6.855308 61.71655
v 20.86485 5.578331 68.84475
v 20.16441 6.179602 68.12582
v 21.7029 5.578331 68.02825
v 21.00245 6.179602 67.30933
v 16.25391 -7.456578 62.43547
v 15.41586 -7.456578 63.25198
v 14.71542 -6.855308 62.53305
v 15.55347 -6.855308 61.71655
v 14.71542 -6.855308 62.53305
v 20.16441 6.179602 68.12582
v 21.00245 6.179602 67.30933
v 15.55347 -6.855308 61.71655
v 16.25391 -7.456578 62.43547
v 21.7029 5.578331 68.02825
v 20.86485 5.578331 68.84475
v 15.41586 -7.456578 63.25198
f 9684 9686 9687
f 9684 9687 9685
f 9692 9688 9689
f 9692 9689 9693
f 9694 9690 9691
f 9694 9691 9695
f 9696 9697 9698
f 9696 9698 9699
f 9700 9701 9702
f 9700 9702 9703
f 9704 9705 9706
f 9704 9706 9707
v 57.55988 -9.019349 5.06662
v 56.08708 -8.064342 5.67693
v 69.01727 11.68421 0.3188174
v 67.54447 12.63922 0.929127
v 68.30583 11.68421 -1.398015
v 66.83304 12.63922 -0.7877049
v 56.84845 -9.019349 3.349788
v 55.37564 -8.064342 3.960098
v 69.01727 11.68421 0.3188174
v 67.54447 12.63922 0.929127
v 68.30583 11.68421 -1.398015
v 66.83304 12.63922 -0.7877049
v 56.84845 -9.019349 3.349788
v 57.55988 -9.019349 5.06662
v 56.08708 -8.064342 5.67693
v 55.37564 -8.064342 3.960098
v 56.08708 -8.064342 5.67693
v 67.54447 12.63922 0.929127
v 66.83304 12.63922 -0.7877049
v 55.37564 -8.064342 3.960098
v 56.84845 -9.019349 3.349788
v 68.30583 11.68421 -1.398015
v 69.01727 11.68421 0.3188174
v 57.55988 -9.019349 5.06662
f 9708 9710 9711
f 9708 9711 9709
f 9716 9712 9713
f 9716 9713 9717
f 9718 9714 9715
f 9718 9715 9719
f 9720 9721 9722
f 9720 9722 9723
f 9724 9725 9726
f 9724 9726 9727
f 9728 9729 9730
f 9728 9730 9731
v 22.37904 -7.795084 -36.26534
v 21.30669 -7.138182 -36.49467
v 30.72122 6.445854 -34.48128
v 29.64887 7.102756 -34.71061
v 30.98855 6.445854 -35.73131
v 29.9162 7.102756 -35.96065
v 22.64637 -7.795084 -37.51537
v 21.57402 -7.138182 -37.7447
v 30.72122 6.445854 -34.48128
v 29.64887 7.102756 -34.71061
v 30.98855 6.445854 -35.73131
v 29.9162 7.102756 -35.96065
v 22.64637 -7.795084 -37.51537
v 22.37904 -7.795084 -36.26534
v 21.30669 -7.138182 -36.49467
v 21.57402 -7.138182 -37.7447
v 21.30669 -7.138182 -36.49467
v 29.64887 7.102756 -34.71061
v 29.9162 7.102756 -35.96065
v 21.57402 -7.138182 -37.7447
v 22.64637 -7.795084 -37.51537
v 30.98855 6.445854 -35.73131
v 30.72122 6.445854 -34.48128
v 22.37904 -7.795084 -36.26534
f 9732 9734 9735
f 9732 9735 9733
f 9740 9736 9737
f 9740 9737 9741
f 9742 9738 9739
f 9742 9739 9743
f 9744 9745 9746
f 9744 9746 9747
f 9748 9749 9750
f 9748 9750 9751
f 9752 9753 9754
f 9752 9754 9755
v -54.48949 5.977876 -13.7671
v -54.27777 5.359091 -14.59582
v -53.63978 -4.881365 -5.441705
v -53.42807 -5.50015 -6.270426
v -54.67196 -5.061296 -5.571051
v -54.46024 -5.68008 -6.399771
v -55.52167 5.797946 -13.89645
v -55.30995 5.179161 -14.72517
v -53.63978 -4.881365 -5.441705
v -53.42807 -5.50015 -6.270426
v -54.67196 -5.061296 -5.571051
v -54.46024 -5.68008 -6.399771
v -55.52167 5.797946 -13.89645
v -54.48949 5.977876 -13.7671
v -54.27777 5.359091 -14.59582
v -55.30995 5.179161 -14.72517
v -54.27777 5.359091 -14.59582
v -53.42807 -5.50015 -6.270426
v -54.46024 -5.68008 -6.399771
v -55.30995 5.179161 -14.72517
v -55.52167 5.797946 -13.89645
v -54.67196 -5.061296 -5.571051
v -53.63978 -4.881365 -5.441705
v -54.48949 5.977876 -13.7671
f 9756 9758 9759
f 9756 9759 9757
f 9764 9760 9761
f 9764 9761 9765
f 9766 9762 9763
f 9766 9763 9767
f 9768 9769 9770
f 9768 9770 9771
f 9772 9773 9774
f 9772 9774 9775
f 9776 9777 9778
f 9776 9778 9779
v -52.6426 -7.363093 12.69732
v -51.8531 -6.820584 13.14101
v -58.78443 4.397929 9.245696
v -57.99492 4.940438 9.689386
v -59.30164 4.397929 10.16602
v -58.51213 4.940438 10.60971
v -53.15981 -7.363093 13.61764
v -52.3703 -6.820584 14.06133
v -58.78443 4.397929 9.245696
v -57.99492 4.940438 9.689386
v -59.30164 4.397929 10.16602
v -58.51213 4.940438 10.60971
v -53.15981 -7.363093 13.61764
v -52.6426 -7.363093 12.69732
v -51.8531 -6.820584 13.14101
v -52.3703 -6.820584 14.06133
v -51.8531 -6.820584 13.14101
v -57.99492 4.940438 9.689386
v -58.51213 4.940438 10.60971
v -52.3703 -6.820584 14.06133
v -53.15981 -7.363093 13.61764
v -59.30164 4.397929 10.16602
v -58.78443 4.397929 9.245696
v -52.6426 -7.363093 12.69732
f 9780 9782 9783
f 9780 9783 9781
f 9788 9784 9785
f 9788 9785 9789
f 9790 9786 9787
f 9790 9787 9791
f 9792 9793 9794
f 9792 9794 9795
f 9796 9797 9798
f 9796 9798 9799
f 9800 9801 9802
f 9800 9802 9803
v -4.793426 -7.363093 -37.65072
v -4.29984 -6.820584 -36.89141
v -8.633191 4.397929 -43.55766
v -8.139606 4.940438 -42.79835
v -9.518316 4.397929 -42.98229
v -9.024731 4.940438 -42.22298
v -5.678551 -7.363093 -37.07535
v -5.184966 -6.820584 -36.31604
v -8.633191 4.397929 -43.55766
v -8.139606 4.940438 -42.79835
v -9.518316 4.397929 -42.98229
v -9.024731 4.940438 -42.22298
v -5.678551 -7.363093 -37.07535
v -4.793426 -7.363093 -37.65072
v -4.29984 -6.820584 -36.89141
v -5.184966 -6.820584 -36.31604
v -4.29984 -6.820584 -36.89141
v -8.139606 4.940438 -42.79835
v -9.024731 4.940438 -42.22298
v -5.184966 -6.820584 -36.31604
v -5.678551 -7.363093 -37.07535
v -9.518316 4.397929 -42.98229
v -8.633191 4.397929 -43.55766
v -4.793426 -7.363093 -37.65072
f 9804 9806 9807
f 9804 9807 9805
f 9812 9808 9809
f 9812 9809 9813
f 9814 9810 9811
f 9814 9811 9815
f 9816 9817 9818
f 9816 9818 9819
f 9820 9821 9822
f 9820 9822 9823
f 9824 9825 9826
f 9824 9826 9827
v -43.52968 -7.363093 -36.79015
v -43.28357 -6.820584 -35.91859
v -45.44426 4.397929 -43.57027
v -45.19815 4.940438 -42.69872
v -46.46023 4.397929 -43.28338
v -46.21412 4.940438 -42.41183
v -44.54565 -7.363093 -36.50326
v -44.29954 -6.820584 -35.6317
v -45.44426 4.397929 -43.57027
v -45.19815 4.940438 -42.69872
v -46.46023 4.397929 -43.28338
v -46.21412 4.940438 -42.41183
v -44.54565 -7.363093 -36.50326
v -43.52968 -7.363093 -36.79015
v -43.28357 -6.820584 -35.91859
v -44.29954 -6.820584 -35.6317
v -43.28357 -6.820584 -35.91859
v -45.19815 4.940438 -42.69872
v -46.21412 4.940438 -42.41183
v -44.29954 -6.820584 -35.6317
v -44.54565 -7.363093 -36.50326
v -46.46023 4.397929 -43.28338
v -45.44426 4.397929 -43.57027
v -43.52968 -7.363093 -36.79015
f 9828 9830 9831
f 9828 9831 9829
f 9836 9832 9833
f 9836 9833 9837
f 9838 9834 9835
f 9838 9835 9839
f 9840 9841 9842
f 9840 9842 9843
f 9844 9845 9846
f 9844 9846 9847
f 9848 9849 9850
f 9848 9850 9851
v -20.76639 -8.463423 62.98292
v -20.19626 -7.386427 61.27783
v -25.20163 14.88471 76.24741
v -24.6315 15.9617 74.54232
v -23.21401 14.88471 76.91201
v -22.64388 15.9617 75.20692
v -18.77878 -8.463423 63.64752
v -18.20865 -7.386427 61.94243
v -25.20163 14.88471 76.24741
v -24.6315 15.9617 74.54232
v -23.21401 14.88471 76.91201
v -22.64388 15.9617 75.20692
v -18.77878 -8.463423 63.64752
v -20.76639 -8.463423 62.98292
v -20.19626 -7.386427 61.27783
v -18.20865 -7.386427 61.94243
v -20.19626 -7.386427 61.27783
v -24.6315 15.9617 74.54232
v -22.64388 15.9617 75.20692
v -18.20865 -7.386427 61.94243
v -18.77878 -8.463423 63.64752
v -23.21401 14.88471 76.91201
v -25.20163 14.88471 76.24741
v -20.76639 -8.463423 62.98292
f 9852 9854 9855
f 9852 9855 9853
f 9860 9856 9857
f 9860 9857 9861
f 9862 9858 9859
f 9862 9859 9863
f 9864 9865 9866
f 9864 9866 9867
f 9868 9869 9870
f 9868 9870 9871
f 9872 9873 9874
f 9872 9874 9875
v -53.52082 -8.542174 13.55174
v -52.71507 -7.72996 12.46126
v -59.78901 9.065769 22.03498
v -58.98326 9.877983 20.9445
v -58.51784 9.065769 22.97424
v -57.71209 9.877983 21.88376
v -52.24965 -8.542174 14.491
v -51.4439 -7.72996 13.40052
v -59.78901 9.065769 22.03498
v -58.98326 9.877983 20.9445
v -58.51784 9.065769 22.97424
v -57.71209 9.877983 21.88376
v -52.24965 -8.542174 14.491
v -53.52082 -8.542174 13.55174
v -52.71507 -7.72996 12.46126
v -51.4439 -7.72996 13.40052
v -52.71507 -7.72996 12.46126
v -58.98326 9.877983 20.9445
v -57.71209 9.877983 21.88376
v -51.4439 -7.72996 13.40052
v -52.24965 -8.542174 14.491
v -58.51784 9.065769 22.97424
v -59.78901 9.065769 22.03498
v -53.52082 -8.542174 13.55174
f 9876 9878 9879
f 9876 9879 9877
f 9884 9880 9881
f 9884 9881 9885
f 9886 9882 9883
f 9886 9883 9887
f 9888 9889 9890
f 9888 9890 9891
f 9892 9893 9894
f 9892 9894 9895
f 9896 9897 9898
f 9896 9898 9899
v -30.07698 -7.363093 55.63503
v -29.21725 -6.820584 55.35033
v -36.76507 4.397929 57.84978
v -35.90535 4.940438 57.56508
v -36.4332 4.397929 58.85196
v -35.57348 4.940438 58.56726
v -29.74511 -7.363093 56.63721
v -28.88538 -6.820584 56.35251
v -36.76507 4.397929 57.84978
v -35.90535 4.940438 57.56508
v -36.4332 4.397929 58.85196
v -35.57348 4.940438 58.56726
v -29.74511 -7.363093 56.63721
v -30.07698 -7.363093 55.63503
v -29.21725 -6.820584 55.35033
v -28.88538 -6.820584 56.35251
v -29.21725 -6.820584 55.35033
v -35.90535 4.940438 57.56508
v -35.57348 4.940438 58.56726
v -28.88538 -6.820584 56.35251
v -29.74511 -7.363093 56.63721
v -36.4332 4.397929 58.85196
v -36.76507 4.397929 57.84978
v -30.07698 -7.363093 55.63503
f 9900 9902 9903
f 9900 9903 9901
f 9908 9904 9905
f 9908 9905 9909
f 9910 9906 9907
f 9910 9907 9911
f 9912 9913 9914
f 9912 9914 9915
f 9916 9917 9918
f 9916 9918 9919
f 9920 9921 9922
f 9920 9922 9923
v 21.4057 -7.516698 35.50362
v 20.54788 -7.002811 35.49601
v 28.07901 3.62383 35.56275
v 27.22118 4.137717 35.55515
v 28.08787 3.62383 34.56279
v 27.23005 4.137717 34.55519
v 21.41457 -7.516698 34.50365
v 20.55674 -7.002811 34.49605
v 28.07901 3.62383 35.56275
v 27.22118 4.137717 35.55515
v 28.08787 3.62383 34.56279
v 27.23005 4.137717 34.55519
v 21.41457 -7.516698 34.50365
v 21.4057 -7.516698 35.50362
v 20.54788 -7.002811 35.49601
v 20.55674 -7.002811 34.49605
v 20.54788 -7.002811 35.49601
v 27.22118 4.137717 35.55515
v 27.23005 4.137717 34.55519
v 20.55674 -7.002811 34.49605
v 21.41457 -7.516698 34.50365
v 28.08787 3.62383 34.56279
v 28.07901 3.62383 35.56275
v 21.4057 -7.516698 35.50362
f 9924 9926 9927
f 9924 9927 9925
f 9932 9928 9929
f 9932 9929 9933
f 9934 9930 9931
f 9934 9931 9935
f 9936 9937 9938
f 9936 9938 9939
f 9940 9941 9942
f 9940 9942 9943
f 9944 9945 9946
f 9944 9946 9947
v 47.42586 -7.516698 45.64244
v 46.82935 -7.002811 45.02591
v 52.06628 3.62383 50.43857
v 51.46978 4.137717 49.82205
v 52.78496 3.62383 49.74323
v 52.18845 4.137717 49.12671
v 48.14454 -7.516698 44.94709
v 47.54803 -7.002811 44.33057
v 52.06628 3.62383 50.43857
v 51.46978 4.137717 49.82205
v 52.78496 3.62383 49.74323
v 52.18845 4.137717 49.12671
v 48.14454 -7.516698 44.94709
v 47.42586 -7.516698 45.64244
v 46.82935 -7.002811 45.02591
v 47.54803 -7.002811 44.33057
v 46.82935 -7.002811 45.02591
v 51.46978 4.137717 49.82205
v 52.18845 4.137717 49.12671
v 47.54803 -7.002811 44.33057
v 48.14454 -7.516698 44.94709
v 52.78496 3.62383 49.74323
v 52.06628 3.62383 50.43857
v 47.42586 -7.516698 45.64244
f 9948 9950 9951
f 9948 9951 9949
f 9956 9952 9953
f 9956 9953 9957
f 9958 9954 9955
f 9958 9955 9959
f 9960 9961 9962
f 9960 9962 9963
f 9964 9965 9966
f 9964 9966 9967
f 9968 9969 9970
f 9968 9970 9971
v 9.048495 -7.125793 65.70293
v 9.220219 -6.732442 65.06914
v 7.712603 1.401645 70.63339
v 7.884326 1.794996 69.9996
v 8.451407 1.401645 70.83356
v 8.623131 1.794996 70.19978
v 9.787299 -7.125793 65.90311
v 9.959023 -6.732442 65.26932
v 7.712603 1.401645 70.63339
v 7.884326 1.794996 69.9996
v 8.451407 1.401645 70.83356
v 8.623131 1.794996 70.19978
v 9.787299 -7.125793 65.90311
v 9.048495 -7.125793 65.70293
v 9.220219 -6.732442 65.06914
v 9.959023 -6.732442 65.26932
v 9.220219 -6.732442 65.06914
v 7.884326 1.794996 69.9996
v 8.623131 1.794996 70.19978
v 9.959023 -6.732442 65.26932
v 9.787299 -7.125793 65.90311
v 8.451407 1.401645 70.83356
v 7.712603 1.401645 70.63339
v 9.048495 -7.125793 65.70293
f 9972 9974 9975
f 9972 9975 9973
f 9980 9976 9977
f 9980 9977 9981
f 9982 9978 9979
f 9982 9979 9983
f 9984 9985 9986
f 9984 9986 9987
f 9988 9989 9990
f 9988 9990 9991
f 9992 9993 9994
f 9992 9994 9995
v 35.52996 -7.147263 -10.28853
v 35.28866 -6.891685 -9.595963
v 36.18057 2.366821 -13.57282
v 35.93927 2.622399 -12.88025
v 35.44405 2.332922 -13.81693
v 35.20275 2.5885 -13.12436
v 34.79344 -7.181162 -10.53264
v 34.55214 -6.925584 -9.840068
v 36.18057 2.366821 -13.57282
v 35.93927 2.622399 -12.88025
v 35.44405 2.332922 -13.81693
v 35.20275 2.5885 -13.12436
v 34.79344 -7.181162 -10.53264
v 35.52996 -7.147263 -10.28853
v 35.28866 -6.891685 -9.595963
v 34.55214 -6.925584 -9.840068
v 35.28866 -6.891685 -9.595963
v 35.93927 2.622399 -12.88025
v 35.20275 2.5885 -13.12436
v 34.55214 -6.925584 -9.840068
v 34.79344 -7.181162 -10.53264
v 35.44405 2.332922 -13.81693
v 36.18057 2.366821 -13.57282
v 35.52996 -7.147263 -10.28853
f 9996 9998 9999
f 9996 9999 9997
f 10004 10000 10001
f 10004 10001 10005
f 10006 10002 10003
f 10006 10003 10007
f 10008 10009 10010
f 10008 10010 10011
f 10012 10013 10014
f 10012 10014 10015
f 10016 10017 10018
f 10016 10018 10019
