v -7 -4.5 46.5
v -6.5 -4.5 46.5
v -7 -4.5 46
v -6.5 -4.5 46
v -7 -16 46
v -6.5 -16 46
v -7 -16 46.5
v -6.5 -16 46.5
v -7 -6 46.5
v -6.5 -6 46.5
v -7 -5 46.5
v -6.5 -5 46.5
v -7 -6 46
v -7 -6 46.5
v -7 -5 46
v -7 -5 46.5
v -6.5 -6 46.5
v -6.5 -6 46
v -6.5 -5 46.5
v -6.5 -5 46
v -6.5 -6 46
v -7 -6 46
v -6.5 -5 46
v -7 -5 46
v -7 -4.5 46.5
v -6.5 -4.5 46.5
v -7 -4.5 46
v -7 -4.5 46.5
v 7 -5 46.5
v 7 -5 46
v 7 -4.5 46.5
v 7 -4.5 46
v -6.5 -4.5 46
v -7 -4.5 46
v 6.5 -16 46.5
v 6.5 -16 46
v 7 -16 46.5
v 7 -16 46
v 6.5 -4.5 46.5
v 6.5 -5 46.5
v 7 -4.5 46.5
v 7 -5 46.5
v 6.5 -5 46
v 6.5 -4.5 46
v 7 -5 46
v 7 -4.5 46
v 6.5 -4.5 46
v 6.5 -4.5 46.5
v 7 -4.5 46
v 7 -4.5 46.5
v 6.5 -5 46
v 6.5 -6 46.5
v 6.5 -5 46.5
v 6.5 -6 46
v 6.5 -6 46.5
v 7 -6 46.5
v 6.5 -6 46
v 7 -6 46
v 7 -6 46.5
v 7 -6 46
v 5.5 -5 46.5
v 6.5 -5 46
v 6.5 -5 46.5
v 5.5 -5 46
v 5.5 -5 46.5
v 5.5 -4.5 46.5
v 5.5 -5 46
v 5.5 -4.5 46
v 5.5 -4.5 46
v 5.5 -4.5 46.5
v -6.5 -5 46.5
v -5.5 -5 46
v -5.5 -5 46.5
v -6.5 -5 46
v -5.5 -5 46.5
v -5.5 -4.5 46.5
v -5.5 -4.5 46
v -5.5 -5 46
v -5.5 -4.5 46
v -5.5 -4.5 46.5
v -7 -16 46.5
v -6.5 -16 46.5
v -7 -6 46.5
v -6.5 -6 46.5
v -6.5 -16 46.5
v -6.5 -16 46
v -6.5 -6 46.5
v -6.5 -6 46
v -6.5 -16 46
v -7 -16 46
v -6.5 -6 46
v -7 -6 46
v -7 -16 46
v -7 -16 46.5
v -7 -6 46
v -7 -6 46.5
v 6.5 -6 46
v 6.5 -16 46.5
v 6.5 -6 46.5
v 6.5 -16 46
v 6.5 -16 46.5
v 7 -16 46.5
v 7 -6 46.5
v 6.5 -6 46.5
v 7 -6 46
v 6.5 -16 46
v 6.5 -6 46
v 7 -16 46
v 7 -16 46.5
v 7 -16 46
v 7 -6 46
v 7 -6 46.5
v -5.5 -5 46.5
v 5.5 -5 46
v 5.5 -5 46.5
v -5.5 -5 46
v -5.5 -5 46.5
v 5.5 -5 46.5
v 5.5 -4.5 46.5
v -5.5 -4.5 46.5
v 5.5 -4.5 46
v -5.5 -5 46
v -5.5 -4.5 46
v 5.5 -5 46
v 5.5 -4.5 46
v -5.5 -4.5 46
v -5.5 -4.5 46.5
v 5.5 -4.5 46.5
f 1 2 3
f 2 4 3
f 5 6 7
f 6 8 7
f 9 10 11
f 10 12 11
f 13 14 15
f 14 16 15
f 17 18 19
f 18 20 19
f 21 22 23
f 22 24 23
f 11 12 25
f 12 26 25
f 15 16 27
f 16 28 27
f 29 30 31
f 30 32 31
f 23 24 33
f 24 34 33
f 35 36 37
f 36 38 37
f 39 40 41
f 40 42 41
f 43 44 45
f 44 46 45
f 47 48 49
f 48 50 49
f 51 52 53
f 51 54 52
f 55 56 42
f 40 55 42
f 45 57 43
f 45 58 57
f 59 60 30
f 29 59 30
f 61 62 63
f 61 64 62
f 65 40 39
f 66 65 39
f 44 67 68
f 44 43 67
f 47 69 70
f 48 47 70
f 71 72 73
f 71 74 72
f 12 75 76
f 26 12 76
f 77 23 33
f 77 78 23
f 79 4 2
f 80 79 2
f 81 82 83
f 82 84 83
f 85 86 87
f 86 88 87
f 89 90 91
f 90 92 91
f 93 94 95
f 94 96 95
f 97 98 99
f 97 100 98
f 101 102 103
f 104 101 103
f 105 106 107
f 105 108 106
f 109 110 111
f 112 109 111
f 113 114 115
f 113 116 114
f 117 118 119
f 120 117 119
f 121 122 123
f 121 124 122
f 125 126 127
f 128 125 127
v 14 1 47.5
v 18 -3 47.5
v 14 1 31.5
v 18 -3 31.5
v 14 -20 31.5
v 18 -20 31.5
v 14 -20 47.5
v 18 -20 47.5
v 13 -7 47.5
v 18 -6 47.5
v 18 -3 47.5
v 14 1 47.5
v 18 -6 47.5
v 18 -6 31.5
v 18 -3 31.5
v 18 -3 47.5
v 18 -3 31.5
v 13 -7 31.5
v 14 1 31.5
v 18 -6 31.5
v -18 -3 31.5
v -18 -6 47.5
v -18 -3 47.5
v -18 -6 31.5
v -13 -7 47.5
v -14 1 47.5
v -18 -6 47.5
v -18 -3 47.5
v -14 1 47.5
v -14 1 31.5
v -18 -3 47.5
v -18 -3 31.5
v -14 1 31.5
v -13 -7 31.5
v -18 -3 31.5
v -18 -6 31.5
v -14 -20 31.5
v -14 -20 47.5
v -18 -20 31.5
v -18 -20 47.5
v -10.5 -4 47.5
v -10.5 3 47.5
v -7 -3 47.5
v -7 4 47.5
v -7 4 31.5
v -10.5 3 31.5
v -10.5 3 47.5
v -7 4 47.5
v -10.5 3 31.5
v -14 1 31.5
v -14 1 47.5
v -10.5 3 47.5
v -10.5 3 31.5
v -10.5 -4 31.5
v -7 4 31.5
v -7 -3 31.5
v -10.5 -4 47.5
v -7 -3 31.5
v -7 -3 47.5
v -10.5 -4 31.5
v -13 -7 47.5
v -10.5 -4 31.5
v -10.5 -4 47.5
v -13 -7 31.5
v 7 -3 47.5
v 10.5 -4 47.5
v 10.5 3 47.5
v 7 4 47.5
v 14 1 31.5
v 10.5 3 31.5
v 10.5 3 47.5
v 14 1 47.5
v 10.5 3 31.5
v 7 4 31.5
v 7 4 47.5
v 10.5 3 47.5
v 10.5 3 31.5
v 7 -3 31.5
v 7 4 31.5
v 10.5 -4 31.5
v 10.5 -4 47.5
v 13 -7 31.5
v 13 -7 47.5
v 10.5 -4 31.5
v 7 -3 47.5
v 10.5 -4 31.5
v 10.5 -4 47.5
v 7 -3 31.5
v 0 -2 47.5
v 3.5 -2 47.5
v 3.5 5 47.5
v 0 5 47.5
v 3.5 5 31.5
v 3.5 5 47.5
v 3.5 5 31.5
v 0 5 31.5
v 0 5 47.5
v 3.5 5 47.5
v 3.5 5 31.5
v 0 -2 31.5
v 0 5 31.5
v 3.5 -2 31.5
v 3.5 -2 47.5
v 3.5 -2 31.5
v 0 -2 47.5
v 3.5 -2 31.5
v 3.5 -2 47.5
v 0 -2 31.5
v -3.5 -2 47.5
v -3.5 5 47.5
v -3.5 5 31.5
v -3.5 5 47.5
v -3.5 5 31.5
v -3.5 5 47.5
v -3.5 5 31.5
v -3.5 -2 31.5
v -3.5 -2 47.5
v -3.5 -2 31.5
v -3.5 -2 31.5
v -3.5 -2 47.5
v -14 -13 47.5
v -14 -13 31.5
v -13 -7 31.5
v -13 -7 47.5
v -14 -20 47.5
v -14 -20 31.5
v -14 -13 31.5
v -14 -13 47.5
v -18 -13 31.5
v -14 -13 31.5
v -18 -20 31.5
v -14 -20 31.5
v -18 -13 47.5
v -14 -13 47.5
v -18 -20 47.5
v -14 -20 47.5
v -18 -13 47.5
v -18 -13 31.5
v -18 -20 47.5
v -18 -20 31.5
v 14 -20 47.5
v 18 -20 47.5
v 18 -13 47.5
v 14 -13 47.5
v 18 -20 47.5
v 18 -20 31.5
v 18 -13 31.5
v 18 -13 47.5
v 18 -13 31.5
v 14 -20 31.5
v 14 -13 31.5
v 18 -20 31.5
v 14 -13 31.5
v 14 -20 47.5
v 14 -13 47.5
v 14 -20 31.5
v 13 -7 31.5
v 14 -13 47.5
v 13 -7 47.5
v 14 -13 31.5
f 129 130 131
f 130 132 131
f 133 134 135
f 134 136 135
f 137 138 139
f 140 137 139
f 141 142 143
f 144 141 143
f 145 146 147
f 145 148 146
f 149 150 151
f 149 152 150
f 153 154 155
f 154 156 155
f 157 158 159
f 158 160 159
f 161 162 163
f 162 164 163
f 165 166 167
f 166 168 167
f 153 169 170
f 154 153 170
f 169 171 172
f 170 169 172
f 173 174 175
f 176 173 175
f 177 178 179
f 180 177 179
f 181 162 161
f 181 182 162
f 183 182 181
f 183 184 182
f 185 186 187
f 185 188 186
f 189 190 191
f 189 192 190
f 193 194 195
f 196 193 195
f 194 137 140
f 195 194 140
f 197 198 199
f 200 197 199
f 201 202 203
f 204 201 203
f 205 206 207
f 205 208 206
f 147 208 205
f 147 146 208
f 209 210 211
f 209 212 210
f 213 214 215
f 213 216 214
f 217 218 219
f 220 217 219
f 218 193 196
f 219 218 196
f 202 221 222
f 203 202 222
f 223 224 225
f 226 223 225
f 227 228 229
f 227 230 228
f 207 230 227
f 207 206 230
f 231 216 213
f 231 232 216
f 233 234 235
f 233 236 234
f 171 237 238
f 172 171 238
f 237 217 220
f 238 237 220
f 224 239 240
f 225 224 240
f 241 173 176
f 242 241 176
f 243 184 183
f 243 244 184
f 229 244 243
f 229 228 244
f 245 236 233
f 245 246 236
f 187 247 248
f 187 186 247
f 249 250 251
f 252 249 251
f 253 254 255
f 256 253 255
f 162 257 164
f 162 258 257
f 258 259 257
f 258 260 259
f 261 262 153
f 155 261 153
f 263 264 262
f 261 263 262
f 152 265 150
f 152 266 265
f 266 267 265
f 266 268 267
f 269 270 271
f 272 269 271
f 272 271 138
f 137 272 138
f 273 274 275
f 276 273 275
f 276 275 142
f 141 276 142
f 277 278 279
f 277 280 278
f 148 279 146
f 148 277 279
f 281 282 283
f 281 284 282
f 285 286 287
f 285 288 286
v -0.9054392 4.100988 -7.312778
v -0.2361581 5.614151 -7.312825
v -0.2085342 3.164156 -7.875195
v -2.547128 3.894935 -7.31266
v -0.9054392 4.100988 -7.312778
v -0.2085342 3.164156 -7.875195
v -0.1953108 1.996586 -7.312828
v -1.626185 1.165807 -7.312726
v -0.2085342 3.164156 -7.875195
v 0.9060026 2.815892 -7.312907
v 1.253959 1.198328 -7.312932
v -0.2085342 3.164156 -7.875195
v 0.4671196 4.116488 -7.312875
v 2.113044 3.947556 -7.312993
v -0.2085342 3.164156 -7.875195
v -0.9054392 4.100988 -7.312778
v -0.208454 3.164156 -6.750459
v -0.2361581 5.614151 -7.312825
v -1.314843 2.790815 -7.312748
v -0.208454 3.164156 -6.750459
v -2.547128 3.894935 -7.31266
v -0.208454 3.164156 -6.750459
v -1.314843 2.790815 -7.312748
v -1.626185 1.165807 -7.312726
v 0.9060026 2.815892 -7.312907
v -0.208454 3.164156 -6.750459
v 1.253959 1.198328 -7.312932
v -0.208454 3.164156 -6.750459
v 0.9060026 2.815892 -7.312907
v 2.113044 3.947556 -7.312993
v -1.314843 2.790815 -7.312748
v -2.547128 3.894935 -7.31266
v -0.2085342 3.164156 -7.875195
v -0.2085342 3.164156 -7.875195
v -1.626185 1.165807 -7.312726
v -1.314843 2.790815 -7.312748
v -0.2085342 3.164156 -7.875195
v -0.2361581 5.614151 -7.312825
v 0.4671196 4.116488 -7.312875
v -0.2085342 3.164156 -7.875195
v 2.113044 3.947556 -7.312993
v 0.9060026 2.815892 -7.312907
v -0.2085342 3.164156 -7.875195
v 1.253959 1.198328 -7.312932
v -0.1953108 1.996586 -7.312828
v -2.547128 3.894935 -7.31266
v -0.208454 3.164156 -6.750459
v -0.9054392 4.100988 -7.312778
v -0.1953108 1.996586 -7.312828
v -0.208454 3.164156 -6.750459
v -1.626185 1.165807 -7.312726
v 1.253959 1.198328 -7.312932
v -0.208454 3.164156 -6.750459
v -0.1953108 1.996586 -7.312828
v 0.4671196 4.116488 -7.312875
v -0.208454 3.164156 -6.750459
v 2.113044 3.947556 -7.312993
v -0.2361581 5.614151 -7.312825
v -0.208454 3.164156 -6.750459
v 0.4671196 4.116488 -7.312875
f 289 290 291
f 292 293 294
f 295 296 297
f 298 299 300
f 301 302 303
f 304 305 306
f 307 308 309
f 310 311 312
f 313 314 315
f 316 317 318
f 319 320 321
f 322 323 324
f 325 326 327
f 328 329 330
f 331 332 333
f 334 335 336
f 337 338 339
f 340 341 342
f 343 344 345
f 346 347 348
v 0 -20 14.36
v 1.5 -20 14.36
v 0 -17 14.36
v 1.5 -17 14.36
v 1.5 -20 14.36
v 1.5 -20 12.86
v 1.5 -17 14.36
v 1.5 -17.5 12.86
v 1.5 -20 12.86
v 0 -20 12.86
v 1.5 -17.5 12.86
v 0 -17.5 12.86
v 0 -20 12.86
v 0 -20 14.36
v 0 -17.5 12.86
v 0 -17 14.36
v 0 -17 14.36
v 1.5 -17 14.36
v 0 -17.5 12.86
v 1.5 -17.5 12.86
v 0 -20 12.86
v 1.5 -20 12.86
v 0 -20 14.36
v 1.5 -20 14.36
f 349 350 351
f 350 352 351
f 353 354 355
f 354 356 355
f 357 358 359
f 358 360 359
f 361 362 363
f 362 364 363
f 365 366 367
f 366 368 367
f 369 370 371
f 370 372 371
v 8 -22 47.5
v 14 -22 47.5
v 14 -16 47.5
v 6.5 -16 47.5
v -14 -22 47.5
v -8 -22 47.5
v -6.5 -16 47.5
v -14 -16 47.5
v -8 -20 31.5
v -14 -22 31.5
v -14 -20 31.5
v -8 -22 31.5
v 8 -20 31.5
v -8 -22 31.5
v -8 -20 31.5
v 8 -22 31.5
v 14 -20 31.5
v 8 -22 31.5
v 8 -20 31.5
v 14 -22 31.5
v -14 -22 38.5
v -14 -16 38.5
v -14 -22 31.5
v -14 -20 31.5
v -14 -16 38.5
v -8 -16 38.5
v -14 -20 31.5
v -8 -20 31.5
v -8 -16 38.5
v -8 -22 38.5
v -8 -20 31.5
v -8 -22 31.5
v -8 -22 38.5
v -14 -22 38.5
v -8 -22 31.5
v -14 -22 31.5
v 8 -22 38.5
v 8 -16 38.5
v 8 -22 31.5
v 8 -20 31.5
v 8 -16 38.5
v 14 -16 38.5
v 8 -20 31.5
v 14 -20 31.5
v 14 -16 38.5
v 14 -22 38.5
v 14 -20 31.5
v 14 -22 31.5
v 14 -22 38.5
v 8 -22 38.5
v 14 -22 31.5
v 8 -22 31.5
v -8 -22 38.5
v -8 -16 38.5
v -8 -22 34.5
v -8 -16 33.5
v -8 -16 38.5
v 8 -16 38.5
v -8 -16 33.5
v 8 -16 33.5
v 8 -16 38.5
v 8 -22 38.5
v 8 -16 33.5
v 8 -22 34.5
v 8 -22 38.5
v -8 -22 38.5
v 8 -22 34.5
v -8 -22 34.5
v -8 -22 31.5
v -8 -20 31.5
v -8 -16 33.5
v 8 -16 33.5
v -8 -20 31.5
v 8 -20 31.5
v 8 -20 31.5
v 8 -22 31.5
v 8 -22 31.5
v -8 -22 31.5
v 14 -22 47.5
v 14 -22 46.5
v 14 -16 46.5
v 14 -16 47.5
v -14 -16 46.5
v -14 -22 47.5
v -14 -16 47.5
v -14 -22 46.5
v 14 -16 38.5
v 8 -16 38.5
v 6.5 -16 46.5
v 14 -16 46.5
v 14 -1 46.5
v 6.5 -1 46.5
v 6.5 -1 47.5
v 14 -1 47.5
v 8 -22 46.5
v 14 -22 38.5
v 14 -22 46.5
v 8 -22 47.5
v 14 -22 47.5
v -8 -16 38.5
v -6.5 -16 46.5
v -6.5 -1 46.5
v -6.5 -1 47.5
v -14 -16 38.5
v -14 -16 46.5
v -14 -1 46.5
v -14 -1 47.5
v -8 -22 46.5
v -8 -22 47.5
v -14 -22 46.5
v -14 -22 38.5
v -14 -22 47.5
v -6.5 -5 47.5
v -14 -5 47.5
v -6.5 -1 47.5
v -14 -1 47.5
v 14 -5 46.5
v 14 -5 47.5
v 14 -1 46.5
v 14 -1 47.5
v 6.5 -5 47.5
v 6.5 -1 47.5
v -14 -5 46.5
v -14 -5 47.5
v -14 -1 46.5
v -14 -1 47.5
v 14 -5 47.5
v 14 -1 47.5
v 6.5 -1 46.5
v -6.5 -5 46.5
v -6.5 -1 46.5
v 6.5 -5 46.5
v -14 -16 46.5
v -14 -5 46.5
v -6.5 -16 46.5
v -14 -1 46.5
v 14 -5 46.5
v 6.5 -16 46.5
v 14 -16 46.5
v 14 -1 46.5
f 373 374 375
f 376 373 375
f 377 378 379
f 380 377 379
f 378 373 376
f 379 378 376
f 381 382 383
f 381 384 382
f 385 386 387
f 385 388 386
f 389 390 391
f 389 392 390
f 393 394 395
f 394 396 395
f 397 398 399
f 398 400 399
f 401 402 403
f 402 404 403
f 405 406 407
f 406 408 407
f 409 410 411
f 410 412 411
f 413 414 415
f 414 416 415
f 417 418 419
f 418 420 419
f 421 422 423
f 422 424 423
f 425 426 427
f 426 428 427
f 429 430 431
f 430 432 431
f 433 434 435
f 434 436 435
f 437 438 439
f 438 440 439
f 427 428 441
f 428 442 441
f 443 444 445
f 444 446 445
f 435 436 447
f 436 448 447
f 439 440 449
f 440 450 449
f 451 452 453
f 454 451 453
f 452 418 417
f 453 452 417
f 455 456 457
f 455 458 456
f 394 458 455
f 394 393 458
f 459 460 461
f 462 459 461
f 463 464 465
f 466 463 465
f 467 468 469
f 467 437 468
f 470 469 471
f 470 467 469
f 460 472 473
f 461 460 473
f 464 474 475
f 465 464 475
f 472 476 477
f 473 472 477
f 474 478 479
f 475 474 479
f 480 437 467
f 480 438 437
f 481 467 470
f 481 480 467
f 482 438 480
f 482 483 438
f 484 480 481
f 484 482 480
f 380 379 485
f 486 380 485
f 486 485 487
f 488 486 487
f 454 453 489
f 490 454 489
f 490 489 491
f 492 490 491
f 379 376 493
f 485 379 493
f 485 493 494
f 487 485 494
f 495 457 496
f 495 455 457
f 497 496 498
f 497 495 496
f 376 375 499
f 493 376 499
f 493 499 500
f 494 493 500
f 501 502 503
f 501 504 502
f 502 505 506
f 502 507 505
f 503 506 508
f 503 502 506
f 509 510 504
f 509 511 510
f 512 504 501
f 512 509 504
v 6.5 -16 48
v 6.5 -16 47
v 6.5 -5 48
v 6.5 -5 47
v -6.5 -16 47
v -6.5 -16 48
v -6.5 -5 47
v -6.5 -5 48
v -6.5 -16 48
v -0.0625 -16 48
v -0.0625 -5 48
v -6.5 -5 48
v -0.0625 -5 47
v -6.5 -16 47
v -6.5 -5 47
v -0.0625 -16 47
v -0.0625 -5 47
v -6.5 -5 47
v -6.5 -5 48
v -0.0625 -5 48
v -6.5 -16 48
v -0.0625 -16 47
v -0.0625 -16 48
v -6.5 -16 47
v 0.0625 -16 48
v 0.0625 -5 48
v 6.5 -16 48
v 6.5 -5 48
v 6.5 -5 47
v 0.0625 -16 47
v 0.0625 -5 47
v 6.5 -16 47
v 6.5 -5 47
v 0.0625 -5 47
v 0.0625 -5 48
v 6.5 -5 48
v 0.0625 -16 48
v 6.5 -16 47
v 6.5 -16 48
v 0.0625 -16 47
v 0.0625 -5 47
v -0.0625 -16 47
v -0.0625 -5 47
v 0.0625 -16 47
f 513 514 515
f 514 516 515
f 517 518 519
f 518 520 519
f 521 522 523
f 524 521 523
f 525 526 527
f 525 528 526
f 529 530 531
f 532 529 531
f 533 534 535
f 533 536 534
f 522 537 538
f 523 522 538
f 537 539 540
f 538 537 540
f 541 542 543
f 541 544 542
f 545 546 547
f 548 545 547
f 546 529 532
f 547 546 532
f 549 550 551
f 549 552 550
f 535 552 549
f 535 534 552
f 553 554 555
f 553 556 554
v 1.18986 -20.1 -7.3201
v 0.2224855 -20.1 -8.651378
v -0.1285771 0.7606628 -7.570648
v 0.05354261 0.7606628 -7.320019
v 0.2224855 -20.1 -8.651378
v -1.34257 -20.1 -8.142736
v -0.4232172 0.7606629 -7.47489
v -0.1285771 0.7606628 -7.570648
v -1.34257 -20.1 -8.142736
v -1.342452 -20.1 -6.497102
v -0.4231951 0.7606629 -7.16508
v -0.4232172 0.7606629 -7.47489
v 0.05354261 0.7606628 -7.320019
v -0.1285771 0.7606628 -7.570648
v -0.4232172 0.7606629 -7.47489
v -0.4231951 0.7606629 -7.16508
v -0.1285413 0.7606628 -7.069364
v -1.342452 -20.1 -6.497102
v 0.2226757 -20.1 -5.988685
v -0.1285413 0.7606628 -7.069364
v -0.4231951 0.7606629 -7.16508
v 0.2226757 -20.1 -5.988685
v 1.18986 -20.1 -7.3201
v 0.05354261 0.7606628 -7.320019
v -0.1285413 0.7606628 -7.069364
v -1.34257 -20.1 -8.142736
v 0.2224855 -20.1 -8.651378
v 1.18986 -20.1 -7.3201
v -1.342452 -20.1 -6.497102
v 0.2226757 -20.1 -5.988685
v 1.633291 -16.80356 -1.648314
v 5.012535 -16.80356 -7.320373
v 5.753702 -16.80356 -7.320426
v 1.404207 -16.80356 -2.353189
v 0.5704522 -12.70128 -7.320055
v -5.034484 -16.80356 -3.814279
v 0.03122671 -12.70128 -6.577764
v -4.434899 -16.80356 -4.249969
v -5.034986 -16.80356 -10.82503
v -0.8413646 -12.70128 -6.861217
v -4.435338 -16.80356 -10.38943
v 1.63248 -16.80356 -12.99195
v -0.8414304 -12.70128 -7.778693
v 1.403498 -16.80356 -12.28704
v 5.753702 -16.80356 -7.320426
v 0.03112065 -12.70128 -8.06227
v 5.012535 -16.80356 -7.320373
v 0.5704522 -12.70128 -7.320055
v 1.633291 -16.80356 -1.648314
v 5.753702 -16.80356 -7.320426
v 0.4882102 -8.314449 -7.32005
v 0.005807157 -8.314449 -6.655979
v -5.034484 -16.80356 -3.814279
v -0.7748324 -8.314449 -6.909563
v -5.034986 -16.80356 -10.82503
v -0.774891 -8.314449 -7.730357
v 1.63248 -16.80356 -12.99195
v 0.005712314 -8.314449 -7.984052
v 5.753702 -16.80356 -7.320426
v 0.4882102 -8.314449 -7.32005
v -0.9510758 -12.11276 -12.44512
v -4.679045 -12.11276 -8.089707
v -5.313279 -12.11276 -8.198942
v -0.8589752 -12.11276 -11.80817
v -0.8778493 -8.550653 -7.435025
v 4.435269 -12.11276 -9.608553
v -0.3069812 -8.550653 -7.990708
v 3.857957 -12.11276 -9.324133
v 3.402012 -12.11276 -3.609288
v 0.3979135 -8.550653 -7.619496
v 2.953112 -12.11276 -4.070453
v -2.622923 -12.11276 -2.7381
v 0.2626943 -8.550653 -6.834391
v -2.323046 -12.11276 -3.307537
v -5.313279 -12.11276 -8.198942
v -0.5257707 -8.550653 -6.720381
v -4.679045 -12.11276 -8.089707
v -0.8778493 -8.550653 -7.435025
v 0.4882102 -8.314449 -7.32005
v 0.005712314 -8.314449 -7.984052
v -0.774891 -8.314449 -7.730357
v -0.7748324 -8.314449 -6.909563
v 0.005807157 -8.314449 -6.655979
v -0.9510758 -12.11276 -12.44512
v -5.313279 -12.11276 -8.198942
v -0.807472 -4.741469 -7.422903
v -0.2967608 -4.741469 -7.92003
v 4.435269 -12.11276 -9.608553
v 0.3338537 -4.741469 -7.587935
v 3.402012 -12.11276 -3.609288
v 0.2128833 -4.741469 -6.885563
v -2.622923 -12.11276 -2.7381
v -0.4924947 -4.741469 -6.783567
v -5.313279 -12.11276 -8.198942
v -0.807472 -4.741469 -7.422903
v -0.8414304 -12.70128 -7.778693
v 0.03112065 -12.70128 -8.06227
v 0.5704522 -12.70128 -7.320055
v -0.8413646 -12.70128 -6.861217
v 0.03122671 -12.70128 -6.577764
v 0.3338537 -4.741469 -7.587935
v -0.2967608 -4.741469 -7.92003
v -0.807472 -4.741469 -7.422903
v 0.2128833 -4.741469 -6.885563
v -0.4924947 -4.741469 -6.783567
v -0.8778493 -8.550653 -7.435025
v -0.3069812 -8.550653 -7.990708
v 0.3979135 -8.550653 -7.619496
v 0.2626943 -8.550653 -6.834391
v -0.5257707 -8.550653 -6.720381
v 1.268903 -8.086783 -11.32335
v -3.144018 -8.086782 -9.635075
v -3.560406 -8.086782 -9.963623
v 1.085106 -8.086783 -10.82582
v -0.6484558 -5.15108 -7.665963
v 4.05442 -8.086783 -7.150584
v -0.01645892 -5.15108 -7.843906
v 3.52444 -8.086783 -7.171639
v 0.9466548 -8.086783 -3.211943
v 0.3480732 -5.15108 -7.297829
v 0.8029063 -8.086783 -3.722491
v -3.759567 -8.086782 -4.950498
v -0.05863043 -5.15108 -6.782392
v -3.318428 -8.086782 -5.244978
v -3.560406 -8.086782 -9.963623
v -0.6745195 -5.15108 -7.009911
v -3.144018 -8.086782 -9.635075
v -0.6484558 -5.15108 -7.665963
v 1.268903 -8.086783 -11.32335
v -3.560406 -8.086782 -9.963623
v -0.6022517 -2.011748 -7.629506
v -0.03685335 -2.011748 -7.788698
v 4.05442 -8.086783 -7.150584
v 0.2892652 -2.011749 -7.300165
v 0.9466548 -8.086783 -3.211943
v -0.07458102 -2.011748 -6.839043
v -3.759567 -8.086782 -4.950498
v -0.6255688 -2.011748 -7.042587
v -3.560406 -8.086782 -9.963623
v -0.6022517 -2.011748 -7.629506
v 0.2892652 -2.011749 -7.300165
v -0.03685335 -2.011748 -7.788698
v -0.6022517 -2.011748 -7.629506
v -0.6255688 -2.011748 -7.042587
v -0.07458102 -2.011748 -6.839043
v -0.6484558 -5.15108 -7.665963
v -0.01645892 -5.15108 -7.843906
v 0.3480732 -5.15108 -7.297829
v -0.6745195 -5.15108 -7.009911
v -0.05863043 -5.15108 -6.782392
v 2.048793 -4.39495 -9.816895
v -1.678304 -4.394949 -9.876947
v -1.886682 -4.394949 -10.23982
v 1.768071 -4.39495 -9.506582
v -0.4294203 -2.078879 -7.702108
v 2.862695 -4.39495 -5.943345
v 0.08560318 -2.078879 -7.646761
v 2.480822 -4.39495 -6.114435
v -0.5697603 -4.39495 -3.972285
v 0.192116 -2.078879 -7.139842
v -0.5250497 -4.39495 -4.388337
v -3.505036 -4.394949 -6.627654
v -0.2570788 -2.078879 -6.881895
v -3.095531 -4.394949 -6.713698
v -1.886682 -4.394949 -10.23982
v -0.6412095 -2.078879 -7.229395
v -1.678304 -4.394949 -9.876947
v -0.4294203 -2.078879 -7.702108
v 2.048793 -4.39495 -9.816895
v -1.886682 -4.394949 -10.23982
v -0.4062978 0.3978394 -7.661842
v 0.05445354 0.3978393 -7.612328
v 2.862695 -4.39495 -5.943345
v 0.1497424 0.3978393 -7.158826
v -0.5697603 -4.39495 -3.972285
v -0.2521173 0.3978393 -6.928061
v -3.505036 -4.394949 -6.627654
v -0.5957691 0.3978394 -7.238943
v -1.886682 -4.394949 -10.23982
v -0.4062978 0.3978394 -7.661842
v 0.05445354 0.3978393 -7.612328
v -0.4062978 0.3978394 -7.661842
v -0.5957691 0.3978394 -7.238943
v 0.1497424 0.3978393 -7.158826
v -0.2521173 0.3978393 -6.928061
v -0.6412095 -2.078879 -7.229395
v -0.4294203 -2.078879 -7.702108
v 0.08560318 -2.078879 -7.646761
v 0.192116 -2.078879 -7.139842
v -0.2570788 -2.078879 -6.881895
v 1.84639 -1.485786 -8.732647
v -0.8300498 -1.485785 -9.414962
v -0.9180458 -1.485785 -9.712273
v 1.590822 -1.485786 -8.557083
v -0.3026576 0.2303646 -7.63307
v 1.768967 -1.485786 -5.800791
v 0.0591156 0.2303646 -7.504869
v 1.523022 -1.485786 -5.989598
v -1.043317 -1.485785 -4.968431
v 0.04898348 0.2303646 -7.121186
v -0.9397531 -1.485785 -5.260683
v -2.703983 -1.485785 -7.385859
v -0.3190515 0.2303646 -7.012257
v -2.394032 -1.485785 -7.377675
v -0.9180458 -1.485785 -9.712273
v -0.5363778 0.2303646 -7.328619
v -0.8300498 -1.485785 -9.414962
v -0.3026576 0.2303646 -7.63307
v 1.84639 -1.485786 -8.732647
v -0.9180458 -1.485785 -9.712273
v -0.2928932 2.065551 -7.600079
v 0.03075708 2.065551 -7.485388
v 1.768967 -1.485786 -5.800791
v 0.02169284 2.065551 -7.142136
v -1.043317 -1.485785 -4.968431
v -0.3075596 2.065551 -7.044687
v -2.703983 -1.485785 -7.385859
v -0.5019844 2.065551 -7.327711
v -0.9180458 -1.485785 -9.712273
v -0.2928932 2.065551 -7.600079
v 0.03075708 2.065551 -7.485388
v -0.2928932 2.065551 -7.600079
v -0.5019844 2.065551 -7.327711
v 0.02169284 2.065551 -7.142136
v -0.3075596 2.065551 -7.044687
v -0.5363778 0.2303646 -7.328619
v -0.3026576 0.2303646 -7.63307
v 0.0591156 0.2303646 -7.504869
v 0.04898348 0.2303646 -7.121186
v -0.3190515 0.2303646 -7.012257
v -1.710764 -15.4225 -11.19705
v -2.143225 -15.14146 -11.0565
v -1.97807 -15.14146 -11.56491
v -2.143245 -14.68673 -11.33753
v -1.978017 -14.68673 -10.82914
v -1.710764 -14.40569 -11.19705
v -1.710796 -14.68673 -11.65178
v -1.710764 -14.40569 -11.19705
v -1.44351 -15.14146 -11.56495
v -1.710764 -15.4225 -11.19705
v -1.278303 -14.68673 -11.33759
v -1.710764 -14.40569 -11.19705
v -1.278283 -15.14146 -11.05656
v -1.710764 -15.4225 -11.19705
v -1.443458 -14.68673 -10.82918
v -1.710764 -14.40569 -11.19705
v -1.710732 -15.14146 -10.74231
v -1.710764 -15.4225 -11.19705
v -1.978017 -14.68673 -10.82914
v -1.710764 -14.40569 -11.19705
v -2.143225 -15.14146 -11.0565
v -1.710764 -15.4225 -11.19705
v -2.698185 -14.42953 -4.334677
v -3.130646 -14.14849 -4.19413
v -2.965491 -14.14849 -4.702542
v -3.130666 -13.69375 -4.475162
v -2.965439 -13.69375 -3.966775
v -2.698185 -13.41271 -4.334677
v -2.698218 -13.69375 -4.789409
v -2.698185 -13.41271 -4.334677
v -2.430931 -14.14849 -4.70258
v -2.698185 -14.42953 -4.334677
v -2.265724 -13.69375 -4.475224
v -2.698185 -13.41271 -4.334677
v -2.265704 -14.14849 -4.194192
v -2.698185 -14.42953 -4.334677
v -2.430879 -13.69375 -3.966813
v -2.698185 -13.41271 -4.334677
v -2.698153 -14.14849 -3.879945
v -2.698185 -14.42953 -4.334677
v -2.965439 -13.69375 -3.966775
v -2.698185 -13.41271 -4.334677
v -3.130646 -14.14849 -4.19413
v -2.698185 -14.42953 -4.334677
v 2.969229 -7.618847 -8.506348
v 2.536767 -7.337809 -8.3658
v 2.701923 -7.337809 -8.874212
v 2.536747 -6.883074 -8.646832
v 2.701975 -6.883074 -8.138445
v 2.969229 -6.602034 -8.506348
v 2.969196 -6.883074 -8.96108
v 2.969229 -6.602034 -8.506348
v 3.236482 -7.337809 -8.87425
v 2.969229 -7.618847 -8.506348
v 3.40169 -6.883074 -8.646894
v 2.969229 -6.602034 -8.506348
v 3.40171 -7.337809 -8.365862
v 2.969229 -7.618847 -8.506348
v 3.236535 -6.883074 -8.138483
v 2.969229 -6.602034 -8.506348
v 2.969261 -7.337809 -8.051615
v 2.969229 -7.618847 -8.506348
v 2.701975 -6.883074 -8.138445
v 2.969229 -6.602034 -8.506348
v 2.536767 -7.337809 -8.3658
v 2.969229 -7.618847 -8.506348
v -2.17088 -3.540608 -8.806597
v -2.603341 -3.25957 -8.66605
v -2.438186 -3.25957 -9.174462
v -2.603361 -2.804835 -8.947083
v -2.438133 -2.804835 -8.438695
v -2.17088 -2.523795 -8.806597
v -2.170913 -2.804835 -9.26133
v -2.17088 -2.523795 -8.806597
v -1.903626 -3.25957 -9.1745
v -2.17088 -3.540608 -8.806597
v -1.738419 -2.804835 -8.947145
v -2.17088 -2.523795 -8.806597
v -1.738399 -3.25957 -8.666112
v -2.17088 -3.540608 -8.806597
v -1.903574 -2.804835 -8.438733
v -2.17088 -2.523795 -8.806597
v -2.170848 -3.25957 -8.351865
v -2.17088 -3.540608 -8.806597
v -2.438133 -2.804835 -8.438695
v -2.17088 -2.523795 -8.806597
v -2.603341 -3.25957 -8.66605
v -2.17088 -3.540608 -8.806597
v 2.734259 -16.27917 -3.524277
v 2.301798 -15.99813 -3.38373
v 2.466953 -15.99813 -3.892142
v 2.301778 -15.5434 -3.664762
v 2.467006 -15.5434 -3.156375
v 2.734259 -15.26236 -3.524277
v 2.734227 -15.5434 -3.979009
v 2.734259 -15.26236 -3.524277
v 3.001513 -15.99813 -3.89218
v 2.734259 -16.27917 -3.524277
v 3.166721 -15.5434 -3.664824
v 2.734259 -15.26236 -3.524277
v 3.166741 -15.99813 -3.383792
v 2.734259 -16.27917 -3.524277
v 3.001565 -15.5434 -3.156413
v 2.734259 -15.26236 -3.524277
v 2.734292 -15.99813 -3.069545
v 2.734259 -16.27917 -3.524277
v 2.467006 -15.5434 -3.156375
v 2.734259 -15.26236 -3.524277
v 2.301798 -15.99813 -3.38373
v 2.734259 -16.27917 -3.524277
v 4.243649 -15.11397 -7.524351
v 3.811187 -14.83293 -7.383803
v 3.976342 -14.83293 -7.892215
v 3.811167 -14.3782 -7.664835
v 3.976395 -14.3782 -7.156448
v 4.243649 -14.09716 -7.524351
v 4.243616 -14.3782 -7.979083
v 4.243649 -14.09716 -7.524351
v 4.510902 -14.83293 -7.892253
v 4.243649 -15.11397 -7.524351
v 4.67611 -14.3782 -7.664897
v 4.243649 -14.09716 -7.524351
v 4.67613 -14.83293 -7.383865
v 4.243649 -15.11397 -7.524351
v 4.510955 -14.3782 -7.156486
v 4.243649 -14.09716 -7.524351
v 4.243681 -14.83293 -7.069618
v 4.243649 -15.11397 -7.524351
v 3.976395 -14.3782 -7.156448
v 4.243649 -14.09716 -7.524351
v 3.811187 -14.83293 -7.383803
v 4.243649 -15.11397 -7.524351
v -2.309731 -9.538513 -9.364448
v -2.742192 -9.257475 -9.223901
v -2.577037 -9.257475 -9.732313
v -2.742212 -8.80274 -9.504933
v -2.576984 -8.80274 -8.996546
v -2.309731 -8.5217 -9.364448
v -2.309763 -8.80274 -9.81918
v -2.309731 -8.5217 -9.364448
v -2.042477 -9.257475 -9.732351
v -2.309731 -9.538513 -9.364448
v -1.877269 -8.80274 -9.504995
v -2.309731 -8.5217 -9.364448
v -1.877249 -9.257475 -9.223963
v -2.309731 -9.538513 -9.364448
v -2.042424 -8.80274 -8.996584
v -2.309731 -8.5217 -9.364448
v -2.309698 -9.257475 -8.909716
v -2.309731 -9.538513 -9.364448
v -2.576984 -8.80274 -8.996546
v -2.309731 -8.5217 -9.364448
v -2.742192 -9.257475 -9.223901
v -2.309731 -9.538513 -9.364448
v -1.228787 -7.687575 -4.260297
v -1.661248 -7.406537 -4.11975
v -1.496093 -7.406537 -4.628162
v -1.661268 -6.951802 -4.400783
v -1.49604 -6.951802 -3.892395
v -1.228787 -6.670762 -4.260297
v -1.228819 -6.951802 -4.715029
v -1.228787 -6.670762 -4.260297
v -0.9615333 -7.406537 -4.6282
v -1.228787 -7.687575 -4.260297
v -0.7963257 -6.951802 -4.400845
v -1.228787 -6.670762 -4.260297
v -0.7963057 -7.406537 -4.119812
v -1.228787 -7.687575 -4.260297
v -0.9614807 -6.951802 -3.892433
v -1.228787 -6.670762 -4.260297
v -1.228755 -7.406537 -3.805565
v -1.228787 -7.687575 -4.260297
v -1.49604 -6.951802 -3.892395
v -1.228787 -6.670762 -4.260297
v -1.661248 -7.406537 -4.11975
v -1.228787 -7.687575 -4.260297
v -0.5291935 -2.123511 -5.037954
v -0.9616547 -1.842473 -4.897407
v -0.7964994 -1.842473 -5.405819
v -0.9616747 -1.387738 -5.17844
v -0.7964468 -1.387738 -4.670053
v -0.5291934 -1.106698 -5.037954
v -0.5292259 -1.387738 -5.492686
v -0.5291934 -1.106698 -5.037954
v -0.2619396 -1.842473 -5.405857
v -0.5291935 -2.123511 -5.037954
v -0.09673205 -1.387738 -5.178501
v -0.5291934 -1.106698 -5.037954
v -0.09671205 -1.842473 -4.897469
v -0.5291935 -2.123511 -5.037954
v -0.2618871 -1.387738 -4.670091
v -0.5291934 -1.106698 -5.037954
v -0.529161 -1.842473 -4.583222
v -0.5291935 -2.123511 -5.037954
v -0.7964468 -1.387738 -4.670053
v -0.5291934 -1.106698 -5.037954
v -0.9616547 -1.842473 -4.897407
v -0.5291935 -2.123511 -5.037954
v 2.132602 -4.009048 -8.044601
v 1.700141 -3.728009 -7.904054
v 1.865297 -3.728009 -8.412466
v 1.700121 -3.273275 -8.185087
v 1.865349 -3.273275 -7.6767
v 2.132602 -2.992234 -8.044601
v 2.13257 -3.273275 -8.499333
v 2.132602 -2.992234 -8.044601
v 2.399856 -3.728009 -8.412504
v 2.132602 -4.009048 -8.044601
v 2.565064 -3.273275 -8.185148
v 2.132602 -2.992234 -8.044601
v 2.565084 -3.728009 -7.904116
v 2.132602 -4.009048 -8.044601
v 2.399909 -3.273275 -7.676738
v 2.132602 -2.992234 -8.044601
v 2.132635 -3.728009 -7.589869
v 2.132602 -4.009048 -8.044601
v 1.865349 -3.273275 -7.6767
v 2.132602 -2.992234 -8.044601
v 1.700141 -3.728009 -7.904054
v 2.132602 -4.009048 -8.044601
v -0.3093294 -5.585239 -9.552674
v -0.7417906 -5.304201 -9.412127
v -0.5766352 -5.304201 -9.920539
v -0.7418106 -4.849466 -9.69316
v -0.5765827 -4.849466 -9.184772
v -0.3093292 -4.568426 -9.552674
v -0.3093617 -4.849466 -10.00741
v -0.3093292 -4.568426 -9.552674
v -0.04207549 -5.304201 -9.920577
v -0.3093294 -5.585239 -9.552674
v 0.123132 -4.849466 -9.693221
v -0.3093292 -4.568426 -9.552674
v 0.123152 -5.304201 -9.412189
v -0.3093294 -5.585239 -9.552674
v -0.04202294 -4.849466 -9.184811
v -0.3093292 -4.568426 -9.552674
v -0.3092969 -5.304201 -9.097942
v -0.3093294 -5.585239 -9.552674
v -0.5765827 -4.849466 -9.184772
v -0.3093292 -4.568426 -9.552674
v -0.7417906 -5.304201 -9.412127
v -0.3093294 -5.585239 -9.552674
v 1.323758 -12.4282 -3.134528
v 0.8912968 -12.14716 -2.993981
v 1.056452 -12.14716 -3.502393
v 0.8912768 -11.69243 -3.275013
v 1.056505 -11.69243 -2.766626
v 1.323758 -11.41139 -3.134528
v 1.323726 -11.69243 -3.58926
v 1.323758 -11.41139 -3.134528
v 1.591012 -12.14716 -3.502431
v 1.323758 -12.4282 -3.134528
v 1.756219 -11.69243 -3.275074
v 1.323758 -11.41139 -3.134528
v 1.756239 -12.14716 -2.994042
v 1.323758 -12.4282 -3.134528
v 1.591064 -11.69243 -2.766664
v 1.323758 -11.41139 -3.134528
v 1.323791 -12.14716 -2.679796
v 1.323758 -12.4282 -3.134528
v 1.056505 -11.69243 -2.766626
v 1.323758 -11.41139 -3.134528
v 0.8912968 -12.14716 -2.993981
v 1.323758 -12.4282 -3.134528
v -3.392496 -10.80433 -5.91467
v -3.824957 -10.52329 -5.774123
v -3.659801 -10.52329 -6.282535
v -3.824977 -10.06855 -6.055155
v -3.659749 -10.06855 -5.546768
v -3.392496 -9.787514 -5.91467
v -3.392528 -10.06855 -6.369402
v -3.392496 -9.787514 -5.91467
v -3.125242 -10.52329 -6.282573
v -3.392496 -10.80433 -5.91467
v -2.960034 -10.06855 -6.055217
v -3.392496 -9.787514 -5.91467
v -2.960014 -10.52329 -5.774185
v -3.392496 -10.80433 -5.91467
v -3.125189 -10.06855 -5.546806
v -3.392496 -9.787514 -5.91467
v -3.392463 -10.52329 -5.459938
v -3.392496 -10.80433 -5.91467
v -3.659749 -10.06855 -5.546768
v -3.392496 -9.787514 -5.91467
v -3.824957 -10.52329 -5.774123
v -3.392496 -10.80433 -5.91467
v 2.351605 -10.59445 -9.791191
v 1.919143 -10.31341 -9.650643
v 2.084299 -10.31341 -10.15906
v 1.919124 -9.858678 -9.931676
v 2.084351 -9.858678 -9.423288
v 2.351605 -9.577638 -9.791191
v 2.351572 -9.858678 -10.24592
v 2.351605 -9.577638 -9.791191
v 2.618859 -10.31341 -10.15909
v 2.351605 -10.59445 -9.791191
v 2.784066 -9.858678 -9.931738
v 2.351605 -9.577638 -9.791191
v 2.784086 -10.31341 -9.650705
v 2.351605 -10.59445 -9.791191
v 2.618911 -9.858678 -9.423326
v 2.351605 -9.577638 -9.791191
v 2.351637 -10.31341 -9.336458
v 2.351605 -10.59445 -9.791191
v 2.084351 -9.858678 -9.423288
v 2.351605 -9.577638 -9.791191
v 1.919143 -10.31341 -9.650643
v 2.351605 -10.59445 -9.791191
v -2.771035 -6.448367 -7.38328
v -3.203497 -6.167328 -7.242733
v -3.038341 -6.167328 -7.751145
v -3.203517 -5.712594 -7.523766
v -3.038289 -5.712594 -7.015378
v -2.771035 -5.431553 -7.38328
v -2.771068 -5.712594 -7.838013
v -2.771035 -5.431553 -7.38328
v -2.503782 -6.167328 -7.751184
v -2.771035 -6.448367 -7.38328
v -2.338574 -5.712594 -7.523828
v -2.771035 -5.431553 -7.38328
v -2.338554 -6.167328 -7.242795
v -2.771035 -6.448367 -7.38328
v -2.503729 -5.712594 -7.015417
v -2.771035 -5.431553 -7.38328
v -2.771003 -6.167328 -6.928548
v -2.771035 -6.448367 -7.38328
v -3.038289 -5.712594 -7.015378
v -2.771035 -5.431553 -7.38328
v -3.203497 -6.167328 -7.242733
v -2.771035 -6.448367 -7.38328
v 1.502454 -4.946933 -5.372432
v 1.069993 -4.665895 -5.231884
v 1.235148 -4.665895 -5.740296
v 1.069973 -4.21116 -5.512917
v 1.235201 -4.21116 -5.00453
v 1.502454 -3.93012 -5.372432
v 1.502422 -4.21116 -5.827164
v 1.502454 -3.93012 -5.372432
v 1.769708 -4.665895 -5.740335
v 1.502454 -4.946933 -5.372432
v 1.934916 -4.21116 -5.512979
v 1.502454 -3.93012 -5.372432
v 1.934936 -4.665895 -5.231946
v 1.502454 -4.946933 -5.372432
v 1.769761 -4.21116 -5.004568
v 1.502454 -3.93012 -5.372432
v 1.502487 -4.665895 -4.9177
v 1.502454 -4.946933 -5.372432
v 1.235201 -4.21116 -5.00453
v 1.502454 -3.93012 -5.372432
v 1.069993 -4.665895 -5.231884
v 1.502454 -4.946933 -5.372432
v -0.02335919 -0.8027546 -8.893603
v -0.4558204 -0.5217162 -8.753057
v -0.290665 -0.5217162 -9.261469
v -0.4558404 -0.06698146 -9.034089
v -0.2906125 -0.06698149 -8.525702
v -0.02335907 0.2140587 -8.893603
v -0.02339155 -0.06698152 -9.348336
v -0.02335907 0.2140587 -8.893603
v 0.2438947 -0.5217163 -9.261507
v -0.02335919 -0.8027546 -8.893603
v 0.4091021 -0.06698157 -9.034151
v -0.02335907 0.2140587 -8.893603
v 0.4091221 -0.5217164 -8.753119
v -0.02335919 -0.8027546 -8.893603
v 0.2439472 -0.06698155 -8.52574
v -0.02335907 0.2140587 -8.893603
v -0.02332672 -0.5217163 -8.438871
v -0.02335919 -0.8027546 -8.893603
v -0.2906125 -0.06698149 -8.525702
v -0.02335907 0.2140587 -8.893603
v -0.4558204 -0.5217162 -8.753057
v -0.02335919 -0.8027546 -8.893603
v -4.879169 -16.35334 -7.566056
v -5.311631 -16.0723 -7.425509
v -5.146475 -16.0723 -7.933921
v -5.311651 -15.61757 -7.706541
v -5.146423 -15.61757 -7.198153
v -4.879169 -15.33653 -7.566056
v -4.879202 -15.61757 -8.020788
v -4.879169 -15.33653 -7.566056
v -4.611916 -16.0723 -7.933959
v -4.879169 -16.35334 -7.566056
v -4.446708 -15.61757 -7.706603
v -4.879169 -15.33653 -7.566056
v -4.446688 -16.0723 -7.425571
v -4.879169 -16.35334 -7.566056
v -4.611863 -15.61757 -7.198192
v -4.879169 -15.33653 -7.566056
v -4.879137 -16.0723 -7.111324
v -4.879169 -16.35334 -7.566056
v -5.146423 -15.61757 -7.198153
v -4.879169 -15.33653 -7.566056
v -5.311631 -16.0723 -7.425509
v -4.879169 -16.35334 -7.566056
f 557 558 559
f 557 559 560
f 561 562 563
f 561 563 564
f 565 566 567
f 565 567 568
f 569 570 571
f 571 572 569
f 572 573 569
f 574 575 576
f 574 576 577
f 578 579 580
f 578 580 581
f 582 583 584
f 584 585 582
f 584 586 585
f 587 588 589
f 587 590 588
f 590 591 588
f 592 590 587
f 590 593 591
f 592 594 590
f 594 593 590
f 595 594 592
f 594 596 593
f 595 597 594
f 597 596 594
f 598 597 595
f 597 599 596
f 598 600 597
f 600 599 597
f 601 600 598
f 600 602 599
f 601 603 600
f 603 602 600
f 603 604 602
f 605 606 607
f 605 607 608
f 609 605 608
f 609 608 610
f 611 609 610
f 611 610 612
f 613 611 612
f 613 612 614
f 615 613 614
f 615 614 616
f 617 618 619
f 617 620 618
f 620 621 618
f 622 620 617
f 620 623 621
f 622 624 620
f 624 623 620
f 625 624 622
f 624 626 623
f 625 627 624
f 627 626 624
f 628 627 625
f 627 629 626
f 628 630 627
f 630 629 627
f 631 630 628
f 630 632 629
f 631 633 630
f 633 632 630
f 633 634 632
f 635 636 637
f 637 638 635
f 638 639 635
f 640 641 642
f 640 642 643
f 644 640 643
f 644 643 645
f 646 644 645
f 646 645 647
f 648 646 647
f 648 647 649
f 650 648 649
f 650 649 651
f 652 653 654
f 654 655 652
f 654 656 655
f 657 658 659
f 659 660 657
f 659 661 660
f 662 663 664
f 664 665 662
f 665 666 662
f 667 668 669
f 667 670 668
f 670 671 668
f 672 670 667
f 670 673 671
f 672 674 670
f 674 673 670
f 675 674 672
f 674 676 673
f 675 677 674
f 677 676 674
f 678 677 675
f 677 679 676
f 678 680 677
f 680 679 677
f 681 680 678
f 680 682 679
f 681 683 680
f 683 682 680
f 683 684 682
f 685 686 687
f 685 687 688
f 689 685 688
f 689 688 690
f 691 689 690
f 691 690 692
f 693 691 692
f 693 692 694
f 695 693 694
f 695 694 696
f 697 698 699
f 699 700 697
f 700 701 697
f 702 703 704
f 704 705 702
f 704 706 705
f 707 708 709
f 707 710 708
f 710 711 708
f 712 710 707
f 710 713 711
f 712 714 710
f 714 713 710
f 715 714 712
f 714 716 713
f 715 717 714
f 717 716 714
f 718 717 715
f 717 719 716
f 718 720 717
f 720 719 717
f 721 720 718
f 720 722 719
f 721 723 720
f 723 722 720
f 723 724 722
f 725 726 727
f 725 727 728
f 729 725 728
f 729 728 730
f 731 729 730
f 731 730 732
f 733 731 732
f 733 732 734
f 735 733 734
f 735 734 736
f 737 738 739
f 739 740 737
f 739 741 740
f 742 743 744
f 744 745 742
f 745 746 742
f 747 748 749
f 747 750 748
f 750 751 748
f 752 750 747
f 750 753 751
f 752 754 750
f 754 753 750
f 755 754 752
f 754 756 753
f 755 757 754
f 757 756 754
f 758 757 755
f 757 759 756
f 758 760 757
f 760 759 757
f 761 760 758
f 760 762 759
f 761 763 760
f 763 762 760
f 763 764 762
f 765 766 767
f 765 767 768
f 769 765 768
f 769 768 770
f 771 769 770
f 771 770 772
f 773 771 772
f 773 772 774
f 775 773 774
f 775 774 776
f 777 778 779
f 779 780 777
f 779 781 780
f 782 783 784
f 784 785 782
f 785 786 782
f 787 788 789
f 788 790 789
f 788 791 790
f 791 792 790
f 789 790 793
f 790 794 793
f 789 793 795
f 789 795 796
f 795 793 797
f 793 798 797
f 795 797 799
f 800 795 799
f 799 797 801
f 797 802 801
f 799 801 803
f 804 799 803
f 803 801 805
f 801 806 805
f 803 805 807
f 808 803 807
f 809 810 811
f 810 812 811
f 810 813 812
f 813 814 812
f 811 812 815
f 812 816 815
f 811 815 817
f 811 817 818
f 817 815 819
f 815 820 819
f 817 819 821
f 822 817 821
f 821 819 823
f 819 824 823
f 821 823 825
f 826 821 825
f 825 823 827
f 823 828 827
f 825 827 829
f 830 825 829
f 831 832 833
f 832 834 833
f 832 835 834
f 835 836 834
f 833 834 837
f 834 838 837
f 833 837 839
f 833 839 840
f 839 837 841
f 837 842 841
f 839 841 843
f 844 839 843
f 843 841 845
f 841 846 845
f 843 845 847
f 848 843 847
f 847 845 849
f 845 850 849
f 847 849 851
f 852 847 851
f 853 854 855
f 854 856 855
f 854 857 856
f 857 858 856
f 855 856 859
f 856 860 859
f 855 859 861
f 855 861 862
f 861 859 863
f 859 864 863
f 861 863 865
f 866 861 865
f 865 863 867
f 863 868 867
f 865 867 869
f 870 865 869
f 869 867 871
f 867 872 871
f 869 871 873
f 874 869 873
f 875 876 877
f 876 878 877
f 876 879 878
f 879 880 878
f 877 878 881
f 878 882 881
f 877 881 883
f 877 883 884
f 883 881 885
f 881 886 885
f 883 885 887
f 888 883 887
f 887 885 889
f 885 890 889
f 887 889 891
f 892 887 891
f 891 889 893
f 889 894 893
f 891 893 895
f 896 891 895
f 897 898 899
f 898 900 899
f 898 901 900
f 901 902 900
f 899 900 903
f 900 904 903
f 899 903 905
f 899 905 906
f 905 903 907
f 903 908 907
f 905 907 909
f 910 905 909
f 909 907 911
f 907 912 911
f 909 911 913
f 914 909 913
f 913 911 915
f 911 916 915
f 913 915 917
f 918 913 917
f 919 920 921
f 920 922 921
f 920 923 922
f 923 924 922
f 921 922 925
f 922 926 925
f 921 925 927
f 921 927 928
f 927 925 929
f 925 930 929
f 927 929 931
f 932 927 931
f 931 929 933
f 929 934 933
f 931 933 935
f 936 931 935
f 935 933 937
f 933 938 937
f 935 937 939
f 940 935 939
f 941 942 943
f 942 944 943
f 942 945 944
f 945 946 944
f 943 944 947
f 944 948 947
f 943 947 949
f 943 949 950
f 949 947 951
f 947 952 951
f 949 951 953
f 954 949 953
f 953 951 955
f 951 956 955
f 953 955 957
f 958 953 957
f 957 955 959
f 955 960 959
f 957 959 961
f 962 957 961
f 963 964 965
f 964 966 965
f 964 967 966
f 967 968 966
f 965 966 969
f 966 970 969
f 965 969 971
f 965 971 972
f 971 969 973
f 969 974 973
f 971 973 975
f 976 971 975
f 975 973 977
f 973 978 977
f 975 977 979
f 980 975 979
f 979 977 981
f 977 982 981
f 979 981 983
f 984 979 983
f 985 986 987
f 986 988 987
f 986 989 988
f 989 990 988
f 987 988 991
f 988 992 991
f 987 991 993
f 987 993 994
f 993 991 995
f 991 996 995
f 993 995 997
f 998 993 997
f 997 995 999
f 995 1000 999
f 997 999 1001
f 1002 997 1001
f 1001 999 1003
f 999 1004 1003
f 1001 1003 1005
f 1006 1001 1005
f 1007 1008 1009
f 1008 1010 1009
f 1008 1011 1010
f 1011 1012 1010
f 1009 1010 1013
f 1010 1014 1013
f 1009 1013 1015
f 1009 1015 1016
f 1015 1013 1017
f 1013 1018 1017
f 1015 1017 1019
f 1020 1015 1019
f 1019 1017 1021
f 1017 1022 1021
f 1019 1021 1023
f 1024 1019 1023
f 1023 1021 1025
f 1021 1026 1025
f 1023 1025 1027
f 1028 1023 1027
f 1029 1030 1031
f 1030 1032 1031
f 1030 1033 1032
f 1033 1034 1032
f 1031 1032 1035
f 1032 1036 1035
f 1031 1035 1037
f 1031 1037 1038
f 1037 1035 1039
f 1035 1040 1039
f 1037 1039 1041
f 1042 1037 1041
f 1041 1039 1043
f 1039 1044 1043
f 1041 1043 1045
f 1046 1041 1045
f 1045 1043 1047
f 1043 1048 1047
f 1045 1047 1049
f 1050 1045 1049
f 1051 1052 1053
f 1052 1054 1053
f 1052 1055 1054
f 1055 1056 1054
f 1053 1054 1057
f 1054 1058 1057
f 1053 1057 1059
f 1053 1059 1060
f 1059 1057 1061
f 1057 1062 1061
f 1059 1061 1063
f 1064 1059 1063
f 1063 1061 1065
f 1061 1066 1065
f 1063 1065 1067
f 1068 1063 1067
f 1067 1065 1069
f 1065 1070 1069
f 1067 1069 1071
f 1072 1067 1071
f 1073 1074 1075
f 1074 1076 1075
f 1074 1077 1076
f 1077 1078 1076
f 1075 1076 1079
f 1076 1080 1079
f 1075 1079 1081
f 1075 1081 1082
f 1081 1079 1083
f 1079 1084 1083
f 1081 1083 1085
f 1086 1081 1085
f 1085 1083 1087
f 1083 1088 1087
f 1085 1087 1089
f 1090 1085 1089
f 1089 1087 1091
f 1087 1092 1091
f 1089 1091 1093
f 1094 1089 1093
f 1095 1096 1097
f 1096 1098 1097
f 1096 1099 1098
f 1099 1100 1098
f 1097 1098 1101
f 1098 1102 1101
f 1097 1101 1103
f 1097 1103 1104
f 1103 1101 1105
f 1101 1106 1105
f 1103 1105 1107
f 1108 1103 1107
f 1107 1105 1109
f 1105 1110 1109
f 1107 1109 1111
f 1112 1107 1111
f 1111 1109 1113
f 1109 1114 1113
f 1111 1113 1115
f 1116 1111 1115
f 1117 1118 1119
f 1118 1120 1119
f 1118 1121 1120
f 1121 1122 1120
f 1119 1120 1123
f 1120 1124 1123
f 1119 1123 1125
f 1119 1125 1126
f 1125 1123 1127
f 1123 1128 1127
f 1125 1127 1129
f 1130 1125 1129
f 1129 1127 1131
f 1127 1132 1131
f 1129 1131 1133
f 1134 1129 1133
f 1133 1131 1135
f 1131 1136 1135
f 1133 1135 1137
f 1138 1133 1137
f 1139 1140 1141
f 1140 1142 1141
f 1140 1143 1142
f 1143 1144 1142
f 1141 1142 1145
f 1142 1146 1145
f 1141 1145 1147
f 1141 1147 1148
f 1147 1145 1149
f 1145 1150 1149
f 1147 1149 1151
f 1152 1147 1151
f 1151 1149 1153
f 1149 1154 1153
f 1151 1153 1155
f 1156 1151 1155
f 1155 1153 1157
f 1153 1158 1157
f 1155 1157 1159
f 1160 1155 1159
f 1161 1162 1163
f 1162 1164 1163
f 1162 1165 1164
f 1165 1166 1164
f 1163 1164 1167
f 1164 1168 1167
f 1163 1167 1169
f 1163 1169 1170
f 1169 1167 1171
f 1167 1172 1171
f 1169 1171 1173
f 1174 1169 1173
f 1173 1171 1175
f 1171 1176 1175
f 1173 1175 1177
f 1178 1173 1177
f 1177 1175 1179
f 1175 1180 1179
f 1177 1179 1181
f 1182 1177 1181
v 49 -3 -34.5
v 49 -20 31.5
v 49 -3 31.5
v 49 -20 -34.5
v 37 -3 -40.5
v 49 -20 -34.5
v 49 -3 -34.5
v 37 -20 -40.5
v -49 -20 31.5
v -49 -20 -34.5
v -49 -3 -34.5
v -49 -3 31.5
v -49 -20 -34.5
v -37 -20 -40.5
v -37 -3 -40.5
v -49 -3 -34.5
v -37 -20 -40.5
v -23 -20 -47.5
v -23 -3 -47.5
v -37 -3 -40.5
v -23 -20 -47.5
v 23 -20 -47.5
v 23 -3 -47.5
v -23 -3 -47.5
v -18 -20 31.5
v -18 -3 31.5
v -18 -20 47.5
v -18 -3 47.5
v 18 -3 31.5
v 18 -20 31.5
v 18 -3 47.5
v 18 -20 47.5
v 21 -3 28.5
v 18 -20 28.5
v 18 -3 28.5
v 21 -20 28.5
v 49 -3 31.5
v 21 -20 31.5
v 21 -3 31.5
v 49 -20 31.5
v 23 -20 -47.5
v 37 -20 -40.5
v 23 -3 -47.5
v 37 -3 -40.5
v -21 -3 31.5
v -49 -20 31.5
v -49 -3 31.5
v -21 -20 31.5
v -18 -3 28.5
v -21 -20 28.5
v -21 -3 28.5
v -18 -20 28.5
v -21 -20 31.5
v -21 -3 31.5
v -21 -20 28.5
v -21 -3 28.5
v -18 -3 28.5
v -18 -20 28.5
v -18 -20 31.5
v -21 -20 31.5
v -18 -20 28.5
v -21 -20 28.5
v 21 -3 31.5
v 21 -20 31.5
v 21 -3 28.5
v 21 -20 28.5
v 18 -20 28.5
v 18 -3 28.5
v 21 -20 31.5
v 18 -20 31.5
v 21 -20 28.5
v 18 -20 28.5
v -18 -20 47.5
v -18 -3 47.5
v -6.5 -16 46.5
v -6.5 -5 46.5
v -18 -3 47.5
v 18 -3 47.5
v -6.5 -5 46.5
v 6.5 -5 46.5
v 18 -3 47.5
v 18 -20 47.5
v 6.5 -5 46.5
v 6.5 -16 46.5
v 18 -20 47.5
v -18 -20 47.5
v 6.5 -16 46.5
v -6.5 -16 46.5
v 49 -20 31.5
v 49 -20 -34.5
v 21 -20 31.5
v 37 -20 -40.5
v 18 -20 31.5
v 18 -20 47.5
v -18 -20 47.5
v -18 -20 31.5
v 23 -20 -47.5
v -23 -20 -47.5
v -37 -20 -40.5
v -21 -20 31.5
v -49 -20 -34.5
v -49 -20 31.5
v 49 30 -34.5
v 49 -3 31.5
v 49 30 31.5
v 49 -3 -34.5
v 37 30 -40.5
v 49 -3 -34.5
v 49 30 -34.5
v 37 -3 -40.5
v -49 -3 31.5
v -49 -3 -34.5
v -49 30 -34.5
v -49 30 31.5
v -49 -3 -34.5
v -37 -3 -40.5
v -37 30 -40.5
v -49 30 -34.5
v 18 30 47.5
v -18 -3 47.5
v -18 30 47.5
v 18 -3 47.5
v -37 -3 -40.5
v -23 -3 -47.5
v -23 30 -47.5
v -37 30 -40.5
v -23 -3 -47.5
v 23 -3 -47.5
v 23 30 -47.5
v -23 30 -47.5
v -23 30 -34.5
v 23 30 -47.5
v 23 30 -34.5
v -23 30 -47.5
v -18 30 31.5
v 18 30 31.5
v -18 -3 31.5
v -18 30 31.5
v -18 -3 47.5
v -18 30 47.5
v -18 30 47.5
v 18 30 47.5
v 18 30 31.5
v 18 -3 31.5
v 18 30 47.5
v 18 -3 47.5
v 21 30 28.5
v 18 -3 28.5
v 18 30 28.5
v 21 -3 28.5
v 49 30 31.5
v 21 -3 31.5
v 21 30 31.5
v 49 -3 31.5
v 23 -3 -47.5
v 37 -3 -40.5
v 23 30 -47.5
v 37 30 -40.5
v 49 30 -34.5
v 37 30 -34.5
v 37 30 -40.5
v 21 30 31.5
v 49 30 31.5
v -21 30 31.5
v -49 -3 31.5
v -49 30 31.5
v -21 -3 31.5
v -18 30 28.5
v -21 -3 28.5
v -21 30 28.5
v -18 -3 28.5
v -39 30 -34.5
v -49 30 -34.5
v -21 30 31.5
v -49 30 31.5
v -21 -3 31.5
v -21 30 31.5
v -21 -3 28.5
v -21 30 28.5
v -21 30 31.5
v -18 30 31.5
v -21 30 28.5
v -18 30 28.5
v -18 30 28.5
v -18 -3 28.5
v 18 -3 28.5
v 18 30 28.5
v 18 30 31.5
v 21 30 31.5
v 18 30 28.5
v 21 30 28.5
v 21 30 31.5
v 21 -3 31.5
v 21 30 28.5
v 21 -3 28.5
v 6.5 -5 48.5
v -6.5 -16 48.5
v -6.5 -5 48.5
v 6.5 -16 48.5
v -6.5 -16 46.5
v -6.5 -5 46.5
v -6.5 -16 48.5
v -6.5 -5 48.5
v -6.5 -5 46.5
v 6.5 -5 46.5
v -6.5 -5 48.5
v 6.5 -5 48.5
v 6.5 -5 46.5
v 6.5 -16 46.5
v 6.5 -5 48.5
v 6.5 -16 48.5
v 6.5 -16 46.5
v -6.5 -16 46.5
v 6.5 -16 48.5
v -6.5 -16 48.5
f 1183 1184 1185
f 1183 1186 1184
f 1187 1188 1189
f 1187 1190 1188
f 1191 1192 1193
f 1194 1191 1193
f 1195 1196 1197
f 1198 1195 1197
f 1199 1200 1201
f 1202 1199 1201
f 1203 1204 1205
f 1206 1203 1205
f 1207 1208 1209
f 1208 1210 1209
f 1211 1212 1213
f 1212 1214 1213
f 1215 1216 1217
f 1215 1218 1216
f 1219 1220 1221
f 1219 1222 1220
f 1223 1224 1225
f 1224 1226 1225
f 1227 1228 1229
f 1227 1230 1228
f 1231 1232 1233
f 1231 1234 1232
f 1235 1236 1237
f 1236 1238 1237
f 1208 1207 1239
f 1207 1240 1239
f 1241 1242 1243
f 1242 1244 1243
f 1245 1246 1247
f 1246 1248 1247
f 1212 1211 1249
f 1211 1250 1249
f 1251 1252 1253
f 1252 1254 1253
f 1255 1256 1257
f 1256 1258 1257
f 1259 1260 1261
f 1260 1262 1261
f 1263 1264 1265
f 1264 1266 1265
f 1267 1268 1269
f 1268 1270 1269
f 1271 1272 1273
f 1274 1273 1272
f 1275 1273 1274
f 1276 1275 1277
f 1275 1278 1277
f 1278 1275 1274
f 1279 1278 1274
f 1280 1278 1279
f 1281 1278 1280
f 1278 1281 1282
f 1281 1283 1282
f 1283 1284 1282
f 1285 1286 1287
f 1285 1288 1286
f 1289 1290 1291
f 1289 1292 1290
f 1293 1294 1295
f 1296 1293 1295
f 1297 1298 1299
f 1300 1297 1299
f 1301 1302 1303
f 1301 1304 1302
f 1305 1306 1307
f 1308 1305 1307
f 1309 1310 1311
f 1312 1309 1311
f 1313 1314 1315
f 1313 1316 1314
f 1317 1315 1318
f 1317 1313 1315
f 1319 1320 1321
f 1320 1322 1321
f 1317 1318 1323
f 1318 1324 1323
f 1325 1326 1327
f 1326 1328 1327
f 1329 1330 1331
f 1329 1332 1330
f 1333 1334 1335
f 1333 1336 1334
f 1337 1338 1339
f 1338 1340 1339
f 1341 1342 1343
f 1315 1343 1342
f 1315 1314 1343
f 1344 1342 1345
f 1342 1341 1345
f 1318 1315 1344
f 1344 1315 1342
f 1346 1347 1348
f 1346 1349 1347
f 1350 1351 1352
f 1350 1353 1351
f 1354 1355 1316
f 1354 1316 1313
f 1356 1354 1313
f 1356 1313 1317
f 1357 1354 1356
f 1357 1355 1354
f 1358 1359 1360
f 1359 1361 1360
f 1362 1363 1364
f 1363 1365 1364
f 1320 1319 1366
f 1319 1367 1366
f 1326 1325 1368
f 1325 1369 1368
f 1370 1371 1372
f 1371 1373 1372
f 1374 1375 1376
f 1375 1377 1376
f 1378 1379 1380
f 1378 1381 1379
f 1382 1383 1384
f 1383 1385 1384
f 1386 1387 1388
f 1387 1389 1388
f 1390 1391 1392
f 1391 1393 1392
f 1394 1395 1396
f 1395 1397 1396
v 11.15103 -16.33776 -42.89772
v 7.810169 -16.33777 -42.89835
v 11.15107 -16.33776 -43.09777
v 7.810206 -16.33776 -43.0984
v 11.15107 -20.18719 -43.09786
v 7.810207 -20.18719 -43.09848
v 11.15103 -20.1872 -42.89781
v 7.81017 -20.1872 -42.89844
v 11.15107 -16.33776 -43.09777
v 7.810206 -16.33776 -43.0984
v 11.15107 -20.18719 -43.09786
v 7.810207 -20.18719 -43.09848
v 11.15103 -20.1872 -42.89781
v 11.15103 -16.33776 -42.89772
v 7.810169 -16.33777 -42.89835
v 7.81017 -20.1872 -42.89844
v 7.810169 -16.33777 -42.89835
v 7.810206 -16.33776 -43.0984
v 7.810207 -20.18719 -43.09848
v 7.81017 -20.1872 -42.89844
v 11.15103 -20.1872 -42.89781
v 11.15107 -20.18719 -43.09786
v 11.15107 -16.33776 -43.09777
v 11.15103 -16.33776 -42.89772
f 1398 1400 1401
f 1398 1401 1399
f 1406 1402 1403
f 1406 1403 1407
f 1408 1404 1405
f 1408 1405 1409
f 1410 1411 1412
f 1410 1412 1413
f 1414 1415 1416
f 1414 1416 1417
f 1418 1419 1420
f 1418 1420 1421
v 11.16391 -16.33793 -36.08733
v 7.793426 -16.33793 -36.08796
v 11.16395 -16.33792 -36.28737
v 7.793463 -16.33792 -36.28801
v 11.16395 -20.77025 -36.28747
v 7.793464 -20.77025 -36.28811
v 11.16392 -20.77025 -36.08743
v 7.793427 -20.77025 -36.08806
v 11.16395 -16.33792 -36.28737
v 7.793463 -16.33792 -36.28801
v 11.16395 -20.77025 -36.28747
v 7.793464 -20.77025 -36.28811
v 11.16392 -20.77025 -36.08743
v 11.16391 -16.33793 -36.08733
v 7.793426 -16.33793 -36.08796
v 7.793427 -20.77025 -36.08806
v 7.793426 -16.33793 -36.08796
v 7.793463 -16.33792 -36.28801
v 7.793464 -20.77025 -36.28811
v 7.793427 -20.77025 -36.08806
v 11.16392 -20.77025 -36.08743
v 11.16395 -20.77025 -36.28747
v 11.16395 -16.33792 -36.28737
v 11.16391 -16.33793 -36.08733
f 1422 1424 1425
f 1422 1425 1423
f 1430 1426 1427
f 1430 1427 1431
f 1432 1428 1429
f 1432 1429 1433
f 1434 1435 1436
f 1434 1436 1437
f 1438 1439 1440
f 1438 1440 1441
f 1442 1443 1444
f 1442 1444 1445
v 11.17096 -15.4483 -36.08744
v 7.811513 -15.4483 -36.08807
v 11.17227 -15.44814 -43.08289
v 7.812825 -15.44814 -43.08352
v 11.17227 -16.34342 -43.08291
v 7.812825 -16.34342 -43.08354
v 11.17096 -16.34358 -36.08746
v 7.811513 -16.34358 -36.08809
v 11.17227 -15.44814 -43.08289
v 7.812825 -15.44814 -43.08352
v 11.17227 -16.34342 -43.08291
v 7.812825 -16.34342 -43.08354
v 11.17096 -16.34358 -36.08746
v 11.17096 -15.4483 -36.08744
v 7.811513 -15.4483 -36.08807
v 7.811513 -16.34358 -36.08809
v 7.811513 -15.4483 -36.08807
v 7.812825 -15.44814 -43.08352
v 7.812825 -16.34342 -43.08354
v 7.811513 -16.34358 -36.08809
v 11.17096 -16.34358 -36.08746
v 11.17227 -16.34342 -43.08291
v 11.17227 -15.44814 -43.08289
v 11.17096 -15.4483 -36.08744
f 1446 1448 1449
f 1446 1449 1447
f 1454 1450 1451
f 1454 1451 1455
f 1456 1452 1453
f 1456 1453 1457
f 1458 1459 1460
f 1458 1460 1461
f 1462 1463 1464
f 1462 1464 1465
f 1466 1467 1468
f 1466 1468 1469
v -33.54092 -16.33793 -26.17831
v -36.512 -16.33793 -24.58683
v -33.63538 -16.33792 -26.35465
v -36.60646 -16.33792 -24.76317
v -33.63542 -20.77025 -26.35474
v -36.60651 -20.77025 -24.76326
v -33.54096 -20.77025 -26.1784
v -36.51205 -20.77025 -24.58691
v -33.63538 -16.33792 -26.35465
v -36.60646 -16.33792 -24.76317
v -33.63542 -20.77025 -26.35474
v -36.60651 -20.77025 -24.76326
v -33.54096 -20.77025 -26.1784
v -33.54092 -16.33793 -26.17831
v -36.512 -16.33793 -24.58683
v -36.51205 -20.77025 -24.58691
v -36.512 -16.33793 -24.58683
v -36.60646 -16.33792 -24.76317
v -36.60651 -20.77025 -24.76326
v -36.51205 -20.77025 -24.58691
v -33.54096 -20.77025 -26.1784
v -33.63542 -20.77025 -26.35474
v -33.63538 -16.33792 -26.35465
v -33.54092 -16.33793 -26.17831
f 1470 1472 1473
f 1470 1473 1471
f 1478 1474 1475
f 1478 1475 1479
f 1480 1476 1477
f 1480 1477 1481
f 1482 1483 1484
f 1482 1484 1485
f 1486 1487 1488
f 1486 1488 1489
f 1490 1491 1492
f 1490 1492 1493
v -33.53476 -15.4483 -26.18175
v -36.49612 -15.4483 -24.59547
v -36.83788 -15.44814 -32.34824
v -39.79924 -15.44814 -30.76197
v -36.83789 -16.34342 -32.34826
v -39.79925 -16.34342 -30.76198
v -33.53477 -16.34358 -26.18176
v -36.49613 -16.34358 -24.59549
v -36.83788 -15.44814 -32.34824
v -39.79924 -15.44814 -30.76197
v -36.83789 -16.34342 -32.34826
v -39.79925 -16.34342 -30.76198
v -33.53477 -16.34358 -26.18176
v -33.53476 -15.4483 -26.18175
v -36.49612 -15.4483 -24.59547
v -36.49613 -16.34358 -24.59549
v -36.49612 -15.4483 -24.59547
v -39.79924 -15.44814 -30.76197
v -39.79925 -16.34342 -30.76198
v -36.49613 -16.34358 -24.59549
v -33.53477 -16.34358 -26.18176
v -36.83789 -16.34342 -32.34826
v -36.83788 -15.44814 -32.34824
v -33.53476 -15.4483 -26.18175
f 1494 1496 1497
f 1494 1497 1495
f 1502 1498 1499
f 1502 1499 1503
f 1504 1500 1501
f 1504 1501 1505
f 1506 1507 1508
f 1506 1508 1509
f 1510 1511 1512
f 1510 1512 1513
f 1514 1515 1516
f 1514 1516 1517
v -36.76915 -16.33776 -32.175
v -39.71412 -16.33776 -30.5975
v -36.86361 -16.33776 -32.35134
v -39.80858 -16.33776 -30.77384
v -36.86364 -20.18719 -32.35141
v -39.80862 -20.18719 -30.77392
v -36.76919 -20.1872 -32.17507
v -39.71416 -20.1872 -30.59758
v -36.86361 -16.33776 -32.35134
v -39.80858 -16.33776 -30.77384
v -36.86364 -20.18719 -32.35141
v -39.80862 -20.18719 -30.77392
v -36.76919 -20.1872 -32.17507
v -36.76915 -16.33776 -32.175
v -39.71412 -16.33776 -30.5975
v -39.71416 -20.1872 -30.59758
v -39.71412 -16.33776 -30.5975
v -39.80858 -16.33776 -30.77384
v -39.80862 -20.18719 -30.77392
v -39.71416 -20.1872 -30.59758
v -36.76919 -20.1872 -32.17507
v -36.86364 -20.18719 -32.35141
v -36.86361 -16.33776 -32.35134
v -36.76915 -16.33776 -32.175
f 1518 1520 1521
f 1518 1521 1519
f 1526 1522 1523
f 1526 1523 1527
f 1528 1524 1525
f 1528 1525 1529
f 1530 1531 1532
f 1530 1532 1533
f 1534 1535 1536
f 1534 1536 1537
f 1538 1539 1540
f 1538 1540 1541
v 0.282439 -17.54461 -8.751834
v -1.553729 -17.54461 -9.6835
v 1.208944 -17.54461 -10.57783
v -0.6272233 -17.54461 -11.5095
v 1.208944 -19.95321 -10.57783
v -0.6272234 -19.95321 -11.5095
v 0.2824388 -19.95321 -8.751834
v -1.553729 -19.95321 -9.683499
v 1.208944 -17.54461 -10.57783
v -0.6272233 -17.54461 -11.5095
v 1.208944 -19.95321 -10.57783
v -0.6272234 -19.95321 -11.5095
v 0.2824388 -19.95321 -8.751834
v 0.282439 -17.54461 -8.751834
v -1.553729 -17.54461 -9.6835
v -1.553729 -19.95321 -9.683499
v -1.553729 -17.54461 -9.6835
v -0.6272233 -17.54461 -11.5095
v -0.6272234 -19.95321 -11.5095
v -1.553729 -19.95321 -9.683499
v 0.2824388 -19.95321 -8.751834
v 1.208944 -19.95321 -10.57783
v 1.208944 -17.54461 -10.57783
v 0.282439 -17.54461 -8.751834
f 1542 1544 1545
f 1542 1545 1543
f 1550 1546 1547
f 1550 1547 1551
f 1552 1548 1549
f 1552 1549 1553
f 1554 1555 1556
f 1554 1556 1557
f 1558 1559 1560
f 1558 1560 1561
f 1562 1563 1564
f 1562 1564 1565
v -26.56914 -16.33776 -37.47499
v -29.51412 -16.33776 -35.8975
v -26.6636 -16.33776 -37.65134
v -29.60857 -16.33776 -36.07384
v -26.66364 -20.18719 -37.65141
v -29.60861 -20.18719 -36.07392
v -26.56919 -20.1872 -37.47507
v -29.51416 -20.1872 -35.89758
v -26.6636 -16.33776 -37.65134
v -29.60857 -16.33776 -36.07384
v -26.66364 -20.18719 -37.65141
v -29.60861 -20.18719 -36.07392
v -26.56919 -20.1872 -37.47507
v -26.56914 -16.33776 -37.47499
v -29.51412 -16.33776 -35.8975
v -29.51416 -20.1872 -35.89758
v -29.51412 -16.33776 -35.8975
v -29.60857 -16.33776 -36.07384
v -29.60861 -20.18719 -36.07392
v -29.51416 -20.1872 -35.89758
v -26.56919 -20.1872 -37.47507
v -26.66364 -20.18719 -37.65141
v -26.6636 -16.33776 -37.65134
v -26.56914 -16.33776 -37.47499
f 1566 1568 1569
f 1566 1569 1567
f 1574 1570 1571
f 1574 1571 1575
f 1576 1572 1573
f 1576 1573 1577
f 1578 1579 1580
f 1578 1580 1581
f 1582 1583 1584
f 1582 1584 1585
f 1586 1587 1588
f 1586 1588 1589
v -23.33476 -15.4483 -31.48174
v -26.29612 -15.4483 -29.89547
v -26.63788 -15.44814 -37.64824
v -29.59924 -15.44814 -36.06197
v -26.63789 -16.34342 -37.64825
v -29.59925 -16.34342 -36.06199
v -23.33477 -16.34358 -31.48176
v -26.29613 -16.34358 -29.89549
v -26.63788 -15.44814 -37.64824
v -29.59924 -15.44814 -36.06197
v -26.63789 -16.34342 -37.64825
v -29.59925 -16.34342 -36.06199
v -23.33477 -16.34358 -31.48176
v -23.33476 -15.4483 -31.48174
v -26.29612 -15.4483 -29.89547
v -26.29613 -16.34358 -29.89549
v -26.29612 -15.4483 -29.89547
v -29.59924 -15.44814 -36.06197
v -29.59925 -16.34342 -36.06199
v -26.29613 -16.34358 -29.89549
v -23.33477 -16.34358 -31.48176
v -26.63789 -16.34342 -37.64825
v -26.63788 -15.44814 -37.64824
v -23.33476 -15.4483 -31.48174
f 1590 1592 1593
f 1590 1593 1591
f 1598 1594 1595
f 1598 1595 1599
f 1600 1596 1597
f 1600 1597 1601
f 1602 1603 1604
f 1602 1604 1605
f 1606 1607 1608
f 1606 1608 1609
f 1610 1611 1612
f 1610 1612 1613
v -23.34091 -16.33793 -31.47831
v -26.312 -16.33793 -29.88683
v -23.43537 -16.33792 -31.65465
v -26.40646 -16.33792 -30.06317
v -23.43542 -20.77025 -31.65474
v -26.40651 -20.77025 -30.06326
v -23.34096 -20.77025 -31.4784
v -26.31205 -20.77025 -29.88691
v -23.43537 -16.33792 -31.65465
v -26.40646 -16.33792 -30.06317
v -23.43542 -20.77025 -31.65474
v -26.40651 -20.77025 -30.06326
v -23.34096 -20.77025 -31.4784
v -23.34091 -16.33793 -31.47831
v -26.312 -16.33793 -29.88683
v -26.31205 -20.77025 -29.88691
v -26.312 -16.33793 -29.88683
v -26.40646 -16.33792 -30.06317
v -26.40651 -20.77025 -30.06326
v -26.31205 -20.77025 -29.88691
v -23.34096 -20.77025 -31.4784
v -23.43542 -20.77025 -31.65474
v -23.43537 -16.33792 -31.65465
v -23.34091 -16.33793 -31.47831
f 1614 1616 1617
f 1614 1617 1615
f 1622 1618 1619
f 1622 1619 1623
f 1624 1620 1621
f 1624 1621 1625
f 1626 1627 1628
f 1626 1628 1629
f 1630 1631 1632
f 1630 1632 1633
f 1634 1635 1636
f 1634 1636 1637
v -24.7425 -15.9483 1.04575
v -24.7439 -15.9483 4.4052
v -31.73795 -15.94814 1.042831
v -31.73935 -15.94814 4.40228
v -31.73797 -16.84342 1.042831
v -31.73937 -16.84342 4.40228
v -24.74252 -16.84358 1.04575
v -24.74392 -16.84358 4.4052
v -31.73795 -15.94814 1.042831
v -31.73935 -15.94814 4.40228
v -31.73797 -16.84342 1.042831
v -31.73937 -16.84342 4.40228
v -24.74252 -16.84358 1.04575
v -24.7425 -15.9483 1.04575
v -24.7439 -15.9483 4.4052
v -24.74392 -16.84358 4.4052
v -24.7439 -15.9483 4.4052
v -31.73935 -15.94814 4.40228
v -31.73937 -16.84342 4.40228
v -24.74392 -16.84358 4.4052
v -24.74252 -16.84358 1.04575
v -31.73797 -16.84342 1.042831
v -31.73795 -15.94814 1.042831
v -24.7425 -15.9483 1.04575
f 1638 1640 1641
f 1638 1641 1639
f 1646 1642 1643
f 1646 1643 1647
f 1648 1644 1645
f 1648 1645 1649
f 1650 1651 1652
f 1650 1652 1653
f 1654 1655 1656
f 1654 1656 1657
f 1658 1659 1660
f 1658 1660 1661
v -24.74239 -16.83793 1.052799
v -24.74379 -16.83793 4.423288
v -24.94243 -16.83792 1.052715
v -24.94384 -16.83792 4.423204
v -24.94253 -21.27025 1.052715
v -24.94394 -21.27025 4.423204
v -24.74249 -21.27025 1.052799
v -24.74389 -21.27025 4.423288
v -24.94243 -16.83792 1.052715
v -24.94384 -16.83792 4.423204
v -24.94253 -21.27025 1.052715
v -24.94394 -21.27025 4.423204
v -24.74249 -21.27025 1.052799
v -24.74239 -16.83793 1.052799
v -24.74379 -16.83793 4.423288
v -24.74389 -21.27025 4.423288
v -24.74379 -16.83793 4.423288
v -24.94384 -16.83792 4.423204
v -24.94394 -21.27025 4.423204
v -24.74389 -21.27025 4.423288
v -24.74249 -21.27025 1.052799
v -24.94253 -21.27025 1.052715
v -24.94243 -16.83792 1.052715
v -24.74239 -16.83793 1.052799
f 1662 1664 1665
f 1662 1665 1663
f 1670 1666 1667
f 1670 1667 1671
f 1672 1668 1669
f 1672 1669 1673
f 1674 1675 1676
f 1674 1676 1677
f 1678 1679 1680
f 1678 1680 1681
f 1682 1683 1684
f 1682 1684 1685
v -31.55279 -16.83776 1.06412
v -31.55418 -16.83777 4.404979
v -31.75283 -16.83776 1.064036
v -31.75423 -16.83776 4.404895
v -31.75292 -20.68719 1.064036
v -31.75431 -20.68719 4.404895
v -31.55287 -20.6872 1.06412
v -31.55427 -20.6872 4.404979
v -31.75283 -16.83776 1.064036
v -31.75423 -16.83776 4.404895
v -31.75292 -20.68719 1.064036
v -31.75431 -20.68719 4.404895
v -31.55287 -20.6872 1.06412
v -31.55279 -16.83776 1.06412
v -31.55418 -16.83777 4.404979
v -31.55427 -20.6872 4.404979
v -31.55418 -16.83777 4.404979
v -31.75423 -16.83776 4.404895
v -31.75431 -20.68719 4.404895
v -31.55427 -20.6872 4.404979
v -31.55287 -20.6872 1.06412
v -31.75292 -20.68719 1.064036
v -31.75283 -16.83776 1.064036
v -31.55279 -16.83776 1.06412
f 1686 1688 1689
f 1686 1689 1687
f 1694 1690 1691
f 1694 1691 1695
f 1696 1692 1693
f 1696 1693 1697
f 1698 1699 1700
f 1698 1700 1701
f 1702 1703 1704
f 1702 1704 1705
f 1706 1707 1708
f 1706 1708 1709
v 23.1991 -16.83793 -23.10356
v 20.16682 -16.83793 -24.57511
v 23.28644 -16.83792 -23.28353
v 20.25416 -16.83792 -24.75508
v 23.28649 -21.27025 -23.28362
v 20.2542 -21.27025 -24.75517
v 23.19914 -21.27025 -23.10365
v 20.16686 -21.27025 -24.5752
v 23.28644 -16.83792 -23.28353
v 20.25416 -16.83792 -24.75508
v 23.28649 -21.27025 -23.28362
v 20.2542 -21.27025 -24.75517
v 23.19914 -21.27025 -23.10365
v 23.1991 -16.83793 -23.10356
v 20.16682 -16.83793 -24.57511
v 20.16686 -21.27025 -24.5752
v 20.16682 -16.83793 -24.57511
v 20.25416 -16.83792 -24.75508
v 20.2542 -21.27025 -24.75517
v 20.16686 -21.27025 -24.5752
v 23.19914 -21.27025 -23.10365
v 23.28649 -21.27025 -23.28362
v 23.28644 -16.83792 -23.28353
v 23.1991 -16.83793 -23.10356
f 1710 1712 1713
f 1710 1713 1711
f 1718 1714 1715
f 1718 1715 1719
f 1720 1716 1717
f 1720 1717 1721
f 1722 1723 1724
f 1722 1724 1725
f 1726 1727 1728
f 1726 1728 1729
f 1730 1731 1732
f 1730 1732 1733
v 23.20549 -15.9483 -23.10059
v 20.18314 -15.9483 -24.56732
v 26.2597 -15.94814 -29.39408
v 23.23735 -15.94814 -30.86082
v 26.25971 -16.84342 -29.3941
v 23.23736 -16.84342 -30.86083
v 23.2055 -16.84358 -23.10061
v 20.18315 -16.84358 -24.56734
v 26.2597 -15.94814 -29.39408
v 23.23735 -15.94814 -30.86082
v 26.25971 -16.84342 -29.3941
v 23.23736 -16.84342 -30.86083
v 23.2055 -16.84358 -23.10061
v 23.20549 -15.9483 -23.10059
v 20.18314 -15.9483 -24.56732
v 20.18315 -16.84358 -24.56734
v 20.18314 -15.9483 -24.56732
v 23.23735 -15.94814 -30.86082
v 23.23736 -16.84342 -30.86083
v 20.18315 -16.84358 -24.56734
v 23.2055 -16.84358 -23.10061
v 26.25971 -16.84342 -29.3941
v 26.2597 -15.94814 -29.39408
v 23.20549 -15.9483 -23.10059
f 1734 1736 1737
f 1734 1737 1735
f 1742 1738 1739
f 1742 1739 1743
f 1744 1740 1741
f 1744 1741 1745
f 1746 1747 1748
f 1746 1748 1749
f 1750 1751 1752
f 1750 1752 1753
f 1754 1755 1756
f 1754 1756 1757
v 26.15977 -16.83776 -29.23676
v 23.15415 -16.83776 -30.69537
v 26.24711 -16.83776 -29.41673
v 23.24149 -16.83776 -30.87535
v 26.24715 -20.68719 -29.41681
v 23.24153 -20.68719 -30.87542
v 26.15981 -20.6872 -29.23683
v 23.15419 -20.6872 -30.69545
v 26.24711 -16.83776 -29.41673
v 23.24149 -16.83776 -30.87535
v 26.24715 -20.68719 -29.41681
v 23.24153 -20.68719 -30.87542
v 26.15981 -20.6872 -29.23683
v 26.15977 -16.83776 -29.23676
v 23.15415 -16.83776 -30.69537
v 23.15419 -20.6872 -30.69545
v 23.15415 -16.83776 -30.69537
v 23.24149 -16.83776 -30.87535
v 23.24153 -20.68719 -30.87542
v 23.15419 -20.6872 -30.69545
v 26.15981 -20.6872 -29.23683
v 26.24715 -20.68719 -29.41681
v 26.24711 -16.83776 -29.41673
v 26.15977 -16.83776 -29.23676
f 1758 1760 1761
f 1758 1761 1759
f 1766 1762 1763
f 1766 1763 1767
f 1768 1764 1765
f 1768 1765 1769
f 1770 1771 1772
f 1770 1772 1773
f 1774 1775 1776
f 1774 1776 1777
f 1778 1779 1780
f 1778 1780 1781
v 39.60352 -11.08776 -30.61081
v 36.5979 -11.08776 -32.06943
v 39.69086 -11.08776 -30.79078
v 36.68523 -11.08776 -32.2494
v 39.6909 -14.93719 -30.79086
v 36.68527 -14.93719 -32.24948
v 39.60356 -14.9372 -30.61089
v 36.59793 -14.9372 -32.0695
v 39.69086 -11.08776 -30.79078
v 36.68523 -11.08776 -32.2494
v 39.6909 -14.93719 -30.79086
v 36.68527 -14.93719 -32.24948
v 39.60356 -14.9372 -30.61089
v 39.60352 -11.08776 -30.61081
v 36.5979 -11.08776 -32.06943
v 36.59793 -14.9372 -32.0695
v 36.5979 -11.08776 -32.06943
v 36.68523 -11.08776 -32.2494
v 36.68527 -14.93719 -32.24948
v 36.59793 -14.9372 -32.0695
v 39.60356 -14.9372 -30.61089
v 39.6909 -14.93719 -30.79086
v 39.69086 -11.08776 -30.79078
v 39.60352 -11.08776 -30.61081
f 1782 1784 1785
f 1782 1785 1783
f 1790 1786 1787
f 1790 1787 1791
f 1792 1788 1789
f 1792 1789 1793
f 1794 1795 1796
f 1794 1796 1797
f 1798 1799 1800
f 1798 1800 1801
f 1802 1803 1804
f 1802 1804 1805
v 36.64285 -11.08793 -24.47761
v 33.61057 -11.08793 -25.94917
v 36.73019 -11.08792 -24.65759
v 33.69791 -11.08792 -26.12914
v 36.73023 -15.52025 -24.65767
v 33.69795 -15.52025 -26.12923
v 36.64289 -15.52025 -24.4777
v 33.61061 -15.52025 -25.94925
v 36.73019 -11.08792 -24.65759
v 33.69791 -11.08792 -26.12914
v 36.73023 -15.52025 -24.65767
v 33.69795 -15.52025 -26.12923
v 36.64289 -15.52025 -24.4777
v 36.64285 -11.08793 -24.47761
v 33.61057 -11.08793 -25.94917
v 33.61061 -15.52025 -25.94925
v 33.61057 -11.08793 -25.94917
v 33.69791 -11.08792 -26.12914
v 33.69795 -15.52025 -26.12923
v 33.61061 -15.52025 -25.94925
v 36.64289 -15.52025 -24.4777
v 36.73023 -15.52025 -24.65767
v 36.73019 -11.08792 -24.65759
v 36.64285 -11.08793 -24.47761
f 1806 1808 1809
f 1806 1809 1807
f 1814 1810 1811
f 1814 1811 1815
f 1816 1812 1813
f 1816 1813 1817
f 1818 1819 1820
f 1818 1820 1821
f 1822 1823 1824
f 1822 1824 1825
f 1826 1827 1828
f 1826 1828 1829
v 36.64924 -10.19829 -24.47464
v 33.62689 -10.19829 -25.94138
v 39.70345 -10.19814 -30.76814
v 36.6811 -10.19814 -32.23487
v 39.70346 -11.09342 -30.76815
v 36.68111 -11.09342 -32.23489
v 36.64925 -11.09358 -24.47466
v 33.6269 -11.09358 -25.94139
v 39.70345 -10.19814 -30.76814
v 36.6811 -10.19814 -32.23487
v 39.70346 -11.09342 -30.76815
v 36.68111 -11.09342 -32.23489
v 36.64925 -11.09358 -24.47466
v 36.64924 -10.19829 -24.47464
v 33.62689 -10.19829 -25.94138
v 33.6269 -11.09358 -25.94139
v 33.62689 -10.19829 -25.94138
v 36.6811 -10.19814 -32.23487
v 36.68111 -11.09342 -32.23489
v 33.6269 -11.09358 -25.94139
v 36.64925 -11.09358 -24.47466
v 39.70346 -11.09342 -30.76815
v 39.70345 -10.19814 -30.76814
v 36.64924 -10.19829 -24.47464
f 1830 1832 1833
f 1830 1833 1831
f 1838 1834 1835
f 1838 1835 1839
f 1840 1836 1837
f 1840 1837 1841
f 1842 1843 1844
f 1842 1844 1845
f 1846 1847 1848
f 1846 1848 1849
f 1850 1851 1852
f 1850 1852 1853
v 46.1811 -16.33777 -5.935604
v 46.18066 -16.33777 -9.276463
v 46.38115 -16.33776 -5.935631
v 46.38071 -16.33776 -9.276488
v 46.38123 -20.18719 -5.93563
v 46.38079 -20.18719 -9.276487
v 46.18119 -20.1872 -5.935603
v 46.18074 -20.1872 -9.276462
v 46.38115 -16.33776 -5.935631
v 46.38071 -16.33776 -9.276488
v 46.38123 -20.18719 -5.93563
v 46.38079 -20.18719 -9.276487
v 46.18119 -20.1872 -5.935603
v 46.1811 -16.33777 -5.935604
v 46.18066 -16.33777 -9.276463
v 46.18074 -20.1872 -9.276462
v 46.18066 -16.33777 -9.276463
v 46.38071 -16.33776 -9.276488
v 46.38079 -20.18719 -9.276487
v 46.18074 -20.1872 -9.276462
v 46.18119 -20.1872 -5.935603
v 46.38123 -20.18719 -5.93563
v 46.38115 -16.33776 -5.935631
v 46.1811 -16.33777 -5.935604
f 1854 1856 1857
f 1854 1857 1855
f 1862 1858 1859
f 1862 1859 1863
f 1864 1860 1861
f 1864 1861 1865
f 1866 1867 1868
f 1866 1868 1869
f 1870 1871 1872
f 1870 1872 1873
f 1874 1875 1876
f 1874 1876 1877
v 39.37071 -16.33793 -5.920542
v 39.37027 -16.33793 -9.29103
v 39.57076 -16.33792 -5.920568
v 39.57031 -16.33792 -9.291057
v 39.57086 -20.77025 -5.920567
v 39.57041 -20.77025 -9.291056
v 39.37081 -20.77025 -5.920541
v 39.37037 -20.77025 -9.291029
v 39.57076 -16.33792 -5.920568
v 39.57031 -16.33792 -9.291057
v 39.57086 -20.77025 -5.920567
v 39.57041 -20.77025 -9.291056
v 39.37081 -20.77025 -5.920541
v 39.37071 -16.33793 -5.920542
v 39.37027 -16.33793 -9.29103
v 39.37037 -20.77025 -9.291029
v 39.37027 -16.33793 -9.29103
v 39.57031 -16.33792 -9.291057
v 39.57041 -20.77025 -9.291056
v 39.37037 -20.77025 -9.291029
v 39.37081 -20.77025 -5.920541
v 39.57086 -20.77025 -5.920567
v 39.57076 -16.33792 -5.920568
v 39.37071 -16.33793 -5.920542
f 1878 1880 1881
f 1878 1881 1879
f 1886 1882 1883
f 1886 1883 1887
f 1888 1884 1885
f 1888 1885 1889
f 1890 1891 1892
f 1890 1892 1893
f 1894 1895 1896
f 1894 1896 1897
f 1898 1899 1900
f 1898 1900 1901
v 39.37083 -15.4483 -5.913494
v 39.37039 -15.4483 -9.272943
v 46.36627 -15.44814 -5.914417
v 46.36583 -15.44814 -9.273866
v 46.36629 -16.34342 -5.914417
v 46.36585 -16.34342 -9.273866
v 39.37085 -16.34358 -5.913494
v 39.37041 -16.34358 -9.272942
v 46.36627 -15.44814 -5.914417
v 46.36583 -15.44814 -9.273866
v 46.36629 -16.34342 -5.914417
v 46.36585 -16.34342 -9.273866
v 39.37085 -16.34358 -5.913494
v 39.37083 -15.4483 -5.913494
v 39.37039 -15.4483 -9.272943
v 39.37041 -16.34358 -9.272942
v 39.37039 -15.4483 -9.272943
v 46.36583 -15.44814 -9.273866
v 46.36585 -16.34342 -9.273866
v 39.37041 -16.34358 -9.272942
v 39.37085 -16.34358 -5.913494
v 46.36629 -16.34342 -5.914417
v 46.36627 -15.44814 -5.914417
v 39.37083 -15.4483 -5.913494
f 1902 1904 1905
f 1902 1905 1903
f 1910 1906 1907
f 1910 1907 1911
f 1912 1908 1909
f 1912 1909 1913
f 1914 1915 1916
f 1914 1916 1917
f 1918 1919 1920
f 1918 1920 1921
f 1922 1923 1924
f 1922 1924 1925
v 1.759414 -15.4483 -36.08744
v -1.600036 -15.4483 -36.08807
v 1.760725 -15.44814 -43.08289
v -1.598724 -15.44814 -43.08352
v 1.760725 -16.34342 -43.08291
v -1.598724 -16.34342 -43.08354
v 1.759414 -16.34358 -36.08746
v -1.600035 -16.34358 -36.08809
v 1.760725 -15.44814 -43.08289
v -1.598724 -15.44814 -43.08352
v 1.760725 -16.34342 -43.08291
v -1.598724 -16.34342 -43.08354
v 1.759414 -16.34358 -36.08746
v 1.759414 -15.4483 -36.08744
v -1.600036 -15.4483 -36.08807
v -1.600035 -16.34358 -36.08809
v -1.600036 -15.4483 -36.08807
v -1.598724 -15.44814 -43.08352
v -1.598724 -16.34342 -43.08354
v -1.600035 -16.34358 -36.08809
v 1.759414 -16.34358 -36.08746
v 1.760725 -16.34342 -43.08291
v 1.760725 -15.44814 -43.08289
v 1.759414 -15.4483 -36.08744
f 1926 1928 1929
f 1926 1929 1927
f 1934 1930 1931
f 1934 1931 1935
f 1936 1932 1933
f 1936 1933 1937
f 1938 1939 1940
f 1938 1940 1941
f 1942 1943 1944
f 1942 1944 1945
f 1946 1947 1948
f 1946 1948 1949
v 1.752366 -16.33793 -36.08733
v -1.618123 -16.33793 -36.08796
v 1.752403 -16.33792 -36.28737
v -1.618086 -16.33792 -36.28801
v 1.752404 -20.77025 -36.28747
v -1.618085 -20.77025 -36.28811
v 1.752366 -20.77025 -36.08743
v -1.618123 -20.77025 -36.08806
v 1.752403 -16.33792 -36.28737
v -1.618086 -16.33792 -36.28801
v 1.752404 -20.77025 -36.28747
v -1.618085 -20.77025 -36.28811
v 1.752366 -20.77025 -36.08743
v 1.752366 -16.33793 -36.08733
v -1.618123 -16.33793 -36.08796
v -1.618123 -20.77025 -36.08806
v -1.618123 -16.33793 -36.08796
v -1.618086 -16.33792 -36.28801
v -1.618085 -20.77025 -36.28811
v -1.618123 -20.77025 -36.08806
v 1.752366 -20.77025 -36.08743
v 1.752404 -20.77025 -36.28747
v 1.752403 -16.33792 -36.28737
v 1.752366 -16.33793 -36.08733
f 1950 1952 1953
f 1950 1953 1951
f 1958 1954 1955
f 1958 1955 1959
f 1960 1956 1957
f 1960 1957 1961
f 1962 1963 1964
f 1962 1964 1965
f 1966 1967 1968
f 1966 1968 1969
f 1970 1971 1972
f 1970 1972 1973
v 1.739479 -16.33776 -42.89772
v -1.60138 -16.33777 -42.89835
v 1.739517 -16.33776 -43.09777
v -1.601343 -16.33776 -43.0984
v 1.739517 -20.18719 -43.09786
v -1.601342 -20.18719 -43.09848
v 1.73948 -20.1872 -42.89781
v -1.60138 -20.1872 -42.89844
v 1.739517 -16.33776 -43.09777
v -1.601343 -16.33776 -43.0984
v 1.739517 -20.18719 -43.09786
v -1.601342 -20.18719 -43.09848
v 1.73948 -20.1872 -42.89781
v 1.739479 -16.33776 -42.89772
v -1.60138 -16.33777 -42.89835
v -1.60138 -20.1872 -42.89844
v -1.60138 -16.33777 -42.89835
v -1.601343 -16.33776 -43.0984
v -1.601342 -20.18719 -43.09848
v -1.60138 -20.1872 -42.89844
v 1.73948 -20.1872 -42.89781
v 1.739517 -20.18719 -43.09786
v 1.739517 -16.33776 -43.09777
v 1.739479 -16.33776 -42.89772
f 1974 1976 1977
f 1974 1977 1975
f 1982 1978 1979
f 1982 1979 1983
f 1984 1980 1981
f 1984 1981 1985
f 1986 1987 1988
f 1986 1988 1989
f 1990 1991 1992
f 1990 1992 1993
f 1994 1995 1996
f 1994 1996 1997
v 29.53152 -11.08793 -36.14775
v 26.49924 -11.08793 -37.6193
v 29.61886 -11.08792 -36.32772
v 26.58658 -11.08792 -37.79927
v 29.6189 -15.52025 -36.32781
v 26.58662 -15.52025 -37.79936
v 29.53156 -15.52025 -36.14783
v 26.49928 -15.52025 -37.61939
v 29.61886 -11.08792 -36.32772
v 26.58658 -11.08792 -37.79927
v 29.6189 -15.52025 -36.32781
v 26.58662 -15.52025 -37.79936
v 29.53156 -15.52025 -36.14783
v 29.53152 -11.08793 -36.14775
v 26.49924 -11.08793 -37.6193
v 26.49928 -15.52025 -37.61939
v 26.49924 -11.08793 -37.6193
v 26.58658 -11.08792 -37.79927
v 26.58662 -15.52025 -37.79936
v 26.49928 -15.52025 -37.61939
v 29.53156 -15.52025 -36.14783
v 29.6189 -15.52025 -36.32781
v 29.61886 -11.08792 -36.32772
v 29.53152 -11.08793 -36.14775
f 1998 2000 2001
f 1998 2001 1999
f 2006 2002 2003
f 2006 2003 2007
f 2008 2004 2005
f 2008 2005 2009
f 2010 2011 2012
f 2010 2012 2013
f 2014 2015 2016
f 2014 2016 2017
f 2018 2019 2020
f 2018 2020 2021
v 29.53791 -10.19829 -36.14478
v 26.51556 -10.19829 -37.61151
v 32.59212 -10.19814 -42.43827
v 29.56977 -10.19814 -43.90501
v 32.59213 -11.09342 -42.43829
v 29.56978 -11.09342 -43.90503
v 29.53792 -11.09358 -36.14479
v 26.51557 -11.09358 -37.61153
v 32.59212 -10.19814 -42.43827
v 29.56977 -10.19814 -43.90501
v 32.59213 -11.09342 -42.43829
v 29.56978 -11.09342 -43.90503
v 29.53792 -11.09358 -36.14479
v 29.53791 -10.19829 -36.14478
v 26.51556 -10.19829 -37.61151
v 26.51557 -11.09358 -37.61153
v 26.51556 -10.19829 -37.61151
v 29.56977 -10.19814 -43.90501
v 29.56978 -11.09342 -43.90503
v 26.51557 -11.09358 -37.61153
v 29.53792 -11.09358 -36.14479
v 32.59213 -11.09342 -42.43829
v 32.59212 -10.19814 -42.43827
v 29.53791 -10.19829 -36.14478
f 2022 2024 2025
f 2022 2025 2023
f 2030 2026 2027
f 2030 2027 2031
f 2032 2028 2029
f 2032 2029 2033
f 2034 2035 2036
f 2034 2036 2037
f 2038 2039 2040
f 2038 2040 2041
f 2042 2043 2044
f 2042 2044 2045
v 32.49219 -11.08776 -42.28094
v 29.48657 -11.08776 -43.73956
v 32.57953 -11.08776 -42.46092
v 29.57391 -11.08776 -43.91954
v 32.57957 -14.93719 -42.46099
v 29.57395 -14.93719 -43.91961
v 32.49223 -14.9372 -42.28102
v 29.4866 -14.9372 -43.73964
v 32.57953 -11.08776 -42.46092
v 29.57391 -11.08776 -43.91954
v 32.57957 -14.93719 -42.46099
v 29.57395 -14.93719 -43.91961
v 32.49223 -14.9372 -42.28102
v 32.49219 -11.08776 -42.28094
v 29.48657 -11.08776 -43.73956
v 29.4866 -14.9372 -43.73964
v 29.48657 -11.08776 -43.73956
v 29.57391 -11.08776 -43.91954
v 29.57395 -14.93719 -43.91961
v 29.4866 -14.9372 -43.73964
v 32.49223 -14.9372 -42.28102
v 32.57957 -14.93719 -42.46099
v 32.57953 -11.08776 -42.46092
v 32.49219 -11.08776 -42.28094
f 2046 2048 2049
f 2046 2049 2047
f 2054 2050 2051
f 2054 2051 2055
f 2056 2052 2053
f 2056 2053 2057
f 2058 2059 2060
f 2058 2060 2061
f 2062 2063 2064
f 2062 2064 2065
f 2066 2067 2068
f 2066 2068 2069
v -32.0425 -10.1983 1.041741
v -32.04391 -10.1983 4.401191
v -39.03795 -10.19814 1.038821
v -39.03935 -10.19814 4.398271
v -39.03797 -11.09342 1.038821
v -39.03937 -11.09342 4.398271
v -32.04253 -11.09358 1.041741
v -32.04393 -11.09358 4.401191
v -39.03795 -10.19814 1.038821
v -39.03935 -10.19814 4.398271
v -39.03797 -11.09342 1.038821
v -39.03937 -11.09342 4.398271
v -32.04253 -11.09358 1.041741
v -32.0425 -10.1983 1.041741
v -32.04391 -10.1983 4.401191
v -32.04393 -11.09358 4.401191
v -32.04391 -10.1983 4.401191
v -39.03935 -10.19814 4.398271
v -39.03937 -11.09342 4.398271
v -32.04393 -11.09358 4.401191
v -32.04253 -11.09358 1.041741
v -39.03797 -11.09342 1.038821
v -39.03795 -10.19814 1.038821
v -32.0425 -10.1983 1.041741
f 2070 2072 2073
f 2070 2073 2071
f 2078 2074 2075
f 2078 2075 2079
f 2080 2076 2077
f 2080 2077 2081
f 2082 2083 2084
f 2082 2084 2085
f 2086 2087 2088
f 2086 2088 2089
f 2090 2091 2092
f 2090 2092 2093
v -32.04239 -11.08793 1.04879
v -32.0438 -11.08793 4.419279
v -32.24244 -11.08792 1.048706
v -32.24384 -11.08792 4.419195
v -32.24253 -15.52025 1.048706
v -32.24394 -15.52025 4.419195
v -32.04249 -15.52025 1.04879
v -32.0439 -15.52025 4.419279
v -32.24244 -11.08792 1.048706
v -32.24384 -11.08792 4.419195
v -32.24253 -15.52025 1.048706
v -32.24394 -15.52025 4.419195
v -32.04249 -15.52025 1.04879
v -32.04239 -11.08793 1.04879
v -32.0438 -11.08793 4.419279
v -32.0439 -15.52025 4.419279
v -32.0438 -11.08793 4.419279
v -32.24384 -11.08792 4.419195
v -32.24394 -15.52025 4.419195
v -32.0439 -15.52025 4.419279
v -32.04249 -15.52025 1.04879
v -32.24253 -15.52025 1.048706
v -32.24244 -11.08792 1.048706
v -32.04239 -11.08793 1.04879
f 2094 2096 2097
f 2094 2097 2095
f 2102 2098 2099
f 2102 2099 2103
f 2104 2100 2101
f 2104 2101 2105
f 2106 2107 2108
f 2106 2108 2109
f 2110 2111 2112
f 2110 2112 2113
f 2114 2115 2116
f 2114 2116 2117
v -38.85279 -11.08776 1.06011
v -38.85418 -11.08776 4.40097
v -39.05284 -11.08776 1.060027
v -39.05423 -11.08776 4.400886
v -39.05292 -14.93719 1.060027
v -39.05432 -14.93719 4.400886
v -38.85287 -14.9372 1.06011
v -38.85427 -14.9372 4.40097
v -39.05284 -11.08776 1.060027
v -39.05423 -11.08776 4.400886
v -39.05292 -14.93719 1.060027
v -39.05432 -14.93719 4.400886
v -38.85287 -14.9372 1.06011
v -38.85279 -11.08776 1.06011
v -38.85418 -11.08776 4.40097
v -38.85427 -14.9372 4.40097
v -38.85418 -11.08776 4.40097
v -39.05423 -11.08776 4.400886
v -39.05432 -14.93719 4.400886
v -38.85427 -14.9372 4.40097
v -38.85287 -14.9372 1.06011
v -39.05292 -14.93719 1.060027
v -39.05284 -11.08776 1.060027
v -38.85279 -11.08776 1.06011
f 2118 2120 2121
f 2118 2121 2119
f 2126 2122 2123
f 2126 2123 2127
f 2128 2124 2125
f 2128 2125 2129
f 2130 2131 2132
f 2130 2132 2133
f 2134 2135 2136
f 2134 2136 2137
f 2138 2139 2140
f 2138 2140 2141
v 42.76972 -11.08776 -37.1329
v 39.7641 -11.08776 -38.59151
v 42.85706 -11.08776 -37.31287
v 39.85144 -11.08776 -38.77149
v 42.8571 -14.93719 -37.31295
v 39.85147 -14.93719 -38.77156
v 42.76976 -14.9372 -37.13297
v 39.76414 -14.9372 -38.59159
v 42.85706 -11.08776 -37.31287
v 39.85144 -11.08776 -38.77149
v 42.8571 -14.93719 -37.31295
v 39.85147 -14.93719 -38.77156
v 42.76976 -14.9372 -37.13297
v 42.76972 -11.08776 -37.1329
v 39.7641 -11.08776 -38.59151
v 39.76414 -14.9372 -38.59159
v 39.7641 -11.08776 -38.59151
v 39.85144 -11.08776 -38.77149
v 39.85147 -14.93719 -38.77156
v 39.76414 -14.9372 -38.59159
v 42.76976 -14.9372 -37.13297
v 42.8571 -14.93719 -37.31295
v 42.85706 -11.08776 -37.31287
v 42.76972 -11.08776 -37.1329
f 2142 2144 2145
f 2142 2145 2143
f 2150 2146 2147
f 2150 2147 2151
f 2152 2148 2149
f 2152 2149 2153
f 2154 2155 2156
f 2154 2156 2157
f 2158 2159 2160
f 2158 2160 2161
f 2162 2163 2164
f 2162 2164 2165
v 39.80905 -11.08793 -30.9997
v 36.77677 -11.08793 -32.47125
v 39.89639 -11.08792 -31.17967
v 36.86411 -11.08792 -32.65123
v 39.89643 -15.52025 -31.17976
v 36.86415 -15.52025 -32.65131
v 39.80909 -15.52025 -30.99979
v 36.77681 -15.52025 -32.47134
v 39.89639 -11.08792 -31.17967
v 36.86411 -11.08792 -32.65123
v 39.89643 -15.52025 -31.17976
v 36.86415 -15.52025 -32.65131
v 39.80909 -15.52025 -30.99979
v 39.80905 -11.08793 -30.9997
v 36.77677 -11.08793 -32.47125
v 36.77681 -15.52025 -32.47134
v 36.77677 -11.08793 -32.47125
v 36.86411 -11.08792 -32.65123
v 36.86415 -15.52025 -32.65131
v 36.77681 -15.52025 -32.47134
v 39.80909 -15.52025 -30.99979
v 39.89643 -15.52025 -31.17976
v 39.89639 -11.08792 -31.17967
v 39.80905 -11.08793 -30.9997
f 2166 2168 2169
f 2166 2169 2167
f 2174 2170 2171
f 2174 2171 2175
f 2176 2172 2173
f 2176 2173 2177
f 2178 2179 2180
f 2178 2180 2181
f 2182 2183 2184
f 2182 2184 2185
f 2186 2187 2188
f 2186 2188 2189
v 39.81544 -10.19829 -30.99673
v 36.79309 -10.19829 -32.46346
v 42.86965 -10.19814 -37.29023
v 39.8473 -10.19814 -38.75696
v 42.86966 -11.09342 -37.29024
v 39.84731 -11.09342 -38.75698
v 39.81545 -11.09358 -30.99675
v 36.7931 -11.09358 -32.46348
v 42.86965 -10.19814 -37.29023
v 39.8473 -10.19814 -38.75696
v 42.86966 -11.09342 -37.29024
v 39.84731 -11.09342 -38.75698
v 39.81545 -11.09358 -30.99675
v 39.81544 -10.19829 -30.99673
v 36.79309 -10.19829 -32.46346
v 36.7931 -11.09358 -32.46348
v 36.79309 -10.19829 -32.46346
v 39.8473 -10.19814 -38.75696
v 39.84731 -11.09342 -38.75698
v 36.7931 -11.09358 -32.46348
v 39.81545 -11.09358 -30.99675
v 42.86966 -11.09342 -37.29024
v 42.86965 -10.19814 -37.29023
v 39.81544 -10.19829 -30.99673
f 2190 2192 2193
f 2190 2193 2191
f 2198 2194 2195
f 2198 2195 2199
f 2200 2196 2197
f 2200 2197 2201
f 2202 2203 2204
f 2202 2204 2205
f 2206 2207 2208
f 2206 2208 2209
f 2210 2211 2212
f 2210 2212 2213
v -7.629037 -15.4483 -36.08744
v -10.98849 -15.4483 -36.08807
v -7.627726 -15.44814 -43.08289
v -10.98718 -15.44814 -43.08352
v -7.627726 -16.34342 -43.08291
v -10.98717 -16.34342 -43.08354
v -7.629037 -16.34358 -36.08746
v -10.98849 -16.34358 -36.08809
v -7.627726 -15.44814 -43.08289
v -10.98718 -15.44814 -43.08352
v -7.627726 -16.34342 -43.08291
v -10.98717 -16.34342 -43.08354
v -7.629037 -16.34358 -36.08746
v -7.629037 -15.4483 -36.08744
v -10.98849 -15.4483 -36.08807
v -10.98849 -16.34358 -36.08809
v -10.98849 -15.4483 -36.08807
v -10.98718 -15.44814 -43.08352
v -10.98717 -16.34342 -43.08354
v -10.98849 -16.34358 -36.08809
v -7.629037 -16.34358 -36.08746
v -7.627726 -16.34342 -43.08291
v -7.627726 -15.44814 -43.08289
v -7.629037 -15.4483 -36.08744
f 2214 2216 2217
f 2214 2217 2215
f 2222 2218 2219
f 2222 2219 2223
f 2224 2220 2221
f 2224 2221 2225
f 2226 2227 2228
f 2226 2228 2229
f 2230 2231 2232
f 2230 2232 2233
f 2234 2235 2236
f 2234 2236 2237
v -7.636086 -16.33793 -36.08733
v -11.00657 -16.33793 -36.08796
v -7.636048 -16.33792 -36.28737
v -11.00654 -16.33792 -36.28801
v -7.636047 -20.77025 -36.28747
v -11.00654 -20.77025 -36.28811
v -7.636085 -20.77025 -36.08743
v -11.00657 -20.77025 -36.08806
v -7.636048 -16.33792 -36.28737
v -11.00654 -16.33792 -36.28801
v -7.636047 -20.77025 -36.28747
v -11.00654 -20.77025 -36.28811
v -7.636085 -20.77025 -36.08743
v -7.636086 -16.33793 -36.08733
v -11.00657 -16.33793 -36.08796
v -11.00657 -20.77025 -36.08806
v -11.00657 -16.33793 -36.08796
v -11.00654 -16.33792 -36.28801
v -11.00654 -20.77025 -36.28811
v -11.00657 -20.77025 -36.08806
v -7.636085 -20.77025 -36.08743
v -7.636047 -20.77025 -36.28747
v -7.636048 -16.33792 -36.28737
v -7.636086 -16.33793 -36.08733
f 2238 2240 2241
f 2238 2241 2239
f 2246 2242 2243
f 2246 2243 2247
f 2248 2244 2245
f 2248 2245 2249
f 2250 2251 2252
f 2250 2252 2253
f 2254 2255 2256
f 2254 2256 2257
f 2258 2259 2260
f 2258 2260 2261
v -7.648972 -16.33776 -42.89772
v -10.98983 -16.33777 -42.89835
v -7.648934 -16.33776 -43.09777
v -10.98979 -16.33776 -43.0984
v -7.648934 -20.18719 -43.09786
v -10.98979 -20.18719 -43.09848
v -7.648972 -20.1872 -42.89781
v -10.98983 -20.1872 -42.89844
v -7.648934 -16.33776 -43.09777
v -10.98979 -16.33776 -43.0984
v -7.648934 -20.18719 -43.09786
v -10.98979 -20.18719 -43.09848
v -7.648972 -20.1872 -42.89781
v -7.648972 -16.33776 -42.89772
v -10.98983 -16.33777 -42.89835
v -10.98983 -20.1872 -42.89844
v -10.98983 -16.33777 -42.89835
v -10.98979 -16.33776 -43.0984
v -10.98979 -20.18719 -43.09848
v -10.98983 -20.1872 -42.89844
v -7.648972 -20.1872 -42.89781
v -7.648934 -20.18719 -43.09786
v -7.648934 -16.33776 -43.09777
v -7.648972 -16.33776 -42.89772
f 2262 2264 2265
f 2262 2265 2263
f 2270 2266 2267
f 2270 2267 2271
f 2272 2268 2269
f 2272 2269 2273
f 2274 2275 2276
f 2274 2276 2277
f 2278 2279 2280
f 2278 2280 2281
f 2282 2283 2284
f 2282 2284 2285
v 38.9311 -11.08777 -5.935604
v 38.93066 -11.08777 -9.276463
v 39.13115 -11.08776 -5.935631
v 39.13071 -11.08776 -9.276488
v 39.13123 -14.93719 -5.93563
v 39.13079 -14.93719 -9.276487
v 38.93119 -14.9372 -5.935603
v 38.93074 -14.9372 -9.276462
v 39.13115 -11.08776 -5.935631
v 39.13071 -11.08776 -9.276488
v 39.13123 -14.93719 -5.93563
v 39.13079 -14.93719 -9.276487
v 38.93119 -14.9372 -5.935603
v 38.9311 -11.08777 -5.935604
v 38.93066 -11.08777 -9.276463
v 38.93074 -14.9372 -9.276462
v 38.93066 -11.08777 -9.276463
v 39.13071 -11.08776 -9.276488
v 39.13079 -14.93719 -9.276487
v 38.93074 -14.9372 -9.276462
v 38.93119 -14.9372 -5.935603
v 39.13123 -14.93719 -5.93563
v 39.13115 -11.08776 -5.935631
v 38.9311 -11.08777 -5.935604
f 2286 2288 2289
f 2286 2289 2287
f 2294 2290 2291
f 2294 2291 2295
f 2296 2292 2293
f 2296 2293 2297
f 2298 2299 2300
f 2298 2300 2301
f 2302 2303 2304
f 2302 2304 2305
f 2306 2307 2308
f 2306 2308 2309
v 32.12083 -10.1983 -5.913494
v 32.12039 -10.1983 -9.272943
v 39.11627 -10.19814 -5.914417
v 39.11583 -10.19814 -9.273866
v 39.11629 -11.09342 -5.914417
v 39.11585 -11.09342 -9.273866
v 32.12085 -11.09358 -5.913494
v 32.12041 -11.09358 -9.272942
v 39.11627 -10.19814 -5.914417
v 39.11583 -10.19814 -9.273866
v 39.11629 -11.09342 -5.914417
v 39.11585 -11.09342 -9.273866
v 32.12085 -11.09358 -5.913494
v 32.12083 -10.1983 -5.913494
v 32.12039 -10.1983 -9.272943
v 32.12041 -11.09358 -9.272942
v 32.12039 -10.1983 -9.272943
v 39.11583 -10.19814 -9.273866
v 39.11585 -11.09342 -9.273866
v 32.12041 -11.09358 -9.272942
v 32.12085 -11.09358 -5.913494
v 39.11629 -11.09342 -5.914417
v 39.11627 -10.19814 -5.914417
v 32.12083 -10.1983 -5.913494
f 2310 2312 2313
f 2310 2313 2311
f 2318 2314 2315
f 2318 2315 2319
f 2320 2316 2317
f 2320 2317 2321
f 2322 2323 2324
f 2322 2324 2325
f 2326 2327 2328
f 2326 2328 2329
f 2330 2331 2332
f 2330 2332 2333
v 32.12071 -11.08793 -5.920542
v 32.12027 -11.08793 -9.29103
v 32.32076 -11.08792 -5.920568
v 32.32031 -11.08792 -9.291057
v 32.32086 -15.52025 -5.920567
v 32.32041 -15.52025 -9.291056
v 32.12081 -15.52025 -5.920541
v 32.12037 -15.52025 -9.291029
v 32.32076 -11.08792 -5.920568
v 32.32031 -11.08792 -9.291057
v 32.32086 -15.52025 -5.920567
v 32.32041 -15.52025 -9.291056
v 32.12081 -15.52025 -5.920541
v 32.12071 -11.08793 -5.920542
v 32.12027 -11.08793 -9.29103
v 32.12037 -15.52025 -9.291029
v 32.12027 -11.08793 -9.29103
v 32.32031 -11.08792 -9.291057
v 32.32041 -15.52025 -9.291056
v 32.12037 -15.52025 -9.291029
v 32.12081 -15.52025 -5.920541
v 32.32086 -15.52025 -5.920567
v 32.32076 -11.08792 -5.920568
v 32.12071 -11.08793 -5.920542
f 2334 2336 2337
f 2334 2337 2335
f 2342 2338 2339
f 2342 2339 2343
f 2344 2340 2341
f 2344 2341 2345
f 2346 2347 2348
f 2346 2348 2349
f 2350 2351 2352
f 2350 2352 2353
f 2354 2355 2356
f 2354 2356 2357
v -12.09851 12.6399 30.10932
v 12.15925 12.6399 30.13116
v -12.10069 12.6399 32.53714
v 12.15706 12.6399 32.55898
v -12.10069 -1.639904 32.53714
v 12.15706 -1.639904 32.55899
v -12.09851 -1.639905 30.10932
v 12.15925 -1.639905 30.13117
v -12.10069 12.6399 32.53714
v 12.15706 12.6399 32.55898
v -12.10069 -1.639904 32.53714
v 12.15706 -1.639904 32.55899
v -12.09851 -1.639905 30.10932
v -12.09851 12.6399 30.10932
v 12.15925 12.6399 30.13116
v 12.15925 -1.639905 30.13117
v 12.15925 12.6399 30.13116
v 12.15706 12.6399 32.55898
v 12.15706 -1.639904 32.55899
v 12.15925 -1.639905 30.13117
v -12.09851 -1.639905 30.10932
v -12.10069 -1.639904 32.53714
v -12.10069 12.6399 32.53714
v -12.09851 12.6399 30.10932
f 2358 2360 2361
f 2358 2361 2359
f 2366 2362 2363
f 2366 2363 2367
f 2368 2364 2365
f 2368 2365 2369
f 2370 2371 2372
f 2370 2372 2373
f 2374 2375 2376
f 2374 2376 2377
f 2378 2379 2380
f 2378 2380 2381
v 39.60352 -16.33776 -30.61081
v 36.5979 -16.33776 -32.06943
v 39.69086 -16.33776 -30.79078
v 36.68523 -16.33776 -32.2494
v 39.6909 -20.18719 -30.79086
v 36.68527 -20.18719 -32.24948
v 39.60356 -20.1872 -30.61089
v 36.59793 -20.1872 -32.0695
v 39.69086 -16.33776 -30.79078
v 36.68523 -16.33776 -32.2494
v 39.6909 -20.18719 -30.79086
v 36.68527 -20.18719 -32.24948
v 39.60356 -20.1872 -30.61089
v 39.60352 -16.33776 -30.61081
v 36.5979 -16.33776 -32.06943
v 36.59793 -20.1872 -32.0695
v 36.5979 -16.33776 -32.06943
v 36.68523 -16.33776 -32.2494
v 36.68527 -20.18719 -32.24948
v 36.59793 -20.1872 -32.0695
v 39.60356 -20.1872 -30.61089
v 39.6909 -20.18719 -30.79086
v 39.69086 -16.33776 -30.79078
v 39.60352 -16.33776 -30.61081
f 2382 2384 2385
f 2382 2385 2383
f 2390 2386 2387
f 2390 2387 2391
f 2392 2388 2389
f 2392 2389 2393
f 2394 2395 2396
f 2394 2396 2397
f 2398 2399 2400
f 2398 2400 2401
f 2402 2403 2404
f 2402 2404 2405
v 36.64924 -15.4483 -24.47464
v 33.62689 -15.4483 -25.94138
v 39.70345 -15.44814 -30.76814
v 36.6811 -15.44814 -32.23487
v 39.70346 -16.34342 -30.76815
v 36.68111 -16.34342 -32.23489
v 36.64925 -16.34358 -24.47466
v 33.6269 -16.34358 -25.94139
v 39.70345 -15.44814 -30.76814
v 36.6811 -15.44814 -32.23487
v 39.70346 -16.34342 -30.76815
v 36.68111 -16.34342 -32.23489
v 36.64925 -16.34358 -24.47466
v 36.64924 -15.4483 -24.47464
v 33.62689 -15.4483 -25.94138
v 33.6269 -16.34358 -25.94139
v 33.62689 -15.4483 -25.94138
v 36.6811 -15.44814 -32.23487
v 36.68111 -16.34342 -32.23489
v 33.6269 -16.34358 -25.94139
v 36.64925 -16.34358 -24.47466
v 39.70346 -16.34342 -30.76815
v 39.70345 -15.44814 -30.76814
v 36.64924 -15.4483 -24.47464
f 2406 2408 2409
f 2406 2409 2407
f 2414 2410 2411
f 2414 2411 2415
f 2416 2412 2413
f 2416 2413 2417
f 2418 2419 2420
f 2418 2420 2421
f 2422 2423 2424
f 2422 2424 2425
f 2426 2427 2428
f 2426 2428 2429
v 36.64285 -16.33793 -24.47761
v 33.61057 -16.33793 -25.94917
v 36.73019 -16.33792 -24.65759
v 33.69791 -16.33792 -26.12914
v 36.73023 -20.77025 -24.65767
v 33.69795 -20.77025 -26.12923
v 36.64289 -20.77025 -24.4777
v 33.61061 -20.77025 -25.94925
v 36.73019 -16.33792 -24.65759
v 33.69791 -16.33792 -26.12914
v 36.73023 -20.77025 -24.65767
v 33.69795 -20.77025 -26.12923
v 36.64289 -20.77025 -24.4777
v 36.64285 -16.33793 -24.47761
v 33.61057 -16.33793 -25.94917
v 33.61061 -20.77025 -25.94925
v 33.61057 -16.33793 -25.94917
v 33.69791 -16.33792 -26.12914
v 33.69795 -20.77025 -26.12923
v 33.61061 -20.77025 -25.94925
v 36.64289 -20.77025 -24.4777
v 36.73023 -20.77025 -24.65767
v 36.73019 -16.33792 -24.65759
v 36.64285 -16.33793 -24.47761
f 2430 2432 2433
f 2430 2433 2431
f 2438 2434 2435
f 2438 2435 2439
f 2440 2436 2437
f 2440 2437 2441
f 2442 2443 2444
f 2442 2444 2445
f 2446 2447 2448
f 2446 2448 2449
f 2450 2451 2452
f 2450 2452 2453
v 1.739479 -5.837766 -42.89772
v -1.60138 -5.837766 -42.89835
v 1.739516 -5.837761 -43.09777
v -1.601343 -5.837761 -43.0984
v 1.739517 -9.687195 -43.09786
v -1.601342 -9.687195 -43.09848
v 1.739479 -9.6872 -42.89781
v -1.60138 -9.6872 -42.89844
v 1.739516 -5.837761 -43.09777
v -1.601343 -5.837761 -43.0984
v 1.739517 -9.687195 -43.09786
v -1.601342 -9.687195 -43.09848
v 1.739479 -9.6872 -42.89781
v 1.739479 -5.837766 -42.89772
v -1.60138 -5.837766 -42.89835
v -1.60138 -9.6872 -42.89844
v -1.60138 -5.837766 -42.89835
v -1.601343 -5.837761 -43.0984
v -1.601342 -9.687195 -43.09848
v -1.60138 -9.6872 -42.89844
v 1.739479 -9.6872 -42.89781
v 1.739517 -9.687195 -43.09786
v 1.739516 -5.837761 -43.09777
v 1.739479 -5.837766 -42.89772
f 2454 2456 2457
f 2454 2457 2455
f 2462 2458 2459
f 2462 2459 2463
f 2464 2460 2461
f 2464 2461 2465
f 2466 2467 2468
f 2466 2468 2469
f 2470 2471 2472
f 2470 2472 2473
f 2474 2475 2476
f 2474 2476 2477
v 1.759414 -4.948296 -36.08744
v -1.600036 -4.948297 -36.08807
v 1.760725 -4.948142 -43.08289
v -1.598725 -4.948142 -43.08352
v 1.760725 -5.843421 -43.08291
v -1.598725 -5.843422 -43.08354
v 1.759414 -5.843576 -36.08746
v -1.600036 -5.843577 -36.08809
v 1.760725 -4.948142 -43.08289
v -1.598725 -4.948142 -43.08352
v 1.760725 -5.843421 -43.08291
v -1.598725 -5.843422 -43.08354
v 1.759414 -5.843576 -36.08746
v 1.759414 -4.948296 -36.08744
v -1.600036 -4.948297 -36.08807
v -1.600036 -5.843577 -36.08809
v -1.600036 -4.948297 -36.08807
v -1.598725 -4.948142 -43.08352
v -1.598725 -5.843422 -43.08354
v -1.600036 -5.843577 -36.08809
v 1.759414 -5.843576 -36.08746
v 1.760725 -5.843421 -43.08291
v 1.760725 -4.948142 -43.08289
v 1.759414 -4.948296 -36.08744
f 2478 2480 2481
f 2478 2481 2479
f 2486 2482 2483
f 2486 2483 2487
f 2488 2484 2485
f 2488 2485 2489
f 2490 2491 2492
f 2490 2492 2493
f 2494 2495 2496
f 2494 2496 2497
f 2498 2499 2500
f 2498 2500 2501
v 1.752365 -5.837927 -36.08733
v -1.618124 -5.837927 -36.08796
v 1.752403 -5.837923 -36.28737
v -1.618086 -5.837923 -36.28801
v 1.752404 -10.27025 -36.28747
v -1.618086 -10.27025 -36.28811
v 1.752366 -10.27025 -36.08743
v -1.618123 -10.27025 -36.08806
v 1.752403 -5.837923 -36.28737
v -1.618086 -5.837923 -36.28801
v 1.752404 -10.27025 -36.28747
v -1.618086 -10.27025 -36.28811
v 1.752366 -10.27025 -36.08743
v 1.752365 -5.837927 -36.08733
v -1.618124 -5.837927 -36.08796
v -1.618123 -10.27025 -36.08806
v -1.618124 -5.837927 -36.08796
v -1.618086 -5.837923 -36.28801
v -1.618086 -10.27025 -36.28811
v -1.618123 -10.27025 -36.08806
v 1.752366 -10.27025 -36.08743
v 1.752404 -10.27025 -36.28747
v 1.752403 -5.837923 -36.28737
v 1.752365 -5.837927 -36.08733
f 2502 2504 2505
f 2502 2505 2503
f 2510 2506 2507
f 2510 2507 2511
f 2512 2508 2509
f 2512 2509 2513
f 2514 2515 2516
f 2514 2516 2517
f 2518 2519 2520
f 2518 2520 2521
f 2522 2523 2524
f 2522 2524 2525
v -19.91228 -15.9483 -25.0904
v -22.87364 -15.9483 -23.50413
v -23.2154 -15.94814 -31.2569
v -26.17676 -15.94814 -29.67062
v -23.21541 -16.84342 -31.25691
v -26.17677 -16.84342 -29.67064
v -19.91229 -16.84358 -25.09042
v -22.87365 -16.84358 -23.50415
v -23.2154 -15.94814 -31.2569
v -26.17676 -15.94814 -29.67062
v -23.21541 -16.84342 -31.25691
v -26.17677 -16.84342 -29.67064
v -19.91229 -16.84358 -25.09042
v -19.91228 -15.9483 -25.0904
v -22.87364 -15.9483 -23.50413
v -22.87365 -16.84358 -23.50415
v -22.87364 -15.9483 -23.50413
v -26.17676 -15.94814 -29.67062
v -26.17677 -16.84342 -29.67064
v -22.87365 -16.84358 -23.50415
v -19.91229 -16.84358 -25.09042
v -23.21541 -16.84342 -31.25691
v -23.2154 -15.94814 -31.2569
v -19.91228 -15.9483 -25.0904
f 2526 2528 2529
f 2526 2529 2527
f 2534 2530 2531
f 2534 2531 2535
f 2536 2532 2533
f 2536 2533 2537
f 2538 2539 2540
f 2538 2540 2541
f 2542 2543 2544
f 2542 2544 2545
f 2546 2547 2548
f 2546 2548 2549
v -19.91844 -16.83793 -25.08697
v -22.88953 -16.83793 -23.49549
v -20.0129 -16.83792 -25.26331
v -22.98399 -16.83792 -23.67183
v -20.01294 -21.27025 -25.2634
v -22.98403 -21.27025 -23.67191
v -19.91848 -21.27025 -25.08706
v -22.88957 -21.27025 -23.49557
v -20.0129 -16.83792 -25.26331
v -22.98399 -16.83792 -23.67183
v -20.01294 -21.27025 -25.2634
v -22.98403 -21.27025 -23.67191
v -19.91848 -21.27025 -25.08706
v -19.91844 -16.83793 -25.08697
v -22.88953 -16.83793 -23.49549
v -22.88957 -21.27025 -23.49557
v -22.88953 -16.83793 -23.49549
v -22.98399 -16.83792 -23.67183
v -22.98403 -21.27025 -23.67191
v -22.88957 -21.27025 -23.49557
v -19.91848 -21.27025 -25.08706
v -20.01294 -21.27025 -25.2634
v -20.0129 -16.83792 -25.26331
v -19.91844 -16.83793 -25.08697
f 2550 2552 2553
f 2550 2553 2551
f 2558 2554 2555
f 2558 2555 2559
f 2560 2556 2557
f 2560 2557 2561
f 2562 2563 2564
f 2562 2564 2565
f 2566 2567 2568
f 2566 2568 2569
f 2570 2571 2572
f 2570 2572 2573
v -23.14667 -16.83776 -31.08365
v -26.09164 -16.83776 -29.50616
v -23.24113 -16.83776 -31.25999
v -26.1861 -16.83776 -29.6825
v -23.24117 -20.68719 -31.26007
v -26.18614 -20.68719 -29.68258
v -23.14671 -20.6872 -31.08373
v -26.09168 -20.6872 -29.50624
v -23.24113 -16.83776 -31.25999
v -26.1861 -16.83776 -29.6825
v -23.24117 -20.68719 -31.26007
v -26.18614 -20.68719 -29.68258
v -23.14671 -20.6872 -31.08373
v -23.14667 -16.83776 -31.08365
v -26.09164 -16.83776 -29.50616
v -26.09168 -20.6872 -29.50624
v -26.09164 -16.83776 -29.50616
v -26.1861 -16.83776 -29.6825
v -26.18614 -20.68719 -29.68258
v -26.09168 -20.6872 -29.50624
v -23.14671 -20.6872 -31.08373
v -23.24117 -20.68719 -31.26007
v -23.24113 -16.83776 -31.25999
v -23.14667 -16.83776 -31.08365
f 2574 2576 2577
f 2574 2577 2575
f 2582 2578 2579
f 2582 2579 2583
f 2584 2580 2581
f 2584 2581 2585
f 2586 2587 2588
f 2586 2588 2589
f 2590 2591 2592
f 2590 2592 2593
f 2594 2595 2596
f 2594 2596 2597
v 39.37083 -4.948298 4.496506
v 39.37039 -4.948298 1.137058
v 46.36627 -4.948142 4.495583
v 46.36583 -4.948143 1.136134
v 46.36629 -5.843422 4.495583
v 46.36585 -5.843422 1.136134
v 39.37085 -5.843578 4.496506
v 39.37041 -5.843578 1.137058
v 46.36627 -4.948142 4.495583
v 46.36583 -4.948143 1.136134
v 46.36629 -5.843422 4.495583
v 46.36585 -5.843422 1.136134
v 39.37085 -5.843578 4.496506
v 39.37083 -4.948298 4.496506
v 39.37039 -4.948298 1.137058
v 39.37041 -5.843578 1.137058
v 39.37039 -4.948298 1.137058
v 46.36583 -4.948143 1.136134
v 46.36585 -5.843422 1.136134
v 39.37041 -5.843578 1.137058
v 39.37085 -5.843578 4.496506
v 46.36629 -5.843422 4.495583
v 46.36627 -4.948142 4.495583
v 39.37083 -4.948298 4.496506
f 2598 2600 2601
f 2598 2601 2599
f 2606 2602 2603
f 2606 2603 2607
f 2608 2604 2605
f 2608 2605 2609
f 2610 2611 2612
f 2610 2612 2613
f 2614 2615 2616
f 2614 2616 2617
f 2618 2619 2620
f 2618 2620 2621
v 39.37071 -5.837928 4.489458
v 39.37027 -5.837929 1.11897
v 39.57076 -5.837924 4.489431
v 39.57031 -5.837924 1.118944
v 39.57086 -10.27025 4.489433
v 39.57041 -10.27025 1.118945
v 39.37081 -10.27025 4.489459
v 39.37037 -10.27025 1.118971
v 39.57076 -5.837924 4.489431
v 39.57031 -5.837924 1.118944
v 39.57086 -10.27025 4.489433
v 39.57041 -10.27025 1.118945
v 39.37081 -10.27025 4.489459
v 39.37071 -5.837928 4.489458
v 39.37027 -5.837929 1.11897
v 39.37037 -10.27025 1.118971
v 39.37027 -5.837929 1.11897
v 39.57031 -5.837924 1.118944
v 39.57041 -10.27025 1.118945
v 39.37037 -10.27025 1.118971
v 39.37081 -10.27025 4.489459
v 39.57086 -10.27025 4.489433
v 39.57076 -5.837924 4.489431
v 39.37071 -5.837928 4.489458
f 2622 2624 2625
f 2622 2625 2623
f 2630 2626 2627
f 2630 2627 2631
f 2632 2628 2629
f 2632 2629 2633
f 2634 2635 2636
f 2634 2636 2637
f 2638 2639 2640
f 2638 2640 2641
f 2642 2643 2644
f 2642 2644 2645
v 46.1811 -5.837766 4.474396
v 46.18066 -5.837767 1.133538
v 46.38115 -5.837762 4.474369
v 46.38071 -5.837762 1.133511
v 46.38123 -9.687195 4.47437
v 46.38079 -9.687195 1.133512
v 46.18119 -9.687199 4.474397
v 46.18074 -9.6872 1.133539
v 46.38115 -5.837762 4.474369
v 46.38071 -5.837762 1.133511
v 46.38123 -9.687195 4.47437
v 46.38079 -9.687195 1.133512
v 46.18119 -9.687199 4.474397
v 46.1811 -5.837766 4.474396
v 46.18066 -5.837767 1.133538
v 46.18074 -9.6872 1.133539
v 46.18066 -5.837767 1.133538
v 46.38071 -5.837762 1.133511
v 46.38079 -9.687195 1.133512
v 46.18074 -9.6872 1.133539
v 46.18119 -9.687199 4.474397
v 46.38123 -9.687195 4.47437
v 46.38115 -5.837762 4.474369
v 46.1811 -5.837766 4.474396
f 2646 2648 2649
f 2646 2649 2647
f 2654 2650 2651
f 2654 2651 2655
f 2656 2652 2653
f 2656 2653 2657
f 2658 2659 2660
f 2658 2660 2661
f 2662 2663 2664
f 2662 2664 2665
f 2666 2667 2668
f 2666 2668 2669
v 46.1811 -11.08777 4.474396
v 46.18066 -11.08777 1.133538
v 46.38115 -11.08776 4.474369
v 46.38071 -11.08776 1.133511
v 46.38123 -14.93719 4.47437
v 46.38079 -14.93719 1.133512
v 46.18119 -14.9372 4.474397
v 46.18074 -14.9372 1.133539
v 46.38115 -11.08776 4.474369
v 46.38071 -11.08776 1.133511
v 46.38123 -14.93719 4.47437
v 46.38079 -14.93719 1.133512
v 46.18119 -14.9372 4.474397
v 46.1811 -11.08777 4.474396
v 46.18066 -11.08777 1.133538
v 46.18074 -14.9372 1.133539
v 46.18066 -11.08777 1.133538
v 46.38071 -11.08776 1.133511
v 46.38079 -14.93719 1.133512
v 46.18074 -14.9372 1.133539
v 46.18119 -14.9372 4.474397
v 46.38123 -14.93719 4.47437
v 46.38115 -11.08776 4.474369
v 46.1811 -11.08777 4.474396
f 2670 2672 2673
f 2670 2673 2671
f 2678 2674 2675
f 2678 2675 2679
f 2680 2676 2677
f 2680 2677 2681
f 2682 2683 2684
f 2682 2684 2685
f 2686 2687 2688
f 2686 2688 2689
f 2690 2691 2692
f 2690 2692 2693
v 39.37083 -10.1983 4.496506
v 39.37039 -10.1983 1.137058
v 46.36627 -10.19814 4.495583
v 46.36583 -10.19814 1.136134
v 46.36629 -11.09342 4.495583
v 46.36585 -11.09342 1.136134
v 39.37085 -11.09358 4.496506
v 39.37041 -11.09358 1.137058
v 46.36627 -10.19814 4.495583
v 46.36583 -10.19814 1.136134
v 46.36629 -11.09342 4.495583
v 46.36585 -11.09342 1.136134
v 39.37085 -11.09358 4.496506
v 39.37083 -10.1983 4.496506
v 39.37039 -10.1983 1.137058
v 39.37041 -11.09358 1.137058
v 39.37039 -10.1983 1.137058
v 46.36583 -10.19814 1.136134
v 46.36585 -11.09342 1.136134
v 39.37041 -11.09358 1.137058
v 39.37085 -11.09358 4.496506
v 46.36629 -11.09342 4.495583
v 46.36627 -10.19814 4.495583
v 39.37083 -10.1983 4.496506
f 2694 2696 2697
f 2694 2697 2695
f 2702 2698 2699
f 2702 2699 2703
f 2704 2700 2701
f 2704 2701 2705
f 2706 2707 2708
f 2706 2708 2709
f 2710 2711 2712
f 2710 2712 2713
f 2714 2715 2716
f 2714 2716 2717
v 39.37071 -11.08793 4.489458
v 39.37027 -11.08793 1.11897
v 39.57076 -11.08792 4.489431
v 39.57031 -11.08792 1.118944
v 39.57086 -15.52025 4.489433
v 39.57041 -15.52025 1.118945
v 39.37081 -15.52025 4.489459
v 39.37037 -15.52025 1.118971
v 39.57076 -11.08792 4.489431
v 39.57031 -11.08792 1.118944
v 39.57086 -15.52025 4.489433
v 39.57041 -15.52025 1.118945
v 39.37081 -15.52025 4.489459
v 39.37071 -11.08793 4.489458
v 39.37027 -11.08793 1.11897
v 39.37037 -15.52025 1.118971
v 39.37027 -11.08793 1.11897
v 39.57031 -11.08792 1.118944
v 39.57041 -15.52025 1.118945
v 39.37037 -15.52025 1.118971
v 39.37081 -15.52025 4.489459
v 39.57086 -15.52025 4.489433
v 39.57076 -11.08792 4.489431
v 39.37071 -11.08793 4.489458
f 2718 2720 2721
f 2718 2721 2719
f 2726 2722 2723
f 2726 2723 2727
f 2728 2724 2725
f 2728 2725 2729
f 2730 2731 2732
f 2730 2732 2733
f 2734 2735 2736
f 2734 2736 2737
f 2738 2739 2740
f 2738 2740 2741
v -31.55489 -16.83776 11.55628
v -31.55629 -16.83777 14.89714
v -31.75494 -16.83776 11.5562
v -31.75633 -16.83776 14.89705
v -31.75502 -20.68719 11.5562
v -31.75642 -20.68719 14.89705
v -31.55498 -20.6872 11.55628
v -31.55637 -20.6872 14.89714
v -31.75494 -16.83776 11.5562
v -31.75633 -16.83776 14.89705
v -31.75502 -20.68719 11.5562
v -31.75642 -20.68719 14.89705
v -31.55498 -20.6872 11.55628
v -31.55489 -16.83776 11.55628
v -31.55629 -16.83777 14.89714
v -31.55637 -20.6872 14.89714
v -31.55629 -16.83777 14.89714
v -31.75633 -16.83776 14.89705
v -31.75642 -20.68719 14.89705
v -31.55637 -20.6872 14.89714
v -31.55498 -20.6872 11.55628
v -31.75502 -20.68719 11.5562
v -31.75494 -16.83776 11.5562
v -31.55489 -16.83776 11.55628
f 2742 2744 2745
f 2742 2745 2743
f 2750 2746 2747
f 2750 2747 2751
f 2752 2748 2749
f 2752 2749 2753
f 2754 2755 2756
f 2754 2756 2757
f 2758 2759 2760
f 2758 2760 2761
f 2762 2763 2764
f 2762 2764 2765
v -24.74449 -16.83793 11.54496
v -24.7459 -16.83793 14.91545
v -24.94454 -16.83792 11.54487
v -24.94595 -16.83792 14.91536
v -24.94464 -21.27025 11.54487
v -24.94604 -21.27025 14.91536
v -24.74459 -21.27025 11.54496
v -24.746 -21.27025 14.91545
v -24.94454 -16.83792 11.54487
v -24.94595 -16.83792 14.91536
v -24.94464 -21.27025 11.54487
v -24.94604 -21.27025 14.91536
v -24.74459 -21.27025 11.54496
v -24.74449 -16.83793 11.54496
v -24.7459 -16.83793 14.91545
v -24.746 -21.27025 14.91545
v -24.7459 -16.83793 14.91545
v -24.94595 -16.83792 14.91536
v -24.94604 -21.27025 14.91536
v -24.746 -21.27025 14.91545
v -24.74459 -21.27025 11.54496
v -24.94464 -21.27025 11.54487
v -24.94454 -16.83792 11.54487
v -24.74449 -16.83793 11.54496
f 2766 2768 2769
f 2766 2769 2767
f 2774 2770 2771
f 2774 2771 2775
f 2776 2772 2773
f 2776 2773 2777
f 2778 2779 2780
f 2778 2780 2781
f 2782 2783 2784
f 2782 2784 2785
f 2786 2787 2788
f 2786 2788 2789
v -24.74461 -15.9483 11.53791
v -24.74601 -15.9483 14.89736
v -31.74005 -15.94814 11.53499
v -31.74145 -15.94814 14.89444
v -31.74007 -16.84342 11.53499
v -31.74147 -16.84342 14.89444
v -24.74463 -16.84358 11.53791
v -24.74603 -16.84358 14.89736
v -31.74005 -15.94814 11.53499
v -31.74145 -15.94814 14.89444
v -31.74007 -16.84342 11.53499
v -31.74147 -16.84342 14.89444
v -24.74463 -16.84358 11.53791
v -24.74461 -15.9483 11.53791
v -24.74601 -15.9483 14.89736
v -24.74603 -16.84358 14.89736
v -24.74601 -15.9483 14.89736
v -31.74145 -15.94814 14.89444
v -31.74147 -16.84342 14.89444
v -24.74603 -16.84358 14.89736
v -24.74463 -16.84358 11.53791
v -31.74007 -16.84342 11.53499
v -31.74005 -15.94814 11.53499
v -24.74461 -15.9483 11.53791
f 2790 2792 2793
f 2790 2793 2791
f 2798 2794 2795
f 2798 2795 2799
f 2800 2796 2797
f 2800 2797 2801
f 2802 2803 2804
f 2802 2804 2805
f 2806 2807 2808
f 2806 2808 2809
f 2810 2811 2812
f 2810 2812 2813
v -26.76339 -5.837927 -37.86965
v -29.73448 -5.837927 -36.27816
v -26.85785 -5.837923 -38.04599
v -29.82894 -5.837923 -36.4545
v -26.8579 -10.27025 -38.04607
v -29.82899 -10.27025 -36.45459
v -26.76344 -10.27025 -37.86973
v -29.73453 -10.27025 -36.27825
v -26.85785 -5.837923 -38.04599
v -29.82894 -5.837923 -36.4545
v -26.8579 -10.27025 -38.04607
v -29.82899 -10.27025 -36.45459
v -26.76344 -10.27025 -37.86973
v -26.76339 -5.837927 -37.86965
v -29.73448 -5.837927 -36.27816
v -29.73453 -10.27025 -36.27825
v -29.73448 -5.837927 -36.27816
v -29.82894 -5.837923 -36.4545
v -29.82899 -10.27025 -36.45459
v -29.73453 -10.27025 -36.27825
v -26.76344 -10.27025 -37.86973
v -26.8579 -10.27025 -38.04607
v -26.85785 -5.837923 -38.04599
v -26.76339 -5.837927 -37.86965
f 2814 2816 2817
f 2814 2817 2815
f 2822 2818 2819
f 2822 2819 2823
f 2824 2820 2821
f 2824 2821 2825
f 2826 2827 2828
f 2826 2828 2829
f 2830 2831 2832
f 2830 2832 2833
f 2834 2835 2836
f 2834 2836 2837
v -26.75723 -4.948296 -37.87308
v -29.71859 -4.948296 -36.28681
v -30.06036 -4.948141 -44.03957
v -33.02172 -4.948141 -42.4533
v -30.06037 -5.843421 -44.03959
v -33.02172 -5.843421 -42.45332
v -26.75724 -5.843576 -37.8731
v -29.7186 -5.843576 -36.28682
v -30.06036 -4.948141 -44.03957
v -33.02172 -4.948141 -42.4533
v -30.06037 -5.843421 -44.03959
v -33.02172 -5.843421 -42.45332
v -26.75724 -5.843576 -37.8731
v -26.75723 -4.948296 -37.87308
v -29.71859 -4.948296 -36.28681
v -29.7186 -5.843576 -36.28682
v -29.71859 -4.948296 -36.28681
v -33.02172 -4.948141 -42.4533
v -33.02172 -5.843421 -42.45332
v -29.7186 -5.843576 -36.28682
v -26.75724 -5.843576 -37.8731
v -30.06037 -5.843421 -44.03959
v -30.06036 -4.948141 -44.03957
v -26.75723 -4.948296 -37.87308
f 2838 2840 2841
f 2838 2841 2839
f 2846 2842 2843
f 2846 2843 2847
f 2848 2844 2845
f 2848 2845 2849
f 2850 2851 2852
f 2850 2852 2853
f 2854 2855 2856
f 2854 2856 2857
f 2858 2859 2860
f 2858 2860 2861
v -29.99162 -5.837765 -43.86633
v -32.93659 -5.837765 -42.28884
v -30.08608 -5.837761 -44.04267
v -33.03105 -5.837761 -42.46518
v -30.08612 -9.687195 -44.04275
v -33.03109 -9.687195 -42.46525
v -29.99166 -9.687199 -43.86641
v -32.93663 -9.6872 -42.28891
v -30.08608 -5.837761 -44.04267
v -33.03105 -5.837761 -42.46518
v -30.08612 -9.687195 -44.04275
v -33.03109 -9.687195 -42.46525
v -29.99166 -9.687199 -43.86641
v -29.99162 -5.837765 -43.86633
v -32.93659 -5.837765 -42.28884
v -32.93663 -9.6872 -42.28891
v -32.93659 -5.837765 -42.28884
v -33.03105 -5.837761 -42.46518
v -33.03109 -9.687195 -42.46525
v -32.93663 -9.6872 -42.28891
v -29.99166 -9.687199 -43.86641
v -30.08612 -9.687195 -44.04275
v -30.08608 -5.837761 -44.04267
v -29.99162 -5.837765 -43.86633
f 2862 2864 2865
f 2862 2865 2863
f 2870 2866 2867
f 2870 2867 2871
f 2872 2868 2869
f 2872 2869 2873
f 2874 2875 2876
f 2874 2876 2877
f 2878 2879 2880
f 2878 2880 2881
f 2882 2883 2884
f 2882 2884 2885
v -46.04335 -5.837765 -9.461687
v -46.04474 -5.837766 -6.120828
v -46.2434 -5.837761 -9.46177
v -46.24479 -5.837761 -6.120911
v -46.24348 -9.687195 -9.46177
v -46.24488 -9.687195 -6.120911
v -46.04343 -9.687199 -9.461687
v -46.04483 -9.6872 -6.120828
v -46.2434 -5.837761 -9.46177
v -46.24479 -5.837761 -6.120911
v -46.24348 -9.687195 -9.46177
v -46.24488 -9.687195 -6.120911
v -46.04343 -9.687199 -9.461687
v -46.04335 -5.837765 -9.461687
v -46.04474 -5.837766 -6.120828
v -46.04483 -9.6872 -6.120828
v -46.04474 -5.837766 -6.120828
v -46.24479 -5.837761 -6.120911
v -46.24488 -9.687195 -6.120911
v -46.04483 -9.6872 -6.120828
v -46.04343 -9.687199 -9.461687
v -46.24348 -9.687195 -9.46177
v -46.2434 -5.837761 -9.46177
v -46.04335 -5.837765 -9.461687
f 2886 2888 2889
f 2886 2889 2887
f 2894 2890 2891
f 2894 2891 2895
f 2896 2892 2893
f 2896 2893 2897
f 2898 2899 2900
f 2898 2900 2901
f 2902 2903 2904
f 2902 2904 2905
f 2906 2907 2908
f 2906 2908 2909
v -39.23306 -4.948296 -9.480056
v -39.23447 -4.948297 -6.120606
v -46.22851 -4.948141 -9.482976
v -46.22991 -4.948142 -6.123526
v -46.22853 -5.843421 -9.482976
v -46.22993 -5.843422 -6.123526
v -39.23309 -5.843576 -9.480056
v -39.23449 -5.843577 -6.120606
v -46.22851 -4.948141 -9.482976
v -46.22991 -4.948142 -6.123526
v -46.22853 -5.843421 -9.482976
v -46.22993 -5.843422 -6.123526
v -39.23309 -5.843576 -9.480056
v -39.23306 -4.948296 -9.480056
v -39.23447 -4.948297 -6.120606
v -39.23449 -5.843577 -6.120606
v -39.23447 -4.948297 -6.120606
v -46.22991 -4.948142 -6.123526
v -46.22993 -5.843422 -6.123526
v -39.23449 -5.843577 -6.120606
v -39.23309 -5.843576 -9.480056
v -46.22853 -5.843421 -9.482976
v -46.22851 -4.948141 -9.482976
v -39.23306 -4.948296 -9.480056
f 2910 2912 2913
f 2910 2913 2911
f 2918 2914 2915
f 2918 2915 2919
f 2920 2916 2917
f 2920 2917 2921
f 2922 2923 2924
f 2922 2924 2925
f 2926 2927 2928
f 2926 2928 2929
f 2930 2931 2932
f 2930 2932 2933
v -39.23295 -5.837927 -9.473007
v -39.23436 -5.837928 -6.102519
v -39.43299 -5.837923 -9.473091
v -39.4344 -5.837923 -6.102602
v -39.43309 -10.27025 -9.473091
v -39.4345 -10.27025 -6.102602
v -39.23305 -10.27025 -9.473007
v -39.23446 -10.27025 -6.102519
v -39.43299 -5.837923 -9.473091
v -39.4344 -5.837923 -6.102602
v -39.43309 -10.27025 -9.473091
v -39.4345 -10.27025 -6.102602
v -39.23305 -10.27025 -9.473007
v -39.23295 -5.837927 -9.473007
v -39.23436 -5.837928 -6.102519
v -39.23446 -10.27025 -6.102519
v -39.23436 -5.837928 -6.102519
v -39.4344 -5.837923 -6.102602
v -39.4345 -10.27025 -6.102602
v -39.23446 -10.27025 -6.102519
v -39.23305 -10.27025 -9.473007
v -39.43309 -10.27025 -9.473091
v -39.43299 -5.837923 -9.473091
v -39.23295 -5.837927 -9.473007
f 2934 2936 2937
f 2934 2937 2935
f 2942 2938 2939
f 2942 2939 2943
f 2944 2940 2941
f 2944 2941 2945
f 2946 2947 2948
f 2946 2948 2949
f 2950 2951 2952
f 2950 2952 2953
f 2954 2955 2956
f 2954 2956 2957
v 11.15103 -16.33776 -35.64773
v 7.810169 -16.33777 -35.64836
v 11.15107 -16.33776 -35.84778
v 7.810206 -16.33776 -35.84841
v 11.15107 -20.18719 -35.84787
v 7.810207 -20.18719 -35.84849
v 11.15103 -20.1872 -35.64782
v 7.81017 -20.1872 -35.64845
v 11.15107 -16.33776 -35.84778
v 7.810206 -16.33776 -35.84841
v 11.15107 -20.18719 -35.84787
v 7.810207 -20.18719 -35.84849
v 11.15103 -20.1872 -35.64782
v 11.15103 -16.33776 -35.64773
v 7.810169 -16.33777 -35.64836
v 7.81017 -20.1872 -35.64845
v 7.810169 -16.33777 -35.64836
v 7.810206 -16.33776 -35.84841
v 7.810207 -20.18719 -35.84849
v 7.81017 -20.1872 -35.64845
v 11.15103 -20.1872 -35.64782
v 11.15107 -20.18719 -35.84787
v 11.15107 -16.33776 -35.84778
v 11.15103 -16.33776 -35.64773
f 2958 2960 2961
f 2958 2961 2959
f 2966 2962 2963
f 2966 2963 2967
f 2968 2964 2965
f 2968 2965 2969
f 2970 2971 2972
f 2970 2972 2973
f 2974 2975 2976
f 2974 2976 2977
f 2978 2979 2980
f 2978 2980 2981
v 11.17096 -15.4483 -28.83745
v 7.811513 -15.4483 -28.83808
v 11.17227 -15.44814 -35.8329
v 7.812825 -15.44814 -35.83353
v 11.17227 -16.34342 -35.83292
v 7.812825 -16.34342 -35.83355
v 11.17096 -16.34358 -28.83747
v 7.811513 -16.34358 -28.8381
v 11.17227 -15.44814 -35.8329
v 7.812825 -15.44814 -35.83353
v 11.17227 -16.34342 -35.83292
v 7.812825 -16.34342 -35.83355
v 11.17096 -16.34358 -28.83747
v 11.17096 -15.4483 -28.83745
v 7.811513 -15.4483 -28.83808
v 7.811513 -16.34358 -28.8381
v 7.811513 -15.4483 -28.83808
v 7.812825 -15.44814 -35.83353
v 7.812825 -16.34342 -35.83355
v 7.811513 -16.34358 -28.8381
v 11.17096 -16.34358 -28.83747
v 11.17227 -16.34342 -35.83292
v 11.17227 -15.44814 -35.8329
v 11.17096 -15.4483 -28.83745
f 2982 2984 2985
f 2982 2985 2983
f 2990 2986 2987
f 2990 2987 2991
f 2992 2988 2989
f 2992 2989 2993
f 2994 2995 2996
f 2994 2996 2997
f 2998 2999 3000
f 2998 3000 3001
f 3002 3003 3004
f 3002 3004 3005
v 11.16391 -16.33793 -28.83733
v 7.793426 -16.33793 -28.83797
v 11.16395 -16.33792 -29.03738
v 7.793463 -16.33792 -29.03801
v 11.16395 -20.77025 -29.03748
v 7.793464 -20.77025 -29.03811
v 11.16392 -20.77025 -28.83743
v 7.793427 -20.77025 -28.83806
v 11.16395 -16.33792 -29.03738
v 7.793463 -16.33792 -29.03801
v 11.16395 -20.77025 -29.03748
v 7.793464 -20.77025 -29.03811
v 11.16392 -20.77025 -28.83743
v 11.16391 -16.33793 -28.83733
v 7.793426 -16.33793 -28.83797
v 7.793427 -20.77025 -28.83806
v 7.793426 -16.33793 -28.83797
v 7.793463 -16.33792 -29.03801
v 7.793464 -20.77025 -29.03811
v 7.793427 -20.77025 -28.83806
v 11.16392 -20.77025 -28.83743
v 11.16395 -20.77025 -29.03748
v 11.16395 -16.33792 -29.03738
v 11.16391 -16.33793 -28.83733
f 3006 3008 3009
f 3006 3009 3007
f 3014 3010 3011
f 3014 3011 3015
f 3016 3012 3013
f 3016 3013 3017
f 3018 3019 3020
f 3018 3020 3021
f 3022 3023 3024
f 3022 3024 3025
f 3026 3027 3028
f 3026 3028 3029
v -26.75723 -10.19829 -37.87308
v -29.71859 -10.1983 -36.28681
v -30.06036 -10.19814 -44.03957
v -33.02172 -10.19814 -42.4533
v -30.06037 -11.09342 -44.03959
v -33.02172 -11.09342 -42.45332
v -26.75724 -11.09358 -37.8731
v -29.7186 -11.09358 -36.28682
v -30.06036 -10.19814 -44.03957
v -33.02172 -10.19814 -42.4533
v -30.06037 -11.09342 -44.03959
v -33.02172 -11.09342 -42.45332
v -26.75724 -11.09358 -37.8731
v -26.75723 -10.19829 -37.87308
v -29.71859 -10.1983 -36.28681
v -29.7186 -11.09358 -36.28682
v -29.71859 -10.1983 -36.28681
v -33.02172 -10.19814 -42.4533
v -33.02172 -11.09342 -42.45332
v -29.7186 -11.09358 -36.28682
v -26.75724 -11.09358 -37.8731
v -30.06037 -11.09342 -44.03959
v -30.06036 -10.19814 -44.03957
v -26.75723 -10.19829 -37.87308
f 3030 3032 3033
f 3030 3033 3031
f 3038 3034 3035
f 3038 3035 3039
f 3040 3036 3037
f 3040 3037 3041
f 3042 3043 3044
f 3042 3044 3045
f 3046 3047 3048
f 3046 3048 3049
f 3050 3051 3052
f 3050 3052 3053
v -26.76339 -11.08793 -37.86965
v -29.73448 -11.08793 -36.27816
v -26.85785 -11.08792 -38.04599
v -29.82894 -11.08792 -36.4545
v -26.8579 -15.52025 -38.04607
v -29.82899 -15.52025 -36.45459
v -26.76344 -15.52025 -37.86973
v -29.73453 -15.52025 -36.27825
v -26.85785 -11.08792 -38.04599
v -29.82894 -11.08792 -36.4545
v -26.8579 -15.52025 -38.04607
v -29.82899 -15.52025 -36.45459
v -26.76344 -15.52025 -37.86973
v -26.76339 -11.08793 -37.86965
v -29.73448 -11.08793 -36.27816
v -29.73453 -15.52025 -36.27825
v -29.73448 -11.08793 -36.27816
v -29.82894 -11.08792 -36.4545
v -29.82899 -15.52025 -36.45459
v -29.73453 -15.52025 -36.27825
v -26.76344 -15.52025 -37.86973
v -26.8579 -15.52025 -38.04607
v -26.85785 -11.08792 -38.04599
v -26.76339 -11.08793 -37.86965
f 3054 3056 3057
f 3054 3057 3055
f 3062 3058 3059
f 3062 3059 3063
f 3064 3060 3061
f 3064 3061 3065
f 3066 3067 3068
f 3066 3068 3069
f 3070 3071 3072
f 3070 3072 3073
f 3074 3075 3076
f 3074 3076 3077
v -29.99162 -11.08776 -43.86633
v -32.93659 -11.08776 -42.28884
v -30.08608 -11.08776 -44.04267
v -33.03105 -11.08776 -42.46518
v -30.08612 -14.93719 -44.04275
v -33.03109 -14.93719 -42.46525
v -29.99166 -14.9372 -43.86641
v -32.93663 -14.9372 -42.28891
v -30.08608 -11.08776 -44.04267
v -33.03105 -11.08776 -42.46518
v -30.08612 -14.93719 -44.04275
v -33.03109 -14.93719 -42.46525
v -29.99166 -14.9372 -43.86641
v -29.99162 -11.08776 -43.86633
v -32.93659 -11.08776 -42.28884
v -32.93663 -14.9372 -42.28891
v -32.93659 -11.08776 -42.28884
v -33.03105 -11.08776 -42.46518
v -33.03109 -14.93719 -42.46525
v -32.93663 -14.9372 -42.28891
v -29.99166 -14.9372 -43.86641
v -30.08612 -14.93719 -44.04275
v -30.08608 -11.08776 -44.04267
v -29.99162 -11.08776 -43.86633
f 3078 3080 3081
f 3078 3081 3079
f 3086 3082 3083
f 3086 3083 3087
f 3088 3084 3085
f 3088 3085 3089
f 3090 3091 3092
f 3090 3092 3093
f 3094 3095 3096
f 3094 3096 3097
f 3098 3099 3100
f 3098 3100 3101
v 24.87083 -15.9483 -5.913494
v 24.87039 -15.9483 -9.272943
v 31.86627 -15.94814 -5.914417
v 31.86583 -15.94814 -9.273866
v 31.86629 -16.84342 -5.914417
v 31.86585 -16.84342 -9.273866
v 24.87085 -16.84358 -5.913494
v 24.87041 -16.84358 -9.272942
v 31.86627 -15.94814 -5.914417
v 31.86583 -15.94814 -9.273866
v 31.86629 -16.84342 -5.914417
v 31.86585 -16.84342 -9.273866
v 24.87085 -16.84358 -5.913494
v 24.87083 -15.9483 -5.913494
v 24.87039 -15.9483 -9.272943
v 24.87041 -16.84358 -9.272942
v 24.87039 -15.9483 -9.272943
v 31.86583 -15.94814 -9.273866
v 31.86585 -16.84342 -9.273866
v 24.87041 -16.84358 -9.272942
v 24.87085 -16.84358 -5.913494
v 31.86629 -16.84342 -5.914417
v 31.86627 -15.94814 -5.914417
v 24.87083 -15.9483 -5.913494
f 3102 3104 3105
f 3102 3105 3103
f 3110 3106 3107
f 3110 3107 3111
f 3112 3108 3109
f 3112 3109 3113
f 3114 3115 3116
f 3114 3116 3117
f 3118 3119 3120
f 3118 3120 3121
f 3122 3123 3124
f 3122 3124 3125
v 24.87071 -16.83793 -5.920542
v 24.87027 -16.83793 -9.29103
v 25.07076 -16.83792 -5.920568
v 25.07031 -16.83792 -9.291057
v 25.07086 -21.27025 -5.920567
v 25.07041 -21.27025 -9.291056
v 24.87081 -21.27025 -5.920541
v 24.87037 -21.27025 -9.291029
v 25.07076 -16.83792 -5.920568
v 25.07031 -16.83792 -9.291057
v 25.07086 -21.27025 -5.920567
v 25.07041 -21.27025 -9.291056
v 24.87081 -21.27025 -5.920541
v 24.87071 -16.83793 -5.920542
v 24.87027 -16.83793 -9.29103
v 24.87037 -21.27025 -9.291029
v 24.87027 -16.83793 -9.29103
v 25.07031 -16.83792 -9.291057
v 25.07041 -21.27025 -9.291056
v 24.87037 -21.27025 -9.291029
v 24.87081 -21.27025 -5.920541
v 25.07086 -21.27025 -5.920567
v 25.07076 -16.83792 -5.920568
v 24.87071 -16.83793 -5.920542
f 3126 3128 3129
f 3126 3129 3127
f 3134 3130 3131
f 3134 3131 3135
f 3136 3132 3133
f 3136 3133 3137
f 3138 3139 3140
f 3138 3140 3141
f 3142 3143 3144
f 3142 3144 3145
f 3146 3147 3148
f 3146 3148 3149
v 31.6811 -16.83777 -5.935604
v 31.68066 -16.83777 -9.276463
v 31.88115 -16.83776 -5.935631
v 31.88071 -16.83776 -9.276488
v 31.88123 -20.68719 -5.93563
v 31.88079 -20.68719 -9.276487
v 31.68119 -20.6872 -5.935603
v 31.68075 -20.6872 -9.276462
v 31.88115 -16.83776 -5.935631
v 31.88071 -16.83776 -9.276488
v 31.88123 -20.68719 -5.93563
v 31.88079 -20.68719 -9.276487
v 31.68119 -20.6872 -5.935603
v 31.6811 -16.83777 -5.935604
v 31.68066 -16.83777 -9.276463
v 31.68075 -20.6872 -9.276462
v 31.68066 -16.83777 -9.276463
v 31.88071 -16.83776 -9.276488
v 31.88079 -20.68719 -9.276487
v 31.68075 -20.6872 -9.276462
v 31.68119 -20.6872 -5.935603
v 31.88123 -20.68719 -5.93563
v 31.88115 -16.83776 -5.935631
v 31.6811 -16.83777 -5.935604
f 3150 3152 3153
f 3150 3153 3151
f 3158 3154 3155
f 3158 3155 3159
f 3160 3156 3157
f 3160 3157 3161
f 3162 3163 3164
f 3162 3164 3165
f 3166 3167 3168
f 3166 3168 3169
f 3170 3171 3172
f 3170 3172 3173
v -33.34667 -16.83776 -25.78366
v -36.29165 -16.83776 -24.20616
v -33.44113 -16.83776 -25.96
v -36.3861 -16.83776 -24.3825
v -33.44117 -20.68719 -25.96007
v -36.38614 -20.68719 -24.38258
v -33.34671 -20.6872 -25.78373
v -36.29168 -20.6872 -24.20624
v -33.44113 -16.83776 -25.96
v -36.3861 -16.83776 -24.3825
v -33.44117 -20.68719 -25.96007
v -36.38614 -20.68719 -24.38258
v -33.34671 -20.6872 -25.78373
v -33.34667 -16.83776 -25.78366
v -36.29165 -16.83776 -24.20616
v -36.29168 -20.6872 -24.20624
v -36.29165 -16.83776 -24.20616
v -36.3861 -16.83776 -24.3825
v -36.38614 -20.68719 -24.38258
v -36.29168 -20.6872 -24.20624
v -33.34671 -20.6872 -25.78373
v -33.44117 -20.68719 -25.96007
v -33.44113 -16.83776 -25.96
v -33.34667 -16.83776 -25.78366
f 3174 3176 3177
f 3174 3177 3175
f 3182 3178 3179
f 3182 3179 3183
f 3184 3180 3181
f 3184 3181 3185
f 3186 3187 3188
f 3186 3188 3189
f 3190 3191 3192
f 3190 3192 3193
f 3194 3195 3196
f 3194 3196 3197
v -30.11844 -16.83793 -19.78697
v -33.08953 -16.83793 -18.19549
v -30.2129 -16.83792 -19.96331
v -33.18399 -16.83792 -18.37183
v -30.21295 -21.27025 -19.9634
v -33.18404 -21.27025 -18.37191
v -30.11849 -21.27025 -19.78706
v -33.08958 -21.27025 -18.19557
v -30.2129 -16.83792 -19.96331
v -33.18399 -16.83792 -18.37183
v -30.21295 -21.27025 -19.9634
v -33.18404 -21.27025 -18.37191
v -30.11849 -21.27025 -19.78706
v -30.11844 -16.83793 -19.78697
v -33.08953 -16.83793 -18.19549
v -33.08958 -21.27025 -18.19557
v -33.08953 -16.83793 -18.19549
v -33.18399 -16.83792 -18.37183
v -33.18404 -21.27025 -18.37191
v -33.08958 -21.27025 -18.19557
v -30.11849 -21.27025 -19.78706
v -30.21295 -21.27025 -19.9634
v -30.2129 -16.83792 -19.96331
v -30.11844 -16.83793 -19.78697
f 3198 3200 3201
f 3198 3201 3199
f 3206 3202 3203
f 3206 3203 3207
f 3208 3204 3205
f 3208 3205 3209
f 3210 3211 3212
f 3210 3212 3213
f 3214 3215 3216
f 3214 3216 3217
f 3218 3219 3220
f 3218 3220 3221
v -30.11229 -15.9483 -19.7904
v -33.07364 -15.9483 -18.20413
v -33.41541 -15.94814 -25.9569
v -36.37677 -15.94814 -24.37062
v -33.41542 -16.84342 -25.95691
v -36.37678 -16.84342 -24.37064
v -30.1123 -16.84358 -19.79042
v -33.07365 -16.84358 -18.20415
v -33.41541 -15.94814 -25.9569
v -36.37677 -15.94814 -24.37062
v -33.41542 -16.84342 -25.95691
v -36.37678 -16.84342 -24.37064
v -30.1123 -16.84358 -19.79042
v -30.11229 -15.9483 -19.7904
v -33.07364 -15.9483 -18.20413
v -33.07365 -16.84358 -18.20415
v -33.07364 -15.9483 -18.20413
v -36.37677 -15.94814 -24.37062
v -36.37678 -16.84342 -24.37064
v -33.07365 -16.84358 -18.20415
v -30.1123 -16.84358 -19.79042
v -33.41542 -16.84342 -25.95691
v -33.41541 -15.94814 -25.9569
v -30.11229 -15.9483 -19.7904
f 3222 3224 3225
f 3222 3225 3223
f 3230 3226 3227
f 3230 3227 3231
f 3232 3228 3229
f 3232 3229 3233
f 3234 3235 3236
f 3234 3236 3237
f 3238 3239 3240
f 3238 3240 3241
f 3242 3243 3244
f 3242 3244 3245
v -7.648972 -11.08776 -35.64773
v -10.98983 -11.08776 -35.64836
v -7.648934 -11.08776 -35.84778
v -10.98979 -11.08776 -35.84841
v -7.648934 -14.93719 -35.84787
v -10.98979 -14.93719 -35.84849
v -7.648972 -14.9372 -35.64782
v -10.98983 -14.9372 -35.64845
v -7.648934 -11.08776 -35.84778
v -10.98979 -11.08776 -35.84841
v -7.648934 -14.93719 -35.84787
v -10.98979 -14.93719 -35.84849
v -7.648972 -14.9372 -35.64782
v -7.648972 -11.08776 -35.64773
v -10.98983 -11.08776 -35.64836
v -10.98983 -14.9372 -35.64845
v -10.98983 -11.08776 -35.64836
v -10.98979 -11.08776 -35.84841
v -10.98979 -14.93719 -35.84849
v -10.98983 -14.9372 -35.64845
v -7.648972 -14.9372 -35.64782
v -7.648934 -14.93719 -35.84787
v -7.648934 -11.08776 -35.84778
v -7.648972 -11.08776 -35.64773
f 3246 3248 3249
f 3246 3249 3247
f 3254 3250 3251
f 3254 3251 3255
f 3256 3252 3253
f 3256 3253 3257
f 3258 3259 3260
f 3258 3260 3261
f 3262 3263 3264
f 3262 3264 3265
f 3266 3267 3268
f 3266 3268 3269
v -7.629037 -10.19829 -28.83745
v -10.98849 -10.1983 -28.83808
v -7.627726 -10.19814 -35.8329
v -10.98718 -10.19814 -35.83353
v -7.627726 -11.09342 -35.83292
v -10.98717 -11.09342 -35.83355
v -7.629037 -11.09358 -28.83747
v -10.98849 -11.09358 -28.8381
v -7.627726 -10.19814 -35.8329
v -10.98718 -10.19814 -35.83353
v -7.627726 -11.09342 -35.83292
v -10.98717 -11.09342 -35.83355
v -7.629037 -11.09358 -28.83747
v -7.629037 -10.19829 -28.83745
v -10.98849 -10.1983 -28.83808
v -10.98849 -11.09358 -28.8381
v -10.98849 -10.1983 -28.83808
v -10.98718 -10.19814 -35.83353
v -10.98717 -11.09342 -35.83355
v -10.98849 -11.09358 -28.8381
v -7.629037 -11.09358 -28.83747
v -7.627726 -11.09342 -35.83292
v -7.627726 -10.19814 -35.8329
v -7.629037 -10.19829 -28.83745
f 3270 3272 3273
f 3270 3273 3271
f 3278 3274 3275
f 3278 3275 3279
f 3280 3276 3277
f 3280 3277 3281
f 3282 3283 3284
f 3282 3284 3285
f 3286 3287 3288
f 3286 3288 3289
f 3290 3291 3292
f 3290 3292 3293
v -7.636086 -11.08793 -28.83733
v -11.00657 -11.08793 -28.83797
v -7.636048 -11.08792 -29.03738
v -11.00654 -11.08792 -29.03801
v -7.636047 -15.52025 -29.03748
v -11.00654 -15.52025 -29.03811
v -7.636085 -15.52025 -28.83743
v -11.00657 -15.52025 -28.83806
v -7.636048 -11.08792 -29.03738
v -11.00654 -11.08792 -29.03801
v -7.636047 -15.52025 -29.03748
v -11.00654 -15.52025 -29.03811
v -7.636085 -15.52025 -28.83743
v -7.636086 -11.08793 -28.83733
v -11.00657 -11.08793 -28.83797
v -11.00657 -15.52025 -28.83806
v -11.00657 -11.08793 -28.83797
v -11.00654 -11.08792 -29.03801
v -11.00654 -15.52025 -29.03811
v -11.00657 -15.52025 -28.83806
v -7.636085 -15.52025 -28.83743
v -7.636047 -15.52025 -29.03748
v -7.636048 -11.08792 -29.03738
v -7.636086 -11.08793 -28.83733
f 3294 3296 3297
f 3294 3297 3295
f 3302 3298 3299
f 3302 3299 3303
f 3304 3300 3301
f 3304 3301 3305
f 3306 3307 3308
f 3306 3308 3309
f 3310 3311 3312
f 3310 3312 3313
f 3314 3315 3316
f 3314 3316 3317
v 2.367805 -18.15911 -6.015213
v 1.704685 -18.15911 -7.448413
v 3.793066 -18.15912 -6.67466
v 3.129946 -18.15912 -8.10786
v 3.793066 -20.00642 -6.67466
v 3.129946 -20.00642 -8.10786
v 2.367805 -20.00642 -6.015213
v 1.704685 -20.00642 -7.448413
v 3.793066 -18.15912 -6.67466
v 3.129946 -18.15912 -8.10786
v 3.793066 -20.00642 -6.67466
v 3.129946 -20.00642 -8.10786
v 2.367805 -20.00642 -6.015213
v 2.367805 -18.15911 -6.015213
v 1.704685 -18.15911 -7.448413
v 1.704685 -20.00642 -7.448413
v 1.704685 -18.15911 -7.448413
v 3.129946 -18.15912 -8.10786
v 3.129946 -20.00642 -8.10786
v 1.704685 -20.00642 -7.448413
v 2.367805 -20.00642 -6.015213
v 3.793066 -20.00642 -6.67466
v 3.793066 -18.15912 -6.67466
v 2.367805 -18.15911 -6.015213
f 3318 3320 3321
f 3318 3321 3319
f 3326 3322 3323
f 3326 3323 3327
f 3328 3324 3325
f 3328 3325 3329
f 3330 3331 3332
f 3330 3332 3333
f 3334 3335 3336
f 3334 3336 3337
f 3338 3339 3340
f 3338 3340 3341
v -32.0425 -15.4483 1.041741
v -32.04391 -15.4483 4.401191
v -39.03795 -15.44814 1.038821
v -39.03935 -15.44814 4.398271
v -39.03797 -16.34342 1.038821
v -39.03937 -16.34342 4.398271
v -32.04253 -16.34358 1.041741
v -32.04393 -16.34358 4.401191
v -39.03795 -15.44814 1.038821
v -39.03935 -15.44814 4.398271
v -39.03797 -16.34342 1.038821
v -39.03937 -16.34342 4.398271
v -32.04253 -16.34358 1.041741
v -32.0425 -15.4483 1.041741
v -32.04391 -15.4483 4.401191
v -32.04393 -16.34358 4.401191
v -32.04391 -15.4483 4.401191
v -39.03935 -15.44814 4.398271
v -39.03937 -16.34342 4.398271
v -32.04393 -16.34358 4.401191
v -32.04253 -16.34358 1.041741
v -39.03797 -16.34342 1.038821
v -39.03795 -15.44814 1.038821
v -32.0425 -15.4483 1.041741
f 3342 3344 3345
f 3342 3345 3343
f 3350 3346 3347
f 3350 3347 3351
f 3352 3348 3349
f 3352 3349 3353
f 3354 3355 3356
f 3354 3356 3357
f 3358 3359 3360
f 3358 3360 3361
f 3362 3363 3364
f 3362 3364 3365
v -32.04239 -16.33793 1.04879
v -32.0438 -16.33793 4.419279
v -32.24244 -16.33792 1.048706
v -32.24384 -16.33792 4.419195
v -32.24253 -20.77025 1.048706
v -32.24394 -20.77025 4.419195
v -32.04249 -20.77025 1.04879
v -32.0439 -20.77025 4.419279
v -32.24244 -16.33792 1.048706
v -32.24384 -16.33792 4.419195
v -32.24253 -20.77025 1.048706
v -32.24394 -20.77025 4.419195
v -32.04249 -20.77025 1.04879
v -32.04239 -16.33793 1.04879
v -32.0438 -16.33793 4.419279
v -32.0439 -20.77025 4.419279
v -32.0438 -16.33793 4.419279
v -32.24384 -16.33792 4.419195
v -32.24394 -20.77025 4.419195
v -32.0439 -20.77025 4.419279
v -32.04249 -20.77025 1.04879
v -32.24253 -20.77025 1.048706
v -32.24244 -16.33792 1.048706
v -32.04239 -16.33793 1.04879
f 3366 3368 3369
f 3366 3369 3367
f 3374 3370 3371
f 3374 3371 3375
f 3376 3372 3373
f 3376 3373 3377
f 3378 3379 3380
f 3378 3380 3381
f 3382 3383 3384
f 3382 3384 3385
f 3386 3387 3388
f 3386 3388 3389
v -38.85279 -16.33776 1.06011
v -38.85418 -16.33777 4.40097
v -39.05284 -16.33776 1.060027
v -39.05423 -16.33776 4.400886
v -39.05292 -20.18719 1.060027
v -39.05432 -20.18719 4.400886
v -38.85287 -20.1872 1.06011
v -38.85427 -20.1872 4.40097
v -39.05284 -16.33776 1.060027
v -39.05423 -16.33776 4.400886
v -39.05292 -20.18719 1.060027
v -39.05432 -20.18719 4.400886
v -38.85287 -20.1872 1.06011
v -38.85279 -16.33776 1.06011
v -38.85418 -16.33777 4.40097
v -38.85427 -20.1872 4.40097
v -38.85418 -16.33777 4.40097
v -39.05423 -16.33776 4.400886
v -39.05432 -20.18719 4.400886
v -38.85427 -20.1872 4.40097
v -38.85287 -20.1872 1.06011
v -39.05292 -20.18719 1.060027
v -39.05284 -16.33776 1.060027
v -38.85279 -16.33776 1.06011
f 3390 3392 3393
f 3390 3393 3391
f 3398 3394 3395
f 3398 3395 3399
f 3400 3396 3397
f 3400 3397 3401
f 3402 3403 3404
f 3402 3404 3405
f 3406 3407 3408
f 3406 3408 3409
f 3410 3411 3412
f 3410 3412 3413
v -39.23306 -10.1983 -9.480056
v -39.23447 -10.1983 -6.120606
v -46.22851 -10.19814 -9.482976
v -46.22991 -10.19814 -6.123526
v -46.22853 -11.09342 -9.482976
v -46.22993 -11.09342 -6.123526
v -39.23309 -11.09358 -9.480056
v -39.23449 -11.09358 -6.120606
v -46.22851 -10.19814 -9.482976
v -46.22991 -10.19814 -6.123526
v -46.22853 -11.09342 -9.482976
v -46.22993 -11.09342 -6.123526
v -39.23309 -11.09358 -9.480056
v -39.23306 -10.1983 -9.480056
v -39.23447 -10.1983 -6.120606
v -39.23449 -11.09358 -6.120606
v -39.23447 -10.1983 -6.120606
v -46.22991 -10.19814 -6.123526
v -46.22993 -11.09342 -6.123526
v -39.23449 -11.09358 -6.120606
v -39.23309 -11.09358 -9.480056
v -46.22853 -11.09342 -9.482976
v -46.22851 -10.19814 -9.482976
v -39.23306 -10.1983 -9.480056
f 3414 3416 3417
f 3414 3417 3415
f 3422 3418 3419
f 3422 3419 3423
f 3424 3420 3421
f 3424 3421 3425
f 3426 3427 3428
f 3426 3428 3429
f 3430 3431 3432
f 3430 3432 3433
f 3434 3435 3436
f 3434 3436 3437
v -39.23295 -11.08793 -9.473007
v -39.23436 -11.08793 -6.102519
v -39.43299 -11.08792 -9.473091
v -39.4344 -11.08792 -6.102602
v -39.43309 -15.52025 -9.473091
v -39.4345 -15.52025 -6.102602
v -39.23305 -15.52025 -9.473007
v -39.23446 -15.52025 -6.102519
v -39.43299 -11.08792 -9.473091
v -39.4344 -11.08792 -6.102602
v -39.43309 -15.52025 -9.473091
v -39.4345 -15.52025 -6.102602
v -39.23305 -15.52025 -9.473007
v -39.23295 -11.08793 -9.473007
v -39.23436 -11.08793 -6.102519
v -39.23446 -15.52025 -6.102519
v -39.23436 -11.08793 -6.102519
v -39.4344 -11.08792 -6.102602
v -39.4345 -15.52025 -6.102602
v -39.23446 -15.52025 -6.102519
v -39.23305 -15.52025 -9.473007
v -39.43309 -15.52025 -9.473091
v -39.43299 -11.08792 -9.473091
v -39.23295 -11.08793 -9.473007
f 3438 3440 3441
f 3438 3441 3439
f 3446 3442 3443
f 3446 3443 3447
f 3448 3444 3445
f 3448 3445 3449
f 3450 3451 3452
f 3450 3452 3453
f 3454 3455 3456
f 3454 3456 3457
f 3458 3459 3460
f 3458 3460 3461
v -46.04335 -11.08776 -9.461687
v -46.04474 -11.08776 -6.120828
v -46.2434 -11.08776 -9.46177
v -46.24479 -11.08776 -6.120911
v -46.24348 -14.93719 -9.46177
v -46.24488 -14.93719 -6.120911
v -46.04343 -14.9372 -9.461687
v -46.04483 -14.9372 -6.120828
v -46.2434 -11.08776 -9.46177
v -46.24479 -11.08776 -6.120911
v -46.24348 -14.93719 -9.46177
v -46.24488 -14.93719 -6.120911
v -46.04343 -14.9372 -9.461687
v -46.04335 -11.08776 -9.461687
v -46.04474 -11.08776 -6.120828
v -46.04483 -14.9372 -6.120828
v -46.04474 -11.08776 -6.120828
v -46.24479 -11.08776 -6.120911
v -46.24488 -14.93719 -6.120911
v -46.04483 -14.9372 -6.120828
v -46.04343 -14.9372 -9.461687
v -46.24348 -14.93719 -9.46177
v -46.2434 -11.08776 -9.46177
v -46.04335 -11.08776 -9.461687
f 3462 3464 3465
f 3462 3465 3463
f 3470 3466 3467
f 3470 3467 3471
f 3472 3468 3469
f 3472 3469 3473
f 3474 3475 3476
f 3474 3476 3477
f 3478 3479 3480
f 3478 3480 3481
f 3482 3483 3484
f 3482 3484 3485
v 39.37083 -4.948298 15.0965
v 39.37039 -4.948298 11.73706
v 46.36627 -4.948142 15.09558
v 46.36583 -4.948143 11.73613
v 46.36629 -5.843422 15.09558
v 46.36585 -5.843422 11.73613
v 39.37085 -5.843578 15.09651
v 39.37041 -5.843578 11.73706
v 46.36627 -4.948142 15.09558
v 46.36583 -4.948143 11.73613
v 46.36629 -5.843422 15.09558
v 46.36585 -5.843422 11.73613
v 39.37085 -5.843578 15.09651
v 39.37083 -4.948298 15.0965
v 39.37039 -4.948298 11.73706
v 39.37041 -5.843578 11.73706
v 39.37039 -4.948298 11.73706
v 46.36583 -4.948143 11.73613
v 46.36585 -5.843422 11.73613
v 39.37041 -5.843578 11.73706
v 39.37085 -5.843578 15.09651
v 46.36629 -5.843422 15.09558
v 46.36627 -4.948142 15.09558
v 39.37083 -4.948298 15.0965
f 3486 3488 3489
f 3486 3489 3487
f 3494 3490 3491
f 3494 3491 3495
f 3496 3492 3493
f 3496 3493 3497
f 3498 3499 3500
f 3498 3500 3501
f 3502 3503 3504
f 3502 3504 3505
f 3506 3507 3508
f 3506 3508 3509
v 39.37071 -5.837928 15.08946
v 39.37027 -5.837929 11.71897
v 39.57076 -5.837924 15.08943
v 39.57031 -5.837924 11.71894
v 39.57086 -10.27025 15.08943
v 39.57041 -10.27025 11.71894
v 39.37081 -10.27025 15.08946
v 39.37037 -10.27025 11.71897
v 39.57076 -5.837924 15.08943
v 39.57031 -5.837924 11.71894
v 39.57086 -10.27025 15.08943
v 39.57041 -10.27025 11.71894
v 39.37081 -10.27025 15.08946
v 39.37071 -5.837928 15.08946
v 39.37027 -5.837929 11.71897
v 39.37037 -10.27025 11.71897
v 39.37027 -5.837929 11.71897
v 39.57031 -5.837924 11.71894
v 39.57041 -10.27025 11.71894
v 39.37037 -10.27025 11.71897
v 39.37081 -10.27025 15.08946
v 39.57086 -10.27025 15.08943
v 39.57076 -5.837924 15.08943
v 39.37071 -5.837928 15.08946
f 3510 3512 3513
f 3510 3513 3511
f 3518 3514 3515
f 3518 3515 3519
f 3520 3516 3517
f 3520 3517 3521
f 3522 3523 3524
f 3522 3524 3525
f 3526 3527 3528
f 3526 3528 3529
f 3530 3531 3532
f 3530 3532 3533
v 46.1811 -5.837766 15.07439
v 46.18066 -5.837767 11.73354
v 46.38115 -5.837762 15.07437
v 46.38071 -5.837762 11.73351
v 46.38123 -9.687195 15.07437
v 46.38079 -9.687195 11.73351
v 46.18119 -9.687199 15.0744
v 46.18074 -9.6872 11.73354
v 46.38115 -5.837762 15.07437
v 46.38071 -5.837762 11.73351
v 46.38123 -9.687195 15.07437
v 46.38079 -9.687195 11.73351
v 46.18119 -9.687199 15.0744
v 46.1811 -5.837766 15.07439
v 46.18066 -5.837767 11.73354
v 46.18074 -9.6872 11.73354
v 46.18066 -5.837767 11.73354
v 46.38071 -5.837762 11.73351
v 46.38079 -9.687195 11.73351
v 46.18074 -9.6872 11.73354
v 46.18119 -9.687199 15.0744
v 46.38123 -9.687195 15.07437
v 46.38115 -5.837762 15.07437
v 46.1811 -5.837766 15.07439
f 3534 3536 3537
f 3534 3537 3535
f 3542 3538 3539
f 3542 3539 3543
f 3544 3540 3541
f 3544 3541 3545
f 3546 3547 3548
f 3546 3548 3549
f 3550 3551 3552
f 3550 3552 3553
f 3554 3555 3556
f 3554 3556 3557
v 29.32599 -11.08776 -35.75885
v 26.32036 -11.08776 -37.21747
v 29.41333 -11.08776 -35.93882
v 26.4077 -11.08776 -37.39744
v 29.41336 -14.93719 -35.9389
v 26.40774 -14.93719 -37.39752
v 29.32602 -14.9372 -35.75893
v 26.3204 -14.9372 -37.21754
v 29.41333 -11.08776 -35.93882
v 26.4077 -11.08776 -37.39744
v 29.41336 -14.93719 -35.9389
v 26.40774 -14.93719 -37.39752
v 29.32602 -14.9372 -35.75893
v 29.32599 -11.08776 -35.75885
v 26.32036 -11.08776 -37.21747
v 26.3204 -14.9372 -37.21754
v 26.32036 -11.08776 -37.21747
v 26.4077 -11.08776 -37.39744
v 26.40774 -14.93719 -37.39752
v 26.3204 -14.9372 -37.21754
v 29.32602 -14.9372 -35.75893
v 29.41336 -14.93719 -35.9389
v 29.41333 -11.08776 -35.93882
v 29.32599 -11.08776 -35.75885
f 3558 3560 3561
f 3558 3561 3559
f 3566 3562 3563
f 3566 3563 3567
f 3568 3564 3565
f 3568 3565 3569
f 3570 3571 3572
f 3570 3572 3573
f 3574 3575 3576
f 3574 3576 3577
f 3578 3579 3580
f 3578 3580 3581
v 26.37171 -10.19829 -29.62268
v 23.34936 -10.19829 -31.08942
v 29.42591 -10.19814 -35.91618
v 26.40356 -10.19814 -37.38291
v 29.42592 -11.09342 -35.91619
v 26.40357 -11.09342 -37.38293
v 26.37172 -11.09358 -29.6227
v 23.34937 -11.09358 -31.08943
v 29.42591 -10.19814 -35.91618
v 26.40356 -10.19814 -37.38291
v 29.42592 -11.09342 -35.91619
v 26.40357 -11.09342 -37.38293
v 26.37172 -11.09358 -29.6227
v 26.37171 -10.19829 -29.62268
v 23.34936 -10.19829 -31.08942
v 23.34937 -11.09358 -31.08943
v 23.34936 -10.19829 -31.08942
v 26.40356 -10.19814 -37.38291
v 26.40357 -11.09342 -37.38293
v 23.34937 -11.09358 -31.08943
v 26.37172 -11.09358 -29.6227
v 29.42592 -11.09342 -35.91619
v 29.42591 -10.19814 -35.91618
v 26.37171 -10.19829 -29.62268
f 3582 3584 3585
f 3582 3585 3583
f 3590 3586 3587
f 3590 3587 3591
f 3592 3588 3589
f 3592 3589 3593
f 3594 3595 3596
f 3594 3596 3597
f 3598 3599 3600
f 3598 3600 3601
f 3602 3603 3604
f 3602 3604 3605
v 26.36531 -11.08793 -29.62565
v 23.33303 -11.08793 -31.09721
v 26.45265 -11.08792 -29.80563
v 23.42037 -11.08792 -31.27718
v 26.4527 -15.52025 -29.80571
v 23.42042 -15.52025 -31.27727
v 26.36536 -15.52025 -29.62574
v 23.33307 -15.52025 -31.09729
v 26.45265 -11.08792 -29.80563
v 23.42037 -11.08792 -31.27718
v 26.4527 -15.52025 -29.80571
v 23.42042 -15.52025 -31.27727
v 26.36536 -15.52025 -29.62574
v 26.36531 -11.08793 -29.62565
v 23.33303 -11.08793 -31.09721
v 23.33307 -15.52025 -31.09729
v 23.33303 -11.08793 -31.09721
v 23.42037 -11.08792 -31.27718
v 23.42042 -15.52025 -31.27727
v 23.33307 -15.52025 -31.09729
v 26.36536 -15.52025 -29.62574
v 26.4527 -15.52025 -29.80571
v 26.45265 -11.08792 -29.80563
v 26.36531 -11.08793 -29.62565
f 3606 3608 3609
f 3606 3609 3607
f 3614 3610 3611
f 3614 3611 3615
f 3616 3612 3613
f 3616 3613 3617
f 3618 3619 3620
f 3618 3620 3621
f 3622 3623 3624
f 3622 3624 3625
f 3626 3627 3628
f 3626 3628 3629
v -31.98306 -10.1983 -9.476073
v -31.98447 -10.1983 -6.116624
v -38.97851 -10.19814 -9.478993
v -38.97991 -10.19814 -6.119544
v -38.97853 -11.09342 -9.478993
v -38.97993 -11.09342 -6.119544
v -31.98308 -11.09358 -9.476073
v -31.98449 -11.09358 -6.116624
v -38.97851 -10.19814 -9.478993
v -38.97991 -10.19814 -6.119544
v -38.97853 -11.09342 -9.478993
v -38.97993 -11.09342 -6.119544
v -31.98308 -11.09358 -9.476073
v -31.98306 -10.1983 -9.476073
v -31.98447 -10.1983 -6.116624
v -31.98449 -11.09358 -6.116624
v -31.98447 -10.1983 -6.116624
v -38.97991 -10.19814 -6.119544
v -38.97993 -11.09342 -6.119544
v -31.98449 -11.09358 -6.116624
v -31.98308 -11.09358 -9.476073
v -38.97853 -11.09342 -9.478993
v -38.97851 -10.19814 -9.478993
v -31.98306 -10.1983 -9.476073
f 3630 3632 3633
f 3630 3633 3631
f 3638 3634 3635
f 3638 3635 3639
f 3640 3636 3637
f 3640 3637 3641
f 3642 3643 3644
f 3642 3644 3645
f 3646 3647 3648
f 3646 3648 3649
f 3650 3651 3652
f 3650 3652 3653
v -31.98295 -11.08793 -9.469025
v -31.98435 -11.08793 -6.098536
v -32.18299 -11.08792 -9.469109
v -32.1844 -11.08792 -6.098619
v -32.18309 -15.52025 -9.469109
v -32.1845 -15.52025 -6.098619
v -31.98305 -15.52025 -9.469025
v -31.98445 -15.52025 -6.098536
v -32.18299 -11.08792 -9.469109
v -32.1844 -11.08792 -6.098619
v -32.18309 -15.52025 -9.469109
v -32.1845 -15.52025 -6.098619
v -31.98305 -15.52025 -9.469025
v -31.98295 -11.08793 -9.469025
v -31.98435 -11.08793 -6.098536
v -31.98445 -15.52025 -6.098536
v -31.98435 -11.08793 -6.098536
v -32.1844 -11.08792 -6.098619
v -32.1845 -15.52025 -6.098619
v -31.98445 -15.52025 -6.098536
v -31.98305 -15.52025 -9.469025
v -32.18309 -15.52025 -9.469109
v -32.18299 -11.08792 -9.469109
v -31.98295 -11.08793 -9.469025
f 3654 3656 3657
f 3654 3657 3655
f 3662 3658 3659
f 3662 3659 3663
f 3664 3660 3661
f 3664 3661 3665
f 3666 3667 3668
f 3666 3668 3669
f 3670 3671 3672
f 3670 3672 3673
f 3674 3675 3676
f 3674 3676 3677
v -38.79335 -11.08776 -9.457705
v -38.79474 -11.08776 -6.116845
v -38.9934 -11.08776 -9.457788
v -38.99479 -11.08776 -6.116929
v -38.99348 -14.93719 -9.457788
v -38.99488 -14.93719 -6.116929
v -38.79343 -14.9372 -9.457705
v -38.79483 -14.9372 -6.116845
v -38.9934 -11.08776 -9.457788
v -38.99479 -11.08776 -6.116929
v -38.99348 -14.93719 -9.457788
v -38.99488 -14.93719 -6.116929
v -38.79343 -14.9372 -9.457705
v -38.79335 -11.08776 -9.457705
v -38.79474 -11.08776 -6.116845
v -38.79483 -14.9372 -6.116845
v -38.79474 -11.08776 -6.116845
v -38.99479 -11.08776 -6.116929
v -38.99488 -14.93719 -6.116929
v -38.79483 -14.9372 -6.116845
v -38.79343 -14.9372 -9.457705
v -38.99348 -14.93719 -9.457788
v -38.9934 -11.08776 -9.457788
v -38.79335 -11.08776 -9.457705
f 3678 3680 3681
f 3678 3681 3679
f 3686 3682 3683
f 3686 3683 3687
f 3688 3684 3685
f 3688 3685 3689
f 3690 3691 3692
f 3690 3692 3693
f 3694 3695 3696
f 3694 3696 3697
f 3698 3699 3700
f 3698 3700 3701
v 1.739479 -11.08776 -35.64773
v -1.60138 -11.08776 -35.64836
v 1.739517 -11.08776 -35.84778
v -1.601343 -11.08776 -35.84841
v 1.739517 -14.93719 -35.84787
v -1.601342 -14.93719 -35.84849
v 1.73948 -14.9372 -35.64782
v -1.60138 -14.9372 -35.64845
v 1.739517 -11.08776 -35.84778
v -1.601343 -11.08776 -35.84841
v 1.739517 -14.93719 -35.84787
v -1.601342 -14.93719 -35.84849
v 1.73948 -14.9372 -35.64782
v 1.739479 -11.08776 -35.64773
v -1.60138 -11.08776 -35.64836
v -1.60138 -14.9372 -35.64845
v -1.60138 -11.08776 -35.64836
v -1.601343 -11.08776 -35.84841
v -1.601342 -14.93719 -35.84849
v -1.60138 -14.9372 -35.64845
v 1.73948 -14.9372 -35.64782
v 1.739517 -14.93719 -35.84787
v 1.739517 -11.08776 -35.84778
v 1.739479 -11.08776 -35.64773
f 3702 3704 3705
f 3702 3705 3703
f 3710 3706 3707
f 3710 3707 3711
f 3712 3708 3709
f 3712 3709 3713
f 3714 3715 3716
f 3714 3716 3717
f 3718 3719 3720
f 3718 3720 3721
f 3722 3723 3724
f 3722 3724 3725
v 1.759414 -10.19829 -28.83745
v -1.600036 -10.1983 -28.83808
v 1.760725 -10.19814 -35.8329
v -1.598724 -10.19814 -35.83353
v 1.760725 -11.09342 -35.83292
v -1.598724 -11.09342 -35.83355
v 1.759414 -11.09358 -28.83747
v -1.600035 -11.09358 -28.8381
v 1.760725 -10.19814 -35.8329
v -1.598724 -10.19814 -35.83353
v 1.760725 -11.09342 -35.83292
v -1.598724 -11.09342 -35.83355
v 1.759414 -11.09358 -28.83747
v 1.759414 -10.19829 -28.83745
v -1.600036 -10.1983 -28.83808
v -1.600035 -11.09358 -28.8381
v -1.600036 -10.1983 -28.83808
v -1.598724 -10.19814 -35.83353
v -1.598724 -11.09342 -35.83355
v -1.600035 -11.09358 -28.8381
v 1.759414 -11.09358 -28.83747
v 1.760725 -11.09342 -35.83292
v 1.760725 -10.19814 -35.8329
v 1.759414 -10.19829 -28.83745
f 3726 3728 3729
f 3726 3729 3727
f 3734 3730 3731
f 3734 3731 3735
f 3736 3732 3733
f 3736 3733 3737
f 3738 3739 3740
f 3738 3740 3741
f 3742 3743 3744
f 3742 3744 3745
f 3746 3747 3748
f 3746 3748 3749
v 1.752366 -11.08793 -28.83733
v -1.618123 -11.08793 -28.83797
v 1.752403 -11.08792 -29.03738
v -1.618086 -11.08792 -29.03801
v 1.752404 -15.52025 -29.03748
v -1.618085 -15.52025 -29.03811
v 1.752366 -15.52025 -28.83743
v -1.618123 -15.52025 -28.83806
v 1.752403 -11.08792 -29.03738
v -1.618086 -11.08792 -29.03801
v 1.752404 -15.52025 -29.03748
v -1.618085 -15.52025 -29.03811
v 1.752366 -15.52025 -28.83743
v 1.752366 -11.08793 -28.83733
v -1.618123 -11.08793 -28.83797
v -1.618123 -15.52025 -28.83806
v -1.618123 -11.08793 -28.83797
v -1.618086 -11.08792 -29.03801
v -1.618085 -15.52025 -29.03811
v -1.618123 -15.52025 -28.83806
v 1.752366 -15.52025 -28.83743
v 1.752404 -15.52025 -29.03748
v 1.752403 -11.08792 -29.03738
v 1.752366 -11.08793 -28.83733
f 3750 3752 3753
f 3750 3753 3751
f 3758 3754 3755
f 3758 3755 3759
f 3760 3756 3757
f 3760 3757 3761
f 3762 3763 3764
f 3762 3764 3765
f 3766 3767 3768
f 3766 3768 3769
f 3770 3771 3772
f 3770 3772 3773
v -39.23295 -16.33793 -9.473007
v -39.23436 -16.33793 -6.102519
v -39.43299 -16.33792 -9.473091
v -39.4344 -16.33792 -6.102602
v -39.43309 -20.77025 -9.473091
v -39.4345 -20.77025 -6.102602
v -39.23305 -20.77025 -9.473007
v -39.23446 -20.77025 -6.102519
v -39.43299 -16.33792 -9.473091
v -39.4344 -16.33792 -6.102602
v -39.43309 -20.77025 -9.473091
v -39.4345 -20.77025 -6.102602
v -39.23305 -20.77025 -9.473007
v -39.23295 -16.33793 -9.473007
v -39.23436 -16.33793 -6.102519
v -39.23446 -20.77025 -6.102519
v -39.23436 -16.33793 -6.102519
v -39.4344 -16.33792 -6.102602
v -39.4345 -20.77025 -6.102602
v -39.23446 -20.77025 -6.102519
v -39.23305 -20.77025 -9.473007
v -39.43309 -20.77025 -9.473091
v -39.43299 -16.33792 -9.473091
v -39.23295 -16.33793 -9.473007
f 3774 3776 3777
f 3774 3777 3775
f 3782 3778 3779
f 3782 3779 3783
f 3784 3780 3781
f 3784 3781 3785
f 3786 3787 3788
f 3786 3788 3789
f 3790 3791 3792
f 3790 3792 3793
f 3794 3795 3796
f 3794 3796 3797
v -39.23306 -15.4483 -9.480056
v -39.23447 -15.4483 -6.120606
v -46.22851 -15.44814 -9.482976
v -46.22991 -15.44814 -6.123526
v -46.22853 -16.34342 -9.482976
v -46.22993 -16.34342 -6.123526
v -39.23309 -16.34358 -9.480056
v -39.23449 -16.34358 -6.120606
v -46.22851 -15.44814 -9.482976
v -46.22991 -15.44814 -6.123526
v -46.22853 -16.34342 -9.482976
v -46.22993 -16.34342 -6.123526
v -39.23309 -16.34358 -9.480056
v -39.23306 -15.4483 -9.480056
v -39.23447 -15.4483 -6.120606
v -39.23449 -16.34358 -6.120606
v -39.23447 -15.4483 -6.120606
v -46.22991 -15.44814 -6.123526
v -46.22993 -16.34342 -6.123526
v -39.23449 -16.34358 -6.120606
v -39.23309 -16.34358 -9.480056
v -46.22853 -16.34342 -9.482976
v -46.22851 -15.44814 -9.482976
v -39.23306 -15.4483 -9.480056
f 3798 3800 3801
f 3798 3801 3799
f 3806 3802 3803
f 3806 3803 3807
f 3808 3804 3805
f 3808 3805 3809
f 3810 3811 3812
f 3810 3812 3813
f 3814 3815 3816
f 3814 3816 3817
f 3818 3819 3820
f 3818 3820 3821
v -46.04335 -16.33776 -9.461687
v -46.04474 -16.33777 -6.120828
v -46.2434 -16.33776 -9.46177
v -46.24479 -16.33776 -6.120911
v -46.24348 -20.18719 -9.46177
v -46.24488 -20.18719 -6.120911
v -46.04343 -20.1872 -9.461687
v -46.04483 -20.1872 -6.120828
v -46.2434 -16.33776 -9.46177
v -46.24479 -16.33776 -6.120911
v -46.24348 -20.18719 -9.46177
v -46.24488 -20.18719 -6.120911
v -46.04343 -20.1872 -9.461687
v -46.04335 -16.33776 -9.461687
v -46.04474 -16.33777 -6.120828
v -46.04483 -20.1872 -6.120828
v -46.04474 -16.33777 -6.120828
v -46.24479 -16.33776 -6.120911
v -46.24488 -20.18719 -6.120911
v -46.04483 -20.1872 -6.120828
v -46.04343 -20.1872 -9.461687
v -46.24348 -20.18719 -9.46177
v -46.2434 -16.33776 -9.46177
v -46.04335 -16.33776 -9.461687
f 3822 3824 3825
f 3822 3825 3823
f 3830 3826 3827
f 3830 3827 3831
f 3832 3828 3829
f 3832 3829 3833
f 3834 3835 3836
f 3834 3836 3837
f 3838 3839 3840
f 3838 3840 3841
f 3842 3843 3844
f 3842 3844 3845
v -39.2425 -4.948296 1.037781
v -39.24391 -4.948297 4.397231
v -46.23795 -4.948141 1.034862
v -46.23935 -4.948142 4.394311
v -46.23797 -5.843421 1.034862
v -46.23937 -5.843422 4.394311
v -39.24253 -5.843576 1.037781
v -39.24393 -5.843577 4.397231
v -46.23795 -4.948141 1.034862
v -46.23935 -4.948142 4.394311
v -46.23797 -5.843421 1.034862
v -46.23937 -5.843422 4.394311
v -39.24253 -5.843576 1.037781
v -39.2425 -4.948296 1.037781
v -39.24391 -4.948297 4.397231
v -39.24393 -5.843577 4.397231
v -39.24391 -4.948297 4.397231
v -46.23935 -4.948142 4.394311
v -46.23937 -5.843422 4.394311
v -39.24393 -5.843577 4.397231
v -39.24253 -5.843576 1.037781
v -46.23797 -5.843421 1.034862
v -46.23795 -4.948141 1.034862
v -39.2425 -4.948296 1.037781
f 3846 3848 3849
f 3846 3849 3847
f 3854 3850 3851
f 3854 3851 3855
f 3856 3852 3853
f 3856 3853 3857
f 3858 3859 3860
f 3858 3860 3861
f 3862 3863 3864
f 3862 3864 3865
f 3866 3867 3868
f 3866 3868 3869
v -39.24239 -5.837927 1.04483
v -39.2438 -5.837928 4.415319
v -39.44244 -5.837923 1.044747
v -39.44384 -5.837923 4.415236
v -39.44254 -10.27025 1.044747
v -39.44394 -10.27025 4.415236
v -39.24249 -10.27025 1.04483
v -39.2439 -10.27025 4.415319
v -39.44244 -5.837923 1.044747
v -39.44384 -5.837923 4.415236
v -39.44254 -10.27025 1.044747
v -39.44394 -10.27025 4.415236
v -39.24249 -10.27025 1.04483
v -39.24239 -5.837927 1.04483
v -39.2438 -5.837928 4.415319
v -39.2439 -10.27025 4.415319
v -39.2438 -5.837928 4.415319
v -39.44384 -5.837923 4.415236
v -39.44394 -10.27025 4.415236
v -39.2439 -10.27025 4.415319
v -39.24249 -10.27025 1.04483
v -39.44254 -10.27025 1.044747
v -39.44244 -5.837923 1.044747
v -39.24239 -5.837927 1.04483
f 3870 3872 3873
f 3870 3873 3871
f 3878 3874 3875
f 3878 3875 3879
f 3880 3876 3877
f 3880 3877 3881
f 3882 3883 3884
f 3882 3884 3885
f 3886 3887 3888
f 3886 3888 3889
f 3890 3891 3892
f 3890 3892 3893
v -46.05279 -5.837765 1.056151
v -46.05418 -5.837766 4.39701
v -46.25284 -5.837761 1.056067
v -46.25423 -5.837761 4.396926
v -46.25292 -9.687195 1.056067
v -46.25432 -9.687195 4.396926
v -46.05288 -9.687199 1.056151
v -46.05427 -9.6872 4.39701
v -46.25284 -5.837761 1.056067
v -46.25423 -5.837761 4.396926
v -46.25292 -9.687195 1.056067
v -46.25432 -9.687195 4.396926
v -46.05288 -9.687199 1.056151
v -46.05279 -5.837765 1.056151
v -46.05418 -5.837766 4.39701
v -46.05427 -9.6872 4.39701
v -46.05418 -5.837766 4.39701
v -46.25423 -5.837761 4.396926
v -46.25432 -9.687195 4.396926
v -46.05427 -9.6872 4.39701
v -46.05288 -9.687199 1.056151
v -46.25292 -9.687195 1.056067
v -46.25284 -5.837761 1.056067
v -46.05279 -5.837765 1.056151
f 3894 3896 3897
f 3894 3897 3895
f 3902 3898 3899
f 3902 3899 3903
f 3904 3900 3901
f 3904 3901 3905
f 3906 3907 3908
f 3906 3908 3909
f 3910 3911 3912
f 3910 3912 3913
f 3914 3915 3916
f 3914 3916 3917
v 11.17096 -4.948296 -36.08744
v 7.811513 -4.948297 -36.08807
v 11.17227 -4.948142 -43.08289
v 7.812825 -4.948142 -43.08352
v 11.17227 -5.843421 -43.08291
v 7.812825 -5.843422 -43.08354
v 11.17096 -5.843576 -36.08746
v 7.811513 -5.843577 -36.08809
v 11.17227 -4.948142 -43.08289
v 7.812825 -4.948142 -43.08352
v 11.17227 -5.843421 -43.08291
v 7.812825 -5.843422 -43.08354
v 11.17096 -5.843576 -36.08746
v 11.17096 -4.948296 -36.08744
v 7.811513 -4.948297 -36.08807
v 7.811513 -5.843577 -36.08809
v 7.811513 -4.948297 -36.08807
v 7.812825 -4.948142 -43.08352
v 7.812825 -5.843422 -43.08354
v 7.811513 -5.843577 -36.08809
v 11.17096 -5.843576 -36.08746
v 11.17227 -5.843421 -43.08291
v 11.17227 -4.948142 -43.08289
v 11.17096 -4.948296 -36.08744
f 3918 3920 3921
f 3918 3921 3919
f 3926 3922 3923
f 3926 3923 3927
f 3928 3924 3925
f 3928 3925 3929
f 3930 3931 3932
f 3930 3932 3933
f 3934 3935 3936
f 3934 3936 3937
f 3938 3939 3940
f 3938 3940 3941
v 11.16391 -5.837927 -36.08733
v 7.793426 -5.837927 -36.08796
v 11.16395 -5.837923 -36.28737
v 7.793463 -5.837923 -36.28801
v 11.16395 -10.27025 -36.28747
v 7.793464 -10.27025 -36.28811
v 11.16392 -10.27025 -36.08743
v 7.793427 -10.27025 -36.08806
v 11.16395 -5.837923 -36.28737
v 7.793463 -5.837923 -36.28801
v 11.16395 -10.27025 -36.28747
v 7.793464 -10.27025 -36.28811
v 11.16392 -10.27025 -36.08743
v 11.16391 -5.837927 -36.08733
v 7.793426 -5.837927 -36.08796
v 7.793427 -10.27025 -36.08806
v 7.793426 -5.837927 -36.08796
v 7.793463 -5.837923 -36.28801
v 7.793464 -10.27025 -36.28811
v 7.793427 -10.27025 -36.08806
v 11.16392 -10.27025 -36.08743
v 11.16395 -10.27025 -36.28747
v 11.16395 -5.837923 -36.28737
v 11.16391 -5.837927 -36.08733
f 3942 3944 3945
f 3942 3945 3943
f 3950 3946 3947
f 3950 3947 3951
f 3952 3948 3949
f 3952 3949 3953
f 3954 3955 3956
f 3954 3956 3957
f 3958 3959 3960
f 3958 3960 3961
f 3962 3963 3964
f 3962 3964 3965
v 11.15103 -5.837766 -42.89772
v 7.810169 -5.837766 -42.89835
v 11.15107 -5.837761 -43.09777
v 7.810206 -5.837761 -43.0984
v 11.15107 -9.687195 -43.09786
v 7.810207 -9.687195 -43.09848
v 11.15103 -9.6872 -42.89781
v 7.81017 -9.6872 -42.89844
v 11.15107 -5.837761 -43.09777
v 7.810206 -5.837761 -43.0984
v 11.15107 -9.687195 -43.09786
v 7.810207 -9.687195 -43.09848
v 11.15103 -9.6872 -42.89781
v 11.15103 -5.837766 -42.89772
v 7.810169 -5.837766 -42.89835
v 7.81017 -9.6872 -42.89844
v 7.810169 -5.837766 -42.89835
v 7.810206 -5.837761 -43.0984
v 7.810207 -9.687195 -43.09848
v 7.81017 -9.6872 -42.89844
v 11.15103 -9.6872 -42.89781
v 11.15107 -9.687195 -43.09786
v 11.15107 -5.837761 -43.09777
v 11.15103 -5.837766 -42.89772
f 3966 3968 3969
f 3966 3969 3967
f 3974 3970 3971
f 3974 3971 3975
f 3976 3972 3973
f 3976 3973 3977
f 3978 3979 3980
f 3978 3980 3981
f 3982 3983 3984
f 3982 3984 3985
f 3986 3987 3988
f 3986 3988 3989
v 0.5579268 -18.6293 -8.842617
v 1.517166 -18.6293 -9.573493
v 1.284754 -18.6293 -7.888691
v 2.243994 -18.6293 -8.619567
v 1.284754 -20.04001 -7.888691
v 2.243993 -20.04001 -8.619567
v 0.5579267 -20.04001 -8.842617
v 1.517166 -20.04001 -9.573493
v 1.284754 -18.6293 -7.888691
v 2.243994 -18.6293 -8.619567
v 1.284754 -20.04001 -7.888691
v 2.243993 -20.04001 -8.619567
v 0.5579267 -20.04001 -8.842617
v 0.5579268 -18.6293 -8.842617
v 1.517166 -18.6293 -9.573493
v 1.517166 -20.04001 -9.573493
v 1.517166 -18.6293 -9.573493
v 2.243994 -18.6293 -8.619567
v 2.243993 -20.04001 -8.619567
v 1.517166 -20.04001 -9.573493
v 0.5579267 -20.04001 -8.842617
v 1.284754 -20.04001 -7.888691
v 1.284754 -18.6293 -7.888691
v 0.5579268 -18.6293 -8.842617
f 3990 3992 3993
f 3990 3993 3991
f 3998 3994 3995
f 3998 3995 3999
f 4000 3996 3997
f 4000 3997 4001
f 4002 4003 4004
f 4002 4004 4005
f 4006 4007 4008
f 4006 4008 4009
f 4010 4011 4012
f 4010 4012 4013
v -7.629037 -4.948296 -36.08744
v -10.98849 -4.948297 -36.08807
v -7.627726 -4.948142 -43.08289
v -10.98718 -4.948142 -43.08352
v -7.627726 -5.843421 -43.08291
v -10.98717 -5.843422 -43.08354
v -7.629037 -5.843576 -36.08746
v -10.98849 -5.843577 -36.08809
v -7.627726 -4.948142 -43.08289
v -10.98718 -4.948142 -43.08352
v -7.627726 -5.843421 -43.08291
v -10.98717 -5.843422 -43.08354
v -7.629037 -5.843576 -36.08746
v -7.629037 -4.948296 -36.08744
v -10.98849 -4.948297 -36.08807
v -10.98849 -5.843577 -36.08809
v -10.98849 -4.948297 -36.08807
v -10.98718 -4.948142 -43.08352
v -10.98717 -5.843422 -43.08354
v -10.98849 -5.843577 -36.08809
v -7.629037 -5.843576 -36.08746
v -7.627726 -5.843421 -43.08291
v -7.627726 -4.948142 -43.08289
v -7.629037 -4.948296 -36.08744
f 4014 4016 4017
f 4014 4017 4015
f 4022 4018 4019
f 4022 4019 4023
f 4024 4020 4021
f 4024 4021 4025
f 4026 4027 4028
f 4026 4028 4029
f 4030 4031 4032
f 4030 4032 4033
f 4034 4035 4036
f 4034 4036 4037
v -7.636086 -5.837927 -36.08733
v -11.00657 -5.837927 -36.08796
v -7.636048 -5.837923 -36.28737
v -11.00654 -5.837923 -36.28801
v -7.636047 -10.27025 -36.28747
v -11.00654 -10.27025 -36.28811
v -7.636085 -10.27025 -36.08743
v -11.00657 -10.27025 -36.08806
v -7.636048 -5.837923 -36.28737
v -11.00654 -5.837923 -36.28801
v -7.636047 -10.27025 -36.28747
v -11.00654 -10.27025 -36.28811
v -7.636085 -10.27025 -36.08743
v -7.636086 -5.837927 -36.08733
v -11.00657 -5.837927 -36.08796
v -11.00657 -10.27025 -36.08806
v -11.00657 -5.837927 -36.08796
v -11.00654 -5.837923 -36.28801
v -11.00654 -10.27025 -36.28811
v -11.00657 -10.27025 -36.08806
v -7.636085 -10.27025 -36.08743
v -7.636047 -10.27025 -36.28747
v -7.636048 -5.837923 -36.28737
v -7.636086 -5.837927 -36.08733
f 4038 4040 4041
f 4038 4041 4039
f 4046 4042 4043
f 4046 4043 4047
f 4048 4044 4045
f 4048 4045 4049
f 4050 4051 4052
f 4050 4052 4053
f 4054 4055 4056
f 4054 4056 4057
f 4058 4059 4060
f 4058 4060 4061
v -7.648972 -5.837766 -42.89772
v -10.98983 -5.837766 -42.89835
v -7.648934 -5.837761 -43.09777
v -10.98979 -5.837761 -43.0984
v -7.648934 -9.687195 -43.09786
v -10.98979 -9.687195 -43.09848
v -7.648972 -9.6872 -42.89781
v -10.98983 -9.6872 -42.89844
v -7.648934 -5.837761 -43.09777
v -10.98979 -5.837761 -43.0984
v -7.648934 -9.687195 -43.09786
v -10.98979 -9.687195 -43.09848
v -7.648972 -9.6872 -42.89781
v -7.648972 -5.837766 -42.89772
v -10.98983 -5.837766 -42.89835
v -10.98983 -9.6872 -42.89844
v -10.98983 -5.837766 -42.89835
v -10.98979 -5.837761 -43.0984
v -10.98979 -9.687195 -43.09848
v -10.98983 -9.6872 -42.89844
v -7.648972 -9.6872 -42.89781
v -7.648934 -9.687195 -43.09786
v -7.648934 -5.837761 -43.09777
v -7.648972 -5.837766 -42.89772
f 4062 4064 4065
f 4062 4065 4063
f 4070 4066 4067
f 4070 4067 4071
f 4072 4068 4069
f 4072 4069 4073
f 4074 4075 4076
f 4074 4076 4077
f 4078 4079 4080
f 4078 4080 4081
f 4082 4083 4084
f 4082 4084 4085
v 29.53791 -15.4483 -36.14478
v 26.51556 -15.4483 -37.61151
v 32.59212 -15.44814 -42.43827
v 29.56977 -15.44814 -43.90501
v 32.59213 -16.34342 -42.43829
v 29.56978 -16.34342 -43.90503
v 29.53792 -16.34358 -36.14479
v 26.51557 -16.34358 -37.61153
v 32.59212 -15.44814 -42.43827
v 29.56977 -15.44814 -43.90501
v 32.59213 -16.34342 -42.43829
v 29.56978 -16.34342 -43.90503
v 29.53792 -16.34358 -36.14479
v 29.53791 -15.4483 -36.14478
v 26.51556 -15.4483 -37.61151
v 26.51557 -16.34358 -37.61153
v 26.51556 -15.4483 -37.61151
v 29.56977 -15.44814 -43.90501
v 29.56978 -16.34342 -43.90503
v 26.51557 -16.34358 -37.61153
v 29.53792 -16.34358 -36.14479
v 32.59213 -16.34342 -42.43829
v 32.59212 -15.44814 -42.43827
v 29.53791 -15.4483 -36.14478
f 4086 4088 4089
f 4086 4089 4087
f 4094 4090 4091
f 4094 4091 4095
f 4096 4092 4093
f 4096 4093 4097
f 4098 4099 4100
f 4098 4100 4101
f 4102 4103 4104
f 4102 4104 4105
f 4106 4107 4108
f 4106 4108 4109
v 29.53152 -16.33793 -36.14775
v 26.49924 -16.33793 -37.6193
v 29.61886 -16.33792 -36.32772
v 26.58658 -16.33792 -37.79927
v 29.6189 -20.77025 -36.32781
v 26.58662 -20.77025 -37.79936
v 29.53156 -20.77025 -36.14783
v 26.49928 -20.77025 -37.61939
v 29.61886 -16.33792 -36.32772
v 26.58658 -16.33792 -37.79927
v 29.6189 -20.77025 -36.32781
v 26.58662 -20.77025 -37.79936
v 29.53156 -20.77025 -36.14783
v 29.53152 -16.33793 -36.14775
v 26.49924 -16.33793 -37.6193
v 26.49928 -20.77025 -37.61939
v 26.49924 -16.33793 -37.6193
v 26.58658 -16.33792 -37.79927
v 26.58662 -20.77025 -37.79936
v 26.49928 -20.77025 -37.61939
v 29.53156 -20.77025 -36.14783
v 29.6189 -20.77025 -36.32781
v 29.61886 -16.33792 -36.32772
v 29.53152 -16.33793 -36.14775
f 4110 4112 4113
f 4110 4113 4111
f 4118 4114 4115
f 4118 4115 4119
f 4120 4116 4117
f 4120 4117 4121
f 4122 4123 4124
f 4122 4124 4125
f 4126 4127 4128
f 4126 4128 4129
f 4130 4131 4132
f 4130 4132 4133
v 32.49219 -16.33776 -42.28094
v 29.48657 -16.33776 -43.73956
v 32.57953 -16.33776 -42.46092
v 29.57391 -16.33776 -43.91954
v 32.57957 -20.18719 -42.46099
v 29.57395 -20.18719 -43.91961
v 32.49223 -20.1872 -42.28102
v 29.4866 -20.1872 -43.73964
v 32.57953 -16.33776 -42.46092
v 29.57391 -16.33776 -43.91954
v 32.57957 -20.18719 -42.46099
v 29.57395 -20.18719 -43.91961
v 32.49223 -20.1872 -42.28102
v 32.49219 -16.33776 -42.28094
v 29.48657 -16.33776 -43.73956
v 29.4866 -20.1872 -43.73964
v 29.48657 -16.33776 -43.73956
v 29.57391 -16.33776 -43.91954
v 29.57395 -20.18719 -43.91961
v 29.4866 -20.1872 -43.73964
v 32.49223 -20.1872 -42.28102
v 32.57957 -20.18719 -42.46099
v 32.57953 -16.33776 -42.46092
v 32.49219 -16.33776 -42.28094
f 4134 4136 4137
f 4134 4137 4135
f 4142 4138 4139
f 4142 4139 4143
f 4144 4140 4141
f 4144 4141 4145
f 4146 4147 4148
f 4146 4148 4149
f 4150 4151 4152
f 4150 4152 4153
f 4154 4155 4156
f 4154 4156 4157
v 1.752366 -11.08793 -36.08733
v -1.618123 -11.08793 -36.08796
v 1.752403 -11.08792 -36.28737
v -1.618086 -11.08792 -36.28801
v 1.752404 -15.52025 -36.28747
v -1.618085 -15.52025 -36.28811
v 1.752366 -15.52025 -36.08743
v -1.618123 -15.52025 -36.08806
v 1.752403 -11.08792 -36.28737
v -1.618086 -11.08792 -36.28801
v 1.752404 -15.52025 -36.28747
v -1.618085 -15.52025 -36.28811
v 1.752366 -15.52025 -36.08743
v 1.752366 -11.08793 -36.08733
v -1.618123 -11.08793 -36.08796
v -1.618123 -15.52025 -36.08806
v -1.618123 -11.08793 -36.08796
v -1.618086 -11.08792 -36.28801
v -1.618085 -15.52025 -36.28811
v -1.618123 -15.52025 -36.08806
v 1.752366 -15.52025 -36.08743
v 1.752404 -15.52025 -36.28747
v 1.752403 -11.08792 -36.28737
v 1.752366 -11.08793 -36.08733
f 4158 4160 4161
f 4158 4161 4159
f 4166 4162 4163
f 4166 4163 4167
f 4168 4164 4165
f 4168 4165 4169
f 4170 4171 4172
f 4170 4172 4173
f 4174 4175 4176
f 4174 4176 4177
f 4178 4179 4180
f 4178 4180 4181
v 1.759414 -10.19829 -36.08744
v -1.600036 -10.1983 -36.08807
v 1.760725 -10.19814 -43.08289
v -1.598724 -10.19814 -43.08352
v 1.760725 -11.09342 -43.08291
v -1.598724 -11.09342 -43.08354
v 1.759414 -11.09358 -36.08746
v -1.600035 -11.09358 -36.08809
v 1.760725 -10.19814 -43.08289
v -1.598724 -10.19814 -43.08352
v 1.760725 -11.09342 -43.08291
v -1.598724 -11.09342 -43.08354
v 1.759414 -11.09358 -36.08746
v 1.759414 -10.19829 -36.08744
v -1.600036 -10.1983 -36.08807
v -1.600035 -11.09358 -36.08809
v -1.600036 -10.1983 -36.08807
v -1.598724 -10.19814 -43.08352
v -1.598724 -11.09342 -43.08354
v -1.600035 -11.09358 -36.08809
v 1.759414 -11.09358 -36.08746
v 1.760725 -11.09342 -43.08291
v 1.760725 -10.19814 -43.08289
v 1.759414 -10.19829 -36.08744
f 4182 4184 4185
f 4182 4185 4183
f 4190 4186 4187
f 4190 4187 4191
f 4192 4188 4189
f 4192 4189 4193
f 4194 4195 4196
f 4194 4196 4197
f 4198 4199 4200
f 4198 4200 4201
f 4202 4203 4204
f 4202 4204 4205
v 1.739479 -11.08776 -42.89772
v -1.60138 -11.08776 -42.89835
v 1.739517 -11.08776 -43.09777
v -1.601343 -11.08776 -43.0984
v 1.739517 -14.93719 -43.09786
v -1.601342 -14.93719 -43.09848
v 1.73948 -14.9372 -42.89781
v -1.60138 -14.9372 -42.89844
v 1.739517 -11.08776 -43.09777
v -1.601343 -11.08776 -43.0984
v 1.739517 -14.93719 -43.09786
v -1.601342 -14.93719 -43.09848
v 1.73948 -14.9372 -42.89781
v 1.739479 -11.08776 -42.89772
v -1.60138 -11.08776 -42.89835
v -1.60138 -14.9372 -42.89844
v -1.60138 -11.08776 -42.89835
v -1.601343 -11.08776 -43.0984
v -1.601342 -14.93719 -43.09848
v -1.60138 -14.9372 -42.89844
v 1.73948 -14.9372 -42.89781
v 1.739517 -14.93719 -43.09786
v 1.739517 -11.08776 -43.09777
v 1.739479 -11.08776 -42.89772
f 4206 4208 4209
f 4206 4209 4207
f 4214 4210 4211
f 4214 4211 4215
f 4216 4212 4213
f 4216 4213 4217
f 4218 4219 4220
f 4218 4220 4221
f 4222 4223 4224
f 4222 4224 4225
f 4226 4227 4228
f 4226 4228 4229
v 11.16391 -16.83793 -21.58733
v 7.793426 -16.83793 -21.58797
v 11.16395 -16.83792 -21.78738
v 7.793463 -16.83792 -21.78801
v 11.16395 -21.27025 -21.78748
v 7.793464 -21.27025 -21.78811
v 11.16392 -21.27025 -21.58743
v 7.793427 -21.27025 -21.58806
v 11.16395 -16.83792 -21.78738
v 7.793463 -16.83792 -21.78801
v 11.16395 -21.27025 -21.78748
v 7.793464 -21.27025 -21.78811
v 11.16392 -21.27025 -21.58743
v 11.16391 -16.83793 -21.58733
v 7.793426 -16.83793 -21.58797
v 7.793427 -21.27025 -21.58806
v 7.793426 -16.83793 -21.58797
v 7.793463 -16.83792 -21.78801
v 7.793464 -21.27025 -21.78811
v 7.793427 -21.27025 -21.58806
v 11.16392 -21.27025 -21.58743
v 11.16395 -21.27025 -21.78748
v 11.16395 -16.83792 -21.78738
v 11.16391 -16.83793 -21.58733
f 4230 4232 4233
f 4230 4233 4231
f 4238 4234 4235
f 4238 4235 4239
f 4240 4236 4237
f 4240 4237 4241
f 4242 4243 4244
f 4242 4244 4245
f 4246 4247 4248
f 4246 4248 4249
f 4250 4251 4252
f 4250 4252 4253
v 11.17096 -15.9483 -21.58745
v 7.811513 -15.9483 -21.58808
v 11.17227 -15.94814 -28.5829
v 7.812825 -15.94814 -28.58353
v 11.17227 -16.84342 -28.58292
v 7.812825 -16.84342 -28.58355
v 11.17096 -16.84358 -21.58747
v 7.811513 -16.84358 -21.5881
v 11.17227 -15.94814 -28.5829
v 7.812825 -15.94814 -28.58353
v 11.17227 -16.84342 -28.58292
v 7.812825 -16.84342 -28.58355
v 11.17096 -16.84358 -21.58747
v 11.17096 -15.9483 -21.58745
v 7.811513 -15.9483 -21.58808
v 7.811513 -16.84358 -21.5881
v 7.811513 -15.9483 -21.58808
v 7.812825 -15.94814 -28.58353
v 7.812825 -16.84342 -28.58355
v 7.811513 -16.84358 -21.5881
v 11.17096 -16.84358 -21.58747
v 11.17227 -16.84342 -28.58292
v 11.17227 -15.94814 -28.5829
v 11.17096 -15.9483 -21.58745
f 4254 4256 4257
f 4254 4257 4255
f 4262 4258 4259
f 4262 4259 4263
f 4264 4260 4261
f 4264 4261 4265
f 4266 4267 4268
f 4266 4268 4269
f 4270 4271 4272
f 4270 4272 4273
f 4274 4275 4276
f 4274 4276 4277
v 11.15103 -16.83776 -28.39773
v 7.810169 -16.83777 -28.39836
v 11.15107 -16.83776 -28.59778
v 7.810206 -16.83776 -28.59841
v 11.15107 -20.68719 -28.59787
v 7.810207 -20.68719 -28.59849
v 11.15103 -20.6872 -28.39782
v 7.81017 -20.6872 -28.39845
v 11.15107 -16.83776 -28.59778
v 7.810206 -16.83776 -28.59841
v 11.15107 -20.68719 -28.59787
v 7.810207 -20.68719 -28.59849
v 11.15103 -20.6872 -28.39782
v 11.15103 -16.83776 -28.39773
v 7.810169 -16.83777 -28.39836
v 7.81017 -20.6872 -28.39845
v 7.810169 -16.83777 -28.39836
v 7.810206 -16.83776 -28.59841
v 7.810207 -20.68719 -28.59849
v 7.81017 -20.6872 -28.39845
v 11.15103 -20.6872 -28.39782
v 11.15107 -20.68719 -28.59787
v 11.15107 -16.83776 -28.59778
v 11.15103 -16.83776 -28.39773
f 4278 4280 4281
f 4278 4281 4279
f 4286 4282 4283
f 4286 4283 4287
f 4288 4284 4285
f 4288 4285 4289
f 4290 4291 4292
f 4290 4292 4293
f 4294 4295 4296
f 4294 4296 4297
f 4298 4299 4300
f 4298 4300 4301
v 42.76972 -5.837765 -37.1329
v 39.7641 -5.837766 -38.59151
v 42.85706 -5.837761 -37.31287
v 39.85144 -5.837761 -38.77149
v 42.8571 -9.687195 -37.31295
v 39.85147 -9.687195 -38.77156
v 42.76976 -9.6872 -37.13297
v 39.76414 -9.6872 -38.59159
v 42.85706 -5.837761 -37.31287
v 39.85144 -5.837761 -38.77149
v 42.8571 -9.687195 -37.31295
v 39.85147 -9.687195 -38.77156
v 42.76976 -9.6872 -37.13297
v 42.76972 -5.837765 -37.1329
v 39.7641 -5.837766 -38.59151
v 39.76414 -9.6872 -38.59159
v 39.7641 -5.837766 -38.59151
v 39.85144 -5.837761 -38.77149
v 39.85147 -9.687195 -38.77156
v 39.76414 -9.6872 -38.59159
v 42.76976 -9.6872 -37.13297
v 42.8571 -9.687195 -37.31295
v 42.85706 -5.837761 -37.31287
v 42.76972 -5.837765 -37.1329
f 4302 4304 4305
f 4302 4305 4303
f 4310 4306 4307
f 4310 4307 4311
f 4312 4308 4309
f 4312 4309 4313
f 4314 4315 4316
f 4314 4316 4317
f 4318 4319 4320
f 4318 4320 4321
f 4322 4323 4324
f 4322 4324 4325
v 39.81544 -4.948296 -30.99673
v 36.79309 -4.948296 -32.46346
v 42.86965 -4.948141 -37.29023
v 39.8473 -4.948141 -38.75696
v 42.86966 -5.843421 -37.29024
v 39.84731 -5.843421 -38.75698
v 39.81545 -5.843576 -30.99675
v 36.7931 -5.843576 -32.46348
v 42.86965 -4.948141 -37.29023
v 39.8473 -4.948141 -38.75696
v 42.86966 -5.843421 -37.29024
v 39.84731 -5.843421 -38.75698
v 39.81545 -5.843576 -30.99675
v 39.81544 -4.948296 -30.99673
v 36.79309 -4.948296 -32.46346
v 36.7931 -5.843576 -32.46348
v 36.79309 -4.948296 -32.46346
v 39.8473 -4.948141 -38.75696
v 39.84731 -5.843421 -38.75698
v 36.7931 -5.843576 -32.46348
v 39.81545 -5.843576 -30.99675
v 42.86966 -5.843421 -37.29024
v 42.86965 -4.948141 -37.29023
v 39.81544 -4.948296 -30.99673
f 4326 4328 4329
f 4326 4329 4327
f 4334 4330 4331
f 4334 4331 4335
f 4336 4332 4333
f 4336 4333 4337
f 4338 4339 4340
f 4338 4340 4341
f 4342 4343 4344
f 4342 4344 4345
f 4346 4347 4348
f 4346 4348 4349
v 39.80905 -5.837927 -30.9997
v 36.77677 -5.837927 -32.47125
v 39.89639 -5.837923 -31.17967
v 36.86411 -5.837923 -32.65123
v 39.89643 -10.27025 -31.17976
v 36.86415 -10.27025 -32.65131
v 39.80909 -10.27025 -30.99979
v 36.77681 -10.27025 -32.47134
v 39.89639 -5.837923 -31.17967
v 36.86411 -5.837923 -32.65123
v 39.89643 -10.27025 -31.17976
v 36.86415 -10.27025 -32.65131
v 39.80909 -10.27025 -30.99979
v 39.80905 -5.837927 -30.9997
v 36.77677 -5.837927 -32.47125
v 36.77681 -10.27025 -32.47134
v 36.77677 -5.837927 -32.47125
v 36.86411 -5.837923 -32.65123
v 36.86415 -10.27025 -32.65131
v 36.77681 -10.27025 -32.47134
v 39.80909 -10.27025 -30.99979
v 39.89643 -10.27025 -31.17976
v 39.89639 -5.837923 -31.17967
v 39.80905 -5.837927 -30.9997
f 4350 4352 4353
f 4350 4353 4351
f 4358 4354 4355
f 4358 4355 4359
f 4360 4356 4357
f 4360 4357 4361
f 4362 4363 4364
f 4362 4364 4365
f 4366 4367 4368
f 4366 4368 4369
f 4370 4371 4372
f 4370 4372 4373
v 11.17096 -10.19829 -28.83745
v 7.811513 -10.1983 -28.83808
v 11.17227 -10.19814 -35.8329
v 7.812825 -10.19814 -35.83353
v 11.17227 -11.09342 -35.83292
v 7.812825 -11.09342 -35.83355
v 11.17096 -11.09358 -28.83747
v 7.811513 -11.09358 -28.8381
v 11.17227 -10.19814 -35.8329
v 7.812825 -10.19814 -35.83353
v 11.17227 -11.09342 -35.83292
v 7.812825 -11.09342 -35.83355
v 11.17096 -11.09358 -28.83747
v 11.17096 -10.19829 -28.83745
v 7.811513 -10.1983 -28.83808
v 7.811513 -11.09358 -28.8381
v 7.811513 -10.1983 -28.83808
v 7.812825 -10.19814 -35.83353
v 7.812825 -11.09342 -35.83355
v 7.811513 -11.09358 -28.8381
v 11.17096 -11.09358 -28.83747
v 11.17227 -11.09342 -35.83292
v 11.17227 -10.19814 -35.8329
v 11.17096 -10.19829 -28.83745
f 4374 4376 4377
f 4374 4377 4375
f 4382 4378 4379
f 4382 4379 4383
f 4384 4380 4381
f 4384 4381 4385
f 4386 4387 4388
f 4386 4388 4389
f 4390 4391 4392
f 4390 4392 4393
f 4394 4395 4396
f 4394 4396 4397
v 11.16391 -11.08793 -28.83733
v 7.793426 -11.08793 -28.83797
v 11.16395 -11.08792 -29.03738
v 7.793463 -11.08792 -29.03801
v 11.16395 -15.52025 -29.03748
v 7.793464 -15.52025 -29.03811
v 11.16392 -15.52025 -28.83743
v 7.793427 -15.52025 -28.83806
v 11.16395 -11.08792 -29.03738
v 7.793463 -11.08792 -29.03801
v 11.16395 -15.52025 -29.03748
v 7.793464 -15.52025 -29.03811
v 11.16392 -15.52025 -28.83743
v 11.16391 -11.08793 -28.83733
v 7.793426 -11.08793 -28.83797
v 7.793427 -15.52025 -28.83806
v 7.793426 -11.08793 -28.83797
v 7.793463 -11.08792 -29.03801
v 7.793464 -15.52025 -29.03811
v 7.793427 -15.52025 -28.83806
v 11.16392 -15.52025 -28.83743
v 11.16395 -15.52025 -29.03748
v 11.16395 -11.08792 -29.03738
v 11.16391 -11.08793 -28.83733
f 4398 4400 4401
f 4398 4401 4399
f 4406 4402 4403
f 4406 4403 4407
f 4408 4404 4405
f 4408 4405 4409
f 4410 4411 4412
f 4410 4412 4413
f 4414 4415 4416
f 4414 4416 4417
f 4418 4419 4420
f 4418 4420 4421
v 11.15103 -11.08776 -35.64773
v 7.810169 -11.08776 -35.64836
v 11.15107 -11.08776 -35.84778
v 7.810206 -11.08776 -35.84841
v 11.15107 -14.93719 -35.84787
v 7.810207 -14.93719 -35.84849
v 11.15103 -14.9372 -35.64782
v 7.81017 -14.9372 -35.64845
v 11.15107 -11.08776 -35.84778
v 7.810206 -11.08776 -35.84841
v 11.15107 -14.93719 -35.84787
v 7.810207 -14.93719 -35.84849
v 11.15103 -14.9372 -35.64782
v 11.15103 -11.08776 -35.64773
v 7.810169 -11.08776 -35.64836
v 7.81017 -14.9372 -35.64845
v 7.810169 -11.08776 -35.64836
v 7.810206 -11.08776 -35.84841
v 7.810207 -14.93719 -35.84849
v 7.81017 -14.9372 -35.64845
v 11.15103 -14.9372 -35.64782
v 11.15107 -14.93719 -35.84787
v 11.15107 -11.08776 -35.84778
v 11.15103 -11.08776 -35.64773
f 4422 4424 4425
f 4422 4425 4423
f 4430 4426 4427
f 4430 4427 4431
f 4432 4428 4429
f 4432 4429 4433
f 4434 4435 4436
f 4434 4436 4437
f 4438 4439 4440
f 4438 4440 4441
f 4442 4443 4444
f 4442 4444 4445
v 39.37083 -4.948298 -5.913494
v 39.37039 -4.948298 -9.272943
v 46.36627 -4.948142 -5.914417
v 46.36583 -4.948143 -9.273866
v 46.36629 -5.843422 -5.914417
v 46.36585 -5.843422 -9.273866
v 39.37085 -5.843578 -5.913494
v 39.37041 -5.843578 -9.272942
v 46.36627 -4.948142 -5.914417
v 46.36583 -4.948143 -9.273866
v 46.36629 -5.843422 -5.914417
v 46.36585 -5.843422 -9.273866
v 39.37085 -5.843578 -5.913494
v 39.37083 -4.948298 -5.913494
v 39.37039 -4.948298 -9.272943
v 39.37041 -5.843578 -9.272942
v 39.37039 -4.948298 -9.272943
v 46.36583 -4.948143 -9.273866
v 46.36585 -5.843422 -9.273866
v 39.37041 -5.843578 -9.272942
v 39.37085 -5.843578 -5.913494
v 46.36629 -5.843422 -5.914417
v 46.36627 -4.948142 -5.914417
v 39.37083 -4.948298 -5.913494
f 4446 4448 4449
f 4446 4449 4447
f 4454 4450 4451
f 4454 4451 4455
f 4456 4452 4453
f 4456 4453 4457
f 4458 4459 4460
f 4458 4460 4461
f 4462 4463 4464
f 4462 4464 4465
f 4466 4467 4468
f 4466 4468 4469
v 39.37071 -5.837928 -5.920542
v 39.37027 -5.837929 -9.29103
v 39.57076 -5.837924 -5.920568
v 39.57031 -5.837924 -9.291057
v 39.57086 -10.27025 -5.920567
v 39.57041 -10.27025 -9.291056
v 39.37081 -10.27025 -5.920541
v 39.37037 -10.27025 -9.291029
v 39.57076 -5.837924 -5.920568
v 39.57031 -5.837924 -9.291057
v 39.57086 -10.27025 -5.920567
v 39.57041 -10.27025 -9.291056
v 39.37081 -10.27025 -5.920541
v 39.37071 -5.837928 -5.920542
v 39.37027 -5.837929 -9.29103
v 39.37037 -10.27025 -9.291029
v 39.37027 -5.837929 -9.29103
v 39.57031 -5.837924 -9.291057
v 39.57041 -10.27025 -9.291056
v 39.37037 -10.27025 -9.291029
v 39.37081 -10.27025 -5.920541
v 39.57086 -10.27025 -5.920567
v 39.57076 -5.837924 -5.920568
v 39.37071 -5.837928 -5.920542
f 4470 4472 4473
f 4470 4473 4471
f 4478 4474 4475
f 4478 4475 4479
f 4480 4476 4477
f 4480 4477 4481
f 4482 4483 4484
f 4482 4484 4485
f 4486 4487 4488
f 4486 4488 4489
f 4490 4491 4492
f 4490 4492 4493
v 46.1811 -5.837766 -5.935604
v 46.18066 -5.837767 -9.276463
v 46.38115 -5.837762 -5.935631
v 46.38071 -5.837762 -9.276488
v 46.38123 -9.687195 -5.93563
v 46.38079 -9.687195 -9.276487
v 46.18119 -9.687199 -5.935603
v 46.18074 -9.6872 -9.276462
v 46.38115 -5.837762 -5.935631
v 46.38071 -5.837762 -9.276488
v 46.38123 -9.687195 -5.93563
v 46.38079 -9.687195 -9.276487
v 46.18119 -9.687199 -5.935603
v 46.1811 -5.837766 -5.935604
v 46.18066 -5.837767 -9.276463
v 46.18074 -9.6872 -9.276462
v 46.18066 -5.837767 -9.276463
v 46.38071 -5.837762 -9.276488
v 46.38079 -9.687195 -9.276487
v 46.18074 -9.6872 -9.276462
v 46.18119 -9.687199 -5.935603
v 46.38123 -9.687195 -5.93563
v 46.38115 -5.837762 -5.935631
v 46.1811 -5.837766 -5.935604
f 4494 4496 4497
f 4494 4497 4495
f 4502 4498 4499
f 4502 4499 4503
f 4504 4500 4501
f 4504 4501 4505
f 4506 4507 4508
f 4506 4508 4509
f 4510 4511 4512
f 4510 4512 4513
f 4514 4515 4516
f 4514 4516 4517
v 1.759414 -15.4483 -28.83745
v -1.600036 -15.4483 -28.83808
v 1.760725 -15.44814 -35.8329
v -1.598724 -15.44814 -35.83353
v 1.760725 -16.34342 -35.83292
v -1.598724 -16.34342 -35.83355
v 1.759414 -16.34358 -28.83747
v -1.600035 -16.34358 -28.8381
v 1.760725 -15.44814 -35.8329
v -1.598724 -15.44814 -35.83353
v 1.760725 -16.34342 -35.83292
v -1.598724 -16.34342 -35.83355
v 1.759414 -16.34358 -28.83747
v 1.759414 -15.4483 -28.83745
v -1.600036 -15.4483 -28.83808
v -1.600035 -16.34358 -28.8381
v -1.600036 -15.4483 -28.83808
v -1.598724 -15.44814 -35.83353
v -1.598724 -16.34342 -35.83355
v -1.600035 -16.34358 -28.8381
v 1.759414 -16.34358 -28.83747
v 1.760725 -16.34342 -35.83292
v 1.760725 -15.44814 -35.8329
v 1.759414 -15.4483 -28.83745
f 4518 4520 4521
f 4518 4521 4519
f 4526 4522 4523
f 4526 4523 4527
f 4528 4524 4525
f 4528 4525 4529
f 4530 4531 4532
f 4530 4532 4533
f 4534 4535 4536
f 4534 4536 4537
f 4538 4539 4540
f 4538 4540 4541
v 1.752366 -16.33793 -28.83733
v -1.618123 -16.33793 -28.83797
v 1.752403 -16.33792 -29.03738
v -1.618086 -16.33792 -29.03801
v 1.752404 -20.77025 -29.03748
v -1.618085 -20.77025 -29.03811
v 1.752366 -20.77025 -28.83743
v -1.618123 -20.77025 -28.83806
v 1.752403 -16.33792 -29.03738
v -1.618086 -16.33792 -29.03801
v 1.752404 -20.77025 -29.03748
v -1.618085 -20.77025 -29.03811
v 1.752366 -20.77025 -28.83743
v 1.752366 -16.33793 -28.83733
v -1.618123 -16.33793 -28.83797
v -1.618123 -20.77025 -28.83806
v -1.618123 -16.33793 -28.83797
v -1.618086 -16.33792 -29.03801
v -1.618085 -20.77025 -29.03811
v -1.618123 -20.77025 -28.83806
v 1.752366 -20.77025 -28.83743
v 1.752404 -20.77025 -29.03748
v 1.752403 -16.33792 -29.03738
v 1.752366 -16.33793 -28.83733
f 4542 4544 4545
f 4542 4545 4543
f 4550 4546 4547
f 4550 4547 4551
f 4552 4548 4549
f 4552 4549 4553
f 4554 4555 4556
f 4554 4556 4557
f 4558 4559 4560
f 4558 4560 4561
f 4562 4563 4564
f 4562 4564 4565
v 1.739479 -16.33776 -35.64773
v -1.60138 -16.33777 -35.64836
v 1.739517 -16.33776 -35.84778
v -1.601343 -16.33776 -35.84841
v 1.739517 -20.18719 -35.84787
v -1.601342 -20.18719 -35.84849
v 1.73948 -20.1872 -35.64782
v -1.60138 -20.1872 -35.64845
v 1.739517 -16.33776 -35.84778
v -1.601343 -16.33776 -35.84841
v 1.739517 -20.18719 -35.84787
v -1.601342 -20.18719 -35.84849
v 1.73948 -20.1872 -35.64782
v 1.739479 -16.33776 -35.64773
v -1.60138 -16.33777 -35.64836
v -1.60138 -20.1872 -35.64845
v -1.60138 -16.33777 -35.64836
v -1.601343 -16.33776 -35.84841
v -1.601342 -20.18719 -35.84849
v -1.60138 -20.1872 -35.64845
v 1.73948 -20.1872 -35.64782
v 1.739517 -20.18719 -35.84787
v 1.739517 -16.33776 -35.84778
v 1.739479 -16.33776 -35.64773
f 4566 4568 4569
f 4566 4569 4567
f 4574 4570 4571
f 4574 4571 4575
f 4576 4572 4573
f 4576 4573 4577
f 4578 4579 4580
f 4578 4580 4581
f 4582 4583 4584
f 4582 4584 4585
f 4586 4587 4588
f 4586 4588 4589
v -36.95724 -4.948296 -32.57308
v -39.91859 -4.948296 -30.98681
v -40.26036 -4.948141 -38.73957
v -43.22172 -4.948141 -37.1533
v -40.26037 -5.843421 -38.73959
v -43.22173 -5.843421 -37.15332
v -36.95724 -5.843576 -32.5731
v -39.91861 -5.843576 -30.98683
v -40.26036 -4.948141 -38.73957
v -43.22172 -4.948141 -37.1533
v -40.26037 -5.843421 -38.73959
v -43.22173 -5.843421 -37.15332
v -36.95724 -5.843576 -32.5731
v -36.95724 -4.948296 -32.57308
v -39.91859 -4.948296 -30.98681
v -39.91861 -5.843576 -30.98683
v -39.91859 -4.948296 -30.98681
v -43.22172 -4.948141 -37.1533
v -43.22173 -5.843421 -37.15332
v -39.91861 -5.843576 -30.98683
v -36.95724 -5.843576 -32.5731
v -40.26037 -5.843421 -38.73959
v -40.26036 -4.948141 -38.73957
v -36.95724 -4.948296 -32.57308
f 4590 4592 4593
f 4590 4593 4591
f 4598 4594 4595
f 4598 4595 4599
f 4600 4596 4597
f 4600 4597 4601
f 4602 4603 4604
f 4602 4604 4605
f 4606 4607 4608
f 4606 4608 4609
f 4610 4611 4612
f 4610 4612 4613
v -36.96339 -5.837927 -32.56965
v -39.93448 -5.837927 -30.97816
v -37.05785 -5.837923 -32.74599
v -40.02894 -5.837923 -31.1545
v -37.0579 -10.27025 -32.74607
v -40.02899 -10.27025 -31.15459
v -36.96344 -10.27025 -32.56973
v -39.93453 -10.27025 -30.97825
v -37.05785 -5.837923 -32.74599
v -40.02894 -5.837923 -31.1545
v -37.0579 -10.27025 -32.74607
v -40.02899 -10.27025 -31.15459
v -36.96344 -10.27025 -32.56973
v -36.96339 -5.837927 -32.56965
v -39.93448 -5.837927 -30.97816
v -39.93453 -10.27025 -30.97825
v -39.93448 -5.837927 -30.97816
v -40.02894 -5.837923 -31.1545
v -40.02899 -10.27025 -31.15459
v -39.93453 -10.27025 -30.97825
v -36.96344 -10.27025 -32.56973
v -37.0579 -10.27025 -32.74607
v -37.05785 -5.837923 -32.74599
v -36.96339 -5.837927 -32.56965
f 4614 4616 4617
f 4614 4617 4615
f 4622 4618 4619
f 4622 4619 4623
f 4624 4620 4621
f 4624 4621 4625
f 4626 4627 4628
f 4626 4628 4629
f 4630 4631 4632
f 4630 4632 4633
f 4634 4635 4636
f 4634 4636 4637
v -40.19162 -5.837765 -38.56633
v -43.1366 -5.837765 -36.98884
v -40.28608 -5.837761 -38.74267
v -43.23106 -5.837761 -37.16518
v -40.28612 -9.687195 -38.74275
v -43.23109 -9.687195 -37.16525
v -40.19167 -9.687199 -38.56641
v -43.13663 -9.6872 -36.98891
v -40.28608 -5.837761 -38.74267
v -43.23106 -5.837761 -37.16518
v -40.28612 -9.687195 -38.74275
v -43.23109 -9.687195 -37.16525
v -40.19167 -9.687199 -38.56641
v -40.19162 -5.837765 -38.56633
v -43.1366 -5.837765 -36.98884
v -43.13663 -9.6872 -36.98891
v -43.1366 -5.837765 -36.98884
v -43.23106 -5.837761 -37.16518
v -43.23109 -9.687195 -37.16525
v -43.13663 -9.6872 -36.98891
v -40.19167 -9.687199 -38.56641
v -40.28612 -9.687195 -38.74275
v -40.28608 -5.837761 -38.74267
v -40.19162 -5.837765 -38.56633
f 4638 4640 4641
f 4638 4641 4639
f 4646 4642 4643
f 4646 4643 4647
f 4648 4644 4645
f 4648 4645 4649
f 4650 4651 4652
f 4650 4652 4653
f 4654 4655 4656
f 4654 4656 4657
f 4658 4659 4660
f 4658 4660 4661
v 11.15103 -11.08776 -42.89772
v 7.810169 -11.08776 -42.89835
v 11.15107 -11.08776 -43.09777
v 7.810206 -11.08776 -43.0984
v 11.15107 -14.93719 -43.09786
v 7.810207 -14.93719 -43.09848
v 11.15103 -14.9372 -42.89781
v 7.81017 -14.9372 -42.89844
v 11.15107 -11.08776 -43.09777
v 7.810206 -11.08776 -43.0984
v 11.15107 -14.93719 -43.09786
v 7.810207 -14.93719 -43.09848
v 11.15103 -14.9372 -42.89781
v 11.15103 -11.08776 -42.89772
v 7.810169 -11.08776 -42.89835
v 7.81017 -14.9372 -42.89844
v 7.810169 -11.08776 -42.89835
v 7.810206 -11.08776 -43.0984
v 7.810207 -14.93719 -43.09848
v 7.81017 -14.9372 -42.89844
v 11.15103 -14.9372 -42.89781
v 11.15107 -14.93719 -43.09786
v 11.15107 -11.08776 -43.09777
v 11.15103 -11.08776 -42.89772
f 4662 4664 4665
f 4662 4665 4663
f 4670 4666 4667
f 4670 4667 4671
f 4672 4668 4669
f 4672 4669 4673
f 4674 4675 4676
f 4674 4676 4677
f 4678 4679 4680
f 4678 4680 4681
f 4682 4683 4684
f 4682 4684 4685
v 11.17096 -10.19829 -36.08744
v 7.811513 -10.1983 -36.08807
v 11.17227 -10.19814 -43.08289
v 7.812825 -10.19814 -43.08352
v 11.17227 -11.09342 -43.08291
v 7.812825 -11.09342 -43.08354
v 11.17096 -11.09358 -36.08746
v 7.811513 -11.09358 -36.08809
v 11.17227 -10.19814 -43.08289
v 7.812825 -10.19814 -43.08352
v 11.17227 -11.09342 -43.08291
v 7.812825 -11.09342 -43.08354
v 11.17096 -11.09358 -36.08746
v 11.17096 -10.19829 -36.08744
v 7.811513 -10.1983 -36.08807
v 7.811513 -11.09358 -36.08809
v 7.811513 -10.1983 -36.08807
v 7.812825 -10.19814 -43.08352
v 7.812825 -11.09342 -43.08354
v 7.811513 -11.09358 -36.08809
v 11.17096 -11.09358 -36.08746
v 11.17227 -11.09342 -43.08291
v 11.17227 -10.19814 -43.08289
v 11.17096 -10.19829 -36.08744
f 4686 4688 4689
f 4686 4689 4687
f 4694 4690 4691
f 4694 4691 4695
f 4696 4692 4693
f 4696 4693 4697
f 4698 4699 4700
f 4698 4700 4701
f 4702 4703 4704
f 4702 4704 4705
f 4706 4707 4708
f 4706 4708 4709
v 11.16391 -11.08793 -36.08733
v 7.793426 -11.08793 -36.08796
v 11.16395 -11.08792 -36.28737
v 7.793463 -11.08792 -36.28801
v 11.16395 -15.52025 -36.28747
v 7.793464 -15.52025 -36.28811
v 11.16392 -15.52025 -36.08743
v 7.793427 -15.52025 -36.08806
v 11.16395 -11.08792 -36.28737
v 7.793463 -11.08792 -36.28801
v 11.16395 -15.52025 -36.28747
v 7.793464 -15.52025 -36.28811
v 11.16392 -15.52025 -36.08743
v 11.16391 -11.08793 -36.08733
v 7.793426 -11.08793 -36.08796
v 7.793427 -15.52025 -36.08806
v 7.793426 -11.08793 -36.08796
v 7.793463 -11.08792 -36.28801
v 7.793464 -15.52025 -36.28811
v 7.793427 -15.52025 -36.08806
v 11.16392 -15.52025 -36.08743
v 11.16395 -15.52025 -36.28747
v 11.16395 -11.08792 -36.28737
v 11.16391 -11.08793 -36.08733
f 4710 4712 4713
f 4710 4713 4711
f 4718 4714 4715
f 4718 4715 4719
f 4720 4716 4717
f 4720 4717 4721
f 4722 4723 4724
f 4722 4724 4725
f 4726 4727 4728
f 4726 4728 4729
f 4730 4731 4732
f 4730 4732 4733
v -24.73295 -16.83793 -9.465042
v -24.73435 -16.83793 -6.094553
v -24.93299 -16.83792 -9.465126
v -24.9344 -16.83792 -6.094637
v -24.93309 -21.27025 -9.465126
v -24.9345 -21.27025 -6.094637
v -24.73305 -21.27025 -9.465042
v -24.73445 -21.27025 -6.094553
v -24.93299 -16.83792 -9.465126
v -24.9344 -16.83792 -6.094637
v -24.93309 -21.27025 -9.465126
v -24.9345 -21.27025 -6.094637
v -24.73305 -21.27025 -9.465042
v -24.73295 -16.83793 -9.465042
v -24.73435 -16.83793 -6.094553
v -24.73445 -21.27025 -6.094553
v -24.73435 -16.83793 -6.094553
v -24.9344 -16.83792 -6.094637
v -24.9345 -21.27025 -6.094637
v -24.73445 -21.27025 -6.094553
v -24.73305 -21.27025 -9.465042
v -24.93309 -21.27025 -9.465126
v -24.93299 -16.83792 -9.465126
v -24.73295 -16.83793 -9.465042
f 4734 4736 4737
f 4734 4737 4735
f 4742 4738 4739
f 4742 4739 4743
f 4744 4740 4741
f 4744 4741 4745
f 4746 4747 4748
f 4746 4748 4749
f 4750 4751 4752
f 4750 4752 4753
f 4754 4755 4756
f 4754 4756 4757
v -24.73306 -15.9483 -9.472091
v -24.73446 -15.9483 -6.112641
v -31.72851 -15.94814 -9.475011
v -31.72991 -15.94814 -6.115561
v -31.72853 -16.84342 -9.475011
v -31.72993 -16.84342 -6.115561
v -24.73308 -16.84358 -9.472091
v -24.73448 -16.84358 -6.112641
v -31.72851 -15.94814 -9.475011
v -31.72991 -15.94814 -6.115561
v -31.72853 -16.84342 -9.475011
v -31.72993 -16.84342 -6.115561
v -24.73308 -16.84358 -9.472091
v -24.73306 -15.9483 -9.472091
v -24.73446 -15.9483 -6.112641
v -24.73448 -16.84358 -6.112641
v -24.73446 -15.9483 -6.112641
v -31.72991 -15.94814 -6.115561
v -31.72993 -16.84342 -6.115561
v -24.73448 -16.84358 -6.112641
v -24.73308 -16.84358 -9.472091
v -31.72853 -16.84342 -9.475011
v -31.72851 -15.94814 -9.475011
v -24.73306 -15.9483 -9.472091
f 4758 4760 4761
f 4758 4761 4759
f 4766 4762 4763
f 4766 4763 4767
f 4768 4764 4765
f 4768 4765 4769
f 4770 4771 4772
f 4770 4772 4773
f 4774 4775 4776
f 4774 4776 4777
f 4778 4779 4780
f 4778 4780 4781
v -31.54335 -16.83776 -9.453722
v -31.54474 -16.83777 -6.112863
v -31.74339 -16.83776 -9.453805
v -31.74479 -16.83776 -6.112946
v -31.74348 -20.68719 -9.453805
v -31.74487 -20.68719 -6.112946
v -31.54343 -20.6872 -9.453722
v -31.54483 -20.6872 -6.112863
v -31.74339 -16.83776 -9.453805
v -31.74479 -16.83776 -6.112946
v -31.74348 -20.68719 -9.453805
v -31.74487 -20.68719 -6.112946
v -31.54343 -20.6872 -9.453722
v -31.54335 -16.83776 -9.453722
v -31.54474 -16.83777 -6.112863
v -31.54483 -20.6872 -6.112863
v -31.54474 -16.83777 -6.112863
v -31.74479 -16.83776 -6.112946
v -31.74487 -20.68719 -6.112946
v -31.54483 -20.6872 -6.112863
v -31.54343 -20.6872 -9.453722
v -31.74348 -20.68719 -9.453805
v -31.74339 -16.83776 -9.453805
v -31.54335 -16.83776 -9.453722
f 4782 4784 4785
f 4782 4785 4783
f 4790 4786 4787
f 4790 4787 4791
f 4792 4788 4789
f 4792 4789 4793
f 4794 4795 4796
f 4794 4796 4797
f 4798 4799 4800
f 4798 4800 4801
f 4802 4803 4804
f 4802 4804 4805
v 46.1811 -16.33777 15.07439
v 46.18066 -16.33777 11.73354
v 46.38115 -16.33776 15.07437
v 46.38071 -16.33776 11.73351
v 46.38123 -20.18719 15.07437
v 46.38079 -20.18719 11.73351
v 46.18119 -20.1872 15.0744
v 46.18074 -20.1872 11.73354
v 46.38115 -16.33776 15.07437
v 46.38071 -16.33776 11.73351
v 46.38123 -20.18719 15.07437
v 46.38079 -20.18719 11.73351
v 46.18119 -20.1872 15.0744
v 46.1811 -16.33777 15.07439
v 46.18066 -16.33777 11.73354
v 46.18074 -20.1872 11.73354
v 46.18066 -16.33777 11.73354
v 46.38071 -16.33776 11.73351
v 46.38079 -20.18719 11.73351
v 46.18074 -20.1872 11.73354
v 46.18119 -20.1872 15.0744
v 46.38123 -20.18719 15.07437
v 46.38115 -16.33776 15.07437
v 46.1811 -16.33777 15.07439
f 4806 4808 4809
f 4806 4809 4807
f 4814 4810 4811
f 4814 4811 4815
f 4816 4812 4813
f 4816 4813 4817
f 4818 4819 4820
f 4818 4820 4821
f 4822 4823 4824
f 4822 4824 4825
f 4826 4827 4828
f 4826 4828 4829
v 39.37083 -15.4483 15.0965
v 39.37039 -15.4483 11.73706
v 46.36627 -15.44814 15.09558
v 46.36583 -15.44814 11.73613
v 46.36629 -16.34342 15.09558
v 46.36585 -16.34342 11.73613
v 39.37085 -16.34358 15.09651
v 39.37041 -16.34358 11.73706
v 46.36627 -15.44814 15.09558
v 46.36583 -15.44814 11.73613
v 46.36629 -16.34342 15.09558
v 46.36585 -16.34342 11.73613
v 39.37085 -16.34358 15.09651
v 39.37083 -15.4483 15.0965
v 39.37039 -15.4483 11.73706
v 39.37041 -16.34358 11.73706
v 39.37039 -15.4483 11.73706
v 46.36583 -15.44814 11.73613
v 46.36585 -16.34342 11.73613
v 39.37041 -16.34358 11.73706
v 39.37085 -16.34358 15.09651
v 46.36629 -16.34342 15.09558
v 46.36627 -15.44814 15.09558
v 39.37083 -15.4483 15.0965
f 4830 4832 4833
f 4830 4833 4831
f 4838 4834 4835
f 4838 4835 4839
f 4840 4836 4837
f 4840 4837 4841
f 4842 4843 4844
f 4842 4844 4845
f 4846 4847 4848
f 4846 4848 4849
f 4850 4851 4852
f 4850 4852 4853
v 39.37071 -16.33793 15.08946
v 39.37027 -16.33793 11.71897
v 39.57076 -16.33792 15.08943
v 39.57031 -16.33792 11.71894
v 39.57086 -20.77025 15.08943
v 39.57041 -20.77025 11.71894
v 39.37081 -20.77025 15.08946
v 39.37037 -20.77025 11.71897
v 39.57076 -16.33792 15.08943
v 39.57031 -16.33792 11.71894
v 39.57086 -20.77025 15.08943
v 39.57041 -20.77025 11.71894
v 39.37081 -20.77025 15.08946
v 39.37071 -16.33793 15.08946
v 39.37027 -16.33793 11.71897
v 39.37037 -20.77025 11.71897
v 39.37027 -16.33793 11.71897
v 39.57031 -16.33792 11.71894
v 39.57041 -20.77025 11.71894
v 39.37037 -20.77025 11.71897
v 39.37081 -20.77025 15.08946
v 39.57086 -20.77025 15.08943
v 39.57076 -16.33792 15.08943
v 39.37071 -16.33793 15.08946
f 4854 4856 4857
f 4854 4857 4855
f 4862 4858 4859
f 4862 4859 4863
f 4864 4860 4861
f 4864 4861 4865
f 4866 4867 4868
f 4866 4868 4869
f 4870 4871 4872
f 4870 4872 4873
f 4874 4875 4876
f 4874 4876 4877
v 32.12083 -15.4483 -5.913494
v 32.12039 -15.4483 -9.272943
v 39.11627 -15.44814 -5.914417
v 39.11583 -15.44814 -9.273866
v 39.11629 -16.34342 -5.914417
v 39.11585 -16.34342 -9.273866
v 32.12085 -16.34358 -5.913494
v 32.12041 -16.34358 -9.272942
v 39.11627 -15.44814 -5.914417
v 39.11583 -15.44814 -9.273866
v 39.11629 -16.34342 -5.914417
v 39.11585 -16.34342 -9.273866
v 32.12085 -16.34358 -5.913494
v 32.12083 -15.4483 -5.913494
v 32.12039 -15.4483 -9.272943
v 32.12041 -16.34358 -9.272942
v 32.12039 -15.4483 -9.272943
v 39.11583 -15.44814 -9.273866
v 39.11585 -16.34342 -9.273866
v 32.12041 -16.34358 -9.272942
v 32.12085 -16.34358 -5.913494
v 39.11629 -16.34342 -5.914417
v 39.11627 -15.44814 -5.914417
v 32.12083 -15.4483 -5.913494
f 4878 4880 4881
f 4878 4881 4879
f 4886 4882 4883
f 4886 4883 4887
f 4888 4884 4885
f 4888 4885 4889
f 4890 4891 4892
f 4890 4892 4893
f 4894 4895 4896
f 4894 4896 4897
f 4898 4899 4900
f 4898 4900 4901
v 32.12071 -16.33793 -5.920542
v 32.12027 -16.33793 -9.29103
v 32.32076 -16.33792 -5.920568
v 32.32031 -16.33792 -9.291057
v 32.32086 -20.77025 -5.920567
v 32.32041 -20.77025 -9.291056
v 32.12081 -20.77025 -5.920541
v 32.12037 -20.77025 -9.291029
v 32.32076 -16.33792 -5.920568
v 32.32031 -16.33792 -9.291057
v 32.32086 -20.77025 -5.920567
v 32.32041 -20.77025 -9.291056
v 32.12081 -20.77025 -5.920541
v 32.12071 -16.33793 -5.920542
v 32.12027 -16.33793 -9.29103
v 32.12037 -20.77025 -9.291029
v 32.12027 -16.33793 -9.29103
v 32.32031 -16.33792 -9.291057
v 32.32041 -20.77025 -9.291056
v 32.12037 -20.77025 -9.291029
v 32.12081 -20.77025 -5.920541
v 32.32086 -20.77025 -5.920567
v 32.32076 -16.33792 -5.920568
v 32.12071 -16.33793 -5.920542
f 4902 4904 4905
f 4902 4905 4903
f 4910 4906 4907
f 4910 4907 4911
f 4912 4908 4909
f 4912 4909 4913
f 4914 4915 4916
f 4914 4916 4917
f 4918 4919 4920
f 4918 4920 4921
f 4922 4923 4924
f 4922 4924 4925
v 38.9311 -16.33777 -5.935604
v 38.93066 -16.33777 -9.276463
v 39.13115 -16.33776 -5.935631
v 39.13071 -16.33776 -9.276488
v 39.13123 -20.18719 -5.93563
v 39.13079 -20.18719 -9.276487
v 38.93119 -20.1872 -5.935603
v 38.93074 -20.1872 -9.276462
v 39.13115 -16.33776 -5.935631
v 39.13071 -16.33776 -9.276488
v 39.13123 -20.18719 -5.93563
v 39.13079 -20.18719 -9.276487
v 38.93119 -20.1872 -5.935603
v 38.9311 -16.33777 -5.935604
v 38.93066 -16.33777 -9.276463
v 38.93074 -20.1872 -9.276462
v 38.93066 -16.33777 -9.276463
v 39.13071 -16.33776 -9.276488
v 39.13079 -20.18719 -9.276487
v 38.93074 -20.1872 -9.276462
v 38.93119 -20.1872 -5.935603
v 39.13123 -20.18719 -5.93563
v 39.13115 -16.33776 -5.935631
v 38.9311 -16.33777 -5.935604
f 4926 4928 4929
f 4926 4929 4927
f 4934 4930 4931
f 4934 4931 4935
f 4936 4932 4933
f 4936 4933 4937
f 4938 4939 4940
f 4938 4940 4941
f 4942 4943 4944
f 4942 4944 4945
f 4946 4947 4948
f 4946 4948 4949
v 38.9311 -16.33777 15.07439
v 38.93066 -16.33777 11.73354
v 39.13115 -16.33776 15.07437
v 39.13071 -16.33776 11.73351
v 39.13123 -20.18719 15.07437
v 39.13079 -20.18719 11.73351
v 38.93119 -20.1872 15.0744
v 38.93074 -20.1872 11.73354
v 39.13115 -16.33776 15.07437
v 39.13071 -16.33776 11.73351
v 39.13123 -20.18719 15.07437
v 39.13079 -20.18719 11.73351
v 38.93119 -20.1872 15.0744
v 38.9311 -16.33777 15.07439
v 38.93066 -16.33777 11.73354
v 38.93074 -20.1872 11.73354
v 38.93066 -16.33777 11.73354
v 39.13071 -16.33776 11.73351
v 39.13079 -20.18719 11.73351
v 38.93074 -20.1872 11.73354
v 38.93119 -20.1872 15.0744
v 39.13123 -20.18719 15.07437
v 39.13115 -16.33776 15.07437
v 38.9311 -16.33777 15.07439
f 4950 4952 4953
f 4950 4953 4951
f 4958 4954 4955
f 4958 4955 4959
f 4960 4956 4957
f 4960 4957 4961
f 4962 4963 4964
f 4962 4964 4965
f 4966 4967 4968
f 4966 4968 4969
f 4970 4971 4972
f 4970 4972 4973
v 32.12083 -15.4483 15.0965
v 32.12039 -15.4483 11.73706
v 39.11627 -15.44814 15.09558
v 39.11583 -15.44814 11.73613
v 39.11629 -16.34342 15.09558
v 39.11585 -16.34342 11.73613
v 32.12085 -16.34358 15.09651
v 32.12041 -16.34358 11.73706
v 39.11627 -15.44814 15.09558
v 39.11583 -15.44814 11.73613
v 39.11629 -16.34342 15.09558
v 39.11585 -16.34342 11.73613
v 32.12085 -16.34358 15.09651
v 32.12083 -15.4483 15.0965
v 32.12039 -15.4483 11.73706
v 32.12041 -16.34358 11.73706
v 32.12039 -15.4483 11.73706
v 39.11583 -15.44814 11.73613
v 39.11585 -16.34342 11.73613
v 32.12041 -16.34358 11.73706
v 32.12085 -16.34358 15.09651
v 39.11629 -16.34342 15.09558
v 39.11627 -15.44814 15.09558
v 32.12083 -15.4483 15.0965
f 4974 4976 4977
f 4974 4977 4975
f 4982 4978 4979
f 4982 4979 4983
f 4984 4980 4981
f 4984 4981 4985
f 4986 4987 4988
f 4986 4988 4989
f 4990 4991 4992
f 4990 4992 4993
f 4994 4995 4996
f 4994 4996 4997
v 32.12071 -16.33793 15.08946
v 32.12027 -16.33793 11.71897
v 32.32076 -16.33792 15.08943
v 32.32031 -16.33792 11.71894
v 32.32086 -20.77025 15.08943
v 32.32041 -20.77025 11.71894
v 32.12081 -20.77025 15.08946
v 32.12037 -20.77025 11.71897
v 32.32076 -16.33792 15.08943
v 32.32031 -16.33792 11.71894
v 32.32086 -20.77025 15.08943
v 32.32041 -20.77025 11.71894
v 32.12081 -20.77025 15.08946
v 32.12071 -16.33793 15.08946
v 32.12027 -16.33793 11.71897
v 32.12037 -20.77025 11.71897
v 32.12027 -16.33793 11.71897
v 32.32031 -16.33792 11.71894
v 32.32041 -20.77025 11.71894
v 32.12037 -20.77025 11.71897
v 32.12081 -20.77025 15.08946
v 32.32086 -20.77025 15.08943
v 32.32076 -16.33792 15.08943
v 32.12071 -16.33793 15.08946
f 4998 5000 5001
f 4998 5001 4999
f 5006 5002 5003
f 5006 5003 5007
f 5008 5004 5005
f 5008 5005 5009
f 5010 5011 5012
f 5010 5012 5013
f 5014 5015 5016
f 5014 5016 5017
f 5018 5019 5020
f 5018 5020 5021
v 38.9311 -16.33777 4.474396
v 38.93066 -16.33777 1.133538
v 39.13115 -16.33776 4.474369
v 39.13071 -16.33776 1.133511
v 39.13123 -20.18719 4.47437
v 39.13079 -20.18719 1.133512
v 38.93119 -20.1872 4.474397
v 38.93074 -20.1872 1.133539
v 39.13115 -16.33776 4.474369
v 39.13071 -16.33776 1.133511
v 39.13123 -20.18719 4.47437
v 39.13079 -20.18719 1.133512
v 38.93119 -20.1872 4.474397
v 38.9311 -16.33777 4.474396
v 38.93066 -16.33777 1.133538
v 38.93074 -20.1872 1.133539
v 38.93066 -16.33777 1.133538
v 39.13071 -16.33776 1.133511
v 39.13079 -20.18719 1.133512
v 38.93074 -20.1872 1.133539
v 38.93119 -20.1872 4.474397
v 39.13123 -20.18719 4.47437
v 39.13115 -16.33776 4.474369
v 38.9311 -16.33777 4.474396
f 5022 5024 5025
f 5022 5025 5023
f 5030 5026 5027
f 5030 5027 5031
f 5032 5028 5029
f 5032 5029 5033
f 5034 5035 5036
f 5034 5036 5037
f 5038 5039 5040
f 5038 5040 5041
f 5042 5043 5044
f 5042 5044 5045
v 32.12071 -16.33793 4.489458
v 32.12027 -16.33793 1.11897
v 32.32076 -16.33792 4.489431
v 32.32031 -16.33792 1.118944
v 32.32086 -20.77025 4.489433
v 32.32041 -20.77025 1.118945
v 32.12081 -20.77025 4.489459
v 32.12037 -20.77025 1.118971
v 32.32076 -16.33792 4.489431
v 32.32031 -16.33792 1.118944
v 32.32086 -20.77025 4.489433
v 32.32041 -20.77025 1.118945
v 32.12081 -20.77025 4.489459
v 32.12071 -16.33793 4.489458
v 32.12027 -16.33793 1.11897
v 32.12037 -20.77025 1.118971
v 32.12027 -16.33793 1.11897
v 32.32031 -16.33792 1.118944
v 32.32041 -20.77025 1.118945
v 32.12037 -20.77025 1.118971
v 32.12081 -20.77025 4.489459
v 32.32086 -20.77025 4.489433
v 32.32076 -16.33792 4.489431
v 32.12071 -16.33793 4.489458
f 5046 5048 5049
f 5046 5049 5047
f 5054 5050 5051
f 5054 5051 5055
f 5056 5052 5053
f 5056 5053 5057
f 5058 5059 5060
f 5058 5060 5061
f 5062 5063 5064
f 5062 5064 5065
f 5066 5067 5068
f 5066 5068 5069
v 32.12083 -15.4483 4.496506
v 32.12039 -15.4483 1.137058
v 39.11627 -15.44814 4.495583
v 39.11583 -15.44814 1.136134
v 39.11629 -16.34342 4.495583
v 39.11585 -16.34342 1.136134
v 32.12085 -16.34358 4.496506
v 32.12041 -16.34358 1.137058
v 39.11627 -15.44814 4.495583
v 39.11583 -15.44814 1.136134
v 39.11629 -16.34342 4.495583
v 39.11585 -16.34342 1.136134
v 32.12085 -16.34358 4.496506
v 32.12083 -15.4483 4.496506
v 32.12039 -15.4483 1.137058
v 32.12041 -16.34358 1.137058
v 32.12039 -15.4483 1.137058
v 39.11583 -15.44814 1.136134
v 39.11585 -16.34342 1.136134
v 32.12041 -16.34358 1.137058
v 32.12085 -16.34358 4.496506
v 39.11629 -16.34342 4.495583
v 39.11627 -15.44814 4.495583
v 32.12083 -15.4483 4.496506
f 5070 5072 5073
f 5070 5073 5071
f 5078 5074 5075
f 5078 5075 5079
f 5080 5076 5077
f 5080 5077 5081
f 5082 5083 5084
f 5082 5084 5085
f 5086 5087 5088
f 5086 5088 5089
f 5090 5091 5092
f 5090 5092 5093
v -0.8593922 -17.16839 -9.920827
v -1.199625 -17.16839 -10.52208
v -0.2614657 -17.16839 -10.25918
v -0.6016988 -17.16839 -10.86043
v -0.2614658 -17.97654 -10.25918
v -0.6016989 -17.97654 -10.86043
v -0.8593922 -17.97654 -9.920827
v -1.199625 -17.97654 -10.52208
v -0.2614657 -17.16839 -10.25918
v -0.6016988 -17.16839 -10.86043
v -0.2614658 -17.97654 -10.25918
v -0.6016989 -17.97654 -10.86043
v -0.8593922 -17.97654 -9.920827
v -0.8593922 -17.16839 -9.920827
v -1.199625 -17.16839 -10.52208
v -1.199625 -17.97654 -10.52208
v -1.199625 -17.16839 -10.52208
v -0.6016988 -17.16839 -10.86043
v -0.6016989 -17.97654 -10.86043
v -1.199625 -17.97654 -10.52208
v -0.8593922 -17.97654 -9.920827
v -0.2614658 -17.97654 -10.25918
v -0.2614657 -17.16839 -10.25918
v -0.8593922 -17.16839 -9.920827
f 5094 5096 5097
f 5094 5097 5095
f 5102 5098 5099
f 5102 5099 5103
f 5104 5100 5101
f 5104 5101 5105
f 5106 5107 5108
f 5106 5108 5109
f 5110 5111 5112
f 5110 5112 5113
f 5114 5115 5116
f 5114 5116 5117
v 26.37171 -15.4483 -29.62268
v 23.34936 -15.4483 -31.08942
v 29.42591 -15.44814 -35.91618
v 26.40356 -15.44814 -37.38291
v 29.42592 -16.34342 -35.91619
v 26.40357 -16.34342 -37.38293
v 26.37172 -16.34358 -29.6227
v 23.34937 -16.34358 -31.08943
v 29.42591 -15.44814 -35.91618
v 26.40356 -15.44814 -37.38291
v 29.42592 -16.34342 -35.91619
v 26.40357 -16.34342 -37.38293
v 26.37172 -16.34358 -29.6227
v 26.37171 -15.4483 -29.62268
v 23.34936 -15.4483 -31.08942
v 23.34937 -16.34358 -31.08943
v 23.34936 -15.4483 -31.08942
v 26.40356 -15.44814 -37.38291
v 26.40357 -16.34342 -37.38293
v 23.34937 -16.34358 -31.08943
v 26.37172 -16.34358 -29.6227
v 29.42592 -16.34342 -35.91619
v 29.42591 -15.44814 -35.91618
v 26.37171 -15.4483 -29.62268
f 5118 5120 5121
f 5118 5121 5119
f 5126 5122 5123
f 5126 5123 5127
f 5128 5124 5125
f 5128 5125 5129
f 5130 5131 5132
f 5130 5132 5133
f 5134 5135 5136
f 5134 5136 5137
f 5138 5139 5140
f 5138 5140 5141
v 26.36531 -16.33793 -29.62565
v 23.33303 -16.33793 -31.09721
v 26.45265 -16.33792 -29.80563
v 23.42037 -16.33792 -31.27718
v 26.4527 -20.77025 -29.80571
v 23.42042 -20.77025 -31.27727
v 26.36536 -20.77025 -29.62574
v 23.33307 -20.77025 -31.09729
v 26.45265 -16.33792 -29.80563
v 23.42037 -16.33792 -31.27718
v 26.4527 -20.77025 -29.80571
v 23.42042 -20.77025 -31.27727
v 26.36536 -20.77025 -29.62574
v 26.36531 -16.33793 -29.62565
v 23.33303 -16.33793 -31.09721
v 23.33307 -20.77025 -31.09729
v 23.33303 -16.33793 -31.09721
v 23.42037 -16.33792 -31.27718
v 23.42042 -20.77025 -31.27727
v 23.33307 -20.77025 -31.09729
v 26.36536 -20.77025 -29.62574
v 26.4527 -20.77025 -29.80571
v 26.45265 -16.33792 -29.80563
v 26.36531 -16.33793 -29.62565
f 5142 5144 5145
f 5142 5145 5143
f 5150 5146 5147
f 5150 5147 5151
f 5152 5148 5149
f 5152 5149 5153
f 5154 5155 5156
f 5154 5156 5157
f 5158 5159 5160
f 5158 5160 5161
f 5162 5163 5164
f 5162 5164 5165
v 29.32599 -16.33776 -35.75885
v 26.32036 -16.33776 -37.21747
v 29.41333 -16.33776 -35.93882
v 26.4077 -16.33776 -37.39744
v 29.41336 -20.18719 -35.9389
v 26.40774 -20.18719 -37.39752
v 29.32602 -20.1872 -35.75893
v 26.3204 -20.1872 -37.21754
v 29.41333 -16.33776 -35.93882
v 26.4077 -16.33776 -37.39744
v 29.41336 -20.18719 -35.9389
v 26.40774 -20.18719 -37.39752
v 29.32602 -20.1872 -35.75893
v 29.32599 -16.33776 -35.75885
v 26.32036 -16.33776 -37.21747
v 26.3204 -20.1872 -37.21754
v 26.32036 -16.33776 -37.21747
v 26.4077 -16.33776 -37.39744
v 26.40774 -20.18719 -37.39752
v 26.3204 -20.1872 -37.21754
v 29.32602 -20.1872 -35.75893
v 29.41336 -20.18719 -35.9389
v 29.41333 -16.33776 -35.93882
v 29.32599 -16.33776 -35.75885
f 5166 5168 5169
f 5166 5169 5167
f 5174 5170 5171
f 5174 5171 5175
f 5176 5172 5173
f 5176 5173 5177
f 5178 5179 5180
f 5178 5180 5181
f 5182 5183 5184
f 5182 5184 5185
f 5186 5187 5188
f 5186 5188 5189
v 36.43731 -16.83776 -24.08871
v 33.43168 -16.83776 -25.54733
v 36.52465 -16.83776 -24.26869
v 33.51902 -16.83776 -25.72731
v 36.52468 -20.68719 -24.26876
v 33.51906 -20.68719 -25.72738
v 36.43734 -20.6872 -24.08879
v 33.43172 -20.6872 -25.54741
v 36.52465 -16.83776 -24.26869
v 33.51902 -16.83776 -25.72731
v 36.52468 -20.68719 -24.26876
v 33.51906 -20.68719 -25.72738
v 36.43734 -20.6872 -24.08879
v 36.43731 -16.83776 -24.08871
v 33.43168 -16.83776 -25.54733
v 33.43172 -20.6872 -25.54741
v 33.43168 -16.83776 -25.54733
v 33.51902 -16.83776 -25.72731
v 33.51906 -20.68719 -25.72738
v 33.43172 -20.6872 -25.54741
v 36.43734 -20.6872 -24.08879
v 36.52468 -20.68719 -24.26876
v 36.52465 -16.83776 -24.26869
v 36.43731 -16.83776 -24.08871
f 5190 5192 5193
f 5190 5193 5191
f 5198 5194 5195
f 5198 5195 5199
f 5200 5196 5197
f 5200 5197 5201
f 5202 5203 5204
f 5202 5204 5205
f 5206 5207 5208
f 5206 5208 5209
f 5210 5211 5212
f 5210 5212 5213
v 33.47663 -16.83793 -17.95552
v 30.44435 -16.83793 -19.42707
v 33.56398 -16.83792 -18.13549
v 30.53169 -16.83792 -19.60704
v 33.56402 -21.27025 -18.13558
v 30.53174 -21.27025 -19.60713
v 33.47668 -21.27025 -17.9556
v 30.4444 -21.27025 -19.42716
v 33.56398 -16.83792 -18.13549
v 30.53169 -16.83792 -19.60704
v 33.56402 -21.27025 -18.13558
v 30.53174 -21.27025 -19.60713
v 33.47668 -21.27025 -17.9556
v 33.47663 -16.83793 -17.95552
v 30.44435 -16.83793 -19.42707
v 30.4444 -21.27025 -19.42716
v 30.44435 -16.83793 -19.42707
v 30.53169 -16.83792 -19.60704
v 30.53174 -21.27025 -19.60713
v 30.4444 -21.27025 -19.42716
v 33.47668 -21.27025 -17.9556
v 33.56402 -21.27025 -18.13558
v 33.56398 -16.83792 -18.13549
v 33.47663 -16.83793 -17.95552
f 5214 5216 5217
f 5214 5217 5215
f 5222 5218 5219
f 5222 5219 5223
f 5224 5220 5221
f 5224 5221 5225
f 5226 5227 5228
f 5226 5228 5229
f 5230 5231 5232
f 5230 5232 5233
f 5234 5235 5236
f 5234 5236 5237
v 33.48303 -15.9483 -17.95255
v 30.46068 -15.9483 -19.41928
v 36.53724 -15.94814 -24.24604
v 33.51488 -15.94814 -25.71278
v 36.53724 -16.84342 -24.24606
v 33.51489 -16.84342 -25.71279
v 33.48304 -16.84358 -17.95256
v 30.46069 -16.84358 -19.4193
v 36.53724 -15.94814 -24.24604
v 33.51488 -15.94814 -25.71278
v 36.53724 -16.84342 -24.24606
v 33.51489 -16.84342 -25.71279
v 33.48304 -16.84358 -17.95256
v 33.48303 -15.9483 -17.95255
v 30.46068 -15.9483 -19.41928
v 30.46069 -16.84358 -19.4193
v 30.46068 -15.9483 -19.41928
v 33.51488 -15.94814 -25.71278
v 33.51489 -16.84342 -25.71279
v 30.46069 -16.84358 -19.4193
v 33.48304 -16.84358 -17.95256
v 36.53724 -16.84342 -24.24606
v 36.53724 -15.94814 -24.24604
v 33.48303 -15.9483 -17.95255
f 5238 5240 5241
f 5238 5241 5239
f 5246 5242 5243
f 5246 5243 5247
f 5248 5244 5245
f 5248 5245 5249
f 5250 5251 5252
f 5250 5252 5253
f 5254 5255 5256
f 5254 5256 5257
f 5258 5259 5260
f 5258 5260 5261
v 39.37071 -11.08793 -5.920542
v 39.37027 -11.08793 -9.29103
v 39.57076 -11.08792 -5.920568
v 39.57031 -11.08792 -9.291057
v 39.57086 -15.52025 -5.920567
v 39.57041 -15.52025 -9.291056
v 39.37081 -15.52025 -5.920541
v 39.37037 -15.52025 -9.291029
v 39.57076 -11.08792 -5.920568
v 39.57031 -11.08792 -9.291057
v 39.57086 -15.52025 -5.920567
v 39.57041 -15.52025 -9.291056
v 39.37081 -15.52025 -5.920541
v 39.37071 -11.08793 -5.920542
v 39.37027 -11.08793 -9.29103
v 39.37037 -15.52025 -9.291029
v 39.37027 -11.08793 -9.29103
v 39.57031 -11.08792 -9.291057
v 39.57041 -15.52025 -9.291056
v 39.37037 -15.52025 -9.291029
v 39.37081 -15.52025 -5.920541
v 39.57086 -15.52025 -5.920567
v 39.57076 -11.08792 -5.920568
v 39.37071 -11.08793 -5.920542
f 5262 5264 5265
f 5262 5265 5263
f 5270 5266 5267
f 5270 5267 5271
f 5272 5268 5269
f 5272 5269 5273
f 5274 5275 5276
f 5274 5276 5277
f 5278 5279 5280
f 5278 5280 5281
f 5282 5283 5284
f 5282 5284 5285
v 39.37083 -10.1983 -5.913494
v 39.37039 -10.1983 -9.272943
v 46.36627 -10.19814 -5.914417
v 46.36583 -10.19814 -9.273866
v 46.36629 -11.09342 -5.914417
v 46.36585 -11.09342 -9.273866
v 39.37085 -11.09358 -5.913494
v 39.37041 -11.09358 -9.272942
v 46.36627 -10.19814 -5.914417
v 46.36583 -10.19814 -9.273866
v 46.36629 -11.09342 -5.914417
v 46.36585 -11.09342 -9.273866
v 39.37085 -11.09358 -5.913494
v 39.37083 -10.1983 -5.913494
v 39.37039 -10.1983 -9.272943
v 39.37041 -11.09358 -9.272942
v 39.37039 -10.1983 -9.272943
v 46.36583 -10.19814 -9.273866
v 46.36585 -11.09342 -9.273866
v 39.37041 -11.09358 -9.272942
v 39.37085 -11.09358 -5.913494
v 46.36629 -11.09342 -5.914417
v 46.36627 -10.19814 -5.914417
v 39.37083 -10.1983 -5.913494
f 5286 5288 5289
f 5286 5289 5287
f 5294 5290 5291
f 5294 5291 5295
f 5296 5292 5293
f 5296 5293 5297
f 5298 5299 5300
f 5298 5300 5301
f 5302 5303 5304
f 5302 5304 5305
f 5306 5307 5308
f 5306 5308 5309
v 46.1811 -11.08777 -5.935604
v 46.18066 -11.08777 -9.276463
v 46.38115 -11.08776 -5.935631
v 46.38071 -11.08776 -9.276488
v 46.38123 -14.93719 -5.93563
v 46.38079 -14.93719 -9.276487
v 46.18119 -14.9372 -5.935603
v 46.18074 -14.9372 -9.276462
v 46.38115 -11.08776 -5.935631
v 46.38071 -11.08776 -9.276488
v 46.38123 -14.93719 -5.93563
v 46.38079 -14.93719 -9.276487
v 46.18119 -14.9372 -5.935603
v 46.1811 -11.08777 -5.935604
v 46.18066 -11.08777 -9.276463
v 46.18074 -14.9372 -9.276462
v 46.18066 -11.08777 -9.276463
v 46.38071 -11.08776 -9.276488
v 46.38079 -14.93719 -9.276487
v 46.18074 -14.9372 -9.276462
v 46.18119 -14.9372 -5.935603
v 46.38123 -14.93719 -5.93563
v 46.38115 -11.08776 -5.935631
v 46.1811 -11.08777 -5.935604
f 5310 5312 5313
f 5310 5313 5311
f 5318 5314 5315
f 5318 5315 5319
f 5320 5316 5317
f 5320 5317 5321
f 5322 5323 5324
f 5322 5324 5325
f 5326 5327 5328
f 5326 5328 5329
f 5330 5331 5332
f 5330 5332 5333
v 39.37071 -11.08793 15.08946
v 39.37027 -11.08793 11.71897
v 39.57076 -11.08792 15.08943
v 39.57031 -11.08792 11.71894
v 39.57086 -15.52025 15.08943
v 39.57041 -15.52025 11.71894
v 39.37081 -15.52025 15.08946
v 39.37037 -15.52025 11.71897
v 39.57076 -11.08792 15.08943
v 39.57031 -11.08792 11.71894
v 39.57086 -15.52025 15.08943
v 39.57041 -15.52025 11.71894
v 39.37081 -15.52025 15.08946
v 39.37071 -11.08793 15.08946
v 39.37027 -11.08793 11.71897
v 39.37037 -15.52025 11.71897
v 39.37027 -11.08793 11.71897
v 39.57031 -11.08792 11.71894
v 39.57041 -15.52025 11.71894
v 39.37037 -15.52025 11.71897
v 39.37081 -15.52025 15.08946
v 39.57086 -15.52025 15.08943
v 39.57076 -11.08792 15.08943
v 39.37071 -11.08793 15.08946
f 5334 5336 5337
f 5334 5337 5335
f 5342 5338 5339
f 5342 5339 5343
f 5344 5340 5341
f 5344 5341 5345
f 5346 5347 5348
f 5346 5348 5349
f 5350 5351 5352
f 5350 5352 5353
f 5354 5355 5356
f 5354 5356 5357
v 39.37083 -10.1983 15.0965
v 39.37039 -10.1983 11.73706
v 46.36627 -10.19814 15.09558
v 46.36583 -10.19814 11.73613
v 46.36629 -11.09342 15.09558
v 46.36585 -11.09342 11.73613
v 39.37085 -11.09358 15.09651
v 39.37041 -11.09358 11.73706
v 46.36627 -10.19814 15.09558
v 46.36583 -10.19814 11.73613
v 46.36629 -11.09342 15.09558
v 46.36585 -11.09342 11.73613
v 39.37085 -11.09358 15.09651
v 39.37083 -10.1983 15.0965
v 39.37039 -10.1983 11.73706
v 39.37041 -11.09358 11.73706
v 39.37039 -10.1983 11.73706
v 46.36583 -10.19814 11.73613
v 46.36585 -11.09342 11.73613
v 39.37041 -11.09358 11.73706
v 39.37085 -11.09358 15.09651
v 46.36629 -11.09342 15.09558
v 46.36627 -10.19814 15.09558
v 39.37083 -10.1983 15.0965
f 5358 5360 5361
f 5358 5361 5359
f 5366 5362 5363
f 5366 5363 5367
f 5368 5364 5365
f 5368 5365 5369
f 5370 5371 5372
f 5370 5372 5373
f 5374 5375 5376
f 5374 5376 5377
f 5378 5379 5380
f 5378 5380 5381
v 46.1811 -11.08777 15.07439
v 46.18066 -11.08777 11.73354
v 46.38115 -11.08776 15.07437
v 46.38071 -11.08776 11.73351
v 46.38123 -14.93719 15.07437
v 46.38079 -14.93719 11.73351
v 46.18119 -14.9372 15.0744
v 46.18074 -14.9372 11.73354
v 46.38115 -11.08776 15.07437
v 46.38071 -11.08776 11.73351
v 46.38123 -14.93719 15.07437
v 46.38079 -14.93719 11.73351
v 46.18119 -14.9372 15.0744
v 46.1811 -11.08777 15.07439
v 46.18066 -11.08777 11.73354
v 46.18074 -14.9372 11.73354
v 46.18066 -11.08777 11.73354
v 46.38071 -11.08776 11.73351
v 46.38079 -14.93719 11.73351
v 46.18074 -14.9372 11.73354
v 46.18119 -14.9372 15.0744
v 46.38123 -14.93719 15.07437
v 46.38115 -11.08776 15.07437
v 46.1811 -11.08777 15.07439
f 5382 5384 5385
f 5382 5385 5383
f 5390 5386 5387
f 5390 5387 5391
f 5392 5388 5389
f 5392 5389 5393
f 5394 5395 5396
f 5394 5396 5397
f 5398 5399 5400
f 5398 5400 5401
f 5402 5403 5404
f 5402 5404 5405
v -7.629037 -15.9483 -21.58745
v -10.98849 -15.9483 -21.58808
v -7.627726 -15.94814 -28.5829
v -10.98718 -15.94814 -28.58353
v -7.627726 -16.84342 -28.58292
v -10.98717 -16.84342 -28.58355
v -7.629037 -16.84358 -21.58747
v -10.98849 -16.84358 -21.5881
v -7.627726 -15.94814 -28.5829
v -10.98718 -15.94814 -28.58353
v -7.627726 -16.84342 -28.58292
v -10.98717 -16.84342 -28.58355
v -7.629037 -16.84358 -21.58747
v -7.629037 -15.9483 -21.58745
v -10.98849 -15.9483 -21.58808
v -10.98849 -16.84358 -21.5881
v -10.98849 -15.9483 -21.58808
v -10.98718 -15.94814 -28.58353
v -10.98717 -16.84342 -28.58355
v -10.98849 -16.84358 -21.5881
v -7.629037 -16.84358 -21.58747
v -7.627726 -16.84342 -28.58292
v -7.627726 -15.94814 -28.5829
v -7.629037 -15.9483 -21.58745
f 5406 5408 5409
f 5406 5409 5407
f 5414 5410 5411
f 5414 5411 5415
f 5416 5412 5413
f 5416 5413 5417
f 5418 5419 5420
f 5418 5420 5421
f 5422 5423 5424
f 5422 5424 5425
f 5426 5427 5428
f 5426 5428 5429
v -7.636086 -16.83793 -21.58733
v -11.00657 -16.83793 -21.58797
v -7.636048 -16.83792 -21.78738
v -11.00654 -16.83792 -21.78801
v -7.636047 -21.27025 -21.78748
v -11.00654 -21.27025 -21.78811
v -7.636085 -21.27025 -21.58743
v -11.00657 -21.27025 -21.58806
v -7.636048 -16.83792 -21.78738
v -11.00654 -16.83792 -21.78801
v -7.636047 -21.27025 -21.78748
v -11.00654 -21.27025 -21.78811
v -7.636085 -21.27025 -21.58743
v -7.636086 -16.83793 -21.58733
v -11.00657 -16.83793 -21.58797
v -11.00657 -21.27025 -21.58806
v -11.00657 -16.83793 -21.58797
v -11.00654 -16.83792 -21.78801
v -11.00654 -21.27025 -21.78811
v -11.00657 -21.27025 -21.58806
v -7.636085 -21.27025 -21.58743
v -7.636047 -21.27025 -21.78748
v -7.636048 -16.83792 -21.78738
v -7.636086 -16.83793 -21.58733
f 5430 5432 5433
f 5430 5433 5431
f 5438 5434 5435
f 5438 5435 5439
f 5440 5436 5437
f 5440 5437 5441
f 5442 5443 5444
f 5442 5444 5445
f 5446 5447 5448
f 5446 5448 5449
f 5450 5451 5452
f 5450 5452 5453
v -7.648972 -16.83776 -28.39773
v -10.98983 -16.83777 -28.39836
v -7.648934 -16.83776 -28.59778
v -10.98979 -16.83776 -28.59841
v -7.648934 -20.68719 -28.59787
v -10.98979 -20.68719 -28.59849
v -7.648972 -20.6872 -28.39782
v -10.98983 -20.6872 -28.39845
v -7.648934 -16.83776 -28.59778
v -10.98979 -16.83776 -28.59841
v -7.648934 -20.68719 -28.59787
v -10.98979 -20.68719 -28.59849
v -7.648972 -20.6872 -28.39782
v -7.648972 -16.83776 -28.39773
v -10.98983 -16.83777 -28.39836
v -10.98983 -20.6872 -28.39845
v -10.98983 -16.83777 -28.39836
v -10.98979 -16.83776 -28.59841
v -10.98979 -20.68719 -28.59849
v -10.98983 -20.6872 -28.39845
v -7.648972 -20.6872 -28.39782
v -7.648934 -20.68719 -28.59787
v -7.648934 -16.83776 -28.59778
v -7.648972 -16.83776 -28.39773
f 5454 5456 5457
f 5454 5457 5455
f 5462 5458 5459
f 5462 5459 5463
f 5464 5460 5461
f 5464 5461 5465
f 5466 5467 5468
f 5466 5468 5469
f 5470 5471 5472
f 5470 5472 5473
f 5474 5475 5476
f 5474 5476 5477
v -3.075072 -19.19839 -6.866566
v -2.751408 -19.19839 -7.476902
v -2.468117 -19.19839 -6.544695
v -2.144453 -19.19839 -7.155032
v -2.468117 -20.00654 -6.544695
v -2.144453 -20.00654 -7.155032
v -3.075072 -20.00654 -6.866566
v -2.751408 -20.00654 -7.476902
v -2.468117 -19.19839 -6.544695
v -2.144453 -19.19839 -7.155032
v -2.468117 -20.00654 -6.544695
v -2.144453 -20.00654 -7.155032
v -3.075072 -20.00654 -6.866566
v -3.075072 -19.19839 -6.866566
v -2.751408 -19.19839 -7.476902
v -2.751408 -20.00654 -7.476902
v -2.751408 -19.19839 -7.476902
v -2.144453 -19.19839 -7.155032
v -2.144453 -20.00654 -7.155032
v -2.751408 -20.00654 -7.476902
v -3.075072 -20.00654 -6.866566
v -2.468117 -20.00654 -6.544695
v -2.468117 -19.19839 -6.544695
v -3.075072 -19.19839 -6.866566
f 5478 5480 5481
f 5478 5481 5479
f 5486 5482 5483
f 5486 5483 5487
f 5488 5484 5485
f 5488 5485 5489
f 5490 5491 5492
f 5490 5492 5493
f 5494 5495 5496
f 5494 5496 5497
f 5498 5499 5500
f 5498 5500 5501
v 29.53791 -4.948296 -36.14478
v 26.51556 -4.948296 -37.61151
v 32.59212 -4.948141 -42.43827
v 29.56977 -4.948141 -43.90501
v 32.59213 -5.843421 -42.43829
v 29.56978 -5.843421 -43.90503
v 29.53792 -5.843576 -36.14479
v 26.51557 -5.843576 -37.61153
v 32.59212 -4.948141 -42.43827
v 29.56977 -4.948141 -43.90501
v 32.59213 -5.843421 -42.43829
v 29.56978 -5.843421 -43.90503
v 29.53792 -5.843576 -36.14479
v 29.53791 -4.948296 -36.14478
v 26.51556 -4.948296 -37.61151
v 26.51557 -5.843576 -37.61153
v 26.51556 -4.948296 -37.61151
v 29.56977 -4.948141 -43.90501
v 29.56978 -5.843421 -43.90503
v 26.51557 -5.843576 -37.61153
v 29.53792 -5.843576 -36.14479
v 32.59213 -5.843421 -42.43829
v 32.59212 -4.948141 -42.43827
v 29.53791 -4.948296 -36.14478
f 5502 5504 5505
f 5502 5505 5503
f 5510 5506 5507
f 5510 5507 5511
f 5512 5508 5509
f 5512 5509 5513
f 5514 5515 5516
f 5514 5516 5517
f 5518 5519 5520
f 5518 5520 5521
f 5522 5523 5524
f 5522 5524 5525
v 29.53152 -5.837927 -36.14775
v 26.49924 -5.837927 -37.6193
v 29.61886 -5.837923 -36.32772
v 26.58658 -5.837923 -37.79927
v 29.6189 -10.27025 -36.32781
v 26.58662 -10.27025 -37.79936
v 29.53156 -10.27025 -36.14783
v 26.49928 -10.27025 -37.61939
v 29.61886 -5.837923 -36.32772
v 26.58658 -5.837923 -37.79927
v 29.6189 -10.27025 -36.32781
v 26.58662 -10.27025 -37.79936
v 29.53156 -10.27025 -36.14783
v 29.53152 -5.837927 -36.14775
v 26.49924 -5.837927 -37.6193
v 26.49928 -10.27025 -37.61939
v 26.49924 -5.837927 -37.6193
v 26.58658 -5.837923 -37.79927
v 26.58662 -10.27025 -37.79936
v 26.49928 -10.27025 -37.61939
v 29.53156 -10.27025 -36.14783
v 29.6189 -10.27025 -36.32781
v 29.61886 -5.837923 -36.32772
v 29.53152 -5.837927 -36.14775
f 5526 5528 5529
f 5526 5529 5527
f 5534 5530 5531
f 5534 5531 5535
f 5536 5532 5533
f 5536 5533 5537
f 5538 5539 5540
f 5538 5540 5541
f 5542 5543 5544
f 5542 5544 5545
f 5546 5547 5548
f 5546 5548 5549
v 32.49219 -5.837765 -42.28094
v 29.48657 -5.837766 -43.73956
v 32.57953 -5.837761 -42.46092
v 29.57391 -5.837761 -43.91954
v 32.57957 -9.687195 -42.46099
v 29.57395 -9.687195 -43.91961
v 32.49223 -9.6872 -42.28102
v 29.4866 -9.6872 -43.73964
v 32.57953 -5.837761 -42.46092
v 29.57391 -5.837761 -43.91954
v 32.57957 -9.687195 -42.46099
v 29.57395 -9.687195 -43.91961
v 32.49223 -9.6872 -42.28102
v 32.49219 -5.837765 -42.28094
v 29.48657 -5.837766 -43.73956
v 29.4866 -9.6872 -43.73964
v 29.48657 -5.837766 -43.73956
v 29.57391 -5.837761 -43.91954
v 29.57395 -9.687195 -43.91961
v 29.4866 -9.6872 -43.73964
v 32.49223 -9.6872 -42.28102
v 32.57957 -9.687195 -42.46099
v 32.57953 -5.837761 -42.46092
v 32.49219 -5.837765 -42.28094
f 5550 5552 5553
f 5550 5553 5551
f 5558 5554 5555
f 5558 5555 5559
f 5560 5556 5557
f 5560 5557 5561
f 5562 5563 5564
f 5562 5564 5565
f 5566 5567 5568
f 5566 5568 5569
f 5570 5571 5572
f 5570 5572 5573
v 1.759414 -15.9483 -21.58745
v -1.600036 -15.9483 -21.58808
v 1.760725 -15.94814 -28.5829
v -1.598724 -15.94814 -28.58353
v 1.760725 -16.84342 -28.58292
v -1.598724 -16.84342 -28.58355
v 1.759414 -16.84358 -21.58747
v -1.600035 -16.84358 -21.5881
v 1.760725 -15.94814 -28.5829
v -1.598724 -15.94814 -28.58353
v 1.760725 -16.84342 -28.58292
v -1.598724 -16.84342 -28.58355
v 1.759414 -16.84358 -21.58747
v 1.759414 -15.9483 -21.58745
v -1.600036 -15.9483 -21.58808
v -1.600035 -16.84358 -21.5881
v -1.600036 -15.9483 -21.58808
v -1.598724 -15.94814 -28.58353
v -1.598724 -16.84342 -28.58355
v -1.600035 -16.84358 -21.5881
v 1.759414 -16.84358 -21.58747
v 1.760725 -16.84342 -28.58292
v 1.760725 -15.94814 -28.5829
v 1.759414 -15.9483 -21.58745
f 5574 5576 5577
f 5574 5577 5575
f 5582 5578 5579
f 5582 5579 5583
f 5584 5580 5581
f 5584 5581 5585
f 5586 5587 5588
f 5586 5588 5589
f 5590 5591 5592
f 5590 5592 5593
f 5594 5595 5596
f 5594 5596 5597
v 1.752366 -16.83793 -21.58733
v -1.618123 -16.83793 -21.58797
v 1.752403 -16.83792 -21.78738
v -1.618086 -16.83792 -21.78801
v 1.752404 -21.27025 -21.78748
v -1.618085 -21.27025 -21.78811
v 1.752366 -21.27025 -21.58743
v -1.618123 -21.27025 -21.58806
v 1.752403 -16.83792 -21.78738
v -1.618086 -16.83792 -21.78801
v 1.752404 -21.27025 -21.78748
v -1.618085 -21.27025 -21.78811
v 1.752366 -21.27025 -21.58743
v 1.752366 -16.83793 -21.58733
v -1.618123 -16.83793 -21.58797
v -1.618123 -21.27025 -21.58806
v -1.618123 -16.83793 -21.58797
v -1.618086 -16.83792 -21.78801
v -1.618085 -21.27025 -21.78811
v -1.618123 -21.27025 -21.58806
v 1.752366 -21.27025 -21.58743
v 1.752404 -21.27025 -21.78748
v 1.752403 -16.83792 -21.78738
v 1.752366 -16.83793 -21.58733
f 5598 5600 5601
f 5598 5601 5599
f 5606 5602 5603
f 5606 5603 5607
f 5608 5604 5605
f 5608 5605 5609
f 5610 5611 5612
f 5610 5612 5613
f 5614 5615 5616
f 5614 5616 5617
f 5618 5619 5620
f 5618 5620 5621
v 1.739479 -16.83776 -28.39773
v -1.60138 -16.83777 -28.39836
v 1.739517 -16.83776 -28.59778
v -1.601343 -16.83776 -28.59841
v 1.739517 -20.68719 -28.59787
v -1.601342 -20.68719 -28.59849
v 1.73948 -20.6872 -28.39782
v -1.60138 -20.6872 -28.39845
v 1.739517 -16.83776 -28.59778
v -1.601343 -16.83776 -28.59841
v 1.739517 -20.68719 -28.59787
v -1.601342 -20.68719 -28.59849
v 1.73948 -20.6872 -28.39782
v 1.739479 -16.83776 -28.39773
v -1.60138 -16.83777 -28.39836
v -1.60138 -20.6872 -28.39845
v -1.60138 -16.83777 -28.39836
v -1.601343 -16.83776 -28.59841
v -1.601342 -20.68719 -28.59849
v -1.60138 -20.6872 -28.39845
v 1.73948 -20.6872 -28.39782
v 1.739517 -20.68719 -28.59787
v 1.739517 -16.83776 -28.59778
v 1.739479 -16.83776 -28.39773
f 5622 5624 5625
f 5622 5625 5623
f 5630 5626 5627
f 5630 5627 5631
f 5632 5628 5629
f 5632 5629 5633
f 5634 5635 5636
f 5634 5636 5637
f 5638 5639 5640
f 5638 5640 5641
f 5642 5643 5644
f 5642 5644 5645
v -39.24461 -10.1983 11.52994
v -39.24601 -10.1983 14.88939
v -46.24005 -10.19814 11.52702
v -46.24146 -10.19814 14.88647
v -46.24007 -11.09342 11.52702
v -46.24147 -11.09342 14.88647
v -39.24463 -11.09358 11.52994
v -39.24603 -11.09358 14.88939
v -46.24005 -10.19814 11.52702
v -46.24146 -10.19814 14.88647
v -46.24007 -11.09342 11.52702
v -46.24147 -11.09342 14.88647
v -39.24463 -11.09358 11.52994
v -39.24461 -10.1983 11.52994
v -39.24601 -10.1983 14.88939
v -39.24603 -11.09358 14.88939
v -39.24601 -10.1983 14.88939
v -46.24146 -10.19814 14.88647
v -46.24147 -11.09342 14.88647
v -39.24603 -11.09358 14.88939
v -39.24463 -11.09358 11.52994
v -46.24007 -11.09342 11.52702
v -46.24005 -10.19814 11.52702
v -39.24461 -10.1983 11.52994
f 5646 5648 5649
f 5646 5649 5647
f 5654 5650 5651
f 5654 5651 5655
f 5656 5652 5653
f 5656 5653 5657
f 5658 5659 5660
f 5658 5660 5661
f 5662 5663 5664
f 5662 5664 5665
f 5666 5667 5668
f 5666 5668 5669
v -39.24449 -11.08793 11.53699
v -39.2459 -11.08793 14.90748
v -39.44454 -11.08792 11.53691
v -39.44595 -11.08792 14.9074
v -39.44464 -15.52025 11.53691
v -39.44604 -15.52025 14.9074
v -39.24459 -15.52025 11.53699
v -39.246 -15.52025 14.90748
v -39.44454 -11.08792 11.53691
v -39.44595 -11.08792 14.9074
v -39.44464 -15.52025 11.53691
v -39.44604 -15.52025 14.9074
v -39.24459 -15.52025 11.53699
v -39.24449 -11.08793 11.53699
v -39.2459 -11.08793 14.90748
v -39.246 -15.52025 14.90748
v -39.2459 -11.08793 14.90748
v -39.44595 -11.08792 14.9074
v -39.44604 -15.52025 14.9074
v -39.246 -15.52025 14.90748
v -39.24459 -15.52025 11.53699
v -39.44464 -15.52025 11.53691
v -39.44454 -11.08792 11.53691
v -39.24449 -11.08793 11.53699
f 5670 5672 5673
f 5670 5673 5671
f 5678 5674 5675
f 5678 5675 5679
f 5680 5676 5677
f 5680 5677 5681
f 5682 5683 5684
f 5682 5684 5685
f 5686 5687 5688
f 5686 5688 5689
f 5690 5691 5692
f 5690 5692 5693
v -46.05489 -11.08776 11.54831
v -46.05629 -11.08776 14.88917
v -46.25494 -11.08776 11.54823
v -46.25633 -11.08776 14.88909
v -46.25502 -14.93719 11.54823
v -46.25642 -14.93719 14.88909
v -46.05498 -14.9372 11.54831
v -46.05637 -14.9372 14.88917
v -46.25494 -11.08776 11.54823
v -46.25633 -11.08776 14.88909
v -46.25502 -14.93719 11.54823
v -46.25642 -14.93719 14.88909
v -46.05498 -14.9372 11.54831
v -46.05489 -11.08776 11.54831
v -46.05629 -11.08776 14.88917
v -46.05637 -14.9372 14.88917
v -46.05629 -11.08776 14.88917
v -46.25633 -11.08776 14.88909
v -46.25642 -14.93719 14.88909
v -46.05637 -14.9372 14.88917
v -46.05498 -14.9372 11.54831
v -46.25502 -14.93719 11.54823
v -46.25494 -11.08776 11.54823
v -46.05489 -11.08776 11.54831
f 5694 5696 5697
f 5694 5697 5695
f 5702 5698 5699
f 5702 5699 5703
f 5704 5700 5701
f 5704 5701 5705
f 5706 5707 5708
f 5706 5708 5709
f 5710 5711 5712
f 5710 5712 5713
f 5714 5715 5716
f 5714 5716 5717
v -2.921727 -18.36288 -7.825746
v -3.514701 -18.36288 -9.127363
v -1.62732 -18.36288 -8.415435
v -2.220294 -18.36288 -9.717052
v -1.62732 -20.03606 -8.415435
v -2.220294 -20.03606 -9.717052
v -2.921727 -20.03606 -7.825745
v -3.514702 -20.03606 -9.127362
v -1.62732 -18.36288 -8.415435
v -2.220294 -18.36288 -9.717052
v -1.62732 -20.03606 -8.415435
v -2.220294 -20.03606 -9.717052
v -2.921727 -20.03606 -7.825745
v -2.921727 -18.36288 -7.825746
v -3.514701 -18.36288 -9.127363
v -3.514702 -20.03606 -9.127362
v -3.514701 -18.36288 -9.127363
v -2.220294 -18.36288 -9.717052
v -2.220294 -20.03606 -9.717052
v -3.514702 -20.03606 -9.127362
v -2.921727 -20.03606 -7.825745
v -1.62732 -20.03606 -8.415435
v -1.62732 -18.36288 -8.415435
v -2.921727 -18.36288 -7.825746
f 5718 5720 5721
f 5718 5721 5719
f 5726 5722 5723
f 5726 5723 5727
f 5728 5724 5725
f 5728 5725 5729
f 5730 5731 5732
f 5730 5732 5733
f 5734 5735 5736
f 5734 5736 5737
f 5738 5739 5740
f 5738 5740 5741
v -29.99162 -16.33776 -43.86633
v -32.93659 -16.33776 -42.28884
v -30.08608 -16.33776 -44.04267
v -33.03105 -16.33776 -42.46518
v -30.08612 -20.18719 -44.04275
v -33.03109 -20.18719 -42.46525
v -29.99166 -20.1872 -43.86641
v -32.93663 -20.1872 -42.28891
v -30.08608 -16.33776 -44.04267
v -33.03105 -16.33776 -42.46518
v -30.08612 -20.18719 -44.04275
v -33.03109 -20.18719 -42.46525
v -29.99166 -20.1872 -43.86641
v -29.99162 -16.33776 -43.86633
v -32.93659 -16.33776 -42.28884
v -32.93663 -20.1872 -42.28891
v -32.93659 -16.33776 -42.28884
v -33.03105 -16.33776 -42.46518
v -33.03109 -20.18719 -42.46525
v -32.93663 -20.1872 -42.28891
v -29.99166 -20.1872 -43.86641
v -30.08612 -20.18719 -44.04275
v -30.08608 -16.33776 -44.04267
v -29.99162 -16.33776 -43.86633
f 5742 5744 5745
f 5742 5745 5743
f 5750 5746 5747
f 5750 5747 5751
f 5752 5748 5749
f 5752 5749 5753
f 5754 5755 5756
f 5754 5756 5757
f 5758 5759 5760
f 5758 5760 5761
f 5762 5763 5764
f 5762 5764 5765
v -26.76339 -16.33793 -37.86965
v -29.73448 -16.33793 -36.27816
v -26.85785 -16.33792 -38.04599
v -29.82894 -16.33792 -36.4545
v -26.8579 -20.77025 -38.04607
v -29.82899 -20.77025 -36.45459
v -26.76344 -20.77025 -37.86973
v -29.73453 -20.77025 -36.27825
v -26.85785 -16.33792 -38.04599
v -29.82894 -16.33792 -36.4545
v -26.8579 -20.77025 -38.04607
v -29.82899 -20.77025 -36.45459
v -26.76344 -20.77025 -37.86973
v -26.76339 -16.33793 -37.86965
v -29.73448 -16.33793 -36.27816
v -29.73453 -20.77025 -36.27825
v -29.73448 -16.33793 -36.27816
v -29.82894 -16.33792 -36.4545
v -29.82899 -20.77025 -36.45459
v -29.73453 -20.77025 -36.27825
v -26.76344 -20.77025 -37.86973
v -26.8579 -20.77025 -38.04607
v -26.85785 -16.33792 -38.04599
v -26.76339 -16.33793 -37.86965
f 5766 5768 5769
f 5766 5769 5767
f 5774 5770 5771
f 5774 5771 5775
f 5776 5772 5773
f 5776 5773 5777
f 5778 5779 5780
f 5778 5780 5781
f 5782 5783 5784
f 5782 5784 5785
f 5786 5787 5788
f 5786 5788 5789
v -26.75723 -15.4483 -37.87308
v -29.71859 -15.4483 -36.28681
v -30.06036 -15.44814 -44.03957
v -33.02172 -15.44814 -42.4533
v -30.06037 -16.34342 -44.03959
v -33.02172 -16.34342 -42.45332
v -26.75724 -16.34358 -37.8731
v -29.7186 -16.34358 -36.28682
v -30.06036 -15.44814 -44.03957
v -33.02172 -15.44814 -42.4533
v -30.06037 -16.34342 -44.03959
v -33.02172 -16.34342 -42.45332
v -26.75724 -16.34358 -37.8731
v -26.75723 -15.4483 -37.87308
v -29.71859 -15.4483 -36.28681
v -29.7186 -16.34358 -36.28682
v -29.71859 -15.4483 -36.28681
v -33.02172 -15.44814 -42.4533
v -33.02172 -16.34342 -42.45332
v -29.7186 -16.34358 -36.28682
v -26.75724 -16.34358 -37.8731
v -30.06037 -16.34342 -44.03959
v -30.06036 -15.44814 -44.03957
v -26.75723 -15.4483 -37.87308
f 5790 5792 5793
f 5790 5793 5791
f 5798 5794 5795
f 5798 5795 5799
f 5800 5796 5797
f 5800 5797 5801
f 5802 5803 5804
f 5802 5804 5805
f 5806 5807 5808
f 5806 5808 5809
f 5810 5811 5812
f 5810 5812 5813
v 39.37083 -15.4483 4.496506
v 39.37039 -15.4483 1.137058
v 46.36627 -15.44814 4.495583
v 46.36583 -15.44814 1.136134
v 46.36629 -16.34342 4.495583
v 46.36585 -16.34342 1.136134
v 39.37085 -16.34358 4.496506
v 39.37041 -16.34358 1.137058
v 46.36627 -15.44814 4.495583
v 46.36583 -15.44814 1.136134
v 46.36629 -16.34342 4.495583
v 46.36585 -16.34342 1.136134
v 39.37085 -16.34358 4.496506
v 39.37083 -15.4483 4.496506
v 39.37039 -15.4483 1.137058
v 39.37041 -16.34358 1.137058
v 39.37039 -15.4483 1.137058
v 46.36583 -15.44814 1.136134
v 46.36585 -16.34342 1.136134
v 39.37041 -16.34358 1.137058
v 39.37085 -16.34358 4.496506
v 46.36629 -16.34342 4.495583
v 46.36627 -15.44814 4.495583
v 39.37083 -15.4483 4.496506
f 5814 5816 5817
f 5814 5817 5815
f 5822 5818 5819
f 5822 5819 5823
f 5824 5820 5821
f 5824 5821 5825
f 5826 5827 5828
f 5826 5828 5829
f 5830 5831 5832
f 5830 5832 5833
f 5834 5835 5836
f 5834 5836 5837
v 39.37071 -16.33793 4.489458
v 39.37027 -16.33793 1.11897
v 39.57076 -16.33792 4.489431
v 39.57031 -16.33792 1.118944
v 39.57086 -20.77025 4.489433
v 39.57041 -20.77025 1.118945
v 39.37081 -20.77025 4.489459
v 39.37037 -20.77025 1.118971
v 39.57076 -16.33792 4.489431
v 39.57031 -16.33792 1.118944
v 39.57086 -20.77025 4.489433
v 39.57041 -20.77025 1.118945
v 39.37081 -20.77025 4.489459
v 39.37071 -16.33793 4.489458
v 39.37027 -16.33793 1.11897
v 39.37037 -20.77025 1.118971
v 39.37027 -16.33793 1.11897
v 39.57031 -16.33792 1.118944
v 39.57041 -20.77025 1.118945
v 39.37037 -20.77025 1.118971
v 39.37081 -20.77025 4.489459
v 39.57086 -20.77025 4.489433
v 39.57076 -16.33792 4.489431
v 39.37071 -16.33793 4.489458
f 5838 5840 5841
f 5838 5841 5839
f 5846 5842 5843
f 5846 5843 5847
f 5848 5844 5845
f 5848 5845 5849
f 5850 5851 5852
f 5850 5852 5853
f 5854 5855 5856
f 5854 5856 5857
f 5858 5859 5860
f 5858 5860 5861
v 46.1811 -16.33777 4.474396
v 46.18066 -16.33777 1.133538
v 46.38115 -16.33776 4.474369
v 46.38071 -16.33776 1.133511
v 46.38123 -20.18719 4.47437
v 46.38079 -20.18719 1.133512
v 46.18119 -20.1872 4.474397
v 46.18074 -20.1872 1.133539
v 46.38115 -16.33776 4.474369
v 46.38071 -16.33776 1.133511
v 46.38123 -20.18719 4.47437
v 46.38079 -20.18719 1.133512
v 46.18119 -20.1872 4.474397
v 46.1811 -16.33777 4.474396
v 46.18066 -16.33777 1.133538
v 46.18074 -20.1872 1.133539
v 46.18066 -16.33777 1.133538
v 46.38071 -16.33776 1.133511
v 46.38079 -20.18719 1.133512
v 46.18074 -20.1872 1.133539
v 46.18119 -20.1872 4.474397
v 46.38123 -20.18719 4.47437
v 46.38115 -16.33776 4.474369
v 46.1811 -16.33777 4.474396
f 5862 5864 5865
f 5862 5865 5863
f 5870 5866 5867
f 5870 5867 5871
f 5872 5868 5869
f 5872 5869 5873
f 5874 5875 5876
f 5874 5876 5877
f 5878 5879 5880
f 5878 5880 5881
f 5882 5883 5884
f 5882 5884 5885
v 31.6811 -16.83777 4.474396
v 31.68066 -16.83777 1.133538
v 31.88115 -16.83776 4.474369
v 31.88071 -16.83776 1.133511
v 31.88123 -20.68719 4.47437
v 31.88079 -20.68719 1.133512
v 31.68119 -20.6872 4.474397
v 31.68075 -20.6872 1.133539
v 31.88115 -16.83776 4.474369
v 31.88071 -16.83776 1.133511
v 31.88123 -20.68719 4.47437
v 31.88079 -20.68719 1.133512
v 31.68119 -20.6872 4.474397
v 31.6811 -16.83777 4.474396
v 31.68066 -16.83777 1.133538
v 31.68075 -20.6872 1.133539
v 31.68066 -16.83777 1.133538
v 31.88071 -16.83776 1.133511
v 31.88079 -20.68719 1.133512
v 31.68075 -20.6872 1.133539
v 31.68119 -20.6872 4.474397
v 31.88123 -20.68719 4.47437
v 31.88115 -16.83776 4.474369
v 31.6811 -16.83777 4.474396
f 5886 5888 5889
f 5886 5889 5887
f 5894 5890 5891
f 5894 5891 5895
f 5896 5892 5893
f 5896 5893 5897
f 5898 5899 5900
f 5898 5900 5901
f 5902 5903 5904
f 5902 5904 5905
f 5906 5907 5908
f 5906 5908 5909
v 24.87083 -15.9483 4.496506
v 24.87039 -15.9483 1.137058
v 31.86627 -15.94814 4.495583
v 31.86583 -15.94814 1.136134
v 31.86629 -16.84342 4.495583
v 31.86585 -16.84342 1.136134
v 24.87085 -16.84358 4.496506
v 24.87041 -16.84358 1.137058
v 31.86627 -15.94814 4.495583
v 31.86583 -15.94814 1.136134
v 31.86629 -16.84342 4.495583
v 31.86585 -16.84342 1.136134
v 24.87085 -16.84358 4.496506
v 24.87083 -15.9483 4.496506
v 24.87039 -15.9483 1.137058
v 24.87041 -16.84358 1.137058
v 24.87039 -15.9483 1.137058
v 31.86583 -15.94814 1.136134
v 31.86585 -16.84342 1.136134
v 24.87041 -16.84358 1.137058
v 24.87085 -16.84358 4.496506
v 31.86629 -16.84342 4.495583
v 31.86627 -15.94814 4.495583
v 24.87083 -15.9483 4.496506
f 5910 5912 5913
f 5910 5913 5911
f 5918 5914 5915
f 5918 5915 5919
f 5920 5916 5917
f 5920 5917 5921
f 5922 5923 5924
f 5922 5924 5925
f 5926 5927 5928
f 5926 5928 5929
f 5930 5931 5932
f 5930 5932 5933
v 24.87071 -16.83793 4.489458
v 24.87027 -16.83793 1.11897
v 25.07076 -16.83792 4.489431
v 25.07031 -16.83792 1.118944
v 25.07086 -21.27025 4.489433
v 25.07041 -21.27025 1.118945
v 24.87081 -21.27025 4.489459
v 24.87037 -21.27025 1.118971
v 25.07076 -16.83792 4.489431
v 25.07031 -16.83792 1.118944
v 25.07086 -21.27025 4.489433
v 25.07041 -21.27025 1.118945
v 24.87081 -21.27025 4.489459
v 24.87071 -16.83793 4.489458
v 24.87027 -16.83793 1.11897
v 24.87037 -21.27025 1.118971
v 24.87027 -16.83793 1.11897
v 25.07031 -16.83792 1.118944
v 25.07041 -21.27025 1.118945
v 24.87037 -21.27025 1.118971
v 24.87081 -21.27025 4.489459
v 25.07086 -21.27025 4.489433
v 25.07076 -16.83792 4.489431
v 24.87071 -16.83793 4.489458
f 5934 5936 5937
f 5934 5937 5935
f 5942 5938 5939
f 5942 5939 5943
f 5944 5940 5941
f 5944 5941 5945
f 5946 5947 5948
f 5946 5948 5949
f 5950 5951 5952
f 5950 5952 5953
f 5954 5955 5956
f 5954 5956 5957
v 32.12083 -10.1983 15.0965
v 32.12039 -10.1983 11.73706
v 39.11627 -10.19814 15.09558
v 39.11583 -10.19814 11.73613
v 39.11629 -11.09342 15.09558
v 39.11585 -11.09342 11.73613
v 32.12085 -11.09358 15.09651
v 32.12041 -11.09358 11.73706
v 39.11627 -10.19814 15.09558
v 39.11583 -10.19814 11.73613
v 39.11629 -11.09342 15.09558
v 39.11585 -11.09342 11.73613
v 32.12085 -11.09358 15.09651
v 32.12083 -10.1983 15.0965
v 32.12039 -10.1983 11.73706
v 32.12041 -11.09358 11.73706
v 32.12039 -10.1983 11.73706
v 39.11583 -10.19814 11.73613
v 39.11585 -11.09342 11.73613
v 32.12041 -11.09358 11.73706
v 32.12085 -11.09358 15.09651
v 39.11629 -11.09342 15.09558
v 39.11627 -10.19814 15.09558
v 32.12083 -10.1983 15.0965
f 5958 5960 5961
f 5958 5961 5959
f 5966 5962 5963
f 5966 5963 5967
f 5968 5964 5965
f 5968 5965 5969
f 5970 5971 5972
f 5970 5972 5973
f 5974 5975 5976
f 5974 5976 5977
f 5978 5979 5980
f 5978 5980 5981
v 32.12071 -11.08793 15.08946
v 32.12027 -11.08793 11.71897
v 32.32076 -11.08792 15.08943
v 32.32031 -11.08792 11.71894
v 32.32086 -15.52025 15.08943
v 32.32041 -15.52025 11.71894
v 32.12081 -15.52025 15.08946
v 32.12037 -15.52025 11.71897
v 32.32076 -11.08792 15.08943
v 32.32031 -11.08792 11.71894
v 32.32086 -15.52025 15.08943
v 32.32041 -15.52025 11.71894
v 32.12081 -15.52025 15.08946
v 32.12071 -11.08793 15.08946
v 32.12027 -11.08793 11.71897
v 32.12037 -15.52025 11.71897
v 32.12027 -11.08793 11.71897
v 32.32031 -11.08792 11.71894
v 32.32041 -15.52025 11.71894
v 32.12037 -15.52025 11.71897
v 32.12081 -15.52025 15.08946
v 32.32086 -15.52025 15.08943
v 32.32076 -11.08792 15.08943
v 32.12071 -11.08793 15.08946
f 5982 5984 5985
f 5982 5985 5983
f 5990 5986 5987
f 5990 5987 5991
f 5992 5988 5989
f 5992 5989 5993
f 5994 5995 5996
f 5994 5996 5997
f 5998 5999 6000
f 5998 6000 6001
f 6002 6003 6004
f 6002 6004 6005
v 38.9311 -11.08777 15.07439
v 38.93066 -11.08777 11.73354
v 39.13115 -11.08776 15.07437
v 39.13071 -11.08776 11.73351
v 39.13123 -14.93719 15.07437
v 39.13079 -14.93719 11.73351
v 38.93119 -14.9372 15.0744
v 38.93074 -14.9372 11.73354
v 39.13115 -11.08776 15.07437
v 39.13071 -11.08776 11.73351
v 39.13123 -14.93719 15.07437
v 39.13079 -14.93719 11.73351
v 38.93119 -14.9372 15.0744
v 38.9311 -11.08777 15.07439
v 38.93066 -11.08777 11.73354
v 38.93074 -14.9372 11.73354
v 38.93066 -11.08777 11.73354
v 39.13071 -11.08776 11.73351
v 39.13079 -14.93719 11.73351
v 38.93074 -14.9372 11.73354
v 38.93119 -14.9372 15.0744
v 39.13123 -14.93719 15.07437
v 39.13115 -11.08776 15.07437
v 38.9311 -11.08777 15.07439
f 6006 6008 6009
f 6006 6009 6007
f 6014 6010 6011
f 6014 6011 6015
f 6016 6012 6013
f 6016 6013 6017
f 6018 6019 6020
f 6018 6020 6021
f 6022 6023 6024
f 6022 6024 6025
f 6026 6027 6028
f 6026 6028 6029
v -23.33476 -10.19829 -31.48174
v -26.29612 -10.1983 -29.89547
v -26.63788 -10.19814 -37.64824
v -29.59924 -10.19814 -36.06197
v -26.63789 -11.09342 -37.64825
v -29.59925 -11.09342 -36.06199
v -23.33477 -11.09358 -31.48176
v -26.29613 -11.09358 -29.89549
v -26.63788 -10.19814 -37.64824
v -29.59924 -10.19814 -36.06197
v -26.63789 -11.09342 -37.64825
v -29.59925 -11.09342 -36.06199
v -23.33477 -11.09358 -31.48176
v -23.33476 -10.19829 -31.48174
v -26.29612 -10.1983 -29.89547
v -26.29613 -11.09358 -29.89549
v -26.29612 -10.1983 -29.89547
v -29.59924 -10.19814 -36.06197
v -29.59925 -11.09342 -36.06199
v -26.29613 -11.09358 -29.89549
v -23.33477 -11.09358 -31.48176
v -26.63789 -11.09342 -37.64825
v -26.63788 -10.19814 -37.64824
v -23.33476 -10.19829 -31.48174
f 6030 6032 6033
f 6030 6033 6031
f 6038 6034 6035
f 6038 6035 6039
f 6040 6036 6037
f 6040 6037 6041
f 6042 6043 6044
f 6042 6044 6045
f 6046 6047 6048
f 6046 6048 6049
f 6050 6051 6052
f 6050 6052 6053
v -23.34091 -11.08793 -31.47831
v -26.312 -11.08793 -29.88683
v -23.43537 -11.08792 -31.65465
v -26.40646 -11.08792 -30.06317
v -23.43542 -15.52025 -31.65474
v -26.40651 -15.52025 -30.06326
v -23.34096 -15.52025 -31.4784
v -26.31205 -15.52025 -29.88691
v -23.43537 -11.08792 -31.65465
v -26.40646 -11.08792 -30.06317
v -23.43542 -15.52025 -31.65474
v -26.40651 -15.52025 -30.06326
v -23.34096 -15.52025 -31.4784
v -23.34091 -11.08793 -31.47831
v -26.312 -11.08793 -29.88683
v -26.31205 -15.52025 -29.88691
v -26.312 -11.08793 -29.88683
v -26.40646 -11.08792 -30.06317
v -26.40651 -15.52025 -30.06326
v -26.31205 -15.52025 -29.88691
v -23.34096 -15.52025 -31.4784
v -23.43542 -15.52025 -31.65474
v -23.43537 -11.08792 -31.65465
v -23.34091 -11.08793 -31.47831
f 6054 6056 6057
f 6054 6057 6055
f 6062 6058 6059
f 6062 6059 6063
f 6064 6060 6061
f 6064 6061 6065
f 6066 6067 6068
f 6066 6068 6069
f 6070 6071 6072
f 6070 6072 6073
f 6074 6075 6076
f 6074 6076 6077
v -26.56914 -11.08776 -37.47499
v -29.51412 -11.08776 -35.8975
v -26.6636 -11.08776 -37.65134
v -29.60857 -11.08776 -36.07384
v -26.66364 -14.93719 -37.65141
v -29.60861 -14.93719 -36.07392
v -26.56919 -14.9372 -37.47507
v -29.51416 -14.9372 -35.89758
v -26.6636 -11.08776 -37.65134
v -29.60857 -11.08776 -36.07384
v -26.66364 -14.93719 -37.65141
v -29.60861 -14.93719 -36.07392
v -26.56919 -14.9372 -37.47507
v -26.56914 -11.08776 -37.47499
v -29.51412 -11.08776 -35.8975
v -29.51416 -14.9372 -35.89758
v -29.51412 -11.08776 -35.8975
v -29.60857 -11.08776 -36.07384
v -29.60861 -14.93719 -36.07392
v -29.51416 -14.9372 -35.89758
v -26.56919 -14.9372 -37.47507
v -26.66364 -14.93719 -37.65141
v -26.6636 -11.08776 -37.65134
v -26.56914 -11.08776 -37.47499
f 6078 6080 6081
f 6078 6081 6079
f 6086 6082 6083
f 6086 6083 6087
f 6088 6084 6085
f 6088 6085 6089
f 6090 6091 6092
f 6090 6092 6093
f 6094 6095 6096
f 6094 6096 6097
f 6098 6099 6100
f 6098 6100 6101
v -36.95724 -15.4483 -32.57308
v -39.91859 -15.4483 -30.98681
v -40.26036 -15.44814 -38.73957
v -43.22172 -15.44814 -37.1533
v -40.26037 -16.34342 -38.73959
v -43.22173 -16.34342 -37.15332
v -36.95724 -16.34358 -32.5731
v -39.91861 -16.34358 -30.98683
v -40.26036 -15.44814 -38.73957
v -43.22172 -15.44814 -37.1533
v -40.26037 -16.34342 -38.73959
v -43.22173 -16.34342 -37.15332
v -36.95724 -16.34358 -32.5731
v -36.95724 -15.4483 -32.57308
v -39.91859 -15.4483 -30.98681
v -39.91861 -16.34358 -30.98683
v -39.91859 -15.4483 -30.98681
v -43.22172 -15.44814 -37.1533
v -43.22173 -16.34342 -37.15332
v -39.91861 -16.34358 -30.98683
v -36.95724 -16.34358 -32.5731
v -40.26037 -16.34342 -38.73959
v -40.26036 -15.44814 -38.73957
v -36.95724 -15.4483 -32.57308
f 6102 6104 6105
f 6102 6105 6103
f 6110 6106 6107
f 6110 6107 6111
f 6112 6108 6109
f 6112 6109 6113
f 6114 6115 6116
f 6114 6116 6117
f 6118 6119 6120
f 6118 6120 6121
f 6122 6123 6124
f 6122 6124 6125
v -36.96339 -16.33793 -32.56965
v -39.93448 -16.33793 -30.97816
v -37.05785 -16.33792 -32.74599
v -40.02894 -16.33792 -31.1545
v -37.0579 -20.77025 -32.74607
v -40.02899 -20.77025 -31.15459
v -36.96344 -20.77025 -32.56973
v -39.93453 -20.77025 -30.97825
v -37.05785 -16.33792 -32.74599
v -40.02894 -16.33792 -31.1545
v -37.0579 -20.77025 -32.74607
v -40.02899 -20.77025 -31.15459
v -36.96344 -20.77025 -32.56973
v -36.96339 -16.33793 -32.56965
v -39.93448 -16.33793 -30.97816
v -39.93453 -20.77025 -30.97825
v -39.93448 -16.33793 -30.97816
v -40.02894 -16.33792 -31.1545
v -40.02899 -20.77025 -31.15459
v -39.93453 -20.77025 -30.97825
v -36.96344 -20.77025 -32.56973
v -37.0579 -20.77025 -32.74607
v -37.05785 -16.33792 -32.74599
v -36.96339 -16.33793 -32.56965
f 6126 6128 6129
f 6126 6129 6127
f 6134 6130 6131
f 6134 6131 6135
f 6136 6132 6133
f 6136 6133 6137
f 6138 6139 6140
f 6138 6140 6141
f 6142 6143 6144
f 6142 6144 6145
f 6146 6147 6148
f 6146 6148 6149
v -40.19162 -16.33776 -38.56633
v -43.1366 -16.33776 -36.98884
v -40.28608 -16.33776 -38.74267
v -43.23106 -16.33776 -37.16518
v -40.28612 -20.18719 -38.74275
v -43.23109 -20.18719 -37.16525
v -40.19167 -20.1872 -38.56641
v -43.13663 -20.1872 -36.98891
v -40.28608 -16.33776 -38.74267
v -43.23106 -16.33776 -37.16518
v -40.28612 -20.18719 -38.74275
v -43.23109 -20.18719 -37.16525
v -40.19167 -20.1872 -38.56641
v -40.19162 -16.33776 -38.56633
v -43.1366 -16.33776 -36.98884
v -43.13663 -20.1872 -36.98891
v -43.1366 -16.33776 -36.98884
v -43.23106 -16.33776 -37.16518
v -43.23109 -20.18719 -37.16525
v -43.13663 -20.1872 -36.98891
v -40.19167 -20.1872 -38.56641
v -40.28612 -20.18719 -38.74275
v -40.28608 -16.33776 -38.74267
v -40.19162 -16.33776 -38.56633
f 6150 6152 6153
f 6150 6153 6151
f 6158 6154 6155
f 6158 6155 6159
f 6160 6156 6157
f 6160 6157 6161
f 6162 6163 6164
f 6162 6164 6165
f 6166 6167 6168
f 6166 6168 6169
f 6170 6171 6172
f 6170 6172 6173
v -2.403548 -18.62906 -5.313721
v -1.802681 -18.62906 -6.326499
v -1.39638 -18.62906 -4.716181
v -0.7955126 -18.62906 -5.72896
v -1.39638 -20.00661 -4.716181
v -0.7955127 -20.00661 -5.72896
v -2.403549 -20.00661 -5.313721
v -1.802681 -20.00661 -6.326499
v -1.39638 -18.62906 -4.716181
v -0.7955126 -18.62906 -5.72896
v -1.39638 -20.00661 -4.716181
v -0.7955127 -20.00661 -5.72896
v -2.403549 -20.00661 -5.313721
v -2.403548 -18.62906 -5.313721
v -1.802681 -18.62906 -6.326499
v -1.802681 -20.00661 -6.326499
v -1.802681 -18.62906 -6.326499
v -0.7955126 -18.62906 -5.72896
v -0.7955127 -20.00661 -5.72896
v -1.802681 -20.00661 -6.326499
v -2.403549 -20.00661 -5.313721
v -1.39638 -20.00661 -4.716181
v -1.39638 -18.62906 -4.716181
v -2.403548 -18.62906 -5.313721
f 6174 6176 6177
f 6174 6177 6175
f 6182 6178 6179
f 6182 6179 6183
f 6184 6180 6181
f 6184 6181 6185
f 6186 6187 6188
f 6186 6188 6189
f 6190 6191 6192
f 6190 6192 6193
f 6194 6195 6196
f 6194 6196 6197
v -38.79335 -16.33776 -9.457705
v -38.79474 -16.33777 -6.116845
v -38.9934 -16.33776 -9.457788
v -38.99479 -16.33776 -6.116929
v -38.99348 -20.18719 -9.457788
v -38.99488 -20.18719 -6.116929
v -38.79343 -20.1872 -9.457705
v -38.79483 -20.1872 -6.116845
v -38.9934 -16.33776 -9.457788
v -38.99479 -16.33776 -6.116929
v -38.99348 -20.18719 -9.457788
v -38.99488 -20.18719 -6.116929
v -38.79343 -20.1872 -9.457705
v -38.79335 -16.33776 -9.457705
v -38.79474 -16.33777 -6.116845
v -38.79483 -20.1872 -6.116845
v -38.79474 -16.33777 -6.116845
v -38.99479 -16.33776 -6.116929
v -38.99488 -20.18719 -6.116929
v -38.79483 -20.1872 -6.116845
v -38.79343 -20.1872 -9.457705
v -38.99348 -20.18719 -9.457788
v -38.9934 -16.33776 -9.457788
v -38.79335 -16.33776 -9.457705
f 6198 6200 6201
f 6198 6201 6199
f 6206 6202 6203
f 6206 6203 6207
f 6208 6204 6205
f 6208 6205 6209
f 6210 6211 6212
f 6210 6212 6213
f 6214 6215 6216
f 6214 6216 6217
f 6218 6219 6220
f 6218 6220 6221
v -31.98306 -15.4483 -9.476073
v -31.98447 -15.4483 -6.116624
v -38.97851 -15.44814 -9.478993
v -38.97991 -15.44814 -6.119544
v -38.97853 -16.34342 -9.478993
v -38.97993 -16.34342 -6.119544
v -31.98308 -16.34358 -9.476073
v -31.98449 -16.34358 -6.116624
v -38.97851 -15.44814 -9.478993
v -38.97991 -15.44814 -6.119544
v -38.97853 -16.34342 -9.478993
v -38.97993 -16.34342 -6.119544
v -31.98308 -16.34358 -9.476073
v -31.98306 -15.4483 -9.476073
v -31.98447 -15.4483 -6.116624
v -31.98449 -16.34358 -6.116624
v -31.98447 -15.4483 -6.116624
v -38.97991 -15.44814 -6.119544
v -38.97993 -16.34342 -6.119544
v -31.98449 -16.34358 -6.116624
v -31.98308 -16.34358 -9.476073
v -38.97853 -16.34342 -9.478993
v -38.97851 -15.44814 -9.478993
v -31.98306 -15.4483 -9.476073
f 6222 6224 6225
f 6222 6225 6223
f 6230 6226 6227
f 6230 6227 6231
f 6232 6228 6229
f 6232 6229 6233
f 6234 6235 6236
f 6234 6236 6237
f 6238 6239 6240
f 6238 6240 6241
f 6242 6243 6244
f 6242 6244 6245
v -31.98295 -16.33793 -9.469025
v -31.98435 -16.33793 -6.098536
v -32.18299 -16.33792 -9.469109
v -32.1844 -16.33792 -6.098619
v -32.18309 -20.77025 -9.469109
v -32.1845 -20.77025 -6.098619
v -31.98305 -20.77025 -9.469025
v -31.98445 -20.77025 -6.098536
v -32.18299 -16.33792 -9.469109
v -32.1844 -16.33792 -6.098619
v -32.18309 -20.77025 -9.469109
v -32.1845 -20.77025 -6.098619
v -31.98305 -20.77025 -9.469025
v -31.98295 -16.33793 -9.469025
v -31.98435 -16.33793 -6.098536
v -31.98445 -20.77025 -6.098536
v -31.98435 -16.33793 -6.098536
v -32.1844 -16.33792 -6.098619
v -32.1845 -20.77025 -6.098619
v -31.98445 -20.77025 -6.098536
v -31.98305 -20.77025 -9.469025
v -32.18309 -20.77025 -9.469109
v -32.18299 -16.33792 -9.469109
v -31.98295 -16.33793 -9.469025
f 6246 6248 6249
f 6246 6249 6247
f 6254 6250 6251
f 6254 6251 6255
f 6256 6252 6253
f 6256 6253 6257
f 6258 6259 6260
f 6258 6260 6261
f 6262 6263 6264
f 6262 6264 6265
f 6266 6267 6268
f 6266 6268 6269
v 42.76972 -16.33776 -37.1329
v 39.7641 -16.33776 -38.59151
v 42.85706 -16.33776 -37.31287
v 39.85144 -16.33776 -38.77149
v 42.8571 -20.18719 -37.31295
v 39.85147 -20.18719 -38.77156
v 42.76976 -20.1872 -37.13297
v 39.76414 -20.1872 -38.59159
v 42.85706 -16.33776 -37.31287
v 39.85144 -16.33776 -38.77149
v 42.8571 -20.18719 -37.31295
v 39.85147 -20.18719 -38.77156
v 42.76976 -20.1872 -37.13297
v 42.76972 -16.33776 -37.1329
v 39.7641 -16.33776 -38.59151
v 39.76414 -20.1872 -38.59159
v 39.7641 -16.33776 -38.59151
v 39.85144 -16.33776 -38.77149
v 39.85147 -20.18719 -38.77156
v 39.76414 -20.1872 -38.59159
v 42.76976 -20.1872 -37.13297
v 42.8571 -20.18719 -37.31295
v 42.85706 -16.33776 -37.31287
v 42.76972 -16.33776 -37.1329
f 6270 6272 6273
f 6270 6273 6271
f 6278 6274 6275
f 6278 6275 6279
f 6280 6276 6277
f 6280 6277 6281
f 6282 6283 6284
f 6282 6284 6285
f 6286 6287 6288
f 6286 6288 6289
f 6290 6291 6292
f 6290 6292 6293
v 39.80905 -16.33793 -30.9997
v 36.77677 -16.33793 -32.47125
v 39.89639 -16.33792 -31.17967
v 36.86411 -16.33792 -32.65123
v 39.89643 -20.77025 -31.17976
v 36.86415 -20.77025 -32.65131
v 39.80909 -20.77025 -30.99979
v 36.77681 -20.77025 -32.47134
v 39.89639 -16.33792 -31.17967
v 36.86411 -16.33792 -32.65123
v 39.89643 -20.77025 -31.17976
v 36.86415 -20.77025 -32.65131
v 39.80909 -20.77025 -30.99979
v 39.80905 -16.33793 -30.9997
v 36.77677 -16.33793 -32.47125
v 36.77681 -20.77025 -32.47134
v 36.77677 -16.33793 -32.47125
v 36.86411 -16.33792 -32.65123
v 36.86415 -20.77025 -32.65131
v 36.77681 -20.77025 -32.47134
v 39.80909 -20.77025 -30.99979
v 39.89643 -20.77025 -31.17976
v 39.89639 -16.33792 -31.17967
v 39.80905 -16.33793 -30.9997
f 6294 6296 6297
f 6294 6297 6295
f 6302 6298 6299
f 6302 6299 6303
f 6304 6300 6301
f 6304 6301 6305
f 6306 6307 6308
f 6306 6308 6309
f 6310 6311 6312
f 6310 6312 6313
f 6314 6315 6316
f 6314 6316 6317
v 39.81544 -15.4483 -30.99673
v 36.79309 -15.4483 -32.46346
v 42.86965 -15.44814 -37.29023
v 39.8473 -15.44814 -38.75696
v 42.86966 -16.34342 -37.29024
v 39.84731 -16.34342 -38.75698
v 39.81545 -16.34358 -30.99675
v 36.7931 -16.34358 -32.46348
v 42.86965 -15.44814 -37.29023
v 39.8473 -15.44814 -38.75696
v 42.86966 -16.34342 -37.29024
v 39.84731 -16.34342 -38.75698
v 39.81545 -16.34358 -30.99675
v 39.81544 -15.4483 -30.99673
v 36.79309 -15.4483 -32.46346
v 36.7931 -16.34358 -32.46348
v 36.79309 -15.4483 -32.46346
v 39.8473 -15.44814 -38.75696
v 39.84731 -16.34342 -38.75698
v 36.7931 -16.34358 -32.46348
v 39.81545 -16.34358 -30.99675
v 42.86966 -16.34342 -37.29024
v 42.86965 -15.44814 -37.29023
v 39.81544 -15.4483 -30.99673
f 6318 6320 6321
f 6318 6321 6319
f 6326 6322 6323
f 6326 6323 6327
f 6328 6324 6325
f 6328 6325 6329
f 6330 6331 6332
f 6330 6332 6333
f 6334 6335 6336
f 6334 6336 6337
f 6338 6339 6340
f 6338 6340 6341
v -46.05279 -11.08776 1.056151
v -46.05418 -11.08776 4.39701
v -46.25284 -11.08776 1.056067
v -46.25423 -11.08776 4.396926
v -46.25292 -14.93719 1.056067
v -46.25432 -14.93719 4.396926
v -46.05288 -14.9372 1.056151
v -46.05427 -14.9372 4.39701
v -46.25284 -11.08776 1.056067
v -46.25423 -11.08776 4.396926
v -46.25292 -14.93719 1.056067
v -46.25432 -14.93719 4.396926
v -46.05288 -14.9372 1.056151
v -46.05279 -11.08776 1.056151
v -46.05418 -11.08776 4.39701
v -46.05427 -14.9372 4.39701
v -46.05418 -11.08776 4.39701
v -46.25423 -11.08776 4.396926
v -46.25432 -14.93719 4.396926
v -46.05427 -14.9372 4.39701
v -46.05288 -14.9372 1.056151
v -46.25292 -14.93719 1.056067
v -46.25284 -11.08776 1.056067
v -46.05279 -11.08776 1.056151
f 6342 6344 6345
f 6342 6345 6343
f 6350 6346 6347
f 6350 6347 6351
f 6352 6348 6349
f 6352 6349 6353
f 6354 6355 6356
f 6354 6356 6357
f 6358 6359 6360
f 6358 6360 6361
f 6362 6363 6364
f 6362 6364 6365
v -39.2425 -10.1983 1.037781
v -39.24391 -10.1983 4.397231
v -46.23795 -10.19814 1.034862
v -46.23935 -10.19814 4.394311
v -46.23797 -11.09342 1.034862
v -46.23937 -11.09342 4.394311
v -39.24253 -11.09358 1.037781
v -39.24393 -11.09358 4.397231
v -46.23795 -10.19814 1.034862
v -46.23935 -10.19814 4.394311
v -46.23797 -11.09342 1.034862
v -46.23937 -11.09342 4.394311
v -39.24253 -11.09358 1.037781
v -39.2425 -10.1983 1.037781
v -39.24391 -10.1983 4.397231
v -39.24393 -11.09358 4.397231
v -39.24391 -10.1983 4.397231
v -46.23935 -10.19814 4.394311
v -46.23937 -11.09342 4.394311
v -39.24393 -11.09358 4.397231
v -39.24253 -11.09358 1.037781
v -46.23797 -11.09342 1.034862
v -46.23795 -10.19814 1.034862
v -39.2425 -10.1983 1.037781
f 6366 6368 6369
f 6366 6369 6367
f 6374 6370 6371
f 6374 6371 6375
f 6376 6372 6373
f 6376 6373 6377
f 6378 6379 6380
f 6378 6380 6381
f 6382 6383 6384
f 6382 6384 6385
f 6386 6387 6388
f 6386 6388 6389
v -39.24239 -11.08793 1.04483
v -39.2438 -11.08793 4.415319
v -39.44244 -11.08792 1.044747
v -39.44384 -11.08792 4.415236
v -39.44254 -15.52025 1.044747
v -39.44394 -15.52025 4.415236
v -39.24249 -15.52025 1.04483
v -39.2439 -15.52025 4.415319
v -39.44244 -11.08792 1.044747
v -39.44384 -11.08792 4.415236
v -39.44254 -15.52025 1.044747
v -39.44394 -15.52025 4.415236
v -39.24249 -15.52025 1.04483
v -39.24239 -11.08793 1.04483
v -39.2438 -11.08793 4.415319
v -39.2439 -15.52025 4.415319
v -39.2438 -11.08793 4.415319
v -39.44384 -11.08792 4.415236
v -39.44394 -15.52025 4.415236
v -39.2439 -15.52025 4.415319
v -39.24249 -15.52025 1.04483
v -39.44254 -15.52025 1.044747
v -39.44244 -11.08792 1.044747
v -39.24239 -11.08793 1.04483
f 6390 6392 6393
f 6390 6393 6391
f 6398 6394 6395
f 6398 6395 6399
f 6400 6396 6397
f 6400 6397 6401
f 6402 6403 6404
f 6402 6404 6405
f 6406 6407 6408
f 6406 6408 6409
f 6410 6411 6412
f 6410 6412 6413
v -31.99449 -11.08793 11.54097
v -31.9959 -11.08793 14.91146
v -32.19454 -11.08792 11.54089
v -32.19595 -11.08792 14.91138
v -32.19464 -15.52025 11.54089
v -32.19604 -15.52025 14.91138
v -31.99459 -15.52025 11.54097
v -31.996 -15.52025 14.91146
v -32.19454 -11.08792 11.54089
v -32.19595 -11.08792 14.91138
v -32.19464 -15.52025 11.54089
v -32.19604 -15.52025 14.91138
v -31.99459 -15.52025 11.54097
v -31.99449 -11.08793 11.54097
v -31.9959 -11.08793 14.91146
v -31.996 -15.52025 14.91146
v -31.9959 -11.08793 14.91146
v -32.19595 -11.08792 14.91138
v -32.19604 -15.52025 14.91138
v -31.996 -15.52025 14.91146
v -31.99459 -15.52025 11.54097
v -32.19464 -15.52025 11.54089
v -32.19454 -11.08792 11.54089
v -31.99449 -11.08793 11.54097
f 6414 6416 6417
f 6414 6417 6415
f 6422 6418 6419
f 6422 6419 6423
f 6424 6420 6421
f 6424 6421 6425
f 6426 6427 6428
f 6426 6428 6429
f 6430 6431 6432
f 6430 6432 6433
f 6434 6435 6436
f 6434 6436 6437
v -31.99461 -10.1983 11.53393
v -31.99601 -10.1983 14.89337
v -38.99005 -10.19814 11.531
v -38.99146 -10.19814 14.89046
v -38.99007 -11.09342 11.531
v -38.99147 -11.09342 14.89046
v -31.99463 -11.09358 11.53393
v -31.99603 -11.09358 14.89337
v -38.99005 -10.19814 11.531
v -38.99146 -10.19814 14.89046
v -38.99007 -11.09342 11.531
v -38.99147 -11.09342 14.89046
v -31.99463 -11.09358 11.53393
v -31.99461 -10.1983 11.53393
v -31.99601 -10.1983 14.89337
v -31.99603 -11.09358 14.89337
v -31.99601 -10.1983 14.89337
v -38.99146 -10.19814 14.89046
v -38.99147 -11.09342 14.89046
v -31.99603 -11.09358 14.89337
v -31.99463 -11.09358 11.53393
v -38.99007 -11.09342 11.531
v -38.99005 -10.19814 11.531
v -31.99461 -10.1983 11.53393
f 6438 6440 6441
f 6438 6441 6439
f 6446 6442 6443
f 6446 6443 6447
f 6448 6444 6445
f 6448 6445 6449
f 6450 6451 6452
f 6450 6452 6453
f 6454 6455 6456
f 6454 6456 6457
f 6458 6459 6460
f 6458 6460 6461
v -38.80489 -11.08776 11.55229
v -38.80629 -11.08776 14.89315
v -39.00494 -11.08776 11.55221
v -39.00633 -11.08776 14.89307
v -39.00502 -14.93719 11.55221
v -39.00642 -14.93719 14.89307
v -38.80498 -14.9372 11.55229
v -38.80637 -14.9372 14.89315
v -39.00494 -11.08776 11.55221
v -39.00633 -11.08776 14.89307
v -39.00502 -14.93719 11.55221
v -39.00642 -14.93719 14.89307
v -38.80498 -14.9372 11.55229
v -38.80489 -11.08776 11.55229
v -38.80629 -11.08776 14.89315
v -38.80637 -14.9372 14.89315
v -38.80629 -11.08776 14.89315
v -39.00633 -11.08776 14.89307
v -39.00642 -14.93719 14.89307
v -38.80637 -14.9372 14.89315
v -38.80498 -14.9372 11.55229
v -39.00502 -14.93719 11.55221
v -39.00494 -11.08776 11.55221
v -38.80489 -11.08776 11.55229
f 6462 6464 6465
f 6462 6465 6463
f 6470 6466 6467
f 6470 6467 6471
f 6472 6468 6469
f 6472 6469 6473
f 6474 6475 6476
f 6474 6476 6477
f 6478 6479 6480
f 6478 6480 6481
f 6482 6483 6484
f 6482 6484 6485
v -7.648972 -11.08776 -42.89772
v -10.98983 -11.08776 -42.89835
v -7.648934 -11.08776 -43.09777
v -10.98979 -11.08776 -43.0984
v -7.648934 -14.93719 -43.09786
v -10.98979 -14.93719 -43.09848
v -7.648972 -14.9372 -42.89781
v -10.98983 -14.9372 -42.89844
v -7.648934 -11.08776 -43.09777
v -10.98979 -11.08776 -43.0984
v -7.648934 -14.93719 -43.09786
v -10.98979 -14.93719 -43.09848
v -7.648972 -14.9372 -42.89781
v -7.648972 -11.08776 -42.89772
v -10.98983 -11.08776 -42.89835
v -10.98983 -14.9372 -42.89844
v -10.98983 -11.08776 -42.89835
v -10.98979 -11.08776 -43.0984
v -10.98979 -14.93719 -43.09848
v -10.98983 -14.9372 -42.89844
v -7.648972 -14.9372 -42.89781
v -7.648934 -14.93719 -43.09786
v -7.648934 -11.08776 -43.09777
v -7.648972 -11.08776 -42.89772
f 6486 6488 6489
f 6486 6489 6487
f 6494 6490 6491
f 6494 6491 6495
f 6496 6492 6493
f 6496 6493 6497
f 6498 6499 6500
f 6498 6500 6501
f 6502 6503 6504
f 6502 6504 6505
f 6506 6507 6508
f 6506 6508 6509
v -7.629037 -10.19829 -36.08744
v -10.98849 -10.1983 -36.08807
v -7.627726 -10.19814 -43.08289
v -10.98718 -10.19814 -43.08352
v -7.627726 -11.09342 -43.08291
v -10.98717 -11.09342 -43.08354
v -7.629037 -11.09358 -36.08746
v -10.98849 -11.09358 -36.08809
v -7.627726 -10.19814 -43.08289
v -10.98718 -10.19814 -43.08352
v -7.627726 -11.09342 -43.08291
v -10.98717 -11.09342 -43.08354
v -7.629037 -11.09358 -36.08746
v -7.629037 -10.19829 -36.08744
v -10.98849 -10.1983 -36.08807
v -10.98849 -11.09358 -36.08809
v -10.98849 -10.1983 -36.08807
v -10.98718 -10.19814 -43.08352
v -10.98717 -11.09342 -43.08354
v -10.98849 -11.09358 -36.08809
v -7.629037 -11.09358 -36.08746
v -7.627726 -11.09342 -43.08291
v -7.627726 -10.19814 -43.08289
v -7.629037 -10.19829 -36.08744
f 6510 6512 6513
f 6510 6513 6511
f 6518 6514 6515
f 6518 6515 6519
f 6520 6516 6517
f 6520 6517 6521
f 6522 6523 6524
f 6522 6524 6525
f 6526 6527 6528
f 6526 6528 6529
f 6530 6531 6532
f 6530 6532 6533
v -7.636086 -11.08793 -36.08733
v -11.00657 -11.08793 -36.08796
v -7.636048 -11.08792 -36.28737
v -11.00654 -11.08792 -36.28801
v -7.636047 -15.52025 -36.28747
v -11.00654 -15.52025 -36.28811
v -7.636085 -15.52025 -36.08743
v -11.00657 -15.52025 -36.08806
v -7.636048 -11.08792 -36.28737
v -11.00654 -11.08792 -36.28801
v -7.636047 -15.52025 -36.28747
v -11.00654 -15.52025 -36.28811
v -7.636085 -15.52025 -36.08743
v -7.636086 -11.08793 -36.08733
v -11.00657 -11.08793 -36.08796
v -11.00657 -15.52025 -36.08806
v -11.00657 -11.08793 -36.08796
v -11.00654 -11.08792 -36.28801
v -11.00654 -15.52025 -36.28811
v -11.00657 -15.52025 -36.08806
v -7.636085 -15.52025 -36.08743
v -7.636047 -15.52025 -36.28747
v -7.636048 -11.08792 -36.28737
v -7.636086 -11.08793 -36.08733
f 6534 6536 6537
f 6534 6537 6535
f 6542 6538 6539
f 6542 6539 6543
f 6544 6540 6541
f 6544 6541 6545
f 6546 6547 6548
f 6546 6548 6549
f 6550 6551 6552
f 6550 6552 6553
f 6554 6555 6556
f 6554 6556 6557
v -33.54092 -11.08793 -26.17831
v -36.512 -11.08793 -24.58683
v -33.63538 -11.08792 -26.35465
v -36.60646 -11.08792 -24.76317
v -33.63542 -15.52025 -26.35474
v -36.60651 -15.52025 -24.76326
v -33.54096 -15.52025 -26.1784
v -36.51205 -15.52025 -24.58691
v -33.63538 -11.08792 -26.35465
v -36.60646 -11.08792 -24.76317
v -33.63542 -15.52025 -26.35474
v -36.60651 -15.52025 -24.76326
v -33.54096 -15.52025 -26.1784
v -33.54092 -11.08793 -26.17831
v -36.512 -11.08793 -24.58683
v -36.51205 -15.52025 -24.58691
v -36.512 -11.08793 -24.58683
v -36.60646 -11.08792 -24.76317
v -36.60651 -15.52025 -24.76326
v -36.51205 -15.52025 -24.58691
v -33.54096 -15.52025 -26.1784
v -33.63542 -15.52025 -26.35474
v -33.63538 -11.08792 -26.35465
v -33.54092 -11.08793 -26.17831
f 6558 6560 6561
f 6558 6561 6559
f 6566 6562 6563
f 6566 6563 6567
f 6568 6564 6565
f 6568 6565 6569
f 6570 6571 6572
f 6570 6572 6573
f 6574 6575 6576
f 6574 6576 6577
f 6578 6579 6580
f 6578 6580 6581
v -33.53476 -10.19829 -26.18175
v -36.49612 -10.1983 -24.59547
v -36.83788 -10.19814 -32.34824
v -39.79924 -10.19814 -30.76197
v -36.83789 -11.09342 -32.34826
v -39.79925 -11.09342 -30.76198
v -33.53477 -11.09358 -26.18176
v -36.49613 -11.09358 -24.59549
v -36.83788 -10.19814 -32.34824
v -39.79924 -10.19814 -30.76197
v -36.83789 -11.09342 -32.34826
v -39.79925 -11.09342 -30.76198
v -33.53477 -11.09358 -26.18176
v -33.53476 -10.19829 -26.18175
v -36.49612 -10.1983 -24.59547
v -36.49613 -11.09358 -24.59549
v -36.49612 -10.1983 -24.59547
v -39.79924 -10.19814 -30.76197
v -39.79925 -11.09342 -30.76198
v -36.49613 -11.09358 -24.59549
v -33.53477 -11.09358 -26.18176
v -36.83789 -11.09342 -32.34826
v -36.83788 -10.19814 -32.34824
v -33.53476 -10.19829 -26.18175
f 6582 6584 6585
f 6582 6585 6583
f 6590 6586 6587
f 6590 6587 6591
f 6592 6588 6589
f 6592 6589 6593
f 6594 6595 6596
f 6594 6596 6597
f 6598 6599 6600
f 6598 6600 6601
f 6602 6603 6604
f 6602 6604 6605
v -36.76915 -11.08776 -32.175
v -39.71412 -11.08776 -30.5975
v -36.86361 -11.08776 -32.35134
v -39.80858 -11.08776 -30.77384
v -36.86364 -14.93719 -32.35141
v -39.80862 -14.93719 -30.77392
v -36.76919 -14.9372 -32.17507
v -39.71416 -14.9372 -30.59758
v -36.86361 -11.08776 -32.35134
v -39.80858 -11.08776 -30.77384
v -36.86364 -14.93719 -32.35141
v -39.80862 -14.93719 -30.77392
v -36.76919 -14.9372 -32.17507
v -36.76915 -11.08776 -32.175
v -39.71412 -11.08776 -30.5975
v -39.71416 -14.9372 -30.59758
v -39.71412 -11.08776 -30.5975
v -39.80858 -11.08776 -30.77384
v -39.80862 -14.93719 -30.77392
v -39.71416 -14.9372 -30.59758
v -36.76919 -14.9372 -32.17507
v -36.86364 -14.93719 -32.35141
v -36.86361 -11.08776 -32.35134
v -36.76915 -11.08776 -32.175
f 6606 6608 6609
f 6606 6609 6607
f 6614 6610 6611
f 6614 6611 6615
f 6616 6612 6613
f 6616 6613 6617
f 6618 6619 6620
f 6618 6620 6621
f 6622 6623 6624
f 6622 6624 6625
f 6626 6627 6628
f 6626 6628 6629
v 32.12083 -10.1983 4.496506
v 32.12039 -10.1983 1.137058
v 39.11627 -10.19814 4.495583
v 39.11583 -10.19814 1.136134
v 39.11629 -11.09342 4.495583
v 39.11585 -11.09342 1.136134
v 32.12085 -11.09358 4.496506
v 32.12041 -11.09358 1.137058
v 39.11627 -10.19814 4.495583
v 39.11583 -10.19814 1.136134
v 39.11629 -11.09342 4.495583
v 39.11585 -11.09342 1.136134
v 32.12085 -11.09358 4.496506
v 32.12083 -10.1983 4.496506
v 32.12039 -10.1983 1.137058
v 32.12041 -11.09358 1.137058
v 32.12039 -10.1983 1.137058
v 39.11583 -10.19814 1.136134
v 39.11585 -11.09342 1.136134
v 32.12041 -11.09358 1.137058
v 32.12085 -11.09358 4.496506
v 39.11629 -11.09342 4.495583
v 39.11627 -10.19814 4.495583
v 32.12083 -10.1983 4.496506
f 6630 6632 6633
f 6630 6633 6631
f 6638 6634 6635
f 6638 6635 6639
f 6640 6636 6637
f 6640 6637 6641
f 6642 6643 6644
f 6642 6644 6645
f 6646 6647 6648
f 6646 6648 6649
f 6650 6651 6652
f 6650 6652 6653
v 32.12071 -11.08793 4.489458
v 32.12027 -11.08793 1.11897
v 32.32076 -11.08792 4.489431
v 32.32031 -11.08792 1.118944
v 32.32086 -15.52025 4.489433
v 32.32041 -15.52025 1.118945
v 32.12081 -15.52025 4.489459
v 32.12037 -15.52025 1.118971
v 32.32076 -11.08792 4.489431
v 32.32031 -11.08792 1.118944
v 32.32086 -15.52025 4.489433
v 32.32041 -15.52025 1.118945
v 32.12081 -15.52025 4.489459
v 32.12071 -11.08793 4.489458
v 32.12027 -11.08793 1.11897
v 32.12037 -15.52025 1.118971
v 32.12027 -11.08793 1.11897
v 32.32031 -11.08792 1.118944
v 32.32041 -15.52025 1.118945
v 32.12037 -15.52025 1.118971
v 32.12081 -15.52025 4.489459
v 32.32086 -15.52025 4.489433
v 32.32076 -11.08792 4.489431
v 32.12071 -11.08793 4.489458
f 6654 6656 6657
f 6654 6657 6655
f 6662 6658 6659
f 6662 6659 6663
f 6664 6660 6661
f 6664 6661 6665
f 6666 6667 6668
f 6666 6668 6669
f 6670 6671 6672
f 6670 6672 6673
f 6674 6675 6676
f 6674 6676 6677
v 38.9311 -11.08777 4.474396
v 38.93066 -11.08777 1.133538
v 39.13115 -11.08776 4.474369
v 39.13071 -11.08776 1.133511
v 39.13123 -14.93719 4.47437
v 39.13079 -14.93719 1.133512
v 38.93119 -14.9372 4.474397
v 38.93074 -14.9372 1.133539
v 39.13115 -11.08776 4.474369
v 39.13071 -11.08776 1.133511
v 39.13123 -14.93719 4.47437
v 39.13079 -14.93719 1.133512
v 38.93119 -14.9372 4.474397
v 38.9311 -11.08777 4.474396
v 38.93066 -11.08777 1.133538
v 38.93074 -14.9372 1.133539
v 38.93066 -11.08777 1.133538
v 39.13071 -11.08776 1.133511
v 39.13079 -14.93719 1.133512
v 38.93074 -14.9372 1.133539
v 38.93119 -14.9372 4.474397
v 39.13123 -14.93719 4.47437
v 39.13115 -11.08776 4.474369
v 38.9311 -11.08777 4.474396
f 6678 6680 6681
f 6678 6681 6679
f 6686 6682 6683
f 6686 6683 6687
f 6688 6684 6685
f 6688 6685 6689
f 6690 6691 6692
f 6690 6692 6693
f 6694 6695 6696
f 6694 6696 6697
f 6698 6699 6700
f 6698 6700 6701
v -39.24461 -15.4483 11.52994
v -39.24601 -15.4483 14.88939
v -46.24005 -15.44814 11.52702
v -46.24146 -15.44814 14.88647
v -46.24007 -16.34342 11.52702
v -46.24147 -16.34342 14.88647
v -39.24463 -16.34358 11.52994
v -39.24603 -16.34358 14.88939
v -46.24005 -15.44814 11.52702
v -46.24146 -15.44814 14.88647
v -46.24007 -16.34342 11.52702
v -46.24147 -16.34342 14.88647
v -39.24463 -16.34358 11.52994
v -39.24461 -15.4483 11.52994
v -39.24601 -15.4483 14.88939
v -39.24603 -16.34358 14.88939
v -39.24601 -15.4483 14.88939
v -46.24146 -15.44814 14.88647
v -46.24147 -16.34342 14.88647
v -39.24603 -16.34358 14.88939
v -39.24463 -16.34358 11.52994
v -46.24007 -16.34342 11.52702
v -46.24005 -15.44814 11.52702
v -39.24461 -15.4483 11.52994
f 6702 6704 6705
f 6702 6705 6703
f 6710 6706 6707
f 6710 6707 6711
f 6712 6708 6709
f 6712 6709 6713
f 6714 6715 6716
f 6714 6716 6717
f 6718 6719 6720
f 6718 6720 6721
f 6722 6723 6724
f 6722 6724 6725
v -39.24449 -16.33793 11.53699
v -39.2459 -16.33793 14.90748
v -39.44454 -16.33792 11.53691
v -39.44595 -16.33792 14.9074
v -39.44464 -20.77025 11.53691
v -39.44604 -20.77025 14.9074
v -39.24459 -20.77025 11.53699
v -39.246 -20.77025 14.90748
v -39.44454 -16.33792 11.53691
v -39.44595 -16.33792 14.9074
v -39.44464 -20.77025 11.53691
v -39.44604 -20.77025 14.9074
v -39.24459 -20.77025 11.53699
v -39.24449 -16.33793 11.53699
v -39.2459 -16.33793 14.90748
v -39.246 -20.77025 14.90748
v -39.2459 -16.33793 14.90748
v -39.44595 -16.33792 14.9074
v -39.44604 -20.77025 14.9074
v -39.246 -20.77025 14.90748
v -39.24459 -20.77025 11.53699
v -39.44464 -20.77025 11.53691
v -39.44454 -16.33792 11.53691
v -39.24449 -16.33793 11.53699
f 6726 6728 6729
f 6726 6729 6727
f 6734 6730 6731
f 6734 6731 6735
f 6736 6732 6733
f 6736 6733 6737
f 6738 6739 6740
f 6738 6740 6741
f 6742 6743 6744
f 6742 6744 6745
f 6746 6747 6748
f 6746 6748 6749
v -46.05489 -16.33776 11.54831
v -46.05629 -16.33777 14.88917
v -46.25494 -16.33776 11.54823
v -46.25633 -16.33776 14.88909
v -46.25502 -20.18719 11.54823
v -46.25642 -20.18719 14.88909
v -46.05498 -20.1872 11.54831
v -46.05637 -20.1872 14.88917
v -46.25494 -16.33776 11.54823
v -46.25633 -16.33776 14.88909
v -46.25502 -20.18719 11.54823
v -46.25642 -20.18719 14.88909
v -46.05498 -20.1872 11.54831
v -46.05489 -16.33776 11.54831
v -46.05629 -16.33777 14.88917
v -46.05637 -20.1872 14.88917
v -46.05629 -16.33777 14.88917
v -46.25633 -16.33776 14.88909
v -46.25642 -20.18719 14.88909
v -46.05637 -20.1872 14.88917
v -46.05498 -20.1872 11.54831
v -46.25502 -20.18719 11.54823
v -46.25494 -16.33776 11.54823
v -46.05489 -16.33776 11.54831
f 6750 6752 6753
f 6750 6753 6751
f 6758 6754 6755
f 6758 6755 6759
f 6760 6756 6757
f 6760 6757 6761
f 6762 6763 6764
f 6762 6764 6765
f 6766 6767 6768
f 6766 6768 6769
f 6770 6771 6772
f 6770 6772 6773
v -36.95724 -10.19829 -32.57308
v -39.91859 -10.1983 -30.98681
v -40.26036 -10.19814 -38.73957
v -43.22172 -10.19814 -37.1533
v -40.26037 -11.09342 -38.73959
v -43.22173 -11.09342 -37.15332
v -36.95724 -11.09358 -32.5731
v -39.91861 -11.09358 -30.98683
v -40.26036 -10.19814 -38.73957
v -43.22172 -10.19814 -37.1533
v -40.26037 -11.09342 -38.73959
v -43.22173 -11.09342 -37.15332
v -36.95724 -11.09358 -32.5731
v -36.95724 -10.19829 -32.57308
v -39.91859 -10.1983 -30.98681
v -39.91861 -11.09358 -30.98683
v -39.91859 -10.1983 -30.98681
v -43.22172 -10.19814 -37.1533
v -43.22173 -11.09342 -37.15332
v -39.91861 -11.09358 -30.98683
v -36.95724 -11.09358 -32.5731
v -40.26037 -11.09342 -38.73959
v -40.26036 -10.19814 -38.73957
v -36.95724 -10.19829 -32.57308
f 6774 6776 6777
f 6774 6777 6775
f 6782 6778 6779
f 6782 6779 6783
f 6784 6780 6781
f 6784 6781 6785
f 6786 6787 6788
f 6786 6788 6789
f 6790 6791 6792
f 6790 6792 6793
f 6794 6795 6796
f 6794 6796 6797
v -36.96339 -11.08793 -32.56965
v -39.93448 -11.08793 -30.97816
v -37.05785 -11.08792 -32.74599
v -40.02894 -11.08792 -31.1545
v -37.0579 -15.52025 -32.74607
v -40.02899 -15.52025 -31.15459
v -36.96344 -15.52025 -32.56973
v -39.93453 -15.52025 -30.97825
v -37.05785 -11.08792 -32.74599
v -40.02894 -11.08792 -31.1545
v -37.0579 -15.52025 -32.74607
v -40.02899 -15.52025 -31.15459
v -36.96344 -15.52025 -32.56973
v -36.96339 -11.08793 -32.56965
v -39.93448 -11.08793 -30.97816
v -39.93453 -15.52025 -30.97825
v -39.93448 -11.08793 -30.97816
v -40.02894 -11.08792 -31.1545
v -40.02899 -15.52025 -31.15459
v -39.93453 -15.52025 -30.97825
v -36.96344 -15.52025 -32.56973
v -37.0579 -15.52025 -32.74607
v -37.05785 -11.08792 -32.74599
v -36.96339 -11.08793 -32.56965
f 6798 6800 6801
f 6798 6801 6799
f 6806 6802 6803
f 6806 6803 6807
f 6808 6804 6805
f 6808 6805 6809
f 6810 6811 6812
f 6810 6812 6813
f 6814 6815 6816
f 6814 6816 6817
f 6818 6819 6820
f 6818 6820 6821
v -40.19162 -11.08776 -38.56633
v -43.1366 -11.08776 -36.98884
v -40.28608 -11.08776 -38.74267
v -43.23106 -11.08776 -37.16518
v -40.28612 -14.93719 -38.74275
v -43.23109 -14.93719 -37.16525
v -40.19167 -14.9372 -38.56641
v -43.13663 -14.9372 -36.98891
v -40.28608 -11.08776 -38.74267
v -43.23106 -11.08776 -37.16518
v -40.28612 -14.93719 -38.74275
v -43.23109 -14.93719 -37.16525
v -40.19167 -14.9372 -38.56641
v -40.19162 -11.08776 -38.56633
v -43.1366 -11.08776 -36.98884
v -43.13663 -14.9372 -36.98891
v -43.1366 -11.08776 -36.98884
v -43.23106 -11.08776 -37.16518
v -43.23109 -14.93719 -37.16525
v -43.13663 -14.9372 -36.98891
v -40.19167 -14.9372 -38.56641
v -40.28612 -14.93719 -38.74275
v -40.28608 -11.08776 -38.74267
v -40.19162 -11.08776 -38.56633
f 6822 6824 6825
f 6822 6825 6823
f 6830 6826 6827
f 6830 6827 6831
f 6832 6828 6829
f 6832 6829 6833
f 6834 6835 6836
f 6834 6836 6837
f 6838 6839 6840
f 6838 6840 6841
f 6842 6843 6844
f 6842 6844 6845
v -7.648972 -16.33776 -35.64773
v -10.98983 -16.33777 -35.64836
v -7.648934 -16.33776 -35.84778
v -10.98979 -16.33776 -35.84841
v -7.648934 -20.18719 -35.84787
v -10.98979 -20.18719 -35.84849
v -7.648972 -20.1872 -35.64782
v -10.98983 -20.1872 -35.64845
v -7.648934 -16.33776 -35.84778
v -10.98979 -16.33776 -35.84841
v -7.648934 -20.18719 -35.84787
v -10.98979 -20.18719 -35.84849
v -7.648972 -20.1872 -35.64782
v -7.648972 -16.33776 -35.64773
v -10.98983 -16.33777 -35.64836
v -10.98983 -20.1872 -35.64845
v -10.98983 -16.33777 -35.64836
v -10.98979 -16.33776 -35.84841
v -10.98979 -20.18719 -35.84849
v -10.98983 -20.1872 -35.64845
v -7.648972 -20.1872 -35.64782
v -7.648934 -20.18719 -35.84787
v -7.648934 -16.33776 -35.84778
v -7.648972 -16.33776 -35.64773
f 6846 6848 6849
f 6846 6849 6847
f 6854 6850 6851
f 6854 6851 6855
f 6856 6852 6853
f 6856 6853 6857
f 6858 6859 6860
f 6858 6860 6861
f 6862 6863 6864
f 6862 6864 6865
f 6866 6867 6868
f 6866 6868 6869
v -7.629037 -15.4483 -28.83745
v -10.98849 -15.4483 -28.83808
v -7.627726 -15.44814 -35.8329
v -10.98718 -15.44814 -35.83353
v -7.627726 -16.34342 -35.83292
v -10.98717 -16.34342 -35.83355
v -7.629037 -16.34358 -28.83747
v -10.98849 -16.34358 -28.8381
v -7.627726 -15.44814 -35.8329
v -10.98718 -15.44814 -35.83353
v -7.627726 -16.34342 -35.83292
v -10.98717 -16.34342 -35.83355
v -7.629037 -16.34358 -28.83747
v -7.629037 -15.4483 -28.83745
v -10.98849 -15.4483 -28.83808
v -10.98849 -16.34358 -28.8381
v -10.98849 -15.4483 -28.83808
v -10.98718 -15.44814 -35.83353
v -10.98717 -16.34342 -35.83355
v -10.98849 -16.34358 -28.8381
v -7.629037 -16.34358 -28.83747
v -7.627726 -16.34342 -35.83292
v -7.627726 -15.44814 -35.8329
v -7.629037 -15.4483 -28.83745
f 6870 6872 6873
f 6870 6873 6871
f 6878 6874 6875
f 6878 6875 6879
f 6880 6876 6877
f 6880 6877 6881
f 6882 6883 6884
f 6882 6884 6885
f 6886 6887 6888
f 6886 6888 6889
f 6890 6891 6892
f 6890 6892 6893
v -7.636086 -16.33793 -28.83733
v -11.00657 -16.33793 -28.83797
v -7.636048 -16.33792 -29.03738
v -11.00654 -16.33792 -29.03801
v -7.636047 -20.77025 -29.03748
v -11.00654 -20.77025 -29.03811
v -7.636085 -20.77025 -28.83743
v -11.00657 -20.77025 -28.83806
v -7.636048 -16.33792 -29.03738
v -11.00654 -16.33792 -29.03801
v -7.636047 -20.77025 -29.03748
v -11.00654 -20.77025 -29.03811
v -7.636085 -20.77025 -28.83743
v -7.636086 -16.33793 -28.83733
v -11.00657 -16.33793 -28.83797
v -11.00657 -20.77025 -28.83806
v -11.00657 -16.33793 -28.83797
v -11.00654 -16.33792 -29.03801
v -11.00654 -20.77025 -29.03811
v -11.00657 -20.77025 -28.83806
v -7.636085 -20.77025 -28.83743
v -7.636047 -20.77025 -29.03748
v -7.636048 -16.33792 -29.03738
v -7.636086 -16.33793 -28.83733
f 6894 6896 6897
f 6894 6897 6895
f 6902 6898 6899
f 6902 6899 6903
f 6904 6900 6901
f 6904 6901 6905
f 6906 6907 6908
f 6906 6908 6909
f 6910 6911 6912
f 6910 6912 6913
f 6914 6915 6916
f 6914 6916 6917
v -38.80489 -16.33776 11.55229
v -38.80629 -16.33777 14.89315
v -39.00494 -16.33776 11.55221
v -39.00633 -16.33776 14.89307
v -39.00502 -20.18719 11.55221
v -39.00642 -20.18719 14.89307
v -38.80498 -20.1872 11.55229
v -38.80637 -20.1872 14.89315
v -39.00494 -16.33776 11.55221
v -39.00633 -16.33776 14.89307
v -39.00502 -20.18719 11.55221
v -39.00642 -20.18719 14.89307
v -38.80498 -20.1872 11.55229
v -38.80489 -16.33776 11.55229
v -38.80629 -16.33777 14.89315
v -38.80637 -20.1872 14.89315
v -38.80629 -16.33777 14.89315
v -39.00633 -16.33776 14.89307
v -39.00642 -20.18719 14.89307
v -38.80637 -20.1872 14.89315
v -38.80498 -20.1872 11.55229
v -39.00502 -20.18719 11.55221
v -39.00494 -16.33776 11.55221
v -38.80489 -16.33776 11.55229
f 6918 6920 6921
f 6918 6921 6919
f 6926 6922 6923
f 6926 6923 6927
f 6928 6924 6925
f 6928 6925 6929
f 6930 6931 6932
f 6930 6932 6933
f 6934 6935 6936
f 6934 6936 6937
f 6938 6939 6940
f 6938 6940 6941
v -31.99449 -16.33793 11.54097
v -31.9959 -16.33793 14.91146
v -32.19454 -16.33792 11.54089
v -32.19595 -16.33792 14.91138
v -32.19464 -20.77025 11.54089
v -32.19604 -20.77025 14.91138
v -31.99459 -20.77025 11.54097
v -31.996 -20.77025 14.91146
v -32.19454 -16.33792 11.54089
v -32.19595 -16.33792 14.91138
v -32.19464 -20.77025 11.54089
v -32.19604 -20.77025 14.91138
v -31.99459 -20.77025 11.54097
v -31.99449 -16.33793 11.54097
v -31.9959 -16.33793 14.91146
v -31.996 -20.77025 14.91146
v -31.9959 -16.33793 14.91146
v -32.19595 -16.33792 14.91138
v -32.19604 -20.77025 14.91138
v -31.996 -20.77025 14.91146
v -31.99459 -20.77025 11.54097
v -32.19464 -20.77025 11.54089
v -32.19454 -16.33792 11.54089
v -31.99449 -16.33793 11.54097
f 6942 6944 6945
f 6942 6945 6943
f 6950 6946 6947
f 6950 6947 6951
f 6952 6948 6949
f 6952 6949 6953
f 6954 6955 6956
f 6954 6956 6957
f 6958 6959 6960
f 6958 6960 6961
f 6962 6963 6964
f 6962 6964 6965
v -31.99461 -15.4483 11.53393
v -31.99601 -15.4483 14.89337
v -38.99005 -15.44814 11.531
v -38.99146 -15.44814 14.89046
v -38.99007 -16.34342 11.531
v -38.99147 -16.34342 14.89046
v -31.99463 -16.34358 11.53393
v -31.99603 -16.34358 14.89337
v -38.99005 -15.44814 11.531
v -38.99146 -15.44814 14.89046
v -38.99007 -16.34342 11.531
v -38.99147 -16.34342 14.89046
v -31.99463 -16.34358 11.53393
v -31.99461 -15.4483 11.53393
v -31.99601 -15.4483 14.89337
v -31.99603 -16.34358 14.89337
v -31.99601 -15.4483 14.89337
v -38.99146 -15.44814 14.89046
v -38.99147 -16.34342 14.89046
v -31.99603 -16.34358 14.89337
v -31.99463 -16.34358 11.53393
v -38.99007 -16.34342 11.531
v -38.99005 -15.44814 11.531
v -31.99461 -15.4483 11.53393
f 6966 6968 6969
f 6966 6969 6967
f 6974 6970 6971
f 6974 6971 6975
f 6976 6972 6973
f 6976 6973 6977
f 6978 6979 6980
f 6978 6980 6981
f 6982 6983 6984
f 6982 6984 6985
f 6986 6987 6988
f 6986 6988 6989
v 2.628434 -17.54461 -4.23368
v 0.6655509 -17.54461 -3.611906
v 2.010104 -17.54461 -6.185691
v 0.04722047 -17.54461 -5.563917
v 2.010104 -19.95321 -6.185691
v 0.04722055 -19.95321 -5.563917
v 2.628434 -19.95321 -4.23368
v 0.665551 -19.95321 -3.611906
v 2.010104 -17.54461 -6.185691
v 0.04722047 -17.54461 -5.563917
v 2.010104 -19.95321 -6.185691
v 0.04722055 -19.95321 -5.563917
v 2.628434 -19.95321 -4.23368
v 2.628434 -17.54461 -4.23368
v 0.6655509 -17.54461 -3.611906
v 0.665551 -19.95321 -3.611906
v 0.6655509 -17.54461 -3.611906
v 0.04722047 -17.54461 -5.563917
v 0.04722055 -19.95321 -5.563917
v 0.665551 -19.95321 -3.611906
v 2.628434 -19.95321 -4.23368
v 2.010104 -19.95321 -6.185691
v 2.010104 -17.54461 -6.185691
v 2.628434 -17.54461 -4.23368
f 6990 6992 6993
f 6990 6993 6991
f 6998 6994 6995
f 6998 6995 6999
f 7000 6996 6997
f 7000 6997 7001
f 7002 7003 7004
f 7002 7004 7005
f 7006 7007 7008
f 7006 7008 7009
f 7010 7011 7012
f 7010 7012 7013
v -46.05279 -16.33776 1.056151
v -46.05418 -16.33777 4.39701
v -46.25284 -16.33776 1.056067
v -46.25423 -16.33776 4.396926
v -46.25292 -20.18719 1.056067
v -46.25432 -20.18719 4.396926
v -46.05288 -20.1872 1.056151
v -46.05427 -20.1872 4.39701
v -46.25284 -16.33776 1.056067
v -46.25423 -16.33776 4.396926
v -46.25292 -20.18719 1.056067
v -46.25432 -20.18719 4.396926
v -46.05288 -20.1872 1.056151
v -46.05279 -16.33776 1.056151
v -46.05418 -16.33777 4.39701
v -46.05427 -20.1872 4.39701
v -46.05418 -16.33777 4.39701
v -46.25423 -16.33776 4.396926
v -46.25432 -20.18719 4.396926
v -46.05427 -20.1872 4.39701
v -46.05288 -20.1872 1.056151
v -46.25292 -20.18719 1.056067
v -46.25284 -16.33776 1.056067
v -46.05279 -16.33776 1.056151
f 7014 7016 7017
f 7014 7017 7015
f 7022 7018 7019
f 7022 7019 7023
f 7024 7020 7021
f 7024 7021 7025
f 7026 7027 7028
f 7026 7028 7029
f 7030 7031 7032
f 7030 7032 7033
f 7034 7035 7036
f 7034 7036 7037
v -39.2425 -15.4483 1.037781
v -39.24391 -15.4483 4.397231
v -46.23795 -15.44814 1.034862
v -46.23935 -15.44814 4.394311
v -46.23797 -16.34342 1.034862
v -46.23937 -16.34342 4.394311
v -39.24253 -16.34358 1.037781
v -39.24393 -16.34358 4.397231
v -46.23795 -15.44814 1.034862
v -46.23935 -15.44814 4.394311
v -46.23797 -16.34342 1.034862
v -46.23937 -16.34342 4.394311
v -39.24253 -16.34358 1.037781
v -39.2425 -15.4483 1.037781
v -39.24391 -15.4483 4.397231
v -39.24393 -16.34358 4.397231
v -39.24391 -15.4483 4.397231
v -46.23935 -15.44814 4.394311
v -46.23937 -16.34342 4.394311
v -39.24393 -16.34358 4.397231
v -39.24253 -16.34358 1.037781
v -46.23797 -16.34342 1.034862
v -46.23795 -15.44814 1.034862
v -39.2425 -15.4483 1.037781
f 7038 7040 7041
f 7038 7041 7039
f 7046 7042 7043
f 7046 7043 7047
f 7048 7044 7045
f 7048 7045 7049
f 7050 7051 7052
f 7050 7052 7053
f 7054 7055 7056
f 7054 7056 7057
f 7058 7059 7060
f 7058 7060 7061
v -39.24239 -16.33793 1.04483
v -39.2438 -16.33793 4.415319
v -39.44244 -16.33792 1.044747
v -39.44384 -16.33792 4.415236
v -39.44254 -20.77025 1.044747
v -39.44394 -20.77025 4.415236
v -39.24249 -20.77025 1.04483
v -39.2439 -20.77025 4.415319
v -39.44244 -16.33792 1.044747
v -39.44384 -16.33792 4.415236
v -39.44254 -20.77025 1.044747
v -39.44394 -20.77025 4.415236
v -39.24249 -20.77025 1.04483
v -39.24239 -16.33793 1.04483
v -39.2438 -16.33793 4.415319
v -39.2439 -20.77025 4.415319
v -39.2438 -16.33793 4.415319
v -39.44384 -16.33792 4.415236
v -39.44394 -20.77025 4.415236
v -39.2439 -20.77025 4.415319
v -39.24249 -20.77025 1.04483
v -39.44254 -20.77025 1.044747
v -39.44244 -16.33792 1.044747
v -39.24239 -16.33793 1.04483
f 7062 7064 7065
f 7062 7065 7063
f 7070 7066 7067
f 7070 7067 7071
f 7072 7068 7069
f 7072 7069 7073
f 7074 7075 7076
f 7074 7076 7077
f 7078 7079 7080
f 7078 7080 7081
f 7082 7083 7084
f 7082 7084 7085
v -39.24449 -5.837927 11.53699
v -39.2459 -5.837928 14.90748
v -39.44454 -5.837923 11.53691
v -39.44595 -5.837923 14.9074
v -39.44464 -10.27025 11.53691
v -39.44604 -10.27025 14.9074
v -39.24459 -10.27025 11.53699
v -39.246 -10.27025 14.90748
v -39.44454 -5.837923 11.53691
v -39.44595 -5.837923 14.9074
v -39.44464 -10.27025 11.53691
v -39.44604 -10.27025 14.9074
v -39.24459 -10.27025 11.53699
v -39.24449 -5.837927 11.53699
v -39.2459 -5.837928 14.90748
v -39.246 -10.27025 14.90748
v -39.2459 -5.837928 14.90748
v -39.44595 -5.837923 14.9074
v -39.44604 -10.27025 14.9074
v -39.246 -10.27025 14.90748
v -39.24459 -10.27025 11.53699
v -39.44464 -10.27025 11.53691
v -39.44454 -5.837923 11.53691
v -39.24449 -5.837927 11.53699
f 7086 7088 7089
f 7086 7089 7087
f 7094 7090 7091
f 7094 7091 7095
f 7096 7092 7093
f 7096 7093 7097
f 7098 7099 7100
f 7098 7100 7101
f 7102 7103 7104
f 7102 7104 7105
f 7106 7107 7108
f 7106 7108 7109
v -39.24461 -4.948296 11.52994
v -39.24601 -4.948297 14.88939
v -46.24005 -4.948141 11.52702
v -46.24146 -4.948142 14.88647
v -46.24007 -5.843421 11.52702
v -46.24147 -5.843422 14.88647
v -39.24463 -5.843576 11.52994
v -39.24603 -5.843577 14.88939
v -46.24005 -4.948141 11.52702
v -46.24146 -4.948142 14.88647
v -46.24007 -5.843421 11.52702
v -46.24147 -5.843422 14.88647
v -39.24463 -5.843576 11.52994
v -39.24461 -4.948296 11.52994
v -39.24601 -4.948297 14.88939
v -39.24603 -5.843577 14.88939
v -39.24601 -4.948297 14.88939
v -46.24146 -4.948142 14.88647
v -46.24147 -5.843422 14.88647
v -39.24603 -5.843577 14.88939
v -39.24463 -5.843576 11.52994
v -46.24007 -5.843421 11.52702
v -46.24005 -4.948141 11.52702
v -39.24461 -4.948296 11.52994
f 7110 7112 7113
f 7110 7113 7111
f 7118 7114 7115
f 7118 7115 7119
f 7120 7116 7117
f 7120 7117 7121
f 7122 7123 7124
f 7122 7124 7125
f 7126 7127 7128
f 7126 7128 7129
f 7130 7131 7132
f 7130 7132 7133
v -46.05489 -5.837765 11.54831
v -46.05629 -5.837766 14.88917
v -46.25494 -5.837761 11.54823
v -46.25633 -5.837761 14.88909
v -46.25502 -9.687195 11.54823
v -46.25642 -9.687195 14.88909
v -46.05498 -9.687199 11.54831
v -46.05637 -9.6872 14.88917
v -46.25494 -5.837761 11.54823
v -46.25633 -5.837761 14.88909
v -46.25502 -9.687195 11.54823
v -46.25642 -9.687195 14.88909
v -46.05498 -9.687199 11.54831
v -46.05489 -5.837765 11.54831
v -46.05629 -5.837766 14.88917
v -46.05637 -9.6872 14.88917
v -46.05629 -5.837766 14.88917
v -46.25633 -5.837761 14.88909
v -46.25642 -9.687195 14.88909
v -46.05637 -9.6872 14.88917
v -46.05498 -9.687199 11.54831
v -46.25502 -9.687195 11.54823
v -46.25494 -5.837761 11.54823
v -46.05489 -5.837765 11.54831
f 7134 7136 7137
f 7134 7137 7135
f 7142 7138 7139
f 7142 7139 7143
f 7144 7140 7141
f 7144 7141 7145
f 7146 7147 7148
f 7146 7148 7149
f 7150 7151 7152
f 7150 7152 7153
f 7154 7155 7156
f 7154 7156 7157
v 24.87071 -16.83793 15.08946
v 24.87027 -16.83793 11.71897
v 25.07076 -16.83792 15.08943
v 25.07031 -16.83792 11.71894
v 25.07086 -21.27025 15.08943
v 25.07041 -21.27025 11.71894
v 24.87081 -21.27025 15.08946
v 24.87037 -21.27025 11.71897
v 25.07076 -16.83792 15.08943
v 25.07031 -16.83792 11.71894
v 25.07086 -21.27025 15.08943
v 25.07041 -21.27025 11.71894
v 24.87081 -21.27025 15.08946
v 24.87071 -16.83793 15.08946
v 24.87027 -16.83793 11.71897
v 24.87037 -21.27025 11.71897
v 24.87027 -16.83793 11.71897
v 25.07031 -16.83792 11.71894
v 25.07041 -21.27025 11.71894
v 24.87037 -21.27025 11.71897
v 24.87081 -21.27025 15.08946
v 25.07086 -21.27025 15.08943
v 25.07076 -16.83792 15.08943
v 24.87071 -16.83793 15.08946
f 7158 7160 7161
f 7158 7161 7159
f 7166 7162 7163
f 7166 7163 7167
f 7168 7164 7165
f 7168 7165 7169
f 7170 7171 7172
f 7170 7172 7173
f 7174 7175 7176
f 7174 7176 7177
f 7178 7179 7180
f 7178 7180 7181
v 24.87083 -15.9483 15.0965
v 24.87039 -15.9483 11.73706
v 31.86627 -15.94814 15.09558
v 31.86583 -15.94814 11.73613
v 31.86629 -16.84342 15.09558
v 31.86585 -16.84342 11.73613
v 24.87085 -16.84358 15.09651
v 24.87041 -16.84358 11.73706
v 31.86627 -15.94814 15.09558
v 31.86583 -15.94814 11.73613
v 31.86629 -16.84342 15.09558
v 31.86585 -16.84342 11.73613
v 24.87085 -16.84358 15.09651
v 24.87083 -15.9483 15.0965
v 24.87039 -15.9483 11.73706
v 24.87041 -16.84358 11.73706
v 24.87039 -15.9483 11.73706
v 31.86583 -15.94814 11.73613
v 31.86585 -16.84342 11.73613
v 24.87041 -16.84358 11.73706
v 24.87085 -16.84358 15.09651
v 31.86629 -16.84342 15.09558
v 31.86627 -15.94814 15.09558
v 24.87083 -15.9483 15.0965
f 7182 7184 7185
f 7182 7185 7183
f 7190 7186 7187
f 7190 7187 7191
f 7192 7188 7189
f 7192 7189 7193
f 7194 7195 7196
f 7194 7196 7197
f 7198 7199 7200
f 7198 7200 7201
f 7202 7203 7204
f 7202 7204 7205
v 31.6811 -16.83777 15.07439
v 31.68066 -16.83777 11.73354
v 31.88115 -16.83776 15.07437
v 31.88071 -16.83776 11.73351
v 31.88123 -20.68719 15.07437
v 31.88079 -20.68719 11.73351
v 31.68119 -20.6872 15.0744
v 31.68075 -20.6872 11.73354
v 31.88115 -16.83776 15.07437
v 31.88071 -16.83776 11.73351
v 31.88123 -20.68719 15.07437
v 31.88079 -20.68719 11.73351
v 31.68119 -20.6872 15.0744
v 31.6811 -16.83777 15.07439
v 31.68066 -16.83777 11.73354
v 31.68075 -20.6872 11.73354
v 31.68066 -16.83777 11.73354
v 31.88071 -16.83776 11.73351
v 31.88079 -20.68719 11.73351
v 31.68075 -20.6872 11.73354
v 31.68119 -20.6872 15.0744
v 31.88123 -20.68719 15.07437
v 31.88115 -16.83776 15.07437
v 31.6811 -16.83777 15.07439
f 7206 7208 7209
f 7206 7209 7207
f 7214 7210 7211
f 7214 7211 7215
f 7216 7212 7213
f 7216 7213 7217
f 7218 7219 7220
f 7218 7220 7221
f 7222 7223 7224
f 7222 7224 7225
f 7226 7227 7228
f 7226 7228 7229
v -21.78255 -19.16611 -46.63596
v -22.98803 -19.16611 -46.63596
v -21.78255 -19.16611 -47.04369
v -22.98803 -19.16611 -47.04369
v -21.78255 -19.99609 -47.04369
v -22.98803 -19.99609 -47.04369
v -21.78255 -19.99609 -46.63596
v -22.98803 -19.99609 -46.63596
v -21.78255 -19.16611 -47.04369
v -22.98803 -19.16611 -47.04369
v -21.78255 -19.99609 -47.04369
v -22.98803 -19.99609 -47.04369
v -21.78255 -19.99609 -46.63596
v -21.78255 -19.16611 -46.63596
v -22.98803 -19.16611 -46.63596
v -22.98803 -19.99609 -46.63596
v -22.98803 -19.16611 -46.63596
v -22.98803 -19.16611 -47.04369
v -22.98803 -19.99609 -47.04369
v -22.98803 -19.99609 -46.63596
v -21.78255 -19.99609 -46.63596
v -21.78255 -19.99609 -47.04369
v -21.78255 -19.16611 -47.04369
v -21.78255 -19.16611 -46.63596
f 7230 7232 7233
f 7230 7233 7231
f 7238 7234 7235
f 7238 7235 7239
f 7240 7236 7237
f 7240 7237 7241
f 7242 7243 7244
f 7242 7244 7245
f 7246 7247 7248
f 7246 7248 7249
f 7250 7251 7252
f 7250 7252 7253
