v -35.97084 -9.199054 -19.67868
v -35.92848 -9.406213 -13.01986
v -31.51782 -8.727457 -6.203916
v -23.33885 -9.334077 -35.39461
v -56.57119 -9.277162 -19.41942
v -39.35133 -9.393939 -42.35034
v -18.85495 -8.775729 -5.460692
v -21.51208 -9.81017 -40.83167
v -18.10113 -9.686821 -45.53546
v -8.882379 -8.45288 -0.576964
v -20.90931 -8.561125 17.87925
v -35.62518 -8.697823 18.69183
v -10.78179 -8.035168 24.06875
v -15.68621 -9.305219 -47.1011
v -30.8801 -9.809567 -58.26097
v -23.26219 -10.10822 -62.06651
v -9.244348 -9.314222 -45.10872
v -4.62725 -8.575401 6.426279
v 3.579405 -8.078851 24.66582
v -3.004899 -9.900747 -49.54515
v 2.949696 -8.451212 6.295428
v 18.06913 -8.193138 24.05663
v 11.83092 -8.54088 3.725449
v 2.372014 -9.82728 -49.21198
v -6.428911 -10.20277 -64.86584
v 4.196876 -9.994392 -64.84287
v 6.592792 -9.381841 -48.27262
v 11.00038 -9.322516 -45.75763
v 20.8805 -8.602377 -0.4185442
v 26.14895 -9.116333 -38.40397
v 27.98761 -8.094036 15.39811
v 18.06913 -8.193138 24.05663
v 30.58474 -8.309878 -1.988932
v 39.98649 -8.221025 11.1027
v 27.98761 -8.094036 15.39811
v 31.59488 -9.121828 -10.94711
v 34.08207 -8.653161 -32.61728
v 35.07817 -8.765636 -20.87973
v 37.46169 -8.824577 -27.31144
v 34.42518 -28.32775 -64.40863
v 26.94775 -16.96332 -52.44352
v 28.57948 -16.62934 -48.75817
v 41.26497 -27.94936 -53.05536
v -13.94231 -26.08915 34.38089
v -13.53025 -15.94728 16.78168
v -22.78607 -16.32612 10.86291
v -21.50224 -26.58183 19.99845
v 58.50614 -27.20422 -16.35913
v 49.21015 -15.83843 -17.27728
v 45.34246 -15.51326 -2.458112
v 53.02967 -26.8217 -0.1520936
v 58.94504 -27.04262 19.56049
v 48.09158 -15.93944 9.244188
v 28.35056 -17.84753 10.67502
v 36.62025 -28.29053 22.58607
v -21.50224 -26.58183 19.99845
v -22.78607 -16.32612 10.86291
v -33.7793 -16.44668 -1.013752
v -36.15512 -26.52272 14.37414
v 53.02967 -26.8217 -0.1520936
v 45.34246 -15.51326 -2.458112
v 48.09158 -15.93944 9.244188
v 58.94504 -27.04262 19.56049
v -51.2878 -28.12721 -65.48599
v -34.98471 -16.93682 -49.5364
v -23.88224 -17.08167 -56.57957
v -36.6186 -28.56153 -73.30312
v -36.6186 -28.56153 -73.30312
v -23.88224 -17.08167 -56.57957
v -10.55321 -17.00062 -52.21711
v -19.5429 -28.54373 -67.48685
v -60.88123 -26.32187 14.27191
v -55.23345 -16.4332 -2.269342
v -53.38994 -16.05429 -7.857867
v -62.54345 -27.30499 -5.03158
v -36.15512 -26.52272 14.37414
v -33.7793 -16.44668 -1.013752
v -55.23345 -16.4332 -2.269342
v -60.88123 -26.32187 14.27191
v -19.5429 -28.54373 -67.48685
v -10.55321 -17.00062 -52.21711
v 1.488314 -17.14473 -61.10878
v -4.347987 -28.58767 -79.40683
v -62.54345 -27.30499 -5.03158
v -53.38994 -16.05429 -7.857867
v -50.18225 -16.60502 -15.90007
v -64.2374 -27.36932 -19.63894
v 64.64328 -27.30345 -29.84239
v 54.12025 -16.09832 -29.21364
v 49.21015 -15.83843 -17.27728
v 58.50614 -27.20422 -16.35913
v 4.710358 -26.4355 32.58578
v 3.716087 -15.90571 16.97873
v -13.53025 -15.94728 16.78168
v -13.94231 -26.08915 34.38089
v -62.43255 -27.9236 -49.40453
v -43.7302 -16.69519 -37.05379
v -34.98471 -16.93682 -49.5364
v -51.2878 -28.12721 -65.48599
v 24.35393 -28.3841 -74.15646
v 18.0061 -16.88445 -57.91183
v 26.94775 -16.96332 -52.44352
v 34.42518 -28.32775 -64.40863
v 55.18521 -27.88203 -41.0825
v 39.49954 -16.54688 -39.14795
v 54.12025 -16.09832 -29.21364
v 64.64328 -27.30345 -29.84239
v 22.26779 -26.02679 29.62927
v 18.79932 -16.01406 11.53376
v 3.716087 -15.90571 16.97873
v 4.710358 -26.4355 32.58578
v -66.85603 -27.72162 -34.37787
v -46.8279 -16.51095 -25.28215
v -43.7302 -16.69519 -37.05379
v -62.43255 -27.9236 -49.40453
v 12.45757 -28.59417 -77.41233
v 9.464772 -17.15619 -59.68252
v 18.0061 -16.88445 -57.91183
v 24.35393 -28.3841 -74.15646
v 41.26497 -27.94936 -53.05536
v 28.57948 -16.62934 -48.75817
v 39.49954 -16.54688 -39.14795
v 55.18521 -27.88203 -41.0825
v 36.62025 -28.29053 22.58607
v 28.35056 -17.84753 10.67502
v 18.79932 -16.01406 11.53376
v 22.26779 -26.02679 29.62927
v -64.2374 -27.36932 -19.63894
v -50.18225 -16.60502 -15.90007
v -46.8279 -16.51095 -25.28215
v -66.85603 -27.72162 -34.37787
v -4.347987 -28.58767 -79.40683
v 1.488314 -17.14473 -61.10878
v 9.464772 -17.15619 -59.68252
v 12.45757 -28.59417 -77.41233
v -53.38994 -16.05429 -7.857867
v -57.63996 -8.716286 -7.451673
v -56.57119 -9.277162 -19.41942
v -50.18225 -16.60502 -15.90007
v -10.55321 -17.00062 -52.21711
v -14.43764 -10.20397 -58.93097
v -6.428911 -10.20277 -64.86584
v 1.488314 -17.14473 -61.10878
v -33.7793 -16.44668 -1.013752
v -35.62518 -8.697823 18.69183
v -51.18734 -8.680766 9.912028
v -55.23345 -16.4332 -2.269342
v -55.23345 -16.4332 -2.269342
v -51.18734 -8.680766 9.912028
v -57.63996 -8.716286 -7.451673
v -53.38994 -16.05429 -7.857867
v -23.88224 -17.08167 -56.57957
v -23.26219 -10.10822 -62.06651
v -14.43764 -10.20397 -58.93097
v -10.55321 -17.00062 -52.21711
v -34.98471 -16.93682 -49.5364
v -30.8801 -9.809567 -58.26097
v -23.26219 -10.10822 -62.06651
v -23.88224 -17.08167 -56.57957
v 45.34246 -15.51326 -2.458112
v 51.54862 -8.668589 1.45241
v 39.98649 -8.221025 11.1027
v 48.09158 -15.93944 9.244188
v -22.78607 -16.32612 10.86291
v -20.90931 -8.561125 17.87925
v -35.62518 -8.697823 18.69183
v -33.7793 -16.44668 -1.013752
v 48.09158 -15.93944 9.244188
v 39.98649 -8.221025 11.1027
v 27.98761 -8.094036 15.39811
v 28.35056 -17.84753 10.67502
v 49.21015 -15.83843 -17.27728
v 54.95941 -8.872871 -18.29657
v 51.54862 -8.668589 1.45241
v 45.34246 -15.51326 -2.458112
v -13.53025 -15.94728 16.78168
v -10.78179 -8.035168 24.06875
v -20.90931 -8.561125 17.87925
v -22.78607 -16.32612 10.86291
v 26.94775 -16.96332 -52.44352
v 18.56824 -9.826798 -59.16094
v 39.68763 -9.753909 -48.17144
v 28.57948 -16.62934 -48.75817
v 54.12025 -16.09832 -29.21364
v 58.63817 -9.226324 -29.33294
v 54.95941 -8.872871 -18.29657
v 49.21015 -15.83843 -17.27728
v 3.716087 -15.90571 16.97873
v 3.579405 -8.078851 24.66582
v -10.78179 -8.035168 24.06875
v -13.53025 -15.94728 16.78168
v -43.7302 -16.69519 -37.05379
v -35.84214 -9.943155 -49.58157
v -30.8801 -9.809567 -58.26097
v -34.98471 -16.93682 -49.5364
v 18.0061 -16.88445 -57.91183
v 11.8598 -9.86458 -63.29213
v 18.56824 -9.826798 -59.16094
v 26.94775 -16.96332 -52.44352
v 39.49954 -16.54688 -39.14795
v 52.36575 -9.423186 -39.41709
v 58.63817 -9.226324 -29.33294
v 54.12025 -16.09832 -29.21364
v 18.79932 -16.01406 11.53376
v 18.06913 -8.193138 24.05663
v 3.579405 -8.078851 24.66582
v 3.716087 -15.90571 16.97873
v -46.8279 -16.51095 -25.28215
v -39.35133 -9.393939 -42.35034
v -35.84214 -9.943155 -49.58157
v -43.7302 -16.69519 -37.05379
v 9.464772 -17.15619 -59.68252
v 4.196876 -9.994392 -64.84287
v 11.8598 -9.86458 -63.29213
v 18.0061 -16.88445 -57.91183
v 28.57948 -16.62934 -48.75817
v 39.68763 -9.753909 -48.17144
v 52.36575 -9.423186 -39.41709
v 39.49954 -16.54688 -39.14795
v 28.35056 -17.84753 10.67502
v 27.98761 -8.094036 15.39811
v 18.06913 -8.193138 24.05663
v 18.79932 -16.01406 11.53376
v -50.18225 -16.60502 -15.90007
v -56.57119 -9.277162 -19.41942
v -39.35133 -9.393939 -42.35034
v -46.8279 -16.51095 -25.28215
v 1.488314 -17.14473 -61.10878
v -6.428911 -10.20277 -64.86584
v 4.196876 -9.994392 -64.84287
v 9.464772 -17.15619 -59.68252
v -5.674282 -71.39352 -100.7069
v -5.164384 -40.44611 -94.72427
v 17.89484 -40.40944 -92.33538
v 20.75893 -71.50585 -97.2466
v -92.34572 -69.81319 -18.1944
v -83.90115 -39.36246 -37.80178
v -90.49084 -70.23686 -39.41328
v -82.0151 -39.11546 -18.59842
v -90.73194 -69.531 1.602635
v -81.81853 -38.71129 -0.0845631
v 50.00804 -69.18262 37.16742
v 46.90608 -39.02433 34.55412
v 27.60912 -37.43465 41.83388
v 30.56169 -68.01585 47.76237
v 61.49444 -70.67835 -64.61523
v 55.66942 -39.59477 -61.72932
v 73.95461 -39.37172 -47.10906
v 82.65227 -70.24194 -49.9922
v 20.75893 -71.50585 -97.2466
v 17.89484 -40.40944 -92.33538
v 34.5853 -40.13422 -88.90951
v 39.92886 -71.14838 -94.22946
v -90.49084 -70.23686 -39.41328
v -83.90115 -39.36246 -37.80178
v -79.11942 -39.62188 -56.95609
v -83.80679 -70.67197 -59.51661
v 30.56169 -68.01585 47.76237
v 27.60912 -37.43465 41.83388
v 6.398018 -37.33519 47.95176
v 7.012836 -68.05013 53.22102
v 82.65227 -70.24194 -49.9922
v 73.95461 -39.37172 -47.10906
v 84.4964 -38.90023 -32.21836
v 93.53511 -69.80217 -33.63433
v 39.92886 -71.14838 -94.22946
v 34.5853 -40.13422 -88.90951
v 49.48526 -39.85175 -77.66671
v 56.22173 -70.97459 -82.45087
v -83.80679 -70.67197 -59.51661
v -79.11942 -39.62188 -56.95609
v -63.30355 -40.18445 -76.12206
v -68.08459 -71.14031 -80.61269
v 7.012836 -68.05013 53.22102
v 6.398018 -37.33519 47.95176
v -16.72791 -37.3646 48.36046
v -18.0225 -68.14003 53.17872
v 93.53511 -69.80217 -33.63433
v 84.4964 -38.90023 -32.21836
v 79.10588 -38.44027 -14.99946
v 86.43767 -69.45441 -15.47957
v 71.05648 -38.08474 5.257102
v 79.02448 -68.94516 6.527595
v -26.49554 -71.12776 -85.56632
v -24.74979 -40.11227 -81.09727
v -5.164384 -40.44611 -94.72427
v -5.674282 -71.39352 -100.7069
v -48.00135 -68.82921 25.11955
v -45.3376 -37.8712 23.66601
v -74.61731 -38.1013 21.09226
v -81.21851 -68.74676 24.87905
v -81.21851 -68.74676 24.87905
v -74.61731 -38.1013 21.09226
v -81.81853 -38.71129 -0.0845631
v -90.73194 -69.531 1.602635
v -49.46857 -71.32622 -92.57111
v -46.0565 -40.43898 -86.39781
v -24.74979 -40.11227 -81.09727
v -26.49554 -71.12776 -85.56632
v -68.08459 -71.14031 -80.61269
v -63.30355 -40.18445 -76.12206
v -46.0565 -40.43898 -86.39781
v -49.46857 -71.32622 -92.57111
v 79.02448 -68.94516 6.527595
v 71.05648 -38.08474 5.257102
v 74.1526 -38.125 29.99637
v 79.04844 -68.67289 33.02446
v -29.33962 -68.55254 34.79649
v -28.16708 -37.6587 31.96813
v -45.3376 -37.8712 23.66601
v -48.00135 -68.82921 25.11955
v 79.04844 -68.67289 33.02446
v 74.1526 -38.125 29.99637
v 46.90608 -39.02433 34.55412
v 50.00804 -69.18262 37.16742
v -18.0225 -68.14003 53.17872
v -16.72791 -37.3646 48.36046
v -28.16708 -37.6587 31.96813
v -29.33962 -68.55254 34.79649
v 56.22173 -70.97459 -82.45087
v 49.48526 -39.85175 -77.66671
v 55.66942 -39.59477 -61.72932
v 61.49444 -70.67835 -64.61523
v -5.164384 -40.44611 -94.72427
v -4.347987 -28.58767 -79.40683
v 12.45757 -28.59417 -77.41233
v 17.89484 -40.40944 -92.33538
v -82.0151 -39.11546 -18.59842
v -64.2374 -27.36932 -19.63894
v -66.85603 -27.72162 -34.37787
v -83.90115 -39.36246 -37.80178
v 46.90608 -39.02433 34.55412
v 36.62025 -28.29053 22.58607
v 22.26779 -26.02679 29.62927
v 27.60912 -37.43465 41.83388
v 55.66942 -39.59477 -61.72932
v 41.26497 -27.94936 -53.05536
v 55.18521 -27.88203 -41.0825
v 73.95461 -39.37172 -47.10906
v 17.89484 -40.40944 -92.33538
v 12.45757 -28.59417 -77.41233
v 24.35393 -28.3841 -74.15646
v 34.5853 -40.13422 -88.90951
v -83.90115 -39.36246 -37.80178
v -66.85603 -27.72162 -34.37787
v -62.43255 -27.9236 -49.40453
v -79.11942 -39.62188 -56.95609
v 27.60912 -37.43465 41.83388
v 22.26779 -26.02679 29.62927
v 4.710358 -26.4355 32.58578
v 6.398018 -37.33519 47.95176
v 73.95461 -39.37172 -47.10906
v 55.18521 -27.88203 -41.0825
v 64.64328 -27.30345 -29.84239
v 84.4964 -38.90023 -32.21836
v 34.5853 -40.13422 -88.90951
v 24.35393 -28.3841 -74.15646
v 34.42518 -28.32775 -64.40863
v 49.48526 -39.85175 -77.66671
v -79.11942 -39.62188 -56.95609
v -62.43255 -27.9236 -49.40453
v -51.2878 -28.12721 -65.48599
v -63.30355 -40.18445 -76.12206
v 6.398018 -37.33519 47.95176
v 4.710358 -26.4355 32.58578
v -13.94231 -26.08915 34.38089
v -16.72791 -37.3646 48.36046
v 84.4964 -38.90023 -32.21836
v 64.64328 -27.30345 -29.84239
v 58.50614 -27.20422 -16.35913
v 79.10588 -38.44027 -14.99946
v 53.02967 -26.8217 -0.1520936
v 71.05648 -38.08474 5.257102
v -81.81853 -38.71129 -0.0845631
v -62.54345 -27.30499 -5.03158
v -64.2374 -27.36932 -19.63894
v -82.0151 -39.11546 -18.59842
v -24.74979 -40.11227 -81.09727
v -19.5429 -28.54373 -67.48685
v -4.347987 -28.58767 -79.40683
v -5.164384 -40.44611 -94.72427
v -45.3376 -37.8712 23.66601
v -36.15512 -26.52272 14.37414
v -60.88123 -26.32187 14.27191
v -74.61731 -38.1013 21.09226
v -74.61731 -38.1013 21.09226
v -60.88123 -26.32187 14.27191
v -62.54345 -27.30499 -5.03158
v -81.81853 -38.71129 -0.0845631
v -46.0565 -40.43898 -86.39781
v -36.6186 -28.56153 -73.30312
v -19.5429 -28.54373 -67.48685
v -24.74979 -40.11227 -81.09727
v -63.30355 -40.18445 -76.12206
v -51.2878 -28.12721 -65.48599
v -36.6186 -28.56153 -73.30312
v -46.0565 -40.43898 -86.39781
v 71.05648 -38.08474 5.257102
v 53.02967 -26.8217 -0.1520936
v 58.94504 -27.04262 19.56049
v 74.1526 -38.125 29.99637
v -28.16708 -37.6587 31.96813
v -21.50224 -26.58183 19.99845
v -36.15512 -26.52272 14.37414
v -45.3376 -37.8712 23.66601
v 74.1526 -38.125 29.99637
v 58.94504 -27.04262 19.56049
v 36.62025 -28.29053 22.58607
v 46.90608 -39.02433 34.55412
v -16.72791 -37.3646 48.36046
v -13.94231 -26.08915 34.38089
v -21.50224 -26.58183 19.99845
v -28.16708 -37.6587 31.96813
v 49.48526 -39.85175 -77.66671
v 34.42518 -28.32775 -64.40863
v 41.26497 -27.94936 -53.05536
v 55.66942 -39.59477 -61.72932
v 69.82887 -82.48375 -94.25077
v 56.22173 -70.97459 -82.45087
v 61.49444 -70.67835 -64.61523
v 75.17065 -82.25808 -72.42751
v -22.4903 -78.97248 69.25875
v -18.0225 -68.14003 53.17872
v -29.33962 -68.55254 34.79649
v -34.98518 -79.74044 46.2036
v -32.30715 -106.3397 109.6236
v -51.44124 -106.2502 77.35529
v 106.0468 -80.47595 -13.44349
v 79.02448 -68.94516 6.527595
v 94.43986 -80.36452 12.34601
v 86.43767 -69.45441 -15.47957
v 113.6088 -81.01798 -35.43116
v 93.53511 -69.80217 -33.63433
v 165.2814 -106.3754 -40.94371
v 106.0468 -80.47595 -13.44349
v 154.8153 -106.635 -9.27025
v 94.34764 -79.43826 44.52909
v 79.04844 -68.67289 33.02446
v 50.00804 -69.18262 37.16742
v 59.09272 -80.10957 48.27103
v -34.98518 -79.74044 46.2036
v -29.33962 -68.55254 34.79649
v -48.00135 -68.82921 25.11955
v -58.07946 -79.77487 36.47441
v -51.44124 -106.2502 77.35529
v -83.32101 -106.1961 61.32869
v 94.43986 -80.36452 12.34601
v 79.02448 -68.94516 6.527595
v 79.04844 -68.67289 33.02446
v 94.34764 -79.43826 44.52909
v -81.42548 -82.70131 -91.24316
v -68.08459 -71.14031 -80.61269
v -49.46857 -71.32622 -92.57111
v -59.05415 -83.12791 -104.4272
v -59.05415 -83.12791 -104.4272
v -49.46857 -71.32622 -92.57111
v -26.49554 -71.12776 -85.56632
v -31.5286 -82.88623 -95.96029
v -96.65074 -79.91637 33.9427
v -81.21851 -68.74676 24.87905
v -90.73194 -69.531 1.602635
v -111.536 -80.61507 7.34296
v -58.07946 -79.77487 36.47441
v -48.00135 -68.82921 25.11955
v -81.21851 -68.74676 24.87905
v -96.65074 -79.91637 33.9427
v -83.32101 -106.1961 61.32869
v -138.8929 -106.2158 58.19078
v -31.5286 -82.88623 -95.96029
v -26.49554 -71.12776 -85.56632
v -5.674282 -71.39352 -100.7069
v -7.189872 -83.32365 -121.0343
v -111.536 -80.61507 7.34296
v -90.73194 -69.531 1.602635
v -92.34572 -69.81319 -18.1944
v -110.8498 -81.31967 -16.41668
v 8.231802 -78.95509 68.77614
v 7.012836 -68.05013 53.22102
v -18.0225 -68.14003 53.17872
v -22.4903 -78.97248 69.25875
v 11.40946 -106.2246 108.3857
v -32.30715 -106.3397 109.6236
v -99.2821 -82.3128 -65.75291
v -83.80679 -70.67197 -59.51661
v -68.08459 -71.14031 -80.61269
v -81.42548 -82.70131 -91.24316
v 48.80301 -82.80498 -106.921
v 39.92886 -71.14838 -94.22946
v 56.22173 -70.97459 -82.45087
v 69.82887 -82.48375 -94.25077
v 99.64047 -81.78312 -54.58788
v 82.65227 -70.24194 -49.9922
v 93.53511 -69.80217 -33.63433
v 113.6088 -81.01798 -35.43116
v 35.57353 -79.14143 60.59914
v 30.56169 -68.01585 47.76237
v 7.012836 -68.05013 53.22102
v 8.231802 -78.95509 68.77614
v 50.89658 -106.328 97.41988
v 11.40946 -106.2246 108.3857
v -108.218 -81.58258 -42.1442
v -90.49084 -70.23686 -39.41328
v -83.80679 -70.67197 -59.51661
v -99.2821 -82.3128 -65.75291
v 26.2764 -82.78652 -113.254
v 20.75893 -71.50585 -97.2466
v 39.92886 -71.14838 -94.22946
v 48.80301 -82.80498 -106.921
v 75.17065 -82.25808 -72.42751
v 61.49444 -70.67835 -64.61523
v 82.65227 -70.24194 -49.9922
v 99.64047 -81.78312 -54.58788
v 59.09272 -80.10957 48.27103
v 50.00804 -69.18262 37.16742
v 30.56169 -68.01585 47.76237
v 35.57353 -79.14143 60.59914
v -110.8498 -81.31967 -16.41668
v -92.34572 -69.81319 -18.1944
v -90.49084 -70.23686 -39.41328
v -108.218 -81.58258 -42.1442
v -7.189872 -83.32365 -121.0343
v -5.674282 -71.39352 -100.7069
v 20.75893 -71.50585 -97.2466
v 26.2764 -82.78652 -113.254
v -138.8929 -106.2158 58.19078
v -164.1067 -106.4362 21.43087
v -163.3159 -106.289 -13.02309
v -155.222 -106.2796 -50.28968
v -144.2572 -106.3531 -84.80029
v -83.32101 -106.1961 61.32869
v -117.536 -106.3236 -121.1431
v -85.56771 -106.3826 -141.4827
v -51.44124 -106.2502 77.35529
v -45.62646 -106.1574 -127.6703
v -32.30715 -106.3397 109.6236
v 11.40946 -106.2246 108.3857
v -10.14326 -106.4002 -155.2054
v 38.36665 -106.2322 -151.2757
v 50.89658 -106.328 97.41988
v 85.90207 -106.4272 82.2141
v 72.34304 -106.383 -144.0938
v 134.2193 -106.222 73.40633
v 102.7552 -106.2392 -125.834
v 111.0118 -106.1962 -94.6784
v 146.3712 -106.2851 -69.29021
v 138.274 -106.0538 27.82746
v 154.8153 -106.635 -9.27025
v 165.2814 -106.3754 -40.94371
v -35.97084 -9.199054 -19.67868
v -56.57119 -9.277162 -19.41942
v -57.63996 -8.716286 -7.451673
v -35.92848 -9.406213 -13.01986
v -51.18734 -8.680766 9.912028
v -3.004899 -9.900747 -49.54515
v -6.428911 -10.20277 -64.86584
v -14.43764 -10.20397 -58.93097
v -9.244348 -9.314222 -45.10872
v -31.51782 -8.727457 -6.203916
v -51.18734 -8.680766 9.912028
v -35.62518 -8.697823 18.69183
v -18.85495 -8.775729 -5.460692
v -9.244348 -9.314222 -45.10872
v -14.43764 -10.20397 -58.93097
v -23.26219 -10.10822 -62.06651
v -15.68621 -9.305219 -47.1011
v 30.58474 -8.309878 -1.988932
v 39.98649 -8.221025 11.1027
v 51.54862 -8.668589 1.45241
v 31.59488 -9.121828 -10.94711
v 31.59488 -9.121828 -10.94711
v 51.54862 -8.668589 1.45241
v 54.95941 -8.872871 -18.29657
v 35.07817 -8.765636 -20.87973
v 26.14895 -9.116333 -38.40397
v 39.68763 -9.753909 -48.17144
v 18.56824 -9.826798 -59.16094
v 11.00038 -9.322516 -45.75763
v 11.8598 -9.86458 -63.29213
v 6.592792 -9.381841 -48.27262
v 35.07817 -8.765636 -20.87973
v 54.95941 -8.872871 -18.29657
v 58.63817 -9.226324 -29.33294
v 37.46169 -8.824577 -27.31144
v 52.36575 -9.423186 -39.41709
v 34.08207 -8.653161 -32.61728
v -18.10113 -9.686821 -45.53546
v -30.8801 -9.809567 -58.26097
v -35.84214 -9.943155 -49.58157
v -21.51208 -9.81017 -40.83167
v -21.51208 -9.81017 -40.83167
v -35.84214 -9.943155 -49.58157
v -39.35133 -9.393939 -42.35034
v -23.33885 -9.334077 -35.39461
v 6.592792 -9.381841 -48.27262
v 11.8598 -9.86458 -63.29213
v 4.196876 -9.994392 -64.84287
v 2.372014 -9.82728 -49.21198
v 34.08207 -8.653161 -32.61728
v 52.36575 -9.423186 -39.41709
v 39.68763 -9.753909 -48.17144
v 26.14895 -9.116333 -38.40397
v -10.14326 -106.4002 -155.2054
v -7.189872 -83.32365 -121.0343
v 26.2764 -82.78652 -113.254
v 38.36665 -106.2322 -151.2757
v -163.3159 -106.289 -13.02309
v -110.8498 -81.31967 -16.41668
v -108.218 -81.58258 -42.1442
v -155.222 -106.2796 -50.28968
v 85.90207 -106.4272 82.2141
v 59.09272 -80.10957 48.27103
v 35.57353 -79.14143 60.59914
v 50.89658 -106.328 97.41988
v 111.0118 -106.1962 -94.6784
v 75.17065 -82.25808 -72.42751
v 99.64047 -81.78312 -54.58788
v 146.3712 -106.2851 -69.29021
v 38.36665 -106.2322 -151.2757
v 26.2764 -82.78652 -113.254
v 48.80301 -82.80498 -106.921
v 72.34304 -106.383 -144.0938
v -155.222 -106.2796 -50.28968
v -108.218 -81.58258 -42.1442
v -99.2821 -82.3128 -65.75291
v -144.2572 -106.3531 -84.80029
v 146.3712 -106.2851 -69.29021
v 99.64047 -81.78312 -54.58788
v 113.6088 -81.01798 -35.43116
v 165.2814 -106.3754 -40.94371
v 72.34304 -106.383 -144.0938
v 48.80301 -82.80498 -106.921
v 69.82887 -82.48375 -94.25077
v 102.7552 -106.2392 -125.834
v -144.2572 -106.3531 -84.80029
v -99.2821 -82.3128 -65.75291
v -81.42548 -82.70131 -91.24316
v -117.536 -106.3236 -121.1431
v -164.1067 -106.4362 21.43087
v -111.536 -80.61507 7.34296
v -110.8498 -81.31967 -16.41668
v -163.3159 -106.289 -13.02309
v -45.62646 -106.1574 -127.6703
v -31.5286 -82.88623 -95.96029
v -7.189872 -83.32365 -121.0343
v -10.14326 -106.4002 -155.2054
v -138.8929 -106.2158 58.19078
v -96.65074 -79.91637 33.9427
v -111.536 -80.61507 7.34296
v -164.1067 -106.4362 21.43087
v -85.56771 -106.3826 -141.4827
v -59.05415 -83.12791 -104.4272
v -31.5286 -82.88623 -95.96029
v -45.62646 -106.1574 -127.6703
v -117.536 -106.3236 -121.1431
v -81.42548 -82.70131 -91.24316
v -59.05415 -83.12791 -104.4272
v -85.56771 -106.3826 -141.4827
v 138.274 -106.0538 27.82746
v 94.43986 -80.36452 12.34601
v 94.34764 -79.43826 44.52909
v 134.2193 -106.222 73.40633
v 134.2193 -106.222 73.40633
v 94.34764 -79.43826 44.52909
v 59.09272 -80.10957 48.27103
v 85.90207 -106.4272 82.2141
v 154.8153 -106.635 -9.27025
v 106.0468 -80.47595 -13.44349
v 94.43986 -80.36452 12.34601
v 138.274 -106.0538 27.82746
v 102.7552 -106.2392 -125.834
v 69.82887 -82.48375 -94.25077
v 75.17065 -82.25808 -72.42751
v 111.0118 -106.1962 -94.6784
f 1 2 3
f 3 4 1
f 4 5 1
f 4 6 5
f 3 7 4
f 7 8 4
f 7 9 8
f 7 10 9
f 7 11 10
f 7 12 11
f 10 11 13
f 10 14 9
f 14 15 9
f 14 16 15
f 10 17 14
f 10 13 18
f 10 18 17
f 18 13 19
f 18 20 17
f 18 19 21
f 18 21 20
f 21 19 22
f 21 22 23
f 21 24 20
f 21 23 24
f 24 25 20
f 24 26 25
f 23 27 24
f 23 28 27
f 23 29 28
f 29 30 28
f 23 31 29
f 23 32 31
f 29 33 30
f 29 34 33
f 29 35 34
f 33 36 30
f 36 37 30
f 36 38 37
f 38 39 37
f 40 41 42
f 40 42 43
f 44 45 46
f 44 46 47
f 48 49 50
f 48 50 51
f 52 53 54
f 52 54 55
f 56 57 58
f 56 58 59
f 60 61 62
f 60 62 63
f 64 65 66
f 64 66 67
f 68 69 70
f 68 70 71
f 72 73 74
f 72 74 75
f 76 77 78
f 76 78 79
f 80 81 82
f 80 82 83
f 84 85 86
f 84 86 87
f 88 89 90
f 88 90 91
f 92 93 94
f 92 94 95
f 96 97 98
f 96 98 99
f 100 101 102
f 100 102 103
f 104 105 106
f 104 106 107
f 108 109 110
f 108 110 111
f 112 113 114
f 112 114 115
f 116 117 118
f 116 118 119
f 120 121 122
f 120 122 123
f 124 125 126
f 124 126 127
f 128 129 130
f 128 130 131
f 132 133 134
f 132 134 135
f 136 137 138
f 136 138 139
f 140 141 142
f 140 142 143
f 144 145 146
f 144 146 147
f 148 149 150
f 148 150 151
f 152 153 154
f 152 154 155
f 156 157 158
f 156 158 159
f 160 161 162
f 160 162 163
f 164 165 166
f 164 166 167
f 168 169 170
f 168 170 171
f 172 173 174
f 172 174 175
f 176 177 178
f 176 178 179
f 180 181 182
f 180 182 183
f 184 185 186
f 184 186 187
f 188 189 190
f 188 190 191
f 192 193 194
f 192 194 195
f 196 197 198
f 196 198 199
f 200 201 202
f 200 202 203
f 204 205 206
f 204 206 207
f 208 209 210
f 208 210 211
f 212 213 214
f 212 214 215
f 216 217 218
f 216 218 219
f 220 221 222
f 220 222 223
f 224 225 226
f 224 226 227
f 228 229 230
f 228 230 231
f 232 233 234
f 232 234 235
f 236 237 238
f 236 239 237
f 240 239 236
f 240 241 239
f 242 243 244
f 242 244 245
f 246 247 248
f 246 248 249
f 250 251 252
f 250 252 253
f 254 255 256
f 254 256 257
f 258 259 260
f 258 260 261
f 262 263 264
f 262 264 265
f 266 267 268
f 266 268 269
f 270 271 272
f 270 272 273
f 274 275 276
f 274 276 277
f 278 279 280
f 278 280 281
f 281 280 282
f 281 282 283
f 284 285 286
f 284 286 287
f 288 289 290
f 288 290 291
f 292 293 294
f 292 294 295
f 296 297 298
f 296 298 299
f 300 301 302
f 300 302 303
f 304 305 306
f 304 306 307
f 308 309 310
f 308 310 311
f 312 313 314
f 312 314 315
f 316 317 318
f 316 318 319
f 320 321 322
f 320 322 323
f 324 325 326
f 324 326 327
f 328 329 330
f 328 330 331
f 332 333 334
f 332 334 335
f 336 337 338
f 336 338 339
f 340 341 342
f 340 342 343
f 344 345 346
f 344 346 347
f 348 349 350
f 348 350 351
f 352 353 354
f 352 354 355
f 356 357 358
f 356 358 359
f 360 361 362
f 360 362 363
f 364 365 366
f 364 366 367
f 368 369 370
f 368 370 371
f 371 370 372
f 371 372 373
f 374 375 376
f 374 376 377
f 378 379 380
f 378 380 381
f 382 383 384
f 382 384 385
f 386 387 388
f 386 388 389
f 390 391 392
f 390 392 393
f 394 395 396
f 394 396 397
f 398 399 400
f 398 400 401
f 402 403 404
f 402 404 405
f 406 407 408
f 406 408 409
f 410 411 412
f 410 412 413
f 414 415 416
f 414 416 417
f 418 419 420
f 418 420 421
f 422 423 424
f 422 424 425
f 426 422 425
f 426 425 427
f 428 429 430
f 428 431 429
f 432 431 428
f 432 433 431
f 434 432 435
f 434 435 436
f 437 438 439
f 437 439 440
f 441 442 443
f 441 443 444
f 445 441 444
f 445 444 446
f 447 448 449
f 447 449 450
f 451 452 453
f 451 453 454
f 455 456 457
f 455 457 458
f 459 460 461
f 459 461 462
f 463 464 465
f 463 465 466
f 467 463 466
f 467 466 468
f 469 470 471
f 469 471 472
f 473 474 475
f 473 475 476
f 477 478 479
f 477 479 480
f 481 477 480
f 481 480 482
f 483 484 485
f 483 485 486
f 487 488 489
f 487 489 490
f 491 492 493
f 491 493 494
f 495 496 497
f 495 497 498
f 499 495 498
f 499 498 500
f 501 502 503
f 501 503 504
f 505 506 507
f 505 507 508
f 509 510 511
f 509 511 512
f 513 514 515
f 513 515 516
f 517 518 519
f 517 519 520
f 521 522 523
f 521 523 524
f 525 526 527
f 527 528 525
f 528 529 525
f 529 530 525
f 529 531 530
f 531 532 530
f 532 533 530
f 532 534 533
f 534 535 533
f 534 536 535
f 534 537 536
f 537 538 536
f 538 539 536
f 538 540 539
f 538 541 540
f 541 542 540
f 541 543 542
f 543 544 542
f 544 545 542
f 545 546 542
f 545 547 546
f 545 548 547
f 549 550 551
f 549 551 552
f 552 551 553
f 552 553 3
f 554 555 556
f 554 556 557
f 558 559 560
f 558 560 561
f 562 563 564
f 562 564 565
f 566 567 568
f 566 568 569
f 570 571 572
f 570 572 573
f 574 575 576
f 574 576 577
f 577 576 578
f 577 578 579
f 580 581 582
f 580 582 583
f 583 582 584
f 583 584 585
f 586 587 588
f 586 588 589
f 590 591 592
f 590 592 593
f 594 595 596
f 594 596 597
f 598 599 600
f 598 600 601
f 602 603 604
f 602 604 605
f 606 607 608
f 606 608 609
f 610 611 612
f 610 612 613
f 614 615 616
f 614 616 617
f 618 619 620
f 618 620 621
f 622 623 624
f 622 624 625
f 626 627 628
f 626 628 629
f 630 631 632
f 630 632 633
f 634 635 636
f 634 636 637
f 638 639 640
f 638 640 641
f 642 643 644
f 642 644 645
f 646 647 648
f 646 648 649
f 650 651 652
f 650 652 653
f 654 655 656
f 654 656 657
f 658 659 660
f 658 660 661
f 662 663 664
f 662 664 665
f 666 667 668
f 666 668 669
f 670 671 672
f 670 672 673
v -1948.369 -77.42633 1887.952
v -1948.369 -60.28677 2009.469
v -1826.852 -75.08825 2009.469
v -1826.852 -80.16328 1887.952
v -1948.369 -83.44492 1766.436
v -1705.336 -59.10339 2009.469
v -1826.852 -62.24467 1766.436
v -1948.369 -60.77039 1644.919
v -1705.336 -69.48596 1887.952
v -1583.819 -87.50017 2009.469
v -1826.852 -50.98375 1644.919
v -1948.369 -89.72856 1523.402
v -1705.336 -51.12461 1766.436
v -1583.819 -71.16396 1887.952
v -1462.302 -55.10296 2009.469
v -1826.852 -58.81915 1523.402
v -1948.369 -61.53236 1401.885
v -1705.336 -72.24149 1644.919
v -1462.302 -76.36956 1887.952
v -1340.785 -78.26166 2009.469
v -1583.819 -73.60664 1766.436
v -1826.852 -79.60949 1401.885
v -1948.369 -76.1739 1280.368
v -1340.785 -75.6062 1887.952
v -1219.268 -64.16434 2009.469
v -1705.336 -79.71272 1523.402
v -1583.819 -57.24597 1644.919
v -1462.302 -86.63116 1766.436
v -1826.852 -58.18641 1280.368
v -1948.369 -54.59288 1158.851
v -1219.268 -68.7988 1887.952
v -1097.751 -65.43216 2009.469
v -1705.336 -65.41121 1401.885
v -1583.819 -68.14436 1523.402
v -1462.302 -84.09536 1644.919
v -1340.785 -52.31594 1766.436
v -1826.852 -59.61671 1158.851
v -1948.369 -52.30228 1037.335
v -1097.751 -66.81108 1887.952
v -976.2346 -78.47755 2009.469
v -1705.336 -54.28633 1280.368
v -1583.819 -84.37783 1401.885
v -1462.302 -66.77925 1523.402
v -1340.785 -70.07547 1644.919
v -1219.268 -70.89449 1766.436
v -976.2346 -74.53642 1887.952
v -854.7178 -56.66838 2009.469
v -1097.751 -78.40224 1766.436
v -1219.268 -80.47115 1644.919
v -1340.785 -59.62753 1523.402
v -1462.302 -68.23268 1401.885
v -854.7178 -68.46669 1887.952
v -733.201 -61.00753 2009.469
v -976.2346 -70.44396 1766.436
v -1097.751 -73.19624 1644.919
v -1219.268 -73.50973 1523.402
v -733.201 -62.06667 1887.952
v -611.6841 -77.78075 2009.469
v -854.7178 -59.19682 1766.436
v -976.2346 -51.23851 1644.919
v -611.6841 -55.21223 1887.952
v -490.1673 -64.36777 2009.469
v -733.201 -72.59121 1766.436
v -490.1673 -63.85313 1887.952
v -368.6505 -61.59547 2009.469
v -1340.785 -67.82641 1401.885
v -1097.751 -72.75222 1523.402
v -854.7181 -69.0343 1644.919
v -611.6855 -57.15084 1766.437
v -368.6505 -60.54282 1887.952
v -247.1337 -69.67964 2009.469
v -1219.268 -67.84292 1401.885
v -976.2378 -53.16501 1523.405
v -733.2039 -74.51239 1644.922
v -490.1717 -67.66794 1766.442
v -247.1337 -59.25401 1887.952
v -125.6168 -51.05648 2009.469
v -1097.752 -53.12437 1401.886
v -854.7173 -79.03008 1523.401
v -611.7324 -52.75235 1645.001
v -368.6646 -55.51466 1766.472
v -125.6168 -73.5052 1887.952
v -4.100003 -48.15692 2009.469
v -976.2665 -57.31866 1401.914
v -733.2203 -74.0334 1523.427
v -490.1554 -82.68369 1644.89
v -247.1414 -59.12889 1766.487
v -4.100003 -76.55226 1887.952
v 117.4168 -62.76956 2009.469
v -854.7739 -69.11787 1401.941
v -611.7216 -72.74034 1523.465
v -368.762 -41.34211 1645.318
v -125.6168 -56.35125 1766.503
v 117.4168 -69.32682 1887.952
v 238.9337 -62.95293 2009.469
v -732.8318 -109.1578 1401.445
v -490.2794 -63.43793 1523.661
v -247.2242 -28.53044 1645.593
v -4.107294 -97.00004 1766.387
v 238.9337 -81.06106 1887.952
v 360.4505 -79.28721 2009.469
v -612.5533 -17.58418 1403.185
v -368.8197 -52.23006 1523.991
v -125.6168 -84.86944 1644.815
v 117.4275 -61.0564 1766.463
v 360.4505 -63.26025 1887.952
v 481.9673 -50.3829 2009.469
v -490.5471 -48.27151 1402.642
v -247.1869 -62.1791 1523.772
v -4.112954 -85.01299 1644.822
v 238.939 -65.21928 1766.443
v 481.9673 -66.49582 1887.952
v 603.4842 -69.83773 2009.469
v -368.6479 -72.26259 1401.878
v -125.6182 -52.54437 1524.067
v 117.4132 -79.48401 1644.905
v 360.4509 -71.44108 1766.436
v 603.4842 -42.945 1887.952
v 725.001 -63.27497 2009.469
v -247.3279 -41.84647 1403.017
v -4.096567 -74.03998 1523.436
v 238.9728 -61.21981 1645.054
v 481.9673 -63.74604 1766.436
v 725.001 -77.01633 1887.952
v 846.5178 -52.92408 2009.469
v -125.6836 -37.86092 1403.265
v 117.5613 -42.10573 1524.411
v 360.4554 -73.31092 1644.949
v 603.4842 -84.65635 1766.436
v 846.5178 -79.02992 1887.952
v 968.0346 -78.8481 2009.469
v -4.09994 -71.31546 1401.861
v 238.9699 -67.3743 1523.684
v 481.9677 -64.89143 1644.985
v 725.001 -80.13681 1766.436
v 968.0346 -71.5863 1887.952
v 1089.551 -72.25806 2009.469
v 117.4213 -63.97842 1402.265
v 360.5286 -46.86315 1524.283
v 603.4852 -46.06991 1645.073
v 846.5178 -67.41968 1766.436
v 1089.551 -78.80955 1887.952
v 1211.068 -78.26804 2009.469
v 238.917 -79.1623 1401.409
v 481.9759 -71.38328 1523.566
v 725.0087 -66.51489 1644.967
v 968.0346 -51.06121 1766.436
v 1211.068 -71.18703 1887.952
v 1332.585 -87.55615 2009.469
v 360.5132 -55.50077 1402.859
v 603.4844 -77.24317 1523.405
v 846.5323 -63.29504 1644.956
v 1089.551 -55.84289 1766.436
v 1332.585 -70.52277 1887.952
v 1454.102 -50.39154 2009.469
v 481.9654 -72.4819 1401.864
v 725.0217 -70.63946 1523.549
v 968.0303 -85.57668 1644.912
v 1211.068 -90.41017 1766.436
v 1454.102 -47.67872 1887.952
v 1575.619 -47.15606 2009.469
v 603.6002 -53.40639 1402.888
v 846.5533 -70.38104 1523.529
v 1089.553 -64.66725 1644.92
v 1332.585 -41.90167 1766.436
v 1575.619 -51.55251 1887.952
v 1697.136 -47.54413 2009.469
v 725.1207 -58.02127 1402.578
v 968.0738 -69.63057 1523.497
v 1211.068 -59.87078 1644.919
v 1454.102 -55.28245 1766.436
v 1697.136 -73.12222 1887.952
v 1818.652 -67.87676 2009.469
v 846.5613 -70.53058 1402.036
v 1089.611 -57.94321 1523.504
v 1332.585 -67.86375 1644.919
v 1575.619 -89.74361 1766.436
v 1818.652 -63.14409 1887.952
v 1940.169 -85.80298 2009.469
v 1940.169 -89.09673 1887.952
v 1697.136 -57.89705 1766.436
v 1818.652 -51.59981 1766.436
v 1940.169 -77.00187 1766.436
v 1454.102 -49.74214 1644.919
v 1211.064 -82.79185 1523.397
v 1575.619 -63.48391 1644.919
v 1818.652 -60.05933 1644.919
v 1940.169 -79.14132 1644.919
v 1697.136 -52.56494 1644.919
v 1332.586 -60.86698 1523.403
v 1818.652 -73.17969 1523.402
v 1940.169 -65.15776 1523.402
v 1454.102 -68.47624 1523.402
v 1697.136 -73.48694 1523.402
v 1575.619 -61.46951 1523.402
v 1818.652 -56.13982 1401.885
v 1940.169 -65.19379 1401.885
v 1697.136 -65.35696 1401.885
v 1575.619 -70.87616 1401.885
v 1454.105 -62.14283 1401.888
v 1332.613 -64.84705 1401.917
v 1818.652 -79.66384 1280.368
v 1940.169 -69.27841 1280.368
v 1697.136 -50.64716 1280.368
v 1575.62 -59.31326 1280.369
v 1454.097 -80.81411 1280.364
v 1818.652 -63.29231 1158.851
v 1940.169 -62.60239 1158.851
v 1697.136 -65.24471 1158.851
v 1575.654 -49.56602 1158.882
v 1818.652 -61.79467 1037.335
v 1940.169 -45.39442 1037.335
v 1697.135 -82.76192 1037.334
v 1818.652 -71.08533 915.8177
v 1940.169 -42.59451 915.8177
v 1332.566 -80.46127 1280.349
v 1454.418 -42.12033 1159.093
v 1575.653 -71.64731 1037.355
v 1697.154 -57.65982 915.8306
v 1818.652 -88.09471 794.3009
v 1940.169 -49.33271 794.3009
v 1332.996 -57.58247 1159.196
v 1453.796 -93.84118 1037.153
v 1575.851 -56.89975 915.9133
v 1697.196 -53.9949 794.3242
v 1818.652 -66.10948 672.7841
v 1940.169 -78.616 672.7841
v 1333.162 -57.38442 1037.72
v 1453.694 -89.76749 915.6418
v 1575.877 -62.54963 794.3727
v 1697.213 -59.54171 672.7963
v 1818.652 -65.92014 551.2673
v 1940.169 -71.48873 551.2673
v 1333.044 -61.11249 916.0479
v 1455.532 -37.24245 794.7112
v 1576.678 -27.28979 672.9284
v 1697.133 -79.0956 551.2673
v 1818.652 -67.29493 429.7504
v 1940.169 -67.93012 429.7504
v 1333.487 -51.91851 794.6025
v 1453.99 -75.86462 672.7681
v 1576.149 -53.97124 551.2673
v 1697.194 -64.02155 429.7411
v 1818.652 -84.23222 308.2336
v 1940.169 -70.85748 308.2336
v 1333.887 -44.9396 673.0021
v 1453.816 -79.16141 551.2673
v 1575.281 -93.58003 429.7964
v 1697.178 -61.33611 308.2173
v 1818.652 -67.01296 186.7168
v 1940.169 -66.94307 186.7168
v 1333.329 -53.98442 551.2673
v 1454.713 -59.41345 429.6629
v 1575.836 -65.0843 308.1752
v 1697.162 -56.29971 186.71
v 1818.653 -73.99384 65.20041
v 1940.169 -62.51999 65.19998
v 1333.322 -54.4349 429.6318
v 1455.706 -34.3603 307.8638
v 1575.508 -86.57137 186.7259
v 1697.168 -69.14205 65.22661
v 1818.693 -55.95716 -56.28225
v 1940.169 -70.9024 -56.31684
v 1333.132 -59.3574 308.1433
v 1454.733 -60.05941 186.7197
v 1575.511 -84.2495 65.13883
v 1697.096 -81.76247 -56.34741
v 1818.739 -66.27049 -177.7835
v 1940.176 -61.42413 -177.8274
v 1337.682 6.344835 187.3112
v 1454.623 -63.94032 65.43151
v 1575.741 -72.2022 -56.22298
v 1697.739 -54.55027 -177.4766
v 1819.268 -38.00123 -299.095
v 1940.171 -77.77092 -299.349
v 1333.128 -60.13884 65.42612
v 1453.543 -80.229 -56.69656
v 1576.017 -64.32358 -177.5719
v 1698.652 -38.8944 -298.6956
v 1819.143 -57.09514 -420.731
v 1940.311 -58.3702 -420.8129
v 1334.156 -44.09659 -55.40072
v 1454.305 -61.93476 -177.6962
v 1577.122 -45.7503 -298.6157
v 1697.323 -69.26342 -420.8134
v 1819.143 -60.69928 -542.3174
v 1940.407 -57.96033 -542.3463
v 1328.851 -91.56189 -180.2225
v 1454.569 -53.06238 -299.1028
v 1576.228 -56.62121 -420.6708
v 1699.955 -25.88011 -541.979
v 1818.597 -78.61038 -663.9009
v 1940.473 -55.84361 -663.9009
v 1336.197 -12.58872 -297.3221
v 1454.53 -48.70963 -420.7191
v 1576.554 -50.97153 -542.2365
v 1696.247 -84.19406 -663.9009
v 1819.167 -59.92312 -785.4877
v 1940.461 -53.25129 -785.4643
v 1332.969 -35.40528 -420.722
v 1453.752 -52.62247 -542.4401
v 1573.052 -89.51297 -663.8842
v 1698.227 -53.58576 -785.5746
v 1818.784 -72.21709 -906.9711
v 1940.214 -72.15558 -906.9519
v 1335.37 -12.30589 -541.9288
v 1460.804 12.3532 -664.0803
v 1575.705 -60.64191 -785.4326
v 1697.785 -60.80221 -907.121
v 1818.822 -67.2921 -1028.522
v 1940.207 -63.70585 -1028.477
v 1337.792 8.078118 -664.1918
v 1454.448 -46.69317 -785.4921
v 1574.262 -81.72828 -906.4797
v 1697.44 -67.68015 -1028.583
v 1818.634 -81.21246 -1149.958
v 1940.169 -79.81382 -1149.968
v 1331.182 -48.1412 -785.025
v 1458.756 -3.318949 -908.8306
v 1576.557 -53.54893 -1028.922
v 1697.494 -63.73668 -1150.18
v 1818.659 -74.75695 -1271.491
v 1940.169 -52.54162 -1271.485
v 1334.423 -23.66699 -907.8747
v 1451.261 -95.07907 -1026.736
v 1575.321 -78.25806 -1149.769
v 1697.385 -58.24097 -1271.676
v 1818.651 -92.56232 -1393.001
v 1940.169 -87.32479 -1393.002
v 1331.292 -64.00863 -1027.479
v 1455.504 -42.58259 -1151.091
v 1576.426 -49.43398 -1272.162
v 1697.203 -58.23977 -1393.062
v 1818.652 -88.5989 -1514.519
v 1940.169 -69.25844 -1514.519
v 1331.225 -77.05528 -1148.611
v 1454.628 -59.31627 -1272.011
v 1575.893 -57.49549 -1393.276
v 1697.139 -67.66412 -1514.522
v 1818.652 -74.74888 -1636.036
v 1940.169 -68.34179 -1636.036
v 1332.999 -56.7658 -1272.001
v 1453.58 -96.48063 -1392.379
v 1575.622 -77.4473 -1514.522
v 1697.136 -60.07547 -1636.036
v 1818.652 -51.37538 -1757.552
v 1940.169 -61.91761 -1757.552
v 1818.652 -76.69585 -1879.069
v 1940.169 -98.69806 -1879.069
v 1697.136 -75.9145 -1879.069
v 1697.136 -50.70341 -1757.552
v 1575.619 -76.31062 -1879.069
v 1575.619 -68.77541 -1757.552
v 1454.102 -68.41526 -1879.069
v 1575.622 -38.48733 -1636.039
v 1454.102 -64.31854 -1757.552
v 1332.585 -77.54974 -1879.069
v 1454.114 -70.94316 -1636.049
v 1332.591 -49.35256 -1757.558
v 1211.068 -72.81232 -1879.069
v 1454.3 -57.47857 -1514.778
v 1211.061 -87.51177 -1757.541
v 1089.551 -74.30653 -1879.069
v 1332.707 -48.75386 -1636.244
v 1332.559 -78.80631 -1514.474
v 1089.596 -45.30328 -1757.668
v 968.0346 -54.93466 -1879.069
v 1211.165 -63.15784 -1636.268
v 1333.468 -45.26985 -1394.322
v 968.0456 -66.65025 -1757.621
v 846.5178 -60.39197 -1879.069
v 1089.874 -28.92601 -1637.194
v 1210.909 -83.67546 -1514.15
v 1210.548 -83.87634 -1391.964
v 846.5178 -88.70598 -1757.485
v 725.001 -59.87613 -1879.069
v 968.0927 -62.83453 -1636.463
v 1089.774 -58.52841 -1515.292
v 1213.282 -12.73244 -1275.134
v 724.9907 -67.42022 -1757.617
v 603.4842 -94.57452 -1879.069
v 846.5178 -68.55143 -1636.303
v 1089.254 -75.39906 -1392.128
v 968.3832 -32.58198 -1516.922
v 1212.169 -32.01487 -1151.402
v 603.4653 -64.57562 -1757.601
v 481.9673 -68.0287 -1879.069
v 724.9651 -68.29176 -1636.3
v 846.5101 -91.48133 -1513.145
v 1089.335 -58.95638 -1270.974
v 968.4514 -35.69922 -1395.29
v 1209.425 -57.3798 -1026.85
v 481.9565 -65.91613 -1757.568
v 360.4505 -69.67678 -1879.069
v 603.4233 -68.54473 -1636.254
v 724.7139 -36.71493 -1516.715
v 846.4794 -74.43346 -1391.702
v 1090.228 -29.1577 -1151.209
v 968.1436 -45.34048 -1271.932
v 360.4496 -73.52456 -1757.553
v 238.9337 -78.01062 -1879.069
v 481.9325 -72.93208 -1636.119
v 603.4011 -67.26248 -1514.829
v 724.9574 -57.41393 -1393.371
v 846.426 -58.55842 -1270.145
v 968.7747 -16.05943 -1152.23
v 238.9337 -65.51434 -1757.552
v 117.4168 -73.50896 -1879.069
v 360.4371 -75.33179 -1636.058
v 481.6637 -58.21557 -1515.271
v 602.9626 -41.90545 -1394.964
v 725.0583 -52.07662 -1270.927
v 117.4168 -70.35374 -1757.552
v -4.100003 -70.43848 -1879.069
v 238.9273 -74.43681 -1636.043
v 360.646 -89.16263 -1514.167
v 480.9301 -35.45491 -1395.521
v -4.100003 -43.62865 -1757.552
v -125.6168 -77.68105 -1879.069
v 117.4164 -74.3167 -1636.036
v 238.9492 -80.06325 -1514.497
v -125.6168 -68.1722 -1757.552
v -247.1337 -70.21165 -1879.069
v -4.100003 -71.68142 -1636.036
v -247.1337 -73.57235 -1757.552
v -368.6505 -80.185 -1879.069
v 601.6497 7.275018 -1278.232
v 360.2081 -64.52633 -1393.438
v 117.4108 -76.82576 -1514.526
v -125.6168 -72.85494 -1636.036
v -368.6505 -64.50706 -1757.552
v -490.1673 -64.2025 -1879.069
v 481.4602 -44.39531 -1272.642
v 239.1815 -84.33903 -1392.645
v -4.102532 -71.72122 -1514.521
v -247.1337 -58.56779 -1636.036
v -490.1673 -56.19089 -1757.552
v -611.6841 -71.38746 -1879.069
v 357.8822 -14.17172 -1275.772
v 117.5181 -84.61668 -1392.875
v -125.6168 -67.99969 -1514.519
v -368.6505 -77.78046 -1636.036
v -611.6841 -65.69228 -1757.552
v -733.201 -82.89782 -1879.069
v 238.4877 -59.8429 -1272.08
v -4.075328 -83.49554 -1392.973
v -247.1337 -67.57157 -1514.519
v -490.1673 -68.62267 -1636.036
v -733.201 -80.64326 -1757.552
v -854.7178 -74.40565 -1879.069
v 115.0553 -13.00387 -1274.194
v -125.6366 -52.70444 -1393.025
v -368.6505 -57.56967 -1514.519
v -611.6841 -63.99244 -1636.036
v -854.7178 -56.22665 -1757.552
v -976.2346 -57.17252 -1879.069
v -4.195638 -72.90964 -1271.59
v -247.134 -66.16456 -1393.002
v -490.1673 -67.20858 -1514.519
v -733.201 -63.97089 -1636.036
v -976.2346 -83.3894 -1757.552
v -1097.751 -61.60466 -1879.069
v -125.6726 -69.11488 -1271.551
v -368.6505 -69.7995 -1393.002
v -611.6841 -82.67123 -1514.519
v -854.7178 -62.07369 -1636.036
v -1097.751 -65.21434 -1757.552
v -1219.268 -77.78335 -1879.069
v -247.1514 -64.75191 -1271.505
v -490.1673 -73.18534 -1393.002
v -733.201 -46.52522 -1514.519
v -976.2346 -59.99601 -1636.036
v -1219.268 -72.67197 -1757.552
v -1340.785 -71.01668 -1879.069
v -368.6517 -68.73413 -1271.486
v -611.6841 -82.37225 -1393.002
v -854.7178 -54.86352 -1514.519
v -1097.751 -65.01223 -1636.036
v -1340.785 -64.02316 -1757.552
v -1462.302 -75.8893 -1879.069
v -490.1673 -83.32355 -1271.485
v -733.201 -71.49009 -1393.002
v -976.2346 -62.11602 -1514.519
v -1219.268 -58.37287 -1636.036
v -1462.302 -77.38069 -1757.552
v -1583.819 -60.94271 -1879.069
v -611.6841 -50.02881 -1271.485
v -854.7178 -67.26205 -1393.002
v -1097.751 -53.94506 -1514.519
v -1340.785 -95.41657 -1636.036
v -1583.819 -80.98584 -1757.552
v -1705.336 -59.03312 -1879.069
v -733.201 -70.66134 -1271.485
v -976.2346 -65.06522 -1393.002
v -1219.268 -79.09322 -1514.519
v -1462.302 -57.98763 -1636.036
v -1705.336 -70.94421 -1757.552
v -1826.852 -62.57273 -1879.069
v -854.7178 -79.00771 -1271.485
v -1097.751 -60.2286 -1393.002
v -1340.785 -60.08503 -1514.519
v -1583.819 -79.67424 -1636.036
v -1826.852 -80.59427 -1757.552
v -1948.369 -38.91045 -1879.069
v -1948.369 -68.17628 -1757.552
v -1705.336 -55.91612 -1636.036
v -1826.852 -72.61369 -1636.036
v -1948.369 -71.16874 -1636.036
v -1462.302 -71.89336 -1514.519
v -1219.268 -84.3973 -1393.002
v -1583.819 -56.01441 -1514.519
v -1826.852 -53.99537 -1514.519
v -1948.369 -81.42828 -1514.519
v -1705.336 -70.71349 -1514.519
v -1340.785 -71.42138 -1393.002
v -1826.852 -64.56004 -1393.002
v -1948.369 -85.17796 -1393.002
v -1462.302 -82.00108 -1393.002
v -1705.336 -80.10224 -1393.002
v -1583.819 -80.05654 -1393.002
v -1826.852 -49.5856 -1271.485
v -1948.369 -67.16958 -1271.485
v -1705.336 -58.51411 -1271.485
v -1583.819 -80.36867 -1271.485
v -1462.302 -48.89988 -1271.485
v -1340.785 -70.68562 -1271.485
v -1826.852 -60.60654 -1149.968
v -1948.369 -59.02846 -1149.968
v -1705.336 -74.04386 -1149.968
v -1583.819 -77.15215 -1149.968
v -1462.302 -60.51573 -1149.968
v -1826.852 -68.39589 -1028.451
v -1948.369 -63.75967 -1028.451
v -1705.336 -52.13921 -1028.451
v -1583.82 -66.80733 -1028.452
v -1826.852 -57.97186 -906.9346
v -1948.369 -50.5854 -906.9346
v -1705.335 -81.08532 -906.934
v -1826.853 -71.47577 -785.4185
v -1948.369 -67.37292 -785.4178
v -1340.786 -74.05677 -1149.969
v -1462.319 -65.45726 -1028.471
v -1583.831 -73.75854 -906.9481
v -1705.381 -62.31078 -785.4586
v -1826.874 -64.39835 -663.9191
v -1948.369 -51.44143 -663.9009
v -1340.844 -61.48866 -1028.553
v -1462.238 -86.52744 -906.8508
v -1583.915 -69.79762 -785.5137
v -1705.6 -53.30769 -664.1026
v -1826.907 -69.51379 -542.4156
v -1948.37 -76.80011 -542.3847
v -1340.527 -96.56513 -906.4982
v -1462.636 -60.97349 -785.8164
v -1584.274 -58.78634 -664.2819
v -1705.278 -79.89934 -542.3498
v -1827.013 -66.06094 -420.9339
v -1948.418 -56.16422 -420.9009
v -1341.314 -54.17057 -786.2095
v -1463.372 -44.04291 -664.9715
v -1584.695 -52.13753 -542.9697
v -1704.771 -91.23631 -420.6237
v -1827.993 -21.35266 -299.6681
v -1948.458 -63.6545 -299.3843
v -1342.152 -34.90744 -665.6078
v -1464.093 -33.32895 -543.8179
v -1583.752 -70.76793 -420.8336
v -1704.705 -87.18758 -299.1693
v -1826.894 -75.69653 -177.8394
v -1948.433 -72.13998 -177.8438
v -1342.116 -36.33697 -543.7151
v -1461.823 -69.07549 -420.5789
v -1585.31 -43.70206 -299.8491
v -1706.937 -42.00255 -178.0636
v -1826.844 -77.43589 -56.31684
v -1948.57 -60.9132 -56.31684
v -1339.962 -65.47035 -420.2495
v -1464.871 -23.57679 -300.3809
v -1584.857 -49.84056 -178.0072
v -1705.649 -66.06639 -56.31684
v -1827.963 -33.67726 65.35065
v -1948.559 -59.22435 65.23018
v -1343.318 -14.85597 -300.62
v -1465.742 -12.64808 -178.5239
v -1584.137 -59.14955 -56.31684
v -1705.586 -67.49982 65.23592
v -1826.938 -73.68445 186.7404
v -1948.448 -65.43115 186.7466
v -1340.582 -46.33694 -177.7828
v -1460.705 -72.20036 -56.31684
v -1583.417 -69.7517 65.1328
v -1706.008 -59.08033 186.91
v -1827.247 -48.06969 308.3969
v -1948.354 -85.74945 308.223
v -1340.623 -44.47338 -56.31684
v -1465.307 -17.91478 65.80309
v -1583.635 -69.16471 186.6553
v -1704.868 -88.53025 308.0318
v -1826.896 -71.35249 429.7755
v -1948.369 -78.49675 429.7505
v -1340.34 -49.23726 65.08849
v -1463.438 -42.42077 187.1725
v -1583.707 -71.57043 308.1777
v -1706.036 -46.53616 430.1653
v -1826.856 -76.05089 551.2706
v -1948.369 -65.59788 551.2673
v -1340.973 -45.30981 186.802
v -1463.569 -42.61193 308.9959
v -1585.34 -36.68441 430.7667
v -1705.389 -73.39571 551.3083
v -1826.852 -80.7516 672.7839
v -1948.369 -51.22073 672.7841
v -1340.646 -55.08014 308.1572
v -1464.604 -23.70804 431.5933
v -1585.052 -28.69592 552.2997
v -1705.418 -48.85587 672.8586
v -1826.852 -61.15151 794.3009
v -1948.369 -86.64895 794.3009
v -1341.234 -54.13258 430.0859
v -1461.61 -90.4299 550.5756
v -1584.196 -44.57483 673.1618
v -1705.343 -50.44269 794.3078
v -1826.852 -72.39184 915.8177
v -1948.369 -63.05822 915.8177
v -1341.623 -51.669 552.1927
v -1462.746 -55.87001 673.3148
v -1583.84 -69.96358 794.325
v -1705.336 -82.08788 915.8177
v -1826.852 -63.60162 1037.335
v -1705.336 -74.49986 1037.335
v -1705.336 -74.89329 1158.851
v -1583.82 -61.04476 915.8194
v -1462.271 -82.39098 794.2605
v -1583.819 -84.99986 1037.335
v -1583.819 -62.69061 1280.368
v -1583.819 -76.89181 1158.851
v -1462.302 -65.64886 1280.368
v -1462.311 -71.79494 915.828
v -1462.302 -50.40266 1037.335
v -1462.302 -63.63651 1158.851
v -1340.785 -51.4411 1280.368
v -1340.785 -84.76976 1158.851
v -1219.268 -49.68246 1280.368
v -1340.787 -65.44365 1037.337
v -1340.834 -64.41938 915.9023
v -1219.27 -59.88491 1158.853
v -1097.774 -49.86224 1280.388
v -1219.284 -66.73444 1037.352
v -1341.158 -49.65721 794.93
v -1097.829 -54.10525 1158.897
v -976.3864 -51.54994 1280.484
v -1219.357 -65.73681 915.9906
v -1341.493 -49.80105 673.8146
v -1097.892 -61.14735 1037.436
v -976.4551 -59.83939 1158.982
v -855.0584 -52.84705 1280.654
v -1219.414 -70.89366 794.5295
v -1220.354 -59.42188 673.8981
v -1098.276 -49.57497 916.5307
v -976.449 -66.21351 1037.476
v -855.0984 -58.68081 1159.106
v -733.5469 -58.22589 1280.714
v -1101.661 -24.75447 800.283
v -1223.162 -41.79087 553.6484
v -975.778 -87.60136 915.2463
v -855.1012 -60.85601 1037.6
v -733.501 -61.87995 1159.092
v -612.1808 -50.64018 1280.989
v -1097.711 -52.27758 672.739
v -1225.99 -23.11548 431.3452
v -978.8054 -41.91177 800.0553
v -854.772 -69.02905 915.9061
v -734.7435 -27.66724 1038.522
v -613.2218 -20.93168 1160.389
v -489.5685 -97.72867 1279.372
v -368.8097 -57.52261 1280.764
v -489.8395 -74.82431 1158.393
v -613.8834 -29.08864 1039.355
v -731.4268 -109.3083 913.2234
v -854.4407 -64.22591 792.2473
v -247.4055 -41.30492 1281.493
v -369.1352 -40.02318 1160.154
v -490.6679 -52.05337 1038.075
v -616.5001 -16.40578 919.5771
v -125.8239 -42.49742 1281.59
v -247.1344 -59.84761 1158.855
v -369.422 -25.09555 1041.276
v -4.155967 -57.57486 1280.774
v -125.4035 -68.50919 1158.119
v 117.3711 -55.89292 1280.879
v -733.3293 -65.72699 792.1473
v -492.4416 -20.47019 918.1788
v -247.2361 -59.81271 1036.235
v -4.573078 -31.30621 1160.633
v 238.9754 -86.4174 1278.39
v -612.884 -35.24176 796.1771
v -368.5382 -22.37602 915.2036
v -125.8608 -20.1544 1039.97
v 116.8247 -11.47244 1162.349
v 360.3559 -82.84067 1278.66
v -484.5533 -51.13224 792.1777
v -246.5847 -18.67563 917.0322
v -4.131154 -43.91832 1037.42
v 238.9212 -48.88757 1159.055
v 482.1442 -46.13581 1281.741
v -370.6685 62.90456 796.816
v -125.4411 -34.28988 916.3312
v 117.323 -37.33801 1037.699
v 360.571 -25.86794 1161.196
v 603.5032 -63.45802 1280.469
v -243.21 26.78624 795.6622
v -4.504606 -21.95539 916.8128
v 238.8236 -28.07041 1038.371
v 482.3298 -27.83528 1161.083
v 725.1467 -57.3163 1280.965
v -122.7609 17.38278 796.0821
v 116.4071 4.528457 918.3918
v 360.4482 -39.92583 1037.287
v 604.0579 -29.11664 1161.031
v -4.328351 -21.39912 794.6295
v 238.4139 9.604958 918.7538
v 482.1745 -29.37374 1038.37
v 116.07 16.0649 796.1912
v 360.5559 6.8306 918.5977
v 237.9463 35.18512 797.2145
v 724.9424 -60.11934 1158.681
v 603.9974 -26.62595 1038.816
v 482.1855 -19.18158 916.6788
v 360.462 -3.061852 795.248
v 846.7618 -55.66257 1281.075
v 967.901 -86.45633 1401.576
v 1090.056 -32.31622 1402.736
v 968.1971 -64.05328 1280.692
v 845.9207 -81.9986 1157.491
v 725.7405 -27.92871 1038.9
v 603.8327 -23.77066 916.5662
v 1211.125 -69.92052 1401.96
v 1089.987 -55.24831 1281.019
v 1211.112 -74.33521 1280.42
v 967.8593 -70.01645 1158.56
v 847.0638 -38.90546 1038.27
v 1089.314 -75.76823 1158.555
v 1210.739 -83.797 1158.522
v 968.9086 -37.22816 1038.491
v 724.0843 -58.87378 914.4261
v 1211.136 -67.49396 1037.389
v 1090.437 -44.19202 1038.22
v 847.2907 -29.21652 916.7679
v 1210.484 -75.37939 915.4666
v 1091.802 -17.61789 917.5065
v 968.8168 -35.93516 916.5853
v 1211.118 -60.22176 794.3209
v 1090.285 -41.51501 794.6682
v 965.9231 -80.38613 792.9386
v 845.8509 -49.74801 793.7706
v 724.8857 -33.27707 794.1865
v 1213.793 -18.63401 673.3311
v 1091.964 -14.92422 673.3891
v 966.1046 -71.04359 672.1678
v 847.8541 -12.56066 673.3053
v 1209.713 -76.99285 551.2667
v 1090.683 -32.94981 551.2794
v 966.548 -61.94889 551.2101
v 1212.987 -31.29869 429.4512
v 1091.434 -24.56263 429.5387
v 1211.909 -49.5053 308.1867
v 725.8091 -11.8095 673.1839
v 848.665 -0.3525895 551.4642
v 968.4381 -35.37728 429.7364
v 1089.08 -56.71823 308.2038
v 1211.888 -50.34722 186.9115
v 723.4609 -48.61285 550.9523
v 847.0052 -26.62937 429.834
v 969.5411 -22.85489 308.5363
v 1093.685 -3.336343 188.1708
v 1212.537 -40.604 65.86327
v 725.5017 -17.20064 430.0168
v 849.9518 -1.042647 309.4806
v 967.9243 -38.55209 186.6695
v 1089.142 -46.91593 64.98216
v 1209.878 -59.92553 -56.99186
v 726.6402 1.51191 309.3003
v 846.6188 -23.92753 186.7477
v 968.5509 -25.42642 65.5042
v 1096.061 26.3993 -52.23733
v 1211.526 -36.53725 -177.5488
v 726.2286 7.44373 187.0086
v 849.1367 3.492972 65.94621
v 972.533 27.53979 -52.90741
v 1094.446 18.63131 -174.5679
v 1213.616 -9.751961 -297.8275
v 728.8385 35.07296 64.4301
v 845.4 -29.0634 -57.11307
v 966.1709 -35.31683 -179.371
v 1089.55 -17.57812 -299.3516
v 1213.161 -6.162636 -419.9516
v 727.0214 35.71318 -55.68365
v 847.3896 10.55771 -176.7545
v 970.4007 22.35271 -297.4229
v 1086.665 -35.24357 -422.3845
v 1216.267 22.72979 -541.4296
v 725.1293 6.838429 -177.3801
v 846.4304 1.707446 -299.4651
v 970.3264 30.53756 -419.2806
v 1090.65 6.55222 -542.1345
v 1213.55 2.121041 -664.1293
v 725.1302 25.34221 -298.2578
v 846.2061 4.111178 -421.2414
v 968.1788 10.784 -542.3385
v 1091.918 18.80658 -664.2446
v 1213.625 0.5371457 -786.3784
v 725.002 29.83514 -420.1083
v 847.3986 38.62902 -541.8646
v 970.3676 38.80138 -664.4943
v 1088.638 -16.08313 -784.9294
v 1210.778 -31.24687 -906.7405
v 1091.595 6.533287 -908.8531
v 1092.321 9.225751 -1032.23
v 966.8132 -12.57407 -784.3439
v 847.6278 47.56683 -664.6418
v 969.0641 -0.07492514 -1030.758
v 969.4534 16.02526 -909.1121
v 846.4999 10.27472 -785.378
v 846.6697 -21.06423 -1151.318
v 846.7697 -3.19256 -1029.969
v 846.9695 16.35417 -908.725
v 724.8986 -23.49498 -1151.01
v 724.9035 -7.624123 -1029.375
v 601.8649 6.692739 -1155.293
v 724.8367 12.1116 -908.2258
v 481.0599 -25.77323 -1151.768
v 603.0464 -9.038651 -1029.644
v 724.9175 18.12656 -785.8784
v 358.8361 -26.95625 -1152.287
v 602.2676 19.71082 -909.4462
v 482.8601 -38.45726 -1027.007
v 725.0175 17.01402 -663.8604
v 236.7124 -28.61868 -1152.504
v 360.4444 -36.09704 -1028.458
v 482.1371 -14.46769 -906.728
v 602.2222 30.46013 -787.1089
v 724.8551 40.55429 -541.9752
v 116.6547 -55.48293 -1150.708
v 236.5899 -22.7138 -1030.617
v 357.6667 3.329529 -909.375
v 604.3173 -1.048026 -663.4404
v 481.0625 8.585851 -786.1353
v 602.9149 26.09454 -542.2416
v -3.312411 -93.35831 -1149.251
v 115.1888 -33.2719 -1030.194
v 237.3849 -23.28932 -908.012
v 358.253 5.448634 -786.683
v 482.8962 -5.416548 -663.5797
v 601.1522 62.79049 -418.7661
v -125.6065 -78.0357 -1149.958
v -5.246681 -51.08424 -1029.27
v 115.8513 -35.91225 -907.8644
v 238.184 -22.82573 -785.7654
v 359.8907 -3.455593 -664.0479
v 481.1583 15.17831 -542.3067
v -247.2635 -56.79449 -1150.098
v -126.43 -51.86471 -1029.061
v -5.395648 -46.60695 -907.7666
v 118.3556 -53.06813 -784.8973
v 237.4988 -11.9883 -664.2804
v 359.3779 2.328326 -542.3124
v 482.3061 -0.8826201 -421.0108
v -368.657 -73.42792 -1149.976
v -246.9759 -89.24773 -1028.291
v -126.0804 -60.59439 -907.4836
v -5.572874 -32.50607 -787.6359
v 116.7071 -29.6752 -664.4989
v 237.7022 -11.34916 -542.3564
v -490.1572 -64.19167 -1149.985
v -368.6786 -63.94743 -1028.599
v -247.3596 -62.60203 -907.6069
v -125.8118 -51.03196 -787.0962
v -4.003608 -34.07758 -665.1066
v -611.6659 -62.43885 -1150.016
v -490.0616 -55.50806 -1028.765
v -368.8556 -40.99757 -908.6221
v -247.3746 -45.81002 -788.4229
v -733.195 -70.7912 -1150.006
v -611.8316 -104.1529 -1027.922
v -490.1747 -76.45044 -906.8926
v -125.9232 -44.05432 -662.4043
v -368.7619 -62.9198 -786.0015
v -247.1443 -28.52507 -664.8964
v -854.7178 -56.78756 -1150.092
v -733.0746 -40.72444 -1029.383
v -611.4298 -53.99296 -907.8499
v -490.0436 -77.33401 -784.5425
v -367.3062 -56.78034 -659.4277
v -976.2346 -78.39074 -1271.485
v -1097.751 -60.18229 -1271.485
v -976.2388 -73.16659 -1149.995
v -854.7178 -40.94551 -1029.44
v -733.0733 -55.44481 -907.8237
v -611.5305 -50.33538 -786.6689
v -1219.268 -63.98361 -1271.485
v -1097.748 -81.88758 -1149.959
v -1219.28 -62.94585 -1149.985
v -976.3488 -44.26157 -1029.293
v -854.7178 -59.84715 -907.5912
v -1219.278 -76.64029 -1028.475
v -1097.746 -78.91822 -1028.431
v -1219.187 -80.75426 -906.7456
v -976.491 -38.54093 -908.7195
v -1097.737 -74.67018 -906.8842
v -732.7236 -23.88897 -788.3422
v -1219.717 -53.40777 -786.312
v -1098.41 -36.42978 -787.387
v -975.9837 -84.95876 -783.9163
v -854.7178 -61.5922 -785.5543
v -1218.807 -73.42316 -663.1348
v -1099.364 -4.479799 -667.9216
v -976.3421 -47.88453 -664.4364
v -854.7178 -83.94868 -661.3102
v -733.1155 -46.7157 -664.5698
v -1219.675 -45.34375 -542.926
v -1098.97 -16.17033 -544.8156
v -976.3318 -39.24857 -542.772
v -854.7178 -22.96955 -544.061
v -1220.793 -20.20692 -422.3925
v -1099.364 -3.619486 -423.2828
v -976.5098 -22.91666 -421.6905
v -1219.863 -29.82943 -299.7477
v -1098.641 -13.86752 -300.2404
v -1220.115 -22.61173 -178.1165
v -733.1592 -31.0576 -543.5503
v -854.7178 -4.509152 -423.0121
v -976.1474 -28.39248 -299.1763
v -1098.206 -17.55142 -178.0614
v -1221.156 -7.835482 -56.31684
v -733.1998 -24.42109 -421.5766
v -854.7191 19.60776 -301.9339
v -976.4333 -13.42377 -178.0323
v -1099.016 -3.263236 -56.36889
v -1219.587 -30.3075 65.23846
v -733.0422 -10.87684 -300.0952
v -854.7233 -13.42977 -177.9745
v -976.8699 -2.335484 -56.52015
v -1101.334 5.790244 63.62235
v -1223.075 -12.77711 186.4607
v -732.4156 14.7158 -178.9568
v -854.8129 0.9220114 -56.71889
v -977.5878 -4.467371 63.24745
v -1102.804 1.831549 183.6493
v -1223.833 -23.9798 308.0742
v -1104.285 25.9406 306.1208
v -981.5645 46.18879 178.999
v -854.9028 4.162845 62.26083
v -1110.349 43.47647 431.4069
v -983.7336 103.0239 302.61
v -855.072 64.37019 178.9073
v -1094.722 -12.81699 549.3566
v -994.144 145.3741 432.52
v -854.6204 117.6511 309.5297
v -980.6337 6.207469 681.1118
v -977.1108 68.03491 552.212
v -854.6067 10.69001 671.1686
v -854.0912 131.7561 428.4379
v -855.2849 118.0479 558.9095
v -731.6827 8.43451 677.0204
v -723.983 102.1728 563.0632
v -614.0446 -53.19895 667.5902
v -728.5825 127.5478 430.4649
v -491.7794 6.504146 672.6459
v -606.1138 26.35216 554.9954
v -719.2802 130.2549 295.8393
v -368.4906 -16.7614 673.6456
v -489.0619 -25.02863 551.5679
v -614.2236 33.20642 429.4962
v -731.3442 39.54949 183.4279
v -245.3568 5.152771 670.7467
v -608.4922 32.88974 306.9156
v -476.8111 27.71613 430.9306
v -368.8093 -47.13118 552.4888
v -731.7309 4.00764 62.17064
v -125.2443 -19.54694 672.4021
v -607.9317 7.81639 183.7798
v -477.9459 26.19112 305.3231
v -247.015 -30.72163 550.96
v -368.0403 -23.51629 429.5572
v -732.1897 17.94793 -57.18187
v -4.672987 -10.71495 672.7408
v -125.6314 -23.30223 550.6654
v -246.339 -11.00594 428.4131
v -366.994 -16.47762 307.6873
v -608.5164 10.95976 62.82886
v -483.7006 14.13215 184.4042
v -612.0906 -29.6267 -56.22708
v 116.859 -6.548211 672.8804
v -5.643673 7.323096 549.4962
v -125.6069 -27.45181 428.773
v -246.5082 -35.54313 307.6339
v -487.2256 1.138346 64.68807
v -370.2177 -55.20064 187.1151
v 237.9874 21.85609 673.3856
v 117.9765 -34.13411 551.7419
v -4.588108 -25.7232 428.5924
v -125.3179 -39.63982 307.1552
v -249.27 -77.14287 187.9043
v -367.0641 -28.40841 65.22797
v -489.7241 -21.7949 -56.05376
v -611.7143 -29.40452 -177.8277
v -613.7368 16.3229 -300.0347
v -491.3578 23.17918 -174.3295
v -369.1314 -45.19522 -56.89254
v -244.0434 -30.05709 65.22533
v -126.2285 -76.30653 187.689
v -613.7894 -4.302914 -422.7006
v -490.6894 -7.054214 -299.1314
v -368.7489 -36.5631 -180.9781
v -242.6222 -10.72692 -51.12222
v -613.2582 -18.21297 -545.2399
v -490.9768 -5.844131 -421.1651
v -370.6519 33.66954 -295.9533
v -612.5318 -16.70357 -668.4705
v -490.5274 -23.59813 -542.7943
v -493.5723 -5.837925 -671.6848
v -364.8803 -22.73267 -419.4862
v -369.3567 0.6032067 -543.6588
v -245.9255 -10.54484 -174.9369
v -246.7846 29.38794 -547.7652
v -245.9224 53.99857 -421.4597
v -247.1243 6.969277 -299.3266
v -125.4083 -6.504694 -542.6869
v -122.6639 22.53438 -420.6663
v -124.5012 -4.44364 -298.1619
v -127.3674 -53.75881 -180.5088
v -123.5828 -46.44903 -54.10644
v -2.945763 -13.28415 -543.5161
v -2.739168 -11.05608 -420.5198
v -4.387689 -37.4633 -299.6794
v 0.5369833 0.9591571 -168.2105
v 117.2689 -26.77134 -542.5894
v 117.1694 -72.12592 -422.6919
v 117.0343 -18.98266 -296.2607
v 243.8527 -70.46399 -422.9687
v -3.854072 -62.01423 -55.44879
v 119.7766 -100.0184 -181.7282
v 237.2656 -20.91035 -298.3578
v 361.2796 -16.73404 -421.1412
v 355.1771 24.51539 -296.9404
v 234.6833 -14.13265 -175.8441
v 118.7503 -82.09628 -56.83522
v 482.9147 -13.09609 -299.9268
v 360.0298 -20.82009 -177.6549
v 240.036 -57.15165 -56.53726
v 603.0684 15.68514 -298.7808
v 602.3943 28.84496 -176.2776
v 483.1551 -22.51691 -178.4945
v 601.4209 68.73169 -57.35759
v 480.5027 -1.774241 -56.37056
v 603.1895 26.5 63.96789
v 356.7469 -5.868233 -55.7897
v 481.7526 -5.740751 65.1217
v 603.5849 36.72036 187.1069
v 360.0822 -29.5545 65.14141
v 604.5413 47.89971 312.4751
v 478.7456 22.05868 186.5399
v 237.7926 -42.95353 65.01026
v 603.0378 -26.90382 429.0068
v 358.5356 -15.08527 186.2596
v 480.1242 14.46828 309.1389
v 115.859 -50.73014 64.62455
v 603.3 -22.25084 551.191
v 234.9334 -12.6853 184.5202
v 359.9234 -17.43191 308.096
v 481.2489 14.41077 430.5266
v -3.851257 -99.21382 66.06252
v 601.6501 -65.19003 671.412
v 115.6502 -37.48728 184.9246
v 240.5717 -50.71313 309.6503
v 482.0205 -8.480379 551.316
v 359.9218 -6.561489 429.494
v -126.195 -78.7332 65.34019
v -4.175684 -61.25903 186.3831
v 118.3917 -57.97208 309.5731
v -4.473103 -38.8928 306.8664
v 118.1217 -42.80248 430.69
v 237.5273 -0.7380293 428.329
v 238.8515 -15.38563 551.2117
v 360.6318 -24.80357 551.3517
v 360.4205 -8.264136 672.9507
v 482.1203 -7.767835 673.028
v 482.2738 -6.271277 795.1678
v 603.8359 -16.1597 794.8093
f 674 675 676
f 674 676 677
f 678 674 677
f 677 676 679
f 678 677 680
f 681 678 680
f 677 679 682
f 680 677 682
f 682 679 683
f 681 680 684
f 685 681 684
f 680 682 686
f 684 680 686
f 682 683 687
f 686 682 687
f 687 683 688
f 685 684 689
f 690 685 689
f 684 686 691
f 689 684 691
f 687 688 692
f 692 688 693
f 686 687 694
f 691 686 694
f 694 687 692
f 690 689 695
f 696 690 695
f 692 693 697
f 697 693 698
f 689 691 699
f 695 689 699
f 691 694 700
f 699 691 700
f 694 692 701
f 701 692 697
f 700 694 701
f 696 695 702
f 703 696 702
f 697 698 704
f 704 698 705
f 695 699 706
f 702 695 706
f 699 700 707
f 706 699 707
f 700 701 708
f 707 700 708
f 701 697 709
f 709 697 704
f 708 701 709
f 703 702 710
f 711 703 710
f 704 705 712
f 712 705 713
f 702 706 714
f 710 702 714
f 706 707 715
f 714 706 715
f 707 708 716
f 715 707 716
f 708 709 717
f 716 708 717
f 709 704 718
f 718 704 712
f 717 709 718
f 712 713 719
f 719 713 720
f 718 712 721
f 721 712 719
f 717 718 722
f 722 718 721
f 716 717 723
f 723 717 722
f 715 716 724
f 724 716 723
f 719 720 725
f 725 720 726
f 721 719 727
f 727 719 725
f 722 721 728
f 728 721 727
f 723 722 729
f 729 722 728
f 725 726 730
f 730 726 731
f 727 725 732
f 732 725 730
f 728 727 733
f 733 727 732
f 730 731 734
f 734 731 735
f 732 730 736
f 736 730 734
f 734 735 737
f 737 735 738
f 739 723 729
f 724 723 739
f 729 728 740
f 740 728 733
f 733 732 741
f 741 732 736
f 736 734 742
f 742 734 737
f 737 738 743
f 743 738 744
f 739 729 745
f 745 729 740
f 740 733 746
f 746 733 741
f 741 736 747
f 747 736 742
f 742 737 748
f 748 737 743
f 743 744 749
f 749 744 750
f 745 740 751
f 751 740 746
f 746 741 752
f 752 741 747
f 747 742 753
f 753 742 748
f 748 743 754
f 754 743 749
f 749 750 755
f 755 750 756
f 751 746 757
f 757 746 752
f 752 747 758
f 758 747 753
f 753 748 759
f 759 748 754
f 754 749 760
f 760 749 755
f 755 756 761
f 761 756 762
f 757 752 763
f 763 752 758
f 758 753 764
f 764 753 759
f 759 754 765
f 765 754 760
f 760 755 766
f 766 755 761
f 761 762 767
f 767 762 768
f 763 758 769
f 769 758 764
f 764 759 770
f 770 759 765
f 765 760 771
f 771 760 766
f 766 761 772
f 772 761 767
f 767 768 773
f 773 768 774
f 769 764 775
f 775 764 770
f 770 765 776
f 776 765 771
f 771 766 777
f 777 766 772
f 772 767 778
f 778 767 773
f 773 774 779
f 779 774 780
f 775 770 781
f 781 770 776
f 776 771 782
f 782 771 777
f 777 772 783
f 783 772 778
f 778 773 784
f 784 773 779
f 779 780 785
f 785 780 786
f 781 776 787
f 787 776 782
f 782 777 788
f 788 777 783
f 783 778 789
f 789 778 784
f 784 779 790
f 790 779 785
f 785 786 791
f 791 786 792
f 787 782 793
f 793 782 788
f 788 783 794
f 794 783 789
f 789 784 795
f 795 784 790
f 790 785 796
f 796 785 791
f 791 792 797
f 797 792 798
f 793 788 799
f 799 788 794
f 794 789 800
f 800 789 795
f 795 790 801
f 801 790 796
f 796 791 802
f 802 791 797
f 797 798 803
f 803 798 804
f 799 794 805
f 805 794 800
f 800 795 806
f 806 795 801
f 801 796 807
f 807 796 802
f 802 797 808
f 808 797 803
f 803 804 809
f 809 804 810
f 805 800 811
f 811 800 806
f 806 801 812
f 812 801 807
f 807 802 813
f 813 802 808
f 808 803 814
f 814 803 809
f 809 810 815
f 815 810 816
f 811 806 817
f 817 806 812
f 812 807 818
f 818 807 813
f 813 808 819
f 819 808 814
f 814 809 820
f 820 809 815
f 815 816 821
f 821 816 822
f 817 812 823
f 823 812 818
f 818 813 824
f 824 813 819
f 819 814 825
f 825 814 820
f 820 815 826
f 826 815 821
f 821 822 827
f 827 822 828
f 823 818 829
f 829 818 824
f 824 819 830
f 830 819 825
f 825 820 831
f 831 820 826
f 826 821 832
f 832 821 827
f 827 828 833
f 833 828 834
f 829 824 835
f 835 824 830
f 830 825 836
f 836 825 831
f 831 826 837
f 837 826 832
f 832 827 838
f 838 827 833
f 833 834 839
f 839 834 840
f 835 830 841
f 841 830 836
f 836 831 842
f 842 831 837
f 837 832 843
f 843 832 838
f 838 833 844
f 844 833 839
f 839 840 845
f 845 840 846
f 841 836 847
f 847 836 842
f 842 837 848
f 848 837 843
f 843 838 849
f 849 838 844
f 844 839 850
f 850 839 845
f 845 846 851
f 851 846 852
f 851 852 853
f 854 845 851
f 850 845 854
f 855 851 853
f 854 851 855
f 855 853 856
f 857 844 850
f 849 844 857
f 858 843 849
f 848 843 858
f 859 850 854
f 857 850 859
f 860 855 856
f 860 856 861
f 862 854 855
f 859 854 862
f 862 855 860
f 863 849 857
f 858 849 863
f 864 860 861
f 864 861 865
f 866 857 859
f 863 857 866
f 867 862 860
f 867 860 864
f 868 859 862
f 866 859 868
f 868 862 867
f 869 864 865
f 869 865 870
f 871 867 864
f 871 864 869
f 872 868 867
f 872 867 871
f 873 866 868
f 873 868 872
f 874 863 866
f 874 866 873
f 875 869 870
f 875 870 876
f 877 871 869
f 877 869 875
f 878 872 871
f 878 871 877
f 879 873 872
f 879 872 878
f 880 875 876
f 880 876 881
f 882 877 875
f 882 875 880
f 883 878 877
f 883 877 882
f 884 880 881
f 884 881 885
f 886 882 880
f 886 880 884
f 887 884 885
f 887 885 888
f 889 873 879
f 889 874 873
f 890 879 878
f 890 878 883
f 891 883 882
f 891 882 886
f 892 886 884
f 892 884 887
f 893 887 888
f 893 888 894
f 895 889 879
f 895 879 890
f 896 890 883
f 896 883 891
f 897 891 886
f 897 886 892
f 898 892 887
f 898 887 893
f 899 893 894
f 899 894 900
f 901 895 890
f 901 890 896
f 902 896 891
f 902 891 897
f 903 897 892
f 903 892 898
f 904 898 893
f 904 893 899
f 905 899 900
f 905 900 906
f 907 901 896
f 907 896 902
f 908 902 897
f 908 897 903
f 909 903 898
f 909 898 904
f 910 904 899
f 910 899 905
f 911 905 906
f 911 906 912
f 913 907 902
f 913 902 908
f 914 908 903
f 914 903 909
f 915 909 904
f 915 904 910
f 916 910 905
f 916 905 911
f 917 911 912
f 917 912 918
f 919 913 908
f 919 908 914
f 920 914 909
f 920 909 915
f 921 915 910
f 921 910 916
f 922 916 911
f 922 911 917
f 923 917 918
f 923 918 924
f 925 919 914
f 925 914 920
f 926 920 915
f 926 915 921
f 927 921 916
f 927 916 922
f 928 922 917
f 928 917 923
f 929 923 924
f 929 924 930
f 931 925 920
f 931 920 926
f 932 926 921
f 932 921 927
f 933 927 922
f 933 922 928
f 934 928 923
f 934 923 929
f 935 929 930
f 935 930 936
f 937 931 926
f 937 926 932
f 938 932 927
f 938 927 933
f 939 933 928
f 939 928 934
f 940 934 929
f 940 929 935
f 941 935 936
f 941 936 942
f 943 937 932
f 943 932 938
f 944 938 933
f 944 933 939
f 945 939 934
f 945 934 940
f 946 940 935
f 946 935 941
f 947 941 942
f 947 942 948
f 949 943 938
f 949 938 944
f 950 944 939
f 950 939 945
f 951 945 940
f 951 940 946
f 952 946 941
f 952 941 947
f 953 947 948
f 953 948 954
f 955 949 944
f 955 944 950
f 956 950 945
f 956 945 951
f 957 951 946
f 957 946 952
f 958 952 947
f 958 947 953
f 959 953 954
f 959 954 960
f 961 955 950
f 961 950 956
f 962 956 951
f 962 951 957
f 963 957 952
f 963 952 958
f 964 958 953
f 964 953 959
f 965 959 960
f 965 960 966
f 967 961 956
f 967 956 962
f 968 962 957
f 968 957 963
f 969 963 958
f 969 958 964
f 970 964 959
f 970 959 965
f 971 965 966
f 971 966 972
f 973 967 962
f 973 962 968
f 974 968 963
f 974 963 969
f 975 969 964
f 975 964 970
f 976 970 965
f 976 965 971
f 977 971 972
f 977 972 978
f 979 973 968
f 979 968 974
f 980 974 969
f 980 969 975
f 981 975 970
f 981 970 976
f 982 976 971
f 982 971 977
f 983 977 978
f 983 978 984
f 985 979 974
f 985 974 980
f 986 980 975
f 986 975 981
f 987 981 976
f 987 976 982
f 988 982 977
f 988 977 983
f 989 983 984
f 989 984 990
f 991 985 980
f 991 980 986
f 992 986 981
f 992 981 987
f 993 987 982
f 993 982 988
f 994 988 983
f 994 983 989
f 995 989 990
f 995 990 996
f 997 991 986
f 997 986 992
f 998 992 987
f 998 987 993
f 999 993 988
f 999 988 994
f 1000 994 989
f 1000 989 995
f 1001 995 996
f 1001 996 1002
f 1003 997 992
f 1003 992 998
f 1004 998 993
f 1004 993 999
f 1005 999 994
f 1005 994 1000
f 1006 1000 995
f 1006 995 1001
f 1007 1001 1002
f 1007 1002 1008
f 1009 1003 998
f 1009 998 1004
f 1010 1004 999
f 1010 999 1005
f 1011 1005 1000
f 1011 1000 1006
f 1012 1006 1001
f 1012 1001 1007
f 1013 1007 1008
f 1013 1008 1014
f 1015 1009 1004
f 1015 1004 1010
f 1016 1010 1005
f 1016 1005 1011
f 1017 1011 1006
f 1017 1006 1012
f 1018 1012 1007
f 1018 1007 1013
f 1019 1013 1014
f 1019 1014 1020
f 1021 1019 1020
f 1021 1020 1022
f 1023 1019 1021
f 1024 1013 1019
f 1023 1024 1019
f 1024 1018 1013
f 1025 1024 1023
f 1025 1026 1024
f 1026 1018 1024
f 1027 1026 1025
f 1028 1012 1018
f 1026 1028 1018
f 1028 1017 1012
f 1027 1029 1026
f 1029 1028 1026
f 1030 1029 1027
f 1031 1017 1028
f 1029 1031 1028
f 1030 1032 1029
f 1032 1031 1029
f 1033 1032 1030
f 1031 1034 1017
f 1034 1011 1017
f 1034 1016 1011
f 1033 1035 1032
f 1036 1035 1033
f 1032 1037 1031
f 1037 1034 1031
f 1035 1037 1032
f 1038 1016 1034
f 1037 1038 1034
f 1036 1039 1035
f 1040 1039 1036
f 1035 1041 1037
f 1041 1038 1037
f 1039 1041 1035
f 1038 1042 1016
f 1042 1010 1016
f 1042 1015 1010
f 1040 1043 1039
f 1044 1043 1040
f 1039 1045 1041
f 1043 1045 1039
f 1041 1046 1038
f 1046 1042 1038
f 1045 1046 1041
f 1047 1015 1042
f 1046 1047 1042
f 1044 1048 1043
f 1049 1048 1044
f 1043 1050 1045
f 1048 1050 1043
f 1045 1051 1046
f 1051 1047 1046
f 1050 1051 1045
f 1047 1052 1015
f 1052 1009 1015
f 1049 1053 1048
f 1054 1053 1049
f 1048 1055 1050
f 1053 1055 1048
f 1051 1056 1047
f 1056 1052 1047
f 1050 1057 1051
f 1055 1057 1050
f 1057 1056 1051
f 1052 1058 1009
f 1058 1003 1009
f 1054 1059 1053
f 1060 1059 1054
f 1053 1061 1055
f 1059 1061 1053
f 1055 1062 1057
f 1061 1062 1055
f 1056 1063 1052
f 1063 1058 1052
f 1057 1064 1056
f 1062 1064 1057
f 1064 1063 1056
f 1058 1065 1003
f 1065 997 1003
f 1060 1066 1059
f 1067 1066 1060
f 1059 1068 1061
f 1066 1068 1059
f 1061 1069 1062
f 1068 1069 1061
f 1062 1070 1064
f 1069 1070 1062
f 1063 1071 1058
f 1071 1065 1058
f 1064 1072 1063
f 1070 1072 1064
f 1072 1071 1063
f 1067 1073 1066
f 1074 1073 1067
f 1066 1075 1068
f 1073 1075 1066
f 1068 1076 1069
f 1075 1076 1068
f 1069 1077 1070
f 1076 1077 1069
f 1070 1078 1072
f 1077 1078 1070
f 1072 1079 1071
f 1078 1079 1072
f 1074 1080 1073
f 1081 1080 1074
f 1073 1082 1075
f 1080 1082 1073
f 1075 1083 1076
f 1082 1083 1075
f 1076 1084 1077
f 1083 1084 1076
f 1077 1085 1078
f 1084 1085 1077
f 1081 1086 1080
f 1087 1086 1081
f 1080 1088 1082
f 1086 1088 1080
f 1082 1089 1083
f 1088 1089 1082
f 1083 1090 1084
f 1089 1090 1083
f 1087 1091 1086
f 1092 1091 1087
f 1086 1093 1088
f 1091 1093 1086
f 1088 1094 1089
f 1093 1094 1088
f 1092 1095 1091
f 1096 1095 1092
f 1091 1097 1093
f 1095 1097 1091
f 1096 1098 1095
f 1099 1098 1096
f 1090 1100 1084
f 1084 1100 1085
f 1089 1101 1090
f 1094 1101 1089
f 1093 1102 1094
f 1097 1102 1093
f 1095 1103 1097
f 1098 1103 1095
f 1099 1104 1098
f 1105 1104 1099
f 1090 1106 1100
f 1101 1106 1090
f 1094 1107 1101
f 1102 1107 1094
f 1097 1108 1102
f 1103 1108 1097
f 1098 1109 1103
f 1104 1109 1098
f 1105 1110 1104
f 1111 1110 1105
f 1101 1112 1106
f 1107 1112 1101
f 1102 1113 1107
f 1108 1113 1102
f 1103 1114 1108
f 1109 1114 1103
f 1104 1115 1109
f 1110 1115 1104
f 1111 1116 1110
f 1117 1116 1111
f 1107 1118 1112
f 1113 1118 1107
f 1108 1119 1113
f 1114 1119 1108
f 1109 1120 1114
f 1115 1120 1109
f 1110 1121 1115
f 1116 1121 1110
f 1117 1122 1116
f 1123 1122 1117
f 1113 1124 1118
f 1119 1124 1113
f 1114 1125 1119
f 1120 1125 1114
f 1115 1126 1120
f 1121 1126 1115
f 1116 1127 1121
f 1122 1127 1116
f 1123 1128 1122
f 1129 1128 1123
f 1119 1130 1124
f 1125 1130 1119
f 1120 1131 1125
f 1126 1131 1120
f 1121 1132 1126
f 1127 1132 1121
f 1122 1133 1127
f 1128 1133 1122
f 1129 1134 1128
f 1135 1134 1129
f 1125 1136 1130
f 1131 1136 1125
f 1126 1137 1131
f 1132 1137 1126
f 1127 1138 1132
f 1133 1138 1127
f 1128 1139 1133
f 1134 1139 1128
f 1135 1140 1134
f 1141 1140 1135
f 1131 1142 1136
f 1137 1142 1131
f 1132 1143 1137
f 1138 1143 1132
f 1133 1144 1138
f 1139 1144 1133
f 1134 1145 1139
f 1140 1145 1134
f 1141 1146 1140
f 1147 1146 1141
f 1137 1148 1142
f 1143 1148 1137
f 1138 1149 1143
f 1144 1149 1138
f 1139 1150 1144
f 1145 1150 1139
f 1140 1151 1145
f 1146 1151 1140
f 1147 1152 1146
f 1153 1152 1147
f 1143 1154 1148
f 1149 1154 1143
f 1144 1155 1149
f 1150 1155 1144
f 1145 1156 1150
f 1151 1156 1145
f 1146 1157 1151
f 1152 1157 1146
f 1153 1158 1152
f 1159 1158 1153
f 1149 1160 1154
f 1155 1160 1149
f 1150 1161 1155
f 1156 1161 1150
f 1151 1162 1156
f 1157 1162 1151
f 1152 1163 1157
f 1158 1163 1152
f 1159 1164 1158
f 1165 1164 1159
f 1155 1166 1160
f 1161 1166 1155
f 1156 1167 1161
f 1162 1167 1156
f 1157 1168 1162
f 1163 1168 1157
f 1158 1169 1163
f 1164 1169 1158
f 1165 1170 1164
f 1171 1170 1165
f 1161 1172 1166
f 1167 1172 1161
f 1162 1173 1167
f 1168 1173 1162
f 1163 1174 1168
f 1169 1174 1163
f 1164 1175 1169
f 1170 1175 1164
f 1171 1176 1170
f 1177 1176 1171
f 1177 1178 1176
f 1176 1179 1170
f 1170 1179 1175
f 1178 1180 1176
f 1176 1180 1179
f 1178 1181 1180
f 1175 1182 1169
f 1169 1182 1174
f 1174 1183 1168
f 1168 1183 1173
f 1179 1184 1175
f 1175 1184 1182
f 1181 1185 1180
f 1181 1186 1185
f 1180 1187 1179
f 1179 1187 1184
f 1180 1185 1187
f 1182 1188 1174
f 1174 1188 1183
f 1186 1189 1185
f 1186 1190 1189
f 1184 1191 1182
f 1182 1191 1188
f 1185 1192 1187
f 1185 1189 1192
f 1187 1193 1184
f 1184 1193 1191
f 1187 1192 1193
f 1190 1194 1189
f 1190 1195 1194
f 1189 1196 1192
f 1189 1194 1196
f 1192 1197 1193
f 1192 1196 1197
f 1193 1198 1191
f 1193 1197 1198
f 1191 1199 1188
f 1191 1198 1199
f 1195 1200 1194
f 1195 1201 1200
f 1194 1202 1196
f 1194 1200 1202
f 1196 1203 1197
f 1196 1202 1203
f 1197 1204 1198
f 1197 1203 1204
f 1201 1205 1200
f 1201 1206 1205
f 1200 1207 1202
f 1200 1205 1207
f 1202 1208 1203
f 1202 1207 1208
f 1206 1209 1205
f 1206 1210 1209
f 1205 1211 1207
f 1205 1209 1211
f 1210 1212 1209
f 1210 1213 1212
f 1198 1204 1214
f 1198 1214 1199
f 1203 1215 1204
f 1203 1208 1215
f 1207 1216 1208
f 1207 1211 1216
f 1209 1217 1211
f 1209 1212 1217
f 1213 1218 1212
f 1213 1219 1218
f 1204 1220 1214
f 1204 1215 1220
f 1208 1221 1215
f 1208 1216 1221
f 1211 1222 1216
f 1211 1217 1222
f 1212 1223 1217
f 1212 1218 1223
f 1219 1224 1218
f 1219 1225 1224
f 1215 1226 1220
f 1215 1221 1226
f 1216 1227 1221
f 1216 1222 1227
f 1217 1228 1222
f 1217 1223 1228
f 1218 1229 1223
f 1218 1224 1229
f 1225 1230 1224
f 1225 1231 1230
f 1221 1232 1226
f 1221 1227 1232
f 1222 1233 1227
f 1222 1228 1233
f 1223 1234 1228
f 1223 1229 1234
f 1224 1235 1229
f 1224 1230 1235
f 1231 1236 1230
f 1231 1237 1236
f 1227 1238 1232
f 1227 1233 1238
f 1228 1239 1233
f 1228 1234 1239
f 1229 1240 1234
f 1229 1235 1240
f 1230 1241 1235
f 1230 1236 1241
f 1237 1242 1236
f 1237 1243 1242
f 1233 1244 1238
f 1233 1239 1244
f 1234 1245 1239
f 1234 1240 1245
f 1235 1246 1240
f 1235 1241 1246
f 1236 1247 1241
f 1236 1242 1247
f 1243 1248 1242
f 1243 1249 1248
f 1239 1250 1244
f 1239 1245 1250
f 1240 1251 1245
f 1240 1246 1251
f 1241 1252 1246
f 1241 1247 1252
f 1242 1253 1247
f 1242 1248 1253
f 1249 1254 1248
f 1249 1255 1254
f 1245 1256 1250
f 1245 1251 1256
f 1246 1257 1251
f 1246 1252 1257
f 1247 1258 1252
f 1247 1253 1258
f 1248 1259 1253
f 1248 1254 1259
f 1255 1260 1254
f 1255 1261 1260
f 1251 1262 1256
f 1251 1257 1262
f 1252 1263 1257
f 1252 1258 1263
f 1253 1264 1258
f 1253 1259 1264
f 1254 1265 1259
f 1254 1260 1265
f 1261 1266 1260
f 1261 1267 1266
f 1257 1268 1262
f 1257 1263 1268
f 1258 1269 1263
f 1258 1264 1269
f 1259 1270 1264
f 1259 1265 1270
f 1260 1271 1265
f 1260 1266 1271
f 1267 1272 1266
f 1267 1273 1272
f 1263 1274 1268
f 1263 1269 1274
f 1264 1275 1269
f 1264 1270 1275
f 1265 1276 1270
f 1265 1271 1276
f 1266 1277 1271
f 1266 1272 1277
f 1273 1278 1272
f 1273 1279 1278
f 1269 1280 1274
f 1269 1275 1280
f 1270 1281 1275
f 1270 1276 1281
f 1271 1282 1276
f 1271 1277 1282
f 1272 1283 1277
f 1272 1278 1283
f 1279 1284 1278
f 1279 1285 1284
f 1275 1286 1280
f 1275 1281 1286
f 1276 1287 1281
f 1276 1282 1287
f 1277 1288 1282
f 1277 1283 1288
f 1278 1289 1283
f 1278 1284 1289
f 1285 1290 1284
f 1285 1291 1290
f 1281 1292 1286
f 1281 1287 1292
f 1282 1293 1287
f 1282 1288 1293
f 1283 1294 1288
f 1283 1289 1294
f 1284 1295 1289
f 1284 1290 1295
f 1291 1296 1290
f 1291 1297 1296
f 1287 1298 1292
f 1287 1293 1298
f 1288 1299 1293
f 1288 1294 1299
f 1289 1300 1294
f 1289 1295 1300
f 1290 1301 1295
f 1290 1296 1301
f 1297 1302 1296
f 1297 711 1302
f 711 710 1302
f 1296 1302 1303
f 1296 1303 1301
f 1302 710 1304
f 1302 1304 1303
f 710 714 1304
f 1295 1301 1305
f 1295 1305 1300
f 1294 1300 1306
f 1294 1306 1299
f 1301 1303 1307
f 1301 1307 1305
f 1304 714 1308
f 714 715 1308
f 1308 715 724
f 1303 1304 1309
f 1304 1308 1309
f 1303 1309 1307
f 1308 724 1310
f 1309 1308 1310
f 1310 724 739
f 1300 1305 1311
f 1300 1311 1306
f 1305 1307 1312
f 1305 1312 1311
f 1307 1309 1313
f 1309 1310 1313
f 1307 1313 1312
f 1310 739 1314
f 1313 1310 1314
f 1314 739 745
f 1312 1313 1315
f 1313 1314 1315
f 1314 745 1316
f 1315 1314 1316
f 1316 745 751
f 1311 1312 1317
f 1312 1315 1317
f 1306 1311 1318
f 1311 1317 1318
f 1315 1316 1319
f 1317 1315 1319
f 1316 751 1320
f 1319 1316 1320
f 1320 751 757
f 1317 1319 1321
f 1318 1317 1321
f 1306 1318 1322
f 1299 1306 1322
f 1319 1320 1323
f 1321 1319 1323
f 1320 757 1324
f 1323 1320 1324
f 1324 757 763
f 1318 1321 1325
f 1322 1318 1325
f 1299 1322 1326
f 1293 1299 1326
f 1293 1326 1298
f 1321 1323 1327
f 1325 1321 1327
f 1323 1324 1328
f 1327 1323 1328
f 1324 763 1329
f 1328 1324 1329
f 1329 763 769
f 1326 1322 1330
f 1322 1325 1330
f 1298 1326 1331
f 1326 1330 1331
f 1325 1327 1332
f 1330 1325 1332
f 1327 1328 1333
f 1332 1327 1333
f 1328 1329 1334
f 1333 1328 1334
f 1329 769 1335
f 1334 1329 1335
f 1335 769 775
f 1330 1332 1336
f 1331 1330 1336
f 1298 1331 1337
f 1292 1298 1337
f 1332 1333 1338
f 1336 1332 1338
f 1333 1334 1339
f 1338 1333 1339
f 1334 1335 1340
f 1339 1334 1340
f 1335 775 1341
f 1340 1335 1341
f 1341 775 781
f 1331 1336 1342
f 1337 1331 1342
f 1292 1337 1343
f 1286 1292 1343
f 1336 1338 1344
f 1342 1336 1344
f 1338 1339 1345
f 1344 1338 1345
f 1339 1340 1346
f 1345 1339 1346
f 1340 1341 1347
f 1346 1340 1347
f 1341 781 1348
f 1347 1341 1348
f 1348 781 787
f 1348 787 1349
f 1349 787 793
f 1347 1348 1350
f 1350 1348 1349
f 1346 1347 1351
f 1351 1347 1350
f 1345 1346 1352
f 1352 1346 1351
f 1344 1345 1353
f 1353 1345 1352
f 1349 793 1354
f 1354 793 799
f 1350 1349 1355
f 1355 1349 1354
f 1351 1350 1356
f 1356 1350 1355
f 1352 1351 1357
f 1357 1351 1356
f 1354 799 1358
f 1358 799 805
f 1355 1354 1359
f 1359 1354 1358
f 1356 1355 1360
f 1360 1355 1359
f 1358 805 1361
f 1361 805 811
f 1359 1358 1362
f 1362 1358 1361
f 1361 811 1363
f 1363 811 817
f 1364 1352 1357
f 1353 1352 1364
f 1357 1356 1365
f 1365 1356 1360
f 1360 1359 1366
f 1366 1359 1362
f 1362 1361 1367
f 1367 1361 1363
f 1363 817 1368
f 1368 817 823
f 1364 1357 1369
f 1369 1357 1365
f 1365 1360 1370
f 1370 1360 1366
f 1366 1362 1371
f 1371 1362 1367
f 1367 1363 1372
f 1372 1363 1368
f 1368 823 1373
f 1373 823 829
f 1369 1365 1374
f 1374 1365 1370
f 1370 1366 1375
f 1375 1366 1371
f 1371 1367 1376
f 1376 1367 1372
f 1372 1368 1377
f 1377 1368 1373
f 1373 829 1378
f 1378 829 835
f 1374 1370 1379
f 1379 1370 1375
f 1375 1371 1380
f 1380 1371 1376
f 1376 1372 1381
f 1381 1372 1377
f 1377 1373 1382
f 1382 1373 1378
f 1378 835 1383
f 1383 835 841
f 1379 1375 1384
f 1384 1375 1380
f 1380 1376 1385
f 1385 1376 1381
f 1381 1377 1386
f 1386 1377 1382
f 1382 1378 1387
f 1387 1378 1383
f 1383 841 1388
f 1388 841 847
f 1384 1380 1389
f 1389 1380 1385
f 1385 1381 1390
f 1390 1381 1386
f 1386 1382 1391
f 1391 1382 1387
f 1387 1383 1392
f 1392 1383 1388
f 1389 1385 1393
f 1393 1385 1390
f 1390 1386 1394
f 1394 1386 1391
f 1391 1387 1395
f 1395 1387 1392
f 1393 1390 1396
f 1396 1390 1394
f 1394 1391 1397
f 1397 1391 1395
f 1396 1394 1398
f 1398 1394 1397
f 1392 1388 1399
f 1395 1392 1400
f 1400 1392 1399
f 1397 1395 1401
f 1401 1395 1400
f 1398 1397 1402
f 1402 1397 1401
f 1399 1388 1403
f 1388 847 1403
f 1403 847 1404
f 847 842 1404
f 1404 842 848
f 1404 848 1405
f 1405 848 858
f 1403 1404 1406
f 1406 1404 1405
f 1399 1403 1407
f 1407 1403 1406
f 1400 1399 1408
f 1408 1399 1407
f 1401 1400 1409
f 1409 1400 1408
f 1405 858 1410
f 1410 858 863
f 1410 863 874
f 1406 1405 1411
f 1411 1405 1410
f 1412 1410 874
f 1411 1410 1412
f 1412 874 889
f 1407 1406 1413
f 1413 1406 1411
f 1408 1407 1414
f 1414 1407 1413
f 1415 1411 1412
f 1413 1411 1415
f 1416 1412 889
f 1415 1412 1416
f 1416 889 895
f 1417 1413 1415
f 1414 1413 1417
f 1418 1408 1414
f 1409 1408 1418
f 1419 1416 895
f 1419 895 901
f 1420 1415 1416
f 1417 1415 1420
f 1420 1416 1419
f 1421 1414 1417
f 1418 1414 1421
f 1422 1419 901
f 1422 901 907
f 1423 1420 1419
f 1423 1419 1422
f 1424 1417 1420
f 1421 1417 1424
f 1424 1420 1423
f 1425 1422 907
f 1425 907 913
f 1426 1423 1422
f 1426 1422 1425
f 1427 1424 1423
f 1427 1423 1426
f 1428 1421 1424
f 1428 1424 1427
f 1429 1418 1421
f 1429 1421 1428
f 1430 1425 913
f 1430 913 919
f 1431 1426 1425
f 1431 1425 1430
f 1432 1427 1426
f 1432 1426 1431
f 1433 1428 1427
f 1433 1427 1432
f 1434 1430 919
f 1434 919 925
f 1435 1431 1430
f 1435 1430 1434
f 1436 1432 1431
f 1436 1431 1435
f 1437 1434 925
f 1437 925 931
f 1438 1435 1434
f 1438 1434 1437
f 1439 1437 931
f 1439 931 937
f 1440 1428 1433
f 1440 1429 1428
f 1441 1433 1432
f 1441 1432 1436
f 1442 1436 1435
f 1442 1435 1438
f 1443 1438 1437
f 1443 1437 1439
f 1444 1439 937
f 1444 937 943
f 1445 1440 1433
f 1445 1433 1441
f 1446 1441 1436
f 1446 1436 1442
f 1447 1442 1438
f 1447 1438 1443
f 1448 1443 1439
f 1448 1439 1444
f 1449 1444 943
f 1449 943 949
f 1450 1445 1441
f 1450 1441 1446
f 1451 1446 1442
f 1451 1442 1447
f 1452 1447 1443
f 1452 1443 1448
f 1453 1448 1444
f 1453 1444 1449
f 1454 1449 949
f 1454 949 955
f 1455 1450 1446
f 1455 1446 1451
f 1456 1451 1447
f 1456 1447 1452
f 1457 1452 1448
f 1457 1448 1453
f 1458 1453 1449
f 1458 1449 1454
f 1459 1454 955
f 1459 955 961
f 1460 1455 1451
f 1460 1451 1456
f 1461 1456 1452
f 1461 1452 1457
f 1462 1457 1453
f 1462 1453 1458
f 1463 1458 1454
f 1463 1454 1459
f 1464 1459 961
f 1464 961 967
f 1465 1460 1456
f 1465 1456 1461
f 1466 1461 1457
f 1466 1457 1462
f 1467 1462 1458
f 1467 1458 1463
f 1468 1463 1459
f 1468 1459 1464
f 1469 1464 967
f 1469 967 973
f 1470 1465 1461
f 1470 1461 1466
f 1471 1466 1462
f 1471 1462 1467
f 1472 1467 1463
f 1472 1463 1468
f 1473 1468 1464
f 1473 1464 1469
f 1474 1469 973
f 1474 973 979
f 1475 1470 1466
f 1475 1466 1471
f 1476 1471 1467
f 1476 1467 1472
f 1477 1472 1468
f 1477 1468 1473
f 1478 1473 1469
f 1478 1469 1474
f 1479 1474 979
f 1479 979 985
f 1480 1475 1471
f 1480 1471 1476
f 1481 1476 1472
f 1481 1472 1477
f 1482 1477 1473
f 1482 1473 1478
f 1483 1478 1474
f 1483 1474 1479
f 1484 1479 985
f 1484 985 991
f 1485 1480 1476
f 1485 1476 1481
f 1486 1481 1477
f 1486 1477 1482
f 1487 1482 1478
f 1487 1478 1483
f 1488 1483 1479
f 1488 1479 1484
f 1489 1484 991
f 1489 991 997
f 1065 1489 997
f 1490 1484 1489
f 1490 1488 1484
f 1491 1489 1065
f 1491 1490 1489
f 1071 1491 1065
f 1079 1491 1071
f 1492 1483 1488
f 1492 1487 1483
f 1493 1482 1487
f 1493 1486 1482
f 1494 1490 1491
f 1079 1494 1491
f 1495 1488 1490
f 1495 1492 1488
f 1494 1495 1490
f 1496 1487 1492
f 1496 1493 1487
f 1497 1494 1079
f 1078 1497 1079
f 1085 1497 1078
f 1498 1495 1494
f 1497 1498 1494
f 1499 1492 1495
f 1499 1496 1492
f 1498 1499 1495
f 1085 1500 1497
f 1500 1498 1497
f 1100 1500 1085
f 1501 1499 1498
f 1500 1501 1498
f 1100 1502 1500
f 1502 1501 1500
f 1106 1502 1100
f 1503 1496 1499
f 1501 1503 1499
f 1106 1504 1502
f 1112 1504 1106
f 1502 1505 1501
f 1505 1503 1501
f 1504 1505 1502
f 1503 1506 1496
f 1506 1493 1496
f 1112 1507 1504
f 1118 1507 1112
f 1505 1508 1503
f 1508 1506 1503
f 1504 1509 1505
f 1507 1509 1504
f 1509 1508 1505
f 1506 1510 1493
f 1510 1486 1493
f 1118 1511 1507
f 1124 1511 1118
f 1507 1512 1509
f 1511 1512 1507
f 1509 1513 1508
f 1512 1513 1509
f 1508 1514 1506
f 1514 1510 1506
f 1513 1514 1508
f 1510 1515 1486
f 1515 1481 1486
f 1515 1485 1481
f 1124 1516 1511
f 1130 1516 1124
f 1511 1517 1512
f 1516 1517 1511
f 1512 1518 1513
f 1517 1518 1512
f 1514 1519 1510
f 1519 1515 1510
f 1513 1520 1514
f 1518 1520 1513
f 1520 1519 1514
f 1521 1485 1515
f 1519 1521 1515
f 1130 1522 1516
f 1136 1522 1130
f 1516 1523 1517
f 1522 1523 1516
f 1517 1524 1518
f 1523 1524 1517
f 1518 1525 1520
f 1524 1525 1518
f 1520 1526 1519
f 1526 1521 1519
f 1525 1526 1520
f 1521 1527 1485
f 1527 1480 1485
f 1136 1528 1522
f 1142 1528 1136
f 1522 1529 1523
f 1528 1529 1522
f 1523 1530 1524
f 1529 1530 1523
f 1524 1531 1525
f 1530 1531 1524
f 1525 1532 1526
f 1531 1532 1525
f 1526 1533 1521
f 1532 1533 1526
f 1533 1527 1521
f 1142 1534 1528
f 1148 1534 1142
f 1528 1535 1529
f 1534 1535 1528
f 1529 1536 1530
f 1535 1536 1529
f 1530 1537 1531
f 1536 1537 1530
f 1531 1538 1532
f 1537 1538 1531
f 1532 1539 1533
f 1538 1539 1532
f 1533 1540 1527
f 1539 1540 1533
f 1148 1541 1534
f 1154 1541 1148
f 1534 1542 1535
f 1541 1542 1534
f 1535 1543 1536
f 1542 1543 1535
f 1536 1544 1537
f 1543 1544 1536
f 1537 1545 1538
f 1544 1545 1537
f 1538 1546 1539
f 1545 1546 1538
f 1154 1547 1541
f 1160 1547 1154
f 1541 1548 1542
f 1547 1548 1541
f 1542 1549 1543
f 1548 1549 1542
f 1543 1550 1544
f 1549 1550 1543
f 1544 1551 1545
f 1550 1551 1544
f 1160 1552 1547
f 1166 1552 1160
f 1547 1553 1548
f 1552 1553 1547
f 1548 1554 1549
f 1553 1554 1548
f 1549 1555 1550
f 1554 1555 1549
f 1166 1556 1552
f 1172 1556 1166
f 1552 1557 1553
f 1556 1557 1552
f 1553 1558 1554
f 1557 1558 1553
f 1550 1559 1551
f 1555 1559 1550
f 1554 1560 1555
f 1558 1560 1554
f 1555 1561 1559
f 1560 1561 1555
f 1172 1562 1556
f 1556 1563 1557
f 1562 1563 1556
f 1557 1564 1558
f 1563 1564 1557
f 1558 1565 1560
f 1564 1565 1558
f 1560 1566 1561
f 1565 1566 1560
f 1567 1562 1172
f 1167 1567 1172
f 1173 1567 1167
f 1173 1568 1567
f 1183 1568 1173
f 1567 1569 1562
f 1568 1569 1567
f 1562 1570 1563
f 1569 1570 1562
f 1563 1571 1564
f 1570 1571 1563
f 1564 1572 1565
f 1571 1572 1564
f 1183 1573 1568
f 1188 1573 1183
f 1188 1199 1573
f 1568 1574 1569
f 1573 1574 1568
f 1199 1575 1573
f 1573 1575 1574
f 1199 1214 1575
f 1569 1576 1570
f 1574 1576 1569
f 1570 1577 1571
f 1576 1577 1570
f 1214 1578 1575
f 1214 1220 1578
f 1575 1579 1574
f 1574 1579 1576
f 1575 1578 1579
f 1220 1580 1578
f 1220 1226 1580
f 1579 1581 1576
f 1576 1581 1577
f 1578 1582 1579
f 1578 1580 1582
f 1579 1582 1581
f 1577 1583 1571
f 1571 1583 1572
f 1226 1584 1580
f 1226 1232 1584
f 1580 1585 1582
f 1580 1584 1585
f 1582 1586 1581
f 1582 1585 1586
f 1581 1587 1577
f 1577 1587 1583
f 1581 1586 1587
f 1232 1588 1584
f 1232 1238 1588
f 1584 1589 1585
f 1584 1588 1589
f 1585 1590 1586
f 1585 1589 1590
f 1586 1591 1587
f 1586 1590 1591
f 1587 1592 1583
f 1587 1591 1592
f 1238 1593 1588
f 1238 1244 1593
f 1588 1594 1589
f 1588 1593 1594
f 1589 1595 1590
f 1589 1594 1595
f 1590 1596 1591
f 1590 1595 1596
f 1244 1597 1593
f 1244 1250 1597
f 1593 1598 1594
f 1593 1597 1598
f 1594 1599 1595
f 1594 1598 1599
f 1250 1600 1597
f 1250 1256 1600
f 1597 1601 1598
f 1597 1600 1601
f 1256 1602 1600
f 1256 1262 1602
f 1591 1596 1603
f 1591 1603 1592
f 1595 1604 1596
f 1595 1599 1604
f 1598 1605 1599
f 1598 1601 1605
f 1600 1606 1601
f 1600 1602 1606
f 1262 1607 1602
f 1262 1268 1607
f 1596 1608 1603
f 1596 1604 1608
f 1599 1609 1604
f 1599 1605 1609
f 1601 1610 1605
f 1601 1606 1610
f 1602 1611 1606
f 1602 1607 1611
f 1268 1612 1607
f 1268 1274 1612
f 1604 1613 1608
f 1604 1609 1613
f 1605 1614 1609
f 1605 1610 1614
f 1606 1615 1610
f 1606 1611 1615
f 1607 1616 1611
f 1607 1612 1616
f 1274 1617 1612
f 1274 1280 1617
f 1609 1618 1613
f 1609 1614 1618
f 1610 1619 1614
f 1610 1615 1619
f 1611 1620 1615
f 1611 1616 1620
f 1612 1621 1616
f 1612 1617 1621
f 1280 1622 1617
f 1280 1286 1622
f 1286 1343 1622
f 1617 1622 1623
f 1617 1623 1621
f 1616 1621 1624
f 1616 1624 1620
f 1615 1620 1625
f 1615 1625 1619
f 1622 1343 1626
f 1622 1626 1623
f 1621 1623 1627
f 1621 1627 1624
f 1620 1624 1628
f 1620 1628 1625
f 1343 1629 1626
f 1343 1337 1629
f 1337 1342 1629
f 1623 1626 1630
f 1623 1630 1627
f 1624 1627 1631
f 1624 1631 1628
f 1629 1342 1632
f 1342 1344 1632
f 1632 1344 1353
f 1626 1629 1633
f 1629 1632 1633
f 1626 1633 1630
f 1632 1353 1634
f 1633 1632 1634
f 1634 1353 1364
f 1627 1630 1635
f 1627 1635 1631
f 1630 1633 1636
f 1633 1634 1636
f 1630 1636 1635
f 1634 1364 1637
f 1636 1634 1637
f 1637 1364 1369
f 1635 1636 1638
f 1636 1637 1638
f 1637 1369 1639
f 1638 1637 1639
f 1639 1369 1374
f 1631 1635 1640
f 1635 1638 1640
f 1639 1374 1641
f 1641 1374 1379
f 1638 1639 1642
f 1640 1638 1642
f 1642 1639 1641
f 1631 1640 1643
f 1628 1631 1643
f 1641 1379 1644
f 1644 1379 1384
f 1642 1641 1645
f 1645 1641 1644
f 1640 1642 1646
f 1643 1640 1646
f 1646 1642 1645
f 1628 1643 1647
f 1625 1628 1647
f 1644 1384 1648
f 1648 1384 1389
f 1643 1646 1649
f 1647 1643 1649
f 1646 1645 1650
f 1649 1646 1650
f 1645 1644 1651
f 1651 1644 1648
f 1650 1645 1651
f 1625 1647 1652
f 1619 1625 1652
f 1648 1389 1653
f 1653 1389 1393
f 1647 1649 1654
f 1652 1647 1654
f 1649 1650 1655
f 1654 1649 1655
f 1651 1648 1656
f 1656 1648 1653
f 1650 1651 1657
f 1655 1650 1657
f 1657 1651 1656
f 1619 1652 1658
f 1614 1619 1658
f 1614 1658 1618
f 1653 1393 1659
f 1659 1393 1396
f 1656 1653 1660
f 1660 1653 1659
f 1657 1656 1661
f 1661 1656 1660
f 1655 1657 1662
f 1662 1657 1661
f 1658 1652 1663
f 1652 1654 1663
f 1654 1655 1664
f 1664 1655 1662
f 1663 1654 1664
f 1618 1658 1665
f 1658 1663 1665
f 1659 1396 1666
f 1666 1396 1398
f 1660 1659 1667
f 1667 1659 1666
f 1661 1660 1668
f 1668 1660 1667
f 1662 1661 1669
f 1669 1661 1668
f 1663 1664 1670
f 1665 1663 1670
f 1664 1662 1671
f 1671 1662 1669
f 1670 1664 1671
f 1666 1398 1672
f 1672 1398 1402
f 1667 1666 1673
f 1673 1666 1672
f 1668 1667 1674
f 1674 1667 1673
f 1669 1668 1675
f 1675 1668 1674
f 1671 1669 1676
f 1676 1669 1675
f 1670 1671 1677
f 1677 1671 1676
f 1678 1670 1677
f 1665 1670 1678
f 1679 1665 1678
f 1618 1665 1679
f 1613 1618 1679
f 1613 1679 1680
f 1608 1613 1680
f 1679 1678 1681
f 1680 1679 1681
f 1678 1677 1682
f 1681 1678 1682
f 1677 1676 1683
f 1682 1677 1683
f 1676 1675 1684
f 1683 1676 1684
f 1608 1680 1685
f 1603 1608 1685
f 1680 1681 1686
f 1685 1680 1686
f 1681 1682 1687
f 1686 1681 1687
f 1682 1683 1688
f 1687 1682 1688
f 1603 1685 1689
f 1592 1603 1689
f 1685 1686 1690
f 1689 1685 1690
f 1686 1687 1691
f 1690 1686 1691
f 1592 1689 1692
f 1583 1592 1692
f 1583 1692 1572
f 1689 1690 1693
f 1692 1689 1693
f 1572 1692 1694
f 1692 1693 1694
f 1572 1694 1565
f 1565 1694 1566
f 1693 1690 1695
f 1690 1691 1695
f 1694 1693 1696
f 1694 1696 1566
f 1693 1695 1696
f 1691 1687 1697
f 1687 1688 1697
f 1566 1696 1698
f 1566 1698 1561
f 1696 1695 1699
f 1696 1699 1698
f 1695 1691 1700
f 1691 1697 1700
f 1695 1700 1699
f 1561 1698 1701
f 1561 1701 1559
f 1698 1699 1702
f 1698 1702 1701
f 1699 1700 1703
f 1699 1703 1702
f 1700 1697 1704
f 1700 1704 1703
f 1697 1688 1705
f 1697 1705 1704
f 1559 1701 1706
f 1559 1706 1551
f 1701 1702 1707
f 1701 1707 1706
f 1702 1703 1708
f 1702 1708 1707
f 1703 1704 1709
f 1703 1709 1708
f 1551 1706 1710
f 1551 1710 1545
f 1545 1710 1546
f 1706 1707 1711
f 1706 1711 1710
f 1707 1708 1712
f 1707 1712 1711
f 1710 1713 1546
f 1710 1711 1713
f 1704 1714 1709
f 1704 1705 1714
f 1708 1709 1715
f 1708 1715 1712
f 1711 1712 1716
f 1711 1716 1713
f 1546 1713 1717
f 1546 1717 1539
f 1539 1717 1540
f 1713 1718 1717
f 1713 1716 1718
f 1712 1719 1716
f 1712 1715 1719
f 1709 1720 1715
f 1709 1714 1720
f 1717 1721 1540
f 1717 1718 1721
f 1716 1722 1718
f 1716 1719 1722
f 1715 1723 1719
f 1715 1720 1723
f 1540 1721 1724
f 1540 1724 1527
f 1527 1724 1480
f 1724 1475 1480
f 1724 1725 1475
f 1721 1725 1724
f 1725 1470 1475
f 1718 1726 1721
f 1721 1726 1725
f 1718 1722 1726
f 1725 1727 1470
f 1726 1727 1725
f 1727 1465 1470
f 1722 1728 1726
f 1726 1728 1727
f 1727 1729 1465
f 1728 1729 1727
f 1729 1460 1465
f 1722 1730 1728
f 1719 1730 1722
f 1719 1723 1730
f 1728 1731 1729
f 1730 1731 1728
f 1729 1732 1460
f 1731 1732 1729
f 1732 1455 1460
f 1723 1733 1730
f 1730 1733 1731
f 1732 1734 1455
f 1734 1450 1455
f 1731 1735 1732
f 1733 1735 1731
f 1735 1734 1732
f 1723 1736 1733
f 1720 1736 1723
f 1734 1737 1450
f 1737 1445 1450
f 1733 1738 1735
f 1736 1738 1733
f 1735 1739 1734
f 1739 1737 1734
f 1738 1739 1735
f 1720 1740 1736
f 1714 1740 1720
f 1737 1741 1445
f 1741 1440 1445
f 1736 1742 1738
f 1740 1742 1736
f 1738 1743 1739
f 1742 1743 1738
f 1739 1744 1737
f 1744 1741 1737
f 1743 1744 1739
f 1714 1745 1740
f 1705 1745 1714
f 1741 1746 1440
f 1746 1429 1440
f 1740 1747 1742
f 1745 1747 1740
f 1742 1748 1743
f 1747 1748 1742
f 1744 1749 1741
f 1749 1746 1741
f 1743 1750 1744
f 1748 1750 1743
f 1750 1749 1744
f 1705 1751 1745
f 1688 1751 1705
f 1688 1683 1751
f 1683 1684 1751
f 1751 1752 1745
f 1745 1752 1747
f 1751 1684 1752
f 1747 1753 1748
f 1752 1753 1747
f 1684 1754 1752
f 1752 1754 1753
f 1684 1675 1754
f 1675 1674 1754
f 1754 1674 1755
f 1754 1755 1753
f 1674 1673 1755
f 1753 1756 1748
f 1753 1755 1756
f 1748 1756 1750
f 1755 1673 1757
f 1755 1757 1756
f 1673 1672 1757
f 1756 1758 1750
f 1756 1757 1758
f 1750 1758 1749
f 1757 1672 1759
f 1757 1759 1758
f 1672 1402 1759
f 1758 1760 1749
f 1758 1759 1760
f 1749 1760 1746
f 1759 1402 1761
f 1759 1761 1760
f 1402 1401 1761
f 1761 1401 1409
f 1760 1762 1746
f 1760 1761 1762
f 1761 1409 1762
f 1746 1762 1429
f 1762 1409 1418
f 1762 1418 1429
v 21.89748 -9.933308 132.9416
v 21.8662 -10.19394 128.9498
v 19.28634 -9.570066 124.8474
v 14.54356 -9.942231 142.3584
v 33.91532 -10.01321 132.8078
v 23.89198 -9.945992 146.548
v 11.89818 -9.624475 124.3895
v 13.48319 -10.37463 145.6246
v 11.49791 -10.21354 148.4412
v 6.075434 -9.341024 121.4454
v 13.07367 -9.59737 110.3874
v 21.658 -9.740385 109.9166
v 7.159241 -9.121322 106.6571
v 10.0906 -9.819431 149.3729
v 18.96561 -10.23387 156.0896
v 14.52513 -10.50203 158.3688
v 6.330502 -9.844527 148.1713
v 3.586119 -9.519855 117.2416
v -1.219565 -9.169991 106.2851
v 2.694825 -10.39544 150.8343
v -0.8340889 -9.394728 117.3108
v -9.672168 -9.27957 106.6375
v -6.012799 -9.463861 118.8448
v -0.442356 -10.32473 150.628
v 4.707472 -10.5743 160.0324
v -1.491559 -10.36628 160.0051
v -2.905654 -9.886935 150.0543
v -5.479487 -9.84788 148.5403
v -11.28818 -9.492182 121.3224
v -14.3243 -9.700997 144.1109
v -15.45 -9.11105 111.8203
v -9.672168 -9.27957 106.6375
v -16.94801 -9.187224 122.2508
v -22.44583 -9.20368 114.3867
v -15.45 -9.11105 111.8203
v -17.52849 -9.927147 127.6345
v -18.95813 -9.284463 140.6254
v -19.55083 -9.491239 133.5847
v -20.93501 -9.498535 137.4414
v -19.12696 -28.70188 159.9597
v -14.77648 -17.4345 152.6374
v -15.73205 -17.13018 150.4204
v -23.12844 -28.41483 153.1371
v 8.992899 -27.25648 100.716
v 8.769855 -16.97414 111.1373
v 14.17547 -17.30527 114.7022
v 13.41749 -27.63347 109.358
v -33.22299 -27.9648 131.0962
v -27.79887 -16.59253 131.5041
v -25.5571 -16.38639 122.6139
v -30.04404 -27.71244 121.3742
v -33.51445 -28.09178 109.5459
v -27.17245 -16.90658 115.5967
v -15.65709 -18.82573 114.7838
v -20.49331 -29.36359 107.7701
v 13.41749 -27.63347 109.358
v 14.17547 -17.30527 114.7022
v 20.60055 -17.33027 121.8396
v 21.97142 -27.52898 112.7459
v -30.04404 -27.71244 121.3742
v -25.5571 -16.38639 122.6139
v -27.17245 -16.90658 115.5967
v -33.51445 -28.09178 109.5459
v 30.87844 -28.49155 160.6896
v 21.35161 -17.43053 150.9554
v 14.88145 -17.51893 155.1713
v 22.32824 -28.86323 165.3701
v 22.32824 -28.86323 165.3701
v 14.88145 -17.51893 155.1713
v 7.101089 -17.47311 152.5398
v 12.36066 -28.89239 161.8635
v 36.39655 -27.327 112.8294
v 33.11798 -17.3064 122.6142
v 32.04801 -16.88265 125.9597
v 37.38531 -28.15493 124.4242
v 21.97142 -27.52898 112.7459
v 20.60055 -17.33027 121.8396
v 33.11798 -17.3064 122.6142
v 36.39655 -27.327 112.8294
v 12.36066 -28.89239 161.8635
v 7.101089 -17.47311 152.5398
v 0.08491552 -17.54593 157.8636
v 3.50781 -28.84077 168.9994
v 37.38531 -28.15493 124.4242
v 32.04801 -16.88265 125.9597
v 30.18459 -17.36878 130.7883
v 38.38795 -28.10188 133.1895
v -36.79007 -27.95578 139.1797
v -30.65162 -16.75657 138.6631
v -27.79887 -16.59253 131.5041
v -33.22299 -27.9648 131.0962
v -1.887163 -27.58863 101.7787
v -1.291727 -16.93439 111.0011
v 8.769855 -16.97414 111.1373
v 8.992899 -27.25648 100.716
v 37.36436 -28.417 151.0511
v 26.44136 -17.28908 143.4728
v 21.35161 -17.43053 150.9554
v 30.87844 -28.49155 160.6896
v -13.24186 -28.67978 165.8182
v -9.554597 -17.31159 155.9257
v -14.77648 -17.4345 152.6374
v -19.12696 -28.70188 159.9597
v -31.26122 -28.44388 145.9398
v -22.11221 -17.12508 144.6433
v -30.65162 -16.75657 138.6631
v -36.79007 -27.95578 139.1797
v -12.12713 -27.15644 103.5291
v -10.08581 -16.9992 114.2538
v -1.291727 -16.93439 111.0011
v -1.887163 -27.58863 101.7787
v 39.93017 -28.3357 142.0385
v 28.23693 -17.19938 136.4118
v 26.44136 -17.28908 143.4728
v 37.36436 -28.417 151.0511
v -6.298401 -28.86352 167.7861
v -4.5699 -17.56896 157.0001
v -9.554597 -17.31159 155.9257
v -13.24186 -28.67978 165.8182
v -23.12844 -28.41483 153.1371
v -15.73205 -17.13018 150.4204
v -22.11221 -17.12508 144.6433
v -31.26122 -28.44388 145.9398
v -20.49331 -29.36359 107.7701
v -15.65709 -18.82573 114.7838
v -10.08581 -16.9992 114.2538
v -12.12713 -27.15644 103.5291
v 38.38795 -28.10188 133.1895
v 30.18459 -17.36878 130.7883
v 28.23693 -17.19938 136.4118
v 39.93017 -28.3357 142.0385
v 3.50781 -28.84077 168.9994
v 0.08491552 -17.54593 157.8636
v -4.5699 -17.56896 157.0001
v -6.298401 -28.86352 167.7861
v 32.04801 -16.88265 125.9597
v 34.52703 -9.54852 125.6221
v 33.91532 -10.01321 132.8078
v 30.18459 -17.36878 130.7883
v 7.101089 -17.47311 152.5398
v 9.373857 -10.62308 156.4802
v 4.707472 -10.5743 160.0324
v 0.08491552 -17.54593 157.8636
v 20.60055 -17.33027 121.8396
v 21.658 -9.740385 109.9166
v 30.74551 -9.652586 115.1989
v 33.11798 -17.3064 122.6142
v 33.11798 -17.3064 122.6142
v 30.74551 -9.652586 115.1989
v 34.52703 -9.54852 125.6221
v 32.04801 -16.88265 125.9597
v 14.88145 -17.51893 155.1713
v 14.52513 -10.50203 158.3688
v 9.373857 -10.62308 156.4802
v 7.101089 -17.47311 152.5398
v 21.35161 -17.43053 150.9554
v 18.96561 -10.23387 156.0896
v 14.52513 -10.50203 158.3688
v 14.88145 -17.51893 155.1713
v -25.5571 -16.38639 122.6139
v -29.18158 -9.573832 120.1701
v -22.44583 -9.20368 114.3867
v -27.17245 -16.90658 115.5967
v 14.17547 -17.30527 114.7022
v 13.07367 -9.59737 110.3874
v 21.658 -9.740385 109.9166
v 20.60055 -17.33027 121.8396
v -27.17245 -16.90658 115.5967
v -22.44583 -9.20368 114.3867
v -15.45 -9.11105 111.8203
v -15.65709 -18.82573 114.7838
v -27.79887 -16.59253 131.5041
v -31.15194 -9.619484 132.0165
v -29.18158 -9.573832 120.1701
v -25.5571 -16.38639 122.6139
v 8.769855 -16.97414 111.1373
v 7.159241 -9.121322 106.6571
v 13.07367 -9.59737 110.3874
v 14.17547 -17.30527 114.7022
v -14.77648 -17.4345 152.6374
v -9.88131 -10.24454 156.5799
v -22.21304 -10.26023 149.9652
v -15.73205 -17.13018 150.4204
v -30.65162 -16.75657 138.6631
v -33.28723 -9.884291 138.6381
v -31.15194 -9.619484 132.0165
v -27.79887 -16.59253 131.5041
v -1.291727 -16.93439 111.0011
v -1.219565 -9.169991 106.2851
v 7.159241 -9.121322 106.6571
v 8.769855 -16.97414 111.1373
v 26.44136 -17.28908 143.4728
v 21.85187 -10.43711 150.8897
v 18.96561 -10.23387 156.0896
v 21.35161 -17.43053 150.9554
v -9.554597 -17.31159 155.9257
v -5.963585 -10.24904 159.0654
v -9.88131 -10.24454 156.5799
v -14.77648 -17.4345 152.6374
v -22.11221 -17.12508 144.6433
v -29.618 -10.00004 144.6964
v -33.28723 -9.884291 138.6381
v -30.65162 -16.75657 138.6631
v -10.08581 -16.9992 114.2538
v -9.672168 -9.27957 106.6375
v -1.219565 -9.169991 106.2851
v -1.291727 -16.93439 111.0011
v 28.23693 -17.19938 136.4118
v 23.89198 -9.945992 146.548
v 21.85187 -10.43711 150.8897
v 26.44136 -17.28908 143.4728
v -4.5699 -17.56896 157.0001
v -1.491559 -10.36628 160.0051
v -5.963585 -10.24904 159.0654
v -9.554597 -17.31159 155.9257
v -15.73205 -17.13018 150.4204
v -22.21304 -10.26023 149.9652
v -29.618 -10.00004 144.6964
v -22.11221 -17.12508 144.6433
v -15.65709 -18.82573 114.7838
v -15.45 -9.11105 111.8203
v -9.672168 -9.27957 106.6375
v -10.08581 -16.9992 114.2538
v 30.18459 -17.36878 130.7883
v 33.91532 -10.01321 132.8078
v 23.89198 -9.945992 146.548
v 28.23693 -17.19938 136.4118
v 0.08491552 -17.54593 157.8636
v 4.707472 -10.5743 160.0324
v -1.491559 -10.36628 160.0051
v -4.5699 -17.56896 157.0001
v 4.302557 -71.47163 182.3516
v 3.999189 -40.57507 178.3478
v -9.455754 -40.55791 176.891
v -11.1218 -71.61211 180.2507
v 54.78472 -70.55316 132.9196
v 49.87755 -39.94777 144.2655
v 53.72351 -70.80635 145.6523
v 48.75831 -39.85509 132.7405
v 53.82374 -70.43005 121.0382
v 48.62538 -39.59969 121.6287
v -28.31803 -70.36932 99.557
v -26.50579 -40.19271 100.724
v -15.25526 -38.6614 96.35509
v -16.9836 -69.28752 93.20519
v -34.91878 -71.04739 160.6235
v -31.52335 -39.9897 158.4819
v -42.20521 -39.88438 149.69
v -47.27652 -70.72878 151.8242
v -11.1218 -71.61211 180.2507
v -9.455754 -40.55791 176.891
v -19.19623 -40.31046 174.8154
v -22.30838 -71.27917 178.4167
v 53.72351 -70.80635 145.6523
v 49.87755 -39.94777 144.2655
v 47.1068 -40.05334 155.7546
v 49.84391 -71.08001 157.7111
v -16.9836 -69.28752 93.20519
v -15.25526 -38.6614 96.35509
v -2.886879 -38.61081 92.70509
v -3.250754 -69.36533 89.9548
v -47.27652 -70.72878 151.8242
v -42.20521 -39.88438 149.69
v -48.36989 -39.5327 140.7404
v -53.64162 -70.4206 141.9945
v -22.30838 -71.27917 178.4167
v -19.19623 -40.31046 174.8154
v -27.89984 -40.11854 168.0522
v -31.82513 -71.20023 171.3321
v 49.84391 -71.08001 157.7111
v 47.1068 -40.05334 155.7546
v 37.89883 -40.4621 167.2436
v 40.69248 -71.37904 170.3568
v -3.250754 -69.36533 89.9548
v -2.886879 -38.61081 92.70509
v 10.60422 -38.6432 92.48359
v 11.35473 -69.45454 90.00658
v -53.64162 -70.4206 141.9945
v -48.36989 -39.5327 140.7404
v -45.24208 -39.21104 130.4102
v -49.51891 -70.21863 131.1062
v -40.56608 -39.01817 118.262
v -45.21581 -69.88612 117.905
v 16.4346 -71.32725 173.2864
v 15.41174 -40.35048 170.1884
v 3.999189 -40.57507 178.3478
v 4.302557 -71.47163 182.3516
v 28.87183 -69.91784 106.8783
v 27.31925 -38.95097 107.333
v 44.40337 -39.15997 108.9096
v 48.25072 -69.83302 107.0549
v 48.25072 -69.83302 107.0549
v 44.40337 -39.15997 108.9096
v 48.62538 -39.59969 121.6287
v 53.82374 -70.43005 121.0382
v 29.84382 -71.46911 177.5142
v 27.84715 -40.63428 173.3939
v 15.41174 -40.35048 170.1884
v 16.4346 -71.32725 173.2864
v 40.69248 -71.37904 170.3568
v 37.89883 -40.4621 167.2436
v 27.84715 -40.63428 173.3939
v 29.84382 -71.46911 177.5142
v -45.21581 -69.88612 117.905
v -40.56608 -39.01817 118.262
v -42.39672 -39.25722 103.4186
v -45.2559 -69.82675 102.0062
v 17.97517 -69.71918 101.0508
v 17.29391 -38.80542 102.3326
v 27.31925 -38.95097 107.333
v 28.87183 -69.91784 106.8783
v -45.2559 -69.82675 102.0062
v -42.39672 -39.25722 103.4186
v -26.50579 -40.19271 100.724
v -28.31803 -70.36932 99.557
v 11.35473 -69.45454 90.00658
v 10.60422 -38.6432 92.48359
v 17.29391 -38.80542 102.3326
v 17.97517 -69.71918 101.0508
v -31.82513 -71.20023 171.3321
v -27.89984 -40.11854 168.0522
v -31.52335 -39.9897 158.4819
v -34.91878 -71.04739 160.6235
v 3.999189 -40.57507 178.3478
v 3.50781 -28.84077 168.9994
v -6.298401 -28.86352 167.7861
v -9.455754 -40.55791 176.891
v 48.75831 -39.85509 132.7405
v 38.38795 -28.10188 133.1895
v 39.93017 -28.3357 142.0385
v 49.87755 -39.94777 144.2655
v -26.50579 -40.19271 100.724
v -20.49331 -29.36359 107.7701
v -12.12713 -27.15644 103.5291
v -15.25526 -38.6614 96.35509
v -31.52335 -39.9897 158.4819
v -23.12844 -28.41483 153.1371
v -31.26122 -28.44388 145.9398
v -42.20521 -39.88438 149.69
v -9.455754 -40.55791 176.891
v -6.298401 -28.86352 167.7861
v -13.24186 -28.67978 165.8182
v -19.19623 -40.31046 174.8154
v 49.87755 -39.94777 144.2655
v 39.93017 -28.3357 142.0385
v 37.36436 -28.417 151.0511
v 47.1068 -40.05334 155.7546
v -15.25526 -38.6614 96.35509
v -12.12713 -27.15644 103.5291
v -1.887163 -27.58863 101.7787
v -2.886879 -38.61081 92.70509
v -42.20521 -39.88438 149.69
v -31.26122 -28.44388 145.9398
v -36.79007 -27.95578 139.1797
v -48.36989 -39.5327 140.7404
v -19.19623 -40.31046 174.8154
v -13.24186 -28.67978 165.8182
v -19.12696 -28.70188 159.9597
v -27.89984 -40.11854 168.0522
v 47.1068 -40.05334 155.7546
v 37.36436 -28.417 151.0511
v 30.87844 -28.49155 160.6896
v 37.89883 -40.4621 167.2436
v -2.886879 -38.61081 92.70509
v -1.887163 -27.58863 101.7787
v 8.992899 -27.25648 100.716
v 10.60422 -38.6432 92.48359
v -48.36989 -39.5327 140.7404
v -36.79007 -27.95578 139.1797
v -33.22299 -27.9648 131.0962
v -45.24208 -39.21104 130.4102
v -30.04404 -27.71244 121.3742
v -40.56608 -39.01817 118.262
v 48.62538 -39.59969 121.6287
v 37.38531 -28.15493 124.4242
v 38.38795 -28.10188 133.1895
v 48.75831 -39.85509 132.7405
v 15.41174 -40.35048 170.1884
v 12.36066 -28.89239 161.8635
v 3.50781 -28.84077 168.9994
v 3.999189 -40.57507 178.3478
v 27.31925 -38.95097 107.333
v 21.97142 -27.52898 112.7459
v 36.39655 -27.327 112.8294
v 44.40337 -39.15997 108.9096
v 44.40337 -39.15997 108.9096
v 36.39655 -27.327 112.8294
v 37.38531 -28.15493 124.4242
v 48.62538 -39.59969 121.6287
v 27.84715 -40.63428 173.3939
v 22.32824 -28.86323 165.3701
v 12.36066 -28.89239 161.8635
v 15.41174 -40.35048 170.1884
v 37.89883 -40.4621 167.2436
v 30.87844 -28.49155 160.6896
v 22.32824 -28.86323 165.3701
v 27.84715 -40.63428 173.3939
v -40.56608 -39.01817 118.262
v -30.04404 -27.71244 121.3742
v -33.51445 -28.09178 109.5459
v -42.39672 -39.25722 103.4186
v 17.29391 -38.80542 102.3326
v 13.41749 -27.63347 109.358
v 21.97142 -27.52898 112.7459
v 27.31925 -38.95097 107.333
v -42.39672 -39.25722 103.4186
v -33.51445 -28.09178 109.5459
v -20.49331 -29.36359 107.7701
v -26.50579 -40.19271 100.724
v 10.60422 -38.6432 92.48359
v 8.992899 -27.25648 100.716
v 13.41749 -27.63347 109.358
v 17.29391 -38.80542 102.3326
v -27.89984 -40.11854 168.0522
v -19.12696 -28.70188 159.9597
v -23.12844 -28.41483 153.1371
v -31.52335 -39.9897 158.4819
v -39.75181 -82.61375 178.5511
v -31.82513 -71.20023 171.3321
v -34.91878 -71.04739 160.6235
v -42.88968 -82.56349 165.4512
v 13.94536 -80.41515 80.50994
v 11.35473 -69.45454 90.00658
v 17.97517 -69.71918 101.0508
v 21.25751 -80.99764 94.36327
v 19.63265 -108.1041 56.67194
v 30.82715 -107.7551 76.04736
v -60.96074 -81.25581 130.0126
v -45.21581 -69.88612 117.905
v -54.21476 -81.35142 114.552
v -49.51891 -70.21863 131.1062
v -65.35069 -81.62125 143.2023
v -53.64162 -70.4206 141.9945
v -95.49071 -106.9328 146.7968
v -60.96074 -81.25581 130.0126
v -89.41608 -107.4467 127.8103
v -54.19269 -80.68378 95.23352
v -45.2559 -69.82675 102.0062
v -28.31803 -70.36932 99.557
v -33.62891 -81.38461 93.03327
v 21.25751 -80.99764 94.36327
v 17.97517 -69.71918 101.0508
v 28.87183 -69.91784 106.8783
v 34.74014 -80.95361 100.2234
v 30.82715 -107.7551 76.04736
v 49.44138 -107.5718 85.69286
v -54.21476 -81.35142 114.552
v -45.21581 -69.88612 117.905
v -45.2559 -69.82675 102.0062
v -54.19269 -80.68378 95.23352
v 48.48594 -82.85341 176.9021
v 40.69248 -71.37904 170.3568
v 29.84382 -71.46911 177.5142
v 35.44766 -83.17436 184.7942
v 35.44766 -83.17436 184.7942
v 29.84382 -71.46911 177.5142
v 16.4346 -71.32725 173.2864
v 19.38111 -83.00109 179.6841
v 57.24485 -81.07423 101.7829
v 48.25072 -69.83302 107.0549
v 53.82374 -70.43005 121.0382
v 65.95503 -81.55897 117.764
v 34.74014 -80.95361 100.2234
v 28.87183 -69.91784 106.8783
v 48.25072 -69.83302 107.0549
v 57.24485 -81.07423 101.7829
v 49.44138 -107.5718 85.69286
v 81.86472 -107.5655 87.63147
v 19.38111 -83.00109 179.6841
v 16.4346 -71.32725 173.2864
v 4.302557 -71.47163 182.3516
v 5.206779 -83.23737 194.707
v 65.95503 -81.55897 117.764
v 53.82374 -70.43005 121.0382
v 54.78472 -70.55316 132.9196
v 65.57813 -82.07264 132.0258
v -3.977224 -80.3943 80.76829
v -3.250754 -69.36533 89.9548
v 11.35473 -69.45454 90.00658
v 13.94536 -80.41515 80.50994
v -5.87009 -107.9796 57.36901
v 19.63265 -108.1041 56.67194
v 58.87824 -82.66948 161.6236
v 49.84391 -71.08001 157.7111
v 40.69248 -71.37904 170.3568
v 48.48594 -82.85341 176.9021
v -27.47298 -82.83288 186.1773
v -22.30838 -71.27917 178.4167
v -31.82513 -71.20023 171.3321
v -39.75181 -82.61375 178.5511
v -57.18279 -82.23222 154.7185
v -47.27652 -70.72878 151.8242
v -53.64162 -70.4206 141.9945
v -65.35069 -81.62125 143.2023
v -19.92014 -80.5153 85.64852
v -16.9836 -69.28752 93.20519
v -3.250754 -69.36533 89.9548
v -3.977224 -80.3943 80.76829
v -28.89579 -107.9955 63.90888
v -5.87009 -107.9796 57.36901
v 64.06814 -82.12887 147.4603
v 53.72351 -70.80635 145.6523
v 49.84391 -71.08001 157.7111
v 58.87824 -82.66948 161.6236
v -14.32488 -82.76324 189.9988
v -11.1218 -71.61211 180.2507
v -22.30838 -71.27917 178.4167
v -27.47298 -82.83288 186.1773
v -42.88968 -82.56349 165.4512
v -34.91878 -71.04739 160.6235
v -47.27652 -70.72878 151.8242
v -57.18279 -82.23222 154.7185
v -33.62891 -81.38461 93.03327
v -28.31803 -70.36932 99.557
v -16.9836 -69.28752 93.20519
v -19.92014 -80.5153 85.64852
v 65.57813 -82.07264 132.0258
v 54.78472 -70.55316 132.9196
v 53.72351 -70.80635 145.6523
v 64.06814 -82.12887 147.4603
v 5.206779 -83.23737 194.707
v 4.302557 -71.47163 182.3516
v -11.1218 -71.61211 180.2507
v -14.32488 -82.76324 189.9988
v 81.86472 -107.5655 87.63147
v 96.61051 -107.4902 109.7116
v 96.18314 -107.0662 130.3773
v 91.49795 -106.7576 152.7247
v 85.13515 -106.554 173.4171
v 49.44138 -107.5718 85.69286
v 69.58203 -106.2329 195.1914
v 50.95201 -106.1289 207.3614
v 30.82715 -107.7551 76.04736
v 27.63696 -106.0152 199.0323
v 19.63265 -108.1041 56.67194
v -5.87009 -107.9796 57.36901
v 6.963448 -106.0373 215.5177
v -21.34076 -105.9016 213.1093
v -28.89579 -107.9955 63.90888
v -49.30275 -107.9729 72.9967
v -41.16943 -106.1105 208.7687
v -77.48203 -107.6976 78.22897
v -58.92965 -106.1138 197.7824
v -63.77722 -106.3212 179.0837
v -84.43068 -106.6145 163.8193
v -79.80255 -107.1634 105.5648
v -89.41608 -107.4467 127.8103
v -95.49071 -106.9328 146.7968
v 21.89748 -9.933308 132.9416
v 33.91532 -10.01321 132.8078
v 34.52703 -9.54852 125.6221
v 21.8662 -10.19394 128.9498
v 30.74551 -9.652586 115.1989
v 2.694825 -10.39544 150.8343
v 4.707472 -10.5743 160.0324
v 9.373857 -10.62308 156.4802
v 6.330502 -9.844527 148.1713
v 19.28634 -9.570066 124.8474
v 30.74551 -9.652586 115.1989
v 21.658 -9.740385 109.9166
v 11.89818 -9.624475 124.3895
v 6.330502 -9.844527 148.1713
v 9.373857 -10.62308 156.4802
v 14.52513 -10.50203 158.3688
v 10.0906 -9.819431 149.3729
v -16.94801 -9.187224 122.2508
v -22.44583 -9.20368 114.3867
v -29.18158 -9.573832 120.1701
v -17.52849 -9.927147 127.6345
v -17.52849 -9.927147 127.6345
v -29.18158 -9.573832 120.1701
v -31.15194 -9.619484 132.0165
v -19.55083 -9.491239 133.5847
v -14.3243 -9.700997 144.1109
v -22.21304 -10.26023 149.9652
v -9.88131 -10.24454 156.5799
v -5.479487 -9.84788 148.5403
v -5.963585 -10.24904 159.0654
v -2.905654 -9.886935 150.0543
v -19.55083 -9.491239 133.5847
v -31.15194 -9.619484 132.0165
v -33.28723 -9.884291 138.6381
v -20.93501 -9.498535 137.4414
v -29.618 -10.00004 144.6964
v -18.95813 -9.284463 140.6254
v 11.49791 -10.21354 148.4412
v 18.96561 -10.23387 156.0896
v 21.85187 -10.43711 150.8897
v 13.48319 -10.37463 145.6246
v 13.48319 -10.37463 145.6246
v 21.85187 -10.43711 150.8897
v 23.89198 -9.945992 146.548
v 14.54356 -9.942231 142.3584
v -2.905654 -9.886935 150.0543
v -5.963585 -10.24904 159.0654
v -1.491559 -10.36628 160.0051
v -0.442356 -10.32473 150.628
v -18.95813 -9.284463 140.6254
v -29.618 -10.00004 144.6964
v -22.21304 -10.26023 149.9652
v -14.3243 -9.700997 144.1109
v 6.963448 -106.0373 215.5177
v 5.206779 -83.23737 194.707
v -14.32488 -82.76324 189.9988
v -21.34076 -105.9016 213.1093
v 96.18314 -107.0662 130.3773
v 65.57813 -82.07264 132.0258
v 64.06814 -82.12887 147.4603
v 91.49795 -106.7576 152.7247
v -49.30275 -107.9729 72.9967
v -33.62891 -81.38461 93.03327
v -19.92014 -80.5153 85.64852
v -28.89579 -107.9955 63.90888
v -63.77722 -106.3212 179.0837
v -42.88968 -82.56349 165.4512
v -57.18279 -82.23222 154.7185
v -84.43068 -106.6145 163.8193
v -21.34076 -105.9016 213.1093
v -14.32488 -82.76324 189.9988
v -27.47298 -82.83288 186.1773
v -41.16943 -106.1105 208.7687
v 91.49795 -106.7576 152.7247
v 64.06814 -82.12887 147.4603
v 58.87824 -82.66948 161.6236
v 85.13515 -106.554 173.4171
v -84.43068 -106.6145 163.8193
v -57.18279 -82.23222 154.7185
v -65.35069 -81.62125 143.2023
v -95.49071 -106.9328 146.7968
v -41.16943 -106.1105 208.7687
v -27.47298 -82.83288 186.1773
v -39.75181 -82.61375 178.5511
v -58.92965 -106.1138 197.7824
v 85.13515 -106.554 173.4171
v 58.87824 -82.66948 161.6236
v 48.48594 -82.85341 176.9021
v 69.58203 -106.2329 195.1914
v 96.61051 -107.4902 109.7116
v 65.95503 -81.55897 117.764
v 65.57813 -82.07264 132.0258
v 96.18314 -107.0662 130.3773
v 27.63696 -106.0152 199.0323
v 19.38111 -83.00109 179.6841
v 5.206779 -83.23737 194.707
v 6.963448 -106.0373 215.5177
v 81.86472 -107.5655 87.63147
v 57.24485 -81.07423 101.7829
v 65.95503 -81.55897 117.764
v 96.61051 -107.4902 109.7116
v 50.95201 -106.1289 207.3614
v 35.44766 -83.17436 184.7942
v 19.38111 -83.00109 179.6841
v 27.63696 -106.0152 199.0323
v 69.58203 -106.2329 195.1914
v 48.48594 -82.85341 176.9021
v 35.44766 -83.17436 184.7942
v 50.95201 -106.1289 207.3614
v -79.80255 -107.1634 105.5648
v -54.21476 -81.35142 114.552
v -54.19269 -80.68378 95.23352
v -77.48203 -107.6976 78.22897
v -77.48203 -107.6976 78.22897
v -54.19269 -80.68378 95.23352
v -33.62891 -81.38461 93.03327
v -49.30275 -107.9729 72.9967
v -89.41608 -107.4467 127.8103
v -60.96074 -81.25581 130.0126
v -54.21476 -81.35142 114.552
v -79.80255 -107.1634 105.5648
v -58.92965 -106.1138 197.7824
v -39.75181 -82.61375 178.5511
v -42.88968 -82.56349 165.4512
v -63.77722 -106.3212 179.0837
f 1763 1764 1765
f 1765 1766 1763
f 1766 1767 1763
f 1766 1768 1767
f 1765 1769 1766
f 1769 1770 1766
f 1769 1771 1770
f 1769 1772 1771
f 1769 1773 1772
f 1769 1774 1773
f 1772 1773 1775
f 1772 1776 1771
f 1776 1777 1771
f 1776 1778 1777
f 1772 1779 1776
f 1772 1775 1780
f 1772 1780 1779
f 1780 1775 1781
f 1780 1782 1779
f 1780 1781 1783
f 1780 1783 1782
f 1783 1781 1784
f 1783 1784 1785
f 1783 1786 1782
f 1783 1785 1786
f 1786 1787 1782
f 1786 1788 1787
f 1785 1789 1786
f 1785 1790 1789
f 1785 1791 1790
f 1791 1792 1790
f 1785 1793 1791
f 1785 1794 1793
f 1791 1795 1792
f 1791 1796 1795
f 1791 1797 1796
f 1795 1798 1792
f 1798 1799 1792
f 1798 1800 1799
f 1800 1801 1799
f 1802 1803 1804
f 1802 1804 1805
f 1806 1807 1808
f 1806 1808 1809
f 1810 1811 1812
f 1810 1812 1813
f 1814 1815 1816
f 1814 1816 1817
f 1818 1819 1820
f 1818 1820 1821
f 1822 1823 1824
f 1822 1824 1825
f 1826 1827 1828
f 1826 1828 1829
f 1830 1831 1832
f 1830 1832 1833
f 1834 1835 1836
f 1834 1836 1837
f 1838 1839 1840
f 1838 1840 1841
f 1842 1843 1844
f 1842 1844 1845
f 1846 1847 1848
f 1846 1848 1849
f 1850 1851 1852
f 1850 1852 1853
f 1854 1855 1856
f 1854 1856 1857
f 1858 1859 1860
f 1858 1860 1861
f 1862 1863 1864
f 1862 1864 1865
f 1866 1867 1868
f 1866 1868 1869
f 1870 1871 1872
f 1870 1872 1873
f 1874 1875 1876
f 1874 1876 1877
f 1878 1879 1880
f 1878 1880 1881
f 1882 1883 1884
f 1882 1884 1885
f 1886 1887 1888
f 1886 1888 1889
f 1890 1891 1892
f 1890 1892 1893
f 1894 1895 1896
f 1894 1896 1897
f 1898 1899 1900
f 1898 1900 1901
f 1902 1903 1904
f 1902 1904 1905
f 1906 1907 1908
f 1906 1908 1909
f 1910 1911 1912
f 1910 1912 1913
f 1914 1915 1916
f 1914 1916 1917
f 1918 1919 1920
f 1918 1920 1921
f 1922 1923 1924
f 1922 1924 1925
f 1926 1927 1928
f 1926 1928 1929
f 1930 1931 1932
f 1930 1932 1933
f 1934 1935 1936
f 1934 1936 1937
f 1938 1939 1940
f 1938 1940 1941
f 1942 1943 1944
f 1942 1944 1945
f 1946 1947 1948
f 1946 1948 1949
f 1950 1951 1952
f 1950 1952 1953
f 1954 1955 1956
f 1954 1956 1957
f 1958 1959 1960
f 1958 1960 1961
f 1962 1963 1964
f 1962 1964 1965
f 1966 1967 1968
f 1966 1968 1969
f 1970 1971 1972
f 1970 1972 1973
f 1974 1975 1976
f 1974 1976 1977
f 1978 1979 1980
f 1978 1980 1981
f 1982 1983 1984
f 1982 1984 1985
f 1986 1987 1988
f 1986 1988 1989
f 1990 1991 1992
f 1990 1992 1993
f 1994 1995 1996
f 1994 1996 1997
f 1998 1999 2000
f 1998 2001 1999
f 2002 2001 1998
f 2002 2003 2001
f 2004 2005 2006
f 2004 2006 2007
f 2008 2009 2010
f 2008 2010 2011
f 2012 2013 2014
f 2012 2014 2015
f 2016 2017 2018
f 2016 2018 2019
f 2020 2021 2022
f 2020 2022 2023
f 2024 2025 2026
f 2024 2026 2027
f 2028 2029 2030
f 2028 2030 2031
f 2032 2033 2034
f 2032 2034 2035
f 2036 2037 2038
f 2036 2038 2039
f 2040 2041 2042
f 2040 2042 2043
f 2043 2042 2044
f 2043 2044 2045
f 2046 2047 2048
f 2046 2048 2049
f 2050 2051 2052
f 2050 2052 2053
f 2054 2055 2056
f 2054 2056 2057
f 2058 2059 2060
f 2058 2060 2061
f 2062 2063 2064
f 2062 2064 2065
f 2066 2067 2068
f 2066 2068 2069
f 2070 2071 2072
f 2070 2072 2073
f 2074 2075 2076
f 2074 2076 2077
f 2078 2079 2080
f 2078 2080 2081
f 2082 2083 2084
f 2082 2084 2085
f 2086 2087 2088
f 2086 2088 2089
f 2090 2091 2092
f 2090 2092 2093
f 2094 2095 2096
f 2094 2096 2097
f 2098 2099 2100
f 2098 2100 2101
f 2102 2103 2104
f 2102 2104 2105
f 2106 2107 2108
f 2106 2108 2109
f 2110 2111 2112
f 2110 2112 2113
f 2114 2115 2116
f 2114 2116 2117
f 2118 2119 2120
f 2118 2120 2121
f 2122 2123 2124
f 2122 2124 2125
f 2126 2127 2128
f 2126 2128 2129
f 2130 2131 2132
f 2130 2132 2133
f 2133 2132 2134
f 2133 2134 2135
f 2136 2137 2138
f 2136 2138 2139
f 2140 2141 2142
f 2140 2142 2143
f 2144 2145 2146
f 2144 2146 2147
f 2148 2149 2150
f 2148 2150 2151
f 2152 2153 2154
f 2152 2154 2155
f 2156 2157 2158
f 2156 2158 2159
f 2160 2161 2162
f 2160 2162 2163
f 2164 2165 2166
f 2164 2166 2167
f 2168 2169 2170
f 2168 2170 2171
f 2172 2173 2174
f 2172 2174 2175
f 2176 2177 2178
f 2176 2178 2179
f 2180 2181 2182
f 2180 2182 2183
f 2184 2185 2186
f 2184 2186 2187
f 2188 2184 2187
f 2188 2187 2189
f 2190 2191 2192
f 2190 2193 2191
f 2194 2193 2190
f 2194 2195 2193
f 2196 2194 2197
f 2196 2197 2198
f 2199 2200 2201
f 2199 2201 2202
f 2203 2204 2205
f 2203 2205 2206
f 2207 2203 2206
f 2207 2206 2208
f 2209 2210 2211
f 2209 2211 2212
f 2213 2214 2215
f 2213 2215 2216
f 2217 2218 2219
f 2217 2219 2220
f 2221 2222 2223
f 2221 2223 2224
f 2225 2226 2227
f 2225 2227 2228
f 2229 2225 2228
f 2229 2228 2230
f 2231 2232 2233
f 2231 2233 2234
f 2235 2236 2237
f 2235 2237 2238
f 2239 2240 2241
f 2239 2241 2242
f 2243 2239 2242
f 2243 2242 2244
f 2245 2246 2247
f 2245 2247 2248
f 2249 2250 2251
f 2249 2251 2252
f 2253 2254 2255
f 2253 2255 2256
f 2257 2258 2259
f 2257 2259 2260
f 2261 2257 2260
f 2261 2260 2262
f 2263 2264 2265
f 2263 2265 2266
f 2267 2268 2269
f 2267 2269 2270
f 2271 2272 2273
f 2271 2273 2274
f 2275 2276 2277
f 2275 2277 2278
f 2279 2280 2281
f 2279 2281 2282
f 2283 2284 2285
f 2283 2285 2286
f 2287 2288 2289
f 2289 2290 2287
f 2290 2291 2287
f 2291 2292 2287
f 2291 2293 2292
f 2293 2294 2292
f 2294 2295 2292
f 2294 2296 2295
f 2296 2297 2295
f 2296 2298 2297
f 2296 2299 2298
f 2299 2300 2298
f 2300 2301 2298
f 2300 2302 2301
f 2300 2303 2302
f 2303 2304 2302
f 2303 2305 2304
f 2305 2306 2304
f 2306 2307 2304
f 2307 2308 2304
f 2307 2309 2308
f 2307 2310 2309
f 2311 2312 2313
f 2311 2313 2314
f 2314 2313 2315
f 2314 2315 1765
f 2316 2317 2318
f 2316 2318 2319
f 2320 2321 2322
f 2320 2322 2323
f 2324 2325 2326
f 2324 2326 2327
f 2328 2329 2330
f 2328 2330 2331
f 2332 2333 2334
f 2332 2334 2335
f 2336 2337 2338
f 2336 2338 2339
f 2339 2338 2340
f 2339 2340 2341
f 2342 2343 2344
f 2342 2344 2345
f 2345 2344 2346
f 2345 2346 2347
f 2348 2349 2350
f 2348 2350 2351
f 2352 2353 2354
f 2352 2354 2355
f 2356 2357 2358
f 2356 2358 2359
f 2360 2361 2362
f 2360 2362 2363
f 2364 2365 2366
f 2364 2366 2367
f 2368 2369 2370
f 2368 2370 2371
f 2372 2373 2374
f 2372 2374 2375
f 2376 2377 2378
f 2376 2378 2379
f 2380 2381 2382
f 2380 2382 2383
f 2384 2385 2386
f 2384 2386 2387
f 2388 2389 2390
f 2388 2390 2391
f 2392 2393 2394
f 2392 2394 2395
f 2396 2397 2398
f 2396 2398 2399
f 2400 2401 2402
f 2400 2402 2403
f 2404 2405 2406
f 2404 2406 2407
f 2408 2409 2410
f 2408 2410 2411
f 2412 2413 2414
f 2412 2414 2415
f 2416 2417 2418
f 2416 2418 2419
f 2420 2421 2422
f 2420 2422 2423
f 2424 2425 2426
f 2424 2426 2427
f 2428 2429 2430
f 2428 2430 2431
f 2432 2433 2434
f 2432 2434 2435
v -0.5265992 -5.013899 -14.15148
v -0.4269472 -4.971376 -14.08048
v -0.6094389 -4.453753 -14.13019
v 0.2644051 -6.001882 -13.89832
v -0.03028104 -4.918299 -14.80667
v -0.4269472 -4.971376 -14.08048
v -0.6094389 -4.453753 -14.13019
v -0.1582797 -4.548217 -14.84342
v -0.7243488 -4.498526 -14.17743
v -0.2642478 -4.575702 -14.94235
v -0.1094116 -4.966005 -14.88685
v -0.7243488 -4.498526 -14.17743
v 0.5989211 -6.052605 -14.49169
v -0.5265992 -5.013899 -14.15148
v -0.1094116 -4.966005 -14.88685
v 1.245977 -6.947219 -13.28833
v 0.6616796 -5.995697 -14.43048
v 0.2644051 -6.001882 -13.89832
v -0.03028104 -4.918299 -14.80667
v 0.2644051 -6.001882 -13.89832
v 0.6616796 -5.995697 -14.43048
v -0.5265992 -5.013899 -14.15148
v 0.5989211 -6.052605 -14.49169
v 0.19794 -6.080789 -13.9524
v 1.208139 -7.033843 -13.31622
v 0.2644051 -6.001882 -13.89832
v 0.19794 -6.080789 -13.9524
v 1.664781 -6.959418 -13.73444
v 0.19794 -6.080789 -13.9524
v 0.5989211 -6.052605 -14.49169
v 1.664781 -6.959418 -13.73444
v 0.5989211 -6.052605 -14.49169
v 0.6616796 -5.995697 -14.43048
v 0.5989211 -6.052605 -14.49169
v -0.03028104 -4.918299 -14.80667
v -0.1094116 -4.966005 -14.88685
v -0.2642478 -4.575702 -14.94235
v -0.1582797 -4.548217 -14.84342
v 0.6616796 -5.995697 -14.43048
v 1.245977 -6.947219 -13.28833
v 1.646129 -6.902563 -13.66749
v 1.664781 -6.959418 -13.73444
v 0.6616796 -5.995697 -14.43048
v 1.646129 -6.902563 -13.66749
v 0.2644051 -6.001882 -13.89832
v 1.208139 -7.033843 -13.31622
v 1.245977 -6.947219 -13.28833
v 0.19794 -6.080789 -13.9524
v 1.664781 -6.959418 -13.73444
v 1.208139 -7.033843 -13.31622
v -0.7243488 -4.498526 -14.17743
v -0.1094116 -4.966005 -14.88685
v -0.5265992 -5.013899 -14.15148
v -0.5265992 -5.013899 -14.15148
v -0.6094389 -4.453753 -14.13019
v -0.7243488 -4.498526 -14.17743
v -0.7243488 -4.498526 -14.17743
v -0.1582797 -4.548217 -14.84342
v -0.2642478 -4.575702 -14.94235
v -1.3193 -5.73282 -13.38287
v -0.5944586 -4.710606 -14.04828
v -1.363121 -4.753773 -13.86892
v -1.361922 -4.443325 -13.9531
v -0.6208186 -4.421512 -14.14974
v -1.411287 -4.467897 -14.04815
v -1.363121 -4.753773 -13.86892
v -0.5944586 -4.710606 -14.04828
v -1.361922 -4.443325 -13.9531
v -0.6354432 -4.431713 -14.27121
v -0.6036844 -4.740548 -14.14513
v -1.411287 -4.467897 -14.04815
v -0.4422969 -5.716287 -13.60221
v -1.38988 -4.777558 -13.97058
v -0.6036844 -4.740548 -14.14513
v -1.093905 -6.623356 -12.54653
v -0.4324743 -5.676745 -13.52539
v -1.3193 -5.73282 -13.38287
v -0.5944586 -4.710606 -14.04828
v -1.3193 -5.73282 -13.38287
v -0.4324743 -5.676745 -13.52539
v -1.363121 -4.753773 -13.86892
v -1.336712 -5.790295 -13.45894
v -1.3193 -5.73282 -13.38287
v -1.38988 -4.777558 -13.97058
v -0.4422969 -5.716287 -13.60221
v -1.336712 -5.790295 -13.45894
v -1.10804 -6.690568 -12.59133
v -1.3193 -5.73282 -13.38287
v -1.336712 -5.790295 -13.45894
v -0.2414016 -6.586261 -12.62468
v -1.336712 -5.790295 -13.45894
v -0.4422969 -5.716287 -13.60221
v -0.2414016 -6.586261 -12.62468
v -0.4422969 -5.716287 -13.60221
v -0.4324743 -5.676745 -13.52539
v -0.4422969 -5.716287 -13.60221
v -0.5944586 -4.710606 -14.04828
v -0.6036844 -4.740548 -14.14513
v -0.5944586 -4.710606 -14.04828
v -0.6354432 -4.431713 -14.27121
v -0.6208186 -4.421512 -14.14974
v -0.4324743 -5.676745 -13.52539
v -1.093905 -6.623356 -12.54653
v -0.2858103 -6.538726 -12.58794
v -0.2414016 -6.586261 -12.62468
v -0.4324743 -5.676745 -13.52539
v -0.2858103 -6.538726 -12.58794
v -1.3193 -5.73282 -13.38287
v -1.10804 -6.690568 -12.59133
v -1.093905 -6.623356 -12.54653
v -1.336712 -5.790295 -13.45894
v -0.2414016 -6.586261 -12.62468
v -1.10804 -6.690568 -12.59133
v -1.411287 -4.467897 -14.04815
v -0.6036844 -4.740548 -14.14513
v -1.38988 -4.777558 -13.97058
v -1.38988 -4.777558 -13.97058
v -1.361922 -4.443325 -13.9531
v -1.411287 -4.467897 -14.04815
v -1.411287 -4.467897 -14.04815
v -0.6208186 -4.421512 -14.14974
v -0.6354432 -4.431713 -14.27121
v -1.361922 -4.443325 -13.9531
v -0.5944586 -4.710606 -14.04828
v -0.6208186 -4.421512 -14.14974
v -2.372679 -5.615318 -13.91455
v -1.401383 -4.581148 -13.90163
v -2.076975 -4.638373 -14.30805
v -2.021138 -4.328148 -14.37215
v -1.353004 -4.292831 -13.99702
v -1.989988 -4.353861 -14.47434
v -2.076975 -4.638373 -14.30805
v -1.401383 -4.581148 -13.90163
v -2.021138 -4.328148 -14.37215
v -1.278702 -4.303582 -14.09415
v -1.340135 -4.611477 -13.97706
v -1.989988 -4.353861 -14.47434
v -1.591219 -5.582775 -13.46092
v -2.025016 -4.662886 -14.39924
v -1.340135 -4.611477 -13.97706
v -2.78341 -6.499558 -13.14466
v -1.638197 -5.542881 -13.39957
v -2.372679 -5.615318 -13.91455
v -1.401383 -4.581148 -13.90163
v -2.372679 -5.615318 -13.91455
v -1.638197 -5.542881 -13.39957
v -2.076975 -4.638373 -14.30805
v -2.331454 -5.673284 -13.98038
v -2.372679 -5.615318 -13.91455
v -2.025016 -4.662886 -14.39924
v -1.591219 -5.582775 -13.46092
v -2.331454 -5.673284 -13.98038
v -2.761518 -6.567127 -13.18564
v -2.372679 -5.615318 -13.91455
v -2.331454 -5.673284 -13.98038
v -2.118178 -6.446598 -12.60716
v -2.331454 -5.673284 -13.98038
v -1.591219 -5.582775 -13.46092
v -2.118178 -6.446598 -12.60716
v -1.591219 -5.582775 -13.46092
v -1.638197 -5.542881 -13.39957
v -1.591219 -5.582775 -13.46092
v -1.401383 -4.581148 -13.90163
v -1.340135 -4.611477 -13.97706
v -1.401383 -4.581148 -13.90163
v -1.278702 -4.303582 -14.09415
v -1.353004 -4.292831 -13.99702
v -1.638197 -5.542881 -13.39957
v -2.78341 -6.499558 -13.14466
v -2.176195 -6.399823 -12.61246
v -2.118178 -6.446598 -12.60716
v -1.638197 -5.542881 -13.39957
v -2.176195 -6.399823 -12.61246
v -2.372679 -5.615318 -13.91455
v -2.761518 -6.567127 -13.18564
v -2.78341 -6.499558 -13.14466
v -2.331454 -5.673284 -13.98038
v -2.118178 -6.446598 -12.60716
v -2.761518 -6.567127 -13.18564
v -1.989988 -4.353861 -14.47434
v -1.340135 -4.611477 -13.97706
v -2.025016 -4.662886 -14.39924
v -2.025016 -4.662886 -14.39924
v -2.021138 -4.328148 -14.37215
v -1.989988 -4.353861 -14.47434
v -1.989988 -4.353861 -14.47434
v -1.353004 -4.292831 -13.99702
v -1.278702 -4.303582 -14.09415
v -2.021138 -4.328148 -14.37215
v -1.401383 -4.581148 -13.90163
v -1.353004 -4.292831 -13.99702
v -1.778884 -4.345568 -15.69433
v -1.728311 -4.395705 -15.58612
v -1.725781 -3.837876 -15.48664
v -0.9952245 -4.334179 -15.96499
v -1.912261 -5.341618 -16.44479
v -1.778884 -4.345568 -15.69433
v -0.9556502 -3.971219 -15.81874
v -1.725781 -3.837876 -15.48664
v -1.701257 -3.888959 -15.36735
v -0.9325709 -4.389597 -15.87572
v -0.8776454 -4.008536 -15.69919
v -1.701257 -3.888959 -15.36735
v -1.728311 -4.395705 -15.58612
v -1.276458 -5.425851 -16.67978
v -0.9325709 -4.389597 -15.87572
v -1.322533 -5.363055 -16.74947
v -2.413006 -6.214353 -17.54789
v -1.912261 -5.341618 -16.44479
v -1.912261 -5.341618 -16.44479
v -0.9952245 -4.334179 -15.96499
v -1.322533 -5.363055 -16.74947
v -1.276458 -5.425851 -16.67978
v -1.728311 -4.395705 -15.58612
v -1.875271 -5.425939 -16.37345
v -1.912261 -5.341618 -16.44479
v -2.397572 -6.303726 -17.50934
v -1.875271 -5.425939 -16.37345
v -1.875271 -5.425939 -16.37345
v -1.905621 -6.247375 -17.88852
v -1.276458 -5.425851 -16.67978
v -1.276458 -5.425851 -16.67978
v -1.905621 -6.247375 -17.88852
v -1.322533 -5.363055 -16.74947
v -0.9952245 -4.334179 -15.96499
v -1.276458 -5.425851 -16.67978
v -0.9325709 -4.389597 -15.87572
v -0.8776454 -4.008536 -15.69919
v -0.9556502 -3.971219 -15.81874
v -2.413006 -6.214353 -17.54789
v -1.322533 -5.363055 -16.74947
v -1.970811 -6.186382 -17.87889
v -1.322533 -5.363055 -16.74947
v -1.905621 -6.247375 -17.88852
v -1.970811 -6.186382 -17.87889
v -2.397572 -6.303726 -17.50934
v -1.912261 -5.341618 -16.44479
v -2.413006 -6.214353 -17.54789
v -1.905621 -6.247375 -17.88852
v -1.875271 -5.425939 -16.37345
v -2.397572 -6.303726 -17.50934
v -0.9325709 -4.389597 -15.87572
v -1.701257 -3.888959 -15.36735
v -1.728311 -4.395705 -15.58612
v -1.725781 -3.837876 -15.48664
v -1.728311 -4.395705 -15.58612
v -1.701257 -3.888959 -15.36735
v -0.9556502 -3.971219 -15.81874
v -1.701257 -3.888959 -15.36735
v -0.8776454 -4.008536 -15.69919
v -1.064236 -4.580491 -16.067
v -1.115103 -4.624728 -15.95639
v -1.177103 -4.063042 -15.91464
v -0.3507403 -4.566217 -15.64483
v -0.6002303 -5.611672 -16.60965
v -1.064236 -4.580491 -16.067
v -0.4286878 -4.196351 -15.53611
v -1.177103 -4.063042 -15.91464
v -1.25329 -4.108224 -15.81668
v -0.3794769 -4.616348 -15.537
v -0.4701811 -4.226743 -15.39782
v -1.25329 -4.108224 -15.81668
v -1.115103 -4.624728 -15.95639
v -0.01166413 -5.694146 -16.27297
v -0.3794769 -4.616348 -15.537
v 0.01302752 -5.635446 -16.35584
v -0.1023536 -6.542619 -17.66544
v -0.6002303 -5.611672 -16.60965
v -0.6002303 -5.611672 -16.60965
v -0.3507403 -4.566217 -15.64483
v 0.01302752 -5.635446 -16.35584
v -0.01166413 -5.694146 -16.27297
v -1.115103 -4.624728 -15.95639
v -0.6325328 -5.691972 -16.53169
v -0.6002303 -5.611672 -16.60965
v -0.1237161 -6.629853 -17.62487
v -0.6325328 -5.691972 -16.53169
v -0.6325328 -5.691972 -16.53169
v 0.4847932 -6.581165 -17.49712
v -0.01166413 -5.694146 -16.27297
v -0.01166413 -5.694146 -16.27297
v 0.4847932 -6.581165 -17.49712
v 0.01302752 -5.635446 -16.35584
v -0.3507403 -4.566217 -15.64483
v -0.01166413 -5.694146 -16.27297
v -0.3794769 -4.616348 -15.537
v -0.4701811 -4.226743 -15.39782
v -0.4286878 -4.196351 -15.53611
v -0.1023536 -6.542619 -17.66544
v 0.01302752 -5.635446 -16.35584
v 0.4366131 -6.521064 -17.54326
v 0.01302752 -5.635446 -16.35584
v 0.4847932 -6.581165 -17.49712
v 0.4366131 -6.521064 -17.54326
v -0.1237161 -6.629853 -17.62487
v -0.6002303 -5.611672 -16.60965
v -0.1023536 -6.542619 -17.66544
v 0.4847932 -6.581165 -17.49712
v -0.6325328 -5.691972 -16.53169
v -0.1237161 -6.629853 -17.62487
v -0.3794769 -4.616348 -15.537
v -1.25329 -4.108224 -15.81668
v -1.115103 -4.624728 -15.95639
v -1.177103 -4.063042 -15.91464
v -1.115103 -4.624728 -15.95639
v -1.25329 -4.108224 -15.81668
v -0.4286878 -4.196351 -15.53611
v -1.25329 -4.108224 -15.81668
v -0.4701811 -4.226743 -15.39782
v -0.2361094 -4.526904 -15.71665
v -0.3527054 -4.564178 -15.67428
v -0.3921944 -3.999105 -15.68886
v -0.02886635 -4.524607 -14.91381
v 0.4123849 -5.599032 -15.7723
v -0.2361094 -4.526904 -15.71665
v -0.1383698 -4.147466 -14.89215
v -0.3921944 -3.999105 -15.68886
v -0.5178084 -4.036798 -15.67333
v -0.1282192 -4.568814 -14.85776
v -0.2670308 -4.170126 -14.82357
v -0.5178084 -4.036798 -15.67333
v -0.3527054 -4.564178 -15.67428
v 0.5858435 -5.69171 -15.11817
v -0.1282192 -4.568814 -14.85776
v 0.6652527 -5.63771 -15.15941
v 1.452686 -6.594533 -16.16726
v 0.4123849 -5.599032 -15.7723
v 0.4123849 -5.599032 -15.7723
v -0.02886635 -4.524607 -14.91381
v 0.6652527 -5.63771 -15.15941
v 0.5858435 -5.69171 -15.11817
v -0.3527054 -4.564178 -15.67428
v 0.3297674 -5.674482 -15.7399
v 0.4123849 -5.599032 -15.7723
v 1.403742 -6.67897 -16.15359
v 0.3297674 -5.674482 -15.7399
v 0.3297674 -5.674482 -15.7399
v 1.746497 -6.650522 -15.63331
v 0.5858435 -5.69171 -15.11817
v 0.5858435 -5.69171 -15.11817
v 1.746497 -6.650522 -15.63331
v 0.6652527 -5.63771 -15.15941
v -0.02886635 -4.524607 -14.91381
v 0.5858435 -5.69171 -15.11817
v -0.1282192 -4.568814 -14.85776
v -0.2670308 -4.170126 -14.82357
v -0.1383698 -4.147466 -14.89215
v 1.452686 -6.594533 -16.16726
v 0.6652527 -5.63771 -15.15941
v 1.74861 -6.590479 -15.70005
v 0.6652527 -5.63771 -15.15941
v 1.746497 -6.650522 -15.63331
v 1.74861 -6.590479 -15.70005
v 1.403742 -6.67897 -16.15359
v 0.4123849 -5.599032 -15.7723
v 1.452686 -6.594533 -16.16726
v 1.746497 -6.650522 -15.63331
v 0.3297674 -5.674482 -15.7399
v 1.403742 -6.67897 -16.15359
v -0.1282192 -4.568814 -14.85776
v -0.5178084 -4.036798 -15.67333
v -0.3527054 -4.564178 -15.67428
v -0.3921944 -3.999105 -15.68886
v -0.3527054 -4.564178 -15.67428
v -0.5178084 -4.036798 -15.67333
v -0.1383698 -4.147466 -14.89215
v -0.5178084 -4.036798 -15.67333
v -0.2670308 -4.170126 -14.82357
v -2.42309 -5.576735 -16.21902
v -2.336037 -4.60774 -15.18627
v -1.939034 -4.660752 -15.86778
v -1.846033 -4.361876 -15.79368
v -2.213965 -4.333086 -15.12124
v -1.746587 -4.39886 -15.76509
v -1.939034 -4.660752 -15.86778
v -2.336037 -4.60774 -15.18627
v -1.846033 -4.361876 -15.79368
v -2.118006 -4.357392 -15.04862
v -2.263563 -4.648677 -15.12768
v -1.746587 -4.39886 -15.76509
v -2.869054 -5.550385 -15.43292
v -1.850356 -4.696804 -15.81825
v -2.263563 -4.648677 -15.12768
v -3.273619 -6.35847 -16.67596
v -2.926564 -5.502133 -15.47681
v -2.42309 -5.576735 -16.21902
v -2.336037 -4.60774 -15.18627
v -2.42309 -5.576735 -16.21902
v -2.926564 -5.502133 -15.47681
v -1.939034 -4.660752 -15.86778
v -2.362822 -5.643007 -16.18201
v -2.42309 -5.576735 -16.21902
v -1.850356 -4.696804 -15.81825
v -2.869054 -5.550385 -15.43292
v -2.362822 -5.643007 -16.18201
v -3.239058 -6.430779 -16.65862
v -2.42309 -5.576735 -16.21902
v -2.362822 -5.643007 -16.18201
v -3.801568 -6.296857 -16.00386
v -2.362822 -5.643007 -16.18201
v -2.869054 -5.550385 -15.43292
v -3.801568 -6.296857 -16.00386
v -2.869054 -5.550385 -15.43292
v -2.926564 -5.502133 -15.47681
v -2.869054 -5.550385 -15.43292
v -2.336037 -4.60774 -15.18627
v -2.263563 -4.648677 -15.12768
v -2.336037 -4.60774 -15.18627
v -2.118006 -4.357392 -15.04862
v -2.213965 -4.333086 -15.12124
v -2.926564 -5.502133 -15.47681
v -3.273619 -6.35847 -16.67596
v -3.792115 -6.247291 -16.05896
v -3.801568 -6.296857 -16.00386
v -2.926564 -5.502133 -15.47681
v -3.792115 -6.247291 -16.05896
v -2.42309 -5.576735 -16.21902
v -3.239058 -6.430779 -16.65862
v -3.273619 -6.35847 -16.67596
v -2.362822 -5.643007 -16.18201
v -3.801568 -6.296857 -16.00386
v -3.239058 -6.430779 -16.65862
v -1.746587 -4.39886 -15.76509
v -2.263563 -4.648677 -15.12768
v -1.850356 -4.696804 -15.81825
v -1.850356 -4.696804 -15.81825
v -1.846033 -4.361876 -15.79368
v -1.746587 -4.39886 -15.76509
v -1.746587 -4.39886 -15.76509
v -2.213965 -4.333086 -15.12124
v -2.118006 -4.357392 -15.04862
v -1.846033 -4.361876 -15.79368
v -2.336037 -4.60774 -15.18627
v -2.213965 -4.333086 -15.12124
v -1.648185 -6.540454 -13.56348
v -0.8573372 -5.441759 -13.98836
v -1.631256 -5.575346 -14.07824
v -1.635687 -5.267267 -14.17062
v -0.8792287 -5.158223 -14.10537
v -1.646584 -5.297882 -14.27559
v -1.631256 -5.575346 -14.07824
v -0.8573372 -5.441759 -13.98836
v -1.635687 -5.267267 -14.17062
v -0.8502651 -5.170536 -14.22404
v -0.8295621 -5.47294 -14.08119
v -1.646584 -5.297882 -14.27559
v -0.7565456 -6.420582 -13.47331
v -1.618882 -5.602515 -14.18181
v -0.8295621 -5.47294 -14.08119
v -1.625058 -7.394814 -12.6619
v -0.7779856 -6.379869 -13.39952
v -1.648185 -6.540454 -13.56348
v -0.8573372 -5.441759 -13.98836
v -1.648185 -6.540454 -13.56348
v -0.7779856 -6.379869 -13.39952
v -1.631256 -5.575346 -14.07824
v -1.632105 -6.599872 -13.63834
v -1.648185 -6.540454 -13.56348
v -1.618882 -5.602515 -14.18181
v -0.7565456 -6.420582 -13.47331
v -1.632105 -6.599872 -13.63834
v -1.615524 -7.463395 -12.70583
v -1.648185 -6.540454 -13.56348
v -1.632105 -6.599872 -13.63834
v -0.8067814 -7.25692 -12.44823
v -1.632105 -6.599872 -13.63834
v -0.7565456 -6.420582 -13.47331
v -0.8067814 -7.25692 -12.44823
v -0.7565456 -6.420582 -13.47331
v -0.7779856 -6.379869 -13.39952
v -0.7565456 -6.420582 -13.47331
v -0.8573372 -5.441759 -13.98836
v -0.8295621 -5.47294 -14.08119
v -0.8573372 -5.441759 -13.98836
v -0.8502651 -5.170536 -14.22404
v -0.8792287 -5.158223 -14.10537
v -0.7779856 -6.379869 -13.39952
v -1.625058 -7.394814 -12.6619
v -0.8660322 -7.214868 -12.43083
v -0.8067814 -7.25692 -12.44823
v -0.7779856 -6.379869 -13.39952
v -0.8660322 -7.214868 -12.43083
v -1.648185 -6.540454 -13.56348
v -1.615524 -7.463395 -12.70583
v -1.625058 -7.394814 -12.6619
v -1.632105 -6.599872 -13.63834
v -0.8067814 -7.25692 -12.44823
v -1.615524 -7.463395 -12.70583
v -1.646584 -5.297882 -14.27559
v -0.8295621 -5.47294 -14.08119
v -1.618882 -5.602515 -14.18181
v -1.618882 -5.602515 -14.18181
v -1.635687 -5.267267 -14.17062
v -1.646584 -5.297882 -14.27559
v -1.646584 -5.297882 -14.27559
v -0.8792287 -5.158223 -14.10537
v -0.8502651 -5.170536 -14.22404
v -1.635687 -5.267267 -14.17062
v -0.8573372 -5.441759 -13.98836
v -0.8792287 -5.158223 -14.10537
v -1.91081 -5.197827 -15.63214
v -1.842208 -5.230804 -15.52733
v -1.819573 -4.664618 -15.52692
v -1.187019 -5.259315 -16.03197
v -2.178946 -6.30054 -16.16621
v -1.91081 -5.197827 -15.63214
v -1.120601 -4.878541 -15.95918
v -1.819573 -4.664618 -15.52692
v -1.774666 -4.695758 -15.4067
v -1.109885 -5.301093 -15.94669
v -1.022937 -4.897933 -15.8503
v -1.774666 -4.695758 -15.4067
v -1.842208 -5.230804 -15.52733
v -1.594867 -6.445099 -16.48949
v -1.109885 -5.301093 -15.94669
v -1.652199 -6.393339 -16.5599
v -2.870229 -7.328235 -17
v -2.178946 -6.30054 -16.16621
v -2.178946 -6.30054 -16.16621
v -1.187019 -5.259315 -16.03197
v -1.652199 -6.393339 -16.5599
v -1.594867 -6.445099 -16.48949
v -1.842208 -5.230804 -15.52733
v -2.130368 -6.372913 -16.08894
v -2.178946 -6.30054 -16.16621
v -2.848665 -7.410344 -16.94995
v -2.130368 -6.372913 -16.08894
v -2.130368 -6.372913 -16.08894
v -2.430922 -7.435625 -17.41236
v -1.594867 -6.445099 -16.48949
v -1.594867 -6.445099 -16.48949
v -2.430922 -7.435625 -17.41236
v -1.652199 -6.393339 -16.5599
v -1.187019 -5.259315 -16.03197
v -1.594867 -6.445099 -16.48949
v -1.109885 -5.301093 -15.94669
v -1.022937 -4.897933 -15.8503
v -1.120601 -4.878541 -15.95918
v -2.870229 -7.328235 -17
v -1.652199 -6.393339 -16.5599
v -2.493109 -7.371652 -17.40221
v -1.652199 -6.393339 -16.5599
v -2.430922 -7.435625 -17.41236
v -2.493109 -7.371652 -17.40221
v -2.848665 -7.410344 -16.94995
v -2.178946 -6.30054 -16.16621
v -2.870229 -7.328235 -17
v -2.430922 -7.435625 -17.41236
v -2.130368 -6.372913 -16.08894
v -2.848665 -7.410344 -16.94995
v -1.109885 -5.301093 -15.94669
v -1.774666 -4.695758 -15.4067
v -1.842208 -5.230804 -15.52733
v -1.819573 -4.664618 -15.52692
v -1.842208 -5.230804 -15.52733
v -1.774666 -4.695758 -15.4067
v -1.120601 -4.878541 -15.95918
v -1.774666 -4.695758 -15.4067
v -1.022937 -4.897933 -15.8503
v -1.388576 -5.241194 -16.09758
v -1.400814 -5.278263 -15.97406
v -1.432073 -4.713193 -15.94582
v -0.5751913 -5.237145 -15.93665
v -1.155927 -6.314012 -16.70424
v -1.388576 -5.241194 -16.09758
v -0.6037748 -4.859858 -15.82925
v -1.432073 -4.713193 -15.94582
v -1.472415 -4.750741 -15.8258
v -0.5676287 -5.28113 -15.82274
v -0.5976455 -4.882242 -15.68354
v -1.472415 -4.750741 -15.8258
v -1.400814 -5.278263 -15.97406
v -0.4910461 -6.405268 -16.57709
v -0.5676287 -5.28113 -15.82274
v -0.4939213 -6.351435 -16.66663
v -1.059548 -7.311357 -17.81115
v -1.155927 -6.314012 -16.70424
v -1.155927 -6.314012 -16.70424
v -0.5751913 -5.237145 -15.93665
v -0.4939213 -6.351435 -16.66663
v -0.4910461 -6.405268 -16.57709
v -1.400814 -5.278263 -15.97406
v -1.162374 -6.389313 -16.6156
v -1.155927 -6.314012 -16.70424
v -1.06827 -7.39572 -17.76096
v -1.162374 -6.389313 -16.6156
v -1.162374 -6.389313 -16.6156
v -0.4509259 -7.366318 -17.8446
v -0.4910461 -6.405268 -16.57709
v -0.4910461 -6.405268 -16.57709
v -0.4509259 -7.366318 -17.8446
v -0.4939213 -6.351435 -16.66663
v -0.5751913 -5.237145 -15.93665
v -0.4910461 -6.405268 -16.57709
v -0.5676287 -5.28113 -15.82274
v -0.5976455 -4.882242 -15.68354
v -0.6037748 -4.859858 -15.82925
v -1.059548 -7.311357 -17.81115
v -0.4939213 -6.351435 -16.66663
v -0.5102661 -7.306438 -17.87552
v -0.4939213 -6.351435 -16.66663
v -0.4509259 -7.366318 -17.8446
v -0.5102661 -7.306438 -17.87552
v -1.06827 -7.39572 -17.76096
v -1.155927 -6.314012 -16.70424
v -1.059548 -7.311357 -17.81115
v -0.4509259 -7.366318 -17.8446
v -1.162374 -6.389313 -16.6156
v -1.06827 -7.39572 -17.76096
v -0.5676287 -5.28113 -15.82274
v -1.472415 -4.750741 -15.8258
v -1.400814 -5.278263 -15.97406
v -1.432073 -4.713193 -15.94582
v -1.400814 -5.278263 -15.97406
v -1.472415 -4.750741 -15.8258
v -0.6037748 -4.859858 -15.82925
v -1.472415 -4.750741 -15.8258
v -0.5976455 -4.882242 -15.68354
v -0.4636616 -6.545079 -13.50887
v -0.1717931 -5.523786 -14.44954
v -0.7930866 -5.60849 -13.96819
v -0.8553548 -5.30548 -14.05637
v -0.2641352 -5.2452 -14.54135
v -0.9366014 -5.340159 -14.12172
v -0.7930866 -5.60849 -13.96819
v -0.1717931 -5.523786 -14.44954
v -0.8553548 -5.30548 -14.05637
v -0.325922 -5.26499 -14.64557
v -0.2168021 -5.561091 -14.53287
v -0.9366014 -5.340159 -14.12172
v 0.2422777 -6.482035 -14.07029
v -0.8565622 -5.641251 -14.04891
v -0.2168021 -5.561091 -14.53287
v 0.1650576 -7.35593 -12.80848
v 0.2787758 -6.436553 -14.00579
v -0.4636616 -6.545079 -13.50887
v -0.1717931 -5.523786 -14.44954
v -0.4636616 -6.545079 -13.50887
v 0.2787758 -6.436553 -14.00579
v -0.7930866 -5.60849 -13.96819
v -0.5050698 -6.608888 -13.56893
v -0.4636616 -6.545079 -13.50887
v -0.8565622 -5.641251 -14.04891
v 0.2422777 -6.482035 -14.07029
v -0.5050698 -6.608888 -13.56893
v 0.140273 -7.426979 -12.84107
v -0.4636616 -6.545079 -13.50887
v -0.5050698 -6.608888 -13.56893
v 0.904299 -7.264161 -13.23197
v -0.5050698 -6.608888 -13.56893
v 0.2422777 -6.482035 -14.07029
v 0.904299 -7.264161 -13.23197
v 0.2422777 -6.482035 -14.07029
v 0.2787758 -6.436553 -14.00579
v 0.2422777 -6.482035 -14.07029
v -0.1717931 -5.523786 -14.44954
v -0.2168021 -5.561091 -14.53287
v -0.1717931 -5.523786 -14.44954
v -0.325922 -5.26499 -14.64557
v -0.2641352 -5.2452 -14.54135
v 0.2787758 -6.436553 -14.00579
v 0.1650576 -7.35593 -12.80848
v 0.8744596 -7.217409 -13.18192
v 0.904299 -7.264161 -13.23197
v 0.2787758 -6.436553 -14.00579
v 0.8744596 -7.217409 -13.18192
v -0.4636616 -6.545079 -13.50887
v 0.140273 -7.426979 -12.84107
v 0.1650576 -7.35593 -12.80848
v -0.5050698 -6.608888 -13.56893
v 0.904299 -7.264161 -13.23197
v 0.140273 -7.426979 -12.84107
v -0.9366014 -5.340159 -14.12172
v -0.2168021 -5.561091 -14.53287
v -0.8565622 -5.641251 -14.04891
v -0.8565622 -5.641251 -14.04891
v -0.8553548 -5.30548 -14.05637
v -0.9366014 -5.340159 -14.12172
v -0.9366014 -5.340159 -14.12172
v -0.2641352 -5.2452 -14.54135
v -0.325922 -5.26499 -14.64557
v -0.8553548 -5.30548 -14.05637
v -0.1717931 -5.523786 -14.44954
v -0.2641352 -5.2452 -14.54135
v -0.582155 -5.159259 -16.01394
v -0.6800939 -5.195801 -15.93744
v -0.7143586 -4.630209 -15.93434
v -0.1336873 -5.168786 -15.31659
v 0.001348222 -6.237438 -16.27879
v -0.582155 -5.159259 -16.01394
v -0.2256654 -4.790794 -15.25864
v -0.7143586 -4.630209 -15.93434
v -0.829282 -4.666755 -15.8805
v -0.2110652 -5.212607 -15.23257
v -0.3266441 -4.812914 -15.15335
v -0.829282 -4.666755 -15.8805
v -0.6800939 -5.195801 -15.93744
v 0.3698103 -6.339789 -15.71282
v -0.2110652 -5.212607 -15.23257
v 0.4330269 -6.28614 -15.77645
v 0.8515692 -7.239076 -16.98808
v 0.001348222 -6.237438 -16.27879
v 0.001348222 -6.237438 -16.27879
v -0.1336873 -5.168786 -15.31659
v 0.4330269 -6.28614 -15.77645
v 0.3698103 -6.339789 -15.71282
v -0.6800939 -5.195801 -15.93744
v -0.06798231 -6.312396 -16.22273
v 0.001348222 -6.237438 -16.27879
v 0.8082165 -7.323149 -16.96043
v -0.06798231 -6.312396 -16.22273
v -0.06798231 -6.312396 -16.22273
v 1.297141 -7.304573 -16.57367
v 0.3698103 -6.339789 -15.71282
v 0.3698103 -6.339789 -15.71282
v 1.297141 -7.304573 -16.57367
v 0.4330269 -6.28614 -15.77645
v -0.1336873 -5.168786 -15.31659
v 0.3698103 -6.339789 -15.71282
v -0.2110652 -5.212607 -15.23257
v -0.3266441 -4.812914 -15.15335
v -0.2256654 -4.790794 -15.25864
v 0.8515692 -7.239076 -16.98808
v 0.4330269 -6.28614 -15.77645
v 1.279058 -7.24376 -16.63721
v 0.4330269 -6.28614 -15.77645
v 1.297141 -7.304573 -16.57367
v 1.279058 -7.24376 -16.63721
v 0.8082165 -7.323149 -16.96043
v 0.001348222 -6.237438 -16.27879
v 0.8515692 -7.239076 -16.98808
v 1.297141 -7.304573 -16.57367
v -0.06798231 -6.312396 -16.22273
v 0.8082165 -7.323149 -16.96043
v -0.2110652 -5.212607 -15.23257
v -0.829282 -4.666755 -15.8805
v -0.6800939 -5.195801 -15.93744
v -0.7143586 -4.630209 -15.93434
v -0.6800939 -5.195801 -15.93744
v -0.829282 -4.666755 -15.8805
v -0.2256654 -4.790794 -15.25864
v -0.829282 -4.666755 -15.8805
v -0.3266441 -4.812914 -15.15335
v -2.635873 -6.668861 -15.64256
v -2.227067 -5.625426 -14.77238
v -2.138884 -5.698315 -15.55455
v -2.052216 -5.389106 -15.53598
v -2.11541 -5.338899 -14.77318
v -1.946762 -5.416832 -15.54958
v -2.138884 -5.698315 -15.55455
v -2.227067 -5.625426 -14.77238
v -2.052216 -5.389106 -15.53598
v -1.996384 -5.35114 -14.7457
v -2.133532 -5.656873 -14.74742
v -1.946762 -5.416832 -15.54958
v -2.723457 -6.61856 -14.74405
v -2.034773 -5.724395 -15.54468
v -2.133532 -5.656873 -14.74742
v -3.521432 -7.539287 -15.68071
v -2.798098 -6.577734 -14.76205
v -2.635873 -6.668861 -15.64256
v -2.227067 -5.625426 -14.77238
v -2.635873 -6.668861 -15.64256
v -2.798098 -6.577734 -14.76205
v -2.138884 -5.698315 -15.55455
v -2.559842 -6.72791 -15.63133
v -2.635873 -6.668861 -15.64256
v -2.034773 -5.724395 -15.54468
v -2.723457 -6.61856 -14.74405
v -2.559842 -6.72791 -15.63133
v -3.476196 -7.607554 -15.67658
v -2.635873 -6.668861 -15.64256
v -2.559842 -6.72791 -15.63133
v -3.73322 -7.467782 -14.8535
v -2.559842 -6.72791 -15.63133
v -2.723457 -6.61856 -14.74405
v -3.73322 -7.467782 -14.8535
v -2.723457 -6.61856 -14.74405
v -2.798098 -6.577734 -14.76205
v -2.723457 -6.61856 -14.74405
v -2.227067 -5.625426 -14.77238
v -2.133532 -5.656873 -14.74742
v -2.227067 -5.625426 -14.77238
v -1.996384 -5.35114 -14.7457
v -2.11541 -5.338899 -14.77318
v -2.798098 -6.577734 -14.76205
v -3.521432 -7.539287 -15.68071
v -3.751708 -7.421696 -14.90932
v -3.73322 -7.467782 -14.8535
v -2.798098 -6.577734 -14.76205
v -3.751708 -7.421696 -14.90932
v -2.635873 -6.668861 -15.64256
v -3.476196 -7.607554 -15.67658
v -3.521432 -7.539287 -15.68071
v -2.559842 -6.72791 -15.63133
v -3.73322 -7.467782 -14.8535
v -3.476196 -7.607554 -15.67658
v -1.946762 -5.416832 -15.54958
v -2.133532 -5.656873 -14.74742
v -2.034773 -5.724395 -15.54468
v -2.034773 -5.724395 -15.54468
v -2.052216 -5.389106 -15.53598
v -1.946762 -5.416832 -15.54958
v -1.946762 -5.416832 -15.54958
v -2.11541 -5.338899 -14.77318
v -1.996384 -5.35114 -14.7457
v -2.052216 -5.389106 -15.53598
v -2.227067 -5.625426 -14.77238
v -2.11541 -5.338899 -14.77318
v -2.830699 -5.857011 -15.06193
v -2.167681 -4.831681 -14.3393
v -2.359003 -4.870947 -15.10529
v -2.279108 -4.559375 -15.1028
v -2.070666 -4.540989 -14.36484
v -2.184553 -4.582207 -15.15392
v -2.359003 -4.870947 -15.10529
v -2.167681 -4.831681 -14.3393
v -2.279108 -4.559375 -15.1028
v -1.949326 -4.549373 -14.38153
v -2.070594 -4.860191 -14.35036
v -2.184553 -4.582207 -15.15392
v -2.597253 -5.844722 -14.18851
v -2.257475 -4.893085 -15.1339
v -2.070594 -4.860191 -14.35036
v -3.65084 -6.760978 -14.83058
v -2.674444 -5.806338 -14.1771
v -2.830699 -5.857011 -15.06193
v -2.167681 -4.831681 -14.3393
v -2.830699 -5.857011 -15.06193
v -2.674444 -5.806338 -14.1771
v -2.359003 -4.870947 -15.10529
v -2.754137 -5.913274 -15.08107
v -2.830699 -5.857011 -15.06193
v -2.257475 -4.893085 -15.1339
v -2.597253 -5.844722 -14.18851
v -2.754137 -5.913274 -15.08107
v -3.605357 -6.827439 -14.84602
v -2.830699 -5.857011 -15.06193
v -2.754137 -5.913274 -15.08107
v -3.559244 -6.729895 -13.97918
v -2.754137 -5.913274 -15.08107
v -2.597253 -5.844722 -14.18851
v -3.559244 -6.729895 -13.97918
v -2.597253 -5.844722 -14.18851
v -2.674444 -5.806338 -14.1771
v -2.597253 -5.844722 -14.18851
v -2.167681 -4.831681 -14.3393
v -2.070594 -4.860191 -14.35036
v -2.167681 -4.831681 -14.3393
v -1.949326 -4.549373 -14.38153
v -2.070666 -4.540989 -14.36484
v -2.674444 -5.806338 -14.1771
v -3.65084 -6.760978 -14.83058
v -3.597363 -6.682509 -14.02257
v -3.559244 -6.729895 -13.97918
v -2.674444 -5.806338 -14.1771
v -3.597363 -6.682509 -14.02257
v -2.830699 -5.857011 -15.06193
v -3.605357 -6.827439 -14.84602
v -3.65084 -6.760978 -14.83058
v -2.754137 -5.913274 -15.08107
v -3.559244 -6.729895 -13.97918
v -3.605357 -6.827439 -14.84602
v -2.184553 -4.582207 -15.15392
v -2.070594 -4.860191 -14.35036
v -2.257475 -4.893085 -15.1339
v -2.257475 -4.893085 -15.1339
v -2.279108 -4.559375 -15.1028
v -2.184553 -4.582207 -15.15392
v -2.184553 -4.582207 -15.15392
v -2.070666 -4.540989 -14.36484
v -1.949326 -4.549373 -14.38153
v -2.279108 -4.559375 -15.1028
v -2.167681 -4.831681 -14.3393
v -2.070666 -4.540989 -14.36484
v -0.2597806 -2.540973 -14.14741
v -0.1455249 -2.510787 -14.11502
v -0.2277551 -2.149745 -14.15116
v 0.3850276 -3.587196 -13.88123
v 0.1774596 -2.534379 -15.08555
v -0.1455249 -2.510787 -14.11502
v -0.2277551 -2.149745 -14.15116
v 0.09522893 -2.173337 -15.12169
v -0.3491743 -2.178373 -14.15778
v -0.03087507 -2.19038 -15.17903
v 0.07836164 -2.572875 -15.13126
v -0.3491743 -2.178373 -14.15778
v 0.6989536 -3.66142 -14.85723
v -0.2597806 -2.540973 -14.14741
v 0.07836164 -2.572875 -15.13126
v 1.327472 -4.568665 -13.5028
v 0.7790737 -3.613242 -14.82508
v 0.3850276 -3.587196 -13.88123
v 0.1774596 -2.534379 -15.08555
v 0.3850276 -3.587196 -13.88123
v 0.7790737 -3.613242 -14.82508
v -0.2597806 -2.540973 -14.14741
v 0.6989536 -3.66142 -14.85723
v 0.3010733 -3.654929 -13.9037
v 1.763111 -4.609414 -14.37318
v 0.3010733 -3.654929 -13.9037
v 0.6989536 -3.66142 -14.85723
v 1.763111 -4.609414 -14.37318
v 0.6989536 -3.66142 -14.85723
v 0.7790737 -3.613242 -14.82508
v 0.6989536 -3.66142 -14.85723
v 0.1774596 -2.534379 -15.08555
v 0.07836164 -2.572875 -15.13126
v -0.03087507 -2.19038 -15.17903
v 0.09522893 -2.173337 -15.12169
v 0.7790737 -3.613242 -14.82508
v 1.327472 -4.568665 -13.5028
v 1.772006 -4.549465 -14.31367
v 1.763111 -4.609414 -14.37318
v 0.7790737 -3.613242 -14.82508
v 1.772006 -4.549465 -14.31367
v 0.3850276 -3.587196 -13.88123
v 1.275687 -4.645958 -13.5087
v 1.327472 -4.568665 -13.5028
v 0.3010733 -3.654929 -13.9037
v 1.763111 -4.609414 -14.37318
v 1.275687 -4.645958 -13.5087
v -0.3491743 -2.178373 -14.15778
v 0.07836164 -2.572875 -15.13126
v -0.2597806 -2.540973 -14.14741
v -0.2597806 -2.540973 -14.14741
v -0.2277551 -2.149745 -14.15116
v -0.3491743 -2.178373 -14.15778
v -0.3491743 -2.178373 -14.15778
v 0.09522893 -2.173337 -15.12169
v -0.03087507 -2.19038 -15.17903
v -2.087645 -3.513162 -13.68665
v -0.9588085 -2.55326 -13.80369
v -1.743558 -2.485514 -14.05938
v -1.659081 -2.162766 -14.10685
v -0.8919784 -2.24833 -13.88329
v -1.654188 -2.17971 -14.22061
v -1.743558 -2.485514 -14.05938
v -0.9588085 -2.55326 -13.80369
v -1.659081 -2.162766 -14.10685
v -0.8401543 -2.255232 -14.0008
v -0.9179725 -2.581739 -13.89799
v -1.654188 -2.17971 -14.22061
v -1.188258 -3.624203 -13.41096
v -1.714915 -2.504933 -14.16686
v -0.9179725 -2.581739 -13.89799
v -2.450328 -4.480436 -12.89505
v -1.216514 -3.585612 -13.33342
v -2.087645 -3.513162 -13.68665
v -0.9588085 -2.55326 -13.80369
v -2.087645 -3.513162 -13.68665
v -1.216514 -3.585612 -13.33342
v -1.743558 -2.485514 -14.05938
v -2.068707 -3.569223 -13.76916
v -2.087645 -3.513162 -13.68665
v -1.714915 -2.504933 -14.16686
v -1.188258 -3.624203 -13.41096
v -2.068707 -3.569223 -13.76916
v -2.446667 -4.547467 -12.94865
v -2.087645 -3.513162 -13.68665
v -2.068707 -3.569223 -13.76916
v -1.646949 -4.568236 -12.50427
v -2.068707 -3.569223 -13.76916
v -1.188258 -3.624203 -13.41096
v -1.646949 -4.568236 -12.50427
v -1.188258 -3.624203 -13.41096
v -1.216514 -3.585612 -13.33342
v -1.188258 -3.624203 -13.41096
v -0.9588085 -2.55326 -13.80369
v -0.9179725 -2.581739 -13.89799
v -0.9588085 -2.55326 -13.80369
v -0.8401543 -2.255232 -14.0008
v -0.8919784 -2.24833 -13.88329
v -1.216514 -3.585612 -13.33342
v -2.450328 -4.480436 -12.89505
v -1.700563 -4.512772 -12.49102
v -1.646949 -4.568236 -12.50427
v -1.216514 -3.585612 -13.33342
v -1.700563 -4.512772 -12.49102
v -2.087645 -3.513162 -13.68665
v -2.446667 -4.547467 -12.94865
v -2.450328 -4.480436 -12.89505
v -2.068707 -3.569223 -13.76916
v -1.646949 -4.568236 -12.50427
v -2.446667 -4.547467 -12.94865
v -1.654188 -2.17971 -14.22061
v -0.9179725 -2.581739 -13.89799
v -1.714915 -2.504933 -14.16686
v -1.714915 -2.504933 -14.16686
v -1.659081 -2.162766 -14.10685
v -1.654188 -2.17971 -14.22061
v -1.654188 -2.17971 -14.22061
v -0.8919784 -2.24833 -13.88329
v -0.8401543 -2.255232 -14.0008
v -1.659081 -2.162766 -14.10685
v -0.9588085 -2.55326 -13.80369
v -0.8919784 -2.24833 -13.88329
v -2.086693 -2.551699 -15.29355
v -2.187989 -2.528556 -15.26712
v -2.121691 -2.210192 -15.28217
v -2.656443 -3.487151 -15.18902
v -1.995529 -2.527304 -14.39281
v -2.187989 -2.528556 -15.26712
v -2.121691 -2.210192 -15.28217
v -1.92923 -2.208939 -14.40787
v -2.026596 -2.232583 -15.3312
v -1.808289 -2.219624 -14.42105
v -1.899388 -2.557627 -14.40232
v -2.026596 -2.232583 -15.3312
v -2.453096 -3.529823 -14.31391
v -2.086693 -2.551699 -15.29355
v -1.899388 -2.557627 -14.40232
v -3.502108 -4.375262 -15.03639
v -2.529224 -3.490254 -14.30287
v -2.656443 -3.487151 -15.18902
v -1.995529 -2.527304 -14.39281
v -2.656443 -3.487151 -15.18902
v -2.529224 -3.490254 -14.30287
v -2.086693 -2.551699 -15.29355
v -2.453096 -3.529823 -14.31391
v -2.581136 -3.544023 -15.20877
v -3.438539 -4.394205 -14.18658
v -2.581136 -3.544023 -15.20877
v -2.453096 -3.529823 -14.31391
v -3.438539 -4.394205 -14.18658
v -2.453096 -3.529823 -14.31391
v -2.529224 -3.490254 -14.30287
v -2.453096 -3.529823 -14.31391
v -1.995529 -2.527304 -14.39281
v -1.899388 -2.557627 -14.40232
v -1.808289 -2.219624 -14.42105
v -1.92923 -2.208939 -14.40787
v -2.529224 -3.490254 -14.30287
v -3.502108 -4.375262 -15.03639
v -3.473787 -4.343712 -14.22819
v -3.438539 -4.394205 -14.18658
v -2.529224 -3.490254 -14.30287
v -3.473787 -4.343712 -14.22819
v -2.656443 -3.487151 -15.18902
v -3.458072 -4.441623 -15.05402
v -3.502108 -4.375262 -15.03639
v -2.581136 -3.544023 -15.20877
v -3.438539 -4.394205 -14.18658
v -3.458072 -4.441623 -15.05402
v -2.026596 -2.232583 -15.3312
v -1.899388 -2.557627 -14.40232
v -2.086693 -2.551699 -15.29355
v -2.086693 -2.551699 -15.29355
v -2.121691 -2.210192 -15.28217
v -2.026596 -2.232583 -15.3312
v -2.026596 -2.232583 -15.3312
v -1.92923 -2.208939 -14.40787
v -1.808289 -2.219624 -14.42105
v -1.357148 -2.529928 -16.08036
v -1.437233 -2.509114 -16.15631
v -1.396135 -2.173552 -16.11137
v -1.738539 -3.528035 -16.51277
v -2.109139 -2.514464 -15.50201
v -1.437233 -2.509114 -16.15631
v -1.396135 -2.173552 -16.11137
v -2.068041 -2.178902 -15.45706
v -1.299385 -2.193443 -16.05343
v -1.989248 -2.18627 -15.35653
v -2.046765 -2.543193 -15.42116
v -1.299385 -2.193443 -16.05343
v -2.403921 -3.579062 -15.84754
v -1.357148 -2.529928 -16.08036
v -2.046765 -2.543193 -15.42116
v -2.316363 -4.485545 -17.16499
v -2.456877 -3.540075 -15.9099
v -1.738539 -3.528035 -16.51277
v -2.109139 -2.514464 -15.50201
v -1.738539 -3.528035 -16.51277
v -2.456877 -3.540075 -15.9099
v -1.357148 -2.529928 -16.08036
v -2.403921 -3.579062 -15.84754
v -1.677809 -3.585041 -16.45564
v -3.037049 -4.515564 -16.63856
v -1.677809 -3.585041 -16.45564
v -2.403921 -3.579062 -15.84754
v -3.037049 -4.515564 -16.63856
v -2.403921 -3.579062 -15.84754
v -2.456877 -3.540075 -15.9099
v -2.403921 -3.579062 -15.84754
v -2.109139 -2.514464 -15.50201
v -2.046765 -2.543193 -15.42116
v -1.989248 -2.18627 -15.35653
v -2.068041 -2.178902 -15.45706
v -2.456877 -3.540075 -15.9099
v -2.316363 -4.485545 -17.16499
v -3.020882 -4.46316 -16.69382
v -3.037049 -4.515564 -16.63856
v -2.456877 -3.540075 -15.9099
v -3.020882 -4.46316 -16.69382
v -1.738539 -3.528035 -16.51277
v -2.274511 -4.553457 -17.13435
v -2.316363 -4.485545 -17.16499
v -1.677809 -3.585041 -16.45564
v -3.037049 -4.515564 -16.63856
v -2.274511 -4.553457 -17.13435
v -1.299385 -2.193443 -16.05343
v -2.046765 -2.543193 -15.42116
v -1.357148 -2.529928 -16.08036
v -1.357148 -2.529928 -16.08036
v -1.396135 -2.173552 -16.11137
v -1.299385 -2.193443 -16.05343
v -1.299385 -2.193443 -16.05343
v -2.068041 -2.178902 -15.45706
v -1.989248 -2.18627 -15.35653
v -0.3151893 -2.547042 -15.83904
v -0.2868794 -2.523436 -15.93973
v -0.3050993 -2.205369 -15.8728
v -0.1250189 -3.480253 -16.39001
v -1.139184 -2.514657 -16.2135
v -0.2868794 -2.523436 -15.93973
v -0.3050993 -2.205369 -15.8728
v -1.157404 -2.196587 -16.14658
v -0.310758 -2.228413 -15.7661
v -1.20696 -2.207658 -16.03551
v -1.179572 -2.545276 -16.12585
v -0.310758 -2.228413 -15.7661
v -0.9837909 -3.515413 -16.65507
v -0.3151893 -2.547042 -15.83904
v -1.179572 -2.545276 -16.12585
v 0.1627997 -4.365086 -17.20329
v -0.9547443 -3.475579 -16.72615
v -0.1250189 -3.480253 -16.39001
v -1.139184 -2.514657 -16.2135
v -0.1250189 -3.480253 -16.39001
v -0.9547443 -3.475579 -16.72615
v -0.3151893 -2.547042 -15.83904
v -0.9837909 -3.515413 -16.65507
v -0.1462506 -3.537467 -16.31537
v -0.6035925 -4.376441 -17.57624
v -0.1462506 -3.537467 -16.31537
v -0.9837909 -3.515413 -16.65507
v -0.6035925 -4.376441 -17.57624
v -0.9837909 -3.515413 -16.65507
v -0.9547443 -3.475579 -16.72615
v -0.9837909 -3.515413 -16.65507
v -1.139184 -2.514657 -16.2135
v -1.179572 -2.545276 -16.12585
v -1.20696 -2.207658 -16.03551
v -1.157404 -2.196587 -16.14658
v -0.9547443 -3.475579 -16.72615
v 0.1627997 -4.365086 -17.20329
v -0.5495531 -4.326252 -17.58542
v -0.6035925 -4.376441 -17.57624
v -0.9547443 -3.475579 -16.72615
v -0.5495531 -4.326252 -17.58542
v -0.1250189 -3.480253 -16.39001
v 0.1554181 -4.431702 -17.15679
v 0.1627997 -4.365086 -17.20329
v -0.1462506 -3.537467 -16.31537
v -0.6035925 -4.376441 -17.57624
v 0.1554181 -4.431702 -17.15679
v -0.310758 -2.228413 -15.7661
v -1.179572 -2.545276 -16.12585
v -0.3151893 -2.547042 -15.83904
v -0.3151893 -2.547042 -15.83904
v -0.3050993 -2.205369 -15.8728
v -0.310758 -2.228413 -15.7661
v -0.310758 -2.228413 -15.7661
v -1.157404 -2.196587 -16.14658
v -1.20696 -2.207658 -16.03551
v 0.6255215 -3.712248 -15.43604
v -0.1593213 -2.588121 -15.77786
v 0.1536774 -2.562734 -15.202
v 0.09870645 -2.184837 -15.15487
v -0.214293 -2.210222 -15.73073
v -0.003584195 -2.209388 -15.07987
v -0.3530552 -2.217483 -15.69164
v -0.271139 -2.619578 -15.74904
v -0.003584195 -2.209388 -15.07987
v 0.2970502 -3.788832 -16.01289
v 0.03964695 -2.586488 -15.15208
v -0.271139 -2.619578 -15.74904
v 1.525786 -4.79327 -15.82896
v 0.3858329 -3.745365 -16.03901
v 0.6255215 -3.712248 -15.43604
v -0.1593213 -2.588121 -15.77786
v 0.6255215 -3.712248 -15.43604
v 0.3858329 -3.745365 -16.03901
v 0.03964695 -2.586488 -15.15208
v 0.2970502 -3.788832 -16.01289
v 0.5383755 -3.77669 -15.40085
v 1.366409 -4.850502 -16.40324
v 0.5383755 -3.77669 -15.40085
v 0.2970502 -3.788832 -16.01289
v 1.366409 -4.850502 -16.40324
v 0.2970502 -3.788832 -16.01289
v 0.3858329 -3.745365 -16.03901
v 0.2970502 -3.788832 -16.01289
v -0.1593213 -2.588121 -15.77786
v -0.271139 -2.619578 -15.74904
v -0.3530552 -2.217483 -15.69164
v -0.214293 -2.210222 -15.73073
v 0.3858329 -3.745365 -16.03901
v 1.525786 -4.79327 -15.82896
v 1.418717 -4.79527 -16.35931
v 1.366409 -4.850502 -16.40324
v 0.3858329 -3.745365 -16.03901
v 1.418717 -4.79527 -16.35931
v 0.6255215 -3.712248 -15.43604
v 1.474036 -4.870363 -15.803
v 1.525786 -4.79327 -15.82896
v 0.5383755 -3.77669 -15.40085
v 1.366409 -4.850502 -16.40324
v 1.474036 -4.870363 -15.803
v -0.003584195 -2.209388 -15.07987
v -0.271139 -2.619578 -15.74904
v 0.03964695 -2.586488 -15.15208
v 0.03964695 -2.586488 -15.15208
v 0.09870645 -2.184837 -15.15487
v -0.003584195 -2.209388 -15.07987
v -0.003584195 -2.209388 -15.07987
v -0.214293 -2.210222 -15.73073
v -0.3530552 -2.217483 -15.69164
v -0.7541401 -3.822593 -13.15819
v -0.2503029 -2.631312 -13.98851
v -0.9237601 -2.595325 -13.7556
v -0.9652253 -2.187333 -13.83932
v -0.2917688 -2.223319 -14.07224
v -1.02761 -2.219033 -13.9612
v -0.3091872 -2.237473 -14.22764
v -0.2614198 -2.670526 -14.11215
v -1.02761 -2.219033 -13.9612
v -0.07680187 -3.914881 -13.4053
v -0.9571447 -2.626443 -13.88567
v -0.2614198 -2.670526 -14.11215
v -0.4898186 -4.955754 -12.07624
v -0.06453347 -3.863618 -13.30736
v -0.7541401 -3.822593 -13.15819
v -0.2503029 -2.631312 -13.98851
v -0.7541401 -3.822593 -13.15819
v -0.06453347 -3.863618 -13.30736
v -0.9571447 -2.626443 -13.88567
v -0.07680187 -3.914881 -13.4053
v -0.7764059 -3.896661 -13.25506
v 0.1548337 -5.01981 -12.14329
v -0.7764059 -3.896661 -13.25506
v -0.07680187 -3.914881 -13.4053
v 0.1548337 -5.01981 -12.14329
v -0.07680187 -3.914881 -13.4053
v -0.06453347 -3.863618 -13.30736
v -0.07680187 -3.914881 -13.4053
v -0.2503029 -2.631312 -13.98851
v -0.2614198 -2.670526 -14.11215
v -0.3091872 -2.237473 -14.22764
v -0.2917688 -2.223319 -14.07224
v -0.06453347 -3.863618 -13.30736
v -0.4898186 -4.955754 -12.07624
v 0.09835242 -4.957922 -12.09735
v 0.1548337 -5.01981 -12.14329
v -0.06453347 -3.863618 -13.30736
v 0.09835242 -4.957922 -12.09735
v -0.7541401 -3.822593 -13.15819
v -0.5084165 -5.041981 -12.13297
v -0.4898186 -4.955754 -12.07624
v -0.7764059 -3.896661 -13.25506
v 0.1548337 -5.01981 -12.14329
v -0.5084165 -5.041981 -12.13297
v -1.02761 -2.219033 -13.9612
v -0.2614198 -2.670526 -14.11215
v -0.9571447 -2.626443 -13.88567
v -0.9571447 -2.626443 -13.88567
v -0.9652253 -2.187333 -13.83932
v -1.02761 -2.219033 -13.9612
v -1.02761 -2.219033 -13.9612
v -0.2917688 -2.223319 -14.07224
v -0.3091872 -2.237473 -14.22764
v 0.4977432 -2.313301 -15.39978
v -0.3529729 -1.425413 -15.74419
v 0.003111307 -1.504749 -15.13339
v -0.09766188 -1.238832 -15.07912
v -0.4595048 -1.182753 -15.66439
v -0.1641756 -1.275955 -15.01604
v 0.003111307 -1.504749 -15.13339
v -0.3529729 -1.425413 -15.74419
v -0.09766188 -1.238832 -15.07912
v -0.5589477 -1.207433 -15.62302
v -0.430902 -1.464269 -15.71573
v -0.1641756 -1.275955 -15.01604
v 0.08183783 -2.2536 -16.09669
v -0.07498028 -1.540125 -15.088
v -0.430902 -1.464269 -15.71573
v 1.237783 -2.986891 -15.89854
v 0.1415694 -2.208546 -16.11966
v 0.4977432 -2.313301 -15.39978
v -0.3529729 -1.425413 -15.74419
v 0.4977432 -2.313301 -15.39978
v 0.1415694 -2.208546 -16.11966
v 0.003111307 -1.504749 -15.13339
v 0.4422504 -2.374815 -15.37247
v 0.4977432 -2.313301 -15.39978
v -0.07498028 -1.540125 -15.088
v 0.08183783 -2.2536 -16.09669
v 0.4422504 -2.374815 -15.37247
v 1.209146 -3.053074 -15.88284
v 0.4977432 -2.313301 -15.39978
v 0.4422504 -2.374815 -15.37247
v 0.9473897 -2.894134 -16.60695
v 0.4422504 -2.374815 -15.37247
v 0.08183783 -2.2536 -16.09669
v 0.9473897 -2.894134 -16.60695
v 0.08183783 -2.2536 -16.09669
v 0.1415694 -2.208546 -16.11966
v 0.08183783 -2.2536 -16.09669
v -0.3529729 -1.425413 -15.74419
v -0.430902 -1.464269 -15.71573
v -0.3529729 -1.425413 -15.74419
v -0.5589477 -1.207433 -15.62302
v -0.4595048 -1.182753 -15.66439
v 0.1415694 -2.208546 -16.11966
v 1.237783 -2.986891 -15.89854
v 0.9860238 -2.851133 -16.5726
v 0.9473897 -2.894134 -16.60695
v 0.1415694 -2.208546 -16.11966
v 0.9860238 -2.851133 -16.5726
v 0.4977432 -2.313301 -15.39978
v 1.209146 -3.053074 -15.88284
v 1.237783 -2.986891 -15.89854
v 0.4422504 -2.374815 -15.37247
v 0.9473897 -2.894134 -16.60695
v 1.209146 -3.053074 -15.88284
v -0.1641756 -1.275955 -15.01604
v -0.430902 -1.464269 -15.71573
v -0.07498028 -1.540125 -15.088
v -0.07498028 -1.540125 -15.088
v -0.09766188 -1.238832 -15.07912
v -0.1641756 -1.275955 -15.01604
v -0.1641756 -1.275955 -15.01604
v -0.4595048 -1.182753 -15.66439
v -0.5589477 -1.207433 -15.62302
v -0.09766188 -1.238832 -15.07912
v -0.3529729 -1.425413 -15.74419
v -0.4595048 -1.182753 -15.66439
v -0.1458283 -1.883126 -14.22234
v -0.2055781 -1.926053 -14.31278
v -0.2292669 -1.421569 -14.38365
v -0.8035813 -1.894371 -13.87
v 0.09282879 -2.797847 -13.60541
v -0.1458283 -1.883126 -14.22234
v -0.8643441 -1.564484 -13.9831
v -0.2292669 -1.421569 -14.38365
v -0.2674431 -1.464571 -14.48767
v -0.8712912 -1.942795 -13.94206
v -0.9502563 -1.596042 -14.07932
v -0.2674431 -1.464571 -14.48767
v -0.2055781 -1.926053 -14.31278
v -0.4374131 -2.891476 -13.30874
v -0.8712912 -1.942795 -13.94206
v 0.09282879 -2.797847 -13.60541
v -0.8035813 -1.894371 -13.87
v -0.3066991 -2.63933 -13.46368
v -0.8035813 -1.894371 -13.87
v -0.4374131 -2.891476 -13.30874
v -0.3066991 -2.63933 -13.46368
v -0.4374131 -2.891476 -13.30874
v -0.2055781 -1.926053 -14.31278
v 0.05085891 -2.872321 -13.66609
v 0.09282879 -2.797847 -13.60541
v 0.6886331 -3.684711 -12.7586
v 0.05085891 -2.872321 -13.66609
v 0.05085891 -2.872321 -13.66609
v 0.3049936 -3.653436 -12.35003
v -0.4374131 -2.891476 -13.30874
v -0.4374131 -2.891476 -13.30874
v 0.3049936 -3.653436 -12.35003
v -0.3066991 -2.63933 -13.46368
v -0.3066991 -2.63933 -13.46368
v 0.3049936 -3.653436 -12.35003
v 0.3607487 -3.597153 -12.366
v 0.6886331 -3.684711 -12.7586
v 0.09282879 -2.797847 -13.60541
v 0.7066997 -3.605146 -12.72381
v 0.3049936 -3.653436 -12.35003
v 0.05085891 -2.872321 -13.66609
v 0.6886331 -3.684711 -12.7586
v -0.8712912 -1.942795 -13.94206
v -0.2674431 -1.464571 -14.48767
v -0.2055781 -1.926053 -14.31278
v -0.2292669 -1.421569 -14.38365
v -0.2055781 -1.926053 -14.31278
v -0.2674431 -1.464571 -14.48767
v -0.8643441 -1.564484 -13.9831
v -0.2674431 -1.464571 -14.48767
v -0.9502563 -1.596042 -14.07932
v -2.211036 -2.445523 -15.809
v -2.018646 -1.572989 -14.89666
v -1.815997 -1.573592 -15.57865
v -1.752144 -1.296366 -15.52498
v -1.928898 -1.314067 -14.85785
v -1.655712 -1.318163 -15.52239
v -1.815997 -1.573592 -15.57865
v -2.018646 -1.572989 -14.89666
v -1.752144 -1.296366 -15.52498
v -1.827364 -1.325046 -14.81567
v -1.938676 -1.601452 -14.8622
v -1.655712 -1.318163 -15.52239
v -2.430598 -2.474538 -15.02595
v -1.724475 -1.595831 -15.55543
v -1.938676 -1.601452 -14.8622
v -2.961295 -3.238952 -16.04928
v -2.495222 -2.437882 -15.05055
v -2.211036 -2.445523 -15.809
v -2.018646 -1.572989 -14.89666
v -2.211036 -2.445523 -15.809
v -2.495222 -2.437882 -15.05055
v -1.815997 -1.573592 -15.57865
v -2.143534 -2.49794 -15.79154
v -2.211036 -2.445523 -15.809
v -1.724475 -1.595831 -15.55543
v -2.430598 -2.474538 -15.02595
v -2.143534 -2.49794 -15.79154
v -2.91966 -3.299629 -16.04366
v -2.211036 -2.445523 -15.809
v -2.143534 -2.49794 -15.79154
v -3.280421 -3.245516 -15.34722
v -2.143534 -2.49794 -15.79154
v -2.430598 -2.474538 -15.02595
v -3.280421 -3.245516 -15.34722
v -2.430598 -2.474538 -15.02595
v -2.495222 -2.437882 -15.05055
v -2.430598 -2.474538 -15.02595
v -2.018646 -1.572989 -14.89666
v -1.938676 -1.601452 -14.8622
v -2.018646 -1.572989 -14.89666
v -1.827364 -1.325046 -14.81567
v -1.928898 -1.314067 -14.85785
v -2.495222 -2.437882 -15.05055
v -2.961295 -3.238952 -16.04928
v -3.28957 -3.200055 -15.39592
v -3.280421 -3.245516 -15.34722
v -2.495222 -2.437882 -15.05055
v -3.28957 -3.200055 -15.39592
v -2.211036 -2.445523 -15.809
v -2.91966 -3.299629 -16.04366
v -2.961295 -3.238952 -16.04928
v -2.143534 -2.49794 -15.79154
v -3.280421 -3.245516 -15.34722
v -2.91966 -3.299629 -16.04366
v -1.655712 -1.318163 -15.52239
v -1.938676 -1.601452 -14.8622
v -1.724475 -1.595831 -15.55543
v -1.724475 -1.595831 -15.55543
v -1.752144 -1.296366 -15.52498
v -1.655712 -1.318163 -15.52239
v -1.655712 -1.318163 -15.52239
v -1.928898 -1.314067 -14.85785
v -1.827364 -1.325046 -14.81567
v -1.752144 -1.296366 -15.52498
v -2.018646 -1.572989 -14.89666
v -1.928898 -1.314067 -14.85785
v 0.05193426 -1.709978 -15.0598
v -0.05487847 -1.752825 -15.07844
v -0.1209937 -1.248584 -15.11661
v -0.1470979 -1.711494 -14.34057
v 0.6603381 -2.623242 -14.79509
v 0.05193426 -1.709978 -15.0598
v -0.2698939 -1.381698 -14.37885
v -0.1209937 -1.248584 -15.11661
v -0.2227467 -1.291839 -15.16024
v -0.2461264 -1.759627 -14.3407
v -0.3989116 -1.412919 -14.3827
v -0.2227467 -1.291839 -15.16024
v -0.05487847 -1.752825 -15.07844
v 0.5087722 -2.708938 -14.2055
v -0.2461264 -1.759627 -14.3407
v 0.4520417 -2.517381 -14.31339
v 1.719549 -3.431573 -14.62057
v 0.6603381 -2.623242 -14.79509
v 0.6603381 -2.623242 -14.79509
v -0.1470979 -1.711494 -14.34057
v 0.4520417 -2.517381 -14.31339
v -0.1470979 -1.711494 -14.34057
v 0.5087722 -2.708938 -14.2055
v 0.4520417 -2.517381 -14.31339
v 0.5087722 -2.708938 -14.2055
v -0.05487847 -1.752825 -15.07844
v 0.5872322 -2.697636 -14.80566
v 0.6603381 -2.623242 -14.79509
v 1.681664 -3.511156 -14.63049
v 0.5872322 -2.697636 -14.80566
v 0.5872322 -2.697636 -14.80566
v 1.712633 -3.472872 -14.07133
v 0.5087722 -2.708938 -14.2055
v 0.5087722 -2.708938 -14.2055
v 1.712633 -3.472872 -14.07133
v 0.4520417 -2.517381 -14.31339
v 1.719549 -3.431573 -14.62057
v 0.4520417 -2.517381 -14.31339
v 1.739728 -3.417329 -14.12341
v 0.4520417 -2.517381 -14.31339
v 1.712633 -3.472872 -14.07133
v 1.739728 -3.417329 -14.12341
v 1.681664 -3.511156 -14.63049
v 0.6603381 -2.623242 -14.79509
v 1.719549 -3.431573 -14.62057
v 1.712633 -3.472872 -14.07133
v 0.5872322 -2.697636 -14.80566
v 1.681664 -3.511156 -14.63049
v -0.2461264 -1.759627 -14.3407
v -0.2227467 -1.291839 -15.16024
v -0.05487847 -1.752825 -15.07844
v -0.1209937 -1.248584 -15.11661
v -0.05487847 -1.752825 -15.07844
v -0.2227467 -1.291839 -15.16024
v -0.2698939 -1.381698 -14.37885
v -0.2227467 -1.291839 -15.16024
v -0.3989116 -1.412919 -14.3827
v -1.326279 -2.303396 -16.38866
v -1.774163 -1.417403 -15.58547
v -1.154959 -1.446729 -15.93462
v -1.131161 -1.171753 -15.84725
v -1.722482 -1.162416 -15.49107
v -1.065033 -1.198337 -15.77868
v -1.154959 -1.446729 -15.93462
v -1.774163 -1.417403 -15.58547
v -1.131161 -1.171753 -15.84725
v -1.679611 -1.17739 -15.39034
v -1.742353 -1.448947 -15.50556
v -1.065033 -1.198337 -15.77868
v -2.029482 -2.300048 -15.97912
v -1.106712 -1.472948 -15.85465
v -1.742353 -1.448947 -15.50556
v -1.741024 -3.063927 -17.09557
v -2.056687 -2.260837 -16.04115
v -1.326279 -2.303396 -16.38866
v -1.774163 -1.417403 -15.58547
v -1.326279 -2.303396 -16.38866
v -2.056687 -2.260837 -16.04115
v -1.154959 -1.446729 -15.93462
v -1.292919 -2.358679 -16.33001
v -1.326279 -2.303396 -16.38866
v -1.106712 -1.472948 -15.85465
v -2.029482 -2.300048 -15.97912
v -1.292919 -2.358679 -16.33001
v -1.718432 -3.126467 -17.06355
v -1.326279 -2.303396 -16.38866
v -1.292919 -2.358679 -16.33001
v -2.458077 -3.035304 -16.81311
v -1.292919 -2.358679 -16.33001
v -2.029482 -2.300048 -15.97912
v -2.458077 -3.035304 -16.81311
v -2.029482 -2.300048 -15.97912
v -2.056687 -2.260837 -16.04115
v -2.029482 -2.300048 -15.97912
v -1.774163 -1.417403 -15.58547
v -1.742353 -1.448947 -15.50556
v -1.774163 -1.417403 -15.58547
v -1.679611 -1.17739 -15.39034
v -1.722482 -1.162416 -15.49107
v -2.056687 -2.260837 -16.04115
v -1.741024 -3.063927 -17.09557
v -2.428283 -2.99077 -16.85374
v -2.458077 -3.035304 -16.81311
v -2.056687 -2.260837 -16.04115
v -2.428283 -2.99077 -16.85374
v -1.326279 -2.303396 -16.38866
v -1.718432 -3.126467 -17.06355
v -1.741024 -3.063927 -17.09557
v -1.292919 -2.358679 -16.33001
v -2.458077 -3.035304 -16.81311
v -1.718432 -3.126467 -17.06355
v -1.065033 -1.198337 -15.77868
v -1.742353 -1.448947 -15.50556
v -1.106712 -1.472948 -15.85465
v -1.106712 -1.472948 -15.85465
v -1.131161 -1.171753 -15.84725
v -1.065033 -1.198337 -15.77868
v -1.065033 -1.198337 -15.77868
v -1.722482 -1.162416 -15.49107
v -1.679611 -1.17739 -15.39034
v -1.131161 -1.171753 -15.84725
v -1.774163 -1.417403 -15.58547
v -1.722482 -1.162416 -15.49107
v -0.223903 -2.523338 -16.24703
v -1.089192 -1.617009 -16.00099
v -0.404842 -1.659268 -15.81111
v -0.4438383 -1.382807 -15.73456
v -1.113819 -1.360652 -15.89962
v -0.4459231 -1.408613 -15.63911
v -0.404842 -1.659268 -15.81111
v -1.089192 -1.617009 -16.00099
v -0.4438383 -1.382807 -15.73456
v -1.154829 -1.373977 -15.79789
v -1.123699 -1.647217 -15.92169
v -0.4459231 -1.408613 -15.63911
v -1.010913 -2.505028 -16.45321
v -0.4276313 -1.684309 -15.72021
v -1.123699 -1.647217 -15.92169
v -0.03498964 -3.294145 -17.03463
v -0.9855969 -2.466833 -16.51666
v -0.223903 -2.523338 -16.24703
v -1.089192 -1.617009 -16.00099
v -0.223903 -2.523338 -16.24703
v -0.9855969 -2.466833 -16.51666
v -0.404842 -1.659268 -15.81111
v -0.2428128 -2.577728 -16.18151
v -0.223903 -2.523338 -16.24703
v -0.4276313 -1.684309 -15.72021
v -1.010913 -2.505028 -16.45321
v -0.2428128 -2.577728 -16.18151
v -0.0428908 -3.35623 -16.99552
v -0.223903 -2.523338 -16.24703
v -0.2428128 -2.577728 -16.18151
v -0.7416298 -3.253022 -17.3408
v -0.2428128 -2.577728 -16.18151
v -1.010913 -2.505028 -16.45321
v -0.7416298 -3.253022 -17.3408
v -1.010913 -2.505028 -16.45321
v -0.9855969 -2.466833 -16.51666
v -1.010913 -2.505028 -16.45321
v -1.089192 -1.617009 -16.00099
v -1.123699 -1.647217 -15.92169
v -1.089192 -1.617009 -16.00099
v -1.154829 -1.373977 -15.79789
v -1.113819 -1.360652 -15.89962
v -0.9855969 -2.466833 -16.51666
v -0.03498964 -3.294145 -17.03463
v -0.6909247 -3.209605 -17.3489
v -0.7416298 -3.253022 -17.3408
v -0.9855969 -2.466833 -16.51666
v -0.6909247 -3.209605 -17.3489
v -0.223903 -2.523338 -16.24703
v -0.0428908 -3.35623 -16.99552
v -0.03498964 -3.294145 -17.03463
v -0.2428128 -2.577728 -16.18151
v -0.7416298 -3.253022 -17.3408
v -0.0428908 -3.35623 -16.99552
v -0.4459231 -1.408613 -15.63911
v -1.123699 -1.647217 -15.92169
v -0.4276313 -1.684309 -15.72021
v -0.4276313 -1.684309 -15.72021
v -0.4438383 -1.382807 -15.73456
v -0.4459231 -1.408613 -15.63911
v -0.4459231 -1.408613 -15.63911
v -1.113819 -1.360652 -15.89962
v -1.154829 -1.373977 -15.79789
v -0.4438383 -1.382807 -15.73456
v -1.089192 -1.617009 -16.00099
v -1.113819 -1.360652 -15.89962
v -0.9330439 -1.931751 -13.86783
v -0.9158065 -1.970171 -13.97654
v -0.8824694 -1.46341 -14.02312
v -1.65536 -1.931189 -14.05537
v -1.181095 -2.870564 -13.29217
v -0.9330439 -1.931751 -13.86783
v -1.621521 -1.596477 -14.16552
v -0.8824694 -1.46341 -14.02312
v -0.8401687 -1.502236 -14.12719
v -1.656464 -1.975349 -14.15623
v -1.619522 -1.622521 -14.29573
v -0.8401687 -1.502236 -14.12719
v -0.9158065 -1.970171 -13.97654
v -1.772396 -2.954947 -13.43769
v -1.656464 -1.975349 -14.15623
v -1.774157 -2.902906 -13.35935
v -1.33249 -3.721697 -12.26337
v -1.181095 -2.870564 -13.29217
v -1.181095 -2.870564 -13.29217
v -1.65536 -1.931189 -14.05537
v -1.774157 -2.902906 -13.35935
v -1.772396 -2.954947 -13.43769
v -0.9158065 -1.970171 -13.97654
v -1.171149 -2.941909 -13.36834
v -1.181095 -2.870564 -13.29217
v -1.322579 -3.79963 -12.30454
v -1.171149 -2.941909 -13.36834
v -1.171149 -2.941909 -13.36834
v -1.881439 -3.767136 -12.26324
v -1.772396 -2.954947 -13.43769
v -1.772396 -2.954947 -13.43769
v -1.881439 -3.767136 -12.26324
v -1.774157 -2.902906 -13.35935
v -1.65536 -1.931189 -14.05537
v -1.772396 -2.954947 -13.43769
v -1.656464 -1.975349 -14.15623
v -1.619522 -1.622521 -14.29573
v -1.621521 -1.596477 -14.16552
v -1.33249 -3.721697 -12.26337
v -1.774157 -2.902906 -13.35935
v -1.829348 -3.712292 -12.23478
v -1.774157 -2.902906 -13.35935
v -1.881439 -3.767136 -12.26324
v -1.829348 -3.712292 -12.23478
v -1.322579 -3.79963 -12.30454
v -1.181095 -2.870564 -13.29217
v -1.33249 -3.721697 -12.26337
v -1.881439 -3.767136 -12.26324
v -1.171149 -2.941909 -13.36834
v -1.322579 -3.79963 -12.30454
v -1.656464 -1.975349 -14.15623
v -0.8401687 -1.502236 -14.12719
v -0.9158065 -1.970171 -13.97654
v -0.8824694 -1.46341 -14.02312
v -0.9158065 -1.970171 -13.97654
v -0.8401687 -1.502236 -14.12719
v -1.621521 -1.596477 -14.16552
v -0.8401687 -1.502236 -14.12719
v -1.619522 -1.622521 -14.29573
v -1.966807 -1.850695 -14.81263
v -2.06694 -1.815516 -14.76438
v -1.949108 -1.343152 -14.85926
v -2.512826 -2.76897 -14.35647
v -1.676263 -1.800406 -14.12872
v -2.06694 -1.815516 -14.76438
v -1.949108 -1.343152 -14.85926
v -1.592169 -1.462819 -14.19409
v -1.860737 -1.379185 -14.93012
v -1.467457 -1.484767 -14.2341
v -1.578078 -1.841352 -14.15712
v -1.860737 -1.379185 -14.93012
v -2.197804 -2.841649 -13.83358
v -1.966807 -1.850695 -14.81263
v -1.578078 -1.841352 -14.15712
v -3.422977 -3.650232 -13.90839
v -2.273897 -2.792085 -13.80906
v -2.512826 -2.76897 -14.35647
v -1.676263 -1.800406 -14.12872
v -2.512826 -2.76897 -14.35647
v -2.273897 -2.792085 -13.80906
v -1.966807 -1.850695 -14.81263
v -2.197804 -2.841649 -13.83358
v -2.440551 -2.837995 -14.38814
v -3.383911 -3.726943 -13.92976
v -2.512826 -2.76897 -14.35647
v -2.440551 -2.837995 -14.38814
v -3.260846 -3.689085 -13.3834
v -2.440551 -2.837995 -14.38814
v -2.197804 -2.841649 -13.83358
v -3.260846 -3.689085 -13.3834
v -2.197804 -2.841649 -13.83358
v -2.273897 -2.792085 -13.80906
v -2.197804 -2.841649 -13.83358
v -1.676263 -1.800406 -14.12872
v -1.578078 -1.841352 -14.15712
v -1.467457 -1.484767 -14.2341
v -1.592169 -1.462819 -14.19409
v -2.273897 -2.792085 -13.80906
v -3.422977 -3.650232 -13.90839
v -3.305136 -3.635791 -13.42499
v -3.260846 -3.689085 -13.3834
v -2.273897 -2.792085 -13.80906
v -3.305136 -3.635791 -13.42499
v -2.512826 -2.76897 -14.35647
v -3.383911 -3.726943 -13.92976
v -3.422977 -3.650232 -13.90839
v -2.440551 -2.837995 -14.38814
v -3.260846 -3.689085 -13.3834
v -3.383911 -3.726943 -13.92976
v -1.860737 -1.379185 -14.93012
v -1.578078 -1.841352 -14.15712
v -1.966807 -1.850695 -14.81263
v -1.966807 -1.850695 -14.81263
v -1.949108 -1.343152 -14.85926
v -1.860737 -1.379185 -14.93012
v -1.860737 -1.379185 -14.93012
v -1.592169 -1.462819 -14.19409
v -1.467457 -1.484767 -14.2341
v -0.8911409 1.79053 -14.94095
v -0.0663262 -2.224277 -14.25211
v 0.167585 -2.224277 -15.12508
v -0.9731286 1.79053 -15.08295
v -0.2842963 -2.224277 -15.90777
v -1.157266 -2.224277 -16.14168
v -1.115134 1.79053 -15.00097
v -1.939949 -2.224277 -15.6898
v -2.173861 -2.224277 -14.81683
v -1.033146 1.79053 -14.85896
v -1.721979 -2.224277 -14.03414
v -0.8490098 -2.224277 -13.80023
v 0.0006810819 -3.622273 -14.56293
v 0.1183312 -3.57153 -14.54388
v -0.09734868 -3.064401 -14.54716
v 0.8797886 -4.566525 -14.60096
v 0.169705 -3.572432 -15.37144
v 0.1183312 -3.57153 -14.54388
v -0.09734868 -3.064401 -14.54716
v 0.01723429 -3.209902 -15.37594
v -0.2187158 -3.115678 -14.53814
v -0.1187196 -3.248223 -15.41859
v 0.06708413 -3.628665 -15.40712
v -0.2187158 -3.115678 -14.53814
v 0.9365498 -4.660744 -15.2751
v 0.0006810819 -3.622273 -14.56293
v 0.06708413 -3.628665 -15.40712
v 2.078898 -5.433157 -14.40017
v 1.015849 -4.597354 -15.25027
v 0.8797886 -4.566525 -14.60096
v 0.169705 -3.572432 -15.37144
v 0.8797886 -4.566525 -14.60096
v 1.015849 -4.597354 -15.25027
v 0.0006810819 -3.622273 -14.56293
v 0.9365498 -4.660744 -15.2751
v 0.8013783 -4.651296 -14.61627
v 2.037857 -5.522701 -14.40339
v 0.8797886 -4.566525 -14.60096
v 0.8013783 -4.651296 -14.61627
v 2.271641 -5.474373 -14.97957
v 0.8013783 -4.651296 -14.61627
v 0.9365498 -4.660744 -15.2751
v 2.271641 -5.474373 -14.97957
v 0.9365498 -4.660744 -15.2751
v 1.015849 -4.597354 -15.25027
v 0.9365498 -4.660744 -15.2751
v 0.169705 -3.572432 -15.37144
v 0.06708413 -3.628665 -15.40712
v -0.1187196 -3.248223 -15.41859
v 0.01723429 -3.209902 -15.37594
v 1.015849 -4.597354 -15.25027
v 2.078898 -5.433157 -14.40017
v 2.279614 -5.412383 -14.9151
v 2.271641 -5.474373 -14.97957
v 1.015849 -4.597354 -15.25027
v 2.279614 -5.412383 -14.9151
v 0.8797886 -4.566525 -14.60096
v 2.037857 -5.522701 -14.40339
v 2.078898 -5.433157 -14.40017
v 0.8013783 -4.651296 -14.61627
v 2.271641 -5.474373 -14.97957
v 2.037857 -5.522701 -14.40339
v -0.2187158 -3.115678 -14.53814
v 0.06708413 -3.628665 -15.40712
v 0.0006810819 -3.622273 -14.56293
v 0.0006810819 -3.622273 -14.56293
v -0.09734868 -3.064401 -14.54716
v -0.2187158 -3.115678 -14.53814
v -0.2187158 -3.115678 -14.53814
v 0.01723429 -3.209902 -15.37594
v -0.1187196 -3.248223 -15.41859
v -2.553144 -4.404437 -15.58975
v -2.095925 -3.34811 -14.76016
v -2.019438 -3.45081 -15.54021
v -1.921125 -3.144621 -15.53317
v -1.973706 -3.066173 -14.77194
v -1.816937 -3.176734 -15.54687
v -2.019438 -3.45081 -15.54021
v -2.095925 -3.34811 -14.76016
v -1.921125 -3.144621 -15.53317
v -1.854911 -3.081933 -14.74527
v -2.003344 -3.382181 -14.73508
v -1.816937 -3.176734 -15.54687
v -2.628546 -4.320366 -14.69266
v -1.916263 -3.480431 -15.53051
v -2.003344 -3.382181 -14.73508
v -3.470836 -5.241785 -15.58897
v -2.701817 -4.277402 -14.7113
v -2.553144 -4.404437 -15.58975
v -2.095925 -3.34811 -14.76016
v -2.553144 -4.404437 -15.58975
v -2.701817 -4.277402 -14.7113
v -2.019438 -3.45081 -15.54021
v -2.479239 -4.465884 -15.57726
v -2.553144 -4.404437 -15.58975
v -1.916263 -3.480431 -15.53051
v -2.628546 -4.320366 -14.69266
v -2.479239 -4.465884 -15.57726
v -3.428126 -5.311525 -15.58294
v -2.553144 -4.404437 -15.58975
v -2.479239 -4.465884 -15.57726
v -3.670372 -5.134297 -14.7626
v -2.479239 -4.465884 -15.57726
v -2.628546 -4.320366 -14.69266
v -3.670372 -5.134297 -14.7626
v -2.628546 -4.320366 -14.69266
v -2.701817 -4.277402 -14.7113
v -2.628546 -4.320366 -14.69266
v -2.095925 -3.34811 -14.76016
v -2.003344 -3.382181 -14.73508
v -2.095925 -3.34811 -14.76016
v -1.854911 -3.081933 -14.74527
v -1.973706 -3.066173 -14.77194
v -2.701817 -4.277402 -14.7113
v -3.470836 -5.241785 -15.58897
v -3.687769 -5.089476 -14.81979
v -3.670372 -5.134297 -14.7626
v -2.701817 -4.277402 -14.7113
v -3.687769 -5.089476 -14.81979
v -2.553144 -4.404437 -15.58975
v -3.428126 -5.311525 -15.58294
v -3.470836 -5.241785 -15.58897
v -2.479239 -4.465884 -15.57726
v -3.670372 -5.134297 -14.7626
v -3.428126 -5.311525 -15.58294
v -1.816937 -3.176734 -15.54687
v -2.003344 -3.382181 -14.73508
v -1.916263 -3.480431 -15.53051
v -1.916263 -3.480431 -15.53051
v -1.921125 -3.144621 -15.53317
v -1.816937 -3.176734 -15.54687
v -1.816937 -3.176734 -15.54687
v -1.973706 -3.066173 -14.77194
v -1.854911 -3.081933 -14.74527
v -1.921125 -3.144621 -15.53317
v -2.095925 -3.34811 -14.76016
v -1.973706 -3.066173 -14.77194
v -2.420559 -4.592843 -14.35263
v -1.57505 -3.494163 -14.05079
v -2.067718 -3.603786 -14.65918
v -2.012069 -3.291437 -14.71216
v -1.514468 -3.204643 -14.1349
v -1.946582 -3.316453 -14.79678
v -2.067718 -3.603786 -14.65918
v -1.57505 -3.494163 -14.05079
v -2.012069 -3.291437 -14.71216
v -1.411087 -3.211687 -14.20074
v -1.490126 -3.521316 -14.0999
v -1.946582 -3.316453 -14.79678
v -1.843085 -4.499848 -13.66314
v -1.986506 -3.626012 -14.72647
v -1.490126 -3.521316 -14.0999
v -3.014765 -5.491772 -13.73444
v -1.910403 -4.462379 -13.62281
v -2.420559 -4.592843 -14.35263
v -1.57505 -3.494163 -14.05079
v -2.420559 -4.592843 -14.35263
v -1.910403 -4.462379 -13.62281
v -2.067718 -3.603786 -14.65918
v -2.356037 -4.6488 -14.39845
v -2.420559 -4.592843 -14.35263
v -1.986506 -3.626012 -14.72647
v -1.843085 -4.499848 -13.66314
v -2.356037 -4.6488 -14.39845
v -2.976259 -5.55827 -13.76306
v -2.420559 -4.592843 -14.35263
v -2.356037 -4.6488 -14.39845
v -2.576096 -5.385173 -13.00612
v -2.356037 -4.6488 -14.39845
v -1.843085 -4.499848 -13.66314
v -2.576096 -5.385173 -13.00612
v -1.843085 -4.499848 -13.66314
v -1.910403 -4.462379 -13.62281
v -1.843085 -4.499848 -13.66314
v -1.57505 -3.494163 -14.05079
v -1.490126 -3.521316 -14.0999
v -1.57505 -3.494163 -14.05079
v -1.411087 -3.211687 -14.20074
v -1.514468 -3.204643 -14.1349
v -1.910403 -4.462379 -13.62281
v -3.014765 -5.491772 -13.73444
v -2.631546 -5.342588 -13.03246
v -2.576096 -5.385173 -13.00612
v -1.910403 -4.462379 -13.62281
v -2.631546 -5.342588 -13.03246
v -2.420559 -4.592843 -14.35263
v -2.976259 -5.55827 -13.76306
v -3.014765 -5.491772 -13.73444
v -2.356037 -4.6488 -14.39845
v -2.576096 -5.385173 -13.00612
v -2.976259 -5.55827 -13.76306
v -1.946582 -3.316453 -14.79678
v -1.490126 -3.521316 -14.0999
v -1.986506 -3.626012 -14.72647
v -1.986506 -3.626012 -14.72647
v -2.012069 -3.291437 -14.71216
v -1.946582 -3.316453 -14.79678
v -1.946582 -3.316453 -14.79678
v -1.514468 -3.204643 -14.1349
v -1.411087 -3.211687 -14.20074
v -2.012069 -3.291437 -14.71216
v -1.57505 -3.494163 -14.05079
v -1.514468 -3.204643 -14.1349
v -1.53772 -4.242609 -13.52642
v -0.7114599 -3.189468 -13.99683
v -1.490785 -3.296874 -14.07422
v -1.48481 -2.992165 -14.1771
v -0.7241254 -2.909451 -14.1233
v -1.498035 -3.0259 -14.28083
v -1.490785 -3.296874 -14.07422
v -0.7114599 -3.189468 -13.99683
v -1.48481 -2.992165 -14.1771
v -0.6969948 -2.92687 -14.24176
v -0.6859233 -3.224808 -14.0888
v -1.498035 -3.0259 -14.28083
v -0.6412691 -4.153309 -13.44946
v -1.480612 -3.327993 -14.17691
v -0.6859233 -3.224808 -14.0888
v -1.536099 -5.066089 -12.59627
v -0.6603379 -4.109336 -13.3769
v -1.53772 -4.242609 -13.52642
v -0.7114599 -3.189468 -13.99683
v -1.53772 -4.242609 -13.52642
v -0.6603379 -4.109336 -13.3769
v -1.490785 -3.296874 -14.07422
v -1.524715 -4.305098 -13.59936
v -1.53772 -4.242609 -13.52642
v -1.480612 -3.327993 -14.17691
v -0.6412691 -4.153309 -13.44946
v -1.524715 -4.305098 -13.59936
v -1.529623 -5.136434 -12.63791
v -1.53772 -4.242609 -13.52642
v -1.524715 -4.305098 -13.59936
v -0.7108775 -4.951838 -12.39576
v -1.524715 -4.305098 -13.59936
v -0.6412691 -4.153309 -13.44946
v -0.7108775 -4.951838 -12.39576
v -0.6412691 -4.153309 -13.44946
v -0.6603379 -4.109336 -13.3769
v -0.6412691 -4.153309 -13.44946
v -0.7114599 -3.189468 -13.99683
v -0.6859233 -3.224808 -14.0888
v -0.7114599 -3.189468 -13.99683
v -0.6969948 -2.92687 -14.24176
v -0.7241254 -2.909451 -14.1233
v -0.6603379 -4.109336 -13.3769
v -1.536099 -5.066089 -12.59627
v -0.768321 -4.907022 -12.37922
v -0.7108775 -4.951838 -12.39576
v -0.6603379 -4.109336 -13.3769
v -0.768321 -4.907022 -12.37922
v -1.53772 -4.242609 -13.52642
v -1.529623 -5.136434 -12.63791
v -1.536099 -5.066089 -12.59627
v -1.524715 -4.305098 -13.59936
v -0.7108775 -4.951838 -12.39576
v -1.529623 -5.136434 -12.63791
v -1.498035 -3.0259 -14.28083
v -0.6859233 -3.224808 -14.0888
v -1.480612 -3.327993 -14.17691
v -1.480612 -3.327993 -14.17691
v -1.48481 -2.992165 -14.1771
v -1.498035 -3.0259 -14.28083
v -1.498035 -3.0259 -14.28083
v -0.7241254 -2.909451 -14.1233
v -0.6969948 -2.92687 -14.24176
v -1.48481 -2.992165 -14.1771
v -0.7114599 -3.189468 -13.99683
v -0.7241254 -2.909451 -14.1233
v -1.995426 -3.680178 -15.63208
v -1.906419 -3.717364 -15.54562
v -1.922983 -3.154343 -15.4839
v -1.35621 -3.636699 -16.1584
v -2.282016 -4.742731 -16.23369
v -1.995426 -3.680178 -15.63208
v -1.303677 -3.260841 -16.05512
v -1.922983 -3.154343 -15.4839
v -1.854457 -3.193361 -15.37796
v -1.261873 -3.67988 -16.09358
v -1.186358 -3.282405 -15.96828
v -1.854457 -3.193361 -15.37796
v -1.906419 -3.717364 -15.54562
v -1.759794 -4.801661 -16.67001
v -1.261873 -3.67988 -16.09358
v -1.83264 -4.748335 -16.72267
v -3.044272 -5.738136 -17.04449
v -2.282016 -4.742731 -16.23369
v -2.282016 -4.742731 -16.23369
v -1.35621 -3.636699 -16.1584
v -1.83264 -4.748335 -16.72267
v -1.759794 -4.801661 -16.67001
v -1.906419 -3.717364 -15.54562
v -2.21506 -4.817949 -16.17515
v -2.282016 -4.742731 -16.23369
v -3.00819 -5.822645 -17.00887
v -2.21506 -4.817949 -16.17515
v -2.21506 -4.817949 -16.17515
v -2.683071 -5.764054 -17.53786
v -1.759794 -4.801661 -16.67001
v -1.759794 -4.801661 -16.67001
v -2.683071 -5.764054 -17.53786
v -1.83264 -4.748335 -16.72267
v -1.35621 -3.636699 -16.1584
v -1.759794 -4.801661 -16.67001
v -1.261873 -3.67988 -16.09358
v -1.186358 -3.282405 -15.96828
v -1.303677 -3.260841 -16.05512
v -3.044272 -5.738136 -17.04449
v -1.83264 -4.748335 -16.72267
v -2.746522 -5.707185 -17.50953
v -1.83264 -4.748335 -16.72267
v -2.683071 -5.764054 -17.53786
v -2.746522 -5.707185 -17.50953
v -3.00819 -5.822645 -17.00887
v -2.282016 -4.742731 -16.23369
v -3.044272 -5.738136 -17.04449
v -2.683071 -5.764054 -17.53786
v -2.21506 -4.817949 -16.17515
v -3.00819 -5.822645 -17.00887
v -1.261873 -3.67988 -16.09358
v -1.854457 -3.193361 -15.37796
v -1.906419 -3.717364 -15.54562
v -1.922983 -3.154343 -15.4839
v -1.906419 -3.717364 -15.54562
v -1.854457 -3.193361 -15.37796
v -1.303677 -3.260841 -16.05512
v -1.854457 -3.193361 -15.37796
v -1.186358 -3.282405 -15.96828
v -1.264195 -3.822531 -16.26146
v -1.263544 -3.867075 -16.13983
v -1.339337 -3.309225 -16.07551
v -0.4438215 -3.755966 -16.16113
v -0.9916927 -4.83694 -16.9469
v -1.264195 -3.822531 -16.26146
v -0.4951155 -3.388904 -16.02949
v -1.339337 -3.309225 -16.07551
v -1.366841 -3.356514 -15.95531
v -0.4236814 -3.805146 -16.05094
v -0.4756907 -3.41842 -15.88623
v -1.366841 -3.356514 -15.95531
v -1.263544 -3.867075 -16.13983
v -0.313586 -4.87636 -16.87494
v -0.4236814 -3.805146 -16.05094
v -0.3279681 -4.818277 -16.96062
v -0.9002347 -5.761463 -18.11571
v -0.9916927 -4.83694 -16.9469
v -0.9916927 -4.83694 -16.9469
v -0.4438215 -3.755966 -16.16113
v -0.3279681 -4.818277 -16.96062
v -0.313586 -4.87636 -16.87494
v -1.263544 -3.867075 -16.13983
v -0.9848571 -4.917144 -16.8627
v -0.9916927 -4.83694 -16.9469
v -0.8979349 -5.848825 -18.07016
v -0.9848571 -4.917144 -16.8627
v -0.9848571 -4.917144 -16.8627
v -0.2936825 -5.761117 -18.19729
v -0.313586 -4.87636 -16.87494
v -0.313586 -4.87636 -16.87494
v -0.2936825 -5.761117 -18.19729
v -0.3279681 -4.818277 -16.96062
v -0.4438215 -3.755966 -16.16113
v -0.313586 -4.87636 -16.87494
v -0.4236814 -3.805146 -16.05094
v -0.4756907 -3.41842 -15.88623
v -0.4951155 -3.388904 -16.02949
v -0.9002347 -5.761463 -18.11571
v -0.3279681 -4.818277 -16.96062
v -0.3600443 -5.705091 -18.22009
v -0.3279681 -4.818277 -16.96062
v -0.2936825 -5.761117 -18.19729
v -0.3600443 -5.705091 -18.22009
v -0.8979349 -5.848825 -18.07016
v -0.9916927 -4.83694 -16.9469
v -0.9002347 -5.761463 -18.11571
v -0.2936825 -5.761117 -18.19729
v -0.9848571 -4.917144 -16.8627
v -0.8979349 -5.848825 -18.07016
v -0.4236814 -3.805146 -16.05094
v -1.366841 -3.356514 -15.95531
v -1.263544 -3.867075 -16.13983
v -1.339337 -3.309225 -16.07551
v -1.263544 -3.867075 -16.13983
v -1.366841 -3.356514 -15.95531
v -0.4951155 -3.388904 -16.02949
v -1.366841 -3.356514 -15.95531
v -0.4756907 -3.41842 -15.88623
v -0.3216266 -3.784086 -16.07928
v -0.4026609 -3.832095 -15.99035
v -0.5146975 -3.276675 -15.9846
v 0.2111251 -3.716638 -15.4475
v 0.3667071 -4.777155 -16.41559
v -0.3216266 -3.784086 -16.07928
v 0.07575458 -3.353742 -15.37912
v -0.5146975 -3.276675 -15.9846
v -0.6153679 -3.327516 -15.91588
v 0.1522704 -3.768862 -15.35383
v -0.006507891 -3.387263 -15.26131
v -0.6153679 -3.327516 -15.91588
v -0.4026609 -3.832095 -15.99035
v 0.8166747 -4.815492 -15.90313
v 0.1522704 -3.768862 -15.35383
v 0.8629276 -4.755044 -15.97475
v 1.248036 -5.667357 -17.22802
v 0.3667071 -4.777155 -16.41559
v 0.3667071 -4.777155 -16.41559
v 0.2111251 -3.716638 -15.4475
v 0.8629276 -4.755044 -15.97475
v 0.8166747 -4.815492 -15.90313
v -0.4026609 -3.832095 -15.99035
v 0.3164323 -4.859709 -16.35059
v 0.3667071 -4.777155 -16.41559
v 1.220814 -5.755977 -17.19459
v 0.3164323 -4.859709 -16.35059
v 0.3164323 -4.859709 -16.35059
v 1.748731 -5.661871 -16.87612
v 0.8166747 -4.815492 -15.90313
v 0.8166747 -4.815492 -15.90313
v 1.748731 -5.661871 -16.87612
v 0.8629276 -4.755044 -15.97475
v 0.2111251 -3.716638 -15.4475
v 0.8166747 -4.815492 -15.90313
v 0.1522704 -3.768862 -15.35383
v -0.006507891 -3.387263 -15.26131
v 0.07575458 -3.353742 -15.37912
v 1.248036 -5.667357 -17.22802
v 0.8629276 -4.755044 -15.97475
v 1.714195 -5.605521 -16.9369
v 0.8629276 -4.755044 -15.97475
v 1.748731 -5.661871 -16.87612
v 1.714195 -5.605521 -16.9369
v 1.220814 -5.755977 -17.19459
v 0.3667071 -4.777155 -16.41559
v 1.248036 -5.667357 -17.22802
v 1.748731 -5.661871 -16.87612
v 0.3164323 -4.859709 -16.35059
v 1.220814 -5.755977 -17.19459
v 0.1522704 -3.768862 -15.35383
v -0.6153679 -3.327516 -15.91588
v -0.4026609 -3.832095 -15.99035
v -0.5146975 -3.276675 -15.9846
v -0.4026609 -3.832095 -15.99035
v -0.6153679 -3.327516 -15.91588
v 0.07575458 -3.353742 -15.37912
v -0.6153679 -3.327516 -15.91588
v -0.006507891 -3.387263 -15.26131
v -0.3536422 -4.289854 -13.48368
v -0.0347448 -3.312812 -14.46183
v -0.6532285 -3.35771 -13.97159
v -0.7051874 -3.05575 -14.0695
v -0.1177041 -3.034238 -14.56223
v -0.7884076 -3.089553 -14.1328
v -0.6532285 -3.35771 -13.97159
v -0.0347448 -3.312812 -14.46183
v -0.7051874 -3.05575 -14.0695
v -0.1813687 -3.055226 -14.66508
v -0.08205664 -3.351213 -14.54337
v -0.7884076 -3.089553 -14.1328
v 0.347704 -4.272488 -14.05406
v -0.7187945 -3.39079 -14.05048
v -0.08205664 -3.351213 -14.54337
v 0.2524351 -5.099464 -12.76222
v 0.3866028 -4.226242 -13.99153
v -0.3536422 -4.289854 -13.48368
v -0.0347448 -3.312812 -14.46183
v -0.3536422 -4.289854 -13.48368
v 0.3866028 -4.226242 -13.99153
v -0.6532285 -3.35771 -13.97159
v -0.3980769 -4.354068 -13.54109
v -0.3536422 -4.289854 -13.48368
v -0.7187945 -3.39079 -14.05048
v 0.347704 -4.272488 -14.05406
v -0.3980769 -4.354068 -13.54109
v 0.2246562 -5.1706 -12.79209
v -0.3536422 -4.289854 -13.48368
v -0.3980769 -4.354068 -13.54109
v 0.989701 -5.049973 -13.19608
v -0.3980769 -4.354068 -13.54109
v 0.347704 -4.272488 -14.05406
v 0.989701 -5.049973 -13.19608
v 0.347704 -4.272488 -14.05406
v 0.3866028 -4.226242 -13.99153
v 0.347704 -4.272488 -14.05406
v -0.0347448 -3.312812 -14.46183
v -0.08205664 -3.351213 -14.54337
v -0.0347448 -3.312812 -14.46183
v -0.1813687 -3.055226 -14.66508
v -0.1177041 -3.034238 -14.56223
v 0.3866028 -4.226242 -13.99153
v 0.2524351 -5.099464 -12.76222
v 0.9621937 -5.000457 -13.14736
v 0.989701 -5.049973 -13.19608
v 0.3866028 -4.226242 -13.99153
v 0.9621937 -5.000457 -13.14736
v -0.3536422 -4.289854 -13.48368
v 0.2246562 -5.1706 -12.79209
v 0.2524351 -5.099464 -12.76222
v -0.3980769 -4.354068 -13.54109
v 0.989701 -5.049973 -13.19608
v 0.2246562 -5.1706 -12.79209
v -0.7884076 -3.089553 -14.1328
v -0.08205664 -3.351213 -14.54337
v -0.7187945 -3.39079 -14.05048
v -0.7187945 -3.39079 -14.05048
v -0.7051874 -3.05575 -14.0695
v -0.7884076 -3.089553 -14.1328
v -0.7884076 -3.089553 -14.1328
v -0.1177041 -3.034238 -14.56223
v -0.1813687 -3.055226 -14.66508
v -0.7051874 -3.05575 -14.0695
v -0.0347448 -3.312812 -14.46183
v -0.1177041 -3.034238 -14.56223
v -0.1779509 -5.124073 -14.53215
v -0.04980599 -5.105491 -14.52852
v -0.1273303 -4.560651 -14.4994
v 0.4184909 -6.257248 -14.69358
v -0.1055919 -5.085409 -15.35556
v -0.04980599 -5.105491 -14.52852
v -0.1273303 -4.560651 -14.4994
v -0.1596437 -4.696265 -15.3371
v -0.2556202 -4.579964 -14.47471
v -0.3051444 -4.697253 -15.36158
v -0.2228396 -5.112412 -15.3777
v -0.2556202 -4.579964 -14.47471
v 0.3634492 -6.335029 -15.36996
v -0.1779509 -5.124073 -14.53215
v -0.2228396 -5.112412 -15.3777
v 1.371722 -7.405932 -14.66028
v 0.4587985 -6.294778 -15.35542
v 0.4184909 -6.257248 -14.69358
v -0.1055919 -5.085409 -15.35556
v 0.4184909 -6.257248 -14.69358
v 0.4587985 -6.294778 -15.35542
v -0.1779509 -5.124073 -14.53215
v 0.3634492 -6.335029 -15.36996
v 0.3197339 -6.318783 -14.69896
v 1.309093 -7.482008 -14.65868
v 0.4184909 -6.257248 -14.69358
v 0.3197339 -6.318783 -14.69896
v 1.472555 -7.470673 -15.26045
v 0.3197339 -6.318783 -14.69896
v 0.3634492 -6.335029 -15.36996
v 1.472555 -7.470673 -15.26045
v 0.3634492 -6.335029 -15.36996
v 0.4587985 -6.294778 -15.35542
v 0.3634492 -6.335029 -15.36996
v -0.1055919 -5.085409 -15.35556
v -0.2228396 -5.112412 -15.3777
v -0.3051444 -4.697253 -15.36158
v -0.1596437 -4.696265 -15.3371
v 0.4587985 -6.294778 -15.35542
v 1.371722 -7.405932 -14.66028
v 1.504203 -7.415399 -15.19716
v 1.472555 -7.470673 -15.26045
v 0.4587985 -6.294778 -15.35542
v 1.504203 -7.415399 -15.19716
v 0.4184909 -6.257248 -14.69358
v 1.309093 -7.482008 -14.65868
v 1.371722 -7.405932 -14.66028
v 0.3197339 -6.318783 -14.69896
v 1.472555 -7.470673 -15.26045
v 1.309093 -7.482008 -14.65868
v -0.2556202 -4.579964 -14.47471
v -0.2228396 -5.112412 -15.3777
v -0.1779509 -5.124073 -14.53215
v -0.1779509 -5.124073 -14.53215
v -0.1273303 -4.560651 -14.4994
v -0.2556202 -4.579964 -14.47471
v -0.2556202 -4.579964 -14.47471
v -0.1596437 -4.696265 -15.3371
v -0.3051444 -4.697253 -15.36158
v -2.508837 -6.89465 -14.41113
v -1.708285 -5.776321 -14.0625
v -2.190304 -5.883199 -14.67984
v -2.14589 -5.567357 -14.72154
v -1.65777 -5.482028 -14.13601
v -2.078656 -5.586996 -14.8062
v -2.190304 -5.883199 -14.67984
v -1.708285 -5.776321 -14.0625
v -2.14589 -5.567357 -14.72154
v -1.553536 -5.482955 -14.20087
v -1.621908 -5.798594 -14.11153
v -2.078656 -5.586996 -14.8062
v -1.942274 -6.804019 -13.71234
v -2.107636 -5.900062 -14.74691
v -1.621908 -5.798594 -14.11153
v -3.075095 -7.835786 -13.83068
v -2.011356 -6.770489 -13.67153
v -2.508837 -6.89465 -14.41113
v -1.708285 -5.776321 -14.0625
v -2.508837 -6.89465 -14.41113
v -2.011356 -6.770489 -13.67153
v -2.190304 -5.883199 -14.67984
v -2.441799 -6.94656 -14.45809
v -2.508837 -6.89465 -14.41113
v -2.107636 -5.900062 -14.74691
v -1.942274 -6.804019 -13.71234
v -2.441799 -6.94656 -14.45809
v -3.033831 -7.899784 -13.8611
v -2.508837 -6.89465 -14.41113
v -2.441799 -6.94656 -14.45809
v -2.648134 -7.738067 -13.0942
v -2.441799 -6.94656 -14.45809
v -1.942274 -6.804019 -13.71234
v -2.648134 -7.738067 -13.0942
v -1.942274 -6.804019 -13.71234
v -2.011356 -6.770489 -13.67153
v -1.942274 -6.804019 -13.71234
v -1.708285 -5.776321 -14.0625
v -1.621908 -5.798594 -14.11153
v -1.708285 -5.776321 -14.0625
v -1.553536 -5.482955 -14.20087
v -1.65777 -5.482028 -14.13601
v -2.011356 -6.770489 -13.67153
v -3.075095 -7.835786 -13.83068
v -2.704875 -7.696693 -13.1197
v -2.648134 -7.738067 -13.0942
v -2.011356 -6.770489 -13.67153
v -2.704875 -7.696693 -13.1197
v -2.508837 -6.89465 -14.41113
v -3.033831 -7.899784 -13.8611
v -3.075095 -7.835786 -13.83068
v -2.441799 -6.94656 -14.45809
v -2.648134 -7.738067 -13.0942
v -3.033831 -7.899784 -13.8611
v -2.078656 -5.586996 -14.8062
v -1.621908 -5.798594 -14.11153
v -2.107636 -5.900062 -14.74691
v -2.107636 -5.900062 -14.74691
v -2.14589 -5.567357 -14.72154
v -2.078656 -5.586996 -14.8062
v -2.078656 -5.586996 -14.8062
v -1.65777 -5.482028 -14.13601
v -1.553536 -5.482955 -14.20087
v -2.14589 -5.567357 -14.72154
v -1.708285 -5.776321 -14.0625
v -1.65777 -5.482028 -14.13601
v -0.4269472 -4.971376 -14.08048
v -0.03028104 -4.918299 -14.80667
v -0.1582797 -4.548217 -14.84342
v -0.6094389 -4.453753 -14.13019
v 0.19794 -6.080789 -13.9524
v -0.4269472 -4.971376 -14.08048
v -0.5265992 -5.013899 -14.15148
v 0.2644051 -6.001882 -13.89832
v 1.664781 -6.959418 -13.73444
v 1.646129 -6.902563 -13.66749
v 1.245977 -6.947219 -13.28833
v 1.208139 -7.033843 -13.31622
v -1.38988 -4.777558 -13.97058
v -1.363121 -4.753773 -13.86892
v -1.361922 -4.443325 -13.9531
v -1.336712 -5.790295 -13.45894
v -0.2414016 -6.586261 -12.62468
v -0.2858103 -6.538726 -12.58794
v -1.093905 -6.623356 -12.54653
v -1.10804 -6.690568 -12.59133
v -2.025016 -4.662886 -14.39924
v -2.076975 -4.638373 -14.30805
v -2.021138 -4.328148 -14.37215
v -2.331454 -5.673284 -13.98038
v -2.118178 -6.446598 -12.60716
v -2.176195 -6.399823 -12.61246
v -2.78341 -6.499558 -13.14466
v -2.761518 -6.567127 -13.18564
v -0.9952245 -4.334179 -15.96499
v -1.778884 -4.345568 -15.69433
v -1.725781 -3.837876 -15.48664
v -0.9556502 -3.971219 -15.81874
v -1.778884 -4.345568 -15.69433
v -1.875271 -5.425939 -16.37345
v -1.728311 -4.395705 -15.58612
v -1.912261 -5.341618 -16.44479
v -1.970811 -6.186382 -17.87889
v -1.905621 -6.247375 -17.88852
v -2.413006 -6.214353 -17.54789
v -2.397572 -6.303726 -17.50934
v -0.3507403 -4.566217 -15.64483
v -1.064236 -4.580491 -16.067
v -1.177103 -4.063042 -15.91464
v -0.4286878 -4.196351 -15.53611
v -1.064236 -4.580491 -16.067
v -0.6325328 -5.691972 -16.53169
v -1.115103 -4.624728 -15.95639
v -0.6002303 -5.611672 -16.60965
v 0.4366131 -6.521064 -17.54326
v 0.4847932 -6.581165 -17.49712
v -0.1023536 -6.542619 -17.66544
v -0.1237161 -6.629853 -17.62487
v -0.02886635 -4.524607 -14.91381
v -0.2361094 -4.526904 -15.71665
v -0.3921944 -3.999105 -15.68886
v -0.1383698 -4.147466 -14.89215
v -0.2361094 -4.526904 -15.71665
v 0.3297674 -5.674482 -15.7399
v -0.3527054 -4.564178 -15.67428
v 0.4123849 -5.599032 -15.7723
v 1.74861 -6.590479 -15.70005
v 1.746497 -6.650522 -15.63331
v 1.452686 -6.594533 -16.16726
v 1.403742 -6.67897 -16.15359
v -1.850356 -4.696804 -15.81825
v -1.939034 -4.660752 -15.86778
v -1.846033 -4.361876 -15.79368
v -2.362822 -5.643007 -16.18201
v -3.801568 -6.296857 -16.00386
v -3.792115 -6.247291 -16.05896
v -3.273619 -6.35847 -16.67596
v -3.239058 -6.430779 -16.65862
v -1.618882 -5.602515 -14.18181
v -1.631256 -5.575346 -14.07824
v -1.635687 -5.267267 -14.17062
v -1.632105 -6.599872 -13.63834
v -0.8067814 -7.25692 -12.44823
v -0.8660322 -7.214868 -12.43083
v -1.625058 -7.394814 -12.6619
v -1.615524 -7.463395 -12.70583
v -1.187019 -5.259315 -16.03197
v -1.91081 -5.197827 -15.63214
v -1.819573 -4.664618 -15.52692
v -1.120601 -4.878541 -15.95918
v -1.91081 -5.197827 -15.63214
v -2.130368 -6.372913 -16.08894
v -1.842208 -5.230804 -15.52733
v -2.178946 -6.30054 -16.16621
v -2.493109 -7.371652 -17.40221
v -2.430922 -7.435625 -17.41236
v -2.870229 -7.328235 -17
v -2.848665 -7.410344 -16.94995
v -0.5751913 -5.237145 -15.93665
v -1.388576 -5.241194 -16.09758
v -1.432073 -4.713193 -15.94582
v -0.6037748 -4.859858 -15.82925
v -1.388576 -5.241194 -16.09758
v -1.162374 -6.389313 -16.6156
v -1.400814 -5.278263 -15.97406
v -1.155927 -6.314012 -16.70424
v -0.5102661 -7.306438 -17.87552
v -0.4509259 -7.366318 -17.8446
v -1.059548 -7.311357 -17.81115
v -1.06827 -7.39572 -17.76096
v -0.8565622 -5.641251 -14.04891
v -0.7930866 -5.60849 -13.96819
v -0.8553548 -5.30548 -14.05637
v -0.5050698 -6.608888 -13.56893
v 0.904299 -7.264161 -13.23197
v 0.8744596 -7.217409 -13.18192
v 0.1650576 -7.35593 -12.80848
v 0.140273 -7.426979 -12.84107
v -0.1336873 -5.168786 -15.31659
v -0.582155 -5.159259 -16.01394
v -0.7143586 -4.630209 -15.93434
v -0.2256654 -4.790794 -15.25864
v -0.582155 -5.159259 -16.01394
v -0.06798231 -6.312396 -16.22273
v -0.6800939 -5.195801 -15.93744
v 0.001348222 -6.237438 -16.27879
v 1.279058 -7.24376 -16.63721
v 1.297141 -7.304573 -16.57367
v 0.8515692 -7.239076 -16.98808
v 0.8082165 -7.323149 -16.96043
v -2.034773 -5.724395 -15.54468
v -2.138884 -5.698315 -15.55455
v -2.052216 -5.389106 -15.53598
v -2.559842 -6.72791 -15.63133
v -3.73322 -7.467782 -14.8535
v -3.751708 -7.421696 -14.90932
v -3.521432 -7.539287 -15.68071
v -3.476196 -7.607554 -15.67658
v -2.257475 -4.893085 -15.1339
v -2.359003 -4.870947 -15.10529
v -2.279108 -4.559375 -15.1028
v -2.754137 -5.913274 -15.08107
v -3.559244 -6.729895 -13.97918
v -3.597363 -6.682509 -14.02257
v -3.65084 -6.760978 -14.83058
v -3.605357 -6.827439 -14.84602
v -0.1455249 -2.510787 -14.11502
v 0.1774596 -2.534379 -15.08555
v 0.09522893 -2.173337 -15.12169
v -0.2277551 -2.149745 -14.15116
v 0.3010733 -3.654929 -13.9037
v -0.1455249 -2.510787 -14.11502
v -0.2597806 -2.540973 -14.14741
v 0.3850276 -3.587196 -13.88123
v 1.275687 -4.645958 -13.5087
v 1.763111 -4.609414 -14.37318
v 1.772006 -4.549465 -14.31367
v 1.327472 -4.568665 -13.5028
v 1.275687 -4.645958 -13.5087
v -1.714915 -2.504933 -14.16686
v -1.743558 -2.485514 -14.05938
v -1.659081 -2.162766 -14.10685
v -2.068707 -3.569223 -13.76916
v -1.646949 -4.568236 -12.50427
v -1.700563 -4.512772 -12.49102
v -2.450328 -4.480436 -12.89505
v -2.446667 -4.547467 -12.94865
v -2.187989 -2.528556 -15.26712
v -1.995529 -2.527304 -14.39281
v -1.92923 -2.208939 -14.40787
v -2.121691 -2.210192 -15.28217
v -2.581136 -3.544023 -15.20877
v -2.187989 -2.528556 -15.26712
v -2.086693 -2.551699 -15.29355
v -2.656443 -3.487151 -15.18902
v -3.458072 -4.441623 -15.05402
v -3.438539 -4.394205 -14.18658
v -3.473787 -4.343712 -14.22819
v -3.502108 -4.375262 -15.03639
v -3.458072 -4.441623 -15.05402
v -1.437233 -2.509114 -16.15631
v -2.109139 -2.514464 -15.50201
v -2.068041 -2.178902 -15.45706
v -1.396135 -2.173552 -16.11137
v -1.677809 -3.585041 -16.45564
v -1.437233 -2.509114 -16.15631
v -1.357148 -2.529928 -16.08036
v -1.738539 -3.528035 -16.51277
v -2.274511 -4.553457 -17.13435
v -3.037049 -4.515564 -16.63856
v -3.020882 -4.46316 -16.69382
v -2.316363 -4.485545 -17.16499
v -2.274511 -4.553457 -17.13435
v -0.2868794 -2.523436 -15.93973
v -1.139184 -2.514657 -16.2135
v -1.157404 -2.196587 -16.14658
v -0.3050993 -2.205369 -15.8728
v -0.1462506 -3.537467 -16.31537
v -0.2868794 -2.523436 -15.93973
v -0.3151893 -2.547042 -15.83904
v -0.1250189 -3.480253 -16.39001
v 0.1554181 -4.431702 -17.15679
v -0.6035925 -4.376441 -17.57624
v -0.5495531 -4.326252 -17.58542
v 0.1627997 -4.365086 -17.20329
v 0.1554181 -4.431702 -17.15679
v 0.03964695 -2.586488 -15.15208
v 0.1536774 -2.562734 -15.202
v 0.09870645 -2.184837 -15.15487
v 0.5383755 -3.77669 -15.40085
v 0.6255215 -3.712248 -15.43604
v 1.474036 -4.870363 -15.803
v 0.1536774 -2.562734 -15.202
v -0.1593213 -2.588121 -15.77786
v -0.214293 -2.210222 -15.73073
v 0.09870645 -2.184837 -15.15487
v 1.366409 -4.850502 -16.40324
v 1.418717 -4.79527 -16.35931
v 1.525786 -4.79327 -15.82896
v 1.474036 -4.870363 -15.803
v -0.9571447 -2.626443 -13.88567
v -0.9237601 -2.595325 -13.7556
v -0.9652253 -2.187333 -13.83932
v -0.7764059 -3.896661 -13.25506
v -0.7541401 -3.822593 -13.15819
v -0.5084165 -5.041981 -12.13297
v -0.9237601 -2.595325 -13.7556
v -0.2503029 -2.631312 -13.98851
v -0.2917688 -2.223319 -14.07224
v -0.9652253 -2.187333 -13.83932
v 0.1548337 -5.01981 -12.14329
v 0.09835242 -4.957922 -12.09735
v -0.4898186 -4.955754 -12.07624
v -0.5084165 -5.041981 -12.13297
v -0.07498028 -1.540125 -15.088
v 0.003111307 -1.504749 -15.13339
v -0.09766188 -1.238832 -15.07912
v 0.4422504 -2.374815 -15.37247
v 0.9473897 -2.894134 -16.60695
v 0.9860238 -2.851133 -16.5726
v 1.237783 -2.986891 -15.89854
v 1.209146 -3.053074 -15.88284
v -0.8035813 -1.894371 -13.87
v -0.8643441 -1.564484 -13.9831
v -0.9502563 -1.596042 -14.07932
v -0.8712912 -1.942795 -13.94206
v -0.4374131 -2.891476 -13.30874
v -0.8035813 -1.894371 -13.87
v -0.1458283 -1.883126 -14.22234
v -0.2292669 -1.421569 -14.38365
v -0.8643441 -1.564484 -13.9831
v -0.1458283 -1.883126 -14.22234
v 0.05085891 -2.872321 -13.66609
v -0.2055781 -1.926053 -14.31278
v 0.09282879 -2.797847 -13.60541
v -0.3066991 -2.63933 -13.46368
v 0.7066997 -3.605146 -12.72381
v 0.09282879 -2.797847 -13.60541
v 0.3607487 -3.597153 -12.366
v 0.3607487 -3.597153 -12.366
v 0.3049936 -3.653436 -12.35003
v 0.7066997 -3.605146 -12.72381
v 0.6886331 -3.684711 -12.7586
v -1.724475 -1.595831 -15.55543
v -1.815997 -1.573592 -15.57865
v -1.752144 -1.296366 -15.52498
v -2.143534 -2.49794 -15.79154
v -3.280421 -3.245516 -15.34722
v -3.28957 -3.200055 -15.39592
v -2.961295 -3.238952 -16.04928
v -2.91966 -3.299629 -16.04366
v -0.1470979 -1.711494 -14.34057
v -0.2698939 -1.381698 -14.37885
v -0.3989116 -1.412919 -14.3827
v -0.2461264 -1.759627 -14.3407
v 0.5087722 -2.708938 -14.2055
v -0.1470979 -1.711494 -14.34057
v 0.05193426 -1.709978 -15.0598
v -0.1209937 -1.248584 -15.11661
v -0.2698939 -1.381698 -14.37885
v 0.05193426 -1.709978 -15.0598
v 0.5872322 -2.697636 -14.80566
v -0.05487847 -1.752825 -15.07844
v 0.6603381 -2.623242 -14.79509
v 1.739728 -3.417329 -14.12341
v 1.712633 -3.472872 -14.07133
v 1.719549 -3.431573 -14.62057
v 1.681664 -3.511156 -14.63049
v -1.106712 -1.472948 -15.85465
v -1.154959 -1.446729 -15.93462
v -1.131161 -1.171753 -15.84725
v -1.292919 -2.358679 -16.33001
v -2.458077 -3.035304 -16.81311
v -2.428283 -2.99077 -16.85374
v -1.741024 -3.063927 -17.09557
v -1.718432 -3.126467 -17.06355
v -0.4276313 -1.684309 -15.72021
v -0.404842 -1.659268 -15.81111
v -0.4438383 -1.382807 -15.73456
v -0.2428128 -2.577728 -16.18151
v -0.7416298 -3.253022 -17.3408
v -0.6909247 -3.209605 -17.3489
v -0.03498964 -3.294145 -17.03463
v -0.0428908 -3.35623 -16.99552
v -1.65536 -1.931189 -14.05537
v -0.9330439 -1.931751 -13.86783
v -0.8824694 -1.46341 -14.02312
v -1.621521 -1.596477 -14.16552
v -0.9330439 -1.931751 -13.86783
v -1.171149 -2.941909 -13.36834
v -0.9158065 -1.970171 -13.97654
v -1.181095 -2.870564 -13.29217
v -1.829348 -3.712292 -12.23478
v -1.881439 -3.767136 -12.26324
v -1.33249 -3.721697 -12.26337
v -1.322579 -3.79963 -12.30454
v -2.06694 -1.815516 -14.76438
v -1.676263 -1.800406 -14.12872
v -1.592169 -1.462819 -14.19409
v -1.949108 -1.343152 -14.85926
v -2.440551 -2.837995 -14.38814
v -2.06694 -1.815516 -14.76438
v -1.966807 -1.850695 -14.81263
v -2.512826 -2.76897 -14.35647
v -3.260846 -3.689085 -13.3834
v -3.305136 -3.635791 -13.42499
v -3.422977 -3.650232 -13.90839
v -3.383911 -3.726943 -13.92976
v -0.8490095 -2.537629 -13.80023
v -0.8490098 -2.224277 -13.80023
v -1.721979 -2.224277 -14.03414
v -1.721979 -2.537629 -14.03414
v -0.8490095 -5.725857 -13.80023
v -1.721979 -5.725857 -14.03414
v -1.721979 -2.537629 -14.03414
v -1.721979 -2.224277 -14.03414
v -2.173861 -2.224277 -14.81683
v -2.173861 -2.537629 -14.81683
v -1.721979 -5.725857 -14.03414
v -2.173861 -5.725857 -14.81682
v -2.173861 -2.537629 -14.81683
v -2.173861 -2.224277 -14.81683
v -1.939949 -2.224277 -15.6898
v -1.939949 -2.53763 -15.6898
v -2.173861 -5.725857 -14.81682
v -1.939949 -5.725857 -15.68979
v -1.939949 -2.53763 -15.6898
v -1.939949 -2.224277 -15.6898
v -1.157266 -2.224277 -16.14168
v -1.157266 -2.53763 -16.14168
v -1.939949 -5.725857 -15.68979
v -1.157266 -5.725857 -16.14167
v -1.157266 -2.53763 -16.14168
v -1.157266 -2.224277 -16.14168
v -0.2842963 -2.224277 -15.90777
v -0.2842963 -2.53763 -15.90777
v -1.157266 -5.725857 -16.14167
v -0.2842963 -5.725857 -15.90776
v -0.2842963 -2.53763 -15.90777
v -0.2842963 -2.224277 -15.90777
v 0.167585 -2.224277 -15.12508
v 0.167585 -2.537629 -15.12508
v -0.2842963 -5.725857 -15.90776
v 0.167585 -5.725857 -15.12508
v 0.167585 -2.537629 -15.12508
v 0.167585 -2.224277 -15.12508
v -0.0663262 -2.224277 -14.25211
v -0.0663262 -2.537629 -14.25211
v 0.167585 -5.725857 -15.12508
v -0.0663262 -5.725857 -14.25211
v -0.0663262 -2.537629 -14.25211
v -0.0663262 -2.224277 -14.25211
v -0.8490098 -2.224277 -13.80023
v -0.8490095 -2.537629 -13.80023
v -0.0663262 -5.725857 -14.25211
v -0.8490095 -5.725857 -13.80023
v -0.8911409 1.79053 -14.94095
v 0.167585 -2.224277 -15.12508
v -0.2842963 -2.224277 -15.90777
v -0.9731286 1.79053 -15.08295
v -0.9731286 1.79053 -15.08295
v -1.157266 -2.224277 -16.14168
v -1.939949 -2.224277 -15.6898
v -1.115134 1.79053 -15.00097
v -1.115134 1.79053 -15.00097
v -2.173861 -2.224277 -14.81683
v -1.721979 -2.224277 -14.03414
v -1.033146 1.79053 -14.85896
v -1.033146 1.79053 -14.85896
v -0.8490098 -2.224277 -13.80023
v -0.0663262 -2.224277 -14.25211
v -0.8911409 1.79053 -14.94095
v -1.033146 1.79053 -14.85896
v -0.8911409 1.79053 -14.94095
v -0.9731286 1.79053 -15.08295
v -1.115134 1.79053 -15.00097
v -1.939949 -5.725857 -15.68979
v -1.157266 -5.725857 -16.14167
v -0.2842963 -5.725857 -15.90776
v 0.167585 -5.725857 -15.12508
v -2.173861 -5.725857 -14.81682
v -0.0663262 -5.725857 -14.25211
v -1.721979 -5.725857 -14.03414
v -0.8490095 -5.725857 -13.80023
v 0.1183312 -3.57153 -14.54388
v 0.169705 -3.572432 -15.37144
v 0.01723429 -3.209902 -15.37594
v -0.09734868 -3.064401 -14.54716
v 0.8013783 -4.651296 -14.61627
v 0.1183312 -3.57153 -14.54388
v 0.0006810819 -3.622273 -14.56293
v 0.8797886 -4.566525 -14.60096
v 2.271641 -5.474373 -14.97957
v 2.279614 -5.412383 -14.9151
v 2.078898 -5.433157 -14.40017
v 2.037857 -5.522701 -14.40339
v -1.916263 -3.480431 -15.53051
v -2.019438 -3.45081 -15.54021
v -1.921125 -3.144621 -15.53317
v -2.479239 -4.465884 -15.57726
v -3.670372 -5.134297 -14.7626
v -3.687769 -5.089476 -14.81979
v -3.470836 -5.241785 -15.58897
v -3.428126 -5.311525 -15.58294
v -1.986506 -3.626012 -14.72647
v -2.067718 -3.603786 -14.65918
v -2.012069 -3.291437 -14.71216
v -2.356037 -4.6488 -14.39845
v -2.576096 -5.385173 -13.00612
v -2.631546 -5.342588 -13.03246
v -3.014765 -5.491772 -13.73444
v -2.976259 -5.55827 -13.76306
v -1.480612 -3.327993 -14.17691
v -1.490785 -3.296874 -14.07422
v -1.48481 -2.992165 -14.1771
v -1.524715 -4.305098 -13.59936
v -0.7108775 -4.951838 -12.39576
v -0.768321 -4.907022 -12.37922
v -1.536099 -5.066089 -12.59627
v -1.529623 -5.136434 -12.63791
v -1.35621 -3.636699 -16.1584
v -1.995426 -3.680178 -15.63208
v -1.922983 -3.154343 -15.4839
v -1.303677 -3.260841 -16.05512
v -1.995426 -3.680178 -15.63208
v -2.21506 -4.817949 -16.17515
v -1.906419 -3.717364 -15.54562
v -2.282016 -4.742731 -16.23369
v -2.746522 -5.707185 -17.50953
v -2.683071 -5.764054 -17.53786
v -3.044272 -5.738136 -17.04449
v -3.00819 -5.822645 -17.00887
v -0.4438215 -3.755966 -16.16113
v -1.264195 -3.822531 -16.26146
v -1.339337 -3.309225 -16.07551
v -0.4951155 -3.388904 -16.02949
v -1.264195 -3.822531 -16.26146
v -0.9848571 -4.917144 -16.8627
v -1.263544 -3.867075 -16.13983
v -0.9916927 -4.83694 -16.9469
v -0.3600443 -5.705091 -18.22009
v -0.2936825 -5.761117 -18.19729
v -0.9002347 -5.761463 -18.11571
v -0.8979349 -5.848825 -18.07016
v 0.2111251 -3.716638 -15.4475
v -0.3216266 -3.784086 -16.07928
v -0.5146975 -3.276675 -15.9846
v 0.07575458 -3.353742 -15.37912
v -0.3216266 -3.784086 -16.07928
v 0.3164323 -4.859709 -16.35059
v -0.4026609 -3.832095 -15.99035
v 0.3667071 -4.777155 -16.41559
v 1.714195 -5.605521 -16.9369
v 1.748731 -5.661871 -16.87612
v 1.248036 -5.667357 -17.22802
v 1.220814 -5.755977 -17.19459
v -0.7187945 -3.39079 -14.05048
v -0.6532285 -3.35771 -13.97159
v -0.7051874 -3.05575 -14.0695
v -0.3980769 -4.354068 -13.54109
v 0.989701 -5.049973 -13.19608
v 0.9621937 -5.000457 -13.14736
v 0.2524351 -5.099464 -12.76222
v 0.2246562 -5.1706 -12.79209
v -0.04980599 -5.105491 -14.52852
v -0.1055919 -5.085409 -15.35556
v -0.1596437 -4.696265 -15.3371
v -0.1273303 -4.560651 -14.4994
v 0.3197339 -6.318783 -14.69896
v -0.04980599 -5.105491 -14.52852
v -0.1779509 -5.124073 -14.53215
v 0.4184909 -6.257248 -14.69358
v 1.472555 -7.470673 -15.26045
v 1.504203 -7.415399 -15.19716
v 1.371722 -7.405932 -14.66028
v 1.309093 -7.482008 -14.65868
v -2.107636 -5.900062 -14.74691
v -2.190304 -5.883199 -14.67984
v -2.14589 -5.567357 -14.72154
v -2.441799 -6.94656 -14.45809
v -2.648134 -7.738067 -13.0942
v -2.704875 -7.696693 -13.1197
v -3.075095 -7.835786 -13.83068
v -3.033831 -7.899784 -13.8611
v -1.138508 -5.563059 -15.39493
v -1.217396 -6.832685 -15.3546
v -1.488298 -6.8044 -14.99403
v -1.40941 -5.534774 -15.03436
v -1.40941 -5.534774 -15.03436
v -1.488298 -6.8044 -14.99403
v -1.424879 -6.794131 -14.54674
v -1.345991 -5.524507 -14.58707
v -1.345991 -5.524507 -14.58707
v -1.424879 -6.794131 -14.54674
v -1.06429 -6.807896 -14.27474
v -0.9854016 -5.538272 -14.31507
v -0.9854016 -5.538272 -14.31507
v -1.06429 -6.807896 -14.27474
v -0.6177573 -6.837632 -14.33737
v -0.5388697 -5.568006 -14.3777
v -0.5388697 -5.568006 -14.3777
v -0.6177573 -6.837632 -14.33737
v -0.3468553 -6.865917 -14.69794
v -0.2679675 -5.596292 -14.73827
v -0.2679675 -5.596292 -14.73827
v -0.3468553 -6.865917 -14.69794
v -0.4102742 -6.876186 -15.14523
v -0.3313866 -5.60656 -15.18556
v -0.3313866 -5.60656 -15.18556
v -0.4102742 -6.876186 -15.14523
v -0.7708636 -6.86242 -15.41723
v -0.6919755 -5.592795 -15.45756
v -0.6919755 -5.592795 -15.45756
v -0.7708636 -6.86242 -15.41723
v -1.217396 -6.832685 -15.3546
v -1.138508 -5.563059 -15.39493
v -0.3313866 -5.60656 -15.18556
v -0.6919755 -5.592795 -15.45756
v -1.138508 -5.563059 -15.39493
v -1.40941 -5.534774 -15.03436
v -0.2679675 -5.596292 -14.73827
v -1.345991 -5.524507 -14.58707
v -0.5388697 -5.568006 -14.3777
v -0.9854016 -5.538272 -14.31507
v -1.244658 -9.187501 -15.61579
v -0.8092729 -9.290713 -15.67891
v -0.4599496 -9.382235 -15.40726
v -1.511063 -9.133058 -15.25487
v -0.401318 -9.408453 -14.95997
v -1.45243 -9.159276 -14.80758
v -0.667722 -9.354011 -14.59905
v -1.103108 -9.250797 -14.53593
v -1.002515 -8.150534 -15.60183
v -0.7708636 -6.86242 -15.41723
v -0.4102742 -6.876186 -15.14523
v -0.6568269 -8.256435 -15.33076
v -0.3468553 -6.865917 -14.69794
v -1.435854 -8.039224 -15.53839
v -1.217396 -6.832685 -15.3546
v -0.6012899 -8.294897 -14.88395
v -0.6177573 -6.837632 -14.33737
v -1.703 -7.987715 -15.17758
v -1.488298 -6.8044 -14.99403
v -0.8684351 -8.243386 -14.52315
v -1.06429 -6.807896 -14.27474
v -1.647462 -8.026175 -14.73078
v -1.424879 -6.794131 -14.54674
v -1.301774 -8.132078 -14.4597
v -0.8092729 -9.290713 -15.67891
v -0.4599496 -9.382235 -15.40726
v -1.244658 -9.187501 -15.61579
v -0.401318 -9.408453 -14.95997
v -1.511063 -9.133058 -15.25487
v -0.667722 -9.354011 -14.59905
v -1.45243 -9.159276 -14.80758
v -1.103108 -9.250797 -14.53593
f 2436 2437 2438
f 2439 2440 2441
f 2442 2443 2444
f 2445 2446 2447
f 2448 2449 2450
f 2451 2452 2453
f 2454 2455 2456
f 2457 2458 2459
f 2460 2461 2462
f 2463 2464 2465
f 2466 2467 2468
f 2469 2470 2468
f 2469 2471 2470
f 2472 2470 2471
f 2473 2470 2472
f 2474 2475 2476
f 2477 2478 2479
f 2480 2481 2482
f 2483 2484 2485
f 2486 2487 2488
f 2489 2490 2491
f 2492 2493 2494
f 2495 2496 2497
f 2498 2499 2500
f 2501 2502 2503
f 2504 2505 2506
f 2507 2508 2509
f 2510 2511 2512
f 2513 2514 2515
f 2516 2517 2518
f 2519 2520 2521
f 2522 2523 2524
f 2525 2526 2527
f 2528 2529 2530
f 2531 2532 2530
f 2531 2533 2534
f 2535 2534 2533
f 2536 2534 2535
f 2537 2538 2539
f 2540 2541 2542
f 2543 2544 2545
f 2546 2547 2548
f 2549 2550 2551
f 2552 2553 2554
f 2555 2556 2557
f 2558 2559 2560
f 2561 2562 2563
f 2564 2565 2566
f 2567 2568 2569
f 2570 2571 2572
f 2573 2574 2575
f 2576 2577 2578
f 2579 2580 2581
f 2582 2583 2584
f 2585 2586 2587
f 2588 2589 2590
f 2591 2592 2593
f 2594 2595 2596
f 2597 2598 2596
f 2597 2599 2600
f 2601 2600 2599
f 2602 2600 2601
f 2603 2604 2605
f 2606 2607 2608
f 2609 2610 2611
f 2612 2613 2614
f 2615 2616 2617
f 2618 2619 2620
f 2621 2622 2623
f 2624 2625 2626
f 2627 2628 2629
f 2630 2631 2632
f 2633 2634 2635
f 2636 2637 2638
f 2639 2640 2641
f 2642 2643 2644
f 2645 2646 2647
f 2648 2649 2650
f 2651 2652 2653
f 2654 2655 2656
f 2657 2658 2659
f 2660 2661 2659
f 2662 2661 2660
f 2660 2663 2662
f 2660 2664 2663
f 2665 2666 2667
f 2668 2669 2670
f 2671 2672 2673
f 2674 2675 2676
f 2677 2678 2679
f 2680 2681 2682
f 2683 2684 2685
f 2686 2687 2688
f 2689 2690 2691
f 2692 2693 2694
f 2695 2696 2697
f 2698 2699 2700
f 2701 2702 2703
f 2704 2705 2706
f 2707 2708 2709
f 2710 2711 2712
f 2713 2714 2715
f 2716 2717 2718
f 2719 2720 2718
f 2721 2720 2719
f 2719 2722 2721
f 2719 2723 2722
f 2724 2725 2726
f 2727 2728 2729
f 2730 2731 2732
f 2733 2734 2735
f 2736 2737 2738
f 2739 2740 2741
f 2742 2743 2744
f 2745 2746 2747
f 2748 2749 2750
f 2751 2752 2753
f 2754 2755 2756
f 2757 2758 2759
f 2760 2761 2762
f 2763 2764 2765
f 2766 2767 2768
f 2769 2770 2771
f 2772 2773 2774
f 2775 2776 2777
f 2778 2779 2777
f 2780 2779 2778
f 2778 2781 2780
f 2778 2782 2781
f 2783 2784 2785
f 2786 2787 2788
f 2789 2790 2791
f 2792 2793 2794
f 2795 2796 2797
f 2798 2799 2800
f 2801 2802 2803
f 2804 2805 2806
f 2807 2808 2809
f 2810 2811 2812
f 2813 2814 2815
f 2816 2817 2818
f 2819 2820 2821
f 2822 2823 2824
f 2825 2826 2827
f 2828 2829 2830
f 2831 2832 2833
f 2834 2835 2836
f 2837 2838 2839
f 2840 2841 2839
f 2840 2842 2843
f 2844 2843 2842
f 2845 2843 2844
f 2846 2847 2848
f 2849 2850 2851
f 2852 2853 2854
f 2855 2856 2857
f 2858 2859 2860
f 2861 2862 2863
f 2864 2865 2866
f 2867 2868 2869
f 2870 2871 2872
f 2873 2874 2875
f 2876 2877 2878
f 2879 2880 2881
f 2882 2883 2884
f 2885 2886 2887
f 2888 2889 2890
f 2891 2892 2893
f 2894 2895 2896
f 2897 2898 2899
f 2900 2901 2902
f 2903 2904 2905
f 2906 2907 2905
f 2906 2908 2909
f 2910 2909 2908
f 2911 2909 2910
f 2912 2913 2914
f 2915 2916 2917
f 2918 2919 2920
f 2921 2922 2923
f 2924 2925 2926
f 2927 2928 2929
f 2930 2931 2932
f 2933 2934 2935
f 2936 2937 2938
f 2939 2940 2941
f 2942 2943 2944
f 2945 2946 2947
f 2948 2949 2950
f 2951 2952 2953
f 2954 2955 2956
f 2957 2958 2959
f 2960 2961 2962
f 2963 2964 2965
f 2966 2967 2968
f 2969 2970 2968
f 2971 2970 2969
f 2969 2972 2971
f 2969 2973 2972
f 2974 2975 2976
f 2977 2978 2979
f 2980 2981 2982
f 2983 2984 2985
f 2986 2987 2988
f 2989 2990 2991
f 2992 2993 2994
f 2995 2996 2997
f 2998 2999 3000
f 3001 3002 3003
f 3004 3005 3006
f 3007 3008 3009
f 3010 3011 3012
f 3013 3014 3015
f 3016 3017 3018
f 3019 3020 3021
f 3022 3023 3024
f 3025 3026 3027
f 3028 3029 3027
f 3030 3029 3028
f 3028 3031 3030
f 3028 3032 3031
f 3033 3034 3035
f 3036 3037 3038
f 3039 3040 3041
f 3042 3043 3044
f 3045 3046 3047
f 3048 3049 3050
f 3051 3052 3053
f 3054 3055 3056
f 3057 3058 3059
f 3060 3061 3062
f 3063 3064 3065
f 3066 3067 3068
f 3069 3070 3071
f 3072 3073 3074
f 3075 3076 3077
f 3078 3079 3080
f 3081 3082 3083
f 3084 3085 3086
f 3087 3088 3089
f 3090 3091 3089
f 3090 3092 3093
f 3094 3093 3092
f 3095 3093 3094
f 3096 3097 3098
f 3099 3100 3101
f 3102 3103 3104
f 3105 3106 3107
f 3108 3109 3110
f 3111 3112 3113
f 3114 3115 3116
f 3117 3118 3119
f 3120 3121 3122
f 3123 3124 3125
f 3126 3127 3128
f 3129 3130 3131
f 3132 3133 3134
f 3135 3136 3137
f 3138 3139 3140
f 3141 3142 3143
f 3144 3145 3146
f 3147 3148 3149
f 3150 3151 3152
f 3153 3154 3152
f 3155 3154 3153
f 3153 3156 3155
f 3153 3157 3156
f 3158 3159 3160
f 3161 3162 3163
f 3164 3165 3166
f 3167 3168 3169
f 3170 3171 3172
f 3173 3174 3175
f 3176 3177 3178
f 3179 3180 3181
f 3182 3183 3184
f 3185 3186 3187
f 3188 3189 3190
f 3191 3192 3193
f 3194 3195 3196
f 3197 3198 3199
f 3200 3201 3202
f 3203 3204 3205
f 3206 3207 3208
f 3209 3210 3211
f 3212 3213 3214
f 3215 3216 3214
f 3215 3217 3218
f 3219 3218 3217
f 3220 3218 3219
f 3221 3222 3223
f 3224 3225 3226
f 3227 3228 3229
f 3230 3231 3232
f 3233 3234 3235
f 3236 3237 3238
f 3239 3240 3241
f 3242 3243 3244
f 3245 3246 3247
f 3248 3249 3250
f 3251 3252 3253
f 3254 3255 3256
f 3257 3258 3259
f 3260 3261 3262
f 3263 3264 3265
f 3266 3267 3268
f 3269 3270 3271
f 3272 3273 3274
f 3275 3276 3277
f 3278 3279 3280
f 3281 3282 3280
f 3281 3283 3284
f 3285 3284 3283
f 3286 3284 3285
f 3287 3288 3289
f 3290 3291 3292
f 3293 3294 3295
f 3296 3297 3298
f 3299 3300 3301
f 3302 3303 3304
f 3305 3306 3307
f 3308 3309 3310
f 3311 3312 3313
f 3314 3315 3316
f 3317 3318 3319
f 3320 3321 3322
f 3323 3324 3325
f 3326 3327 3328
f 3329 3330 3331
f 3332 3333 3334
f 3335 3336 3337
f 3338 3339 3340
f 3341 3342 3340
f 3341 3343 3342
f 3344 3342 3343
f 3345 3342 3344
f 3346 3347 3348
f 3349 3350 3351
f 3352 3353 3354
f 3355 3356 3357
f 3358 3359 3360
f 3361 3362 3363
f 3364 3365 3366
f 3367 3368 3369
f 3370 3371 3372
f 3373 3374 3375
f 3376 3377 3378
f 3379 3380 3381
f 3382 3383 3384
f 3385 3386 3387
f 3388 3389 3390
f 3391 3392 3393
f 3394 3395 3396
f 3397 3398 3399
f 3400 3401 3402
f 3403 3404 3402
f 3403 3405 3406
f 3407 3406 3405
f 3408 3406 3407
f 3409 3410 3411
f 3412 3413 3414
f 3415 3416 3417
f 3418 3419 3420
f 3421 3422 3423
f 3424 3425 3426
f 3427 3428 3429
f 3430 3431 3432
f 3433 3434 3435
f 3436 3437 3438
f 3439 3440 3441
f 3442 3443 3444
f 3445 3446 3447
f 3448 3449 3450
f 3451 3452 3453
f 3454 3455 3456
f 3457 3458 3459
f 3460 3461 3462
f 3463 3464 3462
f 3463 3465 3464
f 3466 3464 3465
f 3467 3464 3466
f 3468 3469 3470
f 3471 3472 3473
f 3474 3475 3476
f 3477 3478 3479
f 3480 3481 3482
f 3483 3484 3485
f 3486 3487 3488
f 3489 3490 3491
f 3492 3493 3494
f 3495 3496 3497
f 3498 3499 3500
f 3501 3502 3503
f 3504 3505 3506
f 3507 3508 3509
f 3510 3511 3512
f 3513 3514 3515
f 3516 3517 3518
f 3519 3520 3518
f 3519 3521 3520
f 3522 3520 3521
f 3523 3520 3522
f 3524 3525 3526
f 3527 3528 3529
f 3530 3531 3532
f 3533 3534 3535
f 3536 3537 3538
f 3539 3540 3541
f 3542 3543 3544
f 3545 3546 3547
f 3548 3549 3550
f 3551 3552 3553
f 3554 3555 3556
f 3557 3558 3559
f 3560 3561 3562
f 3563 3564 3565
f 3566 3567 3568
f 3569 3570 3571
f 3572 3573 3574
f 3575 3576 3574
f 3575 3577 3576
f 3578 3576 3577
f 3579 3576 3578
f 3580 3581 3582
f 3583 3584 3585
f 3586 3587 3588
f 3589 3590 3591
f 3592 3593 3594
f 3595 3596 3597
f 3598 3599 3600
f 3601 3602 3603
f 3604 3605 3606
f 3607 3608 3609
f 3610 3611 3612
f 3613 3614 3615
f 3616 3617 3618
f 3619 3620 3621
f 3622 3623 3624
f 3625 3626 3627
f 3628 3629 3627
f 3628 3630 3629
f 3631 3629 3630
f 3632 3629 3631
f 3633 3634 3635
f 3636 3637 3638
f 3639 3640 3641
f 3642 3643 3644
f 3645 3646 3647
f 3648 3649 3650
f 3651 3652 3653
f 3654 3655 3656
f 3657 3658 3659
f 3660 3661 3662
f 3663 3664 3665
f 3666 3667 3668
f 3669 3670 3671
f 3672 3673 3674
f 3675 3676 3677
f 3678 3679 3680
f 3681 3682 3680
f 3681 3683 3682
f 3684 3682 3683
f 3685 3682 3684
f 3686 3687 3688
f 3689 3690 3691
f 3692 3693 3694
f 3695 3696 3697
f 3698 3699 3700
f 3701 3702 3703
f 3704 3705 3706
f 3707 3708 3709
f 3710 3711 3712
f 3713 3714 3715
f 3716 3717 3718
f 3719 3720 3721
f 3722 3723 3724
f 3725 3726 3727
f 3728 3729 3730
f 3731 3732 3733
f 3734 3735 3736
f 3737 3738 3739
f 3740 3741 3742
f 3743 3744 3742
f 3743 3745 3746
f 3747 3746 3745
f 3748 3746 3747
f 3749 3750 3751
f 3752 3753 3754
f 3755 3756 3757
f 3758 3759 3760
f 3761 3762 3763
f 3764 3765 3766
f 3767 3768 3769
f 3770 3771 3772
f 3773 3774 3775
f 3776 3777 3778
f 3779 3780 3781
f 3782 3783 3784
f 3785 3786 3787
f 3788 3789 3790
f 3791 3792 3793
f 3794 3795 3796
f 3797 3798 3799
f 3800 3801 3802
f 3803 3804 3805
f 3806 3807 3808
f 3809 3810 3811
f 3812 3813 3814
f 3815 3816 3817
f 3818 3819 3820
f 3821 3822 3823
f 3824 3825 3826
f 3827 3828 3829
f 3830 3831 3832
f 3833 3834 3835
f 3836 3837 3838
f 3839 3840 3841
f 3842 3843 3844
f 3845 3846 3847
f 3848 3849 3850
f 3851 3852 3853
f 3854 3855 3856
f 3857 3858 3859
f 3860 3861 3859
f 3860 3862 3863
f 3864 3863 3862
f 3865 3863 3864
f 3866 3867 3868
f 3869 3870 3871
f 3872 3873 3874
f 3875 3876 3877
f 3878 3879 3880
f 3881 3882 3883
f 3884 3885 3886
f 3887 3888 3889
f 3890 3891 3892
f 3893 3894 3895
f 3896 3897 3898
f 3899 3900 3901
f 3902 3903 3904
f 3905 3906 3907
f 3908 3909 3910
f 3911 3912 3913
f 3914 3915 3916
f 3917 3918 3919
f 3920 3921 3922
f 3923 3924 3925
f 3926 3927 3928
f 3929 3930 3931
f 3932 3933 3934
f 3935 3936 3937
f 3938 3939 3940
f 3941 3942 3943
f 3944 3945 3946
f 3947 3948 3949
f 3950 3951 3952
f 3953 3954 3955
f 3956 3957 3958
f 3959 3960 3961
f 3962 3963 3964
f 3965 3966 3967
f 3968 3969 3970
f 3971 3972 3973
f 3974 3975 3976
f 3977 3978 3979
f 3980 3981 3982
f 3983 3984 3982
f 3983 3985 3986
f 3987 3986 3985
f 3988 3986 3987
f 3989 3990 3991
f 3992 3993 3994
f 3995 3996 3997
f 3998 3999 4000
f 4001 4002 4003
f 4004 4005 4006
f 4007 4008 4009
f 4010 4011 4012
f 4013 4014 4015
f 4016 4017 4018
f 4019 4020 4021
f 4022 4023 4024
f 4025 4026 4027
f 4028 4029 4030
f 4031 4032 4033
f 4034 4035 4036
f 4037 4038 4039
f 4040 4041 4042
f 4043 4044 4045
f 4046 4047 4048
f 4049 4050 4048
f 4049 4051 4052
f 4053 4052 4051
f 4054 4052 4053
f 4055 4056 4057
f 4058 4059 4060
f 4061 4062 4063
f 4064 4065 4066
f 4067 4068 4069
f 4070 4071 4072
f 4073 4074 4075
f 4076 4077 4078
f 4079 4080 4081
f 4082 4083 4084
f 4085 4086 4087
f 4088 4089 4090
f 4091 4092 4093
f 4094 4095 4096
f 4097 4098 4099
f 4100 4101 4102
f 4103 4104 4105
f 4106 4107 4108
f 4109 4110 4111
f 4112 4113 4111
f 4114 4113 4112
f 4112 4115 4114
f 4112 4116 4115
f 4117 4118 4119
f 4120 4121 4122
f 4123 4124 4125
f 4126 4127 4128
f 4129 4130 4131
f 4132 4133 4134
f 4135 4136 4137
f 4138 4139 4140
f 4141 4142 4143
f 4144 4145 4146
f 4147 4148 4149
f 4150 4151 4152
f 4153 4154 4155
f 4156 4157 4158
f 4159 4160 4161
f 4162 4163 4164
f 4165 4166 4167
f 4168 4169 4170
f 4171 4172 4170
f 4171 4173 4172
f 4174 4172 4173
f 4175 4172 4174
f 4176 4177 4178
f 4179 4180 4181
f 4182 4183 4184
f 4185 4186 4187
f 4188 4189 4190
f 4191 4192 4193
f 4194 4195 4196
f 4197 4198 4199
f 4200 4201 4202
f 4203 4204 4205
f 4206 4207 4208
f 4209 4210 4211
f 4212 4213 4214
f 4215 4216 4217
f 4218 4219 4220
f 4221 4222 4223
f 4224 4225 4226
f 4227 4228 4229
f 4230 4231 4232
f 4233 4234 4235
f 4236 4237 4238
f 4239 4240 4241
f 4242 4243 4241
f 4242 4244 4243
f 4245 4243 4244
f 4246 4243 4245
f 4247 4248 4249
f 4250 4251 4252
f 4253 4254 4255
f 4256 4257 4258
f 4259 4260 4261
f 4262 4263 4264
f 4265 4266 4267
f 4268 4269 4270
f 4271 4272 4273
f 4274 4275 4276
f 4277 4278 4279
f 4280 4281 4282
f 4283 4284 4285
f 4286 4287 4288
f 4289 4290 4291
f 4292 4293 4294
f 4295 4296 4297
f 4298 4299 4300
f 4301 4302 4303
f 4304 4305 4303
f 4304 4306 4307
f 4308 4307 4306
f 4309 4307 4308
f 4310 4311 4312
f 4313 4314 4315
f 4316 4317 4318
f 4319 4320 4321
f 4322 4323 4324
f 4325 4326 4327
f 4328 4329 4330
f 4331 4332 4333
f 4334 4335 4336
f 4337 4338 4339
f 4340 4341 4342
f 4343 4344 4345
f 4346 4347 4348
f 4349 4350 4351
f 4352 4353 4354
f 4355 4356 4357
f 4358 4359 4360
f 4361 4362 4363
f 4364 4365 4366
f 4367 4368 4369
f 4370 4371 4369
f 4370 4372 4373
f 4374 4373 4372
f 4375 4373 4374
f 4376 4377 4378
f 4379 4380 4381
f 4382 4383 4384
f 4385 4386 4387
f 4388 4389 4390
f 4391 4392 4393
f 4394 4395 4396
f 4397 4398 4399
f 4400 4401 4402
f 4403 4404 4405
f 4406 4407 4408
f 4409 4410 4411
f 4412 4413 4414
f 4415 4416 4417
f 4418 4419 4420
f 4421 4422 4423
f 4424 4425 4426
f 4427 4428 4429
f 4430 4431 4432
f 4433 4434 4435
f 4436 4437 4435
f 4436 4438 4439
f 4440 4439 4438
f 4441 4439 4440
f 4442 4443 4444
f 4445 4446 4447
f 4448 4449 4450
f 4451 4452 4453
f 4454 4455 4456
f 4457 4458 4459
f 4460 4461 4462
f 4463 4464 4465
f 4466 4467 4468
f 4469 4470 4471
f 4472 4473 4474
f 4475 4476 4477
f 4478 4479 4480
f 4481 4482 4483
f 4484 4485 4486
f 4487 4488 4489
f 4490 4491 4492
f 4493 4494 4495
f 4496 4497 4498
f 4499 4500 4498
f 4501 4500 4499
f 4499 4502 4501
f 4499 4503 4502
f 4504 4505 4506
f 4507 4508 4509
f 4510 4511 4512
f 4513 4514 4515
f 4516 4517 4518
f 4519 4520 4521
f 4522 4523 4524
f 4525 4526 4527
f 4528 4529 4530
f 4531 4532 4533
f 4534 4535 4536
f 4537 4538 4539
f 4540 4541 4542
f 4543 4544 4545
f 4546 4547 4548
f 4549 4550 4551
f 4552 4553 4554
f 4555 4556 4557
f 4558 4559 4557
f 4560 4559 4558
f 4558 4561 4560
f 4558 4562 4561
f 4563 4564 4565
f 4566 4567 4568
f 4569 4570 4571
f 4572 4573 4574
f 4575 4576 4577
f 4578 4579 4580
f 4581 4582 4583
f 4584 4585 4586
f 4587 4588 4589
f 4590 4591 4592
f 4593 4594 4595
f 4596 4597 4598
f 4599 4600 4601
f 4602 4603 4604
f 4605 4606 4607
f 4608 4609 4610
f 4611 4612 4613
f 4614 4615 4616
f 4617 4618 4616
f 4619 4618 4617
f 4617 4620 4619
f 4617 4621 4620
f 4622 4623 4624
f 4625 4626 4627
f 4628 4629 4630
f 4631 4632 4633
f 4634 4635 4636
f 4637 4638 4639
f 4640 4641 4642
f 4643 4644 4645
f 4646 4647 4648
f 4649 4650 4651
f 4652 4653 4654
f 4655 4656 4657
f 4658 4659 4660
f 4661 4662 4663
f 4664 4665 4666
f 4667 4668 4669
f 4670 4671 4672
f 4673 4674 4675
f 4676 4677 4678
f 4679 4680 4678
f 4679 4681 4682
f 4683 4682 4681
f 4684 4682 4683
f 4685 4686 4687
f 4688 4689 4690
f 4691 4692 4693
f 4694 4695 4696
f 4697 4698 4699
f 4700 4701 4702
f 4703 4704 4705
f 4706 4707 4708
f 4709 4710 4711
f 4712 4713 4714
f 4715 4716 4717
f 4718 4719 4720
f 4721 4722 4723
f 4724 4725 4726
f 4727 4728 4729
f 4730 4731 4732
f 4733 4734 4735
f 4736 4737 4738
f 4739 4740 4741
f 4742 4743 4741
f 4742 4744 4743
f 4745 4743 4744
f 4746 4743 4745
f 4747 4748 4749
f 4750 4751 4752
f 4753 4754 4755
f 4756 4757 4758
f 4759 4760 4761
f 4762 4763 4764
f 4765 4766 4767
f 4768 4769 4770
f 4771 4772 4773
f 4774 4775 4776
f 4777 4778 4779
f 4780 4781 4782
f 4783 4784 4785
f 4786 4787 4788
f 4789 4790 4791
f 4792 4793 4794
f 4795 4796 4797
f 4798 4799 4800
f 4801 4802 4803
f 4804 4805 4803
f 4804 4806 4807
f 4808 4807 4806
f 4809 4807 4808
f 4810 4811 4812
f 4813 4814 4815
f 4816 4817 4818
f 4819 4820 4821
f 4822 4823 4824
f 4825 4826 4827
f 4828 4829 4830
f 4831 4832 4833
f 4834 4835 4836
f 4834 4836 4837
f 4838 4839 4840
f 4839 4838 4841
f 4842 4843 4844
f 4842 4844 4845
f 4846 4847 4848
f 4849 4847 4846
f 4850 4851 4852
f 4850 4852 4853
f 4854 4855 4856
f 4857 4855 4854
f 4858 4859 4860
f 4858 4860 4861
f 4862 4863 4864
f 4862 4864 4865
f 4866 4867 4868
f 4867 4866 4869
f 4870 4871 4872
f 4872 4871 4873
f 4874 4875 4876
f 4874 4876 4877
f 4878 4879 4880
f 4879 4878 4881
f 4882 4883 4884
f 4884 4883 4885
f 4886 4887 4888
f 4886 4888 4889
f 4890 4891 4892
f 4891 4890 4893
f 4894 4895 4896
f 4896 4895 4897
f 4898 4899 4900
f 4901 4899 4898
f 4902 4903 4904
f 4902 4904 4905
f 4906 4907 4908
f 4909 4907 4906
f 4910 4911 4912
f 4910 4912 4913
f 4914 4915 4916
f 4914 4916 4917
f 4918 4919 4920
f 4919 4918 4921
f 4922 4923 4924
f 4924 4923 4925
f 4926 4927 4928
f 4926 4928 4929
f 4930 4931 4932
f 4931 4930 4933
f 4934 4935 4936
f 4936 4935 4937
f 4938 4939 4940
f 4941 4939 4938
f 4942 4943 4944
f 4942 4944 4945
f 4946 4947 4948
f 4946 4948 4949
f 4950 4951 4952
f 4951 4950 4953
f 4954 4955 4956
f 4956 4955 4957
f 4958 4959 4960
f 4961 4959 4958
f 4962 4963 4964
f 4962 4964 4965
f 4966 4967 4968
f 4969 4967 4966
f 4970 4971 4972
f 4970 4972 4973
f 4974 4975 4976
f 4974 4976 4977
f 4978 4979 4980
f 4979 4978 4981
f 4982 4981 4978
f 4983 4984 4985
f 4983 4985 4986
f 4987 4988 4989
f 4990 4988 4987
f 4991 4992 4993
f 4991 4993 4994
f 4995 4996 4997
f 4995 4997 4998
f 4999 5000 5001
f 5000 4999 5002
f 5003 5002 4999
f 5004 5005 5006
f 5004 5006 5007
f 5008 5009 5010
f 5008 5010 5011
f 5012 5013 5014
f 5013 5012 5015
f 5016 5015 5012
f 5017 5018 5019
f 5017 5019 5020
f 5021 5022 5023
f 5021 5023 5024
f 5025 5026 5027
f 5026 5025 5028
f 5029 5028 5025
f 5030 5031 5032
f 5030 5032 5033
f 5034 5035 5036
f 5037 5035 5034
f 5035 5037 5038
f 5039 5038 5037
f 5040 5041 5042
f 5040 5042 5043
f 5044 5045 5046
f 5044 5046 5047
f 5048 5049 5050
f 5051 5049 5048
f 5049 5051 5052
f 5053 5052 5051
f 5054 5055 5056
f 5054 5056 5057
f 5058 5059 5060
f 5058 5060 5061
f 5062 5063 5064
f 5065 5063 5062
f 5066 5067 5068
f 5066 5068 5069
f 5070 5071 5072
f 5070 5072 5073
f 5073 5074 5070
f 5075 5076 5077
f 5075 5077 5078
f 5079 5080 5081
f 5080 5079 5082
f 5083 5084 5085
f 5084 5083 5086
f 5087 5088 5089
f 5089 5088 5090
f 5091 5092 5093
f 5094 5092 5091
f 5095 5096 5097
f 5095 5097 5098
f 5099 5100 5101
f 5099 5101 5102
f 5102 5103 5099
f 5104 5105 5106
f 5104 5106 5107
f 5108 5109 5110
f 5109 5108 5111
f 5112 5113 5114
f 5114 5113 5115
f 5116 5117 5118
f 5119 5117 5116
f 5120 5121 5122
f 5120 5122 5123
f 5124 5125 5126
f 5127 5125 5124
f 5128 5129 5130
f 5128 5130 5131
f 5132 5133 5134
f 5132 5134 5135
f 5136 5137 5138
f 5137 5136 5139
f 5140 5141 5142
f 5142 5141 5143
f 5144 5145 5146
f 5144 5146 5147
f 5148 5149 5150
f 5149 5148 5151
f 5152 5153 5154
f 5152 5154 5155
f 5156 5157 5158
f 5156 5158 5159
f 5160 5156 5159
f 5160 5159 5161
f 5162 5163 5164
f 5162 5164 5165
f 5166 5162 5165
f 5166 5165 5167
f 5168 5169 5170
f 5168 5170 5171
f 5172 5168 5171
f 5172 5171 5173
f 5174 5175 5176
f 5174 5176 5177
f 5178 5174 5177
f 5178 5177 5179
f 5180 5181 5182
f 5180 5182 5183
f 5184 5180 5183
f 5184 5183 5185
f 5186 5187 5188
f 5186 5188 5189
f 5190 5186 5189
f 5190 5189 5191
f 5192 5193 5194
f 5192 5194 5195
f 5196 5192 5195
f 5196 5195 5197
f 5198 5199 5200
f 5198 5200 5201
f 5202 5198 5201
f 5202 5201 5203
f 5204 5205 5206
f 5204 5206 5207
f 5208 5209 5210
f 5208 5210 5211
f 5212 5213 5214
f 5212 5214 5215
f 5216 5217 5218
f 5216 5218 5219
f 5220 5221 5222
f 5220 5222 5223
f 5224 5225 5226
f 5226 5227 5224
f 5227 5228 5224
f 5227 5229 5228
f 5229 5230 5228
f 5229 5231 5230
f 5232 5233 5234
f 5232 5234 5235
f 5236 5237 5238
f 5237 5236 5239
f 5240 5241 5242
f 5240 5242 5243
f 5244 5245 5246
f 5247 5245 5244
f 5248 5249 5250
f 5248 5250 5251
f 5252 5253 5254
f 5255 5253 5252
f 5256 5257 5258
f 5256 5258 5259
f 5260 5261 5262
f 5263 5261 5260
f 5264 5265 5266
f 5264 5266 5267
f 5268 5269 5270
f 5268 5270 5271
f 5272 5273 5274
f 5273 5272 5275
f 5276 5277 5278
f 5278 5277 5279
f 5280 5281 5282
f 5280 5282 5283
f 5284 5285 5286
f 5285 5284 5287
f 5288 5289 5290
f 5290 5289 5291
f 5292 5293 5294
f 5292 5294 5295
f 5296 5297 5298
f 5297 5296 5299
f 5300 5301 5302
f 5302 5301 5303
f 5304 5305 5306
f 5307 5305 5304
f 5308 5309 5310
f 5308 5310 5311
f 5312 5313 5314
f 5312 5314 5315
f 5316 5317 5318
f 5317 5316 5319
f 5320 5321 5322
f 5320 5322 5323
f 5324 5325 5326
f 5327 5325 5324
f 5328 5329 5330
f 5328 5330 5331
f 5332 5333 5334
f 5332 5334 5335
f 5336 5337 5338
f 5336 5338 5339
f 5340 5341 5342
f 5340 5342 5343
f 5344 5345 5346
f 5344 5346 5347
f 5348 5349 5350
f 5348 5350 5351
f 5352 5353 5354
f 5352 5354 5355
f 5356 5357 5358
f 5356 5358 5359
f 5360 5361 5362
f 5360 5362 5363
f 5364 5365 5366
f 5366 5367 5364
f 5367 5368 5364
f 5367 5369 5368
f 5369 5370 5368
f 5369 5371 5370
f 5372 5373 5374
f 5374 5375 5372
f 5374 5376 5375
f 5376 5377 5375
f 5376 5378 5377
f 5378 5379 5377
f 5380 5381 5382
f 5380 5382 5383
f 5383 5382 5384
f 5385 5381 5380
f 5385 5386 5381
f 5383 5384 5387
f 5387 5384 5388
f 5389 5386 5385
f 5389 5390 5386
f 5387 5388 5391
f 5391 5388 5392
f 5393 5390 5389
f 5393 5394 5390
f 5395 5392 5394
f 5391 5392 5395
f 5395 5394 5393
f 5396 5380 5383
f 5396 5383 5397
f 5397 5383 5387
f 5398 5380 5396
f 5398 5385 5380
f 5397 5387 5399
f 5399 5387 5391
f 5400 5385 5398
f 5400 5389 5385
f 5399 5391 5401
f 5401 5391 5395
f 5402 5389 5400
f 5402 5393 5389
f 5401 5395 5403
f 5403 5393 5402
f 5403 5395 5393
v -13.43359 21.33992 147.7375
v 13.88197 21.33992 147.7618
v -13.43602 21.33992 150.4714
v 13.87954 21.33992 150.4957
v -13.43602 5.260078 150.4714
v 13.87954 5.260077 150.4957
v -13.43359 5.260077 147.7375
v 13.88197 5.260076 147.7618
v -13.43602 21.33992 150.4714
v 13.87954 21.33992 150.4957
v -13.43602 5.260078 150.4714
v 13.87954 5.260077 150.4957
v -13.43359 5.260077 147.7375
v -13.43359 21.33992 147.7375
v 13.88197 21.33992 147.7618
v 13.88197 5.260076 147.7618
v 13.88197 21.33992 147.7618
v 13.87954 21.33992 150.4957
v 13.87954 5.260077 150.4957
v 13.88197 5.260076 147.7618
v -13.43359 5.260077 147.7375
v -13.43602 5.260078 150.4714
v -13.43602 21.33992 150.4714
v -13.43359 21.33992 147.7375
f 5404 5406 5407
f 5404 5407 5405
f 5412 5408 5409
f 5412 5409 5413
f 5414 5410 5411
f 5414 5411 5415
f 5416 5417 5418
f 5416 5418 5419
f 5420 5421 5422
f 5420 5422 5423
f 5424 5425 5426
f 5424 5426 5427
v 12.03 -9.42 125.94
v 8.030001 -9.42 125.94
v 12.03 -7.42 125.94
v 8.030001 -7.42 125.94
v 12.03 -7.42 121.94
v 8.030001 -7.42 121.94
v 12.03 -9.42 121.94
v 8.030001 -9.42 121.94
v 12.03 -7.42 125.94
v 8.030001 -7.42 125.94
v 12.03 -7.42 121.94
v 8.030001 -7.42 121.94
v 12.03 -9.42 121.94
v 12.03 -9.42 125.94
v 8.030001 -9.42 125.94
v 8.030001 -9.42 121.94
v 8.030001 -9.42 125.94
v 8.030001 -7.42 125.94
v 8.030001 -7.42 121.94
v 8.030001 -9.42 121.94
v 12.03 -9.42 121.94
v 12.03 -7.42 121.94
v 12.03 -7.42 125.94
v 12.03 -9.42 125.94
f 5428 5430 5431
f 5428 5431 5429
f 5436 5432 5433
f 5436 5433 5437
f 5438 5434 5435
f 5438 5435 5439
f 5440 5441 5442
f 5440 5442 5443
f 5444 5445 5446
f 5444 5446 5447
f 5448 5449 5450
f 5448 5450 5451
v 3.440997 -9.39 -22.6563
v 1.656303 -9.39 -23.559
v 3.440997 -7.39 -22.6563
v 1.656303 -7.39 -23.559
v 4.343697 -7.39 -24.441
v 2.559003 -7.39 -25.3437
v 4.343697 -9.39 -24.441
v 2.559003 -9.39 -25.3437
v 3.440997 -7.39 -22.6563
v 1.656303 -7.39 -23.559
v 4.343697 -7.39 -24.441
v 2.559003 -7.39 -25.3437
v 4.343697 -9.39 -24.441
v 3.440997 -9.39 -22.6563
v 1.656303 -9.39 -23.559
v 2.559003 -9.39 -25.3437
v 1.656303 -9.39 -23.559
v 1.656303 -7.39 -23.559
v 2.559003 -7.39 -25.3437
v 2.559003 -9.39 -25.3437
v 4.343697 -9.39 -24.441
v 4.343697 -7.39 -24.441
v 3.440997 -7.39 -22.6563
v 3.440997 -9.39 -22.6563
f 5452 5454 5455
f 5452 5455 5453
f 5460 5456 5457
f 5460 5457 5461
f 5462 5458 5459
f 5462 5459 5463
f 5464 5465 5466
f 5464 5466 5467
f 5468 5469 5470
f 5468 5470 5471
f 5472 5473 5474
f 5472 5474 5475
v 14.79195 -9.56 123.5358
v 13.20418 -9.56 124.7519
v 14.79195 -7.56 123.5358
v 13.20418 -7.56 124.7519
v 13.57582 -7.56 121.948
v 11.98805 -7.56 123.1642
v 13.57582 -9.56 121.948
v 11.98805 -9.56 123.1642
v 14.79195 -7.56 123.5358
v 13.20418 -7.56 124.7519
v 13.57582 -7.56 121.948
v 11.98805 -7.56 123.1642
v 13.57582 -9.56 121.948
v 14.79195 -9.56 123.5358
v 13.20418 -9.56 124.7519
v 11.98805 -9.56 123.1642
v 13.20418 -9.56 124.7519
v 13.20418 -7.56 124.7519
v 11.98805 -7.56 123.1642
v 11.98805 -9.56 123.1642
v 13.57582 -9.56 121.948
v 13.57582 -7.56 121.948
v 14.79195 -7.56 123.5358
v 14.79195 -9.56 123.5358
f 5476 5478 5479
f 5476 5479 5477
f 5484 5480 5481
f 5484 5481 5485
f 5486 5482 5483
f 5486 5483 5487
f 5488 5489 5490
f 5488 5490 5491
f 5492 5493 5494
f 5492 5494 5495
f 5496 5497 5498
f 5496 5498 5499
v 13.68586 -7.988903 -7.675615
v 12.92889 -6.632114 -6.266777
v 12.82972 -9.577003 -6.606189
v 12.07276 -8.220214 -5.197351
v 11.92985 -7.799357 -8.807133
v 11.17023 -6.437816 -7.39336
v 11.07071 -9.393021 -7.733961
v 10.31109 -8.031479 -6.320188
v 13.52749 -8.174262 -6.021085
v 10.47251 -7.845738 -7.978915
v 12.74362 -6.630614 -7.928879
v 11.34251 -6.831525 -5.776316
v 11.25638 -9.389387 -6.071122
v 12.65749 -9.188476 -8.223683
v 13.54047 -8.95667 -7.172569
v 12.55265 -9.098318 -5.65495
v 12.61338 -7.29495 -5.447103
v 13.6012 -7.153302 -6.964722
v 11.44826 -6.918346 -8.347773
v 10.45714 -7.060468 -6.825087
v 10.39621 -8.869855 -7.033627
v 11.38733 -8.727735 -8.556313
v 12.06091 -6.201324 -6.791542
v 12.99382 -7.868169 -8.520956
v 11.00927 -8.152066 -5.477913
v 11.94177 -9.819678 -7.20681
v 13.70711 -8.176909 -7.597439
v 13.70102 -8.430444 -7.478289
v 13.64721 -8.698841 -7.333449
v 12.99266 -9.502185 -6.704999
v 13.19493 -9.369208 -6.846126
v 13.38528 -9.184718 -7.00626
v 12.80013 -9.529794 -6.4092
v 12.7432 -9.433985 -6.152113
v 12.65976 -9.288754 -5.891621
v 12.16843 -8.397548 -5.23352
v 12.29574 -8.631954 -5.319315
v 12.42816 -8.873647 -5.460589
v 12.18027 -8.046055 -5.193008
v 12.32351 -7.807268 -5.224266
v 12.47277 -7.549135 -5.307933
v 12.89472 -6.720779 -6.085448
v 12.82959 -6.868504 -5.85643
v 12.7347 -7.063259 -5.635122
v 13.08725 -6.693171 -6.381247
v 13.28132 -6.803728 -6.550442
v 13.46022 -6.959222 -6.749762
v 13.71895 -7.825416 -7.556927
v 13.72879 -7.605758 -7.38324
v 13.69181 -7.37433 -7.180793
v 11.83349 -7.621175 -8.770544
v 11.70601 -7.386215 -8.684609
v 11.57316 -7.14377 -8.542783
v 11.19992 -6.485569 -7.591373
v 11.25704 -6.581491 -7.849014
v 11.34079 -6.727276 -8.110311
v 11.00644 -6.513313 -7.294124
v 10.80376 -6.646491 -7.152617
v 10.61285 -6.831659 -6.991956
v 10.28988 -7.842522 -6.399036
v 10.29598 -7.588407 -6.518331
v 10.35005 -7.319159 -6.663674
v 10.27798 -8.195739 -6.439745
v 10.26811 -8.415928 -6.613706
v 10.30529 -8.648086 -6.816839
v 10.91155 -9.331345 -7.618916
v 10.71707 -9.220652 -7.449301
v 10.53766 -9.06458 -7.24931
v 11.10503 -9.3036 -7.916165
v 11.17036 -9.155652 -8.145699
v 11.2656 -8.960196 -8.367665
v 11.8216 -7.974392 -8.811254
v 11.67814 -8.213736 -8.779984
v 11.52841 -8.472697 -8.695948
v 12.787 -6.508656 -6.347611
v 12.57686 -6.370813 -6.471525
v 12.3288 -6.263927 -6.623015
v 11.31967 -6.345473 -7.287468
v 11.53826 -6.253346 -7.136591
v 11.79264 -6.200328 -6.966063
v 12.13482 -7.806552 -8.804597
v 12.41264 -7.820591 -8.763959
v 12.70819 -7.841366 -8.670055
v 13.59939 -7.964786 -7.859602
v 13.44829 -7.932753 -8.093385
v 13.24131 -7.899509 -8.321342
v 11.86818 -8.213034 -5.199884
v 11.59127 -8.199039 -5.240398
v 11.29674 -8.17835 -5.333843
v 10.39773 -8.055643 -6.13584
v 10.54932 -8.087782 -5.901283
v 10.75714 -8.121138 -5.672591
v 12.68057 -9.669164 -6.711875
v 12.4627 -9.760979 -6.862258
v 12.20925 -9.813933 -7.03217
v 11.21288 -9.516722 -7.652969
v 11.42371 -9.655027 -7.528651
v 11.6727 -9.762176 -7.376583
v 13.62816 -8.805792 -6.878314
v 13.65809 -8.621679 -6.580946
v 13.62409 -8.407965 -6.290805
v 12.8431 -8.918365 -5.672196
v 13.10997 -8.700278 -5.73884
v 13.34164 -8.448468 -5.856871
v 12.89136 -7.485151 -5.507011
v 13.14366 -7.699615 -5.623509
v 13.359 -7.932828 -5.797442
v 13.67643 -7.372577 -6.713129
v 13.69179 -7.621016 -6.465615
v 13.64145 -7.892327 -6.231376
v 11.15685 -7.098737 -8.330621
v 10.88936 -7.317694 -8.263475
v 10.65696 -7.570386 -8.144987
v 10.36901 -7.211709 -7.120235
v 10.33935 -7.396562 -7.418484
v 10.37356 -7.611026 -7.709583
v 10.32058 -8.649994 -7.286005
v 10.30554 -8.400654 -7.534211
v 10.35613 -8.128409 -7.769214
v 11.10842 -8.537022 -8.496389
v 10.85555 -8.321786 -8.379202
v 10.63954 -8.087771 -8.204617
v 13.46916 -6.964423 -7.217567
v 13.27955 -6.809213 -7.468921
v 13.03405 -6.696191 -7.709677
v 12.25302 -6.208355 -7.092491
v 12.4354 -6.284634 -7.389886
v 12.60106 -6.427215 -7.672297
v 11.75927 -6.776505 -8.31727
v 12.08677 -6.677183 -8.236954
v 12.42183 -6.626194 -8.10603
v 12.98775 -7.531511 -8.454989
v 12.94469 -7.204298 -8.332907
v 12.86393 -6.897807 -8.155453
v 12.31364 -7.130119 -5.442292
v 11.99459 -6.993471 -5.494786
v 11.66592 -6.892374 -5.607776
v 11.04019 -7.796482 -5.466486
v 11.10799 -7.449102 -5.514
v 11.21008 -7.123279 -5.618618
v 10.59986 -6.942758 -6.536035
v 10.79819 -6.861959 -6.257269
v 11.04971 -6.82295 -5.997991
v 11.86646 -6.263786 -6.498602
v 11.67714 -6.393366 -6.224933
v 11.50022 -6.585069 -5.981049
v 12.2426 -9.239655 -5.685426
v 11.91559 -9.33931 -5.765154
v 11.58181 -9.390037 -5.895644
v 11.75706 -9.814383 -6.917705
v 11.5769 -9.741507 -6.624351
v 11.40745 -9.599519 -6.336121
v 10.52858 -9.059376 -6.779985
v 10.71898 -9.214392 -6.528398
v 10.96535 -9.327907 -6.286699
v 11.01642 -8.502192 -5.547822
v 11.06138 -8.833402 -5.673547
v 11.1424 -9.132968 -5.850245
v 13.39813 -9.073958 -7.460701
v 13.20056 -9.155052 -7.73929
v 12.94994 -9.193853 -7.997544
v 12.9649 -8.209844 -8.533171
v 12.89929 -8.552639 -8.488309
v 12.797 -8.88538 -8.38453
v 11.68799 -8.893124 -8.56122
v 12.00756 -9.029616 -8.508082
v 12.33748 -9.13115 -8.394738
v 12.12863 -9.761102 -7.488554
v 12.31547 -9.635599 -7.759045
v 12.49617 -9.443401 -8.008759
v 13.77656 -8.026307 -7.377576
v 13.78375 -8.275659 -7.216044
v 13.73548 -8.543697 -7.047773
v 13.79905 -7.821227 -7.163669
v 13.81467 -8.075802 -6.959274
v 13.76858 -8.349731 -6.763925
v 13.7674 -7.59584 -6.938528
v 13.78537 -7.850989 -6.706443
v 13.73875 -8.127541 -6.488184
v 13.03739 -9.397437 -6.454258
v 13.01466 -9.276251 -6.183856
v 12.94794 -9.115899 -5.91492
v 13.26358 -9.240557 -6.566283
v 13.26753 -9.090715 -6.275832
v 13.21427 -8.910356 -5.993066
v 13.46715 -9.041449 -6.712587
v 13.48747 -8.871181 -6.412782
v 13.44501 -8.672412 -6.121268
v 12.38384 -8.226016 -5.237899
v 12.57004 -7.997461 -5.275499
v 12.74261 -7.74279 -5.364109
v 12.55474 -8.451893 -5.327875
v 12.78377 -8.223627 -5.37548
v 12.98252 -7.966114 -5.472995
v 12.71069 -8.690647 -5.473354
v 12.96573 -8.464856 -5.530477
v 13.1853 -8.206903 -5.637901
v 13.12301 -6.854887 -6.161217
v 13.33913 -6.99687 -6.307687
v 13.53015 -7.170588 -6.496962
v 13.09021 -7.032564 -5.925261
v 13.33091 -7.208714 -6.058922
v 13.53682 -7.40549 -6.243854
v 13.01094 -7.245039 -5.699295
v 13.26363 -7.444665 -5.824138
v 13.47903 -7.662032 -6.004817
v 11.61737 -7.7936 -8.765789
v 11.44619 -7.56676 -8.676063
v 11.28965 -7.327212 -8.530191
v 11.43083 -8.023016 -8.728648
v 11.21644 -7.795958 -8.62819
v 11.03396 -7.553949 -8.472543
v 11.25761 -8.278507 -8.639832
v 11.01711 -8.05434 -8.530215
v 10.81372 -7.812756 -8.364775
v 10.9619 -6.618727 -7.545846
v 10.73483 -6.775513 -7.433288
v 10.5305 -6.975234 -7.286562
v 10.98475 -6.739675 -7.817249
v 10.73104 -6.925929 -7.724785
v 10.51049 -7.146276 -7.587316
v 11.05159 -6.900513 -8.087122
v 10.78459 -7.106972 -8.008418
v 10.55312 -7.345667 -7.879768
v 10.22055 -7.993897 -6.619806
v 10.19757 -8.199859 -6.833962
v 10.22922 -8.425975 -7.059877
v 10.21294 -7.743602 -6.781376
v 10.18205 -7.944284 -7.039025
v 10.2116 -8.169847 -7.292678
v 10.26125 -7.474679 -6.950236
v 10.22845 -7.669456 -7.235006
v 10.25839 -7.892387 -7.511607
v 10.87603 -9.168771 -7.83975
v 10.90894 -8.991105 -8.076737
v 10.98837 -8.777951 -8.303508
v 10.65902 -9.026943 -7.692776
v 10.66745 -8.814313 -7.94243
v 10.73507 -8.57752 -8.177906
v 10.46728 -8.852674 -7.502946
v 10.46097 -8.616824 -7.756803
v 10.51898 -8.359476 -7.996614
v 13.61182 -7.701885 -7.778529
v 13.60852 -7.446033 -7.62737
v 13.56346 -7.194227 -7.43488
v 13.45396 -7.626219 -8.018684
v 13.43631 -7.330728 -7.880111
v 13.38048 -7.053651 -7.691872
v 13.24106 -7.57006 -8.251089
v 13.21084 -7.251406 -8.121345
v 13.14329 -6.954933 -7.937408
v 12.95827 -6.530465 -6.562171
v 12.76042 -6.383123 -6.727901
v 12.51653 -6.271401 -6.902611
v 13.14861 -6.621675 -6.771389
v 12.95255 -6.463639 -6.979759
v 12.7059 -6.34634 -7.181557
v 13.32621 -6.768975 -6.993314
v 13.13193 -6.608152 -7.229283
v 12.88358 -6.489424 -7.454041
v 11.44069 -6.362247 -7.535597
v 11.53837 -6.44352 -7.805006
v 11.64442 -6.583393 -8.073997
v 11.69327 -6.262581 -7.412298
v 11.83028 -6.337994 -7.700375
v 11.9608 -6.477755 -7.982407
v 11.96774 -6.206171 -7.254984
v 12.13114 -6.279361 -7.551427
v 12.2834 -6.420093 -7.841471
v 12.09616 -7.53712 -8.755541
v 12.38927 -7.510084 -8.707659
v 12.69485 -7.509444 -8.608254
v 11.99981 -7.270605 -8.663819
v 12.31568 -7.208023 -8.60378
v 12.63776 -7.187425 -8.494327
v 11.88248 -7.010091 -8.517063
v 12.21018 -6.924733 -8.446531
v 12.54399 -6.887181 -8.326478
v 12.6638 -6.57269 -6.109775
v 12.55914 -6.706199 -5.86577
v 12.44247 -6.895699 -5.635612
v 12.41988 -6.431956 -6.204706
v 12.27628 -6.560614 -5.94078
v 12.13503 -6.751103 -5.697708
v 12.152 -6.323673 -6.342577
v 11.98218 -6.450116 -6.069698
v 11.81925 -6.642043 -5.818882
v 11.92463 -7.943819 -5.186457
v 11.63548 -7.88698 -5.224896
v 11.33254 -7.843733 -5.318969
v 12.03897 -7.6711 -5.216006
v 11.72915 -7.575527 -5.257337
v 11.41109 -7.509482 -5.356321
v 12.17414 -7.393447 -5.300428
v 11.85392 -7.272552 -5.346565
v 11.52551 -7.186914 -5.451966
v 10.40366 -7.779816 -6.155302
v 10.42506 -7.496416 -6.244488
v 10.48842 -7.209995 -6.375321
v 10.5646 -7.771732 -5.904369
v 10.60333 -7.453566 -5.973045
v 10.67912 -7.144278 -6.094324
v 10.7797 -7.784067 -5.66595
v 10.83261 -7.446275 -5.721016
v 10.92139 -7.119854 -5.833623
v 11.14501 -6.404645 -7.081341
v 11.35178 -6.311549 -6.887656
v 11.60207 -6.258605 -6.693195
v 10.94695 -6.528326 -6.896399
v 11.15232 -6.43521 -6.658805
v 11.4056 -6.3834 -6.436756
v 10.75767 -6.710549 -6.711647
v 10.96117 -6.621098 -6.446633
v 11.21612 -6.573134 -6.201785
v 11.90653 -8.481394 -5.248415
v 12.00273 -8.747234 -5.340034
v 12.11981 -9.006787 -5.486372
v 11.61454 -8.508685 -5.296551
v 11.68757 -8.810132 -5.399632
v 11.79263 -9.092503 -5.556323
v 11.31013 -8.509214 -5.395669
v 11.3666 -8.83069 -5.508596
v 11.46008 -9.129952 -5.67591
v 12.56008 -9.652815 -6.464774
v 12.30808 -9.751781 -6.587334
v 12.03467 -9.807873 -6.744148
v 12.46265 -9.571594 -6.196018
v 12.17133 -9.67722 -6.299984
v 11.87154 -9.735757 -6.448383
v 12.35707 -9.432039 -5.927938
v 12.04118 -9.538001 -6.018912
v 11.7198 -9.595462 -6.159277
v 11.04096 -9.494474 -7.437459
v 10.85014 -9.403185 -7.22774
v 10.67196 -9.255556 -7.004971
v 11.2396 -9.642664 -7.271583
v 11.04705 -9.561278 -7.019099
v 10.86705 -9.416196 -6.768781
v 11.48433 -9.754908 -7.09616
v 11.29463 -9.678888 -6.816577
v 11.11637 -9.535361 -6.543195
v 10.38549 -8.319602 -6.217515
v 10.54361 -8.395161 -5.976222
v 10.75722 -8.451634 -5.74289
v 10.3887 -8.5761 -6.368927
v 10.56166 -8.69125 -6.115694
v 10.78801 -8.770824 -5.873677
v 10.4339 -8.828856 -6.561903
v 10.61767 -8.969218 -6.304657
v 10.85578 -9.068273 -6.058188
v 12.85455 -9.61059 -6.91717
v 13.05211 -9.487071 -7.101637
v 13.2408 -9.305317 -7.28564
v 12.64863 -9.702948 -7.110529
v 12.8476 -9.580246 -7.338963
v 13.03808 -9.39505 -7.550487
v 12.3992 -9.755602 -7.304182
v 12.59525 -9.63198 -7.560243
v 12.78412 -9.442842 -7.794437
v 13.59371 -8.239461 -7.840487
v 13.43303 -8.247924 -8.090339
v 13.21865 -8.235541 -8.327789
v 13.57229 -8.52217 -7.7514
v 13.39474 -8.565333 -8.022405
v 13.16635 -8.572614 -8.27362
v 13.50913 -8.807566 -7.620825
v 13.31919 -8.873601 -7.90163
v 13.07786 -8.897971 -8.161353
v 12.07799 -8.076906 -8.817754
v 11.96345 -8.350289 -8.788258
v 11.82797 -8.628957 -8.703646
v 12.36827 -8.133512 -8.779514
v 12.274 -8.445707 -8.746429
v 12.14873 -8.749673 -8.656865
v 12.67237 -8.177011 -8.685195
v 12.59316 -8.511974 -8.646988
v 12.47838 -8.835599 -8.551043
v 11.33664 -9.452076 -7.891714
v 11.5811 -9.593696 -7.796227
v 11.85 -9.702473 -7.65795
v 11.44156 -9.318379 -8.136347
v 11.72501 -9.464063 -8.060669
v 12.02017 -9.57485 -7.931248
v 11.55872 -9.128398 -8.367322
v 11.86668 -9.272853 -8.304555
v 12.18365 -9.382319 -8.182881
v 13.64145 -7.892327 -6.231376
v 13.52749 -8.174262 -6.021085
v 13.52749 -8.174262 -6.021085
v 12.55265 -9.098318 -5.65495
v 12.8431 -8.918365 -5.672196
v 13.10997 -8.700278 -5.73884
v 13.34164 -8.448468 -5.856871
v 13.52749 -8.174262 -6.021085
v 13.52749 -8.174262 -6.021085
v 13.52749 -8.174262 -6.021085
v 13.64145 -7.892327 -6.231376
v 10.47251 -7.845738 -7.978915
v 10.47251 -7.845738 -7.978915
v 10.47251 -7.845738 -7.978915
v 10.47251 -7.845738 -7.978915
v 10.39621 -8.869855 -7.033627
v 10.32058 -8.649994 -7.286005
v 10.30554 -8.400654 -7.534211
v 10.35613 -8.128409 -7.769214
v 10.47251 -7.845738 -7.978915
v 13.68586 -7.988903 -7.675615
v 13.71895 -7.825416 -7.556927
v 13.72879 -7.605758 -7.38324
v 13.69181 -7.37433 -7.180793
v 13.6012 -7.153302 -6.964722
v 13.08725 -6.693171 -6.381247
v 12.92889 -6.632114 -6.266777
v 13.28132 -6.803728 -6.550442
v 13.46022 -6.959222 -6.749762
v 11.17023 -6.437816 -7.39336
v 11.19992 -6.485569 -7.591373
v 11.25704 -6.581491 -7.849014
v 11.34079 -6.727276 -8.110311
v 11.44826 -6.918346 -8.347773
v 11.83349 -7.621175 -8.770544
v 11.92985 -7.799357 -8.807133
v 11.70601 -7.386215 -8.684609
v 11.57316 -7.14377 -8.542783
v 12.92889 -6.632114 -6.266777
v 12.787 -6.508656 -6.347611
v 12.89472 -6.720779 -6.085448
v 12.82959 -6.868504 -5.85643
v 12.7347 -7.063259 -5.635122
v 12.61338 -7.29495 -5.447103
v 12.57686 -6.370813 -6.471525
v 12.3288 -6.263927 -6.623015
v 12.06091 -6.201324 -6.791542
v 12.18027 -8.046055 -5.193008
v 12.07276 -8.220214 -5.197351
v 12.32351 -7.807268 -5.224266
v 12.47277 -7.549135 -5.307933
v 10.31109 -8.031479 -6.320188
v 10.28988 -7.842522 -6.399036
v 10.29598 -7.588407 -6.518331
v 10.35005 -7.319159 -6.663674
v 10.45714 -7.060468 -6.825087
v 11.00644 -6.513313 -7.294124
v 11.31967 -6.345473 -7.287468
v 11.17023 -6.437816 -7.39336
v 11.53826 -6.253346 -7.136591
v 11.79264 -6.200328 -6.966063
v 10.80376 -6.646491 -7.152617
v 10.61285 -6.831659 -6.991956
v 12.07276 -8.220214 -5.197351
v 11.86818 -8.213034 -5.199884
v 12.16843 -8.397548 -5.23352
v 12.29574 -8.631954 -5.319315
v 12.42816 -8.873647 -5.460589
v 12.55265 -9.098318 -5.65495
v 11.59127 -8.199039 -5.240398
v 11.29674 -8.17835 -5.333843
v 11.00927 -8.152066 -5.477913
v 12.80013 -9.529794 -6.4092
v 12.82972 -9.577003 -6.606189
v 12.7432 -9.433985 -6.152113
v 12.65976 -9.288754 -5.891621
v 12.55265 -9.098318 -5.65495
v 12.2426 -9.239655 -5.685426
v 11.91559 -9.33931 -5.765154
v 11.58181 -9.390037 -5.895644
v 11.25638 -9.389387 -6.071122
v 11.07071 -9.393021 -7.733961
v 10.91155 -9.331345 -7.618916
v 10.71707 -9.220652 -7.449301
v 10.53766 -9.06458 -7.24931
v 10.39621 -8.869855 -7.033627
v 10.27798 -8.195739 -6.439745
v 10.39773 -8.055643 -6.13584
v 10.31109 -8.031479 -6.320188
v 10.54932 -8.087782 -5.901283
v 10.75714 -8.121138 -5.672591
v 10.26811 -8.415928 -6.613706
v 10.30529 -8.648086 -6.816839
v 10.39621 -8.869855 -7.033627
v 10.52858 -9.059376 -6.779985
v 10.71898 -9.214392 -6.528398
v 10.96535 -9.327907 -6.286699
v 12.82972 -9.577003 -6.606189
v 12.68057 -9.669164 -6.711875
v 12.99266 -9.502185 -6.704999
v 13.19493 -9.369208 -6.846126
v 13.38528 -9.184718 -7.00626
v 13.54047 -8.95667 -7.172569
v 12.4627 -9.760979 -6.862258
v 12.20925 -9.813933 -7.03217
v 11.94177 -9.819678 -7.20681
v 13.70711 -8.176909 -7.597439
v 13.59939 -7.964786 -7.859602
v 13.68586 -7.988903 -7.675615
v 13.44829 -7.932753 -8.093385
v 13.24131 -7.899509 -8.321342
v 12.99382 -7.868169 -8.520956
v 13.70102 -8.430444 -7.478289
v 13.64721 -8.698841 -7.333449
v 11.92985 -7.799357 -8.807133
v 12.13482 -7.806552 -8.804597
v 11.8216 -7.974392 -8.811254
v 11.67814 -8.213736 -8.779984
v 11.52841 -8.472697 -8.695948
v 11.38733 -8.727735 -8.556313
v 12.41264 -7.820591 -8.763959
v 12.70819 -7.841366 -8.670055
v 11.10503 -9.3036 -7.916165
v 11.21288 -9.516722 -7.652969
v 11.07071 -9.393021 -7.733961
v 11.42371 -9.655027 -7.528651
v 11.6727 -9.762176 -7.376583
v 11.17036 -9.155652 -8.145699
v 11.2656 -8.960196 -8.367665
f 5677 5886 5678
f 5674 5677 5678
f 5673 5677 5674
f 5673 5676 5677
f 5676 5608 5677
f 5677 5608 5609
f 5678 5609 5508
f 5705 5609 5608
f 5674 5678 5675
f 5675 5678 5600
f 5678 5887 5600
f 5670 5673 5674
f 5671 5674 5675
f 5670 5674 5671
f 5548 5676 5673
f 5547 5548 5673
f 5547 5673 5670
f 5500 5547 5670
f 5500 5670 5526
f 5526 5670 5671
f 5548 5549 5676
f 5526 5671 5527
f 5549 5607 5676
f 5549 5517 5607
f 5676 5607 5608
f 5527 5671 5672
f 5671 5675 5672
f 5527 5672 5528
f 5699 5607 5517
f 5699 5517 5546
f 5702 5608 5607
f 5702 5607 5699
f 5705 5608 5702
f 5672 5675 5599
f 5675 5600 5599
f 5528 5672 5598
f 5672 5599 5598
f 5528 5598 5514
f 5698 5699 5546
f 5698 5546 5545
f 5701 5702 5699
f 5701 5699 5698
f 5514 5598 5685
f 5514 5685 5531
f 5598 5599 5686
f 5598 5686 5685
f 5599 5600 5687
f 5599 5687 5686
f 5697 5698 5545
f 5697 5545 5544
f 5531 5685 5682
f 5531 5682 5530
f 5600 5603 5687
f 5600 5888 5603
f 5687 5603 5602
f 5687 5602 5684
f 5686 5687 5684
f 5684 5602 5601
f 5685 5686 5683
f 5686 5684 5683
f 5685 5683 5682
f 5684 5601 5681
f 5683 5684 5681
f 5681 5601 5515
f 5681 5515 5534
f 5683 5681 5680
f 5680 5681 5534
f 5682 5683 5680
f 5680 5534 5533
f 5682 5680 5679
f 5679 5680 5533
f 5530 5682 5679
f 5679 5533 5532
f 5530 5679 5529
f 5529 5679 5532
f 5529 5532 5502
f 5606 5895 5609
f 5696 5894 5606
f 5693 5696 5606
f 5693 5606 5605
f 5605 5606 5705
f 5606 5896 5705
f 5605 5705 5704
f 5704 5705 5702
f 5704 5702 5701
f 5604 5605 5704
f 5703 5704 5701
f 5604 5704 5703
f 5690 5693 5605
f 5690 5605 5604
f 5703 5701 5700
f 5700 5701 5698
f 5700 5698 5697
f 5516 5604 5703
f 5540 5604 5516
f 5540 5690 5604
f 5516 5703 5543
f 5543 5703 5700
f 5543 5700 5542
f 5542 5700 5697
f 5542 5697 5541
f 5541 5697 5544
f 5541 5544 5501
f 5539 5690 5540
f 5539 5689 5690
f 5538 5689 5539
f 5689 5693 5690
f 5538 5688 5689
f 5503 5688 5538
f 5503 5535 5688
f 5689 5692 5693
f 5688 5692 5689
f 5692 5696 5693
f 5535 5691 5688
f 5688 5691 5692
f 5535 5536 5691
f 5692 5695 5696
f 5691 5695 5692
f 5536 5694 5691
f 5691 5694 5695
f 5536 5537 5694
f 5695 5892 5696
f 5696 5892 5893
f 5695 5891 5892
f 5694 5891 5695
f 5694 5890 5891
f 5537 5890 5694
f 5537 5889 5890
f 5714 5621 5509
f 5713 5621 5714
f 5710 5713 5714
f 5710 5714 5711
f 5711 5714 5612
f 5714 5897 5612
f 5713 5620 5621
f 5709 5713 5710
f 5712 5620 5713
f 5709 5712 5713
f 5707 5710 5711
f 5706 5709 5710
f 5706 5710 5707
f 5572 5712 5709
f 5571 5572 5709
f 5571 5709 5706
f 5504 5571 5706
f 5504 5706 5550
f 5550 5706 5707
f 5572 5573 5712
f 5550 5707 5551
f 5573 5619 5712
f 5712 5619 5620
f 5573 5521 5619
f 5551 5707 5708
f 5707 5711 5708
f 5551 5708 5552
f 5735 5619 5521
f 5735 5521 5570
f 5738 5620 5619
f 5738 5619 5735
f 5708 5711 5611
f 5711 5612 5611
f 5552 5708 5610
f 5708 5611 5610
f 5552 5610 5518
f 5734 5735 5570
f 5734 5570 5569
f 5518 5610 5721
f 5518 5721 5555
f 5610 5611 5722
f 5610 5722 5721
f 5611 5612 5723
f 5611 5723 5722
f 5555 5721 5718
f 5555 5718 5554
f 5721 5722 5719
f 5721 5719 5718
f 5554 5718 5715
f 5554 5715 5553
f 5553 5715 5556
f 5553 5556 5505
f 5715 5557 5556
f 5718 5716 5715
f 5715 5716 5557
f 5718 5719 5716
f 5716 5558 5557
f 5716 5717 5558
f 5719 5717 5716
f 5717 5519 5558
f 5722 5720 5719
f 5719 5720 5717
f 5722 5723 5720
f 5717 5613 5519
f 5720 5613 5717
f 5561 5519 5613
f 5723 5614 5720
f 5720 5614 5613
f 5561 5613 5730
f 5730 5613 5614
f 5560 5561 5730
f 5723 5615 5614
f 5612 5615 5723
f 5612 5898 5615
f 5560 5730 5727
f 5559 5560 5727
f 5730 5614 5731
f 5731 5614 5615
f 5727 5730 5731
f 5559 5727 5724
f 5507 5559 5724
f 5507 5724 5562
f 5731 5615 5732
f 5732 5615 5899
f 5727 5731 5728
f 5724 5727 5728
f 5728 5731 5732
f 5562 5724 5725
f 5724 5728 5725
f 5562 5725 5563
f 5728 5732 5729
f 5725 5728 5729
f 5563 5725 5726
f 5725 5729 5726
f 5563 5726 5564
f 5729 5732 5618
f 5732 5900 5618
f 5729 5618 5617
f 5726 5729 5617
f 5726 5617 5616
f 5564 5726 5616
f 5564 5616 5520
f 5565 5568 5506
f 5565 5733 5568
f 5733 5569 5568
f 5566 5733 5565
f 5733 5734 5569
f 5566 5736 5733
f 5736 5734 5733
f 5567 5736 5566
f 5736 5737 5734
f 5737 5735 5734
f 5737 5738 5735
f 5567 5739 5736
f 5739 5737 5736
f 5901 5739 5567
f 5901 5902 5739
f 5739 5740 5737
f 5902 5740 5739
f 5740 5738 5737
f 5902 5903 5740
f 5740 5741 5738
f 5903 5741 5740
f 5741 5620 5738
f 5903 5904 5741
f 5741 5621 5620
f 5904 5621 5741
f 5904 5905 5621
f 5911 5574 5912
f 5911 5751 5574
f 5913 5751 5911
f 5751 5575 5574
f 5913 5754 5751
f 5914 5754 5913
f 5751 5752 5575
f 5754 5752 5751
f 5752 5576 5575
f 5914 5757 5754
f 5910 5757 5914
f 5752 5753 5576
f 5753 5522 5576
f 5754 5755 5752
f 5757 5755 5754
f 5755 5753 5752
f 5910 5622 5757
f 5909 5622 5910
f 5753 5625 5522
f 5579 5522 5625
f 5755 5756 5753
f 5756 5625 5753
f 5757 5758 5755
f 5622 5758 5757
f 5758 5756 5755
f 5909 5744 5622
f 5908 5744 5909
f 5579 5625 5766
f 5578 5579 5766
f 5622 5623 5758
f 5744 5623 5622
f 5756 5626 5625
f 5766 5625 5626
f 5758 5759 5756
f 5623 5759 5758
f 5759 5626 5756
f 5908 5743 5744
f 5907 5743 5908
f 5578 5766 5763
f 5577 5578 5763
f 5744 5747 5623
f 5743 5747 5744
f 5623 5624 5759
f 5747 5624 5623
f 5759 5627 5626
f 5624 5627 5759
f 5766 5626 5767
f 5763 5766 5767
f 5767 5626 5627
f 5907 5742 5743
f 5906 5742 5907
f 5906 5583 5742
f 5743 5746 5747
f 5742 5746 5743
f 5583 5745 5742
f 5742 5745 5746
f 5583 5584 5745
f 5747 5750 5624
f 5746 5750 5747
f 5624 5510 5627
f 5750 5510 5624
f 5767 5627 5768
f 5768 5627 5510
f 5584 5748 5745
f 5584 5585 5748
f 5745 5749 5746
f 5746 5749 5750
f 5745 5748 5749
f 5750 5633 5510
f 5749 5633 5750
f 5585 5631 5748
f 5585 5523 5631
f 5748 5632 5749
f 5749 5632 5633
f 5748 5631 5632
f 5630 5510 5633
f 5768 5510 5630
f 5764 5767 5768
f 5763 5767 5764
f 5771 5631 5523
f 5771 5523 5582
f 5774 5632 5631
f 5774 5631 5771
f 5777 5633 5632
f 5630 5633 5777
f 5777 5632 5774
f 5765 5768 5630
f 5764 5768 5765
f 5760 5763 5764
f 5577 5763 5760
f 5915 5577 5760
f 5915 5760 5916
f 5760 5764 5761
f 5916 5760 5761
f 5761 5764 5765
f 5916 5761 5917
f 5917 5761 5762
f 5761 5765 5762
f 5917 5762 5918
f 5765 5630 5629
f 5762 5765 5629
f 5629 5630 5777
f 5918 5762 5628
f 5762 5629 5628
f 5918 5628 5919
f 5629 5777 5776
f 5628 5629 5776
f 5776 5777 5774
f 5919 5628 5775
f 5628 5776 5775
f 5919 5775 5923
f 5776 5774 5773
f 5775 5776 5773
f 5773 5774 5771
f 5923 5775 5772
f 5775 5773 5772
f 5923 5772 5922
f 5773 5771 5770
f 5772 5773 5770
f 5770 5771 5582
f 5770 5582 5581
f 5922 5772 5769
f 5772 5770 5769
f 5769 5770 5581
f 5922 5769 5920
f 5769 5581 5580
f 5920 5769 5580
f 5920 5580 5921
f 5933 5586 5934
f 5933 5787 5586
f 5935 5787 5933
f 5787 5587 5586
f 5935 5790 5787
f 5936 5790 5935
f 5787 5788 5587
f 5790 5788 5787
f 5788 5588 5587
f 5936 5793 5790
f 5929 5793 5936
f 5788 5789 5588
f 5789 5524 5588
f 5790 5791 5788
f 5793 5791 5790
f 5791 5789 5788
f 5929 5634 5793
f 5928 5634 5929
f 5789 5637 5524
f 5591 5524 5637
f 5791 5792 5789
f 5792 5637 5789
f 5793 5794 5791
f 5634 5794 5793
f 5794 5792 5791
f 5928 5780 5634
f 5927 5780 5928
f 5591 5637 5802
f 5590 5591 5802
f 5634 5635 5794
f 5780 5635 5634
f 5792 5638 5637
f 5802 5637 5638
f 5794 5795 5792
f 5635 5795 5794
f 5795 5638 5792
f 5927 5779 5780
f 5926 5779 5927
f 5590 5802 5799
f 5589 5590 5799
f 5780 5783 5635
f 5779 5783 5780
f 5635 5636 5795
f 5783 5636 5635
f 5795 5639 5638
f 5636 5639 5795
f 5802 5638 5803
f 5799 5802 5803
f 5803 5638 5639
f 5926 5778 5779
f 5924 5778 5926
f 5924 5925 5778
f 5779 5782 5783
f 5778 5782 5779
f 5925 5781 5778
f 5778 5781 5782
f 5925 5930 5781
f 5783 5786 5636
f 5782 5786 5783
f 5636 5511 5639
f 5786 5511 5636
f 5803 5639 5804
f 5804 5639 5511
f 5930 5784 5781
f 5930 5931 5784
f 5781 5785 5782
f 5782 5785 5786
f 5781 5784 5785
f 5786 5645 5511
f 5785 5645 5786
f 5931 5643 5784
f 5931 5932 5643
f 5784 5644 5785
f 5785 5644 5645
f 5784 5643 5644
f 5642 5511 5645
f 5804 5511 5642
f 5800 5803 5804
f 5799 5803 5800
f 5807 5643 5932
f 5807 5932 5946
f 5810 5644 5643
f 5810 5643 5807
f 5813 5645 5644
f 5642 5645 5813
f 5813 5644 5810
f 5801 5804 5642
f 5800 5804 5801
f 5796 5799 5800
f 5589 5799 5796
f 5937 5589 5796
f 5937 5796 5938
f 5796 5800 5797
f 5938 5796 5797
f 5797 5800 5801
f 5938 5797 5939
f 5939 5797 5798
f 5797 5801 5798
f 5939 5798 5940
f 5801 5642 5641
f 5798 5801 5641
f 5641 5642 5813
f 5940 5798 5640
f 5798 5641 5640
f 5940 5640 5941
f 5641 5813 5812
f 5640 5641 5812
f 5812 5813 5810
f 5941 5640 5811
f 5640 5812 5811
f 5941 5811 5948
f 5812 5810 5809
f 5811 5812 5809
f 5809 5810 5807
f 5948 5811 5808
f 5811 5809 5808
f 5948 5808 5947
f 5809 5807 5806
f 5808 5809 5806
f 5806 5807 5946
f 5806 5946 5945
f 5947 5808 5805
f 5808 5806 5805
f 5805 5806 5945
f 5947 5805 5942
f 5805 5945 5943
f 5942 5805 5943
f 5942 5943 5944
f 5953 5646 5954
f 5953 5816 5646
f 5952 5816 5953
f 5816 5647 5646
f 5952 5815 5816
f 5951 5815 5952
f 5816 5819 5647
f 5815 5819 5816
f 5819 5648 5647
f 5951 5814 5815
f 5949 5814 5951
f 5949 5950 5814
f 5815 5818 5819
f 5814 5818 5815
f 5819 5822 5648
f 5818 5822 5819
f 5822 5512 5648
f 5950 5817 5814
f 5814 5817 5818
f 5950 5955 5817
f 5818 5821 5822
f 5817 5821 5818
f 5822 5657 5512
f 5821 5657 5822
f 5982 5512 5657
f 5955 5820 5817
f 5817 5820 5821
f 5955 5956 5820
f 5982 5657 5849
f 5981 5982 5849
f 5821 5656 5657
f 5820 5656 5821
f 5849 5657 5656
f 5956 5655 5820
f 5820 5655 5656
f 5956 5957 5655
f 5981 5849 5848
f 5980 5981 5848
f 5849 5656 5846
f 5846 5656 5655
f 5848 5849 5846
f 5843 5655 5957
f 5846 5655 5843
f 5843 5957 5976
f 5980 5848 5847
f 5979 5980 5847
f 5979 5847 5978
f 5848 5846 5845
f 5845 5846 5843
f 5847 5848 5845
f 5842 5843 5976
f 5845 5843 5842
f 5842 5976 5975
f 5978 5847 5844
f 5847 5845 5844
f 5844 5845 5842
f 5978 5844 5977
f 5841 5842 5975
f 5844 5842 5841
f 5977 5844 5841
f 5841 5975 5973
f 5977 5841 5972
f 5972 5841 5973
f 5972 5973 5974
f 5958 5592 5959
f 5958 5823 5592
f 5960 5823 5958
f 5823 5593 5592
f 5960 5826 5823
f 5961 5826 5960
f 5823 5824 5593
f 5826 5824 5823
f 5824 5594 5593
f 5961 5829 5826
f 5962 5829 5961
f 5962 5963 5829
f 5824 5825 5594
f 5825 5525 5594
f 5826 5827 5824
f 5829 5827 5826
f 5827 5825 5824
f 5963 5830 5829
f 5829 5830 5827
f 5963 5964 5830
f 5825 5649 5525
f 5597 5525 5649
f 5827 5828 5825
f 5830 5828 5827
f 5828 5649 5825
f 5964 5831 5830
f 5830 5831 5828
f 5964 5965 5831
f 5597 5649 5838
f 5596 5597 5838
f 5828 5650 5649
f 5831 5650 5828
f 5838 5649 5650
f 5965 5651 5831
f 5831 5651 5650
f 5965 5966 5651
f 5596 5838 5835
f 5595 5596 5835
f 5838 5650 5839
f 5839 5650 5651
f 5835 5838 5839
f 5840 5651 5966
f 5839 5651 5840
f 5840 5966 5654
f 5595 5835 5832
f 5967 5595 5832
f 5967 5832 5968
f 5835 5839 5836
f 5836 5839 5840
f 5832 5835 5836
f 5837 5840 5654
f 5836 5840 5837
f 5837 5654 5653
f 5968 5832 5833
f 5832 5836 5833
f 5833 5836 5837
f 5968 5833 5969
f 5834 5837 5653
f 5833 5837 5834
f 5969 5833 5834
f 5834 5653 5652
f 5969 5834 5970
f 5970 5834 5652
f 5970 5652 5971
f 5992 5993 5994
f 5992 5859 5993
f 5998 5859 5992
f 5859 5995 5993
f 5998 5862 5859
f 5999 5862 5998
f 5859 5860 5995
f 5862 5860 5859
f 5860 5996 5995
f 5999 5865 5862
f 5988 5865 5999
f 5860 5861 5996
f 5861 5997 5996
f 5862 5863 5860
f 5865 5863 5862
f 5863 5861 5860
f 5988 5658 5865
f 5987 5658 5988
f 5861 5661 5997
f 6007 5997 5661
f 5863 5864 5861
f 5864 5661 5861
f 5865 5866 5863
f 5658 5866 5865
f 5866 5864 5863
f 5987 5852 5658
f 5986 5852 5987
f 6007 5661 5874
f 6006 6007 5874
f 5658 5659 5866
f 5852 5659 5658
f 5864 5662 5661
f 5874 5661 5662
f 5866 5867 5864
f 5659 5867 5866
f 5867 5662 5864
f 5986 5851 5852
f 5985 5851 5986
f 6006 5874 5871
f 6001 6006 5871
f 5852 5855 5659
f 5851 5855 5852
f 5659 5660 5867
f 5855 5660 5659
f 5867 5663 5662
f 5660 5663 5867
f 5874 5662 5875
f 5871 5874 5875
f 5875 5662 5663
f 5985 5850 5851
f 5983 5850 5985
f 5983 5984 5850
f 5851 5854 5855
f 5850 5854 5851
f 5984 5853 5850
f 5850 5853 5854
f 5984 5989 5853
f 5855 5858 5660
f 5854 5858 5855
f 5660 5513 5663
f 5858 5513 5660
f 5875 5663 5876
f 5876 5663 5513
f 5989 5856 5853
f 5989 5990 5856
f 5853 5857 5854
f 5854 5857 5858
f 5853 5856 5857
f 5858 5669 5513
f 5857 5669 5858
f 5990 5667 5856
f 5990 5991 5667
f 5856 5668 5857
f 5857 5668 5669
f 5856 5667 5668
f 5666 5513 5669
f 5876 5513 5666
f 5872 5875 5876
f 5871 5875 5872
f 5879 5667 5991
f 5879 5991 6012
f 5882 5668 5667
f 5882 5667 5879
f 5885 5669 5668
f 5666 5669 5885
f 5885 5668 5882
f 5873 5876 5666
f 5872 5876 5873
f 5868 5871 5872
f 6001 5871 5868
f 6000 6001 5868
f 6000 5868 6002
f 5868 5872 5869
f 6002 5868 5869
f 5869 5872 5873
f 6002 5869 6003
f 6003 5869 5870
f 5869 5873 5870
f 6003 5870 6004
f 5873 5666 5665
f 5870 5873 5665
f 5665 5666 5885
f 6004 5870 5664
f 5870 5665 5664
f 6004 5664 6005
f 5665 5885 5884
f 5664 5665 5884
f 5884 5885 5882
f 6005 5664 5883
f 5664 5884 5883
f 6005 5883 6014
f 5884 5882 5881
f 5883 5884 5881
f 5881 5882 5879
f 6014 5883 5880
f 5883 5881 5880
f 6014 5880 6013
f 5881 5879 5878
f 5880 5881 5878
f 5878 5879 6012
f 5878 6012 6011
f 6013 5880 5877
f 5880 5878 5877
f 5877 5878 6011
f 6013 5877 6008
f 5877 6011 6009
f 6008 5877 6009
f 6008 6009 6010
v -12.66082 -8.750257 -4.96332
v -13.06559 -8.78213 -4.691587
v -12.93441 -8.703102 -5.36533
v -13.33918 -8.734976 -5.093597
v -12.65963 -8.26499 -4.906168
v -13.06581 -8.296975 -4.633483
v -12.93419 -8.217669 -5.309586
v -13.34037 -8.249655 -5.036901
v -13 -8.921462 -5.049437
v -13 -8.078538 -4.950563
v -12.76236 -8.540957 -4.650824
v -13.35157 -8.527684 -4.763979
v -13.23764 -8.459043 -5.349176
v -12.64843 -8.472315 -5.236021
v -12.75213 -8.777624 -5.201256
v -13.16754 -8.768267 -5.281034
v -13.24787 -8.816661 -4.868453
v -12.83246 -8.826019 -4.788674
v -12.8319 -8.2316 -4.718117
v -13.24869 -8.22221 -4.798162
v -13.1681 -8.173654 -5.21212
v -12.75131 -8.183043 -5.132076
v -13.08056 -8.548537 -4.586205
v -12.5832 -8.510134 -4.920043
v -13.41663 -8.490615 -5.080013
v -12.91941 -8.452188 -5.414046
v -12.66864 -8.762952 -5.008617
v -12.68615 -8.774891 -5.070352
v -12.71418 -8.780471 -5.136593
v -12.89696 -8.723601 -5.344096
v -12.84788 -8.747017 -5.30799
v -12.79788 -8.766045 -5.259587
v -12.97792 -8.721777 -5.359645
v -13.03785 -8.742738 -5.344473
v -13.10299 -8.759171 -5.318182
v -13.3157 -8.748376 -5.132883
v -13.27712 -8.761579 -5.183845
v -13.22683 -8.768923 -5.235045
v -13.33136 -8.757809 -5.052467
v -13.31385 -8.78371 -4.995171
v -13.28582 -8.804467 -4.932019
v -13.10304 -8.797159 -4.716989
v -13.15212 -8.811584 -4.757533
v -13.20212 -8.818894 -4.809025
v -13.02208 -8.798984 -4.701439
v -12.96215 -8.815864 -4.72105
v -12.89701 -8.825768 -4.75043
v -12.6843 -8.772385 -4.928201
v -12.72288 -8.797023 -4.881678
v -12.77317 -8.816015 -4.833566
v -12.6833 -8.251513 -4.866702
v -12.72195 -8.238295 -4.815617
v -12.77242 -8.23094 -4.76426
v -13.02208 -8.27819 -4.639266
v -12.96202 -8.257199 -4.654449
v -12.89667 -8.240724 -4.680846
v -13.10344 -8.276357 -4.654892
v -13.15264 -8.252905 -4.691058
v -13.20279 -8.233828 -4.739635
v -13.33244 -8.236889 -4.991367
v -13.31491 -8.224936 -4.929493
v -13.28678 -8.219353 -4.863041
v -13.3167 -8.22741 -5.072177
v -13.27805 -8.20273 -5.118817
v -13.22758 -8.18369 -5.167078
v -12.97792 -8.200733 -5.299612
v -13.03798 -8.183825 -5.279984
v -13.10333 -8.173905 -5.250492
v -12.89656 -8.202566 -5.283987
v -12.84736 -8.188119 -5.243376
v -12.79721 -8.180801 -5.191702
v -12.66756 -8.242033 -4.947512
v -12.68509 -8.216087 -5.00494
v -12.71322 -8.195276 -5.068296
v -13.07039 -8.744871 -4.662212
v -13.0755 -8.688905 -4.629015
v -13.07906 -8.621861 -4.602615
v -13.07063 -8.340104 -4.613488
v -13.07576 -8.402437 -4.594078
v -13.07933 -8.474031 -4.583901
v -12.63475 -8.30578 -4.906108
v -12.60821 -8.36562 -4.907959
v -12.58976 -8.43548 -4.912562
v -12.63599 -8.710664 -4.953841
v -12.60953 -8.652212 -4.941834
v -12.59112 -8.583439 -4.930183
v -13.36401 -8.694264 -5.093657
v -13.39047 -8.634621 -5.09181
v -13.40888 -8.565018 -5.08723
v -13.36525 -8.289325 -5.046399
v -13.39179 -8.347968 -5.058445
v -13.41024 -8.416997 -5.070133
v -12.92961 -8.660057 -5.385285
v -12.9245 -8.597927 -5.40463
v -12.92094 -8.526594 -5.414799
v -12.92937 -8.255001 -5.339018
v -12.92424 -8.311151 -5.372327
v -12.92067 -8.378446 -5.398794
v -12.80301 -8.832078 -5.173018
v -12.86246 -8.875696 -5.137672
v -12.92913 -8.905962 -5.095852
v -13.13315 -8.824641 -5.236421
v -13.09297 -8.870503 -5.181941
v -13.04791 -8.903286 -5.118664
v -13.19699 -8.863103 -4.908525
v -13.13754 -8.897357 -4.953005
v -13.07087 -8.917124 -5.000694
v -12.86685 -8.87054 -4.845122
v -12.90703 -8.90255 -4.908737
v -12.9521 -8.919799 -4.977883
v -12.86638 -8.17502 -4.762837
v -12.90671 -8.12909 -4.817538
v -12.95193 -8.096215 -4.881036
v -13.19769 -8.167557 -4.826465
v -13.13801 -8.12388 -4.861957
v -13.07111 -8.093531 -4.903925
v -13.13362 -8.128959 -5.155521
v -13.09329 -8.096934 -5.091677
v -13.04807 -8.079646 -5.022294
v -12.80231 -8.136422 -5.091894
v -12.86199 -8.102145 -5.047257
v -12.92889 -8.082331 -4.999405
v -12.80401 -8.769931 -4.739725
v -12.78206 -8.702443 -4.699107
v -12.76795 -8.624956 -4.669007
v -12.99773 -8.549436 -4.578544
v -12.91499 -8.548434 -4.587083
v -12.83552 -8.545571 -4.611489
v -12.80336 -8.297687 -4.683352
v -12.78145 -8.372911 -4.659541
v -12.76728 -8.455568 -4.648129
v -12.60567 -8.51907 -4.84386
v -12.64344 -8.527545 -4.771605
v -12.69616 -8.535255 -4.705873
v -13.28995 -8.758985 -4.833048
v -13.32243 -8.69027 -4.802883
v -13.3433 -8.611996 -4.7795
v -13.42435 -8.500264 -4.997748
v -13.41575 -8.509904 -4.91557
v -13.39117 -8.519162 -4.836637
v -13.29092 -8.286703 -4.776988
v -13.32333 -8.360704 -4.763609
v -13.3443 -8.442569 -4.758945
v -13.16029 -8.545774 -4.609764
v -13.23387 -8.541251 -4.648322
v -13.29845 -8.535143 -4.700395
v -13.19599 -8.702374 -5.315675
v -13.21794 -8.627317 -5.339573
v -13.23205 -8.544969 -5.350924
v -12.99896 -8.451285 -5.421743
v -13.08054 -8.452209 -5.413871
v -13.16161 -8.455034 -5.389782
v -13.19664 -8.229902 -5.261235
v -13.21855 -8.297575 -5.301807
v -13.23272 -8.375347 -5.332037
v -13.39291 -8.481326 -5.159204
v -13.35409 -8.472754 -5.232275
v -13.30166 -8.465231 -5.296421
v -12.71005 -8.71332 -5.222353
v -12.67757 -8.63949 -5.235797
v -12.6567 -8.55793 -5.240432
v -12.57545 -8.500866 -4.999052
v -12.58338 -8.491362 -5.080083
v -12.60763 -8.481917 -5.160598
v -12.70908 -8.240886 -5.1676
v -12.67667 -8.309782 -5.19774
v -12.6557 -8.388345 -5.221222
v -12.8427 -8.454805 -5.391735
v -12.76995 -8.459206 -5.354222
v -12.70377 -8.465348 -5.301855
v -12.70716 -8.804643 -4.978721
v -12.73146 -8.824449 -5.040444
v -12.76341 -8.834009 -5.107146
v -12.7517 -8.836644 -4.936478
v -12.78324 -8.863359 -5.00042
v -12.82008 -8.876649 -5.069151
v -12.80563 -8.859446 -4.890292
v -12.84229 -8.890033 -4.955047
v -12.88363 -8.906018 -5.024969
v -12.94338 -8.76393 -5.325807
v -13.00237 -8.793441 -5.304801
v -13.0675 -8.814311 -5.275078
v -12.89769 -8.795798 -5.284698
v -12.95809 -8.833224 -5.257334
v -13.0248 -8.858577 -5.223214
v -12.84916 -8.81923 -5.233146
v -12.90991 -8.861165 -5.20115
v -12.9775 -8.88984 -5.162897
v -13.29284 -8.79145 -5.091199
v -13.26854 -8.825002 -5.035735
v -13.23659 -8.849738 -4.973056
v -13.2483 -8.812806 -5.139701
v -13.21676 -8.853594 -5.083677
v -13.17992 -8.882427 -5.019887
v -13.19437 -8.824302 -5.18991
v -13.15771 -8.869042 -5.133991
v -13.11637 -8.900776 -5.069666
v -13.05662 -8.832162 -4.744113
v -12.99763 -8.856009 -4.771379
v -12.9325 -8.869436 -4.805124
v -13.10231 -8.853652 -4.791481
v -13.04191 -8.88373 -4.826763
v -12.9752 -8.900498 -4.865824
v -13.15084 -8.864517 -4.847055
v -13.09009 -8.89791 -4.887887
v -13.0225 -8.916954 -4.931738
v -12.7063 -8.20834 -4.908608
v -12.75085 -8.186901 -4.859879
v -12.80495 -8.175342 -4.809502
v -12.73053 -8.174657 -4.964263
v -12.7825 -8.145999 -4.916132
v -12.84177 -8.130531 -4.865659
v -12.76258 -8.149813 -5.027143
v -12.81948 -8.117103 -4.98014
v -12.88323 -8.098702 -4.930195
v -13.05679 -8.23594 -4.673309
v -13.10269 -8.203963 -4.714417
v -13.15138 -8.180429 -4.766128
v -12.99759 -8.20633 -4.694233
v -13.04206 -8.166437 -4.741886
v -13.09038 -8.138434 -4.798276
v -12.93225 -8.185366 -4.724044
v -12.97512 -8.141031 -4.77614
v -13.02258 -8.109675 -4.836648
v -13.2937 -8.195107 -5.021418
v -13.24915 -8.162974 -5.063863
v -13.19505 -8.140071 -5.110198
v -13.26947 -8.175218 -4.959479
v -13.2175 -8.1362 -4.999671
v -13.15823 -8.109471 -5.045195
v -13.23742 -8.1656 -4.892557
v -13.18052 -8.1229 -4.930714
v -13.11677 -8.093441 -4.975045
v -12.94321 -8.167507 -5.256717
v -12.89731 -8.145912 -5.209324
v -12.84862 -8.134983 -5.153571
v -13.00241 -8.143544 -5.229508
v -12.95794 -8.115761 -5.173917
v -12.90962 -8.101568 -5.112577
v -13.06775 -8.130047 -5.195655
v -13.02488 -8.098971 -5.134714
v -12.97742 -8.082469 -5.068592
v -12.65722 -8.724674 -4.894946
v -12.69394 -8.74416 -4.839592
v -12.7438 -8.76045 -4.786584
v -12.63148 -8.664365 -4.872741
v -12.66854 -8.679702 -4.808021
v -12.71955 -8.693492 -4.749152
v -12.61352 -8.594011 -4.855726
v -12.651 -8.605915 -4.785533
v -12.70311 -8.616975 -4.722169
v -13.00668 -8.752192 -4.660338
v -13.00233 -8.693568 -4.623778
v -13.00095 -8.624519 -4.595635
v -12.93987 -8.763526 -4.674493
v -12.92721 -8.700071 -4.634364
v -12.921 -8.627177 -4.60427
v -12.87067 -8.77044 -4.701416
v -12.85245 -8.703958 -4.659929
v -12.84198 -8.627911 -4.628938
v -13.00664 -8.33339 -4.610039
v -12.93967 -8.319057 -4.62118
v -12.87022 -8.30608 -4.645819
v -13.00238 -8.399096 -4.587889
v -12.92707 -8.390276 -4.596859
v -12.85206 -8.380531 -4.620929
v -13.00098 -8.473054 -4.576419
v -12.92084 -8.468435 -4.584433
v -12.84156 -8.461995 -4.608335
v -12.65615 -8.30579 -4.845338
v -12.63022 -8.369789 -4.837735
v -12.61218 -8.442438 -4.837434
v -12.69293 -8.299627 -4.786826
v -12.66752 -8.369837 -4.771106
v -12.64994 -8.447103 -4.766296
v -12.74293 -8.296056 -4.731277
v -12.71871 -8.37003 -4.710448
v -12.70222 -8.451022 -4.701881
v -13.13051 -8.749403 -4.68412
v -13.18776 -8.757941 -4.722099
v -13.2423 -8.762068 -4.772789
v -13.14554 -8.690342 -4.651281
v -13.21161 -8.693665 -4.688981
v -13.27168 -8.694513 -4.740441
v -13.15424 -8.621066 -4.625075
v -13.22535 -8.620321 -4.662718
v -13.28957 -8.617828 -4.714895
v -13.36673 -8.708691 -5.031206
v -13.39621 -8.647138 -5.019605
v -13.41612 -8.575932 -5.009862
v -13.35399 -8.729291 -4.966352
v -13.38645 -8.663529 -4.945895
v -13.40785 -8.588865 -4.930885
v -13.32806 -8.747289 -4.898788
v -13.36152 -8.67903 -4.87244
v -13.38344 -8.601649 -4.852824
v -13.3679 -8.289757 -4.982027
v -13.35516 -8.284709 -4.914005
v -13.32918 -8.282849 -4.843864
v -13.39755 -8.352503 -4.985098
v -13.38761 -8.353616 -4.909398
v -13.36257 -8.355527 -4.834099
v -13.41756 -8.424295 -4.992105
v -13.40906 -8.430002 -4.912084
v -13.38457 -8.435651 -4.832926
v -13.13098 -8.330589 -4.633918
v -13.14599 -8.39586 -4.615469
v -13.15475 -8.46959 -4.605951
v -13.18838 -8.313455 -4.668944
v -13.21217 -8.383853 -4.651613
v -13.22595 -8.461562 -4.643029
v -13.24313 -8.29768 -4.717435
v -13.27244 -8.371061 -4.701662
v -13.29038 -8.451884 -4.69453
v -13.34278 -8.694264 -5.154194
v -13.30606 -8.700412 -5.212555
v -13.2562 -8.703994 -5.267894
v -13.36852 -8.630453 -5.161841
v -13.33146 -8.630398 -5.228353
v -13.28045 -8.63019 -5.288815
v -13.38648 -8.558073 -5.162113
v -13.349 -8.55341 -5.233156
v -13.29689 -8.549506 -5.297359
v -12.99332 -8.666746 -5.388802
v -12.99767 -8.601251 -5.410803
v -12.99905 -8.527565 -5.422204
v -13.06013 -8.681046 -5.377655
v -13.07279 -8.610028 -5.40201
v -13.079 -8.532148 -5.414419
v -13.12933 -8.694003 -5.353062
v -13.14755 -8.619724 -5.378038
v -13.15802 -8.53857 -5.39059
v -12.99336 -8.247671 -5.340821
v -13.06033 -8.236305 -5.326665
v -13.12978 -8.229383 -5.299691
v -12.99762 -8.306466 -5.377573
v -13.07293 -8.299963 -5.366806
v -13.14794 -8.296053 -5.341135
v -12.99902 -8.375764 -5.405848
v -13.07916 -8.373125 -5.396983
v -13.15844 -8.372391 -5.372239
v -13.34385 -8.275271 -5.105522
v -13.36978 -8.335773 -5.127728
v -13.38782 -8.406381 -5.144833
v -13.30707 -8.255735 -5.161019
v -13.33248 -8.320401 -5.19256
v -13.35006 -8.394457 -5.215119
v -13.25707 -8.239407 -5.214234
v -13.28129 -8.306553 -5.251616
v -13.29778 -8.383364 -5.278692
v -12.86949 -8.669536 -5.365021
v -12.81224 -8.68663 -5.330049
v -12.7577 -8.702375 -5.28169
v -12.85446 -8.604477 -5.3833
v -12.78839 -8.616435 -5.347393
v -12.72832 -8.629169 -5.297526
v -12.84576 -8.531018 -5.392764
v -12.77465 -8.539004 -5.355971
v -12.71043 -8.548654 -5.304633
v -12.63327 -8.710248 -5.017934
v -12.60379 -8.647681 -5.014977
v -12.58388 -8.576153 -5.007977
v -12.64601 -8.715281 -5.085795
v -12.61355 -8.64657 -5.090479
v -12.59215 -8.570459 -5.087804
v -12.67194 -8.717155 -5.15569
v -12.63848 -8.644651 -5.165527
v -12.61656 -8.564832 -5.166704
v -12.6321 -8.291305 -4.968832
v -12.64484 -8.270653 -5.03384
v -12.67082 -8.252612 -5.101647
v -12.60245 -8.353058 -4.980365
v -12.61239 -8.336622 -5.054267
v -12.63743 -8.321057 -5.127965
v -12.58244 -8.424523 -4.990162
v -12.59094 -8.411557 -5.069332
v -12.61543 -8.398735 -5.147648
v -12.86902 -8.250472 -5.316941
v -12.85401 -8.309702 -5.349994
v -12.84525 -8.379228 -5.376316
v -12.81162 -8.241908 -5.278901
v -12.78783 -8.306385 -5.312053
v -12.77405 -8.379998 -5.338387
v -12.75687 -8.237782 -5.228075
v -12.72756 -8.305522 -5.260402
v -12.70962 -8.382502 -5.286044
v -12.9521 -8.919799 -4.977883
v -13 -8.921462 -5.049437
v -13 -8.921462 -5.049437
v -13.16754 -8.768267 -5.281034
v -13.13315 -8.824641 -5.236421
v -13.09297 -8.870503 -5.181941
v -13.04791 -8.903286 -5.118664
v -13 -8.921462 -5.049437
v -13 -8.921462 -5.049437
v -13 -8.921462 -5.049437
v -12.9521 -8.919799 -4.977883
v -13 -8.078538 -4.950563
v -13 -8.078538 -4.950563
v -13 -8.078538 -4.950563
v -13 -8.078538 -4.950563
v -13.1681 -8.173654 -5.21212
v -13.13362 -8.128959 -5.155521
v -13.09329 -8.096934 -5.091677
v -13.04807 -8.079646 -5.022294
v -13 -8.078538 -4.950563
v -12.66082 -8.750257 -4.96332
v -12.6843 -8.772385 -4.928201
v -12.72288 -8.797023 -4.881678
v -12.77317 -8.816015 -4.833566
v -12.83246 -8.826019 -4.788674
v -13.02208 -8.798984 -4.701439
v -13.06559 -8.78213 -4.691587
v -12.96215 -8.815864 -4.72105
v -12.89701 -8.825768 -4.75043
v -13.06581 -8.296975 -4.633483
v -13.02208 -8.27819 -4.639266
v -12.96202 -8.257199 -4.654449
v -12.89667 -8.240724 -4.680846
v -12.8319 -8.2316 -4.718117
v -12.6833 -8.251513 -4.866702
v -12.65963 -8.26499 -4.906168
v -12.72195 -8.238295 -4.815617
v -12.77242 -8.23094 -4.76426
v -13.06559 -8.78213 -4.691587
v -13.07039 -8.744871 -4.662212
v -13.10304 -8.797159 -4.716989
v -13.15212 -8.811584 -4.757533
v -13.20212 -8.818894 -4.809025
v -13.24787 -8.816661 -4.868453
v -13.0755 -8.688905 -4.629015
v -13.07906 -8.621861 -4.602615
v -13.08056 -8.548537 -4.586205
v -13.33136 -8.757809 -5.052467
v -13.33918 -8.734976 -5.093597
v -13.31385 -8.78371 -4.995171
v -13.28582 -8.804467 -4.932019
v -13.34037 -8.249655 -5.036901
v -13.33244 -8.236889 -4.991367
v -13.31491 -8.224936 -4.929493
v -13.28678 -8.219353 -4.863041
v -13.24869 -8.22221 -4.798162
v -13.10344 -8.276357 -4.654892
v -13.07063 -8.340104 -4.613488
v -13.06581 -8.296975 -4.633483
v -13.07576 -8.402437 -4.594078
v -13.07933 -8.474031 -4.583901
v -13.15264 -8.252905 -4.691058
v -13.20279 -8.233828 -4.739635
v -13.33918 -8.734976 -5.093597
v -13.36401 -8.694264 -5.093657
v -13.3157 -8.748376 -5.132883
v -13.27712 -8.761579 -5.183845
v -13.22683 -8.768923 -5.235045
v -13.16754 -8.768267 -5.281034
v -13.39047 -8.634621 -5.09181
v -13.40888 -8.565018 -5.08723
v -13.41663 -8.490615 -5.080013
v -12.97792 -8.721777 -5.359645
v -12.93441 -8.703102 -5.36533
v -13.03785 -8.742738 -5.344473
v -13.10299 -8.759171 -5.318182
v -13.16754 -8.768267 -5.281034
v -13.19599 -8.702374 -5.315675
v -13.21794 -8.627317 -5.339573
v -13.23205 -8.544969 -5.350924
v -13.23764 -8.459043 -5.349176
v -12.93419 -8.217669 -5.309586
v -12.97792 -8.200733 -5.299612
v -13.03798 -8.183825 -5.279984
v -13.10333 -8.173905 -5.250492
v -13.1681 -8.173654 -5.21212
v -13.3167 -8.22741 -5.072177
v -13.36525 -8.289325 -5.046399
v -13.34037 -8.249655 -5.036901
v -13.39179 -8.347968 -5.058445
v -13.41024 -8.416997 -5.070133
v -13.27805 -8.20273 -5.118817
v -13.22758 -8.18369 -5.167078
v -13.1681 -8.173654 -5.21212
v -13.19664 -8.229902 -5.261235
v -13.21855 -8.297575 -5.301807
v -13.23272 -8.375347 -5.332037
v -12.93441 -8.703102 -5.36533
v -12.92961 -8.660057 -5.385285
v -12.89696 -8.723601 -5.344096
v -12.84788 -8.747017 -5.30799
v -12.79788 -8.766045 -5.259587
v -12.75213 -8.777624 -5.201256
v -12.9245 -8.597927 -5.40463
v -12.92094 -8.526594 -5.414799
v -12.91941 -8.452188 -5.414046
v -12.66864 -8.762952 -5.008617
v -12.63599 -8.710664 -4.953841
v -12.66082 -8.750257 -4.96332
v -12.60953 -8.652212 -4.941834
v -12.59112 -8.583439 -4.930183
v -12.5832 -8.510134 -4.920043
v -12.68615 -8.774891 -5.070352
v -12.71418 -8.780471 -5.136593
v -12.65963 -8.26499 -4.906168
v -12.63475 -8.30578 -4.906108
v -12.66756 -8.242033 -4.947512
v -12.68509 -8.216087 -5.00494
v -12.71322 -8.195276 -5.068296
v -12.75131 -8.183043 -5.132076
v -12.60821 -8.36562 -4.907959
v -12.58976 -8.43548 -4.912562
v -12.89656 -8.202566 -5.283987
v -12.92937 -8.255001 -5.339018
v -12.93419 -8.217669 -5.309586
v -12.92424 -8.311151 -5.372327
v -12.92067 -8.378446 -5.398794
v -12.84736 -8.188119 -5.243376
v -12.79721 -8.180801 -5.191702
f 6192 6401 6193
f 6189 6192 6193
f 6188 6192 6189
f 6188 6191 6192
f 6191 6123 6192
f 6192 6123 6124
f 6193 6124 6023
f 6220 6124 6123
f 6189 6193 6190
f 6190 6193 6115
f 6193 6402 6115
f 6185 6188 6189
f 6186 6189 6190
f 6185 6189 6186
f 6063 6191 6188
f 6062 6063 6188
f 6062 6188 6185
f 6015 6062 6185
f 6015 6185 6041
f 6041 6185 6186
f 6063 6064 6191
f 6041 6186 6042
f 6064 6122 6191
f 6064 6032 6122
f 6191 6122 6123
f 6042 6186 6187
f 6186 6190 6187
f 6042 6187 6043
f 6214 6122 6032
f 6214 6032 6061
f 6217 6123 6122
f 6217 6122 6214
f 6220 6123 6217
f 6187 6190 6114
f 6190 6115 6114
f 6043 6187 6113
f 6187 6114 6113
f 6043 6113 6029
f 6213 6214 6061
f 6213 6061 6060
f 6216 6217 6214
f 6216 6214 6213
f 6029 6113 6200
f 6029 6200 6046
f 6113 6114 6201
f 6113 6201 6200
f 6114 6115 6202
f 6114 6202 6201
f 6212 6213 6060
f 6212 6060 6059
f 6046 6200 6197
f 6046 6197 6045
f 6115 6118 6202
f 6115 6403 6118
f 6202 6118 6117
f 6202 6117 6199
f 6201 6202 6199
f 6199 6117 6116
f 6200 6201 6198
f 6201 6199 6198
f 6200 6198 6197
f 6199 6116 6196
f 6198 6199 6196
f 6196 6116 6030
f 6196 6030 6049
f 6198 6196 6195
f 6195 6196 6049
f 6197 6198 6195
f 6195 6049 6048
f 6197 6195 6194
f 6194 6195 6048
f 6045 6197 6194
f 6194 6048 6047
f 6045 6194 6044
f 6044 6194 6047
f 6044 6047 6017
f 6121 6410 6124
f 6211 6409 6121
f 6208 6211 6121
f 6208 6121 6120
f 6120 6121 6220
f 6121 6411 6220
f 6120 6220 6219
f 6219 6220 6217
f 6219 6217 6216
f 6119 6120 6219
f 6218 6219 6216
f 6119 6219 6218
f 6205 6208 6120
f 6205 6120 6119
f 6218 6216 6215
f 6215 6216 6213
f 6215 6213 6212
f 6031 6119 6218
f 6055 6119 6031
f 6055 6205 6119
f 6031 6218 6058
f 6058 6218 6215
f 6058 6215 6057
f 6057 6215 6212
f 6057 6212 6056
f 6056 6212 6059
f 6056 6059 6016
f 6054 6205 6055
f 6054 6204 6205
f 6053 6204 6054
f 6204 6208 6205
f 6053 6203 6204
f 6018 6203 6053
f 6018 6050 6203
f 6204 6207 6208
f 6203 6207 6204
f 6207 6211 6208
f 6050 6206 6203
f 6203 6206 6207
f 6050 6051 6206
f 6207 6210 6211
f 6206 6210 6207
f 6051 6209 6206
f 6206 6209 6210
f 6051 6052 6209
f 6210 6407 6211
f 6211 6407 6408
f 6210 6406 6407
f 6209 6406 6210
f 6209 6405 6406
f 6052 6405 6209
f 6052 6404 6405
f 6229 6136 6024
f 6228 6136 6229
f 6225 6228 6229
f 6225 6229 6226
f 6226 6229 6127
f 6229 6412 6127
f 6228 6135 6136
f 6224 6228 6225
f 6227 6135 6228
f 6224 6227 6228
f 6222 6225 6226
f 6221 6224 6225
f 6221 6225 6222
f 6087 6227 6224
f 6086 6087 6224
f 6086 6224 6221
f 6019 6086 6221
f 6019 6221 6065
f 6065 6221 6222
f 6087 6088 6227
f 6065 6222 6066
f 6088 6134 6227
f 6227 6134 6135
f 6088 6036 6134
f 6066 6222 6223
f 6222 6226 6223
f 6066 6223 6067
f 6250 6134 6036
f 6250 6036 6085
f 6253 6135 6134
f 6253 6134 6250
f 6223 6226 6126
f 6226 6127 6126
f 6067 6223 6125
f 6223 6126 6125
f 6067 6125 6033
f 6249 6250 6085
f 6249 6085 6084
f 6033 6125 6236
f 6033 6236 6070
f 6125 6126 6237
f 6125 6237 6236
f 6126 6127 6238
f 6126 6238 6237
f 6070 6236 6233
f 6070 6233 6069
f 6236 6237 6234
f 6236 6234 6233
f 6069 6233 6230
f 6069 6230 6068
f 6068 6230 6071
f 6068 6071 6020
f 6230 6072 6071
f 6233 6231 6230
f 6230 6231 6072
f 6233 6234 6231
f 6231 6073 6072
f 6231 6232 6073
f 6234 6232 6231
f 6232 6034 6073
f 6237 6235 6234
f 6234 6235 6232
f 6237 6238 6235
f 6232 6128 6034
f 6235 6128 6232
f 6076 6034 6128
f 6238 6129 6235
f 6235 6129 6128
f 6076 6128 6245
f 6245 6128 6129
f 6075 6076 6245
f 6238 6130 6129
f 6127 6130 6238
f 6127 6413 6130
f 6075 6245 6242
f 6074 6075 6242
f 6245 6129 6246
f 6246 6129 6130
f 6242 6245 6246
f 6074 6242 6239
f 6022 6074 6239
f 6022 6239 6077
f 6246 6130 6247
f 6247 6130 6414
f 6242 6246 6243
f 6239 6242 6243
f 6243 6246 6247
f 6077 6239 6240
f 6239 6243 6240
f 6077 6240 6078
f 6243 6247 6244
f 6240 6243 6244
f 6078 6240 6241
f 6240 6244 6241
f 6078 6241 6079
f 6244 6247 6133
f 6247 6415 6133
f 6244 6133 6132
f 6241 6244 6132
f 6241 6132 6131
f 6079 6241 6131
f 6079 6131 6035
f 6080 6083 6021
f 6080 6248 6083
f 6248 6084 6083
f 6081 6248 6080
f 6248 6249 6084
f 6081 6251 6248
f 6251 6249 6248
f 6082 6251 6081
f 6251 6252 6249
f 6252 6250 6249
f 6252 6253 6250
f 6082 6254 6251
f 6254 6252 6251
f 6416 6254 6082
f 6416 6417 6254
f 6254 6255 6252
f 6417 6255 6254
f 6255 6253 6252
f 6417 6418 6255
f 6255 6256 6253
f 6418 6256 6255
f 6256 6135 6253
f 6418 6419 6256
f 6256 6136 6135
f 6419 6136 6256
f 6419 6420 6136
f 6426 6089 6427
f 6426 6266 6089
f 6428 6266 6426
f 6266 6090 6089
f 6428 6269 6266
f 6429 6269 6428
f 6266 6267 6090
f 6269 6267 6266
f 6267 6091 6090
f 6429 6272 6269
f 6425 6272 6429
f 6267 6268 6091
f 6268 6037 6091
f 6269 6270 6267
f 6272 6270 6269
f 6270 6268 6267
f 6425 6137 6272
f 6424 6137 6425
f 6268 6140 6037
f 6094 6037 6140
f 6270 6271 6268
f 6271 6140 6268
f 6272 6273 6270
f 6137 6273 6272
f 6273 6271 6270
f 6424 6259 6137
f 6423 6259 6424
f 6094 6140 6281
f 6093 6094 6281
f 6137 6138 6273
f 6259 6138 6137
f 6271 6141 6140
f 6281 6140 6141
f 6273 6274 6271
f 6138 6274 6273
f 6274 6141 6271
f 6423 6258 6259
f 6422 6258 6423
f 6093 6281 6278
f 6092 6093 6278
f 6259 6262 6138
f 6258 6262 6259
f 6138 6139 6274
f 6262 6139 6138
f 6274 6142 6141
f 6139 6142 6274
f 6281 6141 6282
f 6278 6281 6282
f 6282 6141 6142
f 6422 6257 6258
f 6421 6257 6422
f 6421 6098 6257
f 6258 6261 6262
f 6257 6261 6258
f 6098 6260 6257
f 6257 6260 6261
f 6098 6099 6260
f 6262 6265 6139
f 6261 6265 6262
f 6139 6025 6142
f 6265 6025 6139
f 6282 6142 6283
f 6283 6142 6025
f 6099 6263 6260
f 6099 6100 6263
f 6260 6264 6261
f 6261 6264 6265
f 6260 6263 6264
f 6265 6148 6025
f 6264 6148 6265
f 6100 6146 6263
f 6100 6038 6146
f 6263 6147 6264
f 6264 6147 6148
f 6263 6146 6147
f 6145 6025 6148
f 6283 6025 6145
f 6279 6282 6283
f 6278 6282 6279
f 6286 6146 6038
f 6286 6038 6097
f 6289 6147 6146
f 6289 6146 6286
f 6292 6148 6147
f 6145 6148 6292
f 6292 6147 6289
f 6280 6283 6145
f 6279 6283 6280
f 6275 6278 6279
f 6092 6278 6275
f 6430 6092 6275
f 6430 6275 6431
f 6275 6279 6276
f 6431 6275 6276
f 6276 6279 6280
f 6431 6276 6432
f 6432 6276 6277
f 6276 6280 6277
f 6432 6277 6433
f 6280 6145 6144
f 6277 6280 6144
f 6144 6145 6292
f 6433 6277 6143
f 6277 6144 6143
f 6433 6143 6434
f 6144 6292 6291
f 6143 6144 6291
f 6291 6292 6289
f 6434 6143 6290
f 6143 6291 6290
f 6434 6290 6438
f 6291 6289 6288
f 6290 6291 6288
f 6288 6289 6286
f 6438 6290 6287
f 6290 6288 6287
f 6438 6287 6437
f 6288 6286 6285
f 6287 6288 6285
f 6285 6286 6097
f 6285 6097 6096
f 6437 6287 6284
f 6287 6285 6284
f 6284 6285 6096
f 6437 6284 6435
f 6284 6096 6095
f 6435 6284 6095
f 6435 6095 6436
f 6448 6101 6449
f 6448 6302 6101
f 6450 6302 6448
f 6302 6102 6101
f 6450 6305 6302
f 6451 6305 6450
f 6302 6303 6102
f 6305 6303 6302
f 6303 6103 6102
f 6451 6308 6305
f 6444 6308 6451
f 6303 6304 6103
f 6304 6039 6103
f 6305 6306 6303
f 6308 6306 6305
f 6306 6304 6303
f 6444 6149 6308
f 6443 6149 6444
f 6304 6152 6039
f 6106 6039 6152
f 6306 6307 6304
f 6307 6152 6304
f 6308 6309 6306
f 6149 6309 6308
f 6309 6307 6306
f 6443 6295 6149
f 6442 6295 6443
f 6106 6152 6317
f 6105 6106 6317
f 6149 6150 6309
f 6295 6150 6149
f 6307 6153 6152
f 6317 6152 6153
f 6309 6310 6307
f 6150 6310 6309
f 6310 6153 6307
f 6442 6294 6295
f 6441 6294 6442
f 6105 6317 6314
f 6104 6105 6314
f 6295 6298 6150
f 6294 6298 6295
f 6150 6151 6310
f 6298 6151 6150
f 6310 6154 6153
f 6151 6154 6310
f 6317 6153 6318
f 6314 6317 6318
f 6318 6153 6154
f 6441 6293 6294
f 6439 6293 6441
f 6439 6440 6293
f 6294 6297 6298
f 6293 6297 6294
f 6440 6296 6293
f 6293 6296 6297
f 6440 6445 6296
f 6298 6301 6151
f 6297 6301 6298
f 6151 6026 6154
f 6301 6026 6151
f 6318 6154 6319
f 6319 6154 6026
f 6445 6299 6296
f 6445 6446 6299
f 6296 6300 6297
f 6297 6300 6301
f 6296 6299 6300
f 6301 6160 6026
f 6300 6160 6301
f 6446 6158 6299
f 6446 6447 6158
f 6299 6159 6300
f 6300 6159 6160
f 6299 6158 6159
f 6157 6026 6160
f 6319 6026 6157
f 6315 6318 6319
f 6314 6318 6315
f 6322 6158 6447
f 6322 6447 6461
f 6325 6159 6158
f 6325 6158 6322
f 6328 6160 6159
f 6157 6160 6328
f 6328 6159 6325
f 6316 6319 6157
f 6315 6319 6316
f 6311 6314 6315
f 6104 6314 6311
f 6452 6104 6311
f 6452 6311 6453
f 6311 6315 6312
f 6453 6311 6312
f 6312 6315 6316
f 6453 6312 6454
f 6454 6312 6313
f 6312 6316 6313
f 6454 6313 6455
f 6316 6157 6156
f 6313 6316 6156
f 6156 6157 6328
f 6455 6313 6155
f 6313 6156 6155
f 6455 6155 6456
f 6156 6328 6327
f 6155 6156 6327
f 6327 6328 6325
f 6456 6155 6326
f 6155 6327 6326
f 6456 6326 6463
f 6327 6325 6324
f 6326 6327 6324
f 6324 6325 6322
f 6463 6326 6323
f 6326 6324 6323
f 6463 6323 6462
f 6324 6322 6321
f 6323 6324 6321
f 6321 6322 6461
f 6321 6461 6460
f 6462 6323 6320
f 6323 6321 6320
f 6320 6321 6460
f 6462 6320 6457
f 6320 6460 6458
f 6457 6320 6458
f 6457 6458 6459
f 6468 6161 6469
f 6468 6331 6161
f 6467 6331 6468
f 6331 6162 6161
f 6467 6330 6331
f 6466 6330 6467
f 6331 6334 6162
f 6330 6334 6331
f 6334 6163 6162
f 6466 6329 6330
f 6464 6329 6466
f 6464 6465 6329
f 6330 6333 6334
f 6329 6333 6330
f 6334 6337 6163
f 6333 6337 6334
f 6337 6027 6163
f 6465 6332 6329
f 6329 6332 6333
f 6465 6470 6332
f 6333 6336 6337
f 6332 6336 6333
f 6337 6172 6027
f 6336 6172 6337
f 6497 6027 6172
f 6470 6335 6332
f 6332 6335 6336
f 6470 6471 6335
f 6497 6172 6364
f 6496 6497 6364
f 6336 6171 6172
f 6335 6171 6336
f 6364 6172 6171
f 6471 6170 6335
f 6335 6170 6171
f 6471 6472 6170
f 6496 6364 6363
f 6495 6496 6363
f 6364 6171 6361
f 6361 6171 6170
f 6363 6364 6361
f 6358 6170 6472
f 6361 6170 6358
f 6358 6472 6491
f 6495 6363 6362
f 6494 6495 6362
f 6494 6362 6493
f 6363 6361 6360
f 6360 6361 6358
f 6362 6363 6360
f 6357 6358 6491
f 6360 6358 6357
f 6357 6491 6490
f 6493 6362 6359
f 6362 6360 6359
f 6359 6360 6357
f 6493 6359 6492
f 6356 6357 6490
f 6359 6357 6356
f 6492 6359 6356
f 6356 6490 6488
f 6492 6356 6487
f 6487 6356 6488
f 6487 6488 6489
f 6473 6107 6474
f 6473 6338 6107
f 6475 6338 6473
f 6338 6108 6107
f 6475 6341 6338
f 6476 6341 6475
f 6338 6339 6108
f 6341 6339 6338
f 6339 6109 6108
f 6476 6344 6341
f 6477 6344 6476
f 6477 6478 6344
f 6339 6340 6109
f 6340 6040 6109
f 6341 6342 6339
f 6344 6342 6341
f 6342 6340 6339
f 6478 6345 6344
f 6344 6345 6342
f 6478 6479 6345
f 6340 6164 6040
f 6112 6040 6164
f 6342 6343 6340
f 6345 6343 6342
f 6343 6164 6340
f 6479 6346 6345
f 6345 6346 6343
f 6479 6480 6346
f 6112 6164 6353
f 6111 6112 6353
f 6343 6165 6164
f 6346 6165 6343
f 6353 6164 6165
f 6480 6166 6346
f 6346 6166 6165
f 6480 6481 6166
f 6111 6353 6350
f 6110 6111 6350
f 6353 6165 6354
f 6354 6165 6166
f 6350 6353 6354
f 6355 6166 6481
f 6354 6166 6355
f 6355 6481 6169
f 6110 6350 6347
f 6482 6110 6347
f 6482 6347 6483
f 6350 6354 6351
f 6351 6354 6355
f 6347 6350 6351
f 6352 6355 6169
f 6351 6355 6352
f 6352 6169 6168
f 6483 6347 6348
f 6347 6351 6348
f 6348 6351 6352
f 6483 6348 6484
f 6349 6352 6168
f 6348 6352 6349
f 6484 6348 6349
f 6349 6168 6167
f 6484 6349 6485
f 6485 6349 6167
f 6485 6167 6486
f 6507 6508 6509
f 6507 6374 6508
f 6513 6374 6507
f 6374 6510 6508
f 6513 6377 6374
f 6514 6377 6513
f 6374 6375 6510
f 6377 6375 6374
f 6375 6511 6510
f 6514 6380 6377
f 6503 6380 6514
f 6375 6376 6511
f 6376 6512 6511
f 6377 6378 6375
f 6380 6378 6377
f 6378 6376 6375
f 6503 6173 6380
f 6502 6173 6503
f 6376 6176 6512
f 6522 6512 6176
f 6378 6379 6376
f 6379 6176 6376
f 6380 6381 6378
f 6173 6381 6380
f 6381 6379 6378
f 6502 6367 6173
f 6501 6367 6502
f 6522 6176 6389
f 6521 6522 6389
f 6173 6174 6381
f 6367 6174 6173
f 6379 6177 6176
f 6389 6176 6177
f 6381 6382 6379
f 6174 6382 6381
f 6382 6177 6379
f 6501 6366 6367
f 6500 6366 6501
f 6521 6389 6386
f 6516 6521 6386
f 6367 6370 6174
f 6366 6370 6367
f 6174 6175 6382
f 6370 6175 6174
f 6382 6178 6177
f 6175 6178 6382
f 6389 6177 6390
f 6386 6389 6390
f 6390 6177 6178
f 6500 6365 6366
f 6498 6365 6500
f 6498 6499 6365
f 6366 6369 6370
f 6365 6369 6366
f 6499 6368 6365
f 6365 6368 6369
f 6499 6504 6368
f 6370 6373 6175
f 6369 6373 6370
f 6175 6028 6178
f 6373 6028 6175
f 6390 6178 6391
f 6391 6178 6028
f 6504 6371 6368
f 6504 6505 6371
f 6368 6372 6369
f 6369 6372 6373
f 6368 6371 6372
f 6373 6184 6028
f 6372 6184 6373
f 6505 6182 6371
f 6505 6506 6182
f 6371 6183 6372
f 6372 6183 6184
f 6371 6182 6183
f 6181 6028 6184
f 6391 6028 6181
f 6387 6390 6391
f 6386 6390 6387
f 6394 6182 6506
f 6394 6506 6527
f 6397 6183 6182
f 6397 6182 6394
f 6400 6184 6183
f 6181 6184 6400
f 6400 6183 6397
f 6388 6391 6181
f 6387 6391 6388
f 6383 6386 6387
f 6516 6386 6383
f 6515 6516 6383
f 6515 6383 6517
f 6383 6387 6384
f 6517 6383 6384
f 6384 6387 6388
f 6517 6384 6518
f 6518 6384 6385
f 6384 6388 6385
f 6518 6385 6519
f 6388 6181 6180
f 6385 6388 6180
f 6180 6181 6400
f 6519 6385 6179
f 6385 6180 6179
f 6519 6179 6520
f 6180 6400 6399
f 6179 6180 6399
f 6399 6400 6397
f 6520 6179 6398
f 6179 6399 6398
f 6520 6398 6529
f 6399 6397 6396
f 6398 6399 6396
f 6396 6397 6394
f 6529 6398 6395
f 6398 6396 6395
f 6529 6395 6528
f 6396 6394 6393
f 6395 6396 6393
f 6393 6394 6527
f 6393 6527 6526
f 6528 6395 6392
f 6395 6393 6392
f 6392 6393 6526
f 6528 6392 6523
f 6392 6526 6524
f 6523 6392 6524
f 6523 6524 6525
v -12.5877 -8.912304 -4.412304
v -12.5877 -8.912304 -3.587696
v -13.4123 -8.912304 -4.412304
v -13.4123 -8.912304 -3.587696
v -12.58625 -8.087591 -4.413748
v -12.58625 -8.087591 -3.586252
v -13.41375 -8.087591 -4.413748
v -13.41375 -8.087591 -3.586252
v -13 -9.216235 -4
v -13 -7.783765 -4
v -12.28376 -8.5 -4
v -13 -8.5 -3.283765
v -13.71624 -8.5 -4
v -13 -8.5 -4.716235
v -13 -9.004967 -4.504967
v -13.50497 -9.004967 -4
v -13 -9.004967 -3.495033
v -12.49503 -9.004967 -4
v -12.49335 -7.994641 -4
v -13 -7.994641 -3.493347
v -13.50665 -7.994641 -4
v -13 -7.994641 -4.506653
v -12.49355 -8.5 -3.493547
v -12.49335 -8.501266 -4.506653
v -13.50645 -8.5 -3.493547
v -13.50665 -8.501266 -4.506653
v -12.65593 -8.942492 -4.442492
v -12.75628 -8.974646 -4.474646
v -12.87386 -8.997025 -4.497025
v -13.34407 -8.942492 -4.442492
v -13.24372 -8.974646 -4.474646
v -13.12614 -8.997025 -4.497025
v -13.44249 -8.942492 -4.344069
v -13.47465 -8.974646 -4.243723
v -13.49702 -8.997025 -4.126144
v -13.44249 -8.942492 -3.655931
v -13.47465 -8.974646 -3.756277
v -13.49702 -8.997025 -3.873856
v -13.34407 -8.942492 -3.557508
v -13.24372 -8.974646 -3.525354
v -13.12614 -8.997025 -3.502975
v -12.65593 -8.942492 -3.557508
v -12.75628 -8.974646 -3.525354
v -12.87386 -8.997025 -3.502975
v -12.55751 -8.942492 -3.655931
v -12.52535 -8.974646 -3.756277
v -12.50298 -8.997025 -3.873856
v -12.55751 -8.942492 -4.344069
v -12.52535 -8.974646 -4.243723
v -12.50298 -8.997025 -4.126144
v -12.556 -8.057239 -4.34509
v -12.52374 -8.025036 -4.244541
v -12.50132 -8.002608 -4.126565
v -12.556 -8.057239 -3.65491
v -12.52374 -8.025036 -3.755459
v -12.50132 -8.002608 -3.873435
v -12.65491 -8.057239 -3.556004
v -12.75546 -8.025036 -3.523742
v -12.87344 -8.002608 -3.501318
v -13.34509 -8.057239 -3.556004
v -13.24454 -8.025036 -3.523742
v -13.12656 -8.002608 -3.501318
v -13.444 -8.057239 -3.65491
v -13.47626 -8.025036 -3.755459
v -13.49868 -8.002608 -3.873435
v -13.444 -8.057239 -4.34509
v -13.47626 -8.025036 -4.244541
v -13.49868 -8.002608 -4.126565
v -13.34509 -8.057239 -4.443996
v -13.24454 -8.025036 -4.476258
v -13.12656 -8.002608 -4.498682
v -12.65491 -8.057239 -4.443996
v -12.75546 -8.025036 -4.476258
v -12.87344 -8.002608 -4.498682
v -12.55751 -8.844069 -3.557508
v -12.52535 -8.743723 -3.525354
v -12.50298 -8.626143 -3.502975
v -12.556 -8.155959 -3.556004
v -12.52374 -8.256634 -3.523742
v -12.50132 -8.374649 -3.501318
v -12.556 -8.155959 -4.443996
v -12.52374 -8.256634 -4.476258
v -12.50132 -8.374649 -4.498682
v -12.55751 -8.844069 -4.442492
v -12.52535 -8.743723 -4.474646
v -12.50298 -8.626143 -4.497025
v -13.44249 -8.844069 -3.557508
v -13.47465 -8.743723 -3.525354
v -13.49702 -8.626143 -3.502975
v -13.444 -8.155959 -3.556004
v -13.47626 -8.256634 -3.523742
v -13.49868 -8.374649 -3.501318
v -13.44249 -8.844069 -4.442492
v -13.47465 -8.743723 -4.474646
v -13.49702 -8.626143 -4.497025
v -13.444 -8.155959 -4.443996
v -13.47626 -8.256634 -4.476258
v -13.49868 -8.374649 -4.498682
v -13 -9.090698 -4.401319
v -13 -9.156866 -4.280199
v -13 -9.199379 -4.144385
v -13.40132 -9.090698 -4
v -13.2802 -9.156866 -4
v -13.14439 -9.199379 -4
v -13 -9.090698 -3.598681
v -13 -9.156866 -3.719801
v -13 -9.199379 -3.855615
v -12.59868 -9.090698 -4
v -12.7198 -9.156866 -4
v -12.85561 -9.199379 -4
v -12.59726 -7.908588 -4
v -12.71884 -7.84235 -4
v -12.85513 -7.799726 -4
v -13 -7.908588 -3.597261
v -13 -7.84235 -3.718841
v -13 -7.799726 -3.855126
v -13.40274 -7.908588 -4
v -13.28116 -7.84235 -4
v -13.14487 -7.799726 -4
v -13 -7.908588 -4.402739
v -13 -7.84235 -4.281159
v -13 -7.799726 -4.144874
v -12.4093 -8.90132 -4
v -12.34313 -8.780199 -4
v -12.30062 -8.644386 -4
v -12.40447 -8.5 -3.60208
v -12.33829 -8.5 -3.725909
v -12.29753 -8.5 -3.860269
v -12.40732 -8.09859 -4
v -12.34129 -8.220011 -4
v -12.29858 -8.356328 -4
v -12.40732 -8.501266 -4.402739
v -12.34129 -8.501266 -4.281159
v -12.29858 -8.501266 -4.144874
v -13 -8.90132 -3.409302
v -13 -8.780199 -3.343134
v -13 -8.644386 -3.300621
v -13.39792 -8.5 -3.404472
v -13.27409 -8.5 -3.338287
v -13.13973 -8.5 -3.29753
v -13 -8.09859 -3.407319
v -13 -8.220011 -3.341287
v -13 -8.356327 -3.298579
v -12.60208 -8.5 -3.404472
v -12.72591 -8.5 -3.338287
v -12.86027 -8.5 -3.29753
v -13.5907 -8.90132 -4
v -13.65687 -8.780199 -4
v -13.69938 -8.644385 -4
v -13.59268 -8.501266 -4.402739
v -13.65871 -8.501266 -4.281159
v -13.70142 -8.501266 -4.144874
v -13.59268 -8.09859 -4
v -13.65871 -8.220011 -4
v -13.70142 -8.356327 -4
v -13.59553 -8.5 -3.60208
v -13.66171 -8.5 -3.725909
v -13.70247 -8.5 -3.860269
v -13 -8.90132 -4.590698
v -13 -8.780199 -4.656866
v -13 -8.644386 -4.699378
v -12.59726 -8.501266 -4.592681
v -12.71884 -8.501266 -4.658713
v -12.85513 -8.501266 -4.701421
v -13 -8.09859 -4.592681
v -13 -8.220011 -4.658713
v -13 -8.356327 -4.701421
v -13.40274 -8.501266 -4.592681
v -13.28116 -8.501266 -4.658713
v -13.14487 -8.501266 -4.701421
v -12.64403 -9.006502 -4.355974
v -12.74949 -9.051841 -4.377755
v -12.87077 -9.080983 -4.394639
v -12.62224 -9.051841 -4.250507
v -12.73651 -9.109199 -4.263493
v -12.86462 -9.14499 -4.275033
v -12.60536 -9.080983 -4.129227
v -12.72497 -9.14499 -4.135379
v -12.85854 -9.185536 -4.14146
v -13.35597 -9.006502 -4.355974
v -13.37776 -9.051841 -4.250507
v -13.39464 -9.080983 -4.129227
v -13.25051 -9.051841 -4.377755
v -13.26349 -9.109199 -4.263493
v -13.27503 -9.14499 -4.135379
v -13.12923 -9.080983 -4.394639
v -13.13538 -9.14499 -4.275033
v -13.14146 -9.185536 -4.14146
v -13.35597 -9.006502 -3.644026
v -13.25051 -9.051841 -3.622245
v -13.12923 -9.080983 -3.605361
v -13.37776 -9.051841 -3.749492
v -13.26349 -9.109199 -3.736507
v -13.13538 -9.14499 -3.724966
v -13.39464 -9.080983 -3.870773
v -13.27503 -9.14499 -3.864621
v -13.14146 -9.185536 -3.85854
v -12.64403 -9.006502 -3.644026
v -12.62224 -9.051841 -3.749492
v -12.60536 -9.080983 -3.870773
v -12.74949 -9.051841 -3.622245
v -12.73651 -9.109199 -3.736507
v -12.72497 -9.14499 -3.864621
v -12.87077 -9.080983 -3.605361
v -12.86462 -9.14499 -3.724966
v -12.85854 -9.185536 -3.85854
v -12.64298 -7.993106 -4.357023
v -12.62091 -7.947586 -4.251337
v -12.60396 -7.918303 -4.129666
v -12.74866 -7.947586 -4.379094
v -12.73561 -7.890081 -4.264386
v -12.72406 -7.854227 -4.135828
v -12.87033 -7.918303 -4.396042
v -12.86417 -7.854227 -4.275945
v -12.85806 -7.813561 -4.14194
v -12.64298 -7.993106 -3.642977
v -12.74866 -7.947586 -3.620906
v -12.87033 -7.918303 -3.603958
v -12.62091 -7.947586 -3.748664
v -12.73561 -7.890081 -3.735614
v -12.86417 -7.854227 -3.724055
v -12.60396 -7.918303 -3.870334
v -12.72406 -7.854227 -3.864172
v -12.85806 -7.813561 -3.85806
v -13.35702 -7.993106 -3.642977
v -13.37909 -7.947586 -3.748664
v -13.39604 -7.918303 -3.870334
v -13.25134 -7.947586 -3.620906
v -13.26439 -7.890081 -3.735614
v -13.27594 -7.854227 -3.864172
v -13.12967 -7.918303 -3.603958
v -13.13583 -7.854227 -3.724055
v -13.14194 -7.813561 -3.85806
v -13.35702 -7.993106 -4.357023
v -13.25134 -7.947586 -4.379094
v -13.12967 -7.918303 -4.396042
v -13.37909 -7.947586 -4.251337
v -13.26439 -7.890081 -4.264386
v -13.13583 -7.854227 -4.275945
v -13.39604 -7.918303 -4.129666
v -13.27594 -7.854227 -4.135828
v -13.14194 -7.813561 -4.14194
v -12.4935 -8.855974 -4.355974
v -12.44816 -8.877755 -4.250507
v -12.41902 -8.894639 -4.129227
v -12.44816 -8.750509 -4.377755
v -12.3908 -8.763493 -4.263493
v -12.35501 -8.775034 -4.135379
v -12.41902 -8.629227 -4.394639
v -12.35501 -8.635379 -4.275033
v -12.31446 -8.64146 -4.14146
v -12.4935 -8.855974 -3.644026
v -12.44816 -8.750509 -3.622245
v -12.41902 -8.629227 -3.605361
v -12.44816 -8.877755 -3.749492
v -12.3908 -8.763493 -3.736507
v -12.35501 -8.635379 -3.724966
v -12.41902 -8.894639 -3.870773
v -12.35501 -8.775034 -3.864621
v -12.31446 -8.64146 -3.85854
v -12.49183 -8.144026 -3.642977
v -12.44634 -8.12219 -3.748664
v -12.41703 -8.10528 -3.870334
v -12.44634 -8.249816 -3.620906
v -12.38905 -8.236794 -3.735614
v -12.35316 -8.225192 -3.864172
v -12.41703 -8.37154 -3.603958
v -12.35316 -8.365373 -3.724055
v -12.31248 -8.359277 -3.85806
v -12.49183 -8.144026 -4.357023
v -12.44634 -8.249816 -4.379094
v -12.41703 -8.37154 -4.396042
v -12.44634 -8.12219 -4.251337
v -12.38905 -8.236794 -4.264386
v -12.35316 -8.365373 -4.275945
v -12.41703 -8.10528 -4.129665
v -12.35316 -8.225192 -4.135828
v -12.31248 -8.359277 -4.14194
v -12.64403 -8.855974 -3.493498
v -12.74949 -8.877755 -3.448159
v -12.87077 -8.894639 -3.419017
v -12.62224 -8.750509 -3.448159
v -12.73651 -8.763493 -3.390801
v -12.86462 -8.775034 -3.355011
v -12.60536 -8.629227 -3.419017
v -12.72497 -8.635379 -3.355011
v -12.85854 -8.64146 -3.314463
v -13.35597 -8.855974 -3.493498
v -13.37776 -8.750507 -3.448159
v -13.39464 -8.629227 -3.419017
v -13.25051 -8.877755 -3.448159
v -13.26349 -8.763493 -3.390801
v -13.27503 -8.635379 -3.355011
v -13.12923 -8.894639 -3.419017
v -13.13538 -8.775034 -3.355011
v -13.14146 -8.64146 -3.314463
v -13.35702 -8.144026 -3.49183
v -13.25134 -8.12219 -3.446337
v -13.12967 -8.10528 -3.417031
v -13.37909 -8.249814 -3.446337
v -13.26439 -8.236794 -3.389046
v -13.13583 -8.225192 -3.353164
v -13.39604 -8.37154 -3.417031
v -13.27594 -8.365373 -3.353164
v -13.14194 -8.359277 -3.312477
v -12.64298 -8.144026 -3.49183
v -12.62091 -8.249814 -3.446337
v -12.60396 -8.37154 -3.417031
v -12.74866 -8.12219 -3.446337
v -12.73561 -8.236794 -3.389046
v -12.72406 -8.365373 -3.353164
v -12.87033 -8.10528 -3.417031
v -12.86417 -8.225192 -3.353164
v -12.85806 -8.359277 -3.312477
v -13.5065 -8.855974 -3.644026
v -13.55184 -8.877755 -3.749491
v -13.58098 -8.894639 -3.870773
v -13.55184 -8.750507 -3.622245
v -13.6092 -8.763493 -3.736507
v -13.64499 -8.775034 -3.864621
v -13.58098 -8.629227 -3.605361
v -13.64499 -8.635379 -3.724966
v -13.68554 -8.64146 -3.85854
v -13.5065 -8.855974 -4.355974
v -13.55184 -8.750507 -4.377755
v -13.58098 -8.629227 -4.394639
v -13.55184 -8.877755 -4.250507
v -13.6092 -8.763493 -4.263493
v -13.64499 -8.635379 -4.275033
v -13.58098 -8.894639 -4.129227
v -13.64499 -8.775034 -4.135379
v -13.68554 -8.64146 -4.14146
v -13.50817 -8.144026 -4.357023
v -13.55366 -8.12219 -4.251337
v -13.58297 -8.10528 -4.129666
v -13.55366 -8.249814 -4.379094
v -13.61095 -8.236794 -4.264386
v -13.64684 -8.225192 -4.135828
v -13.58297 -8.37154 -4.396042
v -13.64684 -8.365373 -4.275945
v -13.68752 -8.359277 -4.14194
v -13.50817 -8.144026 -3.642977
v -13.55366 -8.249814 -3.620906
v -13.58297 -8.37154 -3.603958
v -13.55366 -8.12219 -3.748664
v -13.61095 -8.236794 -3.735614
v -13.64684 -8.365373 -3.724055
v -13.58297 -8.10528 -3.870334
v -13.64684 -8.225192 -3.864172
v -13.68752 -8.359277 -3.85806
v -13.35597 -8.855974 -4.506502
v -13.25051 -8.877755 -4.55184
v -13.12923 -8.894639 -4.580983
v -13.37776 -8.750507 -4.55184
v -13.26349 -8.763493 -4.609199
v -13.13538 -8.775034 -4.644989
v -13.39464 -8.629227 -4.580983
v -13.27503 -8.635379 -4.644989
v -13.14146 -8.64146 -4.685536
v -12.64403 -8.855974 -4.506502
v -12.62224 -8.750509 -4.55184
v -12.60536 -8.629227 -4.580983
v -12.74949 -8.877755 -4.55184
v -12.73651 -8.763493 -4.609199
v -12.72497 -8.635379 -4.644989
v -12.87077 -8.894639 -4.580983
v -12.86462 -8.775034 -4.644989
v -12.85854 -8.64146 -4.685536
v -12.64298 -8.144026 -4.50817
v -12.74866 -8.12219 -4.553662
v -12.87033 -8.10528 -4.58297
v -12.62091 -8.249814 -4.553662
v -12.73561 -8.236794 -4.610954
v -12.86417 -8.225192 -4.646836
v -12.60396 -8.37154 -4.58297
v -12.72406 -8.365373 -4.646836
v -12.85806 -8.359277 -4.687523
v -13.35702 -8.144026 -4.50817
v -13.37909 -8.249814 -4.553662
v -13.39604 -8.37154 -4.58297
v -13.25134 -8.12219 -4.553662
v -13.26439 -8.236794 -4.610954
v -13.27594 -8.365373 -4.646836
v -13.12967 -8.10528 -4.58297
v -13.13583 -8.225192 -4.646836
v -13.14194 -8.359277 -4.687523
v -12.85561 -9.199379 -4
v -13 -9.216235 -4
v -13 -9.216235 -4
v -13.50497 -9.004967 -4
v -13.40132 -9.090698 -4
v -13.2802 -9.156866 -4
v -13.14439 -9.199379 -4
v -13 -9.216235 -4
v -13 -9.216235 -4
v -13 -9.216235 -4
v -12.85561 -9.199379 -4
v -13 -7.783765 -4
v -13 -7.783765 -4
v -13 -7.783765 -4
v -13 -7.783765 -4
v -13.50665 -7.994641 -4
v -13.40274 -7.908588 -4
v -13.28116 -7.84235 -4
v -13.14487 -7.799726 -4
v -13 -7.783765 -4
v -12.5877 -8.912304 -4.412304
v -12.55751 -8.942492 -4.344069
v -12.52535 -8.974646 -4.243723
v -12.50298 -8.997025 -4.126144
v -12.49503 -9.004967 -4
v -12.55751 -8.942492 -3.655931
v -12.5877 -8.912304 -3.587696
v -12.52535 -8.974646 -3.756277
v -12.50298 -8.997025 -3.873856
v -12.58625 -8.087591 -3.586252
v -12.556 -8.057239 -3.65491
v -12.52374 -8.025036 -3.755459
v -12.50132 -8.002608 -3.873435
v -12.49335 -7.994641 -4
v -12.556 -8.057239 -4.34509
v -12.58625 -8.087591 -4.413748
v -12.52374 -8.025036 -4.244541
v -12.50132 -8.002608 -4.126565
v -12.5877 -8.912304 -3.587696
v -12.55751 -8.844069 -3.557508
v -12.65593 -8.942492 -3.557508
v -12.75628 -8.974646 -3.525354
v -12.87386 -8.997025 -3.502975
v -13 -9.004967 -3.495033
v -12.52535 -8.743723 -3.525354
v -12.50298 -8.626143 -3.502975
v -12.49355 -8.5 -3.493547
v -13.34407 -8.942492 -3.557508
v -13.4123 -8.912304 -3.587696
v -13.24372 -8.974646 -3.525354
v -13.12614 -8.997025 -3.502975
v -13.41375 -8.087591 -3.586252
v -13.34509 -8.057239 -3.556004
v -13.24454 -8.025036 -3.523742
v -13.12656 -8.002608 -3.501318
v -13 -7.994641 -3.493347
v -12.65491 -8.057239 -3.556004
v -12.556 -8.155959 -3.556004
v -12.58625 -8.087591 -3.586252
v -12.52374 -8.256634 -3.523742
v -12.50132 -8.374649 -3.501318
v -12.75546 -8.025036 -3.523742
v -12.87344 -8.002608 -3.501318
v -13.4123 -8.912304 -3.587696
v -13.44249 -8.844069 -3.557508
v -13.44249 -8.942492 -3.655931
v -13.47465 -8.974646 -3.756277
v -13.49702 -8.997025 -3.873856
v -13.50497 -9.004967 -4
v -13.47465 -8.743723 -3.525354
v -13.49702 -8.626143 -3.502975
v -13.50645 -8.5 -3.493547
v -13.44249 -8.942492 -4.344069
v -13.4123 -8.912304 -4.412304
v -13.47465 -8.974646 -4.243723
v -13.49702 -8.997025 -4.126144
v -13.50497 -9.004967 -4
v -13.5907 -8.90132 -4
v -13.65687 -8.780199 -4
v -13.69938 -8.644385 -4
v -13.71624 -8.5 -4
v -13.41375 -8.087591 -4.413748
v -13.444 -8.057239 -4.34509
v -13.47626 -8.025036 -4.244541
v -13.49868 -8.002608 -4.126565
v -13.50665 -7.994641 -4
v -13.444 -8.057239 -3.65491
v -13.444 -8.155959 -3.556004
v -13.41375 -8.087591 -3.586252
v -13.47626 -8.256634 -3.523742
v -13.49868 -8.374649 -3.501318
v -13.47626 -8.025036 -3.755459
v -13.49868 -8.002608 -3.873435
v -13.50665 -7.994641 -4
v -13.59268 -8.09859 -4
v -13.65871 -8.220011 -4
v -13.70142 -8.356327 -4
v -13.4123 -8.912304 -4.412304
v -13.44249 -8.844069 -4.442492
v -13.34407 -8.942492 -4.442492
v -13.24372 -8.974646 -4.474646
v -13.12614 -8.997025 -4.497025
v -13 -9.004967 -4.504967
v -13.47465 -8.743723 -4.474646
v -13.49702 -8.626143 -4.497025
v -13.50665 -8.501266 -4.506653
v -12.65593 -8.942492 -4.442492
v -12.55751 -8.844069 -4.442492
v -12.5877 -8.912304 -4.412304
v -12.52535 -8.743723 -4.474646
v -12.50298 -8.626143 -4.497025
v -12.49335 -8.501266 -4.506653
v -12.75628 -8.974646 -4.474646
v -12.87386 -8.997025 -4.497025
v -12.58625 -8.087591 -4.413748
v -12.556 -8.155959 -4.443996
v -12.65491 -8.057239 -4.443996
v -12.75546 -8.025036 -4.476258
v -12.87344 -8.002608 -4.498682
v -13 -7.994641 -4.506653
v -12.52374 -8.256634 -4.476258
v -12.50132 -8.374649 -4.498682
v -13.34509 -8.057239 -4.443996
v -13.444 -8.155959 -4.443996
v -13.41375 -8.087591 -4.413748
v -13.47626 -8.256634 -4.476258
v -13.49868 -8.374649 -4.498682
v -13.24454 -8.025036 -4.476258
v -13.12656 -8.002608 -4.498682
f 6707 6916 6708
f 6704 6707 6708
f 6703 6707 6704
f 6703 6706 6707
f 6706 6638 6707
f 6707 6638 6639
f 6708 6639 6538
f 6735 6639 6638
f 6704 6708 6705
f 6705 6708 6630
f 6708 6917 6630
f 6700 6703 6704
f 6701 6704 6705
f 6700 6704 6701
f 6578 6706 6703
f 6577 6578 6703
f 6577 6703 6700
f 6530 6577 6700
f 6530 6700 6556
f 6556 6700 6701
f 6578 6579 6706
f 6556 6701 6557
f 6579 6637 6706
f 6579 6547 6637
f 6706 6637 6638
f 6557 6701 6702
f 6701 6705 6702
f 6557 6702 6558
f 6729 6637 6547
f 6729 6547 6576
f 6732 6638 6637
f 6732 6637 6729
f 6735 6638 6732
f 6702 6705 6629
f 6705 6630 6629
f 6558 6702 6628
f 6702 6629 6628
f 6558 6628 6544
f 6728 6729 6576
f 6728 6576 6575
f 6731 6732 6729
f 6731 6729 6728
f 6544 6628 6715
f 6544 6715 6561
f 6628 6629 6716
f 6628 6716 6715
f 6629 6630 6717
f 6629 6717 6716
f 6727 6728 6575
f 6727 6575 6574
f 6561 6715 6712
f 6561 6712 6560
f 6630 6633 6717
f 6630 6918 6633
f 6717 6633 6632
f 6717 6632 6714
f 6716 6717 6714
f 6714 6632 6631
f 6715 6716 6713
f 6716 6714 6713
f 6715 6713 6712
f 6714 6631 6711
f 6713 6714 6711
f 6711 6631 6545
f 6711 6545 6564
f 6713 6711 6710
f 6710 6711 6564
f 6712 6713 6710
f 6710 6564 6563
f 6712 6710 6709
f 6709 6710 6563
f 6560 6712 6709
f 6709 6563 6562
f 6560 6709 6559
f 6559 6709 6562
f 6559 6562 6532
f 6636 6925 6639
f 6726 6924 6636
f 6723 6726 6636
f 6723 6636 6635
f 6635 6636 6735
f 6636 6926 6735
f 6635 6735 6734
f 6734 6735 6732
f 6734 6732 6731
f 6634 6635 6734
f 6733 6734 6731
f 6634 6734 6733
f 6720 6723 6635
f 6720 6635 6634
f 6733 6731 6730
f 6730 6731 6728
f 6730 6728 6727
f 6546 6634 6733
f 6570 6634 6546
f 6570 6720 6634
f 6546 6733 6573
f 6573 6733 6730
f 6573 6730 6572
f 6572 6730 6727
f 6572 6727 6571
f 6571 6727 6574
f 6571 6574 6531
f 6569 6720 6570
f 6569 6719 6720
f 6568 6719 6569
f 6719 6723 6720
f 6568 6718 6719
f 6533 6718 6568
f 6533 6565 6718
f 6719 6722 6723
f 6718 6722 6719
f 6722 6726 6723
f 6565 6721 6718
f 6718 6721 6722
f 6565 6566 6721
f 6722 6725 6726
f 6721 6725 6722
f 6566 6724 6721
f 6721 6724 6725
f 6566 6567 6724
f 6725 6922 6726
f 6726 6922 6923
f 6725 6921 6922
f 6724 6921 6725
f 6724 6920 6921
f 6567 6920 6724
f 6567 6919 6920
f 6744 6651 6539
f 6743 6651 6744
f 6740 6743 6744
f 6740 6744 6741
f 6741 6744 6642
f 6744 6927 6642
f 6743 6650 6651
f 6739 6743 6740
f 6742 6650 6743
f 6739 6742 6743
f 6737 6740 6741
f 6736 6739 6740
f 6736 6740 6737
f 6602 6742 6739
f 6601 6602 6739
f 6601 6739 6736
f 6534 6601 6736
f 6534 6736 6580
f 6580 6736 6737
f 6602 6603 6742
f 6580 6737 6581
f 6603 6649 6742
f 6742 6649 6650
f 6603 6551 6649
f 6581 6737 6738
f 6737 6741 6738
f 6581 6738 6582
f 6765 6649 6551
f 6765 6551 6600
f 6768 6650 6649
f 6768 6649 6765
f 6738 6741 6641
f 6741 6642 6641
f 6582 6738 6640
f 6738 6641 6640
f 6582 6640 6548
f 6764 6765 6600
f 6764 6600 6599
f 6548 6640 6751
f 6548 6751 6585
f 6640 6641 6752
f 6640 6752 6751
f 6641 6642 6753
f 6641 6753 6752
f 6585 6751 6748
f 6585 6748 6584
f 6751 6752 6749
f 6751 6749 6748
f 6584 6748 6745
f 6584 6745 6583
f 6583 6745 6586
f 6583 6586 6535
f 6745 6587 6586
f 6748 6746 6745
f 6745 6746 6587
f 6748 6749 6746
f 6746 6588 6587
f 6746 6747 6588
f 6749 6747 6746
f 6747 6549 6588
f 6752 6750 6749
f 6749 6750 6747
f 6752 6753 6750
f 6747 6643 6549
f 6750 6643 6747
f 6591 6549 6643
f 6753 6644 6750
f 6750 6644 6643
f 6591 6643 6760
f 6760 6643 6644
f 6590 6591 6760
f 6753 6645 6644
f 6642 6645 6753
f 6642 6928 6645
f 6590 6760 6757
f 6589 6590 6757
f 6760 6644 6761
f 6761 6644 6645
f 6757 6760 6761
f 6589 6757 6754
f 6537 6589 6754
f 6537 6754 6592
f 6761 6645 6762
f 6762 6645 6929
f 6757 6761 6758
f 6754 6757 6758
f 6758 6761 6762
f 6592 6754 6755
f 6754 6758 6755
f 6592 6755 6593
f 6758 6762 6759
f 6755 6758 6759
f 6593 6755 6756
f 6755 6759 6756
f 6593 6756 6594
f 6759 6762 6648
f 6762 6930 6648
f 6759 6648 6647
f 6756 6759 6647
f 6756 6647 6646
f 6594 6756 6646
f 6594 6646 6550
f 6595 6598 6536
f 6595 6763 6598
f 6763 6599 6598
f 6596 6763 6595
f 6763 6764 6599
f 6596 6766 6763
f 6766 6764 6763
f 6597 6766 6596
f 6766 6767 6764
f 6767 6765 6764
f 6767 6768 6765
f 6597 6769 6766
f 6769 6767 6766
f 6931 6769 6597
f 6931 6932 6769
f 6769 6770 6767
f 6932 6770 6769
f 6770 6768 6767
f 6932 6933 6770
f 6770 6771 6768
f 6933 6771 6770
f 6771 6650 6768
f 6933 6934 6771
f 6771 6651 6650
f 6934 6651 6771
f 6934 6935 6651
f 6941 6604 6942
f 6941 6781 6604
f 6943 6781 6941
f 6781 6605 6604
f 6943 6784 6781
f 6944 6784 6943
f 6781 6782 6605
f 6784 6782 6781
f 6782 6606 6605
f 6944 6787 6784
f 6940 6787 6944
f 6782 6783 6606
f 6783 6552 6606
f 6784 6785 6782
f 6787 6785 6784
f 6785 6783 6782
f 6940 6652 6787
f 6939 6652 6940
f 6783 6655 6552
f 6609 6552 6655
f 6785 6786 6783
f 6786 6655 6783
f 6787 6788 6785
f 6652 6788 6787
f 6788 6786 6785
f 6939 6774 6652
f 6938 6774 6939
f 6609 6655 6796
f 6608 6609 6796
f 6652 6653 6788
f 6774 6653 6652
f 6786 6656 6655
f 6796 6655 6656
f 6788 6789 6786
f 6653 6789 6788
f 6789 6656 6786
f 6938 6773 6774
f 6937 6773 6938
f 6608 6796 6793
f 6607 6608 6793
f 6774 6777 6653
f 6773 6777 6774
f 6653 6654 6789
f 6777 6654 6653
f 6789 6657 6656
f 6654 6657 6789
f 6796 6656 6797
f 6793 6796 6797
f 6797 6656 6657
f 6937 6772 6773
f 6936 6772 6937
f 6936 6613 6772
f 6773 6776 6777
f 6772 6776 6773
f 6613 6775 6772
f 6772 6775 6776
f 6613 6614 6775
f 6777 6780 6654
f 6776 6780 6777
f 6654 6540 6657
f 6780 6540 6654
f 6797 6657 6798
f 6798 6657 6540
f 6614 6778 6775
f 6614 6615 6778
f 6775 6779 6776
f 6776 6779 6780
f 6775 6778 6779
f 6780 6663 6540
f 6779 6663 6780
f 6615 6661 6778
f 6615 6553 6661
f 6778 6662 6779
f 6779 6662 6663
f 6778 6661 6662
f 6660 6540 6663
f 6798 6540 6660
f 6794 6797 6798
f 6793 6797 6794
f 6801 6661 6553
f 6801 6553 6612
f 6804 6662 6661
f 6804 6661 6801
f 6807 6663 6662
f 6660 6663 6807
f 6807 6662 6804
f 6795 6798 6660
f 6794 6798 6795
f 6790 6793 6794
f 6607 6793 6790
f 6945 6607 6790
f 6945 6790 6946
f 6790 6794 6791
f 6946 6790 6791
f 6791 6794 6795
f 6946 6791 6947
f 6947 6791 6792
f 6791 6795 6792
f 6947 6792 6948
f 6795 6660 6659
f 6792 6795 6659
f 6659 6660 6807
f 6948 6792 6658
f 6792 6659 6658
f 6948 6658 6949
f 6659 6807 6806
f 6658 6659 6806
f 6806 6807 6804
f 6949 6658 6805
f 6658 6806 6805
f 6949 6805 6953
f 6806 6804 6803
f 6805 6806 6803
f 6803 6804 6801
f 6953 6805 6802
f 6805 6803 6802
f 6953 6802 6952
f 6803 6801 6800
f 6802 6803 6800
f 6800 6801 6612
f 6800 6612 6611
f 6952 6802 6799
f 6802 6800 6799
f 6799 6800 6611
f 6952 6799 6950
f 6799 6611 6610
f 6950 6799 6610
f 6950 6610 6951
f 6963 6616 6964
f 6963 6817 6616
f 6965 6817 6963
f 6817 6617 6616
f 6965 6820 6817
f 6966 6820 6965
f 6817 6818 6617
f 6820 6818 6817
f 6818 6618 6617
f 6966 6823 6820
f 6959 6823 6966
f 6818 6819 6618
f 6819 6554 6618
f 6820 6821 6818
f 6823 6821 6820
f 6821 6819 6818
f 6959 6664 6823
f 6958 6664 6959
f 6819 6667 6554
f 6621 6554 6667
f 6821 6822 6819
f 6822 6667 6819
f 6823 6824 6821
f 6664 6824 6823
f 6824 6822 6821
f 6958 6810 6664
f 6957 6810 6958
f 6621 6667 6832
f 6620 6621 6832
f 6664 6665 6824
f 6810 6665 6664
f 6822 6668 6667
f 6832 6667 6668
f 6824 6825 6822
f 6665 6825 6824
f 6825 6668 6822
f 6957 6809 6810
f 6956 6809 6957
f 6620 6832 6829
f 6619 6620 6829
f 6810 6813 6665
f 6809 6813 6810
f 6665 6666 6825
f 6813 6666 6665
f 6825 6669 6668
f 6666 6669 6825
f 6832 6668 6833
f 6829 6832 6833
f 6833 6668 6669
f 6956 6808 6809
f 6954 6808 6956
f 6954 6955 6808
f 6809 6812 6813
f 6808 6812 6809
f 6955 6811 6808
f 6808 6811 6812
f 6955 6960 6811
f 6813 6816 6666
f 6812 6816 6813
f 6666 6541 6669
f 6816 6541 6666
f 6833 6669 6834
f 6834 6669 6541
f 6960 6814 6811
f 6960 6961 6814
f 6811 6815 6812
f 6812 6815 6816
f 6811 6814 6815
f 6816 6675 6541
f 6815 6675 6816
f 6961 6673 6814
f 6961 6962 6673
f 6814 6674 6815
f 6815 6674 6675
f 6814 6673 6674
f 6672 6541 6675
f 6834 6541 6672
f 6830 6833 6834
f 6829 6833 6830
f 6837 6673 6962
f 6837 6962 6976
f 6840 6674 6673
f 6840 6673 6837
f 6843 6675 6674
f 6672 6675 6843
f 6843 6674 6840
f 6831 6834 6672
f 6830 6834 6831
f 6826 6829 6830
f 6619 6829 6826
f 6967 6619 6826
f 6967 6826 6968
f 6826 6830 6827
f 6968 6826 6827
f 6827 6830 6831
f 6968 6827 6969
f 6969 6827 6828
f 6827 6831 6828
f 6969 6828 6970
f 6831 6672 6671
f 6828 6831 6671
f 6671 6672 6843
f 6970 6828 6670
f 6828 6671 6670
f 6970 6670 6971
f 6671 6843 6842
f 6670 6671 6842
f 6842 6843 6840
f 6971 6670 6841
f 6670 6842 6841
f 6971 6841 6978
f 6842 6840 6839
f 6841 6842 6839
f 6839 6840 6837
f 6978 6841 6838
f 6841 6839 6838
f 6978 6838 6977
f 6839 6837 6836
f 6838 6839 6836
f 6836 6837 6976
f 6836 6976 6975
f 6977 6838 6835
f 6838 6836 6835
f 6835 6836 6975
f 6977 6835 6972
f 6835 6975 6973
f 6972 6835 6973
f 6972 6973 6974
f 6983 6676 6984
f 6983 6846 6676
f 6982 6846 6983
f 6846 6677 6676
f 6982 6845 6846
f 6981 6845 6982
f 6846 6849 6677
f 6845 6849 6846
f 6849 6678 6677
f 6981 6844 6845
f 6979 6844 6981
f 6979 6980 6844
f 6845 6848 6849
f 6844 6848 6845
f 6849 6852 6678
f 6848 6852 6849
f 6852 6542 6678
f 6980 6847 6844
f 6844 6847 6848
f 6980 6985 6847
f 6848 6851 6852
f 6847 6851 6848
f 6852 6687 6542
f 6851 6687 6852
f 7012 6542 6687
f 6985 6850 6847
f 6847 6850 6851
f 6985 6986 6850
f 7012 6687 6879
f 7011 7012 6879
f 6851 6686 6687
f 6850 6686 6851
f 6879 6687 6686
f 6986 6685 6850
f 6850 6685 6686
f 6986 6987 6685
f 7011 6879 6878
f 7010 7011 6878
f 6879 6686 6876
f 6876 6686 6685
f 6878 6879 6876
f 6873 6685 6987
f 6876 6685 6873
f 6873 6987 7006
f 7010 6878 6877
f 7009 7010 6877
f 7009 6877 7008
f 6878 6876 6875
f 6875 6876 6873
f 6877 6878 6875
f 6872 6873 7006
f 6875 6873 6872
f 6872 7006 7005
f 7008 6877 6874
f 6877 6875 6874
f 6874 6875 6872
f 7008 6874 7007
f 6871 6872 7005
f 6874 6872 6871
f 7007 6874 6871
f 6871 7005 7003
f 7007 6871 7002
f 7002 6871 7003
f 7002 7003 7004
f 6988 6622 6989
f 6988 6853 6622
f 6990 6853 6988
f 6853 6623 6622
f 6990 6856 6853
f 6991 6856 6990
f 6853 6854 6623
f 6856 6854 6853
f 6854 6624 6623
f 6991 6859 6856
f 6992 6859 6991
f 6992 6993 6859
f 6854 6855 6624
f 6855 6555 6624
f 6856 6857 6854
f 6859 6857 6856
f 6857 6855 6854
f 6993 6860 6859
f 6859 6860 6857
f 6993 6994 6860
f 6855 6679 6555
f 6627 6555 6679
f 6857 6858 6855
f 6860 6858 6857
f 6858 6679 6855
f 6994 6861 6860
f 6860 6861 6858
f 6994 6995 6861
f 6627 6679 6868
f 6626 6627 6868
f 6858 6680 6679
f 6861 6680 6858
f 6868 6679 6680
f 6995 6681 6861
f 6861 6681 6680
f 6995 6996 6681
f 6626 6868 6865
f 6625 6626 6865
f 6868 6680 6869
f 6869 6680 6681
f 6865 6868 6869
f 6870 6681 6996
f 6869 6681 6870
f 6870 6996 6684
f 6625 6865 6862
f 6997 6625 6862
f 6997 6862 6998
f 6865 6869 6866
f 6866 6869 6870
f 6862 6865 6866
f 6867 6870 6684
f 6866 6870 6867
f 6867 6684 6683
f 6998 6862 6863
f 6862 6866 6863
f 6863 6866 6867
f 6998 6863 6999
f 6864 6867 6683
f 6863 6867 6864
f 6999 6863 6864
f 6864 6683 6682
f 6999 6864 7000
f 7000 6864 6682
f 7000 6682 7001
f 7022 7023 7024
f 7022 6889 7023
f 7028 6889 7022
f 6889 7025 7023
f 7028 6892 6889
f 7029 6892 7028
f 6889 6890 7025
f 6892 6890 6889
f 6890 7026 7025
f 7029 6895 6892
f 7018 6895 7029
f 6890 6891 7026
f 6891 7027 7026
f 6892 6893 6890
f 6895 6893 6892
f 6893 6891 6890
f 7018 6688 6895
f 7017 6688 7018
f 6891 6691 7027
f 7037 7027 6691
f 6893 6894 6891
f 6894 6691 6891
f 6895 6896 6893
f 6688 6896 6895
f 6896 6894 6893
f 7017 6882 6688
f 7016 6882 7017
f 7037 6691 6904
f 7036 7037 6904
f 6688 6689 6896
f 6882 6689 6688
f 6894 6692 6691
f 6904 6691 6692
f 6896 6897 6894
f 6689 6897 6896
f 6897 6692 6894
f 7016 6881 6882
f 7015 6881 7016
f 7036 6904 6901
f 7031 7036 6901
f 6882 6885 6689
f 6881 6885 6882
f 6689 6690 6897
f 6885 6690 6689
f 6897 6693 6692
f 6690 6693 6897
f 6904 6692 6905
f 6901 6904 6905
f 6905 6692 6693
f 7015 6880 6881
f 7013 6880 7015
f 7013 7014 6880
f 6881 6884 6885
f 6880 6884 6881
f 7014 6883 6880
f 6880 6883 6884
f 7014 7019 6883
f 6885 6888 6690
f 6884 6888 6885
f 6690 6543 6693
f 6888 6543 6690
f 6905 6693 6906
f 6906 6693 6543
f 7019 6886 6883
f 7019 7020 6886
f 6883 6887 6884
f 6884 6887 6888
f 6883 6886 6887
f 6888 6699 6543
f 6887 6699 6888
f 7020 6697 6886
f 7020 7021 6697
f 6886 6698 6887
f 6887 6698 6699
f 6886 6697 6698
f 6696 6543 6699
f 6906 6543 6696
f 6902 6905 6906
f 6901 6905 6902
f 6909 6697 7021
f 6909 7021 7042
f 6912 6698 6697
f 6912 6697 6909
f 6915 6699 6698
f 6696 6699 6915
f 6915 6698 6912
f 6903 6906 6696
f 6902 6906 6903
f 6898 6901 6902
f 7031 6901 6898
f 7030 7031 6898
f 7030 6898 7032
f 6898 6902 6899
f 7032 6898 6899
f 6899 6902 6903
f 7032 6899 7033
f 7033 6899 6900
f 6899 6903 6900
f 7033 6900 7034
f 6903 6696 6695
f 6900 6903 6695
f 6695 6696 6915
f 7034 6900 6694
f 6900 6695 6694
f 7034 6694 7035
f 6695 6915 6914
f 6694 6695 6914
f 6914 6915 6912
f 7035 6694 6913
f 6694 6914 6913
f 7035 6913 7044
f 6914 6912 6911
f 6913 6914 6911
f 6911 6912 6909
f 7044 6913 6910
f 6913 6911 6910
f 7044 6910 7043
f 6911 6909 6908
f 6910 6911 6908
f 6908 6909 7042
f 6908 7042 7041
f 7043 6910 6907
f 6910 6908 6907
f 6907 6908 7041
f 7043 6907 7038
f 6907 7041 7039
f 7038 6907 7039
f 7038 7039 7040
v 13.77935 -7.992326 -8.318769
v 13.43075 -7.37469 -7.653368
v 13.38885 -8.737799 -7.831397
v 13.04024 -8.120162 -7.165996
v 12.96095 -7.899603 -8.836089
v 12.61112 -7.279803 -8.168357
v 12.56907 -8.647687 -8.347009
v 12.21925 -8.027886 -7.679277
v 13.71188 -8.090333 -7.552479
v 12.28812 -7.929667 -8.447521
v 13.33919 -7.3625 -8.423321
v 12.69721 -7.473536 -7.422048
v 12.66081 -8.6575 -7.576679
v 13.30279 -8.546465 -8.577951
v 13.71537 -8.44486 -8.091958
v 13.26276 -8.523144 -7.386031
v 13.28842 -7.688414 -7.277011
v 13.74103 -7.61013 -7.982938
v 12.73765 -7.495289 -8.615211
v 12.28353 -7.573833 -7.906927
v 12.25778 -8.41135 -8.016311
v 12.7119 -8.332806 -8.724593
v 13.02574 -7.172813 -7.89066
v 13.45538 -7.931598 -8.707492
v 12.54606 -8.088514 -7.291996
v 12.97551 -8.847658 -8.108593
v 13.78981 -8.080009 -8.283937
v 13.78784 -8.198416 -8.230485
v 13.76386 -8.323982 -8.165067
v 13.46393 -8.702109 -7.877223
v 13.557 -8.639082 -7.942387
v 13.64438 -8.552059 -8.015956
v 13.37571 -8.717367 -7.739632
v 13.35002 -8.674882 -7.619565
v 13.31196 -8.609555 -7.497477
v 13.0848 -8.201947 -7.184351
v 13.14395 -8.309782 -7.22623
v 13.2053 -8.42059 -7.293899
v 13.0898 -8.03925 -7.163103
v 13.15568 -7.928057 -7.176375
v 13.22415 -7.80751 -7.213827
v 13.41568 -7.41715 -7.569817
v 13.38652 -7.48739 -7.464473
v 13.34362 -7.579433 -7.362938
v 13.5039 -7.401893 -7.707409
v 13.5935 -7.451591 -7.787295
v 13.67605 -7.521937 -7.881417
v 13.79481 -7.917313 -8.262689
v 13.79957 -7.816691 -8.18063
v 13.78271 -7.710902 -8.084995
v 12.91608 -7.817429 -8.81753
v 12.85684 -7.709339 -8.775582
v 12.7953 -7.598186 -8.707651
v 12.6243 -7.300478 -8.260602
v 12.65008 -7.343013 -8.380927
v 12.68829 -7.40859 -8.503392
v 12.53565 -7.315812 -8.122335
v 12.44239 -7.378935 -8.056994
v 12.35475 -7.466278 -7.983185
v 12.20881 -7.939758 -7.714413
v 12.21078 -7.821082 -7.767929
v 12.23488 -7.695116 -7.833576
v 12.20378 -8.103252 -7.735766
v 12.199 -8.204119 -7.817955
v 12.21597 -8.31024 -7.913914
v 12.49555 -8.620202 -8.292694
v 12.40576 -8.570444 -8.212611
v 12.32298 -8.499836 -8.118173
v 12.58421 -8.604869 -8.430961
v 12.61345 -8.534522 -8.536543
v 12.65651 -8.442148 -8.63838
v 12.91105 -7.980923 -8.838882
v 12.84507 -8.092376 -8.825608
v 12.77639 -8.21331 -8.787989
v 13.36446 -7.317134 -7.689486
v 13.26636 -7.252728 -7.745243
v 13.15063 -7.202548 -7.813878
v 12.68061 -7.23747 -8.119109
v 12.78232 -7.195431 -8.049239
v 12.90075 -7.1716 -7.970659
v 13.05601 -7.902582 -8.835656
v 13.18499 -7.908872 -8.817854
v 13.32239 -7.918632 -8.775463
v 13.73859 -7.979993 -8.403606
v 13.66768 -7.963753 -8.511255
v 13.57087 -7.947096 -8.616006
v 12.94536 -8.117188 -7.166428
v 12.81681 -8.110919 -7.184177
v 12.67988 -8.1012 -7.226359
v 12.26009 -8.040244 -7.594274
v 12.33123 -8.056537 -7.486269
v 12.42843 -8.07325 -7.381181
v 13.31949 -8.780047 -7.880549
v 13.21812 -8.821944 -7.95019
v 13.10012 -8.84575 -8.028487
v 12.63549 -8.705356 -8.310822
v 12.73391 -8.769978 -8.254883
v 12.85007 -8.820282 -8.185985
v 13.75677 -8.376843 -7.954754
v 13.77133 -8.293545 -7.815675
v 13.75617 -8.196588 -7.679521
v 13.39706 -8.439058 -7.393723
v 13.52018 -8.336983 -7.423966
v 13.62675 -8.218972 -7.477674
v 13.41745 -7.775662 -7.307081
v 13.53442 -7.873803 -7.363473
v 13.63409 -7.980297 -7.446503
v 13.77716 -7.713447 -7.868112
v 13.78557 -7.830365 -7.755182
v 13.7635 -7.957913 -7.648348
v 12.60291 -7.579579 -8.607561
v 12.4795 -7.682062 -8.57709
v 12.37259 -7.800486 -8.523174
v 12.24193 -7.642014 -8.044546
v 12.22749 -7.725649 -8.184039
v 12.24274 -7.822946 -8.320644
v 12.22146 -8.307757 -8.131495
v 12.2132 -8.190415 -8.24474
v 12.23537 -8.062428 -8.351922
v 12.58244 -8.245322 -8.69451
v 12.46521 -8.146829 -8.637791
v 12.36523 -8.039969 -8.554451
v 13.67862 -7.521001 -8.098371
v 13.58957 -7.447599 -8.213157
v 13.47471 -7.393933 -8.323142
v 13.1138 -7.173579 -8.030885
v 13.19749 -7.206494 -8.169924
v 13.2736 -7.270285 -8.302432
v 12.8817 -7.429175 -8.601107
v 13.03366 -7.383099 -8.564267
v 13.18937 -7.359778 -8.504334
v 13.45219 -7.775993 -8.674487
v 13.43206 -7.625234 -8.615408
v 13.39467 -7.484546 -8.530678
v 13.14916 -7.612575 -7.272594
v 13.0008 -7.54943 -7.29488
v 12.84785 -7.502356 -7.345434
v 12.5598 -7.923678 -7.284266
v 12.59046 -7.76216 -7.304046
v 12.63686 -7.610167 -7.35057
v 12.35047 -7.521056 -7.772558
v 12.44324 -7.485217 -7.643409
v 12.56067 -7.468517 -7.523772
v 12.93668 -7.204214 -7.754635
v 12.85006 -7.266585 -7.628041
v 12.7692 -7.357525 -7.515741
v 13.11914 -8.589023 -7.400122
v 12.96743 -8.635256 -7.436693
v 12.8123 -8.658456 -7.496427
v 12.89084 -8.847599 -7.973896
v 12.80817 -8.81623 -7.836762
v 12.73033 -8.752762 -7.701548
v 12.32036 -8.500782 -7.900515
v 12.40977 -8.574095 -7.785621
v 12.52503 -8.627994 -7.675205
v 12.54976 -8.250333 -7.326928
v 12.57076 -8.402915 -7.387731
v 12.60826 -8.540398 -7.472062
v 13.6486 -8.497449 -8.225899
v 13.55619 -8.533424 -8.35497
v 13.43917 -8.550034 -8.474133
v 13.44254 -8.089974 -8.715495
v 13.41288 -8.249345 -8.696919
v 13.36639 -8.40454 -8.650833
v 12.85159 -8.4089 -8.729063
v 13.00018 -8.471977 -8.706479
v 13.15373 -8.519255 -8.655767
v 13.06109 -8.818153 -8.239429
v 13.14658 -8.757699 -8.364569
v 13.22918 -8.666482 -8.479581
v 13.82249 -8.011623 -8.181165
v 13.82681 -8.128368 -8.108077
v 13.80548 -8.253925 -8.031812
v 13.83328 -7.918024 -8.080606
v 13.84167 -8.037479 -7.987712
v 13.82145 -8.165956 -7.898942
v 13.81897 -7.815187 -7.974511
v 13.82855 -7.935102 -7.868792
v 13.80816 -8.06496 -7.769417
v 13.48533 -8.655248 -7.760378
v 13.4755 -8.601028 -7.634072
v 13.44519 -8.528722 -7.508019
v 13.58955 -8.581302 -7.81196
v 13.59211 -8.513891 -7.676245
v 13.56805 -8.432381 -7.543682
v 13.68309 -8.487576 -7.879057
v 13.69323 -8.410731 -7.738914
v 13.67418 -8.320728 -7.602201
v 13.18436 -8.121995 -7.185886
v 13.27016 -8.015421 -7.202316
v 13.34942 -7.896401 -7.242164
v 13.26369 -8.225765 -7.229788
v 13.36932 -8.119176 -7.251004
v 13.46069 -7.998727 -7.295048
v 13.33593 -8.335138 -7.299465
v 13.45359 -8.229582 -7.325199
v 13.55458 -8.10882 -7.373904
v 13.52151 -7.478371 -7.606673
v 13.62148 -7.54276 -7.676322
v 13.70971 -7.621604 -7.765957
v 13.50742 -7.562487 -7.498434
v 13.61889 -7.642764 -7.562471
v 13.71408 -7.732303 -7.650308
v 13.47182 -7.662751 -7.394919
v 13.58891 -7.753953 -7.455076
v 13.68856 -7.853051 -7.54112
v 12.81619 -7.897799 -8.815825
v 12.73672 -7.793581 -8.772031
v 12.66421 -7.683844 -8.702165
v 12.73023 -8.004769 -8.799613
v 12.63076 -7.900605 -8.750695
v 12.54625 -7.789844 -8.676191
v 12.65067 -8.124172 -8.759673
v 12.53913 -8.021461 -8.706442
v 12.44496 -7.911005 -8.627331
v 12.51433 -7.362974 -8.23964
v 12.40971 -7.436882 -8.187808
v 12.31582 -7.530897 -8.120518
v 12.52422 -7.417076 -8.366408
v 12.40722 -7.504551 -8.324013
v 12.30582 -7.608093 -8.261106
v 12.55457 -7.489602 -8.492901
v 12.43141 -7.586371 -8.456984
v 12.32495 -7.698377 -8.398259
v 12.17618 -8.008495 -7.817613
v 12.16516 -8.102503 -7.918293
v 12.17947 -8.205671 -8.024752
v 12.17166 -7.891315 -7.89071
v 12.15681 -7.982579 -8.011489
v 12.17005 -8.085298 -8.130797
v 12.19301 -7.765342 -7.967242
v 12.17717 -7.85368 -8.100547
v 12.19051 -7.955014 -8.230476
v 12.47804 -8.543321 -8.393799
v 12.49218 -8.459202 -8.502515
v 12.52786 -8.358617 -8.606399
v 12.37767 -8.479008 -8.323915
v 12.38035 -8.378633 -8.438171
v 12.41048 -8.267049 -8.545883
v 12.2891 -8.399913 -8.234015
v 12.2849 -8.28877 -8.350005
v 12.31052 -8.167642 -8.459547
v 13.74416 -7.858658 -8.364186
v 13.74269 -7.741119 -8.29227
v 13.72201 -7.625827 -8.201078
v 13.67002 -7.822156 -8.474455
v 13.66178 -7.686175 -8.408042
v 13.63604 -7.559156 -8.318605
v 13.57041 -7.794854 -8.581084
v 13.55627 -7.648095 -8.518557
v 13.52505 -7.512073 -8.430938
v 13.44318 -7.325405 -7.789694
v 13.35062 -7.256275 -7.864811
v 13.23674 -7.203679 -7.944191
v 13.53089 -7.365855 -7.887985
v 13.439 -7.29146 -7.982801
v 13.32373 -7.236091 -8.074691
v 13.61274 -7.432243 -7.992525
v 13.52158 -7.356356 -8.100122
v 13.40545 -7.300164 -8.202641
v 12.73591 -7.243259 -8.234675
v 12.78043 -7.278844 -8.360489
v 12.82894 -7.341584 -8.486554
v 12.85327 -7.197467 -8.177653
v 12.91595 -7.230129 -8.312212
v 12.97576 -7.292681 -8.444406
v 12.98097 -7.171931 -8.105243
v 13.05586 -7.203455 -8.243753
v 13.12572 -7.26636 -8.379742
v 13.03778 -7.778084 -8.810861
v 13.1738 -7.765355 -8.789458
v 13.31582 -7.765206 -8.744399
v 12.99294 -7.655349 -8.76611
v 13.13949 -7.626184 -8.738894
v 13.28917 -7.616824 -8.68909
v 12.93857 -7.535826 -8.695817
v 13.0906 -7.496153 -8.663614
v 13.24573 -7.478988 -8.608813
v 13.30826 -7.348741 -7.57926
v 13.2608 -7.412569 -7.466733
v 13.20783 -7.502279 -7.360984
v 13.19459 -7.283263 -7.621446
v 13.12913 -7.345054 -7.499516
v 13.0648 -7.435359 -7.387705
v 13.06972 -7.232567 -7.68369
v 12.99213 -7.293444 -7.557505
v 12.91778 -7.384511 -7.44204
v 12.97111 -7.992365 -7.158474
v 12.8368 -7.966268 -7.174913
v 12.69594 -7.946101 -7.217197
v 13.02354 -7.865504 -7.170614
v 12.87957 -7.821466 -7.188049
v 12.73164 -7.790723 -7.232396
v 13.08543 -7.735927 -7.20823
v 12.93658 -7.680134 -7.227677
v 12.7838 -7.64028 -7.274824
v 12.26229 -7.912212 -7.601349
v 12.2714 -7.780145 -7.640749
v 12.29982 -7.646304 -7.699577
v 12.33775 -7.909956 -7.485497
v 12.35491 -7.761885 -7.515198
v 12.38909 -7.617487 -7.569476
v 12.43832 -7.916979 -7.375774
v 12.46206 -7.75988 -7.399074
v 12.50226 -7.607576 -7.449253
v 12.60044 -7.266691 -8.023376
v 12.6968 -7.224529 -7.933613
v 12.81342 -7.20091 -7.843924
v 12.50945 -7.325712 -7.937847
v 12.60532 -7.283857 -7.827722
v 12.72342 -7.260953 -7.72526
v 12.42263 -7.411859 -7.852852
v 12.51774 -7.3719 -7.730035
v 12.6367 -7.35094 -7.617035
v 12.96346 -8.241194 -7.190972
v 13.00822 -8.363618 -7.235669
v 13.06248 -8.482698 -7.305761
v 12.82796 -8.254038 -7.212498
v 12.862 -8.392931 -7.262685
v 12.91068 -8.52254 -7.337699
v 12.68647 -8.254134 -7.257428
v 12.71284 -8.402274 -7.312267
v 12.75615 -8.53966 -7.392287
v 13.26444 -8.774447 -7.765464
v 13.14735 -8.81992 -7.822141
v 13.02014 -8.845309 -7.894321
v 13.22003 -8.738882 -7.639955
v 13.08479 -8.787646 -7.687925
v 12.94538 -8.814278 -7.756133
v 13.17174 -8.676282 -7.514315
v 13.02515 -8.725339 -7.556182
v 12.87575 -8.751568 -7.620584
v 12.55647 -8.69689 -8.210167
v 12.46854 -8.656406 -8.111642
v 12.38642 -8.589873 -8.006706
v 12.6494 -8.766413 -8.13499
v 12.56083 -8.730829 -8.016703
v 12.47796 -8.665675 -7.899007
v 12.76367 -8.819253 -8.055287
v 12.67653 -8.786345 -7.924483
v 12.59455 -8.722074 -7.796112
v 12.25461 -8.162065 -7.633981
v 12.32888 -8.198524 -7.523185
v 12.42882 -8.225978 -7.416131
v 12.25604 -8.279902 -7.70602
v 12.3373 -8.334775 -7.59002
v 12.44321 -8.372977 -7.479147
v 12.27679 -8.395631 -7.797443
v 12.36312 -8.462202 -7.679799
v 12.47454 -8.509446 -7.56704
v 13.39936 -8.751111 -7.975898
v 13.49012 -8.692169 -8.061207
v 13.57665 -8.606248 -8.145855
v 13.30338 -8.792932 -8.065507
v 13.39465 -8.734053 -8.17121
v 13.48192 -8.646337 -8.2686
v 13.18716 -8.816421 -8.154823
v 13.27698 -8.756925 -8.273318
v 13.36342 -8.667222 -8.381185
v 13.73651 -8.107488 -8.396685
v 13.66117 -8.109926 -8.512039
v 13.56094 -8.102887 -8.621315
v 13.72738 -8.239234 -8.357326
v 13.64421 -8.257641 -8.482678
v 13.53747 -8.259645 -8.598428
v 13.69905 -8.372598 -8.29861
v 13.61014 -8.401562 -8.428628
v 13.4974 -8.411453 -8.548401
v 13.03009 -8.027937 -8.843493
v 12.97757 -8.155106 -8.831381
v 12.91554 -8.285154 -8.793683
v 13.16492 -8.053923 -8.827147
v 13.12188 -8.199074 -8.813717
v 13.06464 -8.340869 -8.773938
v 13.30632 -8.074205 -8.784756
v 13.27032 -8.229921 -8.769163
v 13.218 -8.380857 -8.726602
v 12.69195 -8.673458 -8.421466
v 12.80587 -8.739349 -8.379031
v 12.93122 -8.790275 -8.316606
v 12.73952 -8.609538 -8.534284
v 12.87147 -8.677102 -8.501193
v 13.00896 -8.728848 -8.442977
v 12.79272 -8.519598 -8.640409
v 12.93599 -8.586455 -8.613379
v 13.08356 -8.637494 -8.558819
v 13.7635 -7.957913 -7.648348
v 13.71188 -8.090333 -7.552479
v 13.71188 -8.090333 -7.552479
v 13.26276 -8.523144 -7.386031
v 13.39706 -8.439058 -7.393723
v 13.52018 -8.336983 -7.423966
v 13.62675 -8.218972 -7.477674
v 13.71188 -8.090333 -7.552479
v 13.71188 -8.090333 -7.552479
v 13.71188 -8.090333 -7.552479
v 13.7635 -7.957913 -7.648348
v 12.28812 -7.929667 -8.447521
v 12.28812 -7.929667 -8.447521
v 12.28812 -7.929667 -8.447521
v 12.28812 -7.929667 -8.447521
v 12.25778 -8.41135 -8.016311
v 12.22146 -8.307757 -8.131495
v 12.2132 -8.190415 -8.24474
v 12.23537 -8.062428 -8.351922
v 12.28812 -7.929667 -8.447521
v 13.77935 -7.992326 -8.318769
v 13.79481 -7.917313 -8.262689
v 13.79957 -7.816691 -8.18063
v 13.78271 -7.710902 -8.084995
v 13.74103 -7.61013 -7.982938
v 13.5039 -7.401893 -7.707409
v 13.43075 -7.37469 -7.653368
v 13.5935 -7.451591 -7.787295
v 13.67605 -7.521937 -7.881417
v 12.61112 -7.279803 -8.168357
v 12.6243 -7.300478 -8.260602
v 12.65008 -7.343013 -8.380927
v 12.68829 -7.40859 -8.503392
v 12.73765 -7.495289 -8.615211
v 12.91608 -7.817429 -8.81753
v 12.96095 -7.899603 -8.836089
v 12.85684 -7.709339 -8.775582
v 12.7953 -7.598186 -8.707651
v 13.43075 -7.37469 -7.653368
v 13.36446 -7.317134 -7.689486
v 13.41568 -7.41715 -7.569817
v 13.38652 -7.48739 -7.464473
v 13.34362 -7.579433 -7.362938
v 13.28842 -7.688414 -7.277011
v 13.26636 -7.252728 -7.745243
v 13.15063 -7.202548 -7.813878
v 13.02574 -7.172813 -7.89066
v 13.0898 -8.03925 -7.163103
v 13.04024 -8.120162 -7.165996
v 13.15568 -7.928057 -7.176375
v 13.22415 -7.80751 -7.213827
v 12.21925 -8.027886 -7.679277
v 12.20881 -7.939758 -7.714413
v 12.21078 -7.821082 -7.767929
v 12.23488 -7.695116 -7.833576
v 12.28353 -7.573833 -7.906927
v 12.53565 -7.315812 -8.122335
v 12.68061 -7.23747 -8.119109
v 12.61112 -7.279803 -8.168357
v 12.78232 -7.195431 -8.049239
v 12.90075 -7.1716 -7.970659
v 12.44239 -7.378935 -8.056994
v 12.35475 -7.466278 -7.983185
v 13.04024 -8.120162 -7.165996
v 12.94536 -8.117188 -7.166428
v 13.0848 -8.201947 -7.184351
v 13.14395 -8.309782 -7.22623
v 13.2053 -8.42059 -7.293899
v 13.26276 -8.523144 -7.386031
v 12.81681 -8.110919 -7.184177
v 12.67988 -8.1012 -7.226359
v 12.54606 -8.088514 -7.291996
v 13.37571 -8.717367 -7.739632
v 13.38885 -8.737799 -7.831397
v 13.35002 -8.674882 -7.619565
v 13.31196 -8.609555 -7.497477
v 13.26276 -8.523144 -7.386031
v 13.11914 -8.589023 -7.400122
v 12.96743 -8.635256 -7.436693
v 12.8123 -8.658456 -7.496427
v 12.66081 -8.6575 -7.576679
v 12.56907 -8.647687 -8.347009
v 12.49555 -8.620202 -8.292694
v 12.40576 -8.570444 -8.212611
v 12.32298 -8.499836 -8.118173
v 12.25778 -8.41135 -8.016311
v 12.20378 -8.103252 -7.735766
v 12.26009 -8.040244 -7.594274
v 12.21925 -8.027886 -7.679277
v 12.33123 -8.056537 -7.486269
v 12.42843 -8.07325 -7.381181
v 12.199 -8.204119 -7.817955
v 12.21597 -8.31024 -7.913914
v 12.25778 -8.41135 -8.016311
v 12.32036 -8.500782 -7.900515
v 12.40977 -8.574095 -7.785621
v 12.52503 -8.627994 -7.675205
v 13.38885 -8.737799 -7.831397
v 13.31949 -8.780047 -7.880549
v 13.46393 -8.702109 -7.877223
v 13.557 -8.639082 -7.942387
v 13.64438 -8.552059 -8.015956
v 13.71537 -8.44486 -8.091958
v 13.21812 -8.821944 -7.95019
v 13.10012 -8.84575 -8.028487
v 12.97551 -8.847658 -8.108593
v 13.78981 -8.080009 -8.283937
v 13.73859 -7.979993 -8.403606
v 13.77935 -7.992326 -8.318769
v 13.66768 -7.963753 -8.511255
v 13.57087 -7.947096 -8.616006
v 13.45538 -7.931598 -8.707492
v 13.78784 -8.198416 -8.230485
v 13.76386 -8.323982 -8.165067
v 12.96095 -7.899603 -8.836089
v 13.05601 -7.902582 -8.835656
v 12.91105 -7.980923 -8.838882
v 12.84507 -8.092376 -8.825608
v 12.77639 -8.21331 -8.787989
v 12.7119 -8.332806 -8.724593
v 13.18499 -7.908872 -8.817854
v 13.32239 -7.918632 -8.775463
v 12.58421 -8.604869 -8.430961
v 12.63549 -8.705356 -8.310822
v 12.56907 -8.647687 -8.347009
v 12.73391 -8.769978 -8.254883
v 12.85007 -8.820282 -8.185985
v 12.61345 -8.534522 -8.536543
v 12.65651 -8.442148 -8.63838
f 7222 7431 7223
f 7219 7222 7223
f 7218 7222 7219
f 7218 7221 7222
f 7221 7153 7222
f 7222 7153 7154
f 7223 7154 7053
f 7250 7154 7153
f 7219 7223 7220
f 7220 7223 7145
f 7223 7432 7145
f 7215 7218 7219
f 7216 7219 7220
f 7215 7219 7216
f 7093 7221 7218
f 7092 7093 7218
f 7092 7218 7215
f 7045 7092 7215
f 7045 7215 7071
f 7071 7215 7216
f 7093 7094 7221
f 7071 7216 7072
f 7094 7152 7221
f 7094 7062 7152
f 7221 7152 7153
f 7072 7216 7217
f 7216 7220 7217
f 7072 7217 7073
f 7244 7152 7062
f 7244 7062 7091
f 7247 7153 7152
f 7247 7152 7244
f 7250 7153 7247
f 7217 7220 7144
f 7220 7145 7144
f 7073 7217 7143
f 7217 7144 7143
f 7073 7143 7059
f 7243 7244 7091
f 7243 7091 7090
f 7246 7247 7244
f 7246 7244 7243
f 7059 7143 7230
f 7059 7230 7076
f 7143 7144 7231
f 7143 7231 7230
f 7144 7145 7232
f 7144 7232 7231
f 7242 7243 7090
f 7242 7090 7089
f 7076 7230 7227
f 7076 7227 7075
f 7145 7148 7232
f 7145 7433 7148
f 7232 7148 7147
f 7232 7147 7229
f 7231 7232 7229
f 7229 7147 7146
f 7230 7231 7228
f 7231 7229 7228
f 7230 7228 7227
f 7229 7146 7226
f 7228 7229 7226
f 7226 7146 7060
f 7226 7060 7079
f 7228 7226 7225
f 7225 7226 7079
f 7227 7228 7225
f 7225 7079 7078
f 7227 7225 7224
f 7224 7225 7078
f 7075 7227 7224
f 7224 7078 7077
f 7075 7224 7074
f 7074 7224 7077
f 7074 7077 7047
f 7151 7440 7154
f 7241 7439 7151
f 7238 7241 7151
f 7238 7151 7150
f 7150 7151 7250
f 7151 7441 7250
f 7150 7250 7249
f 7249 7250 7247
f 7249 7247 7246
f 7149 7150 7249
f 7248 7249 7246
f 7149 7249 7248
f 7235 7238 7150
f 7235 7150 7149
f 7248 7246 7245
f 7245 7246 7243
f 7245 7243 7242
f 7061 7149 7248
f 7085 7149 7061
f 7085 7235 7149
f 7061 7248 7088
f 7088 7248 7245
f 7088 7245 7087
f 7087 7245 7242
f 7087 7242 7086
f 7086 7242 7089
f 7086 7089 7046
f 7084 7235 7085
f 7084 7234 7235
f 7083 7234 7084
f 7234 7238 7235
f 7083 7233 7234
f 7048 7233 7083
f 7048 7080 7233
f 7234 7237 7238
f 7233 7237 7234
f 7237 7241 7238
f 7080 7236 7233
f 7233 7236 7237
f 7080 7081 7236
f 7237 7240 7241
f 7236 7240 7237
f 7081 7239 7236
f 7236 7239 7240
f 7081 7082 7239
f 7240 7437 7241
f 7241 7437 7438
f 7240 7436 7437
f 7239 7436 7240
f 7239 7435 7436
f 7082 7435 7239
f 7082 7434 7435
f 7259 7166 7054
f 7258 7166 7259
f 7255 7258 7259
f 7255 7259 7256
f 7256 7259 7157
f 7259 7442 7157
f 7258 7165 7166
f 7254 7258 7255
f 7257 7165 7258
f 7254 7257 7258
f 7252 7255 7256
f 7251 7254 7255
f 7251 7255 7252
f 7117 7257 7254
f 7116 7117 7254
f 7116 7254 7251
f 7049 7116 7251
f 7049 7251 7095
f 7095 7251 7252
f 7117 7118 7257
f 7095 7252 7096
f 7118 7164 7257
f 7257 7164 7165
f 7118 7066 7164
f 7096 7252 7253
f 7252 7256 7253
f 7096 7253 7097
f 7280 7164 7066
f 7280 7066 7115
f 7283 7165 7164
f 7283 7164 7280
f 7253 7256 7156
f 7256 7157 7156
f 7097 7253 7155
f 7253 7156 7155
f 7097 7155 7063
f 7279 7280 7115
f 7279 7115 7114
f 7063 7155 7266
f 7063 7266 7100
f 7155 7156 7267
f 7155 7267 7266
f 7156 7157 7268
f 7156 7268 7267
f 7100 7266 7263
f 7100 7263 7099
f 7266 7267 7264
f 7266 7264 7263
f 7099 7263 7260
f 7099 7260 7098
f 7098 7260 7101
f 7098 7101 7050
f 7260 7102 7101
f 7263 7261 7260
f 7260 7261 7102
f 7263 7264 7261
f 7261 7103 7102
f 7261 7262 7103
f 7264 7262 7261
f 7262 7064 7103
f 7267 7265 7264
f 7264 7265 7262
f 7267 7268 7265
f 7262 7158 7064
f 7265 7158 7262
f 7106 7064 7158
f 7268 7159 7265
f 7265 7159 7158
f 7106 7158 7275
f 7275 7158 7159
f 7105 7106 7275
f 7268 7160 7159
f 7157 7160 7268
f 7157 7443 7160
f 7105 7275 7272
f 7104 7105 7272
f 7275 7159 7276
f 7276 7159 7160
f 7272 7275 7276
f 7104 7272 7269
f 7052 7104 7269
f 7052 7269 7107
f 7276 7160 7277
f 7277 7160 7444
f 7272 7276 7273
f 7269 7272 7273
f 7273 7276 7277
f 7107 7269 7270
f 7269 7273 7270
f 7107 7270 7108
f 7273 7277 7274
f 7270 7273 7274
f 7108 7270 7271
f 7270 7274 7271
f 7108 7271 7109
f 7274 7277 7163
f 7277 7445 7163
f 7274 7163 7162
f 7271 7274 7162
f 7271 7162 7161
f 7109 7271 7161
f 7109 7161 7065
f 7110 7113 7051
f 7110 7278 7113
f 7278 7114 7113
f 7111 7278 7110
f 7278 7279 7114
f 7111 7281 7278
f 7281 7279 7278
f 7112 7281 7111
f 7281 7282 7279
f 7282 7280 7279
f 7282 7283 7280
f 7112 7284 7281
f 7284 7282 7281
f 7446 7284 7112
f 7446 7447 7284
f 7284 7285 7282
f 7447 7285 7284
f 7285 7283 7282
f 7447 7448 7285
f 7285 7286 7283
f 7448 7286 7285
f 7286 7165 7283
f 7448 7449 7286
f 7286 7166 7165
f 7449 7166 7286
f 7449 7450 7166
f 7456 7119 7457
f 7456 7296 7119
f 7458 7296 7456
f 7296 7120 7119
f 7458 7299 7296
f 7459 7299 7458
f 7296 7297 7120
f 7299 7297 7296
f 7297 7121 7120
f 7459 7302 7299
f 7455 7302 7459
f 7297 7298 7121
f 7298 7067 7121
f 7299 7300 7297
f 7302 7300 7299
f 7300 7298 7297
f 7455 7167 7302
f 7454 7167 7455
f 7298 7170 7067
f 7124 7067 7170
f 7300 7301 7298
f 7301 7170 7298
f 7302 7303 7300
f 7167 7303 7302
f 7303 7301 7300
f 7454 7289 7167
f 7453 7289 7454
f 7124 7170 7311
f 7123 7124 7311
f 7167 7168 7303
f 7289 7168 7167
f 7301 7171 7170
f 7311 7170 7171
f 7303 7304 7301
f 7168 7304 7303
f 7304 7171 7301
f 7453 7288 7289
f 7452 7288 7453
f 7123 7311 7308
f 7122 7123 7308
f 7289 7292 7168
f 7288 7292 7289
f 7168 7169 7304
f 7292 7169 7168
f 7304 7172 7171
f 7169 7172 7304
f 7311 7171 7312
f 7308 7311 7312
f 7312 7171 7172
f 7452 7287 7288
f 7451 7287 7452
f 7451 7128 7287
f 7288 7291 7292
f 7287 7291 7288
f 7128 7290 7287
f 7287 7290 7291
f 7128 7129 7290
f 7292 7295 7169
f 7291 7295 7292
f 7169 7055 7172
f 7295 7055 7169
f 7312 7172 7313
f 7313 7172 7055
f 7129 7293 7290
f 7129 7130 7293
f 7290 7294 7291
f 7291 7294 7295
f 7290 7293 7294
f 7295 7178 7055
f 7294 7178 7295
f 7130 7176 7293
f 7130 7068 7176
f 7293 7177 7294
f 7294 7177 7178
f 7293 7176 7177
f 7175 7055 7178
f 7313 7055 7175
f 7309 7312 7313
f 7308 7312 7309
f 7316 7176 7068
f 7316 7068 7127
f 7319 7177 7176
f 7319 7176 7316
f 7322 7178 7177
f 7175 7178 7322
f 7322 7177 7319
f 7310 7313 7175
f 7309 7313 7310
f 7305 7308 7309
f 7122 7308 7305
f 7460 7122 7305
f 7460 7305 7461
f 7305 7309 7306
f 7461 7305 7306
f 7306 7309 7310
f 7461 7306 7462
f 7462 7306 7307
f 7306 7310 7307
f 7462 7307 7463
f 7310 7175 7174
f 7307 7310 7174
f 7174 7175 7322
f 7463 7307 7173
f 7307 7174 7173
f 7463 7173 7464
f 7174 7322 7321
f 7173 7174 7321
f 7321 7322 7319
f 7464 7173 7320
f 7173 7321 7320
f 7464 7320 7468
f 7321 7319 7318
f 7320 7321 7318
f 7318 7319 7316
f 7468 7320 7317
f 7320 7318 7317
f 7468 7317 7467
f 7318 7316 7315
f 7317 7318 7315
f 7315 7316 7127
f 7315 7127 7126
f 7467 7317 7314
f 7317 7315 7314
f 7314 7315 7126
f 7467 7314 7465
f 7314 7126 7125
f 7465 7314 7125
f 7465 7125 7466
f 7478 7131 7479
f 7478 7332 7131
f 7480 7332 7478
f 7332 7132 7131
f 7480 7335 7332
f 7481 7335 7480
f 7332 7333 7132
f 7335 7333 7332
f 7333 7133 7132
f 7481 7338 7335
f 7474 7338 7481
f 7333 7334 7133
f 7334 7069 7133
f 7335 7336 7333
f 7338 7336 7335
f 7336 7334 7333
f 7474 7179 7338
f 7473 7179 7474
f 7334 7182 7069
f 7136 7069 7182
f 7336 7337 7334
f 7337 7182 7334
f 7338 7339 7336
f 7179 7339 7338
f 7339 7337 7336
f 7473 7325 7179
f 7472 7325 7473
f 7136 7182 7347
f 7135 7136 7347
f 7179 7180 7339
f 7325 7180 7179
f 7337 7183 7182
f 7347 7182 7183
f 7339 7340 7337
f 7180 7340 7339
f 7340 7183 7337
f 7472 7324 7325
f 7471 7324 7472
f 7135 7347 7344
f 7134 7135 7344
f 7325 7328 7180
f 7324 7328 7325
f 7180 7181 7340
f 7328 7181 7180
f 7340 7184 7183
f 7181 7184 7340
f 7347 7183 7348
f 7344 7347 7348
f 7348 7183 7184
f 7471 7323 7324
f 7469 7323 7471
f 7469 7470 7323
f 7324 7327 7328
f 7323 7327 7324
f 7470 7326 7323
f 7323 7326 7327
f 7470 7475 7326
f 7328 7331 7181
f 7327 7331 7328
f 7181 7056 7184
f 7331 7056 7181
f 7348 7184 7349
f 7349 7184 7056
f 7475 7329 7326
f 7475 7476 7329
f 7326 7330 7327
f 7327 7330 7331
f 7326 7329 7330
f 7331 7190 7056
f 7330 7190 7331
f 7476 7188 7329
f 7476 7477 7188
f 7329 7189 7330
f 7330 7189 7190
f 7329 7188 7189
f 7187 7056 7190
f 7349 7056 7187
f 7345 7348 7349
f 7344 7348 7345
f 7352 7188 7477
f 7352 7477 7491
f 7355 7189 7188
f 7355 7188 7352
f 7358 7190 7189
f 7187 7190 7358
f 7358 7189 7355
f 7346 7349 7187
f 7345 7349 7346
f 7341 7344 7345
f 7134 7344 7341
f 7482 7134 7341
f 7482 7341 7483
f 7341 7345 7342
f 7483 7341 7342
f 7342 7345 7346
f 7483 7342 7484
f 7484 7342 7343
f 7342 7346 7343
f 7484 7343 7485
f 7346 7187 7186
f 7343 7346 7186
f 7186 7187 7358
f 7485 7343 7185
f 7343 7186 7185
f 7485 7185 7486
f 7186 7358 7357
f 7185 7186 7357
f 7357 7358 7355
f 7486 7185 7356
f 7185 7357 7356
f 7486 7356 7493
f 7357 7355 7354
f 7356 7357 7354
f 7354 7355 7352
f 7493 7356 7353
f 7356 7354 7353
f 7493 7353 7492
f 7354 7352 7351
f 7353 7354 7351
f 7351 7352 7491
f 7351 7491 7490
f 7492 7353 7350
f 7353 7351 7350
f 7350 7351 7490
f 7492 7350 7487
f 7350 7490 7488
f 7487 7350 7488
f 7487 7488 7489
f 7498 7191 7499
f 7498 7361 7191
f 7497 7361 7498
f 7361 7192 7191
f 7497 7360 7361
f 7496 7360 7497
f 7361 7364 7192
f 7360 7364 7361
f 7364 7193 7192
f 7496 7359 7360
f 7494 7359 7496
f 7494 7495 7359
f 7360 7363 7364
f 7359 7363 7360
f 7364 7367 7193
f 7363 7367 7364
f 7367 7057 7193
f 7495 7362 7359
f 7359 7362 7363
f 7495 7500 7362
f 7363 7366 7367
f 7362 7366 7363
f 7367 7202 7057
f 7366 7202 7367
f 7527 7057 7202
f 7500 7365 7362
f 7362 7365 7366
f 7500 7501 7365
f 7527 7202 7394
f 7526 7527 7394
f 7366 7201 7202
f 7365 7201 7366
f 7394 7202 7201
f 7501 7200 7365
f 7365 7200 7201
f 7501 7502 7200
f 7526 7394 7393
f 7525 7526 7393
f 7394 7201 7391
f 7391 7201 7200
f 7393 7394 7391
f 7388 7200 7502
f 7391 7200 7388
f 7388 7502 7521
f 7525 7393 7392
f 7524 7525 7392
f 7524 7392 7523
f 7393 7391 7390
f 7390 7391 7388
f 7392 7393 7390
f 7387 7388 7521
f 7390 7388 7387
f 7387 7521 7520
f 7523 7392 7389
f 7392 7390 7389
f 7389 7390 7387
f 7523 7389 7522
f 7386 7387 7520
f 7389 7387 7386
f 7522 7389 7386
f 7386 7520 7518
f 7522 7386 7517
f 7517 7386 7518
f 7517 7518 7519
f 7503 7137 7504
f 7503 7368 7137
f 7505 7368 7503
f 7368 7138 7137
f 7505 7371 7368
f 7506 7371 7505
f 7368 7369 7138
f 7371 7369 7368
f 7369 7139 7138
f 7506 7374 7371
f 7507 7374 7506
f 7507 7508 7374
f 7369 7370 7139
f 7370 7070 7139
f 7371 7372 7369
f 7374 7372 7371
f 7372 7370 7369
f 7508 7375 7374
f 7374 7375 7372
f 7508 7509 7375
f 7370 7194 7070
f 7142 7070 7194
f 7372 7373 7370
f 7375 7373 7372
f 7373 7194 7370
f 7509 7376 7375
f 7375 7376 7373
f 7509 7510 7376
f 7142 7194 7383
f 7141 7142 7383
f 7373 7195 7194
f 7376 7195 7373
f 7383 7194 7195
f 7510 7196 7376
f 7376 7196 7195
f 7510 7511 7196
f 7141 7383 7380
f 7140 7141 7380
f 7383 7195 7384
f 7384 7195 7196
f 7380 7383 7384
f 7385 7196 7511
f 7384 7196 7385
f 7385 7511 7199
f 7140 7380 7377
f 7512 7140 7377
f 7512 7377 7513
f 7380 7384 7381
f 7381 7384 7385
f 7377 7380 7381
f 7382 7385 7199
f 7381 7385 7382
f 7382 7199 7198
f 7513 7377 7378
f 7377 7381 7378
f 7378 7381 7382
f 7513 7378 7514
f 7379 7382 7198
f 7378 7382 7379
f 7514 7378 7379
f 7379 7198 7197
f 7514 7379 7515
f 7515 7379 7197
f 7515 7197 7516
f 7537 7538 7539
f 7537 7404 7538
f 7543 7404 7537
f 7404 7540 7538
f 7543 7407 7404
f 7544 7407 7543
f 7404 7405 7540
f 7407 7405 7404
f 7405 7541 7540
f 7544 7410 7407
f 7533 7410 7544
f 7405 7406 7541
f 7406 7542 7541
f 7407 7408 7405
f 7410 7408 7407
f 7408 7406 7405
f 7533 7203 7410
f 7532 7203 7533
f 7406 7206 7542
f 7552 7542 7206
f 7408 7409 7406
f 7409 7206 7406
f 7410 7411 7408
f 7203 7411 7410
f 7411 7409 7408
f 7532 7397 7203
f 7531 7397 7532
f 7552 7206 7419
f 7551 7552 7419
f 7203 7204 7411
f 7397 7204 7203
f 7409 7207 7206
f 7419 7206 7207
f 7411 7412 7409
f 7204 7412 7411
f 7412 7207 7409
f 7531 7396 7397
f 7530 7396 7531
f 7551 7419 7416
f 7546 7551 7416
f 7397 7400 7204
f 7396 7400 7397
f 7204 7205 7412
f 7400 7205 7204
f 7412 7208 7207
f 7205 7208 7412
f 7419 7207 7420
f 7416 7419 7420
f 7420 7207 7208
f 7530 7395 7396
f 7528 7395 7530
f 7528 7529 7395
f 7396 7399 7400
f 7395 7399 7396
f 7529 7398 7395
f 7395 7398 7399
f 7529 7534 7398
f 7400 7403 7205
f 7399 7403 7400
f 7205 7058 7208
f 7403 7058 7205
f 7420 7208 7421
f 7421 7208 7058
f 7534 7401 7398
f 7534 7535 7401
f 7398 7402 7399
f 7399 7402 7403
f 7398 7401 7402
f 7403 7214 7058
f 7402 7214 7403
f 7535 7212 7401
f 7535 7536 7212
f 7401 7213 7402
f 7402 7213 7214
f 7401 7212 7213
f 7211 7058 7214
f 7421 7058 7211
f 7417 7420 7421
f 7416 7420 7417
f 7424 7212 7536
f 7424 7536 7557
f 7427 7213 7212
f 7427 7212 7424
f 7430 7214 7213
f 7211 7214 7430
f 7430 7213 7427
f 7418 7421 7211
f 7417 7421 7418
f 7413 7416 7417
f 7546 7416 7413
f 7545 7546 7413
f 7545 7413 7547
f 7413 7417 7414
f 7547 7413 7414
f 7414 7417 7418
f 7547 7414 7548
f 7548 7414 7415
f 7414 7418 7415
f 7548 7415 7549
f 7418 7211 7210
f 7415 7418 7210
f 7210 7211 7430
f 7549 7415 7209
f 7415 7210 7209
f 7549 7209 7550
f 7210 7430 7429
f 7209 7210 7429
f 7429 7430 7427
f 7550 7209 7428
f 7209 7429 7428
f 7550 7428 7559
f 7429 7427 7426
f 7428 7429 7426
f 7426 7427 7424
f 7559 7428 7425
f 7428 7426 7425
f 7559 7425 7558
f 7426 7424 7423
f 7425 7426 7423
f 7423 7424 7557
f 7423 7557 7556
f 7558 7425 7422
f 7425 7423 7422
f 7422 7423 7556
f 7558 7422 7553
f 7422 7556 7554
f 7553 7422 7554
f 7553 7554 7555
