v -29.1468 -8.899054 -10.47273
v -29.12477 -9.106213 -5.144964
v -25.46334 -8.427458 0.2998196
v -18.59032 -9.034077 -23.07253
v -46.31181 -8.977161 -10.22423
v -31.91828 -9.093939 -28.60603
v -14.91394 -8.475729 0.8692493
v -17.0574 -9.51017 -27.42647
v -14.20597 -9.38682 -31.19686
v -6.614389 -8.152881 4.75694
v -16.67218 -8.261126 19.54809
v -28.93526 -8.397823 20.22758
v -8.246123 -7.735168 24.48024
v -12.19071 -9.005218 -32.45437
v -24.82823 -9.509566 -41.35332
v -18.4733 -9.808219 -44.41339
v -6.827232 -9.014221 -30.87307
v -3.082916 -8.275402 10.35189
v 3.71863 -7.778852 24.92935
v -1.619597 -9.600747 -34.43518
v 3.230561 -8.151213 10.23209
v 15.79288 -7.893139 24.41305
v 10.63564 -8.24088 8.158103
v 2.859857 -9.527279 -34.17932
v -4.441996 -9.902764 -46.68674
v 4.41151 -9.694391 -46.68954
v 6.374794 -9.08184 -33.43613
v 10.04224 -9.022515 -31.43262
v 18.18414 -8.302378 4.824376
v 22.64958 -8.816332 -25.57901
v 24.07435 -7.794037 17.46542
v 15.79288 -7.893139 24.41305
v 26.27297 -8.009878 3.548537
v 34.08055 -7.921025 14.00467
v 24.07435 -7.794037 17.46542
v 27.13249 -8.821828 -3.62109
v 29.24803 -8.35316 -20.96478
v 30.05461 -8.465636 -11.57531
v 32.05341 -8.524577 -16.72621
v 29.59728 -28.02774 -46.40234
v 23.34313 -16.66332 -36.81392
v 24.69537 -16.32934 -33.86845
v 35.27366 -27.64935 -37.332
v -10.90006 -25.78915 32.73749
v -10.52165 -15.64728 18.65519
v -18.22193 -16.02612 13.93792
v -17.17044 -26.28183 21.24489
v 49.5661 -26.90422 -8.004992
v 41.82239 -15.53843 -8.721087
v 38.57024 -15.21326 3.143725
v 44.97073 -26.5217 4.973494
v 49.86021 -26.74262 20.73413
v 40.83752 -15.63944 12.50148
v 24.38618 -17.54753 13.68566
v 31.25286 -27.99053 23.19945
v -17.17044 -26.28183 21.24489
v -18.22193 -16.02612 13.93792
v -27.35797 -16.14668 4.457079
v -29.36821 -26.22272 16.77397
v 44.97073 -26.5217 4.973494
v 38.57024 -15.21326 3.143725
v 40.83752 -15.63944 12.50148
v 49.86021 -26.74262 20.73413
v -41.8178 -27.82721 -47.09352
v -28.26563 -16.63682 -34.36444
v -19.00086 -16.78167 -40.02195
v -29.57964 -28.26153 -53.37741
v -29.57964 -28.26153 -53.37741
v -19.00086 -16.78167 -40.02195
v -7.903625 -16.70062 -36.55803
v -15.36352 -28.24373 -48.75773
v -49.97013 -26.02187 16.74146
v -45.23136 -16.1332 3.495215
v -43.68419 -15.75429 -0.9799474
v -51.31665 -27.00499 1.299664
v -29.36821 -26.22272 16.77397
v -27.35797 -16.14668 4.457079
v -45.23136 -16.1332 3.495215
v -49.97013 -26.02187 16.74146
v -15.36352 -28.24373 -48.75773
v -7.903625 -16.70062 -36.55803
v 2.147257 -16.84473 -43.69642
v -2.67916 -28.28767 -58.32542
v -51.31665 -27.00499 1.299664
v -43.68419 -15.75429 -0.9799474
v -40.99546 -16.30502 -7.421063
v -52.69896 -27.06932 -10.3846
v 54.70653 -27.00345 -18.80544
v 45.93734 -15.79832 -18.28139
v 41.82239 -15.53843 -8.721087
v 49.5661 -26.90422 -8.004992
v 4.645171 -26.1355 31.26401
v 3.847836 -15.60571 18.77849
v -10.52165 -15.64728 18.65519
v -10.90006 -25.78915 32.73749
v -51.13581 -27.6236 -34.20422
v -35.57737 -16.39519 -24.35943
v -28.26563 -16.63682 -34.36444
v -41.8178 -27.82721 -47.09352
v 21.22521 -28.0841 -54.18169
v 15.90373 -16.58445 -41.1714
v 23.34313 -16.66332 -36.81392
v 29.59728 -28.02774 -46.40234
v 46.84834 -27.58203 -27.78003
v 33.77496 -16.24688 -26.20089
v 45.93734 -15.79832 -18.28139
v 54.70653 -27.00345 -18.80544
v 19.28016 -25.72679 28.86346
v 16.42624 -15.71407 14.3918
v 3.847836 -15.60571 18.77849
v 4.645171 -26.1355 31.26401
v -54.85146 -27.42162 -22.17229
v -38.18188 -16.21095 -14.93453
v -35.57737 -16.39519 -24.35943
v -51.13581 -27.6236 -34.20422
v 11.31949 -28.29417 -56.76307
v 8.790508 -16.85619 -42.57114
v 15.90373 -16.58445 -41.1714
v 21.22521 -28.0841 -54.18169
v 35.27366 -27.64935 -37.332
v 24.69537 -16.32934 -33.86845
v 33.77496 -16.24688 -26.20089
v 46.84834 -27.58203 -27.78003
v 31.25286 -27.99053 23.19945
v 24.38618 -17.54753 13.68566
v 16.42624 -15.71407 14.3918
v 19.28016 -25.72679 28.86346
v -52.69896 -27.06932 -10.3846
v -40.99546 -16.30502 -7.421063
v -38.18188 -16.21095 -14.93453
v -54.85146 -27.42162 -22.17229
v -2.67916 -28.28767 -58.32542
v 2.147257 -16.84473 -43.69642
v 8.790508 -16.85619 -42.57114
v 11.31949 -28.29417 -56.76307
v -43.68419 -15.75429 -0.9799474
v -47.22617 -8.416286 -0.6464732
v -46.31181 -8.977161 -10.22423
v -40.99546 -16.30502 -7.421063
v -7.903625 -16.70062 -36.55803
v -11.12681 -9.903966 -41.92217
v -4.441996 -9.902764 -46.68674
v 2.147257 -16.84473 -43.69642
v -27.35797 -16.14668 4.457079
v -28.93526 -8.397823 20.22758
v -41.88437 -8.380767 13.2337
v -45.23136 -16.1332 3.495215
v -45.23136 -16.1332 3.495215
v -41.88437 -8.380767 13.2337
v -47.22617 -8.416286 -0.6464732
v -43.68419 -15.75429 -0.9799474
v -19.00086 -16.78167 -40.02195
v -18.4733 -9.808219 -44.41339
v -11.12681 -9.903966 -41.92217
v -7.903625 -16.70062 -36.55803
v -28.26563 -16.63682 -34.36444
v -24.82823 -9.509566 -41.35332
v -18.4733 -9.808219 -44.41339
v -19.00086 -16.78167 -40.02195
v 38.57024 -15.21326 3.143725
v 43.73351 -8.368588 6.260241
v 34.08055 -7.921025 14.00467
v 40.83752 -15.63944 12.50148
v -18.22193 -16.02612 13.93792
v -16.67218 -8.261126 19.54809
v -28.93526 -8.397823 20.22758
v -27.35797 -16.14668 4.457079
v 40.83752 -15.63944 12.50148
v 34.08055 -7.921025 14.00467
v 24.07435 -7.794037 17.46542
v 24.38618 -17.54753 13.68566
v 41.82239 -15.53843 -8.721087
v 46.61478 -8.572871 -9.548105
v 43.73351 -8.368588 6.260241
v 38.57024 -15.21326 3.143725
v -10.52165 -15.64728 18.65519
v -8.246123 -7.735168 24.48024
v -16.67218 -8.261126 19.54809
v -18.22193 -16.02612 13.93792
v 23.34313 -16.66332 -36.81392
v 16.3746 -9.526797 -42.17196
v 33.94966 -9.453908 -33.42113
v 24.69537 -16.32934 -33.86845
v 45.93734 -15.79832 -18.28139
v 49.70197 -8.926324 -18.38585
v 46.61478 -8.572871 -9.548105
v 41.82239 -15.53843 -8.721087
v 3.847836 -15.60571 18.77849
v 3.71863 -7.778852 24.92935
v -8.246123 -7.735168 24.48024
v -10.52165 -15.64728 18.65519
v -35.57737 -16.39519 -24.35943
v -28.97996 -9.643155 -34.39888
v -24.82823 -9.509566 -41.35332
v -28.26563 -16.63682 -34.36444
v 15.90373 -16.58445 -41.1714
v 10.79328 -9.564579 -45.46403
v 16.3746 -9.526797 -42.17196
v 23.34313 -16.66332 -36.81392
v 33.77496 -16.24688 -26.20089
v 44.4958 -9.123185 -26.44187
v 49.70197 -8.926324 -18.38585
v 45.93734 -15.79832 -18.28139
v 16.42624 -15.71407 14.3918
v 15.79288 -7.893139 24.41305
v 3.71863 -7.778852 24.92935
v 3.847836 -15.60571 18.77849
v -38.18188 -16.21095 -14.93453
v -31.91828 -9.093939 -28.60603
v -28.97996 -9.643155 -34.39888
v -35.57737 -16.39519 -24.35943
v 8.790508 -16.85619 -42.57114
v 4.41151 -9.694391 -46.68954
v 10.79328 -9.564579 -45.46403
v 15.90373 -16.58445 -41.1714
v 24.69537 -16.32934 -33.86845
v 33.94966 -9.453908 -33.42113
v 44.4958 -9.123185 -26.44187
v 33.77496 -16.24688 -26.20089
v 24.38618 -17.54753 13.68566
v 24.07435 -7.794037 17.46542
v 15.79288 -7.893139 24.41305
v 16.42624 -15.71407 14.3918
v -40.99546 -16.30502 -7.421063
v -46.31181 -8.977161 -10.22423
v -31.91828 -9.093939 -28.60603
v -38.18188 -16.21095 -14.93453
v 2.147257 -16.84473 -43.69642
v -4.441996 -9.902764 -46.68674
v 4.41151 -9.694391 -46.68954
v 8.790508 -16.85619 -42.57114
v -3.741795 -71.09352 -75.36538
v -3.328865 -40.14611 -70.57957
v 15.87964 -40.10944 -68.71413
v 18.27582 -71.20585 -72.64941
v -76.12208 -69.51319 -9.172765
v -69.04687 -39.06247 -24.87785
v -74.53428 -69.93686 -26.15411
v -67.51366 -38.81546 -9.516618
v -74.81691 -69.231 6.664011
v -67.38676 -38.41129 5.296286
v 42.37869 -68.88261 34.8396
v 39.7993 -38.72433 32.75482
v 23.7063 -37.13465 38.61796
v 26.1546 -67.71585 43.35558
v 52.15217 -70.37835 -46.62159
v 47.29293 -39.29477 -44.30091
v 62.49927 -39.07172 -32.6394
v 69.75201 -69.94194 -34.96359
v 18.27582 -71.20585 -72.64941
v 15.87964 -40.10944 -68.71413
v 29.77953 -39.83421 -66.00629
v 34.24245 -70.84838 -70.27354
v -74.53428 -69.93686 -26.15411
v -69.04687 -39.06247 -24.87785
v -65.02448 -39.32188 -40.21312
v -68.92497 -70.37197 -42.25249
v 26.1546 -67.71585 43.35558
v 23.7063 -37.13465 38.61796
v 6.020727 -37.03519 43.55527
v 6.522499 -67.75014 47.77008
v 69.75201 -69.94194 -34.96359
v 62.49927 -39.07172 -32.6394
v 71.25315 -38.60023 -20.74607
v 78.78715 -69.50217 -21.89702
v 34.24245 -70.84838 -70.27354
v 29.77953 -39.83421 -66.00629
v 42.17197 -39.55175 -57.04041
v 47.79443 -70.67458 -60.88173
v -68.92497 -70.37197 -42.25249
v -65.02448 -39.32188 -40.21312
v -51.80829 -39.88445 -55.5797
v -55.78297 -70.84032 -59.16322
v 6.522499 -67.75014 47.77008
v 6.020727 -37.03519 43.55527
v -13.24893 -37.06461 43.92837
v -14.33721 -67.84003 47.78614
v 78.78715 -69.50217 -21.89702
v 71.25315 -38.60023 -20.74607
v 66.72738 -38.14027 -6.958144
v 72.83728 -69.1544 -7.3569
v 59.98014 -37.78474 9.26557
v 66.61665 -68.64516 10.26624
v -21.12053 -70.82776 -63.20961
v -19.67485 -39.81227 -59.63731
v -3.328865 -40.14611 -70.57957
v -3.741795 -71.09352 -75.36538
v -39.26007 -68.52921 25.39519
v -37.03769 -37.5712 24.22688
v -61.42883 -37.8013 22.22592
v -66.93658 -68.44676 25.26897
v -66.93658 -68.44676 25.26897
v -61.42883 -37.8013 22.22592
v -67.38676 -38.41129 5.296286
v -74.81691 -69.231 6.664011
v -40.24802 -71.02621 -68.76848
v -37.41733 -40.13897 -63.83591
v -19.67485 -39.81227 -59.63731
v -21.12053 -70.82776 -63.20961
v -55.78297 -70.84032 -59.16322
v -51.80829 -39.88445 -55.5797
v -37.41733 -40.13897 -63.83591
v -40.24802 -71.02621 -68.76848
v 66.61665 -68.64516 10.26624
v 59.98014 -37.78474 9.26557
v 62.51056 -37.825 29.05377
v 66.5838 -68.37289 31.46685
v -23.73015 -68.25254 33.1007
v -22.74753 -37.3587 30.83534
v -37.03769 -37.5712 24.22688
v -39.26007 -68.52921 25.39519
v 66.5838 -68.37289 31.46685
v 62.51056 -37.825 29.05377
v 39.7993 -38.72433 32.75482
v 42.37869 -68.88261 34.8396
v -14.33721 -67.84003 47.78614
v -13.24893 -37.06461 43.92837
v -22.74753 -37.3587 30.83534
v -23.73015 -68.25254 33.1007
v 47.79443 -70.67458 -60.88173
v 42.17197 -39.55175 -57.04041
v 47.29293 -39.29477 -44.30091
v 52.15217 -70.37835 -46.62159
v -3.328865 -40.14611 -70.57957
v -2.67916 -28.28767 -58.32542
v 11.31949 -28.29417 -56.76307
v 15.87964 -40.10944 -68.71413
v -67.51366 -38.81546 -9.516618
v -52.69896 -27.06932 -10.3846
v -54.85146 -27.42162 -22.17229
v -69.04687 -39.06247 -24.87785
v 39.7993 -38.72433 32.75482
v 31.25286 -27.99053 23.19945
v 19.28016 -25.72679 28.86346
v 23.7063 -37.13465 38.61796
v 47.29293 -39.29477 -44.30091
v 35.27366 -27.64935 -37.332
v 46.84834 -27.58203 -27.78003
v 62.49927 -39.07172 -32.6394
v 15.87964 -40.10944 -68.71413
v 11.31949 -28.29417 -56.76307
v 21.22521 -28.0841 -54.18169
v 29.77953 -39.83421 -66.00629
v -69.04687 -39.06247 -24.87785
v -54.85146 -27.42162 -22.17229
v -51.13581 -27.6236 -34.20422
v -65.02448 -39.32188 -40.21312
v 23.7063 -37.13465 38.61796
v 19.28016 -25.72679 28.86346
v 4.645171 -26.1355 31.26401
v 6.020727 -37.03519 43.55527
v 62.49927 -39.07172 -32.6394
v 46.84834 -27.58203 -27.78003
v 54.70653 -27.00345 -18.80544
v 71.25315 -38.60023 -20.74607
v 29.77953 -39.83421 -66.00629
v 21.22521 -28.0841 -54.18169
v 29.59728 -28.02774 -46.40234
v 42.17197 -39.55175 -57.04041
v -65.02448 -39.32188 -40.21312
v -51.13581 -27.6236 -34.20422
v -41.8178 -27.82721 -47.09352
v -51.80829 -39.88445 -55.5797
v 6.020727 -37.03519 43.55527
v 4.645171 -26.1355 31.26401
v -10.90006 -25.78915 32.73749
v -13.24893 -37.06461 43.92837
v 71.25315 -38.60023 -20.74607
v 54.70653 -27.00345 -18.80544
v 49.5661 -26.90422 -8.004992
v 66.72738 -38.14027 -6.958144
v 44.97073 -26.5217 4.973494
v 59.98014 -37.78474 9.26557
v -67.38676 -38.41129 5.296286
v -51.31665 -27.00499 1.299664
v -52.69896 -27.06932 -10.3846
v -67.51366 -38.81546 -9.516618
v -19.67485 -39.81227 -59.63731
v -15.36352 -28.24373 -48.75773
v -2.67916 -28.28767 -58.32542
v -3.328865 -40.14611 -70.57957
v -37.03769 -37.5712 24.22688
v -29.36821 -26.22272 16.77397
v -49.97013 -26.02187 16.74146
v -61.42883 -37.8013 22.22592
v -61.42883 -37.8013 22.22592
v -49.97013 -26.02187 16.74146
v -51.31665 -27.00499 1.299664
v -67.38676 -38.41129 5.296286
v -37.41733 -40.13897 -63.83591
v -29.57964 -28.26153 -53.37741
v -15.36352 -28.24373 -48.75773
v -19.67485 -39.81227 -59.63731
v -51.80829 -39.88445 -55.5797
v -41.8178 -27.82721 -47.09352
v -29.57964 -28.26153 -53.37741
v -37.41733 -40.13897 -63.83591
v 59.98014 -37.78474 9.26557
v 44.97073 -26.5217 4.973494
v 49.86021 -26.74262 20.73413
v 62.51056 -37.825 29.05377
v -22.74753 -37.3587 30.83534
v -17.17044 -26.28183 21.24489
v -29.36821 -26.22272 16.77397
v -37.03769 -37.5712 24.22688
v 62.51056 -37.825 29.05377
v 49.86021 -26.74262 20.73413
v 31.25286 -27.99053 23.19945
v 39.7993 -38.72433 32.75482
v -13.24893 -37.06461 43.92837
v -10.90006 -25.78915 32.73749
v -17.17044 -26.28183 21.24489
v -22.74753 -37.3587 30.83534
v 42.17197 -39.55175 -57.04041
v 29.59728 -28.02774 -46.40234
v 35.27366 -27.64935 -37.332
v 47.29293 -39.29477 -44.30091
v 59.1556 -82.18375 -70.35018
v 47.79443 -70.67458 -60.88173
v 52.15217 -70.37835 -46.62159
v 63.56295 -81.95808 -52.8996
v -18.09188 -78.67249 60.66099
v -14.33721 -67.84003 47.78614
v -23.73015 -68.25254 33.1007
v -28.45683 -79.44044 42.23901
v -26.35187 -106.0397 92.9773
v -42.23034 -105.9502 67.19689
v 89.17181 -80.17595 -5.766875
v 66.61665 -68.64516 10.26624
v 79.44936 -80.06453 14.89094
v 72.83728 -69.1544 -7.3569
v 95.5164 -80.71798 -23.37472
v 78.78715 -69.50217 -21.89702
v 138.5817 -106.0754 -27.8884
v 89.17181 -80.17595 -5.766875
v 129.7981 -106.335 -2.524984
v 79.30838 -79.13825 40.64143
v 66.5838 -68.37289 31.46685
v 42.37869 -68.88261 34.8396
v 49.92604 -79.80956 43.7057
v -28.45683 -79.44044 42.23901
v -23.73015 -68.25254 33.1007
v -39.26007 -68.52921 25.39519
v -47.67992 -79.47487 34.50052
v -42.23034 -105.9502 67.19689
v -68.76106 -105.8961 54.43723
v 79.44936 -80.06453 14.89094
v 66.61665 -68.64516 10.26624
v 66.5838 -68.37289 31.46685
v 79.30838 -79.13825 40.64143
v -66.87759 -82.40131 -67.64227
v -55.78297 -70.84032 -59.16322
v -40.24802 -71.02621 -68.76848
v -48.21122 -82.82791 -78.23569
v -48.21122 -82.82791 -78.23569
v -40.24802 -71.02621 -68.76848
v -21.12053 -70.82776 -63.20961
v -25.29343 -82.58623 -71.51599
v -79.813 -79.61637 32.55172
v -66.93658 -68.44676 25.26897
v -74.81691 -69.231 6.664011
v -92.16259 -80.31507 11.29842
v -47.67992 -79.47487 34.50052
v -39.26007 -68.52921 25.39519
v -66.93658 -68.44676 25.26897
v -79.813 -79.61637 32.55172
v -68.76106 -105.8961 54.43723
v -115.0581 -105.9158 52.03728
v -25.29343 -82.58623 -71.51599
v -21.12053 -70.82776 -63.20961
v -3.741795 -71.09352 -75.36538
v -4.964092 -83.02365 -91.6267
v -92.16259 -80.31507 11.29842
v -74.81691 -69.231 6.664011
v -76.12208 -69.51319 -9.172765
v -91.54348 -81.01967 -7.713495
v 7.507157 -78.6551 60.21361
v 6.522499 -67.75014 47.77008
v -14.33721 -67.84003 47.78614
v -18.09188 -78.67249 60.66099
v 10.07588 -105.9246 91.89965
v -26.35187 -106.0397 92.9773
v -81.80678 -82.0128 -47.21144
v -68.92497 -70.37197 -42.25249
v -55.78297 -70.84032 -59.16322
v -66.87759 -82.40131 -67.64227
v 41.66181 -82.50497 -80.44598
v 34.24245 -70.84838 -70.27354
v 47.79443 -70.67458 -60.88173
v 59.1556 -82.18375 -70.35018
v 83.91599 -81.48312 -38.67454
v 69.75201 -69.94194 -34.96359
v 78.78715 -69.50217 -21.89702
v 95.5164 -80.71798 -23.37472
v 30.30496 -78.84144 53.61654
v 26.1546 -67.71585 43.35558
v 6.522499 -67.75014 47.77008
v 7.507157 -78.6551 60.21361
v 42.99895 -106.0281 83.04699
v 10.07588 -105.9246 91.89965
v -89.29939 -81.28258 -28.30383
v -74.53428 -69.93686 -26.15411
v -68.92497 -70.37197 -42.25249
v -81.80678 -82.0128 -47.21144
v 22.90496 -82.48652 -85.46827
v 18.27582 -71.20585 -72.64941
v 34.24245 -70.84838 -70.27354
v 41.66181 -82.50497 -80.44598
v 63.56295 -81.95808 -52.8996
v 52.15217 -70.37835 -46.62159
v 69.75201 -69.94194 -34.96359
v 83.91599 -81.48312 -38.67454
v 49.92604 -79.80956 43.7057
v 42.37869 -68.88261 34.8396
v 26.1546 -67.71585 43.35558
v 30.30496 -78.84144 53.61654
v -91.54348 -81.01967 -7.713495
v -76.12208 -69.51319 -9.172765
v -74.53428 -69.93686 -26.15411
v -89.29939 -81.28258 -28.30383
v -4.964092 -83.02365 -91.6267
v -3.741795 -71.09352 -75.36538
v 18.27582 -71.20585 -72.64941
v 22.90496 -82.48652 -85.46827
v -115.0581 -105.9158 52.03728
v -135.9933 -106.1362 22.67521
v -135.2657 -105.989 -4.89365
v -128.4475 -105.9796 -34.72752
v -119.2427 -106.0531 -62.36198
v -68.76106 -105.8961 54.43723
v -96.90578 -106.0236 -91.49385
v -70.22883 -106.0826 -107.8316
v -42.23034 -105.9502 67.19689
v -36.97676 -105.8574 -96.85971
v -26.35187 -106.0397 92.9773
v 10.07588 -105.9246 91.89965
v -7.35679 -106.1002 -118.9618
v 33.05449 -105.9322 -115.9142
v 42.99895 -106.0281 83.04699
v 72.1963 -106.1272 70.81078
v 61.34978 -106.083 -110.2355
v 112.4725 -105.922 63.66721
v 86.65318 -105.9392 -95.68613
v 93.47063 -105.8962 -70.77441
v 122.882 -105.9851 -50.5313
v 115.9417 -105.7538 27.19059
v 129.7981 -106.335 -2.524984
v 138.5817 -106.0754 -27.8884
v -29.1468 -8.899054 -10.47273
v -46.31181 -8.977161 -10.22423
v -47.22617 -8.416286 -0.6464732
v -29.12477 -9.106213 -5.144964
v -41.88437 -8.380767 13.2337
v -1.619597 -9.600747 -34.43518
v -4.441996 -9.902764 -46.68674
v -11.12681 -9.903966 -41.92217
v -6.827232 -9.014221 -30.87307
v -25.46334 -8.427458 0.2998196
v -41.88437 -8.380767 13.2337
v -28.93526 -8.397823 20.22758
v -14.91394 -8.475729 0.8692493
v -6.827232 -9.014221 -30.87307
v -11.12681 -9.903966 -41.92217
v -18.4733 -9.808219 -44.41339
v -12.19071 -9.005218 -32.45437
v 26.27297 -8.009878 3.548537
v 34.08055 -7.921025 14.00467
v 43.73351 -8.368588 6.260241
v 27.13249 -8.821828 -3.62109
v 27.13249 -8.821828 -3.62109
v 43.73351 -8.368588 6.260241
v 46.61478 -8.572871 -9.548105
v 30.05461 -8.465636 -11.57531
v 22.64958 -8.816332 -25.57901
v 33.94966 -9.453908 -33.42113
v 16.3746 -9.526797 -42.17196
v 10.04224 -9.022515 -31.43262
v 10.79328 -9.564579 -45.46403
v 6.374794 -9.08184 -33.43613
v 30.05461 -8.465636 -11.57531
v 46.61478 -8.572871 -9.548105
v 49.70197 -8.926324 -18.38585
v 32.05341 -8.524577 -16.72621
v 44.4958 -9.123185 -26.44187
v 29.24803 -8.35316 -20.96478
v -14.20597 -9.38682 -31.19686
v -24.82823 -9.509566 -41.35332
v -28.97996 -9.643155 -34.39888
v -17.0574 -9.51017 -27.42647
v -17.0574 -9.51017 -27.42647
v -28.97996 -9.643155 -34.39888
v -31.91828 -9.093939 -28.60603
v -18.59032 -9.034077 -23.07253
v 6.374794 -9.08184 -33.43613
v 10.79328 -9.564579 -45.46403
v 4.41151 -9.694391 -46.68954
v 2.859857 -9.527279 -34.17932
v 29.24803 -8.35316 -20.96478
v 44.4958 -9.123185 -26.44187
v 33.94966 -9.453908 -33.42113
v 22.64958 -8.816332 -25.57901
v -7.35679 -106.1002 -118.9618
v -4.964092 -83.02365 -91.6267
v 22.90496 -82.48652 -85.46827
v 33.05449 -105.9322 -115.9142
v -135.2657 -105.989 -4.89365
v -91.54348 -81.01967 -7.713495
v -89.29939 -81.28258 -28.30383
v -128.4475 -105.9796 -34.72752
v 72.1963 -106.1272 70.81078
v 49.92604 -79.80956 43.7057
v 30.30496 -78.84144 53.61654
v 42.99895 -106.0281 83.04699
v 93.47063 -105.8962 -70.77441
v 63.56295 -81.95808 -52.8996
v 83.91599 -81.48312 -38.67454
v 122.882 -105.9851 -50.5313
v 33.05449 -105.9322 -115.9142
v 22.90496 -82.48652 -85.46827
v 41.66181 -82.50497 -80.44598
v 61.34978 -106.083 -110.2355
v -128.4475 -105.9796 -34.72752
v -89.29939 -81.28258 -28.30383
v -81.80678 -82.0128 -47.21144
v -119.2427 -106.0531 -62.36198
v 122.882 -105.9851 -50.5313
v 83.91599 -81.48312 -38.67454
v 95.5164 -80.71798 -23.37472
v 138.5817 -106.0754 -27.8884
v 61.34978 -106.083 -110.2355
v 41.66181 -82.50497 -80.44598
v 59.1556 -82.18375 -70.35018
v 86.65318 -105.9392 -95.68613
v -119.2427 -106.0531 -62.36198
v -81.80678 -82.0128 -47.21144
v -66.87759 -82.40131 -67.64227
v -96.90578 -106.0236 -91.49385
v -135.9933 -106.1362 22.67521
v -92.16259 -80.31507 11.29842
v -91.54348 -81.01967 -7.713495
v -135.2657 -105.989 -4.89365
v -36.97676 -105.8574 -96.85971
v -25.29343 -82.58623 -71.51599
v -4.964092 -83.02365 -91.6267
v -7.35679 -106.1002 -118.9618
v -115.0581 -105.9158 52.03728
v -79.813 -79.61637 32.55172
v -92.16259 -80.31507 11.29842
v -135.9933 -106.1362 22.67521
v -70.22883 -106.0826 -107.8316
v -48.21122 -82.82791 -78.23569
v -25.29343 -82.58623 -71.51599
v -36.97676 -105.8574 -96.85971
v -96.90578 -106.0236 -91.49385
v -66.87759 -82.40131 -67.64227
v -48.21122 -82.82791 -78.23569
v -70.22883 -106.0826 -107.8316
v 115.9417 -105.7538 27.19059
v 79.44936 -80.06453 14.89094
v 79.30838 -79.13825 40.64143
v 112.4725 -105.922 63.66721
v 112.4725 -105.922 63.66721
v 79.30838 -79.13825 40.64143
v 49.92604 -79.80956 43.7057
v 72.1963 -106.1272 70.81078
v 129.7981 -106.335 -2.524984
v 89.17181 -80.17595 -5.766875
v 79.44936 -80.06453 14.89094
v 115.9417 -105.7538 27.19059
v 86.65318 -105.9392 -95.68613
v 59.1556 -82.18375 -70.35018
v 63.56295 -81.95808 -52.8996
v 93.47063 -105.8962 -70.77441
f 1 2 3
f 3 4 1
f 4 5 1
f 4 6 5
f 3 7 4
f 7 8 4
f 7 9 8
f 7 10 9
f 7 11 10
f 7 12 11
f 10 11 13
f 10 14 9
f 14 15 9
f 14 16 15
f 10 17 14
f 10 13 18
f 10 18 17
f 18 13 19
f 18 20 17
f 18 19 21
f 18 21 20
f 21 19 22
f 21 22 23
f 21 24 20
f 21 23 24
f 24 25 20
f 24 26 25
f 23 27 24
f 23 28 27
f 23 29 28
f 29 30 28
f 23 31 29
f 23 32 31
f 29 33 30
f 29 34 33
f 29 35 34
f 33 36 30
f 36 37 30
f 36 38 37
f 38 39 37
f 40 41 42
f 40 42 43
f 44 45 46
f 44 46 47
f 48 49 50
f 48 50 51
f 52 53 54
f 52 54 55
f 56 57 58
f 56 58 59
f 60 61 62
f 60 62 63
f 64 65 66
f 64 66 67
f 68 69 70
f 68 70 71
f 72 73 74
f 72 74 75
f 76 77 78
f 76 78 79
f 80 81 82
f 80 82 83
f 84 85 86
f 84 86 87
f 88 89 90
f 88 90 91
f 92 93 94
f 92 94 95
f 96 97 98
f 96 98 99
f 100 101 102
f 100 102 103
f 104 105 106
f 104 106 107
f 108 109 110
f 108 110 111
f 112 113 114
f 112 114 115
f 116 117 118
f 116 118 119
f 120 121 122
f 120 122 123
f 124 125 126
f 124 126 127
f 128 129 130
f 128 130 131
f 132 133 134
f 132 134 135
f 136 137 138
f 136 138 139
f 140 141 142
f 140 142 143
f 144 145 146
f 144 146 147
f 148 149 150
f 148 150 151
f 152 153 154
f 152 154 155
f 156 157 158
f 156 158 159
f 160 161 162
f 160 162 163
f 164 165 166
f 164 166 167
f 168 169 170
f 168 170 171
f 172 173 174
f 172 174 175
f 176 177 178
f 176 178 179
f 180 181 182
f 180 182 183
f 184 185 186
f 184 186 187
f 188 189 190
f 188 190 191
f 192 193 194
f 192 194 195
f 196 197 198
f 196 198 199
f 200 201 202
f 200 202 203
f 204 205 206
f 204 206 207
f 208 209 210
f 208 210 211
f 212 213 214
f 212 214 215
f 216 217 218
f 216 218 219
f 220 221 222
f 220 222 223
f 224 225 226
f 224 226 227
f 228 229 230
f 228 230 231
f 232 233 234
f 232 234 235
f 236 237 238
f 236 239 237
f 240 239 236
f 240 241 239
f 242 243 244
f 242 244 245
f 246 247 248
f 246 248 249
f 250 251 252
f 250 252 253
f 254 255 256
f 254 256 257
f 258 259 260
f 258 260 261
f 262 263 264
f 262 264 265
f 266 267 268
f 266 268 269
f 270 271 272
f 270 272 273
f 274 275 276
f 274 276 277
f 278 279 280
f 278 280 281
f 281 280 282
f 281 282 283
f 284 285 286
f 284 286 287
f 288 289 290
f 288 290 291
f 292 293 294
f 292 294 295
f 296 297 298
f 296 298 299
f 300 301 302
f 300 302 303
f 304 305 306
f 304 306 307
f 308 309 310
f 308 310 311
f 312 313 314
f 312 314 315
f 316 317 318
f 316 318 319
f 320 321 322
f 320 322 323
f 324 325 326
f 324 326 327
f 328 329 330
f 328 330 331
f 332 333 334
f 332 334 335
f 336 337 338
f 336 338 339
f 340 341 342
f 340 342 343
f 344 345 346
f 344 346 347
f 348 349 350
f 348 350 351
f 352 353 354
f 352 354 355
f 356 357 358
f 356 358 359
f 360 361 362
f 360 362 363
f 364 365 366
f 364 366 367
f 368 369 370
f 368 370 371
f 371 370 372
f 371 372 373
f 374 375 376
f 374 376 377
f 378 379 380
f 378 380 381
f 382 383 384
f 382 384 385
f 386 387 388
f 386 388 389
f 390 391 392
f 390 392 393
f 394 395 396
f 394 396 397
f 398 399 400
f 398 400 401
f 402 403 404
f 402 404 405
f 406 407 408
f 406 408 409
f 410 411 412
f 410 412 413
f 414 415 416
f 414 416 417
f 418 419 420
f 418 420 421
f 422 423 424
f 422 424 425
f 426 422 425
f 426 425 427
f 428 429 430
f 428 431 429
f 432 431 428
f 432 433 431
f 434 432 435
f 434 435 436
f 437 438 439
f 437 439 440
f 441 442 443
f 441 443 444
f 445 441 444
f 445 444 446
f 447 448 449
f 447 449 450
f 451 452 453
f 451 453 454
f 455 456 457
f 455 457 458
f 459 460 461
f 459 461 462
f 463 464 465
f 463 465 466
f 467 463 466
f 467 466 468
f 469 470 471
f 469 471 472
f 473 474 475
f 473 475 476
f 477 478 479
f 477 479 480
f 481 477 480
f 481 480 482
f 483 484 485
f 483 485 486
f 487 488 489
f 487 489 490
f 491 492 493
f 491 493 494
f 495 496 497
f 495 497 498
f 499 495 498
f 499 498 500
f 501 502 503
f 501 503 504
f 505 506 507
f 505 507 508
f 509 510 511
f 509 511 512
f 513 514 515
f 513 515 516
f 517 518 519
f 517 519 520
f 521 522 523
f 521 523 524
f 525 526 527
f 527 528 525
f 528 529 525
f 529 530 525
f 529 531 530
f 531 532 530
f 532 533 530
f 532 534 533
f 534 535 533
f 534 536 535
f 534 537 536
f 537 538 536
f 538 539 536
f 538 540 539
f 538 541 540
f 541 542 540
f 541 543 542
f 543 544 542
f 544 545 542
f 545 546 542
f 545 547 546
f 545 548 547
f 549 550 551
f 549 551 552
f 552 551 553
f 552 553 3
f 554 555 556
f 554 556 557
f 558 559 560
f 558 560 561
f 562 563 564
f 562 564 565
f 566 567 568
f 566 568 569
f 570 571 572
f 570 572 573
f 574 575 576
f 574 576 577
f 577 576 578
f 577 578 579
f 580 581 582
f 580 582 583
f 583 582 584
f 583 584 585
f 586 587 588
f 586 588 589
f 590 591 592
f 590 592 593
f 594 595 596
f 594 596 597
f 598 599 600
f 598 600 601
f 602 603 604
f 602 604 605
f 606 607 608
f 606 608 609
f 610 611 612
f 610 612 613
f 614 615 616
f 614 616 617
f 618 619 620
f 618 620 621
f 622 623 624
f 622 624 625
f 626 627 628
f 626 628 629
f 630 631 632
f 630 632 633
f 634 635 636
f 634 636 637
f 638 639 640
f 638 640 641
f 642 643 644
f 642 644 645
f 646 647 648
f 646 648 649
f 650 651 652
f 650 652 653
f 654 655 656
f 654 656 657
f 658 659 660
f 658 660 661
f 662 663 664
f 662 664 665
f 666 667 668
f 666 668 669
f 670 671 672
f 670 672 673
v -1948.369 -77.42633 1887.952
v -1948.369 -60.28677 2009.469
v -1826.852 -75.08825 2009.469
v -1826.852 -80.16328 1887.952
v -1948.369 -83.44492 1766.436
v -1705.336 -59.10339 2009.469
v -1826.852 -62.24467 1766.436
v -1948.369 -60.77039 1644.919
v -1705.336 -69.48596 1887.952
v -1583.819 -87.50017 2009.469
v -1826.852 -50.98375 1644.919
v -1948.369 -89.72856 1523.402
v -1705.336 -51.12461 1766.436
v -1583.819 -71.16396 1887.952
v -1462.302 -55.10296 2009.469
v -1826.852 -58.81915 1523.402
v -1948.369 -61.53236 1401.885
v -1705.336 -72.24149 1644.919
v -1462.302 -76.36956 1887.952
v -1340.785 -78.26166 2009.469
v -1583.819 -73.60664 1766.436
v -1826.852 -79.60949 1401.885
v -1948.369 -76.1739 1280.368
v -1340.785 -75.6062 1887.952
v -1219.268 -64.16434 2009.469
v -1705.336 -79.71272 1523.402
v -1583.819 -57.24597 1644.919
v -1462.302 -86.63116 1766.436
v -1826.852 -58.18641 1280.368
v -1948.369 -54.59288 1158.851
v -1219.268 -68.7988 1887.952
v -1097.751 -65.43216 2009.469
v -1705.336 -65.41121 1401.885
v -1583.819 -68.14436 1523.402
v -1462.302 -84.09536 1644.919
v -1340.785 -52.31594 1766.436
v -1826.852 -59.61671 1158.851
v -1948.369 -52.30228 1037.335
v -1097.751 -66.81108 1887.952
v -976.2346 -78.47755 2009.469
v -1705.336 -54.28633 1280.368
v -1583.819 -84.37783 1401.885
v -1462.302 -66.77925 1523.402
v -1340.785 -70.07547 1644.919
v -1219.268 -70.89449 1766.436
v -976.2346 -74.53642 1887.952
v -854.7178 -56.66838 2009.469
v -1097.751 -78.40224 1766.436
v -1219.268 -80.47115 1644.919
v -1340.785 -59.62753 1523.402
v -1462.302 -68.23268 1401.885
v -854.7178 -68.46669 1887.952
v -733.201 -61.00753 2009.469
v -976.2346 -70.44396 1766.436
v -1097.751 -73.19624 1644.919
v -1219.268 -73.50973 1523.402
v -733.201 -62.06667 1887.952
v -611.6841 -77.78075 2009.469
v -854.7178 -59.19682 1766.436
v -976.2346 -51.23851 1644.919
v -611.6841 -55.21223 1887.952
v -490.1673 -64.36777 2009.469
v -733.201 -72.59121 1766.436
v -490.1673 -63.85313 1887.952
v -368.6505 -61.59547 2009.469
v -1340.785 -67.82641 1401.885
v -1097.751 -72.75222 1523.402
v -854.7181 -69.0343 1644.919
v -611.6855 -57.15084 1766.437
v -368.6505 -60.54282 1887.952
v -247.1337 -69.67964 2009.469
v -1219.268 -67.84292 1401.885
v -976.2378 -53.16501 1523.405
v -733.2039 -74.51239 1644.922
v -490.1717 -67.66794 1766.442
v -247.1337 -59.25401 1887.952
v -125.6168 -51.05648 2009.469
v -1097.752 -53.12437 1401.886
v -854.7173 -79.03008 1523.401
v -611.7324 -52.75235 1645.001
v -368.6646 -55.51466 1766.472
v -125.6168 -73.5052 1887.952
v -4.100003 -48.15692 2009.469
v -976.2665 -57.31866 1401.914
v -733.2203 -74.0334 1523.427
v -490.1554 -82.68369 1644.89
v -247.1414 -59.12889 1766.487
v -4.100003 -76.55226 1887.952
v 117.4168 -62.76956 2009.469
v -854.7739 -69.11787 1401.941
v -611.7216 -72.74034 1523.465
v -368.762 -41.34211 1645.318
v -125.6168 -56.35125 1766.503
v 117.4168 -69.32682 1887.952
v 238.9337 -62.95293 2009.469
v -732.8318 -109.1578 1401.445
v -490.2794 -63.43793 1523.661
v -247.2242 -28.53044 1645.593
v -4.107294 -97.00004 1766.387
v 238.9337 -81.06106 1887.952
v 360.4505 -79.28721 2009.469
v -612.5533 -17.58418 1403.185
v -368.8197 -52.23006 1523.991
v -125.6168 -84.86944 1644.815
v 117.4275 -61.0564 1766.463
v 360.4505 -63.26025 1887.952
v 481.9673 -50.3829 2009.469
v -490.5471 -48.27151 1402.642
v -247.1869 -62.1791 1523.772
v -4.112954 -85.01299 1644.822
v 238.939 -65.21928 1766.443
v 481.9673 -66.49582 1887.952
v 603.4842 -69.83773 2009.469
v -368.6479 -72.26259 1401.878
v -125.6182 -52.54437 1524.067
v 117.4132 -79.48401 1644.905
v 360.4509 -71.44108 1766.436
v 603.4842 -42.945 1887.952
v 725.001 -63.27497 2009.469
v -247.3279 -41.84647 1403.017
v -4.096567 -74.03998 1523.436
v 238.9728 -61.21981 1645.054
v 481.9673 -63.74604 1766.436
v 725.001 -77.01633 1887.952
v 846.5178 -52.92408 2009.469
v -125.6836 -37.86092 1403.265
v 117.5613 -42.10573 1524.411
v 360.4554 -73.31092 1644.949
v 603.4842 -84.65635 1766.436
v 846.5178 -79.02992 1887.952
v 968.0346 -78.8481 2009.469
v -4.09994 -71.31546 1401.861
v 238.9699 -67.3743 1523.684
v 481.9677 -64.89143 1644.985
v 725.001 -80.13681 1766.436
v 968.0346 -71.5863 1887.952
v 1089.551 -72.25806 2009.469
v 117.4213 -63.97842 1402.265
v 360.5286 -46.86315 1524.283
v 603.4852 -46.06991 1645.073
v 846.5178 -67.41968 1766.436
v 1089.551 -78.80955 1887.952
v 1211.068 -78.26804 2009.469
v 238.917 -79.1623 1401.409
v 481.9759 -71.38328 1523.566
v 725.0087 -66.51489 1644.967
v 968.0346 -51.06121 1766.436
v 1211.068 -71.18703 1887.952
v 1332.585 -87.55615 2009.469
v 360.5132 -55.50077 1402.859
v 603.4844 -77.24317 1523.405
v 846.5323 -63.29504 1644.956
v 1089.551 -55.84289 1766.436
v 1332.585 -70.52277 1887.952
v 1454.102 -50.39154 2009.469
v 481.9654 -72.4819 1401.864
v 725.0217 -70.63946 1523.549
v 968.0303 -85.57668 1644.912
v 1211.068 -90.41017 1766.436
v 1454.102 -47.67872 1887.952
v 1575.619 -47.15606 2009.469
v 603.6002 -53.40639 1402.888
v 846.5533 -70.38104 1523.529
v 1089.553 -64.66725 1644.92
v 1332.585 -41.90167 1766.436
v 1575.619 -51.55251 1887.952
v 1697.136 -47.54413 2009.469
v 725.1207 -58.02127 1402.578
v 968.0738 -69.63057 1523.497
v 1211.068 -59.87078 1644.919
v 1454.102 -55.28245 1766.436
v 1697.136 -73.12222 1887.952
v 1818.652 -67.87676 2009.469
v 846.5613 -70.53058 1402.036
v 1089.611 -57.94321 1523.504
v 1332.585 -67.86375 1644.919
v 1575.619 -89.74361 1766.436
v 1818.652 -63.14409 1887.952
v 1940.169 -85.80298 2009.469
v 1940.169 -89.09673 1887.952
v 1697.136 -57.89705 1766.436
v 1818.652 -51.59981 1766.436
v 1940.169 -77.00187 1766.436
v 1454.102 -49.74214 1644.919
v 1211.064 -82.79185 1523.397
v 1575.619 -63.48391 1644.919
v 1818.652 -60.05933 1644.919
v 1940.169 -79.14132 1644.919
v 1697.136 -52.56494 1644.919
v 1332.586 -60.86698 1523.403
v 1818.652 -73.17969 1523.402
v 1940.169 -65.15776 1523.402
v 1454.102 -68.47624 1523.402
v 1697.136 -73.48694 1523.402
v 1575.619 -61.46951 1523.402
v 1818.652 -56.13982 1401.885
v 1940.169 -65.19379 1401.885
v 1697.136 -65.35696 1401.885
v 1575.619 -70.87616 1401.885
v 1454.105 -62.14283 1401.888
v 1332.613 -64.84705 1401.917
v 1818.652 -79.66384 1280.368
v 1940.169 -69.27841 1280.368
v 1697.136 -50.64716 1280.368
v 1575.62 -59.31326 1280.369
v 1454.097 -80.81411 1280.364
v 1818.652 -63.29231 1158.851
v 1940.169 -62.60239 1158.851
v 1697.136 -65.24471 1158.851
v 1575.654 -49.56602 1158.882
v 1818.652 -61.79467 1037.335
v 1940.169 -45.39442 1037.335
v 1697.135 -82.76192 1037.334
v 1818.652 -71.08533 915.8177
v 1940.169 -42.59451 915.8177
v 1332.566 -80.46127 1280.349
v 1454.418 -42.12033 1159.093
v 1575.653 -71.64731 1037.355
v 1697.154 -57.65982 915.8306
v 1818.652 -88.09471 794.3009
v 1940.169 -49.33271 794.3009
v 1332.996 -57.58247 1159.196
v 1453.796 -93.84118 1037.153
v 1575.851 -56.89975 915.9133
v 1697.196 -53.9949 794.3242
v 1818.652 -66.10948 672.7841
v 1940.169 -78.616 672.7841
v 1333.162 -57.38442 1037.72
v 1453.694 -89.76749 915.6418
v 1575.877 -62.54963 794.3727
v 1697.213 -59.54171 672.7963
v 1818.652 -65.92014 551.2673
v 1940.169 -71.48873 551.2673
v 1333.044 -61.11249 916.0479
v 1455.532 -37.24245 794.7112
v 1576.678 -27.28979 672.9284
v 1697.133 -79.0956 551.2673
v 1818.652 -67.29493 429.7504
v 1940.169 -67.93012 429.7504
v 1333.487 -51.91851 794.6025
v 1453.99 -75.86462 672.7681
v 1576.149 -53.97124 551.2673
v 1697.194 -64.02155 429.7411
v 1818.652 -84.23222 308.2336
v 1940.169 -70.85748 308.2336
v 1333.887 -44.9396 673.0021
v 1453.816 -79.16141 551.2673
v 1575.281 -93.58003 429.7964
v 1697.178 -61.33611 308.2173
v 1818.652 -67.01296 186.7168
v 1940.169 -66.94307 186.7168
v 1333.329 -53.98442 551.2673
v 1454.713 -59.41345 429.6629
v 1575.836 -65.0843 308.1752
v 1697.162 -56.29971 186.71
v 1818.653 -73.99384 65.20041
v 1940.169 -62.51999 65.19998
v 1333.322 -54.4349 429.6318
v 1455.706 -34.3603 307.8638
v 1575.508 -86.57137 186.7259
v 1697.168 -69.14205 65.22661
v 1818.693 -55.95716 -56.28225
v 1940.169 -70.9024 -56.31684
v 1333.132 -59.3574 308.1433
v 1454.733 -60.05941 186.7197
v 1575.511 -84.2495 65.13883
v 1697.096 -81.76247 -56.34741
v 1818.739 -66.27049 -177.7835
v 1940.176 -61.42413 -177.8274
v 1337.682 6.344835 187.3112
v 1454.623 -63.94032 65.43151
v 1575.741 -72.2022 -56.22298
v 1697.739 -54.55027 -177.4766
v 1819.268 -38.00123 -299.095
v 1940.171 -77.77092 -299.349
v 1333.128 -60.13884 65.42612
v 1453.543 -80.229 -56.69656
v 1576.017 -64.32358 -177.5719
v 1698.652 -38.8944 -298.6956
v 1819.143 -57.09514 -420.731
v 1940.311 -58.3702 -420.8129
v 1334.156 -44.09659 -55.40072
v 1454.305 -61.93476 -177.6962
v 1577.122 -45.7503 -298.6157
v 1697.323 -69.26342 -420.8134
v 1819.143 -60.69928 -542.3174
v 1940.407 -57.96033 -542.3463
v 1328.851 -91.56189 -180.2225
v 1454.569 -53.06238 -299.1028
v 1576.228 -56.62121 -420.6708
v 1699.955 -25.88011 -541.979
v 1818.597 -78.61038 -663.9009
v 1940.473 -55.84361 -663.9009
v 1336.197 -12.58872 -297.3221
v 1454.53 -48.70963 -420.7191
v 1576.554 -50.97153 -542.2365
v 1696.247 -84.19406 -663.9009
v 1819.167 -59.92312 -785.4877
v 1940.461 -53.25129 -785.4643
v 1332.969 -35.40528 -420.722
v 1453.752 -52.62247 -542.4401
v 1573.052 -89.51297 -663.8842
v 1698.227 -53.58576 -785.5746
v 1818.784 -72.21709 -906.9711
v 1940.214 -72.15558 -906.9519
v 1335.37 -12.30589 -541.9288
v 1460.804 12.3532 -664.0803
v 1575.705 -60.64191 -785.4326
v 1697.785 -60.80221 -907.121
v 1818.822 -67.2921 -1028.522
v 1940.207 -63.70585 -1028.477
v 1337.792 8.078118 -664.1918
v 1454.448 -46.69317 -785.4921
v 1574.262 -81.72828 -906.4797
v 1697.44 -67.68015 -1028.583
v 1818.634 -81.21246 -1149.958
v 1940.169 -79.81382 -1149.968
v 1331.182 -48.1412 -785.025
v 1458.756 -3.318949 -908.8306
v 1576.557 -53.54893 -1028.922
v 1697.494 -63.73668 -1150.18
v 1818.659 -74.75695 -1271.491
v 1940.169 -52.54162 -1271.485
v 1334.423 -23.66699 -907.8747
v 1451.261 -95.07907 -1026.736
v 1575.321 -78.25806 -1149.769
v 1697.385 -58.24097 -1271.676
v 1818.651 -92.56232 -1393.001
v 1940.169 -87.32479 -1393.002
v 1331.292 -64.00863 -1027.479
v 1455.504 -42.58259 -1151.091
v 1576.426 -49.43398 -1272.162
v 1697.203 -58.23977 -1393.062
v 1818.652 -88.5989 -1514.519
v 1940.169 -69.25844 -1514.519
v 1331.225 -77.05528 -1148.611
v 1454.628 -59.31627 -1272.011
v 1575.893 -57.49549 -1393.276
v 1697.139 -67.66412 -1514.522
v 1818.652 -74.74888 -1636.036
v 1940.169 -68.34179 -1636.036
v 1332.999 -56.7658 -1272.001
v 1453.58 -96.48063 -1392.379
v 1575.622 -77.4473 -1514.522
v 1697.136 -60.07547 -1636.036
v 1818.652 -51.37538 -1757.552
v 1940.169 -61.91761 -1757.552
v 1818.652 -76.69585 -1879.069
v 1940.169 -98.69806 -1879.069
v 1697.136 -75.9145 -1879.069
v 1697.136 -50.70341 -1757.552
v 1575.619 -76.31062 -1879.069
v 1575.619 -68.77541 -1757.552
v 1454.102 -68.41526 -1879.069
v 1575.622 -38.48733 -1636.039
v 1454.102 -64.31854 -1757.552
v 1332.585 -77.54974 -1879.069
v 1454.114 -70.94316 -1636.049
v 1332.591 -49.35256 -1757.558
v 1211.068 -72.81232 -1879.069
v 1454.3 -57.47857 -1514.778
v 1211.061 -87.51177 -1757.541
v 1089.551 -74.30653 -1879.069
v 1332.707 -48.75386 -1636.244
v 1332.559 -78.80631 -1514.474
v 1089.596 -45.30328 -1757.668
v 968.0346 -54.93466 -1879.069
v 1211.165 -63.15784 -1636.268
v 1333.468 -45.26985 -1394.322
v 968.0456 -66.65025 -1757.621
v 846.5178 -60.39197 -1879.069
v 1089.874 -28.92601 -1637.194
v 1210.909 -83.67546 -1514.15
v 1210.548 -83.87634 -1391.964
v 846.5178 -88.70598 -1757.485
v 725.001 -59.87613 -1879.069
v 968.0927 -62.83453 -1636.463
v 1089.774 -58.52841 -1515.292
v 1213.282 -12.73244 -1275.134
v 724.9907 -67.42022 -1757.617
v 603.4842 -94.57452 -1879.069
v 846.5178 -68.55143 -1636.303
v 1089.254 -75.39906 -1392.128
v 968.3832 -32.58198 -1516.922
v 1212.169 -32.01487 -1151.402
v 603.4653 -64.57562 -1757.601
v 481.9673 -68.0287 -1879.069
v 724.9651 -68.29176 -1636.3
v 846.5101 -91.48133 -1513.145
v 1089.335 -58.95638 -1270.974
v 968.4514 -35.69922 -1395.29
v 1209.425 -57.3798 -1026.85
v 481.9565 -65.91613 -1757.568
v 360.4505 -69.67678 -1879.069
v 603.4233 -68.54473 -1636.254
v 724.7139 -36.71493 -1516.715
v 846.4794 -74.43346 -1391.702
v 1090.228 -29.1577 -1151.209
v 968.1436 -45.34048 -1271.932
v 360.4496 -73.52456 -1757.553
v 238.9337 -78.01062 -1879.069
v 481.9325 -72.93208 -1636.119
v 603.4011 -67.26248 -1514.829
v 724.9574 -57.41393 -1393.371
v 846.426 -58.55842 -1270.145
v 968.7747 -16.05943 -1152.23
v 238.9337 -65.51434 -1757.552
v 117.4168 -73.50896 -1879.069
v 360.4371 -75.33179 -1636.058
v 481.6637 -58.21557 -1515.271
v 602.9626 -41.90545 -1394.964
v 725.0583 -52.07662 -1270.927
v 117.4168 -70.35374 -1757.552
v -4.100003 -70.43848 -1879.069
v 238.9273 -74.43681 -1636.043
v 360.646 -89.16263 -1514.167
v 480.9301 -35.45491 -1395.521
v -4.100003 -43.62865 -1757.552
v -125.6168 -77.68105 -1879.069
v 117.4164 -74.3167 -1636.036
v 238.9492 -80.06325 -1514.497
v -125.6168 -68.1722 -1757.552
v -247.1337 -70.21165 -1879.069
v -4.100003 -71.68142 -1636.036
v -247.1337 -73.57235 -1757.552
v -368.6505 -80.185 -1879.069
v 601.6497 7.275018 -1278.232
v 360.2081 -64.52633 -1393.438
v 117.4108 -76.82576 -1514.526
v -125.6168 -72.85494 -1636.036
v -368.6505 -64.50706 -1757.552
v -490.1673 -64.2025 -1879.069
v 481.4602 -44.39531 -1272.642
v 239.1815 -84.33903 -1392.645
v -4.102532 -71.72122 -1514.521
v -247.1337 -58.56779 -1636.036
v -490.1673 -56.19089 -1757.552
v -611.6841 -71.38746 -1879.069
v 357.8822 -14.17172 -1275.772
v 117.5181 -84.61668 -1392.875
v -125.6168 -67.99969 -1514.519
v -368.6505 -77.78046 -1636.036
v -611.6841 -65.69228 -1757.552
v -733.201 -82.89782 -1879.069
v 238.4877 -59.8429 -1272.08
v -4.075328 -83.49554 -1392.973
v -247.1337 -67.57157 -1514.519
v -490.1673 -68.62267 -1636.036
v -733.201 -80.64326 -1757.552
v -854.7178 -74.40565 -1879.069
v 115.0553 -13.00387 -1274.194
v -125.6366 -52.70444 -1393.025
v -368.6505 -57.56967 -1514.519
v -611.6841 -63.99244 -1636.036
v -854.7178 -56.22665 -1757.552
v -976.2346 -57.17252 -1879.069
v -4.195638 -72.90964 -1271.59
v -247.134 -66.16456 -1393.002
v -490.1673 -67.20858 -1514.519
v -733.201 -63.97089 -1636.036
v -976.2346 -83.3894 -1757.552
v -1097.751 -61.60466 -1879.069
v -125.6726 -69.11488 -1271.551
v -368.6505 -69.7995 -1393.002
v -611.6841 -82.67123 -1514.519
v -854.7178 -62.07369 -1636.036
v -1097.751 -65.21434 -1757.552
v -1219.268 -77.78335 -1879.069
v -247.1514 -64.75191 -1271.505
v -490.1673 -73.18534 -1393.002
v -733.201 -46.52522 -1514.519
v -976.2346 -59.99601 -1636.036
v -1219.268 -72.67197 -1757.552
v -1340.785 -71.01668 -1879.069
v -368.6517 -68.73413 -1271.486
v -611.6841 -82.37225 -1393.002
v -854.7178 -54.86352 -1514.519
v -1097.751 -65.01223 -1636.036
v -1340.785 -64.02316 -1757.552
v -1462.302 -75.8893 -1879.069
v -490.1673 -83.32355 -1271.485
v -733.201 -71.49009 -1393.002
v -976.2346 -62.11602 -1514.519
v -1219.268 -58.37287 -1636.036
v -1462.302 -77.38069 -1757.552
v -1583.819 -60.94271 -1879.069
v -611.6841 -50.02881 -1271.485
v -854.7178 -67.26205 -1393.002
v -1097.751 -53.94506 -1514.519
v -1340.785 -95.41657 -1636.036
v -1583.819 -80.98584 -1757.552
v -1705.336 -59.03312 -1879.069
v -733.201 -70.66134 -1271.485
v -976.2346 -65.06522 -1393.002
v -1219.268 -79.09322 -1514.519
v -1462.302 -57.98763 -1636.036
v -1705.336 -70.94421 -1757.552
v -1826.852 -62.57273 -1879.069
v -854.7178 -79.00771 -1271.485
v -1097.751 -60.2286 -1393.002
v -1340.785 -60.08503 -1514.519
v -1583.819 -79.67424 -1636.036
v -1826.852 -80.59427 -1757.552
v -1948.369 -38.91045 -1879.069
v -1948.369 -68.17628 -1757.552
v -1705.336 -55.91612 -1636.036
v -1826.852 -72.61369 -1636.036
v -1948.369 -71.16874 -1636.036
v -1462.302 -71.89336 -1514.519
v -1219.268 -84.3973 -1393.002
v -1583.819 -56.01441 -1514.519
v -1826.852 -53.99537 -1514.519
v -1948.369 -81.42828 -1514.519
v -1705.336 -70.71349 -1514.519
v -1340.785 -71.42138 -1393.002
v -1826.852 -64.56004 -1393.002
v -1948.369 -85.17796 -1393.002
v -1462.302 -82.00108 -1393.002
v -1705.336 -80.10224 -1393.002
v -1583.819 -80.05654 -1393.002
v -1826.852 -49.5856 -1271.485
v -1948.369 -67.16958 -1271.485
v -1705.336 -58.51411 -1271.485
v -1583.819 -80.36867 -1271.485
v -1462.302 -48.89988 -1271.485
v -1340.785 -70.68562 -1271.485
v -1826.852 -60.60654 -1149.968
v -1948.369 -59.02846 -1149.968
v -1705.336 -74.04386 -1149.968
v -1583.819 -77.15215 -1149.968
v -1462.302 -60.51573 -1149.968
v -1826.852 -68.39589 -1028.451
v -1948.369 -63.75967 -1028.451
v -1705.336 -52.13921 -1028.451
v -1583.82 -66.80733 -1028.452
v -1826.852 -57.97186 -906.9346
v -1948.369 -50.5854 -906.9346
v -1705.335 -81.08532 -906.934
v -1826.853 -71.47577 -785.4185
v -1948.369 -67.37292 -785.4178
v -1340.786 -74.05677 -1149.969
v -1462.319 -65.45726 -1028.471
v -1583.831 -73.75854 -906.9481
v -1705.381 -62.31078 -785.4586
v -1826.874 -64.39835 -663.9191
v -1948.369 -51.44143 -663.9009
v -1340.844 -61.48866 -1028.553
v -1462.238 -86.52744 -906.8508
v -1583.915 -69.79762 -785.5137
v -1705.6 -53.30769 -664.1026
v -1826.907 -69.51379 -542.4156
v -1948.37 -76.80011 -542.3847
v -1340.527 -96.56513 -906.4982
v -1462.636 -60.97349 -785.8164
v -1584.274 -58.78634 -664.2819
v -1705.278 -79.89934 -542.3498
v -1827.013 -66.06094 -420.9339
v -1948.418 -56.16422 -420.9009
v -1341.314 -54.17057 -786.2095
v -1463.372 -44.04291 -664.9715
v -1584.695 -52.13753 -542.9697
v -1704.771 -91.23631 -420.6237
v -1827.993 -21.35266 -299.6681
v -1948.458 -63.6545 -299.3843
v -1342.152 -34.90744 -665.6078
v -1464.093 -33.32895 -543.8179
v -1583.752 -70.76793 -420.8336
v -1704.705 -87.18758 -299.1693
v -1826.894 -75.69653 -177.8394
v -1948.433 -72.13998 -177.8438
v -1342.116 -36.33697 -543.7151
v -1461.823 -69.07549 -420.5789
v -1585.31 -43.70206 -299.8491
v -1706.937 -42.00255 -178.0636
v -1826.844 -77.43589 -56.31684
v -1948.57 -60.9132 -56.31684
v -1339.962 -65.47035 -420.2495
v -1464.871 -23.57679 -300.3809
v -1584.857 -49.84056 -178.0072
v -1705.649 -66.06639 -56.31684
v -1827.963 -33.67726 65.35065
v -1948.559 -59.22435 65.23018
v -1343.318 -14.85597 -300.62
v -1465.742 -12.64808 -178.5239
v -1584.137 -59.14955 -56.31684
v -1705.586 -67.49982 65.23592
v -1826.938 -73.68445 186.7404
v -1948.448 -65.43115 186.7466
v -1340.582 -46.33694 -177.7828
v -1460.705 -72.20036 -56.31684
v -1583.417 -69.7517 65.1328
v -1706.008 -59.08033 186.91
v -1827.247 -48.06969 308.3969
v -1948.354 -85.74945 308.223
v -1340.623 -44.47338 -56.31684
v -1465.307 -17.91478 65.80309
v -1583.635 -69.16471 186.6553
v -1704.868 -88.53025 308.0318
v -1826.896 -71.35249 429.7755
v -1948.369 -78.49675 429.7505
v -1340.34 -49.23726 65.08849
v -1463.438 -42.42077 187.1725
v -1583.707 -71.57043 308.1777
v -1706.036 -46.53616 430.1653
v -1826.856 -76.05089 551.2706
v -1948.369 -65.59788 551.2673
v -1340.973 -45.30981 186.802
v -1463.569 -42.61193 308.9959
v -1585.34 -36.68441 430.7667
v -1705.389 -73.39571 551.3083
v -1826.852 -80.7516 672.7839
v -1948.369 -51.22073 672.7841
v -1340.646 -55.08014 308.1572
v -1464.604 -23.70804 431.5933
v -1585.052 -28.69592 552.2997
v -1705.418 -48.85587 672.8586
v -1826.852 -61.15151 794.3009
v -1948.369 -86.64895 794.3009
v -1341.234 -54.13258 430.0859
v -1461.61 -90.4299 550.5756
v -1584.196 -44.57483 673.1618
v -1705.343 -50.44269 794.3078
v -1826.852 -72.39184 915.8177
v -1948.369 -63.05822 915.8177
v -1341.623 -51.669 552.1927
v -1462.746 -55.87001 673.3148
v -1583.84 -69.96358 794.325
v -1705.336 -82.08788 915.8177
v -1826.852 -63.60162 1037.335
v -1705.336 -74.49986 1037.335
v -1705.336 -74.89329 1158.851
v -1583.82 -61.04476 915.8194
v -1462.271 -82.39098 794.2605
v -1583.819 -84.99986 1037.335
v -1583.819 -62.69061 1280.368
v -1583.819 -76.89181 1158.851
v -1462.302 -65.64886 1280.368
v -1462.311 -71.79494 915.828
v -1462.302 -50.40266 1037.335
v -1462.302 -63.63651 1158.851
v -1340.785 -51.4411 1280.368
v -1340.785 -84.76976 1158.851
v -1219.268 -49.68246 1280.368
v -1340.787 -65.44365 1037.337
v -1340.834 -64.41938 915.9023
v -1219.27 -59.88491 1158.853
v -1097.774 -49.86224 1280.388
v -1219.284 -66.73444 1037.352
v -1341.158 -49.65721 794.93
v -1097.829 -54.10525 1158.897
v -976.3864 -51.54994 1280.484
v -1219.357 -65.73681 915.9906
v -1341.493 -49.80105 673.8146
v -1097.892 -61.14735 1037.436
v -976.4551 -59.83939 1158.982
v -855.0584 -52.84705 1280.654
v -1219.414 -70.89366 794.5295
v -1220.354 -59.42188 673.8981
v -1098.276 -49.57497 916.5307
v -976.449 -66.21351 1037.476
v -855.0984 -58.68081 1159.106
v -733.5469 -58.22589 1280.714
v -1101.661 -24.75447 800.283
v -1223.162 -41.79087 553.6484
v -975.778 -87.60136 915.2463
v -855.1012 -60.85601 1037.6
v -733.501 -61.87995 1159.092
v -612.1808 -50.64018 1280.989
v -1097.711 -52.27758 672.739
v -1225.99 -23.11548 431.3452
v -978.8054 -41.91177 800.0553
v -854.772 -69.02905 915.9061
v -734.7435 -27.66724 1038.522
v -613.2218 -20.93168 1160.389
v -489.5685 -97.72867 1279.372
v -368.8097 -57.52261 1280.764
v -489.8395 -74.82431 1158.393
v -613.8834 -29.08864 1039.355
v -731.4268 -109.3083 913.2234
v -854.4407 -64.22591 792.2473
v -247.4055 -41.30492 1281.493
v -369.1352 -40.02318 1160.154
v -490.6679 -52.05337 1038.075
v -616.5001 -16.40578 919.5771
v -125.8239 -42.49742 1281.59
v -247.1344 -59.84761 1158.855
v -369.422 -25.09555 1041.276
v -4.155967 -57.57486 1280.774
v -125.4035 -68.50919 1158.119
v 117.3711 -55.89292 1280.879
v -733.3293 -65.72699 792.1473
v -492.4416 -20.47019 918.1788
v -247.2361 -59.81271 1036.235
v -4.573078 -31.30621 1160.633
v 238.9754 -86.4174 1278.39
v -612.884 -35.24176 796.1771
v -368.5382 -22.37602 915.2036
v -125.8608 -20.1544 1039.97
v 116.8247 -11.47244 1162.349
v 360.3559 -82.84067 1278.66
v -484.5533 -51.13224 792.1777
v -246.5847 -18.67563 917.0322
v -4.131154 -43.91832 1037.42
v 238.9212 -48.88757 1159.055
v 482.1442 -46.13581 1281.741
v -370.6685 62.90456 796.816
v -125.4411 -34.28988 916.3312
v 117.323 -37.33801 1037.699
v 360.571 -25.86794 1161.196
v 603.5032 -63.45802 1280.469
v -243.21 26.78624 795.6622
v -4.504606 -21.95539 916.8128
v 238.8236 -28.07041 1038.371
v 482.3298 -27.83528 1161.083
v 725.1467 -57.3163 1280.965
v -122.7609 17.38278 796.0821
v 116.4071 4.528457 918.3918
v 360.4482 -39.92583 1037.287
v 604.0579 -29.11664 1161.031
v -4.328351 -21.39912 794.6295
v 238.4139 9.604958 918.7538
v 482.1745 -29.37374 1038.37
v 116.07 16.0649 796.1912
v 360.5559 6.8306 918.5977
v 237.9463 35.18512 797.2145
v 724.9424 -60.11934 1158.681
v 603.9974 -26.62595 1038.816
v 482.1855 -19.18158 916.6788
v 360.462 -3.061852 795.248
v 846.7618 -55.66257 1281.075
v 967.901 -86.45633 1401.576
v 1090.056 -32.31622 1402.736
v 968.1971 -64.05328 1280.692
v 845.9207 -81.9986 1157.491
v 725.7405 -27.92871 1038.9
v 603.8327 -23.77066 916.5662
v 1211.125 -69.92052 1401.96
v 1089.987 -55.24831 1281.019
v 1211.112 -74.33521 1280.42
v 967.8593 -70.01645 1158.56
v 847.0638 -38.90546 1038.27
v 1089.314 -75.76823 1158.555
v 1210.739 -83.797 1158.522
v 968.9086 -37.22816 1038.491
v 724.0843 -58.87378 914.4261
v 1211.136 -67.49396 1037.389
v 1090.437 -44.19202 1038.22
v 847.2907 -29.21652 916.7679
v 1210.484 -75.37939 915.4666
v 1091.802 -17.61789 917.5065
v 968.8168 -35.93516 916.5853
v 1211.118 -60.22176 794.3209
v 1090.285 -41.51501 794.6682
v 965.9231 -80.38613 792.9386
v 845.8509 -49.74801 793.7706
v 724.8857 -33.27707 794.1865
v 1213.793 -18.63401 673.3311
v 1091.964 -14.92422 673.3891
v 966.1046 -71.04359 672.1678
v 847.8541 -12.56066 673.3053
v 1209.713 -76.99285 551.2667
v 1090.683 -32.94981 551.2794
v 966.548 -61.94889 551.2101
v 1212.987 -31.29869 429.4512
v 1091.434 -24.56263 429.5387
v 1211.909 -49.5053 308.1867
v 725.8091 -11.8095 673.1839
v 848.665 -0.3525895 551.4642
v 968.4381 -35.37728 429.7364
v 1089.08 -56.71823 308.2038
v 1211.888 -50.34722 186.9115
v 723.4609 -48.61285 550.9523
v 847.0052 -26.62937 429.834
v 969.5411 -22.85489 308.5363
v 1093.685 -3.336343 188.1708
v 1212.537 -40.604 65.86327
v 725.5017 -17.20064 430.0168
v 849.9518 -1.042647 309.4806
v 967.9243 -38.55209 186.6695
v 1089.142 -46.91593 64.98216
v 1209.878 -59.92553 -56.99186
v 726.6402 1.51191 309.3003
v 846.6188 -23.92753 186.7477
v 968.5509 -25.42642 65.5042
v 1096.061 26.3993 -52.23733
v 1211.526 -36.53725 -177.5488
v 726.2286 7.44373 187.0086
v 849.1367 3.492972 65.94621
v 972.533 27.53979 -52.90741
v 1094.446 18.63131 -174.5679
v 1213.616 -9.751961 -297.8275
v 728.8385 35.07296 64.4301
v 845.4 -29.0634 -57.11307
v 966.1709 -35.31683 -179.371
v 1089.55 -17.57812 -299.3516
v 1213.161 -6.162636 -419.9516
v 727.0214 35.71318 -55.68365
v 847.3896 10.55771 -176.7545
v 970.4007 22.35271 -297.4229
v 1086.665 -35.24357 -422.3845
v 1216.267 22.72979 -541.4296
v 725.1293 6.838429 -177.3801
v 846.4304 1.707446 -299.4651
v 970.3264 30.53756 -419.2806
v 1090.65 6.55222 -542.1345
v 1213.55 2.121041 -664.1293
v 725.1302 25.34221 -298.2578
v 846.2061 4.111178 -421.2414
v 968.1788 10.784 -542.3385
v 1091.918 18.80658 -664.2446
v 1213.625 0.5371457 -786.3784
v 725.002 29.83514 -420.1083
v 847.3986 38.62902 -541.8646
v 970.3676 38.80138 -664.4943
v 1088.638 -16.08313 -784.9294
v 1210.778 -31.24687 -906.7405
v 1091.595 6.533287 -908.8531
v 1092.321 9.225751 -1032.23
v 966.8132 -12.57407 -784.3439
v 847.6278 47.56683 -664.6418
v 969.0641 -0.07492514 -1030.758
v 969.4534 16.02526 -909.1121
v 846.4999 10.27472 -785.378
v 846.6697 -21.06423 -1151.318
v 846.7697 -3.19256 -1029.969
v 846.9695 16.35417 -908.725
v 724.8986 -23.49498 -1151.01
v 724.9035 -7.624123 -1029.375
v 601.8649 6.692739 -1155.293
v 724.8367 12.1116 -908.2258
v 481.0599 -25.77323 -1151.768
v 603.0464 -9.038651 -1029.644
v 724.9175 18.12656 -785.8784
v 358.8361 -26.95625 -1152.287
v 602.2676 19.71082 -909.4462
v 482.8601 -38.45726 -1027.007
v 725.0175 17.01402 -663.8604
v 236.7124 -28.61868 -1152.504
v 360.4444 -36.09704 -1028.458
v 482.1371 -14.46769 -906.728
v 602.2222 30.46013 -787.1089
v 724.8551 40.55429 -541.9752
v 116.6547 -55.48293 -1150.708
v 236.5899 -22.7138 -1030.617
v 357.6667 3.329529 -909.375
v 604.3173 -1.048026 -663.4404
v 481.0625 8.585851 -786.1353
v 602.9149 26.09454 -542.2416
v -3.312411 -93.35831 -1149.251
v 115.1888 -33.2719 -1030.194
v 237.3849 -23.28932 -908.012
v 358.253 5.448634 -786.683
v 482.8962 -5.416548 -663.5797
v 601.1522 62.79049 -418.7661
v -125.6065 -78.0357 -1149.958
v -5.246681 -51.08424 -1029.27
v 115.8513 -35.91225 -907.8644
v 238.184 -22.82573 -785.7654
v 359.8907 -3.455593 -664.0479
v 481.1583 15.17831 -542.3067
v -247.2635 -56.79449 -1150.098
v -126.43 -51.86471 -1029.061
v -5.395648 -46.60695 -907.7666
v 118.3556 -53.06813 -784.8973
v 237.4988 -11.9883 -664.2804
v 359.3779 2.328326 -542.3124
v 482.3061 -0.8826201 -421.0108
v -368.657 -73.42792 -1149.976
v -246.9759 -89.24773 -1028.291
v -126.0804 -60.59439 -907.4836
v -5.572874 -32.50607 -787.6359
v 116.7071 -29.6752 -664.4989
v 237.7022 -11.34916 -542.3564
v -490.1572 -64.19167 -1149.985
v -368.6786 -63.94743 -1028.599
v -247.3596 -62.60203 -907.6069
v -125.8118 -51.03196 -787.0962
v -4.003608 -34.07758 -665.1066
v -611.6659 -62.43885 -1150.016
v -490.0616 -55.50806 -1028.765
v -368.8556 -40.99757 -908.6221
v -247.3746 -45.81002 -788.4229
v -733.195 -70.7912 -1150.006
v -611.8316 -104.1529 -1027.922
v -490.1747 -76.45044 -906.8926
v -125.9232 -44.05432 -662.4043
v -368.7619 -62.9198 -786.0015
v -247.1443 -28.52507 -664.8964
v -854.7178 -56.78756 -1150.092
v -733.0746 -40.72444 -1029.383
v -611.4298 -53.99296 -907.8499
v -490.0436 -77.33401 -784.5425
v -367.3062 -56.78034 -659.4277
v -976.2346 -78.39074 -1271.485
v -1097.751 -60.18229 -1271.485
v -976.2388 -73.16659 -1149.995
v -854.7178 -40.94551 -1029.44
v -733.0733 -55.44481 -907.8237
v -611.5305 -50.33538 -786.6689
v -1219.268 -63.98361 -1271.485
v -1097.748 -81.88758 -1149.959
v -1219.28 -62.94585 -1149.985
v -976.3488 -44.26157 -1029.293
v -854.7178 -59.84715 -907.5912
v -1219.278 -76.64029 -1028.475
v -1097.746 -78.91822 -1028.431
v -1219.187 -80.75426 -906.7456
v -976.491 -38.54093 -908.7195
v -1097.737 -74.67018 -906.8842
v -732.7236 -23.88897 -788.3422
v -1219.717 -53.40777 -786.312
v -1098.41 -36.42978 -787.387
v -975.9837 -84.95876 -783.9163
v -854.7178 -61.5922 -785.5543
v -1218.807 -73.42316 -663.1348
v -1099.364 -4.479799 -667.9216
v -976.3421 -47.88453 -664.4364
v -854.7178 -83.94868 -661.3102
v -733.1155 -46.7157 -664.5698
v -1219.675 -45.34375 -542.926
v -1098.97 -16.17033 -544.8156
v -976.3318 -39.24857 -542.772
v -854.7178 -22.96955 -544.061
v -1220.793 -20.20692 -422.3925
v -1099.364 -3.619486 -423.2828
v -976.5098 -22.91666 -421.6905
v -1219.863 -29.82943 -299.7477
v -1098.641 -13.86752 -300.2404
v -1220.115 -22.61173 -178.1165
v -733.1592 -31.0576 -543.5503
v -854.7178 -4.509152 -423.0121
v -976.1474 -28.39248 -299.1763
v -1098.206 -17.55142 -178.0614
v -1221.156 -7.835482 -56.31684
v -733.1998 -24.42109 -421.5766
v -854.7191 19.60776 -301.9339
v -976.4333 -13.42377 -178.0323
v -1099.016 -3.263236 -56.36889
v -1219.587 -30.3075 65.23846
v -733.0422 -10.87684 -300.0952
v -854.7233 -13.42977 -177.9745
v -976.8699 -2.335484 -56.52015
v -1101.334 5.790244 63.62235
v -1223.075 -12.77711 186.4607
v -732.4156 14.7158 -178.9568
v -854.8129 0.9220114 -56.71889
v -977.5878 -4.467371 63.24745
v -1102.804 1.831549 183.6493
v -1223.833 -23.9798 308.0742
v -1104.285 25.9406 306.1208
v -981.5645 46.18879 178.999
v -854.9028 4.162845 62.26083
v -1110.349 43.47647 431.4069
v -983.7336 103.0239 302.61
v -855.072 64.37019 178.9073
v -1094.722 -12.81699 549.3566
v -994.144 145.3741 432.52
v -854.6204 117.6511 309.5297
v -980.6337 6.207469 681.1118
v -977.1108 68.03491 552.212
v -854.6067 10.69001 671.1686
v -854.0912 131.7561 428.4379
v -855.2849 118.0479 558.9095
v -731.6827 8.43451 677.0204
v -723.983 102.1728 563.0632
v -614.0446 -53.19895 667.5902
v -728.5825 127.5478 430.4649
v -491.7794 6.504146 672.6459
v -606.1138 26.35216 554.9954
v -719.2802 130.2549 295.8393
v -368.4906 -16.7614 673.6456
v -489.0619 -25.02863 551.5679
v -614.2236 33.20642 429.4962
v -731.3442 39.54949 183.4279
v -245.3568 5.152771 670.7467
v -608.4922 32.88974 306.9156
v -476.8111 27.71613 430.9306
v -368.8093 -47.13118 552.4888
v -731.7309 4.00764 62.17064
v -125.2443 -19.54694 672.4021
v -607.9317 7.81639 183.7798
v -477.9459 26.19112 305.3231
v -247.015 -30.72163 550.96
v -368.0403 -23.51629 429.5572
v -732.1897 17.94793 -57.18187
v -4.672987 -10.71495 672.7408
v -125.6314 -23.30223 550.6654
v -246.339 -11.00594 428.4131
v -366.994 -16.47762 307.6873
v -608.5164 10.95976 62.82886
v -483.7006 14.13215 184.4042
v -612.0906 -29.6267 -56.22708
v 116.859 -6.548211 672.8804
v -5.643673 7.323096 549.4962
v -125.6069 -27.45181 428.773
v -246.5082 -35.54313 307.6339
v -487.2256 1.138346 64.68807
v -370.2177 -55.20064 187.1151
v 237.9874 21.85609 673.3856
v 117.9765 -34.13411 551.7419
v -4.588108 -25.7232 428.5924
v -125.3179 -39.63982 307.1552
v -249.27 -77.14287 187.9043
v -367.0641 -28.40841 65.22797
v -489.7241 -21.7949 -56.05376
v -611.7143 -29.40452 -177.8277
v -613.7368 16.3229 -300.0347
v -491.3578 23.17918 -174.3295
v -369.1314 -45.19522 -56.89254
v -244.0434 -30.05709 65.22533
v -126.2285 -76.30653 187.689
v -613.7894 -4.302914 -422.7006
v -490.6894 -7.054214 -299.1314
v -368.7489 -36.5631 -180.9781
v -242.6222 -10.72692 -51.12222
v -613.2582 -18.21297 -545.2399
v -490.9768 -5.844131 -421.1651
v -370.6519 33.66954 -295.9533
v -612.5318 -16.70357 -668.4705
v -490.5274 -23.59813 -542.7943
v -493.5723 -5.837925 -671.6848
v -364.8803 -22.73267 -419.4862
v -369.3567 0.6032067 -543.6588
v -245.9255 -10.54484 -174.9369
v -246.7846 29.38794 -547.7652
v -245.9224 53.99857 -421.4597
v -247.1243 6.969277 -299.3266
v -125.4083 -6.504694 -542.6869
v -122.6639 22.53438 -420.6663
v -124.5012 -4.44364 -298.1619
v -127.3674 -53.75881 -180.5088
v -123.5828 -46.44903 -54.10644
v -2.945763 -13.28415 -543.5161
v -2.739168 -11.05608 -420.5198
v -4.387689 -37.4633 -299.6794
v 0.5369833 0.9591571 -168.2105
v 117.2689 -26.77134 -542.5894
v 117.1694 -72.12592 -422.6919
v 117.0343 -18.98266 -296.2607
v 243.8527 -70.46399 -422.9687
v -3.854072 -62.01423 -55.44879
v 119.7766 -100.0184 -181.7282
v 237.2656 -20.91035 -298.3578
v 361.2796 -16.73404 -421.1412
v 355.1771 24.51539 -296.9404
v 234.6833 -14.13265 -175.8441
v 118.7503 -82.09628 -56.83522
v 482.9147 -13.09609 -299.9268
v 360.0298 -20.82009 -177.6549
v 240.036 -57.15165 -56.53726
v 603.0684 15.68514 -298.7808
v 602.3943 28.84496 -176.2776
v 483.1551 -22.51691 -178.4945
v 601.4209 68.73169 -57.35759
v 480.5027 -1.774241 -56.37056
v 603.1895 26.5 63.96789
v 356.7469 -5.868233 -55.7897
v 481.7526 -5.740751 65.1217
v 603.5849 36.72036 187.1069
v 360.0822 -29.5545 65.14141
v 604.5413 47.89971 312.4751
v 478.7456 22.05868 186.5399
v 237.7926 -42.95353 65.01026
v 603.0378 -26.90382 429.0068
v 358.5356 -15.08527 186.2596
v 480.1242 14.46828 309.1389
v 115.859 -50.73014 64.62455
v 603.3 -22.25084 551.191
v 234.9334 -12.6853 184.5202
v 359.9234 -17.43191 308.096
v 481.2489 14.41077 430.5266
v -3.851257 -99.21382 66.06252
v 601.6501 -65.19003 671.412
v 115.6502 -37.48728 184.9246
v 240.5717 -50.71313 309.6503
v 482.0205 -8.480379 551.316
v 359.9218 -6.561489 429.494
v -126.195 -78.7332 65.34019
v -4.175684 -61.25903 186.3831
v 118.3917 -57.97208 309.5731
v -4.473103 -38.8928 306.8664
v 118.1217 -42.80248 430.69
v 237.5273 -0.7380293 428.329
v 238.8515 -15.38563 551.2117
v 360.6318 -24.80357 551.3517
v 360.4205 -8.264136 672.9507
v 482.1203 -7.767835 673.028
v 482.2738 -6.271277 795.1678
v 603.8359 -16.1597 794.8093
f 674 675 676
f 674 676 677
f 678 674 677
f 677 676 679
f 678 677 680
f 681 678 680
f 677 679 682
f 680 677 682
f 682 679 683
f 681 680 684
f 685 681 684
f 680 682 686
f 684 680 686
f 682 683 687
f 686 682 687
f 687 683 688
f 685 684 689
f 690 685 689
f 684 686 691
f 689 684 691
f 687 688 692
f 692 688 693
f 686 687 694
f 691 686 694
f 694 687 692
f 690 689 695
f 696 690 695
f 692 693 697
f 697 693 698
f 689 691 699
f 695 689 699
f 691 694 700
f 699 691 700
f 694 692 701
f 701 692 697
f 700 694 701
f 696 695 702
f 703 696 702
f 697 698 704
f 704 698 705
f 695 699 706
f 702 695 706
f 699 700 707
f 706 699 707
f 700 701 708
f 707 700 708
f 701 697 709
f 709 697 704
f 708 701 709
f 703 702 710
f 711 703 710
f 704 705 712
f 712 705 713
f 702 706 714
f 710 702 714
f 706 707 715
f 714 706 715
f 707 708 716
f 715 707 716
f 708 709 717
f 716 708 717
f 709 704 718
f 718 704 712
f 717 709 718
f 712 713 719
f 719 713 720
f 718 712 721
f 721 712 719
f 717 718 722
f 722 718 721
f 716 717 723
f 723 717 722
f 715 716 724
f 724 716 723
f 719 720 725
f 725 720 726
f 721 719 727
f 727 719 725
f 722 721 728
f 728 721 727
f 723 722 729
f 729 722 728
f 725 726 730
f 730 726 731
f 727 725 732
f 732 725 730
f 728 727 733
f 733 727 732
f 730 731 734
f 734 731 735
f 732 730 736
f 736 730 734
f 734 735 737
f 737 735 738
f 739 723 729
f 724 723 739
f 729 728 740
f 740 728 733
f 733 732 741
f 741 732 736
f 736 734 742
f 742 734 737
f 737 738 743
f 743 738 744
f 739 729 745
f 745 729 740
f 740 733 746
f 746 733 741
f 741 736 747
f 747 736 742
f 742 737 748
f 748 737 743
f 743 744 749
f 749 744 750
f 745 740 751
f 751 740 746
f 746 741 752
f 752 741 747
f 747 742 753
f 753 742 748
f 748 743 754
f 754 743 749
f 749 750 755
f 755 750 756
f 751 746 757
f 757 746 752
f 752 747 758
f 758 747 753
f 753 748 759
f 759 748 754
f 754 749 760
f 760 749 755
f 755 756 761
f 761 756 762
f 757 752 763
f 763 752 758
f 758 753 764
f 764 753 759
f 759 754 765
f 765 754 760
f 760 755 766
f 766 755 761
f 761 762 767
f 767 762 768
f 763 758 769
f 769 758 764
f 764 759 770
f 770 759 765
f 765 760 771
f 771 760 766
f 766 761 772
f 772 761 767
f 767 768 773
f 773 768 774
f 769 764 775
f 775 764 770
f 770 765 776
f 776 765 771
f 771 766 777
f 777 766 772
f 772 767 778
f 778 767 773
f 773 774 779
f 779 774 780
f 775 770 781
f 781 770 776
f 776 771 782
f 782 771 777
f 777 772 783
f 783 772 778
f 778 773 784
f 784 773 779
f 779 780 785
f 785 780 786
f 781 776 787
f 787 776 782
f 782 777 788
f 788 777 783
f 783 778 789
f 789 778 784
f 784 779 790
f 790 779 785
f 785 786 791
f 791 786 792
f 787 782 793
f 793 782 788
f 788 783 794
f 794 783 789
f 789 784 795
f 795 784 790
f 790 785 796
f 796 785 791
f 791 792 797
f 797 792 798
f 793 788 799
f 799 788 794
f 794 789 800
f 800 789 795
f 795 790 801
f 801 790 796
f 796 791 802
f 802 791 797
f 797 798 803
f 803 798 804
f 799 794 805
f 805 794 800
f 800 795 806
f 806 795 801
f 801 796 807
f 807 796 802
f 802 797 808
f 808 797 803
f 803 804 809
f 809 804 810
f 805 800 811
f 811 800 806
f 806 801 812
f 812 801 807
f 807 802 813
f 813 802 808
f 808 803 814
f 814 803 809
f 809 810 815
f 815 810 816
f 811 806 817
f 817 806 812
f 812 807 818
f 818 807 813
f 813 808 819
f 819 808 814
f 814 809 820
f 820 809 815
f 815 816 821
f 821 816 822
f 817 812 823
f 823 812 818
f 818 813 824
f 824 813 819
f 819 814 825
f 825 814 820
f 820 815 826
f 826 815 821
f 821 822 827
f 827 822 828
f 823 818 829
f 829 818 824
f 824 819 830
f 830 819 825
f 825 820 831
f 831 820 826
f 826 821 832
f 832 821 827
f 827 828 833
f 833 828 834
f 829 824 835
f 835 824 830
f 830 825 836
f 836 825 831
f 831 826 837
f 837 826 832
f 832 827 838
f 838 827 833
f 833 834 839
f 839 834 840
f 835 830 841
f 841 830 836
f 836 831 842
f 842 831 837
f 837 832 843
f 843 832 838
f 838 833 844
f 844 833 839
f 839 840 845
f 845 840 846
f 841 836 847
f 847 836 842
f 842 837 848
f 848 837 843
f 843 838 849
f 849 838 844
f 844 839 850
f 850 839 845
f 845 846 851
f 851 846 852
f 851 852 853
f 854 845 851
f 850 845 854
f 855 851 853
f 854 851 855
f 855 853 856
f 857 844 850
f 849 844 857
f 858 843 849
f 848 843 858
f 859 850 854
f 857 850 859
f 860 855 856
f 860 856 861
f 862 854 855
f 859 854 862
f 862 855 860
f 863 849 857
f 858 849 863
f 864 860 861
f 864 861 865
f 866 857 859
f 863 857 866
f 867 862 860
f 867 860 864
f 868 859 862
f 866 859 868
f 868 862 867
f 869 864 865
f 869 865 870
f 871 867 864
f 871 864 869
f 872 868 867
f 872 867 871
f 873 866 868
f 873 868 872
f 874 863 866
f 874 866 873
f 875 869 870
f 875 870 876
f 877 871 869
f 877 869 875
f 878 872 871
f 878 871 877
f 879 873 872
f 879 872 878
f 880 875 876
f 880 876 881
f 882 877 875
f 882 875 880
f 883 878 877
f 883 877 882
f 884 880 881
f 884 881 885
f 886 882 880
f 886 880 884
f 887 884 885
f 887 885 888
f 889 873 879
f 889 874 873
f 890 879 878
f 890 878 883
f 891 883 882
f 891 882 886
f 892 886 884
f 892 884 887
f 893 887 888
f 893 888 894
f 895 889 879
f 895 879 890
f 896 890 883
f 896 883 891
f 897 891 886
f 897 886 892
f 898 892 887
f 898 887 893
f 899 893 894
f 899 894 900
f 901 895 890
f 901 890 896
f 902 896 891
f 902 891 897
f 903 897 892
f 903 892 898
f 904 898 893
f 904 893 899
f 905 899 900
f 905 900 906
f 907 901 896
f 907 896 902
f 908 902 897
f 908 897 903
f 909 903 898
f 909 898 904
f 910 904 899
f 910 899 905
f 911 905 906
f 911 906 912
f 913 907 902
f 913 902 908
f 914 908 903
f 914 903 909
f 915 909 904
f 915 904 910
f 916 910 905
f 916 905 911
f 917 911 912
f 917 912 918
f 919 913 908
f 919 908 914
f 920 914 909
f 920 909 915
f 921 915 910
f 921 910 916
f 922 916 911
f 922 911 917
f 923 917 918
f 923 918 924
f 925 919 914
f 925 914 920
f 926 920 915
f 926 915 921
f 927 921 916
f 927 916 922
f 928 922 917
f 928 917 923
f 929 923 924
f 929 924 930
f 931 925 920
f 931 920 926
f 932 926 921
f 932 921 927
f 933 927 922
f 933 922 928
f 934 928 923
f 934 923 929
f 935 929 930
f 935 930 936
f 937 931 926
f 937 926 932
f 938 932 927
f 938 927 933
f 939 933 928
f 939 928 934
f 940 934 929
f 940 929 935
f 941 935 936
f 941 936 942
f 943 937 932
f 943 932 938
f 944 938 933
f 944 933 939
f 945 939 934
f 945 934 940
f 946 940 935
f 946 935 941
f 947 941 942
f 947 942 948
f 949 943 938
f 949 938 944
f 950 944 939
f 950 939 945
f 951 945 940
f 951 940 946
f 952 946 941
f 952 941 947
f 953 947 948
f 953 948 954
f 955 949 944
f 955 944 950
f 956 950 945
f 956 945 951
f 957 951 946
f 957 946 952
f 958 952 947
f 958 947 953
f 959 953 954
f 959 954 960
f 961 955 950
f 961 950 956
f 962 956 951
f 962 951 957
f 963 957 952
f 963 952 958
f 964 958 953
f 964 953 959
f 965 959 960
f 965 960 966
f 967 961 956
f 967 956 962
f 968 962 957
f 968 957 963
f 969 963 958
f 969 958 964
f 970 964 959
f 970 959 965
f 971 965 966
f 971 966 972
f 973 967 962
f 973 962 968
f 974 968 963
f 974 963 969
f 975 969 964
f 975 964 970
f 976 970 965
f 976 965 971
f 977 971 972
f 977 972 978
f 979 973 968
f 979 968 974
f 980 974 969
f 980 969 975
f 981 975 970
f 981 970 976
f 982 976 971
f 982 971 977
f 983 977 978
f 983 978 984
f 985 979 974
f 985 974 980
f 986 980 975
f 986 975 981
f 987 981 976
f 987 976 982
f 988 982 977
f 988 977 983
f 989 983 984
f 989 984 990
f 991 985 980
f 991 980 986
f 992 986 981
f 992 981 987
f 993 987 982
f 993 982 988
f 994 988 983
f 994 983 989
f 995 989 990
f 995 990 996
f 997 991 986
f 997 986 992
f 998 992 987
f 998 987 993
f 999 993 988
f 999 988 994
f 1000 994 989
f 1000 989 995
f 1001 995 996
f 1001 996 1002
f 1003 997 992
f 1003 992 998
f 1004 998 993
f 1004 993 999
f 1005 999 994
f 1005 994 1000
f 1006 1000 995
f 1006 995 1001
f 1007 1001 1002
f 1007 1002 1008
f 1009 1003 998
f 1009 998 1004
f 1010 1004 999
f 1010 999 1005
f 1011 1005 1000
f 1011 1000 1006
f 1012 1006 1001
f 1012 1001 1007
f 1013 1007 1008
f 1013 1008 1014
f 1015 1009 1004
f 1015 1004 1010
f 1016 1010 1005
f 1016 1005 1011
f 1017 1011 1006
f 1017 1006 1012
f 1018 1012 1007
f 1018 1007 1013
f 1019 1013 1014
f 1019 1014 1020
f 1021 1019 1020
f 1021 1020 1022
f 1023 1019 1021
f 1024 1013 1019
f 1023 1024 1019
f 1024 1018 1013
f 1025 1024 1023
f 1025 1026 1024
f 1026 1018 1024
f 1027 1026 1025
f 1028 1012 1018
f 1026 1028 1018
f 1028 1017 1012
f 1027 1029 1026
f 1029 1028 1026
f 1030 1029 1027
f 1031 1017 1028
f 1029 1031 1028
f 1030 1032 1029
f 1032 1031 1029
f 1033 1032 1030
f 1031 1034 1017
f 1034 1011 1017
f 1034 1016 1011
f 1033 1035 1032
f 1036 1035 1033
f 1032 1037 1031
f 1037 1034 1031
f 1035 1037 1032
f 1038 1016 1034
f 1037 1038 1034
f 1036 1039 1035
f 1040 1039 1036
f 1035 1041 1037
f 1041 1038 1037
f 1039 1041 1035
f 1038 1042 1016
f 1042 1010 1016
f 1042 1015 1010
f 1040 1043 1039
f 1044 1043 1040
f 1039 1045 1041
f 1043 1045 1039
f 1041 1046 1038
f 1046 1042 1038
f 1045 1046 1041
f 1047 1015 1042
f 1046 1047 1042
f 1044 1048 1043
f 1049 1048 1044
f 1043 1050 1045
f 1048 1050 1043
f 1045 1051 1046
f 1051 1047 1046
f 1050 1051 1045
f 1047 1052 1015
f 1052 1009 1015
f 1049 1053 1048
f 1054 1053 1049
f 1048 1055 1050
f 1053 1055 1048
f 1051 1056 1047
f 1056 1052 1047
f 1050 1057 1051
f 1055 1057 1050
f 1057 1056 1051
f 1052 1058 1009
f 1058 1003 1009
f 1054 1059 1053
f 1060 1059 1054
f 1053 1061 1055
f 1059 1061 1053
f 1055 1062 1057
f 1061 1062 1055
f 1056 1063 1052
f 1063 1058 1052
f 1057 1064 1056
f 1062 1064 1057
f 1064 1063 1056
f 1058 1065 1003
f 1065 997 1003
f 1060 1066 1059
f 1067 1066 1060
f 1059 1068 1061
f 1066 1068 1059
f 1061 1069 1062
f 1068 1069 1061
f 1062 1070 1064
f 1069 1070 1062
f 1063 1071 1058
f 1071 1065 1058
f 1064 1072 1063
f 1070 1072 1064
f 1072 1071 1063
f 1067 1073 1066
f 1074 1073 1067
f 1066 1075 1068
f 1073 1075 1066
f 1068 1076 1069
f 1075 1076 1068
f 1069 1077 1070
f 1076 1077 1069
f 1070 1078 1072
f 1077 1078 1070
f 1072 1079 1071
f 1078 1079 1072
f 1074 1080 1073
f 1081 1080 1074
f 1073 1082 1075
f 1080 1082 1073
f 1075 1083 1076
f 1082 1083 1075
f 1076 1084 1077
f 1083 1084 1076
f 1077 1085 1078
f 1084 1085 1077
f 1081 1086 1080
f 1087 1086 1081
f 1080 1088 1082
f 1086 1088 1080
f 1082 1089 1083
f 1088 1089 1082
f 1083 1090 1084
f 1089 1090 1083
f 1087 1091 1086
f 1092 1091 1087
f 1086 1093 1088
f 1091 1093 1086
f 1088 1094 1089
f 1093 1094 1088
f 1092 1095 1091
f 1096 1095 1092
f 1091 1097 1093
f 1095 1097 1091
f 1096 1098 1095
f 1099 1098 1096
f 1090 1100 1084
f 1084 1100 1085
f 1089 1101 1090
f 1094 1101 1089
f 1093 1102 1094
f 1097 1102 1093
f 1095 1103 1097
f 1098 1103 1095
f 1099 1104 1098
f 1105 1104 1099
f 1090 1106 1100
f 1101 1106 1090
f 1094 1107 1101
f 1102 1107 1094
f 1097 1108 1102
f 1103 1108 1097
f 1098 1109 1103
f 1104 1109 1098
f 1105 1110 1104
f 1111 1110 1105
f 1101 1112 1106
f 1107 1112 1101
f 1102 1113 1107
f 1108 1113 1102
f 1103 1114 1108
f 1109 1114 1103
f 1104 1115 1109
f 1110 1115 1104
f 1111 1116 1110
f 1117 1116 1111
f 1107 1118 1112
f 1113 1118 1107
f 1108 1119 1113
f 1114 1119 1108
f 1109 1120 1114
f 1115 1120 1109
f 1110 1121 1115
f 1116 1121 1110
f 1117 1122 1116
f 1123 1122 1117
f 1113 1124 1118
f 1119 1124 1113
f 1114 1125 1119
f 1120 1125 1114
f 1115 1126 1120
f 1121 1126 1115
f 1116 1127 1121
f 1122 1127 1116
f 1123 1128 1122
f 1129 1128 1123
f 1119 1130 1124
f 1125 1130 1119
f 1120 1131 1125
f 1126 1131 1120
f 1121 1132 1126
f 1127 1132 1121
f 1122 1133 1127
f 1128 1133 1122
f 1129 1134 1128
f 1135 1134 1129
f 1125 1136 1130
f 1131 1136 1125
f 1126 1137 1131
f 1132 1137 1126
f 1127 1138 1132
f 1133 1138 1127
f 1128 1139 1133
f 1134 1139 1128
f 1135 1140 1134
f 1141 1140 1135
f 1131 1142 1136
f 1137 1142 1131
f 1132 1143 1137
f 1138 1143 1132
f 1133 1144 1138
f 1139 1144 1133
f 1134 1145 1139
f 1140 1145 1134
f 1141 1146 1140
f 1147 1146 1141
f 1137 1148 1142
f 1143 1148 1137
f 1138 1149 1143
f 1144 1149 1138
f 1139 1150 1144
f 1145 1150 1139
f 1140 1151 1145
f 1146 1151 1140
f 1147 1152 1146
f 1153 1152 1147
f 1143 1154 1148
f 1149 1154 1143
f 1144 1155 1149
f 1150 1155 1144
f 1145 1156 1150
f 1151 1156 1145
f 1146 1157 1151
f 1152 1157 1146
f 1153 1158 1152
f 1159 1158 1153
f 1149 1160 1154
f 1155 1160 1149
f 1150 1161 1155
f 1156 1161 1150
f 1151 1162 1156
f 1157 1162 1151
f 1152 1163 1157
f 1158 1163 1152
f 1159 1164 1158
f 1165 1164 1159
f 1155 1166 1160
f 1161 1166 1155
f 1156 1167 1161
f 1162 1167 1156
f 1157 1168 1162
f 1163 1168 1157
f 1158 1169 1163
f 1164 1169 1158
f 1165 1170 1164
f 1171 1170 1165
f 1161 1172 1166
f 1167 1172 1161
f 1162 1173 1167
f 1168 1173 1162
f 1163 1174 1168
f 1169 1174 1163
f 1164 1175 1169
f 1170 1175 1164
f 1171 1176 1170
f 1177 1176 1171
f 1177 1178 1176
f 1176 1179 1170
f 1170 1179 1175
f 1178 1180 1176
f 1176 1180 1179
f 1178 1181 1180
f 1175 1182 1169
f 1169 1182 1174
f 1174 1183 1168
f 1168 1183 1173
f 1179 1184 1175
f 1175 1184 1182
f 1181 1185 1180
f 1181 1186 1185
f 1180 1187 1179
f 1179 1187 1184
f 1180 1185 1187
f 1182 1188 1174
f 1174 1188 1183
f 1186 1189 1185
f 1186 1190 1189
f 1184 1191 1182
f 1182 1191 1188
f 1185 1192 1187
f 1185 1189 1192
f 1187 1193 1184
f 1184 1193 1191
f 1187 1192 1193
f 1190 1194 1189
f 1190 1195 1194
f 1189 1196 1192
f 1189 1194 1196
f 1192 1197 1193
f 1192 1196 1197
f 1193 1198 1191
f 1193 1197 1198
f 1191 1199 1188
f 1191 1198 1199
f 1195 1200 1194
f 1195 1201 1200
f 1194 1202 1196
f 1194 1200 1202
f 1196 1203 1197
f 1196 1202 1203
f 1197 1204 1198
f 1197 1203 1204
f 1201 1205 1200
f 1201 1206 1205
f 1200 1207 1202
f 1200 1205 1207
f 1202 1208 1203
f 1202 1207 1208
f 1206 1209 1205
f 1206 1210 1209
f 1205 1211 1207
f 1205 1209 1211
f 1210 1212 1209
f 1210 1213 1212
f 1198 1204 1214
f 1198 1214 1199
f 1203 1215 1204
f 1203 1208 1215
f 1207 1216 1208
f 1207 1211 1216
f 1209 1217 1211
f 1209 1212 1217
f 1213 1218 1212
f 1213 1219 1218
f 1204 1220 1214
f 1204 1215 1220
f 1208 1221 1215
f 1208 1216 1221
f 1211 1222 1216
f 1211 1217 1222
f 1212 1223 1217
f 1212 1218 1223
f 1219 1224 1218
f 1219 1225 1224
f 1215 1226 1220
f 1215 1221 1226
f 1216 1227 1221
f 1216 1222 1227
f 1217 1228 1222
f 1217 1223 1228
f 1218 1229 1223
f 1218 1224 1229
f 1225 1230 1224
f 1225 1231 1230
f 1221 1232 1226
f 1221 1227 1232
f 1222 1233 1227
f 1222 1228 1233
f 1223 1234 1228
f 1223 1229 1234
f 1224 1235 1229
f 1224 1230 1235
f 1231 1236 1230
f 1231 1237 1236
f 1227 1238 1232
f 1227 1233 1238
f 1228 1239 1233
f 1228 1234 1239
f 1229 1240 1234
f 1229 1235 1240
f 1230 1241 1235
f 1230 1236 1241
f 1237 1242 1236
f 1237 1243 1242
f 1233 1244 1238
f 1233 1239 1244
f 1234 1245 1239
f 1234 1240 1245
f 1235 1246 1240
f 1235 1241 1246
f 1236 1247 1241
f 1236 1242 1247
f 1243 1248 1242
f 1243 1249 1248
f 1239 1250 1244
f 1239 1245 1250
f 1240 1251 1245
f 1240 1246 1251
f 1241 1252 1246
f 1241 1247 1252
f 1242 1253 1247
f 1242 1248 1253
f 1249 1254 1248
f 1249 1255 1254
f 1245 1256 1250
f 1245 1251 1256
f 1246 1257 1251
f 1246 1252 1257
f 1247 1258 1252
f 1247 1253 1258
f 1248 1259 1253
f 1248 1254 1259
f 1255 1260 1254
f 1255 1261 1260
f 1251 1262 1256
f 1251 1257 1262
f 1252 1263 1257
f 1252 1258 1263
f 1253 1264 1258
f 1253 1259 1264
f 1254 1265 1259
f 1254 1260 1265
f 1261 1266 1260
f 1261 1267 1266
f 1257 1268 1262
f 1257 1263 1268
f 1258 1269 1263
f 1258 1264 1269
f 1259 1270 1264
f 1259 1265 1270
f 1260 1271 1265
f 1260 1266 1271
f 1267 1272 1266
f 1267 1273 1272
f 1263 1274 1268
f 1263 1269 1274
f 1264 1275 1269
f 1264 1270 1275
f 1265 1276 1270
f 1265 1271 1276
f 1266 1277 1271
f 1266 1272 1277
f 1273 1278 1272
f 1273 1279 1278
f 1269 1280 1274
f 1269 1275 1280
f 1270 1281 1275
f 1270 1276 1281
f 1271 1282 1276
f 1271 1277 1282
f 1272 1283 1277
f 1272 1278 1283
f 1279 1284 1278
f 1279 1285 1284
f 1275 1286 1280
f 1275 1281 1286
f 1276 1287 1281
f 1276 1282 1287
f 1277 1288 1282
f 1277 1283 1288
f 1278 1289 1283
f 1278 1284 1289
f 1285 1290 1284
f 1285 1291 1290
f 1281 1292 1286
f 1281 1287 1292
f 1282 1293 1287
f 1282 1288 1293
f 1283 1294 1288
f 1283 1289 1294
f 1284 1295 1289
f 1284 1290 1295
f 1291 1296 1290
f 1291 1297 1296
f 1287 1298 1292
f 1287 1293 1298
f 1288 1299 1293
f 1288 1294 1299
f 1289 1300 1294
f 1289 1295 1300
f 1290 1301 1295
f 1290 1296 1301
f 1297 1302 1296
f 1297 711 1302
f 711 710 1302
f 1296 1302 1303
f 1296 1303 1301
f 1302 710 1304
f 1302 1304 1303
f 710 714 1304
f 1295 1301 1305
f 1295 1305 1300
f 1294 1300 1306
f 1294 1306 1299
f 1301 1303 1307
f 1301 1307 1305
f 1304 714 1308
f 714 715 1308
f 1308 715 724
f 1303 1304 1309
f 1304 1308 1309
f 1303 1309 1307
f 1308 724 1310
f 1309 1308 1310
f 1310 724 739
f 1300 1305 1311
f 1300 1311 1306
f 1305 1307 1312
f 1305 1312 1311
f 1307 1309 1313
f 1309 1310 1313
f 1307 1313 1312
f 1310 739 1314
f 1313 1310 1314
f 1314 739 745
f 1312 1313 1315
f 1313 1314 1315
f 1314 745 1316
f 1315 1314 1316
f 1316 745 751
f 1311 1312 1317
f 1312 1315 1317
f 1306 1311 1318
f 1311 1317 1318
f 1315 1316 1319
f 1317 1315 1319
f 1316 751 1320
f 1319 1316 1320
f 1320 751 757
f 1317 1319 1321
f 1318 1317 1321
f 1306 1318 1322
f 1299 1306 1322
f 1319 1320 1323
f 1321 1319 1323
f 1320 757 1324
f 1323 1320 1324
f 1324 757 763
f 1318 1321 1325
f 1322 1318 1325
f 1299 1322 1326
f 1293 1299 1326
f 1293 1326 1298
f 1321 1323 1327
f 1325 1321 1327
f 1323 1324 1328
f 1327 1323 1328
f 1324 763 1329
f 1328 1324 1329
f 1329 763 769
f 1326 1322 1330
f 1322 1325 1330
f 1298 1326 1331
f 1326 1330 1331
f 1325 1327 1332
f 1330 1325 1332
f 1327 1328 1333
f 1332 1327 1333
f 1328 1329 1334
f 1333 1328 1334
f 1329 769 1335
f 1334 1329 1335
f 1335 769 775
f 1330 1332 1336
f 1331 1330 1336
f 1298 1331 1337
f 1292 1298 1337
f 1332 1333 1338
f 1336 1332 1338
f 1333 1334 1339
f 1338 1333 1339
f 1334 1335 1340
f 1339 1334 1340
f 1335 775 1341
f 1340 1335 1341
f 1341 775 781
f 1331 1336 1342
f 1337 1331 1342
f 1292 1337 1343
f 1286 1292 1343
f 1336 1338 1344
f 1342 1336 1344
f 1338 1339 1345
f 1344 1338 1345
f 1339 1340 1346
f 1345 1339 1346
f 1340 1341 1347
f 1346 1340 1347
f 1341 781 1348
f 1347 1341 1348
f 1348 781 787
f 1348 787 1349
f 1349 787 793
f 1347 1348 1350
f 1350 1348 1349
f 1346 1347 1351
f 1351 1347 1350
f 1345 1346 1352
f 1352 1346 1351
f 1344 1345 1353
f 1353 1345 1352
f 1349 793 1354
f 1354 793 799
f 1350 1349 1355
f 1355 1349 1354
f 1351 1350 1356
f 1356 1350 1355
f 1352 1351 1357
f 1357 1351 1356
f 1354 799 1358
f 1358 799 805
f 1355 1354 1359
f 1359 1354 1358
f 1356 1355 1360
f 1360 1355 1359
f 1358 805 1361
f 1361 805 811
f 1359 1358 1362
f 1362 1358 1361
f 1361 811 1363
f 1363 811 817
f 1364 1352 1357
f 1353 1352 1364
f 1357 1356 1365
f 1365 1356 1360
f 1360 1359 1366
f 1366 1359 1362
f 1362 1361 1367
f 1367 1361 1363
f 1363 817 1368
f 1368 817 823
f 1364 1357 1369
f 1369 1357 1365
f 1365 1360 1370
f 1370 1360 1366
f 1366 1362 1371
f 1371 1362 1367
f 1367 1363 1372
f 1372 1363 1368
f 1368 823 1373
f 1373 823 829
f 1369 1365 1374
f 1374 1365 1370
f 1370 1366 1375
f 1375 1366 1371
f 1371 1367 1376
f 1376 1367 1372
f 1372 1368 1377
f 1377 1368 1373
f 1373 829 1378
f 1378 829 835
f 1374 1370 1379
f 1379 1370 1375
f 1375 1371 1380
f 1380 1371 1376
f 1376 1372 1381
f 1381 1372 1377
f 1377 1373 1382
f 1382 1373 1378
f 1378 835 1383
f 1383 835 841
f 1379 1375 1384
f 1384 1375 1380
f 1380 1376 1385
f 1385 1376 1381
f 1381 1377 1386
f 1386 1377 1382
f 1382 1378 1387
f 1387 1378 1383
f 1383 841 1388
f 1388 841 847
f 1384 1380 1389
f 1389 1380 1385
f 1385 1381 1390
f 1390 1381 1386
f 1386 1382 1391
f 1391 1382 1387
f 1387 1383 1392
f 1392 1383 1388
f 1389 1385 1393
f 1393 1385 1390
f 1390 1386 1394
f 1394 1386 1391
f 1391 1387 1395
f 1395 1387 1392
f 1393 1390 1396
f 1396 1390 1394
f 1394 1391 1397
f 1397 1391 1395
f 1396 1394 1398
f 1398 1394 1397
f 1392 1388 1399
f 1395 1392 1400
f 1400 1392 1399
f 1397 1395 1401
f 1401 1395 1400
f 1398 1397 1402
f 1402 1397 1401
f 1399 1388 1403
f 1388 847 1403
f 1403 847 1404
f 847 842 1404
f 1404 842 848
f 1404 848 1405
f 1405 848 858
f 1403 1404 1406
f 1406 1404 1405
f 1399 1403 1407
f 1407 1403 1406
f 1400 1399 1408
f 1408 1399 1407
f 1401 1400 1409
f 1409 1400 1408
f 1405 858 1410
f 1410 858 863
f 1410 863 874
f 1406 1405 1411
f 1411 1405 1410
f 1412 1410 874
f 1411 1410 1412
f 1412 874 889
f 1407 1406 1413
f 1413 1406 1411
f 1408 1407 1414
f 1414 1407 1413
f 1415 1411 1412
f 1413 1411 1415
f 1416 1412 889
f 1415 1412 1416
f 1416 889 895
f 1417 1413 1415
f 1414 1413 1417
f 1418 1408 1414
f 1409 1408 1418
f 1419 1416 895
f 1419 895 901
f 1420 1415 1416
f 1417 1415 1420
f 1420 1416 1419
f 1421 1414 1417
f 1418 1414 1421
f 1422 1419 901
f 1422 901 907
f 1423 1420 1419
f 1423 1419 1422
f 1424 1417 1420
f 1421 1417 1424
f 1424 1420 1423
f 1425 1422 907
f 1425 907 913
f 1426 1423 1422
f 1426 1422 1425
f 1427 1424 1423
f 1427 1423 1426
f 1428 1421 1424
f 1428 1424 1427
f 1429 1418 1421
f 1429 1421 1428
f 1430 1425 913
f 1430 913 919
f 1431 1426 1425
f 1431 1425 1430
f 1432 1427 1426
f 1432 1426 1431
f 1433 1428 1427
f 1433 1427 1432
f 1434 1430 919
f 1434 919 925
f 1435 1431 1430
f 1435 1430 1434
f 1436 1432 1431
f 1436 1431 1435
f 1437 1434 925
f 1437 925 931
f 1438 1435 1434
f 1438 1434 1437
f 1439 1437 931
f 1439 931 937
f 1440 1428 1433
f 1440 1429 1428
f 1441 1433 1432
f 1441 1432 1436
f 1442 1436 1435
f 1442 1435 1438
f 1443 1438 1437
f 1443 1437 1439
f 1444 1439 937
f 1444 937 943
f 1445 1440 1433
f 1445 1433 1441
f 1446 1441 1436
f 1446 1436 1442
f 1447 1442 1438
f 1447 1438 1443
f 1448 1443 1439
f 1448 1439 1444
f 1449 1444 943
f 1449 943 949
f 1450 1445 1441
f 1450 1441 1446
f 1451 1446 1442
f 1451 1442 1447
f 1452 1447 1443
f 1452 1443 1448
f 1453 1448 1444
f 1453 1444 1449
f 1454 1449 949
f 1454 949 955
f 1455 1450 1446
f 1455 1446 1451
f 1456 1451 1447
f 1456 1447 1452
f 1457 1452 1448
f 1457 1448 1453
f 1458 1453 1449
f 1458 1449 1454
f 1459 1454 955
f 1459 955 961
f 1460 1455 1451
f 1460 1451 1456
f 1461 1456 1452
f 1461 1452 1457
f 1462 1457 1453
f 1462 1453 1458
f 1463 1458 1454
f 1463 1454 1459
f 1464 1459 961
f 1464 961 967
f 1465 1460 1456
f 1465 1456 1461
f 1466 1461 1457
f 1466 1457 1462
f 1467 1462 1458
f 1467 1458 1463
f 1468 1463 1459
f 1468 1459 1464
f 1469 1464 967
f 1469 967 973
f 1470 1465 1461
f 1470 1461 1466
f 1471 1466 1462
f 1471 1462 1467
f 1472 1467 1463
f 1472 1463 1468
f 1473 1468 1464
f 1473 1464 1469
f 1474 1469 973
f 1474 973 979
f 1475 1470 1466
f 1475 1466 1471
f 1476 1471 1467
f 1476 1467 1472
f 1477 1472 1468
f 1477 1468 1473
f 1478 1473 1469
f 1478 1469 1474
f 1479 1474 979
f 1479 979 985
f 1480 1475 1471
f 1480 1471 1476
f 1481 1476 1472
f 1481 1472 1477
f 1482 1477 1473
f 1482 1473 1478
f 1483 1478 1474
f 1483 1474 1479
f 1484 1479 985
f 1484 985 991
f 1485 1480 1476
f 1485 1476 1481
f 1486 1481 1477
f 1486 1477 1482
f 1487 1482 1478
f 1487 1478 1483
f 1488 1483 1479
f 1488 1479 1484
f 1489 1484 991
f 1489 991 997
f 1065 1489 997
f 1490 1484 1489
f 1490 1488 1484
f 1491 1489 1065
f 1491 1490 1489
f 1071 1491 1065
f 1079 1491 1071
f 1492 1483 1488
f 1492 1487 1483
f 1493 1482 1487
f 1493 1486 1482
f 1494 1490 1491
f 1079 1494 1491
f 1495 1488 1490
f 1495 1492 1488
f 1494 1495 1490
f 1496 1487 1492
f 1496 1493 1487
f 1497 1494 1079
f 1078 1497 1079
f 1085 1497 1078
f 1498 1495 1494
f 1497 1498 1494
f 1499 1492 1495
f 1499 1496 1492
f 1498 1499 1495
f 1085 1500 1497
f 1500 1498 1497
f 1100 1500 1085
f 1501 1499 1498
f 1500 1501 1498
f 1100 1502 1500
f 1502 1501 1500
f 1106 1502 1100
f 1503 1496 1499
f 1501 1503 1499
f 1106 1504 1502
f 1112 1504 1106
f 1502 1505 1501
f 1505 1503 1501
f 1504 1505 1502
f 1503 1506 1496
f 1506 1493 1496
f 1112 1507 1504
f 1118 1507 1112
f 1505 1508 1503
f 1508 1506 1503
f 1504 1509 1505
f 1507 1509 1504
f 1509 1508 1505
f 1506 1510 1493
f 1510 1486 1493
f 1118 1511 1507
f 1124 1511 1118
f 1507 1512 1509
f 1511 1512 1507
f 1509 1513 1508
f 1512 1513 1509
f 1508 1514 1506
f 1514 1510 1506
f 1513 1514 1508
f 1510 1515 1486
f 1515 1481 1486
f 1515 1485 1481
f 1124 1516 1511
f 1130 1516 1124
f 1511 1517 1512
f 1516 1517 1511
f 1512 1518 1513
f 1517 1518 1512
f 1514 1519 1510
f 1519 1515 1510
f 1513 1520 1514
f 1518 1520 1513
f 1520 1519 1514
f 1521 1485 1515
f 1519 1521 1515
f 1130 1522 1516
f 1136 1522 1130
f 1516 1523 1517
f 1522 1523 1516
f 1517 1524 1518
f 1523 1524 1517
f 1518 1525 1520
f 1524 1525 1518
f 1520 1526 1519
f 1526 1521 1519
f 1525 1526 1520
f 1521 1527 1485
f 1527 1480 1485
f 1136 1528 1522
f 1142 1528 1136
f 1522 1529 1523
f 1528 1529 1522
f 1523 1530 1524
f 1529 1530 1523
f 1524 1531 1525
f 1530 1531 1524
f 1525 1532 1526
f 1531 1532 1525
f 1526 1533 1521
f 1532 1533 1526
f 1533 1527 1521
f 1142 1534 1528
f 1148 1534 1142
f 1528 1535 1529
f 1534 1535 1528
f 1529 1536 1530
f 1535 1536 1529
f 1530 1537 1531
f 1536 1537 1530
f 1531 1538 1532
f 1537 1538 1531
f 1532 1539 1533
f 1538 1539 1532
f 1533 1540 1527
f 1539 1540 1533
f 1148 1541 1534
f 1154 1541 1148
f 1534 1542 1535
f 1541 1542 1534
f 1535 1543 1536
f 1542 1543 1535
f 1536 1544 1537
f 1543 1544 1536
f 1537 1545 1538
f 1544 1545 1537
f 1538 1546 1539
f 1545 1546 1538
f 1154 1547 1541
f 1160 1547 1154
f 1541 1548 1542
f 1547 1548 1541
f 1542 1549 1543
f 1548 1549 1542
f 1543 1550 1544
f 1549 1550 1543
f 1544 1551 1545
f 1550 1551 1544
f 1160 1552 1547
f 1166 1552 1160
f 1547 1553 1548
f 1552 1553 1547
f 1548 1554 1549
f 1553 1554 1548
f 1549 1555 1550
f 1554 1555 1549
f 1166 1556 1552
f 1172 1556 1166
f 1552 1557 1553
f 1556 1557 1552
f 1553 1558 1554
f 1557 1558 1553
f 1550 1559 1551
f 1555 1559 1550
f 1554 1560 1555
f 1558 1560 1554
f 1555 1561 1559
f 1560 1561 1555
f 1172 1562 1556
f 1556 1563 1557
f 1562 1563 1556
f 1557 1564 1558
f 1563 1564 1557
f 1558 1565 1560
f 1564 1565 1558
f 1560 1566 1561
f 1565 1566 1560
f 1567 1562 1172
f 1167 1567 1172
f 1173 1567 1167
f 1173 1568 1567
f 1183 1568 1173
f 1567 1569 1562
f 1568 1569 1567
f 1562 1570 1563
f 1569 1570 1562
f 1563 1571 1564
f 1570 1571 1563
f 1564 1572 1565
f 1571 1572 1564
f 1183 1573 1568
f 1188 1573 1183
f 1188 1199 1573
f 1568 1574 1569
f 1573 1574 1568
f 1199 1575 1573
f 1573 1575 1574
f 1199 1214 1575
f 1569 1576 1570
f 1574 1576 1569
f 1570 1577 1571
f 1576 1577 1570
f 1214 1578 1575
f 1214 1220 1578
f 1575 1579 1574
f 1574 1579 1576
f 1575 1578 1579
f 1220 1580 1578
f 1220 1226 1580
f 1579 1581 1576
f 1576 1581 1577
f 1578 1582 1579
f 1578 1580 1582
f 1579 1582 1581
f 1577 1583 1571
f 1571 1583 1572
f 1226 1584 1580
f 1226 1232 1584
f 1580 1585 1582
f 1580 1584 1585
f 1582 1586 1581
f 1582 1585 1586
f 1581 1587 1577
f 1577 1587 1583
f 1581 1586 1587
f 1232 1588 1584
f 1232 1238 1588
f 1584 1589 1585
f 1584 1588 1589
f 1585 1590 1586
f 1585 1589 1590
f 1586 1591 1587
f 1586 1590 1591
f 1587 1592 1583
f 1587 1591 1592
f 1238 1593 1588
f 1238 1244 1593
f 1588 1594 1589
f 1588 1593 1594
f 1589 1595 1590
f 1589 1594 1595
f 1590 1596 1591
f 1590 1595 1596
f 1244 1597 1593
f 1244 1250 1597
f 1593 1598 1594
f 1593 1597 1598
f 1594 1599 1595
f 1594 1598 1599
f 1250 1600 1597
f 1250 1256 1600
f 1597 1601 1598
f 1597 1600 1601
f 1256 1602 1600
f 1256 1262 1602
f 1591 1596 1603
f 1591 1603 1592
f 1595 1604 1596
f 1595 1599 1604
f 1598 1605 1599
f 1598 1601 1605
f 1600 1606 1601
f 1600 1602 1606
f 1262 1607 1602
f 1262 1268 1607
f 1596 1608 1603
f 1596 1604 1608
f 1599 1609 1604
f 1599 1605 1609
f 1601 1610 1605
f 1601 1606 1610
f 1602 1611 1606
f 1602 1607 1611
f 1268 1612 1607
f 1268 1274 1612
f 1604 1613 1608
f 1604 1609 1613
f 1605 1614 1609
f 1605 1610 1614
f 1606 1615 1610
f 1606 1611 1615
f 1607 1616 1611
f 1607 1612 1616
f 1274 1617 1612
f 1274 1280 1617
f 1609 1618 1613
f 1609 1614 1618
f 1610 1619 1614
f 1610 1615 1619
f 1611 1620 1615
f 1611 1616 1620
f 1612 1621 1616
f 1612 1617 1621
f 1280 1622 1617
f 1280 1286 1622
f 1286 1343 1622
f 1617 1622 1623
f 1617 1623 1621
f 1616 1621 1624
f 1616 1624 1620
f 1615 1620 1625
f 1615 1625 1619
f 1622 1343 1626
f 1622 1626 1623
f 1621 1623 1627
f 1621 1627 1624
f 1620 1624 1628
f 1620 1628 1625
f 1343 1629 1626
f 1343 1337 1629
f 1337 1342 1629
f 1623 1626 1630
f 1623 1630 1627
f 1624 1627 1631
f 1624 1631 1628
f 1629 1342 1632
f 1342 1344 1632
f 1632 1344 1353
f 1626 1629 1633
f 1629 1632 1633
f 1626 1633 1630
f 1632 1353 1634
f 1633 1632 1634
f 1634 1353 1364
f 1627 1630 1635
f 1627 1635 1631
f 1630 1633 1636
f 1633 1634 1636
f 1630 1636 1635
f 1634 1364 1637
f 1636 1634 1637
f 1637 1364 1369
f 1635 1636 1638
f 1636 1637 1638
f 1637 1369 1639
f 1638 1637 1639
f 1639 1369 1374
f 1631 1635 1640
f 1635 1638 1640
f 1639 1374 1641
f 1641 1374 1379
f 1638 1639 1642
f 1640 1638 1642
f 1642 1639 1641
f 1631 1640 1643
f 1628 1631 1643
f 1641 1379 1644
f 1644 1379 1384
f 1642 1641 1645
f 1645 1641 1644
f 1640 1642 1646
f 1643 1640 1646
f 1646 1642 1645
f 1628 1643 1647
f 1625 1628 1647
f 1644 1384 1648
f 1648 1384 1389
f 1643 1646 1649
f 1647 1643 1649
f 1646 1645 1650
f 1649 1646 1650
f 1645 1644 1651
f 1651 1644 1648
f 1650 1645 1651
f 1625 1647 1652
f 1619 1625 1652
f 1648 1389 1653
f 1653 1389 1393
f 1647 1649 1654
f 1652 1647 1654
f 1649 1650 1655
f 1654 1649 1655
f 1651 1648 1656
f 1656 1648 1653
f 1650 1651 1657
f 1655 1650 1657
f 1657 1651 1656
f 1619 1652 1658
f 1614 1619 1658
f 1614 1658 1618
f 1653 1393 1659
f 1659 1393 1396
f 1656 1653 1660
f 1660 1653 1659
f 1657 1656 1661
f 1661 1656 1660
f 1655 1657 1662
f 1662 1657 1661
f 1658 1652 1663
f 1652 1654 1663
f 1654 1655 1664
f 1664 1655 1662
f 1663 1654 1664
f 1618 1658 1665
f 1658 1663 1665
f 1659 1396 1666
f 1666 1396 1398
f 1660 1659 1667
f 1667 1659 1666
f 1661 1660 1668
f 1668 1660 1667
f 1662 1661 1669
f 1669 1661 1668
f 1663 1664 1670
f 1665 1663 1670
f 1664 1662 1671
f 1671 1662 1669
f 1670 1664 1671
f 1666 1398 1672
f 1672 1398 1402
f 1667 1666 1673
f 1673 1666 1672
f 1668 1667 1674
f 1674 1667 1673
f 1669 1668 1675
f 1675 1668 1674
f 1671 1669 1676
f 1676 1669 1675
f 1670 1671 1677
f 1677 1671 1676
f 1678 1670 1677
f 1665 1670 1678
f 1679 1665 1678
f 1618 1665 1679
f 1613 1618 1679
f 1613 1679 1680
f 1608 1613 1680
f 1679 1678 1681
f 1680 1679 1681
f 1678 1677 1682
f 1681 1678 1682
f 1677 1676 1683
f 1682 1677 1683
f 1676 1675 1684
f 1683 1676 1684
f 1608 1680 1685
f 1603 1608 1685
f 1680 1681 1686
f 1685 1680 1686
f 1681 1682 1687
f 1686 1681 1687
f 1682 1683 1688
f 1687 1682 1688
f 1603 1685 1689
f 1592 1603 1689
f 1685 1686 1690
f 1689 1685 1690
f 1686 1687 1691
f 1690 1686 1691
f 1592 1689 1692
f 1583 1592 1692
f 1583 1692 1572
f 1689 1690 1693
f 1692 1689 1693
f 1572 1692 1694
f 1692 1693 1694
f 1572 1694 1565
f 1565 1694 1566
f 1693 1690 1695
f 1690 1691 1695
f 1694 1693 1696
f 1694 1696 1566
f 1693 1695 1696
f 1691 1687 1697
f 1687 1688 1697
f 1566 1696 1698
f 1566 1698 1561
f 1696 1695 1699
f 1696 1699 1698
f 1695 1691 1700
f 1691 1697 1700
f 1695 1700 1699
f 1561 1698 1701
f 1561 1701 1559
f 1698 1699 1702
f 1698 1702 1701
f 1699 1700 1703
f 1699 1703 1702
f 1700 1697 1704
f 1700 1704 1703
f 1697 1688 1705
f 1697 1705 1704
f 1559 1701 1706
f 1559 1706 1551
f 1701 1702 1707
f 1701 1707 1706
f 1702 1703 1708
f 1702 1708 1707
f 1703 1704 1709
f 1703 1709 1708
f 1551 1706 1710
f 1551 1710 1545
f 1545 1710 1546
f 1706 1707 1711
f 1706 1711 1710
f 1707 1708 1712
f 1707 1712 1711
f 1710 1713 1546
f 1710 1711 1713
f 1704 1714 1709
f 1704 1705 1714
f 1708 1709 1715
f 1708 1715 1712
f 1711 1712 1716
f 1711 1716 1713
f 1546 1713 1717
f 1546 1717 1539
f 1539 1717 1540
f 1713 1718 1717
f 1713 1716 1718
f 1712 1719 1716
f 1712 1715 1719
f 1709 1720 1715
f 1709 1714 1720
f 1717 1721 1540
f 1717 1718 1721
f 1716 1722 1718
f 1716 1719 1722
f 1715 1723 1719
f 1715 1720 1723
f 1540 1721 1724
f 1540 1724 1527
f 1527 1724 1480
f 1724 1475 1480
f 1724 1725 1475
f 1721 1725 1724
f 1725 1470 1475
f 1718 1726 1721
f 1721 1726 1725
f 1718 1722 1726
f 1725 1727 1470
f 1726 1727 1725
f 1727 1465 1470
f 1722 1728 1726
f 1726 1728 1727
f 1727 1729 1465
f 1728 1729 1727
f 1729 1460 1465
f 1722 1730 1728
f 1719 1730 1722
f 1719 1723 1730
f 1728 1731 1729
f 1730 1731 1728
f 1729 1732 1460
f 1731 1732 1729
f 1732 1455 1460
f 1723 1733 1730
f 1730 1733 1731
f 1732 1734 1455
f 1734 1450 1455
f 1731 1735 1732
f 1733 1735 1731
f 1735 1734 1732
f 1723 1736 1733
f 1720 1736 1723
f 1734 1737 1450
f 1737 1445 1450
f 1733 1738 1735
f 1736 1738 1733
f 1735 1739 1734
f 1739 1737 1734
f 1738 1739 1735
f 1720 1740 1736
f 1714 1740 1720
f 1737 1741 1445
f 1741 1440 1445
f 1736 1742 1738
f 1740 1742 1736
f 1738 1743 1739
f 1742 1743 1738
f 1739 1744 1737
f 1744 1741 1737
f 1743 1744 1739
f 1714 1745 1740
f 1705 1745 1714
f 1741 1746 1440
f 1746 1429 1440
f 1740 1747 1742
f 1745 1747 1740
f 1742 1748 1743
f 1747 1748 1742
f 1744 1749 1741
f 1749 1746 1741
f 1743 1750 1744
f 1748 1750 1743
f 1750 1749 1744
f 1705 1751 1745
f 1688 1751 1705
f 1688 1683 1751
f 1683 1684 1751
f 1751 1752 1745
f 1745 1752 1747
f 1751 1684 1752
f 1747 1753 1748
f 1752 1753 1747
f 1684 1754 1752
f 1752 1754 1753
f 1684 1675 1754
f 1675 1674 1754
f 1754 1674 1755
f 1754 1755 1753
f 1674 1673 1755
f 1753 1756 1748
f 1753 1755 1756
f 1748 1756 1750
f 1755 1673 1757
f 1755 1757 1756
f 1673 1672 1757
f 1756 1758 1750
f 1756 1757 1758
f 1750 1758 1749
f 1757 1672 1759
f 1757 1759 1758
f 1672 1402 1759
f 1758 1760 1749
f 1758 1759 1760
f 1749 1760 1746
f 1759 1402 1761
f 1759 1761 1760
f 1402 1401 1761
f 1761 1401 1409
f 1760 1762 1746
f 1760 1761 1762
f 1761 1409 1762
f 1746 1762 1429
f 1762 1409 1418
f 1762 1418 1429
v 18.9775 -9.827388 135.8057
v 18.93248 -10.08058 132.0809
v 16.70182 -9.4492 128.2414
v 12.715 -9.854291 144.5588
v 29.28118 -9.906368 135.7356
v 20.74957 -9.86534 148.5105
v 10.365 -9.50317 127.7805
v 11.82067 -10.29283 147.6014
v 10.13129 -10.13712 150.2206
v 5.359092 -9.214558 125.007
v 11.30912 -9.449881 114.7209
v 18.66732 -9.591533 114.3206
v 6.221038 -8.967212 111.2134
v 8.928911 -9.744827 151.0835
v 16.56905 -10.1713 157.391
v 12.77207 -10.44395 159.4975
v 5.699464 -9.767893 149.9452
v 3.205558 -9.385685 121.0732
v -0.9647874 -9.015658 110.8281
v 2.594267 -10.32397 152.4133
v -0.5840786 -9.260937 121.1177
v -8.21059 -9.126369 111.1184
v -5.017409 -9.333221 122.5254
v -0.09653892 -10.25305 152.2066
v 4.36182 -10.51988 161.005
v -0.9534442 -10.31215 160.9513
v -2.211197 -9.814332 151.6601
v -4.424936 -9.772598 150.2358
v -9.529325 -9.366461 124.8131
v -12.02879 -9.617952 146.0626
v -13.14099 -8.967843 115.9281
v -8.21059 -9.126369 111.1184
v -14.37791 -9.063557 125.6536
v -19.12765 -9.065653 118.2908
v -13.14099 -8.967843 115.9281
v -14.85116 -9.813546 130.6743
v -16.01776 -9.195182 142.7893
v -16.55802 -9.388855 136.2171
v -17.72728 -9.403424 139.8093
v -16.07566 -28.64845 160.826
v -12.37814 -17.3673 154.0152
v -13.20754 -17.0589 151.9423
v -19.53764 -28.3489 154.4419
v 7.765086 -27.09098 105.6757
v 7.621928 -16.82821 115.3999
v 12.27301 -17.16568 118.7509
v 11.59813 -27.48383 113.7594
v -28.29322 -27.85833 133.8302
v -23.63994 -16.48664 134.2372
v -21.75828 -16.2638 125.9522
v -25.61179 -27.58767 124.7734
v -28.64126 -27.94513 113.7209
v -23.17529 -16.77099 119.3973
v -13.30565 -18.68795 118.6909
v -17.48488 -29.21288 112.1231
v 11.59813 -27.48383 113.7594
v 12.27301 -17.16568 118.7509
v 17.81448 -17.20362 125.4398
v 18.94785 -27.38519 116.9595
v -25.61179 -27.58767 124.7734
v -21.75828 -16.2638 125.9522
v -23.17529 -16.77099 119.3973
v -28.64126 -27.94513 113.7209
v 26.80314 -28.43667 161.7348
v 18.59103 -17.35815 152.6103
v 13.0626 -17.45478 156.5146
v 19.49335 -28.81756 166.063
v 19.49335 -28.81756 166.063
v 13.0626 -17.45478 156.5146
v 6.379606 -17.4045 154.0238
v 10.93101 -28.84074 162.7458
v 31.31659 -27.18255 117.1032
v 28.55066 -17.1805 126.2196
v 27.6485 -16.76306 129.3364
v 32.21712 -28.03205 127.9263
v 18.94785 -27.38519 116.9595
v 17.81448 -17.20362 125.4398
v 28.55066 -17.1805 126.2196
v 31.31659 -27.18255 117.1032
v 10.93101 -28.84074 162.7458
v 6.379606 -17.4045 154.0238
v 0.3880612 -17.48764 158.9593
v 3.372929 -28.80293 169.3638
v 32.21712 -28.03205 127.9263
v 27.6485 -16.76306 129.3364
v 26.07274 -17.25829 133.8332
v 33.11671 -27.99529 136.1095
v -31.31488 -27.8646 141.3565
v -26.05334 -16.6642 140.904
v -23.63994 -16.48664 134.2372
v -28.29322 -27.85833 133.8302
v -1.558841 -27.42572 106.6177
v -1.005658 -16.78877 115.2271
v 7.621928 -16.82821 115.3999
v 7.765086 -27.09098 105.6757
v 32.32039 -28.34378 152.7709
v 22.921 -17.20247 145.6517
v 18.59103 -17.35815 152.6103
v 26.80314 -28.43667 161.7348
v -11.00299 -28.63695 166.3192
v -7.885827 -17.25023 157.1072
v -12.37814 -17.3673 154.0152
v -16.07566 -28.64845 160.826
v -26.54359 -28.36499 147.6893
v -18.7043 -17.04338 146.5228
v -26.05334 -16.6642 140.904
v -31.31488 -27.8646 141.3565
v -10.33076 -26.99738 108.2044
v -8.531044 -16.86014 118.222
v -1.005658 -16.78877 115.2271
v -1.558841 -27.42572 106.6177
v 34.47932 -28.24553 144.3733
v 24.4284 -17.0995 139.0715
v 22.921 -17.20247 145.6517
v 32.32039 -28.34378 152.7709
v -5.040606 -28.82397 168.187
v -3.606988 -17.50932 158.1324
v -7.885827 -17.25023 157.1072
v -11.00299 -28.63695 166.3192
v -19.53764 -28.3489 154.4419
v -13.20754 -17.0589 151.9423
v -18.7043 -17.04338 146.5228
v -26.54359 -28.36499 147.6893
v -17.48488 -29.21288 112.1231
v -13.30565 -18.68795 118.6909
v -8.531044 -16.86014 118.222
v -10.33076 -26.99738 108.2044
v 33.11671 -27.99529 136.1095
v 26.07274 -17.25829 133.8332
v 24.4284 -17.0995 139.0715
v 34.47932 -28.24553 144.3733
v 3.372929 -28.80293 169.3638
v 0.3880612 -17.48764 158.9593
v -3.606988 -17.50932 158.1324
v -5.040606 -28.82397 168.187
v 27.6485 -16.76306 129.3364
v 29.77298 -9.428241 129.0337
v 29.28118 -9.906368 135.7356
v 26.07274 -17.25829 133.8332
v 6.379606 -17.4045 154.0238
v 8.346677 -10.56176 157.7118
v 4.36182 -10.51988 161.005
v 0.3880612 -17.48764 158.9593
v 17.81448 -17.20362 125.4398
v 18.66732 -9.591533 114.3206
v 26.48316 -9.513077 119.2908
v 28.55066 -17.1805 126.2196
v 28.55066 -17.1805 126.2196
v 26.48316 -9.513077 119.2908
v 29.77298 -9.428241 129.0337
v 27.6485 -16.76306 129.3364
v 13.0626 -17.45478 156.5146
v 12.77207 -10.44395 159.4975
v 8.346677 -10.56176 157.7118
v 6.379606 -17.4045 154.0238
v 18.59103 -17.35815 152.6103
v 16.56905 -10.1713 157.391
v 12.77207 -10.44395 159.4975
v 13.0626 -17.45478 156.5146
v -21.75828 -16.2638 125.9522
v -24.87668 -9.446967 123.6564
v -19.12765 -9.065653 118.2908
v -23.17529 -16.77099 119.3973
v 12.27301 -17.16568 118.7509
v 11.30912 -9.449881 114.7209
v 18.66732 -9.591533 114.3206
v 17.81448 -17.20362 125.4398
v -23.17529 -16.77099 119.3973
v -19.12765 -9.065653 118.2908
v -13.14099 -8.967843 115.9281
v -13.30565 -18.68795 118.6909
v -23.63994 -16.48664 134.2372
v -26.51216 -9.514827 134.701
v -24.87668 -9.446967 123.6564
v -21.75828 -16.2638 125.9522
v 7.621928 -16.82821 115.3999
v 6.221038 -8.967212 111.2134
v 11.30912 -9.449881 114.7209
v 12.27301 -17.16568 118.7509
v -12.37814 -17.3673 154.0152
v -8.162545 -10.1845 157.7172
v -18.7661 -10.18854 151.489
v -13.20754 -17.0589 151.9423
v -26.05334 -16.6642 140.904
v -28.31285 -9.792103 140.8697
v -26.51216 -9.514827 134.701
v -23.63994 -16.48664 134.2372
v -1.005658 -16.78877 115.2271
v -0.9647874 -9.015658 110.8281
v 6.221038 -8.967212 111.2134
v 7.621928 -16.82821 115.3999
v 22.921 -17.20247 145.6517
v 19.02009 -10.36467 152.5523
v 16.56905 -10.1713 157.391
v 18.59103 -17.35815 152.6103
v -7.885827 -17.25023 157.1072
v -4.792106 -10.19341 160.0542
v -8.162545 -10.1845 157.7172
v -12.37814 -17.3673 154.0152
v -18.7043 -17.04338 146.5228
v -25.13921 -9.918941 146.5392
v -28.31285 -9.792103 140.8697
v -26.05334 -16.6642 140.904
v -8.531044 -16.86014 118.222
v -8.21059 -9.126369 111.1184
v -0.9647874 -9.015658 110.8281
v -1.005658 -16.78877 115.2271
v 24.4284 -17.0995 139.0715
v 20.74957 -9.86534 148.5105
v 19.02009 -10.36467 152.5523
v 22.921 -17.20247 145.6517
v -3.606988 -17.50932 158.1324
v -0.9534442 -10.31215 160.9513
v -4.792106 -10.19341 160.0542
v -7.885827 -17.25023 157.1072
v -13.20754 -17.0589 151.9423
v -18.7661 -10.18854 151.489
v -25.13921 -9.918941 146.5392
v -18.7043 -17.04338 146.5228
v -13.30565 -18.68795 118.6909
v -13.14099 -8.967843 115.9281
v -8.21059 -9.126369 111.1184
v -8.531044 -16.86014 118.222
v 26.07274 -17.25829 133.8332
v 29.28118 -9.906368 135.7356
v 20.74957 -9.86534 148.5105
v 24.4284 -17.0995 139.0715
v 0.3880612 -17.48764 158.9593
v 4.36182 -10.51988 161.005
v -0.9534442 -10.31215 160.9513
v -3.606988 -17.50932 158.1324
v 4.112561 -71.45817 181.8199
v 3.8361 -40.55451 178.087
v -7.707024 -40.53538 176.6665
v -9.122116 -71.59559 179.7893
v 47.17176 -70.44466 135.9263
v 43.0178 -39.86105 146.4949
v 46.31983 -70.72166 147.802
v 42.00567 -39.74694 135.7361
v 46.2937 -70.29945 124.8358
v 41.84111 -39.47083 125.3674
v -24.23383 -70.20327 104.4183
v -22.67283 -40.02907 105.5197
v -13.04624 -38.489 101.4946
v -14.54436 -69.10899 98.54334
v -29.61538 -70.99561 161.3675
v -26.71194 -39.93409 159.3891
v -35.91077 -39.81297 151.137
v -40.25116 -70.66128 153.1009
v -9.122116 -71.59559 179.7893
v -7.707024 -40.53538 176.6665
v -16.06811 -40.28461 174.6855
v -18.722 -71.25986 178.0272
v 46.31983 -70.72166 147.802
v 43.0178 -39.86105 146.4949
v 40.69443 -39.98822 157.2024
v 43.04829 -71.01802 159.036
v -14.54436 -69.10899 98.54334
v -13.04624 -38.489 101.4946
v -2.458005 -38.4309 98.14525
v -2.784396 -69.17997 95.57302
v -40.25116 -70.66128 153.1009
v -35.91077 -39.81297 151.137
v -41.23721 -39.44495 142.7583
v -45.75344 -70.33513 143.9001
v -18.722 -71.25986 178.0272
v -16.06811 -40.28461 174.6855
v -23.56152 -40.08057 168.3353
v -26.91408 -71.16825 171.3735
v 43.04829 -71.01802 159.036
v 40.69443 -39.98822 157.2024
v 32.85166 -40.41892 167.8804
v 35.25927 -71.34116 170.7936
v -2.784396 -69.17997 95.57302
v -2.458005 -38.4309 98.14525
v 9.108479 -38.46212 98.00002
v 9.738817 -69.26846 95.68784
v -45.75344 -70.33513 143.9001
v -41.23721 -39.44495 142.7583
v -38.60239 -39.10385 133.1339
v -42.26814 -70.11262 133.7594
v -34.64842 -38.88805 121.82
v -38.63869 -69.75525 121.4614
v 14.47351 -71.2962 173.4167
v 13.58427 -40.31405 170.5257
v 3.8361 -40.55451 178.087
v 4.112561 -71.45817 181.8199
v 24.83508 -69.76222 111.5101
v 23.50782 -38.79665 111.9317
v 38.1632 -39.00763 113.4805
v 41.45167 -69.67664 111.7631
v 41.45167 -69.67664 111.7631
v 38.1632 -39.00763 113.4805
v 41.84111 -39.47083 125.3674
v 46.2937 -70.29945 124.8358
v 25.99003 -71.44518 177.4226
v 24.26117 -40.60313 173.5733
v 13.58427 -40.31405 170.5257
v 14.47351 -71.2962 173.4167
v 35.25927 -71.34116 170.7936
v 32.85166 -40.41892 167.8804
v 24.26117 -40.60313 173.5733
v 25.99003 -71.44518 177.4226
v -38.63869 -69.75525 121.4614
v -34.64842 -38.88805 121.82
v -36.28565 -39.09951 107.9617
v -38.74546 -69.66623 106.6265
v 15.46557 -69.55332 106.0229
v 14.88917 -38.64233 107.2203
v 23.50782 -38.79665 111.9317
v 24.83508 -69.76222 111.5101
v -38.74546 -69.66623 106.6265
v -36.28565 -39.09951 107.9617
v -22.67283 -40.02907 105.5197
v -24.23383 -70.20327 104.4183
v 9.738817 -69.26846 95.68784
v 9.108479 -38.46212 98.00002
v 14.88917 -38.64233 107.2203
v 15.46557 -69.55332 106.0229
v -26.91408 -71.16825 171.3735
v -23.56152 -40.08057 168.3353
v -26.71194 -39.93409 159.3891
v -29.61538 -70.99561 161.3675
v 3.8361 -40.55451 178.087
v 3.372929 -28.80293 169.3638
v -5.040606 -28.82397 168.187
v -7.707024 -40.53538 176.6665
v 42.00567 -39.74694 135.7361
v 33.11671 -27.99529 136.1095
v 34.47932 -28.24553 144.3733
v 43.0178 -39.86105 146.4949
v -22.67283 -40.02907 105.5197
v -17.48488 -29.21288 112.1231
v -10.33076 -26.99738 108.2044
v -13.04624 -38.489 101.4946
v -26.71194 -39.93409 159.3891
v -19.53764 -28.3489 154.4419
v -26.54359 -28.36499 147.6893
v -35.91077 -39.81297 151.137
v -7.707024 -40.53538 176.6665
v -5.040606 -28.82397 168.187
v -11.00299 -28.63695 166.3192
v -16.06811 -40.28461 174.6855
v 43.0178 -39.86105 146.4949
v 34.47932 -28.24553 144.3733
v 32.32039 -28.34378 152.7709
v 40.69443 -39.98822 157.2024
v -13.04624 -38.489 101.4946
v -10.33076 -26.99738 108.2044
v -1.558841 -27.42572 106.6177
v -2.458005 -38.4309 98.14525
v -35.91077 -39.81297 151.137
v -26.54359 -28.36499 147.6893
v -31.31488 -27.8646 141.3565
v -41.23721 -39.44495 142.7583
v -16.06811 -40.28461 174.6855
v -11.00299 -28.63695 166.3192
v -16.07566 -28.64845 160.826
v -23.56152 -40.08057 168.3353
v 40.69443 -39.98822 157.2024
v 32.32039 -28.34378 152.7709
v 26.80314 -28.43667 161.7348
v 32.85166 -40.41892 167.8804
v -2.458005 -38.4309 98.14525
v -1.558841 -27.42572 106.6177
v 7.765086 -27.09098 105.6757
v 9.108479 -38.46212 98.00002
v -41.23721 -39.44495 142.7583
v -31.31488 -27.8646 141.3565
v -28.29322 -27.85833 133.8302
v -38.60239 -39.10385 133.1339
v -25.61179 -27.58767 124.7734
v -34.64842 -38.88805 121.82
v 41.84111 -39.47083 125.3674
v 32.21712 -28.03205 127.9263
v 33.11671 -27.99529 136.1095
v 42.00567 -39.74694 135.7361
v 13.58427 -40.31405 170.5257
v 10.93101 -28.84074 162.7458
v 3.372929 -28.80293 169.3638
v 3.8361 -40.55451 178.087
v 23.50782 -38.79665 111.9317
v 18.94785 -27.38519 116.9595
v 31.31659 -27.18255 117.1032
v 38.1632 -39.00763 113.4805
v 38.1632 -39.00763 113.4805
v 31.31659 -27.18255 117.1032
v 32.21712 -28.03205 127.9263
v 41.84111 -39.47083 125.3674
v 24.26117 -40.60313 173.5733
v 19.49335 -28.81756 166.063
v 10.93101 -28.84074 162.7458
v 13.58427 -40.31405 170.5257
v 32.85166 -40.41892 167.8804
v 26.80314 -28.43667 161.7348
v 19.49335 -28.81756 166.063
v 24.26117 -40.60313 173.5733
v -34.64842 -38.88805 121.82
v -25.61179 -27.58767 124.7734
v -28.64126 -27.94513 113.7209
v -36.28565 -39.09951 107.9617
v 14.88917 -38.64233 107.2203
v 11.59813 -27.48383 113.7594
v 18.94785 -27.38519 116.9595
v 23.50782 -38.79665 111.9317
v -36.28565 -39.09951 107.9617
v -28.64126 -27.94513 113.7209
v -17.48488 -29.21288 112.1231
v -22.67283 -40.02907 105.5197
v 9.108479 -38.46212 98.00002
v 7.765086 -27.09098 105.6757
v 11.59813 -27.48383 113.7594
v 14.88917 -38.64233 107.2203
v -23.56152 -40.08057 168.3353
v -16.07566 -28.64845 160.826
v -19.53764 -28.3489 154.4419
v -26.71194 -39.93409 159.3891
v -33.67837 -82.59554 178.0716
v -26.91408 -71.16825 171.3735
v -29.61538 -70.99561 161.3675
v -36.42849 -82.52103 165.8342
v 11.91615 -80.21107 86.83705
v 9.738817 -69.26846 95.68784
v 15.46557 -69.55332 106.0229
v 18.24876 -80.81899 99.79641
v 16.68229 -107.8549 64.61647
v 26.36889 -107.5414 82.74614
v -52.08421 -81.14827 132.6853
v -38.63869 -69.75525 121.4614
v -46.37051 -81.21467 118.2902
v -42.26814 -70.11262 133.7594
v -55.78818 -81.53856 144.9722
v -45.75344 -70.33513 143.9001
v -81.61591 -106.8582 148.1852
v -52.08421 -81.14827 132.6853
v -76.49392 -107.3364 130.4971
v -46.43951 -80.51099 100.2649
v -38.74546 -69.66623 106.6265
v -24.23383 -70.20327 104.4183
v -28.81785 -81.20657 98.30542
v 18.24876 -80.81899 99.79641
v 15.46557 -69.55332 106.0229
v 24.83508 -69.76222 111.5101
v 29.83568 -80.78512 105.3257
v 26.36889 -107.5414 82.74614
v 42.37298 -107.3751 91.83088
v -46.37051 -81.21467 118.2902
v -38.63869 -69.75525 121.4614
v -38.74546 -69.66623 106.6265
v -46.43951 -80.51099 100.2649
v 41.97062 -82.82716 176.9347
v 35.25927 -71.34116 170.7936
v 25.99003 -71.44518 177.4226
v 30.8273 -83.16357 184.2392
v 30.8273 -83.16357 184.2392
v 25.99003 -71.44518 177.4226
v 14.47351 -71.2962 173.4167
v 17.02831 -82.98167 179.3979
v 49.13868 -80.90739 106.8833
v 41.45167 -69.67664 111.7631
v 46.2937 -70.29945 124.8358
v 56.67968 -81.42145 121.8344
v 29.83568 -80.78512 105.3257
v 24.83508 -69.76222 111.5101
v 41.45167 -69.67664 111.7631
v 49.13868 -80.90739 106.8833
v 42.37298 -107.3751 91.83088
v 70.18211 -107.3706 93.78739
v 17.02831 -82.98167 179.3979
v 14.47351 -71.2962 173.4167
v 4.112561 -71.45817 181.8199
v 4.943403 -83.24677 193.3508
v 56.67968 -81.42145 121.8344
v 46.2937 -70.29945 124.8358
v 47.17176 -70.44466 135.9263
v 56.42143 -81.96173 135.1399
v -3.44979 -80.19171 86.99649
v -2.784396 -69.17997 95.57302
v 9.738817 -69.26846 95.68784
v 11.91615 -80.21107 86.83705
v -5.181001 -107.7332 65.15078
v 16.68229 -107.8549 64.61647
v 50.81158 -82.61415 162.7262
v 43.04829 -71.01802 159.036
v 35.25927 -71.34116 170.7936
v 41.97062 -82.82716 176.9347
v -23.11558 -82.8282 185.2432
v -18.722 -71.25986 178.0272
v -26.91408 -71.16825 171.3735
v -33.67837 -82.59554 178.0716
v -48.73248 -82.17056 155.7547
v -40.25116 -70.66128 153.1009
v -45.75344 -70.33513 143.9001
v -55.78818 -81.53856 144.9722
v -17.09729 -80.32272 91.47747
v -14.54436 -69.10899 98.54334
v -2.784396 -69.17997 95.57302
v -3.44979 -80.19171 86.99649
v -24.89384 -107.7625 71.14808
v -5.181001 -107.7332 65.15078
v 55.19703 -82.04684 149.5345
v 46.31983 -70.72166 147.802
v 43.04829 -71.01802 159.036
v 50.81158 -82.61415 162.7262
v -11.82478 -82.76496 188.8689
v -9.122116 -71.59559 179.7893
v -18.722 -71.25986 178.0272
v -23.11558 -82.8282 185.2432
v -36.42849 -82.52103 165.8342
v -29.61538 -70.99561 161.3675
v -40.25116 -70.66128 153.1009
v -48.73248 -82.17056 155.7547
v -28.81785 -81.20657 98.30542
v -24.23383 -70.20327 104.4183
v -14.54436 -69.10899 98.54334
v -17.09729 -80.32272 91.47747
v 56.42143 -81.96173 135.1399
v 47.17176 -70.44466 135.9263
v 46.31983 -70.72166 147.802
v 55.19703 -82.04684 149.5345
v 4.943403 -83.24677 193.3508
v 4.112561 -71.45817 181.8199
v -9.122116 -71.59559 179.7893
v -11.82478 -82.76496 188.8689
v 70.18211 -107.3706 93.78739
v 82.92596 -107.3357 114.4569
v 82.65366 -106.9502 133.7375
v 78.73827 -106.6835 154.568
v 73.37695 -106.5189 173.8465
v 42.37298 -107.3751 91.83088
v 60.14062 -106.2393 194.0927
v 44.22235 -106.159 205.3633
v 26.36889 -107.5414 82.74614
v 24.19372 -106.0312 197.4855
v 16.68229 -107.8549 64.61647
v -5.181001 -107.7332 65.15078
v 6.542976 -106.0852 212.7735
v -17.73648 -105.9465 210.3973
v -24.89384 -107.7625 71.14808
v -42.34972 -107.7581 79.53474
v -34.75769 -106.1485 206.257
v -66.48726 -107.4941 84.28852
v -50.03562 -106.1322 195.9251
v -54.27718 -106.3051 178.4558
v -72.05533 -106.5711 164.1189
v -68.3524 -107.011 109.7843
v -76.49392 -107.3364 130.4971
v -81.61591 -106.8582 148.1852
v 18.9775 -9.827388 135.8057
v 29.28118 -9.906368 135.7356
v 29.77298 -9.428241 129.0337
v 18.93248 -10.08058 132.0809
v 26.48316 -9.513077 119.2908
v 2.594267 -10.32397 152.4133
v 4.36182 -10.51988 161.005
v 8.346677 -10.56176 157.7118
v 5.699464 -9.767893 149.9452
v 16.70182 -9.4492 128.2414
v 26.48316 -9.513077 119.2908
v 18.66732 -9.591533 114.3206
v 10.365 -9.50317 127.7805
v 5.699464 -9.767893 149.9452
v 8.346677 -10.56176 157.7118
v 12.77207 -10.44395 159.4975
v 8.928911 -9.744827 151.0835
v -14.37791 -9.063557 125.6536
v -19.12765 -9.065653 118.2908
v -24.87668 -9.446967 123.6564
v -14.85116 -9.813546 130.6743
v -14.85116 -9.813546 130.6743
v -24.87668 -9.446967 123.6564
v -26.51216 -9.514827 134.701
v -16.55802 -9.388855 136.2171
v -12.02879 -9.617952 146.0626
v -18.7661 -10.18854 151.489
v -8.162545 -10.1845 157.7172
v -4.424936 -9.772598 150.2358
v -4.792106 -10.19341 160.0542
v -2.211197 -9.814332 151.6601
v -16.55802 -9.388855 136.2171
v -26.51216 -9.514827 134.701
v -28.31285 -9.792103 140.8697
v -17.72728 -9.403424 139.8093
v -25.13921 -9.918941 146.5392
v -16.01776 -9.195182 142.7893
v 10.13129 -10.13712 150.2206
v 16.56905 -10.1713 157.391
v 19.02009 -10.36467 152.5523
v 11.82067 -10.29283 147.6014
v 11.82067 -10.29283 147.6014
v 19.02009 -10.36467 152.5523
v 20.74957 -9.86534 148.5105
v 12.715 -9.854291 144.5588
v -2.211197 -9.814332 151.6601
v -4.792106 -10.19341 160.0542
v -0.9534442 -10.31215 160.9513
v -0.09653892 -10.25305 152.2066
v -16.01776 -9.195182 142.7893
v -25.13921 -9.918941 146.5392
v -18.7661 -10.18854 151.489
v -12.02879 -9.617952 146.0626
v 6.542976 -106.0852 212.7735
v 4.943403 -83.24677 193.3508
v -11.82478 -82.76496 188.8689
v -17.73648 -105.9465 210.3973
v 82.65366 -106.9502 133.7375
v 56.42143 -81.96173 135.1399
v 55.19703 -82.04684 149.5345
v 78.73827 -106.6835 154.568
v -42.34972 -107.7581 79.53474
v -28.81785 -81.20657 98.30542
v -17.09729 -80.32272 91.47747
v -24.89384 -107.7625 71.14808
v -54.27718 -106.3051 178.4558
v -36.42849 -82.52103 165.8342
v -48.73248 -82.17056 155.7547
v -72.05533 -106.5711 164.1189
v -17.73648 -105.9465 210.3973
v -11.82478 -82.76496 188.8689
v -23.11558 -82.8282 185.2432
v -34.75769 -106.1485 206.257
v 78.73827 -106.6835 154.568
v 55.19703 -82.04684 149.5345
v 50.81158 -82.61415 162.7262
v 73.37695 -106.5189 173.8465
v -72.05533 -106.5711 164.1189
v -48.73248 -82.17056 155.7547
v -55.78818 -81.53856 144.9722
v -81.61591 -106.8582 148.1852
v -34.75769 -106.1485 206.257
v -23.11558 -82.8282 185.2432
v -33.67837 -82.59554 178.0716
v -50.03562 -106.1322 195.9251
v 73.37695 -106.5189 173.8465
v 50.81158 -82.61415 162.7262
v 41.97062 -82.82716 176.9347
v 60.14062 -106.2393 194.0927
v 82.92596 -107.3357 114.4569
v 56.67968 -81.42145 121.8344
v 56.42143 -81.96173 135.1399
v 82.65366 -106.9502 133.7375
v 24.19372 -106.0312 197.4855
v 17.02831 -82.98167 179.3979
v 4.943403 -83.24677 193.3508
v 6.542976 -106.0852 212.7735
v 70.18211 -107.3706 93.78739
v 49.13868 -80.90739 106.8833
v 56.67968 -81.42145 121.8344
v 82.92596 -107.3357 114.4569
v 44.22235 -106.159 205.3633
v 30.8273 -83.16357 184.2392
v 17.02831 -82.98167 179.3979
v 24.19372 -106.0312 197.4855
v 60.14062 -106.2393 194.0927
v 41.97062 -82.82716 176.9347
v 30.8273 -83.16357 184.2392
v 44.22235 -106.159 205.3633
v -68.3524 -107.011 109.7843
v -46.37051 -81.21467 118.2902
v -46.43951 -80.51099 100.2649
v -66.48726 -107.4941 84.28852
v -66.48726 -107.4941 84.28852
v -46.43951 -80.51099 100.2649
v -28.81785 -81.20657 98.30542
v -42.34972 -107.7581 79.53474
v -76.49392 -107.3364 130.4971
v -52.08421 -81.14827 132.6853
v -46.37051 -81.21467 118.2902
v -68.3524 -107.011 109.7843
v -50.03562 -106.1322 195.9251
v -33.67837 -82.59554 178.0716
v -36.42849 -82.52103 165.8342
v -54.27718 -106.3051 178.4558
f 1763 1764 1765
f 1765 1766 1763
f 1766 1767 1763
f 1766 1768 1767
f 1765 1769 1766
f 1769 1770 1766
f 1769 1771 1770
f 1769 1772 1771
f 1769 1773 1772
f 1769 1774 1773
f 1772 1773 1775
f 1772 1776 1771
f 1776 1777 1771
f 1776 1778 1777
f 1772 1779 1776
f 1772 1775 1780
f 1772 1780 1779
f 1780 1775 1781
f 1780 1782 1779
f 1780 1781 1783
f 1780 1783 1782
f 1783 1781 1784
f 1783 1784 1785
f 1783 1786 1782
f 1783 1785 1786
f 1786 1787 1782
f 1786 1788 1787
f 1785 1789 1786
f 1785 1790 1789
f 1785 1791 1790
f 1791 1792 1790
f 1785 1793 1791
f 1785 1794 1793
f 1791 1795 1792
f 1791 1796 1795
f 1791 1797 1796
f 1795 1798 1792
f 1798 1799 1792
f 1798 1800 1799
f 1800 1801 1799
f 1802 1803 1804
f 1802 1804 1805
f 1806 1807 1808
f 1806 1808 1809
f 1810 1811 1812
f 1810 1812 1813
f 1814 1815 1816
f 1814 1816 1817
f 1818 1819 1820
f 1818 1820 1821
f 1822 1823 1824
f 1822 1824 1825
f 1826 1827 1828
f 1826 1828 1829
f 1830 1831 1832
f 1830 1832 1833
f 1834 1835 1836
f 1834 1836 1837
f 1838 1839 1840
f 1838 1840 1841
f 1842 1843 1844
f 1842 1844 1845
f 1846 1847 1848
f 1846 1848 1849
f 1850 1851 1852
f 1850 1852 1853
f 1854 1855 1856
f 1854 1856 1857
f 1858 1859 1860
f 1858 1860 1861
f 1862 1863 1864
f 1862 1864 1865
f 1866 1867 1868
f 1866 1868 1869
f 1870 1871 1872
f 1870 1872 1873
f 1874 1875 1876
f 1874 1876 1877
f 1878 1879 1880
f 1878 1880 1881
f 1882 1883 1884
f 1882 1884 1885
f 1886 1887 1888
f 1886 1888 1889
f 1890 1891 1892
f 1890 1892 1893
f 1894 1895 1896
f 1894 1896 1897
f 1898 1899 1900
f 1898 1900 1901
f 1902 1903 1904
f 1902 1904 1905
f 1906 1907 1908
f 1906 1908 1909
f 1910 1911 1912
f 1910 1912 1913
f 1914 1915 1916
f 1914 1916 1917
f 1918 1919 1920
f 1918 1920 1921
f 1922 1923 1924
f 1922 1924 1925
f 1926 1927 1928
f 1926 1928 1929
f 1930 1931 1932
f 1930 1932 1933
f 1934 1935 1936
f 1934 1936 1937
f 1938 1939 1940
f 1938 1940 1941
f 1942 1943 1944
f 1942 1944 1945
f 1946 1947 1948
f 1946 1948 1949
f 1950 1951 1952
f 1950 1952 1953
f 1954 1955 1956
f 1954 1956 1957
f 1958 1959 1960
f 1958 1960 1961
f 1962 1963 1964
f 1962 1964 1965
f 1966 1967 1968
f 1966 1968 1969
f 1970 1971 1972
f 1970 1972 1973
f 1974 1975 1976
f 1974 1976 1977
f 1978 1979 1980
f 1978 1980 1981
f 1982 1983 1984
f 1982 1984 1985
f 1986 1987 1988
f 1986 1988 1989
f 1990 1991 1992
f 1990 1992 1993
f 1994 1995 1996
f 1994 1996 1997
f 1998 1999 2000
f 1998 2001 1999
f 2002 2001 1998
f 2002 2003 2001
f 2004 2005 2006
f 2004 2006 2007
f 2008 2009 2010
f 2008 2010 2011
f 2012 2013 2014
f 2012 2014 2015
f 2016 2017 2018
f 2016 2018 2019
f 2020 2021 2022
f 2020 2022 2023
f 2024 2025 2026
f 2024 2026 2027
f 2028 2029 2030
f 2028 2030 2031
f 2032 2033 2034
f 2032 2034 2035
f 2036 2037 2038
f 2036 2038 2039
f 2040 2041 2042
f 2040 2042 2043
f 2043 2042 2044
f 2043 2044 2045
f 2046 2047 2048
f 2046 2048 2049
f 2050 2051 2052
f 2050 2052 2053
f 2054 2055 2056
f 2054 2056 2057
f 2058 2059 2060
f 2058 2060 2061
f 2062 2063 2064
f 2062 2064 2065
f 2066 2067 2068
f 2066 2068 2069
f 2070 2071 2072
f 2070 2072 2073
f 2074 2075 2076
f 2074 2076 2077
f 2078 2079 2080
f 2078 2080 2081
f 2082 2083 2084
f 2082 2084 2085
f 2086 2087 2088
f 2086 2088 2089
f 2090 2091 2092
f 2090 2092 2093
f 2094 2095 2096
f 2094 2096 2097
f 2098 2099 2100
f 2098 2100 2101
f 2102 2103 2104
f 2102 2104 2105
f 2106 2107 2108
f 2106 2108 2109
f 2110 2111 2112
f 2110 2112 2113
f 2114 2115 2116
f 2114 2116 2117
f 2118 2119 2120
f 2118 2120 2121
f 2122 2123 2124
f 2122 2124 2125
f 2126 2127 2128
f 2126 2128 2129
f 2130 2131 2132
f 2130 2132 2133
f 2133 2132 2134
f 2133 2134 2135
f 2136 2137 2138
f 2136 2138 2139
f 2140 2141 2142
f 2140 2142 2143
f 2144 2145 2146
f 2144 2146 2147
f 2148 2149 2150
f 2148 2150 2151
f 2152 2153 2154
f 2152 2154 2155
f 2156 2157 2158
f 2156 2158 2159
f 2160 2161 2162
f 2160 2162 2163
f 2164 2165 2166
f 2164 2166 2167
f 2168 2169 2170
f 2168 2170 2171
f 2172 2173 2174
f 2172 2174 2175
f 2176 2177 2178
f 2176 2178 2179
f 2180 2181 2182
f 2180 2182 2183
f 2184 2185 2186
f 2184 2186 2187
f 2188 2184 2187
f 2188 2187 2189
f 2190 2191 2192
f 2190 2193 2191
f 2194 2193 2190
f 2194 2195 2193
f 2196 2194 2197
f 2196 2197 2198
f 2199 2200 2201
f 2199 2201 2202
f 2203 2204 2205
f 2203 2205 2206
f 2207 2203 2206
f 2207 2206 2208
f 2209 2210 2211
f 2209 2211 2212
f 2213 2214 2215
f 2213 2215 2216
f 2217 2218 2219
f 2217 2219 2220
f 2221 2222 2223
f 2221 2223 2224
f 2225 2226 2227
f 2225 2227 2228
f 2229 2225 2228
f 2229 2228 2230
f 2231 2232 2233
f 2231 2233 2234
f 2235 2236 2237
f 2235 2237 2238
f 2239 2240 2241
f 2239 2241 2242
f 2243 2239 2242
f 2243 2242 2244
f 2245 2246 2247
f 2245 2247 2248
f 2249 2250 2251
f 2249 2251 2252
f 2253 2254 2255
f 2253 2255 2256
f 2257 2258 2259
f 2257 2259 2260
f 2261 2257 2260
f 2261 2260 2262
f 2263 2264 2265
f 2263 2265 2266
f 2267 2268 2269
f 2267 2269 2270
f 2271 2272 2273
f 2271 2273 2274
f 2275 2276 2277
f 2275 2277 2278
f 2279 2280 2281
f 2279 2281 2282
f 2283 2284 2285
f 2283 2285 2286
f 2287 2288 2289
f 2289 2290 2287
f 2290 2291 2287
f 2291 2292 2287
f 2291 2293 2292
f 2293 2294 2292
f 2294 2295 2292
f 2294 2296 2295
f 2296 2297 2295
f 2296 2298 2297
f 2296 2299 2298
f 2299 2300 2298
f 2300 2301 2298
f 2300 2302 2301
f 2300 2303 2302
f 2303 2304 2302
f 2303 2305 2304
f 2305 2306 2304
f 2306 2307 2304
f 2307 2308 2304
f 2307 2309 2308
f 2307 2310 2309
f 2311 2312 2313
f 2311 2313 2314
f 2314 2313 2315
f 2314 2315 1765
f 2316 2317 2318
f 2316 2318 2319
f 2320 2321 2322
f 2320 2322 2323
f 2324 2325 2326
f 2324 2326 2327
f 2328 2329 2330
f 2328 2330 2331
f 2332 2333 2334
f 2332 2334 2335
f 2336 2337 2338
f 2336 2338 2339
f 2339 2338 2340
f 2339 2340 2341
f 2342 2343 2344
f 2342 2344 2345
f 2345 2344 2346
f 2345 2346 2347
f 2348 2349 2350
f 2348 2350 2351
f 2352 2353 2354
f 2352 2354 2355
f 2356 2357 2358
f 2356 2358 2359
f 2360 2361 2362
f 2360 2362 2363
f 2364 2365 2366
f 2364 2366 2367
f 2368 2369 2370
f 2368 2370 2371
f 2372 2373 2374
f 2372 2374 2375
f 2376 2377 2378
f 2376 2378 2379
f 2380 2381 2382
f 2380 2382 2383
f 2384 2385 2386
f 2384 2386 2387
f 2388 2389 2390
f 2388 2390 2391
f 2392 2393 2394
f 2392 2394 2395
f 2396 2397 2398
f 2396 2398 2399
f 2400 2401 2402
f 2400 2402 2403
f 2404 2405 2406
f 2404 2406 2407
f 2408 2409 2410
f 2408 2410 2411
f 2412 2413 2414
f 2412 2414 2415
f 2416 2417 2418
f 2416 2418 2419
f 2420 2421 2422
f 2420 2422 2423
f 2424 2425 2426
f 2424 2426 2427
f 2428 2429 2430
f 2428 2430 2431
f 2432 2433 2434
f 2432 2434 2435
v -13.43359 21.33992 139.3376
v 13.88197 21.33992 139.3618
v -13.43602 21.33992 142.0714
v 13.87954 21.33992 142.0957
v -13.43602 5.260078 142.0714
v 13.87954 5.260077 142.0957
v -13.43359 5.260077 139.3376
v 13.88197 5.260076 139.3618
v -13.43602 21.33992 142.0714
v 13.87954 21.33992 142.0957
v -13.43602 5.260078 142.0714
v 13.87954 5.260077 142.0957
v -13.43359 5.260077 139.3376
v -13.43359 21.33992 139.3376
v 13.88197 21.33992 139.3618
v 13.88197 5.260076 139.3618
v 13.88197 21.33992 139.3618
v 13.87954 21.33992 142.0957
v 13.87954 5.260077 142.0957
v 13.88197 5.260076 139.3618
v -13.43359 5.260077 139.3376
v -13.43602 5.260078 142.0714
v -13.43602 21.33992 142.0714
v -13.43359 21.33992 139.3376
f 2436 2438 2439
f 2436 2439 2437
f 2444 2440 2441
f 2444 2441 2445
f 2446 2442 2443
f 2446 2443 2447
f 2448 2449 2450
f 2448 2450 2451
f 2452 2453 2454
f 2452 2454 2455
f 2456 2457 2458
f 2456 2458 2459
v -44.99713 -7.97956 -8.178073
v -45.24958 -8.027611 -9.355847
v -44.59845 -7.983654 -8.263359
v -44.85089 -8.031705 -9.441133
v -44.59967 -8.812935 -8.229264
v -44.85212 -8.860986 -9.407039
v -44.99835 -8.80884 -8.143977
v -45.2508 -8.856891 -9.321753
v -44.59845 -7.983654 -8.263359
v -44.85089 -8.031705 -9.441133
v -44.59967 -8.812935 -8.229264
v -44.85212 -8.860986 -9.407039
v -44.99835 -8.80884 -8.143977
v -44.99713 -7.97956 -8.178073
v -45.24958 -8.027611 -9.355847
v -45.2508 -8.856891 -9.321753
v -45.24958 -8.027611 -9.355847
v -44.85089 -8.031705 -9.441133
v -44.85212 -8.860986 -9.407039
v -45.2508 -8.856891 -9.321753
v -44.99835 -8.80884 -8.143977
v -44.59967 -8.812935 -8.229264
v -44.59845 -7.983654 -8.263359
v -44.99713 -7.97956 -8.178073
f 2460 2462 2463
f 2460 2463 2461
f 2468 2464 2465
f 2468 2465 2469
f 2470 2466 2467
f 2470 2467 2471
f 2472 2473 2474
f 2472 2474 2475
f 2476 2477 2478
f 2476 2478 2479
f 2480 2481 2482
f 2480 2482 2483
v 12.03 -9.42 133.14
v 8.030001 -9.42 133.14
v 12.03 -7.42 133.14
v 8.030001 -7.42 133.14
v 12.03 -7.42 129.14
v 8.030001 -7.42 129.14
v 12.03 -9.42 129.14
v 8.030001 -9.42 129.14
v 12.03 -7.42 133.14
v 8.030001 -7.42 133.14
v 12.03 -7.42 129.14
v 8.030001 -7.42 129.14
v 12.03 -9.42 129.14
v 12.03 -9.42 133.14
v 8.030001 -9.42 133.14
v 8.030001 -9.42 129.14
v 8.030001 -9.42 133.14
v 8.030001 -7.42 133.14
v 8.030001 -7.42 129.14
v 8.030001 -9.42 129.14
v 12.03 -9.42 129.14
v 12.03 -7.42 129.14
v 12.03 -7.42 133.14
v 12.03 -9.42 133.14
f 2484 2486 2487
f 2484 2487 2485
f 2492 2488 2489
f 2492 2489 2493
f 2494 2490 2491
f 2494 2491 2495
f 2496 2497 2498
f 2496 2498 2499
f 2500 2501 2502
f 2500 2502 2503
f 2504 2505 2506
f 2504 2506 2507
v 3.840997 -8.79 -7.356303
v 2.056303 -8.79 -8.259003
v 3.840997 -6.79 -7.356303
v 2.056303 -6.79 -8.259003
v 4.743697 -6.79 -9.140997
v 2.959003 -6.79 -10.0437
v 4.743697 -8.79 -9.140997
v 2.959003 -8.79 -10.0437
v 3.840997 -6.79 -7.356303
v 2.056303 -6.79 -8.259003
v 4.743697 -6.79 -9.140997
v 2.959003 -6.79 -10.0437
v 4.743697 -8.79 -9.140997
v 3.840997 -8.79 -7.356303
v 2.056303 -8.79 -8.259003
v 2.959003 -8.79 -10.0437
v 2.056303 -8.79 -8.259003
v 2.056303 -6.79 -8.259003
v 2.959003 -6.79 -10.0437
v 2.959003 -8.79 -10.0437
v 4.743697 -8.79 -9.140997
v 4.743697 -6.79 -9.140997
v 3.840997 -6.79 -7.356303
v 3.840997 -8.79 -7.356303
f 2508 2510 2511
f 2508 2511 2509
f 2516 2512 2513
f 2516 2513 2517
f 2518 2514 2515
f 2518 2515 2519
f 2520 2521 2522
f 2520 2522 2523
f 2524 2525 2526
f 2524 2526 2527
f 2528 2529 2530
f 2528 2530 2531
v 14.79195 -9.56 130.7358
v 13.20418 -9.56 131.9519
v 14.79195 -7.56 130.7358
v 13.20418 -7.56 131.9519
v 13.57582 -7.56 129.148
v 11.98805 -7.56 130.3642
v 13.57582 -9.56 129.148
v 11.98805 -9.56 130.3642
v 14.79195 -7.56 130.7358
v 13.20418 -7.56 131.9519
v 13.57582 -7.56 129.148
v 11.98805 -7.56 130.3642
v 13.57582 -9.56 129.148
v 14.79195 -9.56 130.7358
v 13.20418 -9.56 131.9519
v 11.98805 -9.56 130.3642
v 13.20418 -9.56 131.9519
v 13.20418 -7.56 131.9519
v 11.98805 -7.56 130.3642
v 11.98805 -9.56 130.3642
v 13.57582 -9.56 129.148
v 13.57582 -7.56 129.148
v 14.79195 -7.56 130.7358
v 14.79195 -9.56 130.7358
f 2532 2534 2535
f 2532 2535 2533
f 2540 2536 2537
f 2540 2537 2541
f 2542 2538 2539
f 2542 2539 2543
f 2544 2545 2546
f 2544 2546 2547
f 2548 2549 2550
f 2548 2550 2551
f 2552 2553 2554
f 2552 2554 2555
v -6.152415 -9.390014 -21.67286
v -7.78603 -9.567372 -22.2894
v -12.38202 -8.652057 -5.378917
v -14.01563 -8.829416 -5.995459
v -12.52587 -6.852569 -5.515415
v -14.15949 -7.029928 -6.131957
v -6.296267 -7.590525 -21.80935
v -7.929882 -7.767884 -22.4259
v -12.38202 -8.652057 -5.378917
v -14.01563 -8.829416 -5.995459
v -12.52587 -6.852569 -5.515415
v -14.15949 -7.029928 -6.131957
v -6.296267 -7.590525 -21.80935
v -6.152415 -9.390014 -21.67286
v -7.78603 -9.567372 -22.2894
v -7.929882 -7.767884 -22.4259
v -7.78603 -9.567372 -22.2894
v -14.01563 -8.829416 -5.995459
v -14.15949 -7.029928 -6.131957
v -7.929882 -7.767884 -22.4259
v -6.296267 -7.590525 -21.80935
v -12.52587 -6.852569 -5.515415
v -12.38202 -8.652057 -5.378917
v -6.152415 -9.390014 -21.67286
f 2556 2558 2559
f 2556 2559 2557
f 2564 2560 2561
f 2564 2561 2565
f 2566 2562 2563
f 2566 2563 2567
f 2568 2569 2570
f 2568 2570 2571
f 2572 2573 2574
f 2572 2574 2575
f 2576 2577 2578
f 2576 2578 2579
v -22.495 -8.169982 -9.539629
v -22.03129 -9.410477 -10.14212
v -21.20947 -7.551049 -9.824565
v -20.74576 -8.791544 -10.42706
v -22.99737 -7.727312 -10.83155
v -22.53203 -8.972152 -11.43616
v -21.70733 -7.106211 -11.11749
v -21.242 -8.351051 -11.72209
v -21.43637 -8.643498 -9.506656
v -22.30363 -7.876502 -11.75334
v -22.98658 -8.79759 -10.38251
v -21.46723 -9.337465 -11.15331
v -20.75342 -7.722409 -10.87749
v -22.27277 -7.182535 -10.10669
v -21.84824 -7.770733 -9.469061
v -20.77706 -8.151361 -10.0125
v -21.28032 -9.290023 -10.20696
v -22.3515 -8.909395 -9.663523
v -22.96581 -8.369695 -11.24754
v -21.89105 -8.751593 -11.79279
v -21.38611 -7.60913 -11.59767
v -22.46087 -7.227232 -11.05242
v -22.37474 -9.402014 -10.82503
v -22.94399 -7.87878 -10.08277
v -20.79566 -8.641747 -11.17503
v -21.3643 -7.118215 -10.4329
v -22.38733 -8.089517 -9.493803
v -22.2295 -7.983045 -9.454555
v -22.04524 -7.87311 -9.443732
v -21.31455 -7.573015 -9.731583
v -21.4696 -7.617179 -9.622987
v -21.65193 -7.683748 -9.530909
v -21.10576 -7.647203 -9.837503
v -20.97974 -7.791241 -9.871501
v -20.86518 -7.963305 -9.930043
v -20.71879 -8.682401 -10.34028
v -20.70563 -8.524528 -10.22765
v -20.72331 -8.342834 -10.11437
v -20.81688 -8.904337 -10.37819
v -20.93577 -9.04524 -10.31658
v -21.09294 -9.179141 -10.2572
v -21.88966 -9.420838 -10.14041
v -21.69568 -9.411107 -10.14814
v -21.48625 -9.368503 -10.17002
v -22.09845 -9.34665 -10.03449
v -22.18554 -9.237045 -9.89963
v -22.27299 -9.088945 -9.770889
v -22.48541 -8.311453 -9.531706
v -22.45965 -8.503758 -9.543483
v -22.41487 -8.709417 -9.586558
v -23.02429 -7.837049 -10.91887
v -23.03754 -7.995282 -11.0317
v -23.01973 -8.177581 -11.14532
v -22.63617 -8.875319 -11.42315
v -22.76251 -8.73103 -11.38904
v -22.87739 -8.558376 -11.33027
v -22.42636 -8.94987 -11.52959
v -22.27097 -8.905691 -11.63841
v -22.08802 -8.838866 -11.73073
v -21.3504 -8.431835 -11.76807
v -21.50851 -8.538596 -11.80741
v -21.6934 -8.648871 -11.8182
v -21.25183 -8.208811 -11.72998
v -21.27758 -8.016092 -11.71817
v -21.32254 -7.809776 -11.6749
v -21.63995 -7.170541 -11.22571
v -21.55261 -7.280344 -11.36083
v -21.46488 -7.42898 -11.48995
v -21.84976 -7.095989 -11.11927
v -22.04415 -7.105683 -11.11146
v -22.25425 -7.148491 -11.08949
v -22.92572 -7.614024 -10.88078
v -22.8066 -7.472778 -10.94246
v -22.64887 -7.338485 -11.00202
v -22.10269 -9.442014 -10.26077
v -22.19548 -9.460788 -10.43053
v -22.28897 -9.448295 -10.62356
v -22.52079 -9.076964 -11.34058
v -22.49199 -9.203618 -11.1951
v -22.44289 -9.317373 -11.01864
v -23.02014 -7.741119 -10.69178
v -23.02763 -7.770706 -10.49916
v -23.00374 -7.816993 -10.28993
v -22.60035 -8.110692 -9.614161
v -22.72931 -8.032726 -9.73694
v -22.84797 -7.952902 -9.897268
v -20.72304 -8.777763 -10.56656
v -20.71558 -8.74827 -10.75855
v -20.73929 -8.702183 -10.96704
v -21.13645 -8.410458 -11.64741
v -21.00706 -8.488681 -11.52423
v -20.88804 -8.568773 -11.36327
v -21.2207 -7.446442 -9.919958
v -21.2494 -7.320209 -10.06496
v -21.29829 -7.20679 -10.24075
v -21.6358 -7.074611 -10.99861
v -21.54269 -7.055768 -10.82829
v -21.4489 -7.068392 -10.63456
v -21.73805 -7.972559 -9.410329
v -21.62988 -8.190194 -9.395046
v -21.52777 -8.417268 -9.427601
v -20.88674 -8.275061 -9.84222
v -21.0355 -8.401399 -9.69659
v -21.22149 -8.5261 -9.582986
v -21.2867 -9.180004 -9.996768
v -21.31475 -9.033226 -9.804495
v -21.36539 -8.851679 -9.638588
v -22.13802 -8.877503 -9.564877
v -21.90914 -8.822021 -9.502951
v -21.67167 -8.742846 -9.483203
v -22.85591 -8.245624 -11.41841
v -22.70647 -8.118902 -11.56431
v -22.51982 -7.993788 -11.67825
v -22.00158 -8.549195 -11.85183
v -22.11005 -8.330831 -11.86688
v -22.2125 -8.102989 -11.83416
v -21.6002 -7.64105 -11.69673
v -21.82984 -7.696839 -11.75861
v -22.06811 -7.776309 -11.77837
v -22.45453 -7.337478 -11.26331
v -22.42627 -7.48491 -11.45603
v -22.37543 -7.667107 -11.62246
v -22.5479 -8.918246 -9.79646
v -22.72439 -8.903058 -9.963561
v -22.87289 -8.862248 -10.16188
v -22.57464 -9.305599 -10.71496
v -22.74745 -9.168996 -10.60161
v -22.88655 -8.997462 -10.48936
v -23.03699 -8.489924 -11.05478
v -23.06642 -8.604499 -10.84152
v -23.05047 -8.709544 -10.61297
v -23.01967 -8.099673 -10.12896
v -23.05425 -8.332133 -10.19498
v -23.04419 -8.569209 -10.27979
v -21.29486 -9.363495 -10.43216
v -21.33098 -9.398182 -10.67047
v -21.3893 -9.389417 -10.91454
v -20.91477 -8.85721 -11.20261
v -21.0706 -9.049719 -11.20818
v -21.25714 -9.211879 -11.19153
v -21.77974 -8.936667 -11.69261
v -21.66909 -9.101015 -11.55042
v -21.56255 -9.238252 -11.36782
v -22.15545 -9.45455 -10.92762
v -21.92519 -9.461172 -11.01876
v -21.69281 -9.421637 -11.09497
v -20.70616 -8.031516 -10.20468
v -20.67633 -7.917 -10.41751
v -20.69229 -7.812371 -10.64521
v -21.17175 -7.209966 -10.53855
v -21.00044 -7.343302 -10.6502
v -20.85722 -7.516266 -10.76453
v -21.18906 -7.600217 -11.46437
v -21.01261 -7.615668 -11.29675
v -20.8635 -7.656601 -11.09771
v -20.71783 -8.411618 -11.12652
v -20.68429 -8.17566 -11.05891
v -20.6963 -7.942944 -10.97482
v -21.95921 -7.586267 -9.568983
v -22.06974 -7.421876 -9.710604
v -22.17587 -7.285203 -9.892551
v -22.83038 -7.671368 -10.05582
v -22.67797 -7.480779 -10.04958
v -22.48952 -7.314238 -10.06547
v -22.44631 -7.153473 -10.82654
v -22.40993 -7.119153 -10.58785
v -22.35142 -7.127893 -10.34285
v -21.57467 -7.066794 -10.33414
v -21.80134 -7.058715 -10.24389
v -22.03782 -7.096759 -10.16559
v -22.31848 -8.262878 -9.45251
v -22.13886 -8.175228 -9.40193
v -21.94164 -8.074401 -9.385794
v -22.26568 -8.46216 -9.450933
v -22.06012 -8.387575 -9.390966
v -21.84522 -8.293219 -9.370668
v -22.20615 -8.672886 -9.488004
v -21.9844 -8.608129 -9.424449
v -21.75504 -8.520433 -9.402568
v -21.20858 -7.728506 -9.698517
v -21.08787 -7.895092 -9.711992
v -20.9757 -8.08047 -9.760732
v -21.3578 -7.799177 -9.575051
v -21.23857 -7.992032 -9.573062
v -21.12687 -8.19526 -9.61452
v -21.53872 -7.880411 -9.4751
v -21.42312 -8.089993 -9.464227
v -21.31398 -8.30808 -9.500328
v -20.80823 -8.799521 -10.21869
v -20.93295 -8.935723 -10.12706
v -21.09488 -9.067759 -10.05178
v -20.80613 -8.648791 -10.07805
v -20.94223 -8.7848 -9.958098
v -21.11379 -8.917484 -9.866127
v -20.83036 -8.469274 -9.949568
v -20.97461 -8.602573 -9.812346
v -21.15488 -8.733689 -9.707041
v -21.91812 -9.333894 -9.972687
v -21.98394 -9.21586 -9.816994
v -22.06082 -9.061688 -9.67684
v -21.71401 -9.311774 -9.953935
v -21.76378 -9.180344 -9.776003
v -21.83214 -9.015442 -9.622276
v -21.4978 -9.261748 -9.962472
v -21.5359 -9.120709 -9.77257
v -21.59594 -8.946043 -9.60928
v -22.93424 -7.719479 -11.04079
v -22.93678 -7.870661 -11.18178
v -22.9125 -8.050736 -11.31075
v -22.80945 -7.582577 -11.13258
v -22.8001 -7.734142 -11.30207
v -22.76754 -7.917015 -11.44824
v -22.64703 -7.45008 -11.20816
v -22.62789 -7.601064 -11.39428
v -22.58669 -7.785466 -11.55386
v -22.5327 -8.793651 -11.5625
v -22.38309 -8.723154 -11.68654
v -22.20161 -8.641647 -11.78689
v -22.6541 -8.626854 -11.54905
v -22.50275 -8.529598 -11.68841
v -22.31754 -8.431295 -11.79751
v -22.76667 -8.440862 -11.50022
v -22.61477 -8.325681 -11.64672
v -22.42705 -8.21252 -11.76127
v -21.41954 -8.257703 -11.80923
v -21.47212 -8.057775 -11.81104
v -21.53185 -7.846342 -11.77392
v -21.59945 -8.345859 -11.86023
v -21.67842 -8.132713 -11.87113
v -21.7544 -7.911445 -11.83742
v -21.79732 -8.446998 -11.8765
v -21.89404 -8.227396 -11.89138
v -21.98449 -7.999445 -11.85936
v -21.82107 -7.183531 -11.28752
v -22.0258 -7.205282 -11.30627
v -22.24274 -7.255431 -11.29777
v -21.75479 -7.301581 -11.44376
v -21.97577 -7.337256 -11.48478
v -22.20439 -7.397164 -11.48815
v -21.67768 -7.456215 -11.58444
v -21.90716 -7.502779 -11.63894
v -22.14413 -7.572392 -11.65195
v -22.64428 -8.295263 -9.636585
v -22.64246 -8.499614 -9.663815
v -22.60947 -8.712976 -9.715877
v -22.79106 -8.240058 -9.770415
v -22.80836 -8.461951 -9.813717
v -22.78513 -8.687721 -9.876854
v -22.91941 -8.171593 -9.938229
v -22.94821 -8.402857 -9.993851
v -22.93263 -8.637487 -10.0679
v -22.24392 -9.366279 -10.15676
v -22.36621 -9.376605 -10.32242
v -22.47557 -9.35894 -10.51491
v -22.36072 -9.253313 -10.02988
v -22.51202 -9.25472 -10.19875
v -22.63889 -9.230348 -10.39575
v -22.46413 -9.101779 -9.904713
v -22.63287 -9.095036 -10.07468
v -22.77353 -9.063097 -10.27461
v -22.67696 -8.987906 -11.27357
v -22.82054 -8.85137 -11.21488
v -22.94488 -8.68128 -11.14238
v -22.67142 -9.111898 -11.10806
v -22.83313 -8.975368 -11.02487
v -22.96838 -8.802692 -10.93674
v -22.63389 -9.224566 -10.9194
v -22.80472 -9.088533 -10.81926
v -22.9472 -8.914219 -10.71685
v -23.0785 -7.913735 -10.75186
v -23.09778 -7.971322 -10.5541
v -23.07931 -8.032999 -10.34067
v -23.10321 -8.095178 -10.84761
v -23.13048 -8.179911 -10.63853
v -23.11507 -8.258301 -10.41603
v -23.09072 -8.291156 -10.9529
v -23.12115 -8.394026 -10.73826
v -23.10683 -8.487165 -10.50944
v -21.92461 -9.479742 -10.31876
v -21.72151 -9.480449 -10.35416
v -21.50582 -9.442297 -10.39088
v -21.99692 -9.507825 -10.50977
v -21.77867 -9.515301 -10.5708
v -21.55184 -9.479162 -10.62311
v -22.08028 -9.499399 -10.71545
v -21.8541 -9.509208 -10.79389
v -21.61938 -9.473204 -10.86013
v -20.81471 -8.94537 -10.56476
v -20.81911 -8.940755 -10.77083
v -20.84983 -8.906984 -10.98817
v -20.94045 -9.104397 -10.52729
v -20.95712 -9.119757 -10.75289
v -20.99657 -9.096339 -10.98396
v -21.10291 -9.248309 -10.48019
v -21.12974 -9.275937 -10.71667
v -21.17832 -9.26085 -10.95789
v -21.24317 -8.565888 -11.68297
v -21.39557 -8.701959 -11.71393
v -21.579 -8.828315 -11.71982
v -21.11913 -8.674401 -11.55791
v -21.27362 -8.839714 -11.58056
v -21.46088 -8.983973 -11.58055
v -21.00253 -8.770945 -11.39427
v -21.15758 -8.953862 -11.4091
v -21.3473 -9.112387 -11.40209
v -22.35634 -9.101836 -11.43623
v -22.30112 -9.243481 -11.29593
v -22.23736 -9.365465 -11.12057
v -22.17921 -9.079253 -11.54024
v -22.09796 -9.236599 -11.39784
v -22.01795 -9.368098 -11.2184
v -21.98329 -9.022964 -11.63021
v -21.88439 -9.187873 -11.48668
v -21.78986 -9.32546 -11.304
v -20.66469 -8.60594 -10.5068
v -20.64013 -8.424916 -10.41124
v -20.65268 -8.229632 -10.30622
v -20.64561 -8.548205 -10.70379
v -20.61259 -8.340217 -10.61976
v -20.62185 -8.126805 -10.52042
v -20.66411 -8.486794 -10.91641
v -20.62786 -8.262117 -10.84149
v -20.63609 -8.033998 -10.74837
v -21.06505 -7.534925 -9.986619
v -21.07047 -7.411658 -10.15178
v -21.10796 -7.299446 -10.33974
v -20.92187 -7.671215 -10.04518
v -20.90893 -7.547449 -10.23472
v -20.93719 -7.434627 -10.43959
v -20.79802 -7.84083 -10.11738
v -20.77411 -7.719491 -10.32259
v -20.79518 -7.608389 -10.54166
v -21.49407 -7.150891 -11.10305
v -21.37694 -7.264043 -11.23024
v -21.27307 -7.416026 -11.35578
v -21.37151 -7.140186 -10.93672
v -21.22558 -7.262773 -11.06075
v -21.10437 -7.423024 -11.18528
v -21.26166 -7.15787 -10.74355
v -21.09829 -7.287299 -10.86304
v -20.9632 -7.455085 -10.98457
v -21.09253 -8.225063 -11.62476
v -20.94515 -8.280763 -11.49069
v -20.81624 -8.349438 -11.32228
v -21.09426 -8.020236 -11.59751
v -20.92823 -8.058229 -11.44709
v -20.78794 -8.117531 -11.26627
v -21.12723 -7.806151 -11.54526
v -20.9516 -7.83169 -11.38376
v -20.80356 -7.882139 -11.19198
v -21.38436 -7.421461 -9.824623
v -21.56109 -7.444078 -9.720894
v -21.75633 -7.500311 -9.631211
v -21.43975 -7.280438 -9.964437
v -21.64228 -7.286867 -9.86268
v -21.85514 -7.335364 -9.774161
v -21.50325 -7.158986 -10.1392
v -21.72198 -7.155766 -10.04145
v -21.94933 -7.198283 -9.956135
v -22.49426 -7.955834 -9.578616
v -22.61756 -7.847508 -9.703375
v -22.7337 -7.751402 -9.866468
v -22.34215 -7.820131 -9.547772
v -22.46383 -7.682411 -9.680586
v -22.57951 -7.568635 -9.851381
v -22.15924 -7.6943 -9.541905
v -22.27724 -7.538589 -9.680603
v -22.39039 -7.410636 -9.858374
v -22.92786 -7.572909 -10.69366
v -22.80191 -7.413455 -10.73118
v -22.63894 -7.26899 -10.77833
v -22.92381 -7.577682 -10.48687
v -22.78508 -7.398427 -10.50507
v -22.61187 -7.241744 -10.54147
v -22.89301 -7.611492 -10.26869
v -22.74544 -7.421969 -10.2732
v -22.5631 -7.256917 -10.29933
v -21.8147 -7.036962 -10.94039
v -21.74183 -7.008603 -10.74886
v -21.65819 -7.016971 -10.54239
v -22.01826 -7.03616 -10.90488
v -21.96075 -7.001542 -10.68778
v -21.88506 -7.007733 -10.4639
v -22.23466 -7.074342 -10.86794
v -22.18837 -7.037844 -10.63534
v -22.12054 -7.043843 -10.39742
v -21.67167 -8.742846 -9.483203
v -21.43637 -8.643498 -9.506656
v -21.43637 -8.643498 -9.506656
v -20.77706 -8.151361 -10.0125
v -20.88674 -8.275061 -9.84222
v -21.0355 -8.401399 -9.69659
v -21.22149 -8.5261 -9.582986
v -21.43637 -8.643498 -9.506656
v -21.43637 -8.643498 -9.506656
v -21.43637 -8.643498 -9.506656
v -21.67167 -8.742846 -9.483203
v -22.30363 -7.876502 -11.75334
v -22.30363 -7.876502 -11.75334
v -22.30363 -7.876502 -11.75334
v -22.30363 -7.876502 -11.75334
v -21.38611 -7.60913 -11.59767
v -21.6002 -7.64105 -11.69673
v -21.82984 -7.696839 -11.75861
v -22.06811 -7.776309 -11.77837
v -22.30363 -7.876502 -11.75334
v -22.495 -8.169982 -9.539629
v -22.48541 -8.311453 -9.531706
v -22.45965 -8.503758 -9.543483
v -22.41487 -8.709417 -9.586558
v -22.3515 -8.909395 -9.663523
v -22.09845 -9.34665 -10.03449
v -22.03129 -9.410477 -10.14212
v -22.18554 -9.237045 -9.89963
v -22.27299 -9.088945 -9.770889
v -22.53203 -8.972152 -11.43616
v -22.63617 -8.875319 -11.42315
v -22.76251 -8.73103 -11.38904
v -22.87739 -8.558376 -11.33027
v -22.96581 -8.369695 -11.24754
v -23.02429 -7.837049 -10.91887
v -22.99737 -7.727312 -10.83155
v -23.03754 -7.995282 -11.0317
v -23.01973 -8.177581 -11.14532
v -22.03129 -9.410477 -10.14212
v -22.10269 -9.442014 -10.26077
v -21.88966 -9.420838 -10.14041
v -21.69568 -9.411107 -10.14814
v -21.48625 -9.368503 -10.17002
v -21.28032 -9.290023 -10.20696
v -22.19548 -9.460788 -10.43053
v -22.28897 -9.448295 -10.62356
v -22.37474 -9.402014 -10.82503
v -20.81688 -8.904337 -10.37819
v -20.74576 -8.791544 -10.42706
v -20.93577 -9.04524 -10.31658
v -21.09294 -9.179141 -10.2572
v -21.242 -8.351051 -11.72209
v -21.3504 -8.431835 -11.76807
v -21.50851 -8.538596 -11.80741
v -21.6934 -8.648871 -11.8182
v -21.89105 -8.751593 -11.79279
v -22.42636 -8.94987 -11.52959
v -22.52079 -9.076964 -11.34058
v -22.53203 -8.972152 -11.43616
v -22.49199 -9.203618 -11.1951
v -22.44289 -9.317373 -11.01864
v -22.27097 -8.905691 -11.63841
v -22.08802 -8.838866 -11.73073
v -20.74576 -8.791544 -10.42706
v -20.72304 -8.777763 -10.56656
v -20.71879 -8.682401 -10.34028
v -20.70563 -8.524528 -10.22765
v -20.72331 -8.342834 -10.11437
v -20.77706 -8.151361 -10.0125
v -20.71558 -8.74827 -10.75855
v -20.73929 -8.702183 -10.96704
v -20.79566 -8.641747 -11.17503
v -21.10576 -7.647203 -9.837503
v -21.20947 -7.551049 -9.824565
v -20.97974 -7.791241 -9.871501
v -20.86518 -7.963305 -9.930043
v -20.77706 -8.151361 -10.0125
v -20.70616 -8.031516 -10.20468
v -20.67633 -7.917 -10.41751
v -20.69229 -7.812371 -10.64521
v -20.75342 -7.722409 -10.87749
v -21.70733 -7.106211 -11.11749
v -21.63995 -7.170541 -11.22571
v -21.55261 -7.280344 -11.36083
v -21.46488 -7.42898 -11.48995
v -21.38611 -7.60913 -11.59767
v -21.25183 -8.208811 -11.72998
v -21.13645 -8.410458 -11.64741
v -21.242 -8.351051 -11.72209
v -21.00706 -8.488681 -11.52423
v -20.88804 -8.568773 -11.36327
v -21.27758 -8.016092 -11.71817
v -21.32254 -7.809776 -11.6749
v -21.38611 -7.60913 -11.59767
v -21.18906 -7.600217 -11.46437
v -21.01261 -7.615668 -11.29675
v -20.8635 -7.656601 -11.09771
v -21.20947 -7.551049 -9.824565
v -21.2207 -7.446442 -9.919958
v -21.31455 -7.573015 -9.731583
v -21.4696 -7.617179 -9.622987
v -21.65193 -7.683748 -9.530909
v -21.84824 -7.770733 -9.469061
v -21.2494 -7.320209 -10.06496
v -21.29829 -7.20679 -10.24075
v -21.3643 -7.118215 -10.4329
v -22.38733 -8.089517 -9.493803
v -22.60035 -8.110692 -9.614161
v -22.495 -8.169982 -9.539629
v -22.72931 -8.032726 -9.73694
v -22.84797 -7.952902 -9.897268
v -22.94399 -7.87878 -10.08277
v -22.2295 -7.983045 -9.454555
v -22.04524 -7.87311 -9.443732
v -22.99737 -7.727312 -10.83155
v -23.02014 -7.741119 -10.69178
v -22.92572 -7.614024 -10.88078
v -22.8066 -7.472778 -10.94246
v -22.64887 -7.338485 -11.00202
v -22.46087 -7.227232 -11.05242
v -23.02763 -7.770706 -10.49916
v -23.00374 -7.816993 -10.28993
v -21.84976 -7.095989 -11.11927
v -21.6358 -7.074611 -10.99861
v -21.70733 -7.106211 -11.11749
v -21.54269 -7.055768 -10.82829
v -21.4489 -7.068392 -10.63456
v -22.04415 -7.105683 -11.11146
v -22.25425 -7.148491 -11.08949
f 2757 2966 2758
f 2754 2757 2758
f 2753 2757 2754
f 2753 2756 2757
f 2756 2688 2757
f 2757 2688 2689
f 2758 2689 2588
f 2785 2689 2688
f 2754 2758 2755
f 2755 2758 2680
f 2758 2967 2680
f 2750 2753 2754
f 2751 2754 2755
f 2750 2754 2751
f 2628 2756 2753
f 2627 2628 2753
f 2627 2753 2750
f 2580 2627 2750
f 2580 2750 2606
f 2606 2750 2751
f 2628 2629 2756
f 2606 2751 2607
f 2629 2687 2756
f 2629 2597 2687
f 2756 2687 2688
f 2607 2751 2752
f 2751 2755 2752
f 2607 2752 2608
f 2779 2687 2597
f 2779 2597 2626
f 2782 2688 2687
f 2782 2687 2779
f 2785 2688 2782
f 2752 2755 2679
f 2755 2680 2679
f 2608 2752 2678
f 2752 2679 2678
f 2608 2678 2594
f 2778 2779 2626
f 2778 2626 2625
f 2781 2782 2779
f 2781 2779 2778
f 2594 2678 2765
f 2594 2765 2611
f 2678 2679 2766
f 2678 2766 2765
f 2679 2680 2767
f 2679 2767 2766
f 2777 2778 2625
f 2777 2625 2624
f 2611 2765 2762
f 2611 2762 2610
f 2680 2683 2767
f 2680 2968 2683
f 2767 2683 2682
f 2767 2682 2764
f 2766 2767 2764
f 2764 2682 2681
f 2765 2766 2763
f 2766 2764 2763
f 2765 2763 2762
f 2764 2681 2761
f 2763 2764 2761
f 2761 2681 2595
f 2761 2595 2614
f 2763 2761 2760
f 2760 2761 2614
f 2762 2763 2760
f 2760 2614 2613
f 2762 2760 2759
f 2759 2760 2613
f 2610 2762 2759
f 2759 2613 2612
f 2610 2759 2609
f 2609 2759 2612
f 2609 2612 2582
f 2686 2975 2689
f 2776 2974 2686
f 2773 2776 2686
f 2773 2686 2685
f 2685 2686 2785
f 2686 2976 2785
f 2685 2785 2784
f 2784 2785 2782
f 2784 2782 2781
f 2684 2685 2784
f 2783 2784 2781
f 2684 2784 2783
f 2770 2773 2685
f 2770 2685 2684
f 2783 2781 2780
f 2780 2781 2778
f 2780 2778 2777
f 2596 2684 2783
f 2620 2684 2596
f 2620 2770 2684
f 2596 2783 2623
f 2623 2783 2780
f 2623 2780 2622
f 2622 2780 2777
f 2622 2777 2621
f 2621 2777 2624
f 2621 2624 2581
f 2619 2770 2620
f 2619 2769 2770
f 2618 2769 2619
f 2769 2773 2770
f 2618 2768 2769
f 2583 2768 2618
f 2583 2615 2768
f 2769 2772 2773
f 2768 2772 2769
f 2772 2776 2773
f 2615 2771 2768
f 2768 2771 2772
f 2615 2616 2771
f 2772 2775 2776
f 2771 2775 2772
f 2616 2774 2771
f 2771 2774 2775
f 2616 2617 2774
f 2775 2972 2776
f 2776 2972 2973
f 2775 2971 2972
f 2774 2971 2775
f 2774 2970 2971
f 2617 2970 2774
f 2617 2969 2970
f 2794 2701 2589
f 2793 2701 2794
f 2790 2793 2794
f 2790 2794 2791
f 2791 2794 2692
f 2794 2977 2692
f 2793 2700 2701
f 2789 2793 2790
f 2792 2700 2793
f 2789 2792 2793
f 2787 2790 2791
f 2786 2789 2790
f 2786 2790 2787
f 2652 2792 2789
f 2651 2652 2789
f 2651 2789 2786
f 2584 2651 2786
f 2584 2786 2630
f 2630 2786 2787
f 2652 2653 2792
f 2630 2787 2631
f 2653 2699 2792
f 2792 2699 2700
f 2653 2601 2699
f 2631 2787 2788
f 2787 2791 2788
f 2631 2788 2632
f 2815 2699 2601
f 2815 2601 2650
f 2818 2700 2699
f 2818 2699 2815
f 2788 2791 2691
f 2791 2692 2691
f 2632 2788 2690
f 2788 2691 2690
f 2632 2690 2598
f 2814 2815 2650
f 2814 2650 2649
f 2598 2690 2801
f 2598 2801 2635
f 2690 2691 2802
f 2690 2802 2801
f 2691 2692 2803
f 2691 2803 2802
f 2635 2801 2798
f 2635 2798 2634
f 2801 2802 2799
f 2801 2799 2798
f 2634 2798 2795
f 2634 2795 2633
f 2633 2795 2636
f 2633 2636 2585
f 2795 2637 2636
f 2798 2796 2795
f 2795 2796 2637
f 2798 2799 2796
f 2796 2638 2637
f 2796 2797 2638
f 2799 2797 2796
f 2797 2599 2638
f 2802 2800 2799
f 2799 2800 2797
f 2802 2803 2800
f 2797 2693 2599
f 2800 2693 2797
f 2641 2599 2693
f 2803 2694 2800
f 2800 2694 2693
f 2641 2693 2810
f 2810 2693 2694
f 2640 2641 2810
f 2803 2695 2694
f 2692 2695 2803
f 2692 2978 2695
f 2640 2810 2807
f 2639 2640 2807
f 2810 2694 2811
f 2811 2694 2695
f 2807 2810 2811
f 2639 2807 2804
f 2587 2639 2804
f 2587 2804 2642
f 2811 2695 2812
f 2812 2695 2979
f 2807 2811 2808
f 2804 2807 2808
f 2808 2811 2812
f 2642 2804 2805
f 2804 2808 2805
f 2642 2805 2643
f 2808 2812 2809
f 2805 2808 2809
f 2643 2805 2806
f 2805 2809 2806
f 2643 2806 2644
f 2809 2812 2698
f 2812 2980 2698
f 2809 2698 2697
f 2806 2809 2697
f 2806 2697 2696
f 2644 2806 2696
f 2644 2696 2600
f 2645 2648 2586
f 2645 2813 2648
f 2813 2649 2648
f 2646 2813 2645
f 2813 2814 2649
f 2646 2816 2813
f 2816 2814 2813
f 2647 2816 2646
f 2816 2817 2814
f 2817 2815 2814
f 2817 2818 2815
f 2647 2819 2816
f 2819 2817 2816
f 2981 2819 2647
f 2981 2982 2819
f 2819 2820 2817
f 2982 2820 2819
f 2820 2818 2817
f 2982 2983 2820
f 2820 2821 2818
f 2983 2821 2820
f 2821 2700 2818
f 2983 2984 2821
f 2821 2701 2700
f 2984 2701 2821
f 2984 2985 2701
f 2991 2654 2992
f 2991 2831 2654
f 2993 2831 2991
f 2831 2655 2654
f 2993 2834 2831
f 2994 2834 2993
f 2831 2832 2655
f 2834 2832 2831
f 2832 2656 2655
f 2994 2837 2834
f 2990 2837 2994
f 2832 2833 2656
f 2833 2602 2656
f 2834 2835 2832
f 2837 2835 2834
f 2835 2833 2832
f 2990 2702 2837
f 2989 2702 2990
f 2833 2705 2602
f 2659 2602 2705
f 2835 2836 2833
f 2836 2705 2833
f 2837 2838 2835
f 2702 2838 2837
f 2838 2836 2835
f 2989 2824 2702
f 2988 2824 2989
f 2659 2705 2846
f 2658 2659 2846
f 2702 2703 2838
f 2824 2703 2702
f 2836 2706 2705
f 2846 2705 2706
f 2838 2839 2836
f 2703 2839 2838
f 2839 2706 2836
f 2988 2823 2824
f 2987 2823 2988
f 2658 2846 2843
f 2657 2658 2843
f 2824 2827 2703
f 2823 2827 2824
f 2703 2704 2839
f 2827 2704 2703
f 2839 2707 2706
f 2704 2707 2839
f 2846 2706 2847
f 2843 2846 2847
f 2847 2706 2707
f 2987 2822 2823
f 2986 2822 2987
f 2986 2663 2822
f 2823 2826 2827
f 2822 2826 2823
f 2663 2825 2822
f 2822 2825 2826
f 2663 2664 2825
f 2827 2830 2704
f 2826 2830 2827
f 2704 2590 2707
f 2830 2590 2704
f 2847 2707 2848
f 2848 2707 2590
f 2664 2828 2825
f 2664 2665 2828
f 2825 2829 2826
f 2826 2829 2830
f 2825 2828 2829
f 2830 2713 2590
f 2829 2713 2830
f 2665 2711 2828
f 2665 2603 2711
f 2828 2712 2829
f 2829 2712 2713
f 2828 2711 2712
f 2710 2590 2713
f 2848 2590 2710
f 2844 2847 2848
f 2843 2847 2844
f 2851 2711 2603
f 2851 2603 2662
f 2854 2712 2711
f 2854 2711 2851
f 2857 2713 2712
f 2710 2713 2857
f 2857 2712 2854
f 2845 2848 2710
f 2844 2848 2845
f 2840 2843 2844
f 2657 2843 2840
f 2995 2657 2840
f 2995 2840 2996
f 2840 2844 2841
f 2996 2840 2841
f 2841 2844 2845
f 2996 2841 2997
f 2997 2841 2842
f 2841 2845 2842
f 2997 2842 2998
f 2845 2710 2709
f 2842 2845 2709
f 2709 2710 2857
f 2998 2842 2708
f 2842 2709 2708
f 2998 2708 2999
f 2709 2857 2856
f 2708 2709 2856
f 2856 2857 2854
f 2999 2708 2855
f 2708 2856 2855
f 2999 2855 3003
f 2856 2854 2853
f 2855 2856 2853
f 2853 2854 2851
f 3003 2855 2852
f 2855 2853 2852
f 3003 2852 3002
f 2853 2851 2850
f 2852 2853 2850
f 2850 2851 2662
f 2850 2662 2661
f 3002 2852 2849
f 2852 2850 2849
f 2849 2850 2661
f 3002 2849 3000
f 2849 2661 2660
f 3000 2849 2660
f 3000 2660 3001
f 3013 2666 3014
f 3013 2867 2666
f 3015 2867 3013
f 2867 2667 2666
f 3015 2870 2867
f 3016 2870 3015
f 2867 2868 2667
f 2870 2868 2867
f 2868 2668 2667
f 3016 2873 2870
f 3009 2873 3016
f 2868 2869 2668
f 2869 2604 2668
f 2870 2871 2868
f 2873 2871 2870
f 2871 2869 2868
f 3009 2714 2873
f 3008 2714 3009
f 2869 2717 2604
f 2671 2604 2717
f 2871 2872 2869
f 2872 2717 2869
f 2873 2874 2871
f 2714 2874 2873
f 2874 2872 2871
f 3008 2860 2714
f 3007 2860 3008
f 2671 2717 2882
f 2670 2671 2882
f 2714 2715 2874
f 2860 2715 2714
f 2872 2718 2717
f 2882 2717 2718
f 2874 2875 2872
f 2715 2875 2874
f 2875 2718 2872
f 3007 2859 2860
f 3006 2859 3007
f 2670 2882 2879
f 2669 2670 2879
f 2860 2863 2715
f 2859 2863 2860
f 2715 2716 2875
f 2863 2716 2715
f 2875 2719 2718
f 2716 2719 2875
f 2882 2718 2883
f 2879 2882 2883
f 2883 2718 2719
f 3006 2858 2859
f 3004 2858 3006
f 3004 3005 2858
f 2859 2862 2863
f 2858 2862 2859
f 3005 2861 2858
f 2858 2861 2862
f 3005 3010 2861
f 2863 2866 2716
f 2862 2866 2863
f 2716 2591 2719
f 2866 2591 2716
f 2883 2719 2884
f 2884 2719 2591
f 3010 2864 2861
f 3010 3011 2864
f 2861 2865 2862
f 2862 2865 2866
f 2861 2864 2865
f 2866 2725 2591
f 2865 2725 2866
f 3011 2723 2864
f 3011 3012 2723
f 2864 2724 2865
f 2865 2724 2725
f 2864 2723 2724
f 2722 2591 2725
f 2884 2591 2722
f 2880 2883 2884
f 2879 2883 2880
f 2887 2723 3012
f 2887 3012 3026
f 2890 2724 2723
f 2890 2723 2887
f 2893 2725 2724
f 2722 2725 2893
f 2893 2724 2890
f 2881 2884 2722
f 2880 2884 2881
f 2876 2879 2880
f 2669 2879 2876
f 3017 2669 2876
f 3017 2876 3018
f 2876 2880 2877
f 3018 2876 2877
f 2877 2880 2881
f 3018 2877 3019
f 3019 2877 2878
f 2877 2881 2878
f 3019 2878 3020
f 2881 2722 2721
f 2878 2881 2721
f 2721 2722 2893
f 3020 2878 2720
f 2878 2721 2720
f 3020 2720 3021
f 2721 2893 2892
f 2720 2721 2892
f 2892 2893 2890
f 3021 2720 2891
f 2720 2892 2891
f 3021 2891 3028
f 2892 2890 2889
f 2891 2892 2889
f 2889 2890 2887
f 3028 2891 2888
f 2891 2889 2888
f 3028 2888 3027
f 2889 2887 2886
f 2888 2889 2886
f 2886 2887 3026
f 2886 3026 3025
f 3027 2888 2885
f 2888 2886 2885
f 2885 2886 3025
f 3027 2885 3022
f 2885 3025 3023
f 3022 2885 3023
f 3022 3023 3024
f 3033 2726 3034
f 3033 2896 2726
f 3032 2896 3033
f 2896 2727 2726
f 3032 2895 2896
f 3031 2895 3032
f 2896 2899 2727
f 2895 2899 2896
f 2899 2728 2727
f 3031 2894 2895
f 3029 2894 3031
f 3029 3030 2894
f 2895 2898 2899
f 2894 2898 2895
f 2899 2902 2728
f 2898 2902 2899
f 2902 2592 2728
f 3030 2897 2894
f 2894 2897 2898
f 3030 3035 2897
f 2898 2901 2902
f 2897 2901 2898
f 2902 2737 2592
f 2901 2737 2902
f 3062 2592 2737
f 3035 2900 2897
f 2897 2900 2901
f 3035 3036 2900
f 3062 2737 2929
f 3061 3062 2929
f 2901 2736 2737
f 2900 2736 2901
f 2929 2737 2736
f 3036 2735 2900
f 2900 2735 2736
f 3036 3037 2735
f 3061 2929 2928
f 3060 3061 2928
f 2929 2736 2926
f 2926 2736 2735
f 2928 2929 2926
f 2923 2735 3037
f 2926 2735 2923
f 2923 3037 3056
f 3060 2928 2927
f 3059 3060 2927
f 3059 2927 3058
f 2928 2926 2925
f 2925 2926 2923
f 2927 2928 2925
f 2922 2923 3056
f 2925 2923 2922
f 2922 3056 3055
f 3058 2927 2924
f 2927 2925 2924
f 2924 2925 2922
f 3058 2924 3057
f 2921 2922 3055
f 2924 2922 2921
f 3057 2924 2921
f 2921 3055 3053
f 3057 2921 3052
f 3052 2921 3053
f 3052 3053 3054
f 3038 2672 3039
f 3038 2903 2672
f 3040 2903 3038
f 2903 2673 2672
f 3040 2906 2903
f 3041 2906 3040
f 2903 2904 2673
f 2906 2904 2903
f 2904 2674 2673
f 3041 2909 2906
f 3042 2909 3041
f 3042 3043 2909
f 2904 2905 2674
f 2905 2605 2674
f 2906 2907 2904
f 2909 2907 2906
f 2907 2905 2904
f 3043 2910 2909
f 2909 2910 2907
f 3043 3044 2910
f 2905 2729 2605
f 2677 2605 2729
f 2907 2908 2905
f 2910 2908 2907
f 2908 2729 2905
f 3044 2911 2910
f 2910 2911 2908
f 3044 3045 2911
f 2677 2729 2918
f 2676 2677 2918
f 2908 2730 2729
f 2911 2730 2908
f 2918 2729 2730
f 3045 2731 2911
f 2911 2731 2730
f 3045 3046 2731
f 2676 2918 2915
f 2675 2676 2915
f 2918 2730 2919
f 2919 2730 2731
f 2915 2918 2919
f 2920 2731 3046
f 2919 2731 2920
f 2920 3046 2734
f 2675 2915 2912
f 3047 2675 2912
f 3047 2912 3048
f 2915 2919 2916
f 2916 2919 2920
f 2912 2915 2916
f 2917 2920 2734
f 2916 2920 2917
f 2917 2734 2733
f 3048 2912 2913
f 2912 2916 2913
f 2913 2916 2917
f 3048 2913 3049
f 2914 2917 2733
f 2913 2917 2914
f 3049 2913 2914
f 2914 2733 2732
f 3049 2914 3050
f 3050 2914 2732
f 3050 2732 3051
f 3072 3073 3074
f 3072 2939 3073
f 3078 2939 3072
f 2939 3075 3073
f 3078 2942 2939
f 3079 2942 3078
f 2939 2940 3075
f 2942 2940 2939
f 2940 3076 3075
f 3079 2945 2942
f 3068 2945 3079
f 2940 2941 3076
f 2941 3077 3076
f 2942 2943 2940
f 2945 2943 2942
f 2943 2941 2940
f 3068 2738 2945
f 3067 2738 3068
f 2941 2741 3077
f 3087 3077 2741
f 2943 2944 2941
f 2944 2741 2941
f 2945 2946 2943
f 2738 2946 2945
f 2946 2944 2943
f 3067 2932 2738
f 3066 2932 3067
f 3087 2741 2954
f 3086 3087 2954
f 2738 2739 2946
f 2932 2739 2738
f 2944 2742 2741
f 2954 2741 2742
f 2946 2947 2944
f 2739 2947 2946
f 2947 2742 2944
f 3066 2931 2932
f 3065 2931 3066
f 3086 2954 2951
f 3081 3086 2951
f 2932 2935 2739
f 2931 2935 2932
f 2739 2740 2947
f 2935 2740 2739
f 2947 2743 2742
f 2740 2743 2947
f 2954 2742 2955
f 2951 2954 2955
f 2955 2742 2743
f 3065 2930 2931
f 3063 2930 3065
f 3063 3064 2930
f 2931 2934 2935
f 2930 2934 2931
f 3064 2933 2930
f 2930 2933 2934
f 3064 3069 2933
f 2935 2938 2740
f 2934 2938 2935
f 2740 2593 2743
f 2938 2593 2740
f 2955 2743 2956
f 2956 2743 2593
f 3069 2936 2933
f 3069 3070 2936
f 2933 2937 2934
f 2934 2937 2938
f 2933 2936 2937
f 2938 2749 2593
f 2937 2749 2938
f 3070 2747 2936
f 3070 3071 2747
f 2936 2748 2937
f 2937 2748 2749
f 2936 2747 2748
f 2746 2593 2749
f 2956 2593 2746
f 2952 2955 2956
f 2951 2955 2952
f 2959 2747 3071
f 2959 3071 3092
f 2962 2748 2747
f 2962 2747 2959
f 2965 2749 2748
f 2746 2749 2965
f 2965 2748 2962
f 2953 2956 2746
f 2952 2956 2953
f 2948 2951 2952
f 3081 2951 2948
f 3080 3081 2948
f 3080 2948 3082
f 2948 2952 2949
f 3082 2948 2949
f 2949 2952 2953
f 3082 2949 3083
f 3083 2949 2950
f 2949 2953 2950
f 3083 2950 3084
f 2953 2746 2745
f 2950 2953 2745
f 2745 2746 2965
f 3084 2950 2744
f 2950 2745 2744
f 3084 2744 3085
f 2745 2965 2964
f 2744 2745 2964
f 2964 2965 2962
f 3085 2744 2963
f 2744 2964 2963
f 3085 2963 3094
f 2964 2962 2961
f 2963 2964 2961
f 2961 2962 2959
f 3094 2963 2960
f 2963 2961 2960
f 3094 2960 3093
f 2961 2959 2958
f 2960 2961 2958
f 2958 2959 3092
f 2958 3092 3091
f 3093 2960 2957
f 2960 2958 2957
f 2957 2958 3091
f 3093 2957 3088
f 2957 3091 3089
f 3088 2957 3089
f 3088 3089 3090
v -23.85531 -8.984881 -10.7004
v -24.26863 -8.242418 -10.37644
v -23.31416 -9.002437 -9.969728
v -23.72748 -8.259974 -9.645773
v -23.25267 -8.461228 -11.13613
v -23.66744 -7.716165 -10.81104
v -22.70962 -8.478846 -10.4029
v -23.12439 -7.733781 -10.07781
v -24.01357 -8.815877 -10.01319
v -22.96643 -7.904122 -10.76681
v -23.96003 -8.344751 -11.02464
v -23.849 -7.715113 -10.10862
v -23.01997 -8.375248 -9.755358
v -23.131 -9.004886 -10.67138
v -23.60602 -9.13607 -10.32272
v -23.52774 -8.692157 -9.676893
v -24.11224 -8.226743 -9.925955
v -24.19052 -8.670656 -10.57178
v -23.45308 -8.027557 -11.10481
v -23.37453 -7.582162 -10.45683
v -22.78809 -8.049129 -10.20694
v -22.86663 -8.494525 -10.85491
v -24.07621 -7.893216 -10.63979
v -23.56947 -8.8062 -11.03731
v -23.41149 -7.91478 -9.742276
v -22.90448 -8.827773 -10.13944
v -23.81747 -9.032729 -10.63591
v -23.759 -9.084282 -10.54272
v -23.68698 -9.121179 -10.43555
v -23.36587 -9.047379 -10.02617
v -23.43911 -9.09466 -10.1108
v -23.52142 -9.12655 -10.212
v -23.35061 -8.960856 -9.90029
v -23.40331 -8.891656 -9.815461
v -23.46392 -8.80051 -9.737666
v -23.69553 -8.341269 -9.629949
v -23.64764 -8.452768 -9.623964
v -23.59038 -8.573355 -9.638553
v -23.80946 -8.250554 -9.678493
v -23.91493 -8.239933 -9.73786
v -24.01967 -8.231524 -9.82148
v -24.26105 -8.235905 -10.28824
v -24.23482 -8.229555 -10.16978
v -24.18523 -8.226153 -10.04503
v -24.27631 -8.322427 -10.41412
v -24.27062 -8.432558 -10.46511
v -24.24273 -8.552192 -10.51936
v -23.93139 -8.942016 -10.68446
v -24.02629 -8.871447 -10.65661
v -24.11627 -8.779347 -10.61847
v -23.28475 -8.379447 -11.15193
v -23.33278 -8.267731 -11.15795
v -23.39023 -8.146754 -11.14328
v -23.63069 -7.75802 -10.88078
v -23.57792 -7.827369 -10.96581
v -23.51711 -7.91884 -11.04383
v -23.61535 -7.671072 -10.75429
v -23.542 -7.623668 -10.66946
v -23.45942 -7.591714 -10.56791
v -23.16242 -7.685766 -10.14273
v -23.22104 -7.634081 -10.23609
v -23.2933 -7.597104 -10.34362
v -23.04794 -7.776925 -10.09395
v -22.95283 -7.847648 -10.12181
v -22.86258 -7.940073 -10.16008
v -22.702 -8.398353 -10.36509
v -22.70768 -8.28801 -10.31395
v -22.73571 -8.167988 -10.25953
v -22.71733 -8.485299 -10.49159
v -22.7436 -8.491711 -10.6103
v -22.79339 -8.495114 -10.73545
v -23.17026 -8.470606 -11.10314
v -23.06457 -8.481297 -11.04367
v -22.95951 -8.489725 -10.95974
v -24.25369 -8.171164 -10.42723
v -24.21756 -8.077659 -10.49588
v -24.15751 -7.982195 -10.56878
v -23.75243 -7.731802 -10.78999
v -23.86336 -7.766145 -10.75294
v -23.97559 -7.820593 -10.70191
v -23.30733 -8.531335 -11.13885
v -23.38593 -8.623775 -11.12714
v -23.47568 -8.718603 -11.09373
v -23.81011 -8.967989 -10.77491
v -23.74174 -8.932385 -10.86882
v -23.65926 -8.87722 -10.9593
v -23.67292 -8.190004 -9.643063
v -23.59458 -8.097869 -9.654733
v -23.50516 -8.003358 -9.68797
v -23.16968 -7.750706 -10.00316
v -23.23827 -7.786424 -9.90893
v -23.32106 -7.841826 -9.818162
v -23.22933 -8.98683 -9.990738
v -23.11876 -8.952595 -10.02767
v -23.00691 -8.898383 -10.07849
v -22.72459 -8.55024 -10.35201
v -22.76084 -8.644053 -10.28314
v -22.82115 -8.739837 -10.20999
v -23.72064 -9.097315 -10.23689
v -23.82972 -9.030375 -10.1545
v -23.92887 -8.93515 -10.07878
v -23.65843 -8.744517 -9.723631
v -23.78629 -8.784055 -9.796142
v -23.90649 -8.808222 -9.894117
v -24.12295 -8.374633 -9.92157
v -24.11061 -8.525803 -9.934342
v -24.07362 -8.675145 -9.965332
v -24.18517 -8.727429 -10.43483
v -24.15405 -8.772123 -10.2927
v -24.096 -8.802074 -10.14999
v -23.32198 -7.974998 -11.058
v -23.19377 -7.935426 -10.98512
v -23.07318 -7.911197 -10.88679
v -23.25954 -7.620952 -10.54292
v -23.15018 -7.688261 -10.62554
v -23.05072 -7.783839 -10.7015
v -22.79338 -7.992146 -10.34428
v -22.82475 -7.947397 -10.48686
v -22.88303 -7.917366 -10.63005
v -22.85581 -8.34619 -10.85936
v -22.86833 -8.194563 -10.84645
v -22.90549 -8.044724 -10.81533
v -24.17101 -8.60286 -10.70227
v -24.1259 -8.52436 -10.82462
v -24.05452 -8.437011 -10.93374
v -24.08027 -7.989041 -10.76136
v -24.06164 -8.099125 -10.86865
v -24.02104 -8.219234 -10.95755
v -23.58552 -8.091888 -11.12635
v -23.71761 -8.167766 -11.12098
v -23.84529 -8.253621 -11.0871
v -23.67801 -8.710807 -11.07272
v -23.78228 -8.599933 -11.08346
v -23.87862 -8.476315 -11.06777
v -24.07944 -8.083581 -9.946804
v -24.02407 -7.946912 -9.98453
v -23.9461 -7.822191 -10.03928
v -23.52736 -7.832268 -9.803452
v -23.6418 -7.770039 -9.887173
v -23.7504 -7.730482 -9.990215
v -23.49364 -7.570866 -10.36834
v -23.6155 -7.588695 -10.27852
v -23.73655 -7.637005 -10.19003
v -24.04963 -7.815325 -10.50863
v -24.00155 -7.758368 -10.37291
v -23.9338 -7.724533 -10.23784
v -23.39572 -8.628012 -9.655458
v -23.26375 -8.552328 -9.660549
v -23.13658 -8.466789 -9.694332
v -22.90011 -8.736043 -10.02239
v -22.91772 -8.62798 -9.916118
v -22.958 -8.506181 -9.824734
v -22.80762 -8.117124 -10.07602
v -22.85304 -8.195813 -9.95363
v -22.92466 -8.283486 -9.84407
v -23.29863 -8.014398 -9.705987
v -23.19313 -8.1273 -9.695989
v -23.09904 -8.249144 -9.71266
v -23.48729 -9.14729 -10.41093
v -23.36558 -9.129775 -10.50064
v -23.24499 -9.081609 -10.5888
v -23.45815 -8.885872 -10.97903
v -23.34527 -8.947913 -10.89725
v -23.23442 -8.989269 -10.79326
v -22.8995 -8.638146 -10.83402
v -22.95516 -8.774883 -10.79609
v -23.0334 -8.900101 -10.74115
v -22.92955 -8.90302 -10.26532
v -22.97624 -8.959885 -10.39899
v -23.04428 -8.995438 -10.53652
v -23.91544 -8.995318 -10.5788
v -23.86845 -9.046032 -10.47005
v -23.8017 -9.082366 -10.35389
v -24.01574 -8.928752 -10.53281
v -23.97617 -8.979384 -10.40649
v -23.91247 -9.015284 -10.27868
v -24.10891 -8.837742 -10.48479
v -24.07412 -8.886567 -10.34756
v -24.01306 -8.920694 -10.21026
v -23.44822 -9.010475 -9.947954
v -23.51993 -8.944837 -9.863368
v -23.59094 -8.854546 -9.785428
v -23.53965 -9.056699 -10.02611
v -23.63033 -8.990603 -9.939538
v -23.71314 -8.898278 -9.860152
v -23.63209 -9.087868 -10.12488
v -23.73479 -9.021048 -10.03876
v -23.82739 -8.926718 -9.959566
v -23.80507 -8.36945 -9.668259
v -23.91834 -8.376451 -9.7293
v -24.0277 -8.377214 -9.8148
v -23.77105 -8.493731 -9.666539
v -23.89448 -8.516114 -9.732507
v -24.0105 -8.525776 -9.822662
v -23.72049 -8.621839 -9.683892
v -23.84885 -8.654491 -9.753782
v -23.9692 -8.671981 -9.848418
v -24.27229 -8.354292 -10.2991
v -24.26686 -8.477646 -10.33598
v -24.23845 -8.605035 -10.38326
v -24.24714 -8.365784 -10.17324
v -24.24031 -8.504895 -10.19946
v -24.20984 -8.642781 -10.24119
v -24.19731 -8.371713 -10.04381
v -24.18818 -8.520012 -10.06258
v -24.15486 -8.665957 -10.09911
v -23.17481 -8.351223 -11.11329
v -23.20899 -8.226622 -11.11528
v -23.25969 -8.098073 -11.0979
v -23.06111 -8.344373 -11.05226
v -23.08513 -8.204212 -11.04902
v -23.13095 -8.065394 -11.02761
v -22.95136 -8.343584 -10.96652
v -22.96877 -8.194535 -10.95851
v -23.01022 -8.047866 -10.93267
v -23.53271 -7.708308 -10.83277
v -23.44114 -7.661712 -10.7544
v -23.34838 -7.630405 -10.65534
v -23.46095 -7.774024 -10.9178
v -23.35017 -7.728114 -10.84128
v -23.24539 -7.697623 -10.74169
v -23.38968 -7.864574 -10.99602
v -23.26711 -7.820798 -10.92089
v -23.15251 -7.792265 -10.82115
v -23.06412 -7.72351 -10.20007
v -22.96338 -7.790165 -10.24598
v -22.86987 -7.881437 -10.29417
v -23.11126 -7.672414 -10.30899
v -23.00316 -7.739371 -10.37275
v -22.90493 -7.832548 -10.43187
v -23.1782 -7.635926 -10.42555
v -23.06712 -7.703407 -10.50098
v -22.96621 -7.798309 -10.5696
v -22.70621 -8.366425 -10.48059
v -22.73123 -8.355074 -10.60685
v -22.78118 -8.349105 -10.73673
v -22.71143 -8.242763 -10.44346
v -22.73812 -8.215469 -10.58048
v -22.79049 -8.200318 -10.7178
v -22.73988 -8.114936 -10.39605
v -22.76877 -8.077144 -10.5386
v -22.82392 -8.053909 -10.68113
v -23.90418 -8.896303 -10.79137
v -24.00272 -8.814241 -10.77865
v -24.09498 -8.715169 -10.74795
v -23.84593 -8.847822 -10.89559
v -23.95033 -8.751986 -10.89469
v -24.04647 -8.643218 -10.87
v -23.76793 -8.785209 -10.99185
v -23.87438 -8.680072 -10.99834
v -23.97239 -8.562811 -10.97859
v -24.26104 -8.255278 -10.51168
v -24.22461 -8.167574 -10.59878
v -24.16354 -8.074555 -10.68177
v -24.25385 -8.363136 -10.58182
v -24.21447 -8.277496 -10.68766
v -24.15009 -8.1848 -10.78224
v -24.22453 -8.482462 -10.64641
v -24.18218 -8.399431 -10.76363
v -24.1142 -8.308075 -10.86744
v -23.74222 -7.801149 -10.8873
v -23.70314 -7.88144 -10.98062
v -23.64903 -7.979603 -11.06328
v -23.86047 -7.847642 -10.86328
v -23.83106 -7.941415 -10.96596
v -23.78169 -8.049018 -11.05437
v -23.97718 -7.909235 -10.81855
v -23.95439 -8.012084 -10.92557
v -23.90947 -8.127994 -11.01747
v -23.38432 -8.444064 -11.16782
v -23.48044 -8.530303 -11.16114
v -23.58016 -8.622415 -11.12973
v -23.45119 -8.334039 -11.1781
v -23.56602 -8.417514 -11.1737
v -23.67776 -8.508996 -11.14239
v -23.51904 -8.213101 -11.16516
v -23.64552 -8.293613 -11.16109
v -23.76718 -8.383595 -11.129
v -24.2377 -8.12295 -10.31916
v -24.20714 -8.098236 -10.19644
v -24.15449 -8.085325 -10.06864
v -24.19763 -8.014536 -10.37613
v -24.16088 -7.973588 -10.24552
v -24.10318 -7.951436 -10.11187
v -24.13466 -7.910742 -10.44345
v -24.09274 -7.859574 -10.30909
v -24.02985 -7.829781 -10.1716
v -23.77048 -8.138106 -9.688315
v -23.70182 -8.03062 -9.70669
v -23.61669 -7.927546 -9.744086
v -23.87834 -8.108902 -9.752497
v -23.81504 -7.984807 -9.77857
v -23.73176 -7.871285 -9.821684
v -23.98488 -8.090828 -9.83963
v -23.9255 -7.957201 -9.871957
v -23.84419 -7.835804 -9.920913
v -23.2502 -7.683478 -10.06129
v -23.3264 -7.626369 -10.14855
v -23.40857 -7.586628 -10.25374
v -23.33585 -7.710321 -9.968204
v -23.43032 -7.648007 -10.05419
v -23.52419 -7.605578 -10.16011
v -23.4284 -7.761772 -9.877633
v -23.53471 -7.697785 -9.962203
v -23.63859 -7.654418 -10.06816
v -23.71879 -7.668276 -10.69399
v -23.83341 -7.69418 -10.64002
v -23.9482 -7.744909 -10.57948
v -23.65628 -7.615667 -10.59396
v -23.77733 -7.63675 -10.52272
v -23.89689 -7.686036 -10.45122
v -23.57876 -7.581108 -10.48353
v -23.70247 -7.599795 -10.40082
v -23.82489 -7.648375 -10.31971
v -23.59625 -8.276844 -9.614071
v -23.52955 -8.386631 -9.603871
v -23.46198 -8.507199 -9.616813
v -23.50032 -8.19107 -9.620828
v -23.41489 -8.303435 -9.608061
v -23.33563 -8.426894 -9.620605
v -23.401 -8.099294 -9.652178
v -23.30354 -8.212263 -9.639214
v -23.21442 -8.337264 -9.652562
v -23.2394 -8.91787 -9.893766
v -23.12163 -8.871318 -9.917636
v -23.00538 -8.809947 -9.962254
v -23.27843 -8.837738 -9.800701
v -23.15075 -8.777925 -9.815092
v -23.02783 -8.707535 -9.855313
v -23.33244 -8.739906 -9.718349
v -23.19991 -8.670681 -9.726975
v -23.07262 -8.592001 -9.76371
v -22.71734 -8.465702 -10.26726
v -22.7245 -8.357613 -10.19692
v -22.75389 -8.237925 -10.13205
v -22.75376 -8.553876 -10.17996
v -22.76414 -8.443527 -10.09099
v -22.79655 -8.321156 -10.01479
v -22.81501 -8.647237 -10.09661
v -22.82878 -8.536537 -9.996086
v -22.8648 -8.412868 -9.910596
v -23.07525 -7.822787 -9.986739
v -23.13379 -7.871216 -9.882103
v -23.21203 -7.934058 -9.785437
v -22.97646 -7.905015 -9.999437
v -23.02917 -7.967429 -9.883252
v -23.10541 -8.039625 -9.779271
v -22.88388 -8.004426 -10.03016
v -22.93271 -8.07656 -9.908067
v -23.00709 -8.157268 -9.799071
v -23.26273 -9.050199 -10.08628
v -23.32514 -9.102638 -10.18609
v -23.40247 -9.137043 -10.29612
v -23.14862 -9.024356 -10.14028
v -23.20434 -9.081833 -10.25723
v -23.27892 -9.118676 -10.37874
v -23.03427 -8.973761 -10.20058
v -23.08518 -9.032761 -10.32846
v -23.15696 -9.070295 -10.45955
v -23.72995 -9.035042 -10.71713
v -23.64442 -9.008272 -10.80972
v -23.55224 -8.956957 -10.89994
v -23.65393 -9.091972 -10.63003
v -23.55018 -9.070613 -10.72418
v -23.44616 -9.021049 -10.81587
v -23.57208 -9.13154 -10.52513
v -23.4566 -9.112912 -10.61865
v -23.34263 -9.064272 -10.71024
v -23.20937 -8.583373 -11.09327
v -23.10125 -8.612684 -11.02898
v -22.99435 -8.630899 -10.94158
v -23.27838 -8.691196 -11.07504
v -23.16487 -8.736936 -11.00276
v -23.05404 -8.764595 -10.90905
v -23.3638 -8.794701 -11.03753
v -23.24846 -8.850837 -10.95945
v -23.13567 -8.886443 -10.85991
v -22.74077 -8.598575 -10.46057
v -22.78082 -8.707338 -10.40323
v -22.84399 -8.811563 -10.33568
v -22.77137 -8.623386 -10.58358
v -22.81786 -8.748193 -10.53423
v -22.88628 -8.862586 -10.47043
v -22.82416 -8.63642 -10.71179
v -22.87576 -8.770379 -10.66834
v -22.94937 -8.892487 -10.60837
v -24.096 -8.802074 -10.14999
v -24.01357 -8.815877 -10.01319
v -24.01357 -8.815877 -10.01319
v -23.52774 -8.692157 -9.676893
v -23.65843 -8.744517 -9.723631
v -23.78629 -8.784055 -9.796142
v -23.90649 -8.808222 -9.894117
v -24.01357 -8.815877 -10.01319
v -24.01357 -8.815877 -10.01319
v -24.01357 -8.815877 -10.01319
v -24.096 -8.802074 -10.14999
v -22.96643 -7.904122 -10.76681
v -22.96643 -7.904122 -10.76681
v -22.96643 -7.904122 -10.76681
v -22.96643 -7.904122 -10.76681
v -22.78809 -8.049129 -10.20694
v -22.79338 -7.992146 -10.34428
v -22.82475 -7.947397 -10.48686
v -22.88303 -7.917366 -10.63005
v -22.96643 -7.904122 -10.76681
v -23.85531 -8.984881 -10.7004
v -23.93139 -8.942016 -10.68446
v -24.02629 -8.871447 -10.65661
v -24.11627 -8.779347 -10.61847
v -24.19052 -8.670656 -10.57178
v -24.27631 -8.322427 -10.41412
v -24.26863 -8.242418 -10.37644
v -24.27062 -8.432558 -10.46511
v -24.24273 -8.552192 -10.51936
v -23.66744 -7.716165 -10.81104
v -23.63069 -7.75802 -10.88078
v -23.57792 -7.827369 -10.96581
v -23.51711 -7.91884 -11.04383
v -23.45308 -8.027557 -11.10481
v -23.28475 -8.379447 -11.15193
v -23.25267 -8.461228 -11.13613
v -23.33278 -8.267731 -11.15795
v -23.39023 -8.146754 -11.14328
v -24.26863 -8.242418 -10.37644
v -24.25369 -8.171164 -10.42723
v -24.26105 -8.235905 -10.28824
v -24.23482 -8.229555 -10.16978
v -24.18523 -8.226153 -10.04503
v -24.11224 -8.226743 -9.925955
v -24.21756 -8.077659 -10.49588
v -24.15751 -7.982195 -10.56878
v -24.07621 -7.893216 -10.63979
v -23.80946 -8.250554 -9.678493
v -23.72748 -8.259974 -9.645773
v -23.91493 -8.239933 -9.73786
v -24.01967 -8.231524 -9.82148
v -23.12439 -7.733781 -10.07781
v -23.16242 -7.685766 -10.14273
v -23.22104 -7.634081 -10.23609
v -23.2933 -7.597104 -10.34362
v -23.37453 -7.582162 -10.45683
v -23.61535 -7.671072 -10.75429
v -23.75243 -7.731802 -10.78999
v -23.66744 -7.716165 -10.81104
v -23.86336 -7.766145 -10.75294
v -23.97559 -7.820593 -10.70191
v -23.542 -7.623668 -10.66946
v -23.45942 -7.591714 -10.56791
v -23.72748 -8.259974 -9.645773
v -23.67292 -8.190004 -9.643063
v -23.69553 -8.341269 -9.629949
v -23.64764 -8.452768 -9.623964
v -23.59038 -8.573355 -9.638553
v -23.52774 -8.692157 -9.676893
v -23.59458 -8.097869 -9.654733
v -23.50516 -8.003358 -9.68797
v -23.41149 -7.91478 -9.742276
v -23.35061 -8.960856 -9.90029
v -23.31416 -9.002437 -9.969728
v -23.40331 -8.891656 -9.815461
v -23.46392 -8.80051 -9.737666
v -23.52774 -8.692157 -9.676893
v -23.39572 -8.628012 -9.655458
v -23.26375 -8.552328 -9.660549
v -23.13658 -8.466789 -9.694332
v -23.01997 -8.375248 -9.755358
v -22.70962 -8.478846 -10.4029
v -22.702 -8.398353 -10.36509
v -22.70768 -8.28801 -10.31395
v -22.73571 -8.167988 -10.25953
v -22.78809 -8.049129 -10.20694
v -23.04794 -7.776925 -10.09395
v -23.16968 -7.750706 -10.00316
v -23.12439 -7.733781 -10.07781
v -23.23827 -7.786424 -9.90893
v -23.32106 -7.841826 -9.818162
v -22.95283 -7.847648 -10.12181
v -22.86258 -7.940073 -10.16008
v -22.78809 -8.049129 -10.20694
v -22.80762 -8.117124 -10.07602
v -22.85304 -8.195813 -9.95363
v -22.92466 -8.283486 -9.84407
v -23.31416 -9.002437 -9.969728
v -23.22933 -8.98683 -9.990738
v -23.36587 -9.047379 -10.02617
v -23.43911 -9.09466 -10.1108
v -23.52142 -9.12655 -10.212
v -23.60602 -9.13607 -10.32272
v -23.11876 -8.952595 -10.02767
v -23.00691 -8.898383 -10.07849
v -22.90448 -8.827773 -10.13944
v -23.81747 -9.032729 -10.63591
v -23.81011 -8.967989 -10.77491
v -23.85531 -8.984881 -10.7004
v -23.74174 -8.932385 -10.86882
v -23.65926 -8.87722 -10.9593
v -23.56947 -8.8062 -11.03731
v -23.759 -9.084282 -10.54272
v -23.68698 -9.121179 -10.43555
v -23.25267 -8.461228 -11.13613
v -23.30733 -8.531335 -11.13885
v -23.17026 -8.470606 -11.10314
v -23.06457 -8.481297 -11.04367
v -22.95951 -8.489725 -10.95974
v -22.86663 -8.494525 -10.85491
v -23.38593 -8.623775 -11.12714
v -23.47568 -8.718603 -11.09373
v -22.71733 -8.485299 -10.49159
v -22.72459 -8.55024 -10.35201
v -22.70962 -8.478846 -10.4029
v -22.76084 -8.644053 -10.28314
v -22.82115 -8.739837 -10.20999
v -22.7436 -8.491711 -10.6103
v -22.79339 -8.495114 -10.73545
f 3272 3481 3273
f 3269 3272 3273
f 3268 3272 3269
f 3268 3271 3272
f 3271 3203 3272
f 3272 3203 3204
f 3273 3204 3103
f 3300 3204 3203
f 3269 3273 3270
f 3270 3273 3195
f 3273 3482 3195
f 3265 3268 3269
f 3266 3269 3270
f 3265 3269 3266
f 3143 3271 3268
f 3142 3143 3268
f 3142 3268 3265
f 3095 3142 3265
f 3095 3265 3121
f 3121 3265 3266
f 3143 3144 3271
f 3121 3266 3122
f 3144 3202 3271
f 3144 3112 3202
f 3271 3202 3203
f 3122 3266 3267
f 3266 3270 3267
f 3122 3267 3123
f 3294 3202 3112
f 3294 3112 3141
f 3297 3203 3202
f 3297 3202 3294
f 3300 3203 3297
f 3267 3270 3194
f 3270 3195 3194
f 3123 3267 3193
f 3267 3194 3193
f 3123 3193 3109
f 3293 3294 3141
f 3293 3141 3140
f 3296 3297 3294
f 3296 3294 3293
f 3109 3193 3280
f 3109 3280 3126
f 3193 3194 3281
f 3193 3281 3280
f 3194 3195 3282
f 3194 3282 3281
f 3292 3293 3140
f 3292 3140 3139
f 3126 3280 3277
f 3126 3277 3125
f 3195 3198 3282
f 3195 3483 3198
f 3282 3198 3197
f 3282 3197 3279
f 3281 3282 3279
f 3279 3197 3196
f 3280 3281 3278
f 3281 3279 3278
f 3280 3278 3277
f 3279 3196 3276
f 3278 3279 3276
f 3276 3196 3110
f 3276 3110 3129
f 3278 3276 3275
f 3275 3276 3129
f 3277 3278 3275
f 3275 3129 3128
f 3277 3275 3274
f 3274 3275 3128
f 3125 3277 3274
f 3274 3128 3127
f 3125 3274 3124
f 3124 3274 3127
f 3124 3127 3097
f 3201 3490 3204
f 3291 3489 3201
f 3288 3291 3201
f 3288 3201 3200
f 3200 3201 3300
f 3201 3491 3300
f 3200 3300 3299
f 3299 3300 3297
f 3299 3297 3296
f 3199 3200 3299
f 3298 3299 3296
f 3199 3299 3298
f 3285 3288 3200
f 3285 3200 3199
f 3298 3296 3295
f 3295 3296 3293
f 3295 3293 3292
f 3111 3199 3298
f 3135 3199 3111
f 3135 3285 3199
f 3111 3298 3138
f 3138 3298 3295
f 3138 3295 3137
f 3137 3295 3292
f 3137 3292 3136
f 3136 3292 3139
f 3136 3139 3096
f 3134 3285 3135
f 3134 3284 3285
f 3133 3284 3134
f 3284 3288 3285
f 3133 3283 3284
f 3098 3283 3133
f 3098 3130 3283
f 3284 3287 3288
f 3283 3287 3284
f 3287 3291 3288
f 3130 3286 3283
f 3283 3286 3287
f 3130 3131 3286
f 3287 3290 3291
f 3286 3290 3287
f 3131 3289 3286
f 3286 3289 3290
f 3131 3132 3289
f 3290 3487 3291
f 3291 3487 3488
f 3290 3486 3487
f 3289 3486 3290
f 3289 3485 3486
f 3132 3485 3289
f 3132 3484 3485
f 3309 3216 3104
f 3308 3216 3309
f 3305 3308 3309
f 3305 3309 3306
f 3306 3309 3207
f 3309 3492 3207
f 3308 3215 3216
f 3304 3308 3305
f 3307 3215 3308
f 3304 3307 3308
f 3302 3305 3306
f 3301 3304 3305
f 3301 3305 3302
f 3167 3307 3304
f 3166 3167 3304
f 3166 3304 3301
f 3099 3166 3301
f 3099 3301 3145
f 3145 3301 3302
f 3167 3168 3307
f 3145 3302 3146
f 3168 3214 3307
f 3307 3214 3215
f 3168 3116 3214
f 3146 3302 3303
f 3302 3306 3303
f 3146 3303 3147
f 3330 3214 3116
f 3330 3116 3165
f 3333 3215 3214
f 3333 3214 3330
f 3303 3306 3206
f 3306 3207 3206
f 3147 3303 3205
f 3303 3206 3205
f 3147 3205 3113
f 3329 3330 3165
f 3329 3165 3164
f 3113 3205 3316
f 3113 3316 3150
f 3205 3206 3317
f 3205 3317 3316
f 3206 3207 3318
f 3206 3318 3317
f 3150 3316 3313
f 3150 3313 3149
f 3316 3317 3314
f 3316 3314 3313
f 3149 3313 3310
f 3149 3310 3148
f 3148 3310 3151
f 3148 3151 3100
f 3310 3152 3151
f 3313 3311 3310
f 3310 3311 3152
f 3313 3314 3311
f 3311 3153 3152
f 3311 3312 3153
f 3314 3312 3311
f 3312 3114 3153
f 3317 3315 3314
f 3314 3315 3312
f 3317 3318 3315
f 3312 3208 3114
f 3315 3208 3312
f 3156 3114 3208
f 3318 3209 3315
f 3315 3209 3208
f 3156 3208 3325
f 3325 3208 3209
f 3155 3156 3325
f 3318 3210 3209
f 3207 3210 3318
f 3207 3493 3210
f 3155 3325 3322
f 3154 3155 3322
f 3325 3209 3326
f 3326 3209 3210
f 3322 3325 3326
f 3154 3322 3319
f 3102 3154 3319
f 3102 3319 3157
f 3326 3210 3327
f 3327 3210 3494
f 3322 3326 3323
f 3319 3322 3323
f 3323 3326 3327
f 3157 3319 3320
f 3319 3323 3320
f 3157 3320 3158
f 3323 3327 3324
f 3320 3323 3324
f 3158 3320 3321
f 3320 3324 3321
f 3158 3321 3159
f 3324 3327 3213
f 3327 3495 3213
f 3324 3213 3212
f 3321 3324 3212
f 3321 3212 3211
f 3159 3321 3211
f 3159 3211 3115
f 3160 3163 3101
f 3160 3328 3163
f 3328 3164 3163
f 3161 3328 3160
f 3328 3329 3164
f 3161 3331 3328
f 3331 3329 3328
f 3162 3331 3161
f 3331 3332 3329
f 3332 3330 3329
f 3332 3333 3330
f 3162 3334 3331
f 3334 3332 3331
f 3496 3334 3162
f 3496 3497 3334
f 3334 3335 3332
f 3497 3335 3334
f 3335 3333 3332
f 3497 3498 3335
f 3335 3336 3333
f 3498 3336 3335
f 3336 3215 3333
f 3498 3499 3336
f 3336 3216 3215
f 3499 3216 3336
f 3499 3500 3216
f 3506 3169 3507
f 3506 3346 3169
f 3508 3346 3506
f 3346 3170 3169
f 3508 3349 3346
f 3509 3349 3508
f 3346 3347 3170
f 3349 3347 3346
f 3347 3171 3170
f 3509 3352 3349
f 3505 3352 3509
f 3347 3348 3171
f 3348 3117 3171
f 3349 3350 3347
f 3352 3350 3349
f 3350 3348 3347
f 3505 3217 3352
f 3504 3217 3505
f 3348 3220 3117
f 3174 3117 3220
f 3350 3351 3348
f 3351 3220 3348
f 3352 3353 3350
f 3217 3353 3352
f 3353 3351 3350
f 3504 3339 3217
f 3503 3339 3504
f 3174 3220 3361
f 3173 3174 3361
f 3217 3218 3353
f 3339 3218 3217
f 3351 3221 3220
f 3361 3220 3221
f 3353 3354 3351
f 3218 3354 3353
f 3354 3221 3351
f 3503 3338 3339
f 3502 3338 3503
f 3173 3361 3358
f 3172 3173 3358
f 3339 3342 3218
f 3338 3342 3339
f 3218 3219 3354
f 3342 3219 3218
f 3354 3222 3221
f 3219 3222 3354
f 3361 3221 3362
f 3358 3361 3362
f 3362 3221 3222
f 3502 3337 3338
f 3501 3337 3502
f 3501 3178 3337
f 3338 3341 3342
f 3337 3341 3338
f 3178 3340 3337
f 3337 3340 3341
f 3178 3179 3340
f 3342 3345 3219
f 3341 3345 3342
f 3219 3105 3222
f 3345 3105 3219
f 3362 3222 3363
f 3363 3222 3105
f 3179 3343 3340
f 3179 3180 3343
f 3340 3344 3341
f 3341 3344 3345
f 3340 3343 3344
f 3345 3228 3105
f 3344 3228 3345
f 3180 3226 3343
f 3180 3118 3226
f 3343 3227 3344
f 3344 3227 3228
f 3343 3226 3227
f 3225 3105 3228
f 3363 3105 3225
f 3359 3362 3363
f 3358 3362 3359
f 3366 3226 3118
f 3366 3118 3177
f 3369 3227 3226
f 3369 3226 3366
f 3372 3228 3227
f 3225 3228 3372
f 3372 3227 3369
f 3360 3363 3225
f 3359 3363 3360
f 3355 3358 3359
f 3172 3358 3355
f 3510 3172 3355
f 3510 3355 3511
f 3355 3359 3356
f 3511 3355 3356
f 3356 3359 3360
f 3511 3356 3512
f 3512 3356 3357
f 3356 3360 3357
f 3512 3357 3513
f 3360 3225 3224
f 3357 3360 3224
f 3224 3225 3372
f 3513 3357 3223
f 3357 3224 3223
f 3513 3223 3514
f 3224 3372 3371
f 3223 3224 3371
f 3371 3372 3369
f 3514 3223 3370
f 3223 3371 3370
f 3514 3370 3518
f 3371 3369 3368
f 3370 3371 3368
f 3368 3369 3366
f 3518 3370 3367
f 3370 3368 3367
f 3518 3367 3517
f 3368 3366 3365
f 3367 3368 3365
f 3365 3366 3177
f 3365 3177 3176
f 3517 3367 3364
f 3367 3365 3364
f 3364 3365 3176
f 3517 3364 3515
f 3364 3176 3175
f 3515 3364 3175
f 3515 3175 3516
f 3528 3181 3529
f 3528 3382 3181
f 3530 3382 3528
f 3382 3182 3181
f 3530 3385 3382
f 3531 3385 3530
f 3382 3383 3182
f 3385 3383 3382
f 3383 3183 3182
f 3531 3388 3385
f 3524 3388 3531
f 3383 3384 3183
f 3384 3119 3183
f 3385 3386 3383
f 3388 3386 3385
f 3386 3384 3383
f 3524 3229 3388
f 3523 3229 3524
f 3384 3232 3119
f 3186 3119 3232
f 3386 3387 3384
f 3387 3232 3384
f 3388 3389 3386
f 3229 3389 3388
f 3389 3387 3386
f 3523 3375 3229
f 3522 3375 3523
f 3186 3232 3397
f 3185 3186 3397
f 3229 3230 3389
f 3375 3230 3229
f 3387 3233 3232
f 3397 3232 3233
f 3389 3390 3387
f 3230 3390 3389
f 3390 3233 3387
f 3522 3374 3375
f 3521 3374 3522
f 3185 3397 3394
f 3184 3185 3394
f 3375 3378 3230
f 3374 3378 3375
f 3230 3231 3390
f 3378 3231 3230
f 3390 3234 3233
f 3231 3234 3390
f 3397 3233 3398
f 3394 3397 3398
f 3398 3233 3234
f 3521 3373 3374
f 3519 3373 3521
f 3519 3520 3373
f 3374 3377 3378
f 3373 3377 3374
f 3520 3376 3373
f 3373 3376 3377
f 3520 3525 3376
f 3378 3381 3231
f 3377 3381 3378
f 3231 3106 3234
f 3381 3106 3231
f 3398 3234 3399
f 3399 3234 3106
f 3525 3379 3376
f 3525 3526 3379
f 3376 3380 3377
f 3377 3380 3381
f 3376 3379 3380
f 3381 3240 3106
f 3380 3240 3381
f 3526 3238 3379
f 3526 3527 3238
f 3379 3239 3380
f 3380 3239 3240
f 3379 3238 3239
f 3237 3106 3240
f 3399 3106 3237
f 3395 3398 3399
f 3394 3398 3395
f 3402 3238 3527
f 3402 3527 3541
f 3405 3239 3238
f 3405 3238 3402
f 3408 3240 3239
f 3237 3240 3408
f 3408 3239 3405
f 3396 3399 3237
f 3395 3399 3396
f 3391 3394 3395
f 3184 3394 3391
f 3532 3184 3391
f 3532 3391 3533
f 3391 3395 3392
f 3533 3391 3392
f 3392 3395 3396
f 3533 3392 3534
f 3534 3392 3393
f 3392 3396 3393
f 3534 3393 3535
f 3396 3237 3236
f 3393 3396 3236
f 3236 3237 3408
f 3535 3393 3235
f 3393 3236 3235
f 3535 3235 3536
f 3236 3408 3407
f 3235 3236 3407
f 3407 3408 3405
f 3536 3235 3406
f 3235 3407 3406
f 3536 3406 3543
f 3407 3405 3404
f 3406 3407 3404
f 3404 3405 3402
f 3543 3406 3403
f 3406 3404 3403
f 3543 3403 3542
f 3404 3402 3401
f 3403 3404 3401
f 3401 3402 3541
f 3401 3541 3540
f 3542 3403 3400
f 3403 3401 3400
f 3400 3401 3540
f 3542 3400 3537
f 3400 3540 3538
f 3537 3400 3538
f 3537 3538 3539
f 3548 3241 3549
f 3548 3411 3241
f 3547 3411 3548
f 3411 3242 3241
f 3547 3410 3411
f 3546 3410 3547
f 3411 3414 3242
f 3410 3414 3411
f 3414 3243 3242
f 3546 3409 3410
f 3544 3409 3546
f 3544 3545 3409
f 3410 3413 3414
f 3409 3413 3410
f 3414 3417 3243
f 3413 3417 3414
f 3417 3107 3243
f 3545 3412 3409
f 3409 3412 3413
f 3545 3550 3412
f 3413 3416 3417
f 3412 3416 3413
f 3417 3252 3107
f 3416 3252 3417
f 3577 3107 3252
f 3550 3415 3412
f 3412 3415 3416
f 3550 3551 3415
f 3577 3252 3444
f 3576 3577 3444
f 3416 3251 3252
f 3415 3251 3416
f 3444 3252 3251
f 3551 3250 3415
f 3415 3250 3251
f 3551 3552 3250
f 3576 3444 3443
f 3575 3576 3443
f 3444 3251 3441
f 3441 3251 3250
f 3443 3444 3441
f 3438 3250 3552
f 3441 3250 3438
f 3438 3552 3571
f 3575 3443 3442
f 3574 3575 3442
f 3574 3442 3573
f 3443 3441 3440
f 3440 3441 3438
f 3442 3443 3440
f 3437 3438 3571
f 3440 3438 3437
f 3437 3571 3570
f 3573 3442 3439
f 3442 3440 3439
f 3439 3440 3437
f 3573 3439 3572
f 3436 3437 3570
f 3439 3437 3436
f 3572 3439 3436
f 3436 3570 3568
f 3572 3436 3567
f 3567 3436 3568
f 3567 3568 3569
f 3553 3187 3554
f 3553 3418 3187
f 3555 3418 3553
f 3418 3188 3187
f 3555 3421 3418
f 3556 3421 3555
f 3418 3419 3188
f 3421 3419 3418
f 3419 3189 3188
f 3556 3424 3421
f 3557 3424 3556
f 3557 3558 3424
f 3419 3420 3189
f 3420 3120 3189
f 3421 3422 3419
f 3424 3422 3421
f 3422 3420 3419
f 3558 3425 3424
f 3424 3425 3422
f 3558 3559 3425
f 3420 3244 3120
f 3192 3120 3244
f 3422 3423 3420
f 3425 3423 3422
f 3423 3244 3420
f 3559 3426 3425
f 3425 3426 3423
f 3559 3560 3426
f 3192 3244 3433
f 3191 3192 3433
f 3423 3245 3244
f 3426 3245 3423
f 3433 3244 3245
f 3560 3246 3426
f 3426 3246 3245
f 3560 3561 3246
f 3191 3433 3430
f 3190 3191 3430
f 3433 3245 3434
f 3434 3245 3246
f 3430 3433 3434
f 3435 3246 3561
f 3434 3246 3435
f 3435 3561 3249
f 3190 3430 3427
f 3562 3190 3427
f 3562 3427 3563
f 3430 3434 3431
f 3431 3434 3435
f 3427 3430 3431
f 3432 3435 3249
f 3431 3435 3432
f 3432 3249 3248
f 3563 3427 3428
f 3427 3431 3428
f 3428 3431 3432
f 3563 3428 3564
f 3429 3432 3248
f 3428 3432 3429
f 3564 3428 3429
f 3429 3248 3247
f 3564 3429 3565
f 3565 3429 3247
f 3565 3247 3566
f 3587 3588 3589
f 3587 3454 3588
f 3593 3454 3587
f 3454 3590 3588
f 3593 3457 3454
f 3594 3457 3593
f 3454 3455 3590
f 3457 3455 3454
f 3455 3591 3590
f 3594 3460 3457
f 3583 3460 3594
f 3455 3456 3591
f 3456 3592 3591
f 3457 3458 3455
f 3460 3458 3457
f 3458 3456 3455
f 3583 3253 3460
f 3582 3253 3583
f 3456 3256 3592
f 3602 3592 3256
f 3458 3459 3456
f 3459 3256 3456
f 3460 3461 3458
f 3253 3461 3460
f 3461 3459 3458
f 3582 3447 3253
f 3581 3447 3582
f 3602 3256 3469
f 3601 3602 3469
f 3253 3254 3461
f 3447 3254 3253
f 3459 3257 3256
f 3469 3256 3257
f 3461 3462 3459
f 3254 3462 3461
f 3462 3257 3459
f 3581 3446 3447
f 3580 3446 3581
f 3601 3469 3466
f 3596 3601 3466
f 3447 3450 3254
f 3446 3450 3447
f 3254 3255 3462
f 3450 3255 3254
f 3462 3258 3257
f 3255 3258 3462
f 3469 3257 3470
f 3466 3469 3470
f 3470 3257 3258
f 3580 3445 3446
f 3578 3445 3580
f 3578 3579 3445
f 3446 3449 3450
f 3445 3449 3446
f 3579 3448 3445
f 3445 3448 3449
f 3579 3584 3448
f 3450 3453 3255
f 3449 3453 3450
f 3255 3108 3258
f 3453 3108 3255
f 3470 3258 3471
f 3471 3258 3108
f 3584 3451 3448
f 3584 3585 3451
f 3448 3452 3449
f 3449 3452 3453
f 3448 3451 3452
f 3453 3264 3108
f 3452 3264 3453
f 3585 3262 3451
f 3585 3586 3262
f 3451 3263 3452
f 3452 3263 3264
f 3451 3262 3263
f 3261 3108 3264
f 3471 3108 3261
f 3467 3470 3471
f 3466 3470 3467
f 3474 3262 3586
f 3474 3586 3607
f 3477 3263 3262
f 3477 3262 3474
f 3480 3264 3263
f 3261 3264 3480
f 3480 3263 3477
f 3468 3471 3261
f 3467 3471 3468
f 3463 3466 3467
f 3596 3466 3463
f 3595 3596 3463
f 3595 3463 3597
f 3463 3467 3464
f 3597 3463 3464
f 3464 3467 3468
f 3597 3464 3598
f 3598 3464 3465
f 3464 3468 3465
f 3598 3465 3599
f 3468 3261 3260
f 3465 3468 3260
f 3260 3261 3480
f 3599 3465 3259
f 3465 3260 3259
f 3599 3259 3600
f 3260 3480 3479
f 3259 3260 3479
f 3479 3480 3477
f 3600 3259 3478
f 3259 3479 3478
f 3600 3478 3609
f 3479 3477 3476
f 3478 3479 3476
f 3476 3477 3474
f 3609 3478 3475
f 3478 3476 3475
f 3609 3475 3608
f 3476 3474 3473
f 3475 3476 3473
f 3473 3474 3607
f 3473 3607 3606
f 3608 3475 3472
f 3475 3473 3472
f 3472 3473 3606
f 3608 3472 3603
f 3472 3606 3604
f 3603 3472 3604
f 3603 3604 3605
v -22.94469 -5.560054 -6.150148
v -20.98361 -6.794232 -8.100272
v -25.11693 -5.68284 -8.256888
v -23.15584 -6.917017 -10.20701
v -23.72389 -8.320957 -5.17819
v -21.75593 -9.559459 -7.135146
v -25.90373 -8.444172 -7.292311
v -23.93578 -9.682673 -9.249267
v -22.76297 -5.220185 -8.534157
v -24.11703 -10.01982 -6.858274
v -21.55325 -7.513351 -5.866349
v -21.73664 -8.691978 -9.390048
v -25.32675 -7.726648 -9.526082
v -25.14336 -6.548021 -6.002384
v -24.16359 -5.172284 -7.092787
v -24.29289 -6.00325 -9.577098
v -21.76176 -6.683836 -9.481191
v -21.63246 -5.85287 -6.99688
v -22.58304 -9.237811 -5.810568
v -22.71277 -10.07155 -8.303172
v -25.25235 -9.388694 -8.3994
v -25.12262 -8.554954 -5.906796
v -20.90142 -8.302589 -7.600026
v -23.30907 -6.782018 -5.205092
v -23.56968 -8.453412 -10.18784
v -25.97839 -6.932901 -7.793924
v -23.1677 -5.423884 -6.288402
v -23.47811 -5.282968 -6.506348
v -23.81991 -5.191999 -6.780001
v -24.98044 -5.526349 -8.046485
v -24.76217 -5.355549 -7.751693
v -24.48451 -5.229565 -7.424555
v -25.00564 -5.688312 -8.530702
v -24.8213 -5.735553 -8.887776
v -24.57948 -5.839881 -9.249196
v -23.36911 -6.718238 -10.15809
v -23.66206 -6.465106 -10.04054
v -23.97948 -6.217476 -9.845834
v -22.87576 -6.850891 -10.13939
v -22.50456 -6.77634 -9.996683
v -22.12045 -6.717343 -9.775393
v -21.06302 -6.748426 -8.381311
v -21.2205 -6.703758 -8.751338
v -21.45586 -6.679777 -9.130839
v -21.03782 -6.586463 -7.897095
v -21.16137 -6.323754 -7.615255
v -21.36089 -6.069461 -7.306198
v -22.67436 -5.556537 -6.269709
v -22.32062 -5.594202 -6.462489
v -21.96089 -5.691866 -6.70956
v -23.50962 -8.520911 -5.227772
v -23.21594 -8.774496 -5.345463
v -22.8975 -9.022877 -5.540936
v -21.86823 -9.553894 -6.859988
v -22.0528 -9.506498 -6.502099
v -22.2955 -9.401732 -6.139567
v -21.89355 -9.716652 -7.346579
v -22.11214 -9.887808 -7.642088
v -22.39079 -10.01408 -7.97029
v -23.71167 -9.819421 -9.109879
v -23.40051 -9.960633 -8.891615
v -23.0576 -10.05177 -8.616998
v -24.20743 -9.686118 -9.128664
v -24.56199 -9.648329 -8.935624
v -24.92283 -9.550241 -8.687674
v -25.84882 -8.653134 -7.496448
v -25.72512 -8.916327 -7.778988
v -25.52482 -9.171386 -8.089043
v -25.8235 -8.490377 -7.009858
v -25.66579 -8.535017 -6.638999
v -25.42954 -8.559034 -6.258319
v -24.00538 -8.387609 -5.246557
v -24.37742 -8.462192 -5.389472
v -24.76273 -8.521343 -5.611611
v -20.89679 -7.063546 -8.014709
v -20.83047 -7.443103 -7.891204
v -20.82944 -7.867224 -7.749395
v -21.53969 -9.371154 -7.209386
v -21.28282 -9.077314 -7.321041
v -21.05886 -8.712115 -7.454851
v -23.65152 -8.042109 -5.109364
v -23.54809 -7.651698 -5.068425
v -23.4308 -7.219375 -5.096172
v -23.00146 -5.739004 -5.9218
v -23.08808 -6.022313 -5.646214
v -23.19349 -6.379446 -5.398557
v -23.22807 -7.195322 -10.2757
v -23.33116 -7.584454 -10.31649
v -23.44803 -8.01524 -10.28903
v -23.8789 -9.503377 -9.478063
v -23.79199 -9.219145 -9.754566
v -23.68618 -8.860624 -10.00296
v -25.33274 -5.87078 -8.182793
v -25.58877 -6.163663 -8.071502
v -25.81208 -6.527462 -7.938193
v -25.99072 -8.174333 -7.37804
v -26.05727 -7.793529 -7.50195
v -26.05812 -7.367884 -7.644279
v -23.83606 -5.040161 -7.438204
v -23.48546 -4.999737 -7.802054
v -23.12229 -5.060565 -8.172977
v -23.93882 -5.700566 -9.412594
v -23.55721 -5.460829 -9.180563
v -23.15926 -5.298164 -8.88332
v -21.92722 -6.241457 -9.336372
v -22.15272 -5.838477 -9.127346
v -22.43553 -5.492764 -8.855895
v -21.82446 -5.581052 -7.361982
v -22.08097 -5.377385 -7.748836
v -22.39856 -5.255166 -8.145555
v -22.93812 -9.541613 -5.975375
v -23.321 -9.781652 -6.208498
v -23.7203 -9.944763 -6.506815
v -23.04124 -10.20436 -7.95675
v -23.39299 -10.24432 -7.591732
v -23.7574 -10.18317 -7.219562
v -25.05996 -9.661551 -8.033242
v -24.8023 -9.865383 -7.645132
v -24.48358 -9.987906 -7.247078
v -24.95683 -8.998809 -6.051867
v -24.7303 -9.402711 -6.261899
v -24.44648 -9.749504 -6.534334
v -21.50459 -6.187386 -6.65659
v -21.44478 -6.583357 -6.34584
v -21.46117 -7.032081 -6.078337
v -20.92489 -8.126885 -7.115782
v -21.04503 -7.931698 -6.653846
v -21.2572 -7.724534 -6.231968
v -22.25816 -8.876711 -5.71239
v -21.96944 -8.460047 -5.685744
v -21.72808 -7.996943 -5.736112
v -22.83532 -6.924734 -5.23105
v -22.37223 -7.096869 -5.349875
v -21.93562 -7.294485 -5.563064
v -21.65585 -7.159431 -9.562677
v -21.61298 -7.664287 -9.577457
v -21.64025 -8.182969 -9.519105
v -23.07194 -8.570568 -10.12121
v -22.58834 -8.651189 -9.961368
v -22.13747 -8.692183 -9.714484
v -22.40992 -9.852019 -8.628234
v -22.13811 -9.544016 -8.926446
v -21.90768 -9.151196 -9.186927
v -20.97549 -8.452066 -8.087965
v -21.14428 -8.569564 -8.56085
v -21.40129 -8.65057 -9.000506
v -24.61671 -6.363297 -9.674868
v -24.9055 -6.778975 -9.702215
v -25.14587 -7.240361 -9.651936
v -25.95788 -7.101237 -8.259459
v -25.84268 -7.293036 -8.715685
v -25.63107 -7.503371 -9.147099
v -25.38072 -9.053214 -8.740802
v -25.43989 -8.656214 -9.051554
v -25.42354 -8.205832 -9.320148
v -24.06244 -8.304235 -10.15874
v -24.53128 -8.128758 -10.03499
v -24.95819 -7.933732 -9.821364
v -24.46545 -5.391253 -6.76878
v -24.7373 -5.698044 -6.470598
v -24.96678 -6.08947 -6.211168
v -23.7874 -6.668734 -5.267125
v -24.26471 -6.588008 -5.421584
v -24.72529 -6.544381 -5.668768
v -25.22895 -8.077906 -5.824958
v -25.27122 -7.572246 -5.810853
v -25.24393 -7.051584 -5.869332
v -25.90924 -6.788671 -7.324991
v -25.74601 -6.671739 -6.858216
v -25.48856 -6.587525 -6.409029
v -22.87008 -5.33713 -6.537483
v -23.15684 -5.168325 -6.808465
v -23.48894 -5.063468 -7.112482
v -22.51902 -5.339827 -6.784297
v -22.79668 -5.145221 -7.112614
v -23.12778 -5.027104 -7.454503
v -22.15856 -5.421187 -7.062073
v -22.42777 -5.215328 -7.427979
v -22.75577 -5.09026 -7.802294
v -24.74553 -5.44314 -8.356395
v -24.50923 -5.452323 -8.714502
v -24.23773 -5.538712 -9.078552
v -24.47665 -5.242927 -8.088477
v -24.1849 -5.22369 -8.458977
v -23.87679 -5.297234 -8.833312
v -24.16977 -5.101952 -7.772788
v -23.84103 -5.06742 -8.146247
v -23.50105 -5.132387 -8.525109
v -23.05238 -6.508701 -10.04009
v -22.67989 -6.373686 -9.87519
v -22.29271 -6.283253 -9.639362
v -23.31772 -6.202185 -9.899358
v -22.93162 -6.012421 -9.705251
v -22.53286 -5.890697 -9.447107
v -23.62308 -5.925535 -9.689772
v -23.23287 -5.702474 -9.473631
v -22.82821 -5.555829 -9.194189
v -21.17692 -6.402691 -8.221175
v -21.32751 -6.089688 -7.969153
v -21.54391 -5.80801 -7.673291
v -21.36009 -6.299084 -8.595178
v -21.5434 -5.933952 -8.358888
v -21.78385 -5.620568 -8.068297
v -21.61187 -6.244769 -8.979055
v -21.81961 -5.850381 -8.755363
v -22.08293 -5.513701 -8.471375
v -23.82773 -8.730885 -5.346724
v -23.56127 -9.038297 -5.48702
v -23.25495 -9.315989 -5.697202
v -24.20165 -8.866107 -5.511285
v -23.94883 -9.228522 -5.681942
v -23.64654 -9.539343 -5.914493
v -24.59015 -8.956972 -5.747794
v -24.34887 -9.350496 -5.941105
v -24.05252 -9.686404 -6.194825
v -22.12958 -9.799586 -7.035379
v -22.39852 -10.00088 -7.304333
v -22.70641 -10.14247 -7.621001
v -22.36581 -9.79064 -6.675797
v -22.6913 -10.01993 -6.932442
v -23.03636 -10.1765 -7.246274
v -22.6382 -9.704128 -6.310501
v -23.00048 -9.945928 -6.556938
v -23.37739 -10.11128 -6.866176
v -24.01056 -9.905909 -8.859653
v -24.36308 -9.903535 -8.612845
v -24.72476 -9.82207 -8.334147
v -23.7227 -10.07572 -8.588581
v -24.08423 -10.09866 -8.283371
v -24.45431 -10.0281 -7.966927
v -23.38956 -10.18109 -8.283555
v -23.75198 -10.21695 -7.940315
v -24.12521 -10.15355 -7.591443
v -25.70871 -8.837207 -7.170997
v -25.52582 -8.940956 -6.795533
v -25.2733 -8.995587 -6.410346
v -25.55854 -9.151193 -7.424069
v -25.34176 -9.307257 -7.032871
v -25.06448 -9.390946 -6.635145
v -25.34151 -9.433931 -7.720848
v -25.10036 -9.62152 -7.324482
v -24.80033 -9.728675 -6.920092
v -22.61583 -5.819076 -5.9768
v -22.22499 -5.897196 -6.135869
v -21.84383 -6.017802 -6.367986
v -22.64789 -6.133095 -5.686073
v -22.21278 -6.252066 -5.824941
v -21.80291 -6.399813 -6.04998
v -22.72592 -6.509854 -5.429796
v -22.26705 -6.65872 -5.556324
v -21.83682 -6.832226 -5.775737
v -20.92267 -6.884637 -7.660493
v -20.85113 -7.263855 -7.472785
v -20.84885 -7.691155 -7.29637
v -21.03347 -6.647058 -7.320724
v -20.9595 -7.040797 -7.071215
v -20.95887 -7.481998 -6.857185
v -21.22917 -6.404625 -6.979205
v -21.15899 -6.805053 -6.6903
v -21.16398 -7.255668 -6.444818
v -21.58876 -9.271408 -6.825787
v -21.74091 -9.179621 -6.434075
v -21.96904 -9.049811 -6.05168
v -21.31643 -8.943209 -6.885524
v -21.45062 -8.806627 -6.452644
v -21.6728 -8.647748 -6.043371
v -21.08386 -8.556361 -6.993138
v -21.20707 -8.387769 -6.538734
v -21.42434 -8.201571 -6.110745
v -23.28691 -8.202706 -5.137132
v -23.11956 -7.80844 -5.092477
v -22.9676 -7.370862 -5.119931
v -22.93637 -8.427279 -5.245299
v -22.70815 -8.015222 -5.202144
v -22.51957 -7.561764 -5.233565
v -22.58579 -8.661674 -5.438383
v -22.31886 -8.241163 -5.400927
v -22.09946 -7.776693 -5.439394
v -20.96122 -7.132344 -8.401055
v -21.11063 -7.142927 -8.803203
v -21.34485 -7.148029 -9.201736
v -20.89571 -7.550327 -8.329244
v -21.04802 -7.609686 -8.772001
v -21.28948 -7.643661 -9.197455
v -20.89657 -7.9978 -8.213134
v -21.0536 -8.090792 -8.677275
v -21.3033 -8.150993 -9.121538
v -22.83668 -7.238354 -10.21997
v -22.88592 -7.66283 -10.25945
v -22.97574 -8.115324 -10.22961
v -22.43044 -7.217529 -10.08322
v -22.43624 -7.688155 -10.11836
v -22.50263 -8.172698 -10.08261
v -22.02568 -7.186513 -9.862038
v -22.00273 -7.683977 -9.889199
v -22.04858 -8.19312 -9.844354
v -23.50845 -9.626456 -9.393667
v -23.14249 -9.751973 -9.205692
v -22.76827 -9.834375 -8.94437
v -23.3584 -9.343377 -9.681404
v -22.93229 -9.45567 -9.508601
v -22.51926 -9.529105 -9.251441
v -23.21829 -8.98191 -9.936421
v -22.75586 -9.080279 -9.773416
v -22.31186 -9.141645 -9.520144
v -21.62746 -9.520134 -7.569394
v -21.36113 -9.230482 -7.744355
v -21.13173 -8.863967 -7.912775
v -21.81832 -9.677124 -7.921444
v -21.53936 -9.376935 -8.157673
v -21.30204 -8.998102 -8.363427
v -22.08512 -9.79576 -8.281817
v -21.80365 -9.488655 -8.557401
v -21.56404 -9.099376 -8.794877
v -23.5912 -7.035475 -10.24856
v -23.94086 -6.8114 -10.14046
v -24.2901 -6.577644 -9.947842
v -23.75852 -7.4282 -10.29251
v -24.16908 -7.222219 -10.18402
v -24.55714 -6.997133 -9.985989
v -23.90978 -7.864173 -10.26501
v -24.35702 -7.674078 -10.15287
v -24.77575 -7.459823 -9.947689
v -25.28435 -5.969913 -8.564863
v -25.55528 -6.297441 -8.505798
v -25.78684 -6.682872 -8.398432
v -25.13238 -6.061536 -8.955596
v -25.42236 -6.433487 -8.93775
v -25.66519 -6.850801 -8.852014
v -24.90475 -6.190821 -9.336622
v -25.20106 -6.591893 -9.345669
v -25.44859 -7.036381 -9.278608
v -25.96422 -8.354041 -7.733719
v -25.85335 -8.59216 -8.074336
v -25.65718 -8.835282 -8.417167
v -26.03655 -7.973328 -7.921512
v -25.92698 -8.197165 -8.323924
v -25.72673 -8.433793 -8.706051
v -26.03899 -7.544472 -8.098717
v -25.92745 -7.754394 -8.53869
v -25.7217 -7.98144 -8.952415
v -24.26607 -9.422743 -9.422374
v -24.23342 -9.108097 -9.71456
v -24.15526 -8.729972 -9.971924
v -24.65789 -9.344503 -9.263112
v -24.66945 -8.988572 -9.574425
v -24.61494 -8.580399 -9.843859
v -25.04044 -9.223421 -9.030465
v -25.08068 -8.840378 -9.348495
v -25.04658 -8.406318 -9.623766
v -25.24581 -5.722206 -7.824302
v -25.05522 -5.565667 -7.473117
v -24.78908 -5.447417 -7.114094
v -25.5107 -6.010968 -7.64934
v -25.33384 -5.864598 -7.236963
v -25.07056 -5.753285 -6.838513
v -25.73913 -6.376228 -7.481668
v -25.57046 -6.242006 -7.031923
v -25.30927 -6.141056 -6.601888
v -23.37035 -5.616196 -6.00539
v -23.52049 -5.898465 -5.719137
v -23.65996 -6.258703 -5.465188
v -23.73541 -5.491065 -6.1931
v -23.94562 -5.786129 -5.8906
v -24.12144 -6.1601 -5.626589
v -24.10824 -5.408933 -6.453788
v -24.35732 -5.712969 -6.14677
v -24.56399 -6.098929 -5.879073
v -24.04453 -7.998992 -5.165839
v -24.45177 -8.019808 -5.302719
v -24.85796 -8.050718 -5.524478
v -23.99458 -7.573165 -5.12563
v -24.44531 -7.548123 -5.267967
v -24.88027 -7.552436 -5.497981
v -23.90457 -7.118924 -5.155434
v -24.37866 -7.061883 -5.304008
v -24.83418 -7.041366 -5.543016
v -25.92551 -8.105315 -6.990112
v -25.99185 -7.686061 -7.062679
v -25.99113 -7.236867 -7.17908
v -25.77594 -8.094657 -6.586967
v -25.83824 -7.626858 -6.618896
v -25.83248 -7.14406 -6.713996
v -25.54111 -8.089333 -6.187027
v -25.59588 -7.592886 -6.192021
v -25.582 -7.083635 -6.268283
v -22.39856 -5.255166 -8.145555
v -22.76297 -5.220185 -8.534157
v -22.76297 -5.220185 -8.534157
v -24.29289 -6.00325 -9.577098
v -23.93882 -5.700566 -9.412594
v -23.55721 -5.460829 -9.180563
v -23.15926 -5.298164 -8.88332
v -22.76297 -5.220185 -8.534157
v -22.76297 -5.220185 -8.534157
v -22.76297 -5.220185 -8.534157
v -22.39856 -5.255166 -8.145555
v -24.11703 -10.01982 -6.858274
v -24.11703 -10.01982 -6.858274
v -24.11703 -10.01982 -6.858274
v -24.11703 -10.01982 -6.858274
v -25.25235 -9.388694 -8.3994
v -25.05996 -9.661551 -8.033242
v -24.8023 -9.865383 -7.645132
v -24.48358 -9.987906 -7.247078
v -24.11703 -10.01982 -6.858274
v -22.94469 -5.560054 -6.150148
v -22.67436 -5.556537 -6.269709
v -22.32062 -5.594202 -6.462489
v -21.96089 -5.691866 -6.70956
v -21.63246 -5.85287 -6.99688
v -21.03782 -6.586463 -7.897095
v -20.98361 -6.794232 -8.100272
v -21.16137 -6.323754 -7.615255
v -21.36089 -6.069461 -7.306198
v -21.75593 -9.559459 -7.135146
v -21.86823 -9.553894 -6.859988
v -22.0528 -9.506498 -6.502099
v -22.2955 -9.401732 -6.139567
v -22.58304 -9.237811 -5.810568
v -23.50962 -8.520911 -5.227772
v -23.72389 -8.320957 -5.17819
v -23.21594 -8.774496 -5.345463
v -22.8975 -9.022877 -5.540936
v -20.98361 -6.794232 -8.100272
v -20.89679 -7.063546 -8.014709
v -21.06302 -6.748426 -8.381311
v -21.2205 -6.703758 -8.751338
v -21.45586 -6.679777 -9.130839
v -21.76176 -6.683836 -9.481191
v -20.83047 -7.443103 -7.891204
v -20.82944 -7.867224 -7.749395
v -20.90142 -8.302589 -7.600026
v -22.87576 -6.850891 -10.13939
v -23.15584 -6.917017 -10.20701
v -22.50456 -6.77634 -9.996683
v -22.12045 -6.717343 -9.775393
v -23.93578 -9.682673 -9.249267
v -23.71167 -9.819421 -9.109879
v -23.40051 -9.960633 -8.891615
v -23.0576 -10.05177 -8.616998
v -22.71277 -10.07155 -8.303172
v -21.89355 -9.716652 -7.346579
v -21.53969 -9.371154 -7.209386
v -21.75593 -9.559459 -7.135146
v -21.28282 -9.077314 -7.321041
v -21.05886 -8.712115 -7.454851
v -22.11214 -9.887808 -7.642088
v -22.39079 -10.01408 -7.97029
v -23.15584 -6.917017 -10.20701
v -23.22807 -7.195322 -10.2757
v -23.36911 -6.718238 -10.15809
v -23.66206 -6.465106 -10.04054
v -23.97948 -6.217476 -9.845834
v -24.29289 -6.00325 -9.577098
v -23.33116 -7.584454 -10.31649
v -23.44803 -8.01524 -10.28903
v -23.56968 -8.453412 -10.18784
v -25.00564 -5.688312 -8.530702
v -25.11693 -5.68284 -8.256888
v -24.8213 -5.735553 -8.887776
v -24.57948 -5.839881 -9.249196
v -24.29289 -6.00325 -9.577098
v -24.61671 -6.363297 -9.674868
v -24.9055 -6.778975 -9.702215
v -25.14587 -7.240361 -9.651936
v -25.32675 -7.726648 -9.526082
v -25.90373 -8.444172 -7.292311
v -25.84882 -8.653134 -7.496448
v -25.72512 -8.916327 -7.778988
v -25.52482 -9.171386 -8.089043
v -25.25235 -9.388694 -8.3994
v -24.20743 -9.686118 -9.128664
v -23.8789 -9.503377 -9.478063
v -23.93578 -9.682673 -9.249267
v -23.79199 -9.219145 -9.754566
v -23.68618 -8.860624 -10.00296
v -24.56199 -9.648329 -8.935624
v -24.92283 -9.550241 -8.687674
v -25.25235 -9.388694 -8.3994
v -25.38072 -9.053214 -8.740802
v -25.43989 -8.656214 -9.051554
v -25.42354 -8.205832 -9.320148
v -25.11693 -5.68284 -8.256888
v -25.33274 -5.87078 -8.182793
v -24.98044 -5.526349 -8.046485
v -24.76217 -5.355549 -7.751693
v -24.48451 -5.229565 -7.424555
v -24.16359 -5.172284 -7.092787
v -25.58877 -6.163663 -8.071502
v -25.81208 -6.527462 -7.938193
v -25.97839 -6.932901 -7.793924
v -23.1677 -5.423884 -6.288402
v -23.00146 -5.739004 -5.9218
v -22.94469 -5.560054 -6.150148
v -23.08808 -6.022313 -5.646214
v -23.19349 -6.379446 -5.398557
v -23.30907 -6.782018 -5.205092
v -23.47811 -5.282968 -6.506348
v -23.81991 -5.191999 -6.780001
v -23.72389 -8.320957 -5.17819
v -23.65152 -8.042109 -5.109364
v -24.00538 -8.387609 -5.246557
v -24.37742 -8.462192 -5.389472
v -24.76273 -8.521343 -5.611611
v -25.12262 -8.554954 -5.906796
v -23.54809 -7.651698 -5.068425
v -23.4308 -7.219375 -5.096172
v -25.8235 -8.490377 -7.009858
v -25.99072 -8.174333 -7.37804
v -25.90373 -8.444172 -7.292311
v -26.05727 -7.793529 -7.50195
v -26.05812 -7.367884 -7.644279
v -25.66579 -8.535017 -6.638999
v -25.42954 -8.559034 -6.258319
f 3787 3996 3788
f 3784 3787 3788
f 3783 3787 3784
f 3783 3786 3787
f 3786 3718 3787
f 3787 3718 3719
f 3788 3719 3618
f 3815 3719 3718
f 3784 3788 3785
f 3785 3788 3710
f 3788 3997 3710
f 3780 3783 3784
f 3781 3784 3785
f 3780 3784 3781
f 3658 3786 3783
f 3657 3658 3783
f 3657 3783 3780
f 3610 3657 3780
f 3610 3780 3636
f 3636 3780 3781
f 3658 3659 3786
f 3636 3781 3637
f 3659 3717 3786
f 3659 3627 3717
f 3786 3717 3718
f 3637 3781 3782
f 3781 3785 3782
f 3637 3782 3638
f 3809 3717 3627
f 3809 3627 3656
f 3812 3718 3717
f 3812 3717 3809
f 3815 3718 3812
f 3782 3785 3709
f 3785 3710 3709
f 3638 3782 3708
f 3782 3709 3708
f 3638 3708 3624
f 3808 3809 3656
f 3808 3656 3655
f 3811 3812 3809
f 3811 3809 3808
f 3624 3708 3795
f 3624 3795 3641
f 3708 3709 3796
f 3708 3796 3795
f 3709 3710 3797
f 3709 3797 3796
f 3807 3808 3655
f 3807 3655 3654
f 3641 3795 3792
f 3641 3792 3640
f 3710 3713 3797
f 3710 3998 3713
f 3797 3713 3712
f 3797 3712 3794
f 3796 3797 3794
f 3794 3712 3711
f 3795 3796 3793
f 3796 3794 3793
f 3795 3793 3792
f 3794 3711 3791
f 3793 3794 3791
f 3791 3711 3625
f 3791 3625 3644
f 3793 3791 3790
f 3790 3791 3644
f 3792 3793 3790
f 3790 3644 3643
f 3792 3790 3789
f 3789 3790 3643
f 3640 3792 3789
f 3789 3643 3642
f 3640 3789 3639
f 3639 3789 3642
f 3639 3642 3612
f 3716 4005 3719
f 3806 4004 3716
f 3803 3806 3716
f 3803 3716 3715
f 3715 3716 3815
f 3716 4006 3815
f 3715 3815 3814
f 3814 3815 3812
f 3814 3812 3811
f 3714 3715 3814
f 3813 3814 3811
f 3714 3814 3813
f 3800 3803 3715
f 3800 3715 3714
f 3813 3811 3810
f 3810 3811 3808
f 3810 3808 3807
f 3626 3714 3813
f 3650 3714 3626
f 3650 3800 3714
f 3626 3813 3653
f 3653 3813 3810
f 3653 3810 3652
f 3652 3810 3807
f 3652 3807 3651
f 3651 3807 3654
f 3651 3654 3611
f 3649 3800 3650
f 3649 3799 3800
f 3648 3799 3649
f 3799 3803 3800
f 3648 3798 3799
f 3613 3798 3648
f 3613 3645 3798
f 3799 3802 3803
f 3798 3802 3799
f 3802 3806 3803
f 3645 3801 3798
f 3798 3801 3802
f 3645 3646 3801
f 3802 3805 3806
f 3801 3805 3802
f 3646 3804 3801
f 3801 3804 3805
f 3646 3647 3804
f 3805 4002 3806
f 3806 4002 4003
f 3805 4001 4002
f 3804 4001 3805
f 3804 4000 4001
f 3647 4000 3804
f 3647 3999 4000
f 3824 3731 3619
f 3823 3731 3824
f 3820 3823 3824
f 3820 3824 3821
f 3821 3824 3722
f 3824 4007 3722
f 3823 3730 3731
f 3819 3823 3820
f 3822 3730 3823
f 3819 3822 3823
f 3817 3820 3821
f 3816 3819 3820
f 3816 3820 3817
f 3682 3822 3819
f 3681 3682 3819
f 3681 3819 3816
f 3614 3681 3816
f 3614 3816 3660
f 3660 3816 3817
f 3682 3683 3822
f 3660 3817 3661
f 3683 3729 3822
f 3822 3729 3730
f 3683 3631 3729
f 3661 3817 3818
f 3817 3821 3818
f 3661 3818 3662
f 3845 3729 3631
f 3845 3631 3680
f 3848 3730 3729
f 3848 3729 3845
f 3818 3821 3721
f 3821 3722 3721
f 3662 3818 3720
f 3818 3721 3720
f 3662 3720 3628
f 3844 3845 3680
f 3844 3680 3679
f 3628 3720 3831
f 3628 3831 3665
f 3720 3721 3832
f 3720 3832 3831
f 3721 3722 3833
f 3721 3833 3832
f 3665 3831 3828
f 3665 3828 3664
f 3831 3832 3829
f 3831 3829 3828
f 3664 3828 3825
f 3664 3825 3663
f 3663 3825 3666
f 3663 3666 3615
f 3825 3667 3666
f 3828 3826 3825
f 3825 3826 3667
f 3828 3829 3826
f 3826 3668 3667
f 3826 3827 3668
f 3829 3827 3826
f 3827 3629 3668
f 3832 3830 3829
f 3829 3830 3827
f 3832 3833 3830
f 3827 3723 3629
f 3830 3723 3827
f 3671 3629 3723
f 3833 3724 3830
f 3830 3724 3723
f 3671 3723 3840
f 3840 3723 3724
f 3670 3671 3840
f 3833 3725 3724
f 3722 3725 3833
f 3722 4008 3725
f 3670 3840 3837
f 3669 3670 3837
f 3840 3724 3841
f 3841 3724 3725
f 3837 3840 3841
f 3669 3837 3834
f 3617 3669 3834
f 3617 3834 3672
f 3841 3725 3842
f 3842 3725 4009
f 3837 3841 3838
f 3834 3837 3838
f 3838 3841 3842
f 3672 3834 3835
f 3834 3838 3835
f 3672 3835 3673
f 3838 3842 3839
f 3835 3838 3839
f 3673 3835 3836
f 3835 3839 3836
f 3673 3836 3674
f 3839 3842 3728
f 3842 4010 3728
f 3839 3728 3727
f 3836 3839 3727
f 3836 3727 3726
f 3674 3836 3726
f 3674 3726 3630
f 3675 3678 3616
f 3675 3843 3678
f 3843 3679 3678
f 3676 3843 3675
f 3843 3844 3679
f 3676 3846 3843
f 3846 3844 3843
f 3677 3846 3676
f 3846 3847 3844
f 3847 3845 3844
f 3847 3848 3845
f 3677 3849 3846
f 3849 3847 3846
f 4011 3849 3677
f 4011 4012 3849
f 3849 3850 3847
f 4012 3850 3849
f 3850 3848 3847
f 4012 4013 3850
f 3850 3851 3848
f 4013 3851 3850
f 3851 3730 3848
f 4013 4014 3851
f 3851 3731 3730
f 4014 3731 3851
f 4014 4015 3731
f 4021 3684 4022
f 4021 3861 3684
f 4023 3861 4021
f 3861 3685 3684
f 4023 3864 3861
f 4024 3864 4023
f 3861 3862 3685
f 3864 3862 3861
f 3862 3686 3685
f 4024 3867 3864
f 4020 3867 4024
f 3862 3863 3686
f 3863 3632 3686
f 3864 3865 3862
f 3867 3865 3864
f 3865 3863 3862
f 4020 3732 3867
f 4019 3732 4020
f 3863 3735 3632
f 3689 3632 3735
f 3865 3866 3863
f 3866 3735 3863
f 3867 3868 3865
f 3732 3868 3867
f 3868 3866 3865
f 4019 3854 3732
f 4018 3854 4019
f 3689 3735 3876
f 3688 3689 3876
f 3732 3733 3868
f 3854 3733 3732
f 3866 3736 3735
f 3876 3735 3736
f 3868 3869 3866
f 3733 3869 3868
f 3869 3736 3866
f 4018 3853 3854
f 4017 3853 4018
f 3688 3876 3873
f 3687 3688 3873
f 3854 3857 3733
f 3853 3857 3854
f 3733 3734 3869
f 3857 3734 3733
f 3869 3737 3736
f 3734 3737 3869
f 3876 3736 3877
f 3873 3876 3877
f 3877 3736 3737
f 4017 3852 3853
f 4016 3852 4017
f 4016 3693 3852
f 3853 3856 3857
f 3852 3856 3853
f 3693 3855 3852
f 3852 3855 3856
f 3693 3694 3855
f 3857 3860 3734
f 3856 3860 3857
f 3734 3620 3737
f 3860 3620 3734
f 3877 3737 3878
f 3878 3737 3620
f 3694 3858 3855
f 3694 3695 3858
f 3855 3859 3856
f 3856 3859 3860
f 3855 3858 3859
f 3860 3743 3620
f 3859 3743 3860
f 3695 3741 3858
f 3695 3633 3741
f 3858 3742 3859
f 3859 3742 3743
f 3858 3741 3742
f 3740 3620 3743
f 3878 3620 3740
f 3874 3877 3878
f 3873 3877 3874
f 3881 3741 3633
f 3881 3633 3692
f 3884 3742 3741
f 3884 3741 3881
f 3887 3743 3742
f 3740 3743 3887
f 3887 3742 3884
f 3875 3878 3740
f 3874 3878 3875
f 3870 3873 3874
f 3687 3873 3870
f 4025 3687 3870
f 4025 3870 4026
f 3870 3874 3871
f 4026 3870 3871
f 3871 3874 3875
f 4026 3871 4027
f 4027 3871 3872
f 3871 3875 3872
f 4027 3872 4028
f 3875 3740 3739
f 3872 3875 3739
f 3739 3740 3887
f 4028 3872 3738
f 3872 3739 3738
f 4028 3738 4029
f 3739 3887 3886
f 3738 3739 3886
f 3886 3887 3884
f 4029 3738 3885
f 3738 3886 3885
f 4029 3885 4033
f 3886 3884 3883
f 3885 3886 3883
f 3883 3884 3881
f 4033 3885 3882
f 3885 3883 3882
f 4033 3882 4032
f 3883 3881 3880
f 3882 3883 3880
f 3880 3881 3692
f 3880 3692 3691
f 4032 3882 3879
f 3882 3880 3879
f 3879 3880 3691
f 4032 3879 4030
f 3879 3691 3690
f 4030 3879 3690
f 4030 3690 4031
f 4043 3696 4044
f 4043 3897 3696
f 4045 3897 4043
f 3897 3697 3696
f 4045 3900 3897
f 4046 3900 4045
f 3897 3898 3697
f 3900 3898 3897
f 3898 3698 3697
f 4046 3903 3900
f 4039 3903 4046
f 3898 3899 3698
f 3899 3634 3698
f 3900 3901 3898
f 3903 3901 3900
f 3901 3899 3898
f 4039 3744 3903
f 4038 3744 4039
f 3899 3747 3634
f 3701 3634 3747
f 3901 3902 3899
f 3902 3747 3899
f 3903 3904 3901
f 3744 3904 3903
f 3904 3902 3901
f 4038 3890 3744
f 4037 3890 4038
f 3701 3747 3912
f 3700 3701 3912
f 3744 3745 3904
f 3890 3745 3744
f 3902 3748 3747
f 3912 3747 3748
f 3904 3905 3902
f 3745 3905 3904
f 3905 3748 3902
f 4037 3889 3890
f 4036 3889 4037
f 3700 3912 3909
f 3699 3700 3909
f 3890 3893 3745
f 3889 3893 3890
f 3745 3746 3905
f 3893 3746 3745
f 3905 3749 3748
f 3746 3749 3905
f 3912 3748 3913
f 3909 3912 3913
f 3913 3748 3749
f 4036 3888 3889
f 4034 3888 4036
f 4034 4035 3888
f 3889 3892 3893
f 3888 3892 3889
f 4035 3891 3888
f 3888 3891 3892
f 4035 4040 3891
f 3893 3896 3746
f 3892 3896 3893
f 3746 3621 3749
f 3896 3621 3746
f 3913 3749 3914
f 3914 3749 3621
f 4040 3894 3891
f 4040 4041 3894
f 3891 3895 3892
f 3892 3895 3896
f 3891 3894 3895
f 3896 3755 3621
f 3895 3755 3896
f 4041 3753 3894
f 4041 4042 3753
f 3894 3754 3895
f 3895 3754 3755
f 3894 3753 3754
f 3752 3621 3755
f 3914 3621 3752
f 3910 3913 3914
f 3909 3913 3910
f 3917 3753 4042
f 3917 4042 4056
f 3920 3754 3753
f 3920 3753 3917
f 3923 3755 3754
f 3752 3755 3923
f 3923 3754 3920
f 3911 3914 3752
f 3910 3914 3911
f 3906 3909 3910
f 3699 3909 3906
f 4047 3699 3906
f 4047 3906 4048
f 3906 3910 3907
f 4048 3906 3907
f 3907 3910 3911
f 4048 3907 4049
f 4049 3907 3908
f 3907 3911 3908
f 4049 3908 4050
f 3911 3752 3751
f 3908 3911 3751
f 3751 3752 3923
f 4050 3908 3750
f 3908 3751 3750
f 4050 3750 4051
f 3751 3923 3922
f 3750 3751 3922
f 3922 3923 3920
f 4051 3750 3921
f 3750 3922 3921
f 4051 3921 4058
f 3922 3920 3919
f 3921 3922 3919
f 3919 3920 3917
f 4058 3921 3918
f 3921 3919 3918
f 4058 3918 4057
f 3919 3917 3916
f 3918 3919 3916
f 3916 3917 4056
f 3916 4056 4055
f 4057 3918 3915
f 3918 3916 3915
f 3915 3916 4055
f 4057 3915 4052
f 3915 4055 4053
f 4052 3915 4053
f 4052 4053 4054
f 4063 3756 4064
f 4063 3926 3756
f 4062 3926 4063
f 3926 3757 3756
f 4062 3925 3926
f 4061 3925 4062
f 3926 3929 3757
f 3925 3929 3926
f 3929 3758 3757
f 4061 3924 3925
f 4059 3924 4061
f 4059 4060 3924
f 3925 3928 3929
f 3924 3928 3925
f 3929 3932 3758
f 3928 3932 3929
f 3932 3622 3758
f 4060 3927 3924
f 3924 3927 3928
f 4060 4065 3927
f 3928 3931 3932
f 3927 3931 3928
f 3932 3767 3622
f 3931 3767 3932
f 4092 3622 3767
f 4065 3930 3927
f 3927 3930 3931
f 4065 4066 3930
f 4092 3767 3959
f 4091 4092 3959
f 3931 3766 3767
f 3930 3766 3931
f 3959 3767 3766
f 4066 3765 3930
f 3930 3765 3766
f 4066 4067 3765
f 4091 3959 3958
f 4090 4091 3958
f 3959 3766 3956
f 3956 3766 3765
f 3958 3959 3956
f 3953 3765 4067
f 3956 3765 3953
f 3953 4067 4086
f 4090 3958 3957
f 4089 4090 3957
f 4089 3957 4088
f 3958 3956 3955
f 3955 3956 3953
f 3957 3958 3955
f 3952 3953 4086
f 3955 3953 3952
f 3952 4086 4085
f 4088 3957 3954
f 3957 3955 3954
f 3954 3955 3952
f 4088 3954 4087
f 3951 3952 4085
f 3954 3952 3951
f 4087 3954 3951
f 3951 4085 4083
f 4087 3951 4082
f 4082 3951 4083
f 4082 4083 4084
f 4068 3702 4069
f 4068 3933 3702
f 4070 3933 4068
f 3933 3703 3702
f 4070 3936 3933
f 4071 3936 4070
f 3933 3934 3703
f 3936 3934 3933
f 3934 3704 3703
f 4071 3939 3936
f 4072 3939 4071
f 4072 4073 3939
f 3934 3935 3704
f 3935 3635 3704
f 3936 3937 3934
f 3939 3937 3936
f 3937 3935 3934
f 4073 3940 3939
f 3939 3940 3937
f 4073 4074 3940
f 3935 3759 3635
f 3707 3635 3759
f 3937 3938 3935
f 3940 3938 3937
f 3938 3759 3935
f 4074 3941 3940
f 3940 3941 3938
f 4074 4075 3941
f 3707 3759 3948
f 3706 3707 3948
f 3938 3760 3759
f 3941 3760 3938
f 3948 3759 3760
f 4075 3761 3941
f 3941 3761 3760
f 4075 4076 3761
f 3706 3948 3945
f 3705 3706 3945
f 3948 3760 3949
f 3949 3760 3761
f 3945 3948 3949
f 3950 3761 4076
f 3949 3761 3950
f 3950 4076 3764
f 3705 3945 3942
f 4077 3705 3942
f 4077 3942 4078
f 3945 3949 3946
f 3946 3949 3950
f 3942 3945 3946
f 3947 3950 3764
f 3946 3950 3947
f 3947 3764 3763
f 4078 3942 3943
f 3942 3946 3943
f 3943 3946 3947
f 4078 3943 4079
f 3944 3947 3763
f 3943 3947 3944
f 4079 3943 3944
f 3944 3763 3762
f 4079 3944 4080
f 4080 3944 3762
f 4080 3762 4081
f 4102 4103 4104
f 4102 3969 4103
f 4108 3969 4102
f 3969 4105 4103
f 4108 3972 3969
f 4109 3972 4108
f 3969 3970 4105
f 3972 3970 3969
f 3970 4106 4105
f 4109 3975 3972
f 4098 3975 4109
f 3970 3971 4106
f 3971 4107 4106
f 3972 3973 3970
f 3975 3973 3972
f 3973 3971 3970
f 4098 3768 3975
f 4097 3768 4098
f 3971 3771 4107
f 4117 4107 3771
f 3973 3974 3971
f 3974 3771 3971
f 3975 3976 3973
f 3768 3976 3975
f 3976 3974 3973
f 4097 3962 3768
f 4096 3962 4097
f 4117 3771 3984
f 4116 4117 3984
f 3768 3769 3976
f 3962 3769 3768
f 3974 3772 3771
f 3984 3771 3772
f 3976 3977 3974
f 3769 3977 3976
f 3977 3772 3974
f 4096 3961 3962
f 4095 3961 4096
f 4116 3984 3981
f 4111 4116 3981
f 3962 3965 3769
f 3961 3965 3962
f 3769 3770 3977
f 3965 3770 3769
f 3977 3773 3772
f 3770 3773 3977
f 3984 3772 3985
f 3981 3984 3985
f 3985 3772 3773
f 4095 3960 3961
f 4093 3960 4095
f 4093 4094 3960
f 3961 3964 3965
f 3960 3964 3961
f 4094 3963 3960
f 3960 3963 3964
f 4094 4099 3963
f 3965 3968 3770
f 3964 3968 3965
f 3770 3623 3773
f 3968 3623 3770
f 3985 3773 3986
f 3986 3773 3623
f 4099 3966 3963
f 4099 4100 3966
f 3963 3967 3964
f 3964 3967 3968
f 3963 3966 3967
f 3968 3779 3623
f 3967 3779 3968
f 4100 3777 3966
f 4100 4101 3777
f 3966 3778 3967
f 3967 3778 3779
f 3966 3777 3778
f 3776 3623 3779
f 3986 3623 3776
f 3982 3985 3986
f 3981 3985 3982
f 3989 3777 4101
f 3989 4101 4122
f 3992 3778 3777
f 3992 3777 3989
f 3995 3779 3778
f 3776 3779 3995
f 3995 3778 3992
f 3983 3986 3776
f 3982 3986 3983
f 3978 3981 3982
f 4111 3981 3978
f 4110 4111 3978
f 4110 3978 4112
f 3978 3982 3979
f 4112 3978 3979
f 3979 3982 3983
f 4112 3979 4113
f 4113 3979 3980
f 3979 3983 3980
f 4113 3980 4114
f 3983 3776 3775
f 3980 3983 3775
f 3775 3776 3995
f 4114 3980 3774
f 3980 3775 3774
f 4114 3774 4115
f 3775 3995 3994
f 3774 3775 3994
f 3994 3995 3992
f 4115 3774 3993
f 3774 3994 3993
f 4115 3993 4124
f 3994 3992 3991
f 3993 3994 3991
f 3991 3992 3989
f 4124 3993 3990
f 3993 3991 3990
f 4124 3990 4123
f 3991 3989 3988
f 3990 3991 3988
f 3988 3989 4122
f 3988 4122 4121
f 4123 3990 3987
f 3990 3988 3987
f 3987 3988 4121
f 4123 3987 4118
f 3987 4121 4119
f 4118 3987 4119
f 4118 4119 4120
v 14.11586 -7.720902 8.154385
v 13.35889 -6.364114 9.563223
v 13.25972 -9.309002 9.22381
v 12.50276 -7.952213 10.63265
v 12.35985 -7.531356 7.022867
v 11.60023 -6.169815 8.436641
v 11.50071 -9.12502 8.096039
v 10.74109 -7.763478 9.509812
v 13.95749 -7.906262 9.808915
v 10.90251 -7.577737 7.851085
v 13.17362 -6.362613 7.901121
v 11.77252 -6.563524 10.05368
v 11.68638 -9.121387 9.758879
v 13.08749 -8.920475 7.606316
v 13.97047 -8.688669 8.657431
v 12.98265 -8.830317 10.17505
v 13.04338 -7.026949 10.3829
v 14.0312 -6.885301 8.865277
v 11.87826 -6.650346 7.482228
v 10.88714 -6.792467 9.004913
v 10.82621 -8.601854 8.796373
v 11.81733 -8.459734 7.273688
v 12.49091 -5.933324 9.038459
v 13.42382 -7.600169 7.309044
v 11.43927 -7.884065 10.35209
v 12.37177 -9.551678 8.623189
v 14.13711 -7.908909 8.232561
v 14.13102 -8.162443 8.351711
v 14.07721 -8.43084 8.496551
v 13.42266 -9.234184 9.125001
v 13.62493 -9.101208 8.983874
v 13.81528 -8.916718 8.82374
v 13.23013 -9.261793 9.420799
v 13.1732 -9.165984 9.677887
v 13.08976 -9.020754 9.938379
v 12.59843 -8.129547 10.59648
v 12.72574 -8.363954 10.51068
v 12.85816 -8.605646 10.36941
v 12.61027 -7.778054 10.63699
v 12.75351 -7.539268 10.60573
v 12.90277 -7.281135 10.52207
v 13.32472 -6.452778 9.744552
v 13.25959 -6.600503 9.973571
v 13.1647 -6.795258 10.19488
v 13.51725 -6.42517 9.448753
v 13.71132 -6.535727 9.279558
v 13.89022 -6.691222 9.080238
v 14.14895 -7.557415 8.273072
v 14.15879 -7.337758 8.44676
v 14.12181 -7.106329 8.649206
v 12.26349 -7.353174 7.059456
v 12.13601 -7.118215 7.145391
v 12.00316 -6.87577 7.287217
v 11.62992 -6.217568 8.238626
v 11.68704 -6.313491 7.980986
v 11.77079 -6.459275 7.719689
v 11.43644 -6.245312 8.535875
v 11.23376 -6.37849 8.677383
v 11.04285 -6.563658 8.838044
v 10.71988 -7.574521 9.430964
v 10.72598 -7.320406 9.311669
v 10.78005 -7.051158 9.166327
v 10.70798 -7.927738 9.390254
v 10.69811 -8.147927 9.216294
v 10.7353 -8.380085 9.013161
v 11.34155 -9.063344 8.211084
v 11.14707 -8.952651 8.380699
v 10.96766 -8.796579 8.580689
v 11.53503 -9.0356 7.913835
v 11.60036 -8.887651 7.684301
v 11.6956 -8.692196 7.462334
v 12.2516 -7.706391 7.018746
v 12.10814 -7.945735 7.050015
v 11.95841 -8.204697 7.134052
v 13.217 -6.240655 9.482388
v 13.00686 -6.102812 9.358475
v 12.7588 -5.995926 9.206985
v 11.74967 -6.077472 8.542532
v 11.96826 -5.985345 8.693409
v 12.22264 -5.932328 8.863936
v 12.56482 -7.538551 7.025403
v 12.84264 -7.55259 7.066041
v 13.1382 -7.573366 7.159945
v 14.02939 -7.696785 7.970398
v 13.87829 -7.664752 7.736615
v 13.67131 -7.631509 7.508657
v 12.29818 -7.945033 10.63012
v 12.02127 -7.931038 10.5896
v 11.72674 -7.91035 10.49616
v 10.82773 -7.787642 9.69416
v 10.97932 -7.819781 9.928718
v 11.18714 -7.853137 10.15741
v 13.11057 -9.401163 9.118125
v 12.8927 -9.492978 8.967742
v 12.63925 -9.545933 8.79783
v 11.64288 -9.248721 8.177031
v 11.85371 -9.387027 8.301349
v 12.1027 -9.494175 8.453417
v 14.05816 -8.537791 8.951686
v 14.08809 -8.353679 9.249054
v 14.05409 -8.139964 9.539195
v 13.2731 -8.650365 10.1578
v 13.53997 -8.432278 10.09116
v 13.77164 -8.180468 9.973129
v 13.32136 -7.217151 10.32299
v 13.57366 -7.431614 10.20649
v 13.789 -7.664828 10.03256
v 14.10643 -7.104577 9.116871
v 14.12179 -7.353015 9.364385
v 14.07145 -7.624326 9.598624
v 11.58685 -6.830736 7.499379
v 11.31936 -7.049694 7.566524
v 11.08696 -7.302385 7.685013
v 10.79901 -6.943708 8.709764
v 10.76935 -7.128561 8.411515
v 10.80356 -7.343026 8.120417
v 10.75058 -8.381993 8.543996
v 10.73554 -8.132653 8.295789
v 10.78613 -7.860409 8.060785
v 11.53842 -8.269021 7.333611
v 11.28555 -8.053785 7.450798
v 11.06954 -7.81977 7.625383
v 13.89916 -6.696422 8.612432
v 13.70955 -6.541213 8.361079
v 13.46405 -6.428191 8.120323
v 12.68302 -5.940354 8.73751
v 12.86541 -6.016634 8.440114
v 13.03106 -6.159214 8.157702
v 12.18927 -6.508504 7.51273
v 12.51677 -6.409183 7.593046
v 12.85184 -6.358194 7.72397
v 13.41775 -7.26351 7.37501
v 13.37469 -6.936297 7.497093
v 13.29393 -6.629806 7.674547
v 12.74364 -6.862119 10.38771
v 12.42459 -6.72547 10.33521
v 12.09592 -6.624373 10.22222
v 11.47019 -7.528481 10.36351
v 11.53799 -7.181102 10.316
v 11.64008 -6.855278 10.21138
v 11.02986 -6.674757 9.293965
v 11.2282 -6.593958 9.572731
v 11.47971 -6.554949 9.832008
v 12.29646 -5.995786 9.331398
v 12.10714 -6.125366 9.605067
v 11.93022 -6.317069 9.848951
v 12.6726 -8.971655 10.14457
v 12.34559 -9.071309 10.06485
v 12.01181 -9.122036 9.934356
v 12.18706 -9.546382 8.912295
v 12.0069 -9.473506 9.205648
v 11.83745 -9.331518 9.493879
v 10.95858 -8.791375 9.050014
v 11.14898 -8.946391 9.301602
v 11.39535 -9.059906 9.543301
v 11.44642 -8.234191 10.28218
v 11.49138 -8.565401 10.15645
v 11.5724 -8.864967 9.979755
v 13.82813 -8.805958 8.369299
v 13.63056 -8.887052 8.090711
v 13.37994 -8.925853 7.832456
v 13.3949 -7.941844 7.296829
v 13.32929 -8.284638 7.341691
v 13.227 -8.617379 7.44547
v 12.11799 -8.625123 7.26878
v 12.43756 -8.761616 7.321918
v 12.76748 -8.86315 7.435261
v 12.55863 -9.493101 8.341445
v 12.74547 -9.367599 8.070955
v 12.92617 -9.175401 7.821242
v 14.20656 -7.758307 8.452424
v 14.21375 -8.007658 8.613955
v 14.16548 -8.275697 8.782228
v 14.22905 -7.553226 8.666331
v 14.24467 -7.807801 8.870726
v 14.19858 -8.081731 9.066074
v 14.1974 -7.327839 8.891472
v 14.21537 -7.582988 9.123557
v 14.16875 -7.85954 9.341816
v 13.46739 -9.129436 9.375742
v 13.44466 -9.00825 9.646144
v 13.37794 -8.847898 9.91508
v 13.69358 -8.972556 9.263718
v 13.69753 -8.822715 9.554168
v 13.64427 -8.642355 9.836934
v 13.89715 -8.773448 9.117413
v 13.91747 -8.60318 9.417218
v 13.87501 -8.404411 9.708732
v 12.81384 -7.958016 10.5921
v 13.00004 -7.72946 10.5545
v 13.17261 -7.474789 10.46589
v 12.98474 -8.183892 10.50213
v 13.21377 -7.955626 10.45452
v 13.41252 -7.698113 10.35701
v 13.14069 -8.422647 10.35665
v 13.39573 -8.196856 10.29952
v 13.6153 -7.938902 10.1921
v 13.55301 -6.586886 9.668783
v 13.76913 -6.728869 9.522313
v 13.96015 -6.902587 9.333038
v 13.52021 -6.764563 9.904739
v 13.76091 -6.940713 9.771078
v 13.96682 -7.13749 9.586146
v 13.44094 -6.977038 10.13071
v 13.69363 -7.176664 10.00586
v 13.90903 -7.394031 9.825183
v 12.04737 -7.525599 7.064211
v 11.87619 -7.298759 7.153937
v 11.71965 -7.059212 7.299809
v 11.86083 -7.755015 7.101352
v 11.64644 -7.527957 7.20181
v 11.46396 -7.285948 7.357457
v 11.68761 -8.010507 7.190167
v 11.44711 -7.78634 7.299785
v 11.24372 -7.544755 7.465225
v 11.3919 -6.350727 8.284155
v 11.16483 -6.507512 8.396712
v 10.9605 -6.707233 8.543438
v 11.41475 -6.471674 8.012751
v 11.16104 -6.657928 8.105215
v 10.94049 -6.878275 8.242684
v 11.48159 -6.632512 7.742877
v 11.21459 -6.838971 7.821582
v 10.98312 -7.077667 7.950232
v 10.65055 -7.725897 9.210194
v 10.62757 -7.931858 8.996037
v 10.65922 -8.157974 8.770123
v 10.64294 -7.475602 9.048623
v 10.61205 -7.676283 8.790975
v 10.6416 -7.901846 8.537321
v 10.69125 -7.206678 8.879764
v 10.65845 -7.401455 8.594994
v 10.68839 -7.624387 8.318393
v 11.30603 -8.90077 7.99025
v 11.33894 -8.723104 7.753263
v 11.41837 -8.509951 7.526493
v 11.08902 -8.758943 8.137224
v 11.09745 -8.546312 7.88757
v 11.16507 -8.30952 7.652094
v 10.89728 -8.584673 8.327054
v 10.89097 -8.348824 8.073196
v 10.94898 -8.091475 7.833386
v 14.04182 -7.433885 8.051471
v 14.03852 -7.178032 8.202629
v 13.99346 -6.926227 8.39512
v 13.88396 -7.358218 7.811316
v 13.86631 -7.062727 7.949889
v 13.81048 -6.78565 8.138127
v 13.67106 -7.30206 7.57891
v 13.64084 -6.983406 7.708656
v 13.57329 -6.686933 7.892591
v 13.38827 -6.262464 9.267829
v 13.19042 -6.115123 9.102099
v 12.94653 -6.003401 8.927389
v 13.57861 -6.353674 9.058611
v 13.38256 -6.195639 8.850242
v 13.1359 -6.078339 8.648442
v 13.75621 -6.500974 8.836685
v 13.56193 -6.340151 8.600717
v 13.31358 -6.221423 8.375958
v 11.87069 -6.094246 8.294403
v 11.96837 -6.175519 8.024994
v 12.07442 -6.315392 7.756003
v 12.12327 -5.99458 8.417702
v 12.26028 -6.069993 8.129625
v 12.39081 -6.209754 7.847593
v 12.39774 -5.93817 8.575015
v 12.56114 -6.01136 8.278573
v 12.7134 -6.152092 7.988529
v 12.52616 -7.269119 7.07446
v 12.81927 -7.242084 7.122341
v 13.12485 -7.241444 7.221745
v 12.42981 -7.002604 7.166181
v 12.74568 -6.940022 7.22622
v 13.06776 -6.919425 7.335673
v 12.31248 -6.742091 7.312936
v 12.64018 -6.656732 7.383468
v 12.97399 -6.619181 7.503521
v 13.0938 -6.304689 9.720224
v 12.98914 -6.438199 9.96423
v 12.87247 -6.627698 10.19439
v 12.84988 -6.163956 9.625294
v 12.70628 -6.292613 9.88922
v 12.56503 -6.483102 10.13229
v 12.582 -6.055672 9.487423
v 12.41218 -6.182116 9.760303
v 12.24925 -6.374043 10.01112
v 12.35464 -7.675818 10.64354
v 12.06548 -7.618979 10.6051
v 11.76254 -7.575732 10.51103
v 12.46897 -7.403099 10.61399
v 12.15915 -7.307526 10.57266
v 11.84109 -7.241482 10.47368
v 12.60414 -7.125446 10.52957
v 12.28392 -7.004552 10.48344
v 11.95551 -6.918914 10.37803
v 10.83366 -7.511815 9.674698
v 10.85506 -7.228415 9.585512
v 10.91842 -6.941994 9.454679
v 10.9946 -7.503731 9.925631
v 11.03333 -7.185565 9.856955
v 11.10913 -6.876277 9.735676
v 11.2097 -7.516067 10.16405
v 11.26261 -7.178275 10.10898
v 11.35139 -6.851854 9.996376
v 11.57501 -6.136645 8.748659
v 11.78178 -6.043548 8.942345
v 12.03207 -5.990605 9.136805
v 11.37695 -6.260325 8.9336
v 11.58232 -6.16721 9.171195
v 11.8356 -6.115399 9.393244
v 11.18767 -6.442549 9.118353
v 11.39117 -6.353097 9.383367
v 11.64612 -6.305134 9.628216
v 12.33653 -8.213393 10.58158
v 12.43273 -8.479234 10.48997
v 12.54981 -8.738787 10.34363
v 12.04454 -8.240685 10.53345
v 12.11757 -8.542131 10.43037
v 12.22263 -8.824502 10.27368
v 11.74013 -8.241214 10.43433
v 11.7966 -8.56269 10.3214
v 11.89008 -8.861952 10.15409
v 12.99008 -9.384814 9.365226
v 12.73808 -9.48378 9.242666
v 12.46467 -9.539872 9.085853
v 12.89265 -9.303594 9.633982
v 12.60133 -9.40922 9.530017
v 12.30154 -9.467756 9.381617
v 12.78707 -9.164039 9.902061
v 12.47118 -9.27 9.811089
v 12.1498 -9.327461 9.670722
v 11.47096 -9.226474 8.392541
v 11.28014 -9.135184 8.60226
v 11.10196 -8.987556 8.825029
v 11.6696 -9.374663 8.558417
v 11.47705 -9.293278 8.810901
v 11.29705 -9.148195 9.061218
v 11.91434 -9.486907 8.733839
v 11.72463 -9.410888 9.013423
v 11.54637 -9.267361 9.286804
v 10.81549 -8.051601 9.612485
v 10.97361 -8.12716 9.853778
v 11.18722 -8.183634 10.08711
v 10.8187 -8.3081 9.461073
v 10.99166 -8.423249 9.714306
v 11.21801 -8.502824 9.956323
v 10.8639 -8.560856 9.268098
v 11.04767 -8.701218 9.525343
v 11.28578 -8.800272 9.771811
v 13.28455 -9.342589 8.91283
v 13.48211 -9.21907 8.728363
v 13.6708 -9.037316 8.54436
v 13.07863 -9.434947 8.719471
v 13.27761 -9.312245 8.491037
v 13.46808 -9.127049 8.279513
v 12.8292 -9.487601 8.525818
v 13.02525 -9.363979 8.269757
v 13.21412 -9.174842 8.035563
v 14.02372 -7.97146 7.989512
v 13.86303 -7.979924 7.739661
v 13.64865 -7.967541 7.502211
v 14.00229 -8.254169 8.0786
v 13.82474 -8.297333 7.807595
v 13.59635 -8.304613 7.55638
v 13.93913 -8.539565 8.209175
v 13.7492 -8.6056 7.92837
v 13.50786 -8.629971 7.668647
v 12.50799 -7.808905 7.012247
v 12.39345 -8.082289 7.041742
v 12.25797 -8.360956 7.126354
v 12.79827 -7.865512 7.050486
v 12.704 -8.177707 7.083571
v 12.57873 -8.481672 7.173135
v 13.10237 -7.90901 7.144805
v 13.02316 -8.243974 7.183012
v 12.90838 -8.567598 7.278957
v 11.76664 -9.184075 7.938286
v 12.0111 -9.325695 8.033772
v 12.28 -9.434472 8.17205
v 11.87156 -9.050379 7.693653
v 12.15501 -9.196062 7.769331
v 12.45017 -9.306849 7.898752
v 11.98872 -8.860397 7.462678
v 12.29668 -9.004852 7.525445
v 12.61365 -9.114319 7.647118
v 14.07145 -7.624326 9.598624
v 13.95749 -7.906262 9.808915
v 13.95749 -7.906262 9.808915
v 12.98265 -8.830317 10.17505
v 13.2731 -8.650365 10.1578
v 13.53997 -8.432278 10.09116
v 13.77164 -8.180468 9.973129
v 13.95749 -7.906262 9.808915
v 13.95749 -7.906262 9.808915
v 13.95749 -7.906262 9.808915
v 14.07145 -7.624326 9.598624
v 10.90251 -7.577737 7.851085
v 10.90251 -7.577737 7.851085
v 10.90251 -7.577737 7.851085
v 10.90251 -7.577737 7.851085
v 10.82621 -8.601854 8.796373
v 10.75058 -8.381993 8.543996
v 10.73554 -8.132653 8.295789
v 10.78613 -7.860409 8.060785
v 10.90251 -7.577737 7.851085
v 14.11586 -7.720902 8.154385
v 14.14895 -7.557415 8.273072
v 14.15879 -7.337758 8.44676
v 14.12181 -7.106329 8.649206
v 14.0312 -6.885301 8.865277
v 13.51725 -6.42517 9.448753
v 13.35889 -6.364114 9.563223
v 13.71132 -6.535727 9.279558
v 13.89022 -6.691222 9.080238
v 11.60023 -6.169815 8.436641
v 11.62992 -6.217568 8.238626
v 11.68704 -6.313491 7.980986
v 11.77079 -6.459275 7.719689
v 11.87826 -6.650346 7.482228
v 12.26349 -7.353174 7.059456
v 12.35985 -7.531356 7.022867
v 12.13601 -7.118215 7.145391
v 12.00316 -6.87577 7.287217
v 13.35889 -6.364114 9.563223
v 13.217 -6.240655 9.482388
v 13.32472 -6.452778 9.744552
v 13.25959 -6.600503 9.973571
v 13.1647 -6.795258 10.19488
v 13.04338 -7.026949 10.3829
v 13.00686 -6.102812 9.358475
v 12.7588 -5.995926 9.206985
v 12.49091 -5.933324 9.038459
v 12.61027 -7.778054 10.63699
v 12.50276 -7.952213 10.63265
v 12.75351 -7.539268 10.60573
v 12.90277 -7.281135 10.52207
v 10.74109 -7.763478 9.509812
v 10.71988 -7.574521 9.430964
v 10.72598 -7.320406 9.311669
v 10.78005 -7.051158 9.166327
v 10.88714 -6.792467 9.004913
v 11.43644 -6.245312 8.535875
v 11.74967 -6.077472 8.542532
v 11.60023 -6.169815 8.436641
v 11.96826 -5.985345 8.693409
v 12.22264 -5.932328 8.863936
v 11.23376 -6.37849 8.677383
v 11.04285 -6.563658 8.838044
v 12.50276 -7.952213 10.63265
v 12.29818 -7.945033 10.63012
v 12.59843 -8.129547 10.59648
v 12.72574 -8.363954 10.51068
v 12.85816 -8.605646 10.36941
v 12.98265 -8.830317 10.17505
v 12.02127 -7.931038 10.5896
v 11.72674 -7.91035 10.49616
v 11.43927 -7.884065 10.35209
v 13.23013 -9.261793 9.420799
v 13.25972 -9.309002 9.22381
v 13.1732 -9.165984 9.677887
v 13.08976 -9.020754 9.938379
v 12.98265 -8.830317 10.17505
v 12.6726 -8.971655 10.14457
v 12.34559 -9.071309 10.06485
v 12.01181 -9.122036 9.934356
v 11.68638 -9.121387 9.758879
v 11.50071 -9.12502 8.096039
v 11.34155 -9.063344 8.211084
v 11.14707 -8.952651 8.380699
v 10.96766 -8.796579 8.580689
v 10.82621 -8.601854 8.796373
v 10.70798 -7.927738 9.390254
v 10.82773 -7.787642 9.69416
v 10.74109 -7.763478 9.509812
v 10.97932 -7.819781 9.928718
v 11.18714 -7.853137 10.15741
v 10.69811 -8.147927 9.216294
v 10.7353 -8.380085 9.013161
v 10.82621 -8.601854 8.796373
v 10.95858 -8.791375 9.050014
v 11.14898 -8.946391 9.301602
v 11.39535 -9.059906 9.543301
v 13.25972 -9.309002 9.22381
v 13.11057 -9.401163 9.118125
v 13.42266 -9.234184 9.125001
v 13.62493 -9.101208 8.983874
v 13.81528 -8.916718 8.82374
v 13.97047 -8.688669 8.657431
v 12.8927 -9.492978 8.967742
v 12.63925 -9.545933 8.79783
v 12.37177 -9.551678 8.623189
v 14.13711 -7.908909 8.232561
v 14.02939 -7.696785 7.970398
v 14.11586 -7.720902 8.154385
v 13.87829 -7.664752 7.736615
v 13.67131 -7.631509 7.508657
v 13.42382 -7.600169 7.309044
v 14.13102 -8.162443 8.351711
v 14.07721 -8.43084 8.496551
v 12.35985 -7.531356 7.022867
v 12.56482 -7.538551 7.025403
v 12.2516 -7.706391 7.018746
v 12.10814 -7.945735 7.050015
v 11.95841 -8.204697 7.134052
v 11.81733 -8.459734 7.273688
v 12.84264 -7.55259 7.066041
v 13.1382 -7.573366 7.159945
v 11.53503 -9.0356 7.913835
v 11.64288 -9.248721 8.177031
v 11.50071 -9.12502 8.096039
v 11.85371 -9.387027 8.301349
v 12.1027 -9.494175 8.453417
v 11.60036 -8.887651 7.684301
v 11.6956 -8.692196 7.462334
f 4302 4511 4303
f 4299 4302 4303
f 4298 4302 4299
f 4298 4301 4302
f 4301 4233 4302
f 4302 4233 4234
f 4303 4234 4133
f 4330 4234 4233
f 4299 4303 4300
f 4300 4303 4225
f 4303 4512 4225
f 4295 4298 4299
f 4296 4299 4300
f 4295 4299 4296
f 4173 4301 4298
f 4172 4173 4298
f 4172 4298 4295
f 4125 4172 4295
f 4125 4295 4151
f 4151 4295 4296
f 4173 4174 4301
f 4151 4296 4152
f 4174 4232 4301
f 4174 4142 4232
f 4301 4232 4233
f 4152 4296 4297
f 4296 4300 4297
f 4152 4297 4153
f 4324 4232 4142
f 4324 4142 4171
f 4327 4233 4232
f 4327 4232 4324
f 4330 4233 4327
f 4297 4300 4224
f 4300 4225 4224
f 4153 4297 4223
f 4297 4224 4223
f 4153 4223 4139
f 4323 4324 4171
f 4323 4171 4170
f 4326 4327 4324
f 4326 4324 4323
f 4139 4223 4310
f 4139 4310 4156
f 4223 4224 4311
f 4223 4311 4310
f 4224 4225 4312
f 4224 4312 4311
f 4322 4323 4170
f 4322 4170 4169
f 4156 4310 4307
f 4156 4307 4155
f 4225 4228 4312
f 4225 4513 4228
f 4312 4228 4227
f 4312 4227 4309
f 4311 4312 4309
f 4309 4227 4226
f 4310 4311 4308
f 4311 4309 4308
f 4310 4308 4307
f 4309 4226 4306
f 4308 4309 4306
f 4306 4226 4140
f 4306 4140 4159
f 4308 4306 4305
f 4305 4306 4159
f 4307 4308 4305
f 4305 4159 4158
f 4307 4305 4304
f 4304 4305 4158
f 4155 4307 4304
f 4304 4158 4157
f 4155 4304 4154
f 4154 4304 4157
f 4154 4157 4127
f 4231 4520 4234
f 4321 4519 4231
f 4318 4321 4231
f 4318 4231 4230
f 4230 4231 4330
f 4231 4521 4330
f 4230 4330 4329
f 4329 4330 4327
f 4329 4327 4326
f 4229 4230 4329
f 4328 4329 4326
f 4229 4329 4328
f 4315 4318 4230
f 4315 4230 4229
f 4328 4326 4325
f 4325 4326 4323
f 4325 4323 4322
f 4141 4229 4328
f 4165 4229 4141
f 4165 4315 4229
f 4141 4328 4168
f 4168 4328 4325
f 4168 4325 4167
f 4167 4325 4322
f 4167 4322 4166
f 4166 4322 4169
f 4166 4169 4126
f 4164 4315 4165
f 4164 4314 4315
f 4163 4314 4164
f 4314 4318 4315
f 4163 4313 4314
f 4128 4313 4163
f 4128 4160 4313
f 4314 4317 4318
f 4313 4317 4314
f 4317 4321 4318
f 4160 4316 4313
f 4313 4316 4317
f 4160 4161 4316
f 4317 4320 4321
f 4316 4320 4317
f 4161 4319 4316
f 4316 4319 4320
f 4161 4162 4319
f 4320 4517 4321
f 4321 4517 4518
f 4320 4516 4517
f 4319 4516 4320
f 4319 4515 4516
f 4162 4515 4319
f 4162 4514 4515
f 4339 4246 4134
f 4338 4246 4339
f 4335 4338 4339
f 4335 4339 4336
f 4336 4339 4237
f 4339 4522 4237
f 4338 4245 4246
f 4334 4338 4335
f 4337 4245 4338
f 4334 4337 4338
f 4332 4335 4336
f 4331 4334 4335
f 4331 4335 4332
f 4197 4337 4334
f 4196 4197 4334
f 4196 4334 4331
f 4129 4196 4331
f 4129 4331 4175
f 4175 4331 4332
f 4197 4198 4337
f 4175 4332 4176
f 4198 4244 4337
f 4337 4244 4245
f 4198 4146 4244
f 4176 4332 4333
f 4332 4336 4333
f 4176 4333 4177
f 4360 4244 4146
f 4360 4146 4195
f 4363 4245 4244
f 4363 4244 4360
f 4333 4336 4236
f 4336 4237 4236
f 4177 4333 4235
f 4333 4236 4235
f 4177 4235 4143
f 4359 4360 4195
f 4359 4195 4194
f 4143 4235 4346
f 4143 4346 4180
f 4235 4236 4347
f 4235 4347 4346
f 4236 4237 4348
f 4236 4348 4347
f 4180 4346 4343
f 4180 4343 4179
f 4346 4347 4344
f 4346 4344 4343
f 4179 4343 4340
f 4179 4340 4178
f 4178 4340 4181
f 4178 4181 4130
f 4340 4182 4181
f 4343 4341 4340
f 4340 4341 4182
f 4343 4344 4341
f 4341 4183 4182
f 4341 4342 4183
f 4344 4342 4341
f 4342 4144 4183
f 4347 4345 4344
f 4344 4345 4342
f 4347 4348 4345
f 4342 4238 4144
f 4345 4238 4342
f 4186 4144 4238
f 4348 4239 4345
f 4345 4239 4238
f 4186 4238 4355
f 4355 4238 4239
f 4185 4186 4355
f 4348 4240 4239
f 4237 4240 4348
f 4237 4523 4240
f 4185 4355 4352
f 4184 4185 4352
f 4355 4239 4356
f 4356 4239 4240
f 4352 4355 4356
f 4184 4352 4349
f 4132 4184 4349
f 4132 4349 4187
f 4356 4240 4357
f 4357 4240 4524
f 4352 4356 4353
f 4349 4352 4353
f 4353 4356 4357
f 4187 4349 4350
f 4349 4353 4350
f 4187 4350 4188
f 4353 4357 4354
f 4350 4353 4354
f 4188 4350 4351
f 4350 4354 4351
f 4188 4351 4189
f 4354 4357 4243
f 4357 4525 4243
f 4354 4243 4242
f 4351 4354 4242
f 4351 4242 4241
f 4189 4351 4241
f 4189 4241 4145
f 4190 4193 4131
f 4190 4358 4193
f 4358 4194 4193
f 4191 4358 4190
f 4358 4359 4194
f 4191 4361 4358
f 4361 4359 4358
f 4192 4361 4191
f 4361 4362 4359
f 4362 4360 4359
f 4362 4363 4360
f 4192 4364 4361
f 4364 4362 4361
f 4526 4364 4192
f 4526 4527 4364
f 4364 4365 4362
f 4527 4365 4364
f 4365 4363 4362
f 4527 4528 4365
f 4365 4366 4363
f 4528 4366 4365
f 4366 4245 4363
f 4528 4529 4366
f 4366 4246 4245
f 4529 4246 4366
f 4529 4530 4246
f 4536 4199 4537
f 4536 4376 4199
f 4538 4376 4536
f 4376 4200 4199
f 4538 4379 4376
f 4539 4379 4538
f 4376 4377 4200
f 4379 4377 4376
f 4377 4201 4200
f 4539 4382 4379
f 4535 4382 4539
f 4377 4378 4201
f 4378 4147 4201
f 4379 4380 4377
f 4382 4380 4379
f 4380 4378 4377
f 4535 4247 4382
f 4534 4247 4535
f 4378 4250 4147
f 4204 4147 4250
f 4380 4381 4378
f 4381 4250 4378
f 4382 4383 4380
f 4247 4383 4382
f 4383 4381 4380
f 4534 4369 4247
f 4533 4369 4534
f 4204 4250 4391
f 4203 4204 4391
f 4247 4248 4383
f 4369 4248 4247
f 4381 4251 4250
f 4391 4250 4251
f 4383 4384 4381
f 4248 4384 4383
f 4384 4251 4381
f 4533 4368 4369
f 4532 4368 4533
f 4203 4391 4388
f 4202 4203 4388
f 4369 4372 4248
f 4368 4372 4369
f 4248 4249 4384
f 4372 4249 4248
f 4384 4252 4251
f 4249 4252 4384
f 4391 4251 4392
f 4388 4391 4392
f 4392 4251 4252
f 4532 4367 4368
f 4531 4367 4532
f 4531 4208 4367
f 4368 4371 4372
f 4367 4371 4368
f 4208 4370 4367
f 4367 4370 4371
f 4208 4209 4370
f 4372 4375 4249
f 4371 4375 4372
f 4249 4135 4252
f 4375 4135 4249
f 4392 4252 4393
f 4393 4252 4135
f 4209 4373 4370
f 4209 4210 4373
f 4370 4374 4371
f 4371 4374 4375
f 4370 4373 4374
f 4375 4258 4135
f 4374 4258 4375
f 4210 4256 4373
f 4210 4148 4256
f 4373 4257 4374
f 4374 4257 4258
f 4373 4256 4257
f 4255 4135 4258
f 4393 4135 4255
f 4389 4392 4393
f 4388 4392 4389
f 4396 4256 4148
f 4396 4148 4207
f 4399 4257 4256
f 4399 4256 4396
f 4402 4258 4257
f 4255 4258 4402
f 4402 4257 4399
f 4390 4393 4255
f 4389 4393 4390
f 4385 4388 4389
f 4202 4388 4385
f 4540 4202 4385
f 4540 4385 4541
f 4385 4389 4386
f 4541 4385 4386
f 4386 4389 4390
f 4541 4386 4542
f 4542 4386 4387
f 4386 4390 4387
f 4542 4387 4543
f 4390 4255 4254
f 4387 4390 4254
f 4254 4255 4402
f 4543 4387 4253
f 4387 4254 4253
f 4543 4253 4544
f 4254 4402 4401
f 4253 4254 4401
f 4401 4402 4399
f 4544 4253 4400
f 4253 4401 4400
f 4544 4400 4548
f 4401 4399 4398
f 4400 4401 4398
f 4398 4399 4396
f 4548 4400 4397
f 4400 4398 4397
f 4548 4397 4547
f 4398 4396 4395
f 4397 4398 4395
f 4395 4396 4207
f 4395 4207 4206
f 4547 4397 4394
f 4397 4395 4394
f 4394 4395 4206
f 4547 4394 4545
f 4394 4206 4205
f 4545 4394 4205
f 4545 4205 4546
f 4558 4211 4559
f 4558 4412 4211
f 4560 4412 4558
f 4412 4212 4211
f 4560 4415 4412
f 4561 4415 4560
f 4412 4413 4212
f 4415 4413 4412
f 4413 4213 4212
f 4561 4418 4415
f 4554 4418 4561
f 4413 4414 4213
f 4414 4149 4213
f 4415 4416 4413
f 4418 4416 4415
f 4416 4414 4413
f 4554 4259 4418
f 4553 4259 4554
f 4414 4262 4149
f 4216 4149 4262
f 4416 4417 4414
f 4417 4262 4414
f 4418 4419 4416
f 4259 4419 4418
f 4419 4417 4416
f 4553 4405 4259
f 4552 4405 4553
f 4216 4262 4427
f 4215 4216 4427
f 4259 4260 4419
f 4405 4260 4259
f 4417 4263 4262
f 4427 4262 4263
f 4419 4420 4417
f 4260 4420 4419
f 4420 4263 4417
f 4552 4404 4405
f 4551 4404 4552
f 4215 4427 4424
f 4214 4215 4424
f 4405 4408 4260
f 4404 4408 4405
f 4260 4261 4420
f 4408 4261 4260
f 4420 4264 4263
f 4261 4264 4420
f 4427 4263 4428
f 4424 4427 4428
f 4428 4263 4264
f 4551 4403 4404
f 4549 4403 4551
f 4549 4550 4403
f 4404 4407 4408
f 4403 4407 4404
f 4550 4406 4403
f 4403 4406 4407
f 4550 4555 4406
f 4408 4411 4261
f 4407 4411 4408
f 4261 4136 4264
f 4411 4136 4261
f 4428 4264 4429
f 4429 4264 4136
f 4555 4409 4406
f 4555 4556 4409
f 4406 4410 4407
f 4407 4410 4411
f 4406 4409 4410
f 4411 4270 4136
f 4410 4270 4411
f 4556 4268 4409
f 4556 4557 4268
f 4409 4269 4410
f 4410 4269 4270
f 4409 4268 4269
f 4267 4136 4270
f 4429 4136 4267
f 4425 4428 4429
f 4424 4428 4425
f 4432 4268 4557
f 4432 4557 4571
f 4435 4269 4268
f 4435 4268 4432
f 4438 4270 4269
f 4267 4270 4438
f 4438 4269 4435
f 4426 4429 4267
f 4425 4429 4426
f 4421 4424 4425
f 4214 4424 4421
f 4562 4214 4421
f 4562 4421 4563
f 4421 4425 4422
f 4563 4421 4422
f 4422 4425 4426
f 4563 4422 4564
f 4564 4422 4423
f 4422 4426 4423
f 4564 4423 4565
f 4426 4267 4266
f 4423 4426 4266
f 4266 4267 4438
f 4565 4423 4265
f 4423 4266 4265
f 4565 4265 4566
f 4266 4438 4437
f 4265 4266 4437
f 4437 4438 4435
f 4566 4265 4436
f 4265 4437 4436
f 4566 4436 4573
f 4437 4435 4434
f 4436 4437 4434
f 4434 4435 4432
f 4573 4436 4433
f 4436 4434 4433
f 4573 4433 4572
f 4434 4432 4431
f 4433 4434 4431
f 4431 4432 4571
f 4431 4571 4570
f 4572 4433 4430
f 4433 4431 4430
f 4430 4431 4570
f 4572 4430 4567
f 4430 4570 4568
f 4567 4430 4568
f 4567 4568 4569
f 4578 4271 4579
f 4578 4441 4271
f 4577 4441 4578
f 4441 4272 4271
f 4577 4440 4441
f 4576 4440 4577
f 4441 4444 4272
f 4440 4444 4441
f 4444 4273 4272
f 4576 4439 4440
f 4574 4439 4576
f 4574 4575 4439
f 4440 4443 4444
f 4439 4443 4440
f 4444 4447 4273
f 4443 4447 4444
f 4447 4137 4273
f 4575 4442 4439
f 4439 4442 4443
f 4575 4580 4442
f 4443 4446 4447
f 4442 4446 4443
f 4447 4282 4137
f 4446 4282 4447
f 4607 4137 4282
f 4580 4445 4442
f 4442 4445 4446
f 4580 4581 4445
f 4607 4282 4474
f 4606 4607 4474
f 4446 4281 4282
f 4445 4281 4446
f 4474 4282 4281
f 4581 4280 4445
f 4445 4280 4281
f 4581 4582 4280
f 4606 4474 4473
f 4605 4606 4473
f 4474 4281 4471
f 4471 4281 4280
f 4473 4474 4471
f 4468 4280 4582
f 4471 4280 4468
f 4468 4582 4601
f 4605 4473 4472
f 4604 4605 4472
f 4604 4472 4603
f 4473 4471 4470
f 4470 4471 4468
f 4472 4473 4470
f 4467 4468 4601
f 4470 4468 4467
f 4467 4601 4600
f 4603 4472 4469
f 4472 4470 4469
f 4469 4470 4467
f 4603 4469 4602
f 4466 4467 4600
f 4469 4467 4466
f 4602 4469 4466
f 4466 4600 4598
f 4602 4466 4597
f 4597 4466 4598
f 4597 4598 4599
f 4583 4217 4584
f 4583 4448 4217
f 4585 4448 4583
f 4448 4218 4217
f 4585 4451 4448
f 4586 4451 4585
f 4448 4449 4218
f 4451 4449 4448
f 4449 4219 4218
f 4586 4454 4451
f 4587 4454 4586
f 4587 4588 4454
f 4449 4450 4219
f 4450 4150 4219
f 4451 4452 4449
f 4454 4452 4451
f 4452 4450 4449
f 4588 4455 4454
f 4454 4455 4452
f 4588 4589 4455
f 4450 4274 4150
f 4222 4150 4274
f 4452 4453 4450
f 4455 4453 4452
f 4453 4274 4450
f 4589 4456 4455
f 4455 4456 4453
f 4589 4590 4456
f 4222 4274 4463
f 4221 4222 4463
f 4453 4275 4274
f 4456 4275 4453
f 4463 4274 4275
f 4590 4276 4456
f 4456 4276 4275
f 4590 4591 4276
f 4221 4463 4460
f 4220 4221 4460
f 4463 4275 4464
f 4464 4275 4276
f 4460 4463 4464
f 4465 4276 4591
f 4464 4276 4465
f 4465 4591 4279
f 4220 4460 4457
f 4592 4220 4457
f 4592 4457 4593
f 4460 4464 4461
f 4461 4464 4465
f 4457 4460 4461
f 4462 4465 4279
f 4461 4465 4462
f 4462 4279 4278
f 4593 4457 4458
f 4457 4461 4458
f 4458 4461 4462
f 4593 4458 4594
f 4459 4462 4278
f 4458 4462 4459
f 4594 4458 4459
f 4459 4278 4277
f 4594 4459 4595
f 4595 4459 4277
f 4595 4277 4596
f 4617 4618 4619
f 4617 4484 4618
f 4623 4484 4617
f 4484 4620 4618
f 4623 4487 4484
f 4624 4487 4623
f 4484 4485 4620
f 4487 4485 4484
f 4485 4621 4620
f 4624 4490 4487
f 4613 4490 4624
f 4485 4486 4621
f 4486 4622 4621
f 4487 4488 4485
f 4490 4488 4487
f 4488 4486 4485
f 4613 4283 4490
f 4612 4283 4613
f 4486 4286 4622
f 4632 4622 4286
f 4488 4489 4486
f 4489 4286 4486
f 4490 4491 4488
f 4283 4491 4490
f 4491 4489 4488
f 4612 4477 4283
f 4611 4477 4612
f 4632 4286 4499
f 4631 4632 4499
f 4283 4284 4491
f 4477 4284 4283
f 4489 4287 4286
f 4499 4286 4287
f 4491 4492 4489
f 4284 4492 4491
f 4492 4287 4489
f 4611 4476 4477
f 4610 4476 4611
f 4631 4499 4496
f 4626 4631 4496
f 4477 4480 4284
f 4476 4480 4477
f 4284 4285 4492
f 4480 4285 4284
f 4492 4288 4287
f 4285 4288 4492
f 4499 4287 4500
f 4496 4499 4500
f 4500 4287 4288
f 4610 4475 4476
f 4608 4475 4610
f 4608 4609 4475
f 4476 4479 4480
f 4475 4479 4476
f 4609 4478 4475
f 4475 4478 4479
f 4609 4614 4478
f 4480 4483 4285
f 4479 4483 4480
f 4285 4138 4288
f 4483 4138 4285
f 4500 4288 4501
f 4501 4288 4138
f 4614 4481 4478
f 4614 4615 4481
f 4478 4482 4479
f 4479 4482 4483
f 4478 4481 4482
f 4483 4294 4138
f 4482 4294 4483
f 4615 4292 4481
f 4615 4616 4292
f 4481 4293 4482
f 4482 4293 4294
f 4481 4292 4293
f 4291 4138 4294
f 4501 4138 4291
f 4497 4500 4501
f 4496 4500 4497
f 4504 4292 4616
f 4504 4616 4637
f 4507 4293 4292
f 4507 4292 4504
f 4510 4294 4293
f 4291 4294 4510
f 4510 4293 4507
f 4498 4501 4291
f 4497 4501 4498
f 4493 4496 4497
f 4626 4496 4493
f 4625 4626 4493
f 4625 4493 4627
f 4493 4497 4494
f 4627 4493 4494
f 4494 4497 4498
f 4627 4494 4628
f 4628 4494 4495
f 4494 4498 4495
f 4628 4495 4629
f 4498 4291 4290
f 4495 4498 4290
f 4290 4291 4510
f 4629 4495 4289
f 4495 4290 4289
f 4629 4289 4630
f 4290 4510 4509
f 4289 4290 4509
f 4509 4510 4507
f 4630 4289 4508
f 4289 4509 4508
f 4630 4508 4639
f 4509 4507 4506
f 4508 4509 4506
f 4506 4507 4504
f 4639 4508 4505
f 4508 4506 4505
f 4639 4505 4638
f 4506 4504 4503
f 4505 4506 4503
f 4503 4504 4637
f 4503 4637 4636
f 4638 4505 4502
f 4505 4503 4502
f 4502 4503 4636
f 4638 4502 4633
f 4502 4636 4634
f 4633 4502 4634
f 4633 4634 4635
v -12.98082 -8.418881 10.32668
v -13.38558 -8.450755 10.59841
v -13.25441 -8.371727 9.92467
v -13.65918 -8.403601 10.1964
v -12.97963 -7.933614 10.38383
v -13.38581 -7.9656 10.65652
v -13.25418 -7.886294 9.980414
v -13.66037 -7.91828 10.2531
v -13.32 -8.590087 10.24056
v -13.32 -7.747163 10.33944
v -13.08236 -8.209582 10.63918
v -13.67157 -8.196309 10.52602
v -13.55764 -8.127667 9.940824
v -12.96843 -8.14094 10.05398
v -13.07213 -8.446249 10.08874
v -13.48754 -8.436892 10.00897
v -13.56787 -8.485286 10.42155
v -13.15246 -8.494644 10.50133
v -13.1519 -7.900224 10.57188
v -13.56869 -7.890835 10.49184
v -13.4881 -7.842279 10.07788
v -13.07131 -7.851668 10.15792
v -13.40056 -8.217162 10.7038
v -12.9032 -8.178759 10.36996
v -13.73663 -8.15924 10.20999
v -13.23941 -8.120813 9.875955
v -12.98864 -8.431577 10.28138
v -13.00615 -8.443516 10.21965
v -13.03418 -8.449096 10.15341
v -13.21696 -8.392226 9.945905
v -13.16788 -8.415642 9.98201
v -13.11788 -8.434669 10.03041
v -13.29792 -8.390402 9.930355
v -13.35785 -8.411363 9.945527
v -13.42299 -8.427796 9.971818
v -13.6357 -8.417001 10.15712
v -13.59712 -8.430203 10.10615
v -13.54683 -8.437548 10.05495
v -13.65136 -8.426434 10.23753
v -13.63385 -8.452334 10.29483
v -13.60582 -8.473092 10.35798
v -13.42304 -8.465784 10.57301
v -13.47212 -8.480209 10.53247
v -13.52212 -8.487519 10.48098
v -13.34208 -8.467608 10.58856
v -13.28215 -8.484488 10.56895
v -13.21701 -8.494392 10.53957
v -13.0043 -8.44101 10.3618
v -13.04288 -8.465648 10.40832
v -13.09317 -8.48464 10.45643
v -13.0033 -7.920137 10.4233
v -13.04195 -7.906919 10.47438
v -13.09242 -7.899564 10.52574
v -13.34208 -7.946815 10.65073
v -13.28202 -7.925824 10.63555
v -13.21667 -7.909348 10.60915
v -13.42344 -7.944982 10.63511
v -13.47264 -7.92153 10.59894
v -13.52279 -7.902452 10.55036
v -13.65244 -7.905514 10.29863
v -13.63491 -7.893562 10.36051
v -13.60678 -7.887978 10.42696
v -13.6367 -7.896035 10.21782
v -13.59805 -7.871355 10.17118
v -13.54758 -7.852315 10.12292
v -13.29792 -7.869358 9.990388
v -13.35798 -7.85245 10.01002
v -13.42333 -7.84253 10.03951
v -13.21656 -7.871191 10.00601
v -13.16736 -7.856744 10.04662
v -13.11721 -7.849426 10.0983
v -12.98756 -7.910658 10.34249
v -13.00509 -7.884712 10.28506
v -13.03322 -7.863902 10.2217
v -13.39039 -8.413496 10.62779
v -13.3955 -8.35753 10.66098
v -13.39906 -8.290486 10.68739
v -13.39063 -8.008729 10.67651
v -13.39576 -8.071062 10.69592
v -13.39933 -8.142656 10.7061
v -12.95475 -7.974405 10.38389
v -12.92821 -8.034245 10.38204
v -12.90976 -8.104105 10.37744
v -12.95599 -8.379289 10.33616
v -12.92953 -8.320837 10.34817
v -12.91112 -8.252064 10.35982
v -13.68401 -8.362889 10.19634
v -13.71047 -8.303246 10.19819
v -13.72888 -8.233643 10.20277
v -13.68525 -7.957949 10.2436
v -13.71179 -8.016593 10.23155
v -13.73024 -8.085622 10.21987
v -13.24961 -8.328682 9.904715
v -13.2445 -8.266552 9.88537
v -13.24094 -8.195219 9.875201
v -13.24937 -7.923625 9.950981
v -13.24424 -7.979775 9.917673
v -13.24067 -8.047071 9.891206
v -13.12301 -8.500703 10.11698
v -13.18246 -8.544321 10.15233
v -13.24913 -8.574587 10.19415
v -13.45315 -8.493266 10.05358
v -13.41297 -8.539128 10.10806
v -13.36791 -8.571911 10.17134
v -13.51699 -8.531728 10.38147
v -13.45754 -8.565982 10.337
v -13.39087 -8.585749 10.28931
v -13.18685 -8.539165 10.44488
v -13.22703 -8.571175 10.38126
v -13.27209 -8.588424 10.31212
v -13.18638 -7.843645 10.52716
v -13.22671 -7.797716 10.47246
v -13.27193 -7.76484 10.40896
v -13.51769 -7.836182 10.46354
v -13.45801 -7.792505 10.42804
v -13.39111 -7.762156 10.38608
v -13.45362 -7.797584 10.13448
v -13.41329 -7.76556 10.19832
v -13.36807 -7.748271 10.26771
v -13.12231 -7.805048 10.19811
v -13.18199 -7.77077 10.24274
v -13.24889 -7.750956 10.29059
v -13.12401 -8.438556 10.55027
v -13.10206 -8.371068 10.59089
v -13.08795 -8.293581 10.62099
v -13.31773 -8.21806 10.71146
v -13.23499 -8.217059 10.70292
v -13.15552 -8.214196 10.67851
v -13.12335 -7.966311 10.60665
v -13.10145 -8.041536 10.63046
v -13.08728 -8.124193 10.64187
v -12.92567 -8.187695 10.44614
v -12.96344 -8.19617 10.5184
v -13.01616 -8.20388 10.58413
v -13.60995 -8.427609 10.45695
v -13.64243 -8.358895 10.48712
v -13.6633 -8.280621 10.5105
v -13.74434 -8.168889 10.29225
v -13.73575 -8.178529 10.37443
v -13.71117 -8.187787 10.45336
v -13.61092 -7.955328 10.51301
v -13.64333 -8.029329 10.52639
v -13.6643 -8.111194 10.53106
v -13.48029 -8.214398 10.68024
v -13.55387 -8.209876 10.64168
v -13.61845 -8.203768 10.58961
v -13.51599 -8.370998 9.974325
v -13.53794 -8.295942 9.950427
v -13.55205 -8.213593 9.939075
v -13.31896 -8.11991 9.868257
v -13.40054 -8.120833 9.876129
v -13.48161 -8.123659 9.900218
v -13.51664 -7.898527 10.02876
v -13.53855 -7.9662 9.988193
v -13.55272 -8.043972 9.957962
v -13.71291 -8.149951 10.1308
v -13.67409 -8.141379 10.05772
v -13.62166 -8.133856 9.99358
v -13.03005 -8.381945 10.06765
v -12.99757 -8.308115 10.0542
v -12.9767 -8.226555 10.04957
v -12.89545 -8.169491 10.29095
v -12.90338 -8.159986 10.20992
v -12.92763 -8.150542 10.1294
v -13.02908 -7.90951 10.1224
v -12.99667 -7.978407 10.09226
v -12.9757 -8.05697 10.06878
v -13.1627 -8.12343 9.898265
v -13.08995 -8.127831 9.935778
v -13.02377 -8.133973 9.988145
v -13.02716 -8.473268 10.31128
v -13.05146 -8.493073 10.24956
v -13.08341 -8.502634 10.18285
v -13.0717 -8.505269 10.35352
v -13.10324 -8.531984 10.28958
v -13.14008 -8.545274 10.22085
v -13.12563 -8.52807 10.39971
v -13.16229 -8.558658 10.33495
v -13.20363 -8.574643 10.26503
v -13.26338 -8.432555 9.964192
v -13.32237 -8.462066 9.985199
v -13.3875 -8.482936 10.01492
v -13.21769 -8.464423 10.0053
v -13.27809 -8.501849 10.03267
v -13.3448 -8.527202 10.06679
v -13.16916 -8.487855 10.05685
v -13.22991 -8.52979 10.08885
v -13.2975 -8.558465 10.1271
v -13.61284 -8.460074 10.1988
v -13.58854 -8.493627 10.25426
v -13.55659 -8.518363 10.31694
v -13.5683 -8.481431 10.1503
v -13.53676 -8.522219 10.20632
v -13.49992 -8.551052 10.27011
v -13.51437 -8.492927 10.10009
v -13.47771 -8.537667 10.15601
v -13.43637 -8.569401 10.22033
v -13.37662 -8.500787 10.54589
v -13.31763 -8.524634 10.51862
v -13.25249 -8.538061 10.48488
v -13.42231 -8.522277 10.49852
v -13.36191 -8.552355 10.46324
v -13.2952 -8.569123 10.42418
v -13.47084 -8.533142 10.44294
v -13.41008 -8.566535 10.40211
v -13.3425 -8.585579 10.35826
v -13.0263 -7.876965 10.38139
v -13.07085 -7.855526 10.43012
v -13.12495 -7.843967 10.4805
v -13.05053 -7.843282 10.32574
v -13.1025 -7.814623 10.37387
v -13.16177 -7.799156 10.42434
v -13.08258 -7.818438 10.26286
v -13.13948 -7.785728 10.30986
v -13.20323 -7.767327 10.3598
v -13.37679 -7.904564 10.61669
v -13.42269 -7.872588 10.57558
v -13.47138 -7.849054 10.52387
v -13.31759 -7.874956 10.59577
v -13.36206 -7.835062 10.54811
v -13.41038 -7.80706 10.49172
v -13.25225 -7.853991 10.56596
v -13.29512 -7.809656 10.51386
v -13.34258 -7.7783 10.45335
v -13.6137 -7.863732 10.26858
v -13.56915 -7.831599 10.22614
v -13.51505 -7.808696 10.1798
v -13.58947 -7.843843 10.33052
v -13.5375 -7.804824 10.29033
v -13.47823 -7.778097 10.2448
v -13.55742 -7.834225 10.39744
v -13.50052 -7.791525 10.35929
v -13.43677 -7.762066 10.31495
v -13.26321 -7.836132 10.03328
v -13.21731 -7.814537 10.08068
v -13.16862 -7.803608 10.13643
v -13.32241 -7.812169 10.06049
v -13.27794 -7.784386 10.11608
v -13.22962 -7.770193 10.17742
v -13.38775 -7.798672 10.09434
v -13.34488 -7.767596 10.15529
v -13.29742 -7.751093 10.22141
v -12.97721 -8.393299 10.39505
v -13.01394 -8.412785 10.45041
v -13.0638 -8.429075 10.50342
v -12.95148 -8.33299 10.41726
v -12.98854 -8.348327 10.48198
v -13.03955 -8.362117 10.54085
v -12.93352 -8.262636 10.43427
v -12.971 -8.27454 10.50447
v -13.02311 -8.2856 10.56783
v -13.32668 -8.420817 10.62966
v -13.32233 -8.362193 10.66622
v -13.32095 -8.293144 10.69436
v -13.25987 -8.432151 10.61551
v -13.24721 -8.368696 10.65564
v -13.241 -8.295802 10.68573
v -13.19067 -8.439065 10.58858
v -13.17245 -8.372582 10.63007
v -13.16198 -8.296535 10.66106
v -13.32664 -8.002015 10.67996
v -13.25967 -7.987682 10.66882
v -13.19022 -7.974705 10.64418
v -13.32238 -8.06772 10.70211
v -13.24707 -8.058901 10.69314
v -13.17206 -8.049156 10.66907
v -13.32098 -8.141679 10.71358
v -13.24084 -8.13706 10.70557
v -13.16156 -8.13062 10.68167
v -12.97615 -7.974415 10.44466
v -12.95022 -8.038414 10.45226
v -12.93218 -8.111063 10.45257
v -13.01293 -7.968252 10.50317
v -12.98752 -8.038462 10.51889
v -12.96994 -8.115727 10.5237
v -13.06293 -7.964681 10.55872
v -13.03871 -8.038655 10.57955
v -13.02221 -8.119647 10.58812
v -13.45051 -8.418028 10.60588
v -13.50776 -8.426566 10.5679
v -13.5623 -8.430693 10.51721
v -13.46554 -8.358967 10.63872
v -13.53161 -8.362289 10.60102
v -13.59168 -8.363138 10.54956
v -13.47424 -8.289691 10.66492
v -13.54535 -8.288946 10.62728
v -13.60957 -8.286453 10.5751
v -13.68673 -8.377316 10.25879
v -13.71621 -8.315763 10.2704
v -13.73612 -8.244556 10.28014
v -13.67399 -8.397916 10.32365
v -13.70645 -8.332154 10.3441
v -13.72785 -8.25749 10.35912
v -13.64806 -8.415914 10.39121
v -13.68152 -8.347655 10.41756
v -13.70344 -8.270274 10.43718
v -13.6879 -7.958382 10.30797
v -13.67516 -7.953334 10.37599
v -13.64918 -7.951475 10.44614
v -13.71755 -8.021128 10.3049
v -13.70761 -8.022241 10.3806
v -13.68257 -8.024152 10.4559
v -13.73756 -8.09292 10.2979
v -13.72906 -8.098627 10.37792
v -13.70457 -8.104276 10.45707
v -13.45098 -7.999214 10.65608
v -13.46599 -8.064485 10.67453
v -13.47475 -8.138215 10.68405
v -13.50838 -7.982079 10.62106
v -13.53217 -8.052478 10.63839
v -13.54595 -8.130187 10.64697
v -13.56313 -7.966304 10.57257
v -13.59244 -8.039686 10.58834
v -13.61038 -8.120509 10.59547
v -13.66278 -8.362889 10.13581
v -13.62606 -8.369037 10.07745
v -13.57619 -8.372619 10.02211
v -13.68852 -8.299078 10.12816
v -13.65146 -8.299023 10.06165
v -13.60045 -8.298815 10.00118
v -13.70648 -8.226698 10.12789
v -13.669 -8.222034 10.05684
v -13.61689 -8.218131 9.99264
v -13.31332 -8.335371 9.901197
v -13.31767 -8.269876 9.879197
v -13.31905 -8.19619 9.867796
v -13.38013 -8.349671 9.912346
v -13.39279 -8.278653 9.88799
v -13.399 -8.200773 9.875581
v -13.44933 -8.362628 9.936938
v -13.46755 -8.288349 9.911962
v -13.47802 -8.207195 9.89941
v -13.31336 -7.916296 9.94918
v -13.38033 -7.90493 9.963335
v -13.44977 -7.898007 9.990309
v -13.31762 -7.975091 9.912426
v -13.39293 -7.968587 9.923194
v -13.46794 -7.964677 9.948865
v -13.31902 -8.044389 9.884152
v -13.39916 -8.04175 9.893017
v -13.47844 -8.041016 9.917761
v -13.66385 -7.943896 10.18448
v -13.68978 -8.004397 10.16227
v -13.70782 -8.075006 10.14517
v -13.62707 -7.92436 10.12898
v -13.65248 -7.989026 10.09744
v -13.67006 -8.063082 10.07488
v -13.57707 -7.908031 10.07577
v -13.60128 -7.975178 10.03838
v -13.61778 -8.051989 10.01131
v -13.18949 -8.338161 9.924979
v -13.13224 -8.355255 9.959951
v -13.07769 -8.371 10.00831
v -13.17446 -8.273102 9.9067
v -13.10839 -8.28506 9.942607
v -13.04832 -8.297793 9.992474
v -13.16576 -8.199643 9.897236
v -13.09465 -8.207629 9.93403
v -13.03043 -8.217278 9.985368
v -12.95327 -8.378873 10.27207
v -12.92379 -8.316306 10.27502
v -12.90388 -8.244778 10.28202
v -12.96601 -8.383905 10.20421
v -12.93355 -8.315195 10.19952
v -12.91215 -8.239084 10.2022
v -12.99194 -8.385779 10.13431
v -12.95848 -8.313276 10.12447
v -12.93656 -8.233457 10.1233
v -12.9521 -7.959929 10.32117
v -12.96484 -7.939278 10.25616
v -12.99082 -7.921237 10.18835
v -12.92245 -8.021683 10.30964
v -12.93239 -8.005247 10.23573
v -12.95743 -7.989682 10.16203
v -12.90244 -8.093148 10.29984
v -12.91094 -8.080182 10.22067
v -12.93543 -8.06736 10.14235
v -13.18902 -7.919097 9.973059
v -13.17401 -7.978326 9.940006
v -13.16525 -8.047853 9.913684
v -13.13162 -7.910532 10.0111
v -13.10783 -7.97501 9.977947
v -13.09405 -8.048623 9.951613
v -13.07687 -7.906407 10.06192
v -13.04756 -7.974147 10.0296
v -13.02962 -8.051126 10.00396
v -13.27209 -8.588424 10.31212
v -13.32 -8.590087 10.24056
v -13.32 -8.590087 10.24056
v -13.48754 -8.436892 10.00897
v -13.45315 -8.493266 10.05358
v -13.41297 -8.539128 10.10806
v -13.36791 -8.571911 10.17134
v -13.32 -8.590087 10.24056
v -13.32 -8.590087 10.24056
v -13.32 -8.590087 10.24056
v -13.27209 -8.588424 10.31212
v -13.32 -7.747163 10.33944
v -13.32 -7.747163 10.33944
v -13.32 -7.747163 10.33944
v -13.32 -7.747163 10.33944
v -13.4881 -7.842279 10.07788
v -13.45362 -7.797584 10.13448
v -13.41329 -7.76556 10.19832
v -13.36807 -7.748271 10.26771
v -13.32 -7.747163 10.33944
v -12.98082 -8.418881 10.32668
v -13.0043 -8.44101 10.3618
v -13.04288 -8.465648 10.40832
v -13.09317 -8.48464 10.45643
v -13.15246 -8.494644 10.50133
v -13.34208 -8.467608 10.58856
v -13.38558 -8.450755 10.59841
v -13.28215 -8.484488 10.56895
v -13.21701 -8.494392 10.53957
v -13.38581 -7.9656 10.65652
v -13.34208 -7.946815 10.65073
v -13.28202 -7.925824 10.63555
v -13.21667 -7.909348 10.60915
v -13.1519 -7.900224 10.57188
v -13.0033 -7.920137 10.4233
v -12.97963 -7.933614 10.38383
v -13.04195 -7.906919 10.47438
v -13.09242 -7.899564 10.52574
v -13.38558 -8.450755 10.59841
v -13.39039 -8.413496 10.62779
v -13.42304 -8.465784 10.57301
v -13.47212 -8.480209 10.53247
v -13.52212 -8.487519 10.48098
v -13.56787 -8.485286 10.42155
v -13.3955 -8.35753 10.66098
v -13.39906 -8.290486 10.68739
v -13.40056 -8.217162 10.7038
v -13.65136 -8.426434 10.23753
v -13.65918 -8.403601 10.1964
v -13.63385 -8.452334 10.29483
v -13.60582 -8.473092 10.35798
v -13.66037 -7.91828 10.2531
v -13.65244 -7.905514 10.29863
v -13.63491 -7.893562 10.36051
v -13.60678 -7.887978 10.42696
v -13.56869 -7.890835 10.49184
v -13.42344 -7.944982 10.63511
v -13.39063 -8.008729 10.67651
v -13.38581 -7.9656 10.65652
v -13.39576 -8.071062 10.69592
v -13.39933 -8.142656 10.7061
v -13.47264 -7.92153 10.59894
v -13.52279 -7.902452 10.55036
v -13.65918 -8.403601 10.1964
v -13.68401 -8.362889 10.19634
v -13.6357 -8.417001 10.15712
v -13.59712 -8.430203 10.10615
v -13.54683 -8.437548 10.05495
v -13.48754 -8.436892 10.00897
v -13.71047 -8.303246 10.19819
v -13.72888 -8.233643 10.20277
v -13.73663 -8.15924 10.20999
v -13.29792 -8.390402 9.930355
v -13.25441 -8.371727 9.92467
v -13.35785 -8.411363 9.945527
v -13.42299 -8.427796 9.971818
v -13.48754 -8.436892 10.00897
v -13.51599 -8.370998 9.974325
v -13.53794 -8.295942 9.950427
v -13.55205 -8.213593 9.939075
v -13.55764 -8.127667 9.940824
v -13.25418 -7.886294 9.980414
v -13.29792 -7.869358 9.990388
v -13.35798 -7.85245 10.01002
v -13.42333 -7.84253 10.03951
v -13.4881 -7.842279 10.07788
v -13.6367 -7.896035 10.21782
v -13.68525 -7.957949 10.2436
v -13.66037 -7.91828 10.2531
v -13.71179 -8.016593 10.23155
v -13.73024 -8.085622 10.21987
v -13.59805 -7.871355 10.17118
v -13.54758 -7.852315 10.12292
v -13.4881 -7.842279 10.07788
v -13.51664 -7.898527 10.02876
v -13.53855 -7.9662 9.988193
v -13.55272 -8.043972 9.957962
v -13.25441 -8.371727 9.92467
v -13.24961 -8.328682 9.904715
v -13.21696 -8.392226 9.945905
v -13.16788 -8.415642 9.98201
v -13.11788 -8.434669 10.03041
v -13.07213 -8.446249 10.08874
v -13.2445 -8.266552 9.88537
v -13.24094 -8.195219 9.875201
v -13.23941 -8.120813 9.875955
v -12.98864 -8.431577 10.28138
v -12.95599 -8.379289 10.33616
v -12.98082 -8.418881 10.32668
v -12.92953 -8.320837 10.34817
v -12.91112 -8.252064 10.35982
v -12.9032 -8.178759 10.36996
v -13.00615 -8.443516 10.21965
v -13.03418 -8.449096 10.15341
v -12.97963 -7.933614 10.38383
v -12.95475 -7.974405 10.38389
v -12.98756 -7.910658 10.34249
v -13.00509 -7.884712 10.28506
v -13.03322 -7.863902 10.2217
v -13.07131 -7.851668 10.15792
v -12.92821 -8.034245 10.38204
v -12.90976 -8.104105 10.37744
v -13.21656 -7.871191 10.00601
v -13.24937 -7.923625 9.950981
v -13.25418 -7.886294 9.980414
v -13.24424 -7.979775 9.917673
v -13.24067 -8.047071 9.891206
v -13.16736 -7.856744 10.04662
v -13.11721 -7.849426 10.0983
f 4817 5026 4818
f 4814 4817 4818
f 4813 4817 4814
f 4813 4816 4817
f 4816 4748 4817
f 4817 4748 4749
f 4818 4749 4648
f 4845 4749 4748
f 4814 4818 4815
f 4815 4818 4740
f 4818 5027 4740
f 4810 4813 4814
f 4811 4814 4815
f 4810 4814 4811
f 4688 4816 4813
f 4687 4688 4813
f 4687 4813 4810
f 4640 4687 4810
f 4640 4810 4666
f 4666 4810 4811
f 4688 4689 4816
f 4666 4811 4667
f 4689 4747 4816
f 4689 4657 4747
f 4816 4747 4748
f 4667 4811 4812
f 4811 4815 4812
f 4667 4812 4668
f 4839 4747 4657
f 4839 4657 4686
f 4842 4748 4747
f 4842 4747 4839
f 4845 4748 4842
f 4812 4815 4739
f 4815 4740 4739
f 4668 4812 4738
f 4812 4739 4738
f 4668 4738 4654
f 4838 4839 4686
f 4838 4686 4685
f 4841 4842 4839
f 4841 4839 4838
f 4654 4738 4825
f 4654 4825 4671
f 4738 4739 4826
f 4738 4826 4825
f 4739 4740 4827
f 4739 4827 4826
f 4837 4838 4685
f 4837 4685 4684
f 4671 4825 4822
f 4671 4822 4670
f 4740 4743 4827
f 4740 5028 4743
f 4827 4743 4742
f 4827 4742 4824
f 4826 4827 4824
f 4824 4742 4741
f 4825 4826 4823
f 4826 4824 4823
f 4825 4823 4822
f 4824 4741 4821
f 4823 4824 4821
f 4821 4741 4655
f 4821 4655 4674
f 4823 4821 4820
f 4820 4821 4674
f 4822 4823 4820
f 4820 4674 4673
f 4822 4820 4819
f 4819 4820 4673
f 4670 4822 4819
f 4819 4673 4672
f 4670 4819 4669
f 4669 4819 4672
f 4669 4672 4642
f 4746 5035 4749
f 4836 5034 4746
f 4833 4836 4746
f 4833 4746 4745
f 4745 4746 4845
f 4746 5036 4845
f 4745 4845 4844
f 4844 4845 4842
f 4844 4842 4841
f 4744 4745 4844
f 4843 4844 4841
f 4744 4844 4843
f 4830 4833 4745
f 4830 4745 4744
f 4843 4841 4840
f 4840 4841 4838
f 4840 4838 4837
f 4656 4744 4843
f 4680 4744 4656
f 4680 4830 4744
f 4656 4843 4683
f 4683 4843 4840
f 4683 4840 4682
f 4682 4840 4837
f 4682 4837 4681
f 4681 4837 4684
f 4681 4684 4641
f 4679 4830 4680
f 4679 4829 4830
f 4678 4829 4679
f 4829 4833 4830
f 4678 4828 4829
f 4643 4828 4678
f 4643 4675 4828
f 4829 4832 4833
f 4828 4832 4829
f 4832 4836 4833
f 4675 4831 4828
f 4828 4831 4832
f 4675 4676 4831
f 4832 4835 4836
f 4831 4835 4832
f 4676 4834 4831
f 4831 4834 4835
f 4676 4677 4834
f 4835 5032 4836
f 4836 5032 5033
f 4835 5031 5032
f 4834 5031 4835
f 4834 5030 5031
f 4677 5030 4834
f 4677 5029 5030
f 4854 4761 4649
f 4853 4761 4854
f 4850 4853 4854
f 4850 4854 4851
f 4851 4854 4752
f 4854 5037 4752
f 4853 4760 4761
f 4849 4853 4850
f 4852 4760 4853
f 4849 4852 4853
f 4847 4850 4851
f 4846 4849 4850
f 4846 4850 4847
f 4712 4852 4849
f 4711 4712 4849
f 4711 4849 4846
f 4644 4711 4846
f 4644 4846 4690
f 4690 4846 4847
f 4712 4713 4852
f 4690 4847 4691
f 4713 4759 4852
f 4852 4759 4760
f 4713 4661 4759
f 4691 4847 4848
f 4847 4851 4848
f 4691 4848 4692
f 4875 4759 4661
f 4875 4661 4710
f 4878 4760 4759
f 4878 4759 4875
f 4848 4851 4751
f 4851 4752 4751
f 4692 4848 4750
f 4848 4751 4750
f 4692 4750 4658
f 4874 4875 4710
f 4874 4710 4709
f 4658 4750 4861
f 4658 4861 4695
f 4750 4751 4862
f 4750 4862 4861
f 4751 4752 4863
f 4751 4863 4862
f 4695 4861 4858
f 4695 4858 4694
f 4861 4862 4859
f 4861 4859 4858
f 4694 4858 4855
f 4694 4855 4693
f 4693 4855 4696
f 4693 4696 4645
f 4855 4697 4696
f 4858 4856 4855
f 4855 4856 4697
f 4858 4859 4856
f 4856 4698 4697
f 4856 4857 4698
f 4859 4857 4856
f 4857 4659 4698
f 4862 4860 4859
f 4859 4860 4857
f 4862 4863 4860
f 4857 4753 4659
f 4860 4753 4857
f 4701 4659 4753
f 4863 4754 4860
f 4860 4754 4753
f 4701 4753 4870
f 4870 4753 4754
f 4700 4701 4870
f 4863 4755 4754
f 4752 4755 4863
f 4752 5038 4755
f 4700 4870 4867
f 4699 4700 4867
f 4870 4754 4871
f 4871 4754 4755
f 4867 4870 4871
f 4699 4867 4864
f 4647 4699 4864
f 4647 4864 4702
f 4871 4755 4872
f 4872 4755 5039
f 4867 4871 4868
f 4864 4867 4868
f 4868 4871 4872
f 4702 4864 4865
f 4864 4868 4865
f 4702 4865 4703
f 4868 4872 4869
f 4865 4868 4869
f 4703 4865 4866
f 4865 4869 4866
f 4703 4866 4704
f 4869 4872 4758
f 4872 5040 4758
f 4869 4758 4757
f 4866 4869 4757
f 4866 4757 4756
f 4704 4866 4756
f 4704 4756 4660
f 4705 4708 4646
f 4705 4873 4708
f 4873 4709 4708
f 4706 4873 4705
f 4873 4874 4709
f 4706 4876 4873
f 4876 4874 4873
f 4707 4876 4706
f 4876 4877 4874
f 4877 4875 4874
f 4877 4878 4875
f 4707 4879 4876
f 4879 4877 4876
f 5041 4879 4707
f 5041 5042 4879
f 4879 4880 4877
f 5042 4880 4879
f 4880 4878 4877
f 5042 5043 4880
f 4880 4881 4878
f 5043 4881 4880
f 4881 4760 4878
f 5043 5044 4881
f 4881 4761 4760
f 5044 4761 4881
f 5044 5045 4761
f 5051 4714 5052
f 5051 4891 4714
f 5053 4891 5051
f 4891 4715 4714
f 5053 4894 4891
f 5054 4894 5053
f 4891 4892 4715
f 4894 4892 4891
f 4892 4716 4715
f 5054 4897 4894
f 5050 4897 5054
f 4892 4893 4716
f 4893 4662 4716
f 4894 4895 4892
f 4897 4895 4894
f 4895 4893 4892
f 5050 4762 4897
f 5049 4762 5050
f 4893 4765 4662
f 4719 4662 4765
f 4895 4896 4893
f 4896 4765 4893
f 4897 4898 4895
f 4762 4898 4897
f 4898 4896 4895
f 5049 4884 4762
f 5048 4884 5049
f 4719 4765 4906
f 4718 4719 4906
f 4762 4763 4898
f 4884 4763 4762
f 4896 4766 4765
f 4906 4765 4766
f 4898 4899 4896
f 4763 4899 4898
f 4899 4766 4896
f 5048 4883 4884
f 5047 4883 5048
f 4718 4906 4903
f 4717 4718 4903
f 4884 4887 4763
f 4883 4887 4884
f 4763 4764 4899
f 4887 4764 4763
f 4899 4767 4766
f 4764 4767 4899
f 4906 4766 4907
f 4903 4906 4907
f 4907 4766 4767
f 5047 4882 4883
f 5046 4882 5047
f 5046 4723 4882
f 4883 4886 4887
f 4882 4886 4883
f 4723 4885 4882
f 4882 4885 4886
f 4723 4724 4885
f 4887 4890 4764
f 4886 4890 4887
f 4764 4650 4767
f 4890 4650 4764
f 4907 4767 4908
f 4908 4767 4650
f 4724 4888 4885
f 4724 4725 4888
f 4885 4889 4886
f 4886 4889 4890
f 4885 4888 4889
f 4890 4773 4650
f 4889 4773 4890
f 4725 4771 4888
f 4725 4663 4771
f 4888 4772 4889
f 4889 4772 4773
f 4888 4771 4772
f 4770 4650 4773
f 4908 4650 4770
f 4904 4907 4908
f 4903 4907 4904
f 4911 4771 4663
f 4911 4663 4722
f 4914 4772 4771
f 4914 4771 4911
f 4917 4773 4772
f 4770 4773 4917
f 4917 4772 4914
f 4905 4908 4770
f 4904 4908 4905
f 4900 4903 4904
f 4717 4903 4900
f 5055 4717 4900
f 5055 4900 5056
f 4900 4904 4901
f 5056 4900 4901
f 4901 4904 4905
f 5056 4901 5057
f 5057 4901 4902
f 4901 4905 4902
f 5057 4902 5058
f 4905 4770 4769
f 4902 4905 4769
f 4769 4770 4917
f 5058 4902 4768
f 4902 4769 4768
f 5058 4768 5059
f 4769 4917 4916
f 4768 4769 4916
f 4916 4917 4914
f 5059 4768 4915
f 4768 4916 4915
f 5059 4915 5063
f 4916 4914 4913
f 4915 4916 4913
f 4913 4914 4911
f 5063 4915 4912
f 4915 4913 4912
f 5063 4912 5062
f 4913 4911 4910
f 4912 4913 4910
f 4910 4911 4722
f 4910 4722 4721
f 5062 4912 4909
f 4912 4910 4909
f 4909 4910 4721
f 5062 4909 5060
f 4909 4721 4720
f 5060 4909 4720
f 5060 4720 5061
f 5073 4726 5074
f 5073 4927 4726
f 5075 4927 5073
f 4927 4727 4726
f 5075 4930 4927
f 5076 4930 5075
f 4927 4928 4727
f 4930 4928 4927
f 4928 4728 4727
f 5076 4933 4930
f 5069 4933 5076
f 4928 4929 4728
f 4929 4664 4728
f 4930 4931 4928
f 4933 4931 4930
f 4931 4929 4928
f 5069 4774 4933
f 5068 4774 5069
f 4929 4777 4664
f 4731 4664 4777
f 4931 4932 4929
f 4932 4777 4929
f 4933 4934 4931
f 4774 4934 4933
f 4934 4932 4931
f 5068 4920 4774
f 5067 4920 5068
f 4731 4777 4942
f 4730 4731 4942
f 4774 4775 4934
f 4920 4775 4774
f 4932 4778 4777
f 4942 4777 4778
f 4934 4935 4932
f 4775 4935 4934
f 4935 4778 4932
f 5067 4919 4920
f 5066 4919 5067
f 4730 4942 4939
f 4729 4730 4939
f 4920 4923 4775
f 4919 4923 4920
f 4775 4776 4935
f 4923 4776 4775
f 4935 4779 4778
f 4776 4779 4935
f 4942 4778 4943
f 4939 4942 4943
f 4943 4778 4779
f 5066 4918 4919
f 5064 4918 5066
f 5064 5065 4918
f 4919 4922 4923
f 4918 4922 4919
f 5065 4921 4918
f 4918 4921 4922
f 5065 5070 4921
f 4923 4926 4776
f 4922 4926 4923
f 4776 4651 4779
f 4926 4651 4776
f 4943 4779 4944
f 4944 4779 4651
f 5070 4924 4921
f 5070 5071 4924
f 4921 4925 4922
f 4922 4925 4926
f 4921 4924 4925
f 4926 4785 4651
f 4925 4785 4926
f 5071 4783 4924
f 5071 5072 4783
f 4924 4784 4925
f 4925 4784 4785
f 4924 4783 4784
f 4782 4651 4785
f 4944 4651 4782
f 4940 4943 4944
f 4939 4943 4940
f 4947 4783 5072
f 4947 5072 5086
f 4950 4784 4783
f 4950 4783 4947
f 4953 4785 4784
f 4782 4785 4953
f 4953 4784 4950
f 4941 4944 4782
f 4940 4944 4941
f 4936 4939 4940
f 4729 4939 4936
f 5077 4729 4936
f 5077 4936 5078
f 4936 4940 4937
f 5078 4936 4937
f 4937 4940 4941
f 5078 4937 5079
f 5079 4937 4938
f 4937 4941 4938
f 5079 4938 5080
f 4941 4782 4781
f 4938 4941 4781
f 4781 4782 4953
f 5080 4938 4780
f 4938 4781 4780
f 5080 4780 5081
f 4781 4953 4952
f 4780 4781 4952
f 4952 4953 4950
f 5081 4780 4951
f 4780 4952 4951
f 5081 4951 5088
f 4952 4950 4949
f 4951 4952 4949
f 4949 4950 4947
f 5088 4951 4948
f 4951 4949 4948
f 5088 4948 5087
f 4949 4947 4946
f 4948 4949 4946
f 4946 4947 5086
f 4946 5086 5085
f 5087 4948 4945
f 4948 4946 4945
f 4945 4946 5085
f 5087 4945 5082
f 4945 5085 5083
f 5082 4945 5083
f 5082 5083 5084
f 5093 4786 5094
f 5093 4956 4786
f 5092 4956 5093
f 4956 4787 4786
f 5092 4955 4956
f 5091 4955 5092
f 4956 4959 4787
f 4955 4959 4956
f 4959 4788 4787
f 5091 4954 4955
f 5089 4954 5091
f 5089 5090 4954
f 4955 4958 4959
f 4954 4958 4955
f 4959 4962 4788
f 4958 4962 4959
f 4962 4652 4788
f 5090 4957 4954
f 4954 4957 4958
f 5090 5095 4957
f 4958 4961 4962
f 4957 4961 4958
f 4962 4797 4652
f 4961 4797 4962
f 5122 4652 4797
f 5095 4960 4957
f 4957 4960 4961
f 5095 5096 4960
f 5122 4797 4989
f 5121 5122 4989
f 4961 4796 4797
f 4960 4796 4961
f 4989 4797 4796
f 5096 4795 4960
f 4960 4795 4796
f 5096 5097 4795
f 5121 4989 4988
f 5120 5121 4988
f 4989 4796 4986
f 4986 4796 4795
f 4988 4989 4986
f 4983 4795 5097
f 4986 4795 4983
f 4983 5097 5116
f 5120 4988 4987
f 5119 5120 4987
f 5119 4987 5118
f 4988 4986 4985
f 4985 4986 4983
f 4987 4988 4985
f 4982 4983 5116
f 4985 4983 4982
f 4982 5116 5115
f 5118 4987 4984
f 4987 4985 4984
f 4984 4985 4982
f 5118 4984 5117
f 4981 4982 5115
f 4984 4982 4981
f 5117 4984 4981
f 4981 5115 5113
f 5117 4981 5112
f 5112 4981 5113
f 5112 5113 5114
f 5098 4732 5099
f 5098 4963 4732
f 5100 4963 5098
f 4963 4733 4732
f 5100 4966 4963
f 5101 4966 5100
f 4963 4964 4733
f 4966 4964 4963
f 4964 4734 4733
f 5101 4969 4966
f 5102 4969 5101
f 5102 5103 4969
f 4964 4965 4734
f 4965 4665 4734
f 4966 4967 4964
f 4969 4967 4966
f 4967 4965 4964
f 5103 4970 4969
f 4969 4970 4967
f 5103 5104 4970
f 4965 4789 4665
f 4737 4665 4789
f 4967 4968 4965
f 4970 4968 4967
f 4968 4789 4965
f 5104 4971 4970
f 4970 4971 4968
f 5104 5105 4971
f 4737 4789 4978
f 4736 4737 4978
f 4968 4790 4789
f 4971 4790 4968
f 4978 4789 4790
f 5105 4791 4971
f 4971 4791 4790
f 5105 5106 4791
f 4736 4978 4975
f 4735 4736 4975
f 4978 4790 4979
f 4979 4790 4791
f 4975 4978 4979
f 4980 4791 5106
f 4979 4791 4980
f 4980 5106 4794
f 4735 4975 4972
f 5107 4735 4972
f 5107 4972 5108
f 4975 4979 4976
f 4976 4979 4980
f 4972 4975 4976
f 4977 4980 4794
f 4976 4980 4977
f 4977 4794 4793
f 5108 4972 4973
f 4972 4976 4973
f 4973 4976 4977
f 5108 4973 5109
f 4974 4977 4793
f 4973 4977 4974
f 5109 4973 4974
f 4974 4793 4792
f 5109 4974 5110
f 5110 4974 4792
f 5110 4792 5111
f 5132 5133 5134
f 5132 4999 5133
f 5138 4999 5132
f 4999 5135 5133
f 5138 5002 4999
f 5139 5002 5138
f 4999 5000 5135
f 5002 5000 4999
f 5000 5136 5135
f 5139 5005 5002
f 5128 5005 5139
f 5000 5001 5136
f 5001 5137 5136
f 5002 5003 5000
f 5005 5003 5002
f 5003 5001 5000
f 5128 4798 5005
f 5127 4798 5128
f 5001 4801 5137
f 5147 5137 4801
f 5003 5004 5001
f 5004 4801 5001
f 5005 5006 5003
f 4798 5006 5005
f 5006 5004 5003
f 5127 4992 4798
f 5126 4992 5127
f 5147 4801 5014
f 5146 5147 5014
f 4798 4799 5006
f 4992 4799 4798
f 5004 4802 4801
f 5014 4801 4802
f 5006 5007 5004
f 4799 5007 5006
f 5007 4802 5004
f 5126 4991 4992
f 5125 4991 5126
f 5146 5014 5011
f 5141 5146 5011
f 4992 4995 4799
f 4991 4995 4992
f 4799 4800 5007
f 4995 4800 4799
f 5007 4803 4802
f 4800 4803 5007
f 5014 4802 5015
f 5011 5014 5015
f 5015 4802 4803
f 5125 4990 4991
f 5123 4990 5125
f 5123 5124 4990
f 4991 4994 4995
f 4990 4994 4991
f 5124 4993 4990
f 4990 4993 4994
f 5124 5129 4993
f 4995 4998 4800
f 4994 4998 4995
f 4800 4653 4803
f 4998 4653 4800
f 5015 4803 5016
f 5016 4803 4653
f 5129 4996 4993
f 5129 5130 4996
f 4993 4997 4994
f 4994 4997 4998
f 4993 4996 4997
f 4998 4809 4653
f 4997 4809 4998
f 5130 4807 4996
f 5130 5131 4807
f 4996 4808 4997
f 4997 4808 4809
f 4996 4807 4808
f 4806 4653 4809
f 5016 4653 4806
f 5012 5015 5016
f 5011 5015 5012
f 5019 4807 5131
f 5019 5131 5152
f 5022 4808 4807
f 5022 4807 5019
f 5025 4809 4808
f 4806 4809 5025
f 5025 4808 5022
f 5013 5016 4806
f 5012 5016 5013
f 5008 5011 5012
f 5141 5011 5008
f 5140 5141 5008
f 5140 5008 5142
f 5008 5012 5009
f 5142 5008 5009
f 5009 5012 5013
f 5142 5009 5143
f 5143 5009 5010
f 5009 5013 5010
f 5143 5010 5144
f 5013 4806 4805
f 5010 5013 4805
f 4805 4806 5025
f 5144 5010 4804
f 5010 4805 4804
f 5144 4804 5145
f 4805 5025 5024
f 4804 4805 5024
f 5024 5025 5022
f 5145 4804 5023
f 4804 5024 5023
f 5145 5023 5154
f 5024 5022 5021
f 5023 5024 5021
f 5021 5022 5019
f 5154 5023 5020
f 5023 5021 5020
f 5154 5020 5153
f 5021 5019 5018
f 5020 5021 5018
f 5018 5019 5152
f 5018 5152 5151
f 5153 5020 5017
f 5020 5018 5017
f 5017 5018 5151
f 5153 5017 5148
f 5017 5151 5149
f 5148 5017 5149
f 5148 5149 5150
v -12.5177 -8.580929 10.5277
v -12.5177 -8.580929 11.3523
v -13.3423 -8.580929 10.5277
v -13.3423 -8.580929 11.3523
v -12.51625 -7.756216 10.52625
v -12.51625 -7.756216 11.35375
v -13.34375 -7.756216 10.52625
v -13.34375 -7.756216 11.35375
v -12.93 -8.88486 10.94
v -12.93 -7.45239 10.94
v -12.21376 -8.168625 10.94
v -12.93 -8.168625 11.65624
v -13.64623 -8.168625 10.94
v -12.93 -8.168625 10.22377
v -12.93 -8.673592 10.43503
v -13.43497 -8.673592 10.94
v -12.93 -8.673592 11.44497
v -12.42503 -8.673592 10.94
v -12.42335 -7.663266 10.94
v -12.93 -7.663266 11.44665
v -13.43665 -7.663266 10.94
v -12.93 -7.663266 10.43335
v -12.42355 -8.168625 11.44645
v -12.42335 -8.16989 10.43335
v -13.43645 -8.168625 11.44645
v -13.43665 -8.16989 10.43335
v -12.58593 -8.611117 10.49751
v -12.68628 -8.64327 10.46535
v -12.80386 -8.665649 10.44298
v -13.27407 -8.611117 10.49751
v -13.17372 -8.64327 10.46535
v -13.05614 -8.665649 10.44298
v -13.37249 -8.611117 10.59593
v -13.40464 -8.64327 10.69628
v -13.42702 -8.665649 10.81386
v -13.37249 -8.611117 11.28407
v -13.40464 -8.64327 11.18372
v -13.42702 -8.665649 11.06614
v -13.27407 -8.611117 11.38249
v -13.17372 -8.64327 11.41465
v -13.05614 -8.665649 11.43703
v -12.58593 -8.611117 11.38249
v -12.68628 -8.64327 11.41465
v -12.80386 -8.665649 11.43703
v -12.48751 -8.611117 11.28407
v -12.45535 -8.64327 11.18372
v -12.43297 -8.665649 11.06614
v -12.48751 -8.611117 10.59593
v -12.45535 -8.64327 10.69628
v -12.43297 -8.665649 10.81386
v -12.486 -7.725863 10.59491
v -12.45374 -7.693661 10.69546
v -12.43132 -7.671233 10.81344
v -12.486 -7.725863 11.28509
v -12.45374 -7.693661 11.18454
v -12.43132 -7.671233 11.06657
v -12.58491 -7.725863 11.384
v -12.68546 -7.693661 11.41626
v -12.80343 -7.671233 11.43868
v -13.27509 -7.725863 11.384
v -13.17454 -7.693661 11.41626
v -13.05656 -7.671233 11.43868
v -13.374 -7.725863 11.28509
v -13.40626 -7.693661 11.18454
v -13.42868 -7.671233 11.06657
v -13.374 -7.725863 10.59491
v -13.40626 -7.693661 10.69546
v -13.42868 -7.671233 10.81344
v -13.27509 -7.725863 10.496
v -13.17454 -7.693661 10.46374
v -13.05656 -7.671233 10.44132
v -12.58491 -7.725863 10.496
v -12.68546 -7.693661 10.46374
v -12.80343 -7.671233 10.44132
v -12.48751 -8.512694 11.38249
v -12.45535 -8.412348 11.41465
v -12.43297 -8.294768 11.43703
v -12.486 -7.824584 11.384
v -12.45374 -7.925259 11.41626
v -12.43132 -8.043274 11.43868
v -12.486 -7.824584 10.496
v -12.45374 -7.925259 10.46374
v -12.43132 -8.043274 10.44132
v -12.48751 -8.512694 10.49751
v -12.45535 -8.412348 10.46535
v -12.43297 -8.294768 10.44298
v -13.37249 -8.512694 11.38249
v -13.40464 -8.412348 11.41465
v -13.42702 -8.294768 11.43703
v -13.374 -7.824584 11.384
v -13.40626 -7.925259 11.41626
v -13.42868 -8.043274 11.43868
v -13.37249 -8.512694 10.49751
v -13.40464 -8.412348 10.46535
v -13.42702 -8.294768 10.44298
v -13.374 -7.824584 10.496
v -13.40626 -7.925259 10.46374
v -13.42868 -8.043274 10.44132
v -12.93 -8.759323 10.53868
v -12.93 -8.825491 10.6598
v -12.93 -8.868004 10.79562
v -13.33132 -8.759323 10.94
v -13.2102 -8.825491 10.94
v -13.07439 -8.868004 10.94
v -12.93 -8.759323 11.34132
v -12.93 -8.825491 11.2202
v -12.93 -8.868004 11.08439
v -12.52868 -8.759323 10.94
v -12.6498 -8.825491 10.94
v -12.78561 -8.868004 10.94
v -12.52726 -7.577213 10.94
v -12.64884 -7.510975 10.94
v -12.78512 -7.468351 10.94
v -12.93 -7.577213 11.34274
v -12.93 -7.510975 11.22116
v -12.93 -7.468351 11.08488
v -13.33274 -7.577213 10.94
v -13.21116 -7.510975 10.94
v -13.07487 -7.468351 10.94
v -12.93 -7.577213 10.53726
v -12.93 -7.510975 10.65884
v -12.93 -7.468351 10.79513
v -12.3393 -8.569944 10.94
v -12.27313 -8.448824 10.94
v -12.23062 -8.313011 10.94
v -12.33447 -8.168625 11.33792
v -12.26829 -8.168625 11.21409
v -12.22753 -8.168625 11.07973
v -12.33732 -7.767215 10.94
v -12.27129 -7.888636 10.94
v -12.22858 -8.024953 10.94
v -12.33732 -8.16989 10.53726
v -12.27129 -8.16989 10.65884
v -12.22858 -8.16989 10.79513
v -12.93 -8.569944 11.5307
v -12.93 -8.448824 11.59687
v -12.93 -8.313011 11.63938
v -13.32792 -8.168625 11.53553
v -13.20409 -8.168625 11.60171
v -13.06973 -8.168625 11.64247
v -12.93 -7.767215 11.53268
v -12.93 -7.888636 11.59871
v -12.93 -8.024952 11.64142
v -12.53208 -8.168625 11.53553
v -12.65591 -8.168625 11.60171
v -12.79027 -8.168625 11.64247
v -13.5207 -8.569944 10.94
v -13.58687 -8.448824 10.94
v -13.62938 -8.31301 10.94
v -13.52268 -8.16989 10.53726
v -13.58871 -8.16989 10.65884
v -13.63142 -8.16989 10.79513
v -13.52268 -7.767215 10.94
v -13.58871 -7.888636 10.94
v -13.63142 -8.024952 10.94
v -13.52553 -8.168625 11.33792
v -13.59171 -8.168625 11.21409
v -13.63247 -8.168625 11.07973
v -12.93 -8.569944 10.3493
v -12.93 -8.448824 10.28313
v -12.93 -8.313011 10.24062
v -12.52726 -8.16989 10.34732
v -12.64884 -8.16989 10.28129
v -12.78512 -8.16989 10.23858
v -12.93 -7.767215 10.34732
v -12.93 -7.888636 10.28129
v -12.93 -8.024952 10.23858
v -13.33274 -8.16989 10.34732
v -13.21116 -8.16989 10.28129
v -13.07487 -8.16989 10.23858
v -12.57403 -8.675127 10.58403
v -12.67949 -8.720466 10.56225
v -12.80077 -8.749608 10.54536
v -12.55224 -8.720466 10.68949
v -12.66651 -8.777823 10.67651
v -12.79462 -8.813615 10.66497
v -12.53536 -8.749608 10.81077
v -12.65497 -8.813615 10.80462
v -12.78854 -8.854161 10.79854
v -13.28597 -8.675127 10.58403
v -13.30775 -8.720466 10.68949
v -13.32464 -8.749608 10.81077
v -13.18051 -8.720466 10.56225
v -13.19349 -8.777823 10.67651
v -13.20503 -8.813615 10.80462
v -13.05923 -8.749608 10.54536
v -13.06538 -8.813615 10.66497
v -13.07146 -8.854161 10.79854
v -13.28597 -8.675127 11.29597
v -13.18051 -8.720466 11.31776
v -13.05923 -8.749608 11.33464
v -13.30775 -8.720466 11.19051
v -13.19349 -8.777823 11.20349
v -13.06538 -8.813615 11.21503
v -13.32464 -8.749608 11.06923
v -13.20503 -8.813615 11.07538
v -13.07146 -8.854161 11.08146
v -12.57403 -8.675127 11.29597
v -12.55224 -8.720466 11.19051
v -12.53536 -8.749608 11.06923
v -12.67949 -8.720466 11.31776
v -12.66651 -8.777823 11.20349
v -12.65497 -8.813615 11.07538
v -12.80077 -8.749608 11.33464
v -12.79462 -8.813615 11.21503
v -12.78854 -8.854161 11.08146
v -12.57298 -7.661731 10.58298
v -12.55091 -7.616211 10.68866
v -12.53396 -7.586928 10.81033
v -12.67866 -7.616211 10.56091
v -12.66561 -7.558706 10.67561
v -12.65405 -7.522852 10.80417
v -12.80033 -7.586928 10.54396
v -12.79417 -7.522852 10.66406
v -12.78806 -7.482186 10.79806
v -12.57298 -7.661731 11.29702
v -12.67866 -7.616211 11.31909
v -12.80033 -7.586928 11.33604
v -12.55091 -7.616211 11.19134
v -12.66561 -7.558706 11.20439
v -12.79417 -7.522852 11.21595
v -12.53396 -7.586928 11.06967
v -12.65405 -7.522852 11.07583
v -12.78806 -7.482186 11.08194
v -13.28702 -7.661731 11.29702
v -13.30909 -7.616211 11.19134
v -13.32604 -7.586928 11.06967
v -13.18134 -7.616211 11.31909
v -13.19439 -7.558706 11.20439
v -13.20594 -7.522852 11.07583
v -13.05967 -7.586928 11.33604
v -13.06583 -7.522852 11.21595
v -13.07194 -7.482186 11.08194
v -13.28702 -7.661731 10.58298
v -13.18134 -7.616211 10.56091
v -13.05966 -7.586928 10.54396
v -13.30909 -7.616211 10.68866
v -13.19439 -7.558706 10.67561
v -13.06583 -7.522852 10.66406
v -13.32604 -7.586928 10.81033
v -13.20594 -7.522852 10.80417
v -13.07194 -7.482186 10.79806
v -12.4235 -8.524599 10.58403
v -12.37816 -8.54638 10.68949
v -12.34902 -8.563264 10.81077
v -12.37816 -8.419134 10.56225
v -12.3208 -8.432117 10.67651
v -12.28501 -8.443659 10.80462
v -12.34902 -8.297852 10.54536
v -12.28501 -8.304004 10.66497
v -12.24446 -8.310085 10.79854
v -12.4235 -8.524599 11.29597
v -12.37816 -8.419134 11.31776
v -12.34902 -8.297852 11.33464
v -12.37816 -8.54638 11.19051
v -12.3208 -8.432117 11.20349
v -12.28501 -8.304004 11.21503
v -12.34902 -8.563264 11.06923
v -12.28501 -8.443659 11.07538
v -12.24446 -8.310085 11.08146
v -12.42183 -7.812651 11.29702
v -12.37634 -7.790814 11.19134
v -12.34703 -7.773905 11.06967
v -12.37634 -7.918441 11.31909
v -12.31905 -7.905419 11.20439
v -12.28316 -7.893817 11.07583
v -12.34703 -8.040165 11.33604
v -12.28316 -8.033998 11.21595
v -12.24248 -8.027902 11.08194
v -12.42183 -7.812651 10.58298
v -12.37634 -7.918441 10.56091
v -12.34703 -8.040165 10.54396
v -12.37634 -7.790814 10.68866
v -12.31905 -7.905419 10.67561
v -12.28316 -8.033998 10.66406
v -12.34703 -7.773905 10.81034
v -12.28316 -7.893817 10.80417
v -12.24248 -8.027902 10.79806
v -12.57403 -8.524599 11.4465
v -12.67949 -8.54638 11.49184
v -12.80077 -8.563264 11.52098
v -12.55224 -8.419134 11.49184
v -12.66651 -8.432117 11.5492
v -12.79462 -8.443659 11.58499
v -12.53536 -8.297852 11.52098
v -12.65497 -8.304004 11.58499
v -12.78854 -8.310085 11.62554
v -13.28597 -8.524599 11.4465
v -13.30775 -8.419132 11.49184
v -13.32464 -8.297852 11.52098
v -13.18051 -8.54638 11.49184
v -13.19349 -8.432117 11.5492
v -13.20503 -8.304004 11.58499
v -13.05923 -8.563264 11.52098
v -13.06538 -8.443659 11.58499
v -13.07146 -8.310085 11.62554
v -13.28702 -7.812651 11.44817
v -13.18134 -7.790814 11.49366
v -13.05967 -7.773905 11.52297
v -13.30909 -7.918439 11.49366
v -13.19439 -7.905419 11.55095
v -13.06583 -7.893817 11.58684
v -13.32604 -8.040165 11.52297
v -13.20594 -8.033998 11.58684
v -13.07194 -8.027902 11.62752
v -12.57298 -7.812651 11.44817
v -12.55091 -7.918439 11.49366
v -12.53396 -8.040165 11.52297
v -12.67866 -7.790814 11.49366
v -12.66561 -7.905419 11.55095
v -12.65405 -8.033998 11.58684
v -12.80033 -7.773905 11.52297
v -12.79417 -7.893817 11.58684
v -12.78806 -8.027902 11.62752
v -13.4365 -8.524599 11.29597
v -13.48184 -8.54638 11.19051
v -13.51098 -8.563264 11.06923
v -13.48184 -8.419132 11.31776
v -13.5392 -8.432117 11.20349
v -13.57499 -8.443659 11.07538
v -13.51098 -8.297852 11.33464
v -13.57499 -8.304004 11.21503
v -13.61554 -8.310085 11.08146
v -13.4365 -8.524599 10.58403
v -13.48184 -8.419132 10.56225
v -13.51098 -8.297852 10.54536
v -13.48184 -8.54638 10.68949
v -13.5392 -8.432117 10.67651
v -13.57499 -8.304004 10.66497
v -13.51098 -8.563264 10.81077
v -13.57499 -8.443659 10.80462
v -13.61554 -8.310085 10.79854
v -13.43817 -7.812651 10.58298
v -13.48366 -7.790814 10.68866
v -13.51297 -7.773905 10.81033
v -13.48366 -7.918439 10.56091
v -13.54095 -7.905419 10.67561
v -13.57684 -7.893817 10.80417
v -13.51297 -8.040165 10.54396
v -13.57684 -8.033998 10.66406
v -13.61752 -8.027902 10.79806
v -13.43817 -7.812651 11.29702
v -13.48366 -7.918439 11.31909
v -13.51297 -8.040165 11.33604
v -13.48366 -7.790814 11.19134
v -13.54095 -7.905419 11.20439
v -13.57684 -8.033998 11.21595
v -13.51297 -7.773905 11.06967
v -13.57684 -7.893817 11.07583
v -13.61752 -8.027902 11.08194
v -13.28597 -8.524599 10.4335
v -13.18051 -8.54638 10.38816
v -13.05923 -8.563264 10.35902
v -13.30775 -8.419132 10.38816
v -13.19349 -8.432117 10.3308
v -13.06538 -8.443659 10.29501
v -13.32464 -8.297852 10.35902
v -13.20503 -8.304004 10.29501
v -13.07146 -8.310085 10.25446
v -12.57403 -8.524599 10.4335
v -12.55224 -8.419134 10.38816
v -12.53536 -8.297852 10.35902
v -12.67949 -8.54638 10.38816
v -12.66651 -8.432117 10.3308
v -12.65497 -8.304004 10.29501
v -12.80077 -8.563264 10.35902
v -12.79462 -8.443659 10.29501
v -12.78854 -8.310085 10.25446
v -12.57298 -7.812651 10.43183
v -12.67866 -7.790814 10.38634
v -12.80033 -7.773905 10.35703
v -12.55091 -7.918439 10.38634
v -12.66561 -7.905419 10.32905
v -12.79417 -7.893817 10.29316
v -12.53396 -8.040165 10.35703
v -12.65405 -8.033998 10.29316
v -12.78806 -8.027902 10.25248
v -13.28702 -7.812651 10.43183
v -13.30909 -7.918439 10.38634
v -13.32604 -8.040165 10.35703
v -13.18134 -7.790814 10.38634
v -13.19439 -7.905419 10.32905
v -13.20594 -8.033998 10.29316
v -13.05966 -7.773905 10.35703
v -13.06583 -7.893817 10.29316
v -13.07194 -8.027902 10.25248
v -12.78561 -8.868004 10.94
v -12.93 -8.88486 10.94
v -12.93 -8.88486 10.94
v -13.43497 -8.673592 10.94
v -13.33132 -8.759323 10.94
v -13.2102 -8.825491 10.94
v -13.07439 -8.868004 10.94
v -12.93 -8.88486 10.94
v -12.93 -8.88486 10.94
v -12.93 -8.88486 10.94
v -12.78561 -8.868004 10.94
v -12.93 -7.45239 10.94
v -12.93 -7.45239 10.94
v -12.93 -7.45239 10.94
v -12.93 -7.45239 10.94
v -13.43665 -7.663266 10.94
v -13.33274 -7.577213 10.94
v -13.21116 -7.510975 10.94
v -13.07487 -7.468351 10.94
v -12.93 -7.45239 10.94
v -12.5177 -8.580929 10.5277
v -12.48751 -8.611117 10.59593
v -12.45535 -8.64327 10.69628
v -12.43297 -8.665649 10.81386
v -12.42503 -8.673592 10.94
v -12.48751 -8.611117 11.28407
v -12.5177 -8.580929 11.3523
v -12.45535 -8.64327 11.18372
v -12.43297 -8.665649 11.06614
v -12.51625 -7.756216 11.35375
v -12.486 -7.725863 11.28509
v -12.45374 -7.693661 11.18454
v -12.43132 -7.671233 11.06657
v -12.42335 -7.663266 10.94
v -12.486 -7.725863 10.59491
v -12.51625 -7.756216 10.52625
v -12.45374 -7.693661 10.69546
v -12.43132 -7.671233 10.81344
v -12.5177 -8.580929 11.3523
v -12.48751 -8.512694 11.38249
v -12.58593 -8.611117 11.38249
v -12.68628 -8.64327 11.41465
v -12.80386 -8.665649 11.43703
v -12.93 -8.673592 11.44497
v -12.45535 -8.412348 11.41465
v -12.43297 -8.294768 11.43703
v -12.42355 -8.168625 11.44645
v -13.27407 -8.611117 11.38249
v -13.3423 -8.580929 11.3523
v -13.17372 -8.64327 11.41465
v -13.05614 -8.665649 11.43703
v -13.34375 -7.756216 11.35375
v -13.27509 -7.725863 11.384
v -13.17454 -7.693661 11.41626
v -13.05656 -7.671233 11.43868
v -12.93 -7.663266 11.44665
v -12.58491 -7.725863 11.384
v -12.486 -7.824584 11.384
v -12.51625 -7.756216 11.35375
v -12.45374 -7.925259 11.41626
v -12.43132 -8.043274 11.43868
v -12.68546 -7.693661 11.41626
v -12.80343 -7.671233 11.43868
v -13.3423 -8.580929 11.3523
v -13.37249 -8.512694 11.38249
v -13.37249 -8.611117 11.28407
v -13.40464 -8.64327 11.18372
v -13.42702 -8.665649 11.06614
v -13.43497 -8.673592 10.94
v -13.40464 -8.412348 11.41465
v -13.42702 -8.294768 11.43703
v -13.43645 -8.168625 11.44645
v -13.37249 -8.611117 10.59593
v -13.3423 -8.580929 10.5277
v -13.40464 -8.64327 10.69628
v -13.42702 -8.665649 10.81386
v -13.43497 -8.673592 10.94
v -13.5207 -8.569944 10.94
v -13.58687 -8.448824 10.94
v -13.62938 -8.31301 10.94
v -13.64623 -8.168625 10.94
v -13.34375 -7.756216 10.52625
v -13.374 -7.725863 10.59491
v -13.40626 -7.693661 10.69546
v -13.42868 -7.671233 10.81344
v -13.43665 -7.663266 10.94
v -13.374 -7.725863 11.28509
v -13.374 -7.824584 11.384
v -13.34375 -7.756216 11.35375
v -13.40626 -7.925259 11.41626
v -13.42868 -8.043274 11.43868
v -13.40626 -7.693661 11.18454
v -13.42868 -7.671233 11.06657
v -13.43665 -7.663266 10.94
v -13.52268 -7.767215 10.94
v -13.58871 -7.888636 10.94
v -13.63142 -8.024952 10.94
v -13.3423 -8.580929 10.5277
v -13.37249 -8.512694 10.49751
v -13.27407 -8.611117 10.49751
v -13.17372 -8.64327 10.46535
v -13.05614 -8.665649 10.44298
v -12.93 -8.673592 10.43503
v -13.40464 -8.412348 10.46535
v -13.42702 -8.294768 10.44298
v -13.43665 -8.16989 10.43335
v -12.58593 -8.611117 10.49751
v -12.48751 -8.512694 10.49751
v -12.5177 -8.580929 10.5277
v -12.45535 -8.412348 10.46535
v -12.43297 -8.294768 10.44298
v -12.42335 -8.16989 10.43335
v -12.68628 -8.64327 10.46535
v -12.80386 -8.665649 10.44298
v -12.51625 -7.756216 10.52625
v -12.486 -7.824584 10.496
v -12.58491 -7.725863 10.496
v -12.68546 -7.693661 10.46374
v -12.80343 -7.671233 10.44132
v -12.93 -7.663266 10.43335
v -12.45374 -7.925259 10.46374
v -12.43132 -8.043274 10.44132
v -13.27509 -7.725863 10.496
v -13.374 -7.824584 10.496
v -13.34375 -7.756216 10.52625
v -13.40626 -7.925259 10.46374
v -13.42868 -8.043274 10.44132
v -13.17454 -7.693661 10.46374
v -13.05656 -7.671233 10.44132
f 5332 5541 5333
f 5329 5332 5333
f 5328 5332 5329
f 5328 5331 5332
f 5331 5263 5332
f 5332 5263 5264
f 5333 5264 5163
f 5360 5264 5263
f 5329 5333 5330
f 5330 5333 5255
f 5333 5542 5255
f 5325 5328 5329
f 5326 5329 5330
f 5325 5329 5326
f 5203 5331 5328
f 5202 5203 5328
f 5202 5328 5325
f 5155 5202 5325
f 5155 5325 5181
f 5181 5325 5326
f 5203 5204 5331
f 5181 5326 5182
f 5204 5262 5331
f 5204 5172 5262
f 5331 5262 5263
f 5182 5326 5327
f 5326 5330 5327
f 5182 5327 5183
f 5354 5262 5172
f 5354 5172 5201
f 5357 5263 5262
f 5357 5262 5354
f 5360 5263 5357
f 5327 5330 5254
f 5330 5255 5254
f 5183 5327 5253
f 5327 5254 5253
f 5183 5253 5169
f 5353 5354 5201
f 5353 5201 5200
f 5356 5357 5354
f 5356 5354 5353
f 5169 5253 5340
f 5169 5340 5186
f 5253 5254 5341
f 5253 5341 5340
f 5254 5255 5342
f 5254 5342 5341
f 5352 5353 5200
f 5352 5200 5199
f 5186 5340 5337
f 5186 5337 5185
f 5255 5258 5342
f 5255 5543 5258
f 5342 5258 5257
f 5342 5257 5339
f 5341 5342 5339
f 5339 5257 5256
f 5340 5341 5338
f 5341 5339 5338
f 5340 5338 5337
f 5339 5256 5336
f 5338 5339 5336
f 5336 5256 5170
f 5336 5170 5189
f 5338 5336 5335
f 5335 5336 5189
f 5337 5338 5335
f 5335 5189 5188
f 5337 5335 5334
f 5334 5335 5188
f 5185 5337 5334
f 5334 5188 5187
f 5185 5334 5184
f 5184 5334 5187
f 5184 5187 5157
f 5261 5550 5264
f 5351 5549 5261
f 5348 5351 5261
f 5348 5261 5260
f 5260 5261 5360
f 5261 5551 5360
f 5260 5360 5359
f 5359 5360 5357
f 5359 5357 5356
f 5259 5260 5359
f 5358 5359 5356
f 5259 5359 5358
f 5345 5348 5260
f 5345 5260 5259
f 5358 5356 5355
f 5355 5356 5353
f 5355 5353 5352
f 5171 5259 5358
f 5195 5259 5171
f 5195 5345 5259
f 5171 5358 5198
f 5198 5358 5355
f 5198 5355 5197
f 5197 5355 5352
f 5197 5352 5196
f 5196 5352 5199
f 5196 5199 5156
f 5194 5345 5195
f 5194 5344 5345
f 5193 5344 5194
f 5344 5348 5345
f 5193 5343 5344
f 5158 5343 5193
f 5158 5190 5343
f 5344 5347 5348
f 5343 5347 5344
f 5347 5351 5348
f 5190 5346 5343
f 5343 5346 5347
f 5190 5191 5346
f 5347 5350 5351
f 5346 5350 5347
f 5191 5349 5346
f 5346 5349 5350
f 5191 5192 5349
f 5350 5547 5351
f 5351 5547 5548
f 5350 5546 5547
f 5349 5546 5350
f 5349 5545 5546
f 5192 5545 5349
f 5192 5544 5545
f 5369 5276 5164
f 5368 5276 5369
f 5365 5368 5369
f 5365 5369 5366
f 5366 5369 5267
f 5369 5552 5267
f 5368 5275 5276
f 5364 5368 5365
f 5367 5275 5368
f 5364 5367 5368
f 5362 5365 5366
f 5361 5364 5365
f 5361 5365 5362
f 5227 5367 5364
f 5226 5227 5364
f 5226 5364 5361
f 5159 5226 5361
f 5159 5361 5205
f 5205 5361 5362
f 5227 5228 5367
f 5205 5362 5206
f 5228 5274 5367
f 5367 5274 5275
f 5228 5176 5274
f 5206 5362 5363
f 5362 5366 5363
f 5206 5363 5207
f 5390 5274 5176
f 5390 5176 5225
f 5393 5275 5274
f 5393 5274 5390
f 5363 5366 5266
f 5366 5267 5266
f 5207 5363 5265
f 5363 5266 5265
f 5207 5265 5173
f 5389 5390 5225
f 5389 5225 5224
f 5173 5265 5376
f 5173 5376 5210
f 5265 5266 5377
f 5265 5377 5376
f 5266 5267 5378
f 5266 5378 5377
f 5210 5376 5373
f 5210 5373 5209
f 5376 5377 5374
f 5376 5374 5373
f 5209 5373 5370
f 5209 5370 5208
f 5208 5370 5211
f 5208 5211 5160
f 5370 5212 5211
f 5373 5371 5370
f 5370 5371 5212
f 5373 5374 5371
f 5371 5213 5212
f 5371 5372 5213
f 5374 5372 5371
f 5372 5174 5213
f 5377 5375 5374
f 5374 5375 5372
f 5377 5378 5375
f 5372 5268 5174
f 5375 5268 5372
f 5216 5174 5268
f 5378 5269 5375
f 5375 5269 5268
f 5216 5268 5385
f 5385 5268 5269
f 5215 5216 5385
f 5378 5270 5269
f 5267 5270 5378
f 5267 5553 5270
f 5215 5385 5382
f 5214 5215 5382
f 5385 5269 5386
f 5386 5269 5270
f 5382 5385 5386
f 5214 5382 5379
f 5162 5214 5379
f 5162 5379 5217
f 5386 5270 5387
f 5387 5270 5554
f 5382 5386 5383
f 5379 5382 5383
f 5383 5386 5387
f 5217 5379 5380
f 5379 5383 5380
f 5217 5380 5218
f 5383 5387 5384
f 5380 5383 5384
f 5218 5380 5381
f 5380 5384 5381
f 5218 5381 5219
f 5384 5387 5273
f 5387 5555 5273
f 5384 5273 5272
f 5381 5384 5272
f 5381 5272 5271
f 5219 5381 5271
f 5219 5271 5175
f 5220 5223 5161
f 5220 5388 5223
f 5388 5224 5223
f 5221 5388 5220
f 5388 5389 5224
f 5221 5391 5388
f 5391 5389 5388
f 5222 5391 5221
f 5391 5392 5389
f 5392 5390 5389
f 5392 5393 5390
f 5222 5394 5391
f 5394 5392 5391
f 5556 5394 5222
f 5556 5557 5394
f 5394 5395 5392
f 5557 5395 5394
f 5395 5393 5392
f 5557 5558 5395
f 5395 5396 5393
f 5558 5396 5395
f 5396 5275 5393
f 5558 5559 5396
f 5396 5276 5275
f 5559 5276 5396
f 5559 5560 5276
f 5566 5229 5567
f 5566 5406 5229
f 5568 5406 5566
f 5406 5230 5229
f 5568 5409 5406
f 5569 5409 5568
f 5406 5407 5230
f 5409 5407 5406
f 5407 5231 5230
f 5569 5412 5409
f 5565 5412 5569
f 5407 5408 5231
f 5408 5177 5231
f 5409 5410 5407
f 5412 5410 5409
f 5410 5408 5407
f 5565 5277 5412
f 5564 5277 5565
f 5408 5280 5177
f 5234 5177 5280
f 5410 5411 5408
f 5411 5280 5408
f 5412 5413 5410
f 5277 5413 5412
f 5413 5411 5410
f 5564 5399 5277
f 5563 5399 5564
f 5234 5280 5421
f 5233 5234 5421
f 5277 5278 5413
f 5399 5278 5277
f 5411 5281 5280
f 5421 5280 5281
f 5413 5414 5411
f 5278 5414 5413
f 5414 5281 5411
f 5563 5398 5399
f 5562 5398 5563
f 5233 5421 5418
f 5232 5233 5418
f 5399 5402 5278
f 5398 5402 5399
f 5278 5279 5414
f 5402 5279 5278
f 5414 5282 5281
f 5279 5282 5414
f 5421 5281 5422
f 5418 5421 5422
f 5422 5281 5282
f 5562 5397 5398
f 5561 5397 5562
f 5561 5238 5397
f 5398 5401 5402
f 5397 5401 5398
f 5238 5400 5397
f 5397 5400 5401
f 5238 5239 5400
f 5402 5405 5279
f 5401 5405 5402
f 5279 5165 5282
f 5405 5165 5279
f 5422 5282 5423
f 5423 5282 5165
f 5239 5403 5400
f 5239 5240 5403
f 5400 5404 5401
f 5401 5404 5405
f 5400 5403 5404
f 5405 5288 5165
f 5404 5288 5405
f 5240 5286 5403
f 5240 5178 5286
f 5403 5287 5404
f 5404 5287 5288
f 5403 5286 5287
f 5285 5165 5288
f 5423 5165 5285
f 5419 5422 5423
f 5418 5422 5419
f 5426 5286 5178
f 5426 5178 5237
f 5429 5287 5286
f 5429 5286 5426
f 5432 5288 5287
f 5285 5288 5432
f 5432 5287 5429
f 5420 5423 5285
f 5419 5423 5420
f 5415 5418 5419
f 5232 5418 5415
f 5570 5232 5415
f 5570 5415 5571
f 5415 5419 5416
f 5571 5415 5416
f 5416 5419 5420
f 5571 5416 5572
f 5572 5416 5417
f 5416 5420 5417
f 5572 5417 5573
f 5420 5285 5284
f 5417 5420 5284
f 5284 5285 5432
f 5573 5417 5283
f 5417 5284 5283
f 5573 5283 5574
f 5284 5432 5431
f 5283 5284 5431
f 5431 5432 5429
f 5574 5283 5430
f 5283 5431 5430
f 5574 5430 5578
f 5431 5429 5428
f 5430 5431 5428
f 5428 5429 5426
f 5578 5430 5427
f 5430 5428 5427
f 5578 5427 5577
f 5428 5426 5425
f 5427 5428 5425
f 5425 5426 5237
f 5425 5237 5236
f 5577 5427 5424
f 5427 5425 5424
f 5424 5425 5236
f 5577 5424 5575
f 5424 5236 5235
f 5575 5424 5235
f 5575 5235 5576
f 5588 5241 5589
f 5588 5442 5241
f 5590 5442 5588
f 5442 5242 5241
f 5590 5445 5442
f 5591 5445 5590
f 5442 5443 5242
f 5445 5443 5442
f 5443 5243 5242
f 5591 5448 5445
f 5584 5448 5591
f 5443 5444 5243
f 5444 5179 5243
f 5445 5446 5443
f 5448 5446 5445
f 5446 5444 5443
f 5584 5289 5448
f 5583 5289 5584
f 5444 5292 5179
f 5246 5179 5292
f 5446 5447 5444
f 5447 5292 5444
f 5448 5449 5446
f 5289 5449 5448
f 5449 5447 5446
f 5583 5435 5289
f 5582 5435 5583
f 5246 5292 5457
f 5245 5246 5457
f 5289 5290 5449
f 5435 5290 5289
f 5447 5293 5292
f 5457 5292 5293
f 5449 5450 5447
f 5290 5450 5449
f 5450 5293 5447
f 5582 5434 5435
f 5581 5434 5582
f 5245 5457 5454
f 5244 5245 5454
f 5435 5438 5290
f 5434 5438 5435
f 5290 5291 5450
f 5438 5291 5290
f 5450 5294 5293
f 5291 5294 5450
f 5457 5293 5458
f 5454 5457 5458
f 5458 5293 5294
f 5581 5433 5434
f 5579 5433 5581
f 5579 5580 5433
f 5434 5437 5438
f 5433 5437 5434
f 5580 5436 5433
f 5433 5436 5437
f 5580 5585 5436
f 5438 5441 5291
f 5437 5441 5438
f 5291 5166 5294
f 5441 5166 5291
f 5458 5294 5459
f 5459 5294 5166
f 5585 5439 5436
f 5585 5586 5439
f 5436 5440 5437
f 5437 5440 5441
f 5436 5439 5440
f 5441 5300 5166
f 5440 5300 5441
f 5586 5298 5439
f 5586 5587 5298
f 5439 5299 5440
f 5440 5299 5300
f 5439 5298 5299
f 5297 5166 5300
f 5459 5166 5297
f 5455 5458 5459
f 5454 5458 5455
f 5462 5298 5587
f 5462 5587 5601
f 5465 5299 5298
f 5465 5298 5462
f 5468 5300 5299
f 5297 5300 5468
f 5468 5299 5465
f 5456 5459 5297
f 5455 5459 5456
f 5451 5454 5455
f 5244 5454 5451
f 5592 5244 5451
f 5592 5451 5593
f 5451 5455 5452
f 5593 5451 5452
f 5452 5455 5456
f 5593 5452 5594
f 5594 5452 5453
f 5452 5456 5453
f 5594 5453 5595
f 5456 5297 5296
f 5453 5456 5296
f 5296 5297 5468
f 5595 5453 5295
f 5453 5296 5295
f 5595 5295 5596
f 5296 5468 5467
f 5295 5296 5467
f 5467 5468 5465
f 5596 5295 5466
f 5295 5467 5466
f 5596 5466 5603
f 5467 5465 5464
f 5466 5467 5464
f 5464 5465 5462
f 5603 5466 5463
f 5466 5464 5463
f 5603 5463 5602
f 5464 5462 5461
f 5463 5464 5461
f 5461 5462 5601
f 5461 5601 5600
f 5602 5463 5460
f 5463 5461 5460
f 5460 5461 5600
f 5602 5460 5597
f 5460 5600 5598
f 5597 5460 5598
f 5597 5598 5599
f 5608 5301 5609
f 5608 5471 5301
f 5607 5471 5608
f 5471 5302 5301
f 5607 5470 5471
f 5606 5470 5607
f 5471 5474 5302
f 5470 5474 5471
f 5474 5303 5302
f 5606 5469 5470
f 5604 5469 5606
f 5604 5605 5469
f 5470 5473 5474
f 5469 5473 5470
f 5474 5477 5303
f 5473 5477 5474
f 5477 5167 5303
f 5605 5472 5469
f 5469 5472 5473
f 5605 5610 5472
f 5473 5476 5477
f 5472 5476 5473
f 5477 5312 5167
f 5476 5312 5477
f 5637 5167 5312
f 5610 5475 5472
f 5472 5475 5476
f 5610 5611 5475
f 5637 5312 5504
f 5636 5637 5504
f 5476 5311 5312
f 5475 5311 5476
f 5504 5312 5311
f 5611 5310 5475
f 5475 5310 5311
f 5611 5612 5310
f 5636 5504 5503
f 5635 5636 5503
f 5504 5311 5501
f 5501 5311 5310
f 5503 5504 5501
f 5498 5310 5612
f 5501 5310 5498
f 5498 5612 5631
f 5635 5503 5502
f 5634 5635 5502
f 5634 5502 5633
f 5503 5501 5500
f 5500 5501 5498
f 5502 5503 5500
f 5497 5498 5631
f 5500 5498 5497
f 5497 5631 5630
f 5633 5502 5499
f 5502 5500 5499
f 5499 5500 5497
f 5633 5499 5632
f 5496 5497 5630
f 5499 5497 5496
f 5632 5499 5496
f 5496 5630 5628
f 5632 5496 5627
f 5627 5496 5628
f 5627 5628 5629
f 5613 5247 5614
f 5613 5478 5247
f 5615 5478 5613
f 5478 5248 5247
f 5615 5481 5478
f 5616 5481 5615
f 5478 5479 5248
f 5481 5479 5478
f 5479 5249 5248
f 5616 5484 5481
f 5617 5484 5616
f 5617 5618 5484
f 5479 5480 5249
f 5480 5180 5249
f 5481 5482 5479
f 5484 5482 5481
f 5482 5480 5479
f 5618 5485 5484
f 5484 5485 5482
f 5618 5619 5485
f 5480 5304 5180
f 5252 5180 5304
f 5482 5483 5480
f 5485 5483 5482
f 5483 5304 5480
f 5619 5486 5485
f 5485 5486 5483
f 5619 5620 5486
f 5252 5304 5493
f 5251 5252 5493
f 5483 5305 5304
f 5486 5305 5483
f 5493 5304 5305
f 5620 5306 5486
f 5486 5306 5305
f 5620 5621 5306
f 5251 5493 5490
f 5250 5251 5490
f 5493 5305 5494
f 5494 5305 5306
f 5490 5493 5494
f 5495 5306 5621
f 5494 5306 5495
f 5495 5621 5309
f 5250 5490 5487
f 5622 5250 5487
f 5622 5487 5623
f 5490 5494 5491
f 5491 5494 5495
f 5487 5490 5491
f 5492 5495 5309
f 5491 5495 5492
f 5492 5309 5308
f 5623 5487 5488
f 5487 5491 5488
f 5488 5491 5492
f 5623 5488 5624
f 5489 5492 5308
f 5488 5492 5489
f 5624 5488 5489
f 5489 5308 5307
f 5624 5489 5625
f 5625 5489 5307
f 5625 5307 5626
f 5647 5648 5649
f 5647 5514 5648
f 5653 5514 5647
f 5514 5650 5648
f 5653 5517 5514
f 5654 5517 5653
f 5514 5515 5650
f 5517 5515 5514
f 5515 5651 5650
f 5654 5520 5517
f 5643 5520 5654
f 5515 5516 5651
f 5516 5652 5651
f 5517 5518 5515
f 5520 5518 5517
f 5518 5516 5515
f 5643 5313 5520
f 5642 5313 5643
f 5516 5316 5652
f 5662 5652 5316
f 5518 5519 5516
f 5519 5316 5516
f 5520 5521 5518
f 5313 5521 5520
f 5521 5519 5518
f 5642 5507 5313
f 5641 5507 5642
f 5662 5316 5529
f 5661 5662 5529
f 5313 5314 5521
f 5507 5314 5313
f 5519 5317 5316
f 5529 5316 5317
f 5521 5522 5519
f 5314 5522 5521
f 5522 5317 5519
f 5641 5506 5507
f 5640 5506 5641
f 5661 5529 5526
f 5656 5661 5526
f 5507 5510 5314
f 5506 5510 5507
f 5314 5315 5522
f 5510 5315 5314
f 5522 5318 5317
f 5315 5318 5522
f 5529 5317 5530
f 5526 5529 5530
f 5530 5317 5318
f 5640 5505 5506
f 5638 5505 5640
f 5638 5639 5505
f 5506 5509 5510
f 5505 5509 5506
f 5639 5508 5505
f 5505 5508 5509
f 5639 5644 5508
f 5510 5513 5315
f 5509 5513 5510
f 5315 5168 5318
f 5513 5168 5315
f 5530 5318 5531
f 5531 5318 5168
f 5644 5511 5508
f 5644 5645 5511
f 5508 5512 5509
f 5509 5512 5513
f 5508 5511 5512
f 5513 5324 5168
f 5512 5324 5513
f 5645 5322 5511
f 5645 5646 5322
f 5511 5323 5512
f 5512 5323 5324
f 5511 5322 5323
f 5321 5168 5324
f 5531 5168 5321
f 5527 5530 5531
f 5526 5530 5527
f 5534 5322 5646
f 5534 5646 5667
f 5537 5323 5322
f 5537 5322 5534
f 5540 5324 5323
f 5321 5324 5540
f 5540 5323 5537
f 5528 5531 5321
f 5527 5531 5528
f 5523 5526 5527
f 5656 5526 5523
f 5655 5656 5523
f 5655 5523 5657
f 5523 5527 5524
f 5657 5523 5524
f 5524 5527 5528
f 5657 5524 5658
f 5658 5524 5525
f 5524 5528 5525
f 5658 5525 5659
f 5528 5321 5320
f 5525 5528 5320
f 5320 5321 5540
f 5659 5525 5319
f 5525 5320 5319
f 5659 5319 5660
f 5320 5540 5539
f 5319 5320 5539
f 5539 5540 5537
f 5660 5319 5538
f 5319 5539 5538
f 5660 5538 5669
f 5539 5537 5536
f 5538 5539 5536
f 5536 5537 5534
f 5669 5538 5535
f 5538 5536 5535
f 5669 5535 5668
f 5536 5534 5533
f 5535 5536 5533
f 5533 5534 5667
f 5533 5667 5666
f 5668 5535 5532
f 5535 5533 5532
f 5532 5533 5666
f 5668 5532 5663
f 5532 5666 5664
f 5663 5532 5664
f 5663 5664 5665
v 4.449788 -9.999009 -23.25396
v 3.656545 -9.809803 -22.15201
v 4.99794 -8.755603 -23.07286
v 4.204697 -8.566396 -21.97091
v 3.475608 -9.456044 -24.05144
v 2.679586 -9.266174 -22.94563
v 4.025681 -8.208282 -23.86971
v 3.229659 -8.018413 -22.7639
v 4.686415 -9.483727 -22.31936
v 2.993585 -8.536274 -23.70064
v 3.363888 -10.08999 -23.1673
v 3.151007 -8.84566 -22.05287
v 4.316112 -7.930006 -22.85271
v 4.528993 -9.17434 -23.96713
v 4.922507 -9.459856 -23.19789
v 4.77242 -8.582563 -22.41219
v 3.950987 -9.228127 -21.84828
v 4.101074 -10.10542 -22.63398
v 2.905996 -9.439719 -23.60856
v 2.755408 -8.559499 -22.82024
v 3.579583 -7.911781 -23.38603
v 3.730171 -8.792002 -24.17435
v 3.016149 -9.657463 -22.44444
v 3.992084 -9.891059 -23.7971
v 3.689471 -8.130125 -22.22199
v 4.665671 -8.36312 -23.57457
v 4.559861 -9.923014 -23.2502
v 4.695494 -9.800348 -23.24013
v 4.821628 -9.64299 -23.22263
v 5.017296 -8.885386 -23.09908
v 5.01952 -9.06534 -23.13308
v 4.989334 -9.262571 -23.16723
v 4.988043 -8.714393 -22.94594
v 4.950885 -8.664151 -22.77378
v 4.879101 -8.61823 -22.59016
v 4.326079 -8.556499 -22.02636
v 4.48198 -8.552307 -22.12239
v 4.636409 -8.560343 -22.25302
v 4.165974 -8.682325 -21.91645
v 4.106336 -8.847525 -21.86451
v 4.033095 -9.034486 -21.83885
v 3.708539 -9.719954 -22.06757
v 3.78231 -9.582533 -21.97156
v 3.865389 -9.414905 -21.89425
v 3.737792 -9.890946 -22.22071
v 3.850945 -9.983721 -22.33086
v 3.975622 -10.05925 -22.47132
v 4.399756 -10.04884 -23.14029
v 4.31985 -10.09557 -22.98225
v 4.218314 -10.11713 -22.80846
v 3.353585 -9.465825 -23.9956
v 3.197359 -9.470102 -23.89937
v 3.04246 -9.462011 -23.76826
v 2.689657 -9.307463 -23.07329
v 2.72688 -9.357882 -23.24579
v 2.798958 -9.403931 -23.43
v 2.66026 -9.135632 -22.9194
v 2.658009 -8.955314 -22.88525
v 2.688357 -8.757442 -22.851
v 3.119053 -8.094924 -22.76782
v 2.983123 -8.217838 -22.77785
v 2.856623 -8.375751 -22.79541
v 3.279943 -7.968481 -22.87827
v 3.360058 -7.921606 -23.03661
v 3.461949 -7.900028 -23.21096
v 3.943872 -8.126843 -23.80058
v 3.830537 -8.033826 -23.69018
v 3.705451 -7.958109 -23.54923
v 3.973269 -8.298675 -23.95448
v 3.899409 -8.436394 -24.05072
v 3.816052 -8.604598 -24.12822
v 3.514476 -9.339381 -24.10605
v 3.574295 -9.173869 -24.15813
v 3.647785 -8.986287 -24.18381
v 3.526801 -9.803265 -22.18409
v 3.355911 -9.778001 -22.24494
v 3.180558 -9.728842 -22.33333
v 2.711176 -9.350063 -22.84593
v 2.777669 -9.457895 -22.71282
v 2.880656 -9.56462 -22.57398
v 3.565392 -9.553814 -24.03258
v 3.693954 -9.676451 -23.9857
v 3.840085 -9.793466 -23.90679
v 4.378123 -10.00632 -23.36672
v 4.269095 -9.995816 -23.51351
v 4.136797 -9.956927 -23.66171
v 4.115088 -8.468818 -21.98974
v 3.986946 -8.346586 -22.03647
v 3.841345 -8.229939 -22.11502
v 3.301462 -8.011082 -22.65091
v 3.410847 -8.02162 -22.50364
v 3.543647 -8.060718 -22.35495
v 4.966411 -8.671878 -23.17237
v 4.90013 -8.564402 -23.30503
v 4.797584 -8.458024 -23.4434
v 4.155678 -8.214831 -23.83756
v 4.327133 -8.240174 -23.77651
v 4.503076 -8.289563 -23.68776
v 4.924115 -9.492778 -22.97671
v 4.885797 -9.508751 -22.75105
v 4.805388 -9.505707 -22.52857
v 4.804835 -8.795555 -22.35228
v 4.802516 -9.021954 -22.31508
v 4.762474 -9.254861 -22.30391
v 4.152006 -9.308612 -21.90412
v 4.346714 -9.380167 -22.00217
v 4.527601 -9.439447 -22.14267
v 4.271287 -10.00583 -22.52855
v 4.429995 -9.866964 -22.43815
v 4.570515 -9.690292 -22.36733
v 2.873378 -9.226114 -23.66872
v 2.875921 -8.998977 -23.70589
v 2.916143 -8.765285 -23.71706
v 2.753676 -8.526425 -23.04208
v 2.792354 -8.510511 -23.26842
v 2.873084 -8.51359 -23.49164
v 3.408814 -8.011554 -23.49183
v 3.249717 -8.151071 -23.5824
v 3.108752 -8.328379 -23.65343
v 3.528516 -8.711243 -24.11847
v 3.333284 -8.639535 -24.01987
v 3.151811 -8.580072 -23.87884
v 3.921599 -10.16614 -22.75275
v 3.73448 -10.1858 -22.88407
v 3.545722 -10.16008 -23.02437
v 3.061343 -9.81668 -22.60903
v 3.136465 -9.944892 -22.78904
v 3.238622 -10.03718 -22.97754
v 2.971651 -9.638193 -23.52722
v 3.071247 -9.818069 -23.42464
v 3.20395 -9.972631 -23.30258
v 3.834935 -9.996936 -23.67713
v 3.674086 -10.06861 -23.52916
v 3.514595 -10.10174 -23.35642
v 3.746031 -9.139901 -21.83366
v 3.539245 -9.044609 -21.86203
v 3.337852 -8.945026 -21.93617
v 3.531638 -8.273342 -22.12679
v 3.385656 -8.444874 -22.06554
v 3.257134 -8.638122 -22.04058
v 2.795494 -8.608512 -22.60504
v 2.875463 -8.673671 -22.39972
v 2.995472 -8.754032 -22.21121
v 3.002609 -9.47337 -22.30157
v 3.021256 -9.271465 -22.18593
v 3.071364 -9.059514 -22.10195
v 4.706923 -8.384737 -22.4933
v 4.607774 -8.204854 -22.59556
v 4.475535 -8.050922 -22.71718
v 4.622897 -8.209557 -23.41681
v 4.549835 -8.082092 -23.23984
v 4.447124 -7.986423 -23.04834
v 3.759612 -7.850813 -23.2669
v 3.946995 -7.831555 -23.13532
v 4.136478 -7.857317 -22.9945
v 3.853088 -8.020715 -22.34746
v 4.016203 -7.949328 -22.4984
v 4.172546 -7.918701 -22.669
v 4.882491 -9.410974 -23.41239
v 4.803008 -9.346045 -23.61761
v 4.683406 -9.265972 -23.80538
v 4.143916 -9.754109 -23.88924
v 4.288255 -9.585933 -23.95078
v 4.419933 -9.390231 -23.97793
v 3.93577 -8.880494 -24.18908
v 4.142779 -8.975954 -24.16024
v 4.344955 -9.075914 -24.08587
v 4.679351 -8.539548 -23.71235
v 4.662052 -8.738027 -23.82729
v 4.612541 -8.953326 -23.9143
v 4.544364 -9.963449 -23.07548
v 4.689003 -9.839404 -23.0377
v 4.820306 -9.679677 -23.00553
v 4.48201 -10.00208 -22.89561
v 4.638239 -9.870705 -22.83256
v 4.7768 -9.703845 -22.78533
v 4.388557 -10.01899 -22.70914
v 4.549623 -9.882383 -22.62938
v 4.692181 -9.709184 -22.56907
v 5.017627 -8.88992 -22.91912
v 4.984229 -8.862865 -22.72968
v 4.913225 -8.828853 -22.5358
v 5.02205 -9.083936 -22.92768
v 4.988549 -9.076076 -22.71682
v 4.915276 -9.05295 -22.50858
v 4.992111 -9.289962 -22.94877
v 4.956784 -9.295575 -22.72587
v 4.88025 -9.282576 -22.50694
v 4.332759 -8.726563 -21.96773
v 4.295277 -8.910583 -21.91806
v 4.232853 -9.108861 -21.89404
v 4.502271 -8.747908 -22.06016
v 4.481608 -8.955158 -22.0126
v 4.427639 -9.169362 -21.9908
v 4.664602 -8.76955 -22.19043
v 4.654817 -8.990824 -22.14675
v 4.608091 -9.21766 -22.12886
v 3.859497 -9.800093 -22.12408
v 4.000051 -9.887122 -22.22608
v 4.139935 -9.959685 -22.36376
v 3.962231 -9.666052 -22.02809
v 4.131299 -9.749787 -22.12833
v 4.289163 -9.820257 -22.26755
v 4.061049 -9.498576 -21.95079
v 4.247655 -9.577632 -22.05026
v 4.420022 -9.644268 -22.191
v 3.34709 -9.295001 -24.05428
v 3.176958 -9.273924 -23.96179
v 3.014045 -9.252193 -23.83116
v 3.384783 -9.110595 -24.10446
v 3.197806 -9.065918 -24.00949
v 3.024084 -9.030135 -23.8748
v 3.44736 -8.911653 -24.12862
v 3.252012 -8.851007 -24.03127
v 3.070985 -8.802578 -23.89275
v 2.660204 -9.131163 -23.10008
v 2.655433 -8.936628 -23.09127
v 2.685405 -8.729908 -23.07014
v 2.693405 -9.158586 -23.29005
v 2.689146 -8.944591 -23.30287
v 2.721115 -8.724376 -23.29377
v 2.764577 -9.19269 -23.4846
v 2.76276 -8.967803 -23.51178
v 2.797903 -8.737441 -23.5134
v 3.134861 -8.054469 -22.94327
v 3.197405 -8.015331 -23.12355
v 3.291109 -7.998326 -23.31065
v 2.989581 -8.178659 -22.98088
v 3.040643 -8.147267 -23.18675
v 3.129624 -8.135622 -23.39058
v 2.857794 -8.338867 -23.01319
v 2.901697 -8.314751 -23.23411
v 2.98661 -8.309385 -23.45105
v 3.821747 -8.218307 -23.89747
v 3.71893 -8.352627 -23.99407
v 3.619749 -8.520612 -24.07167
v 3.680958 -8.13067 -23.79528
v 3.549304 -8.268595 -23.89336
v 3.432594 -8.441381 -23.97161
v 3.540577 -8.05783 -23.65721
v 3.390949 -8.197954 -23.7536
v 3.259692 -8.374522 -23.83041
v 4.266414 -10.09087 -23.25368
v 4.160561 -10.14944 -23.1017
v 4.044474 -10.17672 -22.92975
v 4.132595 -10.09447 -23.39444
v 3.999894 -10.16333 -23.24183
v 3.8665 -10.19554 -23.06736
v 3.986139 -10.06207 -23.54035
v 3.835805 -10.13521 -23.38864
v 3.687545 -10.16973 -23.21319
v 3.581546 -9.927509 -22.30228
v 3.405822 -9.921121 -22.38483
v 3.226881 -9.880972 -22.48561
v 3.678602 -10.03448 -22.43218
v 3.492953 -10.04241 -22.5376
v 3.30666 -10.009 -22.65357
v 3.795851 -10.11742 -22.58437
v 3.60604 -10.13341 -22.70553
v 3.415386 -10.10481 -22.83511
v 2.73808 -9.458894 -22.98775
v 2.783701 -9.537297 -23.16003
v 2.861279 -9.598222 -23.34536
v 2.811626 -9.592397 -22.86624
v 2.868497 -9.696493 -23.04466
v 2.954602 -9.772422 -23.23553
v 2.919689 -9.713209 -22.73265
v 2.985475 -9.83299 -22.91311
v 3.080133 -9.921056 -23.107
v 3.424967 -9.622732 -23.94195
v 3.540975 -9.766363 -23.87943
v 3.681645 -9.894953 -23.79114
v 3.267253 -9.652636 -23.83177
v 3.377157 -9.81782 -23.75128
v 3.516373 -9.95962 -23.65062
v 3.110746 -9.657725 -23.69192
v 3.215926 -9.834754 -23.59855
v 3.353215 -9.986192 -23.48636
v 3.536806 -9.665993 -22.06807
v 3.589039 -9.510968 -21.96332
v 3.661581 -9.332569 -21.88146
v 3.35408 -9.618677 -22.11396
v 3.390202 -9.441811 -21.9997
v 3.454574 -9.248053 -21.91261
v 3.171496 -9.557233 -22.19567
v 3.196702 -9.366265 -22.07794
v 3.253675 -9.159571 -21.98856
v 4.010068 -8.592463 -21.91172
v 3.856298 -8.479462 -21.94805
v 3.696163 -8.367098 -22.02234
v 3.922086 -8.755497 -21.85329
v 3.740512 -8.647182 -21.88397
v 3.562355 -8.536832 -21.95714
v 3.833385 -8.942856 -21.8247
v 3.634558 -8.839783 -21.85315
v 3.441744 -8.732963 -21.92643
v 3.167813 -8.119609 -22.59576
v 3.027991 -8.254089 -22.57923
v 2.898937 -8.419644 -22.5831
v 3.263738 -8.14586 -22.42811
v 3.116988 -8.297067 -22.3893
v 2.983302 -8.47501 -22.38077
v 3.390662 -8.194091 -22.26785
v 3.242103 -8.356449 -22.21483
v 3.106681 -8.545144 -22.19576
v 2.693156 -9.196301 -22.75257
v 2.759738 -9.289113 -22.59462
v 2.86413 -9.388454 -22.4418
v 2.693843 -9.012058 -22.68963
v 2.76549 -9.094391 -22.50542
v 2.875238 -9.18863 -22.33603
v 2.726547 -8.810686 -22.64005
v 2.80272 -8.884635 -22.44043
v 2.917974 -8.9732 -22.25811
v 4.254934 -8.400024 -22.07982
v 4.412265 -8.370265 -22.18979
v 4.56826 -8.365317 -22.32919
v 4.139484 -8.256906 -22.14245
v 4.302874 -8.205222 -22.27002
v 4.463545 -8.188284 -22.42224
v 3.99929 -8.128872 -22.23043
v 4.164165 -8.06387 -22.37028
v 4.326797 -8.037401 -22.53401
v 4.939802 -8.563381 -23.03121
v 4.866257 -8.430258 -23.15206
v 4.758547 -8.309972 -23.28517
v 4.894225 -8.485224 -22.85932
v 4.809815 -8.326139 -22.97425
v 4.693309 -8.190084 -23.10535
v 4.816883 -8.42462 -22.67456
v 4.724004 -8.250409 -22.78406
v 4.598956 -8.102318 -22.91208
v 4.100572 -8.090217 -23.71875
v 4.00334 -7.982927 -23.58858
v 3.885797 -7.899634 -23.43586
v 4.27706 -8.096653 -23.63625
v 4.189412 -7.975333 -23.48293
v 4.075886 -7.884056 -23.31444
v 4.456694 -8.136862 -23.53508
v 4.376332 -8.008924 -23.36652
v 4.267267 -7.912793 -23.18438
v 3.413685 -7.926378 -22.76455
v 3.54771 -7.922687 -22.62306
v 3.694739 -7.955118 -22.4766
v 3.519787 -7.867588 -22.91685
v 3.680752 -7.854006 -22.77632
v 3.845434 -7.882292 -22.62901
v 3.636328 -7.84013 -23.08931
v 3.814561 -7.821724 -22.95142
v 3.994185 -7.847657 -22.80503
v 4.984542 -8.824898 -23.26543
v 4.983788 -9.008735 -23.32817
v 4.951154 -9.209468 -23.37747
v 4.917999 -8.732701 -23.42293
v 4.912566 -8.926744 -23.51215
v 4.875471 -9.135769 -23.57699
v 4.813932 -8.633712 -23.57511
v 4.803268 -8.832818 -23.68098
v 4.760667 -9.047556 -23.75863
v 4.51128 -9.898427 -23.42178
v 4.415781 -9.871918 -23.58885
v 4.289265 -9.823847 -23.74845
v 4.650741 -9.764206 -23.4382
v 4.562256 -9.721373 -23.62788
v 4.437615 -9.662251 -23.80178
v 4.779349 -9.599184 -23.43423
v 4.695487 -9.544039 -23.63645
v 4.572598 -9.474164 -23.82077
v 3.670839 -9.429502 -24.11074
v 3.759049 -9.266134 -24.16938
v 3.848139 -9.07821 -24.19813
v 3.824945 -9.54319 -24.07437
v 3.940922 -9.374759 -24.1383
v 4.047186 -9.181469 -24.1692
v 3.985721 -9.65598 -23.99988
v 4.119704 -9.485463 -24.0648
v 4.240718 -9.288705 -24.09562
v 4.145496 -8.352809 -23.95393
v 4.328945 -8.399936 -23.90787
v 4.512253 -8.461617 -23.82593
v 4.093197 -8.508166 -24.05899
v 4.292419 -8.577435 -24.02217
v 4.486568 -8.653283 -23.9436
v 4.020527 -8.687171 -24.14118
v 4.227768 -8.771843 -24.10954
v 4.429426 -8.860649 -24.03328
v 4.570515 -9.690292 -22.36733
v 4.686415 -9.483727 -22.31936
v 4.686415 -9.483727 -22.31936
v 4.77242 -8.582563 -22.41219
v 4.804835 -8.795555 -22.35228
v 4.802516 -9.021954 -22.31508
v 4.762474 -9.254861 -22.30391
v 4.686415 -9.483727 -22.31936
v 4.686415 -9.483727 -22.31936
v 4.686415 -9.483727 -22.31936
v 4.570515 -9.690292 -22.36733
v 2.993585 -8.536274 -23.70064
v 2.993585 -8.536274 -23.70064
v 2.993585 -8.536274 -23.70064
v 2.993585 -8.536274 -23.70064
v 3.579583 -7.911781 -23.38603
v 3.408814 -8.011554 -23.49183
v 3.249717 -8.151071 -23.5824
v 3.108752 -8.328379 -23.65343
v 2.993585 -8.536274 -23.70064
v 4.449788 -9.999009 -23.25396
v 4.399756 -10.04884 -23.14029
v 4.31985 -10.09557 -22.98225
v 4.218314 -10.11713 -22.80846
v 4.101074 -10.10542 -22.63398
v 3.737792 -9.890946 -22.22071
v 3.656545 -9.809803 -22.15201
v 3.850945 -9.983721 -22.33086
v 3.975622 -10.05925 -22.47132
v 2.679586 -9.266174 -22.94563
v 2.689657 -9.307463 -23.07329
v 2.72688 -9.357882 -23.24579
v 2.798958 -9.403931 -23.43
v 2.905996 -9.439719 -23.60856
v 3.353585 -9.465825 -23.9956
v 3.475608 -9.456044 -24.05144
v 3.197359 -9.470102 -23.89937
v 3.04246 -9.462011 -23.76826
v 3.656545 -9.809803 -22.15201
v 3.526801 -9.803265 -22.18409
v 3.708539 -9.719954 -22.06757
v 3.78231 -9.582533 -21.97156
v 3.865389 -9.414905 -21.89425
v 3.950987 -9.228127 -21.84828
v 3.355911 -9.778001 -22.24494
v 3.180558 -9.728842 -22.33333
v 3.016149 -9.657463 -22.44444
v 4.165974 -8.682325 -21.91645
v 4.204697 -8.566396 -21.97091
v 4.106336 -8.847525 -21.86451
v 4.033095 -9.034486 -21.83885
v 3.229659 -8.018413 -22.7639
v 3.119053 -8.094924 -22.76782
v 2.983123 -8.217838 -22.77785
v 2.856623 -8.375751 -22.79541
v 2.755408 -8.559499 -22.82024
v 2.66026 -9.135632 -22.9194
v 2.711176 -9.350063 -22.84593
v 2.679586 -9.266174 -22.94563
v 2.777669 -9.457895 -22.71282
v 2.880656 -9.56462 -22.57398
v 2.658009 -8.955314 -22.88525
v 2.688357 -8.757442 -22.851
v 4.204697 -8.566396 -21.97091
v 4.115088 -8.468818 -21.98974
v 4.326079 -8.556499 -22.02636
v 4.48198 -8.552307 -22.12239
v 4.636409 -8.560343 -22.25302
v 4.77242 -8.582563 -22.41219
v 3.986946 -8.346586 -22.03647
v 3.841345 -8.229939 -22.11502
v 3.689471 -8.130125 -22.22199
v 4.988043 -8.714393 -22.94594
v 4.99794 -8.755603 -23.07286
v 4.950885 -8.664151 -22.77378
v 4.879101 -8.61823 -22.59016
v 4.77242 -8.582563 -22.41219
v 4.706923 -8.384737 -22.4933
v 4.607774 -8.204854 -22.59556
v 4.475535 -8.050922 -22.71718
v 4.316112 -7.930006 -22.85271
v 4.025681 -8.208282 -23.86971
v 3.943872 -8.126843 -23.80058
v 3.830537 -8.033826 -23.69018
v 3.705451 -7.958109 -23.54923
v 3.579583 -7.911781 -23.38603
v 3.279943 -7.968481 -22.87827
v 3.301462 -8.011082 -22.65091
v 3.229659 -8.018413 -22.7639
v 3.410847 -8.02162 -22.50364
v 3.543647 -8.060718 -22.35495
v 3.360058 -7.921606 -23.03661
v 3.461949 -7.900028 -23.21096
v 3.579583 -7.911781 -23.38603
v 3.759612 -7.850813 -23.2669
v 3.946995 -7.831555 -23.13532
v 4.136478 -7.857317 -22.9945
v 4.99794 -8.755603 -23.07286
v 4.966411 -8.671878 -23.17237
v 5.017296 -8.885386 -23.09908
v 5.01952 -9.06534 -23.13308
v 4.989334 -9.262571 -23.16723
v 4.922507 -9.459856 -23.19789
v 4.90013 -8.564402 -23.30503
v 4.797584 -8.458024 -23.4434
v 4.665671 -8.36312 -23.57457
v 4.559861 -9.923014 -23.2502
v 4.378123 -10.00632 -23.36672
v 4.449788 -9.999009 -23.25396
v 4.269095 -9.995816 -23.51351
v 4.136797 -9.956927 -23.66171
v 3.992084 -9.891059 -23.7971
v 4.695494 -9.800348 -23.24013
v 4.821628 -9.64299 -23.22263
v 3.475608 -9.456044 -24.05144
v 3.565392 -9.553814 -24.03258
v 3.514476 -9.339381 -24.10605
v 3.574295 -9.173869 -24.15813
v 3.647785 -8.986287 -24.18381
v 3.730171 -8.792002 -24.17435
v 3.693954 -9.676451 -23.9857
v 3.840085 -9.793466 -23.90679
v 3.973269 -8.298675 -23.95448
v 4.155678 -8.214831 -23.83756
v 4.025681 -8.208282 -23.86971
v 4.327133 -8.240174 -23.77651
v 4.503076 -8.289563 -23.68776
v 3.899409 -8.436394 -24.05072
v 3.816052 -8.604598 -24.12822
f 5847 6056 5848
f 5844 5847 5848
f 5843 5847 5844
f 5843 5846 5847
f 5846 5778 5847
f 5847 5778 5779
f 5848 5779 5678
f 5875 5779 5778
f 5844 5848 5845
f 5845 5848 5770
f 5848 6057 5770
f 5840 5843 5844
f 5841 5844 5845
f 5840 5844 5841
f 5718 5846 5843
f 5717 5718 5843
f 5717 5843 5840
f 5670 5717 5840
f 5670 5840 5696
f 5696 5840 5841
f 5718 5719 5846
f 5696 5841 5697
f 5719 5777 5846
f 5719 5687 5777
f 5846 5777 5778
f 5697 5841 5842
f 5841 5845 5842
f 5697 5842 5698
f 5869 5777 5687
f 5869 5687 5716
f 5872 5778 5777
f 5872 5777 5869
f 5875 5778 5872
f 5842 5845 5769
f 5845 5770 5769
f 5698 5842 5768
f 5842 5769 5768
f 5698 5768 5684
f 5868 5869 5716
f 5868 5716 5715
f 5871 5872 5869
f 5871 5869 5868
f 5684 5768 5855
f 5684 5855 5701
f 5768 5769 5856
f 5768 5856 5855
f 5769 5770 5857
f 5769 5857 5856
f 5867 5868 5715
f 5867 5715 5714
f 5701 5855 5852
f 5701 5852 5700
f 5770 5773 5857
f 5770 6058 5773
f 5857 5773 5772
f 5857 5772 5854
f 5856 5857 5854
f 5854 5772 5771
f 5855 5856 5853
f 5856 5854 5853
f 5855 5853 5852
f 5854 5771 5851
f 5853 5854 5851
f 5851 5771 5685
f 5851 5685 5704
f 5853 5851 5850
f 5850 5851 5704
f 5852 5853 5850
f 5850 5704 5703
f 5852 5850 5849
f 5849 5850 5703
f 5700 5852 5849
f 5849 5703 5702
f 5700 5849 5699
f 5699 5849 5702
f 5699 5702 5672
f 5776 6065 5779
f 5866 6064 5776
f 5863 5866 5776
f 5863 5776 5775
f 5775 5776 5875
f 5776 6066 5875
f 5775 5875 5874
f 5874 5875 5872
f 5874 5872 5871
f 5774 5775 5874
f 5873 5874 5871
f 5774 5874 5873
f 5860 5863 5775
f 5860 5775 5774
f 5873 5871 5870
f 5870 5871 5868
f 5870 5868 5867
f 5686 5774 5873
f 5710 5774 5686
f 5710 5860 5774
f 5686 5873 5713
f 5713 5873 5870
f 5713 5870 5712
f 5712 5870 5867
f 5712 5867 5711
f 5711 5867 5714
f 5711 5714 5671
f 5709 5860 5710
f 5709 5859 5860
f 5708 5859 5709
f 5859 5863 5860
f 5708 5858 5859
f 5673 5858 5708
f 5673 5705 5858
f 5859 5862 5863
f 5858 5862 5859
f 5862 5866 5863
f 5705 5861 5858
f 5858 5861 5862
f 5705 5706 5861
f 5862 5865 5866
f 5861 5865 5862
f 5706 5864 5861
f 5861 5864 5865
f 5706 5707 5864
f 5865 6062 5866
f 5866 6062 6063
f 5865 6061 6062
f 5864 6061 5865
f 5864 6060 6061
f 5707 6060 5864
f 5707 6059 6060
f 5884 5791 5679
f 5883 5791 5884
f 5880 5883 5884
f 5880 5884 5881
f 5881 5884 5782
f 5884 6067 5782
f 5883 5790 5791
f 5879 5883 5880
f 5882 5790 5883
f 5879 5882 5883
f 5877 5880 5881
f 5876 5879 5880
f 5876 5880 5877
f 5742 5882 5879
f 5741 5742 5879
f 5741 5879 5876
f 5674 5741 5876
f 5674 5876 5720
f 5720 5876 5877
f 5742 5743 5882
f 5720 5877 5721
f 5743 5789 5882
f 5882 5789 5790
f 5743 5691 5789
f 5721 5877 5878
f 5877 5881 5878
f 5721 5878 5722
f 5905 5789 5691
f 5905 5691 5740
f 5908 5790 5789
f 5908 5789 5905
f 5878 5881 5781
f 5881 5782 5781
f 5722 5878 5780
f 5878 5781 5780
f 5722 5780 5688
f 5904 5905 5740
f 5904 5740 5739
f 5688 5780 5891
f 5688 5891 5725
f 5780 5781 5892
f 5780 5892 5891
f 5781 5782 5893
f 5781 5893 5892
f 5725 5891 5888
f 5725 5888 5724
f 5891 5892 5889
f 5891 5889 5888
f 5724 5888 5885
f 5724 5885 5723
f 5723 5885 5726
f 5723 5726 5675
f 5885 5727 5726
f 5888 5886 5885
f 5885 5886 5727
f 5888 5889 5886
f 5886 5728 5727
f 5886 5887 5728
f 5889 5887 5886
f 5887 5689 5728
f 5892 5890 5889
f 5889 5890 5887
f 5892 5893 5890
f 5887 5783 5689
f 5890 5783 5887
f 5731 5689 5783
f 5893 5784 5890
f 5890 5784 5783
f 5731 5783 5900
f 5900 5783 5784
f 5730 5731 5900
f 5893 5785 5784
f 5782 5785 5893
f 5782 6068 5785
f 5730 5900 5897
f 5729 5730 5897
f 5900 5784 5901
f 5901 5784 5785
f 5897 5900 5901
f 5729 5897 5894
f 5677 5729 5894
f 5677 5894 5732
f 5901 5785 5902
f 5902 5785 6069
f 5897 5901 5898
f 5894 5897 5898
f 5898 5901 5902
f 5732 5894 5895
f 5894 5898 5895
f 5732 5895 5733
f 5898 5902 5899
f 5895 5898 5899
f 5733 5895 5896
f 5895 5899 5896
f 5733 5896 5734
f 5899 5902 5788
f 5902 6070 5788
f 5899 5788 5787
f 5896 5899 5787
f 5896 5787 5786
f 5734 5896 5786
f 5734 5786 5690
f 5735 5738 5676
f 5735 5903 5738
f 5903 5739 5738
f 5736 5903 5735
f 5903 5904 5739
f 5736 5906 5903
f 5906 5904 5903
f 5737 5906 5736
f 5906 5907 5904
f 5907 5905 5904
f 5907 5908 5905
f 5737 5909 5906
f 5909 5907 5906
f 6071 5909 5737
f 6071 6072 5909
f 5909 5910 5907
f 6072 5910 5909
f 5910 5908 5907
f 6072 6073 5910
f 5910 5911 5908
f 6073 5911 5910
f 5911 5790 5908
f 6073 6074 5911
f 5911 5791 5790
f 6074 5791 5911
f 6074 6075 5791
f 6081 5744 6082
f 6081 5921 5744
f 6083 5921 6081
f 5921 5745 5744
f 6083 5924 5921
f 6084 5924 6083
f 5921 5922 5745
f 5924 5922 5921
f 5922 5746 5745
f 6084 5927 5924
f 6080 5927 6084
f 5922 5923 5746
f 5923 5692 5746
f 5924 5925 5922
f 5927 5925 5924
f 5925 5923 5922
f 6080 5792 5927
f 6079 5792 6080
f 5923 5795 5692
f 5749 5692 5795
f 5925 5926 5923
f 5926 5795 5923
f 5927 5928 5925
f 5792 5928 5927
f 5928 5926 5925
f 6079 5914 5792
f 6078 5914 6079
f 5749 5795 5936
f 5748 5749 5936
f 5792 5793 5928
f 5914 5793 5792
f 5926 5796 5795
f 5936 5795 5796
f 5928 5929 5926
f 5793 5929 5928
f 5929 5796 5926
f 6078 5913 5914
f 6077 5913 6078
f 5748 5936 5933
f 5747 5748 5933
f 5914 5917 5793
f 5913 5917 5914
f 5793 5794 5929
f 5917 5794 5793
f 5929 5797 5796
f 5794 5797 5929
f 5936 5796 5937
f 5933 5936 5937
f 5937 5796 5797
f 6077 5912 5913
f 6076 5912 6077
f 6076 5753 5912
f 5913 5916 5917
f 5912 5916 5913
f 5753 5915 5912
f 5912 5915 5916
f 5753 5754 5915
f 5917 5920 5794
f 5916 5920 5917
f 5794 5680 5797
f 5920 5680 5794
f 5937 5797 5938
f 5938 5797 5680
f 5754 5918 5915
f 5754 5755 5918
f 5915 5919 5916
f 5916 5919 5920
f 5915 5918 5919
f 5920 5803 5680
f 5919 5803 5920
f 5755 5801 5918
f 5755 5693 5801
f 5918 5802 5919
f 5919 5802 5803
f 5918 5801 5802
f 5800 5680 5803
f 5938 5680 5800
f 5934 5937 5938
f 5933 5937 5934
f 5941 5801 5693
f 5941 5693 5752
f 5944 5802 5801
f 5944 5801 5941
f 5947 5803 5802
f 5800 5803 5947
f 5947 5802 5944
f 5935 5938 5800
f 5934 5938 5935
f 5930 5933 5934
f 5747 5933 5930
f 6085 5747 5930
f 6085 5930 6086
f 5930 5934 5931
f 6086 5930 5931
f 5931 5934 5935
f 6086 5931 6087
f 6087 5931 5932
f 5931 5935 5932
f 6087 5932 6088
f 5935 5800 5799
f 5932 5935 5799
f 5799 5800 5947
f 6088 5932 5798
f 5932 5799 5798
f 6088 5798 6089
f 5799 5947 5946
f 5798 5799 5946
f 5946 5947 5944
f 6089 5798 5945
f 5798 5946 5945
f 6089 5945 6093
f 5946 5944 5943
f 5945 5946 5943
f 5943 5944 5941
f 6093 5945 5942
f 5945 5943 5942
f 6093 5942 6092
f 5943 5941 5940
f 5942 5943 5940
f 5940 5941 5752
f 5940 5752 5751
f 6092 5942 5939
f 5942 5940 5939
f 5939 5940 5751
f 6092 5939 6090
f 5939 5751 5750
f 6090 5939 5750
f 6090 5750 6091
f 6103 5756 6104
f 6103 5957 5756
f 6105 5957 6103
f 5957 5757 5756
f 6105 5960 5957
f 6106 5960 6105
f 5957 5958 5757
f 5960 5958 5957
f 5958 5758 5757
f 6106 5963 5960
f 6099 5963 6106
f 5958 5959 5758
f 5959 5694 5758
f 5960 5961 5958
f 5963 5961 5960
f 5961 5959 5958
f 6099 5804 5963
f 6098 5804 6099
f 5959 5807 5694
f 5761 5694 5807
f 5961 5962 5959
f 5962 5807 5959
f 5963 5964 5961
f 5804 5964 5963
f 5964 5962 5961
f 6098 5950 5804
f 6097 5950 6098
f 5761 5807 5972
f 5760 5761 5972
f 5804 5805 5964
f 5950 5805 5804
f 5962 5808 5807
f 5972 5807 5808
f 5964 5965 5962
f 5805 5965 5964
f 5965 5808 5962
f 6097 5949 5950
f 6096 5949 6097
f 5760 5972 5969
f 5759 5760 5969
f 5950 5953 5805
f 5949 5953 5950
f 5805 5806 5965
f 5953 5806 5805
f 5965 5809 5808
f 5806 5809 5965
f 5972 5808 5973
f 5969 5972 5973
f 5973 5808 5809
f 6096 5948 5949
f 6094 5948 6096
f 6094 6095 5948
f 5949 5952 5953
f 5948 5952 5949
f 6095 5951 5948
f 5948 5951 5952
f 6095 6100 5951
f 5953 5956 5806
f 5952 5956 5953
f 5806 5681 5809
f 5956 5681 5806
f 5973 5809 5974
f 5974 5809 5681
f 6100 5954 5951
f 6100 6101 5954
f 5951 5955 5952
f 5952 5955 5956
f 5951 5954 5955
f 5956 5815 5681
f 5955 5815 5956
f 6101 5813 5954
f 6101 6102 5813
f 5954 5814 5955
f 5955 5814 5815
f 5954 5813 5814
f 5812 5681 5815
f 5974 5681 5812
f 5970 5973 5974
f 5969 5973 5970
f 5977 5813 6102
f 5977 6102 6116
f 5980 5814 5813
f 5980 5813 5977
f 5983 5815 5814
f 5812 5815 5983
f 5983 5814 5980
f 5971 5974 5812
f 5970 5974 5971
f 5966 5969 5970
f 5759 5969 5966
f 6107 5759 5966
f 6107 5966 6108
f 5966 5970 5967
f 6108 5966 5967
f 5967 5970 5971
f 6108 5967 6109
f 6109 5967 5968
f 5967 5971 5968
f 6109 5968 6110
f 5971 5812 5811
f 5968 5971 5811
f 5811 5812 5983
f 6110 5968 5810
f 5968 5811 5810
f 6110 5810 6111
f 5811 5983 5982
f 5810 5811 5982
f 5982 5983 5980
f 6111 5810 5981
f 5810 5982 5981
f 6111 5981 6118
f 5982 5980 5979
f 5981 5982 5979
f 5979 5980 5977
f 6118 5981 5978
f 5981 5979 5978
f 6118 5978 6117
f 5979 5977 5976
f 5978 5979 5976
f 5976 5977 6116
f 5976 6116 6115
f 6117 5978 5975
f 5978 5976 5975
f 5975 5976 6115
f 6117 5975 6112
f 5975 6115 6113
f 6112 5975 6113
f 6112 6113 6114
f 6123 5816 6124
f 6123 5986 5816
f 6122 5986 6123
f 5986 5817 5816
f 6122 5985 5986
f 6121 5985 6122
f 5986 5989 5817
f 5985 5989 5986
f 5989 5818 5817
f 6121 5984 5985
f 6119 5984 6121
f 6119 6120 5984
f 5985 5988 5989
f 5984 5988 5985
f 5989 5992 5818
f 5988 5992 5989
f 5992 5682 5818
f 6120 5987 5984
f 5984 5987 5988
f 6120 6125 5987
f 5988 5991 5992
f 5987 5991 5988
f 5992 5827 5682
f 5991 5827 5992
f 6152 5682 5827
f 6125 5990 5987
f 5987 5990 5991
f 6125 6126 5990
f 6152 5827 6019
f 6151 6152 6019
f 5991 5826 5827
f 5990 5826 5991
f 6019 5827 5826
f 6126 5825 5990
f 5990 5825 5826
f 6126 6127 5825
f 6151 6019 6018
f 6150 6151 6018
f 6019 5826 6016
f 6016 5826 5825
f 6018 6019 6016
f 6013 5825 6127
f 6016 5825 6013
f 6013 6127 6146
f 6150 6018 6017
f 6149 6150 6017
f 6149 6017 6148
f 6018 6016 6015
f 6015 6016 6013
f 6017 6018 6015
f 6012 6013 6146
f 6015 6013 6012
f 6012 6146 6145
f 6148 6017 6014
f 6017 6015 6014
f 6014 6015 6012
f 6148 6014 6147
f 6011 6012 6145
f 6014 6012 6011
f 6147 6014 6011
f 6011 6145 6143
f 6147 6011 6142
f 6142 6011 6143
f 6142 6143 6144
f 6128 5762 6129
f 6128 5993 5762
f 6130 5993 6128
f 5993 5763 5762
f 6130 5996 5993
f 6131 5996 6130
f 5993 5994 5763
f 5996 5994 5993
f 5994 5764 5763
f 6131 5999 5996
f 6132 5999 6131
f 6132 6133 5999
f 5994 5995 5764
f 5995 5695 5764
f 5996 5997 5994
f 5999 5997 5996
f 5997 5995 5994
f 6133 6000 5999
f 5999 6000 5997
f 6133 6134 6000
f 5995 5819 5695
f 5767 5695 5819
f 5997 5998 5995
f 6000 5998 5997
f 5998 5819 5995
f 6134 6001 6000
f 6000 6001 5998
f 6134 6135 6001
f 5767 5819 6008
f 5766 5767 6008
f 5998 5820 5819
f 6001 5820 5998
f 6008 5819 5820
f 6135 5821 6001
f 6001 5821 5820
f 6135 6136 5821
f 5766 6008 6005
f 5765 5766 6005
f 6008 5820 6009
f 6009 5820 5821
f 6005 6008 6009
f 6010 5821 6136
f 6009 5821 6010
f 6010 6136 5824
f 5765 6005 6002
f 6137 5765 6002
f 6137 6002 6138
f 6005 6009 6006
f 6006 6009 6010
f 6002 6005 6006
f 6007 6010 5824
f 6006 6010 6007
f 6007 5824 5823
f 6138 6002 6003
f 6002 6006 6003
f 6003 6006 6007
f 6138 6003 6139
f 6004 6007 5823
f 6003 6007 6004
f 6139 6003 6004
f 6004 5823 5822
f 6139 6004 6140
f 6140 6004 5822
f 6140 5822 6141
f 6162 6163 6164
f 6162 6029 6163
f 6168 6029 6162
f 6029 6165 6163
f 6168 6032 6029
f 6169 6032 6168
f 6029 6030 6165
f 6032 6030 6029
f 6030 6166 6165
f 6169 6035 6032
f 6158 6035 6169
f 6030 6031 6166
f 6031 6167 6166
f 6032 6033 6030
f 6035 6033 6032
f 6033 6031 6030
f 6158 5828 6035
f 6157 5828 6158
f 6031 5831 6167
f 6177 6167 5831
f 6033 6034 6031
f 6034 5831 6031
f 6035 6036 6033
f 5828 6036 6035
f 6036 6034 6033
f 6157 6022 5828
f 6156 6022 6157
f 6177 5831 6044
f 6176 6177 6044
f 5828 5829 6036
f 6022 5829 5828
f 6034 5832 5831
f 6044 5831 5832
f 6036 6037 6034
f 5829 6037 6036
f 6037 5832 6034
f 6156 6021 6022
f 6155 6021 6156
f 6176 6044 6041
f 6171 6176 6041
f 6022 6025 5829
f 6021 6025 6022
f 5829 5830 6037
f 6025 5830 5829
f 6037 5833 5832
f 5830 5833 6037
f 6044 5832 6045
f 6041 6044 6045
f 6045 5832 5833
f 6155 6020 6021
f 6153 6020 6155
f 6153 6154 6020
f 6021 6024 6025
f 6020 6024 6021
f 6154 6023 6020
f 6020 6023 6024
f 6154 6159 6023
f 6025 6028 5830
f 6024 6028 6025
f 5830 5683 5833
f 6028 5683 5830
f 6045 5833 6046
f 6046 5833 5683
f 6159 6026 6023
f 6159 6160 6026
f 6023 6027 6024
f 6024 6027 6028
f 6023 6026 6027
f 6028 5839 5683
f 6027 5839 6028
f 6160 5837 6026
f 6160 6161 5837
f 6026 5838 6027
f 6027 5838 5839
f 6026 5837 5838
f 5836 5683 5839
f 6046 5683 5836
f 6042 6045 6046
f 6041 6045 6042
f 6049 5837 6161
f 6049 6161 6182
f 6052 5838 5837
f 6052 5837 6049
f 6055 5839 5838
f 5836 5839 6055
f 6055 5838 6052
f 6043 6046 5836
f 6042 6046 6043
f 6038 6041 6042
f 6171 6041 6038
f 6170 6171 6038
f 6170 6038 6172
f 6038 6042 6039
f 6172 6038 6039
f 6039 6042 6043
f 6172 6039 6173
f 6173 6039 6040
f 6039 6043 6040
f 6173 6040 6174
f 6043 5836 5835
f 6040 6043 5835
f 5835 5836 6055
f 6174 6040 5834
f 6040 5835 5834
f 6174 5834 6175
f 5835 6055 6054
f 5834 5835 6054
f 6054 6055 6052
f 6175 5834 6053
f 5834 6054 6053
f 6175 6053 6184
f 6054 6052 6051
f 6053 6054 6051
f 6051 6052 6049
f 6184 6053 6050
f 6053 6051 6050
f 6184 6050 6183
f 6051 6049 6048
f 6050 6051 6048
f 6048 6049 6182
f 6048 6182 6181
f 6183 6050 6047
f 6050 6048 6047
f 6047 6048 6181
f 6183 6047 6178
f 6047 6181 6179
f 6178 6047 6179
f 6178 6179 6180
v 13.78935 -7.724325 6.651231
v 13.44075 -7.106689 7.316632
v 13.39885 -8.469798 7.138604
v 13.05024 -7.852161 7.804005
v 12.97095 -7.631602 6.133911
v 12.62112 -7.011802 6.801643
v 12.57907 -8.379686 6.622992
v 12.22925 -7.759886 7.290723
v 13.72188 -7.822332 7.417521
v 12.29812 -7.661667 6.522479
v 13.34919 -7.0945 6.546679
v 12.70721 -7.205535 7.547952
v 12.67081 -8.3895 7.393321
v 13.31279 -8.278464 6.392048
v 13.72537 -8.17686 6.878043
v 13.27276 -8.255143 7.583969
v 13.29842 -7.420413 7.692989
v 13.75103 -7.34213 6.987062
v 12.74765 -7.227289 6.35479
v 12.29353 -7.305833 7.063073
v 12.26778 -8.14335 6.95369
v 12.7219 -8.064805 6.245407
v 13.03574 -6.904813 7.07934
v 13.46538 -7.663597 6.262508
v 12.55606 -7.820513 7.678005
v 12.98551 -8.579658 6.861408
v 13.79981 -7.812009 6.686062
v 13.79784 -7.930415 6.739515
v 13.77386 -8.055982 6.804934
v 13.47393 -8.434109 7.092777
v 13.567 -8.371081 7.027613
v 13.65438 -8.284059 6.954044
v 13.38571 -8.449367 7.230369
v 13.36002 -8.406881 7.350436
v 13.32196 -8.341555 7.472523
v 13.0948 -7.933947 7.785649
v 13.15395 -8.041781 7.74377
v 13.2153 -8.15259 7.676102
v 13.0998 -7.77125 7.806898
v 13.16568 -7.660057 7.793625
v 13.23415 -7.539509 7.756173
v 13.42568 -7.14915 7.400183
v 13.39652 -7.219389 7.505527
v 13.35362 -7.311433 7.607062
v 13.5139 -7.133892 7.262591
v 13.6035 -7.18359 7.182705
v 13.68605 -7.253937 7.088583
v 13.80481 -7.649312 6.707311
v 13.80957 -7.54869 6.789371
v 13.79271 -7.442902 6.885005
v 12.92608 -7.549428 6.152471
v 12.86684 -7.441338 6.194418
v 12.8053 -7.330185 6.26235
v 12.63431 -7.032478 6.709399
v 12.66008 -7.075012 6.589074
v 12.69829 -7.140589 6.466608
v 12.54565 -7.047811 6.847665
v 12.45239 -7.110935 6.913006
v 12.36475 -7.198277 6.986815
v 12.21881 -7.671757 7.255587
v 12.22078 -7.553081 7.202071
v 12.24488 -7.427115 7.136425
v 12.21378 -7.835252 7.234234
v 12.209 -7.936118 7.152045
v 12.22597 -8.042239 7.056087
v 12.50556 -8.352201 6.677306
v 12.41576 -8.302444 6.757389
v 12.33298 -8.231835 6.851828
v 12.59421 -8.336868 6.53904
v 12.62346 -8.266521 6.433457
v 12.66651 -8.174148 6.331621
v 12.92105 -7.712923 6.131118
v 12.85507 -7.824375 6.144392
v 12.78639 -7.94531 6.182012
v 13.37446 -7.049133 7.280515
v 13.27636 -6.984727 7.224758
v 13.16063 -6.934547 7.156123
v 12.69061 -6.96947 6.850891
v 12.79232 -6.927431 6.920761
v 12.91075 -6.903599 6.999341
v 13.06601 -7.634581 6.134344
v 13.19499 -7.640871 6.152147
v 13.33239 -7.650631 6.194537
v 13.74859 -7.711992 6.566394
v 13.67768 -7.695753 6.458745
v 13.58087 -7.679096 6.353994
v 12.95536 -7.849188 7.803572
v 12.82681 -7.842918 7.785823
v 12.68989 -7.8332 7.743641
v 12.27009 -7.772243 7.375726
v 12.34123 -7.788537 7.483732
v 12.43843 -7.805249 7.588819
v 13.32949 -8.512047 7.089451
v 13.22812 -8.553944 7.019811
v 13.11012 -8.577749 6.941513
v 12.64549 -8.437355 6.659179
v 12.74391 -8.501977 6.715118
v 12.86007 -8.552281 6.784015
v 13.76677 -8.108843 7.015246
v 13.78133 -8.025544 7.154325
v 13.76617 -7.928587 7.29048
v 13.40706 -8.171058 7.576277
v 13.53018 -8.068982 7.546034
v 13.63675 -7.950972 7.492326
v 13.42745 -7.507661 7.662919
v 13.54442 -7.605803 7.606527
v 13.64409 -7.712296 7.523498
v 13.78716 -7.445446 7.101889
v 13.79557 -7.562364 7.214818
v 13.7735 -7.689912 7.321652
v 12.61291 -7.311578 6.362439
v 12.4895 -7.414061 6.39291
v 12.38259 -7.532485 6.446826
v 12.25193 -7.374013 6.925454
v 12.23749 -7.457648 6.785961
v 12.25274 -7.554945 6.649355
v 12.23146 -8.039757 6.838505
v 12.2232 -7.922415 6.72526
v 12.24537 -7.794428 6.618078
v 12.59244 -7.977321 6.27549
v 12.47521 -7.878828 6.33221
v 12.37523 -7.771969 6.415549
v 13.68862 -7.253001 6.87163
v 13.59957 -7.179598 6.756844
v 13.48471 -7.125933 6.646858
v 13.1238 -6.905579 6.939116
v 13.20749 -6.938493 6.800076
v 13.2836 -7.002285 6.667568
v 12.8917 -7.161175 6.368894
v 13.04366 -7.115098 6.405733
v 13.19937 -7.091778 6.465665
v 13.46219 -7.507992 6.295513
v 13.44206 -7.357234 6.354593
v 13.40467 -7.216546 6.439323
v 13.15916 -7.344574 7.697406
v 13.01081 -7.28143 7.67512
v 12.85785 -7.234355 7.624566
v 12.5698 -7.655678 7.685735
v 12.60046 -7.49416 7.665955
v 12.64686 -7.342166 7.619431
v 12.36047 -7.253056 7.197442
v 12.45324 -7.217216 7.326591
v 12.57067 -7.200517 7.446228
v 12.94668 -6.936213 7.215365
v 12.86006 -6.998585 7.341959
v 12.7792 -7.089524 7.454259
v 13.12914 -8.321022 7.569878
v 12.97743 -8.367255 7.533307
v 12.8223 -8.390455 7.473574
v 12.90084 -8.579598 6.996105
v 12.81817 -8.548229 7.133238
v 12.74033 -8.484761 7.268453
v 12.33036 -8.232781 7.069486
v 12.41977 -8.306094 7.184379
v 12.53503 -8.359993 7.294795
v 12.55976 -7.982332 7.643072
v 12.58076 -8.134914 7.582269
v 12.61826 -8.272397 7.497938
v 13.6586 -8.229448 6.744102
v 13.56619 -8.265424 6.61503
v 13.44917 -8.282033 6.495866
v 13.45254 -7.821974 6.254506
v 13.42288 -7.981344 6.273081
v 13.37639 -8.136539 6.319168
v 12.86159 -8.1409 6.240937
v 13.01018 -8.203977 6.263521
v 13.16373 -8.251254 6.314232
v 13.07109 -8.550153 6.730572
v 13.15658 -8.489698 6.605431
v 13.23918 -8.398481 6.490419
v 13.83249 -7.743623 6.788836
v 13.83681 -7.860367 6.861923
v 13.81548 -7.985925 6.938189
v 13.84328 -7.650023 6.889395
v 13.85167 -7.769479 6.982288
v 13.83145 -7.897956 7.071058
v 13.82897 -7.547187 6.99549
v 13.83855 -7.667102 7.101209
v 13.81816 -7.796959 7.200583
v 13.49533 -8.387247 7.209622
v 13.4855 -8.333028 7.335928
v 13.45519 -8.260721 7.461981
v 13.59955 -8.313301 7.158041
v 13.60211 -8.245891 7.293756
v 13.57805 -8.16438 7.426319
v 13.69309 -8.219575 7.090943
v 13.70323 -8.142731 7.231086
v 13.68418 -8.052728 7.367799
v 13.19436 -7.853994 7.784114
v 13.28016 -7.74742 7.767684
v 13.35942 -7.6284 7.727836
v 13.27369 -7.957765 7.740212
v 13.37932 -7.851175 7.718996
v 13.47069 -7.730727 7.674952
v 13.34593 -8.067138 7.670535
v 13.46359 -7.961581 7.644802
v 13.56458 -7.840819 7.596096
v 13.53151 -7.21037 7.363328
v 13.63148 -7.274759 7.293679
v 13.71971 -7.353604 7.204043
v 13.51742 -7.294486 7.471566
v 13.62889 -7.374763 7.407529
v 13.72408 -7.464302 7.319692
v 13.48182 -7.39475 7.575081
v 13.59891 -7.485952 7.514924
v 13.69856 -7.58505 7.42888
v 12.82619 -7.629798 6.154175
v 12.74672 -7.52558 6.197969
v 12.67421 -7.415843 6.267836
v 12.74023 -7.736769 6.170387
v 12.64076 -7.632605 6.219305
v 12.55625 -7.521843 6.293808
v 12.66067 -7.856172 6.210327
v 12.54913 -7.753461 6.263558
v 12.45496 -7.643004 6.342669
v 12.52433 -7.094974 6.73036
v 12.41971 -7.168881 6.782193
v 12.32582 -7.262897 6.849483
v 12.53422 -7.149075 6.603591
v 12.41722 -7.236551 6.645988
v 12.31582 -7.340092 6.708894
v 12.56458 -7.221601 6.477099
v 12.44141 -7.318371 6.513017
v 12.33495 -7.430377 6.571741
v 12.18618 -7.740495 7.152387
v 12.17516 -7.834502 7.051708
v 12.18947 -7.937671 6.945249
v 12.18166 -7.623314 7.07929
v 12.16681 -7.714578 6.958511
v 12.18005 -7.817297 6.839203
v 12.20301 -7.497342 7.002758
v 12.18717 -7.58568 6.869453
v 12.20051 -7.687014 6.739524
v 12.48804 -8.27532 6.576201
v 12.50218 -8.191201 6.467485
v 12.53786 -8.090616 6.363601
v 12.38767 -8.211007 6.646086
v 12.39035 -8.110632 6.531829
v 12.42048 -7.999048 6.424117
v 12.2991 -8.131912 6.735986
v 12.2949 -8.020769 6.619995
v 12.32052 -7.899642 6.510453
v 13.75416 -7.590658 6.605814
v 13.7527 -7.473118 6.677731
v 13.73201 -7.357826 6.768922
v 13.68002 -7.554155 6.495545
v 13.67178 -7.418175 6.561958
v 13.64604 -7.291155 6.651394
v 13.58041 -7.526853 6.388916
v 13.56627 -7.380094 6.451444
v 13.53505 -7.244072 6.539063
v 13.45319 -7.057404 7.180306
v 13.36062 -6.988274 7.105189
v 13.24674 -6.935678 7.025809
v 13.54089 -7.097855 7.082015
v 13.449 -7.023459 6.987199
v 13.33373 -6.96809 6.895309
v 13.62274 -7.164243 6.977476
v 13.53158 -7.088356 6.869877
v 13.41545 -7.032164 6.76736
v 12.74591 -6.975259 6.735325
v 12.79043 -7.010843 6.609512
v 12.83894 -7.073584 6.483446
v 12.86327 -6.929466 6.792347
v 12.92595 -6.962129 6.657788
v 12.98576 -7.02468 6.525594
v 12.99097 -6.903931 6.864758
v 13.06586 -6.935455 6.726247
v 13.13572 -6.998359 6.590258
v 13.04778 -7.510084 6.15914
v 13.1838 -7.497354 6.180542
v 13.32582 -7.497206 6.225602
v 13.00294 -7.387348 6.20389
v 13.14949 -7.358183 6.231106
v 13.29917 -7.348823 6.28091
v 12.94857 -7.267825 6.274183
v 13.10061 -7.228153 6.306386
v 13.25573 -7.210987 6.361187
v 13.31826 -7.08074 7.39074
v 13.2708 -7.144568 7.503267
v 13.21783 -7.234278 7.609016
v 13.20459 -7.015262 7.348555
v 13.13913 -7.077053 7.470484
v 13.0748 -7.167359 7.582295
v 13.07972 -6.964567 7.286311
v 13.00213 -7.025443 7.412495
v 12.92778 -7.11651 7.52796
v 12.98111 -7.724364 7.811526
v 12.8468 -7.698267 7.795087
v 12.70594 -7.678101 7.752803
v 13.03354 -7.597504 7.799386
v 12.88957 -7.553465 7.781951
v 12.74164 -7.522722 7.737605
v 13.09543 -7.467927 7.76177
v 12.94658 -7.412133 7.742323
v 12.7938 -7.372279 7.695176
v 12.27229 -7.644212 7.368651
v 12.2814 -7.512144 7.329251
v 12.30982 -7.378303 7.270423
v 12.34775 -7.641956 7.484503
v 12.36491 -7.493884 7.454802
v 12.39909 -7.349486 7.400525
v 12.44832 -7.648979 7.594226
v 12.47206 -7.491879 7.570927
v 12.51226 -7.339576 7.520748
v 12.61044 -6.998691 6.946624
v 12.7068 -6.956529 7.036387
v 12.82342 -6.932909 7.126076
v 12.51945 -7.057712 7.032153
v 12.61532 -7.015856 7.142279
v 12.73342 -6.992953 7.24474
v 12.43263 -7.143858 7.117148
v 12.52774 -7.103899 7.239965
v 12.6467 -7.082939 7.352965
v 12.97346 -7.973193 7.779028
v 13.01822 -8.095617 7.734332
v 13.07248 -8.214698 7.664239
v 12.83796 -7.986038 7.757503
v 12.872 -8.12493 7.707315
v 12.92068 -8.254539 7.632301
v 12.69647 -7.986134 7.712573
v 12.72284 -8.134274 7.657733
v 12.76615 -8.271659 7.577713
v 13.27444 -8.506447 7.204536
v 13.15735 -8.551919 7.147859
v 13.03014 -8.577309 7.075679
v 13.23003 -8.470881 7.330046
v 13.09479 -8.519646 7.282075
v 12.95538 -8.546277 7.213867
v 13.18174 -8.408281 7.455685
v 13.03515 -8.457338 7.413818
v 12.88575 -8.483567 7.349416
v 12.56647 -8.428889 6.759833
v 12.47854 -8.388406 6.858359
v 12.39642 -8.321873 6.963294
v 12.6594 -8.498412 6.83501
v 12.57084 -8.462829 6.953298
v 12.48796 -8.397675 7.070993
v 12.77367 -8.551252 6.914713
v 12.68653 -8.518345 7.045517
v 12.60455 -8.454073 7.173888
v 12.26461 -7.894064 7.336019
v 12.33888 -7.930524 7.446815
v 12.43882 -7.957977 7.553869
v 12.26604 -8.011901 7.26398
v 12.3473 -8.066774 7.37998
v 12.45321 -8.104977 7.490853
v 12.28679 -8.12763 7.172557
v 12.37312 -8.194201 7.290201
v 12.48454 -8.241446 7.40296
v 13.40936 -8.48311 6.994102
v 13.50012 -8.424169 6.908793
v 13.58665 -8.338247 6.824145
v 13.31338 -8.524931 6.904493
v 13.40465 -8.466052 6.79879
v 13.49192 -8.378336 6.7014
v 13.19716 -8.54842 6.815177
v 13.28698 -8.488924 6.696681
v 13.37342 -8.399221 6.588816
v 13.74651 -7.839487 6.573316
v 13.67117 -7.841926 6.457961
v 13.57094 -7.834887 6.348685
v 13.73738 -7.971233 6.612675
v 13.65421 -7.98964 6.487322
v 13.54747 -7.991645 6.371572
v 13.70905 -8.104597 6.67139
v 13.62014 -8.133561 6.541372
v 13.5074 -8.143453 6.4216
v 13.04009 -7.759936 6.126508
v 12.98757 -7.887105 6.138619
v 12.92554 -8.017154 6.176317
v 13.17492 -7.785922 6.142853
v 13.13188 -7.931073 6.156283
v 13.07464 -8.072868 6.196063
v 13.31632 -7.806205 6.185245
v 13.28032 -7.961921 6.200837
v 13.228 -8.112857 6.243399
v 12.70195 -8.405457 6.548535
v 12.81587 -8.471349 6.59097
v 12.94122 -8.522274 6.653395
v 12.74952 -8.341537 6.435717
v 12.88147 -8.409101 6.468807
v 13.01896 -8.460847 6.527024
v 12.80272 -8.251597 6.329591
v 12.94599 -8.318455 6.356622
v 13.09356 -8.369493 6.411182
v 13.7735 -7.689912 7.321652
v 13.72188 -7.822332 7.417521
v 13.72188 -7.822332 7.417521
v 13.27276 -8.255143 7.583969
v 13.40706 -8.171058 7.576277
v 13.53018 -8.068982 7.546034
v 13.63675 -7.950972 7.492326
v 13.72188 -7.822332 7.417521
v 13.72188 -7.822332 7.417521
v 13.72188 -7.822332 7.417521
v 13.7735 -7.689912 7.321652
v 12.29812 -7.661667 6.522479
v 12.29812 -7.661667 6.522479
v 12.29812 -7.661667 6.522479
v 12.29812 -7.661667 6.522479
v 12.26778 -8.14335 6.95369
v 12.23146 -8.039757 6.838505
v 12.2232 -7.922415 6.72526
v 12.24537 -7.794428 6.618078
v 12.29812 -7.661667 6.522479
v 13.78935 -7.724325 6.651231
v 13.80481 -7.649312 6.707311
v 13.80957 -7.54869 6.789371
v 13.79271 -7.442902 6.885005
v 13.75103 -7.34213 6.987062
v 13.5139 -7.133892 7.262591
v 13.44075 -7.106689 7.316632
v 13.6035 -7.18359 7.182705
v 13.68605 -7.253937 7.088583
v 12.62112 -7.011802 6.801643
v 12.63431 -7.032478 6.709399
v 12.66008 -7.075012 6.589074
v 12.69829 -7.140589 6.466608
v 12.74765 -7.227289 6.35479
v 12.92608 -7.549428 6.152471
v 12.97095 -7.631602 6.133911
v 12.86684 -7.441338 6.194418
v 12.8053 -7.330185 6.26235
v 13.44075 -7.106689 7.316632
v 13.37446 -7.049133 7.280515
v 13.42568 -7.14915 7.400183
v 13.39652 -7.219389 7.505527
v 13.35362 -7.311433 7.607062
v 13.29842 -7.420413 7.692989
v 13.27636 -6.984727 7.224758
v 13.16063 -6.934547 7.156123
v 13.03574 -6.904813 7.07934
v 13.0998 -7.77125 7.806898
v 13.05024 -7.852161 7.804005
v 13.16568 -7.660057 7.793625
v 13.23415 -7.539509 7.756173
v 12.22925 -7.759886 7.290723
v 12.21881 -7.671757 7.255587
v 12.22078 -7.553081 7.202071
v 12.24488 -7.427115 7.136425
v 12.29353 -7.305833 7.063073
v 12.54565 -7.047811 6.847665
v 12.69061 -6.96947 6.850891
v 12.62112 -7.011802 6.801643
v 12.79232 -6.927431 6.920761
v 12.91075 -6.903599 6.999341
v 12.45239 -7.110935 6.913006
v 12.36475 -7.198277 6.986815
v 13.05024 -7.852161 7.804005
v 12.95536 -7.849188 7.803572
v 13.0948 -7.933947 7.785649
v 13.15395 -8.041781 7.74377
v 13.2153 -8.15259 7.676102
v 13.27276 -8.255143 7.583969
v 12.82681 -7.842918 7.785823
v 12.68989 -7.8332 7.743641
v 12.55606 -7.820513 7.678005
v 13.38571 -8.449367 7.230369
v 13.39885 -8.469798 7.138604
v 13.36002 -8.406881 7.350436
v 13.32196 -8.341555 7.472523
v 13.27276 -8.255143 7.583969
v 13.12914 -8.321022 7.569878
v 12.97743 -8.367255 7.533307
v 12.8223 -8.390455 7.473574
v 12.67081 -8.3895 7.393321
v 12.57907 -8.379686 6.622992
v 12.50556 -8.352201 6.677306
v 12.41576 -8.302444 6.757389
v 12.33298 -8.231835 6.851828
v 12.26778 -8.14335 6.95369
v 12.21378 -7.835252 7.234234
v 12.27009 -7.772243 7.375726
v 12.22925 -7.759886 7.290723
v 12.34123 -7.788537 7.483732
v 12.43843 -7.805249 7.588819
v 12.209 -7.936118 7.152045
v 12.22597 -8.042239 7.056087
v 12.26778 -8.14335 6.95369
v 12.33036 -8.232781 7.069486
v 12.41977 -8.306094 7.184379
v 12.53503 -8.359993 7.294795
v 13.39885 -8.469798 7.138604
v 13.32949 -8.512047 7.089451
v 13.47393 -8.434109 7.092777
v 13.567 -8.371081 7.027613
v 13.65438 -8.284059 6.954044
v 13.72537 -8.17686 6.878043
v 13.22812 -8.553944 7.019811
v 13.11012 -8.577749 6.941513
v 12.98551 -8.579658 6.861408
v 13.79981 -7.812009 6.686062
v 13.74859 -7.711992 6.566394
v 13.78935 -7.724325 6.651231
v 13.67768 -7.695753 6.458745
v 13.58087 -7.679096 6.353994
v 13.46538 -7.663597 6.262508
v 13.79784 -7.930415 6.739515
v 13.77386 -8.055982 6.804934
v 12.97095 -7.631602 6.133911
v 13.06601 -7.634581 6.134344
v 12.92105 -7.712923 6.131118
v 12.85507 -7.824375 6.144392
v 12.78639 -7.94531 6.182012
v 12.7219 -8.064805 6.245407
v 13.19499 -7.640871 6.152147
v 13.33239 -7.650631 6.194537
v 12.59421 -8.336868 6.53904
v 12.64549 -8.437355 6.659179
v 12.57907 -8.379686 6.622992
v 12.74391 -8.501977 6.715118
v 12.86007 -8.552281 6.784015
v 12.62346 -8.266521 6.433457
v 12.66651 -8.174148 6.331621
f 6362 6571 6363
f 6359 6362 6363
f 6358 6362 6359
f 6358 6361 6362
f 6361 6293 6362
f 6362 6293 6294
f 6363 6294 6193
f 6390 6294 6293
f 6359 6363 6360
f 6360 6363 6285
f 6363 6572 6285
f 6355 6358 6359
f 6356 6359 6360
f 6355 6359 6356
f 6233 6361 6358
f 6232 6233 6358
f 6232 6358 6355
f 6185 6232 6355
f 6185 6355 6211
f 6211 6355 6356
f 6233 6234 6361
f 6211 6356 6212
f 6234 6292 6361
f 6234 6202 6292
f 6361 6292 6293
f 6212 6356 6357
f 6356 6360 6357
f 6212 6357 6213
f 6384 6292 6202
f 6384 6202 6231
f 6387 6293 6292
f 6387 6292 6384
f 6390 6293 6387
f 6357 6360 6284
f 6360 6285 6284
f 6213 6357 6283
f 6357 6284 6283
f 6213 6283 6199
f 6383 6384 6231
f 6383 6231 6230
f 6386 6387 6384
f 6386 6384 6383
f 6199 6283 6370
f 6199 6370 6216
f 6283 6284 6371
f 6283 6371 6370
f 6284 6285 6372
f 6284 6372 6371
f 6382 6383 6230
f 6382 6230 6229
f 6216 6370 6367
f 6216 6367 6215
f 6285 6288 6372
f 6285 6573 6288
f 6372 6288 6287
f 6372 6287 6369
f 6371 6372 6369
f 6369 6287 6286
f 6370 6371 6368
f 6371 6369 6368
f 6370 6368 6367
f 6369 6286 6366
f 6368 6369 6366
f 6366 6286 6200
f 6366 6200 6219
f 6368 6366 6365
f 6365 6366 6219
f 6367 6368 6365
f 6365 6219 6218
f 6367 6365 6364
f 6364 6365 6218
f 6215 6367 6364
f 6364 6218 6217
f 6215 6364 6214
f 6214 6364 6217
f 6214 6217 6187
f 6291 6580 6294
f 6381 6579 6291
f 6378 6381 6291
f 6378 6291 6290
f 6290 6291 6390
f 6291 6581 6390
f 6290 6390 6389
f 6389 6390 6387
f 6389 6387 6386
f 6289 6290 6389
f 6388 6389 6386
f 6289 6389 6388
f 6375 6378 6290
f 6375 6290 6289
f 6388 6386 6385
f 6385 6386 6383
f 6385 6383 6382
f 6201 6289 6388
f 6225 6289 6201
f 6225 6375 6289
f 6201 6388 6228
f 6228 6388 6385
f 6228 6385 6227
f 6227 6385 6382
f 6227 6382 6226
f 6226 6382 6229
f 6226 6229 6186
f 6224 6375 6225
f 6224 6374 6375
f 6223 6374 6224
f 6374 6378 6375
f 6223 6373 6374
f 6188 6373 6223
f 6188 6220 6373
f 6374 6377 6378
f 6373 6377 6374
f 6377 6381 6378
f 6220 6376 6373
f 6373 6376 6377
f 6220 6221 6376
f 6377 6380 6381
f 6376 6380 6377
f 6221 6379 6376
f 6376 6379 6380
f 6221 6222 6379
f 6380 6577 6381
f 6381 6577 6578
f 6380 6576 6577
f 6379 6576 6380
f 6379 6575 6576
f 6222 6575 6379
f 6222 6574 6575
f 6399 6306 6194
f 6398 6306 6399
f 6395 6398 6399
f 6395 6399 6396
f 6396 6399 6297
f 6399 6582 6297
f 6398 6305 6306
f 6394 6398 6395
f 6397 6305 6398
f 6394 6397 6398
f 6392 6395 6396
f 6391 6394 6395
f 6391 6395 6392
f 6257 6397 6394
f 6256 6257 6394
f 6256 6394 6391
f 6189 6256 6391
f 6189 6391 6235
f 6235 6391 6392
f 6257 6258 6397
f 6235 6392 6236
f 6258 6304 6397
f 6397 6304 6305
f 6258 6206 6304
f 6236 6392 6393
f 6392 6396 6393
f 6236 6393 6237
f 6420 6304 6206
f 6420 6206 6255
f 6423 6305 6304
f 6423 6304 6420
f 6393 6396 6296
f 6396 6297 6296
f 6237 6393 6295
f 6393 6296 6295
f 6237 6295 6203
f 6419 6420 6255
f 6419 6255 6254
f 6203 6295 6406
f 6203 6406 6240
f 6295 6296 6407
f 6295 6407 6406
f 6296 6297 6408
f 6296 6408 6407
f 6240 6406 6403
f 6240 6403 6239
f 6406 6407 6404
f 6406 6404 6403
f 6239 6403 6400
f 6239 6400 6238
f 6238 6400 6241
f 6238 6241 6190
f 6400 6242 6241
f 6403 6401 6400
f 6400 6401 6242
f 6403 6404 6401
f 6401 6243 6242
f 6401 6402 6243
f 6404 6402 6401
f 6402 6204 6243
f 6407 6405 6404
f 6404 6405 6402
f 6407 6408 6405
f 6402 6298 6204
f 6405 6298 6402
f 6246 6204 6298
f 6408 6299 6405
f 6405 6299 6298
f 6246 6298 6415
f 6415 6298 6299
f 6245 6246 6415
f 6408 6300 6299
f 6297 6300 6408
f 6297 6583 6300
f 6245 6415 6412
f 6244 6245 6412
f 6415 6299 6416
f 6416 6299 6300
f 6412 6415 6416
f 6244 6412 6409
f 6192 6244 6409
f 6192 6409 6247
f 6416 6300 6417
f 6417 6300 6584
f 6412 6416 6413
f 6409 6412 6413
f 6413 6416 6417
f 6247 6409 6410
f 6409 6413 6410
f 6247 6410 6248
f 6413 6417 6414
f 6410 6413 6414
f 6248 6410 6411
f 6410 6414 6411
f 6248 6411 6249
f 6414 6417 6303
f 6417 6585 6303
f 6414 6303 6302
f 6411 6414 6302
f 6411 6302 6301
f 6249 6411 6301
f 6249 6301 6205
f 6250 6253 6191
f 6250 6418 6253
f 6418 6254 6253
f 6251 6418 6250
f 6418 6419 6254
f 6251 6421 6418
f 6421 6419 6418
f 6252 6421 6251
f 6421 6422 6419
f 6422 6420 6419
f 6422 6423 6420
f 6252 6424 6421
f 6424 6422 6421
f 6586 6424 6252
f 6586 6587 6424
f 6424 6425 6422
f 6587 6425 6424
f 6425 6423 6422
f 6587 6588 6425
f 6425 6426 6423
f 6588 6426 6425
f 6426 6305 6423
f 6588 6589 6426
f 6426 6306 6305
f 6589 6306 6426
f 6589 6590 6306
f 6596 6259 6597
f 6596 6436 6259
f 6598 6436 6596
f 6436 6260 6259
f 6598 6439 6436
f 6599 6439 6598
f 6436 6437 6260
f 6439 6437 6436
f 6437 6261 6260
f 6599 6442 6439
f 6595 6442 6599
f 6437 6438 6261
f 6438 6207 6261
f 6439 6440 6437
f 6442 6440 6439
f 6440 6438 6437
f 6595 6307 6442
f 6594 6307 6595
f 6438 6310 6207
f 6264 6207 6310
f 6440 6441 6438
f 6441 6310 6438
f 6442 6443 6440
f 6307 6443 6442
f 6443 6441 6440
f 6594 6429 6307
f 6593 6429 6594
f 6264 6310 6451
f 6263 6264 6451
f 6307 6308 6443
f 6429 6308 6307
f 6441 6311 6310
f 6451 6310 6311
f 6443 6444 6441
f 6308 6444 6443
f 6444 6311 6441
f 6593 6428 6429
f 6592 6428 6593
f 6263 6451 6448
f 6262 6263 6448
f 6429 6432 6308
f 6428 6432 6429
f 6308 6309 6444
f 6432 6309 6308
f 6444 6312 6311
f 6309 6312 6444
f 6451 6311 6452
f 6448 6451 6452
f 6452 6311 6312
f 6592 6427 6428
f 6591 6427 6592
f 6591 6268 6427
f 6428 6431 6432
f 6427 6431 6428
f 6268 6430 6427
f 6427 6430 6431
f 6268 6269 6430
f 6432 6435 6309
f 6431 6435 6432
f 6309 6195 6312
f 6435 6195 6309
f 6452 6312 6453
f 6453 6312 6195
f 6269 6433 6430
f 6269 6270 6433
f 6430 6434 6431
f 6431 6434 6435
f 6430 6433 6434
f 6435 6318 6195
f 6434 6318 6435
f 6270 6316 6433
f 6270 6208 6316
f 6433 6317 6434
f 6434 6317 6318
f 6433 6316 6317
f 6315 6195 6318
f 6453 6195 6315
f 6449 6452 6453
f 6448 6452 6449
f 6456 6316 6208
f 6456 6208 6267
f 6459 6317 6316
f 6459 6316 6456
f 6462 6318 6317
f 6315 6318 6462
f 6462 6317 6459
f 6450 6453 6315
f 6449 6453 6450
f 6445 6448 6449
f 6262 6448 6445
f 6600 6262 6445
f 6600 6445 6601
f 6445 6449 6446
f 6601 6445 6446
f 6446 6449 6450
f 6601 6446 6602
f 6602 6446 6447
f 6446 6450 6447
f 6602 6447 6603
f 6450 6315 6314
f 6447 6450 6314
f 6314 6315 6462
f 6603 6447 6313
f 6447 6314 6313
f 6603 6313 6604
f 6314 6462 6461
f 6313 6314 6461
f 6461 6462 6459
f 6604 6313 6460
f 6313 6461 6460
f 6604 6460 6608
f 6461 6459 6458
f 6460 6461 6458
f 6458 6459 6456
f 6608 6460 6457
f 6460 6458 6457
f 6608 6457 6607
f 6458 6456 6455
f 6457 6458 6455
f 6455 6456 6267
f 6455 6267 6266
f 6607 6457 6454
f 6457 6455 6454
f 6454 6455 6266
f 6607 6454 6605
f 6454 6266 6265
f 6605 6454 6265
f 6605 6265 6606
f 6618 6271 6619
f 6618 6472 6271
f 6620 6472 6618
f 6472 6272 6271
f 6620 6475 6472
f 6621 6475 6620
f 6472 6473 6272
f 6475 6473 6472
f 6473 6273 6272
f 6621 6478 6475
f 6614 6478 6621
f 6473 6474 6273
f 6474 6209 6273
f 6475 6476 6473
f 6478 6476 6475
f 6476 6474 6473
f 6614 6319 6478
f 6613 6319 6614
f 6474 6322 6209
f 6276 6209 6322
f 6476 6477 6474
f 6477 6322 6474
f 6478 6479 6476
f 6319 6479 6478
f 6479 6477 6476
f 6613 6465 6319
f 6612 6465 6613
f 6276 6322 6487
f 6275 6276 6487
f 6319 6320 6479
f 6465 6320 6319
f 6477 6323 6322
f 6487 6322 6323
f 6479 6480 6477
f 6320 6480 6479
f 6480 6323 6477
f 6612 6464 6465
f 6611 6464 6612
f 6275 6487 6484
f 6274 6275 6484
f 6465 6468 6320
f 6464 6468 6465
f 6320 6321 6480
f 6468 6321 6320
f 6480 6324 6323
f 6321 6324 6480
f 6487 6323 6488
f 6484 6487 6488
f 6488 6323 6324
f 6611 6463 6464
f 6609 6463 6611
f 6609 6610 6463
f 6464 6467 6468
f 6463 6467 6464
f 6610 6466 6463
f 6463 6466 6467
f 6610 6615 6466
f 6468 6471 6321
f 6467 6471 6468
f 6321 6196 6324
f 6471 6196 6321
f 6488 6324 6489
f 6489 6324 6196
f 6615 6469 6466
f 6615 6616 6469
f 6466 6470 6467
f 6467 6470 6471
f 6466 6469 6470
f 6471 6330 6196
f 6470 6330 6471
f 6616 6328 6469
f 6616 6617 6328
f 6469 6329 6470
f 6470 6329 6330
f 6469 6328 6329
f 6327 6196 6330
f 6489 6196 6327
f 6485 6488 6489
f 6484 6488 6485
f 6492 6328 6617
f 6492 6617 6631
f 6495 6329 6328
f 6495 6328 6492
f 6498 6330 6329
f 6327 6330 6498
f 6498 6329 6495
f 6486 6489 6327
f 6485 6489 6486
f 6481 6484 6485
f 6274 6484 6481
f 6622 6274 6481
f 6622 6481 6623
f 6481 6485 6482
f 6623 6481 6482
f 6482 6485 6486
f 6623 6482 6624
f 6624 6482 6483
f 6482 6486 6483
f 6624 6483 6625
f 6486 6327 6326
f 6483 6486 6326
f 6326 6327 6498
f 6625 6483 6325
f 6483 6326 6325
f 6625 6325 6626
f 6326 6498 6497
f 6325 6326 6497
f 6497 6498 6495
f 6626 6325 6496
f 6325 6497 6496
f 6626 6496 6633
f 6497 6495 6494
f 6496 6497 6494
f 6494 6495 6492
f 6633 6496 6493
f 6496 6494 6493
f 6633 6493 6632
f 6494 6492 6491
f 6493 6494 6491
f 6491 6492 6631
f 6491 6631 6630
f 6632 6493 6490
f 6493 6491 6490
f 6490 6491 6630
f 6632 6490 6627
f 6490 6630 6628
f 6627 6490 6628
f 6627 6628 6629
f 6638 6331 6639
f 6638 6501 6331
f 6637 6501 6638
f 6501 6332 6331
f 6637 6500 6501
f 6636 6500 6637
f 6501 6504 6332
f 6500 6504 6501
f 6504 6333 6332
f 6636 6499 6500
f 6634 6499 6636
f 6634 6635 6499
f 6500 6503 6504
f 6499 6503 6500
f 6504 6507 6333
f 6503 6507 6504
f 6507 6197 6333
f 6635 6502 6499
f 6499 6502 6503
f 6635 6640 6502
f 6503 6506 6507
f 6502 6506 6503
f 6507 6342 6197
f 6506 6342 6507
f 6667 6197 6342
f 6640 6505 6502
f 6502 6505 6506
f 6640 6641 6505
f 6667 6342 6534
f 6666 6667 6534
f 6506 6341 6342
f 6505 6341 6506
f 6534 6342 6341
f 6641 6340 6505
f 6505 6340 6341
f 6641 6642 6340
f 6666 6534 6533
f 6665 6666 6533
f 6534 6341 6531
f 6531 6341 6340
f 6533 6534 6531
f 6528 6340 6642
f 6531 6340 6528
f 6528 6642 6661
f 6665 6533 6532
f 6664 6665 6532
f 6664 6532 6663
f 6533 6531 6530
f 6530 6531 6528
f 6532 6533 6530
f 6527 6528 6661
f 6530 6528 6527
f 6527 6661 6660
f 6663 6532 6529
f 6532 6530 6529
f 6529 6530 6527
f 6663 6529 6662
f 6526 6527 6660
f 6529 6527 6526
f 6662 6529 6526
f 6526 6660 6658
f 6662 6526 6657
f 6657 6526 6658
f 6657 6658 6659
f 6643 6277 6644
f 6643 6508 6277
f 6645 6508 6643
f 6508 6278 6277
f 6645 6511 6508
f 6646 6511 6645
f 6508 6509 6278
f 6511 6509 6508
f 6509 6279 6278
f 6646 6514 6511
f 6647 6514 6646
f 6647 6648 6514
f 6509 6510 6279
f 6510 6210 6279
f 6511 6512 6509
f 6514 6512 6511
f 6512 6510 6509
f 6648 6515 6514
f 6514 6515 6512
f 6648 6649 6515
f 6510 6334 6210
f 6282 6210 6334
f 6512 6513 6510
f 6515 6513 6512
f 6513 6334 6510
f 6649 6516 6515
f 6515 6516 6513
f 6649 6650 6516
f 6282 6334 6523
f 6281 6282 6523
f 6513 6335 6334
f 6516 6335 6513
f 6523 6334 6335
f 6650 6336 6516
f 6516 6336 6335
f 6650 6651 6336
f 6281 6523 6520
f 6280 6281 6520
f 6523 6335 6524
f 6524 6335 6336
f 6520 6523 6524
f 6525 6336 6651
f 6524 6336 6525
f 6525 6651 6339
f 6280 6520 6517
f 6652 6280 6517
f 6652 6517 6653
f 6520 6524 6521
f 6521 6524 6525
f 6517 6520 6521
f 6522 6525 6339
f 6521 6525 6522
f 6522 6339 6338
f 6653 6517 6518
f 6517 6521 6518
f 6518 6521 6522
f 6653 6518 6654
f 6519 6522 6338
f 6518 6522 6519
f 6654 6518 6519
f 6519 6338 6337
f 6654 6519 6655
f 6655 6519 6337
f 6655 6337 6656
f 6677 6678 6679
f 6677 6544 6678
f 6683 6544 6677
f 6544 6680 6678
f 6683 6547 6544
f 6684 6547 6683
f 6544 6545 6680
f 6547 6545 6544
f 6545 6681 6680
f 6684 6550 6547
f 6673 6550 6684
f 6545 6546 6681
f 6546 6682 6681
f 6547 6548 6545
f 6550 6548 6547
f 6548 6546 6545
f 6673 6343 6550
f 6672 6343 6673
f 6546 6346 6682
f 6692 6682 6346
f 6548 6549 6546
f 6549 6346 6546
f 6550 6551 6548
f 6343 6551 6550
f 6551 6549 6548
f 6672 6537 6343
f 6671 6537 6672
f 6692 6346 6559
f 6691 6692 6559
f 6343 6344 6551
f 6537 6344 6343
f 6549 6347 6346
f 6559 6346 6347
f 6551 6552 6549
f 6344 6552 6551
f 6552 6347 6549
f 6671 6536 6537
f 6670 6536 6671
f 6691 6559 6556
f 6686 6691 6556
f 6537 6540 6344
f 6536 6540 6537
f 6344 6345 6552
f 6540 6345 6344
f 6552 6348 6347
f 6345 6348 6552
f 6559 6347 6560
f 6556 6559 6560
f 6560 6347 6348
f 6670 6535 6536
f 6668 6535 6670
f 6668 6669 6535
f 6536 6539 6540
f 6535 6539 6536
f 6669 6538 6535
f 6535 6538 6539
f 6669 6674 6538
f 6540 6543 6345
f 6539 6543 6540
f 6345 6198 6348
f 6543 6198 6345
f 6560 6348 6561
f 6561 6348 6198
f 6674 6541 6538
f 6674 6675 6541
f 6538 6542 6539
f 6539 6542 6543
f 6538 6541 6542
f 6543 6354 6198
f 6542 6354 6543
f 6675 6352 6541
f 6675 6676 6352
f 6541 6353 6542
f 6542 6353 6354
f 6541 6352 6353
f 6351 6198 6354
f 6561 6198 6351
f 6557 6560 6561
f 6556 6560 6557
f 6564 6352 6676
f 6564 6676 6697
f 6567 6353 6352
f 6567 6352 6564
f 6570 6354 6353
f 6351 6354 6570
f 6570 6353 6567
f 6558 6561 6351
f 6557 6561 6558
f 6553 6556 6557
f 6686 6556 6553
f 6685 6686 6553
f 6685 6553 6687
f 6553 6557 6554
f 6687 6553 6554
f 6554 6557 6558
f 6687 6554 6688
f 6688 6554 6555
f 6554 6558 6555
f 6688 6555 6689
f 6558 6351 6350
f 6555 6558 6350
f 6350 6351 6570
f 6689 6555 6349
f 6555 6350 6349
f 6689 6349 6690
f 6350 6570 6569
f 6349 6350 6569
f 6569 6570 6567
f 6690 6349 6568
f 6349 6569 6568
f 6690 6568 6699
f 6569 6567 6566
f 6568 6569 6566
f 6566 6567 6564
f 6699 6568 6565
f 6568 6566 6565
f 6699 6565 6698
f 6566 6564 6563
f 6565 6566 6563
f 6563 6564 6697
f 6563 6697 6696
f 6698 6565 6562
f 6565 6563 6562
f 6562 6563 6696
f 6698 6562 6693
f 6562 6696 6694
f 6693 6562 6694
f 6693 6694 6695
v -44.355 -8.429982 -7.729629
v -43.89129 -9.670477 -8.33212
v -43.06947 -7.811049 -8.014565
v -42.60576 -9.051544 -8.617055
v -44.85736 -7.987312 -9.021554
v -44.39203 -9.232152 -9.626156
v -43.56733 -7.366211 -9.307488
v -43.102 -8.611052 -9.912089
v -43.29637 -8.903499 -7.696656
v -44.16363 -8.136502 -9.943344
v -44.84658 -9.05759 -8.572511
v -43.32723 -9.597466 -9.343309
v -42.61342 -7.982409 -9.067488
v -44.13277 -7.442535 -8.29669
v -43.70824 -8.030734 -7.65906
v -42.63706 -8.411361 -8.202496
v -43.14032 -9.550023 -8.396957
v -44.2115 -9.169395 -7.853523
v -44.82581 -8.629695 -9.437535
v -43.75105 -9.011593 -9.982785
v -43.24611 -7.869131 -9.787674
v -44.32087 -7.487233 -9.242424
v -44.23474 -9.662014 -9.015034
v -44.80399 -8.138781 -8.272765
v -42.65566 -8.901748 -9.365034
v -43.22429 -7.378215 -8.622903
v -44.24732 -8.349517 -7.683803
v -44.0895 -8.243045 -7.644554
v -43.90524 -8.13311 -7.633732
v -43.17455 -7.833015 -7.921582
v -43.32959 -7.877179 -7.812986
v -43.51193 -7.943748 -7.720908
v -42.96576 -7.907203 -8.027503
v -42.83974 -8.051241 -8.061501
v -42.72519 -8.223306 -8.120043
v -42.57879 -8.942401 -8.530284
v -42.56563 -8.784528 -8.417647
v -42.58331 -8.602834 -8.304374
v -42.67688 -9.164337 -8.568187
v -42.79577 -9.305241 -8.506576
v -42.95294 -9.439141 -8.4472
v -43.74966 -9.680839 -8.330407
v -43.55568 -9.671107 -8.338143
v -43.34624 -9.628503 -8.360023
v -43.95845 -9.60665 -8.224486
v -44.04553 -9.497046 -8.089629
v -44.13299 -9.348946 -7.960889
v -44.34541 -8.571453 -7.721705
v -44.31964 -8.763759 -7.733482
v -44.27486 -8.969418 -7.776558
v -44.88429 -8.097049 -9.108871
v -44.89754 -8.255282 -9.221696
v -44.87973 -8.437581 -9.335321
v -44.49617 -9.135319 -9.613145
v -44.62251 -8.991031 -9.579039
v -44.73738 -8.818377 -9.520268
v -44.28636 -9.20987 -9.719585
v -44.13097 -9.165691 -9.828407
v -43.94801 -9.098866 -9.920733
v -43.2104 -8.691835 -9.958071
v -43.36851 -8.798596 -9.997405
v -43.55339 -8.908872 -10.0082
v -43.11183 -8.468811 -9.919983
v -43.13757 -8.276093 -9.908172
v -43.18254 -8.069777 -9.864898
v -43.49995 -7.430541 -9.415709
v -43.41261 -7.540344 -9.550829
v -43.32488 -7.688981 -9.679951
v -43.70975 -7.355989 -9.309269
v -43.90414 -7.365684 -9.30146
v -44.11425 -7.408491 -9.279486
v -44.78572 -7.874024 -9.070784
v -44.6666 -7.732779 -9.132462
v -44.50887 -7.598485 -9.192019
v -43.96269 -9.702014 -8.450765
v -44.05548 -9.720788 -8.62053
v -44.14897 -9.708295 -8.81356
v -44.38079 -9.336965 -9.530577
v -44.35199 -9.463618 -9.385101
v -44.30289 -9.577374 -9.208642
v -44.88014 -8.001119 -8.881775
v -44.88762 -8.030706 -8.689156
v -44.86374 -8.076993 -8.479928
v -44.46035 -8.370692 -7.80416
v -44.58931 -8.292727 -7.92694
v -44.70797 -8.212902 -8.087268
v -42.58303 -9.037764 -8.756562
v -42.57558 -9.00827 -8.948549
v -42.59929 -8.962183 -9.157043
v -42.99644 -8.670458 -9.837414
v -42.86705 -8.748681 -9.714234
v -42.74804 -8.828773 -9.553272
v -43.0807 -7.706442 -8.109958
v -43.1094 -7.580209 -8.254959
v -43.15829 -7.46679 -8.430752
v -43.4958 -7.334611 -9.188612
v -43.40269 -7.315768 -9.018289
v -43.3089 -7.328393 -8.824558
v -43.59805 -8.232559 -7.600328
v -43.48988 -8.450194 -7.585046
v -43.38777 -8.677268 -7.6176
v -42.74673 -8.535061 -8.03222
v -42.8955 -8.661399 -7.88659
v -43.08149 -8.7861 -7.772985
v -43.1467 -9.440004 -8.186768
v -43.17475 -9.293226 -7.994495
v -43.22538 -9.111679 -7.828588
v -43.99802 -9.137504 -7.754876
v -43.76913 -9.082022 -7.69295
v -43.53167 -9.002846 -7.673203
v -44.71591 -8.505624 -9.608408
v -44.56647 -8.378902 -9.754306
v -44.37982 -8.253788 -9.86825
v -43.86158 -8.809196 -10.04183
v -43.97005 -8.590831 -10.05688
v -44.07249 -8.362989 -10.02416
v -43.4602 -7.90105 -9.886733
v -43.68984 -7.956839 -9.948609
v -43.92811 -8.036309 -9.968369
v -44.31453 -7.597478 -9.453314
v -44.28626 -7.744911 -9.646032
v -44.23543 -7.927107 -9.812459
v -44.40791 -9.178246 -7.98646
v -44.58438 -9.163058 -8.153561
v -44.73289 -9.122249 -8.35188
v -44.43464 -9.565599 -8.904957
v -44.60745 -9.428996 -8.791613
v -44.74654 -9.257463 -8.67936
v -44.89699 -8.749925 -9.244776
v -44.92642 -8.864499 -9.031523
v -44.91047 -8.969544 -8.802965
v -44.87967 -8.359674 -8.318962
v -44.91425 -8.592134 -8.384976
v -44.90419 -8.829209 -8.469794
v -43.15486 -9.623495 -8.622158
v -43.19098 -9.658182 -8.860467
v -43.2493 -9.649417 -9.104538
v -42.77477 -9.11721 -9.392613
v -42.9306 -9.309719 -9.398183
v -43.11714 -9.471879 -9.381535
v -43.63974 -9.196668 -9.882607
v -43.52909 -9.361015 -9.740417
v -43.42255 -9.498252 -9.557822
v -44.01545 -9.71455 -9.117619
v -43.78519 -9.721172 -9.208764
v -43.55281 -9.681637 -9.284969
v -42.56616 -8.291516 -8.394681
v -42.53633 -8.177 -8.60751
v -42.55228 -8.072371 -8.835209
v -43.03175 -7.469966 -8.728553
v -42.86044 -7.603302 -8.8402
v -42.71722 -7.776266 -8.954534
v -43.04906 -7.860217 -9.654367
v -42.87261 -7.875669 -9.486747
v -42.7235 -7.916601 -9.287705
v -42.57783 -8.671618 -9.316515
v -42.54428 -8.43566 -9.24891
v -42.5563 -8.202945 -9.164824
v -43.8192 -7.846267 -7.758983
v -43.92974 -7.681876 -7.900603
v -44.03587 -7.545204 -8.082551
v -44.69037 -7.931368 -8.245815
v -44.53797 -7.740779 -8.239581
v -44.34952 -7.574238 -8.255468
v -44.30631 -7.413474 -9.016536
v -44.26993 -7.379153 -8.777854
v -44.21142 -7.387893 -8.53285
v -43.43467 -7.326794 -8.524141
v -43.66134 -7.318715 -8.433885
v -43.89782 -7.35676 -8.355589
v -44.17847 -8.522879 -7.642509
v -43.99886 -8.435228 -7.59193
v -43.80164 -8.334401 -7.575793
v -44.12568 -8.72216 -7.640933
v -43.92012 -8.647575 -7.580966
v -43.70522 -8.553219 -7.560668
v -44.06615 -8.932886 -7.678003
v -43.8444 -8.868129 -7.614449
v -43.61504 -8.780434 -7.592567
v -43.06858 -7.988506 -7.888516
v -42.94787 -8.155091 -7.901992
v -42.8357 -8.34047 -7.950731
v -43.2178 -8.059177 -7.765051
v -43.09857 -8.252031 -7.763061
v -42.98687 -8.45526 -7.80452
v -43.39872 -8.140411 -7.6651
v -43.28312 -8.349993 -7.654226
v -43.17398 -8.56808 -7.690328
v -42.66822 -9.059522 -8.408693
v -42.79295 -9.195724 -8.317056
v -42.95488 -9.327759 -8.241777
v -42.66613 -8.908792 -8.268053
v -42.80223 -9.0448 -8.148098
v -42.97379 -9.177485 -8.056127
v -42.69036 -8.729274 -8.139567
v -42.83461 -8.862574 -8.002346
v -43.01488 -8.99369 -7.89704
v -43.77812 -9.593894 -8.162686
v -43.84393 -9.475861 -8.006993
v -43.92081 -9.321689 -7.866839
v -43.57401 -9.571774 -8.143934
v -43.62378 -9.440344 -7.966002
v -43.69214 -9.275442 -7.812275
v -43.3578 -9.521749 -8.152472
v -43.39589 -9.38071 -7.962569
v -43.45594 -9.206043 -7.79928
v -44.79424 -7.979479 -9.230791
v -44.79677 -8.130661 -9.371778
v -44.7725 -8.310737 -9.500745
v -44.66945 -7.842577 -9.322578
v -44.6601 -7.994142 -9.49207
v -44.62753 -8.177015 -9.638239
v -44.50703 -7.710081 -9.398164
v -44.48789 -7.861064 -9.58428
v -44.44669 -8.045466 -9.743858
v -44.3927 -9.053651 -9.752501
v -44.24309 -8.983154 -9.87654
v -44.06161 -8.901648 -9.976892
v -44.5141 -8.886854 -9.73905
v -44.36275 -8.789598 -9.878412
v -44.17754 -8.691296 -9.987513
v -44.62667 -8.700862 -9.690224
v -44.47477 -8.585681 -9.836722
v -44.28705 -8.47252 -9.951272
v -43.27953 -8.517703 -9.999233
v -43.33212 -8.317775 -10.00103
v -43.39185 -8.106341 -9.963921
v -43.45944 -8.605859 -10.05023
v -43.53842 -8.392714 -10.06112
v -43.6144 -8.171445 -10.02742
v -43.65732 -8.706998 -10.0665
v -43.75404 -8.487396 -10.08138
v -43.84449 -8.259446 -10.04936
v -43.68107 -7.443532 -9.477524
v -43.8858 -7.465282 -9.496272
v -44.10274 -7.515431 -9.487774
v -43.61479 -7.561582 -9.633762
v -43.83577 -7.597257 -9.674783
v -44.06439 -7.657164 -9.678148
v -43.53768 -7.716216 -9.774442
v -43.76716 -7.762779 -9.828938
v -44.00413 -7.832392 -9.84195
v -44.50428 -8.555264 -7.826584
v -44.50246 -8.759614 -7.853815
v -44.46947 -8.972977 -7.905876
v -44.65106 -8.500058 -7.960415
v -44.66836 -8.721951 -8.003716
v -44.64513 -8.947721 -8.066854
v -44.77941 -8.431593 -8.128228
v -44.80821 -8.662857 -8.18385
v -44.79263 -8.897488 -8.257896
v -44.10392 -9.626279 -8.346762
v -44.2262 -9.636605 -8.51242
v -44.33557 -9.61894 -8.704906
v -44.22072 -9.513313 -8.219876
v -44.37202 -9.51472 -8.388753
v -44.49889 -9.490348 -8.585752
v -44.32413 -9.361779 -8.094712
v -44.49287 -9.355036 -8.26468
v -44.63353 -9.323097 -8.464609
v -44.53696 -9.247907 -9.463571
v -44.68053 -9.11137 -9.404881
v -44.80488 -8.94128 -9.332378
v -44.53143 -9.371899 -9.298057
v -44.69313 -9.235368 -9.214873
v -44.82838 -9.062693 -9.126742
v -44.49389 -9.484566 -9.109401
v -44.66472 -9.348534 -9.009257
v -44.8072 -9.174219 -8.90685
v -44.9385 -8.173735 -8.941861
v -44.95778 -8.231321 -8.744095
v -44.93931 -8.292999 -8.530673
v -44.96321 -8.355178 -9.037609
v -44.99048 -8.439911 -8.828531
v -44.97507 -8.518301 -8.606025
v -44.95071 -8.551156 -9.1429
v -44.98115 -8.654026 -8.928259
v -44.96684 -8.747166 -8.699435
v -43.78461 -9.739742 -8.508757
v -43.58151 -9.740449 -8.544164
v -43.36582 -9.702297 -8.580883
v -43.85692 -9.767825 -8.699767
v -43.63867 -9.775301 -8.760795
v -43.41183 -9.739162 -8.813112
v -43.94028 -9.759399 -8.905446
v -43.7141 -9.769208 -8.983891
v -43.47938 -9.733204 -9.050134
v -42.67471 -9.20537 -8.754764
v -42.67911 -9.200755 -8.96083
v -42.70983 -9.166985 -9.178173
v -42.80045 -9.364397 -8.717286
v -42.81712 -9.379757 -8.942889
v -42.85657 -9.356339 -9.173961
v -42.96291 -9.508309 -8.670189
v -42.98973 -9.535937 -8.906671
v -43.03832 -9.52085 -9.147894
v -43.10317 -8.825889 -9.872965
v -43.25557 -8.961959 -9.903933
v -43.439 -9.088315 -9.909824
v -42.97913 -8.934402 -9.747911
v -43.13362 -9.099714 -9.770555
v -43.32088 -9.243973 -9.770547
v -42.86253 -9.030945 -9.584265
v -43.01758 -9.213862 -9.599103
v -43.2073 -9.372387 -9.592087
v -44.21634 -9.361836 -9.626233
v -44.16111 -9.503481 -9.485927
v -44.09736 -9.625465 -9.310568
v -44.03921 -9.339253 -9.730239
v -43.95795 -9.496599 -9.587843
v -43.87795 -9.628098 -9.408402
v -43.84329 -9.282965 -9.820214
v -43.74438 -9.447873 -9.676679
v -43.64985 -9.585461 -9.493995
v -42.52469 -8.86594 -8.696795
v -42.50013 -8.684916 -8.601244
v -42.51268 -8.489633 -8.496219
v -42.50562 -8.808206 -8.893789
v -42.47259 -8.600217 -8.809758
v -42.48185 -8.386806 -8.71042
v -42.52411 -8.746794 -9.106413
v -42.48787 -8.522118 -9.031491
v -42.49609 -8.293999 -8.938371
v -42.92505 -7.794925 -8.176619
v -42.93047 -7.671659 -8.341784
v -42.96796 -7.559446 -8.529735
v -42.78187 -7.931215 -8.235182
v -42.76893 -7.807449 -8.424722
v -42.79719 -7.694627 -8.629591
v -42.65802 -8.10083 -8.307383
v -42.63411 -7.979491 -8.512593
v -42.65518 -7.86839 -8.731658
v -43.35407 -7.410892 -9.293048
v -43.23693 -7.524043 -9.420235
v -43.13306 -7.676026 -9.545779
v -43.23151 -7.400187 -9.126723
v -43.08558 -7.522773 -9.250751
v -42.96437 -7.683024 -9.375276
v -43.12166 -7.417871 -8.933552
v -42.95829 -7.547299 -9.053041
v -42.8232 -7.715086 -9.17457
v -42.95253 -8.485064 -9.814758
v -42.80515 -8.540763 -9.680685
v -42.67624 -8.609438 -9.51228
v -42.95426 -8.280236 -9.787507
v -42.78822 -8.31823 -9.637093
v -42.64794 -8.377531 -9.456273
v -42.98723 -8.066152 -9.735258
v -42.8116 -8.09169 -9.573759
v -42.66356 -8.142139 -9.381984
v -43.24436 -7.681461 -8.014623
v -43.42109 -7.704079 -7.910894
v -43.61633 -7.760311 -7.821211
v -43.29976 -7.540439 -8.154437
v -43.50228 -7.546867 -8.05268
v -43.71514 -7.595364 -7.964161
v -43.36325 -7.418986 -8.329195
v -43.58197 -7.415766 -8.231452
v -43.80933 -7.458283 -8.146134
v -44.35426 -8.215835 -7.768616
v -44.47756 -8.107509 -7.893375
v -44.5937 -8.011402 -8.056468
v -44.20215 -8.080132 -7.737772
v -44.32383 -7.942411 -7.870585
v -44.43951 -7.828635 -8.041381
v -44.01924 -7.9543 -7.731905
v -44.13724 -7.79859 -7.870603
v -44.25039 -7.670637 -8.048373
v -44.78786 -7.83291 -8.883655
v -44.6619 -7.673455 -8.921184
v -44.49894 -7.52899 -8.968333
v -44.78381 -7.837682 -8.676871
v -44.64508 -7.658427 -8.695068
v -44.47187 -7.501744 -8.731471
v -44.75301 -7.871492 -8.458688
v -44.60543 -7.68197 -8.463195
v -44.4231 -7.516918 -8.489332
v -43.6747 -7.296962 -9.130386
v -43.60182 -7.268603 -8.938856
v -43.51819 -7.276971 -8.732385
v -43.87826 -7.29616 -9.094877
v -43.82075 -7.261542 -8.877781
v -43.74506 -7.267734 -8.653895
v -44.09466 -7.334342 -9.057943
v -44.04837 -7.297844 -8.825339
v -43.98054 -7.303843 -8.587424
v -43.53167 -9.002846 -7.673203
v -43.29637 -8.903499 -7.696656
v -43.29637 -8.903499 -7.696656
v -42.63706 -8.411361 -8.202496
v -42.74673 -8.535061 -8.03222
v -42.8955 -8.661399 -7.88659
v -43.08149 -8.7861 -7.772985
v -43.29637 -8.903499 -7.696656
v -43.29637 -8.903499 -7.696656
v -43.29637 -8.903499 -7.696656
v -43.53167 -9.002846 -7.673203
v -44.16363 -8.136502 -9.943344
v -44.16363 -8.136502 -9.943344
v -44.16363 -8.136502 -9.943344
v -44.16363 -8.136502 -9.943344
v -43.24611 -7.869131 -9.787674
v -43.4602 -7.90105 -9.886733
v -43.68984 -7.956839 -9.948609
v -43.92811 -8.036309 -9.968369
v -44.16363 -8.136502 -9.943344
v -44.355 -8.429982 -7.729629
v -44.34541 -8.571453 -7.721705
v -44.31964 -8.763759 -7.733482
v -44.27486 -8.969418 -7.776558
v -44.2115 -9.169395 -7.853523
v -43.95845 -9.60665 -8.224486
v -43.89129 -9.670477 -8.33212
v -44.04553 -9.497046 -8.089629
v -44.13299 -9.348946 -7.960889
v -44.39203 -9.232152 -9.626156
v -44.49617 -9.135319 -9.613145
v -44.62251 -8.991031 -9.579039
v -44.73738 -8.818377 -9.520268
v -44.82581 -8.629695 -9.437535
v -44.88429 -8.097049 -9.108871
v -44.85736 -7.987312 -9.021554
v -44.89754 -8.255282 -9.221696
v -44.87973 -8.437581 -9.335321
v -43.89129 -9.670477 -8.33212
v -43.96269 -9.702014 -8.450765
v -43.74966 -9.680839 -8.330407
v -43.55568 -9.671107 -8.338143
v -43.34624 -9.628503 -8.360023
v -43.14032 -9.550023 -8.396957
v -44.05548 -9.720788 -8.62053
v -44.14897 -9.708295 -8.81356
v -44.23474 -9.662014 -9.015034
v -42.67688 -9.164337 -8.568187
v -42.60576 -9.051544 -8.617055
v -42.79577 -9.305241 -8.506576
v -42.95294 -9.439141 -8.4472
v -43.102 -8.611052 -9.912089
v -43.2104 -8.691835 -9.958071
v -43.36851 -8.798596 -9.997405
v -43.55339 -8.908872 -10.0082
v -43.75105 -9.011593 -9.982785
v -44.28636 -9.20987 -9.719585
v -44.38079 -9.336965 -9.530577
v -44.39203 -9.232152 -9.626156
v -44.35199 -9.463618 -9.385101
v -44.30289 -9.577374 -9.208642
v -44.13097 -9.165691 -9.828407
v -43.94801 -9.098866 -9.920733
v -42.60576 -9.051544 -8.617055
v -42.58303 -9.037764 -8.756562
v -42.57879 -8.942401 -8.530284
v -42.56563 -8.784528 -8.417647
v -42.58331 -8.602834 -8.304374
v -42.63706 -8.411361 -8.202496
v -42.57558 -9.00827 -8.948549
v -42.59929 -8.962183 -9.157043
v -42.65566 -8.901748 -9.365034
v -42.96576 -7.907203 -8.027503
v -43.06947 -7.811049 -8.014565
v -42.83974 -8.051241 -8.061501
v -42.72519 -8.223306 -8.120043
v -42.63706 -8.411361 -8.202496
v -42.56616 -8.291516 -8.394681
v -42.53633 -8.177 -8.60751
v -42.55228 -8.072371 -8.835209
v -42.61342 -7.982409 -9.067488
v -43.56733 -7.366211 -9.307488
v -43.49995 -7.430541 -9.415709
v -43.41261 -7.540344 -9.550829
v -43.32488 -7.688981 -9.679951
v -43.24611 -7.869131 -9.787674
v -43.11183 -8.468811 -9.919983
v -42.99644 -8.670458 -9.837414
v -43.102 -8.611052 -9.912089
v -42.86705 -8.748681 -9.714234
v -42.74804 -8.828773 -9.553272
v -43.13757 -8.276093 -9.908172
v -43.18254 -8.069777 -9.864898
v -43.24611 -7.869131 -9.787674
v -43.04906 -7.860217 -9.654367
v -42.87261 -7.875669 -9.486747
v -42.7235 -7.916601 -9.287705
v -43.06947 -7.811049 -8.014565
v -43.0807 -7.706442 -8.109958
v -43.17455 -7.833015 -7.921582
v -43.32959 -7.877179 -7.812986
v -43.51193 -7.943748 -7.720908
v -43.70824 -8.030734 -7.65906
v -43.1094 -7.580209 -8.254959
v -43.15829 -7.46679 -8.430752
v -43.22429 -7.378215 -8.622903
v -44.24732 -8.349517 -7.683803
v -44.46035 -8.370692 -7.80416
v -44.355 -8.429982 -7.729629
v -44.58931 -8.292727 -7.92694
v -44.70797 -8.212902 -8.087268
v -44.80399 -8.138781 -8.272765
v -44.0895 -8.243045 -7.644554
v -43.90524 -8.13311 -7.633732
v -44.85736 -7.987312 -9.021554
v -44.88014 -8.001119 -8.881775
v -44.78572 -7.874024 -9.070784
v -44.6666 -7.732779 -9.132462
v -44.50887 -7.598485 -9.192019
v -44.32087 -7.487233 -9.242424
v -44.88762 -8.030706 -8.689156
v -44.86374 -8.076993 -8.479928
v -43.70975 -7.355989 -9.309269
v -43.4958 -7.334611 -9.188612
v -43.56733 -7.366211 -9.307488
v -43.40269 -7.315768 -9.018289
v -43.3089 -7.328393 -8.824558
v -43.90414 -7.365684 -9.30146
v -44.11425 -7.408491 -9.279486
f 6877 7086 6878
f 6874 6877 6878
f 6873 6877 6874
f 6873 6876 6877
f 6876 6808 6877
f 6877 6808 6809
f 6878 6809 6708
f 6905 6809 6808
f 6874 6878 6875
f 6875 6878 6800
f 6878 7087 6800
f 6870 6873 6874
f 6871 6874 6875
f 6870 6874 6871
f 6748 6876 6873
f 6747 6748 6873
f 6747 6873 6870
f 6700 6747 6870
f 6700 6870 6726
f 6726 6870 6871
f 6748 6749 6876
f 6726 6871 6727
f 6749 6807 6876
f 6749 6717 6807
f 6876 6807 6808
f 6727 6871 6872
f 6871 6875 6872
f 6727 6872 6728
f 6899 6807 6717
f 6899 6717 6746
f 6902 6808 6807
f 6902 6807 6899
f 6905 6808 6902
f 6872 6875 6799
f 6875 6800 6799
f 6728 6872 6798
f 6872 6799 6798
f 6728 6798 6714
f 6898 6899 6746
f 6898 6746 6745
f 6901 6902 6899
f 6901 6899 6898
f 6714 6798 6885
f 6714 6885 6731
f 6798 6799 6886
f 6798 6886 6885
f 6799 6800 6887
f 6799 6887 6886
f 6897 6898 6745
f 6897 6745 6744
f 6731 6885 6882
f 6731 6882 6730
f 6800 6803 6887
f 6800 7088 6803
f 6887 6803 6802
f 6887 6802 6884
f 6886 6887 6884
f 6884 6802 6801
f 6885 6886 6883
f 6886 6884 6883
f 6885 6883 6882
f 6884 6801 6881
f 6883 6884 6881
f 6881 6801 6715
f 6881 6715 6734
f 6883 6881 6880
f 6880 6881 6734
f 6882 6883 6880
f 6880 6734 6733
f 6882 6880 6879
f 6879 6880 6733
f 6730 6882 6879
f 6879 6733 6732
f 6730 6879 6729
f 6729 6879 6732
f 6729 6732 6702
f 6806 7095 6809
f 6896 7094 6806
f 6893 6896 6806
f 6893 6806 6805
f 6805 6806 6905
f 6806 7096 6905
f 6805 6905 6904
f 6904 6905 6902
f 6904 6902 6901
f 6804 6805 6904
f 6903 6904 6901
f 6804 6904 6903
f 6890 6893 6805
f 6890 6805 6804
f 6903 6901 6900
f 6900 6901 6898
f 6900 6898 6897
f 6716 6804 6903
f 6740 6804 6716
f 6740 6890 6804
f 6716 6903 6743
f 6743 6903 6900
f 6743 6900 6742
f 6742 6900 6897
f 6742 6897 6741
f 6741 6897 6744
f 6741 6744 6701
f 6739 6890 6740
f 6739 6889 6890
f 6738 6889 6739
f 6889 6893 6890
f 6738 6888 6889
f 6703 6888 6738
f 6703 6735 6888
f 6889 6892 6893
f 6888 6892 6889
f 6892 6896 6893
f 6735 6891 6888
f 6888 6891 6892
f 6735 6736 6891
f 6892 6895 6896
f 6891 6895 6892
f 6736 6894 6891
f 6891 6894 6895
f 6736 6737 6894
f 6895 7092 6896
f 6896 7092 7093
f 6895 7091 7092
f 6894 7091 6895
f 6894 7090 7091
f 6737 7090 6894
f 6737 7089 7090
f 6914 6821 6709
f 6913 6821 6914
f 6910 6913 6914
f 6910 6914 6911
f 6911 6914 6812
f 6914 7097 6812
f 6913 6820 6821
f 6909 6913 6910
f 6912 6820 6913
f 6909 6912 6913
f 6907 6910 6911
f 6906 6909 6910
f 6906 6910 6907
f 6772 6912 6909
f 6771 6772 6909
f 6771 6909 6906
f 6704 6771 6906
f 6704 6906 6750
f 6750 6906 6907
f 6772 6773 6912
f 6750 6907 6751
f 6773 6819 6912
f 6912 6819 6820
f 6773 6721 6819
f 6751 6907 6908
f 6907 6911 6908
f 6751 6908 6752
f 6935 6819 6721
f 6935 6721 6770
f 6938 6820 6819
f 6938 6819 6935
f 6908 6911 6811
f 6911 6812 6811
f 6752 6908 6810
f 6908 6811 6810
f 6752 6810 6718
f 6934 6935 6770
f 6934 6770 6769
f 6718 6810 6921
f 6718 6921 6755
f 6810 6811 6922
f 6810 6922 6921
f 6811 6812 6923
f 6811 6923 6922
f 6755 6921 6918
f 6755 6918 6754
f 6921 6922 6919
f 6921 6919 6918
f 6754 6918 6915
f 6754 6915 6753
f 6753 6915 6756
f 6753 6756 6705
f 6915 6757 6756
f 6918 6916 6915
f 6915 6916 6757
f 6918 6919 6916
f 6916 6758 6757
f 6916 6917 6758
f 6919 6917 6916
f 6917 6719 6758
f 6922 6920 6919
f 6919 6920 6917
f 6922 6923 6920
f 6917 6813 6719
f 6920 6813 6917
f 6761 6719 6813
f 6923 6814 6920
f 6920 6814 6813
f 6761 6813 6930
f 6930 6813 6814
f 6760 6761 6930
f 6923 6815 6814
f 6812 6815 6923
f 6812 7098 6815
f 6760 6930 6927
f 6759 6760 6927
f 6930 6814 6931
f 6931 6814 6815
f 6927 6930 6931
f 6759 6927 6924
f 6707 6759 6924
f 6707 6924 6762
f 6931 6815 6932
f 6932 6815 7099
f 6927 6931 6928
f 6924 6927 6928
f 6928 6931 6932
f 6762 6924 6925
f 6924 6928 6925
f 6762 6925 6763
f 6928 6932 6929
f 6925 6928 6929
f 6763 6925 6926
f 6925 6929 6926
f 6763 6926 6764
f 6929 6932 6818
f 6932 7100 6818
f 6929 6818 6817
f 6926 6929 6817
f 6926 6817 6816
f 6764 6926 6816
f 6764 6816 6720
f 6765 6768 6706
f 6765 6933 6768
f 6933 6769 6768
f 6766 6933 6765
f 6933 6934 6769
f 6766 6936 6933
f 6936 6934 6933
f 6767 6936 6766
f 6936 6937 6934
f 6937 6935 6934
f 6937 6938 6935
f 6767 6939 6936
f 6939 6937 6936
f 7101 6939 6767
f 7101 7102 6939
f 6939 6940 6937
f 7102 6940 6939
f 6940 6938 6937
f 7102 7103 6940
f 6940 6941 6938
f 7103 6941 6940
f 6941 6820 6938
f 7103 7104 6941
f 6941 6821 6820
f 7104 6821 6941
f 7104 7105 6821
f 7111 6774 7112
f 7111 6951 6774
f 7113 6951 7111
f 6951 6775 6774
f 7113 6954 6951
f 7114 6954 7113
f 6951 6952 6775
f 6954 6952 6951
f 6952 6776 6775
f 7114 6957 6954
f 7110 6957 7114
f 6952 6953 6776
f 6953 6722 6776
f 6954 6955 6952
f 6957 6955 6954
f 6955 6953 6952
f 7110 6822 6957
f 7109 6822 7110
f 6953 6825 6722
f 6779 6722 6825
f 6955 6956 6953
f 6956 6825 6953
f 6957 6958 6955
f 6822 6958 6957
f 6958 6956 6955
f 7109 6944 6822
f 7108 6944 7109
f 6779 6825 6966
f 6778 6779 6966
f 6822 6823 6958
f 6944 6823 6822
f 6956 6826 6825
f 6966 6825 6826
f 6958 6959 6956
f 6823 6959 6958
f 6959 6826 6956
f 7108 6943 6944
f 7107 6943 7108
f 6778 6966 6963
f 6777 6778 6963
f 6944 6947 6823
f 6943 6947 6944
f 6823 6824 6959
f 6947 6824 6823
f 6959 6827 6826
f 6824 6827 6959
f 6966 6826 6967
f 6963 6966 6967
f 6967 6826 6827
f 7107 6942 6943
f 7106 6942 7107
f 7106 6783 6942
f 6943 6946 6947
f 6942 6946 6943
f 6783 6945 6942
f 6942 6945 6946
f 6783 6784 6945
f 6947 6950 6824
f 6946 6950 6947
f 6824 6710 6827
f 6950 6710 6824
f 6967 6827 6968
f 6968 6827 6710
f 6784 6948 6945
f 6784 6785 6948
f 6945 6949 6946
f 6946 6949 6950
f 6945 6948 6949
f 6950 6833 6710
f 6949 6833 6950
f 6785 6831 6948
f 6785 6723 6831
f 6948 6832 6949
f 6949 6832 6833
f 6948 6831 6832
f 6830 6710 6833
f 6968 6710 6830
f 6964 6967 6968
f 6963 6967 6964
f 6971 6831 6723
f 6971 6723 6782
f 6974 6832 6831
f 6974 6831 6971
f 6977 6833 6832
f 6830 6833 6977
f 6977 6832 6974
f 6965 6968 6830
f 6964 6968 6965
f 6960 6963 6964
f 6777 6963 6960
f 7115 6777 6960
f 7115 6960 7116
f 6960 6964 6961
f 7116 6960 6961
f 6961 6964 6965
f 7116 6961 7117
f 7117 6961 6962
f 6961 6965 6962
f 7117 6962 7118
f 6965 6830 6829
f 6962 6965 6829
f 6829 6830 6977
f 7118 6962 6828
f 6962 6829 6828
f 7118 6828 7119
f 6829 6977 6976
f 6828 6829 6976
f 6976 6977 6974
f 7119 6828 6975
f 6828 6976 6975
f 7119 6975 7123
f 6976 6974 6973
f 6975 6976 6973
f 6973 6974 6971
f 7123 6975 6972
f 6975 6973 6972
f 7123 6972 7122
f 6973 6971 6970
f 6972 6973 6970
f 6970 6971 6782
f 6970 6782 6781
f 7122 6972 6969
f 6972 6970 6969
f 6969 6970 6781
f 7122 6969 7120
f 6969 6781 6780
f 7120 6969 6780
f 7120 6780 7121
f 7133 6786 7134
f 7133 6987 6786
f 7135 6987 7133
f 6987 6787 6786
f 7135 6990 6987
f 7136 6990 7135
f 6987 6988 6787
f 6990 6988 6987
f 6988 6788 6787
f 7136 6993 6990
f 7129 6993 7136
f 6988 6989 6788
f 6989 6724 6788
f 6990 6991 6988
f 6993 6991 6990
f 6991 6989 6988
f 7129 6834 6993
f 7128 6834 7129
f 6989 6837 6724
f 6791 6724 6837
f 6991 6992 6989
f 6992 6837 6989
f 6993 6994 6991
f 6834 6994 6993
f 6994 6992 6991
f 7128 6980 6834
f 7127 6980 7128
f 6791 6837 7002
f 6790 6791 7002
f 6834 6835 6994
f 6980 6835 6834
f 6992 6838 6837
f 7002 6837 6838
f 6994 6995 6992
f 6835 6995 6994
f 6995 6838 6992
f 7127 6979 6980
f 7126 6979 7127
f 6790 7002 6999
f 6789 6790 6999
f 6980 6983 6835
f 6979 6983 6980
f 6835 6836 6995
f 6983 6836 6835
f 6995 6839 6838
f 6836 6839 6995
f 7002 6838 7003
f 6999 7002 7003
f 7003 6838 6839
f 7126 6978 6979
f 7124 6978 7126
f 7124 7125 6978
f 6979 6982 6983
f 6978 6982 6979
f 7125 6981 6978
f 6978 6981 6982
f 7125 7130 6981
f 6983 6986 6836
f 6982 6986 6983
f 6836 6711 6839
f 6986 6711 6836
f 7003 6839 7004
f 7004 6839 6711
f 7130 6984 6981
f 7130 7131 6984
f 6981 6985 6982
f 6982 6985 6986
f 6981 6984 6985
f 6986 6845 6711
f 6985 6845 6986
f 7131 6843 6984
f 7131 7132 6843
f 6984 6844 6985
f 6985 6844 6845
f 6984 6843 6844
f 6842 6711 6845
f 7004 6711 6842
f 7000 7003 7004
f 6999 7003 7000
f 7007 6843 7132
f 7007 7132 7146
f 7010 6844 6843
f 7010 6843 7007
f 7013 6845 6844
f 6842 6845 7013
f 7013 6844 7010
f 7001 7004 6842
f 7000 7004 7001
f 6996 6999 7000
f 6789 6999 6996
f 7137 6789 6996
f 7137 6996 7138
f 6996 7000 6997
f 7138 6996 6997
f 6997 7000 7001
f 7138 6997 7139
f 7139 6997 6998
f 6997 7001 6998
f 7139 6998 7140
f 7001 6842 6841
f 6998 7001 6841
f 6841 6842 7013
f 7140 6998 6840
f 6998 6841 6840
f 7140 6840 7141
f 6841 7013 7012
f 6840 6841 7012
f 7012 7013 7010
f 7141 6840 7011
f 6840 7012 7011
f 7141 7011 7148
f 7012 7010 7009
f 7011 7012 7009
f 7009 7010 7007
f 7148 7011 7008
f 7011 7009 7008
f 7148 7008 7147
f 7009 7007 7006
f 7008 7009 7006
f 7006 7007 7146
f 7006 7146 7145
f 7147 7008 7005
f 7008 7006 7005
f 7005 7006 7145
f 7147 7005 7142
f 7005 7145 7143
f 7142 7005 7143
f 7142 7143 7144
f 7153 6846 7154
f 7153 7016 6846
f 7152 7016 7153
f 7016 6847 6846
f 7152 7015 7016
f 7151 7015 7152
f 7016 7019 6847
f 7015 7019 7016
f 7019 6848 6847
f 7151 7014 7015
f 7149 7014 7151
f 7149 7150 7014
f 7015 7018 7019
f 7014 7018 7015
f 7019 7022 6848
f 7018 7022 7019
f 7022 6712 6848
f 7150 7017 7014
f 7014 7017 7018
f 7150 7155 7017
f 7018 7021 7022
f 7017 7021 7018
f 7022 6857 6712
f 7021 6857 7022
f 7182 6712 6857
f 7155 7020 7017
f 7017 7020 7021
f 7155 7156 7020
f 7182 6857 7049
f 7181 7182 7049
f 7021 6856 6857
f 7020 6856 7021
f 7049 6857 6856
f 7156 6855 7020
f 7020 6855 6856
f 7156 7157 6855
f 7181 7049 7048
f 7180 7181 7048
f 7049 6856 7046
f 7046 6856 6855
f 7048 7049 7046
f 7043 6855 7157
f 7046 6855 7043
f 7043 7157 7176
f 7180 7048 7047
f 7179 7180 7047
f 7179 7047 7178
f 7048 7046 7045
f 7045 7046 7043
f 7047 7048 7045
f 7042 7043 7176
f 7045 7043 7042
f 7042 7176 7175
f 7178 7047 7044
f 7047 7045 7044
f 7044 7045 7042
f 7178 7044 7177
f 7041 7042 7175
f 7044 7042 7041
f 7177 7044 7041
f 7041 7175 7173
f 7177 7041 7172
f 7172 7041 7173
f 7172 7173 7174
f 7158 6792 7159
f 7158 7023 6792
f 7160 7023 7158
f 7023 6793 6792
f 7160 7026 7023
f 7161 7026 7160
f 7023 7024 6793
f 7026 7024 7023
f 7024 6794 6793
f 7161 7029 7026
f 7162 7029 7161
f 7162 7163 7029
f 7024 7025 6794
f 7025 6725 6794
f 7026 7027 7024
f 7029 7027 7026
f 7027 7025 7024
f 7163 7030 7029
f 7029 7030 7027
f 7163 7164 7030
f 7025 6849 6725
f 6797 6725 6849
f 7027 7028 7025
f 7030 7028 7027
f 7028 6849 7025
f 7164 7031 7030
f 7030 7031 7028
f 7164 7165 7031
f 6797 6849 7038
f 6796 6797 7038
f 7028 6850 6849
f 7031 6850 7028
f 7038 6849 6850
f 7165 6851 7031
f 7031 6851 6850
f 7165 7166 6851
f 6796 7038 7035
f 6795 6796 7035
f 7038 6850 7039
f 7039 6850 6851
f 7035 7038 7039
f 7040 6851 7166
f 7039 6851 7040
f 7040 7166 6854
f 6795 7035 7032
f 7167 6795 7032
f 7167 7032 7168
f 7035 7039 7036
f 7036 7039 7040
f 7032 7035 7036
f 7037 7040 6854
f 7036 7040 7037
f 7037 6854 6853
f 7168 7032 7033
f 7032 7036 7033
f 7033 7036 7037
f 7168 7033 7169
f 7034 7037 6853
f 7033 7037 7034
f 7169 7033 7034
f 7034 6853 6852
f 7169 7034 7170
f 7170 7034 6852
f 7170 6852 7171
f 7192 7193 7194
f 7192 7059 7193
f 7198 7059 7192
f 7059 7195 7193
f 7198 7062 7059
f 7199 7062 7198
f 7059 7060 7195
f 7062 7060 7059
f 7060 7196 7195
f 7199 7065 7062
f 7188 7065 7199
f 7060 7061 7196
f 7061 7197 7196
f 7062 7063 7060
f 7065 7063 7062
f 7063 7061 7060
f 7188 6858 7065
f 7187 6858 7188
f 7061 6861 7197
f 7207 7197 6861
f 7063 7064 7061
f 7064 6861 7061
f 7065 7066 7063
f 6858 7066 7065
f 7066 7064 7063
f 7187 7052 6858
f 7186 7052 7187
f 7207 6861 7074
f 7206 7207 7074
f 6858 6859 7066
f 7052 6859 6858
f 7064 6862 6861
f 7074 6861 6862
f 7066 7067 7064
f 6859 7067 7066
f 7067 6862 7064
f 7186 7051 7052
f 7185 7051 7186
f 7206 7074 7071
f 7201 7206 7071
f 7052 7055 6859
f 7051 7055 7052
f 6859 6860 7067
f 7055 6860 6859
f 7067 6863 6862
f 6860 6863 7067
f 7074 6862 7075
f 7071 7074 7075
f 7075 6862 6863
f 7185 7050 7051
f 7183 7050 7185
f 7183 7184 7050
f 7051 7054 7055
f 7050 7054 7051
f 7184 7053 7050
f 7050 7053 7054
f 7184 7189 7053
f 7055 7058 6860
f 7054 7058 7055
f 6860 6713 6863
f 7058 6713 6860
f 7075 6863 7076
f 7076 6863 6713
f 7189 7056 7053
f 7189 7190 7056
f 7053 7057 7054
f 7054 7057 7058
f 7053 7056 7057
f 7058 6869 6713
f 7057 6869 7058
f 7190 6867 7056
f 7190 7191 6867
f 7056 6868 7057
f 7057 6868 6869
f 7056 6867 6868
f 6866 6713 6869
f 7076 6713 6866
f 7072 7075 7076
f 7071 7075 7072
f 7079 6867 7191
f 7079 7191 7212
f 7082 6868 6867
f 7082 6867 7079
f 7085 6869 6868
f 6866 6869 7085
f 7085 6868 7082
f 7073 7076 6866
f 7072 7076 7073
f 7068 7071 7072
f 7201 7071 7068
f 7200 7201 7068
f 7200 7068 7202
f 7068 7072 7069
f 7202 7068 7069
f 7069 7072 7073
f 7202 7069 7203
f 7203 7069 7070
f 7069 7073 7070
f 7203 7070 7204
f 7073 6866 6865
f 7070 7073 6865
f 6865 6866 7085
f 7204 7070 6864
f 7070 6865 6864
f 7204 6864 7205
f 6865 7085 7084
f 6864 6865 7084
f 7084 7085 7082
f 7205 6864 7083
f 6864 7084 7083
f 7205 7083 7214
f 7084 7082 7081
f 7083 7084 7081
f 7081 7082 7079
f 7214 7083 7080
f 7083 7081 7080
f 7214 7080 7213
f 7081 7079 7078
f 7080 7081 7078
f 7078 7079 7212
f 7078 7212 7211
f 7213 7080 7077
f 7080 7078 7077
f 7077 7078 7211
f 7213 7077 7208
f 7077 7211 7209
f 7208 7077 7209
f 7208 7209 7210
