v 1.546314 50.12401 -60.11405
v 1.546313 50.12401 -58
v 3.523037 50.42826 -60.15778
v 3.523036 50.42826 -59
v 17.6902 -17.50726 -60.45334
v 17.76352 -17.49597 -58
v 13.73719 -18.11568 -60.39359
v 13.81051 -18.1044 -57
v 13.73719 -18.11568 -60.39359
v 13.81051 -18.1044 -57
v 13.59486 -15.10226 -60.43806
v 13.21346 -15.16096 -56
v 13.21346 -15.16096 -56
v 13.81051 -18.1044 -57
v 17.1669 -14.55247 -57
v 17.76352 -17.49597 -58
v 17.1669 -14.55247 -57
v 17.76352 -17.49597 -58
v 16.17854 -14.7046 -60
v 17.6902 -17.50726 -60.45334
v 16.17854 -14.7046 -60
v 17.6902 -17.50726 -60.45334
v 13.73719 -18.11568 -60.39359
v 13.59486 -15.10226 -60.43806
v 6.000716 29.56232 -61.70791
v 1.546313 50.12401 -58
v 1.546314 50.12401 -60.11405
v 5.758702 29.52507 -55
v 13.59486 -15.10226 -60.43806
v 5.758702 29.52507 -55
v 6.000716 29.56232 -61.70791
v 13.21346 -15.16096 -56
v 5.758702 29.52507 -55
v 10.90952 30.31786 -57
v 1.546313 50.12401 -58
v 3.523036 50.42826 -59
v 13.21346 -15.16096 -56
v 17.1669 -14.55247 -57
v 5.758702 29.52507 -55
v 10.90952 30.31786 -57
v 3.523036 50.42826 -59
v 10.90952 30.31786 -57
v 10.1871 30.20667 -61.40645
v 3.523037 50.42826 -60.15778
v 10.90952 30.31786 -57
v 17.1669 -14.55247 -57
v 16.17854 -14.7046 -60
v 10.1871 30.20667 -61.40645
v 3.523037 50.42826 -60.15778
v 10.1871 30.20667 -61.40645
v 1.546314 50.12401 -60.11405
v 6.000716 29.56232 -61.70791
v 10.1871 30.20667 -61.40645
v 16.17854 -14.7046 -60
v 6.000716 29.56232 -61.70791
v 13.59486 -15.10226 -60.43806
f 1 2 3
f 2 4 3
f 5 6 7
f 6 8 7
f 9 10 11
f 11 10 12
f 13 14 15
f 14 16 15
f 17 18 19
f 18 20 19
f 21 22 23
f 21 23 24
f 25 26 27
f 28 26 25
f 29 30 31
f 32 30 29
f 33 34 35
f 35 34 36
f 37 38 39
f 39 38 40
f 41 42 43
f 41 43 44
f 45 46 47
f 45 47 48
f 49 50 51
f 51 50 52
f 53 54 55
f 55 54 56
v -124.3646 -20.41446 -5.65312
v -127.7878 -20.7112 -9.142923
v -126.659 19 -11.61888
v -124.3977 20 -7.010805
v -127.7878 -20.7112 -9.142923
v -130.07 -20.90903 -11.46947
v -130.1032 19 -12.82713
v -126.659 19 -11.61888
v -134.7512 20 -8.353989
v -133.5978 -19.44371 -3.551512
v -133.631 21 -4.909165
v -135.88 -19.64153 -5.87803
v -133.631 21 -4.909165
v -131.3156 -19.24588 -1.224959
v -130.1868 21 -3.700915
v -133.5978 -19.44371 -3.551512
v -130.07 -20.90903 -11.46947
v -134.6971 -20.24744 -9.277868
v -130.1032 19 -12.82713
v -133.5683 20 -11.75383
v -135.88 -19.64153 -5.87803
v -133.5683 20 -11.75383
v -134.6971 -20.24744 -9.277868
v -134.7512 20 -8.353989
v -126.7217 20 -4.774218
v -130.1868 21 -3.700915
v -131.3156 -19.24588 -1.224959
v -127.8505 -19.65397 -2.298263
v -126.7217 20 -4.774218
v -127.8505 -19.65397 -2.298263
v -124.3977 20 -7.010805
v -124.3646 -20.41446 -5.65312
v -133.631 21 -4.909165
v -130.1868 21 -3.700915
v -126.7217 20 -4.774218
v -130.145 20 -8.264019
v -130.145 20 -8.264019
v -126.7217 20 -4.774218
v -124.3977 20 -7.010805
v -126.659 19 -11.61888
v -134.7512 20 -8.353989
v -133.631 21 -4.909165
v -130.145 20 -8.264019
v -133.5683 20 -11.75383
v -133.5683 20 -11.75383
v -126.659 19 -11.61888
v -130.1032 19 -12.82713
v -127.8505 -19.65397 -2.298263
v -133.5978 -19.44371 -3.551512
v -131.2738 -19.9507 -5.788066
v -131.3156 -19.24588 -1.224959
v -124.3646 -20.41446 -5.65312
v -127.7878 -20.7112 -9.142923
v -135.88 -19.64153 -5.87803
v -134.6971 -20.24744 -9.277868
v -130.07 -20.90903 -11.46947
f 57 58 59
f 60 57 59
f 61 62 63
f 64 61 63
f 65 66 67
f 65 68 66
f 69 70 71
f 69 72 70
f 73 74 75
f 75 74 76
f 77 78 79
f 77 80 78
f 81 82 83
f 84 81 83
f 85 86 87
f 87 86 88
f 89 90 91
f 92 89 91
f 93 94 95
f 96 93 95
f 97 98 99
f 100 97 99
f 101 92 102
f 103 101 102
f 104 105 106
f 104 107 105
f 108 106 109
f 108 104 106
f 106 110 111
f 106 105 110
f 109 111 112
f 109 106 111
v -42.42032 -1.825848 -99.95122
v -42.40628 -1.754916 -99.90612
v -42.41265 -1.808031 -99.90388
v -47.57123 -0.6785753 -99.31675
v -47.51413 -0.3014866 -99.22944
v -47.51902 -0.2129623 -99.3681
v -44.05187 0.237752 -102.198
v -43.38799 0.1760142 -101.7751
v -43.46187 -0.6748828 -102.1015
v -44.25113 0.06812504 -97.60175
v -44.23642 0.08877154 -97.61141
v -44.27351 0.1059074 -97.61242
v -45.3665 -2.564916 -102.0229
v -45.27502 -2.613798 -102.0154
v -45.37559 -2.618873 -101.9791
v -47.03399 0.5369891 -99.08305
v -46.7523 0.8574739 -99.16821
v -47.23337 0.408094 -99.45374
v -47.59869 -1.191787 -99.35413
v -47.57167 -1.660053 -99.55077
v -47.19503 -1.97804 -98.68898
v -46.71283 -2.880802 -100.3912
v -47.11819 -2.515965 -100.3963
v -46.39575 -2.795819 -100.8977
v -44.31423 -2.071445 -97.92547
v -44.52245 -1.31813 -97.60259
v -45.32824 -2.312449 -97.8227
v -45.98938 -3.024202 -98.4344
v -45.8934 -3.02977 -98.42179
v -45.8237 -2.640643 -98.00941
v -42.80017 -2.130662 -100.8705
v -42.77474 -2.351319 -100.4882
v -43.29917 -2.896152 -100.5576
v -43.05814 -2.049018 -101.441
v -43.69993 -2.722254 -101.5161
v -43.32514 -2.210348 -101.6544
v -43.66072 -2.611334 -101.6185
v -46.78225 0.1996581 -101.5692
v -47.39454 0.230895 -99.65023
v -47.23337 0.408094 -99.45374
v -46.7523 0.8574739 -99.16821
v -46.57075 1.000303 -99.16171
v -46.13069 0.6700336 -101.7056
v -46.50465 0.3650346 -101.7598
v -45.98938 -3.024202 -98.4344
v -46.20515 -3.029706 -98.59235
v -46.37825 -3.072606 -98.99561
v -46.36489 -3.098928 -99.17747
v -45.00028 -3.164977 -98.90351
v -45.8934 -3.02977 -98.42179
v -43.82511 0.3453961 -97.93859
v -42.94523 0.4112315 -98.72452
v -43.69705 1.011979 -98.61664
v -43.9633 1.041929 -98.4216
v -45.27221 0.8912634 -98.02583
v -44.9417 0.7684477 -97.89857
v -44.37679 1.064838 -98.30547
v -45.33372 1.088984 -98.26517
v -44.22137 0.5901997 -102.0365
v -43.38595 0.6552861 -101.3899
v -43.25521 0.5130409 -101.4107
v -43.38799 0.1760142 -101.7751
v -44.05187 0.237752 -102.198
v -44.29383 0.4224455 -102.2223
v -43.38595 0.6552861 -101.3899
v -43.0265 0.7569191 -100.5291
v -42.9912 0.5764378 -100.7995
v -43.25521 0.5130409 -101.4107
v -43.0265 0.7569191 -100.5291
v -42.94137 0.8194247 -100.0211
v -42.60671 0.2204262 -99.99285
v -42.9912 0.5764378 -100.7995
v -43.69705 1.011979 -98.61664
v -42.94523 0.4112315 -98.72452
v -42.83567 0.3625131 -98.83251
v -43.01299 0.8657036 -99.66623
v -43.01299 0.8657036 -99.66623
v -42.83567 0.3625131 -98.83251
v -42.70067 0.1594488 -98.99104
v -42.40657 -0.2185256 -99.62027
v -42.94137 0.8194247 -100.0211
v -42.60671 0.2204262 -99.99285
v -42.34988 -0.6242395 -99.56721
v -42.40657 -0.2185256 -99.62027
v -42.70067 0.1594488 -98.99104
v -42.38619 -0.6946511 -99.42818
v -46.74239 -0.7307802 -101.9167
v -46.71663 -0.4131061 -101.9209
v -46.25894 -0.1729641 -102.2506
v -46.3675 -0.838989 -102.2011
v -44.69717 0.5878902 -102.1297
v -44.22137 0.5901997 -102.0365
v -44.29383 0.4224455 -102.2223
v -44.56288 0.459445 -102.2358
v -45.74977 0.6306714 -101.957
v -44.69717 0.5878902 -102.1297
v -44.56288 0.459445 -102.2358
v -45.96949 0.1370968 -102.2644
v -46.15296 0.02045626 -102.2621
v -46.50465 0.3650346 -101.7598
v -46.13069 0.6700336 -101.7056
v -45.74977 0.6306714 -101.957
v -45.96949 0.1370968 -102.2644
v -47.05261 -2.106656 -98.45636
v -47.14452 -0.02882481 -98.63417
v -47.16057 -0.01038661 -98.66043
v -47.51413 -0.3014866 -99.22944
v -47.05307 -2.107161 -98.45708
v -47.08375 -2.103122 -98.50687
v -47.57123 -0.6785753 -99.31675
v -47.19503 -1.97804 -98.68898
v -47.59869 -1.191787 -99.35413
v -47.13718 -0.01570689 -98.63245
v -45.27221 0.8912634 -98.02583
v -45.33372 1.088984 -98.26517
v -46.57075 1.000303 -99.16171
v -46.7523 0.8574739 -99.16821
v -47.03399 0.5369891 -99.08305
v -47.1569 -0.003779191 -98.65959
v -46.71663 -0.4131061 -101.9209
v -46.78225 0.1996581 -101.5692
v -46.50465 0.3650346 -101.7598
v -46.25894 -0.1729641 -102.2506
v -46.15296 0.02045626 -102.2621
v -44.27351 0.1059074 -97.61242
v -44.23642 0.08877154 -97.61141
v -43.82511 0.3453961 -97.93859
v -44.9417 0.7684477 -97.89857
v -43.9633 1.041929 -98.4216
v -44.37679 1.064838 -98.30547
v -47.32499 -2.15099 -100.4386
v -47.13231 -2.502872 -100.3914
v -47.29885 -2.315573 -99.91734
v -47.47552 -1.999343 -99.93227
v -46.13069 0.6700336 -101.7056
v -46.57075 1.000303 -99.16171
v -45.33372 1.088984 -98.26517
v -44.37679 1.064838 -98.30547
v -45.74977 0.6306714 -101.957
v -43.9633 1.041929 -98.4216
v -44.69717 0.5878902 -102.1297
v -43.69705 1.011979 -98.61664
v -43.01299 0.8657036 -99.66623
v -44.22137 0.5901997 -102.0365
v -43.38595 0.6552861 -101.3899
v -42.94137 0.8194247 -100.0211
v -43.0265 0.7569191 -100.5291
v -47.16057 -0.01038661 -98.66043
v -47.1569 -0.003779191 -98.65959
v -47.03399 0.5369891 -99.08305
v -47.51413 -0.3014866 -99.22944
v -47.23337 0.408094 -99.45374
v -47.39454 0.230895 -99.65023
v -47.51902 -0.2129623 -99.3681
v -47.16057 -0.01038661 -98.66043
v -47.14452 -0.02882481 -98.63417
v -47.13718 -0.01570689 -98.63245
v -47.1569 -0.003779191 -98.65959
v -47.00192 -2.521533 -99.13368
v -47.08375 -2.103122 -98.50687
v -47.19503 -1.97804 -98.68898
v -47.57167 -1.660053 -99.55077
v -47.29885 -2.315573 -99.91734
v -47.47552 -1.999343 -99.93227
v -45.37559 -2.618873 -101.9791
v -46.39575 -2.795819 -100.8977
v -47.11819 -2.515965 -100.3963
v -47.13231 -2.502872 -100.3914
v -47.32499 -2.15099 -100.4386
v -45.3665 -2.564916 -102.0229
v -46.3675 -0.838989 -102.2011
v -46.74239 -0.7307802 -101.9167
v -44.22674 -2.558696 -101.9792
v -43.66072 -2.611334 -101.6185
v -43.69993 -2.722254 -101.5161
v -44.37933 -2.631882 -101.9792
v -43.42937 -1.685005 -102.0187
v -43.32514 -2.210348 -101.6544
v -43.66072 -2.611334 -101.6185
v -44.22674 -2.558696 -101.9792
v -43.42937 -1.685005 -102.0187
v -43.36219 -1.50749 -102.0304
v -43.05814 -2.049018 -101.441
v -43.32514 -2.210348 -101.6544
v -42.60671 0.2204262 -99.99285
v -42.40657 -0.2185256 -99.62027
v -42.34988 -0.6242395 -99.56721
v -42.40628 -1.754916 -99.90612
v -42.9912 0.5764378 -100.7995
v -43.25521 0.5130409 -101.4107
v -42.42032 -1.825848 -99.95122
v -42.55341 -2.053163 -100.2958
v -42.80017 -2.130662 -100.8705
v -43.38799 0.1760142 -101.7751
v -43.46187 -0.6748828 -102.1015
v -43.05814 -2.049018 -101.441
v -43.36219 -1.50749 -102.0304
v -42.77474 -2.351319 -100.4882
v -42.80017 -2.130662 -100.8705
v -42.55341 -2.053163 -100.2958
v -42.7593 -2.341338 -100.4595
v -42.77474 -2.351319 -100.4882
v -42.7593 -2.341338 -100.4595
v -43.28247 -2.958384 -100.2052
v -43.29917 -2.896152 -100.5576
v -42.34988 -0.6242395 -99.56721
v -42.38619 -0.6946511 -99.42818
v -42.49189 -1.84509 -99.53719
v -42.40628 -1.754916 -99.90612
v -42.41265 -1.808031 -99.90388
v -47.51902 -0.2129623 -99.3681
v -47.39454 0.230895 -99.65023
v -46.78225 0.1996581 -101.5692
v -47.57123 -0.6785753 -99.31675
v -47.59869 -1.191787 -99.35413
v -47.57167 -1.660053 -99.55077
v -47.47552 -1.999343 -99.93227
v -47.32499 -2.15099 -100.4386
v -46.71663 -0.4131061 -101.9209
v -46.74239 -0.7307802 -101.9167
v -44.22674 -2.558696 -101.9792
v -44.37933 -2.631882 -101.9792
v -45.27502 -2.613798 -102.0154
v -43.42937 -1.685005 -102.0187
v -45.3665 -2.564916 -102.0229
v -46.3675 -0.838989 -102.2011
v -43.36219 -1.50749 -102.0304
v -43.46187 -0.6748828 -102.1015
v -44.05187 0.237752 -102.198
v -46.25894 -0.1729641 -102.2506
v -44.29383 0.4224455 -102.2223
v -46.15296 0.02045626 -102.2621
v -44.56288 0.459445 -102.2358
v -45.96949 0.1370968 -102.2644
v -45.00028 -3.164977 -98.90351
v -46.36489 -3.098928 -99.17747
v -46.71283 -2.880802 -100.3912
v -46.39575 -2.795819 -100.8977
v -45.37559 -2.618873 -101.9791
v -43.50694 -3.100354 -99.3817
v -45.27502 -2.613798 -102.0154
v -44.37933 -2.631882 -101.9792
v -43.28247 -2.958384 -100.2052
v -43.69993 -2.722254 -101.5161
v -43.29917 -2.896152 -100.5576
v -43.22902 -2.686985 -99.01884
v -43.50694 -3.100354 -99.3817
v -43.28247 -2.958384 -100.2052
v -42.49189 -1.84509 -99.53719
v -42.7593 -2.341338 -100.4595
v -42.41265 -1.808031 -99.90388
v -42.55341 -2.053163 -100.2958
v -42.42032 -1.825848 -99.95122
v -45.8237 -2.640643 -98.00941
v -45.81395 -2.608253 -97.97653
v -47.05261 -2.106656 -98.45636
v -45.98938 -3.024202 -98.4344
v -46.20515 -3.029706 -98.59235
v -47.05307 -2.107161 -98.45708
v -46.36489 -3.098928 -99.17747
v -46.37825 -3.072606 -98.99561
v -47.00192 -2.521533 -99.13368
v -47.29885 -2.315573 -99.91734
v -46.71283 -2.880802 -100.3912
v -47.13231 -2.502872 -100.3914
v -47.11819 -2.515965 -100.3963
v -46.20515 -3.029706 -98.59235
v -47.05307 -2.107161 -98.45708
v -47.08375 -2.103122 -98.50687
v -47.00192 -2.521533 -99.13368
v -46.37825 -3.072606 -98.99561
v -45.32824 -2.312449 -97.8227
v -45.81395 -2.608253 -97.97653
v -45.8237 -2.640643 -98.00941
v -45.8934 -3.02977 -98.42179
v -45.00028 -3.164977 -98.90351
v -44.31423 -2.071445 -97.92547
v -43.50694 -3.100354 -99.3817
v -43.22902 -2.686985 -99.01884
v -44.52245 -1.31813 -97.60259
v -44.25113 0.06812504 -97.60175
v -44.27351 0.1059074 -97.61242
v -44.9417 0.7684477 -97.89857
v -45.27221 0.8912634 -98.02583
v -47.13718 -0.01570689 -98.63245
v -45.32824 -2.312449 -97.8227
v -45.81395 -2.608253 -97.97653
v -47.14452 -0.02882481 -98.63417
v -47.05261 -2.106656 -98.45636
v -44.31423 -2.071445 -97.92547
v -43.22902 -2.686985 -99.01884
v -42.49189 -1.84509 -99.53719
v -44.52245 -1.31813 -97.60259
v -42.38619 -0.6946511 -99.42818
v -44.25113 0.06812504 -97.60175
v -42.70067 0.1594488 -98.99104
v -44.23642 0.08877154 -97.61141
v -43.82511 0.3453961 -97.93859
v -42.83567 0.3625131 -98.83251
v -42.94523 0.4112315 -98.72452
f 113 114 115
f 116 117 118
f 119 120 121
f 122 123 124
f 125 126 127
f 128 129 130
f 131 132 133
f 134 135 136
f 137 138 139
f 140 141 142
f 143 144 145
f 145 146 143
f 145 147 146
f 147 148 146
f 147 149 148
f 150 151 152
f 152 153 150
f 153 154 150
f 154 155 150
f 155 156 150
f 157 158 159
f 159 160 157
f 160 161 157
f 161 162 157
f 163 164 165
f 163 165 166
f 167 168 169
f 167 169 170
f 171 172 173
f 173 174 171
f 174 175 171
f 175 176 171
f 177 178 179
f 177 179 180
f 181 182 183
f 181 183 184
f 185 186 187
f 185 187 188
f 189 190 191
f 191 192 189
f 192 193 189
f 192 194 193
f 195 196 197
f 195 197 198
f 199 200 201
f 199 201 202
f 203 204 205
f 203 205 206
f 207 208 209
f 207 209 210
f 211 212 213
f 213 214 211
f 214 215 211
f 216 217 218
f 218 219 216
f 219 220 216
f 219 221 220
f 219 222 221
f 222 223 221
f 222 224 223
f 225 226 227
f 227 228 225
f 228 229 225
f 229 230 225
f 230 231 225
f 232 233 234
f 234 235 232
f 234 236 235
f 237 238 239
f 239 240 237
f 239 241 240
f 241 242 240
f 243 244 245
f 243 245 246
f 247 248 249
f 249 250 247
f 250 251 247
f 250 252 251
f 252 253 251
f 252 254 253
f 254 255 253
f 255 256 253
f 255 257 256
f 255 258 257
f 258 259 257
f 260 261 262
f 262 263 260
f 262 264 263
f 264 265 263
f 265 266 263
f 267 268 269
f 267 269 270
f 271 272 273
f 273 274 271
f 274 275 271
f 274 276 275
f 277 278 279
f 279 280 277
f 280 281 277
f 281 282 277
f 281 283 282
f 281 284 283
f 285 286 287
f 285 287 288
f 289 290 291
f 289 291 292
f 293 294 295
f 293 295 296
f 297 298 299
f 299 300 297
f 300 301 297
f 300 302 301
f 300 303 302
f 303 304 302
f 304 305 302
f 305 306 302
f 305 307 306
f 305 308 307
f 308 309 307
f 310 311 312
f 310 312 313
f 314 315 316
f 314 316 317
f 318 319 320
f 320 321 318
f 320 322 321
f 323 324 325
f 325 326 323
f 325 327 326
f 325 328 327
f 325 329 328
f 325 330 329
f 325 331 330
f 331 332 330
f 333 334 335
f 335 336 333
f 335 337 336
f 337 338 336
f 338 339 336
f 338 340 339
f 338 341 340
f 338 342 341
f 342 343 341
f 342 344 343
f 344 345 343
f 344 346 345
f 347 348 349
f 349 350 347
f 350 351 347
f 351 352 347
f 351 353 352
f 353 354 352
f 354 355 352
f 354 356 355
f 356 357 355
f 358 359 360
f 360 361 358
f 360 362 361
f 362 363 361
f 362 364 363
f 364 365 363
f 366 367 368
f 368 369 366
f 368 370 369
f 368 371 370
f 372 373 374
f 374 375 372
f 375 376 372
f 375 377 376
f 377 378 376
f 379 380 381
f 381 382 379
f 382 383 379
f 384 385 386
f 386 387 384
f 387 388 384
f 388 389 384
f 388 390 389
f 390 391 389
f 392 393 394
f 394 395 392
f 395 396 392
f 396 397 392
f 397 398 392
f 397 399 398
f 397 400 399
f 400 401 399
f 402 403 404
f 404 405 402
f 404 406 405
f 406 407 405
f 406 408 407
f 408 409 407
f 408 410 409
f 408 411 410
f 411 412 410
v -62.04831 7.89025 -46.24297
v -52.975 -3.428468 -48.80454
v -61.71567 8.766116 -46.59254
v -52.64236 -2.552602 -49.15412
v -52.975 -3.428468 -48.80454
v -53.54006 -3.942293 -50.62962
v -52.64236 -2.552602 -49.15412
v -53.14654 -3.192271 -51.23657
v -53.54006 -3.942293 -50.62962
v -62.55249 7.250581 -48.32542
v -53.14654 -3.192271 -51.23657
v -62.21985 8.126447 -48.675
v -62.55249 7.250581 -48.32542
v -62.04831 7.89025 -46.24297
v -62.21985 8.126447 -48.675
v -61.71567 8.766116 -46.59254
v -61.71567 8.766116 -46.59254
v -52.64236 -2.552602 -49.15412
v -62.21985 8.126447 -48.675
v -53.14654 -3.192271 -51.23657
v -62.55249 7.250581 -48.32542
v -53.54006 -3.942293 -50.62962
v -62.04831 7.89025 -46.24297
v -52.975 -3.428468 -48.80454
f 413 414 415
f 414 416 415
f 417 418 419
f 418 420 419
f 421 422 423
f 422 424 423
f 425 426 427
f 426 428 427
f 429 430 431
f 430 432 431
f 433 434 435
f 434 436 435
v -25.48206 -1.563811 -106.7621
v -25.40399 -1.597553 -106.7675
v -25.43388 -1.553997 -106.7762
v -26.24271 -3.66518 -111.5846
v -25.9486 -3.921976 -111.5593
v -26.0058 -4.063086 -111.4968
v -26.62565 -4.810862 -107.1048
v -26.10085 -4.371779 -106.7108
v -26.84179 -3.838429 -106.6599
v -23.3375 -2.539571 -109.3904
v -23.32804 -2.557245 -109.3721
v -23.33282 -2.582426 -109.4039
v -28.5154 -2.760401 -108.4607
v -28.5035 -2.690394 -108.3847
v -28.51551 -2.69714 -108.4909
v -25.20235 -4.416488 -111.1674
v -24.98753 -4.64504 -110.8658
v -25.6243 -4.541326 -111.18
v -26.56352 -3.26283 -111.6116
v -26.95948 -2.958395 -111.5157
v -26.35039 -2.177689 -111.5874
v -27.95194 -2.099216 -110.4152
v -27.90184 -2.519607 -110.759
v -28.17066 -2.321888 -109.8986
v -24.78251 -0.9276173 -109.3806
v -24.20039 -1.460539 -109.6843
v -25.2061 -0.9626288 -110.3378
v -26.29789 -0.8458797 -110.6728
v -26.25664 -0.8082813 -110.5935
v -25.70706 -0.9169821 -110.7053
v -26.4787 -1.853589 -106.6909
v -26.30371 -1.480656 -106.8516
v -26.84642 -1.206775 -107.3068
v -26.95607 -2.265422 -106.656
v -27.61633 -1.920124 -107.2178
v -27.3022 -2.307392 -106.8019
v -27.61798 -2.050306 -107.1319
v -27.16506 -5.24689 -109.8197
v -25.92808 -4.532317 -111.2401
v -25.6243 -4.541326 -111.18
v -24.98753 -4.64504 -110.8658
v -24.83805 -4.710025 -110.702
v -26.77191 -5.520878 -109.1604
v -27.11647 -5.397464 -109.4795
v -26.29789 -0.8458797 -110.6728
v -26.49793 -0.977009 -110.7925
v -26.88742 -1.181636 -110.7635
v -27.03374 -1.242429 -110.6695
v -26.36897 -0.6738151 -109.5849
v -26.25664 -0.8082813 -110.5935
v -23.28323 -2.811252 -108.8471
v -23.51819 -2.99277 -107.7034
v -23.379 -3.653429 -108.3977
v -23.31258 -3.660425 -108.7223
v -23.57326 -3.714231 -110.072
v -23.42533 -3.4585 -109.8412
v -23.36276 -3.740425 -109.1418
v -23.6665 -4.010158 -110.0096
v -26.37156 -5.075442 -107.3158
v -25.54659 -4.58756 -106.8667
v -25.59319 -4.44218 -106.7465
v -26.10085 -4.371779 -106.7108
v -26.62565 -4.810862 -107.1048
v -26.62997 -5.044344 -107.3016
v -25.54659 -4.58756 -106.8667
v -24.71329 -4.161973 -106.9371
v -25.0031 -4.130186 -106.789
v -25.59319 -4.44218 -106.7465
v -24.71329 -4.161973 -106.9371
v -24.26624 -3.948601 -107.0913
v -24.45356 -3.341812 -106.83
v -25.0031 -4.130186 -106.789
v -23.379 -3.653429 -108.3977
v -23.51819 -2.99277 -107.7034
v -23.58642 -2.972744 -107.5586
v -24.00004 -3.838516 -107.3155
v -24.00004 -3.838516 -107.3155
v -23.58642 -2.972744 -107.5586
v -23.76843 -2.840939 -107.3739
v -24.34278 -2.742483 -106.8394
v -24.26624 -3.948601 -107.0913
v -24.45356 -3.341812 -106.83
v -24.50587 -2.363109 -106.8289
v -24.34278 -2.742483 -106.8394
v -23.76843 -2.840939 -107.3739
v -24.45337 -2.248497 -106.9275
v -27.9244 -4.625324 -109.6612
v -27.74321 -4.884932 -109.6241
v -27.69251 -5.113354 -109.0575
v -28.06165 -4.565065 -109.2022
v -26.61559 -5.251488 -107.6959
v -26.37156 -5.075442 -107.3158
v -26.62997 -5.044344 -107.3016
v -26.71734 -5.157145 -107.5331
v -26.8443 -5.500663 -108.7085
v -26.61559 -5.251488 -107.6959
v -26.71734 -5.157145 -107.5331
v -27.42697 -5.29709 -108.7821
v -27.55611 -5.250296 -108.9506
v -27.11647 -5.397464 -109.4795
v -26.77191 -5.520878 -109.1604
v -26.8443 -5.500663 -108.7085
v -27.42697 -5.29709 -108.7821
v -26.19475 -1.919844 -111.5722
v -25.2169 -3.762378 -111.4926
v -25.2323 -3.794741 -111.4942
v -25.9486 -3.921976 -111.5593
v -26.19574 -1.919894 -111.5723
v -26.24206 -1.955555 -111.5766
v -26.24271 -3.66518 -111.5846
v -26.35039 -2.177689 -111.5874
v -26.56352 -3.26283 -111.6116
v -25.20571 -3.77043 -111.4864
v -23.57326 -3.714231 -110.072
v -23.6665 -4.010158 -110.0096
v -24.83805 -4.710025 -110.702
v -24.98753 -4.64504 -110.8658
v -25.20235 -4.416488 -111.1674
v -25.2267 -3.798821 -111.491
v -27.74321 -4.884932 -109.6241
v -27.16506 -5.24689 -109.8197
v -27.11647 -5.397464 -109.4795
v -27.69251 -5.113354 -109.0575
v -27.55611 -5.250296 -108.9506
v -23.33282 -2.582426 -109.4039
v -23.32804 -2.557245 -109.3721
v -23.28323 -2.811252 -108.8471
v -23.42533 -3.4585 -109.8412
v -23.31258 -3.660425 -108.7223
v -23.36276 -3.740425 -109.1418
v -27.80759 -2.902059 -110.9094
v -27.89613 -2.532194 -110.7733
v -27.49711 -2.509639 -111.1308
v -27.39822 -2.829981 -111.2688
v -26.77191 -5.520878 -109.1604
v -24.83805 -4.710025 -110.702
v -23.6665 -4.010158 -110.0096
v -23.36276 -3.740425 -109.1418
v -26.8443 -5.500663 -108.7085
v -23.31258 -3.660425 -108.7223
v -26.61559 -5.251488 -107.6959
v -23.379 -3.653429 -108.3977
v -24.00004 -3.838516 -107.3155
v -26.37156 -5.075442 -107.3158
v -25.54659 -4.58756 -106.8667
v -24.26624 -3.948601 -107.0913
v -24.71329 -4.161973 -106.9371
v -25.2323 -3.794741 -111.4942
v -25.2267 -3.798821 -111.491
v -25.20235 -4.416488 -111.1674
v -25.9486 -3.921976 -111.5593
v -25.6243 -4.541326 -111.18
v -25.92808 -4.532317 -111.2401
v -26.0058 -4.063086 -111.4968
v -25.2323 -3.794741 -111.4942
v -25.2169 -3.762378 -111.4926
v -25.20571 -3.77043 -111.4864
v -25.2267 -3.798821 -111.491
v -26.91392 -1.881861 -111.2333
v -26.24206 -1.955555 -111.5766
v -26.35039 -2.177689 -111.5874
v -26.95948 -2.958395 -111.5157
v -27.49711 -2.509639 -111.1308
v -27.39822 -2.829981 -111.2688
v -28.51551 -2.69714 -108.4909
v -28.17066 -2.321888 -109.8986
v -27.90184 -2.519607 -110.759
v -27.89613 -2.532194 -110.7733
v -27.80759 -2.902059 -110.9094
v -28.5154 -2.760401 -108.4607
v -28.06165 -4.565065 -109.2022
v -27.9244 -4.625324 -109.6612
v -28.06541 -2.424663 -107.4678
v -27.61798 -2.050306 -107.1319
v -27.61633 -1.920124 -107.2178
v -28.16113 -2.406518 -107.6062
v -27.32434 -2.947858 -106.7077
v -27.3022 -2.307392 -106.8019
v -27.61798 -2.050306 -107.1319
v -28.06541 -2.424663 -107.4678
v -27.32434 -2.947858 -106.7077
v -27.21095 -3.082546 -106.6358
v -26.95607 -2.265422 -106.656
v -27.3022 -2.307392 -106.8019
v -24.45356 -3.341812 -106.83
v -24.34278 -2.742483 -106.8394
v -24.50587 -2.363109 -106.8289
v -25.40399 -1.597553 -106.7675
v -25.0031 -4.130186 -106.789
v -25.59319 -4.44218 -106.7465
v -25.48206 -1.563811 -106.7621
v -25.91454 -1.575562 -106.7315
v -26.4787 -1.853589 -106.6909
v -26.10085 -4.371779 -106.7108
v -26.84179 -3.838429 -106.6599
v -26.95607 -2.265422 -106.656
v -27.21095 -3.082546 -106.6358
v -26.30371 -1.480656 -106.8516
v -26.4787 -1.853589 -106.6909
v -25.91454 -1.575562 -106.7315
v -26.27104 -1.470991 -106.8507
v -26.30371 -1.480656 -106.8516
v -26.27104 -1.470991 -106.8507
v -26.60982 -0.9826064 -107.4555
v -26.84642 -1.206775 -107.3068
v -24.50587 -2.363109 -106.8289
v -24.45337 -2.248497 -106.9275
v -25.20751 -1.370971 -107.0158
v -25.40399 -1.597553 -106.7675
v -25.43388 -1.553997 -106.7762
v -26.0058 -4.063086 -111.4968
v -25.92808 -4.532317 -111.2401
v -27.16506 -5.24689 -109.8197
v -26.24271 -3.66518 -111.5846
v -26.56352 -3.26283 -111.6116
v -26.95948 -2.958395 -111.5157
v -27.39822 -2.829981 -111.2688
v -27.80759 -2.902059 -110.9094
v -27.74321 -4.884932 -109.6241
v -27.9244 -4.625324 -109.6612
v -28.06541 -2.424663 -107.4678
v -28.16113 -2.406518 -107.6062
v -28.5035 -2.690394 -108.3847
v -27.32434 -2.947858 -106.7077
v -28.5154 -2.760401 -108.4607
v -28.06165 -4.565065 -109.2022
v -27.21095 -3.082546 -106.6358
v -26.84179 -3.838429 -106.6599
v -26.62565 -4.810862 -107.1048
v -27.69251 -5.113354 -109.0575
v -26.62997 -5.044344 -107.3016
v -27.55611 -5.250296 -108.9506
v -26.71734 -5.157145 -107.5331
v -27.42697 -5.29709 -108.7821
v -26.36897 -0.6738151 -109.5849
v -27.03374 -1.242429 -110.6695
v -27.95194 -2.099216 -110.4152
v -28.17066 -2.321888 -109.8986
v -28.51551 -2.69714 -108.4909
v -26.15069 -0.5356768 -108.037
v -28.5035 -2.690394 -108.3847
v -28.16113 -2.406518 -107.6062
v -26.60982 -0.9826064 -107.4555
v -27.61633 -1.920124 -107.2178
v -26.84642 -1.206775 -107.3068
v -25.54939 -0.6296572 -107.9401
v -26.15069 -0.5356768 -108.037
v -26.60982 -0.9826064 -107.4555
v -25.20751 -1.370971 -107.0158
v -26.27104 -1.470991 -106.8507
v -25.43388 -1.553997 -106.7762
v -25.91454 -1.575562 -106.7315
v -25.48206 -1.563811 -106.7621
v -25.70706 -0.9169821 -110.7053
v -25.66097 -0.9256127 -110.7104
v -26.19475 -1.919844 -111.5722
v -26.29789 -0.8458797 -110.6728
v -26.49793 -0.977009 -110.7925
v -26.19574 -1.919894 -111.5723
v -27.03374 -1.242429 -110.6695
v -26.88742 -1.181636 -110.7635
v -26.91392 -1.881861 -111.2333
v -27.49711 -2.509639 -111.1308
v -27.95194 -2.099216 -110.4152
v -27.89613 -2.532194 -110.7733
v -27.90184 -2.519607 -110.759
v -26.49793 -0.977009 -110.7925
v -26.19574 -1.919894 -111.5723
v -26.24206 -1.955555 -111.5766
v -26.91392 -1.881861 -111.2333
v -26.88742 -1.181636 -110.7635
v -25.2061 -0.9626288 -110.3378
v -25.66097 -0.9256127 -110.7104
v -25.70706 -0.9169821 -110.7053
v -26.25664 -0.8082813 -110.5935
v -26.36897 -0.6738151 -109.5849
v -24.78251 -0.9276173 -109.3806
v -26.15069 -0.5356768 -108.037
v -25.54939 -0.6296572 -107.9401
v -24.20039 -1.460539 -109.6843
v -23.3375 -2.539571 -109.3904
v -23.33282 -2.582426 -109.4039
v -23.42533 -3.4585 -109.8412
v -23.57326 -3.714231 -110.072
v -25.20571 -3.77043 -111.4864
v -25.2061 -0.9626288 -110.3378
v -25.66097 -0.9256127 -110.7104
v -25.2169 -3.762378 -111.4926
v -26.19475 -1.919844 -111.5722
v -24.78251 -0.9276173 -109.3806
v -25.54939 -0.6296572 -107.9401
v -25.20751 -1.370971 -107.0158
v -24.20039 -1.460539 -109.6843
v -24.45337 -2.248497 -106.9275
v -23.3375 -2.539571 -109.3904
v -23.76843 -2.840939 -107.3739
v -23.32804 -2.557245 -109.3721
v -23.28323 -2.811252 -108.8471
v -23.58642 -2.972744 -107.5586
v -23.51819 -2.99277 -107.7034
f 437 438 439
f 440 441 442
f 443 444 445
f 446 447 448
f 449 450 451
f 452 453 454
f 455 456 457
f 458 459 460
f 461 462 463
f 464 465 466
f 467 468 469
f 469 470 467
f 469 471 470
f 471 472 470
f 471 473 472
f 474 475 476
f 476 477 474
f 477 478 474
f 478 479 474
f 479 480 474
f 481 482 483
f 483 484 481
f 484 485 481
f 485 486 481
f 487 488 489
f 487 489 490
f 491 492 493
f 491 493 494
f 495 496 497
f 497 498 495
f 498 499 495
f 499 500 495
f 501 502 503
f 501 503 504
f 505 506 507
f 505 507 508
f 509 510 511
f 509 511 512
f 513 514 515
f 515 516 513
f 516 517 513
f 516 518 517
f 519 520 521
f 519 521 522
f 523 524 525
f 523 525 526
f 527 528 529
f 527 529 530
f 531 532 533
f 531 533 534
f 535 536 537
f 537 538 535
f 538 539 535
f 540 541 542
f 542 543 540
f 543 544 540
f 543 545 544
f 543 546 545
f 546 547 545
f 546 548 547
f 549 550 551
f 551 552 549
f 552 553 549
f 553 554 549
f 554 555 549
f 556 557 558
f 558 559 556
f 558 560 559
f 561 562 563
f 563 564 561
f 563 565 564
f 565 566 564
f 567 568 569
f 567 569 570
f 571 572 573
f 573 574 571
f 574 575 571
f 574 576 575
f 576 577 575
f 576 578 577
f 578 579 577
f 579 580 577
f 579 581 580
f 579 582 581
f 582 583 581
f 584 585 586
f 586 587 584
f 586 588 587
f 588 589 587
f 589 590 587
f 591 592 593
f 591 593 594
f 595 596 597
f 597 598 595
f 598 599 595
f 598 600 599
f 601 602 603
f 603 604 601
f 604 605 601
f 605 606 601
f 605 607 606
f 605 608 607
f 609 610 611
f 609 611 612
f 613 614 615
f 613 615 616
f 617 618 619
f 617 619 620
f 621 622 623
f 623 624 621
f 624 625 621
f 624 626 625
f 624 627 626
f 627 628 626
f 628 629 626
f 629 630 626
f 629 631 630
f 629 632 631
f 632 633 631
f 634 635 636
f 634 636 637
f 638 639 640
f 638 640 641
f 642 643 644
f 644 645 642
f 644 646 645
f 647 648 649
f 649 650 647
f 649 651 650
f 649 652 651
f 649 653 652
f 649 654 653
f 649 655 654
f 655 656 654
f 657 658 659
f 659 660 657
f 659 661 660
f 661 662 660
f 662 663 660
f 662 664 663
f 662 665 664
f 662 666 665
f 666 667 665
f 666 668 667
f 668 669 667
f 668 670 669
f 671 672 673
f 673 674 671
f 674 675 671
f 675 676 671
f 675 677 676
f 677 678 676
f 678 679 676
f 678 680 679
f 680 681 679
f 682 683 684
f 684 685 682
f 684 686 685
f 686 687 685
f 686 688 687
f 688 689 687
f 690 691 692
f 692 693 690
f 692 694 693
f 692 695 694
f 696 697 698
f 698 699 696
f 699 700 696
f 699 701 700
f 701 702 700
f 703 704 705
f 705 706 703
f 706 707 703
f 708 709 710
f 710 711 708
f 711 712 708
f 712 713 708
f 712 714 713
f 714 715 713
f 716 717 718
f 718 719 716
f 719 720 716
f 720 721 716
f 721 722 716
f 721 723 722
f 721 724 723
f 724 725 723
f 726 727 728
f 728 729 726
f 728 730 729
f 730 731 729
f 730 732 731
f 732 733 731
f 732 734 733
f 732 735 734
f 735 736 734
v -58.4815 15.28916 -5.742298
v -80.75632 20 3.140004
v -57.77905 15.87641 -5.340179
v -79.75632 21 3.140003
v -80.75632 20 3.140004
v -81.75632 19 5.140005
v -79.75632 21 3.140003
v -80.75632 20 5.140005
v -81.75632 19 5.140005
v -58.99513 14.51169 -3.709636
v -80.75632 20 5.140005
v -58.29268 15.09893 -3.307514
v -58.99513 14.51169 -3.709636
v -58.4815 15.28916 -5.742298
v -58.29268 15.09893 -3.307514
v -57.77905 15.87641 -5.340179
v -57.77905 15.87641 -5.340179
v -79.75632 21 3.140003
v -58.29268 15.09893 -3.307514
v -80.75632 20 5.140005
v -58.99513 14.51169 -3.709636
v -81.75632 19 5.140005
v -58.4815 15.28916 -5.742298
v -80.75632 20 3.140004
f 737 738 739
f 738 740 739
f 741 742 743
f 742 744 743
f 745 746 747
f 746 748 747
f 749 750 751
f 750 752 751
f 753 754 755
f 754 756 755
f 757 758 759
f 758 760 759
v -22.03707 15.62991 -37.13297
v -11.3692 5.799604 -39.69454
v -21.83951 16.54575 -37.48255
v -11.17164 6.715446 -40.04412
v -11.3692 5.799604 -39.69454
v -11.85082 5.206863 -41.51962
v -11.17164 6.715446 -40.04412
v -11.57421 6.007411 -42.12657
v -11.85082 5.206863 -41.51962
v -22.43964 14.92187 -39.21543
v -11.57421 6.007411 -42.12657
v -22.24208 15.83771 -39.56501
v -22.43964 14.92187 -39.21543
v -22.03707 15.62991 -37.13297
v -22.24208 15.83771 -39.56501
v -21.83951 16.54575 -37.48255
v -21.83951 16.54575 -37.48255
v -11.17164 6.715446 -40.04412
v -22.24208 15.83771 -39.56501
v -11.57421 6.007411 -42.12657
v -22.43964 14.92187 -39.21543
v -11.85082 5.206863 -41.51962
v -22.03707 15.62991 -37.13297
v -11.3692 5.799604 -39.69454
f 761 762 763
f 762 764 763
f 765 766 767
f 766 768 767
f 769 770 771
f 770 772 771
f 773 774 775
f 774 776 775
f 777 778 779
f 778 780 779
f 781 782 783
f 782 784 783
v -58.63172 -6.71626 -136.4077
v -55.11153 -8.134493 -135.144
v -57.51292 -3.932693 -136.4003
v -53.99274 -5.350925 -135.1366
v -52.26331 -10.33963 -141.6644
v -57.16643 -8.366176 -142.6964
v -50.77158 -6.62821 -141.6545
v -55.6747 -4.654754 -142.6864
v -55.6747 -4.654754 -142.6864
v -57.16643 -8.366176 -142.6964
v -57.5615 -8.215748 -139.5625
v -56.06977 -4.504325 -139.5526
v -57.5615 -8.215748 -139.5625
v -58.63172 -6.71626 -136.4077
v -56.06977 -4.504325 -139.5526
v -57.51292 -3.932693 -136.4003
v -53.99274 -5.350925 -135.1366
v -55.11153 -8.134493 -135.144
v -51.90616 -6.18367 -137.3516
v -53.39789 -9.895092 -137.3615
v -51.90616 -6.18367 -137.3516
v -53.39789 -9.895092 -137.3615
v -50.77158 -6.62821 -141.6545
v -52.26331 -10.33963 -141.6644
v -51.90616 -6.18367 -137.3516
v -50.77158 -6.62821 -141.6545
v -55.6747 -4.654754 -142.6864
v -56.06977 -4.504325 -139.5526
v -57.51292 -3.932693 -136.4003
v -53.99274 -5.350925 -135.1366
v -57.16643 -8.366176 -142.6964
v -53.39789 -9.895092 -137.3615
v -57.5615 -8.215748 -139.5625
v -52.26331 -10.33963 -141.6644
v -57.5615 -8.215748 -139.5625
v -55.11153 -8.134493 -135.144
v -58.63172 -6.71626 -136.4077
v -53.39789 -9.895092 -137.3615
f 785 786 787
f 786 788 787
f 789 790 791
f 790 792 791
f 793 794 795
f 793 795 796
f 797 798 799
f 799 798 800
f 801 802 803
f 803 802 804
f 805 806 807
f 806 808 807
f 809 810 811
f 812 809 811
f 813 814 812
f 814 809 812
f 815 816 817
f 815 818 816
f 819 820 821
f 819 822 820
v -23.03841 -3.037657 -110.3568
v -22.96242 -2.906337 -110.4029
v -23.03888 -2.942681 -110.3503
v -28.08836 -2.086648 -118.8066
v -27.60166 -1.650892 -119.1279
v -27.40102 -1.822529 -119.283
v -20.8198 -5.649405 -115.8059
v -20.40202 -4.850915 -114.6456
v -21.34763 -6.0438 -113.8858
v -24.38792 2.000424 -114.3481
v -24.33781 2.00192 -114.354
v -24.35912 2.005799 -114.4269
v -26.04615 -7.655044 -114.4107
v -26.00537 -7.660955 -114.2216
v -26.15506 -7.621883 -114.3471
v -26.0705 -0.6966818 -119.3545
v -25.27373 -0.553335 -119.3485
v -26.2178 -1.45877 -119.616
v -28.74672 -2.531808 -118.2702
v -29.17575 -3.20444 -117.7613
v -29.71965 -1.902191 -116.5694
v -29.1419 -5.366836 -115.42
v -29.15359 -5.184019 -116.4182
v -28.31647 -6.105701 -115.2356
v -26.95815 -0.1311647 -112.0952
v -26.46671 0.9310368 -113.1469
v -28.52976 -0.3240381 -113.2311
v -29.79795 -2.010166 -113.5647
v -29.70037 -1.974756 -113.4171
v -29.40404 -0.9753182 -113.6247
v -23.24971 -4.895155 -110.859
v -23.75912 -4.402375 -110.4411
v -25.02206 -5.018711 -110.5883
v -23.06338 -5.853419 -111.5127
v -24.6239 -6.595542 -111.682
v -23.43831 -6.384631 -111.7805
v -24.36737 -6.680943 -111.7877
v -24.51526 -5.122136 -119.4459
v -26.49951 -1.953024 -119.7091
v -26.2178 -1.45877 -119.616
v -25.27373 -0.553335 -119.3485
v -24.88274 -0.4033519 -119.251
v -23.05726 -4.886318 -119.1013
v -23.8486 -5.272659 -119.3035
v -29.79795 -2.010166 -113.5647
v -29.9523 -2.323241 -113.9194
v -29.93737 -3.072631 -114.253
v -29.83166 -3.398515 -114.265
v -28.49174 -2.724654 -112.1502
v -29.70037 -1.974756 -113.4171
v -23.30504 1.711475 -114.1715
v -21.65054 0.5895506 -113.2562
v -21.84808 1.072169 -114.981
v -22.25641 1.37553 -115.3295
v -24.25996 1.691422 -116.8909
v -24.11232 1.87979 -116.2358
v -22.79383 1.511933 -115.9065
v -23.91924 1.418122 -117.2859
v -20.68202 -5.148133 -116.3972
v -20.05264 -3.844288 -115.0622
v -20.06481 -3.959496 -114.7197
v -20.40202 -4.850915 -114.6456
v -20.8198 -5.649405 -115.8059
v -20.8543 -5.600738 -116.3709
v -20.05264 -3.844288 -115.0622
v -20.08357 -2.239163 -114.376
v -20.08758 -2.824449 -114.2098
v -20.06481 -3.959496 -114.7197
v -20.08357 -2.239163 -114.376
v -20.24839 -1.313982 -114.1551
v -20.63305 -1.642379 -112.9817
v -20.08758 -2.824449 -114.2098
v -21.84808 1.072169 -114.981
v -21.65054 0.5895506 -113.2562
v -21.50987 0.3908747 -113.0805
v -20.51488 -0.6903216 -114.1908
v -20.51488 -0.6903216 -114.1908
v -21.50987 0.3908747 -113.0805
v -21.50082 -0.002131974 -112.7085
v -21.20679 -1.2935 -112.0677
v -20.24839 -1.313982 -114.1551
v -20.63305 -1.642379 -112.9817
v -21.69082 -1.490278 -111.504
v -21.20679 -1.2935 -112.0677
v -21.50082 -0.002131974 -112.7085
v -21.91732 -1.312484 -111.4283
v -25.41335 -6.387843 -118.4398
v -24.97692 -6.15717 -118.7685
v -23.90867 -6.455208 -118.5017
v -24.91558 -6.880028 -117.8767
v -21.18293 -5.397782 -117.1048
v -20.68202 -5.148133 -116.3972
v -20.8543 -5.600738 -116.3709
v -21.11559 -5.647039 -116.8017
v -22.48735 -5.270904 -118.5974
v -21.18293 -5.397782 -117.1048
v -21.11559 -5.647039 -116.8017
v -23.1644 -6.196723 -118.4487
v -23.5304 -6.312913 -118.576
v -23.8486 -5.272659 -119.3035
v -23.05726 -4.886318 -119.1013
v -22.48735 -5.270904 -118.5974
v -23.1644 -6.196723 -118.4487
v -29.87268 -1.574398 -116.1404
v -27.22345 -0.3696424 -118.7126
v -27.20116 -0.4037615 -118.7655
v -27.60166 -1.650892 -119.1279
v -29.87336 -1.576082 -116.1408
v -29.87066 -1.663505 -116.2059
v -28.08836 -2.086648 -118.8066
v -29.71965 -1.902191 -116.5694
v -28.74672 -2.531808 -118.2702
v -27.19931 -0.355705 -118.7166
v -24.25996 1.691422 -116.8909
v -23.91924 1.418122 -117.2859
v -24.88274 -0.4033519 -119.251
v -25.27373 -0.553335 -119.3485
v -26.0705 -0.6966818 -119.3545
v -27.18901 -0.3968031 -118.7675
v -24.97692 -6.15717 -118.7685
v -24.51526 -5.122136 -119.4459
v -23.8486 -5.272659 -119.3035
v -23.90867 -6.455208 -118.5017
v -23.5304 -6.312913 -118.576
v -24.35912 2.005799 -114.4269
v -24.33781 2.00192 -114.354
v -23.30504 1.711475 -114.1715
v -24.11232 1.87979 -116.2358
v -22.25641 1.37553 -115.3295
v -22.79383 1.511933 -115.9065
v -28.90563 -5.027062 -117.1457
v -29.1569 -5.168877 -116.4517
v -29.43723 -4.257028 -116.7443
v -29.23416 -4.083658 -117.3638
v -23.05726 -4.886318 -119.1013
v -24.88274 -0.4033519 -119.251
v -23.91924 1.418122 -117.2859
v -22.79383 1.511933 -115.9065
v -22.48735 -5.270904 -118.5974
v -22.25641 1.37553 -115.3295
v -21.18293 -5.397782 -117.1048
v -21.84808 1.072169 -114.981
v -20.51488 -0.6903216 -114.1908
v -20.68202 -5.148133 -116.3972
v -20.05264 -3.844288 -115.0622
v -20.24839 -1.313982 -114.1551
v -20.08357 -2.239163 -114.376
v -27.20116 -0.4037615 -118.7655
v -27.18901 -0.3968031 -118.7675
v -26.0705 -0.6966818 -119.3545
v -27.60166 -1.650892 -119.1279
v -26.2178 -1.45877 -119.616
v -26.49951 -1.953024 -119.7091
v -27.40102 -1.822529 -119.283
v -27.20116 -0.4037615 -118.7655
v -27.22345 -0.3696424 -118.7126
v -27.19931 -0.355705 -118.7166
v -27.18901 -0.3968031 -118.7675
v -29.87996 -3.020365 -115.8208
v -29.87066 -1.663505 -116.2059
v -29.71965 -1.902191 -116.5694
v -29.17575 -3.20444 -117.7613
v -29.43723 -4.257028 -116.7443
v -29.23416 -4.083658 -117.3638
v -26.15506 -7.621883 -114.3471
v -28.31647 -6.105701 -115.2356
v -29.15359 -5.184019 -116.4182
v -29.1569 -5.168877 -116.4517
v -28.90563 -5.027062 -117.1457
v -26.04615 -7.655044 -114.4107
v -24.91558 -6.880028 -117.8767
v -25.41335 -6.387843 -118.4398
v -24.72357 -7.361712 -112.777
v -24.36737 -6.680943 -111.7877
v -24.6239 -6.595542 -111.682
v -24.99642 -7.444137 -112.9108
v -22.64742 -6.638001 -112.654
v -23.43831 -6.384631 -111.7805
v -24.36737 -6.680943 -111.7877
v -24.72357 -7.361712 -112.777
v -22.64742 -6.638001 -112.654
v -22.33495 -6.515057 -112.7655
v -23.06338 -5.853419 -111.5127
v -23.43831 -6.384631 -111.7805
v -20.63305 -1.642379 -112.9817
v -21.20679 -1.2935 -112.0677
v -21.69082 -1.490278 -111.504
v -22.96242 -2.906337 -110.4029
v -20.08758 -2.824449 -114.2098
v -20.06481 -3.959496 -114.7197
v -23.03841 -3.037657 -110.3568
v -23.25015 -3.815077 -110.4022
v -23.24971 -4.895155 -110.859
v -20.40202 -4.850915 -114.6456
v -21.34763 -6.0438 -113.8858
v -23.06338 -5.853419 -111.5127
v -22.33495 -6.515057 -112.7655
v -23.75912 -4.402375 -110.4411
v -23.24971 -4.895155 -110.859
v -23.25015 -3.815077 -110.4022
v -23.74772 -4.343371 -110.4208
v -23.75912 -4.402375 -110.4411
v -23.74772 -4.343371 -110.4208
v -25.3204 -4.462259 -110.3745
v -25.02206 -5.018711 -110.5883
v -21.69082 -1.490278 -111.504
v -21.91732 -1.312484 -111.4283
v -23.42811 -2.361549 -110.2974
v -22.96242 -2.906337 -110.4029
v -23.03888 -2.942681 -110.3503
v -27.40102 -1.822529 -119.283
v -26.49951 -1.953024 -119.7091
v -24.51526 -5.122136 -119.4459
v -28.08836 -2.086648 -118.8066
v -28.74672 -2.531808 -118.2702
v -29.17575 -3.20444 -117.7613
v -29.23416 -4.083658 -117.3638
v -28.90563 -5.027062 -117.1457
v -24.97692 -6.15717 -118.7685
v -25.41335 -6.387843 -118.4398
v -24.72357 -7.361712 -112.777
v -24.99642 -7.444137 -112.9108
v -26.00537 -7.660955 -114.2216
v -22.64742 -6.638001 -112.654
v -26.04615 -7.655044 -114.4107
v -24.91558 -6.880028 -117.8767
v -22.33495 -6.515057 -112.7655
v -21.34763 -6.0438 -113.8858
v -20.8198 -5.649405 -115.8059
v -23.90867 -6.455208 -118.5017
v -20.8543 -5.600738 -116.3709
v -23.5304 -6.312913 -118.576
v -21.11559 -5.647039 -116.8017
v -23.1644 -6.196723 -118.4487
v -28.49174 -2.724654 -112.1502
v -29.83166 -3.398515 -114.265
v -29.1419 -5.366836 -115.42
v -28.31647 -6.105701 -115.2356
v -26.15506 -7.621883 -114.3471
v -26.32393 -3.209058 -110.2547
v -26.00537 -7.660955 -114.2216
v -24.99642 -7.444137 -112.9108
v -25.3204 -4.462259 -110.3745
v -24.6239 -6.595542 -111.682
v -25.02206 -5.018711 -110.5883
v -25.71764 -2.236839 -110.2097
v -26.32393 -3.209058 -110.2547
v -25.3204 -4.462259 -110.3745
v -23.42811 -2.361549 -110.2974
v -23.74772 -4.343371 -110.4208
v -23.03888 -2.942681 -110.3503
v -23.25015 -3.815077 -110.4022
v -23.03841 -3.037657 -110.3568
v -29.40404 -0.9753182 -113.6247
v -29.37373 -0.8938546 -113.6369
v -29.87268 -1.574398 -116.1404
v -29.79795 -2.010166 -113.5647
v -29.9523 -2.323241 -113.9194
v -29.87336 -1.576082 -116.1408
v -29.83166 -3.398515 -114.265
v -29.93737 -3.072631 -114.253
v -29.87996 -3.020365 -115.8208
v -29.43723 -4.257028 -116.7443
v -29.1419 -5.366836 -115.42
v -29.1569 -5.168877 -116.4517
v -29.15359 -5.184019 -116.4182
v -29.9523 -2.323241 -113.9194
v -29.87336 -1.576082 -116.1408
v -29.87066 -1.663505 -116.2059
v -29.87996 -3.020365 -115.8208
v -29.93737 -3.072631 -114.253
v -28.52976 -0.3240381 -113.2311
v -29.37373 -0.8938546 -113.6369
v -29.40404 -0.9753182 -113.6247
v -29.70037 -1.974756 -113.4171
v -28.49174 -2.724654 -112.1502
v -26.95815 -0.1311647 -112.0952
v -26.32393 -3.209058 -110.2547
v -25.71764 -2.236839 -110.2097
v -26.46671 0.9310368 -113.1469
v -24.38792 2.000424 -114.3481
v -24.35912 2.005799 -114.4269
v -24.11232 1.87979 -116.2358
v -24.25996 1.691422 -116.8909
v -27.19931 -0.355705 -118.7166
v -28.52976 -0.3240381 -113.2311
v -29.37373 -0.8938546 -113.6369
v -27.22345 -0.3696424 -118.7126
v -29.87268 -1.574398 -116.1404
v -26.95815 -0.1311647 -112.0952
v -25.71764 -2.236839 -110.2097
v -23.42811 -2.361549 -110.2974
v -26.46671 0.9310368 -113.1469
v -21.91732 -1.312484 -111.4283
v -24.38792 2.000424 -114.3481
v -21.50082 -0.002131974 -112.7085
v -24.33781 2.00192 -114.354
v -23.30504 1.711475 -114.1715
v -21.50987 0.3908747 -113.0805
v -21.65054 0.5895506 -113.2562
f 823 824 825
f 826 827 828
f 829 830 831
f 832 833 834
f 835 836 837
f 838 839 840
f 841 842 843
f 844 845 846
f 847 848 849
f 850 851 852
f 853 854 855
f 855 856 853
f 855 857 856
f 857 858 856
f 857 859 858
f 860 861 862
f 862 863 860
f 863 864 860
f 864 865 860
f 865 866 860
f 867 868 869
f 869 870 867
f 870 871 867
f 871 872 867
f 873 874 875
f 873 875 876
f 877 878 879
f 877 879 880
f 881 882 883
f 883 884 881
f 884 885 881
f 885 886 881
f 887 888 889
f 887 889 890
f 891 892 893
f 891 893 894
f 895 896 897
f 895 897 898
f 899 900 901
f 901 902 899
f 902 903 899
f 902 904 903
f 905 906 907
f 905 907 908
f 909 910 911
f 909 911 912
f 913 914 915
f 913 915 916
f 917 918 919
f 917 919 920
f 921 922 923
f 923 924 921
f 924 925 921
f 926 927 928
f 928 929 926
f 929 930 926
f 929 931 930
f 929 932 931
f 932 933 931
f 932 934 933
f 935 936 937
f 937 938 935
f 938 939 935
f 939 940 935
f 940 941 935
f 942 943 944
f 944 945 942
f 944 946 945
f 947 948 949
f 949 950 947
f 949 951 950
f 951 952 950
f 953 954 955
f 953 955 956
f 957 958 959
f 959 960 957
f 960 961 957
f 960 962 961
f 962 963 961
f 962 964 963
f 964 965 963
f 965 966 963
f 965 967 966
f 965 968 967
f 968 969 967
f 970 971 972
f 972 973 970
f 972 974 973
f 974 975 973
f 975 976 973
f 977 978 979
f 977 979 980
f 981 982 983
f 983 984 981
f 984 985 981
f 984 986 985
f 987 988 989
f 989 990 987
f 990 991 987
f 991 992 987
f 991 993 992
f 991 994 993
f 995 996 997
f 995 997 998
f 999 1000 1001
f 999 1001 1002
f 1003 1004 1005
f 1003 1005 1006
f 1007 1008 1009
f 1009 1010 1007
f 1010 1011 1007
f 1010 1012 1011
f 1010 1013 1012
f 1013 1014 1012
f 1014 1015 1012
f 1015 1016 1012
f 1015 1017 1016
f 1015 1018 1017
f 1018 1019 1017
f 1020 1021 1022
f 1020 1022 1023
f 1024 1025 1026
f 1024 1026 1027
f 1028 1029 1030
f 1030 1031 1028
f 1030 1032 1031
f 1033 1034 1035
f 1035 1036 1033
f 1035 1037 1036
f 1035 1038 1037
f 1035 1039 1038
f 1035 1040 1039
f 1035 1041 1040
f 1041 1042 1040
f 1043 1044 1045
f 1045 1046 1043
f 1045 1047 1046
f 1047 1048 1046
f 1048 1049 1046
f 1048 1050 1049
f 1048 1051 1050
f 1048 1052 1051
f 1052 1053 1051
f 1052 1054 1053
f 1054 1055 1053
f 1054 1056 1055
f 1057 1058 1059
f 1059 1060 1057
f 1060 1061 1057
f 1061 1062 1057
f 1061 1063 1062
f 1063 1064 1062
f 1064 1065 1062
f 1064 1066 1065
f 1066 1067 1065
f 1068 1069 1070
f 1070 1071 1068
f 1070 1072 1071
f 1072 1073 1071
f 1072 1074 1073
f 1074 1075 1073
f 1076 1077 1078
f 1078 1079 1076
f 1078 1080 1079
f 1078 1081 1080
f 1082 1083 1084
f 1084 1085 1082
f 1085 1086 1082
f 1085 1087 1086
f 1087 1088 1086
f 1089 1090 1091
f 1091 1092 1089
f 1092 1093 1089
f 1094 1095 1096
f 1096 1097 1094
f 1097 1098 1094
f 1098 1099 1094
f 1098 1100 1099
f 1100 1101 1099
f 1102 1103 1104
f 1104 1105 1102
f 1105 1106 1102
f 1106 1107 1102
f 1107 1108 1102
f 1107 1109 1108
f 1107 1110 1109
f 1110 1111 1109
f 1112 1113 1114
f 1114 1115 1112
f 1114 1116 1115
f 1116 1117 1115
f 1116 1118 1117
f 1118 1119 1117
f 1118 1120 1119
f 1118 1121 1120
f 1121 1122 1120
v -56 -146 -25
v -50 -146 -25
v -56 -146 25
v -50 -146 25
v -44 11 -25
v -50 11 -25
v -44 11 25
v -50 11 25
v -44 -146 -25
v -44 -146 25
v -38 -146 -25
v -38 -146 25
v -32 11 -25
v -38 11 -25
v -32 11 25
v -38 11 25
v -32 -146 -25
v -32 -146 25
v -26 -146 -25
v -26 -146 25
v -68 -146 25
v -62 -146 -25
v -62 -146 25
v -68 -146 -25
v -56 11 -25
v -64 11 -25
v -64 11 25
v -56 11 25
v -64 23 -25
v -68 23 -25
v -68 23 25
v -64 23 25
v -9 23 -25
v -18 23 -25
v -18 23 25
v -9 23 25
v -18 11 -25
v -26 11 -25
v -26 11 25
v -18 11 25
v -20 -146 -25
v -20 -146 25
v -9 -146 -25
v -9 -146 25
v -62 -146 33
v -56 -146 33
v -50 23 25
v -56 23 25
v -50 23 33
v -56 23 33
v -62 23 33
v -50 -146 33
v -44 23 25
v -44 23 33
v -44 -146 33
v -38 23 25
v -38 23 33
v -38 -146 33
v -32 23 25
v -32 23 33
v -32 -146 33
v -26 23 25
v -26 23 33
v -26 -146 33
v -20 23 33
v -20 -146 33
v -9 23 27
v -9 -146 27
v -68 -146 33
v -68 23 33
v -50 11 -31
v -56 11 -31
v -50 -146 -31
v -56 -146 -31
v -44 11 -31
v -44 -146 -31
v -38 11 -31
v -38 -146 -31
v -32 11 -31
v -32 -146 -31
v -26 11 -31
v -26 -146 -31
v -62 11 -31
v -68 11 -31
v -68 11 -25
v -62 -146 -31
v -68 -146 -31
v -14 11 -31
v -20 11 -31
v -9 11 -25
v -14 -146 -31
v -20 -146 -31
v -50 11 -45
v -58 11 -45
v -50 -146 -45
v -58 -146 -45
v -44 11 -45
v -44 -146 -45
v -38 11 -45
v -38 -146 -45
v -32 11 -45
v -32 -146 -45
v -24 11 -45
v -24 -146 -45
v -62 11 -45
v -68 11 -45
v -62 -146 -45
v -68 -146 -45
v -14 11 -45
v -20 11 -45
v -14 -146 -45
v -20 -146 -45
v -68 11 -63
v -62 11 -63
v -58 11 -63
v -62 -146 -63
v -68 -146 -63
v -58 -146 -63
v -24 11 -63
v -20 11 -63
v -14 11 -63
v -20 -146 -63
v -24 -146 -63
v -14 -146 -63
v -24 11 -73
v -20 11 -73
v -14 11 -73
v -20 -146 -73
v -24 -146 -73
v -14 -146 -73
v -68 -146 -73
v -68 11 -73
v -68 -146 41
v -62 -146 41
v -62 23 41
v -68 23 41
v -56 23 41
v -56 -146 41
v -50 -146 41
v -50 23 41
v -44 -146 41
v -44 23 41
v -38 -146 41
v -38 23 41
v -32 -146 41
v -32 23 41
v -26 -146 41
v -26 23 41
v -20 -146 41
v -20 23 41
v -14 -146 41
v -14 23 41
v -68 -146 47
v -62 -146 47
v -62 23 47
v -68 23 47
v -56 23 47
v -56 -146 47
v -50 -146 47
v -50 23 47
v -44 -146 47
v -44 23 47
v -38 -146 47
v -38 23 47
v -32 -146 47
v -32 23 47
v -26 -146 47
v -26 23 47
v -20 -146 47
v -20 23 47
v -14 -146 47
v -14 23 47
v -68 -146 59
v -62 -146 59
v -62 23 59
v -68 23 59
v -56 23 59
v -56 -146 59
v -50 -146 59
v -50 23 59
v -44 -146 59
v -44 23 59
v -38 -146 59
v -38 23 59
v -32 -146 59
v -32 23 59
v -26 -146 59
v -26 23 59
v -20 -146 59
v -20 23 59
v -14 -146 61
v -14 23 61
v -9 23 27
v -14 23 41
v 14 29 25
v 14 29 41
v 14 -146 39
v 14 -146 25
v -14 23 41
v -14 23 47
v 14 29 41
v 14 29 51
v -14 23 61
v 14 29 67
v 14 -146 67
v 14 -146 49
v 18 -146 49
v 18 -146 67
v 18 29 41
v 14 29 41
v 14 29 51
v 18 29 51
v 18 -146 39
v 18 29 25
v 14 29 25
v 18 -146 25
v 14 29 67
v 18 29 67
v 18 34 67
v 14 34 67
v 14 34 73
v 18 34 73
v 14 -146 73
v 18 -146 73
v 18 -146 19
v 14 -146 19
v 18 34 19
v 14 34 19
v 14 34 25
v 18 34 25
v 74 -146 67
v 78 -146 49
v 78 -146 67
v 74 -146 49
v 78 29 41
v 74 29 41
v 74 29 51
v 78 29 51
v 78 -146 39
v 74 -146 39
v 78 29 25
v 74 29 25
v 78 -146 25
v 74 -146 25
v 74 29 67
v 78 29 67
v 78 37 67
v 74 37 67
v 74 37 73
v 78 37 73
v 74 37 67
v 18 34 67
v 18 34 73
v 74 37 73
v 74 -146 73
v 78 -146 73
v 78 -146 19
v 74 -146 19
v 78 37 19
v 74 37 19
v 74 37 25
v 78 37 25
v 74 37 19
v 18 34 19
v 18 34 25
v 74 37 25
v 18 29 41
v 18 29 51
v 18 19 41
v 18 19 51
v 18 29 67
v 18 19 67
v 18 29 25
v 18 19 25
v 84 -146 19
v 84 -146 25
v 102 -146 19
v 102 -146 25
v 84 -146 67
v 84 -146 73
v 102 -146 67
v 102 -146 73
v 92 37 51
v 78 29 51
v 78 29 67
v 92 37 67
v 102 37 51
v 92 37 51
v 92 37 67
v 102 37 67
v 84 -146 49
v 102 -146 49
v 92 37 41
v 78 29 41
v 102 37 41
v 92 37 41
v 84 -146 39
v 102 -146 39
v 92 37 67
v 78 37 67
v 78 37 73
v 92 37 73
v 102 37 67
v 102 37 73
v 92 37 25
v 78 29 25
v 102 37 25
v 92 37 25
v 92 37 19
v 78 37 19
v 78 37 25
v 92 37 25
v 102 37 19
v 102 37 25
v -56 -146 59
v -50 -146 59
v -50 11 59
v -56 11 59
v -50 11 -45
v -58 -146 -45
v -58 11 -45
v -50 -146 -45
v -44 -146 59
v -44 11 59
v -44 11 -45
v -44 -146 -45
v -38 -146 59
v -38 11 59
v -38 11 -45
v -38 -146 -45
v -32 -146 59
v -32 11 59
v -32 11 -45
v -32 -146 -45
v -26 -146 59
v -26 11 59
v -24 11 -45
v -24 -146 -45
v -68 11 -25
v -68 -146 -25
v -68 11 25
v -68 -146 25
v -9 -146 -25
v -9 11 -25
v -9 -146 25
v -9 11 25
v -50 11 25
v -50 11 -25
v -50 23 25
v -56 11 25
v -56 23 25
v -56 11 -25
v -56 11 25
v -50 11 25
v -56 23 25
v -50 23 25
v -38 11 25
v -38 11 -25
v -38 23 25
v -44 11 25
v -44 23 25
v -44 11 -25
v -44 11 25
v -38 11 25
v -44 23 25
v -38 23 25
v -26 11 25
v -26 11 -25
v -26 23 25
v -32 11 25
v -32 23 25
v -32 11 -25
v -32 11 25
v -26 11 25
v -32 23 25
v -26 23 25
v -68 -146 59
v -62 -146 59
v -62 11 59
v -68 11 59
v -62 11 -63
v -68 -146 -63
v -68 11 -63
v -62 -146 -63
v -58 11 -63
v -58 -146 -63
v -20 -146 59
v -20 11 59
v -20 -146 59
v -14 -146 61
v -14 11 61
v -20 11 59
v -20 11 -73
v -24 -146 -73
v -24 11 -73
v -20 -146 -73
v -14 11 -73
v -14 -146 -73
v -64 11 -25
v -68 11 -25
v -64 23 -25
v -68 23 -25
v -68 23 -25
v -68 23 25
v -64 11 25
v -64 11 -25
v -64 23 25
v -64 23 -25
v -68 11 25
v -64 11 25
v -68 23 25
v -64 23 25
v -9 11 -25
v -18 11 -25
v -9 23 -25
v -18 23 -25
v -18 11 -25
v -18 11 25
v -18 23 -25
v -18 23 25
v -9 23 25
v -9 23 -25
v -18 11 25
v -9 11 25
v -18 23 25
v -9 23 25
v -68 11 33
v -68 -146 33
v -9 -146 27
v -9 11 27
v -64 11 25
v -68 11 25
v -64 23 25
v -68 23 25
v -62 23 59
v -56 23 59
v -68 23 33
v -68 23 59
v -56 11 25
v -56 23 25
v -50 23 59
v -50 11 25
v -50 23 25
v -44 23 59
v -44 11 25
v -44 23 25
v -38 23 59
v -38 11 25
v -38 23 25
v -32 23 59
v -32 11 25
v -32 23 25
v -26 23 59
v -26 11 25
v -26 23 25
v -20 23 59
v -18 11 25
v -18 23 25
v -20 23 59
v -14 23 61
v -9 11 25
v -9 23 25
v -9 23 27
v -9 -146 -25
v -14 -146 -31
v -14 11 -31
v -9 11 -25
v -68 11 -31
v -68 -146 -31
v -14 -146 -31
v -14 -146 -45
v -14 11 -45
v -14 11 -31
v -68 11 -45
v -68 -146 -45
v -68 -146 -63
v -68 11 -63
v -58 11 -45
v -58 -146 -45
v -58 11 -63
v -58 -146 -63
v -24 -146 -45
v -24 11 -45
v -24 -146 -63
v -24 11 -63
v -14 11 -45
v -14 -146 -45
v -14 11 -63
v -14 -146 -63
v -68 -146 -73
v -68 11 -73
v -14 11 -73
v -14 -146 -73
v -24 -146 -63
v -24 11 -63
v -68 -146 -63
v -68 11 -63
v -68 11 -73
v -68 -146 -73
v -68 11 41
v -68 -146 41
v -68 23 41
v 102 -146 25
v 102 7 25
v 102 -146 39
v 102 7 39
v 102 37 25
v 102 37 41
v -68 11 47
v -68 -146 47
v -68 23 47
v 102 -146 49
v 102 7 49
v 102 37 51
v -68 11 59
v -68 -146 59
v -68 23 59
v 102 -146 67
v 102 7 67
v 102 37 67
v -9 11 27
v -9 23 27
v 14 7 25
v 14 29 25
v -14 11 61
v -14 -146 61
v 14 7 67
v 14 -146 67
v -14 23 61
v 14 29 67
v -9 -146 27
v 14 -146 25
v 14 29 67
v 14 7 67
v 14 29 73
v 14 7 73
v 102 7 73
v 102 29 73
v 14 -146 67
v 14 -146 73
v 102 -146 73
v 102 37 73
v 14 34 67
v 14 34 73
v 14 -146 25
v 14 7 25
v 14 -146 19
v 14 7 19
v 102 7 19
v 102 -146 19
v 14 29 25
v 14 29 19
v 102 29 19
v 14 34 19
v 14 34 25
v 102 37 19
v 18 7 19
v 14 -146 19
v 14 7 19
v 18 -146 19
v 14 7 73
v 18 7 73
v 18 29 73
v 14 29 73
v 18 29 19
v 14 29 19
v 14 -146 73
v 18 -146 73
v 18 34 67
v 14 29 67
v 14 34 67
v 18 29 67
v 18 34 73
v 14 34 73
v 14 29 25
v 18 29 25
v 18 34 25
v 14 34 25
v 18 34 19
v 14 34 19
v 74 7 19
v 74 -146 19
v 78 7 19
v 78 -146 19
v 74 19 41
v 18 19 41
v 18 19 51
v 74 19 51
v 74 7 73
v 74 29 73
v 78 7 73
v 78 29 73
v 74 29 19
v 78 29 19
v 74 19 25
v 18 19 25
v 18 19 67
v 74 19 67
v 74 -146 73
v 78 -146 73
v 74 37 67
v 74 29 67
v 78 37 67
v 78 29 67
v 74 37 73
v 78 37 73
v 74 29 25
v 74 37 25
v 78 29 25
v 78 37 25
v 74 37 19
v 78 37 19
v 74 29 67
v 74 29 51
v 74 19 67
v 74 19 51
v 74 29 41
v 74 19 41
v 74 19 25
v 18 19 25
v 74 29 25
v 74 19 25
v 18 19 67
v 74 19 67
v 92 7 73
v 92 29 73
v 102 7 73
v 102 29 73
v 92 37 73
v 102 37 73
v 84 -146 73
v 102 -146 73
v 92 37 67
v 92 29 19
v 92 7 19
v 102 29 19
v 102 7 19
v 84 -146 19
v 102 -146 19
v 92 37 25
v 92 37 19
v 102 37 19
v -26 11 -25
v -32 11 -25
v -26 23 25
v -32 23 25
v -38 11 -25
v -44 11 -25
v -38 23 25
v -44 23 25
v -50 11 -25
v -56 11 -25
v -50 23 25
v -56 23 25
f 1123 1124 1125
f 1124 1126 1125
f 1127 1128 1129
f 1128 1130 1129
f 1124 1131 1126
f 1131 1132 1126
f 1131 1133 1132
f 1133 1134 1132
f 1135 1136 1137
f 1136 1138 1137
f 1133 1139 1134
f 1139 1140 1134
f 1139 1141 1140
f 1141 1142 1140
f 1143 1144 1145
f 1143 1146 1144
f 1145 1123 1125
f 1145 1144 1123
f 1147 1148 1149
f 1150 1147 1149
f 1151 1152 1153
f 1154 1151 1153
f 1155 1156 1157
f 1158 1155 1157
f 1159 1160 1161
f 1162 1159 1161
f 1142 1163 1164
f 1142 1141 1163
f 1164 1165 1166
f 1164 1163 1165
f 1145 1125 1167
f 1125 1168 1167
f 1169 1170 1171
f 1170 1172 1171
f 1170 1154 1172
f 1154 1173 1172
f 1125 1126 1168
f 1126 1174 1168
f 1175 1169 1176
f 1169 1171 1176
f 1126 1132 1174
f 1132 1177 1174
f 1178 1175 1179
f 1175 1176 1179
f 1132 1134 1177
f 1134 1180 1177
f 1181 1178 1182
f 1178 1179 1182
f 1134 1140 1180
f 1140 1183 1180
f 1184 1181 1185
f 1181 1182 1185
f 1140 1142 1183
f 1142 1186 1183
f 1157 1184 1187
f 1184 1185 1187
f 1142 1164 1186
f 1164 1188 1186
f 1158 1157 1189
f 1157 1187 1189
f 1164 1166 1188
f 1166 1190 1188
f 1143 1145 1191
f 1145 1167 1191
f 1154 1153 1173
f 1153 1192 1173
f 1193 1194 1147
f 1128 1193 1147
f 1123 1195 1124
f 1123 1196 1195
f 1197 1193 1128
f 1127 1197 1128
f 1124 1198 1131
f 1124 1195 1198
f 1199 1197 1127
f 1136 1199 1127
f 1131 1200 1133
f 1131 1198 1200
f 1201 1199 1136
f 1135 1201 1136
f 1133 1202 1139
f 1133 1200 1202
f 1203 1201 1135
f 1160 1203 1135
f 1139 1204 1141
f 1139 1202 1204
f 1194 1205 1148
f 1147 1194 1148
f 1205 1206 1207
f 1148 1205 1207
f 1144 1196 1123
f 1144 1208 1196
f 1146 1208 1144
f 1146 1209 1208
f 1210 1211 1159
f 1212 1210 1159
f 1211 1203 1160
f 1159 1211 1160
f 1163 1213 1165
f 1163 1214 1213
f 1141 1214 1163
f 1141 1204 1214
f 1215 1216 1194
f 1193 1215 1194
f 1196 1217 1195
f 1196 1218 1217
f 1219 1215 1193
f 1197 1219 1193
f 1195 1220 1198
f 1195 1217 1220
f 1221 1219 1197
f 1199 1221 1197
f 1198 1222 1200
f 1198 1220 1222
f 1223 1221 1199
f 1201 1223 1199
f 1200 1224 1202
f 1200 1222 1224
f 1225 1223 1201
f 1203 1225 1201
f 1202 1226 1204
f 1202 1224 1226
f 1216 1227 1205
f 1194 1216 1205
f 1227 1228 1206
f 1205 1227 1206
f 1208 1218 1196
f 1208 1229 1218
f 1209 1229 1208
f 1209 1230 1229
f 1231 1232 1211
f 1210 1231 1211
f 1232 1225 1203
f 1211 1232 1203
f 1214 1233 1213
f 1214 1234 1233
f 1204 1234 1214
f 1204 1226 1234
f 1228 1227 1235
f 1227 1236 1235
f 1227 1216 1236
f 1216 1237 1236
f 1229 1230 1238
f 1230 1239 1238
f 1218 1229 1240
f 1229 1238 1240
f 1225 1232 1241
f 1232 1242 1241
f 1232 1231 1242
f 1231 1243 1242
f 1234 1226 1244
f 1226 1245 1244
f 1233 1234 1246
f 1234 1244 1246
f 1241 1242 1247
f 1242 1248 1247
f 1242 1243 1248
f 1243 1249 1248
f 1244 1245 1250
f 1245 1251 1250
f 1246 1244 1252
f 1244 1250 1252
f 1251 1245 1253
f 1245 1239 1253
f 1241 1247 1235
f 1247 1254 1235
f 1191 1167 1255
f 1167 1256 1255
f 1173 1192 1257
f 1192 1258 1257
f 1172 1173 1259
f 1173 1257 1259
f 1167 1168 1256
f 1168 1260 1256
f 1168 1174 1260
f 1174 1261 1260
f 1171 1172 1262
f 1172 1259 1262
f 1174 1177 1261
f 1177 1263 1261
f 1176 1171 1264
f 1171 1262 1264
f 1177 1180 1263
f 1180 1265 1263
f 1179 1176 1266
f 1176 1264 1266
f 1180 1183 1265
f 1183 1267 1265
f 1182 1179 1268
f 1179 1266 1268
f 1183 1186 1267
f 1186 1269 1267
f 1185 1182 1270
f 1182 1268 1270
f 1186 1188 1269
f 1188 1271 1269
f 1187 1185 1272
f 1185 1270 1272
f 1188 1190 1271
f 1190 1273 1271
f 1189 1187 1274
f 1187 1272 1274
f 1255 1256 1275
f 1256 1276 1275
f 1257 1258 1277
f 1258 1278 1277
f 1259 1257 1279
f 1257 1277 1279
f 1256 1260 1276
f 1260 1280 1276
f 1260 1261 1280
f 1261 1281 1280
f 1262 1259 1282
f 1259 1279 1282
f 1261 1263 1281
f 1263 1283 1281
f 1264 1262 1284
f 1262 1282 1284
f 1263 1265 1283
f 1265 1285 1283
f 1266 1264 1286
f 1264 1284 1286
f 1265 1267 1285
f 1267 1287 1285
f 1268 1266 1288
f 1266 1286 1288
f 1267 1269 1287
f 1269 1289 1287
f 1270 1268 1290
f 1268 1288 1290
f 1269 1271 1289
f 1271 1291 1289
f 1272 1270 1292
f 1270 1290 1292
f 1271 1273 1291
f 1273 1293 1291
f 1274 1272 1294
f 1272 1292 1294
f 1275 1276 1295
f 1276 1296 1295
f 1277 1278 1297
f 1278 1298 1297
f 1279 1277 1299
f 1277 1297 1299
f 1276 1280 1296
f 1280 1300 1296
f 1280 1281 1300
f 1281 1301 1300
f 1282 1279 1302
f 1279 1299 1302
f 1281 1283 1301
f 1283 1303 1301
f 1284 1282 1304
f 1282 1302 1304
f 1283 1285 1303
f 1285 1305 1303
f 1286 1284 1306
f 1284 1304 1306
f 1285 1287 1305
f 1287 1307 1305
f 1288 1286 1308
f 1286 1306 1308
f 1287 1289 1307
f 1289 1309 1307
f 1290 1288 1310
f 1288 1308 1310
f 1289 1291 1309
f 1291 1311 1309
f 1292 1290 1312
f 1290 1310 1312
f 1291 1293 1311
f 1293 1313 1311
f 1294 1292 1314
f 1292 1312 1314
f 1315 1316 1317
f 1316 1318 1317
f 1273 1190 1319
f 1190 1320 1319
f 1321 1322 1323
f 1322 1324 1323
f 1322 1325 1324
f 1325 1326 1324
f 1313 1293 1327
f 1293 1328 1327
f 1293 1273 1328
f 1273 1319 1328
f 1327 1329 1330
f 1327 1328 1329
f 1331 1332 1333
f 1334 1331 1333
f 1328 1335 1329
f 1328 1319 1335
f 1336 1337 1332
f 1331 1336 1332
f 1319 1338 1335
f 1319 1320 1338
f 1334 1333 1339
f 1340 1334 1339
f 1341 1342 1343
f 1344 1341 1343
f 1345 1330 1346
f 1345 1327 1330
f 1320 1347 1338
f 1320 1348 1347
f 1349 1350 1351
f 1352 1349 1351
f 1353 1354 1355
f 1353 1356 1354
f 1330 1356 1353
f 1330 1329 1356
f 1357 1358 1359
f 1360 1357 1359
f 1356 1361 1354
f 1356 1362 1361
f 1329 1362 1356
f 1329 1335 1362
f 1363 1364 1358
f 1357 1363 1358
f 1362 1365 1361
f 1362 1366 1365
f 1335 1366 1362
f 1335 1338 1366
f 1360 1359 1367
f 1368 1360 1367
f 1369 1370 1371
f 1372 1369 1371
f 1373 1374 1375
f 1376 1373 1375
f 1377 1355 1378
f 1377 1353 1355
f 1346 1353 1377
f 1346 1330 1353
f 1366 1379 1365
f 1366 1380 1379
f 1338 1380 1366
f 1338 1347 1380
f 1381 1382 1383
f 1384 1381 1383
f 1385 1386 1387
f 1388 1385 1387
f 1389 1390 1391
f 1390 1392 1391
f 1390 1393 1392
f 1393 1394 1392
f 1395 1389 1396
f 1389 1391 1396
f 1365 1397 1398
f 1365 1379 1397
f 1398 1399 1400
f 1398 1397 1399
f 1378 1401 1402
f 1378 1355 1401
f 1402 1403 1404
f 1402 1401 1403
f 1405 1406 1407
f 1408 1405 1407
f 1409 1410 1411
f 1412 1409 1411
f 1355 1413 1401
f 1355 1354 1413
f 1401 1414 1403
f 1401 1413 1414
f 1415 1416 1406
f 1405 1415 1406
f 1417 1418 1410
f 1409 1417 1410
f 1354 1419 1413
f 1354 1361 1419
f 1413 1420 1414
f 1413 1419 1420
f 1421 1422 1423
f 1424 1421 1423
f 1425 1421 1424
f 1426 1425 1424
f 1361 1398 1419
f 1361 1365 1398
f 1419 1400 1420
f 1419 1398 1400
f 1427 1428 1416
f 1415 1427 1416
f 1429 1430 1418
f 1417 1429 1418
f 1431 1432 1433
f 1434 1431 1433
f 1435 1431 1434
f 1436 1435 1434
f 1437 1438 1439
f 1440 1437 1439
f 1441 1442 1443
f 1441 1444 1442
f 1438 1445 1446
f 1439 1438 1446
f 1447 1444 1441
f 1447 1448 1444
f 1445 1449 1450
f 1446 1445 1450
f 1451 1448 1447
f 1451 1452 1448
f 1449 1453 1454
f 1450 1449 1454
f 1455 1452 1451
f 1455 1456 1452
f 1453 1457 1458
f 1454 1453 1458
f 1459 1456 1455
f 1459 1460 1456
f 1461 1462 1463
f 1462 1464 1463
f 1465 1466 1467
f 1466 1468 1467
f 1469 1470 1471
f 1472 1473 1474
f 1475 1476 1477
f 1476 1478 1477
f 1479 1480 1481
f 1482 1483 1484
f 1485 1486 1487
f 1486 1488 1487
f 1489 1490 1491
f 1492 1493 1494
f 1495 1496 1497
f 1496 1498 1497
f 1499 1500 1501
f 1502 1499 1501
f 1500 1437 1440
f 1501 1500 1440
f 1503 1504 1505
f 1503 1506 1504
f 1507 1506 1503
f 1507 1508 1506
f 1457 1509 1510
f 1458 1457 1510
f 1511 1512 1513
f 1514 1511 1513
f 1515 1516 1517
f 1515 1518 1516
f 1519 1518 1515
f 1519 1520 1518
f 1521 1522 1523
f 1522 1524 1523
f 1461 1463 1525
f 1463 1526 1525
f 1527 1528 1529
f 1528 1530 1529
f 1531 1532 1533
f 1532 1534 1533
f 1535 1536 1537
f 1536 1538 1537
f 1539 1540 1541
f 1540 1542 1541
f 1468 1466 1543
f 1466 1544 1543
f 1545 1546 1547
f 1546 1548 1547
f 1463 1464 1549
f 1464 1550 1549
f 1467 1468 1551
f 1468 1552 1551
f 1553 1554 1555
f 1554 1556 1555
f 1501 1440 1557
f 1440 1558 1557
f 1463 1549 1526
f 1549 1559 1526
f 1502 1501 1560
f 1501 1557 1560
f 1561 1553 1562
f 1553 1555 1562
f 1440 1439 1558
f 1439 1563 1558
f 1564 1561 1565
f 1561 1562 1565
f 1439 1446 1563
f 1446 1566 1563
f 1567 1564 1568
f 1564 1565 1568
f 1446 1450 1566
f 1450 1569 1566
f 1570 1567 1571
f 1567 1568 1571
f 1450 1454 1569
f 1454 1572 1569
f 1573 1570 1574
f 1570 1571 1574
f 1454 1458 1572
f 1458 1575 1572
f 1576 1573 1577
f 1573 1574 1577
f 1458 1510 1575
f 1510 1578 1575
f 1579 1576 1580
f 1576 1577 1580
f 1514 1513 1581
f 1513 1582 1581
f 1583 1579 1584
f 1579 1580 1584
f 1552 1468 1585
f 1468 1543 1585
f 1586 1587 1588
f 1589 1586 1588
f 1590 1462 1461
f 1590 1591 1462
f 1592 1593 1594
f 1595 1592 1594
f 1596 1591 1590
f 1596 1597 1591
f 1597 1596 1598
f 1596 1599 1598
f 1600 1601 1602
f 1601 1603 1602
f 1604 1605 1606
f 1605 1607 1606
f 1608 1609 1610
f 1609 1611 1610
f 1598 1599 1612
f 1599 1613 1612
f 1610 1611 1614
f 1611 1615 1614
f 1616 1617 1618
f 1617 1619 1618
f 1517 1516 1620
f 1516 1621 1620
f 1549 1550 1622
f 1550 1623 1622
f 1559 1549 1624
f 1549 1622 1624
f 1625 1626 1627
f 1626 1628 1627
f 1626 1629 1628
f 1629 1630 1628
f 1622 1623 1631
f 1623 1632 1631
f 1624 1622 1633
f 1622 1631 1633
f 1627 1628 1634
f 1628 1635 1634
f 1628 1630 1635
f 1630 1636 1635
f 1631 1632 1637
f 1632 1638 1637
f 1633 1631 1639
f 1631 1637 1639
f 1634 1635 1640
f 1635 1641 1640
f 1635 1636 1641
f 1636 1642 1641
f 1643 1644 1645
f 1644 1646 1645
f 1647 1648 1649
f 1648 1650 1649
f 1651 1647 1652
f 1647 1649 1652
f 1653 1643 1654
f 1643 1645 1654
f 1655 1656 1657
f 1656 1658 1657
f 1641 1642 1659
f 1642 1660 1659
f 1656 1661 1658
f 1661 1662 1658
f 1640 1641 1663
f 1641 1659 1663
f 1660 1642 1664
f 1655 1657 1665
f 1657 1666 1665
f 1667 1668 1669
f 1668 1670 1669
f 1626 1625 1671
f 1625 1672 1671
f 1668 1673 1670
f 1673 1674 1670
f 1629 1626 1675
f 1626 1671 1675
f 1674 1673 1676
f 1673 1677 1676
f 1675 1678 1629
f 1679 1680 1681
f 1679 1682 1680
f 1683 1684 1685
f 1686 1683 1685
f 1687 1681 1688
f 1687 1679 1681
f 1689 1690 1684
f 1683 1689 1684
f 1691 1692 1693
f 1691 1694 1692
f 1686 1685 1695
f 1696 1686 1695
f 1697 1698 1699
f 1700 1697 1699
f 1701 1688 1702
f 1701 1687 1688
f 1703 1682 1679
f 1703 1704 1682
f 1705 1704 1703
f 1705 1706 1704
f 1707 1708 1709
f 1710 1707 1709
f 1684 1711 1712
f 1685 1684 1712
f 1711 1713 1714
f 1712 1711 1714
f 1715 1679 1687
f 1715 1703 1679
f 1716 1703 1715
f 1716 1705 1703
f 1717 1718 1708
f 1707 1717 1708
f 1710 1709 1719
f 1720 1710 1719
f 1690 1721 1711
f 1684 1690 1711
f 1721 1722 1713
f 1711 1721 1713
f 1723 1694 1691
f 1723 1724 1694
f 1725 1724 1723
f 1725 1726 1724
f 1685 1712 1727
f 1695 1685 1727
f 1712 1714 1728
f 1727 1712 1728
f 1698 1729 1730
f 1699 1698 1730
f 1729 1731 1732
f 1730 1729 1732
f 1733 1687 1701
f 1733 1715 1687
f 1734 1715 1733
f 1734 1716 1715
f 1735 1736 1737
f 1736 1738 1737
f 1736 1739 1738
f 1739 1740 1738
f 1729 1698 1741
f 1698 1742 1741
f 1739 1743 1740
f 1743 1744 1740
f 1694 1724 1745
f 1724 1746 1745
f 1713 1747 1748
f 1714 1713 1748
f 1747 1749 1750
f 1748 1747 1750
f 1714 1748 1751
f 1728 1714 1751
f 1748 1750 1752
f 1751 1748 1752
f 1722 1753 1747
f 1713 1722 1747
f 1753 1754 1749
f 1747 1753 1749
f 1755 1726 1725
f 1756 1705 1716
f 1756 1757 1705
f 1758 1757 1756
f 1758 1759 1757
f 1757 1706 1705
f 1757 1760 1706
f 1759 1760 1757
f 1759 1761 1760
f 1732 1731 1762
f 1763 1716 1734
f 1763 1756 1716
f 1764 1756 1763
f 1764 1758 1756
f 1765 1766 1767
f 1766 1768 1767
f 1769 1770 1771
f 1770 1772 1771
f 1773 1774 1775
f 1774 1776 1775
v -4109.642 -91.65843 3943.414
v -4109.642 -29.57489 4209.642
v -3843.415 -83.18937 4209.642
v -3843.415 -101.5723 3943.414
v -4109.642 -113.4592 3677.187
v -3577.187 -25.28838 4209.642
v -3843.415 -36.66681 3677.187
v -4109.642 -31.32662 3410.959
v -3577.187 -62.89652 3943.414
v -3310.959 -128.1483 4209.642
v -3843.415 4.122961 3410.959
v -4109.642 -136.22 3144.731
v -3577.187 3.612673 3677.187
v -3310.959 -68.97466 3943.414
v -3044.731 -10.79787 4209.642
v -3843.415 -24.25871 3144.731
v -4109.642 -34.08659 2878.504
v -3577.187 -72.87766 3410.959
v -3044.731 -87.83056 3943.414
v -2778.504 -94.68423 4209.642
v -3310.959 -77.82259 3677.187
v -3843.415 -99.56629 2878.504
v -4109.642 -87.12174 2612.276
v -2778.504 -85.06549 3943.414
v -2512.276 -43.62038 4209.642
v -3577.187 -99.94025 3144.731
v -3310.959 -18.56031 3410.959
v -3044.731 -125.0005 3677.187
v -3843.415 -21.96673 2612.276
v -4109.642 -8.950087 2346.048
v -2512.276 -60.40745 3943.414
v -2246.049 -48.21272 4209.642
v -3577.187 -48.13673 2878.504
v -3310.959 -58.03685 3144.731
v -3044.731 -115.8152 3410.959
v -2778.504 -0.7026044 3677.187
v -3843.415 -27.14763 2346.048
v -4109.642 -0.6529855 2079.821
v -2246.049 -53.20747 3943.414
v -1979.821 -95.46626 4209.642
v -3577.187 -7.839729 2612.276
v -3310.959 -116.8383 2878.504
v -3044.731 -53.0921 3144.731
v -2778.504 -65.03183 3410.959
v -2512.276 -67.9985 3677.187
v -1979.821 -81.1905 3943.414
v -1713.594 -16.4682 4209.642
v -2246.049 -95.19341 3677.187
v -2512.276 -102.6875 3410.959
v -2778.504 -27.18686 3144.731
v -3044.731 -58.35676 2878.504
v -1713.594 -59.20449 3943.414
v -1447.366 -32.18567 4209.642
v -1979.821 -66.36661 3677.187
v -2246.049 -76.33598 3410.959
v -2512.276 -77.47151 3144.731
v -1447.366 -36.02208 3943.414
v -1181.138 -92.94224 4209.642
v -1713.594 -25.62678 3677.187
v -1979.821 3.20013 3410.959
v -1181.138 -11.19366 3943.414
v -914.9105 -44.35725 4209.642
v -1447.366 -74.14445 3677.187
v -914.9105 -42.49306 3943.414
v -648.6829 -34.31531 4209.642
v -2778.504 -56.88516 2878.504
v -2246.049 -74.72763 3144.731
v -1713.594 -61.26048 3410.959
v -1181.141 -18.21576 3677.19
v -648.6829 -30.50233 3943.414
v -382.4553 -63.59812 4209.642
v -2512.276 -56.94496 2878.504
v -1979.828 -3.778082 3144.738
v -1447.372 -81.10341 3410.966
v -914.92 -56.31118 3677.201
v -382.4553 -25.83395 3943.414
v -116.2277 3.859429 4209.642
v -2246.05 -3.630844 2878.506
v -1713.592 -97.46752 3144.73
v -1181.244 -2.283335 3411.139
v -648.7138 -12.28911 3677.267
v -116.2277 -77.45515 3943.414
v 150 14.36235 4209.642
v -1979.891 -18.82359 2878.567
v -1447.408 -79.36837 3144.787
v -914.8844 -110.7018 3410.896
v -382.4722 -25.38071 3677.299
v 150 -88.49236 3943.414
v 416.2276 -38.56815 4209.642
v -1713.716 -61.56316 2878.627
v -1181.22 -74.68459 3144.87
v -648.9271 39.04727 3411.834
v -116.2277 -15.31946 3677.334
v 416.2276 -62.32009 3943.414
v 682.4553 -39.23237 4209.642
v -1446.557 -206.5975 2877.541
v -915.156 -40.98906 3145.299
v -382.6535 85.45419 3412.436
v 149.984 -162.5591 3677.081
v 682.4553 -104.8243 3943.414
v 948.6829 -98.39901 4209.642
v -1183.042 125.1042 2881.353
v -649.0536 -0.3914721 3146.023
v -116.2277 -118.6191 3410.732
v 416.2511 -32.36261 3677.248
v 948.6829 -40.3455 3943.414
v 1214.911 6.299291 4209.642
v -915.7425 13.94737 2880.163
v -382.5719 -36.42926 3145.542
v 149.9716 -119.1391 3410.747
v 682.4669 -47.44156 3677.204
v 1214.911 -52.06553 3943.414
v 1481.138 -64.17075 4209.642
v -648.6772 -72.95406 2878.487
v -116.2307 -1.529966 3146.189
v 416.2197 -99.1118 3410.929
v 948.6838 -69.97842 3677.188
v 1481.138 33.2412 3943.414
v 1747.366 -40.39886 4209.642
v -382.8807 37.22038 2880.985
v 150.0075 -79.39219 3144.806
v 682.541 -32.95452 3411.256
v 1214.911 -42.10513 3677.187
v 1747.366 -90.17336 3943.414
v 2013.594 -2.905459 4209.642
v -116.3739 51.65699 2881.526
v 416.5443 36.28127 3146.941
v 948.6935 -76.7514 3411.025
v 1481.138 -117.8473 3677.187
v 2013.594 -97.46703 3943.414
v 2279.821 -96.80846 4209.642
v 150.0001 -69.52334 2878.45
v 682.5347 -55.24753 3145.35
v 1214.911 -46.254 3411.105
v 1747.366 -101.4764 3677.187
v 2279.821 -70.50449 3943.414
v 2546.049 -72.93777 4209.642
v 416.2375 -42.94682 2879.336
v 948.8541 19.04877 3146.662
v 1481.14 21.92205 3411.296
v 2013.594 -55.41195 3677.187
v 2546.049 -96.66879 3943.414
v 2812.276 -94.70734 4209.642
v 682.4188 -97.94646 2877.461
v 1214.929 -69.76899 3145.09
v 1747.383 -52.13456 3411.066
v 2279.821 3.842349 3677.187
v 2812.276 -69.05824 3943.414
v 3078.504 -128.3511 4209.642
v 948.8201 -12.23873 2880.637
v 1481.139 -90.99495 3144.739
v 2013.625 -40.47151 3411.041
v 2546.049 -13.47804 3677.187
v 3078.504 -66.65211 3943.414
v 3344.731 6.268024 4209.642
v 1214.906 -73.74845 2878.458
v 1747.411 -67.07471 3145.053
v 2279.812 -121.1809 3410.945
v 2812.276 -138.689 3677.187
v 3344.731 16.0945 3943.414
v 3610.959 17.98769 4209.642
v 1481.392 -4.652401 2880.702
v 2013.671 -66.13866 3145.011
v 2546.052 -45.44196 3410.963
v 3078.504 37.02039 3677.187
v 3610.959 2.062722 3943.414
v 3877.187 16.58202 4209.642
v 1747.628 -21.36859 2880.021
v 2279.907 -63.42028 3144.94
v 2812.276 -28.06801 3410.959
v 3344.731 -11.44801 3677.187
v 3877.187 -76.06794 3943.414
v 4143.415 -57.06765 4209.642
v 2013.689 -66.68031 2878.834
v 2546.179 -21.08588 3144.954
v 3078.504 -57.02045 3410.959
v 3610.959 -136.2745 3677.187
v 4143.415 -39.92476 3943.414
v 4409.642 -122.0007 4209.642
v 4409.642 -133.9314 3943.414
v 3877.187 -20.91871 3677.187
v 4143.415 1.891415 3677.187
v 4409.642 -90.12093 3677.187
v 3344.731 8.620352 3410.959
v 2812.267 -111.0936 3144.72
v 3610.959 -41.15563 3410.959
v 4143.415 -28.75096 3410.959
v 4409.642 -97.87051 3410.959
v 3877.187 -1.604512 3410.959
v 3078.506 -31.67645 3144.734
v 4143.415 -76.27604 3144.731
v 4409.642 -47.2187 3144.731
v 3344.731 -59.23903 3144.731
v 3877.187 -77.38896 3144.731
v 3610.959 -33.85894 3144.731
v 4143.415 -14.55352 2878.504
v 4409.642 -47.34916 2878.504
v 3877.187 -47.9402 2878.504
v 3610.959 -67.93209 2878.504
v 3344.738 -36.29787 2878.511
v 3078.566 -46.09318 2878.574
v 4143.415 -99.76313 2612.276
v 4409.642 -62.14463 2612.276
v 3877.187 5.342211 2612.276
v 3610.962 -26.04847 2612.279
v 3344.72 -103.9297 2612.266
v 4143.415 -40.46152 2346.048
v 4409.642 -37.96246 2346.048
v 3877.187 -47.53358 2346.048
v 3611.037 9.258391 2346.116
v 4143.415 -35.03667 2079.821
v 4409.642 24.36892 2079.821
v 3877.186 -110.9851 2079.82
v 4143.415 -68.68965 1813.593
v 4409.642 34.51089 1813.593
v 3078.463 -102.6516 2612.235
v 3345.423 36.22844 2346.577
v 3611.034 -70.7253 2079.865
v 3877.228 -20.05923 1813.621
v 4143.415 -130.3017 1547.366
v 4409.642 10.10355 1547.366
v 3079.404 -19.77912 2346.803
v 3344.061 -151.1168 2079.424
v 3611.467 -17.30609 1813.803
v 3877.319 -6.784022 1547.417
v 4143.415 -50.66591 1281.138
v 4409.642 -95.96753 1281.138
v 3079.769 -19.06172 2080.666
v 3343.838 -136.3609 1813.208
v 3611.525 -37.77129 1547.523
v 3877.355 -26.87585 1281.165
v 4143.415 -49.98004 1014.91
v 4409.642 -70.15082 1014.91
v 3079.509 -32.56564 1814.098
v 3347.864 53.89734 1548.264
v 3613.279 89.94831 1281.454
v 3877.182 -97.7047 1014.91
v 4143.415 -54.95984 748.6827
v 4409.642 -57.26066 748.6827
v 3080.48 0.737164 1548.026
v 3344.487 -86.00134 1281.103
v 3612.121 -6.698292 1014.91
v 3877.316 -43.10285 748.6623
v 4143.415 -116.3108 482.4552
v 4409.642 -67.8642 482.4552
v 3081.356 26.01648 1281.615
v 3344.105 -97.94308 1014.91
v 3610.22 -150.1708 748.7834
v 3877.279 -33.37556 482.4193
v 4143.415 -53.93843 216.2276
v 4409.642 -53.68528 216.2276
v 3080.134 -6.746008 1014.91
v 3346.069 -26.41124 748.491
v 3611.436 -46.95237 482.3271
v 3877.245 -15.13248 216.2126
v 4143.416 -79.22485 -49.9991
v 4409.642 -37.66382 -50.00003
v 3080.118 -8.377742 748.4229
v 3348.246 64.33728 481.645
v 3610.717 -124.7837 216.2476
v 3877.258 -61.65049 -49.94169
v 4143.502 -13.89165 -316.1519
v 4409.642 -68.02689 -316.2276
v 3079.702 -26.20817 482.2573
v 3346.114 -28.75103 216.2339
v 3610.724 -116.3733 -50.13401
v 3877.099 -107.3646 -316.2946
v 4143.604 -51.24897 -582.3454
v 4409.656 -33.69431 -582.4415
v 3089.671 211.781 217.5299
v 3345.873 -42.80856 -49.49278
v 3611.226 -72.73507 -316.022
v 3878.509 -8.79555 -581.673
v 4144.764 51.14907 -848.1232
v 4409.646 -92.90626 -848.6796
v 3079.693 -29.03871 -49.5046
v 3343.508 -101.81 -317.0596
v 3611.832 -44.19678 -581.8817
v 3880.51 47.91379 -847.2482
v 4144.489 -18.01362 -1114.612
v 4409.952 -22.6322 -1114.791
v 3081.945 29.07018 -314.2206
v 3345.177 -35.54395 -582.1542
v 3614.251 23.08008 -847.0731
v 3877.597 -62.09003 -1114.792
v 4144.49 -31.06867 -1380.992
v 4410.163 -21.14751 -1381.055
v 3070.323 -142.8605 -587.6888
v 3345.756 -3.406024 -848.1403
v 3612.295 -16.29693 -1114.48
v 3883.364 95.05472 -1380.25
v 4143.292 -95.94693 -1647.366
v 4410.308 -13.48023 -1647.366
v 3086.417 143.1992 -844.2391
v 3345.67 12.36071 -1114.586
v 3613.009 4.167563 -1380.815
v 3875.239 -116.1723 -1647.366
v 4144.541 -28.25717 -1913.746
v 4410.282 -4.09023 -1913.695
v 3079.344 60.55225 -1114.592
v 3343.965 -1.812504 -1381.261
v 3605.336 -135.4387 -1647.329
v 3879.579 -5.301741 -1913.937
v 4143.703 -72.78887 -2179.901
v 4409.741 -72.56606 -2179.859
v 3084.606 144.2238 -1380.141
v 3359.415 233.5449 -1647.759
v 3611.149 -30.86082 -1913.626
v 3878.609 -31.44143 -2180.229
v 4143.786 -54.94933 -2446.203
v 4409.725 -41.95908 -2446.105
v 3089.911 218.0595 -1648.003
v 3345.49 19.66485 -1913.756
v 3607.987 -107.2406 -2178.824
v 3877.854 -56.35497 -2446.337
v 4143.375 -105.3722 -2712.253
v 4409.641 -100.306 -2712.275
v 3075.43 14.41974 -1912.733
v 3354.929 176.7767 -2183.975
v 3613.015 -5.168299 -2447.08
v 3877.971 -42.07074 -2712.74
v 4143.43 -81.98878 -2978.517
v 4409.642 -1.519545 -2978.504
v 3082.53 103.0712 -2181.881
v 3338.507 -155.6004 -2442.291
v 3610.307 -94.67063 -2711.84
v 3877.734 -22.16396 -2978.921
v 4143.412 -146.4841 -3244.729
v 4409.642 -127.5125 -3244.731
v 3075.67 -43.05582 -2443.919
v 3347.803 34.55444 -2714.736
v 3612.727 9.737082 -2979.986
v 3877.334 -22.15958 -3244.862
v 4143.415 -132.1276 -3510.959
v 4409.642 -62.07181 -3510.959
v 3075.523 -90.3139 -2709.302
v 3345.885 -26.05895 -2979.657
v 3611.56 -19.46363 -3245.332
v 3877.194 -56.29681 -3510.966
v 4143.415 -81.95947 -3777.187
v 4409.642 -58.75148 -3777.187
v 3079.41 -16.82052 -2979.635
v 3343.588 -160.6771 -3243.367
v 3610.967 -91.7338 -3510.967
v 3877.187 -28.80888 -3777.187
v 4143.415 2.704945 -4043.414
v 4409.642 -35.48153 -4043.414
v 4143.415 -89.01183 -4309.642
v 4409.642 -168.7091 -4309.642
v 3877.187 -86.18159 -4309.642
v 3877.187 5.138976 -4043.414
v 3610.959 -87.61642 -4309.642
v 3610.959 -60.32214 -4043.414
v 3344.731 -59.01754 -4309.642
v 3610.967 49.38853 -3777.195
v 3344.731 -44.17828 -4043.414
v 3078.504 -92.1048 -4309.642
v 3344.757 -68.17425 -3777.216
v 3078.516 10.0321 -4043.426
v 2812.276 -74.94476 -4309.642
v 3345.165 -19.40229 -3511.527
v 2812.26 -128.1897 -4043.39
v 2546.049 -80.35715 -4309.642
v 3078.77 12.2007 -3777.644
v 3078.446 -96.65649 -3510.861
v 2546.146 24.69954 -4043.668
v 2279.821 -10.1876 -4309.642
v 2812.488 -39.97396 -3777.696
v 3080.439 24.82056 -3247.623
v 2279.845 -52.62426 -4043.565
v 2013.594 -29.95528 -4309.642
v 2546.754 84.02189 -3779.725
v 2811.927 -114.2937 -3510.151
v 2811.136 -115.0213 -3242.458
v 2013.594 -132.5154 -4043.267
v 1747.366 -28.08676 -4309.642
v 2279.948 -38.80286 -3778.123
v 2546.535 -23.20508 -3512.653
v 2817.126 142.6788 -2986.497
v 1747.343 -55.4133 -4043.555
v 1481.138 -153.7727 -4309.642
v 2013.594 -59.51082 -3777.773
v 2545.398 -84.31462 -3242.816
v 2280.585 70.77911 -3516.225
v 2814.688 72.83325 -2715.417
v 1481.097 -45.10947 -4043.521
v 1214.911 -57.61734 -4309.642
v 1747.287 -58.57026 -3777.765
v 2013.577 -142.5684 -3507.948
v 2545.575 -24.75535 -2977.384
v 2280.734 59.48769 -3249.744
v 2808.675 -19.04461 -2442.541
v 1214.887 -49.96511 -4043.449
v 948.6829 -63.58709 -4309.642
v 1481.005 -59.48657 -3777.666
v 1746.737 55.80856 -3515.771
v 2013.509 -80.81697 -3241.882
v 2547.53 83.18259 -2714.994
v 2280.06 24.56469 -2979.483
v 948.6808 -77.52467 -4043.416
v 682.4553 -93.77423 -4309.642
v 1214.834 -75.37859 -3777.37
v 1480.956 -54.84197 -3511.638
v 1747.27 -19.1682 -3245.54
v 2013.392 -23.31383 -2975.568
v 2281.442 130.6277 -2717.232
v 682.4553 -48.50976 -4043.414
v 416.2276 -77.46815 -4309.642
v 948.6536 -84.07093 -3777.237
v 1214.245 -22.07191 -3512.607
v 1479.996 37.00723 -3249.03
v 1747.491 0.1647995 -2977.281
v 416.2276 -66.03922 -4043.414
v 150 -66.34615 -4309.642
v 682.4412 -80.82909 -3777.203
v 949.1112 -134.1695 -3510.188
v 1212.638 60.37262 -3250.251
v 150 30.76545 -4043.414
v -116.2277 -92.58046 -4309.642
v 416.2267 -80.39404 -3777.188
v 682.4893 -101.2094 -3510.912
v -116.2277 -58.13713 -4043.414
v -382.4553 -65.52449 -4309.642
v 150 -70.8484 -3777.187
v -382.4553 -77.69779 -4043.414
v -648.6829 -101.6503 -4309.642
v 1477.119 215.1506 -2993.286
v 948.1519 -44.931 -3245.688
v 416.2145 -89.48244 -3510.974
v -116.2277 -75.09917 -3777.187
v -648.6829 -44.86113 -4043.414
v -914.9105 -43.75792 -4309.642
v 1213.8 27.98833 -2981.04
v 682.9982 -116.6973 -3243.95
v 149.9944 -70.99259 -3510.964
v -382.4553 -23.34771 -3777.187
v -914.9105 -14.73799 -4043.414
v -1181.138 -69.78355 -4309.642
v 943.0562 137.4654 -2987.896
v 416.4495 -117.703 -3244.455
v -116.2277 -57.51235 -3510.959
v -648.6829 -92.9406 -3777.187
v -1181.138 -49.15428 -4043.414
v -1447.366 -111.4769 -4309.642
v 681.4781 -27.96653 -2979.808
v 150.054 -113.642 -3244.667
v -382.4553 -55.96156 -3510.959
v -914.9105 -59.76886 -3777.187
v -1447.366 -103.3103 -4043.414
v -1713.594 -80.71618 -4309.642
v 411.0537 141.6957 -2984.438
v -116.271 -2.109276 -3244.782
v -648.6829 -19.73229 -3510.959
v -1181.138 -42.99706 -3777.187
v -1713.594 -14.86752 -4043.414
v -1979.821 -18.29366 -4309.642
v 149.7905 -75.29737 -2978.734
v -382.4561 -50.86504 -3244.732
v -914.9105 -54.64673 -3510.959
v -1447.366 -42.91903 -3777.187
v -1979.821 -113.2575 -4043.414
v -2246.049 -34.34794 -4309.642
v -116.3498 -61.55185 -2978.648
v -648.6829 -64.03167 -3244.731
v -1181.138 -110.6561 -3510.959
v -1713.594 -36.04692 -3777.187
v -2246.049 -47.42308 -4043.414
v -2512.276 -92.951 -4309.642
v -382.4942 -45.74811 -2978.548
v -914.9105 -76.29601 -3244.731
v -1447.366 20.27334 -3510.959
v -1979.821 -28.52106 -3777.187
v -2512.276 -74.43642 -4043.414
v -2778.504 -68.4405 -4309.642
v -648.6855 -60.17268 -2978.507
v -1181.138 -109.5732 -3244.731
v -1713.594 -9.929971 -3510.959
v -2246.049 -46.69101 -3777.187
v -2778.504 -43.10835 -4043.414
v -3044.731 -86.09031 -4309.642
v -914.9105 -113.0191 -2978.504
v -1447.366 -70.1554 -3244.731
v -1979.821 -36.20024 -3510.959
v -2512.276 -22.64166 -3777.187
v -3044.731 -91.4925 -4043.414
v -3310.959 -31.95019 -4309.642
v -1181.138 7.582453 -2978.504
v -1713.594 -54.84045 -3244.731
v -2246.049 -6.603109 -3510.959
v -2778.504 -156.8228 -3777.187
v -3310.959 -104.5512 -4043.414
v -3577.187 -25.0332 -4309.642
v -1447.366 -67.1535 -2978.504
v -1979.821 -46.883 -3244.731
v -2512.276 -97.69571 -3510.959
v -3044.731 -21.2462 -3777.187
v -3577.187 -68.17805 -4043.414
v -3843.415 -37.8545 -4309.642
v -1713.594 -97.38606 -2978.504
v -2246.049 -29.36357 -3244.731
v -2778.504 -28.84351 -3510.959
v -3310.959 -99.8003 -3777.187
v -3843.415 -103.1328 -4043.414
v -4109.642 47.85594 -4309.642
v -4109.642 -58.15191 -4043.414
v -3577.187 -13.74273 -3777.187
v -3843.415 -74.22533 -3777.187
v -4109.642 -68.99134 -3777.187
v -3044.731 -71.61614 -3510.959
v -2512.276 -116.9084 -3244.731
v -3310.959 -14.09878 -3510.959
v -3843.415 -6.785311 -3510.959
v -4109.642 -106.1539 -3510.959
v -3577.187 -67.34235 -3510.959
v -2778.504 -69.9065 -3244.731
v -3843.415 -45.05309 -3244.731
v -4109.642 -119.7361 -3244.731
v -3044.731 -108.2287 -3244.731
v -3577.187 -101.3507 -3244.731
v -3310.959 -101.1851 -3244.731
v -3843.415 9.18788 -2978.504
v -4109.642 -54.50549 -2978.504
v -3577.187 -23.15333 -2978.504
v -3310.959 -102.3158 -2978.504
v -3044.731 11.67171 -2978.504
v -2778.504 -67.24142 -2978.504
v -3843.415 -30.73263 -2712.276
v -4109.642 -25.01644 -2712.276
v -3577.187 -79.40581 -2712.276
v -3310.959 -90.66476 -2712.276
v -3044.731 -30.4037 -2712.276
v -3843.415 -58.94754 -2446.048
v -4109.642 -42.15405 -2446.048
v -3577.187 -0.06195139 -2446.048
v -3310.961 -53.19337 -2446.051
v -3843.415 -21.18922 -2179.821
v -4109.642 5.566302 -2179.821
v -3577.186 -104.9117 -2179.82
v -3843.416 -70.10365 -1913.595
v -4109.642 -55.24215 -1913.593
v -2778.506 -79.45257 -2712.278
v -3044.769 -48.30311 -2446.092
v -3310.986 -78.37237 -2179.85
v -3577.286 -36.90586 -1913.683
v -3843.461 -44.46756 -1647.406
v -4109.642 2.465514 -1647.366
v -2778.634 -33.92788 -2446.272
v -3044.592 -124.6244 -2179.637
v -3311.169 -64.02498 -1913.803
v -3577.765 -4.294508 -1647.807
v -3843.533 -62.99693 -1381.207
v -4109.644 -89.3897 -1381.139
v -2777.938 -160.9833 -2178.865
v -3045.463 -32.06186 -1914.467
v -3311.956 -24.1395 -1648.2
v -3577.06 -100.6159 -1381.063
v -3843.767 -50.4899 -1115.056
v -4109.749 -14.64159 -1114.984
v -2779.663 -7.420053 -1915.328
v -3047.077 29.26473 -1649.711
v -3312.879 -0.05593546 -1382.421
v -3575.951 -141.6811 -1114.377
v -3845.914 111.4542 -849.3787
v -4109.837 -41.7732 -848.757
v -2781.499 62.35556 -1651.105
v -3048.655 68.07322 -1384.279
v -3310.812 -67.53973 -1114.837
v -3575.805 -127.0156 -848.2858
v -3843.506 -85.39233 -582.4678
v -4109.781 -72.50966 -582.4774
v -2781.42 57.17746 -1384.054
v -3043.681 -61.40929 -1114.279
v -3314.226 30.49931 -849.7753
v -3580.696 36.6553 -582.9591
v -3843.396 -91.69274 -316.2276
v -4110.083 -31.84362 -316.2277
v -2776.701 -48.35065 -1113.557
v -3050.359 103.3978 -850.9403
v -3313.233 8.264174 -582.8354
v -3577.873 -50.50971 -316.2276
v -3845.848 66.81145 -49.66995
v -4110.059 -25.7262 -49.93387
v -2784.054 134.9867 -851.4642
v -3052.267 142.9842 -583.9675
v -3311.657 -25.45524 -316.2277
v -3577.735 -55.70195 -49.92129
v -3843.601 -78.10416 216.2794
v -4109.814 -48.20874 216.2929
v -2778.059 20.95509 -582.3438
v -3041.234 -72.72841 -316.2276
v -3310.079 -63.85878 -50.1472
v -3578.661 -25.20454 216.6509
v -3844.278 14.67858 482.8128
v -4109.608 -121.8065 482.4318
v -2778.149 27.70535 -316.2277
v -3051.316 123.9069 -48.67872
v -3310.556 -61.73258 216.0928
v -3576.163 -131.8792 482.0131
v -3843.509 -69.65727 748.7377
v -4109.642 -95.53552 748.6828
v -2777.529 10.44944 -50.24429
v -3047.22 35.14034 217.2258
v -3310.715 -70.44669 482.3326
v -3578.72 20.2334 749.5917
v -3843.423 -86.67603 1014.918
v -4109.642 -48.81274 1014.91
v -2778.917 24.67555 216.4142
v -3047.508 34.4479 484.1252
v -3314.292 55.91879 750.9092
v -3577.304 -77.05833 1015
v -3843.414 -103.7032 1281.138
v -4109.642 3.264727 1281.138
v -2778.198 -10.71493 482.2877
v -3049.774 102.9223 752.7202
v -3313.662 84.85498 1017.172
v -3577.368 11.8308 1281.301
v -3843.415 -32.70697 1547.366
v -4109.642 -125.0648 1547.366
v -2779.488 -7.28266 749.4177
v -3043.216 -138.7603 1013.395
v -3311.787 27.33776 1281.965
v -3577.202 6.082932 1547.381
v -3843.415 -73.42213 1813.593
v -4109.642 -39.61354 1813.593
v -2780.339 1.640987 1016.938
v -3045.705 -13.57608 1282.301
v -3311.006 -64.62641 1547.418
v -3577.187 -108.5435 1813.593
v -3843.415 -41.58191 2079.821
v -3577.187 -81.05792 2079.821
v -3577.187 -82.48304 2346.048
v -3310.962 -32.32032 1813.597
v -3044.664 -109.6414 1547.277
v -3310.959 -119.0914 2079.821
v -3310.959 -38.28204 2612.276
v -3310.959 -89.72215 2346.048
v -3044.731 -48.99753 2612.276
v -3044.751 -71.26006 1813.616
v -3044.731 6.227906 2079.821
v -3044.731 -41.70828 2346.048
v -2778.504 2.466383 2612.276
v -2778.504 -118.258 2346.048
v -2512.276 8.836594 2612.276
v -2778.509 -48.25418 2079.825
v -2778.612 -44.544 1813.778
v -2512.279 -28.11911 2346.051
v -2246.098 8.185395 2612.32
v -2512.311 -52.92971 2079.859
v -2779.321 8.928126 1548.744
v -2246.219 -7.183797 2346.148
v -1980.154 2.072142 2612.529
v -2512.47 -49.31604 1813.972
v -2780.055 8.407131 1283.396
v -2246.357 -32.69195 2080.044
v -1980.304 -27.95422 2346.334
v -1714.34 -2.626312 2612.902
v -2512.596 -67.99538 1547.867
v -2514.656 -26.44181 1283.578
v -2247.198 9.225997 1815.155
v -1980.291 -51.04278 2080.131
v -1714.427 -23.75757 2346.606
v -1448.124 -22.10976 2613.034
v -2254.615 99.1318 1560.472
v -2520.807 37.42194 1020.127
v -1978.821 -128.5146 1812.341
v -1714.433 -31.63665 2080.403
v -1448.023 -35.3456 2346.575
v -1182.226 5.367507 2613.635
v -2245.96 -0.5634667 1281.039
v -2527.004 105.0687 752.1768
v -1985.453 36.98395 1559.973
v -1713.712 -61.24129 1813.787
v -1450.745 88.58102 2082.423
v -1184.507 112.9788 2349.417
v -913.5986 -165.1982 2610.093
v -649.0317 -19.56232 2613.144
v -914.1924 -82.23319 2345.044
v -1185.957 83.43237 2084.248
v -1443.479 -207.1425 1807.909
v -1712.986 -43.84315 1542.866
v -383.0508 39.18203 2614.741
v -649.7449 43.82484 2348.903
v -916.0073 0.248625 2081.442
v -1191.689 129.3727 1821.829
v -116.6812 34.86251 2614.954
v -382.457 -27.98399 2346.056
v -650.3731 97.8963 2088.456
v 149.8774 -19.75157 2613.165
v -115.7603 -59.35828 2344.445
v 416.1276 -13.65917 2613.396
v -1447.647 -49.28046 1542.647
v -919.8931 114.6505 1818.766
v -382.6797 -27.85755 2077.411
v 148.9635 75.39979 2349.951
v 682.5466 -124.2262 2607.943
v -1183.767 61.14434 1551.476
v -648.4369 107.7471 1812.248
v -116.7622 115.7943 2085.594
v 414.9305 147.2424 2353.71
v 948.4758 -111.2704 2608.534
v -902.611 3.585208 1542.714
v -381.2527 121.1508 1816.254
v 149.9317 29.71574 2080.008
v 682.4281 11.71587 2346.494
v 1215.298 21.6834 2615.285
v -653.104 416.6537 1552.876
v -115.8426 64.59225 1814.718
v 416.0219 53.55119 2080.619
v 948.9468 95.0985 2351.186
v 1481.18 -41.06178 2612.497
v -373.859 285.8246 1550.348
v 149.1136 109.2707 1815.773
v 682.2142 87.12064 2082.091
v 1215.705 87.9723 2350.937
v 1747.685 -18.81501 2613.585
v -109.9707 251.763 1551.268
v 414.0154 205.2016 1819.233
v 948.678 44.17749 2079.717
v 1482.395 83.33093 2350.823
v 149.4997 111.2857 1548.085
v 681.3166 223.5898 1820.026
v 1215.364 82.39967 2082.09
v 413.2769 246.9893 1551.507
v 948.9139 213.5405 1819.684
v 680.2922 316.2473 1553.749
v 1747.237 -28.96828 2345.674
v 1482.263 92.35281 2083.065
v 1215.389 119.3181 1815.48
v 948.7082 177.7077 1549.441
v 2014.128 -12.82479 2613.825
v 2279.528 -124.3672 2877.826
v 2547.153 71.74125 2880.368
v 2280.177 -43.21797 2612.986
v 2012.285 -108.2202 2343.067
v 1748.986 87.6339 2083.251
v 1481.902 102.6954 1815.233
v 2812.402 -64.47055 2878.668
v 2547.002 -11.32425 2613.702
v 2812.372 -80.46156 2612.39
v 2279.437 -64.81795 2345.41
v 2014.79 47.87349 2081.87
v 2545.529 -85.6523 2345.4
v 2811.554 -114.7344 2345.326
v 2281.736 53.94909 2082.355
v 1745.357 -24.45649 1810.545
v 2812.425 -55.68088 2079.94
v 2547.99 28.7243 2081.762
v 2015.287 82.96918 1815.675
v 2810.997 -84.2438 1812.824
v 2550.978 124.9822 1817.293
v 2281.535 58.63266 1815.275
v 2812.385 -29.33919 1547.409
v 2547.655 38.42113 1548.17
v 2275.195 -102.3794 1544.381
v 2012.132 8.599234 1546.204
v 1747.113 68.26091 1547.115
v 2818.247 121.3016 1282.336
v 2551.334 134.7393 1282.464
v 2275.593 -68.53844 1279.788
v 2016.521 143.3007 1282.28
v 2809.307 -90.08804 1014.909
v 2548.527 69.44639 1014.937
v 2276.564 -35.59522 1014.785
v 2816.48 75.42713 748.0271
v 2550.173 99.82677 748.2189
v 2814.118 9.478479 482.3523
v 1749.136 146.0216 1282.014
v 2018.298 187.5213 1015.342
v 2280.705 60.65353 748.6521
v 2545.017 -16.64849 482.3899
v 2814.071 6.42886 216.6541
v 1743.992 12.71111 1014.22
v 2014.661 92.34055 748.866
v 2283.122 106.0126 483.1184
v 2555.105 176.7135 219.4131
v 2815.495 41.72114 -48.54686
v 1748.463 126.4937 749.2665
v 2021.117 185.0218 485.1871
v 2279.579 49.15364 216.1239
v 2545.151 18.85782 -50.47725
v 2809.667 -28.26601 -317.7065
v 1750.957 194.275 484.792
v 2013.815 102.1273 216.2954
v 2280.952 96.69797 -49.33354
v 2560.311 284.4231 -307.29
v 2813.278 56.45191 -581.8312
v 1750.055 215.7615 216.8669
v 2019.331 201.4509 -48.36515
v 2289.677 288.5543 -308.758
v 2556.772 256.2856 -575.3004
v 2817.858 153.4747 -845.3463
v 1755.773 315.8412 -51.68677
v 2011.144 83.52396 -317.9721
v 2275.738 60.87257 -585.8234
v 2546.045 125.1265 -848.6853
v 2816.862 166.4761 -1112.904
v 1751.792 318.1602 -314.8404
v 2015.503 227.0411 -580.0909
v 2285.005 269.7654 -844.4599
v 2539.724 61.138 -1118.234
v 2823.667 271.1314 -1379.047
v 1747.647 213.569 -581.4617
v 2013.402 194.9834 -848.934
v 2284.842 299.413 -1111.434
v 2548.455 212.5323 -1380.591
v 2817.714 196.4816 -1647.866
v 1747.649 280.5941 -846.2888
v 2012.91 203.6903 -1115.73
v 2280.137 227.8609 -1381.038
v 2551.233 256.9206 -1648.119
v 2817.879 190.7444 -1915.698
v 1747.368 296.8686 -1113.248
v 2015.523 328.7222 -1380
v 2284.932 329.3465 -1648.666
v 2544.048 130.5417 -1912.523
v 2811.639 75.61507 -2179.396
v 2550.526 212.4638 -2184.024
v 2552.117 222.2166 -2454.327
v 2277.145 143.2524 -1911.241
v 2016.025 361.0971 -1648.989
v 2282.076 188.5273 -2451.102
v 2282.929 246.846 -2184.592
v 2013.554 226.0162 -1913.506
v 2013.926 112.4991 -2715.234
v 2014.145 177.2345 -2449.373
v 2014.583 248.0374 -2183.743
v 1747.141 103.6943 -2714.56
v 1747.152 161.1823 -2448.073
v 1477.591 213.0414 -2723.943
v 1747.006 232.6698 -2182.65
v 1212.923 95.44195 -2716.22
v 1480.179 156.0586 -2448.662
v 1747.183 254.4574 -1914.603
v 945.146 91.15676 -2717.357
v 1478.473 260.196 -2185.323
v 1216.867 49.49734 -2442.883
v 1747.402 250.4275 -1647.277
v 677.5887 85.13503 -2717.831
v 948.6695 58.04663 -2446.064
v 1215.282 136.3933 -2179.368
v 1478.373 299.1326 -1917.298
v 1747.046 335.696 -1380.242
v 414.5578 -12.1737 -2713.898
v 677.3204 106.5239 -2450.792
v 942.5841 200.8591 -2185.167
v 1482.963 185.0025 -1646.357
v 1212.928 219.8987 -1915.165
v 1479.891 283.3193 -1380.826
v 151.7255 -149.3673 -2710.705
v 411.3463 68.27994 -2449.867
v 679.0621 104.4392 -2182.181
v 943.8683 208.5349 -1916.365
v 1216.946 169.1786 -1646.662
v 1476.029 416.2408 -1110.307
v -116.205 -93.86519 -2712.254
v 147.4878 3.759407 -2447.842
v 412.7978 58.71596 -2181.858
v 680.8128 106.1184 -1914.355
v 947.4566 176.2817 -1647.688
v 1213.138 243.7781 -1380.969
v -382.7398 -16.92448 -2712.561
v -118.0091 0.9323652 -2447.385
v 147.1614 19.97718 -2181.644
v 418.2842 -3.42678 -1912.453
v 679.3117 145.3742 -1648.197
v 946.333 197.2324 -1380.981
v 1215.653 185.6016 -1115.225
v -648.6971 -77.17471 -2712.292
v -382.1095 -134.4779 -2445.696
v -117.2433 -30.68864 -2181.024
v 146.7731 71.05393 -1918.453
v 414.6726 81.30801 -1648.676
v 679.7574 147.6893 -1381.078
v -914.8883 -43.71883 -2712.312
v -648.7445 -42.83413 -2446.371
v -382.9503 -37.96081 -2181.294
v -116.6548 3.948727 -1917.271
v 150.2112 65.36153 -1650.007
v -1181.098 -37.36969 -2712.381
v -914.6788 -12.26472 -2446.735
v -649.1322 40.29573 -2183.518
v -382.9831 22.86383 -1920.177
v -1447.353 -67.6239 -2712.36
v -1181.461 -188.468 -2444.887
v -914.9268 -88.12307 -2179.729
v -116.8988 29.22339 -1644.087
v -648.9271 -39.11185 -1914.872
v -382.4786 85.47403 -1649.547
v -1713.594 -16.89935 -2712.548
v -1447.089 41.28508 -2448.089
v -1180.581 -6.776698 -2181.826
v -914.6395 -91.32357 -1911.676
v -645.7377 -16.87329 -1637.566
v -1979.821 -95.15121 -2978.504
v -2246.049 -29.19585 -2978.504
v -1979.83 -76.22812 -2712.334
v -1713.594 40.48429 -2448.215
v -1447.086 -12.03564 -2181.769
v -1180.802 6.471888 -1916.334
v -2512.276 -42.96516 -2978.504
v -2246.041 -107.8176 -2712.255
v -2512.302 -39.20617 -2712.313
v -1980.071 28.47273 -2447.892
v -1713.594 -27.98196 -2181.26
v -2512.298 -88.81071 -2446.1
v -2246.036 -97.06193 -2446.003
v -2512.098 -103.7125 -2179.407
v -1980.383 49.19423 -2183.732
v -2246.017 -81.67453 -2179.71
v -1446.32 102.2671 -1920
v -2513.259 -4.657011 -1915.552
v -2247.491 56.84131 -1917.908
v -1979.271 -118.9422 -1910.304
v -1713.594 -34.30298 -1913.892
v -2511.267 -77.15755 -1645.687
v -2249.582 172.5718 -1656.174
v -1980.057 15.34946 -1648.539
v -1713.594 -115.2835 -1641.69
v -1447.178 19.58324 -1648.831
v -2513.168 24.55276 -1382.325
v -2248.719 130.2258 -1386.465
v -1980.034 46.63093 -1381.988
v -1713.594 105.5975 -1384.812
v -2515.618 115.6043 -1118.252
v -2249.581 175.688 -1120.203
v -1980.424 105.789 -1116.714
v -2513.58 80.74927 -849.5532
v -2247.999 138.5671 -850.6326
v -2514.13 106.8935 -583.075
v -1447.274 76.3006 -1383.693
v -1713.594 172.4654 -1119.609
v -1979.63 85.95425 -848.3014
v -2247.044 125.2232 -582.9542
v -2516.412 160.4166 -316.2277
v -1447.363 100.3396 -1116.464
v -1713.596 259.8226 -854.3428
v -1980.256 140.1745 -582.8905
v -2248.819 176.9783 -316.3417
v -2512.974 79.01753 -49.91573
v -1447.018 149.4001 -850.3144
v -1713.605 140.1527 -582.7638
v -1981.213 180.3389 -316.6731
v -2253.898 209.7722 -53.45642
v -2520.617 142.5168 215.6664
v -1445.645 242.1027 -584.916
v -1713.802 192.1383 -317.1085
v -1982.786 172.6167 -54.27778
v -2257.118 195.4328 209.507
v -2522.277 101.9379 482.106
v -2260.362 282.7615 477.8262
v -1991.498 356.1053 199.3188
v -1713.999 203.8773 -56.43934
v -2273.648 346.2806 752.3119
v -1996.25 561.9757 470.1345
v -1714.369 421.9627 199.118
v -2239.411 142.3723 1010.724
v -2019.058 715.3784 754.7505
v -1713.38 614.9589 485.2947
v -1989.459 211.2834 1299.383
v -1981.741 435.2372 1016.98
v -1713.35 227.5202 1277.599
v -1712.221 666.0505 745.8073
v -1714.836 616.3962 1031.654
v -1444.039 219.3503 1290.419
v -1427.17 558.8926 1040.754
v -1186.31 -3.900878 1269.759
v -1437.247 650.8072 750.248
v -918.4423 212.358 1280.835
v -1168.934 284.2523 1023.078
v -1416.867 660.613 455.3007
v -648.3326 128.0846 1283.025
v -912.4887 98.13878 1015.569
v -1186.702 309.0801 748.1258
v -1443.298 332.0562 209.0219
v -378.5624 207.463 1276.674
v -1174.145 307.933 479.5675
v -885.6487 289.1929 751.2683
v -649.0309 18.07804 1017.587
v -1444.145 203.3152 -56.63696
v -115.4114 117.9948 1280.301
v -1172.917 217.1113 209.7929
v -888.135 283.669 476.0786
v -382.1952 77.51738 1014.237
v -647.3461 103.6169 748.2593
v -1445.15 253.8103 -318.1228
v 148.7447 149.9863 1281.043
v -116.2596 104.3922 1013.592
v -380.7142 148.9323 745.7529
v -645.0538 129.1126 481.2583
v -1174.198 228.4974 -55.19487
v -900.7427 239.9886 211.1609
v -1182.029 81.48356 -316.031
v 415.0054 165.0793 1281.349
v 146.618 215.3245 1011.03
v -116.206 89.36145 746.5413
v -381.085 60.05281 481.1411
v -908.4656 192.9219 -51.12158
v -652.1165 -11.1514 217.1001
v 680.382 267.9664 1282.456
v 417.4538 65.15656 1015.95
v 148.9306 95.62289 746.1458
v -115.5728 45.21361 480.0925
v -387.1357 -90.63138 218.8292
v -645.2073 85.89648 -49.93873
v -913.9395 109.8522 -315.6513
v -1181.204 82.28838 -582.4421
v -1185.635 247.924 -850.1819
v -917.5186 272.7591 -574.7781
v -649.7365 25.09065 -317.4889
v -375.6848 79.92457 -49.9445
v -117.5677 -87.60196 218.3576
v -1185.75 173.2124 -1118.927
v -916.0542 163.2466 -848.2029
v -648.8984 56.3583 -589.3444
v -372.5713 149.9431 -304.8469
v -1184.587 122.8269 -1387.395
v -916.684 167.6298 -1115.563
v -653.0676 310.7578 -841.2401
v -1182.995 128.2943 -1657.377
v -915.6993 103.3206 -1382.037
v -922.3704 167.6523 -1664.419
v -640.4229 106.4555 -1111.885
v -650.2301 190.9836 -1383.931
v -379.8083 150.6026 -576.1089
v -381.6906 295.2488 -1392.927
v -379.8016 384.3943 -1116.208
v -382.4348 214.043 -848.6306
v -115.7708 165.2371 -1381.801
v -109.7581 270.4235 -1114.47
v -113.7834 172.7027 -846.0787
v -120.0628 -5.928668 -588.3161
v -111.7713 20.54908 -311.3849
v 152.5288 140.6803 -1383.618
v 152.9814 148.7508 -1114.149
v 149.3697 53.09757 -849.4034
v 160.159 192.2729 -561.3721
v 415.9034 91.82645 -1381.588
v 415.6855 -72.45868 -1118.908
v 415.3896 120.0389 -841.9135
v 693.2323 -66.43879 -1119.514
v 150.5388 -35.83178 -314.3259
v 421.3975 -173.4919 -590.9877
v 678.8008 113.0563 -846.5081
v 950.4995 128.1839 -1115.51
v 937.1296 277.5992 -843.4027
v 673.1433 137.6067 -578.0965
v 419.149 -108.5738 -317.3633
v 1216.986 141.3614 -849.9456
v 947.7613 113.3832 -582.0636
v 684.8704 -18.21836 -316.7106
v 1480.227 245.6139 -847.4348
v 1478.75 293.2819 -579.0462
v 1217.513 107.2369 -583.9031
v 1476.618 437.7611 -318.5078
v 1211.702 182.3718 -316.3453
v 1480.493 284.7879 -52.69941
v 940.5687 167.5424 -315.0728
v 1214.44 168.0042 -50.17156
v 1481.359 321.8084 217.0822
v 947.8761 81.74509 -50.12836
v 1483.454 362.3027 491.7477
v 1207.852 268.7003 215.8399
v 679.9554 33.2106 -50.41568
v 1480.16 91.34641 747.0535
v 944.4875 134.1561 215.226
v 1210.872 241.2061 484.4384
v 412.8147 5.041844 -51.26073
v 1480.735 108.2006 1014.743
v 673.6912 142.8493 211.4151
v 947.5281 125.656 482.1537
v 1213.336 240.9977 750.3832
v 150.545 -170.5776 -48.11033
v 1477.12 -47.3354 1278.132
v 412.3572 53.01063 212.3011
v 686.044 5.103401 485.559
v 1215.027 158.0805 1015.017
v 947.5245 165.0312 748.1211
v -117.4942 -96.39194 -49.69284
v 149.8342 -33.09632 215.4966
v 418.3634 -21.19025 485.3898
v 149.1826 47.91947 479.4597
v 417.7719 33.75765 750.7413
v 679.3741 186.1252 745.5687
v 682.2753 133.068 1014.789
v 949.0802 98.95399 1015.095
v 948.6172 158.8638 1281.503
v 1215.246 160.6615 1281.672
v 1215.582 166.0824 1549.265
v 1481.909 130.2641 1548.479
f 1777 1778 1779
f 1777 1779 1780
f 1781 1777 1780
f 1780 1779 1782
f 1781 1780 1783
f 1784 1781 1783
f 1780 1782 1785
f 1783 1780 1785
f 1785 1782 1786
f 1784 1783 1787
f 1788 1784 1787
f 1783 1785 1789
f 1787 1783 1789
f 1785 1786 1790
f 1789 1785 1790
f 1790 1786 1791
f 1788 1787 1792
f 1793 1788 1792
f 1787 1789 1794
f 1792 1787 1794
f 1790 1791 1795
f 1795 1791 1796
f 1789 1790 1797
f 1794 1789 1797
f 1797 1790 1795
f 1793 1792 1798
f 1799 1793 1798
f 1795 1796 1800
f 1800 1796 1801
f 1792 1794 1802
f 1798 1792 1802
f 1794 1797 1803
f 1802 1794 1803
f 1797 1795 1804
f 1804 1795 1800
f 1803 1797 1804
f 1799 1798 1805
f 1806 1799 1805
f 1800 1801 1807
f 1807 1801 1808
f 1798 1802 1809
f 1805 1798 1809
f 1802 1803 1810
f 1809 1802 1810
f 1803 1804 1811
f 1810 1803 1811
f 1804 1800 1812
f 1812 1800 1807
f 1811 1804 1812
f 1806 1805 1813
f 1814 1806 1813
f 1807 1808 1815
f 1815 1808 1816
f 1805 1809 1817
f 1813 1805 1817
f 1809 1810 1818
f 1817 1809 1818
f 1810 1811 1819
f 1818 1810 1819
f 1811 1812 1820
f 1819 1811 1820
f 1812 1807 1821
f 1821 1807 1815
f 1820 1812 1821
f 1815 1816 1822
f 1822 1816 1823
f 1821 1815 1824
f 1824 1815 1822
f 1820 1821 1825
f 1825 1821 1824
f 1819 1820 1826
f 1826 1820 1825
f 1818 1819 1827
f 1827 1819 1826
f 1822 1823 1828
f 1828 1823 1829
f 1824 1822 1830
f 1830 1822 1828
f 1825 1824 1831
f 1831 1824 1830
f 1826 1825 1832
f 1832 1825 1831
f 1828 1829 1833
f 1833 1829 1834
f 1830 1828 1835
f 1835 1828 1833
f 1831 1830 1836
f 1836 1830 1835
f 1833 1834 1837
f 1837 1834 1838
f 1835 1833 1839
f 1839 1833 1837
f 1837 1838 1840
f 1840 1838 1841
f 1842 1826 1832
f 1827 1826 1842
f 1832 1831 1843
f 1843 1831 1836
f 1836 1835 1844
f 1844 1835 1839
f 1839 1837 1845
f 1845 1837 1840
f 1840 1841 1846
f 1846 1841 1847
f 1842 1832 1848
f 1848 1832 1843
f 1843 1836 1849
f 1849 1836 1844
f 1844 1839 1850
f 1850 1839 1845
f 1845 1840 1851
f 1851 1840 1846
f 1846 1847 1852
f 1852 1847 1853
f 1848 1843 1854
f 1854 1843 1849
f 1849 1844 1855
f 1855 1844 1850
f 1850 1845 1856
f 1856 1845 1851
f 1851 1846 1857
f 1857 1846 1852
f 1852 1853 1858
f 1858 1853 1859
f 1854 1849 1860
f 1860 1849 1855
f 1855 1850 1861
f 1861 1850 1856
f 1856 1851 1862
f 1862 1851 1857
f 1857 1852 1863
f 1863 1852 1858
f 1858 1859 1864
f 1864 1859 1865
f 1860 1855 1866
f 1866 1855 1861
f 1861 1856 1867
f 1867 1856 1862
f 1862 1857 1868
f 1868 1857 1863
f 1863 1858 1869
f 1869 1858 1864
f 1864 1865 1870
f 1870 1865 1871
f 1866 1861 1872
f 1872 1861 1867
f 1867 1862 1873
f 1873 1862 1868
f 1868 1863 1874
f 1874 1863 1869
f 1869 1864 1875
f 1875 1864 1870
f 1870 1871 1876
f 1876 1871 1877
f 1872 1867 1878
f 1878 1867 1873
f 1873 1868 1879
f 1879 1868 1874
f 1874 1869 1880
f 1880 1869 1875
f 1875 1870 1881
f 1881 1870 1876
f 1876 1877 1882
f 1882 1877 1883
f 1878 1873 1884
f 1884 1873 1879
f 1879 1874 1885
f 1885 1874 1880
f 1880 1875 1886
f 1886 1875 1881
f 1881 1876 1887
f 1887 1876 1882
f 1882 1883 1888
f 1888 1883 1889
f 1884 1879 1890
f 1890 1879 1885
f 1885 1880 1891
f 1891 1880 1886
f 1886 1881 1892
f 1892 1881 1887
f 1887 1882 1893
f 1893 1882 1888
f 1888 1889 1894
f 1894 1889 1895
f 1890 1885 1896
f 1896 1885 1891
f 1891 1886 1897
f 1897 1886 1892
f 1892 1887 1898
f 1898 1887 1893
f 1893 1888 1899
f 1899 1888 1894
f 1894 1895 1900
f 1900 1895 1901
f 1896 1891 1902
f 1902 1891 1897
f 1897 1892 1903
f 1903 1892 1898
f 1898 1893 1904
f 1904 1893 1899
f 1899 1894 1905
f 1905 1894 1900
f 1900 1901 1906
f 1906 1901 1907
f 1902 1897 1908
f 1908 1897 1903
f 1903 1898 1909
f 1909 1898 1904
f 1904 1899 1910
f 1910 1899 1905
f 1905 1900 1911
f 1911 1900 1906
f 1906 1907 1912
f 1912 1907 1913
f 1908 1903 1914
f 1914 1903 1909
f 1909 1904 1915
f 1915 1904 1910
f 1910 1905 1916
f 1916 1905 1911
f 1911 1906 1917
f 1917 1906 1912
f 1912 1913 1918
f 1918 1913 1919
f 1914 1909 1920
f 1920 1909 1915
f 1915 1910 1921
f 1921 1910 1916
f 1916 1911 1922
f 1922 1911 1917
f 1917 1912 1923
f 1923 1912 1918
f 1918 1919 1924
f 1924 1919 1925
f 1920 1915 1926
f 1926 1915 1921
f 1921 1916 1927
f 1927 1916 1922
f 1922 1917 1928
f 1928 1917 1923
f 1923 1918 1929
f 1929 1918 1924
f 1924 1925 1930
f 1930 1925 1931
f 1926 1921 1932
f 1932 1921 1927
f 1927 1922 1933
f 1933 1922 1928
f 1928 1923 1934
f 1934 1923 1929
f 1929 1924 1935
f 1935 1924 1930
f 1930 1931 1936
f 1936 1931 1937
f 1932 1927 1938
f 1938 1927 1933
f 1933 1928 1939
f 1939 1928 1934
f 1934 1929 1940
f 1940 1929 1935
f 1935 1930 1941
f 1941 1930 1936
f 1936 1937 1942
f 1942 1937 1943
f 1938 1933 1944
f 1944 1933 1939
f 1939 1934 1945
f 1945 1934 1940
f 1940 1935 1946
f 1946 1935 1941
f 1941 1936 1947
f 1947 1936 1942
f 1942 1943 1948
f 1948 1943 1949
f 1944 1939 1950
f 1950 1939 1945
f 1945 1940 1951
f 1951 1940 1946
f 1946 1941 1952
f 1952 1941 1947
f 1947 1942 1953
f 1953 1942 1948
f 1948 1949 1954
f 1954 1949 1955
f 1954 1955 1956
f 1957 1948 1954
f 1953 1948 1957
f 1958 1954 1956
f 1957 1954 1958
f 1958 1956 1959
f 1960 1947 1953
f 1952 1947 1960
f 1961 1946 1952
f 1951 1946 1961
f 1962 1953 1957
f 1960 1953 1962
f 1963 1958 1959
f 1963 1959 1964
f 1965 1957 1958
f 1962 1957 1965
f 1965 1958 1963
f 1966 1952 1960
f 1961 1952 1966
f 1967 1963 1964
f 1967 1964 1968
f 1969 1960 1962
f 1966 1960 1969
f 1970 1965 1963
f 1970 1963 1967
f 1971 1962 1965
f 1969 1962 1971
f 1971 1965 1970
f 1972 1967 1968
f 1972 1968 1973
f 1974 1970 1967
f 1974 1967 1972
f 1975 1971 1970
f 1975 1970 1974
f 1976 1969 1971
f 1976 1971 1975
f 1977 1966 1969
f 1977 1969 1976
f 1978 1972 1973
f 1978 1973 1979
f 1980 1974 1972
f 1980 1972 1978
f 1981 1975 1974
f 1981 1974 1980
f 1982 1976 1975
f 1982 1975 1981
f 1983 1978 1979
f 1983 1979 1984
f 1985 1980 1978
f 1985 1978 1983
f 1986 1981 1980
f 1986 1980 1985
f 1987 1983 1984
f 1987 1984 1988
f 1989 1985 1983
f 1989 1983 1987
f 1990 1987 1988
f 1990 1988 1991
f 1992 1976 1982
f 1992 1977 1976
f 1993 1982 1981
f 1993 1981 1986
f 1994 1986 1985
f 1994 1985 1989
f 1995 1989 1987
f 1995 1987 1990
f 1996 1990 1991
f 1996 1991 1997
f 1998 1992 1982
f 1998 1982 1993
f 1999 1993 1986
f 1999 1986 1994
f 2000 1994 1989
f 2000 1989 1995
f 2001 1995 1990
f 2001 1990 1996
f 2002 1996 1997
f 2002 1997 2003
f 2004 1998 1993
f 2004 1993 1999
f 2005 1999 1994
f 2005 1994 2000
f 2006 2000 1995
f 2006 1995 2001
f 2007 2001 1996
f 2007 1996 2002
f 2008 2002 2003
f 2008 2003 2009
f 2010 2004 1999
f 2010 1999 2005
f 2011 2005 2000
f 2011 2000 2006
f 2012 2006 2001
f 2012 2001 2007
f 2013 2007 2002
f 2013 2002 2008
f 2014 2008 2009
f 2014 2009 2015
f 2016 2010 2005
f 2016 2005 2011
f 2017 2011 2006
f 2017 2006 2012
f 2018 2012 2007
f 2018 2007 2013
f 2019 2013 2008
f 2019 2008 2014
f 2020 2014 2015
f 2020 2015 2021
f 2022 2016 2011
f 2022 2011 2017
f 2023 2017 2012
f 2023 2012 2018
f 2024 2018 2013
f 2024 2013 2019
f 2025 2019 2014
f 2025 2014 2020
f 2026 2020 2021
f 2026 2021 2027
f 2028 2022 2017
f 2028 2017 2023
f 2029 2023 2018
f 2029 2018 2024
f 2030 2024 2019
f 2030 2019 2025
f 2031 2025 2020
f 2031 2020 2026
f 2032 2026 2027
f 2032 2027 2033
f 2034 2028 2023
f 2034 2023 2029
f 2035 2029 2024
f 2035 2024 2030
f 2036 2030 2025
f 2036 2025 2031
f 2037 2031 2026
f 2037 2026 2032
f 2038 2032 2033
f 2038 2033 2039
f 2040 2034 2029
f 2040 2029 2035
f 2041 2035 2030
f 2041 2030 2036
f 2042 2036 2031
f 2042 2031 2037
f 2043 2037 2032
f 2043 2032 2038
f 2044 2038 2039
f 2044 2039 2045
f 2046 2040 2035
f 2046 2035 2041
f 2047 2041 2036
f 2047 2036 2042
f 2048 2042 2037
f 2048 2037 2043
f 2049 2043 2038
f 2049 2038 2044
f 2050 2044 2045
f 2050 2045 2051
f 2052 2046 2041
f 2052 2041 2047
f 2053 2047 2042
f 2053 2042 2048
f 2054 2048 2043
f 2054 2043 2049
f 2055 2049 2044
f 2055 2044 2050
f 2056 2050 2051
f 2056 2051 2057
f 2058 2052 2047
f 2058 2047 2053
f 2059 2053 2048
f 2059 2048 2054
f 2060 2054 2049
f 2060 2049 2055
f 2061 2055 2050
f 2061 2050 2056
f 2062 2056 2057
f 2062 2057 2063
f 2064 2058 2053
f 2064 2053 2059
f 2065 2059 2054
f 2065 2054 2060
f 2066 2060 2055
f 2066 2055 2061
f 2067 2061 2056
f 2067 2056 2062
f 2068 2062 2063
f 2068 2063 2069
f 2070 2064 2059
f 2070 2059 2065
f 2071 2065 2060
f 2071 2060 2066
f 2072 2066 2061
f 2072 2061 2067
f 2073 2067 2062
f 2073 2062 2068
f 2074 2068 2069
f 2074 2069 2075
f 2076 2070 2065
f 2076 2065 2071
f 2077 2071 2066
f 2077 2066 2072
f 2078 2072 2067
f 2078 2067 2073
f 2079 2073 2068
f 2079 2068 2074
f 2080 2074 2075
f 2080 2075 2081
f 2082 2076 2071
f 2082 2071 2077
f 2083 2077 2072
f 2083 2072 2078
f 2084 2078 2073
f 2084 2073 2079
f 2085 2079 2074
f 2085 2074 2080
f 2086 2080 2081
f 2086 2081 2087
f 2088 2082 2077
f 2088 2077 2083
f 2089 2083 2078
f 2089 2078 2084
f 2090 2084 2079
f 2090 2079 2085
f 2091 2085 2080
f 2091 2080 2086
f 2092 2086 2087
f 2092 2087 2093
f 2094 2088 2083
f 2094 2083 2089
f 2095 2089 2084
f 2095 2084 2090
f 2096 2090 2085
f 2096 2085 2091
f 2097 2091 2086
f 2097 2086 2092
f 2098 2092 2093
f 2098 2093 2099
f 2100 2094 2089
f 2100 2089 2095
f 2101 2095 2090
f 2101 2090 2096
f 2102 2096 2091
f 2102 2091 2097
f 2103 2097 2092
f 2103 2092 2098
f 2104 2098 2099
f 2104 2099 2105
f 2106 2100 2095
f 2106 2095 2101
f 2107 2101 2096
f 2107 2096 2102
f 2108 2102 2097
f 2108 2097 2103
f 2109 2103 2098
f 2109 2098 2104
f 2110 2104 2105
f 2110 2105 2111
f 2112 2106 2101
f 2112 2101 2107
f 2113 2107 2102
f 2113 2102 2108
f 2114 2108 2103
f 2114 2103 2109
f 2115 2109 2104
f 2115 2104 2110
f 2116 2110 2111
f 2116 2111 2117
f 2118 2112 2107
f 2118 2107 2113
f 2119 2113 2108
f 2119 2108 2114
f 2120 2114 2109
f 2120 2109 2115
f 2121 2115 2110
f 2121 2110 2116
f 2122 2116 2117
f 2122 2117 2123
f 2124 2122 2123
f 2124 2123 2125
f 2126 2122 2124
f 2127 2116 2122
f 2126 2127 2122
f 2127 2121 2116
f 2128 2127 2126
f 2128 2129 2127
f 2129 2121 2127
f 2130 2129 2128
f 2131 2115 2121
f 2129 2131 2121
f 2131 2120 2115
f 2130 2132 2129
f 2132 2131 2129
f 2133 2132 2130
f 2134 2120 2131
f 2132 2134 2131
f 2133 2135 2132
f 2135 2134 2132
f 2136 2135 2133
f 2134 2137 2120
f 2137 2114 2120
f 2137 2119 2114
f 2136 2138 2135
f 2139 2138 2136
f 2135 2140 2134
f 2140 2137 2134
f 2138 2140 2135
f 2141 2119 2137
f 2140 2141 2137
f 2139 2142 2138
f 2143 2142 2139
f 2138 2144 2140
f 2144 2141 2140
f 2142 2144 2138
f 2141 2145 2119
f 2145 2113 2119
f 2145 2118 2113
f 2143 2146 2142
f 2147 2146 2143
f 2142 2148 2144
f 2146 2148 2142
f 2144 2149 2141
f 2149 2145 2141
f 2148 2149 2144
f 2150 2118 2145
f 2149 2150 2145
f 2147 2151 2146
f 2152 2151 2147
f 2146 2153 2148
f 2151 2153 2146
f 2148 2154 2149
f 2154 2150 2149
f 2153 2154 2148
f 2150 2155 2118
f 2155 2112 2118
f 2152 2156 2151
f 2157 2156 2152
f 2151 2158 2153
f 2156 2158 2151
f 2154 2159 2150
f 2159 2155 2150
f 2153 2160 2154
f 2158 2160 2153
f 2160 2159 2154
f 2155 2161 2112
f 2161 2106 2112
f 2157 2162 2156
f 2163 2162 2157
f 2156 2164 2158
f 2162 2164 2156
f 2158 2165 2160
f 2164 2165 2158
f 2159 2166 2155
f 2166 2161 2155
f 2160 2167 2159
f 2165 2167 2160
f 2167 2166 2159
f 2161 2168 2106
f 2168 2100 2106
f 2163 2169 2162
f 2170 2169 2163
f 2162 2171 2164
f 2169 2171 2162
f 2164 2172 2165
f 2171 2172 2164
f 2165 2173 2167
f 2172 2173 2165
f 2166 2174 2161
f 2174 2168 2161
f 2167 2175 2166
f 2173 2175 2167
f 2175 2174 2166
f 2170 2176 2169
f 2177 2176 2170
f 2169 2178 2171
f 2176 2178 2169
f 2171 2179 2172
f 2178 2179 2171
f 2172 2180 2173
f 2179 2180 2172
f 2173 2181 2175
f 2180 2181 2173
f 2175 2182 2174
f 2181 2182 2175
f 2177 2183 2176
f 2184 2183 2177
f 2176 2185 2178
f 2183 2185 2176
f 2178 2186 2179
f 2185 2186 2178
f 2179 2187 2180
f 2186 2187 2179
f 2180 2188 2181
f 2187 2188 2180
f 2184 2189 2183
f 2190 2189 2184
f 2183 2191 2185
f 2189 2191 2183
f 2185 2192 2186
f 2191 2192 2185
f 2186 2193 2187
f 2192 2193 2186
f 2190 2194 2189
f 2195 2194 2190
f 2189 2196 2191
f 2194 2196 2189
f 2191 2197 2192
f 2196 2197 2191
f 2195 2198 2194
f 2199 2198 2195
f 2194 2200 2196
f 2198 2200 2194
f 2199 2201 2198
f 2202 2201 2199
f 2193 2203 2187
f 2187 2203 2188
f 2192 2204 2193
f 2197 2204 2192
f 2196 2205 2197
f 2200 2205 2196
f 2198 2206 2200
f 2201 2206 2198
f 2202 2207 2201
f 2208 2207 2202
f 2193 2209 2203
f 2204 2209 2193
f 2197 2210 2204
f 2205 2210 2197
f 2200 2211 2205
f 2206 2211 2200
f 2201 2212 2206
f 2207 2212 2201
f 2208 2213 2207
f 2214 2213 2208
f 2204 2215 2209
f 2210 2215 2204
f 2205 2216 2210
f 2211 2216 2205
f 2206 2217 2211
f 2212 2217 2206
f 2207 2218 2212
f 2213 2218 2207
f 2214 2219 2213
f 2220 2219 2214
f 2210 2221 2215
f 2216 2221 2210
f 2211 2222 2216
f 2217 2222 2211
f 2212 2223 2217
f 2218 2223 2212
f 2213 2224 2218
f 2219 2224 2213
f 2220 2225 2219
f 2226 2225 2220
f 2216 2227 2221
f 2222 2227 2216
f 2217 2228 2222
f 2223 2228 2217
f 2218 2229 2223
f 2224 2229 2218
f 2219 2230 2224
f 2225 2230 2219
f 2226 2231 2225
f 2232 2231 2226
f 2222 2233 2227
f 2228 2233 2222
f 2223 2234 2228
f 2229 2234 2223
f 2224 2235 2229
f 2230 2235 2224
f 2225 2236 2230
f 2231 2236 2225
f 2232 2237 2231
f 2238 2237 2232
f 2228 2239 2233
f 2234 2239 2228
f 2229 2240 2234
f 2235 2240 2229
f 2230 2241 2235
f 2236 2241 2230
f 2231 2242 2236
f 2237 2242 2231
f 2238 2243 2237
f 2244 2243 2238
f 2234 2245 2239
f 2240 2245 2234
f 2235 2246 2240
f 2241 2246 2235
f 2236 2247 2241
f 2242 2247 2236
f 2237 2248 2242
f 2243 2248 2237
f 2244 2249 2243
f 2250 2249 2244
f 2240 2251 2245
f 2246 2251 2240
f 2241 2252 2246
f 2247 2252 2241
f 2242 2253 2247
f 2248 2253 2242
f 2243 2254 2248
f 2249 2254 2243
f 2250 2255 2249
f 2256 2255 2250
f 2246 2257 2251
f 2252 2257 2246
f 2247 2258 2252
f 2253 2258 2247
f 2248 2259 2253
f 2254 2259 2248
f 2249 2260 2254
f 2255 2260 2249
f 2256 2261 2255
f 2262 2261 2256
f 2252 2263 2257
f 2258 2263 2252
f 2253 2264 2258
f 2259 2264 2253
f 2254 2265 2259
f 2260 2265 2254
f 2255 2266 2260
f 2261 2266 2255
f 2262 2267 2261
f 2268 2267 2262
f 2258 2269 2263
f 2264 2269 2258
f 2259 2270 2264
f 2265 2270 2259
f 2260 2271 2265
f 2266 2271 2260
f 2261 2272 2266
f 2267 2272 2261
f 2268 2273 2267
f 2274 2273 2268
f 2264 2275 2269
f 2270 2275 2264
f 2265 2276 2270
f 2271 2276 2265
f 2266 2277 2271
f 2272 2277 2266
f 2267 2278 2272
f 2273 2278 2267
f 2274 2279 2273
f 2280 2279 2274
f 2280 2281 2279
f 2279 2282 2273
f 2273 2282 2278
f 2281 2283 2279
f 2279 2283 2282
f 2281 2284 2283
f 2278 2285 2272
f 2272 2285 2277
f 2277 2286 2271
f 2271 2286 2276
f 2282 2287 2278
f 2278 2287 2285
f 2284 2288 2283
f 2284 2289 2288
f 2283 2290 2282
f 2282 2290 2287
f 2283 2288 2290
f 2285 2291 2277
f 2277 2291 2286
f 2289 2292 2288
f 2289 2293 2292
f 2287 2294 2285
f 2285 2294 2291
f 2288 2295 2290
f 2288 2292 2295
f 2290 2296 2287
f 2287 2296 2294
f 2290 2295 2296
f 2293 2297 2292
f 2293 2298 2297
f 2292 2299 2295
f 2292 2297 2299
f 2295 2300 2296
f 2295 2299 2300
f 2296 2301 2294
f 2296 2300 2301
f 2294 2302 2291
f 2294 2301 2302
f 2298 2303 2297
f 2298 2304 2303
f 2297 2305 2299
f 2297 2303 2305
f 2299 2306 2300
f 2299 2305 2306
f 2300 2307 2301
f 2300 2306 2307
f 2304 2308 2303
f 2304 2309 2308
f 2303 2310 2305
f 2303 2308 2310
f 2305 2311 2306
f 2305 2310 2311
f 2309 2312 2308
f 2309 2313 2312
f 2308 2314 2310
f 2308 2312 2314
f 2313 2315 2312
f 2313 2316 2315
f 2301 2307 2317
f 2301 2317 2302
f 2306 2318 2307
f 2306 2311 2318
f 2310 2319 2311
f 2310 2314 2319
f 2312 2320 2314
f 2312 2315 2320
f 2316 2321 2315
f 2316 2322 2321
f 2307 2323 2317
f 2307 2318 2323
f 2311 2324 2318
f 2311 2319 2324
f 2314 2325 2319
f 2314 2320 2325
f 2315 2326 2320
f 2315 2321 2326
f 2322 2327 2321
f 2322 2328 2327
f 2318 2329 2323
f 2318 2324 2329
f 2319 2330 2324
f 2319 2325 2330
f 2320 2331 2325
f 2320 2326 2331
f 2321 2332 2326
f 2321 2327 2332
f 2328 2333 2327
f 2328 2334 2333
f 2324 2335 2329
f 2324 2330 2335
f 2325 2336 2330
f 2325 2331 2336
f 2326 2337 2331
f 2326 2332 2337
f 2327 2338 2332
f 2327 2333 2338
f 2334 2339 2333
f 2334 2340 2339
f 2330 2341 2335
f 2330 2336 2341
f 2331 2342 2336
f 2331 2337 2342
f 2332 2343 2337
f 2332 2338 2343
f 2333 2344 2338
f 2333 2339 2344
f 2340 2345 2339
f 2340 2346 2345
f 2336 2347 2341
f 2336 2342 2347
f 2337 2348 2342
f 2337 2343 2348
f 2338 2349 2343
f 2338 2344 2349
f 2339 2350 2344
f 2339 2345 2350
f 2346 2351 2345
f 2346 2352 2351
f 2342 2353 2347
f 2342 2348 2353
f 2343 2354 2348
f 2343 2349 2354
f 2344 2355 2349
f 2344 2350 2355
f 2345 2356 2350
f 2345 2351 2356
f 2352 2357 2351
f 2352 2358 2357
f 2348 2359 2353
f 2348 2354 2359
f 2349 2360 2354
f 2349 2355 2360
f 2350 2361 2355
f 2350 2356 2361
f 2351 2362 2356
f 2351 2357 2362
f 2358 2363 2357
f 2358 2364 2363
f 2354 2365 2359
f 2354 2360 2365
f 2355 2366 2360
f 2355 2361 2366
f 2356 2367 2361
f 2356 2362 2367
f 2357 2368 2362
f 2357 2363 2368
f 2364 2369 2363
f 2364 2370 2369
f 2360 2371 2365
f 2360 2366 2371
f 2361 2372 2366
f 2361 2367 2372
f 2362 2373 2367
f 2362 2368 2373
f 2363 2374 2368
f 2363 2369 2374
f 2370 2375 2369
f 2370 2376 2375
f 2366 2377 2371
f 2366 2372 2377
f 2367 2378 2372
f 2367 2373 2378
f 2368 2379 2373
f 2368 2374 2379
f 2369 2380 2374
f 2369 2375 2380
f 2376 2381 2375
f 2376 2382 2381
f 2372 2383 2377
f 2372 2378 2383
f 2373 2384 2378
f 2373 2379 2384
f 2374 2385 2379
f 2374 2380 2385
f 2375 2386 2380
f 2375 2381 2386
f 2382 2387 2381
f 2382 2388 2387
f 2378 2389 2383
f 2378 2384 2389
f 2379 2390 2384
f 2379 2385 2390
f 2380 2391 2385
f 2380 2386 2391
f 2381 2392 2386
f 2381 2387 2392
f 2388 2393 2387
f 2388 2394 2393
f 2384 2395 2389
f 2384 2390 2395
f 2385 2396 2390
f 2385 2391 2396
f 2386 2397 2391
f 2386 2392 2397
f 2387 2398 2392
f 2387 2393 2398
f 2394 2399 2393
f 2394 2400 2399
f 2390 2401 2395
f 2390 2396 2401
f 2391 2402 2396
f 2391 2397 2402
f 2392 2403 2397
f 2392 2398 2403
f 2393 2404 2398
f 2393 2399 2404
f 2400 2405 2399
f 2400 1814 2405
f 1814 1813 2405
f 2399 2405 2406
f 2399 2406 2404
f 2405 1813 2407
f 2405 2407 2406
f 1813 1817 2407
f 2398 2404 2408
f 2398 2408 2403
f 2397 2403 2409
f 2397 2409 2402
f 2404 2406 2410
f 2404 2410 2408
f 2407 1817 2411
f 1817 1818 2411
f 2411 1818 1827
f 2406 2407 2412
f 2407 2411 2412
f 2406 2412 2410
f 2411 1827 2413
f 2412 2411 2413
f 2413 1827 1842
f 2403 2408 2414
f 2403 2414 2409
f 2408 2410 2415
f 2408 2415 2414
f 2410 2412 2416
f 2412 2413 2416
f 2410 2416 2415
f 2413 1842 2417
f 2416 2413 2417
f 2417 1842 1848
f 2415 2416 2418
f 2416 2417 2418
f 2417 1848 2419
f 2418 2417 2419
f 2419 1848 1854
f 2414 2415 2420
f 2415 2418 2420
f 2409 2414 2421
f 2414 2420 2421
f 2418 2419 2422
f 2420 2418 2422
f 2419 1854 2423
f 2422 2419 2423
f 2423 1854 1860
f 2420 2422 2424
f 2421 2420 2424
f 2409 2421 2425
f 2402 2409 2425
f 2422 2423 2426
f 2424 2422 2426
f 2423 1860 2427
f 2426 2423 2427
f 2427 1860 1866
f 2421 2424 2428
f 2425 2421 2428
f 2402 2425 2429
f 2396 2402 2429
f 2396 2429 2401
f 2424 2426 2430
f 2428 2424 2430
f 2426 2427 2431
f 2430 2426 2431
f 2427 1866 2432
f 2431 2427 2432
f 2432 1866 1872
f 2429 2425 2433
f 2425 2428 2433
f 2401 2429 2434
f 2429 2433 2434
f 2428 2430 2435
f 2433 2428 2435
f 2430 2431 2436
f 2435 2430 2436
f 2431 2432 2437
f 2436 2431 2437
f 2432 1872 2438
f 2437 2432 2438
f 2438 1872 1878
f 2433 2435 2439
f 2434 2433 2439
f 2401 2434 2440
f 2395 2401 2440
f 2435 2436 2441
f 2439 2435 2441
f 2436 2437 2442
f 2441 2436 2442
f 2437 2438 2443
f 2442 2437 2443
f 2438 1878 2444
f 2443 2438 2444
f 2444 1878 1884
f 2434 2439 2445
f 2440 2434 2445
f 2395 2440 2446
f 2389 2395 2446
f 2439 2441 2447
f 2445 2439 2447
f 2441 2442 2448
f 2447 2441 2448
f 2442 2443 2449
f 2448 2442 2449
f 2443 2444 2450
f 2449 2443 2450
f 2444 1884 2451
f 2450 2444 2451
f 2451 1884 1890
f 2451 1890 2452
f 2452 1890 1896
f 2450 2451 2453
f 2453 2451 2452
f 2449 2450 2454
f 2454 2450 2453
f 2448 2449 2455
f 2455 2449 2454
f 2447 2448 2456
f 2456 2448 2455
f 2452 1896 2457
f 2457 1896 1902
f 2453 2452 2458
f 2458 2452 2457
f 2454 2453 2459
f 2459 2453 2458
f 2455 2454 2460
f 2460 2454 2459
f 2457 1902 2461
f 2461 1902 1908
f 2458 2457 2462
f 2462 2457 2461
f 2459 2458 2463
f 2463 2458 2462
f 2461 1908 2464
f 2464 1908 1914
f 2462 2461 2465
f 2465 2461 2464
f 2464 1914 2466
f 2466 1914 1920
f 2467 2455 2460
f 2456 2455 2467
f 2460 2459 2468
f 2468 2459 2463
f 2463 2462 2469
f 2469 2462 2465
f 2465 2464 2470
f 2470 2464 2466
f 2466 1920 2471
f 2471 1920 1926
f 2467 2460 2472
f 2472 2460 2468
f 2468 2463 2473
f 2473 2463 2469
f 2469 2465 2474
f 2474 2465 2470
f 2470 2466 2475
f 2475 2466 2471
f 2471 1926 2476
f 2476 1926 1932
f 2472 2468 2477
f 2477 2468 2473
f 2473 2469 2478
f 2478 2469 2474
f 2474 2470 2479
f 2479 2470 2475
f 2475 2471 2480
f 2480 2471 2476
f 2476 1932 2481
f 2481 1932 1938
f 2477 2473 2482
f 2482 2473 2478
f 2478 2474 2483
f 2483 2474 2479
f 2479 2475 2484
f 2484 2475 2480
f 2480 2476 2485
f 2485 2476 2481
f 2481 1938 2486
f 2486 1938 1944
f 2482 2478 2487
f 2487 2478 2483
f 2483 2479 2488
f 2488 2479 2484
f 2484 2480 2489
f 2489 2480 2485
f 2485 2481 2490
f 2490 2481 2486
f 2486 1944 2491
f 2491 1944 1950
f 2487 2483 2492
f 2492 2483 2488
f 2488 2484 2493
f 2493 2484 2489
f 2489 2485 2494
f 2494 2485 2490
f 2490 2486 2495
f 2495 2486 2491
f 2492 2488 2496
f 2496 2488 2493
f 2493 2489 2497
f 2497 2489 2494
f 2494 2490 2498
f 2498 2490 2495
f 2496 2493 2499
f 2499 2493 2497
f 2497 2494 2500
f 2500 2494 2498
f 2499 2497 2501
f 2501 2497 2500
f 2495 2491 2502
f 2498 2495 2503
f 2503 2495 2502
f 2500 2498 2504
f 2504 2498 2503
f 2501 2500 2505
f 2505 2500 2504
f 2502 2491 2506
f 2491 1950 2506
f 2506 1950 2507
f 1950 1945 2507
f 2507 1945 1951
f 2507 1951 2508
f 2508 1951 1961
f 2506 2507 2509
f 2509 2507 2508
f 2502 2506 2510
f 2510 2506 2509
f 2503 2502 2511
f 2511 2502 2510
f 2504 2503 2512
f 2512 2503 2511
f 2508 1961 2513
f 2513 1961 1966
f 2513 1966 1977
f 2509 2508 2514
f 2514 2508 2513
f 2515 2513 1977
f 2514 2513 2515
f 2515 1977 1992
f 2510 2509 2516
f 2516 2509 2514
f 2511 2510 2517
f 2517 2510 2516
f 2518 2514 2515
f 2516 2514 2518
f 2519 2515 1992
f 2518 2515 2519
f 2519 1992 1998
f 2520 2516 2518
f 2517 2516 2520
f 2521 2511 2517
f 2512 2511 2521
f 2522 2519 1998
f 2522 1998 2004
f 2523 2518 2519
f 2520 2518 2523
f 2523 2519 2522
f 2524 2517 2520
f 2521 2517 2524
f 2525 2522 2004
f 2525 2004 2010
f 2526 2523 2522
f 2526 2522 2525
f 2527 2520 2523
f 2524 2520 2527
f 2527 2523 2526
f 2528 2525 2010
f 2528 2010 2016
f 2529 2526 2525
f 2529 2525 2528
f 2530 2527 2526
f 2530 2526 2529
f 2531 2524 2527
f 2531 2527 2530
f 2532 2521 2524
f 2532 2524 2531
f 2533 2528 2016
f 2533 2016 2022
f 2534 2529 2528
f 2534 2528 2533
f 2535 2530 2529
f 2535 2529 2534
f 2536 2531 2530
f 2536 2530 2535
f 2537 2533 2022
f 2537 2022 2028
f 2538 2534 2533
f 2538 2533 2537
f 2539 2535 2534
f 2539 2534 2538
f 2540 2537 2028
f 2540 2028 2034
f 2541 2538 2537
f 2541 2537 2540
f 2542 2540 2034
f 2542 2034 2040
f 2543 2531 2536
f 2543 2532 2531
f 2544 2536 2535
f 2544 2535 2539
f 2545 2539 2538
f 2545 2538 2541
f 2546 2541 2540
f 2546 2540 2542
f 2547 2542 2040
f 2547 2040 2046
f 2548 2543 2536
f 2548 2536 2544
f 2549 2544 2539
f 2549 2539 2545
f 2550 2545 2541
f 2550 2541 2546
f 2551 2546 2542
f 2551 2542 2547
f 2552 2547 2046
f 2552 2046 2052
f 2553 2548 2544
f 2553 2544 2549
f 2554 2549 2545
f 2554 2545 2550
f 2555 2550 2546
f 2555 2546 2551
f 2556 2551 2547
f 2556 2547 2552
f 2557 2552 2052
f 2557 2052 2058
f 2558 2553 2549
f 2558 2549 2554
f 2559 2554 2550
f 2559 2550 2555
f 2560 2555 2551
f 2560 2551 2556
f 2561 2556 2552
f 2561 2552 2557
f 2562 2557 2058
f 2562 2058 2064
f 2563 2558 2554
f 2563 2554 2559
f 2564 2559 2555
f 2564 2555 2560
f 2565 2560 2556
f 2565 2556 2561
f 2566 2561 2557
f 2566 2557 2562
f 2567 2562 2064
f 2567 2064 2070
f 2568 2563 2559
f 2568 2559 2564
f 2569 2564 2560
f 2569 2560 2565
f 2570 2565 2561
f 2570 2561 2566
f 2571 2566 2562
f 2571 2562 2567
f 2572 2567 2070
f 2572 2070 2076
f 2573 2568 2564
f 2573 2564 2569
f 2574 2569 2565
f 2574 2565 2570
f 2575 2570 2566
f 2575 2566 2571
f 2576 2571 2567
f 2576 2567 2572
f 2577 2572 2076
f 2577 2076 2082
f 2578 2573 2569
f 2578 2569 2574
f 2579 2574 2570
f 2579 2570 2575
f 2580 2575 2571
f 2580 2571 2576
f 2581 2576 2572
f 2581 2572 2577
f 2582 2577 2082
f 2582 2082 2088
f 2583 2578 2574
f 2583 2574 2579
f 2584 2579 2575
f 2584 2575 2580
f 2585 2580 2576
f 2585 2576 2581
f 2586 2581 2577
f 2586 2577 2582
f 2587 2582 2088
f 2587 2088 2094
f 2588 2583 2579
f 2588 2579 2584
f 2589 2584 2580
f 2589 2580 2585
f 2590 2585 2581
f 2590 2581 2586
f 2591 2586 2582
f 2591 2582 2587
f 2592 2587 2094
f 2592 2094 2100
f 2168 2592 2100
f 2593 2587 2592
f 2593 2591 2587
f 2594 2592 2168
f 2594 2593 2592
f 2174 2594 2168
f 2182 2594 2174
f 2595 2586 2591
f 2595 2590 2586
f 2596 2585 2590
f 2596 2589 2585
f 2597 2593 2594
f 2182 2597 2594
f 2598 2591 2593
f 2598 2595 2591
f 2597 2598 2593
f 2599 2590 2595
f 2599 2596 2590
f 2600 2597 2182
f 2181 2600 2182
f 2188 2600 2181
f 2601 2598 2597
f 2600 2601 2597
f 2602 2595 2598
f 2602 2599 2595
f 2601 2602 2598
f 2188 2603 2600
f 2603 2601 2600
f 2203 2603 2188
f 2604 2602 2601
f 2603 2604 2601
f 2203 2605 2603
f 2605 2604 2603
f 2209 2605 2203
f 2606 2599 2602
f 2604 2606 2602
f 2209 2607 2605
f 2215 2607 2209
f 2605 2608 2604
f 2608 2606 2604
f 2607 2608 2605
f 2606 2609 2599
f 2609 2596 2599
f 2215 2610 2607
f 2221 2610 2215
f 2608 2611 2606
f 2611 2609 2606
f 2607 2612 2608
f 2610 2612 2607
f 2612 2611 2608
f 2609 2613 2596
f 2613 2589 2596
f 2221 2614 2610
f 2227 2614 2221
f 2610 2615 2612
f 2614 2615 2610
f 2612 2616 2611
f 2615 2616 2612
f 2611 2617 2609
f 2617 2613 2609
f 2616 2617 2611
f 2613 2618 2589
f 2618 2584 2589
f 2618 2588 2584
f 2227 2619 2614
f 2233 2619 2227
f 2614 2620 2615
f 2619 2620 2614
f 2615 2621 2616
f 2620 2621 2615
f 2617 2622 2613
f 2622 2618 2613
f 2616 2623 2617
f 2621 2623 2616
f 2623 2622 2617
f 2624 2588 2618
f 2622 2624 2618
f 2233 2625 2619
f 2239 2625 2233
f 2619 2626 2620
f 2625 2626 2619
f 2620 2627 2621
f 2626 2627 2620
f 2621 2628 2623
f 2627 2628 2621
f 2623 2629 2622
f 2629 2624 2622
f 2628 2629 2623
f 2624 2630 2588
f 2630 2583 2588
f 2239 2631 2625
f 2245 2631 2239
f 2625 2632 2626
f 2631 2632 2625
f 2626 2633 2627
f 2632 2633 2626
f 2627 2634 2628
f 2633 2634 2627
f 2628 2635 2629
f 2634 2635 2628
f 2629 2636 2624
f 2635 2636 2629
f 2636 2630 2624
f 2245 2637 2631
f 2251 2637 2245
f 2631 2638 2632
f 2637 2638 2631
f 2632 2639 2633
f 2638 2639 2632
f 2633 2640 2634
f 2639 2640 2633
f 2634 2641 2635
f 2640 2641 2634
f 2635 2642 2636
f 2641 2642 2635
f 2636 2643 2630
f 2642 2643 2636
f 2251 2644 2637
f 2257 2644 2251
f 2637 2645 2638
f 2644 2645 2637
f 2638 2646 2639
f 2645 2646 2638
f 2639 2647 2640
f 2646 2647 2639
f 2640 2648 2641
f 2647 2648 2640
f 2641 2649 2642
f 2648 2649 2641
f 2257 2650 2644
f 2263 2650 2257
f 2644 2651 2645
f 2650 2651 2644
f 2645 2652 2646
f 2651 2652 2645
f 2646 2653 2647
f 2652 2653 2646
f 2647 2654 2648
f 2653 2654 2647
f 2263 2655 2650
f 2269 2655 2263
f 2650 2656 2651
f 2655 2656 2650
f 2651 2657 2652
f 2656 2657 2651
f 2652 2658 2653
f 2657 2658 2652
f 2269 2659 2655
f 2275 2659 2269
f 2655 2660 2656
f 2659 2660 2655
f 2656 2661 2657
f 2660 2661 2656
f 2653 2662 2654
f 2658 2662 2653
f 2657 2663 2658
f 2661 2663 2657
f 2658 2664 2662
f 2663 2664 2658
f 2275 2665 2659
f 2659 2666 2660
f 2665 2666 2659
f 2660 2667 2661
f 2666 2667 2660
f 2661 2668 2663
f 2667 2668 2661
f 2663 2669 2664
f 2668 2669 2663
f 2670 2665 2275
f 2270 2670 2275
f 2276 2670 2270
f 2276 2671 2670
f 2286 2671 2276
f 2670 2672 2665
f 2671 2672 2670
f 2665 2673 2666
f 2672 2673 2665
f 2666 2674 2667
f 2673 2674 2666
f 2667 2675 2668
f 2674 2675 2667
f 2286 2676 2671
f 2291 2676 2286
f 2291 2302 2676
f 2671 2677 2672
f 2676 2677 2671
f 2302 2678 2676
f 2676 2678 2677
f 2302 2317 2678
f 2672 2679 2673
f 2677 2679 2672
f 2673 2680 2674
f 2679 2680 2673
f 2317 2681 2678
f 2317 2323 2681
f 2678 2682 2677
f 2677 2682 2679
f 2678 2681 2682
f 2323 2683 2681
f 2323 2329 2683
f 2682 2684 2679
f 2679 2684 2680
f 2681 2685 2682
f 2681 2683 2685
f 2682 2685 2684
f 2680 2686 2674
f 2674 2686 2675
f 2329 2687 2683
f 2329 2335 2687
f 2683 2688 2685
f 2683 2687 2688
f 2685 2689 2684
f 2685 2688 2689
f 2684 2690 2680
f 2680 2690 2686
f 2684 2689 2690
f 2335 2691 2687
f 2335 2341 2691
f 2687 2692 2688
f 2687 2691 2692
f 2688 2693 2689
f 2688 2692 2693
f 2689 2694 2690
f 2689 2693 2694
f 2690 2695 2686
f 2690 2694 2695
f 2341 2696 2691
f 2341 2347 2696
f 2691 2697 2692
f 2691 2696 2697
f 2692 2698 2693
f 2692 2697 2698
f 2693 2699 2694
f 2693 2698 2699
f 2347 2700 2696
f 2347 2353 2700
f 2696 2701 2697
f 2696 2700 2701
f 2697 2702 2698
f 2697 2701 2702
f 2353 2703 2700
f 2353 2359 2703
f 2700 2704 2701
f 2700 2703 2704
f 2359 2705 2703
f 2359 2365 2705
f 2694 2699 2706
f 2694 2706 2695
f 2698 2707 2699
f 2698 2702 2707
f 2701 2708 2702
f 2701 2704 2708
f 2703 2709 2704
f 2703 2705 2709
f 2365 2710 2705
f 2365 2371 2710
f 2699 2711 2706
f 2699 2707 2711
f 2702 2712 2707
f 2702 2708 2712
f 2704 2713 2708
f 2704 2709 2713
f 2705 2714 2709
f 2705 2710 2714
f 2371 2715 2710
f 2371 2377 2715
f 2707 2716 2711
f 2707 2712 2716
f 2708 2717 2712
f 2708 2713 2717
f 2709 2718 2713
f 2709 2714 2718
f 2710 2719 2714
f 2710 2715 2719
f 2377 2720 2715
f 2377 2383 2720
f 2712 2721 2716
f 2712 2717 2721
f 2713 2722 2717
f 2713 2718 2722
f 2714 2723 2718
f 2714 2719 2723
f 2715 2724 2719
f 2715 2720 2724
f 2383 2725 2720
f 2383 2389 2725
f 2389 2446 2725
f 2720 2725 2726
f 2720 2726 2724
f 2719 2724 2727
f 2719 2727 2723
f 2718 2723 2728
f 2718 2728 2722
f 2725 2446 2729
f 2725 2729 2726
f 2724 2726 2730
f 2724 2730 2727
f 2723 2727 2731
f 2723 2731 2728
f 2446 2732 2729
f 2446 2440 2732
f 2440 2445 2732
f 2726 2729 2733
f 2726 2733 2730
f 2727 2730 2734
f 2727 2734 2731
f 2732 2445 2735
f 2445 2447 2735
f 2735 2447 2456
f 2729 2732 2736
f 2732 2735 2736
f 2729 2736 2733
f 2735 2456 2737
f 2736 2735 2737
f 2737 2456 2467
f 2730 2733 2738
f 2730 2738 2734
f 2733 2736 2739
f 2736 2737 2739
f 2733 2739 2738
f 2737 2467 2740
f 2739 2737 2740
f 2740 2467 2472
f 2738 2739 2741
f 2739 2740 2741
f 2740 2472 2742
f 2741 2740 2742
f 2742 2472 2477
f 2734 2738 2743
f 2738 2741 2743
f 2742 2477 2744
f 2744 2477 2482
f 2741 2742 2745
f 2743 2741 2745
f 2745 2742 2744
f 2734 2743 2746
f 2731 2734 2746
f 2744 2482 2747
f 2747 2482 2487
f 2745 2744 2748
f 2748 2744 2747
f 2743 2745 2749
f 2746 2743 2749
f 2749 2745 2748
f 2731 2746 2750
f 2728 2731 2750
f 2747 2487 2751
f 2751 2487 2492
f 2746 2749 2752
f 2750 2746 2752
f 2749 2748 2753
f 2752 2749 2753
f 2748 2747 2754
f 2754 2747 2751
f 2753 2748 2754
f 2728 2750 2755
f 2722 2728 2755
f 2751 2492 2756
f 2756 2492 2496
f 2750 2752 2757
f 2755 2750 2757
f 2752 2753 2758
f 2757 2752 2758
f 2754 2751 2759
f 2759 2751 2756
f 2753 2754 2760
f 2758 2753 2760
f 2760 2754 2759
f 2722 2755 2761
f 2717 2722 2761
f 2717 2761 2721
f 2756 2496 2762
f 2762 2496 2499
f 2759 2756 2763
f 2763 2756 2762
f 2760 2759 2764
f 2764 2759 2763
f 2758 2760 2765
f 2765 2760 2764
f 2761 2755 2766
f 2755 2757 2766
f 2757 2758 2767
f 2767 2758 2765
f 2766 2757 2767
f 2721 2761 2768
f 2761 2766 2768
f 2762 2499 2769
f 2769 2499 2501
f 2763 2762 2770
f 2770 2762 2769
f 2764 2763 2771
f 2771 2763 2770
f 2765 2764 2772
f 2772 2764 2771
f 2766 2767 2773
f 2768 2766 2773
f 2767 2765 2774
f 2774 2765 2772
f 2773 2767 2774
f 2769 2501 2775
f 2775 2501 2505
f 2770 2769 2776
f 2776 2769 2775
f 2771 2770 2777
f 2777 2770 2776
f 2772 2771 2778
f 2778 2771 2777
f 2774 2772 2779
f 2779 2772 2778
f 2773 2774 2780
f 2780 2774 2779
f 2781 2773 2780
f 2768 2773 2781
f 2782 2768 2781
f 2721 2768 2782
f 2716 2721 2782
f 2716 2782 2783
f 2711 2716 2783
f 2782 2781 2784
f 2783 2782 2784
f 2781 2780 2785
f 2784 2781 2785
f 2780 2779 2786
f 2785 2780 2786
f 2779 2778 2787
f 2786 2779 2787
f 2711 2783 2788
f 2706 2711 2788
f 2783 2784 2789
f 2788 2783 2789
f 2784 2785 2790
f 2789 2784 2790
f 2785 2786 2791
f 2790 2785 2791
f 2706 2788 2792
f 2695 2706 2792
f 2788 2789 2793
f 2792 2788 2793
f 2789 2790 2794
f 2793 2789 2794
f 2695 2792 2795
f 2686 2695 2795
f 2686 2795 2675
f 2792 2793 2796
f 2795 2792 2796
f 2675 2795 2797
f 2795 2796 2797
f 2675 2797 2668
f 2668 2797 2669
f 2796 2793 2798
f 2793 2794 2798
f 2797 2796 2799
f 2797 2799 2669
f 2796 2798 2799
f 2794 2790 2800
f 2790 2791 2800
f 2669 2799 2801
f 2669 2801 2664
f 2799 2798 2802
f 2799 2802 2801
f 2798 2794 2803
f 2794 2800 2803
f 2798 2803 2802
f 2664 2801 2804
f 2664 2804 2662
f 2801 2802 2805
f 2801 2805 2804
f 2802 2803 2806
f 2802 2806 2805
f 2803 2800 2807
f 2803 2807 2806
f 2800 2791 2808
f 2800 2808 2807
f 2662 2804 2809
f 2662 2809 2654
f 2804 2805 2810
f 2804 2810 2809
f 2805 2806 2811
f 2805 2811 2810
f 2806 2807 2812
f 2806 2812 2811
f 2654 2809 2813
f 2654 2813 2648
f 2648 2813 2649
f 2809 2810 2814
f 2809 2814 2813
f 2810 2811 2815
f 2810 2815 2814
f 2813 2816 2649
f 2813 2814 2816
f 2807 2817 2812
f 2807 2808 2817
f 2811 2812 2818
f 2811 2818 2815
f 2814 2815 2819
f 2814 2819 2816
f 2649 2816 2820
f 2649 2820 2642
f 2642 2820 2643
f 2816 2821 2820
f 2816 2819 2821
f 2815 2822 2819
f 2815 2818 2822
f 2812 2823 2818
f 2812 2817 2823
f 2820 2824 2643
f 2820 2821 2824
f 2819 2825 2821
f 2819 2822 2825
f 2818 2826 2822
f 2818 2823 2826
f 2643 2824 2827
f 2643 2827 2630
f 2630 2827 2583
f 2827 2578 2583
f 2827 2828 2578
f 2824 2828 2827
f 2828 2573 2578
f 2821 2829 2824
f 2824 2829 2828
f 2821 2825 2829
f 2828 2830 2573
f 2829 2830 2828
f 2830 2568 2573
f 2825 2831 2829
f 2829 2831 2830
f 2830 2832 2568
f 2831 2832 2830
f 2832 2563 2568
f 2825 2833 2831
f 2822 2833 2825
f 2822 2826 2833
f 2831 2834 2832
f 2833 2834 2831
f 2832 2835 2563
f 2834 2835 2832
f 2835 2558 2563
f 2826 2836 2833
f 2833 2836 2834
f 2835 2837 2558
f 2837 2553 2558
f 2834 2838 2835
f 2836 2838 2834
f 2838 2837 2835
f 2826 2839 2836
f 2823 2839 2826
f 2837 2840 2553
f 2840 2548 2553
f 2836 2841 2838
f 2839 2841 2836
f 2838 2842 2837
f 2842 2840 2837
f 2841 2842 2838
f 2823 2843 2839
f 2817 2843 2823
f 2840 2844 2548
f 2844 2543 2548
f 2839 2845 2841
f 2843 2845 2839
f 2841 2846 2842
f 2845 2846 2841
f 2842 2847 2840
f 2847 2844 2840
f 2846 2847 2842
f 2817 2848 2843
f 2808 2848 2817
f 2844 2849 2543
f 2849 2532 2543
f 2843 2850 2845
f 2848 2850 2843
f 2845 2851 2846
f 2850 2851 2845
f 2847 2852 2844
f 2852 2849 2844
f 2846 2853 2847
f 2851 2853 2846
f 2853 2852 2847
f 2808 2854 2848
f 2791 2854 2808
f 2791 2786 2854
f 2786 2787 2854
f 2854 2855 2848
f 2848 2855 2850
f 2854 2787 2855
f 2850 2856 2851
f 2855 2856 2850
f 2787 2857 2855
f 2855 2857 2856
f 2787 2778 2857
f 2778 2777 2857
f 2857 2777 2858
f 2857 2858 2856
f 2777 2776 2858
f 2856 2859 2851
f 2856 2858 2859
f 2851 2859 2853
f 2858 2776 2860
f 2858 2860 2859
f 2776 2775 2860
f 2859 2861 2853
f 2859 2860 2861
f 2853 2861 2852
f 2860 2775 2862
f 2860 2862 2861
f 2775 2505 2862
f 2861 2863 2852
f 2861 2862 2863
f 2852 2863 2849
f 2862 2505 2864
f 2862 2864 2863
f 2505 2504 2864
f 2864 2504 2512
f 2863 2865 2849
f 2863 2864 2865
f 2864 2512 2865
f 2849 2865 2532
f 2865 2512 2521
f 2865 2521 2532
v -5.960327 31.03957 35.00313
v -6.137152 29.89065 31.17577
v -8.350885 29.33695 35.62468
v -8.52771 28.18803 31.79732
v -1.008698 24.48885 31.27649
v 1.000002 25 36.24592
v -4.196103 22.21868 32.10522
v -4.376197 24.28565 37.07465
v -4.376197 24.28565 37.07465
v 1.000002 25 36.24592
v -3.086933 28.78399 35.04912
v -6.274338 26.51382 35.87786
v -3.086933 28.78399 35.04912
v -5.960327 31.03957 35.00313
v -6.274338 26.51382 35.87786
v -8.350885 29.33695 35.62468
v -8.52771 28.18803 31.79732
v -6.137152 29.89065 31.17577
v -6.897018 25.60751 31.00027
v -3.709614 27.87767 30.17154
v -6.897018 25.60751 31.00027
v -3.709614 27.87767 30.17154
v -4.196103 22.21868 32.10522
v -1.008698 24.48885 31.27649
v -6.897018 25.60751 31.00027
v -4.196103 22.21868 32.10522
v -4.376197 24.28565 37.07465
v -6.274338 26.51382 35.87786
v -8.350885 29.33695 35.62468
v -8.52771 28.18803 31.79732
v 1.000002 25 36.24592
v -3.709614 27.87767 30.17154
v -3.086933 28.78399 35.04912
v -1.008698 24.48885 31.27649
v -3.086933 28.78399 35.04912
v -6.137152 29.89065 31.17577
v -5.960327 31.03957 35.00313
v -3.709614 27.87767 30.17154
f 2866 2867 2868
f 2867 2869 2868
f 2870 2871 2872
f 2871 2873 2872
f 2874 2875 2876
f 2874 2876 2877
f 2878 2879 2880
f 2880 2879 2881
f 2882 2883 2884
f 2884 2883 2885
f 2886 2887 2888
f 2887 2889 2888
f 2890 2891 2892
f 2893 2890 2892
f 2894 2895 2893
f 2895 2890 2893
f 2896 2897 2898
f 2896 2899 2897
f 2900 2901 2902
f 2900 2903 2901
v -61.53456 8.683153 -60.71019
v -58.38399 10.79904 -59.44649
v -63.20918 11.17225 -60.70275
v -60.05862 13.28813 -59.43906
v -54.95977 11.917 -65.96688
v -59.34647 8.968776 -66.99881
v -57.1926 15.23579 -65.95698
v -61.5793 12.28756 -66.98891
v -61.5793 12.28756 -66.98891
v -59.34647 8.968776 -66.99881
v -59.69283 8.726398 -63.86492
v -61.92566 12.04519 -63.85501
v -59.69283 8.726398 -63.86492
v -61.53456 8.683153 -60.71019
v -61.92566 12.04519 -63.85501
v -63.20918 11.17225 -60.70275
v -60.05862 13.28813 -59.43906
v -58.38399 10.79904 -59.44649
v -58.19767 14.54676 -61.65406
v -55.96483 11.22797 -61.66396
v -58.19767 14.54676 -61.65406
v -55.96483 11.22797 -61.66396
v -57.1926 15.23579 -65.95698
v -54.95977 11.917 -65.96688
v -58.19767 14.54676 -61.65406
v -57.1926 15.23579 -65.95698
v -61.5793 12.28756 -66.98891
v -61.92566 12.04519 -63.85501
v -63.20918 11.17225 -60.70275
v -60.05862 13.28813 -59.43906
v -59.34647 8.968776 -66.99881
v -55.96483 11.22797 -61.66396
v -59.69283 8.726398 -63.86492
v -54.95977 11.917 -65.96688
v -59.69283 8.726398 -63.86492
v -58.38399 10.79904 -59.44649
v -61.53456 8.683153 -60.71019
v -55.96483 11.22797 -61.66396
f 2904 2905 2906
f 2905 2907 2906
f 2908 2909 2910
f 2909 2911 2910
f 2912 2913 2914
f 2912 2914 2915
f 2916 2917 2918
f 2918 2917 2919
f 2920 2921 2922
f 2922 2921 2923
f 2924 2925 2926
f 2925 2927 2926
f 2928 2929 2930
f 2931 2928 2930
f 2932 2933 2931
f 2933 2928 2931
f 2934 2935 2936
f 2934 2937 2935
f 2938 2939 2940
f 2938 2941 2939
v -20 40 56
v -20 33 29
v -20 49 29
v -20 56 56
v -68 49 29
v -68 40 56
v -68 56 56
v -68 33 29
v -58 49 29
v -68 49 29
v -68 56 56
v -58 56 56
v -68 23 56
v -58 23 29
v -58 23 56
v -68 23 29
v -68 40 56
v -58 40 56
v -58 56 56
v -68 56 56
v -58 49 29
v -68 33 29
v -68 49 29
v -57 32 29
v -34 49 29
v -36 49 29
v -36 56 56
v -34 56 56
v -36 23 56
v -34 23 29
v -34 23 56
v -36 23 29
v -36 40 56
v -34 40 56
v -34 56 56
v -36 56 56
v -34 49 29
v -37 32 29
v -36 49 29
v -33 32 29
v -46 49 29
v -48 49 29
v -48 56 56
v -46 56 56
v -48 23 56
v -46 23 29
v -46 23 56
v -48 23 29
v -48 40 56
v -46 40 56
v -46 56 56
v -48 56 56
v -46 49 29
v -49 32 29
v -48 49 29
v -45 32 29
v -20 49 29
v -24 49 29
v -24 56 56
v -20 56 56
v -24 23 56
v -20 23 29
v -20 23 56
v -24 23 29
v -24 40 56
v -20 40 56
v -20 56 56
v -24 56 56
v -20 49 29
v -25 32 29
v -24 49 29
v -20 33 29
v -24 38 43
v -24 44 53
v -24 46 43
v -24 55 53.3288
v -34 44 53
v -34 38 43
v -34 55 53.3288
v -34 46 43
v -48 38 43
v -48 44 53
v -48 46 43
v -48 55 53.3288
v -58 44 53
v -58 38 43
v -58 55 53.3288
v -58 46 43
v -36 38 43
v -36 44 53
v -36 46 43
v -36 55 53.3288
v -46 44 53
v -46 38 43
v -46 55 53.3288
v -46 46 43
v -42 49 29
v -42 56 56
v -42 23 29
v -42 23 56
v -42 40 56
v -42 56 56
v -42 49 29
v -42 33 29
v -46 38 43
v -42 33 29
v -42 38 43
v -45 32 29
v -46 55 53.3288
v -42 46 43
v -42 55 53.3288
v -46 46 43
v -42 23 29
v -46 23 29
v -46 25 43
v -42 25 43
v -42 25 43
v -46 25 43
v -46 34 53
v -42 34 53
v -42 55 53.3288
v -46 44 53
v -46 55 53.3288
v -42 44 53
v -46 38 43
v -42 38 43
v -42 46 43
v -46 46 43
v -40 49 29
v -40 56 56
v -40 23 56
v -40 23 29
v -40 40 56
v -40 56 56
v -40 49 29
v -40 33 29
v -40 38 43
v -37 32 29
v -36 38 43
v -40 33 29
v -40 33 29
v -40 38 43
v -42 33 29
v -40 55 53.3288
v -36 46 43
v -36 55 53.3288
v -40 46 43
v -36 23 29
v -40 23 29
v -40 25 43
v -36 25 43
v -36 25 43
v -40 25 43
v -40 34 53
v -36 34 53
v -40 55 53.3288
v -40 44 53
v -36 55 53.3288
v -36 44 53
v -40 38 43
v -40 46 43
v -36 38 43
v -36 46 43
v -20 23 56
v -20 23 29
v -20 29 29
v -20 36 56
v -68 29 29
v -68 23 56
v -68 36 56
v -68 23 29
v -68 23 56
v -58 23 56
v -58 36 56
v -68 36 56
v -58 29 29
v -68 23 29
v -68 29 29
v -58 23 29
v -36 23 56
v -34 23 56
v -34 36 56
v -36 36 56
v -34 29 29
v -36 23 29
v -36 29 29
v -34 23 29
v -48 23 56
v -46 23 56
v -46 36 56
v -48 36 56
v -46 29 29
v -48 23 29
v -48 29 29
v -46 23 29
v -24 23 56
v -20 23 56
v -20 36 56
v -24 36 56
v -20 29 29
v -24 23 29
v -24 29 29
v -20 23 29
v -34 25 43
v -34 23 29
v -34 29 29
v -34 34 43
v -34 34 43
v -34 29 29
v -33 32 29
v -34 38 43
v -34 34 53
v -34 40 53
v -34 38 43
v -34 44 53
v -24 29 29
v -24 25 43
v -24 34 43
v -24 23 29
v -25 32 29
v -24 34 43
v -24 38 43
v -24 29 29
v -24 34 53
v -24 40 53
v -24 38 43
v -24 44 53
v -46 25 43
v -46 23 29
v -46 29 29
v -46 34 43
v -46 34 43
v -46 29 29
v -45 32 29
v -46 38 43
v -46 34 53
v -46 40 53
v -46 38 43
v -46 44 53
v -36 29 29
v -36 25 43
v -36 34 43
v -36 23 29
v -37 32 29
v -36 34 43
v -36 38 43
v -36 29 29
v -36 34 53
v -36 40 53
v -36 38 43
v -36 44 53
v -58 25 43
v -58 23 29
v -58 29 29
v -58 34 43
v -58 34 43
v -58 29 29
v -57 32 29
v -58 38 43
v -58 34 53
v -58 40 53
v -58 38 43
v -58 44 53
v -48 29 29
v -48 25 43
v -48 34 43
v -48 23 29
v -49 32 29
v -48 34 43
v -48 38 43
v -48 29 29
v -48 34 53
v -48 40 53
v -48 38 43
v -48 44 53
v -42 23 56
v -42 36 56
v -42 40 53
v -46 34 53
v -46 40 53
v -42 34 53
v -42 44 53
v -46 44 53
v -40 23 56
v -40 36 56
v -40 40 53
v -40 34 53
v -40 44 53
v -36 40 53
v -36 34 53
v -36 44 53
v -54 49 29
v -54 56 56
v -54 23 29
v -54 23 56
v -54 40 56
v -54 56 56
v -54 49 29
v -54 33 29
v -58 38 43
v -54 33 29
v -54 38 43
v -57 32 29
v -58 55 53.3288
v -54 46 43
v -54 55 53.3288
v -58 46 43
v -54 23 29
v -58 23 29
v -58 25 43
v -54 25 43
v -54 25 43
v -58 25 43
v -58 34 53
v -54 34 53
v -54 55 53.3288
v -58 44 53
v -58 55 53.3288
v -54 44 53
v -58 38 43
v -54 38 43
v -54 46 43
v -58 46 43
v -54 23 56
v -54 36 56
v -54 40 53
v -58 34 53
v -58 40 53
v -54 34 53
v -54 44 53
v -58 44 53
v -52 49 29
v -52 56 56
v -52 23 56
v -52 23 29
v -52 40 56
v -52 56 56
v -52 49 29
v -52 33 29
v -52 38 43
v -49 32 29
v -48 38 43
v -52 33 29
v -52 33 29
v -52 38 43
v -54 33 29
v -52 55 53.3288
v -48 46 43
v -48 55 53.3288
v -52 46 43
v -48 23 29
v -52 23 29
v -52 25 43
v -48 25 43
v -48 25 43
v -52 25 43
v -52 34 53
v -48 34 53
v -52 55 53.3288
v -52 44 53
v -48 55 53.3288
v -48 44 53
v -52 38 43
v -52 46 43
v -48 38 43
v -48 46 43
v -52 23 56
v -52 36 56
v -52 40 53
v -52 34 53
v -48 40 53
v -48 34 53
v -52 44 53
v -48 44 53
v -30 49 29
v -30 56 56
v -30 23 29
v -30 23 56
v -30 40 56
v -30 56 56
v -30 49 29
v -30 33 29
v -34 38 43
v -30 33 29
v -30 38 43
v -33 32 29
v -34 55 53.3288
v -30 46 43
v -30 55 53.3288
v -34 46 43
v -30 23 29
v -34 23 29
v -34 25 43
v -30 25 43
v -30 25 43
v -34 25 43
v -34 34 53
v -30 34 53
v -30 55 53.3288
v -34 44 53
v -34 55 53.3288
v -30 44 53
v -34 38 43
v -30 38 43
v -30 46 43
v -34 46 43
v -30 23 56
v -30 36 56
v -30 40 53
v -34 34 53
v -34 40 53
v -30 34 53
v -30 44 53
v -34 44 53
v -28 49 29
v -28 56 56
v -28 23 56
v -28 23 29
v -28 40 56
v -28 56 56
v -28 49 29
v -28 33 29
v -28 38 43
v -25 32 29
v -24 38 43
v -28 33 29
v -28 33 29
v -28 38 43
v -30 33 29
v -28 55 53.3288
v -24 46 43
v -24 55 53.3288
v -28 46 43
v -24 23 29
v -28 23 29
v -28 25 43
v -24 25 43
v -24 25 43
v -28 25 43
v -28 34 53
v -24 34 53
v -28 55 53.3288
v -28 44 53
v -24 55 53.3288
v -24 44 53
v -28 38 43
v -28 46 43
v -24 38 43
v -24 46 43
v -28 23 56
v -28 36 56
v -28 40 53
v -28 34 53
v -24 40 53
v -24 34 53
v -28 44 53
v -24 44 53
f 2942 2943 2944
f 2945 2942 2944
f 2946 2947 2948
f 2946 2949 2947
f 2950 2951 2952
f 2953 2950 2952
f 2954 2955 2956
f 2954 2957 2955
f 2958 2959 2960
f 2961 2958 2960
f 2962 2963 2964
f 2962 2965 2963
f 2966 2967 2968
f 2969 2966 2968
f 2970 2971 2972
f 2970 2973 2971
f 2974 2975 2976
f 2977 2974 2976
f 2978 2979 2980
f 2978 2981 2979
f 2982 2983 2984
f 2985 2982 2984
f 2986 2987 2988
f 2986 2989 2987
f 2990 2991 2992
f 2993 2990 2992
f 2994 2995 2996
f 2994 2997 2995
f 2998 2999 3000
f 3001 2998 3000
f 3002 3003 3004
f 3002 3005 3003
f 3006 3007 3008
f 3009 3006 3008
f 3010 3011 3012
f 3010 3013 3011
f 3014 3015 3016
f 3015 3017 3016
f 3018 3019 3020
f 3019 3021 3020
f 3022 3023 3024
f 3023 3025 3024
f 3026 3027 3028
f 3027 3029 3028
f 3030 3031 3032
f 3031 3033 3032
f 3034 3035 3036
f 3035 3037 3036
f 3038 2982 2985
f 3039 3038 2985
f 2988 3040 3041
f 2988 2987 3040
f 2991 3042 3043
f 2992 2991 3043
f 3044 2997 2994
f 3044 3045 2997
f 3046 3047 3048
f 3046 3049 3047
f 3050 3051 3052
f 3050 3053 3051
f 3054 3055 3056
f 3057 3054 3056
f 3058 3059 3060
f 3061 3058 3060
f 3062 3063 3064
f 3062 3065 3063
f 3066 3067 3068
f 3069 3066 3068
f 2967 3070 3071
f 2968 2967 3071
f 3070 3038 3039
f 3071 3070 3039
f 3072 2973 2970
f 3072 3073 2973
f 3041 3073 3072
f 3041 3040 3073
f 3042 3074 3075
f 3043 3042 3075
f 3074 2974 2977
f 3075 3074 2977
f 3076 3045 3044
f 3076 3077 3045
f 2980 3077 3076
f 2980 2979 3077
f 3078 3079 3080
f 3078 3081 3079
f 3048 3082 3083
f 3048 3084 3082
f 3085 3086 3087
f 3085 3088 3086
f 3052 3088 3085
f 3052 3051 3088
f 3089 3090 3091
f 3092 3089 3091
f 3090 3054 3057
f 3091 3090 3057
f 3093 3094 3095
f 3096 3093 3095
f 3094 3058 3061
f 3095 3094 3061
f 3097 3065 3062
f 3097 3098 3065
f 3099 3098 3097
f 3099 3100 3098
f 3067 3101 3102
f 3068 3067 3102
f 3101 3103 3104
f 3102 3101 3104
f 3105 3106 3107
f 3108 3105 3107
f 3108 3107 2943
f 2942 3108 2943
f 3109 3110 3111
f 3109 3112 3110
f 2949 3111 2947
f 2949 3109 3111
f 3113 3114 3115
f 3116 3113 3115
f 3116 3115 2959
f 2958 3116 2959
f 3117 3118 3119
f 3117 3120 3118
f 2965 3119 2963
f 2965 3117 3119
f 3121 3122 3123
f 3124 3121 3123
f 3124 3123 2975
f 2974 3124 2975
f 3125 3126 3127
f 3125 3128 3126
f 2981 3127 2979
f 2981 3125 3127
f 3129 3130 3131
f 3132 3129 3131
f 3132 3131 2991
f 2990 3132 2991
f 3133 3134 3135
f 3133 3136 3134
f 2997 3135 2995
f 2997 3133 3135
f 3137 3138 3139
f 3140 3137 3139
f 3140 3139 3007
f 3006 3140 3007
f 3141 3142 3143
f 3141 3144 3142
f 3013 3143 3011
f 3013 3141 3143
f 3145 3146 3147
f 3148 3145 3147
f 3149 3150 3151
f 3152 3149 3151
f 3153 3145 3148
f 3154 3153 3148
f 3154 3148 3155
f 3156 3154 3155
f 3157 3158 3159
f 3157 3160 3158
f 3161 3162 3163
f 3161 3164 3162
f 3159 3165 3166
f 3159 3158 3165
f 3167 3166 3168
f 3167 3159 3166
f 3169 3170 3171
f 3172 3169 3171
f 3173 3174 3175
f 3176 3173 3175
f 3177 3169 3172
f 3178 3177 3172
f 3178 3172 3179
f 3180 3178 3179
f 3181 3182 3183
f 3181 3184 3182
f 3185 3186 3187
f 3185 3188 3186
f 3183 3189 3190
f 3183 3182 3189
f 3191 3190 3192
f 3191 3183 3190
f 3193 3194 3195
f 3196 3193 3195
f 3197 3198 3199
f 3200 3197 3199
f 3201 3193 3196
f 3202 3201 3196
f 3202 3196 3203
f 3204 3202 3203
f 3205 3206 3207
f 3205 3208 3206
f 3209 3210 3211
f 3209 3212 3210
f 3207 3213 3214
f 3207 3206 3213
f 3215 3214 3216
f 3215 3207 3214
f 3130 3217 3218
f 3131 3130 3218
f 3131 3218 3042
f 2991 3131 3042
f 3219 3220 3221
f 3219 3222 3220
f 3223 3221 3224
f 3223 3219 3221
f 3217 3225 3226
f 3218 3217 3226
f 3218 3226 3074
f 3042 3218 3074
f 3225 3121 3124
f 3226 3225 3124
f 3226 3124 2974
f 3074 3226 2974
f 3227 3222 3219
f 3227 3228 3222
f 3229 3219 3223
f 3229 3227 3219
f 3230 3228 3227
f 3230 3231 3228
f 3232 3227 3229
f 3232 3230 3227
f 3233 2950 2953
f 3234 3233 2953
f 2956 3235 3236
f 2956 2955 3235
f 2959 3237 3238
f 2960 2959 3238
f 3239 2965 2962
f 3239 3240 2965
f 3241 3242 3243
f 3241 3244 3242
f 3245 3246 3247
f 3245 3248 3246
f 3249 3250 3251
f 3252 3249 3251
f 3253 3254 3255
f 3256 3253 3255
f 3257 3258 3259
f 3257 3260 3258
f 3261 3262 3263
f 3264 3261 3263
f 3114 3265 3266
f 3115 3114 3266
f 3115 3266 3237
f 2959 3115 3237
f 3267 3268 3269
f 3267 3270 3268
f 3271 3269 3272
f 3271 3267 3269
f 2983 3273 3274
f 2984 2983 3274
f 3273 3233 3234
f 3274 3273 3234
f 3275 2989 2986
f 3275 3276 2989
f 3236 3276 3275
f 3236 3235 3276
f 3237 3277 3278
f 3238 3237 3278
f 3277 2990 2993
f 3278 3277 2993
f 3279 3240 3239
f 3279 3280 3240
f 2996 3280 3279
f 2996 2995 3280
f 3281 3282 3283
f 3281 3284 3282
f 3243 3285 3286
f 3243 3287 3285
f 3288 3289 3290
f 3288 3291 3289
f 3247 3291 3288
f 3247 3246 3291
f 3292 3293 3294
f 3295 3292 3294
f 3293 3249 3252
f 3294 3293 3252
f 3296 3297 3298
f 3299 3296 3298
f 3297 3253 3256
f 3298 3297 3256
f 3300 3260 3257
f 3300 3301 3260
f 3302 3301 3300
f 3302 3303 3301
f 3262 3304 3305
f 3263 3262 3305
f 3304 3306 3307
f 3305 3304 3307
f 3265 3308 3309
f 3266 3265 3309
f 3308 3129 3132
f 3309 3308 3132
f 3266 3309 3277
f 3237 3266 3277
f 3309 3132 2990
f 3277 3309 2990
f 3310 3270 3267
f 3310 3311 3270
f 3312 3311 3310
f 3312 3313 3311
f 3314 3267 3271
f 3314 3310 3267
f 3315 3310 3314
f 3315 3312 3310
f 3316 2966 2969
f 3317 3316 2969
f 2972 3318 3319
f 2972 2971 3318
f 2975 3320 3321
f 2976 2975 3321
f 3322 2981 2978
f 3322 3323 2981
f 3324 3325 3326
f 3324 3327 3325
f 3328 3329 3330
f 3328 3331 3329
f 3332 3333 3334
f 3335 3332 3334
f 3336 3337 3338
f 3339 3336 3338
f 3340 3341 3342
f 3340 3343 3341
f 3344 3345 3346
f 3347 3344 3346
f 3122 3348 3349
f 3123 3122 3349
f 3123 3349 3320
f 2975 3123 3320
f 3350 3351 3352
f 3350 3353 3351
f 3354 3352 3355
f 3354 3350 3352
f 2999 3356 3357
f 3000 2999 3357
f 3356 3316 3317
f 3357 3356 3317
f 3358 3005 3002
f 3358 3359 3005
f 3319 3359 3358
f 3319 3318 3359
f 3320 3360 3361
f 3321 3320 3361
f 3360 3006 3009
f 3361 3360 3009
f 3362 3323 3322
f 3362 3363 3323
f 3012 3363 3362
f 3012 3011 3363
f 3364 3365 3366
f 3364 3367 3365
f 3326 3368 3369
f 3326 3370 3368
f 3371 3372 3373
f 3371 3374 3372
f 3330 3374 3371
f 3330 3329 3374
f 3375 3376 3377
f 3378 3375 3377
f 3376 3332 3335
f 3377 3376 3335
f 3379 3380 3381
f 3382 3379 3381
f 3380 3336 3339
f 3381 3380 3339
f 3383 3343 3340
f 3383 3384 3343
f 3385 3384 3383
f 3385 3386 3384
f 3345 3387 3388
f 3346 3345 3388
f 3387 3389 3390
f 3388 3387 3390
f 3348 3391 3392
f 3349 3348 3392
f 3391 3137 3140
f 3392 3391 3140
f 3349 3392 3360
f 3320 3349 3360
f 3392 3140 3006
f 3360 3392 3006
f 3393 3353 3350
f 3393 3394 3353
f 3395 3394 3393
f 3395 3396 3394
f 3397 3350 3354
f 3397 3393 3350
f 3398 3393 3397
f 3398 3395 3393
v -16.2535 -4.753644 -135.399
v -16.11553 -4.690372 -135.3531
v -16.17467 -4.710684 -135.4307
v -11.26968 -13.28757 -135.7729
v -10.7232 -13.06579 -135.3462
v -10.7901 -13.13334 -135.0551
v -15.73278 -8.470201 -130.1691
v -15.61894 -7.076802 -130.6207
v -17.04811 -7.551082 -131.4125
v -9.915743 -6.334413 -136.0832
v -9.910611 -6.309714 -136.0395
v -9.870977 -6.372498 -136.0231
v -18.2573 -11.24007 -134.5553
v -18.35676 -11.08374 -134.611
v -18.2625 -11.24255 -134.6855
v -9.758344 -11.97462 -134.2577
v -9.623778 -11.46142 -133.6462
v -10.28798 -12.55525 -134.027
v -11.93539 -13.4559 -136.4421
v -12.77996 -13.60662 -136.8415
v -12.26315 -12.52984 -138.2507
v -15.82537 -12.78586 -137.3002
v -15.16572 -13.43448 -136.8831
v -16.54248 -12.4868 -136.4893
v -12.93477 -7.037541 -138.6554
v -11.47959 -7.082694 -138.0587
v -12.55731 -8.82001 -139.3466
v -13.86856 -10.46176 -139.7311
v -13.91048 -10.28628 -139.7323
v -12.93725 -9.861624 -139.6845
v -17.60994 -5.988192 -134.7801
v -17.40292 -5.776239 -135.5477
v -17.88323 -6.846653 -136.3351
v -18.10622 -6.741233 -134.0271
v -18.6892 -8.046991 -135.0119
v -18.43705 -7.361373 -134.0495
v -18.70547 -8.012413 -134.7241
v -13.51033 -12.95844 -131.6183
v -10.67318 -12.98217 -134.0678
v -10.28798 -12.55525 -134.027
v -9.623778 -11.46142 -133.6462
v -9.536481 -11.10934 -133.4153
v -13.45477 -11.79063 -130.6522
v -13.70054 -12.54037 -131.0926
v -13.86856 -10.46176 -139.7311
v -13.96343 -10.93081 -139.5946
v -14.4431 -11.46621 -139.1991
v -14.71688 -11.54744 -139.0095
v -15.17484 -8.998106 -139.1238
v -13.91048 -10.28628 -139.7323
v -10.23569 -5.712523 -135.1898
v -11.63708 -4.575684 -133.9338
v -10.35618 -5.729056 -133.4088
v -9.925785 -6.08688 -133.6675
v -8.902055 -8.212384 -134.6607
v -9.066122 -7.582212 -134.9105
v -9.526977 -6.749563 -133.873
v -8.933825 -8.414118 -134.1084
v -14.99989 -8.612957 -129.9193
v -14.53351 -6.769184 -130.4306
v -14.8055 -6.577081 -130.5715
v -15.61894 -7.076802 -130.6207
v -15.73278 -8.470201 -130.1691
v -15.40721 -8.875432 -129.9397
v -14.53351 -6.769184 -130.4306
v -13.49186 -5.642131 -131.263
v -14.08129 -5.762959 -131.1727
v -14.8055 -6.577081 -130.5715
v -13.49186 -5.642131 -131.263
v -12.80617 -5.200984 -131.7798
v -13.68657 -4.709913 -132.565
v -14.08129 -5.762959 -131.1727
v -10.35618 -5.729056 -133.4088
v -11.63708 -4.575684 -133.9338
v -11.89475 -4.450695 -133.8436
v -12.25379 -5.123971 -132.1674
v -12.25379 -5.123971 -132.1674
v -11.89475 -4.450695 -133.8436
v -12.42125 -4.338342 -133.8987
v -13.85447 -4.236773 -133.582
v -12.80617 -5.200984 -131.7798
v -13.68657 -4.709913 -132.565
v -14.31626 -4.18599 -134.1943
v -13.85447 -4.236773 -133.582
v -12.42125 -4.338342 -133.8987
v -14.20455 -4.187558 -134.4703
v -15.12546 -13.25867 -132.468
v -14.75334 -13.15399 -132.0182
v -15.12672 -12.47938 -131.1776
v -15.82542 -12.77297 -132.1829
v -14.86848 -9.505482 -129.9172
v -14.99989 -8.612957 -129.9193
v -15.40721 -8.875432 -129.9397
v -15.23511 -9.351182 -129.9338
v -14.03072 -11.26291 -130.3111
v -14.86848 -9.505482 -129.9172
v -15.23511 -9.351182 -129.9338
v -14.9172 -11.91534 -130.6662
v -14.95988 -12.26094 -130.8721
v -13.70054 -12.54037 -131.0926
v -13.45477 -11.79063 -130.6522
v -14.03072 -11.26291 -130.3111
v -14.9172 -11.91534 -130.6662
v -12.19814 -12.17543 -138.6808
v -9.818217 -12.03329 -135.6146
v -9.820745 -12.07248 -135.5607
v -10.7232 -13.06579 -135.3462
v -12.19945 -12.17673 -138.6807
v -12.24219 -12.25748 -138.6212
v -11.26968 -13.28757 -135.7729
v -12.26315 -12.52984 -138.2507
v -11.93539 -13.4559 -136.4421
v -9.803761 -12.01682 -135.5969
v -8.902055 -8.212384 -134.6607
v -8.933825 -8.414118 -134.1084
v -9.536481 -11.10934 -133.4153
v -9.623778 -11.46142 -133.6462
v -9.758344 -11.97462 -134.2577
v -9.813489 -12.06425 -135.5517
v -14.75334 -13.15399 -132.0182
v -13.51033 -12.95844 -131.6183
v -13.70054 -12.54037 -131.0926
v -15.12672 -12.47938 -131.1776
v -14.95988 -12.26094 -130.8721
v -9.870977 -6.372498 -136.0231
v -9.910611 -6.309714 -136.0395
v -10.23569 -5.712523 -135.1898
v -9.066122 -7.582212 -134.9105
v -9.925785 -6.08688 -133.6675
v -9.526977 -6.749563 -133.873
v -14.66001 -13.75255 -136.3746
v -15.13583 -13.45426 -136.8741
v -14.20548 -13.45234 -137.2348
v -13.74068 -13.71159 -136.8203
v -13.45477 -11.79063 -130.6522
v -9.536481 -11.10934 -133.4153
v -8.933825 -8.414118 -134.1084
v -9.526977 -6.749563 -133.873
v -14.03072 -11.26291 -130.3111
v -9.925785 -6.08688 -133.6675
v -14.86848 -9.505482 -129.9172
v -10.35618 -5.729056 -133.4088
v -12.25379 -5.123971 -132.1674
v -14.99989 -8.612957 -129.9193
v -14.53351 -6.769184 -130.4306
v -12.80617 -5.200984 -131.7798
v -13.49186 -5.642131 -131.263
v -9.820745 -12.07248 -135.5607
v -9.813489 -12.06425 -135.5517
v -9.758344 -11.97462 -134.2577
v -10.7232 -13.06579 -135.3462
v -10.28798 -12.55525 -134.027
v -10.67318 -12.98217 -134.0678
v -10.7901 -13.13334 -135.0551
v -9.820745 -12.07248 -135.5607
v -9.818217 -12.03329 -135.6146
v -9.803761 -12.01682 -135.5969
v -9.813489 -12.06425 -135.5517
v -13.60866 -12.53759 -138.4118
v -12.24219 -12.25748 -138.6212
v -12.26315 -12.52984 -138.2507
v -12.77996 -13.60662 -136.8415
v -14.20548 -13.45234 -137.2348
v -13.74068 -13.71159 -136.8203
v -18.2625 -11.24255 -134.6855
v -16.54248 -12.4868 -136.4893
v -15.16572 -13.43448 -136.8831
v -15.13583 -13.45426 -136.8741
v -14.66001 -13.75255 -136.3746
v -18.2573 -11.24007 -134.5553
v -15.82542 -12.77297 -132.1829
v -15.12546 -13.25867 -132.468
v -18.80251 -9.200416 -134.3391
v -18.70547 -8.012413 -134.7241
v -18.6892 -8.046991 -135.0119
v -18.81114 -9.484284 -134.4751
v -18.2033 -7.64372 -132.9014
v -18.43705 -7.361373 -134.0495
v -18.70547 -8.012413 -134.7241
v -18.80251 -9.200416 -134.3391
v -18.2033 -7.64372 -132.9014
v -18.03561 -7.497064 -132.6265
v -18.10622 -6.741233 -134.0271
v -18.43705 -7.361373 -134.0495
v -13.68657 -4.709913 -132.565
v -13.85447 -4.236773 -133.582
v -14.31626 -4.18599 -134.1943
v -16.11553 -4.690372 -135.3531
v -14.08129 -5.762959 -131.1727
v -14.8055 -6.577081 -130.5715
v -16.2535 -4.753644 -135.399
v -16.90617 -5.221843 -135.321
v -17.60994 -5.988192 -134.7801
v -15.61894 -7.076802 -130.6207
v -17.04811 -7.551082 -131.4125
v -18.10622 -6.741233 -134.0271
v -18.03561 -7.497064 -132.6265
v -17.40292 -5.776239 -135.5477
v -17.60994 -5.988192 -134.7801
v -16.90617 -5.221843 -135.321
v -17.36192 -5.731281 -135.5655
v -17.40292 -5.776239 -135.5477
v -17.36192 -5.731281 -135.5655
v -17.51495 -6.635898 -136.8492
v -17.88323 -6.846653 -136.3351
v -14.31626 -4.18599 -134.1943
v -14.20455 -4.187558 -134.4703
v -15.70571 -4.656799 -135.9495
v -16.11553 -4.690372 -135.3531
v -16.17467 -4.710684 -135.4307
v -10.7901 -13.13334 -135.0551
v -10.67318 -12.98217 -134.0678
v -13.51033 -12.95844 -131.6183
v -11.26968 -13.28757 -135.7729
v -11.93539 -13.4559 -136.4421
v -12.77996 -13.60662 -136.8415
v -13.74068 -13.71159 -136.8203
v -14.66001 -13.75255 -136.3746
v -14.75334 -13.15399 -132.0182
v -15.12546 -13.25867 -132.468
v -18.80251 -9.200416 -134.3391
v -18.81114 -9.484284 -134.4751
v -18.35676 -11.08374 -134.611
v -18.2033 -7.64372 -132.9014
v -18.2573 -11.24007 -134.5553
v -15.82542 -12.77297 -132.1829
v -18.03561 -7.497064 -132.6265
v -17.04811 -7.551082 -131.4125
v -15.73278 -8.470201 -130.1691
v -15.12672 -12.47938 -131.1776
v -15.40721 -8.875432 -129.9397
v -14.95988 -12.26094 -130.8721
v -15.23511 -9.351182 -129.9338
v -14.9172 -11.91534 -130.6662
v -15.17484 -8.998106 -139.1238
v -14.71688 -11.54744 -139.0095
v -15.82537 -12.78586 -137.3002
v -16.54248 -12.4868 -136.4893
v -18.2625 -11.24255 -134.6855
v -16.50932 -6.608472 -138.1062
v -18.35676 -11.08374 -134.611
v -18.81114 -9.484284 -134.4751
v -17.51495 -6.635898 -136.8492
v -18.6892 -8.046991 -135.0119
v -17.88323 -6.846653 -136.3351
v -15.6813 -5.838264 -137.9164
v -16.50932 -6.608472 -138.1062
v -17.51495 -6.635898 -136.8492
v -15.70571 -4.656799 -135.9495
v -17.36192 -5.731281 -135.5655
v -16.17467 -4.710684 -135.4307
v -16.90617 -5.221843 -135.321
v -16.2535 -4.753644 -135.399
v -12.93725 -9.861624 -139.6845
v -12.86022 -9.820097 -139.6778
v -12.19814 -12.17543 -138.6808
v -13.86856 -10.46176 -139.7311
v -13.96343 -10.93081 -139.5946
v -12.19945 -12.17673 -138.6807
v -14.71688 -11.54744 -139.0095
v -14.4431 -11.46621 -139.1991
v -13.60866 -12.53759 -138.4118
v -14.20548 -13.45234 -137.2348
v -15.82537 -12.78586 -137.3002
v -15.13583 -13.45426 -136.8741
v -15.16572 -13.43448 -136.8831
v -13.96343 -10.93081 -139.5946
v -12.19945 -12.17673 -138.6807
v -12.24219 -12.25748 -138.6212
v -13.60866 -12.53759 -138.4118
v -14.4431 -11.46621 -139.1991
v -12.55731 -8.82001 -139.3466
v -12.86022 -9.820097 -139.6778
v -12.93725 -9.861624 -139.6845
v -13.91048 -10.28628 -139.7323
v -15.17484 -8.998106 -139.1238
v -12.93477 -7.037541 -138.6554
v -16.50932 -6.608472 -138.1062
v -15.6813 -5.838264 -137.9164
v -11.47959 -7.082694 -138.0587
v -9.915743 -6.334413 -136.0832
v -9.870977 -6.372498 -136.0231
v -9.066122 -7.582212 -134.9105
v -8.902055 -8.212384 -134.6607
v -9.803761 -12.01682 -135.5969
v -12.55731 -8.82001 -139.3466
v -12.86022 -9.820097 -139.6778
v -9.818217 -12.03329 -135.6146
v -12.19814 -12.17543 -138.6808
v -12.93477 -7.037541 -138.6554
v -15.6813 -5.838264 -137.9164
v -15.70571 -4.656799 -135.9495
v -11.47959 -7.082694 -138.0587
v -14.20455 -4.187558 -134.4703
v -9.915743 -6.334413 -136.0832
v -12.42125 -4.338342 -133.8987
v -9.910611 -6.309714 -136.0395
v -10.23569 -5.712523 -135.1898
v -11.89475 -4.450695 -133.8436
v -11.63708 -4.575684 -133.9338
f 3399 3400 3401
f 3402 3403 3404
f 3405 3406 3407
f 3408 3409 3410
f 3411 3412 3413
f 3414 3415 3416
f 3417 3418 3419
f 3420 3421 3422
f 3423 3424 3425
f 3426 3427 3428
f 3429 3430 3431
f 3431 3432 3429
f 3431 3433 3432
f 3433 3434 3432
f 3433 3435 3434
f 3436 3437 3438
f 3438 3439 3436
f 3439 3440 3436
f 3440 3441 3436
f 3441 3442 3436
f 3443 3444 3445
f 3445 3446 3443
f 3446 3447 3443
f 3447 3448 3443
f 3449 3450 3451
f 3449 3451 3452
f 3453 3454 3455
f 3453 3455 3456
f 3457 3458 3459
f 3459 3460 3457
f 3460 3461 3457
f 3461 3462 3457
f 3463 3464 3465
f 3463 3465 3466
f 3467 3468 3469
f 3467 3469 3470
f 3471 3472 3473
f 3471 3473 3474
f 3475 3476 3477
f 3477 3478 3475
f 3478 3479 3475
f 3478 3480 3479
f 3481 3482 3483
f 3481 3483 3484
f 3485 3486 3487
f 3485 3487 3488
f 3489 3490 3491
f 3489 3491 3492
f 3493 3494 3495
f 3493 3495 3496
f 3497 3498 3499
f 3499 3500 3497
f 3500 3501 3497
f 3502 3503 3504
f 3504 3505 3502
f 3505 3506 3502
f 3505 3507 3506
f 3505 3508 3507
f 3508 3509 3507
f 3508 3510 3509
f 3511 3512 3513
f 3513 3514 3511
f 3514 3515 3511
f 3515 3516 3511
f 3516 3517 3511
f 3518 3519 3520
f 3520 3521 3518
f 3520 3522 3521
f 3523 3524 3525
f 3525 3526 3523
f 3525 3527 3526
f 3527 3528 3526
f 3529 3530 3531
f 3529 3531 3532
f 3533 3534 3535
f 3535 3536 3533
f 3536 3537 3533
f 3536 3538 3537
f 3538 3539 3537
f 3538 3540 3539
f 3540 3541 3539
f 3541 3542 3539
f 3541 3543 3542
f 3541 3544 3543
f 3544 3545 3543
f 3546 3547 3548
f 3548 3549 3546
f 3548 3550 3549
f 3550 3551 3549
f 3551 3552 3549
f 3553 3554 3555
f 3553 3555 3556
f 3557 3558 3559
f 3559 3560 3557
f 3560 3561 3557
f 3560 3562 3561
f 3563 3564 3565
f 3565 3566 3563
f 3566 3567 3563
f 3567 3568 3563
f 3567 3569 3568
f 3567 3570 3569
f 3571 3572 3573
f 3571 3573 3574
f 3575 3576 3577
f 3575 3577 3578
f 3579 3580 3581
f 3579 3581 3582
f 3583 3584 3585
f 3585 3586 3583
f 3586 3587 3583
f 3586 3588 3587
f 3586 3589 3588
f 3589 3590 3588
f 3590 3591 3588
f 3591 3592 3588
f 3591 3593 3592
f 3591 3594 3593
f 3594 3595 3593
f 3596 3597 3598
f 3596 3598 3599
f 3600 3601 3602
f 3600 3602 3603
f 3604 3605 3606
f 3606 3607 3604
f 3606 3608 3607
f 3609 3610 3611
f 3611 3612 3609
f 3611 3613 3612
f 3611 3614 3613
f 3611 3615 3614
f 3611 3616 3615
f 3611 3617 3616
f 3617 3618 3616
f 3619 3620 3621
f 3621 3622 3619
f 3621 3623 3622
f 3623 3624 3622
f 3624 3625 3622
f 3624 3626 3625
f 3624 3627 3626
f 3624 3628 3627
f 3628 3629 3627
f 3628 3630 3629
f 3630 3631 3629
f 3630 3632 3631
f 3633 3634 3635
f 3635 3636 3633
f 3636 3637 3633
f 3637 3638 3633
f 3637 3639 3638
f 3639 3640 3638
f 3640 3641 3638
f 3640 3642 3641
f 3642 3643 3641
f 3644 3645 3646
f 3646 3647 3644
f 3646 3648 3647
f 3648 3649 3647
f 3648 3650 3649
f 3650 3651 3649
f 3652 3653 3654
f 3654 3655 3652
f 3654 3656 3655
f 3654 3657 3656
f 3658 3659 3660
f 3660 3661 3658
f 3661 3662 3658
f 3661 3663 3662
f 3663 3664 3662
f 3665 3666 3667
f 3667 3668 3665
f 3668 3669 3665
f 3670 3671 3672
f 3672 3673 3670
f 3673 3674 3670
f 3674 3675 3670
f 3674 3676 3675
f 3676 3677 3675
f 3678 3679 3680
f 3680 3681 3678
f 3681 3682 3678
f 3682 3683 3678
f 3683 3684 3678
f 3683 3685 3684
f 3683 3686 3685
f 3686 3687 3685
f 3688 3689 3690
f 3690 3691 3688
f 3690 3692 3691
f 3692 3693 3691
f 3692 3694 3693
f 3694 3695 3693
f 3694 3696 3695
f 3694 3697 3696
f 3697 3698 3696
v -4.824355 27.53508 56.40797
v -3.493982 28.76524 56.35484
v -3.851335 29.35482 55.9636
v -5.335629 28.37861 55.84821
v -4.219715 24.65488 52.24767
v -6.278835 23.82204 53.8954
v -7.180438 25.30957 52.9083
v -4.893929 25.76724 51.50952
v -3.493982 28.76524 56.35484
v 0.8643438 29.44364 53.60693
v 0.4601394 30.11053 53.1644
v -3.851335 29.35482 55.9636
v 0.8643438 29.44364 53.60693
v 10.45801 31.84132 47.58307
v 10.21986 32.16228 47.38196
v 0.4601394 30.11053 53.1644
v 8.882793 28.81599 43.62667
v 9.3591 28.17406 44.02889
v 1.027156 25.55136 49.76696
v 0.139182 27.01639 48.79479
v 1.027156 25.55136 49.76696
v -4.219715 24.65488 52.24767
v -4.893929 25.76724 51.50952
v 0.139182 27.01639 48.79479
v 10.45801 31.84132 47.58307
v 11.20876 29.32427 46.26458
v 10.23423 30.76255 45.33538
v 10.21986 32.16228 47.38196
v 11.20876 29.32427 46.26458
v 9.3591 28.17406 44.02889
v 8.882793 28.81599 43.62667
v 10.23423 30.76255 45.33538
v -6.278835 23.82204 53.8954
v -5.985454 25.99714 56.01118
v -6.68814 27.15648 55.24186
v -7.180438 25.30957 52.9083
v -5.985454 25.99714 56.01118
v -4.824355 27.53508 56.40797
v -5.335629 28.37861 55.84821
v -6.68814 27.15648 55.24186
v -4.893929 25.76724 51.50952
v -7.180438 25.30957 52.9083
v -6.68814 27.15648 55.24186
v -4.611431 27.35722 53.64754
v -6.68814 27.15648 55.24186
v -5.335629 28.37861 55.84821
v -3.851335 29.35482 55.9636
v -4.611431 27.35722 53.64754
v -4.219715 24.65488 52.24767
v -3.403012 25.36348 54.97056
v -5.985454 25.99714 56.01118
v -6.278835 23.82204 53.8954
v -3.403012 25.36348 54.97056
v -3.493982 28.76524 56.35484
v -4.824355 27.53508 56.40797
v -5.985454 25.99714 56.01118
v 8.882793 28.81599 43.62667
v 0.139182 27.01639 48.79479
v 0.2996613 28.56346 50.9796
v 10.23423 30.76255 45.33538
v 0.2996613 28.56346 50.9796
v 0.4601394 30.11053 53.1644
v 10.21986 32.16228 47.38196
v 10.23423 30.76255 45.33538
v 0.139182 27.01639 48.79479
v -4.893929 25.76724 51.50952
v -4.611431 27.35722 53.64754
v 0.2996613 28.56346 50.9796
v -4.611431 27.35722 53.64754
v -3.851335 29.35482 55.9636
v 0.4601394 30.11053 53.1644
v 0.2996613 28.56346 50.9796
v -3.493982 28.76524 56.35484
v -3.403012 25.36348 54.97056
v 1.692772 26.265 52.50481
v 0.8643438 29.44364 53.60693
v -3.403012 25.36348 54.97056
v -4.219715 24.65488 52.24767
v 1.027156 25.55136 49.76696
v 1.692772 26.265 52.50481
v 10.45801 31.84132 47.58307
v 0.8643438 29.44364 53.60693
v 1.692772 26.265 52.50481
v 11.20876 29.32427 46.26458
v 1.692772 26.265 52.50481
v 1.027156 25.55136 49.76696
v 9.3591 28.17406 44.02889
v 11.20876 29.32427 46.26458
f 3702 3699 3700
f 3702 3700 3701
f 3706 3703 3705
f 3703 3704 3705
f 3707 3708 3710
f 3710 3708 3709
f 3711 3712 3714
f 3714 3712 3713
f 3715 3716 3718
f 3718 3716 3717
f 3722 3719 3721
f 3719 3720 3721
f 3726 3723 3725
f 3723 3724 3725
f 3730 3727 3728
f 3730 3728 3729
f 3734 3731 3732
f 3734 3732 3733
f 3738 3735 3736
f 3738 3736 3737
f 3740 3742 3739
f 3740 3741 3742
f 3743 3745 3746
f 3743 3744 3745
f 3748 3749 3750
f 3747 3748 3750
f 3752 3753 3754
f 3751 3752 3754
f 3758 3755 3756
f 3758 3756 3757
f 3762 3759 3761
f 3759 3760 3761
f 3763 3764 3766
f 3766 3764 3765
f 3770 3767 3769
f 3769 3767 3768
f 3771 3772 3774
f 3774 3772 3773
f 3775 3776 3778
f 3778 3776 3777
f 3779 3780 3781
f 3779 3781 3782
f 3783 3784 3786
f 3784 3785 3786
v -20 -8 -132
v -62 -8 -132
v -62 -8 -125
v -20 -8 -125
v -20 -8 -125
v -62 -8 -125
v -62 -1 -95
v -20 -1 -95
v -20 -1 -95
v -62 -1 -95
v -62 -1 -85
v -20 -1 -85
v -20 -3 -85
v -62 -3 -85
v -62 -3 -73
v -20 -3 -73
v -20 -1 -85
v -62 -1 -85
v -20 -3 -85
v -62 -3 -85
v -62 -1 -85
v -62 -1 -73
v -62 -3 -85
v -62 -3 -73
v -20 -1 -73
v -20 -1 -85
v -20 -3 -73
v -20 -3 -85
v -73 -1 -88
v -72 -1 -81
v -68 -1 -73
v -72 -1 -73
v -76 -1 -79
v -76 -1 -73
v -68 3 -41
v -72 3 -41
v -72 3 -33
v -68 3 -33
v -76 3 -41
v -76 3 -33
v -72 11 -65
v -76 11 -65
v -76 7 -53
v -72 7 -53
v -76 3 -41
v -72 3 -41
v -68 -1 -73
v -72 -1 -73
v -72 1 -57
v -68 1 -57
v -72 3 -41
v -68 3 -41
v -72 11 -73
v -76 11 -73
v -76 11 -65
v -72 11 -65
v -72 11 -73
v -72 11 -65
v -68 11 -73
v -68 11 -65
v -68 -144 -41
v -68 -144 -57
v -68 -7.5 -57
v -68 -6.5 -41
v -68 1 -57
v -68 3 -41
v -76 -4 -33
v -76 -4 -41
v -84 -4 -33
v -84 -4 -41
v -76 -4 -57
v -84 -4 -57
v -76 -4 -73
v -84 -4 -73
v -76 -4 -79
v -84 -4 -80.23607
v -76 -4 -79
v -72 -8.5 -81
v -84 -4 -80.23607
v -78 -8.5 -82.78886
v -72 -6.5 -33
v -76 -4 -33
v -72 -6.5 -25
v -76 -4 -25
v -76 -4 -25
v -84 -4 -25
v -68 -6.5 -33
v -72 -6.5 -33
v -68 -6.5 -25
v -72 -6.5 -25
v 0 -8 -132
v -3 -8 -132
v -14 -8 -125
v -17 -8 -125
v -14 -8 -125
v -17 -8 -125
v -17 -1 -95
v -14 -1 -95
v -14 -1 -95
v -17 -1 -95
v -17 -1 -82
v -14 -1 -79
v -17 -1 -73
v -14 -1 -73
v -20 -1 -73
v -65 -8 -125
v -77 -8 -132
v -68 -8 -125
v -80 -8 -132
v -65 -8 -125
v -65 -1 -95
v -68 -8 -125
v -68 -1 -95
v -65 -1 -95
v -67.5 -1 -86.5
v -68 -1 -95
v -73 -1 -88
v -62 -1 -73
v -65 -1 -73
v -68 -1 -73
v -20 -8 -163
v -62 -8 -163
v -62 -8 -132
v -20 -8 -132
v -3 -8 -163
v -3 -8 -132
v -77 -8 -163
v -77 -8 -132
v -62 -144 -125
v -20 -144 -132
v -20 -144 -125
v -62 -144 -132
v -62 -144 -95
v -20 -144 -95
v -62 -144 -85
v -20 -144 -85
v -62 -144 -73
v -20 -144 -73
v -68 -144 -73
v -72 -144 -73
v -72 -144 -81
v -68 -144 -83
v -76 -144 -73
v -76 -144 -79
v -76 -144 -33
v -72 -144 -41
v -72 -144 -33
v -76 -144 -41
v -68 -144 -41
v -68 -144 -33
v -72 7 -73
v -76 -1 -73
v -76 9 -73
v -72 -1 -73
v -72 11 -73
v -76 11 -73
v -76 -144 -57
v -72 -144 -57
v -68 -144 -57
v -76 11 -65
v -76 9 -65
v -76 7 -53
v -76 11 -73
v -76 9 -73
v -76 1 -57
v -76 3 -41
v -76 -1 -73
v -72 3 -41
v -72 1 -57
v -72 7 -53
v -72 7 -65
v -72 -1 -73
v -72 7 -73
v -72 11 -65
v -68 7 -73
v -68 11 -65
v -68 7 -65
v -68 11 -73
v -72 11 -65
v -72 7 -65
v -68 11 -65
v -68 7 -65
v -72 7 -65
v -72 7 -73
v -68 7 -65
v -68 7 -73
v -68 7 -73
v -68 11 -73
v -14 -144 -95
v -14 -144 -125
v -14 -12 -125
v -14 -8.5 -95
v -14 -8 -125
v -14 -1 -95
v -5 -24 -134
v -9 -24 -139
v -9 -20 -139
v -5 -20 -134
v -5 -20 -134
v -9 -20 -139
v 4 -16 -139
v -5 -16 -134
v -71 -12 -113
v -68 -144 -95
v -68 -8.5 -95
v -68 -144 -125
v -68 -8 -125
v -68 -8.5 -95
v -68 -1 -95
v -71 -12 -113
v -74 -20 -139
v -74 -24 -125
v -77 -20 -120
v -74 -24 -139
v -86 -16 -139
v -77 -20 -120
v -74 -16 -125
v -74 -20 -139
v -14 -144 -73
v -14 -144 -79
v -14 -8.5 -79
v -14 -8.5 -73
v -14 -1 -79
v -14 -1 -73
v -84 -4 -80.23607
v -84 -144 -73
v -84 -4 -73
v -84 -144 -80.23607
v -76 -1 -79
v -76 -4 -73
v -76 -4 -79
v -68 -8.5 -95
v -68 -144 -83
v -68 -8.5 -83
v -68 -144 -95
v -68 -1 -95
v -68 -8.5 -83
v -73 -1 -88
v -62 -144 -73
v -20 -144 -73
v -20 -8.5 -73
v -62 -8.5 -73
v -20 -1 -73
v -62 -1 -73
v -20 -20 -139
v -62 -24 -139
v -62 -20 -139
v -20 -24 -139
v -20 -16 -139
v -62 -16 -139
v -72 -144 -25
v -68 -144 -25
v -68 -6.5 -25
v -72 -6.5 -25
v -72 -6.5 -33
v -68 -6.5 -33
v -68 3 -33
v -72 3 -33
v -76 -144 -25
v -76 -4 -25
v -76 -4 -33
v -76 3 -33
v -68 -8.5 -83
v -72 -144 -81
v -72 -8.5 -81
v -68 -144 -83
v -73 -1 -88
v -72 -8.5 -81
v -72 -1 -81
v -68 -8.5 -83
v -72 -1 -81
v -76 -4 -79
v -76 -1 -79
v -78 -8.5 -82.78886
v -84 -144 -80.23607
v -84 -4 -80.23607
v -78 -144 -82.78886
v -68 -144 -33
v -68 -144 -41
v -68 -6.5 -41
v -68 -6.5 -33
v -68 3 -41
v -68 3 -33
v -84 -4 -41
v -84 -144 -33
v -84 -4 -33
v -84 -144 -41
v -76 -4 -33
v -76 3 -33
v -76 -4 -41
v -68 -144 -57
v -68 -144 -73
v -68 -8.5 -73
v -68 -7.5 -57
v -68 -1 -73
v -68 1 -57
v -84 -4 -57
v -84 -144 -57
v -76 -4 -57
v -84 -144 -25
v -84 -4 -25
v -84 -144 -41
v -84 -144 -33
v -84 -144 -57
v -84 -144 -73
v -84 -144 -80.23607
v -72 -8.5 -81
v -72 -144 -81
v -78 -8.5 -82.78886
v -78 -144 -82.78886
v -78 -144 -82.78886
v -84 -144 -25
v -76 -144 -25
v -84 -4 -25
v -84 -144 -25
v -72 -144 -25
v -68 -144 -25
v -68 -144 -25
v -68 -6.5 -25
v -20 -144 -132
v -62 -144 -132
v -20 -24 -139
v -62 -24 -139
v -62 -8 -166
v -20 -8 -166
v -62 -14.68299 -172
v -20 -14.68299 -172
v -68 -144 -125
v -71 -12 -113
v -74 -24 -125
v -77 -20 -120
v -68 -144 -132
v -68 -144 -125
v -74 -24 -139
v -74 -24 -125
v -14 -12 -125
v -14 -144 -125
v -5 -20 -134
v -5 -24 -134
v -14 -8 -125
v -5 -16 -134
v 0 -8 -132
v -14 -8 -125
v 4 -16 -139
v -5 -16 -134
v -14 -144 -125
v -14 -144 -132
v -5 -24 -134
v -9 -24 -139
v -71 -12 -113
v -68 -8 -125
v -77 -20 -120
v -74 -16 -125
v -68 -8 -125
v -80 -8 -132
v -74 -16 -125
v -86 -16 -139
v -17 -144 -125
v -14 -144 -132
v -14 -144 -125
v -17 -144 -132
v -17 -144 -95
v -14 -144 -95
v -17 -144 -82
v -14 -144 -79
v -17 -144 -73
v -14 -144 -73
v -17 -144 -73
v -17 -8.5 -73
v -14 -144 -73
v -14 -8.5 -73
v -17 -1 -73
v -14 -1 -73
v -14.5 -20 -139
v -14.5 -24 -139
v -9 -20 -139
v -9 -24 -139
v -8 -16 -139
v 4 -16 -139
v -3 -8 -166
v -8 -14.68299 -172
v 0 -8 -166
v 4 -14.68299 -172
v -9 -24 -139
v -14 -144 -132
v -14.5 -24 -139
v -17 -144 -132
v -65 -144 -125
v -65 -144 -132
v -68 -144 -125
v -68 -144 -132
v -65 -144 -95
v -68 -144 -95
v -65 -144 -84
v -65 -144 -73
v -68 -144 -73
v -65 -144 -73
v -65 -8.5 -73
v -68 -8.5 -73
v -65 -1 -73
v -68 -1 -73
v -68 -20 -139
v -74 -24 -139
v -74 -20 -139
v -68 -24 -139
v -74 -16 -139
v -86 -16 -139
v -77 -8 -166
v -74 -14.68299 -172
v -80 -8 -166
v -86 -14.68299 -172
v -65 -144 -132
v -68 -24 -139
v -68 -144 -132
v -74 -24 -139
v -62 -16 -139
v -20 -15.3415 -155.5
v -20 -16 -139
v -62 -15.3415 -155.5
v -20 -14.68299 -172
v -62 -14.68299 -172
v 0 -8 -132
v 4 -16 -139
v 0 -8 -163
v 4 -15.3415 -155.5
v 0 -8 -163
v 4 -15.3415 -155.5
v 0 -8 -166
v 4 -14.68299 -172
v -20 2 -166
v -62 2 -166
v -62 2 -163
v -20 2 -163
v -80 -8 -163
v -86 -15.3415 -155.5
v -86 -16 -139
v -80 -8 -132
v -80 -8 -166
v -86 -14.68299 -172
v -86 -15.3415 -155.5
v -80 -8 -163
v -3 2 -166
v -3 2 -163
v 0 2 -166
v 0 2 -163
v -3 2 -132
v 0 2 -132
v 4 -15.3415 -155.5
v -8 -15.3415 -155.5
v -8 -14.68299 -172
v 4 -14.68299 -172
v 4 -16 -139
v -8 -16 -139
v -74 -15.3415 -155.5
v -74 -14.68299 -172
v -74 -16 -139
v -86 -15.3415 -155.5
v -86 -14.68299 -172
v -86 -16 -139
v -77 2 -166
v -80 2 -166
v -80 2 -163
v -77 2 -163
v -80 2 -132
v -77 2 -132
v -77 -8 -166
v -80 -8 -166
v -77 2 -166
v -80 2 -166
v -80 -8 -166
v -80 -8 -163
v -80 2 -166
v -80 2 -163
v 0 -8 -163
v 0 -8 -166
v 0 2 -163
v 0 2 -166
v -80 -8 -132
v -80 2 -132
v -77 -8 -132
v -77 -8 -163
v -77 2 -132
v -77 2 -163
v -80 -8 -132
v -77 -8 -132
v -80 2 -132
v -77 2 -132
v -62 -8 -166
v -62 2 -166
v -77 -8 -163
v -62 -8 -163
v -77 2 -163
v -62 2 -163
v -20 -8 -166
v -20 2 -166
v -20 -8 -163
v -20 2 -163
v -3 -8 -166
v -3 2 -166
v -3 -8 -163
v -3 2 -163
v 0 -8 -166
v 0 2 -166
v -3 -8 -163
v -3 -8 -132
v -3 2 -163
v -3 2 -132
v 0 -8 -132
v 0 2 -132
v -3 -8 -132
v 0 -8 -132
v -3 2 -132
v 0 2 -132
f 3787 3788 3789
f 3790 3787 3789
f 3791 3792 3793
f 3794 3791 3793
f 3795 3796 3797
f 3798 3795 3797
f 3799 3800 3801
f 3802 3799 3801
f 3803 3804 3805
f 3804 3806 3805
f 3807 3808 3809
f 3808 3810 3809
f 3811 3812 3813
f 3812 3814 3813
f 3815 3816 3817
f 3816 3818 3817
f 3816 3819 3818
f 3819 3820 3818
f 3821 3822 3823
f 3824 3821 3823
f 3822 3825 3826
f 3823 3822 3826
f 3827 3828 3829
f 3830 3827 3829
f 3830 3829 3831
f 3832 3830 3831
f 3833 3834 3835
f 3836 3833 3835
f 3836 3835 3837
f 3838 3836 3837
f 3839 3840 3841
f 3842 3839 3841
f 3843 3844 3845
f 3844 3846 3845
f 3847 3848 3849
f 3850 3847 3849
f 3850 3849 3851
f 3852 3850 3851
f 3853 3854 3855
f 3854 3856 3855
f 3854 3857 3856
f 3857 3858 3856
f 3857 3859 3858
f 3859 3860 3858
f 3859 3861 3860
f 3861 3862 3860
f 3863 3864 3865
f 3864 3866 3865
f 3867 3868 3869
f 3868 3870 3869
f 3853 3855 3871
f 3855 3872 3871
f 3873 3874 3875
f 3874 3876 3875
f 3877 3878 3879
f 3878 3880 3879
f 3787 3880 3878
f 3787 3790 3880
f 3881 3882 3883
f 3884 3881 3883
f 3882 3791 3794
f 3883 3882 3794
f 3885 3886 3887
f 3888 3885 3887
f 3886 3795 3798
f 3887 3886 3798
f 3888 3887 3889
f 3890 3888 3889
f 3887 3798 3891
f 3889 3887 3891
f 3789 3788 3892
f 3788 3893 3892
f 3893 3894 3892
f 3894 3893 3895
f 3792 3896 3897
f 3793 3792 3897
f 3896 3898 3899
f 3897 3896 3899
f 3797 3796 3900
f 3797 3900 3901
f 3900 3902 3901
f 3901 3902 3903
f 3904 3797 3905
f 3797 3901 3905
f 3905 3901 3906
f 3901 3903 3906
f 3907 3908 3909
f 3910 3907 3909
f 3911 3907 3910
f 3912 3911 3910
f 3908 3913 3914
f 3909 3908 3914
f 3915 3916 3917
f 3915 3918 3916
f 3919 3917 3920
f 3919 3915 3917
f 3921 3920 3922
f 3921 3919 3920
f 3923 3922 3924
f 3923 3921 3922
f 3925 3926 3927
f 3925 3927 3928
f 3926 3929 3930
f 3926 3930 3927
f 3931 3932 3933
f 3931 3934 3932
f 3933 3935 3936
f 3933 3932 3935
f 3937 3938 3939
f 3937 3940 3938
f 3941 3939 3942
f 3941 3937 3939
f 3943 3926 3944
f 3943 3929 3926
f 3934 3944 3932
f 3934 3943 3944
f 3944 3925 3945
f 3944 3926 3925
f 3932 3945 3935
f 3932 3944 3945
f 3946 3947 3948
f 3946 3949 3950
f 3947 3946 3950
f 3947 3951 3948
f 3948 3951 3952
f 3950 3953 3947
f 3947 3953 3951
f 3954 3955 3956
f 3956 3955 3957
f 3955 3958 3957
f 3957 3958 3959
f 3956 3957 3960
f 3961 3962 3963
f 3961 3964 3962
f 3965 3966 3967
f 3966 3968 3967
f 3969 3970 3971
f 3970 3972 3971
f 3937 3941 3973
f 3941 3974 3973
f 3975 3976 3977
f 3978 3975 3977
f 3978 3977 3979
f 3980 3978 3979
f 3981 3982 3983
f 3984 3981 3983
f 3985 3986 3987
f 3988 3985 3987
f 3989 3990 3991
f 3989 3992 3990
f 3993 3994 3995
f 3993 3996 3994
f 3997 3998 3999
f 3997 4000 3998
f 4001 4002 4003
f 4001 4004 4002
f 4005 4006 4007
f 4008 4005 4007
f 4008 4007 4009
f 4010 4008 4009
f 4006 3975 3978
f 4007 4006 3978
f 4007 3978 3980
f 4009 4007 3980
f 4011 4012 4013
f 4011 4014 4012
f 4015 4016 3953
f 4015 4017 4016
f 4018 4019 4020
f 4018 4021 4019
f 4022 4023 4024
f 4022 4018 4023
f 4025 4026 4027
f 4028 4025 4027
f 4028 4027 4029
f 4030 4028 4029
f 4031 4032 4033
f 4031 4034 4032
f 4035 4033 4036
f 4035 4031 4033
f 4037 4038 4039
f 4040 4037 4039
f 4041 4042 4043
f 4044 4041 4043
f 4045 4037 4040
f 4046 4045 4040
f 4047 4041 4044
f 4048 4047 4044
f 4049 4050 4051
f 4049 4052 4050
f 4053 4054 4055
f 4053 4056 4054
f 4057 4058 4059
f 4057 4051 4058
f 4060 4061 4062
f 4060 4063 4061
f 4064 4065 4066
f 4067 4064 4066
f 4067 4066 4068
f 4069 4067 4068
f 4070 4071 4072
f 4070 4073 4071
f 3952 4074 4075
f 3952 4076 4074
f 4077 4078 4079
f 4080 4077 4079
f 4080 4079 4081
f 4082 4080 4081
f 4083 4073 4070
f 4083 4084 4073
f 3951 4076 3952
f 3951 4085 4076
f 4013 4084 4083
f 4013 4012 4084
f 3953 4085 3951
f 3953 4016 4085
f 4045 4046 4086
f 4046 4087 4086
f 3934 3931 4088
f 3931 4089 4088
f 3943 3934 4090
f 3934 4088 4090
f 3929 3943 4091
f 3943 4090 4091
f 3930 3929 4092
f 3929 4091 4092
f 4093 4094 4095
f 4094 4096 4095
f 3927 3930 4097
f 3930 4092 4097
f 4089 3931 4098
f 3931 4099 4098
f 4072 4071 4100
f 4071 4101 4100
f 3931 3933 4099
f 3933 4102 4099
f 3933 3936 4102
f 3936 4103 4102
f 4064 4067 4104
f 4067 4105 4104
f 4106 4107 4108
f 4107 4109 4108
f 4110 4111 4112
f 4111 4113 4112
f 4114 4115 4116
f 4115 4117 4116
f 4118 4119 4120
f 4119 4121 4120
f 4122 4123 4124
f 4123 4125 4124
f 4126 4122 4127
f 4122 4124 4127
f 4128 4129 4130
f 4129 4131 4130
f 4132 4133 4134
f 4133 4135 4134
f 4136 4137 4138
f 4137 4139 4138
f 4140 4141 4142
f 4141 4143 4142
f 4144 4145 4146
f 4144 4147 4145
f 3917 4147 4144
f 3917 3916 4147
f 4148 4146 4149
f 4148 4144 4146
f 3920 4144 4148
f 3920 3917 4144
f 4150 4149 4151
f 4150 4148 4149
f 3922 4148 4150
f 3922 3920 4148
f 4152 4151 4153
f 4152 4150 4151
f 3924 4150 4152
f 3924 3922 4150
f 4026 4154 4155
f 4027 4026 4155
f 4154 4156 4157
f 4155 4154 4157
f 4027 4155 4158
f 4029 4027 4158
f 4155 4157 4159
f 4158 4155 4159
f 4160 4034 4031
f 4160 4161 4034
f 4162 4161 4160
f 4162 4163 4161
f 4164 4160 4035
f 4160 4031 4035
f 4164 4165 4162
f 4164 4162 4160
f 4166 4167 4113
f 4166 4113 4111
f 4168 4169 4167
f 4168 4167 4166
f 4170 4171 4172
f 4172 4171 4173
f 4172 4173 4108
f 4173 4106 4108
f 4174 3918 3915
f 4174 4175 3918
f 4176 4175 4174
f 4176 4177 4175
f 4178 3915 3919
f 4178 4174 3915
f 4179 4174 4178
f 4179 4176 4174
f 4180 4178 3921
f 4178 3919 3921
f 3928 4179 4180
f 4179 4178 4180
f 3923 4181 4180
f 3923 4180 3921
f 4181 3925 3928
f 4181 3928 4180
f 4182 4183 4184
f 4185 4182 4184
f 4183 4025 4028
f 4184 4183 4028
f 4185 4184 4186
f 4187 4185 4186
f 4184 4028 4030
f 4186 4184 4030
f 4188 4189 4190
f 4188 4191 4189
f 4033 4191 4188
f 4033 4032 4191
f 4188 4190 4192
f 4193 4192 4190
f 4036 4188 4192
f 4036 4033 4188
f 4194 4195 4196
f 4196 4195 4197
f 4194 4110 4112
f 4195 4194 4112
f 4109 4198 4199
f 4109 4107 4198
f 4198 4200 4199
f 4201 4199 4200
f 4202 4203 4204
f 4202 4205 4203
f 4205 4206 4203
f 4205 4207 4206
f 4208 4209 4210
f 4209 4211 4210
f 4212 4213 4214
f 4213 4215 4214
f 4216 4217 4218
f 4219 4216 4218
f 4220 4221 4222
f 4220 4222 4223
f 4224 4225 4226
f 4224 4226 4227
f 4228 4216 4219
f 4229 4228 4219
f 4230 4228 4229
f 4231 4230 4229
f 4231 4229 4232
f 4233 4231 4232
f 4234 4235 4236
f 4234 4236 4237
f 4238 4239 4235
f 4238 4235 4234
f 4235 4203 4206
f 4235 4206 4236
f 4239 4204 4203
f 4239 4203 4235
f 4205 4240 4241
f 4205 4241 4207
f 4202 4242 4240
f 4202 4240 4205
f 4240 4243 4244
f 4240 4244 4241
f 4242 4245 4243
f 4242 4243 4240
f 4246 4247 4248
f 4249 4246 4248
f 4249 4248 4250
f 4251 4249 4250
f 4217 4246 4249
f 4218 4217 4249
f 4252 4253 4254
f 4253 4255 4254
f 4256 4257 4258
f 4257 4259 4258
f 4260 4261 4262
f 4261 4263 4262
f 4257 4264 4259
f 4264 4265 4259
f 4266 4267 4268
f 4267 4269 4268
f 4270 4271 4272
f 4271 4273 4272
f 4274 4252 4275
f 4252 4254 4275
f 4276 4277 4278
f 4277 4279 4278
f 4280 4274 4281
f 4274 4275 4281
f 4277 4282 4279
f 4282 4283 4279
f 4284 4280 4285
f 4280 4281 4285
f 4282 4286 4283
f 4286 4287 4283
f 4288 4284 4289
f 4284 4285 4289
f 4290 4291 4292
f 4291 4293 4292
f 4294 4260 4295
f 4260 4262 4295
f 4296 4297 4298
f 4297 4299 4298
v -55.09964 -6.214123 -109.2298
v -57.19658 -6.395891 -111.3675
v -56.50513 3.464212 -112.8842
v -55.11996 3.80126 -110.0614
v -57.19658 -6.395891 -111.3675
v -58.59453 -6.517072 -112.7926
v -58.61488 3.498316 -113.6243
v -56.50513 3.464212 -112.8842
v -62.15349 -5.740656 -109.3676
v -60.75552 -5.61948 -107.9424
v -60.77586 4.395908 -108.7741
v -61.46204 4.119447 -110.8842
v -60.75552 -5.61948 -107.9424
v -59.35756 -5.498299 -106.5173
v -58.66611 4.361804 -108.034
v -60.77586 4.395908 -108.7741
v -58.59453 -6.517072 -112.7926
v -61.42889 -6.11181 -111.4501
v -60.73745 3.748292 -112.9668
v -58.61488 3.498316 -113.6243
v -61.42889 -6.11181 -111.4501
v -62.15349 -5.740656 -109.3676
v -61.46204 4.119447 -110.8842
v -60.73745 3.748292 -112.9668
v -59.35756 -5.498299 -106.5173
v -57.235 -5.748275 -107.1747
v -56.54355 4.111827 -108.6914
v -58.66611 4.361804 -108.034
v -57.235 -5.748275 -107.1747
v -55.09964 -6.214123 -109.2298
v -55.11996 3.80126 -110.0614
v -56.54355 4.111827 -108.6914
v -60.77586 4.395908 -108.7741
v -58.66611 4.361804 -108.034
v -56.54355 4.111827 -108.6914
v -58.6405 3.93006 -110.8291
v -56.54355 4.111827 -108.6914
v -55.11996 3.80126 -110.0614
v -56.50513 3.464212 -112.8842
v -58.6405 3.93006 -110.8291
v -61.46204 4.119447 -110.8842
v -60.77586 4.395908 -108.7741
v -58.6405 3.93006 -110.8291
v -60.73745 3.748292 -112.9668
v -58.6405 3.93006 -110.8291
v -56.50513 3.464212 -112.8842
v -58.61488 3.498316 -113.6243
v -60.73745 3.748292 -112.9668
v -60.75552 -5.61948 -107.9424
v -59.33195 -5.930043 -109.3124
v -57.235 -5.748275 -107.1747
v -59.35756 -5.498299 -106.5173
v -59.33195 -5.930043 -109.3124
v -57.19658 -6.395891 -111.3675
v -55.09964 -6.214123 -109.2298
v -57.235 -5.748275 -107.1747
v -62.15349 -5.740656 -109.3676
v -61.42889 -6.11181 -111.4501
v -59.33195 -5.930043 -109.3124
v -60.75552 -5.61948 -107.9424
v -61.42889 -6.11181 -111.4501
v -58.59453 -6.517072 -112.7926
v -57.19658 -6.395891 -111.3675
v -59.33195 -5.930043 -109.3124
f 4300 4301 4302
f 4303 4300 4302
f 4304 4305 4306
f 4307 4304 4306
f 4311 4309 4310
f 4311 4308 4309
f 4315 4313 4314
f 4315 4312 4313
f 4316 4317 4319
f 4319 4317 4318
f 4321 4323 4320
f 4321 4322 4323
f 4326 4327 4324
f 4325 4326 4324
f 4331 4328 4330
f 4330 4328 4329
f 4332 4333 4334
f 4335 4332 4334
f 4339 4336 4337
f 4338 4339 4337
f 4340 4341 4342
f 4343 4340 4342
f 4347 4344 4345
f 4346 4347 4345
f 4350 4348 4349
f 4350 4351 4348
f 4354 4352 4353
f 4354 4355 4352
f 4358 4356 4357
f 4358 4359 4356
f 4362 4360 4361
f 4362 4363 4360
v 22.13169 9.701758 -65.2354
v 21.91292 5.725164 -79.41775
v 21.83251 10.64173 -65.07128
v 21.61374 6.665139 -79.25363
v 21.91292 5.725164 -79.41775
v 20.02705 5.158098 -79.60787
v 21.61374 6.665139 -79.25363
v 19.49337 6.053052 -79.61338
v 20.02705 5.158098 -79.60787
v 20.01133 9.089672 -65.59515
v 19.49337 6.053052 -79.61338
v 19.71214 10.02965 -65.43103
v 20.01133 9.089672 -65.59515
v 22.13169 9.701758 -65.2354
v 19.71214 10.02965 -65.43103
v 21.83251 10.64173 -65.07128
v 21.83251 10.64173 -65.07128
v 21.61374 6.665139 -79.25363
v 19.71214 10.02965 -65.43103
v 19.49337 6.053052 -79.61338
v 20.01133 9.089672 -65.59515
v 20.02705 5.158098 -79.60787
v 22.13169 9.701758 -65.2354
v 21.91292 5.725164 -79.41775
f 4364 4365 4366
f 4365 4367 4366
f 4368 4369 4370
f 4369 4371 4370
f 4372 4373 4374
f 4373 4375 4374
f 4376 4377 4378
f 4377 4379 4378
f 4380 4381 4382
f 4381 4383 4382
f 4384 4385 4386
f 4385 4387 4386
v 29 38 18.99657
v 30 38 18.9967
v 30 40 18.9967
v 29 40 18.99657
v 30.00698 40 -35.00239
v 29.00698 38 -35.00248
v 29.00698 40 -35.00248
v 30.00698 38 -35.00239
v 102 38 19.005
v 102.0001 38 18.005
v 102.0001 40 18.005
v 102 40 19.005
v 29.00013 40 17.99657
v 29 38 18.99657
v 29 40 18.99657
v 29.00013 38 17.99657
v 30.00013 40 17.9967
v 29.00013 40 17.99657
v 29 40 18.99657
v 30 40 18.9967
v 29 38 18.99657
v 30.00013 38 17.9967
v 30 38 18.9967
v 29.00013 38 17.99657
v 53 38 18.99974
v 101 38 19.00487
v 101 40 19.00487
v 53 40 18.99974
v 102 38 19.005
v 102 40 19.005
v 101.0023 40 -4.99513
v 53.00317 38 -5.000264
v 53.00317 40 -5.000264
v 101.0023 38 -4.99513
v 102.0023 40 -4.994998
v 102.0023 38 -4.994998
v 102.0001 40 18.005
v 101.0001 40 18.00487
v 101 40 19.00487
v 102 40 19.005
v 53.00014 40 17.99974
v 53 40 18.99974
v 101 38 19.00487
v 102.0001 38 18.005
v 102 38 19.005
v 101.0001 38 18.00487
v 53 38 18.99974
v 53.00014 38 17.99974
v 102.0022 38 -3.994998
v 102.0022 40 -3.994998
v 102.0023 38 -4.994998
v 102.0023 40 -4.994998
v 29.00304 40 -4.003431
v 29.00304 38 -4.003431
v 29.00317 40 -5.003431
v 29.00317 38 -5.003431
v 30.00317 40 -5.003299
v 29.00317 40 -5.003431
v 29.00304 40 -4.003431
v 30.00304 40 -4.003299
v 29.00304 38 -4.003431
v 30.00317 38 -5.003299
v 30.00304 38 -4.003299
v 29.00317 38 -5.003431
v 102.0023 40 -4.994998
v 101.0023 40 -4.99513
v 101.0022 40 -3.995129
v 102.0022 40 -3.994998
v 53.00317 40 -5.000264
v 53.00304 40 -4.000264
v 101.0022 38 -3.995129
v 53.00304 38 -4.000264
v 53.00014 38 17.99974
v 101.0001 38 18.00487
v 101.0022 38 -3.995129
v 102.0023 38 -4.994998
v 102.0022 38 -3.994998
v 101.0023 38 -4.99513
v 53.00304 38 -4.000264
v 53.00317 38 -5.000264
v 52.87181 -110 15.16832
v 97.00192 -110 -1.164259
v 97.00037 -110 15.17295
v 52.87396 -110 -1.168883
v 52 38 18.99961
v 52 40 18.99961
v 52.00698 40 -35.00029
v 52.00698 38 -35.00029
v 53.00698 40 -35.00019
v 53.00698 38 -35.00019
v 52.00014 40 17.99961
v 52 40 18.99961
v 52 38 18.99961
v 52.00014 38 17.99961
v 52.00317 40 -5.000396
v 52.00304 40 -4.000396
v 52.00317 38 -5.000396
v 30.00317 38 -5.003299
v 30.00304 38 -4.003299
v 52.00304 38 -4.000396
v 52.00014 38 17.99961
v 30.00013 38 17.9967
v 52.00304 38 -4.000396
v 52.00317 38 -5.000396
v 35.79416 -110 -1.171137
v 52.13146 -110 -1.911573
v 52.13136 -110 -1.168981
v 35.79425 -110 -1.913729
v 52.12921 -110 15.16822
v 35.792 -110 15.16607
v 29.00686 40 -34.00248
v 29.00686 38 -34.00248
v 29.00698 40 -35.00248
v 29.00698 38 -35.00248
v 53.00317 38 -5.000264
v 53.00686 38 -34.00019
v 53.00686 40 -34.00019
v 53.00317 40 -5.000264
v 53.00698 38 -35.00019
v 53.00698 40 -35.00019
v 30.00698 40 -35.00239
v 29.00698 40 -35.00248
v 29.00686 40 -34.00248
v 30.00686 40 -34.00239
v 29.00686 38 -34.00248
v 30.00698 38 -35.00239
v 30.00686 38 -34.00239
v 29.00698 38 -35.00248
v 53.00698 40 -35.00019
v 52.00698 40 -35.00029
v 52.00686 40 -34.00029
v 53.00686 40 -34.00019
v 52.00686 38 -34.00029
v 30.00686 38 -34.00239
v 52.00686 38 -34.00029
v 53.00698 38 -35.00019
v 53.00686 38 -34.00019
v 52.00698 38 -35.00029
v 52.13462 -110 -27.00028
v 35.79742 -110 -27.00184
v 52.00686 40 -34.00029
v 30.00686 40 -34.00239
v 52.00686 38 -34.00029
v 30.00686 38 -34.00239
v 30.00686 40 -34.00239
v 30.00317 40 -5.003299
v 30.00686 38 -34.00239
v 30.00317 38 -5.003299
v 52.00317 40 -5.000396
v 52.00686 40 -34.00029
v 52.00317 38 -5.000396
v 52.00686 38 -34.00029
v 30.00304 40 -4.003299
v 30.00304 38 -4.003299
v 52.00304 40 -4.000396
v 52.00304 38 -4.000396
v 30.00304 40 -4.003299
v 30.00013 40 17.9967
v 30.00304 38 -4.003299
v 30.00013 38 17.9967
v 101.0001 40 18.00487
v 101.0022 40 -3.995129
v 101.0001 38 18.00487
v 101.0022 38 -3.995129
v 30.00013 40 17.9967
v 52.00014 40 17.99961
v 30.00013 38 17.9967
v 52.00014 38 17.99961
v 53.00304 40 -4.000264
v 52.00304 40 -4.000396
v 53.00304 38 -4.000264
v 52.00304 38 -4.000396
v 53.00014 40 17.99974
v 53.00014 38 17.99974
v 101.0022 40 -3.995129
v 53.00304 40 -4.000264
v 101.0022 38 -3.995129
v 53.00304 38 -4.000264
v 101.0001 40 18.00487
v 101.0001 38 18.00487
v 52.00686 38 -34.00029
v 52.00317 38 -5.000396
v 49.00593 30 -27.00057
v 49.00277 30 -1.911986
v 52.00304 38 -4.000396
v 53.00304 38 -4.000264
v 49.00266 30 -1.169394
v 50.00266 30 -1.169262
v 30.00317 38 -5.003299
v 30.00686 38 -34.00239
v 33.00277 30 -1.914097
v 33.00593 30 -27.0021
v 30.00686 38 -34.00239
v 52.00686 38 -34.00029
v 33.00593 30 -27.0021
v 49.00593 30 -27.00057
v 52.00304 38 -4.000396
v 49.00266 30 -1.169394
v 53.00304 38 -4.000264
v 101.0022 38 -3.995129
v 50.00266 30 -1.169262
v 94.00192 30 -1.164655
v 30.00304 38 -4.003299
v 33.00266 30 -1.171505
v 52.00014 38 17.99961
v 30.00013 38 17.9967
v 49.00051 30 15.16781
v 33.00051 30 15.1657
v 30.00013 38 17.9967
v 30.00304 38 -4.003299
v 33.00051 30 15.1657
v 33.00266 30 -1.171505
v 53.00014 38 17.99974
v 50.00051 30 15.16794
v 101.0022 38 -3.995129
v 101.0001 38 18.00487
v 94.00192 30 -1.164655
v 94.00037 30 15.17255
v 101.0001 38 18.00487
v 53.00014 38 17.99974
v 94.00037 30 15.17255
v 50.00051 30 15.16794
v 49.00593 30 -27.00057
v 49.00277 30 -1.911986
v 52.13462 -110 -27.00028
v 52.13146 -110 -1.911573
v 49.00266 30 -1.169394
v 50.00266 30 -1.169262
v 52.13136 -110 -1.168981
v 52.87396 -110 -1.168883
v 33.00277 30 -1.914097
v 33.00593 30 -27.0021
v 35.79425 -110 -1.913729
v 35.79742 -110 -27.00184
v 33.00593 30 -27.0021
v 49.00593 30 -27.00057
v 35.79742 -110 -27.00184
v 52.13462 -110 -27.00028
v 49.00266 30 -1.169394
v 52.13136 -110 -1.168981
v 50.00266 30 -1.169262
v 94.00192 30 -1.164655
v 52.87396 -110 -1.168883
v 97.00192 -110 -1.164259
v 33.00266 30 -1.171505
v 33.00277 30 -1.914097
v 35.79416 -110 -1.171137
v 35.79425 -110 -1.913729
v 49.00051 30 15.16781
v 33.00051 30 15.1657
v 52.12921 -110 15.16822
v 35.792 -110 15.16607
v 33.00051 30 15.1657
v 33.00266 30 -1.171505
v 35.792 -110 15.16607
v 50.00051 30 15.16794
v 49.00051 30 15.16781
v 52.87181 -110 15.16832
v 94.00192 30 -1.164655
v 94.00037 30 15.17255
v 97.00192 -110 -1.164259
v 97.00037 -110 15.17295
v 94.00037 30 15.17255
v 50.00051 30 15.16794
v 97.00037 -110 15.17295
v 52.87181 -110 15.16832
f 4388 4389 4390
f 4391 4388 4390
f 4392 4393 4394
f 4392 4395 4393
f 4396 4397 4398
f 4399 4396 4398
f 4400 4401 4402
f 4400 4403 4401
f 4404 4405 4406
f 4407 4404 4406
f 4408 4409 4410
f 4408 4411 4409
f 4412 4413 4414
f 4415 4412 4414
f 4413 4416 4417
f 4414 4413 4417
f 4418 4419 4420
f 4418 4421 4419
f 4422 4421 4418
f 4422 4423 4421
f 4424 4425 4426
f 4427 4424 4426
f 4425 4428 4429
f 4426 4425 4429
f 4430 4431 4432
f 4430 4433 4431
f 4434 4433 4430
f 4434 4435 4433
f 4397 4436 4437
f 4398 4397 4437
f 4436 4438 4439
f 4437 4436 4439
f 4440 4403 4400
f 4440 4441 4403
f 4442 4441 4440
f 4442 4443 4441
f 4444 4445 4446
f 4447 4444 4446
f 4447 4446 4405
f 4404 4447 4405
f 4448 4449 4450
f 4448 4451 4449
f 4411 4450 4409
f 4411 4448 4450
f 4452 4453 4454
f 4455 4452 4454
f 4455 4454 4425
f 4424 4455 4425
f 4453 4456 4457
f 4454 4453 4457
f 4458 4459 4460
f 4461 4458 4460
f 4462 4463 4464
f 4462 4465 4463
f 4433 4464 4431
f 4433 4462 4464
f 4466 4465 4462
f 4466 4467 4465
f 4468 4469 4470
f 4468 4471 4469
f 4389 4472 4473
f 4390 4389 4473
f 4472 4412 4415
f 4473 4472 4415
f 4474 4395 4392
f 4474 4475 4395
f 4476 4475 4474
f 4476 4477 4475
f 4428 4478 4479
f 4429 4428 4479
f 4478 4404 4407
f 4479 4478 4407
f 4480 4435 4434
f 4480 4481 4435
f 4410 4481 4480
f 4410 4409 4481
f 4456 4482 4483
f 4457 4456 4483
f 4484 4485 4486
f 4487 4484 4486
f 4459 4487 4488
f 4460 4459 4488
f 4487 4486 4489
f 4488 4487 4489
f 4490 4467 4466
f 4490 4491 4467
f 4492 4493 4494
f 4492 4495 4493
f 4496 4471 4468
f 4496 4494 4471
f 4497 4494 4496
f 4497 4492 4494
f 4498 4443 4442
f 4498 4499 4443
f 4500 4499 4498
f 4500 4501 4499
f 4502 4503 4504
f 4505 4502 4504
f 4503 4506 4507
f 4504 4503 4507
f 4508 4509 4510
f 4511 4508 4510
f 4511 4510 4445
f 4444 4511 4445
f 4512 4513 4514
f 4512 4515 4513
f 4451 4514 4449
f 4451 4512 4514
f 4516 4517 4518
f 4519 4516 4518
f 4519 4518 4482
f 4456 4519 4482
f 4517 4508 4511
f 4518 4517 4511
f 4520 4521 4485
f 4484 4520 4485
f 4522 4523 4524
f 4522 4525 4523
f 4491 4524 4467
f 4491 4522 4524
f 4514 4525 4522
f 4514 4513 4525
f 4495 4526 4493
f 4495 4527 4526
f 4528 4529 4530
f 4529 4531 4530
f 4532 4533 4534
f 4533 4535 4534
f 4536 4537 4538
f 4537 4539 4538
f 4533 4540 4535
f 4540 4541 4535
f 4542 4536 4543
f 4536 4538 4543
f 4544 4545 4546
f 4545 4547 4546
f 4548 4549 4550
f 4549 4551 4550
f 4552 4553 4554
f 4553 4555 4554
f 4556 4557 4558
f 4557 4559 4558
f 4553 4560 4555
f 4560 4561 4555
f 4562 4563 4564
f 4563 4565 4564
f 4560 4566 4561
f 4566 4567 4561
f 4568 4569 4570
f 4569 4571 4570
f 4572 4573 4574
f 4573 4575 4574
f 4576 4577 4578
f 4577 4579 4578
f 4580 4581 4582
f 4581 4583 4582
f 4569 4584 4571
f 4584 4585 4571
f 4586 4587 4588
f 4587 4589 4588
f 4590 4576 4591
f 4576 4578 4591
f 4592 4593 4594
f 4593 4595 4594
f 4596 4597 4598
f 4597 4599 4598
f 4600 4592 4601
f 4592 4594 4601
f 4602 4603 4604
f 4603 4605 4604
f 4606 4607 4608
f 4607 4609 4608
f 4610 4611 4612
f 4611 4613 4612
f 4614 4615 4616
f 4615 4617 4616
f 4618 4619 4620
f 4619 4621 4620
f 4622 4623 4624
f 4623 4625 4624
f 4611 4626 4613
f 4626 4627 4613
f 4628 4629 4630
f 4629 4631 4630
f 4632 4633 4634
f 4633 4635 4634
f 4636 4637 4638
f 4637 4639 4638
f 4640 4641 4642
f 4641 4634 4642
f 4643 4644 4645
f 4644 4638 4645
f 4646 4647 4648
f 4647 4649 4648
f 4650 4651 4652
f 4651 4653 4652
v 9.306128 22.6974 28.00475
v 6.730031 30.53039 15.79786
v 9.343484 23.24568 28.84021
v 6.767387 31.07866 16.63333
v 6.730031 30.53039 15.79786
v 4.753697 30.61568 15.83025
v 6.767387 31.07866 16.63333
v 4.542603 31.2985 16.58853
v 4.753697 30.61568 15.83025
v 7.081343 22.91723 27.95996
v 4.542603 31.2985 16.58853
v 7.118696 23.46551 28.79542
v 7.081343 22.91723 27.95996
v 9.306128 22.6974 28.00475
v 7.118696 23.46551 28.79542
v 9.343484 23.24568 28.84021
v 9.343484 23.24568 28.84021
v 6.767387 31.07866 16.63333
v 7.118696 23.46551 28.79542
v 4.542603 31.2985 16.58853
v 7.081343 22.91723 27.95996
v 4.753697 30.61568 15.83025
v 9.306128 22.6974 28.00475
v 6.730031 30.53039 15.79786
f 4654 4655 4656
f 4655 4657 4656
f 4658 4659 4660
f 4659 4661 4660
f 4662 4663 4664
f 4663 4665 4664
f 4666 4667 4668
f 4667 4669 4668
f 4670 4671 4672
f 4671 4673 4672
f 4674 4675 4676
f 4675 4677 4676
v 0 -15 -89
v 6 -15 -89
v 0 -15 -73
v 6 -15 -73
v 0 -15 -53
v 6 -15 -53
v 0 -15 -45
v 6 -15 -45
v 18 -15 -45
v 18 -15 -53
v 26 -15 -45
v 26 -15 -53
v 26 -15 -63
v 18 -15 -63
v 26 -15 -71
v 18 -15 -71
v 10 -15 -71
v 10 -15 -63
v 8 -15 -71
v 8 -15 -63
v 0 -15 -45
v 6 -15 -45
v 6 -5 -45
v 0 -5 -45
v 6 5 -45
v 0 5 -45
v 6 -15 -73
v 6 -15 -89
v 6 -8 -89
v 6 -8 -73
v 6 -1 -89
v 6 -1 -73
v 6 -8 -89
v 0 -15 -89
v 0 -8 -89
v 6 -15 -89
v 6 -1 -99
v 0 -8 -99
v 0 -1 -99
v 6 -8 -99
v 0 -8 -89
v 0 -15 -73
v 0 -8 -73
v 0 -15 -89
v 0 -1 -89
v 0 -1 -73
v 0 -15 -53
v 0 -5 -53
v 0 5 -53
v 0 -15 -45
v 0 -5 -45
v 0 5 -45
v 6 -15 -53
v 6 -5 -53
v 6 5 -53
v 26 -15 -45
v 26 -15 -53
v 26 -3 -53
v 26 -3 -45
v 26 9 -53
v 26 9 -45
v 18 -3 -53
v 18 -15 -53
v 6 -5 -53
v 6 -15 -53
v 18 9 -53
v 6 5 -53
v 18 -3 -45
v 18 9 -45
v 18 -15 -45
v 26 -1 -71
v 18 -15 -71
v 18 -1 -71
v 26 -15 -71
v 26 13 -71
v 18 13 -71
v 26 -3 -45
v 26 9 -45
v 26 -15 -45
v 18 -1 -63
v 18 -15 -63
v 18 -3 -53
v 18 -15 -53
v 18 13 -63
v 18 9 -53
v 26 -1 -63
v 26 13 -63
v 26 -15 -63
v 8 7 -71
v 8 -15 -63
v 8 9 -63
v 8 -15 -71
v -14 13 -71
v -14 9 -63
v -14 13 -63
v -14 7 -71
v 26 -1 -71
v 26 13 -71
v 26 -15 -71
v 10 -15 -63
v 18 -15 -63
v 18 -1 -63
v 10 -1 -63
v 18 13 -63
v 10 13 -63
v 10 -1 -71
v 10 13 -71
v 10 -15 -71
v 8 -15 -63
v 8 9 -63
v 8 13 -63
v 8 7 -71
v 8 13 -71
v 8 -15 -71
v -2 9 -63
v -2 13 -63
v -14 9 -63
v -14 13 -63
v -2 13 -71
v -2 7 -71
v -14 13 -71
v -14 7 -71
v -2 -15 -71
v -2 -15 -63
v -14 -15 -71
v -14 -15 -63
v -2 7 -71
v -2 9 -63
v -2 -15 -71
v -2 -15 -63
v -14 -15 -71
v -2 -15 -71
v -2 -15 -63
v -14 -15 -63
v -14 -15 -63
v -14 -15 -71
v 6 10 -63
v 6 13 -63
v 6 8 -71
v 6 13 -71
v 6 10 -63
v 8 7 -71
v 8 9 -63
v 6 8 -71
v 0 10 -63
v 0 13 -63
v 0 13 -71
v 0 8 -71
v 0 10 -63
v 6 8 -71
v 6 10 -63
v 0 8 -71
v -2 9 -63
v 0 8 -71
v 0 10 -63
v -2 7 -71
v 0 -8 -93
v 0 -1 -93
v 6 -1 -93
v 6 -8 -93
v 6 -8 -89
v 0 -8 -89
v 6 -8 -93
v 0 -8 -93
v -14 -11 -93
v -14 -4 -93
v -14 -11 -99
v -14 -4 -99
v 6 -1 -99
v 6 -8 -99
v 6 -8 -99
v 0 -8 -99
v 0 -8 -93
v 0 -1 -93
v -14 -11 -93
v -14 -4 -93
v 0 -8 -99
v 0 -8 -93
v -14 -11 -99
v -14 -11 -93
v -14 -4 -99
v -14 -11 -99
v 0 -1 -73
v 6 -1 -73
v 0 -1 -89
v 6 -1 -89
v 6 -1 -73
v 0 -1 -73
v 0 5 -53
v 6 5 -53
v 6 5 -53
v 0 5 -53
v 0 5 -45
v 6 5 -45
v 6 5 -53
v 6 5 -45
v 18 9 -53
v 18 9 -45
v 18 9 -53
v 18 9 -45
v 26 9 -53
v 26 9 -45
v 18 9 -53
v 26 9 -53
v 18 13 -63
v 26 13 -63
v 18 13 -63
v 26 13 -63
v 18 13 -71
v 26 13 -71
v 10 13 -63
v 10 13 -71
v 8 13 -63
v 8 13 -71
v -2 13 -63
v -2 13 -71
v -14 13 -63
v -14 13 -71
v 6 13 -71
v 6 13 -63
v 0 13 -71
v 0 13 -63
v 0 -1 -93
v 6 -1 -93
v 0 -1 -99
v 6 -1 -99
v 0 -1 -93
v 0 -1 -99
v -14 -4 -93
v -14 -4 -99
f 4678 4679 4680
f 4679 4681 4680
f 4682 4681 4683
f 4682 4680 4681
f 4684 4683 4685
f 4684 4682 4683
f 4685 4683 4686
f 4683 4687 4686
f 4686 4687 4688
f 4687 4689 4688
f 4689 4687 4690
f 4687 4691 4690
f 4690 4691 4692
f 4691 4693 4692
f 4693 4691 4694
f 4691 4695 4694
f 4694 4695 4696
f 4695 4697 4696
f 4698 4699 4700
f 4701 4698 4700
f 4701 4700 4702
f 4703 4701 4702
f 4704 4705 4706
f 4707 4704 4706
f 4707 4706 4708
f 4709 4707 4708
f 4710 4711 4712
f 4710 4713 4711
f 4714 4715 4716
f 4714 4717 4715
f 4718 4719 4720
f 4718 4721 4719
f 4722 4720 4723
f 4722 4718 4720
f 4720 4724 4725
f 4720 4719 4724
f 4723 4725 4726
f 4723 4720 4725
f 4725 4727 4728
f 4725 4724 4727
f 4726 4728 4729
f 4726 4725 4728
f 4730 4704 4707
f 4731 4730 4707
f 4731 4707 4709
f 4732 4731 4709
f 4733 4734 4735
f 4736 4733 4735
f 4736 4735 4737
f 4738 4736 4737
f 4739 4740 4741
f 4740 4742 4741
f 4743 4739 4744
f 4739 4741 4744
f 4702 4700 4745
f 4702 4745 4746
f 4700 4699 4747
f 4700 4747 4745
f 4748 4749 4750
f 4748 4751 4749
f 4752 4750 4753
f 4752 4748 4750
f 4745 4754 4755
f 4746 4745 4755
f 4747 4756 4754
f 4745 4747 4754
f 4757 4758 4759
f 4758 4760 4759
f 4761 4757 4762
f 4757 4759 4762
f 4737 4735 4763
f 4737 4763 4764
f 4735 4734 4765
f 4735 4765 4763
f 4766 4767 4768
f 4766 4769 4767
f 4770 4771 4772
f 4770 4773 4771
f 4763 4774 4775
f 4764 4763 4775
f 4765 4776 4774
f 4763 4765 4774
f 4777 4778 4779
f 4780 4777 4779
f 4780 4779 4781
f 4782 4780 4781
f 4753 4783 4784
f 4753 4750 4783
f 4750 4785 4783
f 4750 4749 4785
f 4786 4777 4780
f 4787 4786 4780
f 4787 4780 4782
f 4788 4787 4782
f 4784 4789 4790
f 4784 4783 4789
f 4783 4791 4789
f 4783 4785 4791
f 4792 4793 4794
f 4793 4795 4794
f 4796 4797 4798
f 4797 4799 4798
f 4800 4801 4802
f 4801 4803 4802
f 4804 4805 4806
f 4805 4807 4806
f 4799 4797 4808
f 4797 4809 4808
f 4792 4794 4810
f 4794 4811 4810
f 4771 4773 4812
f 4773 4813 4812
f 4814 4787 4788
f 4815 4814 4788
f 4790 4816 4817
f 4790 4789 4816
f 4818 4819 4820
f 4818 4821 4819
f 4792 4822 4823
f 4793 4792 4823
f 4822 4814 4815
f 4823 4822 4815
f 4824 4797 4796
f 4824 4825 4797
f 4817 4825 4824
f 4817 4816 4825
f 4826 4827 4828
f 4826 4829 4827
f 4830 4831 4832
f 4830 4833 4831
f 4718 4722 4834
f 4722 4835 4834
f 4708 4706 4836
f 4706 4837 4836
f 4838 4839 4840
f 4839 4841 4840
f 4842 4843 4844
f 4843 4845 4844
f 4836 4837 4846
f 4837 4847 4846
f 4840 4841 4848
f 4841 4849 4848
f 4850 4851 4852
f 4851 4853 4852
f 4854 4855 4856
f 4855 4857 4856
f 4716 4715 4858
f 4715 4859 4858
f 4860 4861 4862
f 4861 4863 4862
f 4864 4865 4866
f 4867 4864 4866
f 4868 4869 4870
f 4871 4868 4870
f 4872 4873 4874
f 4873 4875 4874
f 4876 4877 4878
f 4877 4879 4878
f 4880 4881 4882
f 4881 4883 4882
f 4884 4885 4886
f 4885 4887 4886
f 4884 4886 4888
f 4886 4889 4888
f 4888 4889 4890
f 4889 4891 4890
f 4892 4893 4894
f 4893 4895 4894
f 4891 4896 4897
f 4890 4891 4897
f 4896 4898 4899
f 4897 4896 4899
f 4898 4893 4892
f 4899 4898 4892
f 4862 4863 4900
f 4863 4901 4900
f 4900 4901 4902
f 4901 4903 4902
f 4904 4905 4906
f 4905 4907 4906
v -10 -15 -74
v -4 -15 -74
v -10 -1 -74
v -4 -1 -74
v -4 -15 -74
v -4 -15 -80
v -4 -1 -74
v -4 -1 -80
v -4 -15 -80
v -10 -15 -80
v -4 -1 -80
v -10 -1 -80
v -10 -15 -80
v -10 -15 -74
v -10 -1 -80
v -10 -1 -74
v -10 -15 -80
v -4 -15 -80
v -10 -15 -74
v -4 -15 -74
v -10 -1 -74
v -4 -1 -74
v -10 -1 -80
v -4 -1 -80
f 4908 4909 4910
f 4909 4911 4910
f 4912 4913 4914
f 4913 4915 4914
f 4916 4917 4918
f 4917 4919 4918
f 4920 4921 4922
f 4921 4923 4922
f 4924 4925 4926
f 4925 4927 4926
f 4928 4929 4930
f 4929 4931 4930
v -25 -11 -74
v -21 -11 -74
v -25 3 -74
v -21 3 -74
v -21 -11 -74
v -21 -11 -78
v -21 3 -74
v -21 3 -78
v -21 -11 -78
v -25 -11 -78
v -21 3 -78
v -25 3 -78
v -25 -11 -78
v -25 -11 -74
v -25 3 -78
v -25 3 -74
v -25 3 -74
v -21 3 -74
v -25 3 -78
v -21 3 -78
v -25 -11 -78
v -21 -11 -78
v -25 -11 -74
v -21 -11 -74
f 4932 4933 4934
f 4933 4935 4934
f 4936 4937 4938
f 4937 4939 4938
f 4940 4941 4942
f 4941 4943 4942
f 4944 4945 4946
f 4945 4947 4946
f 4948 4949 4950
f 4949 4951 4950
f 4952 4953 4954
f 4953 4955 4954
v -49 -16 -80
v -45 -16 -80
v -49 -2 -80
v -45 -2 -80
v -45 -16 -80
v -45 -16 -84
v -45 -2 -80
v -45 -2 -84
v -45 -16 -84
v -49 -16 -84
v -45 -2 -84
v -49 -2 -84
v -49 -16 -84
v -49 -16 -80
v -49 -2 -84
v -49 -2 -80
v -49 -2 -80
v -45 -2 -80
v -49 -2 -84
v -45 -2 -84
v -49 -16 -84
v -45 -16 -84
v -49 -16 -80
v -45 -16 -80
f 4956 4957 4958
f 4957 4959 4958
f 4960 4961 4962
f 4961 4963 4962
f 4964 4965 4966
f 4965 4967 4966
f 4968 4969 4970
f 4969 4971 4970
f 4972 4973 4974
f 4973 4975 4974
f 4976 4977 4978
f 4977 4979 4978
v -55 -11 -74
v -51 -11 -74
v -55 3 -74
v -51 3 -74
v -51 -11 -74
v -51 -11 -78
v -51 3 -74
v -51 3 -78
v -51 -11 -78
v -55 -11 -78
v -51 3 -78
v -55 3 -78
v -55 -11 -78
v -55 -11 -74
v -55 3 -78
v -55 3 -74
v -55 3 -74
v -51 3 -74
v -55 3 -78
v -51 3 -78
v -55 -11 -78
v -51 -11 -78
v -55 -11 -74
v -51 -11 -74
f 4980 4981 4982
f 4981 4983 4982
f 4984 4985 4986
f 4985 4987 4986
f 4988 4989 4990
f 4989 4991 4990
f 4992 4993 4994
f 4993 4995 4994
f 4996 4997 4998
f 4997 4999 4998
f 5000 5001 5002
f 5001 5003 5002
v -25 -16 -80
v -21 -16 -80
v -25 -2 -80
v -21 -2 -80
v -21 -16 -80
v -21 -16 -84
v -21 -2 -80
v -21 -2 -84
v -21 -16 -84
v -25 -16 -84
v -21 -2 -84
v -25 -2 -84
v -25 -16 -84
v -25 -16 -80
v -25 -2 -84
v -25 -2 -80
v -25 -2 -80
v -21 -2 -80
v -25 -2 -84
v -21 -2 -84
v -25 -16 -84
v -21 -16 -84
v -25 -16 -80
v -21 -16 -80
f 5004 5005 5006
f 5005 5007 5006
f 5008 5009 5010
f 5009 5011 5010
f 5012 5013 5014
f 5013 5015 5014
f 5016 5017 5018
f 5017 5019 5018
f 5020 5021 5022
f 5021 5023 5022
f 5024 5025 5026
f 5025 5027 5026
v -10 -15 -84
v -4 -15 -84
v -10 -1 -84
v -4 -1 -84
v -4 -15 -84
v -4 -15 -90
v -4 -1 -84
v -4 -1 -90
v -4 -15 -90
v -10 -15 -90
v -4 -1 -90
v -10 -1 -90
v -10 -15 -90
v -10 -15 -84
v -10 -1 -90
v -10 -1 -84
v -10 -15 -90
v -4 -15 -90
v -10 -15 -84
v -4 -15 -84
v -10 -1 -84
v -4 -1 -84
v -10 -1 -90
v -4 -1 -90
f 5028 5029 5030
f 5029 5031 5030
f 5032 5033 5034
f 5033 5035 5034
f 5036 5037 5038
f 5037 5039 5038
f 5040 5041 5042
f 5041 5043 5042
f 5044 5045 5046
f 5045 5047 5046
f 5048 5049 5050
f 5049 5051 5050
v -43 -16 -80
v -39 -16 -80
v -43 -2 -80
v -39 -2 -80
v -39 -16 -80
v -39 -16 -84
v -39 -2 -80
v -39 -2 -84
v -39 -16 -84
v -43 -16 -84
v -39 -2 -84
v -43 -2 -84
v -43 -16 -84
v -43 -16 -80
v -43 -2 -84
v -43 -2 -80
v -43 -2 -80
v -39 -2 -80
v -43 -2 -84
v -39 -2 -84
v -43 -16 -84
v -39 -16 -84
v -43 -16 -80
v -39 -16 -80
f 5052 5053 5054
f 5053 5055 5054
f 5056 5057 5058
f 5057 5059 5058
f 5060 5061 5062
f 5061 5063 5062
f 5064 5065 5066
f 5065 5067 5066
f 5068 5069 5070
f 5069 5071 5070
f 5072 5073 5074
f 5073 5075 5074
v -31 -16 -80
v -27 -16 -80
v -31 -2 -80
v -27 -2 -80
v -27 -16 -80
v -27 -16 -84
v -27 -2 -80
v -27 -2 -84
v -27 -16 -84
v -31 -16 -84
v -27 -2 -84
v -31 -2 -84
v -31 -16 -84
v -31 -16 -80
v -31 -2 -84
v -31 -2 -80
v -31 -2 -80
v -27 -2 -80
v -31 -2 -84
v -27 -2 -84
v -31 -16 -84
v -27 -16 -84
v -31 -16 -80
v -27 -16 -80
f 5076 5077 5078
f 5077 5079 5078
f 5080 5081 5082
f 5081 5083 5082
f 5084 5085 5086
f 5085 5087 5086
f 5088 5089 5090
f 5089 5091 5090
f 5092 5093 5094
f 5093 5095 5094
f 5096 5097 5098
f 5097 5099 5098
v -37 -16 -80
v -33 -16 -80
v -37 -2 -80
v -33 -2 -80
v -33 -16 -80
v -33 -16 -84
v -33 -2 -80
v -33 -2 -84
v -33 -16 -84
v -37 -16 -84
v -33 -2 -84
v -37 -2 -84
v -37 -16 -84
v -37 -16 -80
v -37 -2 -84
v -37 -2 -80
v -37 -2 -80
v -33 -2 -80
v -37 -2 -84
v -33 -2 -84
v -37 -16 -84
v -33 -16 -84
v -37 -16 -80
v -33 -16 -80
f 5100 5101 5102
f 5101 5103 5102
f 5104 5105 5106
f 5105 5107 5106
f 5108 5109 5110
f 5109 5111 5110
f 5112 5113 5114
f 5113 5115 5114
f 5116 5117 5118
f 5117 5119 5118
f 5120 5121 5122
f 5121 5123 5122
v -61 -11 -74
v -57 -11 -74
v -61 3 -74
v -57 3 -74
v -57 -11 -74
v -57 -11 -78
v -57 3 -74
v -57 3 -78
v -57 -11 -78
v -61 -11 -78
v -57 3 -78
v -61 3 -78
v -61 -11 -78
v -61 -11 -74
v -61 3 -78
v -61 3 -74
v -61 3 -74
v -57 3 -74
v -61 3 -78
v -57 3 -78
v -61 -11 -78
v -57 -11 -78
v -61 -11 -74
v -57 -11 -74
f 5124 5125 5126
f 5125 5127 5126
f 5128 5129 5130
f 5129 5131 5130
f 5132 5133 5134
f 5133 5135 5134
f 5136 5137 5138
f 5137 5139 5138
f 5140 5141 5142
f 5141 5143 5142
f 5144 5145 5146
f 5145 5147 5146
v -43 -11 -74
v -39 -11 -74
v -43 3 -74
v -39 3 -74
v -39 -11 -74
v -39 -11 -78
v -39 3 -74
v -39 3 -78
v -39 -11 -78
v -43 -11 -78
v -39 3 -78
v -43 3 -78
v -43 -11 -78
v -43 -11 -74
v -43 3 -78
v -43 3 -74
v -43 3 -74
v -39 3 -74
v -43 3 -78
v -39 3 -78
v -43 -11 -78
v -39 -11 -78
v -43 -11 -74
v -39 -11 -74
f 5148 5149 5150
f 5149 5151 5150
f 5152 5153 5154
f 5153 5155 5154
f 5156 5157 5158
f 5157 5159 5158
f 5160 5161 5162
f 5161 5163 5162
f 5164 5165 5166
f 5165 5167 5166
f 5168 5169 5170
f 5169 5171 5170
v -31 -11 -74
v -27 -11 -74
v -31 3 -74
v -27 3 -74
v -27 -11 -74
v -27 -11 -78
v -27 3 -74
v -27 3 -78
v -27 -11 -78
v -31 -11 -78
v -27 3 -78
v -31 3 -78
v -31 -11 -78
v -31 -11 -74
v -31 3 -78
v -31 3 -74
v -31 3 -74
v -27 3 -74
v -31 3 -78
v -27 3 -78
v -31 -11 -78
v -27 -11 -78
v -31 -11 -74
v -27 -11 -74
f 5172 5173 5174
f 5173 5175 5174
f 5176 5177 5178
f 5177 5179 5178
f 5180 5181 5182
f 5181 5183 5182
f 5184 5185 5186
f 5185 5187 5186
f 5188 5189 5190
f 5189 5191 5190
f 5192 5193 5194
f 5193 5195 5194
v -61 -16 -80
v -57 -16 -80
v -61 -2 -80
v -57 -2 -80
v -57 -16 -80
v -57 -16 -84
v -57 -2 -80
v -57 -2 -84
v -57 -16 -84
v -61 -16 -84
v -57 -2 -84
v -61 -2 -84
v -61 -16 -84
v -61 -16 -80
v -61 -2 -84
v -61 -2 -80
v -61 -2 -80
v -57 -2 -80
v -61 -2 -84
v -57 -2 -84
v -61 -16 -84
v -57 -16 -84
v -61 -16 -80
v -57 -16 -80
f 5196 5197 5198
f 5197 5199 5198
f 5200 5201 5202
f 5201 5203 5202
f 5204 5205 5206
f 5205 5207 5206
f 5208 5209 5210
f 5209 5211 5210
f 5212 5213 5214
f 5213 5215 5214
f 5216 5217 5218
f 5217 5219 5218
v -37 -11 -74
v -33 -11 -74
v -37 3 -74
v -33 3 -74
v -33 -11 -74
v -33 -11 -78
v -33 3 -74
v -33 3 -78
v -33 -11 -78
v -37 -11 -78
v -33 3 -78
v -37 3 -78
v -37 -11 -78
v -37 -11 -74
v -37 3 -78
v -37 3 -74
v -37 3 -74
v -33 3 -74
v -37 3 -78
v -33 3 -78
v -37 -11 -78
v -33 -11 -78
v -37 -11 -74
v -33 -11 -74
f 5220 5221 5222
f 5221 5223 5222
f 5224 5225 5226
f 5225 5227 5226
f 5228 5229 5230
f 5229 5231 5230
f 5232 5233 5234
f 5233 5235 5234
f 5236 5237 5238
f 5237 5239 5238
f 5240 5241 5242
f 5241 5243 5242
v -49 -11 -74
v -45 -11 -74
v -49 3 -74
v -45 3 -74
v -45 -11 -74
v -45 -11 -78
v -45 3 -74
v -45 3 -78
v -45 -11 -78
v -49 -11 -78
v -45 3 -78
v -49 3 -78
v -49 -11 -78
v -49 -11 -74
v -49 3 -78
v -49 3 -74
v -49 3 -74
v -45 3 -74
v -49 3 -78
v -45 3 -78
v -49 -11 -78
v -45 -11 -78
v -49 -11 -74
v -45 -11 -74
f 5244 5245 5246
f 5245 5247 5246
f 5248 5249 5250
f 5249 5251 5250
f 5252 5253 5254
f 5253 5255 5254
f 5256 5257 5258
f 5257 5259 5258
f 5260 5261 5262
f 5261 5263 5262
f 5264 5265 5266
f 5265 5267 5266
v -55 -16 -80
v -51 -16 -80
v -55 -2 -80
v -51 -2 -80
v -51 -16 -80
v -51 -16 -84
v -51 -2 -80
v -51 -2 -84
v -51 -16 -84
v -55 -16 -84
v -51 -2 -84
v -55 -2 -84
v -55 -16 -84
v -55 -16 -80
v -55 -2 -84
v -55 -2 -80
v -55 -2 -80
v -51 -2 -80
v -55 -2 -84
v -51 -2 -84
v -55 -16 -84
v -51 -16 -84
v -55 -16 -80
v -51 -16 -80
f 5268 5269 5270
f 5269 5271 5270
f 5272 5273 5274
f 5273 5275 5274
f 5276 5277 5278
f 5277 5279 5278
f 5280 5281 5282
f 5281 5283 5282
f 5284 5285 5286
f 5285 5287 5286
f 5288 5289 5290
f 5289 5291 5290
v 58 27.5 60
v 63 27.5 62
v 63 28.5 62
v 58 28.5 60
v 63 27.5 62
v 68 27.5 60
v 68 28.5 60
v 63 28.5 62
v 68 28.5 50
v 63 27.5 48
v 63 28.5 48
v 68 27.5 50
v 63 28.5 48
v 58 27.5 50
v 58 28.5 50
v 63 27.5 48
v 62.5 27.5 54.5
v 58 27.5 50
v 63 27.5 48
v 63 27.5 54.5
v 63.5 27.5 54.5
v 68 27.5 50
v 63 27.5 62
v 63.5 27.5 55.5
v 68 27.5 60
v 63 27.5 55.5
v 58 27.5 60
v 62.5 27.5 55.5
v 68 27.5 60
v 70 27.5 55
v 70 28.5 55
v 68 28.5 60
v 70 27.5 55
v 68 27.5 50
v 68 28.5 50
v 70 28.5 55
v 58 28.5 50
v 56 27.5 55
v 56 28.5 55
v 58 27.5 50
v 56 28.5 55
v 58 27.5 60
v 58 28.5 60
v 56 27.5 55
v 56 27.5 55
v 62.5 27.5 55
v 70 27.5 55
v 63.5 27.5 55
v 63 28.5 48
v 58 28.5 50
v 56 28.5 55
v 63 28.5 55
v 58 28.5 60
v 63 28.5 62
v 68 28.5 50
v 70 28.5 55
v 68 28.5 60
v 63 27.5 54.5
v 62.5 18.5 54.5
v 62.5 27.5 54.5
v 63 18.5 54.5
v 63.5 27.5 54.5
v 63.5 18.5 54.5
v 63 18.5 55.5
v 63.5 18.5 55.5
v 63.5 27.5 55.5
v 63 27.5 55.5
v 62.5 18.5 55.5
v 62.5 27.5 55.5
v 62.5 27.5 55
v 62.5 18.5 55.5
v 62.5 27.5 55.5
v 62.5 18.5 55
v 62.5 27.5 54.5
v 62.5 18.5 54.5
v 63.5 18.5 55
v 63.5 18.5 54.5
v 63.5 27.5 54.5
v 63.5 27.5 55
v 63.5 18.5 55.5
v 63.5 27.5 55.5
v 62.5 18.5 55
v 63 18.5 54.5
v 63 18.5 55
v 62.5 18.5 54.5
v 62.5 18.5 55.5
v 63 18.5 55.5
v 63.5 18.5 54.5
v 63.5 18.5 55
v 63.5 18.5 55.5
f 5292 5293 5294
f 5295 5292 5294
f 5296 5297 5298
f 5299 5296 5298
f 5300 5301 5302
f 5300 5303 5301
f 5304 5305 5306
f 5304 5307 5305
f 5308 5309 5310
f 5308 5310 5311
f 5312 5311 5310
f 5313 5312 5310
f 5314 5315 5316
f 5314 5317 5315
f 5318 5319 5314
f 5319 5317 5314
f 5320 5321 5322
f 5323 5320 5322
f 5324 5325 5326
f 5327 5324 5326
f 5328 5329 5330
f 5328 5331 5329
f 5332 5333 5334
f 5332 5335 5333
f 5318 5336 5319
f 5336 5337 5319
f 5336 5308 5337
f 5336 5309 5308
f 5338 5339 5312
f 5338 5312 5313
f 5315 5338 5316
f 5315 5339 5338
f 5340 5341 5342
f 5343 5340 5342
f 5343 5342 5344
f 5345 5343 5344
f 5346 5340 5343
f 5347 5346 5343
f 5347 5343 5345
f 5348 5347 5345
f 5349 5350 5351
f 5349 5352 5350
f 5353 5352 5349
f 5353 5354 5352
f 5355 5356 5357
f 5358 5355 5357
f 5359 5355 5358
f 5360 5359 5358
f 5361 5362 5363
f 5361 5364 5362
f 5365 5364 5361
f 5365 5366 5364
f 5367 5368 5369
f 5370 5367 5369
f 5371 5367 5370
f 5372 5371 5370
f 5373 5374 5375
f 5373 5376 5374
f 5377 5375 5378
f 5377 5373 5375
f 5375 5379 5380
f 5375 5374 5379
f 5378 5380 5381
f 5378 5375 5380
v 58 27.5 42
v 63 27.5 44
v 63 28.5 44
v 58 28.5 42
v 63 27.5 44
v 68 27.5 42
v 68 28.5 42
v 63 28.5 44
v 68 28.5 32
v 63 27.5 30
v 63 28.5 30
v 68 27.5 32
v 63 28.5 30
v 58 27.5 32
v 58 28.5 32
v 63 27.5 30
v 62.5 27.5 36.5
v 58 27.5 32
v 63 27.5 30
v 63 27.5 36.5
v 63.5 27.5 36.5
v 68 27.5 32
v 63 27.5 44
v 63.5 27.5 37.5
v 68 27.5 42
v 63 27.5 37.5
v 58 27.5 42
v 62.5 27.5 37.5
v 68 27.5 42
v 70 27.5 37
v 70 28.5 37
v 68 28.5 42
v 70 27.5 37
v 68 27.5 32
v 68 28.5 32
v 70 28.5 37
v 58 28.5 32
v 56 27.5 37
v 56 28.5 37
v 58 27.5 32
v 56 28.5 37
v 58 27.5 42
v 58 28.5 42
v 56 27.5 37
v 56 27.5 37
v 62.5 27.5 37
v 70 27.5 37
v 63.5 27.5 37
v 63 28.5 30
v 58 28.5 32
v 56 28.5 37
v 63 28.5 37
v 58 28.5 42
v 63 28.5 44
v 68 28.5 32
v 70 28.5 37
v 68 28.5 42
v 63 27.5 36.5
v 62.5 18.5 36.5
v 62.5 27.5 36.5
v 63 18.5 36.5
v 63.5 27.5 36.5
v 63.5 18.5 36.5
v 63 18.5 37.5
v 63.5 18.5 37.5
v 63.5 27.5 37.5
v 63 27.5 37.5
v 62.5 18.5 37.5
v 62.5 27.5 37.5
v 62.5 27.5 37
v 62.5 18.5 37.5
v 62.5 27.5 37.5
v 62.5 18.5 37
v 62.5 27.5 36.5
v 62.5 18.5 36.5
v 63.5 18.5 37
v 63.5 18.5 36.5
v 63.5 27.5 36.5
v 63.5 27.5 37
v 63.5 18.5 37.5
v 63.5 27.5 37.5
v 62.5 18.5 37
v 63 18.5 36.5
v 63 18.5 37
v 62.5 18.5 36.5
v 62.5 18.5 37.5
v 63 18.5 37.5
v 63.5 18.5 36.5
v 63.5 18.5 37
v 63.5 18.5 37.5
f 5382 5383 5384
f 5385 5382 5384
f 5386 5387 5388
f 5389 5386 5388
f 5390 5391 5392
f 5390 5393 5391
f 5394 5395 5396
f 5394 5397 5395
f 5398 5399 5400
f 5398 5400 5401
f 5402 5401 5400
f 5403 5402 5400
f 5404 5405 5406
f 5404 5407 5405
f 5408 5409 5404
f 5409 5407 5404
f 5410 5411 5412
f 5413 5410 5412
f 5414 5415 5416
f 5417 5414 5416
f 5418 5419 5420
f 5418 5421 5419
f 5422 5423 5424
f 5422 5425 5423
f 5408 5426 5409
f 5426 5427 5409
f 5426 5398 5427
f 5426 5399 5398
f 5428 5429 5402
f 5428 5402 5403
f 5405 5428 5406
f 5405 5429 5428
f 5430 5431 5432
f 5433 5430 5432
f 5433 5432 5434
f 5435 5433 5434
f 5436 5430 5433
f 5437 5436 5433
f 5437 5433 5435
f 5438 5437 5435
f 5439 5440 5441
f 5439 5442 5440
f 5443 5442 5439
f 5443 5444 5442
f 5445 5446 5447
f 5448 5445 5447
f 5449 5445 5448
f 5450 5449 5448
f 5451 5452 5453
f 5451 5454 5452
f 5455 5454 5451
f 5455 5456 5454
f 5457 5458 5459
f 5460 5457 5459
f 5461 5457 5460
f 5462 5461 5460
f 5463 5464 5465
f 5463 5466 5464
f 5467 5465 5468
f 5467 5463 5465
f 5465 5469 5470
f 5465 5464 5469
f 5468 5470 5471
f 5468 5465 5470
v 41 27.5 51
v 46 27.5 53
v 46 28.5 53
v 41 28.5 51
v 46 27.5 53
v 51 27.5 51
v 51 28.5 51
v 46 28.5 53
v 51 28.5 41
v 46 27.5 39
v 46 28.5 39
v 51 27.5 41
v 46 28.5 39
v 41 27.5 41
v 41 28.5 41
v 46 27.5 39
v 45.5 27.5 45.5
v 41 27.5 41
v 46 27.5 39
v 46 27.5 45.5
v 46.5 27.5 45.5
v 51 27.5 41
v 46 27.5 53
v 46.5 27.5 46.5
v 51 27.5 51
v 46 27.5 46.5
v 41 27.5 51
v 45.5 27.5 46.5
v 51 27.5 51
v 53 27.5 46
v 53 28.5 46
v 51 28.5 51
v 53 27.5 46
v 51 27.5 41
v 51 28.5 41
v 53 28.5 46
v 41 28.5 41
v 39 27.5 46
v 39 28.5 46
v 41 27.5 41
v 39 28.5 46
v 41 27.5 51
v 41 28.5 51
v 39 27.5 46
v 39 27.5 46
v 45.5 27.5 46
v 53 27.5 46
v 46.5 27.5 46
v 46 28.5 39
v 41 28.5 41
v 39 28.5 46
v 46 28.5 46
v 41 28.5 51
v 46 28.5 53
v 51 28.5 41
v 53 28.5 46
v 51 28.5 51
v 46 27.5 45.5
v 45.5 18.5 45.5
v 45.5 27.5 45.5
v 46 18.5 45.5
v 46.5 27.5 45.5
v 46.5 18.5 45.5
v 46 18.5 46.5
v 46.5 18.5 46.5
v 46.5 27.5 46.5
v 46 27.5 46.5
v 45.5 18.5 46.5
v 45.5 27.5 46.5
v 45.5 27.5 46
v 45.5 18.5 46.5
v 45.5 27.5 46.5
v 45.5 18.5 46
v 45.5 27.5 45.5
v 45.5 18.5 45.5
v 46.5 18.5 46
v 46.5 18.5 45.5
v 46.5 27.5 45.5
v 46.5 27.5 46
v 46.5 18.5 46.5
v 46.5 27.5 46.5
v 45.5 18.5 46
v 46 18.5 45.5
v 46 18.5 46
v 45.5 18.5 45.5
v 45.5 18.5 46.5
v 46 18.5 46.5
v 46.5 18.5 45.5
v 46.5 18.5 46
v 46.5 18.5 46.5
f 5472 5473 5474
f 5475 5472 5474
f 5476 5477 5478
f 5479 5476 5478
f 5480 5481 5482
f 5480 5483 5481
f 5484 5485 5486
f 5484 5487 5485
f 5488 5489 5490
f 5488 5490 5491
f 5492 5491 5490
f 5493 5492 5490
f 5494 5495 5496
f 5494 5497 5495
f 5498 5499 5494
f 5499 5497 5494
f 5500 5501 5502
f 5503 5500 5502
f 5504 5505 5506
f 5507 5504 5506
f 5508 5509 5510
f 5508 5511 5509
f 5512 5513 5514
f 5512 5515 5513
f 5498 5516 5499
f 5516 5517 5499
f 5516 5488 5517
f 5516 5489 5488
f 5518 5519 5492
f 5518 5492 5493
f 5495 5518 5496
f 5495 5519 5518
f 5520 5521 5522
f 5523 5520 5522
f 5523 5522 5524
f 5525 5523 5524
f 5526 5520 5523
f 5527 5526 5523
f 5527 5523 5525
f 5528 5527 5525
f 5529 5530 5531
f 5529 5532 5530
f 5533 5532 5529
f 5533 5534 5532
f 5535 5536 5537
f 5538 5535 5537
f 5539 5535 5538
f 5540 5539 5538
f 5541 5542 5543
f 5541 5544 5542
f 5545 5544 5541
f 5545 5546 5544
f 5547 5548 5549
f 5550 5547 5549
f 5551 5547 5550
f 5552 5551 5550
f 5553 5554 5555
f 5553 5556 5554
f 5557 5555 5558
f 5557 5553 5555
f 5555 5559 5560
f 5555 5554 5559
f 5558 5560 5561
f 5558 5555 5560
v 63.375 29.37423 30
v 63.375 29.37577 44
v 63.25 29.125 30
v 63.25 29.125 44
v 63.25 29.125 30
v 63.25 29.125 44
v 63 29 30
v 63 29 44
v 63 29 30
v 63 29 44
v 62.75 29.125 30
v 62.75 29.125 44
v 62.75 29.125 30
v 62.75 29.125 44
v 62.625 29.37423 30
v 62.625 29.37577 44
v 62.625 29.37423 30
v 62.625 29.37577 44
v 62.75 29.625 30
v 62.75 29.625 44
v 62.75 29.625 30
v 62.75 29.625 44
v 63 29.75 30
v 63 29.75 44
v 63 29.75 30
v 63 29.75 44
v 63.25 29.625 30
v 63.25 29.625 44
v 63.25 29.625 30
v 63.25 29.625 44
v 63.375 29.37423 30
v 63.375 29.37577 44
v 63.25 29.125 30
v 63 29.37423 30
v 63.375 29.37423 30
v 63 29 30
v 62.75 29.125 30
v 62.625 29.37423 30
v 62.75 29.625 30
v 63 29.75 30
v 63.25 29.625 30
v 63.375 29.37577 44
v 63 29.37577 44
v 63.25 29.125 44
v 63 29 44
v 62.75 29.125 44
v 62.625 29.37577 44
v 62.75 29.625 44
v 63 29.75 44
v 63.25 29.625 44
f 5562 5563 5564
f 5563 5565 5564
f 5566 5567 5568
f 5567 5569 5568
f 5570 5571 5572
f 5571 5573 5572
f 5574 5575 5576
f 5575 5577 5576
f 5578 5579 5580
f 5579 5581 5580
f 5582 5583 5584
f 5583 5585 5584
f 5586 5587 5588
f 5587 5589 5588
f 5590 5591 5592
f 5591 5593 5592
f 5594 5595 5596
f 5597 5595 5594
f 5598 5595 5597
f 5599 5595 5598
f 5600 5595 5599
f 5601 5595 5600
f 5602 5595 5601
f 5596 5595 5602
f 5603 5604 5605
f 5605 5604 5606
f 5606 5604 5607
f 5607 5604 5608
f 5608 5604 5609
f 5609 5604 5610
f 5610 5604 5611
f 5611 5604 5603
v 63.375 29.37423 48
v 63.375 29.37577 62
v 63.25 29.125 48
v 63.25 29.125 62
v 63.25 29.125 48
v 63.25 29.125 62
v 63 29 48
v 63 29 62
v 63 29 48
v 63 29 62
v 62.75 29.125 48
v 62.75 29.125 62
v 62.75 29.125 48
v 62.75 29.125 62
v 62.625 29.37423 48
v 62.625 29.37577 62
v 62.625 29.37423 48
v 62.625 29.37577 62
v 62.75 29.625 48
v 62.75 29.625 62
v 62.75 29.625 48
v 62.75 29.625 62
v 63 29.75 48
v 63 29.75 62
v 63 29.75 48
v 63 29.75 62
v 63.25 29.625 48
v 63.25 29.625 62
v 63.25 29.625 48
v 63.25 29.625 62
v 63.375 29.37423 48
v 63.375 29.37577 62
v 63.25 29.125 48
v 63 29.37423 48
v 63.375 29.37423 48
v 63 29 48
v 62.75 29.125 48
v 62.625 29.37423 48
v 62.75 29.625 48
v 63 29.75 48
v 63.25 29.625 48
v 63.375 29.37577 62
v 63 29.37577 62
v 63.25 29.125 62
v 63 29 62
v 62.75 29.125 62
v 62.625 29.37577 62
v 62.75 29.625 62
v 63 29.75 62
v 63.25 29.625 62
f 5612 5613 5614
f 5613 5615 5614
f 5616 5617 5618
f 5617 5619 5618
f 5620 5621 5622
f 5621 5623 5622
f 5624 5625 5626
f 5625 5627 5626
f 5628 5629 5630
f 5629 5631 5630
f 5632 5633 5634
f 5633 5635 5634
f 5636 5637 5638
f 5637 5639 5638
f 5640 5641 5642
f 5641 5643 5642
f 5644 5645 5646
f 5647 5645 5644
f 5648 5645 5647
f 5649 5645 5648
f 5650 5645 5649
f 5651 5645 5650
f 5652 5645 5651
f 5646 5645 5652
f 5653 5654 5655
f 5655 5654 5656
f 5656 5654 5657
f 5657 5654 5658
f 5658 5654 5659
f 5659 5654 5660
f 5660 5654 5661
f 5661 5654 5653
v 46.375 29.37423 39
v 46.375 29.37577 53
v 46.25 29.125 39
v 46.25 29.125 53
v 46.25 29.125 39
v 46.25 29.125 53
v 46 29 39
v 46 29 53
v 46 29 39
v 46 29 53
v 45.75 29.125 39
v 45.75 29.125 53
v 45.75 29.125 39
v 45.75 29.125 53
v 45.625 29.37423 39
v 45.625 29.37577 53
v 45.625 29.37423 39
v 45.625 29.37577 53
v 45.75 29.625 39
v 45.75 29.625 53
v 45.75 29.625 39
v 45.75 29.625 53
v 46 29.75 39
v 46 29.75 53
v 46 29.75 39
v 46 29.75 53
v 46.25 29.625 39
v 46.25 29.625 53
v 46.25 29.625 39
v 46.25 29.625 53
v 46.375 29.37423 39
v 46.375 29.37577 53
v 46.25 29.125 39
v 46 29.37423 39
v 46.375 29.37423 39
v 46 29 39
v 45.75 29.125 39
v 45.625 29.37423 39
v 45.75 29.625 39
v 46 29.75 39
v 46.25 29.625 39
v 46.375 29.37577 53
v 46 29.37577 53
v 46.25 29.125 53
v 46 29 53
v 45.75 29.125 53
v 45.625 29.37577 53
v 45.75 29.625 53
v 46 29.75 53
v 46.25 29.625 53
f 5662 5663 5664
f 5663 5665 5664
f 5666 5667 5668
f 5667 5669 5668
f 5670 5671 5672
f 5671 5673 5672
f 5674 5675 5676
f 5675 5677 5676
f 5678 5679 5680
f 5679 5681 5680
f 5682 5683 5684
f 5683 5685 5684
f 5686 5687 5688
f 5687 5689 5688
f 5690 5691 5692
f 5691 5693 5692
f 5694 5695 5696
f 5697 5695 5694
f 5698 5695 5697
f 5699 5695 5698
f 5700 5695 5699
f 5701 5695 5700
f 5702 5695 5701
f 5696 5695 5702
f 5703 5704 5705
f 5705 5704 5706
f 5706 5704 5707
f 5707 5704 5708
f 5708 5704 5709
f 5709 5704 5710
f 5710 5704 5711
f 5711 5704 5703
v 29.375 29.37423 48
v 29.375 29.37577 62
v 29.25 29.125 48
v 29.25 29.125 62
v 29.25 29.125 48
v 29.25 29.125 62
v 29 29 48
v 29 29 62
v 29 29 48
v 29 29 62
v 28.75 29.125 48
v 28.75 29.125 62
v 28.75 29.125 48
v 28.75 29.125 62
v 28.625 29.37423 48
v 28.625 29.37577 62
v 28.625 29.37423 48
v 28.625 29.37577 62
v 28.75 29.625 48
v 28.75 29.625 62
v 28.75 29.625 48
v 28.75 29.625 62
v 29 29.75 48
v 29 29.75 62
v 29 29.75 48
v 29 29.75 62
v 29.25 29.625 48
v 29.25 29.625 62
v 29.25 29.625 48
v 29.25 29.625 62
v 29.375 29.37423 48
v 29.375 29.37577 62
v 29.375 29.37423 48
v 29 29.37423 48
v 29.25 29.125 48
v 29.375 29.37577 62
v 29 29.37577 62
v 29.25 29.125 62
v 29.25 29.125 48
v 29 29.37423 48
v 29 29 48
v 29.25 29.125 62
v 29 29.37577 62
v 29 29 62
v 29 29 48
v 29 29.37423 48
v 28.75 29.125 48
v 29 29 62
v 29 29.37577 62
v 28.75 29.125 62
v 28.75 29.125 48
v 29 29.37423 48
v 28.625 29.37423 48
v 28.75 29.125 62
v 29 29.37577 62
v 28.625 29.37577 62
v 28.625 29.37423 48
v 29 29.37423 48
v 28.75 29.625 48
v 28.625 29.37577 62
v 29 29.37577 62
v 28.75 29.625 62
v 28.75 29.625 48
v 29 29.37423 48
v 29 29.75 48
v 28.75 29.625 62
v 29 29.37577 62
v 29 29.75 62
v 29 29.75 48
v 29 29.37423 48
v 29.25 29.625 48
v 29 29.75 62
v 29 29.37577 62
v 29.25 29.625 62
v 29.25 29.625 48
v 29 29.37423 48
v 29.375 29.37423 48
v 29.25 29.625 62
v 29 29.37577 62
v 29.375 29.37577 62
f 5712 5713 5714
f 5713 5715 5714
f 5716 5717 5718
f 5717 5719 5718
f 5720 5721 5722
f 5721 5723 5722
f 5724 5725 5726
f 5725 5727 5726
f 5728 5729 5730
f 5729 5731 5730
f 5732 5733 5734
f 5733 5735 5734
f 5736 5737 5738
f 5737 5739 5738
f 5740 5741 5742
f 5741 5743 5742
f 5746 5745 5744
f 5752 5751 5750
f 5758 5757 5756
f 5764 5763 5762
f 5770 5769 5768
f 5776 5775 5774
f 5782 5781 5780
f 5788 5787 5786
f 5747 5748 5749
f 5753 5754 5755
f 5759 5760 5761
f 5765 5766 5767
f 5771 5772 5773
f 5777 5778 5779
f 5783 5784 5785
f 5789 5790 5791
v 24 27.5 42
v 29 27.5 44
v 29 28.5 44
v 24 28.5 42
v 29 27.5 44
v 34 27.5 42
v 34 28.5 42
v 29 28.5 44
v 34 28.5 32
v 29 27.5 30
v 29 28.5 30
v 34 27.5 32
v 29 28.5 30
v 24 27.5 32
v 24 28.5 32
v 29 27.5 30
v 28.5 27.5 36.5
v 24 27.5 32
v 29 27.5 30
v 29 27.5 36.5
v 29.5 27.5 36.5
v 34 27.5 32
v 29 27.5 44
v 29.5 27.5 37.5
v 34 27.5 42
v 29 27.5 37.5
v 24 27.5 42
v 28.5 27.5 37.5
v 34 27.5 42
v 36 27.5 37
v 36 28.5 37
v 34 28.5 42
v 36 27.5 37
v 34 27.5 32
v 34 28.5 32
v 36 28.5 37
v 24 28.5 32
v 22 27.5 37
v 22 28.5 37
v 24 27.5 32
v 22 28.5 37
v 24 27.5 42
v 24 28.5 42
v 22 27.5 37
v 22 27.5 37
v 28.5 27.5 37
v 36 27.5 37
v 29.5 27.5 37
v 29 28.5 30
v 24 28.5 32
v 22 28.5 37
v 29 28.5 37
v 24 28.5 42
v 29 28.5 44
v 34 28.5 32
v 36 28.5 37
v 34 28.5 42
v 29 27.5 36.5
v 28.5 18.5 36.5
v 28.5 27.5 36.5
v 29 18.5 36.5
v 29.5 27.5 36.5
v 29.5 18.5 36.5
v 29 18.5 37.5
v 29.5 18.5 37.5
v 29.5 27.5 37.5
v 29 27.5 37.5
v 28.5 18.5 37.5
v 28.5 27.5 37.5
v 28.5 27.5 37
v 28.5 18.5 37.5
v 28.5 27.5 37.5
v 28.5 18.5 37
v 28.5 27.5 36.5
v 28.5 18.5 36.5
v 29.5 18.5 37
v 29.5 18.5 36.5
v 29.5 27.5 36.5
v 29.5 27.5 37
v 29.5 18.5 37.5
v 29.5 27.5 37.5
v 28.5 18.5 37
v 29 18.5 36.5
v 29 18.5 37
v 28.5 18.5 36.5
v 28.5 18.5 37.5
v 29 18.5 37.5
v 29.5 18.5 36.5
v 29.5 18.5 37
v 29.5 18.5 37.5
f 5792 5793 5794
f 5795 5792 5794
f 5796 5797 5798
f 5799 5796 5798
f 5800 5801 5802
f 5800 5803 5801
f 5804 5805 5806
f 5804 5807 5805
f 5808 5809 5810
f 5808 5810 5811
f 5812 5811 5810
f 5813 5812 5810
f 5814 5815 5816
f 5814 5817 5815
f 5818 5819 5814
f 5819 5817 5814
f 5820 5821 5822
f 5823 5820 5822
f 5824 5825 5826
f 5827 5824 5826
f 5828 5829 5830
f 5828 5831 5829
f 5832 5833 5834
f 5832 5835 5833
f 5818 5836 5819
f 5836 5837 5819
f 5836 5808 5837
f 5836 5809 5808
f 5838 5839 5812
f 5838 5812 5813
f 5815 5838 5816
f 5815 5839 5838
f 5840 5841 5842
f 5843 5840 5842
f 5843 5842 5844
f 5845 5843 5844
f 5846 5840 5843
f 5847 5846 5843
f 5847 5843 5845
f 5848 5847 5845
f 5849 5850 5851
f 5849 5852 5850
f 5853 5852 5849
f 5853 5854 5852
f 5855 5856 5857
f 5858 5855 5857
f 5859 5855 5858
f 5860 5859 5858
f 5861 5862 5863
f 5861 5864 5862
f 5865 5864 5861
f 5865 5866 5864
f 5867 5868 5869
f 5870 5867 5869
f 5871 5867 5870
f 5872 5871 5870
f 5873 5874 5875
f 5873 5876 5874
f 5877 5875 5878
f 5877 5873 5875
f 5875 5879 5880
f 5875 5874 5879
f 5878 5880 5881
f 5878 5875 5880
v 24 27.5 60
v 29 27.5 62
v 29 28.5 62
v 24 28.5 60
v 29 27.5 62
v 34 27.5 60
v 34 28.5 60
v 29 28.5 62
v 34 27.5 50
v 29 27.5 48
v 29 28.5 48
v 34 28.5 50
v 29 27.5 48
v 24 27.5 50
v 24 28.5 50
v 29 28.5 48
v 24 27.5 50
v 29 27.5 48
v 29 27.5 54.5
v 28.5 27.5 54.5
v 29 27.5 48
v 34 27.5 50
v 29.5 27.5 54.5
v 29 27.5 54.5
v 34 27.5 60
v 29 27.5 62
v 29 27.5 55.5
v 29.5 27.5 55.5
v 29 27.5 62
v 24 27.5 60
v 28.5 27.5 55.5
v 29 27.5 55.5
v 28.5 27.5 54.5
v 29 27.5 54.5
v 29 18.5 54.5
v 28.5 18.5 54.5
v 29 27.5 54.5
v 29.5 27.5 54.5
v 29.5 18.5 54.5
v 29 18.5 54.5
v 29.5 27.5 55.5
v 29 27.5 55.5
v 29 18.5 55.5
v 29.5 18.5 55.5
v 29 27.5 55.5
v 28.5 27.5 55.5
v 28.5 18.5 55.5
v 29 18.5 55.5
v 34 27.5 60
v 36 27.5 55
v 36 28.5 55
v 34 28.5 60
v 36 27.5 55
v 34 27.5 50
v 34 28.5 50
v 36 28.5 55
v 24 27.5 50
v 22 27.5 55
v 22 28.5 55
v 24 28.5 50
v 22 27.5 55
v 24 27.5 60
v 24 28.5 60
v 22 28.5 55
v 24 27.5 60
v 22 27.5 55
v 28.5 27.5 55
v 28.5 27.5 55.5
v 22 27.5 55
v 24 27.5 50
v 28.5 27.5 54.5
v 28.5 27.5 55
v 34 27.5 50
v 36 27.5 55
v 29.5 27.5 55
v 29.5 27.5 54.5
v 36 27.5 55
v 34 27.5 60
v 29.5 27.5 55.5
v 29.5 27.5 55
v 28.5 27.5 55.5
v 28.5 27.5 55
v 28.5 18.5 55
v 28.5 18.5 55.5
v 28.5 27.5 55
v 28.5 27.5 54.5
v 28.5 18.5 54.5
v 28.5 18.5 55
v 29.5 27.5 54.5
v 29.5 27.5 55
v 29.5 18.5 55
v 29.5 18.5 54.5
v 29.5 27.5 55
v 29.5 27.5 55.5
v 29.5 18.5 55.5
v 29.5 18.5 55
v 29 28.5 48
v 24 28.5 50
v 22 28.5 55
v 29 28.5 55
v 22 28.5 55
v 24 28.5 60
v 29 28.5 62
v 29 28.5 55
v 34 28.5 50
v 29 28.5 48
v 29 28.5 55
v 36 28.5 55
v 29 28.5 55
v 29 28.5 62
v 34 28.5 60
v 36 28.5 55
v 29 18.5 54.5
v 29 18.5 55
v 28.5 18.5 55
v 28.5 18.5 54.5
v 29 18.5 55
v 29 18.5 55.5
v 28.5 18.5 55.5
v 28.5 18.5 55
v 29.5 18.5 54.5
v 29.5 18.5 55
v 29 18.5 55
v 29 18.5 54.5
v 29.5 18.5 55
v 29.5 18.5 55.5
v 29 18.5 55.5
v 29 18.5 55
f 5882 5883 5884
f 5885 5882 5884
f 5886 5887 5888
f 5889 5886 5888
f 5893 5891 5892
f 5893 5890 5891
f 5897 5895 5896
f 5897 5894 5895
f 5901 5898 5899
f 5901 5899 5900
f 5904 5905 5902
f 5903 5904 5902
f 5907 5909 5906
f 5907 5908 5909
f 5911 5912 5910
f 5912 5913 5910
f 5930 5931 5932
f 5933 5930 5932
f 5934 5935 5936
f 5937 5934 5936
f 5941 5939 5940
f 5941 5938 5939
f 5945 5943 5944
f 5945 5942 5943
f 5946 5947 5949
f 5947 5948 5949
f 5950 5952 5953
f 5950 5951 5952
f 5955 5956 5957
f 5955 5957 5954
f 5960 5958 5959
f 5960 5961 5958
f 5978 5979 5980
f 5981 5978 5980
f 5985 5982 5983
f 5984 5985 5983
f 5986 5987 5988
f 5989 5986 5988
f 5993 5990 5991
f 5992 5993 5991
f 5915 5917 5914
f 5915 5916 5917
f 5919 5921 5918
f 5919 5920 5921
f 5924 5925 5922
f 5923 5924 5922
f 5928 5929 5926
f 5927 5928 5926
f 5963 5965 5962
f 5963 5964 5965
f 5967 5969 5966
f 5967 5968 5969
f 5972 5973 5970
f 5971 5972 5970
f 5976 5977 5974
f 5975 5976 5974
f 5996 5994 5995
f 5996 5997 5994
f 6000 5998 5999
f 6000 6001 5998
f 6004 6002 6003
f 6004 6005 6002
f 6008 6006 6007
f 6008 6009 6006
v 29.375 29.37423 30
v 29.375 29.37577 44
v 29.25 29.125 30
v 29.25 29.125 44
v 29.25 29.125 30
v 29.25 29.125 44
v 29 29 30
v 29 29 44
v 29 29 30
v 29 29 44
v 28.75 29.125 30
v 28.75 29.125 44
v 28.75 29.125 30
v 28.75 29.125 44
v 28.625 29.37423 30
v 28.625 29.37577 44
v 28.625 29.37423 30
v 28.625 29.37577 44
v 28.75 29.625 30
v 28.75 29.625 44
v 28.75 29.625 30
v 28.75 29.625 44
v 29 29.75 30
v 29 29.75 44
v 29 29.75 30
v 29 29.75 44
v 29.25 29.625 30
v 29.25 29.625 44
v 29.25 29.625 30
v 29.25 29.625 44
v 29.375 29.37423 30
v 29.375 29.37577 44
v 29.25 29.125 30
v 29 29.37423 30
v 29.375 29.37423 30
v 29 29 30
v 28.75 29.125 30
v 28.625 29.37423 30
v 28.75 29.625 30
v 29 29.75 30
v 29.25 29.625 30
v 29.375 29.37577 44
v 29 29.37577 44
v 29.25 29.125 44
v 29 29 44
v 28.75 29.125 44
v 28.625 29.37577 44
v 28.75 29.625 44
v 29 29.75 44
v 29.25 29.625 44
f 6010 6011 6012
f 6011 6013 6012
f 6014 6015 6016
f 6015 6017 6016
f 6018 6019 6020
f 6019 6021 6020
f 6022 6023 6024
f 6023 6025 6024
f 6026 6027 6028
f 6027 6029 6028
f 6030 6031 6032
f 6031 6033 6032
f 6034 6035 6036
f 6035 6037 6036
f 6038 6039 6040
f 6039 6041 6040
f 6042 6043 6044
f 6045 6043 6042
f 6046 6043 6045
f 6047 6043 6046
f 6048 6043 6047
f 6049 6043 6048
f 6050 6043 6049
f 6044 6043 6050
f 6051 6052 6053
f 6053 6052 6054
f 6054 6052 6055
f 6055 6052 6056
f 6056 6052 6057
f 6057 6052 6058
f 6058 6052 6059
f 6059 6052 6051
v -13.43359 21.33992 139.3376
v 13.88197 21.33992 139.3618
v -13.43602 21.33992 142.0714
v 13.87954 21.33992 142.0957
v -13.43602 5.260078 142.0714
v 13.87954 5.260077 142.0957
v -13.43359 5.260077 139.3376
v 13.88197 5.260076 139.3618
v -13.43602 21.33992 142.0714
v 13.87954 21.33992 142.0957
v -13.43602 5.260078 142.0714
v 13.87954 5.260077 142.0957
v -13.43359 5.260077 139.3376
v -13.43359 21.33992 139.3376
v 13.88197 21.33992 139.3618
v 13.88197 5.260076 139.3618
v 13.88197 21.33992 139.3618
v 13.87954 21.33992 142.0957
v 13.87954 5.260077 142.0957
v 13.88197 5.260076 139.3618
v -13.43359 5.260077 139.3376
v -13.43602 5.260078 142.0714
v -13.43602 21.33992 142.0714
v -13.43359 21.33992 139.3376
f 6060 6062 6063
f 6060 6063 6061
f 6068 6064 6065
f 6068 6065 6069
f 6070 6066 6067
f 6070 6067 6071
f 6072 6073 6074
f 6072 6074 6075
f 6076 6077 6078
f 6076 6078 6079
f 6080 6081 6082
f 6080 6082 6083
v -24.87407 -8.016 -135.1005
v -28.51951 -8.016 -133.4541
v -24.87407 -5.016 -135.1005
v -28.51951 -5.016 -133.4541
v -26.52049 -5.016 -138.7459
v -30.16594 -5.016 -137.0995
v -26.52049 -8.016 -138.7459
v -30.16594 -8.016 -137.0995
v -24.87407 -5.016 -135.1005
v -28.51951 -5.016 -133.4541
v -26.52049 -5.016 -138.7459
v -30.16594 -5.016 -137.0995
v -26.52049 -8.016 -138.7459
v -24.87407 -8.016 -135.1005
v -28.51951 -8.016 -133.4541
v -30.16594 -8.016 -137.0995
v -28.51951 -8.016 -133.4541
v -28.51951 -5.016 -133.4541
v -30.16594 -5.016 -137.0995
v -30.16594 -8.016 -137.0995
v -26.52049 -8.016 -138.7459
v -26.52049 -5.016 -138.7459
v -24.87407 -5.016 -135.1005
v -24.87407 -8.016 -135.1005
f 6084 6086 6087
f 6084 6087 6085
f 6092 6088 6089
f 6092 6089 6093
f 6094 6090 6091
f 6094 6091 6095
f 6096 6097 6098
f 6096 6098 6099
f 6100 6101 6102
f 6100 6102 6103
f 6104 6105 6106
f 6104 6106 6107
v -43.08494 -4.686018 -110.6315
v -45.91336 -5.327829 -113.3862
v -43.08494 -0.7903589 -111.5392
v -45.91336 -1.432171 -114.2938
v -40.25651 -1.43217 -114.2938
v -43.08493 -2.073982 -117.0485
v -40.25651 -5.327828 -113.3862
v -43.08493 -5.969641 -116.1408
v -43.08494 -0.7903589 -111.5392
v -45.91336 -1.432171 -114.2938
v -40.25651 -1.43217 -114.2938
v -43.08493 -2.073982 -117.0485
v -40.25651 -5.327828 -113.3862
v -43.08494 -4.686018 -110.6315
v -45.91336 -5.327829 -113.3862
v -43.08493 -5.969641 -116.1408
v -45.91336 -5.327829 -113.3862
v -45.91336 -1.432171 -114.2938
v -43.08493 -2.073982 -117.0485
v -43.08493 -5.969641 -116.1408
v -40.25651 -5.327828 -113.3862
v -40.25651 -1.43217 -114.2938
v -43.08494 -0.7903589 -111.5392
v -43.08494 -4.686018 -110.6315
f 6108 6110 6111
f 6108 6111 6109
f 6116 6112 6113
f 6116 6113 6117
f 6118 6114 6115
f 6118 6115 6119
f 6120 6121 6122
f 6120 6122 6123
f 6124 6125 6126
f 6124 6126 6127
f 6128 6129 6130
f 6128 6130 6131
v -76.47842 -3.999998 -76.93755
v -78.47842 -3.999998 -76.93755
v -76.47842 -1.999998 -76.93755
v -78.47842 -1.999998 -76.93755
v -76.47842 -1.999998 -78.93755
v -78.47842 -1.999998 -78.93755
v -76.47842 -3.999998 -78.93755
v -78.47842 -3.999998 -78.93755
v -76.47842 -1.999998 -76.93755
v -78.47842 -1.999998 -76.93755
v -76.47842 -1.999998 -78.93755
v -78.47842 -1.999998 -78.93755
v -76.47842 -3.999998 -78.93755
v -76.47842 -3.999998 -76.93755
v -78.47842 -3.999998 -76.93755
v -78.47842 -3.999998 -78.93755
v -78.47842 -3.999998 -76.93755
v -78.47842 -1.999998 -76.93755
v -78.47842 -1.999998 -78.93755
v -78.47842 -3.999998 -78.93755
v -76.47842 -3.999998 -78.93755
v -76.47842 -1.999998 -78.93755
v -76.47842 -1.999998 -76.93755
v -76.47842 -3.999998 -76.93755
f 6132 6134 6135
f 6132 6135 6133
f 6140 6136 6137
f 6140 6137 6141
f 6142 6138 6139
f 6142 6139 6143
f 6144 6145 6146
f 6144 6146 6147
f 6148 6149 6150
f 6148 6150 6151
f 6152 6153 6154
f 6152 6154 6155
v -12.00947 23 -12.80839
v -13.98847 23 -13.09749
v -12.00947 25 -12.80839
v -13.98847 25 -13.09749
v -11.72038 25 -14.78738
v -13.69937 25 -15.07648
v -11.72038 23 -14.78738
v -13.69937 23 -15.07648
v -12.00947 25 -12.80839
v -13.98847 25 -13.09749
v -11.72038 25 -14.78738
v -13.69937 25 -15.07648
v -11.72038 23 -14.78738
v -12.00947 23 -12.80839
v -13.98847 23 -13.09749
v -13.69937 23 -15.07648
v -13.98847 23 -13.09749
v -13.98847 25 -13.09749
v -13.69937 25 -15.07648
v -13.69937 23 -15.07648
v -11.72038 23 -14.78738
v -11.72038 25 -14.78738
v -12.00947 25 -12.80839
v -12.00947 23 -12.80839
f 6156 6158 6159
f 6156 6159 6157
f 6164 6160 6161
f 6164 6161 6165
f 6166 6162 6163
f 6166 6163 6167
f 6168 6169 6170
f 6168 6170 6171
f 6172 6173 6174
f 6172 6174 6175
f 6176 6177 6178
f 6176 6178 6179
v -79.33219 -3.999998 -74.8299
v -80.8501 -3.999998 -76.13219
v -79.33219 -1.999998 -74.8299
v -80.8501 -1.999998 -76.13219
v -78.02991 -1.999998 -76.34781
v -79.54781 -1.999998 -77.65009
v -78.02991 -3.999998 -76.34781
v -79.54781 -3.999998 -77.65009
v -79.33219 -1.999998 -74.8299
v -80.8501 -1.999998 -76.13219
v -78.02991 -1.999998 -76.34781
v -79.54781 -1.999998 -77.65009
v -78.02991 -3.999998 -76.34781
v -79.33219 -3.999998 -74.8299
v -80.8501 -3.999998 -76.13219
v -79.54781 -3.999998 -77.65009
v -80.8501 -3.999998 -76.13219
v -80.8501 -1.999998 -76.13219
v -79.54781 -1.999998 -77.65009
v -79.54781 -3.999998 -77.65009
v -78.02991 -3.999998 -76.34781
v -78.02991 -1.999998 -76.34781
v -79.33219 -1.999998 -74.8299
v -79.33219 -3.999998 -74.8299
f 6180 6182 6183
f 6180 6183 6181
f 6188 6184 6185
f 6188 6185 6189
f 6190 6186 6187
f 6190 6187 6191
f 6192 6193 6194
f 6192 6194 6195
f 6196 6197 6198
f 6196 6198 6199
f 6200 6201 6202
f 6200 6202 6203
v -10.46258 22.5 -16.06893
v -13.43107 22.5 -16.50258
v -10.46258 25.5 -16.06893
v -13.43107 25.5 -16.50258
v -10.02893 25.5 -19.03742
v -12.99742 25.5 -19.47107
v -10.02893 22.5 -19.03742
v -12.99742 22.5 -19.47107
v -10.46258 25.5 -16.06893
v -13.43107 25.5 -16.50258
v -10.02893 25.5 -19.03742
v -12.99742 25.5 -19.47107
v -10.02893 22.5 -19.03742
v -10.46258 22.5 -16.06893
v -13.43107 22.5 -16.50258
v -12.99742 22.5 -19.47107
v -13.43107 22.5 -16.50258
v -13.43107 25.5 -16.50258
v -12.99742 25.5 -19.47107
v -12.99742 22.5 -19.47107
v -10.02893 22.5 -19.03742
v -10.02893 25.5 -19.03742
v -10.46258 25.5 -16.06893
v -10.46258 22.5 -16.06893
f 6204 6206 6207
f 6204 6207 6205
f 6212 6208 6209
f 6212 6209 6213
f 6214 6210 6211
f 6214 6211 6215
f 6216 6217 6218
f 6216 6218 6219
f 6220 6221 6222
f 6220 6222 6223
f 6224 6225 6226
f 6224 6226 6227
v -38.00617 -4.06234 -107.9816
v -41.39649 -4.544004 -110.0489
v -38.00617 -0.1666818 -108.8892
v -41.39649 -0.6483452 -110.9565
v -35.88351 -0.9359963 -112.1911
v -39.27383 -1.41766 -114.2584
v -35.88351 -4.831655 -111.2835
v -39.27383 -5.313318 -113.3508
v -38.00617 -0.1666818 -108.8892
v -41.39649 -0.6483452 -110.9565
v -35.88351 -0.9359963 -112.1911
v -39.27383 -1.41766 -114.2584
v -35.88351 -4.831655 -111.2835
v -38.00617 -4.06234 -107.9816
v -41.39649 -4.544004 -110.0489
v -39.27383 -5.313318 -113.3508
v -41.39649 -4.544004 -110.0489
v -41.39649 -0.6483452 -110.9565
v -39.27383 -1.41766 -114.2584
v -39.27383 -5.313318 -113.3508
v -35.88351 -4.831655 -111.2835
v -35.88351 -0.9359963 -112.1911
v -38.00617 -0.1666818 -108.8892
v -38.00617 -4.06234 -107.9816
f 6228 6230 6231
f 6228 6231 6229
f 6236 6232 6233
f 6236 6233 6237
f 6238 6234 6235
f 6238 6235 6239
f 6240 6241 6242
f 6240 6242 6243
f 6244 6245 6246
f 6244 6246 6247
f 6248 6249 6250
f 6248 6250 6251
v -58.57059 11 -30.98589
v -62.57059 11 -30.98589
v -58.57059 15 -30.98589
v -62.57059 15 -30.98589
v -58.57059 15 -34.98589
v -62.57059 15 -34.98589
v -58.57059 11 -34.98589
v -62.57059 11 -34.98589
v -58.57059 15 -30.98589
v -62.57059 15 -30.98589
v -58.57059 15 -34.98589
v -62.57059 15 -34.98589
v -58.57059 11 -34.98589
v -58.57059 11 -30.98589
v -62.57059 11 -30.98589
v -62.57059 11 -34.98589
v -62.57059 11 -30.98589
v -62.57059 15 -30.98589
v -62.57059 15 -34.98589
v -62.57059 11 -34.98589
v -58.57059 11 -34.98589
v -58.57059 15 -34.98589
v -58.57059 15 -30.98589
v -58.57059 11 -30.98589
f 6252 6254 6255
f 6252 6255 6253
f 6260 6256 6257
f 6260 6257 6261
f 6262 6258 6259
f 6262 6259 6263
f 6264 6265 6266
f 6264 6266 6267
f 6268 6269 6270
f 6268 6270 6271
f 6272 6273 6274
f 6272 6274 6275
v -13.33838 23 -16.37558
v -14.66442 23 -14.87838
v -13.33838 25 -16.37558
v -14.66442 25 -14.87838
v -14.83558 25 -17.70162
v -16.16162 25 -16.20443
v -14.83558 23 -17.70162
v -16.16162 23 -16.20443
v -13.33838 25 -16.37558
v -14.66442 25 -14.87838
v -14.83558 25 -17.70162
v -16.16162 25 -16.20443
v -14.83558 23 -17.70162
v -13.33838 23 -16.37558
v -14.66442 23 -14.87838
v -16.16162 23 -16.20443
v -14.66442 23 -14.87838
v -14.66442 25 -14.87838
v -16.16162 25 -16.20443
v -16.16162 23 -16.20443
v -14.83558 23 -17.70162
v -14.83558 25 -17.70162
v -13.33838 25 -16.37558
v -13.33838 23 -16.37558
f 6276 6278 6279
f 6276 6279 6277
f 6284 6280 6281
f 6284 6281 6285
f 6286 6282 6283
f 6286 6283 6287
f 6288 6289 6290
f 6288 6290 6291
f 6292 6293 6294
f 6292 6294 6295
f 6296 6297 6298
f 6296 6298 6299
v -16.39521 22.94442 50.69901
v -20.3946 23.01422 50.69902
v -16.32542 26.94382 50.70098
v -20.32481 27.01361 50.70099
v -16.3254 26.94578 46.70098
v -20.32479 27.01558 46.701
v -16.39519 22.94639 46.69901
v -20.39458 23.01618 46.69902
v -16.32542 26.94382 50.70098
v -20.32481 27.01361 50.70099
v -16.3254 26.94578 46.70098
v -20.32479 27.01558 46.701
v -16.39519 22.94639 46.69901
v -16.39521 22.94442 50.69901
v -20.3946 23.01422 50.69902
v -20.39458 23.01618 46.69902
v -20.3946 23.01422 50.69902
v -20.32481 27.01361 50.70099
v -20.32479 27.01558 46.701
v -20.39458 23.01618 46.69902
v -16.39519 22.94639 46.69901
v -16.3254 26.94578 46.70098
v -16.32542 26.94382 50.70098
v -16.39521 22.94442 50.69901
f 6300 6302 6303
f 6300 6303 6301
f 6308 6304 6305
f 6308 6305 6309
f 6310 6306 6307
f 6310 6307 6311
f 6312 6313 6314
f 6312 6314 6315
f 6316 6317 6318
f 6316 6318 6319
f 6320 6321 6322
f 6320 6322 6323
v -19.88875 11 -69.01719
v -21.43926 11 -70.28049
v -19.88875 13 -69.01719
v -21.43926 13 -70.28049
v -18.62545 13 -70.5677
v -20.17596 13 -71.831
v -18.62545 11 -70.5677
v -20.17596 11 -71.831
v -19.88875 13 -69.01719
v -21.43926 13 -70.28049
v -18.62545 13 -70.5677
v -20.17596 13 -71.831
v -18.62545 11 -70.5677
v -19.88875 11 -69.01719
v -21.43926 11 -70.28049
v -20.17596 11 -71.831
v -21.43926 11 -70.28049
v -21.43926 13 -70.28049
v -20.17596 13 -71.831
v -20.17596 11 -71.831
v -18.62545 11 -70.5677
v -18.62545 13 -70.5677
v -19.88875 13 -69.01719
v -19.88875 11 -69.01719
f 6324 6326 6327
f 6324 6327 6325
f 6332 6328 6329
f 6332 6329 6333
f 6334 6330 6331
f 6334 6331 6335
f 6336 6337 6338
f 6336 6338 6339
f 6340 6341 6342
f 6340 6342 6343
f 6344 6345 6346
f 6344 6346 6347
