v 11.78117 8.5 -23.2902
v 6.802739 8.5 -19.11021
v 6.802739 9 -19.11021
v 11.78117 9 -23.2902
v 8.088968 9 -17.57855
v 13.06636 8.5 -21.75837
v 13.06636 9 -21.75837
v 8.088968 8.5 -17.57855
v 6.802739 8.5 -19.11021
v 6.036712 8.5 -18.4674
v 6.036712 9 -18.4674
v 6.802739 9 -19.11021
v 6.036712 8.5 -18.4674
v 1.059226 8.5 -14.28797
v 1.059226 9 -14.28797
v 6.036712 9 -18.4674
v 7.323174 9 -16.93547
v 7.323174 8.5 -16.93547
v 2.345399 9 -12.75532
v 2.345399 8.5 -12.75532
v 12.10208 8.5 -22.90736
v 11.78117 8.5 -23.2902
v 11.78117 9 -23.2902
v 12.10208 9 -22.90736
v 1.059226 9 -14.28797
v 1.381032 8.5 -13.90423
v 1.381032 9 -13.90423
v 1.059226 8.5 -14.28797
v 6.802739 9 -19.11021
v 7.124341 9 -18.72724
v 12.10208 9 -22.90736
v 11.78117 9 -23.2902
v 11.78117 8.5 -23.2902
v 12.10208 8.5 -22.90736
v 6.802739 8.5 -19.11021
v 7.124341 8.5 -18.72724
v 1.059226 9 -14.28797
v 6.358546 9 -18.08416
v 6.036712 9 -18.4674
v 1.381032 9 -13.90423
v 1.059226 8.5 -14.28797
v 6.358546 8.5 -18.08416
v 1.381032 8.5 -13.90423
v 6.036712 8.5 -18.4674
v 13.06636 8.5 -21.75837
v 12.74499 8.5 -22.14142
v 12.74499 9 -22.14142
v 13.06636 9 -21.75837
v 12.74499 8.5 -22.14142
v 12.10208 8.5 -22.90736
v 12.10208 9 -22.90736
v 12.74499 9 -22.14142
v 2.023987 9 -13.13833
v 2.345399 8.5 -12.75532
v 2.345399 9 -12.75532
v 2.023987 8.5 -13.13833
v 1.381032 9 -13.90423
v 2.023987 8.5 -13.13833
v 2.023987 9 -13.13833
v 1.381032 8.5 -13.90423
v 12.74499 9 -22.14142
v 7.767426 9 -17.96145
v 13.06636 9 -21.75837
v 8.088968 9 -17.57855
v 13.06636 8.5 -21.75837
v 8.088968 8.5 -17.57855
v 7.767426 8.5 -17.96145
v 12.74499 8.5 -22.14142
v 7.001631 9 -17.31836
v 2.023987 9 -13.13833
v 7.323174 9 -16.93547
v 2.345399 9 -12.75532
v 7.323174 8.5 -16.93547
v 2.345399 8.5 -12.75532
v 2.023987 8.5 -13.13833
v 7.001631 8.5 -17.31836
v 7.767426 -7.5 -17.96145
v 7.001631 -7.5 -17.31836
v 6.358546 -7.5 -18.08416
v 7.124341 -7.5 -18.72724
v 7.767426 8.5 -17.96145
v 7.001631 8.5 -17.31836
v 7.767426 -7.5 -17.96145
v 7.001631 -7.5 -17.31836
v 7.001631 8.5 -17.31836
v 6.358546 8.5 -18.08416
v 7.001631 -7.5 -17.31836
v 6.358546 -7.5 -18.08416
v 6.358546 8.5 -18.08416
v 7.124341 8.5 -18.72724
v 6.358546 -7.5 -18.08416
v 7.124341 -7.5 -18.72724
v 7.124341 8.5 -18.72724
v 7.767426 8.5 -17.96145
v 7.124341 -7.5 -18.72724
v 7.767426 -7.5 -17.96145
f 1 2 3
f 4 1 3
f 5 6 7
f 5 8 6
f 9 10 11
f 12 9 11
f 13 14 15
f 16 13 15
f 17 8 5
f 17 18 8
f 19 18 17
f 19 20 18
f 21 22 23
f 24 21 23
f 25 26 27
f 25 28 26
f 29 30 31
f 29 31 32
f 33 34 35
f 34 36 35
f 37 38 39
f 40 38 37
f 38 30 39
f 39 30 29
f 41 42 43
f 44 42 41
f 35 36 44
f 44 36 42
f 45 46 47
f 48 45 47
f 49 50 51
f 52 49 51
f 53 54 55
f 53 56 54
f 57 58 59
f 57 60 58
f 61 62 63
f 62 64 63
f 31 30 61
f 30 62 61
f 65 66 67
f 65 67 68
f 68 67 36
f 68 36 34
f 38 40 69
f 40 70 69
f 69 70 71
f 70 72 71
f 62 69 64
f 69 71 64
f 30 38 62
f 38 69 62
f 73 74 75
f 73 75 76
f 76 75 43
f 76 43 42
f 66 73 76
f 66 76 67
f 77 78 79
f 77 79 80
f 81 82 83
f 82 84 83
f 85 86 87
f 86 88 87
f 89 90 91
f 90 92 91
f 93 94 95
f 94 96 95
v 6.673731 -6 6.220603
v 9.581904 -6 3.474237
v 9.581905 -3.5 3.474236
v 6.673731 -3.5 6.220603
v 9.581904 -6 3.474237
v 9.853657 -7 1.409552
v 9.853658 -3.5 1.409552
v 9.581905 -3.5 3.474236
v 6.496695 -3.5 -3.143557
v 4.775765 -6 -1.615067
v 4.775765 -3.5 -1.615067
v 6.496695 -7 -3.143557
v 4.775765 -3.5 -1.615067
v 2.554182 -6 1.858343
v 2.554183 -3.5 1.858342
v 4.775765 -6 -1.615067
v 2.554182 -6 1.858343
v 3.886914 -6 4.726065
v 3.886912 -3.5 4.726064
v 2.554183 -3.5 1.858342
v 3.886914 -6 4.726065
v 6.673731 -6 6.220603
v 6.673731 -3.5 6.220603
v 3.886912 -3.5 4.726064
v 9.853658 -3.5 1.409552
v 9.313454 -7 -1.706243
v 9.313454 -3.5 -1.706244
v 9.853657 -7 1.409552
v 9.313454 -3.5 -1.706244
v 6.496695 -7 -3.143557
v 6.496695 -3.5 -3.143557
v 9.313454 -7 -1.706243
v 9.581905 -3.5 3.474236
v 7.522131 -3.5 1.293105
v 3.886912 -3.5 4.726064
v 6.673731 -3.5 6.220603
v 4.775765 -3.5 -1.615067
v 2.554183 -3.5 1.858342
v 9.853658 -3.5 1.409552
v 9.313454 -3.5 -1.706244
v 6.496695 -3.5 -3.143557
v 7.522131 -6 1.293107
v 9.853657 -7 1.409552
v 9.581904 -6 3.474237
v 9.313454 -7 -1.706243
v 4.775765 -6 -1.615067
v 9.313454 -7 -1.706243
v 7.522131 -6 1.293107
v 6.496695 -7 -3.143557
v 3.886914 -6 4.726065
v 9.581904 -6 3.474237
v 6.673731 -6 6.220603
v 7.522131 -6 1.293107
v 2.554182 -6 1.858343
v 4.775765 -6 -1.615067
f 97 98 99
f 100 97 99
f 101 102 103
f 104 101 103
f 105 106 107
f 105 108 106
f 109 110 111
f 109 112 110
f 113 114 115
f 116 113 115
f 117 118 119
f 120 117 119
f 121 122 123
f 121 124 122
f 125 126 127
f 125 128 126
f 129 130 131
f 132 129 131
f 130 133 134
f 131 130 134
f 135 136 130
f 129 135 130
f 136 137 133
f 130 136 133
f 138 139 140
f 138 141 139
f 142 143 144
f 142 145 143
f 146 147 148
f 146 149 147
f 150 149 146
f 150 151 149
v 19.01657 -3.267789 12.8145
v 21.90156 -3.090752 11.81962
v 18.67959 -3.168634 11.81681
v 21.39609 -3.0244 10.82098
v 21.90156 -3.090752 11.81962
v 17.11361 -7.610792 2.360417
v 21.39609 -3.0244 10.82098
v 17.14138 -7.04103 2.415281
v 17.11361 -7.610792 2.360417
v 14.3158 -7.63505 3.712807
v 17.14138 -7.04103 2.415281
v 14.34357 -7.065289 3.767679
v 14.3158 -7.63505 3.712807
v 19.01657 -3.267789 12.8145
v 14.34357 -7.065289 3.767679
v 18.67959 -3.168634 11.81681
v 18.67959 -3.168634 11.81681
v 21.39609 -3.0244 10.82098
v 14.34357 -7.065289 3.767679
v 17.14138 -7.04103 2.415281
v 14.3158 -7.63505 3.712807
v 17.11361 -7.610792 2.360417
v 19.01657 -3.267789 12.8145
v 21.90156 -3.090752 11.81962
f 152 153 154
f 153 155 154
f 156 157 158
f 157 159 158
f 160 161 162
f 161 163 162
f 164 165 166
f 165 167 166
f 168 169 170
f 169 171 170
f 172 173 174
f 173 175 174
v -3 -7 1
v 3 -7 1
v -2 -5 0
v 2 -5 0
v 3 -7 1
v 3 -7 -4
v 2 -5 0
v 2 -5 -4
v 3 -7 -4
v -3 -7 -4
v 2 -5 -4
v -2 -5 -4
v -3 -7 -4
v -3 -7 1
v -2 -5 -4
v -2 -5 0
v -1 30 -1
v 1 30 -1
v 0 30 -2.5
v 1 30 -3
v -3 -7 -4
v 3 -7 -4
v -3 -7 1
v 3 -7 1
v -2 -5 0
v 2 -5 0
v 2 5 0
v -2 5 0
v 2 9 0
v -2 9 0
v -2 5 -4
v -2 -5 0
v -2 5 0
v -2 -5 -4
v -14 23 -3
v -16 23 -1
v -14 23 -1
v -16 23 -3
v 2 -5 0
v 2 -5 -4
v 2 5 -4
v 2 5 0
v 2 9 -4
v 2 9 0
v 2 5 -4
v -2 5 -4
v 2 9 -4
v -2 9 -4
v -2 5 0
v -2 9 0
v -3 6 -1
v -3 8 -1
v -2 9 0
v -2 9 -4
v -3 8 -1
v -3 8 -3
v -2 9 -4
v -2 5 -4
v -3 8 -3
v -3 6 -3
v -2 5 -4
v -2 5 0
v -3 6 -3
v -3 6 -1
v -3 6 -1
v -3 8 -1
v -11 9 -1
v -10 10 -1
v -14 23 -1
v -16 23 -1
v -3 8 -1
v -3 8 -3
v -10 10 -3
v -10 10 -1
v -10 10 -1
v -10 10 -3
v -14 23 -3
v -14 23 -1
v -10 10 -3
v -3 8 -3
v -11 9 -3
v -3 6 -3
v -14 23 -3
v -16 23 -3
v -11 9 -3
v -3 6 -1
v -11 9 -1
v -3 6 -3
v -16 23 -3
v -11 9 -1
v -16 23 -1
v -11 9 -3
v -2 9 0
v 1.827426 11 -0.1725736
v -1.827426 11 -0.1725736
v 2 9 0
v -1.827426 11 -0.1725736
v 1 30 -1
v -1 30 -1
v 1.827426 11 -0.1725736
v -1.827426 14 -4
v -2 9 -4
v -2 9 0
v -1.827426 11 -0.1725736
v 0 30 -2.5
v -1.827426 14 -4
v -1.827426 11 -0.1725736
v -1 30 -1
v 12.26817 13.59916 -1.612082
v 11.73183 14.40084 -2.354446
v 11.73183 14.40084 -1.645554
v 12.26817 13.59916 -2.387918
v 1.827426 11 -0.1725736
v 1 30 -3
v 1 30 -1
v 1.827426 11 -4
v 1.827426 11 -4
v 2 9 -4
v -2 9 -4
v -1.827426 14 -4
v 1 30 -3
v 1.827426 11 -4
v -1.827426 14 -4
v 0 30 -2.5
v 1.827426 11 -4
v 1.827426 11 -0.1725736
v 2.900571 10.78391 -2.61655
v 2.900571 10.78391 -1.38345
v 1.827426 11 -0.1725736
v 2 9 0
v 2.900571 10.78391 -1.38345
v 3.099429 9.559958 -1.325226
v 2 9 0
v 2 9 -4
v 3.099429 9.559958 -1.325226
v 3.099429 9.559958 -2.674774
v 2 9 -4
v 1.827426 11 -4
v 3.099429 9.559958 -2.674774
v 2.900571 10.78391 -2.61655
v 2.900571 10.78391 -2.61655
v 2.900571 10.78391 -1.38345
v 11.73183 14.40084 -2.354446
v 11.73183 14.40084 -1.645554
v 2.900571 10.78391 -1.38345
v 3.099429 9.559958 -1.325226
v 11.73183 14.40084 -1.645554
v 12.26817 13.59916 -1.612082
v 3.099429 9.559958 -1.325226
v 3.099429 9.559958 -2.674774
v 12.26817 13.59916 -1.612082
v 12.26817 13.59916 -2.387918
v 3.099429 9.559958 -2.674774
v 2.900571 10.78391 -2.61655
v 12.26817 13.59916 -2.387918
v 11.73183 14.40084 -2.354446
f 176 177 178
f 177 179 178
f 180 181 182
f 181 183 182
f 184 185 186
f 185 187 186
f 188 189 190
f 189 191 190
f 192 193 194
f 193 195 194
f 196 197 198
f 197 199 198
f 200 201 202
f 203 200 202
f 203 202 204
f 205 203 204
f 206 207 208
f 206 209 207
f 210 211 212
f 210 213 211
f 214 215 216
f 217 214 216
f 217 216 218
f 219 217 218
f 220 187 221
f 220 186 187
f 222 221 223
f 222 220 221
f 224 225 226
f 225 227 226
f 228 229 230
f 229 231 230
f 232 233 234
f 233 235 234
f 236 237 238
f 237 239 238
f 240 241 242
f 242 241 243
f 242 244 245
f 244 242 243
f 246 247 248
f 249 246 248
f 250 251 252
f 253 250 252
f 254 255 256
f 256 255 257
f 254 256 258
f 259 258 256
f 260 261 262
f 260 263 261
f 264 265 266
f 264 267 265
f 268 269 270
f 268 271 269
f 272 273 274
f 272 275 273
f 276 277 278
f 279 276 278
f 280 281 282
f 283 280 282
f 284 285 286
f 284 287 285
f 288 289 290
f 288 291 289
f 292 293 294
f 295 292 294
f 296 297 298
f 299 296 298
f 300 301 302
f 301 303 302
f 304 305 306
f 305 307 306
f 308 309 310
f 309 311 310
f 312 313 314
f 313 315 314
f 316 317 318
f 317 319 318
f 320 321 322
f 321 323 322
f 324 325 326
f 325 327 326
f 328 329 330
f 329 331 330
v -3.435601 8.5 16.89202
v 0.6565252 8.5 11.84112
v 0.6565252 9 11.84112
v -3.435601 9 16.89202
v -0.897644 9 10.58219
v -4.988777 8.5 15.63272
v -4.988777 9 15.63272
v -0.897644 8.5 10.58219
v 0.6565252 8.5 11.84112
v 1.286247 8.5 11.0643
v 1.286247 9 11.0643
v 0.6565252 9 11.84112
v 1.286247 8.5 11.0643
v 5.37755 8.5 6.014132
v 5.37755 9 6.014132
v 1.286247 9 11.0643
v -0.2682038 9 9.805138
v -0.2682038 8.5 9.805138
v 3.823246 9 4.754209
v 3.823246 8.5 4.754209
v -3.82349 8.5 16.57724
v -3.435601 8.5 16.89202
v -3.435601 9 16.89202
v -3.82349 9 16.57724
v 5.37755 9 6.014132
v 4.988605 8.5 5.698635
v 4.988605 9 5.698635
v 5.37755 8.5 6.014132
v 0.6565252 9 11.84112
v 0.2679299 9 11.52635
v -3.82349 9 16.57724
v -3.435601 9 16.89202
v -3.435601 8.5 16.89202
v -3.82349 8.5 16.57724
v 0.6565252 8.5 11.84112
v 0.2679299 8.5 11.52635
v 5.37755 9 6.014132
v 0.8973696 9 10.7493
v 1.286247 9 11.0643
v 4.988605 9 5.698635
v 5.37755 8.5 6.014132
v 0.8973696 8.5 10.7493
v 4.988605 8.5 5.698635
v 1.286247 8.5 11.0643
v -4.988777 8.5 15.63272
v -4.600396 8.5 15.94762
v -4.600396 9 15.94762
v -4.988777 9 15.63272
v -4.600396 8.5 15.94762
v -3.82349 8.5 16.57724
v -3.82349 9 16.57724
v -4.600396 9 15.94762
v 4.211664 9 5.069062
v 3.823246 8.5 4.754209
v 3.823246 9 4.754209
v 4.211664 8.5 5.069062
v 4.988605 9 5.698635
v 4.211664 8.5 5.069062
v 4.211664 9 5.069062
v 4.988605 8.5 5.698635
v -4.600396 9 15.94762
v -0.5091195 9 10.89691
v -4.988777 9 15.63272
v -0.897644 9 10.58219
v -4.988777 8.5 15.63272
v -0.897644 8.5 10.58219
v -0.5091195 8.5 10.89691
v -4.600396 8.5 15.94762
v 0.1203204 9 10.11986
v 4.211664 9 5.069062
v -0.2682038 9 9.805138
v 3.823246 9 4.754209
v -0.2682038 8.5 9.805138
v 3.823246 8.5 4.754209
v 4.211664 8.5 5.069062
v 0.1203204 8.5 10.11986
v -0.5091195 -7.5 10.89691
v 0.1203204 -7.5 10.11986
v 0.8973696 -7.5 10.7493
v 0.2679299 -7.5 11.52635
v -0.5091195 8.5 10.89691
v 0.1203204 8.5 10.11986
v -0.5091195 -7.5 10.89691
v 0.1203204 -7.5 10.11986
v 0.1203204 8.5 10.11986
v 0.8973696 8.5 10.7493
v 0.1203204 -7.5 10.11986
v 0.8973696 -7.5 10.7493
v 0.8973696 8.5 10.7493
v 0.2679299 8.5 11.52635
v 0.8973696 -7.5 10.7493
v 0.2679299 -7.5 11.52635
v 0.2679299 8.5 11.52635
v -0.5091195 8.5 10.89691
v 0.2679299 -7.5 11.52635
v -0.5091195 -7.5 10.89691
f 332 333 334
f 335 332 334
f 336 337 338
f 336 339 337
f 340 341 342
f 343 340 342
f 344 345 346
f 347 344 346
f 348 339 336
f 348 349 339
f 350 349 348
f 350 351 349
f 352 353 354
f 355 352 354
f 356 357 358
f 356 359 357
f 360 361 362
f 360 362 363
f 364 365 366
f 365 367 366
f 368 369 370
f 371 369 368
f 369 361 370
f 370 361 360
f 372 373 374
f 375 373 372
f 366 367 375
f 375 367 373
f 376 377 378
f 379 376 378
f 380 381 382
f 383 380 382
f 384 385 386
f 384 387 385
f 388 389 390
f 388 391 389
f 392 393 394
f 393 395 394
f 362 361 392
f 361 393 392
f 396 397 398
f 396 398 399
f 399 398 367
f 399 367 365
f 369 371 400
f 371 401 400
f 400 401 402
f 401 403 402
f 393 400 395
f 400 402 395
f 361 369 393
f 369 400 393
f 404 405 406
f 404 406 407
f 407 406 374
f 407 374 373
f 397 404 407
f 397 407 398
f 408 409 410
f 408 410 411
f 412 413 414
f 413 415 414
f 416 417 418
f 417 419 418
f 420 421 422
f 421 423 422
f 424 425 426
f 425 427 426
v -5.898019 14.5 -17.49357
v -1.580466 16.5 -13.06455
v -1.694473 17 -13.18149
v -6.012025 15 -17.61051
v -0.2624076 17 -14.57775
v -4.465677 14.5 -18.88878
v -4.579683 15 -19.00571
v -0.1484012 16.5 -14.46081
v -1.580466 16.5 -13.06455
v -0.960337 17 -12.428
v -1.074344 17.5 -12.54494
v -1.694473 17 -13.18149
v -0.960337 17 -12.428
v 3.356548 19 -7.999921
v 3.242542 19.5 -8.11686
v -1.074344 17.5 -12.54494
v 0.3579805 17.5 -13.94146
v 0.4719872 17 -13.82452
v 4.675627 19.5 -9.513119
v 4.789633 19 -9.396179
v -5.54001 14.5 -17.84197
v -5.898019 14.5 -17.49357
v -6.012025 15 -17.61051
v -5.654017 15 -17.9589
v 3.242542 19.5 -8.11686
v 3.715382 19 -8.349285
v 3.601376 19.5 -8.466223
v 3.356548 19 -7.999921
v -1.694473 17 -13.18149
v -1.336408 17 -13.5306
v -5.654017 15 -17.9589
v -6.012025 15 -17.61051
v -5.898019 14.5 -17.49357
v -5.54001 14.5 -17.84197
v -1.580466 16.5 -13.06455
v -1.222401 16.5 -13.41366
v 3.242542 19.5 -8.11686
v -0.716019 17.5 -12.89431
v -1.074344 17.5 -12.54494
v 3.601376 19.5 -8.466223
v -0.716019 17.5 -12.89431
v -1.336408 17 -13.5306
v -1.074344 17.5 -12.54494
v -1.694473 17 -13.18149
v 3.356548 19 -7.999921
v -0.602012 17 -12.77737
v 3.715382 19 -8.349285
v -0.960337 17 -12.428
v -1.580466 16.5 -13.06455
v -1.222401 16.5 -13.41366
v -0.960337 17 -12.428
v -0.602012 17 -12.77737
v -4.465677 14.5 -18.88878
v -4.823844 14.5 -18.5399
v -4.93785 15 -18.65684
v -4.579683 15 -19.00571
v -4.823844 14.5 -18.5399
v -5.54001 14.5 -17.84197
v -5.654017 15 -17.9589
v -4.93785 15 -18.65684
v 4.317501 19.5 -9.164196
v 4.789633 19 -9.396179
v 4.675627 19.5 -9.513119
v 4.431507 19 -9.047257
v 3.601376 19.5 -8.466223
v 4.431507 19 -9.047257
v 4.317501 19.5 -9.164196
v 3.715382 19 -8.349285
v -4.93785 15 -18.65684
v -0.6204081 17 -14.2287
v -4.579683 15 -19.00571
v -0.2624076 17 -14.57775
v -4.93785 15 -18.65684
v -4.465677 14.5 -18.88878
v -0.1484012 16.5 -14.46081
v -0.5064012 16.5 -14.11176
v -4.823844 14.5 -18.5399
v -4.823844 14.5 -18.5399
v -0.716019 17.5 -12.89431
v 3.601376 19.5 -8.466223
v -1.94538E-05 17.5 -13.59241
v 4.317501 19.5 -9.164196
v 0.3579805 17.5 -13.94146
v 4.675627 19.5 -9.513119
v -0.6204081 17 -14.2287
v -1.94538E-05 17.5 -13.59241
v -0.2624076 17 -14.57775
v 0.3579805 17.5 -13.94146
v 0.4719872 17 -13.82452
v 4.789633 19 -9.396179
v 4.431507 19 -9.047257
v 0.1139874 17 -13.47547
v 3.715382 19 -8.349285
v -0.602012 17 -12.77737
v -0.1484012 16.5 -14.46081
v 0.4719872 17 -13.82452
v 0.1139874 17 -13.47547
v -0.5064012 16.5 -14.11176
v 0.5023902 16.47929 -2.958966
v 0.00238973 16.97929 -2.458966
v -0.4976107 16.47929 -1.958965
v 0.002389786 15.97929 -2.458966
v -0.5064012 16.5 -14.11176
v 0.1139874 17 -13.47547
v 1.379422 15.80709 -11.73859
v 1.249272 16.40866 -11.3905
v 0.1139874 17 -13.47547
v -0.602012 17 -12.77737
v 1.249272 16.40866 -11.3905
v 0.6253566 16.15149 -11.17933
v -0.602012 17 -12.77737
v -1.222401 16.5 -13.41366
v 0.6253566 16.15149 -11.17933
v 0.7555067 15.54991 -11.52743
v -1.222401 16.5 -13.41366
v -0.5064012 16.5 -14.11176
v 0.7555067 15.54991 -11.52743
v 1.379422 15.80709 -11.73859
v 1.379422 15.80709 -11.73859
v 1.249272 16.40866 -11.3905
v 0.5023902 16.47929 -2.958966
v 0.00238973 16.97929 -2.458966
v 1.249272 16.40866 -11.3905
v 0.6253566 16.15149 -11.17933
v 0.00238973 16.97929 -2.458966
v -0.4976107 16.47929 -1.958965
v 0.6253566 16.15149 -11.17933
v 0.7555067 15.54991 -11.52743
v -0.4976107 16.47929 -1.958965
v 0.002389786 15.97929 -2.458966
v 0.7555067 15.54991 -11.52743
v 1.379422 15.80709 -11.73859
v 0.002389786 15.97929 -2.458966
v 0.5023902 16.47929 -2.958966
f 428 429 430
f 431 428 430
f 432 433 434
f 432 435 433
f 436 437 438
f 439 436 438
f 440 441 442
f 443 440 442
f 444 435 432
f 444 445 435
f 446 445 444
f 446 447 445
f 448 449 450
f 451 448 450
f 452 453 454
f 452 455 453
f 456 457 458
f 456 458 459
f 460 461 462
f 461 463 462
f 464 465 466
f 467 465 464
f 468 469 470
f 470 469 471
f 472 473 474
f 475 473 472
f 476 477 478
f 478 477 479
f 480 481 482
f 483 480 482
f 484 485 486
f 487 484 486
f 488 489 490
f 488 491 489
f 492 493 494
f 492 495 493
f 496 497 498
f 497 499 498
f 458 457 500
f 457 497 500
f 501 502 503
f 501 503 504
f 505 503 463
f 505 463 461
f 506 507 508
f 507 509 508
f 508 509 510
f 509 511 510
f 512 513 514
f 513 515 514
f 469 468 512
f 468 513 512
f 516 517 518
f 516 518 519
f 519 518 520
f 519 520 521
f 522 523 524
f 522 524 525
f 526 527 528
f 526 528 529
f 530 531 532
f 531 533 532
f 534 535 536
f 535 537 536
f 538 539 540
f 539 541 540
f 542 543 544
f 543 545 544
f 546 547 548
f 547 549 548
f 550 551 552
f 551 553 552
f 554 555 556
f 555 557 556
f 558 559 560
f 559 561 560
v -17.34003 1.93 -14.23024
v -17.33972 1.93 -14.68024
v -17.33972 2.43 -14.68024
v -17.34003 2.43 -14.23024
v -27.33976 2.43 -14.68025
v -27.33959 1.93 -14.23025
v -27.33959 2.43 -14.23025
v -27.33976 1.93 -14.68025
v -27.33959 1.93 -14.23025
v -26.75003 1.93 -14.23
v -26.75003 2.43 -14.23
v -27.33959 2.43 -14.23025
v -26.75002 2.43 -28.2299
v -27.34052 1.93 -28.23003
v -27.34052 2.43 -28.23003
v -26.75002 1.93 -28.2299
v -26.74973 2.43 -14.68025
v -27.33959 2.43 -14.23025
v -26.75003 2.43 -14.23
v -27.33976 2.43 -14.68025
v -27.33959 -10 -14.23025
v -27.33975 -10 -14.68025
v -26.74972 -10 -14.68024
v -26.75003 -10 -14.23
v -26.75003 2.43 -14.23
v -26.75003 1.93 -14.23
v -17.75003 1.93 -14.23035
v -17.75003 2.43 -14.23035
v -17.75003 2.43 -14.23035
v -17.75003 1.93 -14.23035
v -17.34003 1.93 -14.23024
v -17.34003 2.43 -14.23024
v -17.75002 2.43 -28.23031
v -17.75002 1.93 -28.23031
v -26.75002 2.43 -28.2299
v -26.75002 1.93 -28.2299
v -17.34002 2.43 -28.23025
v -17.34002 1.93 -28.23025
v -17.75002 2.43 -28.23031
v -17.75002 1.93 -28.23031
v -17.74972 2.43 -14.68024
v -17.34003 2.43 -14.23024
v -17.33972 2.43 -14.68024
v -17.75003 2.43 -14.23035
v -17.34003 -10 -14.23024
v -17.75002 -10 -14.23035
v -17.74972 -10 -14.68024
v -17.33972 -10 -14.68024
v -17.75003 1.93 -14.23035
v -26.75003 1.93 -14.23
v -26.74973 1.93 -14.68025
v -17.74972 1.93 -14.68024
v -17.33972 1.93 -14.68024
v -17.34021 1.93 -27.68024
v -17.34021 2.43 -27.68024
v -17.33972 2.43 -14.68024
v -17.34021 1.93 -27.68024
v -17.34002 1.93 -28.23025
v -17.34002 2.43 -28.23025
v -17.34021 2.43 -27.68024
v -27.33976 2.43 -14.68025
v -27.34047 2.43 -27.68025
v -27.34047 1.93 -27.68025
v -27.33976 1.93 -14.68025
v -27.34052 2.43 -28.23003
v -27.34052 1.93 -28.23003
v -26.75021 2.43 -27.68025
v -27.34047 2.43 -27.68025
v -26.75002 2.43 -28.2299
v -27.34052 2.43 -28.23003
v -27.33976 1.93 -14.68025
v -27.34047 1.93 -27.68025
v -26.75021 1.93 -27.68025
v -27.34047 -10 -27.68025
v -27.34052 -10 -28.23003
v -26.75002 -10 -28.2299
v -26.75021 -10 -27.68025
v -17.34021 2.43 -27.68024
v -17.75021 2.43 -27.68024
v -17.34002 2.43 -28.23025
v -17.75002 2.43 -28.23031
v -17.33972 1.93 -14.68024
v -17.34021 1.93 -27.68024
v -17.75021 1.93 -27.68024
v -17.34021 -10 -27.68024
v -17.75021 -10 -27.68024
v -17.34002 -10 -28.23025
v -17.75002 -10 -28.23031
v -26.75002 1.93 -28.2299
v -17.75002 1.93 -28.23031
v -27.33959 1.93 -14.23025
v -27.33976 1.93 -14.68025
v -27.33959 -10 -14.23025
v -27.33975 -10 -14.68025
v -27.33976 1.93 -14.68025
v -26.74973 1.93 -14.68025
v -27.33975 -10 -14.68025
v -26.74972 -10 -14.68024
v -26.75003 1.93 -14.23
v -27.33959 1.93 -14.23025
v -26.75003 -10 -14.23
v -27.33959 -10 -14.23025
v -26.74973 1.93 -14.68025
v -26.75003 1.93 -14.23
v -26.74972 -10 -14.68024
v -26.75003 -10 -14.23
v -17.34003 1.93 -14.23024
v -17.75003 1.93 -14.23035
v -17.34003 -10 -14.23024
v -17.75002 -10 -14.23035
v -17.75003 1.93 -14.23035
v -17.74972 1.93 -14.68024
v -17.75002 -10 -14.23035
v -17.74972 -10 -14.68024
v -17.33972 1.93 -14.68024
v -17.34003 1.93 -14.23024
v -17.33972 -10 -14.68024
v -17.34003 -10 -14.23024
v -17.74972 1.93 -14.68024
v -17.33972 1.93 -14.68024
v -17.74972 -10 -14.68024
v -17.33972 -10 -14.68024
v -27.34047 1.93 -27.68025
v -27.34052 1.93 -28.23003
v -27.34047 -10 -27.68025
v -27.34052 -10 -28.23003
v -27.34052 1.93 -28.23003
v -26.75002 1.93 -28.2299
v -27.34052 -10 -28.23003
v -26.75002 -10 -28.2299
v -26.75021 1.93 -27.68025
v -27.34047 1.93 -27.68025
v -26.75021 -10 -27.68025
v -27.34047 -10 -27.68025
v -26.75002 1.93 -28.2299
v -26.75021 1.93 -27.68025
v -26.75002 -10 -28.2299
v -26.75021 -10 -27.68025
v -17.34021 1.93 -27.68024
v -17.75021 1.93 -27.68024
v -17.34021 -10 -27.68024
v -17.75021 -10 -27.68024
v -17.34002 1.93 -28.23025
v -17.34021 1.93 -27.68024
v -17.34002 -10 -28.23025
v -17.34021 -10 -27.68024
v -17.75021 1.93 -27.68024
v -17.75002 1.93 -28.23031
v -17.75021 -10 -27.68024
v -17.75002 -10 -28.23031
v -17.75002 1.93 -28.23031
v -17.34002 1.93 -28.23025
v -17.75002 -10 -28.23031
v -17.34002 -10 -28.23025
f 562 563 564
f 565 562 564
f 566 567 568
f 566 569 567
f 570 571 572
f 573 570 572
f 574 575 576
f 574 577 575
f 578 579 580
f 578 581 579
f 582 583 584
f 585 582 584
f 586 587 588
f 586 588 589
f 590 591 592
f 590 592 593
f 594 595 596
f 595 597 596
f 598 599 600
f 599 601 600
f 602 603 604
f 602 605 603
f 578 605 602
f 578 580 605
f 606 607 608
f 609 606 608
f 610 611 612
f 613 610 612
f 614 615 616
f 617 614 616
f 618 619 620
f 621 618 620
f 622 623 624
f 622 624 625
f 626 624 623
f 626 627 624
f 628 581 578
f 628 629 581
f 630 629 628
f 630 631 629
f 632 633 634
f 612 632 634
f 635 636 637
f 638 635 637
f 639 640 602
f 639 602 604
f 641 642 640
f 641 640 639
f 640 628 602
f 602 628 578
f 642 630 640
f 640 630 628
f 643 613 644
f 613 645 644
f 646 647 648
f 647 649 648
f 612 634 613
f 613 634 645
f 634 650 645
f 645 650 651
f 652 653 654
f 653 655 654
f 656 657 658
f 657 659 658
f 660 661 662
f 661 663 662
f 664 665 666
f 665 667 666
f 668 669 670
f 669 671 670
f 672 673 674
f 673 675 674
f 676 677 678
f 677 679 678
f 680 681 682
f 681 683 682
f 684 685 686
f 685 687 686
f 688 689 690
f 689 691 690
f 692 693 694
f 693 695 694
f 696 697 698
f 697 699 698
f 700 701 702
f 701 703 702
f 704 705 706
f 705 707 706
f 708 709 710
f 709 711 710
f 712 713 714
f 713 715 714
v 24.33721 -7.5 27.10036
v 26.74672 -6.5 20.45248
v 26.74672 -3.5 20.45248
v 24.33721 -3.5 27.10036
v 26.74672 -6.5 20.45248
v 27.19843 -7.5 13.39585
v 27.19843 -3.5 13.39585
v 26.74672 -3.5 20.45248
v 22.99254 -3.5 23.75493
v 22.83114 -3.5 19.63498
v 22.83114 -0.5 19.63498
v 22.99254 -0.5 23.75493
v 22.83114 -3.5 19.63498
v 23.44426 -3.5 16.69831
v 23.44426 -0.5 16.69831
v 22.83114 -0.5 19.63498
v 8.717896 -3.5 18.73155
v 10.01959 -7.5 27.17581
v 10.01959 -3.5 27.17581
v 8.717896 -7.5 18.73155
v 12.51504 -3.5 10.33026
v 8.717896 -7.5 18.73155
v 8.717896 -3.5 18.73155
v 12.51504 -7.5 10.33026
v 14.02111 -0.5 17.79563
v 12.99924 -3.5 22.69009
v 12.99924 -0.5 22.69009
v 14.02111 -3.5 17.79563
v 15.61312 -0.5 15.06332
v 14.02111 -3.5 17.79563
v 14.02111 -0.5 17.79563
v 15.61312 -3.5 15.06332
v 22.99254 -6.5 23.75493
v 26.74672 -6.5 20.45248
v 24.33721 -7.5 27.10036
v 22.83114 -6.5 19.63498
v 26.74672 -6.5 20.45248
v 23.44426 -6.5 16.69831
v 27.19843 -7.5 13.39585
v 8.717896 -7.5 18.73155
v 15.61312 -6.5 15.06332
v 14.02111 -6.5 17.79563
v 12.51504 -7.5 10.33026
v 10.01959 -7.5 27.17581
v 8.717896 -7.5 18.73155
v 12.99924 -6.5 22.69009
v 14.02111 -6.5 17.79563
v 10.01959 -7.5 27.17581
v 17.28059 -6.5 26.64864
v 17.28059 -3.5 26.64864
v 10.01959 -3.5 27.17581
v 17.28059 -6.5 26.64864
v 24.33721 -7.5 27.10036
v 24.33721 -3.5 27.10036
v 17.28059 -3.5 26.64864
v 12.99924 -3.5 22.69009
v 18.66823 -3.5 24.89522
v 18.66823 -0.5 24.89522
v 12.99924 -0.5 22.69009
v 18.66823 -3.5 24.89522
v 22.99254 -3.5 23.75493
v 22.99254 -0.5 23.75493
v 18.66823 -0.5 24.89522
v 20.55056 -3.5 10.98635
v 12.51504 -7.5 10.33026
v 12.51504 -3.5 10.33026
v 20.55056 -6.5 10.98635
v 27.19843 -3.5 13.39585
v 20.55056 -6.5 10.98635
v 20.55056 -3.5 10.98635
v 27.19843 -7.5 13.39585
v 19.73306 -0.5 14.90192
v 15.61312 -3.5 15.06332
v 15.61312 -0.5 15.06332
v 19.73306 -3.5 14.90192
v 23.44426 -0.5 16.69831
v 19.73306 -3.5 14.90192
v 19.73306 -0.5 14.90192
v 23.44426 -3.5 16.69831
v 10.01959 -7.5 27.17581
v 12.99924 -6.5 22.69009
v 17.28059 -6.5 26.64864
v 18.66823 -6.5 24.89522
v 17.28059 -6.5 26.64864
v 22.99254 -6.5 23.75493
v 24.33721 -7.5 27.10036
v 23.44426 -6.5 16.69831
v 19.73306 -6.5 14.90192
v 20.55056 -6.5 10.98635
v 27.19843 -7.5 13.39585
v 15.61312 -6.5 15.06332
v 12.51504 -7.5 10.33026
v 20.55056 -6.5 10.98635
v 18.91557 -6.5 18.81749
v 23.44426 -6.5 16.69831
v 22.83114 -6.5 19.63498
v 19.73306 -6.5 14.90192
v 14.02111 -6.5 17.79563
v 15.61312 -6.5 15.06332
v 18.66823 -6.5 24.89522
v 22.99254 -6.5 23.75493
v 12.99924 -6.5 22.69009
v 27.19843 -3.5 13.39585
v 23.44426 -3.5 16.69831
v 26.74672 -3.5 20.45248
v 22.83114 -3.5 19.63498
v 22.99254 -3.5 23.75493
v 24.33721 -3.5 27.10036
v 12.99924 -3.5 22.69009
v 14.02111 -3.5 17.79563
v 8.717896 -3.5 18.73155
v 10.01959 -3.5 27.17581
v 15.61312 -3.5 15.06332
v 12.51504 -3.5 10.33026
v 18.66823 -3.5 24.89522
v 17.28059 -3.5 26.64864
v 19.73306 -3.5 14.90192
v 20.55056 -3.5 10.98635
v 22.83114 -0.5 19.63498
v 18.91557 -0.5 18.81749
v 18.66823 -0.5 24.89522
v 22.99254 -0.5 23.75493
v 14.02111 -0.5 17.79563
v 12.99924 -0.5 22.69009
v 23.44426 -0.5 16.69831
v 19.73306 -0.5 14.90192
v 15.61312 -0.5 15.06332
f 716 717 718
f 719 716 718
f 720 721 722
f 723 720 722
f 724 725 726
f 727 724 726
f 728 729 730
f 731 728 730
f 732 733 734
f 732 735 733
f 736 737 738
f 736 739 737
f 740 741 742
f 740 743 741
f 744 745 746
f 744 747 745
f 748 749 750
f 748 751 749
f 752 751 753
f 752 753 754
f 755 756 757
f 755 758 756
f 759 760 761
f 760 762 761
f 763 764 765
f 766 763 765
f 767 768 769
f 770 767 769
f 771 772 773
f 774 771 773
f 775 776 777
f 778 775 777
f 779 780 781
f 779 782 780
f 783 784 785
f 783 786 784
f 787 788 789
f 787 790 788
f 791 792 793
f 791 794 792
f 795 796 797
f 796 798 797
f 799 800 801
f 799 798 800
f 802 803 804
f 805 802 804
f 806 807 808
f 806 808 803
f 809 810 811
f 809 812 810
f 813 812 809
f 813 814 812
f 815 811 816
f 815 809 811
f 817 809 815
f 817 813 809
f 818 819 820
f 819 821 820
f 820 821 822
f 823 820 822
f 824 825 826
f 824 826 827
f 828 829 826
f 825 828 826
f 822 830 831
f 823 822 831
f 831 830 824
f 831 824 827
f 832 833 828
f 833 829 828
f 833 819 818
f 833 832 819
f 834 835 836
f 837 834 836
f 835 838 839
f 836 835 839
f 840 841 835
f 834 840 835
f 841 842 838
f 835 841 838
v 23 22.5 -6.000001
v 17 22.5 -6.000001
v 17 23 -6.000001
v 23 23 -6.000001
v 17 23 4.000029
v 23 22.5 3.999563
v 23 23 3.999563
v 17 22.5 4.000029
v 9.499998 22.5 -5.999811
v 9.499998 23 -5.999811
v 9.499998 22.5 -5.999811
v 8.999995 22.5 -6.000001
v 8.999995 23 -6.000001
v 9.499998 23 -5.999811
v 9.499998 23 4.000455
v 9.499998 22.5 4.000455
v 9.000218 23 4.000495
v 9.000218 22.5 4.000495
v 22.99998 22.5 -1.5
v 23 22.5 -6.000001
v 23 23 -6.000001
v 22.99998 23 -1.5
v 8.999995 23 -6.000001
v 9.000078 22.5 -1.5
v 9.000078 23 -1.5
v 8.999995 22.5 -6.000001
v 17 23 -6.000001
v 16.99997 23 -1.5
v 22.99998 23 -1.5
v 23 23 -6.000001
v 23 22.5 -6.000001
v 22.99998 22.5 -1.5
v 17 22.5 -6.000001
v 16.99997 22.5 -1.5
v 8.999995 23 -6.000001
v 9.000078 23 -1.5
v 9.499998 23 -5.999811
v 9.499969 23 -1.5
v 9.499969 22.5 -1.5
v 9.000078 22.5 -1.5
v 9.499998 22.5 -5.999811
v 8.999995 22.5 -6.000001
v 23 22.5 3.999563
v 22.99999 22.5 1.249781
v 22.99999 23 1.249781
v 23 23 3.999563
v 9.000149 23 1.250247
v 9.000218 22.5 4.000495
v 9.000218 23 4.000495
v 9.000149 22.5 1.250247
v 16.99999 23 1.250014
v 23 23 3.999563
v 22.99999 23 1.249781
v 17 23 4.000029
v 23 22.5 3.999563
v 17 22.5 4.000029
v 16.99999 22.5 1.250014
v 22.99999 22.5 1.249781
v 9.000149 23 1.250247
v 9.499984 23 1.250228
v 9.499998 23 4.000455
v 9.000218 23 4.000495
v 9.499962 9.5 -1.500002
v 9.499976 9.5 1.250229
v 9.000071 9.5 -1.500002
v 9.000141 9.5 1.250248
v 9.499998 22.5 4.000455
v 9.000218 22.5 4.000495
v 9.000149 22.5 1.250247
v 9.499984 22.5 1.250228
v 9.499969 22.5 -1.5
v 9.499984 22.5 1.250228
v 9.499962 9.5 -1.500002
v 9.499976 9.5 1.250229
v 9.000078 22.5 -1.5
v 9.499969 22.5 -1.5
v 9.000071 9.5 -1.500002
v 9.499962 9.5 -1.500002
v 9.499984 22.5 1.250228
v 9.000149 22.5 1.250247
v 9.499976 9.5 1.250229
v 9.000141 9.5 1.250248
v 9.000149 22.5 1.250247
v 9.000078 22.5 -1.5
v 9.000141 9.5 1.250248
v 9.000071 9.5 -1.500002
f 843 844 845
f 846 843 845
f 847 848 849
f 847 850 848
f 844 851 852
f 845 844 852
f 853 854 855
f 856 853 855
f 847 857 858
f 847 858 850
f 859 858 857
f 859 860 858
f 861 862 863
f 864 861 863
f 865 866 867
f 865 868 866
f 869 870 871
f 869 871 872
f 873 874 875
f 874 876 875
f 877 878 879
f 879 878 880
f 879 880 870
f 879 870 869
f 881 882 883
f 883 882 884
f 875 876 883
f 876 881 883
f 885 886 887
f 888 885 887
f 886 861 864
f 887 886 864
f 889 890 891
f 889 892 890
f 867 892 889
f 867 866 892
f 893 894 895
f 893 896 894
f 870 893 895
f 870 895 871
f 897 898 899
f 900 897 899
f 874 900 876
f 900 899 876
f 878 901 902
f 878 902 880
f 901 903 902
f 901 904 903
f 902 896 893
f 902 903 896
f 880 902 893
f 880 893 870
f 905 906 907
f 906 908 907
f 909 910 911
f 912 909 911
f 898 909 912
f 899 898 912
f 876 899 881
f 899 912 881
f 913 914 915
f 914 916 915
f 917 918 919
f 918 920 919
f 921 922 923
f 922 924 923
f 925 926 927
f 926 928 927
v -15.54175 8.5 -23.07452
v -10.46366 8.5 -19.01618
v -10.46366 9 -19.01618
v -15.54175 9 -23.07452
v -9.215122 9 -20.57871
v -14.29284 8.5 -24.63606
v -14.29284 9 -24.63606
v -9.215122 8.5 -20.57871
v -10.46366 8.5 -19.01618
v -9.682659 8.5 -18.39165
v -9.682659 9 -18.39165
v -10.46366 9 -19.01618
v -9.682659 8.5 -18.39165
v -4.605303 8.5 -14.33413
v -4.605303 9 -14.33413
v -9.682659 9 -18.39165
v -8.433891 9 -19.95447
v -8.433891 8.5 -19.95447
v -3.355777 9 -15.89681
v -3.355777 8.5 -15.89681
v -15.22956 8.5 -23.4645
v -15.54175 8.5 -23.07452
v -15.54175 9 -23.07452
v -15.22956 9 -23.4645
v -4.605303 9 -14.33413
v -4.292408 8.5 -14.72517
v -4.292408 9 -14.72517
v -4.605303 8.5 -14.33413
v -10.46366 9 -19.01618
v -10.15149 9 -19.40686
v -15.22956 9 -23.4645
v -15.54175 9 -23.07452
v -15.54175 8.5 -23.07452
v -15.22956 8.5 -23.4645
v -10.46366 8.5 -19.01618
v -10.15149 8.5 -19.40686
v -4.605303 9 -14.33413
v -9.370255 9 -18.78262
v -9.682659 9 -18.39165
v -4.292408 9 -14.72517
v -4.605303 8.5 -14.33413
v -9.370255 8.5 -18.78262
v -4.292408 8.5 -14.72517
v -9.682659 8.5 -18.39165
v -14.29284 8.5 -24.63606
v -14.60514 8.5 -24.24559
v -14.60514 9 -24.24559
v -14.29284 9 -24.63606
v -14.60514 8.5 -24.24559
v -15.22956 8.5 -23.4645
v -15.22956 9 -23.4645
v -14.60514 9 -24.24559
v -3.668032 9 -15.5063
v -3.355777 8.5 -15.89681
v -3.355777 9 -15.89681
v -3.668032 8.5 -15.5063
v -4.292408 9 -14.72517
v -3.668032 8.5 -15.5063
v -3.668032 9 -15.5063
v -4.292408 8.5 -14.72517
v -14.60514 9 -24.24559
v -9.527244 9 -20.1881
v -14.29284 9 -24.63606
v -9.215122 9 -20.57871
v -14.29284 8.5 -24.63606
v -9.215122 8.5 -20.57871
v -9.527244 8.5 -20.1881
v -14.60514 8.5 -24.24559
v -8.746012 9 -19.56385
v -3.668032 9 -15.5063
v -8.433891 9 -19.95447
v -3.355777 9 -15.89681
v -8.433891 8.5 -19.95447
v -3.355777 8.5 -15.89681
v -3.668032 8.5 -15.5063
v -8.746012 8.5 -19.56385
v -9.527244 -7.5 -20.1881
v -8.746012 -7.5 -19.56385
v -9.370255 -7.5 -18.78262
v -10.15149 -7.5 -19.40686
v -9.527244 8.5 -20.1881
v -8.746012 8.5 -19.56385
v -9.527244 -7.5 -20.1881
v -8.746012 -7.5 -19.56385
v -8.746012 8.5 -19.56385
v -9.370255 8.5 -18.78262
v -8.746012 -7.5 -19.56385
v -9.370255 -7.5 -18.78262
v -9.370255 8.5 -18.78262
v -10.15149 8.5 -19.40686
v -9.370255 -7.5 -18.78262
v -10.15149 -7.5 -19.40686
v -10.15149 8.5 -19.40686
v -9.527244 8.5 -20.1881
v -10.15149 -7.5 -19.40686
v -9.527244 -7.5 -20.1881
f 929 930 931
f 932 929 931
f 933 934 935
f 933 936 934
f 937 938 939
f 940 937 939
f 941 942 943
f 944 941 943
f 945 936 933
f 945 946 936
f 947 946 945
f 947 948 946
f 949 950 951
f 952 949 951
f 953 954 955
f 953 956 954
f 957 958 959
f 957 959 960
f 961 962 963
f 962 964 963
f 965 966 967
f 968 966 965
f 966 958 967
f 967 958 957
f 969 970 971
f 972 970 969
f 963 964 972
f 972 964 970
f 973 974 975
f 976 973 975
f 977 978 979
f 980 977 979
f 981 982 983
f 981 984 982
f 985 986 987
f 985 988 986
f 989 990 991
f 990 992 991
f 959 958 989
f 958 990 989
f 993 994 995
f 993 995 996
f 996 995 964
f 996 964 962
f 966 968 997
f 968 998 997
f 997 998 999
f 998 1000 999
f 990 997 992
f 997 999 992
f 958 966 990
f 966 997 990
f 1001 1002 1003
f 1001 1003 1004
f 1004 1003 971
f 1004 971 970
f 994 1001 1004
f 994 1004 995
f 1005 1006 1007
f 1005 1007 1008
f 1009 1010 1011
f 1010 1012 1011
f 1013 1014 1015
f 1014 1016 1015
f 1017 1018 1019
f 1018 1020 1019
f 1021 1022 1023
f 1022 1024 1023
v -1.767574 -7 -2.57516
v -4.917893 -7 -5.040011
v -4.917893 -1 -5.040011
v -1.767574 -1 -2.57516
v -8.068213 -7 -7.504862
v -8.068213 -1 -7.504862
v -11.76549 -1 -2.779384
v -9.231383 -7 0.4730472
v -9.231383 -1 0.4730472
v -11.76549 -7 -2.779384
v -9.231383 -1 0.4730472
v -5.464851 -7 2.150319
v -5.464851 -1 2.150319
v -9.231383 -7 0.4730472
v -5.464851 -7 2.150319
v -2.828633 -7 0.4037926
v -2.828633 -1 0.4037926
v -5.464851 -1 2.150319
v -2.828633 -7 0.4037926
v -1.767574 -7 -2.57516
v -1.767574 -1 -2.57516
v -2.828633 -1 0.4037926
v -8.068213 -1 -7.504862
v -10.70443 -7 -5.758336
v -10.70443 -1 -5.758336
v -8.068213 -7 -7.504862
v -10.70443 -1 -5.758336
v -11.76549 -7 -2.779384
v -11.76549 -1 -2.779384
v -10.70443 -7 -5.758336
v -4.917893 -1 -5.040011
v -6.766532 -1 -2.677272
v -2.828633 -1 0.4037926
v -1.767574 -1 -2.57516
v -9.231383 -1 0.4730472
v -5.464851 -1 2.150319
v -8.068213 -1 -7.504862
v -10.70443 -1 -5.758336
v -11.76549 -1 -2.779384
v -6.766532 -7 -2.677272
v -8.068213 -7 -7.504862
v -4.917893 -7 -5.040011
v -10.70443 -7 -5.758336
v -9.231383 -7 0.4730472
v -11.76549 -7 -2.779384
v -2.828633 -7 0.4037926
v -1.767574 -7 -2.57516
v -5.464851 -7 2.150319
f 1025 1026 1027
f 1028 1025 1027
f 1026 1029 1030
f 1027 1026 1030
f 1031 1032 1033
f 1031 1034 1032
f 1035 1036 1037
f 1035 1038 1036
f 1039 1040 1041
f 1042 1039 1041
f 1043 1044 1045
f 1046 1043 1045
f 1047 1048 1049
f 1047 1050 1048
f 1051 1052 1053
f 1051 1054 1052
f 1055 1056 1057
f 1058 1055 1057
f 1056 1059 1060
f 1057 1056 1060
f 1061 1062 1056
f 1055 1061 1056
f 1062 1063 1059
f 1056 1062 1059
f 1064 1065 1066
f 1064 1067 1065
f 1068 1067 1064
f 1068 1069 1067
f 1070 1066 1071
f 1070 1064 1066
f 1072 1064 1070
f 1072 1068 1064
v -1948.369 -77.40133 1771.752
v -1948.369 -60.26177 1893.269
v -1826.852 -75.06325 1893.269
v -1826.852 -80.13828 1771.752
v -1948.369 -83.41991 1650.236
v -1705.336 -59.07838 1893.269
v -1826.852 -62.21967 1650.236
v -1948.369 -60.74539 1528.719
v -1705.336 -69.46096 1771.752
v -1583.819 -87.47517 1893.269
v -1826.852 -50.95874 1528.719
v -1948.369 -89.70356 1407.202
v -1705.336 -51.09961 1650.236
v -1583.819 -71.13896 1771.752
v -1462.302 -55.07796 1893.269
v -1826.852 -58.79414 1407.202
v -1948.369 -61.50735 1285.685
v -1705.336 -72.21648 1528.719
v -1462.302 -76.34456 1771.752
v -1340.785 -78.23666 1893.269
v -1583.819 -73.58164 1650.236
v -1826.852 -79.58449 1285.685
v -1948.369 -76.1489 1164.168
v -1340.785 -75.5812 1771.752
v -1219.268 -64.13934 1893.269
v -1705.336 -79.68772 1407.202
v -1583.819 -57.22097 1528.719
v -1462.302 -86.60616 1650.236
v -1826.852 -58.1614 1164.168
v -1948.369 -54.56787 1042.651
v -1219.268 -68.7738 1771.752
v -1097.751 -65.40716 1893.269
v -1705.336 -65.38621 1285.685
v -1583.819 -68.11935 1407.202
v -1462.302 -84.07036 1528.719
v -1340.785 -52.29094 1650.236
v -1826.852 -59.59171 1042.651
v -1948.369 -52.27728 921.1346
v -1097.751 -66.78608 1771.752
v -976.2346 -78.45255 1893.269
v -1705.336 -54.26133 1164.168
v -1583.819 -84.35283 1285.685
v -1462.302 -66.75425 1407.202
v -1340.785 -70.05047 1528.719
v -1219.268 -70.86948 1650.236
v -976.2346 -74.51142 1771.752
v -854.7178 -56.64338 1893.269
v -1097.751 -78.37724 1650.236
v -1219.268 -80.44614 1528.719
v -1340.785 -59.60252 1407.202
v -1462.302 -68.20768 1285.685
v -854.7178 -68.44169 1771.752
v -733.201 -60.98253 1893.269
v -976.2346 -70.41896 1650.236
v -1097.751 -73.17123 1528.719
v -1219.268 -73.48473 1407.202
v -733.201 -62.04167 1771.752
v -611.6841 -77.75574 1893.269
v -854.7178 -59.17182 1650.236
v -976.2346 -51.21351 1528.719
v -611.6841 -55.18723 1771.752
v -490.1673 -64.34277 1893.269
v -733.201 -72.56621 1650.236
v -490.1673 -63.82813 1771.752
v -368.6505 -61.57047 1893.269
v -1340.785 -67.80141 1285.685
v -1097.751 -72.72722 1407.202
v -854.7181 -69.0093 1528.719
v -611.6855 -57.12584 1650.237
v -368.6505 -60.51782 1771.752
v -247.1337 -69.65464 1893.269
v -1219.268 -67.81792 1285.685
v -976.2378 -53.14001 1407.205
v -733.2039 -74.48739 1528.722
v -490.1717 -67.64294 1650.242
v -247.1337 -59.229 1771.752
v -125.6168 -51.03148 1893.269
v -1097.752 -53.09937 1285.686
v -854.7173 -79.00507 1407.201
v -611.7324 -52.72734 1528.801
v -368.6646 -55.48965 1650.272
v -125.6168 -73.48019 1771.752
v -4.100003 -48.13192 1893.269
v -976.2665 -57.29366 1285.714
v -733.2203 -74.0084 1407.227
v -490.1554 -82.65869 1528.69
v -247.1414 -59.10389 1650.287
v -4.100003 -76.52726 1771.752
v 117.4168 -62.74456 1893.269
v -854.7739 -69.09287 1285.741
v -611.7216 -72.71534 1407.265
v -368.762 -41.31711 1529.118
v -125.6168 -56.32625 1650.303
v 117.4168 -69.30182 1771.752
v 238.9337 -62.92793 1893.269
v -732.8318 -109.1328 1285.245
v -490.2794 -63.41293 1407.461
v -247.2242 -28.50544 1529.393
v -4.107294 -96.97504 1650.187
v 238.9337 -81.03606 1771.752
v 360.4505 -79.26221 1893.269
v -612.5533 -17.55918 1286.985
v -368.8197 -52.20506 1407.791
v -125.6168 -84.84444 1528.615
v 117.4275 -61.03139 1650.263
v 360.4505 -63.23524 1771.752
v 481.9673 -50.3579 1893.269
v -490.5471 -48.24651 1286.442
v -247.1869 -62.15409 1407.572
v -4.112954 -84.98799 1528.622
v 238.939 -65.19427 1650.243
v 481.9673 -66.47082 1771.752
v 603.4842 -69.81273 1893.269
v -368.6479 -72.23759 1285.677
v -125.6182 -52.51937 1407.867
v 117.4132 -79.45901 1528.705
v 360.4509 -71.41608 1650.236
v 603.4842 -42.91999 1771.752
v 725.001 -63.24997 1893.269
v -247.3279 -41.82147 1286.818
v -4.096567 -74.01498 1407.236
v 238.9728 -61.19481 1528.854
v 481.9673 -63.72104 1650.236
v 725.001 -76.99133 1771.752
v 846.5178 -52.89908 1893.269
v -125.6836 -37.83592 1287.065
v 117.5613 -42.08073 1408.21
v 360.4554 -73.28592 1528.749
v 603.4842 -84.63135 1650.236
v 846.5178 -79.00492 1771.752
v 968.0346 -78.8231 1893.269
v -4.09994 -71.29046 1285.661
v 238.9699 -67.3493 1407.484
v 481.9677 -64.86642 1528.785
v 725.001 -80.11181 1650.236
v 968.0346 -71.5613 1771.752
v 1089.551 -72.23306 1893.269
v 117.4213 -63.95342 1286.065
v 360.5286 -46.83815 1408.083
v 603.4852 -46.04491 1528.873
v 846.5178 -67.39468 1650.236
v 1089.551 -78.78455 1771.752
v 1211.068 -78.24304 1893.269
v 238.917 -79.1373 1285.209
v 481.9759 -71.35828 1407.366
v 725.0087 -66.48989 1528.767
v 968.0346 -51.03621 1650.236
v 1211.068 -71.16203 1771.752
v 1332.585 -87.53115 1893.269
v 360.5132 -55.47577 1286.659
v 603.4844 -77.21817 1407.205
v 846.5323 -63.27004 1528.756
v 1089.551 -55.81789 1650.236
v 1332.585 -70.49777 1771.752
v 1454.102 -50.36654 1893.269
v 481.9654 -72.4569 1285.664
v 725.0217 -70.61446 1407.349
v 968.0303 -85.55168 1528.713
v 1211.068 -90.38517 1650.236
v 1454.102 -47.65372 1771.752
v 1575.619 -47.13106 1893.269
v 603.6002 -53.38139 1286.688
v 846.5533 -70.35604 1407.329
v 1089.553 -64.64225 1528.72
v 1332.585 -41.87667 1650.235
v 1575.619 -51.52751 1771.752
v 1697.136 -47.51913 1893.269
v 725.1207 -57.99627 1286.377
v 968.0738 -69.60557 1407.297
v 1211.068 -59.84578 1528.719
v 1454.102 -55.25745 1650.236
v 1697.136 -73.09722 1771.752
v 1818.652 -67.85176 1893.269
v 846.5613 -70.50558 1285.836
v 1089.611 -57.91821 1407.303
v 1332.585 -67.83875 1528.719
v 1575.619 -89.71861 1650.236
v 1818.652 -63.11909 1771.752
v 1940.169 -85.77798 1893.269
v 1940.169 -89.07173 1771.752
v 1697.136 -57.87205 1650.236
v 1818.652 -51.57481 1650.236
v 1940.169 -76.97687 1650.236
v 1454.102 -49.71714 1528.719
v 1211.064 -82.76685 1407.197
v 1575.619 -63.45891 1528.719
v 1818.652 -60.03432 1528.719
v 1940.169 -79.11632 1528.719
v 1697.136 -52.53994 1528.719
v 1332.586 -60.84198 1407.203
v 1818.652 -73.15469 1407.202
v 1940.169 -65.13276 1407.202
v 1454.102 -68.45124 1407.202
v 1697.136 -73.46194 1407.202
v 1575.619 -61.4445 1407.202
v 1818.652 -56.11481 1285.685
v 1940.169 -65.16879 1285.685
v 1697.136 -65.33195 1285.685
v 1575.619 -70.85116 1285.685
v 1454.105 -62.11783 1285.688
v 1332.613 -64.82204 1285.717
v 1818.652 -79.63884 1164.168
v 1940.169 -69.25341 1164.168
v 1697.136 -50.62216 1164.168
v 1575.62 -59.28826 1164.169
v 1454.097 -80.78911 1164.164
v 1818.652 -63.26731 1042.651
v 1940.169 -62.57738 1042.651
v 1697.136 -65.2197 1042.651
v 1575.654 -49.54102 1042.682
v 1818.652 -61.76966 921.1346
v 1940.169 -45.36942 921.1346
v 1697.135 -82.73692 921.134
v 1818.652 -71.06033 799.6178
v 1940.169 -42.56951 799.6177
v 1332.566 -80.43626 1164.149
v 1454.418 -42.09533 1042.893
v 1575.653 -71.62231 921.1546
v 1697.154 -57.63482 799.6306
v 1818.652 -88.06971 678.101
v 1940.169 -49.30771 678.1009
v 1332.996 -57.55747 1042.996
v 1453.796 -93.81618 920.9533
v 1575.851 -56.87475 799.7133
v 1697.196 -53.9699 678.1242
v 1818.652 -66.08448 556.5841
v 1940.169 -78.591 556.5841
v 1333.162 -57.35942 921.5204
v 1453.694 -89.74249 799.4418
v 1575.877 -62.52463 678.1727
v 1697.213 -59.5167 556.5964
v 1818.652 -65.89513 435.0673
v 1940.169 -71.46373 435.0673
v 1333.044 -61.08749 799.8479
v 1455.532 -37.21745 678.5112
v 1576.678 -27.26479 556.7284
v 1697.133 -79.07059 435.0673
v 1818.652 -67.26993 313.5504
v 1940.169 -67.90512 313.5504
v 1333.487 -51.89351 678.4025
v 1453.99 -75.83961 556.5681
v 1576.149 -53.94624 435.0673
v 1697.194 -63.99654 313.5411
v 1818.652 -84.20722 192.0336
v 1940.169 -70.83247 192.0336
v 1333.887 -44.9146 556.8021
v 1453.816 -79.13641 435.0673
v 1575.281 -93.55503 313.5964
v 1697.178 -61.31111 192.0173
v 1818.652 -66.98796 70.51681
v 1940.169 -66.91807 70.51681
v 1333.329 -53.95942 435.0673
v 1454.713 -59.38845 313.4629
v 1575.836 -65.0593 191.9752
v 1697.162 -56.27471 70.50999
v 1818.653 -73.96884 -50.99959
v 1940.169 -62.49499 -51.00001
v 1333.322 -54.4099 313.4318
v 1455.706 -34.3353 191.6638
v 1575.508 -86.54637 70.52594
v 1697.168 -69.11705 -50.97338
v 1818.693 -55.93216 -172.4822
v 1940.169 -70.8774 -172.5168
v 1333.132 -59.33239 191.9433
v 1454.733 -60.03441 70.51971
v 1575.511 -84.2245 -51.06116
v 1697.096 -81.73747 -172.5474
v 1818.739 -66.24549 -293.9835
v 1940.176 -61.39913 -294.0274
v 1337.682 6.369837 71.11125
v 1454.623 -63.91531 -50.76849
v 1575.741 -72.1772 -172.423
v 1697.739 -54.52527 -293.6766
v 1819.268 -37.97623 -415.295
v 1940.171 -77.74592 -415.549
v 1333.128 -60.11384 -50.77388
v 1453.543 -80.20399 -172.8966
v 1576.017 -64.29858 -293.7719
v 1698.652 -38.8694 -414.8956
v 1819.143 -57.07014 -536.931
v 1940.311 -58.3452 -537.0129
v 1334.156 -44.07159 -171.6007
v 1454.305 -61.90976 -293.8962
v 1577.122 -45.7253 -414.8157
v 1697.323 -69.23842 -537.0134
v 1819.143 -60.67428 -658.5175
v 1940.407 -57.93533 -658.5463
v 1328.851 -91.53689 -296.4225
v 1454.569 -53.03738 -415.3029
v 1576.228 -56.59621 -536.8708
v 1699.955 -25.8551 -658.179
v 1818.597 -78.58538 -780.101
v 1940.473 -55.81861 -780.101
v 1336.197 -12.56372 -413.5222
v 1454.53 -48.68463 -536.9191
v 1576.554 -50.94653 -658.4365
v 1696.247 -84.16906 -780.101
v 1819.167 -59.89812 -901.6877
v 1940.461 -53.22629 -901.6642
v 1332.969 -35.38028 -536.922
v 1453.752 -52.59747 -658.6401
v 1573.052 -89.48797 -780.0842
v 1698.227 -53.56076 -901.7747
v 1818.784 -72.19209 -1023.171
v 1940.214 -72.13058 -1023.152
v 1335.37 -12.28089 -658.1288
v 1460.804 12.37821 -780.2803
v 1575.705 -60.61691 -901.6326
v 1697.785 -60.77721 -1023.321
v 1818.822 -67.2671 -1144.722
v 1940.207 -63.68085 -1144.677
v 1337.792 8.10312 -780.3918
v 1454.448 -46.66817 -901.6921
v 1574.262 -81.70328 -1022.68
v 1697.44 -67.65515 -1144.783
v 1818.634 -81.18746 -1266.158
v 1940.169 -79.78882 -1266.168
v 1331.182 -48.1162 -901.225
v 1458.756 -3.293947 -1025.031
v 1576.557 -53.52393 -1145.122
v 1697.494 -63.71168 -1266.38
v 1818.659 -74.73195 -1387.691
v 1940.169 -52.51662 -1387.685
v 1334.423 -23.64198 -1024.075
v 1451.261 -95.05407 -1142.936
v 1575.321 -78.23306 -1265.969
v 1697.385 -58.21597 -1387.876
v 1818.651 -92.53732 -1509.201
v 1940.169 -87.29979 -1509.202
v 1331.292 -63.98363 -1143.679
v 1455.504 -42.55759 -1267.291
v 1576.426 -49.40898 -1388.362
v 1697.203 -58.21477 -1509.262
v 1818.652 -88.5739 -1630.719
v 1940.169 -69.23344 -1630.719
v 1331.225 -77.03028 -1264.811
v 1454.628 -59.29127 -1388.211
v 1575.893 -57.47049 -1509.476
v 1697.139 -67.63912 -1630.722
v 1818.652 -74.72388 -1752.236
v 1940.169 -68.31679 -1752.236
v 1332.999 -56.7408 -1388.201
v 1453.58 -96.45563 -1508.579
v 1575.622 -77.42229 -1630.723
v 1697.136 -60.05047 -1752.236
v 1818.652 -51.35038 -1873.752
v 1940.169 -61.89261 -1873.752
v 1818.652 -76.67085 -1995.269
v 1940.169 -98.67306 -1995.269
v 1697.136 -75.8895 -1995.269
v 1697.136 -50.67841 -1873.752
v 1575.619 -76.28561 -1995.269
v 1575.619 -68.75041 -1873.752
v 1454.102 -68.39026 -1995.269
v 1575.622 -38.46233 -1752.239
v 1454.102 -64.29354 -1873.752
v 1332.585 -77.52473 -1995.269
v 1454.114 -70.91816 -1752.249
v 1332.591 -49.32756 -1873.758
v 1211.068 -72.78732 -1995.269
v 1454.3 -57.45356 -1630.978
v 1211.061 -87.48677 -1873.741
v 1089.551 -74.28153 -1995.269
v 1332.707 -48.72886 -1752.444
v 1332.559 -78.78131 -1630.674
v 1089.596 -45.27828 -1873.868
v 968.0346 -54.90966 -1995.269
v 1211.165 -63.13284 -1752.468
v 1333.468 -45.24485 -1510.522
v 968.0456 -66.62524 -1873.821
v 846.5178 -60.36697 -1995.269
v 1089.874 -28.90101 -1753.394
v 1210.909 -83.65046 -1630.35
v 1210.548 -83.85133 -1508.164
v 846.5178 -88.68098 -1873.685
v 725.001 -59.85112 -1995.269
v 968.0927 -62.80953 -1752.663
v 1089.774 -58.50341 -1631.492
v 1213.282 -12.70744 -1391.334
v 724.9907 -67.39522 -1873.817
v 603.4842 -94.54952 -1995.269
v 846.5178 -68.52643 -1752.503
v 1089.254 -75.37405 -1508.328
v 968.3832 -32.55698 -1633.122
v 1212.169 -31.98986 -1267.602
v 603.4653 -64.55062 -1873.801
v 481.9673 -68.0037 -1995.269
v 724.9651 -68.26676 -1752.5
v 846.5101 -91.45633 -1629.344
v 1089.335 -58.93138 -1387.174
v 968.4514 -35.67422 -1511.49
v 1209.425 -57.3548 -1143.05
v 481.9565 -65.89113 -1873.768
v 360.4505 -69.65178 -1995.269
v 603.4233 -68.51973 -1752.454
v 724.7139 -36.68993 -1632.915
v 846.4794 -74.40845 -1507.901
v 1090.228 -29.1327 -1267.409
v 968.1436 -45.31548 -1388.132
v 360.4496 -73.49956 -1873.753
v 238.9337 -77.98562 -1995.269
v 481.9325 -72.90707 -1752.319
v 603.4011 -67.23748 -1631.029
v 724.9574 -57.38893 -1509.571
v 846.426 -58.53342 -1386.345
v 968.7747 -16.03443 -1268.43
v 238.9337 -65.48934 -1873.752
v 117.4168 -73.48396 -1995.269
v 360.4371 -75.30679 -1752.259
v 481.6637 -58.19057 -1631.471
v 602.9626 -41.88045 -1511.164
v 725.0583 -52.05162 -1387.127
v 117.4168 -70.32874 -1873.752
v -4.100003 -70.41348 -1995.269
v 238.9273 -74.41181 -1752.243
v 360.646 -89.13763 -1630.367
v 480.9301 -35.42991 -1511.721
v -4.100003 -43.60365 -1873.752
v -125.6168 -77.65605 -1995.269
v 117.4164 -74.2917 -1752.236
v 238.9492 -80.03825 -1630.697
v -125.6168 -68.14719 -1873.752
v -247.1337 -70.18665 -1995.269
v -4.100003 -71.65642 -1752.236
v -247.1337 -73.54735 -1873.752
v -368.6505 -80.16 -1995.269
v 601.6497 7.300019 -1394.432
v 360.2081 -64.50133 -1509.638
v 117.4108 -76.80076 -1630.726
v -125.6168 -72.82994 -1752.236
v -368.6505 -64.48206 -1873.752
v -490.1673 -64.1775 -1995.269
v 481.4602 -44.37031 -1388.843
v 239.1815 -84.31403 -1508.845
v -4.102532 -71.69622 -1630.721
v -247.1337 -58.54279 -1752.236
v -490.1673 -56.16589 -1873.752
v -611.6841 -71.36246 -1995.269
v 357.8822 -14.14672 -1391.972
v 117.5181 -84.59167 -1509.076
v -125.6168 -67.97469 -1630.719
v -368.6505 -77.75546 -1752.236
v -611.6841 -65.66727 -1873.752
v -733.201 -82.87282 -1995.269
v 238.4877 -59.8179 -1388.28
v -4.075328 -83.47054 -1509.173
v -247.1337 -67.54657 -1630.719
v -490.1673 -68.59766 -1752.236
v -733.201 -80.61826 -1873.752
v -854.7178 -74.38065 -1995.269
v 115.0553 -12.97886 -1390.394
v -125.6366 -52.67944 -1509.225
v -368.6505 -57.54467 -1630.719
v -611.6841 -63.96743 -1752.236
v -854.7178 -56.20165 -1873.752
v -976.2346 -57.14752 -1995.269
v -4.195638 -72.88464 -1387.79
v -247.134 -66.13956 -1509.202
v -490.1673 -67.18358 -1630.719
v -733.201 -63.94589 -1752.236
v -976.2346 -83.3644 -1873.752
v -1097.751 -61.57966 -1995.269
v -125.6726 -69.08988 -1387.751
v -368.6505 -69.7745 -1509.202
v -611.6841 -82.64622 -1630.719
v -854.7178 -62.04869 -1752.236
v -1097.751 -65.18934 -1873.752
v -1219.268 -77.75835 -1995.269
v -247.1514 -64.72691 -1387.705
v -490.1673 -73.16034 -1509.202
v -733.201 -46.50022 -1630.719
v -976.2346 -59.97101 -1752.236
v -1219.268 -72.64697 -1873.752
v -1340.785 -70.99168 -1995.269
v -368.6517 -68.70913 -1387.686
v -611.6841 -82.34724 -1509.202
v -854.7178 -54.83852 -1630.719
v -1097.751 -64.98723 -1752.236
v -1340.785 -63.99816 -1873.752
v -1462.302 -75.8643 -1995.269
v -490.1673 -83.29855 -1387.685
v -733.201 -71.46509 -1509.202
v -976.2346 -62.09101 -1630.719
v -1219.268 -58.34787 -1752.236
v -1462.302 -77.35569 -1873.752
v -1583.819 -60.91771 -1995.269
v -611.6841 -50.00381 -1387.685
v -854.7178 -67.23705 -1509.202
v -1097.751 -53.92006 -1630.719
v -1340.785 -95.39157 -1752.236
v -1583.819 -80.96084 -1873.752
v -1705.336 -59.00812 -1995.269
v -733.201 -70.63634 -1387.685
v -976.2346 -65.04022 -1509.202
v -1219.268 -79.06821 -1630.719
v -1462.302 -57.96262 -1752.236
v -1705.336 -70.91921 -1873.752
v -1826.852 -62.54773 -1995.269
v -854.7178 -78.98271 -1387.685
v -1097.751 -60.20359 -1509.202
v -1340.785 -60.06002 -1630.719
v -1583.819 -79.64924 -1752.236
v -1826.852 -80.56927 -1873.752
v -1948.369 -38.88544 -1995.269
v -1948.369 -68.15128 -1873.752
v -1705.336 -55.89112 -1752.236
v -1826.852 -72.58869 -1752.236
v -1948.369 -71.14374 -1752.236
v -1462.302 -71.86836 -1630.719
v -1219.268 -84.3723 -1509.202
v -1583.819 -55.98941 -1630.719
v -1826.852 -53.97036 -1630.719
v -1948.369 -81.40328 -1630.719
v -1705.336 -70.68849 -1630.719
v -1340.785 -71.39638 -1509.202
v -1826.852 -64.53503 -1509.202
v -1948.369 -85.15296 -1509.202
v -1462.302 -81.97608 -1509.202
v -1705.336 -80.07724 -1509.202
v -1583.819 -80.03154 -1509.202
v -1826.852 -49.5606 -1387.685
v -1948.369 -67.14458 -1387.685
v -1705.336 -58.48911 -1387.685
v -1583.819 -80.34367 -1387.685
v -1462.302 -48.87488 -1387.685
v -1340.785 -70.66061 -1387.685
v -1826.852 -60.58154 -1266.168
v -1948.369 -59.00346 -1266.168
v -1705.336 -74.01886 -1266.168
v -1583.819 -77.12714 -1266.168
v -1462.302 -60.49073 -1266.168
v -1826.852 -68.37089 -1144.651
v -1948.369 -63.73467 -1144.651
v -1705.336 -52.11421 -1144.651
v -1583.82 -66.78233 -1144.652
v -1826.852 -57.94686 -1023.135
v -1948.369 -50.5604 -1023.135
v -1705.335 -81.06032 -1023.134
v -1826.853 -71.45077 -901.6185
v -1948.369 -67.34792 -901.6178
v -1340.786 -74.03177 -1266.169
v -1462.319 -65.43226 -1144.671
v -1583.831 -73.73354 -1023.148
v -1705.381 -62.28578 -901.6586
v -1826.874 -64.37335 -780.1191
v -1948.369 -51.41643 -780.101
v -1340.844 -61.46365 -1144.753
v -1462.238 -86.50244 -1023.051
v -1583.915 -69.77262 -901.7137
v -1705.6 -53.28268 -780.3026
v -1826.907 -69.48879 -658.6156
v -1948.37 -76.77511 -658.5847
v -1340.527 -96.54013 -1022.698
v -1462.636 -60.94849 -902.0164
v -1584.274 -58.76134 -780.4819
v -1705.278 -79.87434 -658.5498
v -1827.013 -66.03594 -537.1339
v -1948.418 -56.13921 -537.1009
v -1341.314 -54.14557 -902.4094
v -1463.372 -44.01791 -781.1715
v -1584.695 -52.11253 -659.1697
v -1704.771 -91.21131 -536.8237
v -1827.993 -21.32766 -415.8681
v -1948.458 -63.62949 -415.5843
v -1342.152 -34.88244 -781.8078
v -1464.093 -33.30395 -660.0179
v -1583.752 -70.74293 -537.0336
v -1704.705 -87.16257 -415.3693
v -1826.894 -75.67152 -294.0394
v -1948.433 -72.11497 -294.0438
v -1342.116 -36.31197 -659.9151
v -1461.823 -69.05048 -536.7789
v -1585.31 -43.67706 -416.0491
v -1706.937 -41.97755 -294.2636
v -1826.844 -77.41089 -172.5168
v -1948.57 -60.8882 -172.5168
v -1339.962 -65.44535 -536.4495
v -1464.871 -23.55179 -416.5809
v -1584.857 -49.81556 -294.2072
v -1705.649 -66.04139 -172.5168
v -1827.963 -33.65226 -50.84935
v -1948.559 -59.19934 -50.96981
v -1343.318 -14.83097 -416.82
v -1465.742 -12.62308 -294.7239
v -1584.137 -59.12455 -172.5168
v -1705.586 -67.47482 -50.96407
v -1826.938 -73.65945 70.54046
v -1948.448 -65.40615 70.54661
v -1340.582 -46.31194 -293.9828
v -1460.705 -72.17536 -172.5168
v -1583.417 -69.7267 -51.06719
v -1706.008 -59.05532 70.71002
v -1827.247 -48.04469 192.1969
v -1948.354 -85.72445 192.023
v -1340.623 -44.44838 -172.5168
v -1465.307 -17.88978 -50.39691
v -1583.635 -69.13971 70.45531
v -1704.868 -88.50525 191.8318
v -1826.896 -71.32748 313.5755
v -1948.369 -78.47175 313.5505
v -1340.34 -49.21225 -51.1115
v -1463.438 -42.39577 70.97245
v -1583.707 -71.54543 191.9777
v -1706.036 -46.51115 313.9653
v -1826.856 -76.02589 435.0706
v -1948.369 -65.57288 435.0673
v -1340.973 -45.28481 70.60201
v -1463.569 -42.58693 192.7959
v -1585.34 -36.6594 314.5667
v -1705.389 -73.3707 435.1083
v -1826.852 -80.7266 556.5839
v -1948.369 -51.19572 556.5841
v -1340.646 -55.05514 191.9572
v -1464.604 -23.68304 315.3933
v -1585.052 -28.67092 436.0998
v -1705.418 -48.83087 556.6586
v -1826.852 -61.12651 678.1009
v -1948.369 -86.62395 678.101
v -1341.234 -54.10758 313.8859
v -1461.61 -90.4049 434.3756
v -1584.196 -44.54982 556.9618
v -1705.343 -50.41769 678.1078
v -1826.852 -72.36684 799.6178
v -1948.369 -63.03322 799.6178
v -1341.623 -51.644 435.9927
v -1462.746 -55.84501 557.1147
v -1583.84 -69.93858 678.125
v -1705.336 -82.06288 799.6178
v -1826.852 -63.57662 921.1346
v -1705.336 -74.47485 921.1346
v -1705.336 -74.86829 1042.651
v -1583.82 -61.01976 799.6194
v -1462.271 -82.36597 678.0605
v -1583.819 -84.97486 921.1346
v -1583.819 -62.66561 1164.168
v -1583.819 -76.86681 1042.651
v -1462.302 -65.62386 1164.168
v -1462.311 -71.76994 799.628
v -1462.302 -50.37766 921.1346
v -1462.302 -63.6115 1042.651
v -1340.785 -51.4161 1164.168
v -1340.785 -84.74476 1042.651
v -1219.268 -49.65746 1164.168
v -1340.787 -65.41865 921.1365
v -1340.834 -64.39438 799.7023
v -1219.27 -59.85991 1042.652
v -1097.774 -49.83723 1164.188
v -1219.284 -66.70943 921.152
v -1341.158 -49.63221 678.73
v -1097.829 -54.08025 1042.697
v -976.3864 -51.52494 1164.284
v -1219.357 -65.71181 799.7906
v -1341.493 -49.77605 557.6146
v -1097.892 -61.12235 921.2365
v -976.4551 -59.81439 1042.782
v -855.0584 -52.82205 1164.454
v -1219.414 -70.86866 678.3295
v -1220.354 -59.39688 557.6981
v -1098.276 -49.54997 800.3307
v -976.449 -66.18851 921.2759
v -855.0984 -58.65581 1042.906
v -733.5469 -58.20089 1164.514
v -1101.661 -24.72947 684.083
v -1223.162 -41.76587 437.4484
v -975.778 -87.57635 799.0463
v -855.1012 -60.83101 921.4001
v -733.501 -61.85495 1042.892
v -612.1808 -50.61518 1164.789
v -1097.711 -52.25258 556.539
v -1225.99 -23.09048 315.1453
v -978.8054 -41.88677 683.8553
v -854.772 -69.00404 799.7061
v -734.7435 -27.64224 922.3222
v -613.2218 -20.90668 1044.189
v -489.5685 -97.70367 1163.172
v -368.8097 -57.49761 1164.564
v -489.8395 -74.79931 1042.193
v -613.8834 -29.06364 923.1555
v -731.4268 -109.2833 797.0234
v -854.4407 -64.2009 676.0473
v -247.4055 -41.27992 1165.293
v -369.1352 -39.99818 1043.954
v -490.6679 -52.02837 921.8746
v -616.5001 -16.38078 803.3771
v -125.8239 -42.47242 1165.391
v -247.1344 -59.82261 1042.655
v -369.422 -25.07055 925.076
v -4.155967 -57.54986 1164.574
v -125.4035 -68.48418 1041.919
v 117.3711 -55.86792 1164.679
v -733.3293 -65.70199 675.9474
v -492.4416 -20.44519 801.9788
v -247.2361 -59.78771 920.0346
v -4.573078 -31.2812 1044.433
v 238.9754 -86.3924 1162.19
v -612.884 -35.21676 679.9771
v -368.5382 -22.35102 799.0035
v -125.8608 -20.12939 923.7696
v 116.8247 -11.44744 1046.149
v 360.3559 -82.81567 1162.46
v -484.5533 -51.10724 675.9778
v -246.5847 -18.65063 800.8322
v -4.131154 -43.89331 921.22
v 238.9212 -48.86257 1042.855
v 482.1442 -46.11081 1165.541
v -370.6685 62.92956 680.616
v -125.4411 -34.26488 800.1312
v 117.323 -37.31301 921.4991
v 360.571 -25.84294 1044.996
v 603.5032 -63.43302 1164.269
v -243.21 26.81124 679.4622
v -4.504606 -21.93039 800.6128
v 238.8236 -28.04541 922.1709
v 482.3298 -27.81028 1044.883
v 725.1467 -57.2913 1164.766
v -122.7609 17.40778 679.8821
v 116.4071 4.553459 802.1918
v 360.4482 -39.90083 921.0869
v 604.0579 -29.09163 1044.831
v -4.328351 -21.37412 678.4295
v 238.4139 9.629959 802.5538
v 482.1745 -29.34874 922.17
v 116.07 16.0899 679.9911
v 360.5559 6.855602 802.3977
v 237.9463 35.21012 681.0145
v 724.9424 -60.09434 1042.481
v 603.9974 -26.60095 922.6155
v 482.1855 -19.15658 800.4788
v 360.462 -3.03685 679.048
v 846.7618 -55.63757 1164.875
v 967.901 -86.43133 1285.376
v 1090.056 -32.29121 1286.536
v 968.1971 -64.02828 1164.492
v 845.9207 -81.97359 1041.291
v 725.7405 -27.90371 922.7004
v 603.8327 -23.74566 800.3661
v 1211.125 -69.89552 1285.76
v 1089.987 -55.22331 1164.819
v 1211.112 -74.3102 1164.22
v 967.8593 -69.99145 1042.36
v 847.0638 -38.88046 922.0698
v 1089.314 -75.74323 1042.355
v 1210.739 -83.772 1042.322
v 968.9086 -37.20316 922.2913
v 724.0843 -58.84877 798.2261
v 1211.136 -67.46896 921.1889
v 1090.437 -44.16702 922.0204
v 847.2907 -29.19152 800.5679
v 1210.484 -75.35439 799.2667
v 1091.802 -17.59289 801.3065
v 968.8168 -35.91016 800.3853
v 1211.118 -60.19676 678.1208
v 1090.285 -41.49001 678.4683
v 965.9231 -80.36113 676.7386
v 845.8509 -49.72301 677.5706
v 724.8857 -33.25207 677.9865
v 1213.793 -18.60901 557.1311
v 1091.964 -14.89922 557.1891
v 966.1046 -71.01859 555.9678
v 847.8541 -12.53566 557.1053
v 1209.713 -76.96785 435.0667
v 1090.683 -32.9248 435.0794
v 966.548 -61.92389 435.0101
v 1212.987 -31.27369 313.2512
v 1091.434 -24.53762 313.3387
v 1211.909 -49.4803 191.9867
v 725.8091 -11.7845 556.9839
v 848.665 -0.3275879 435.2642
v 968.4381 -35.35228 313.5364
v 1089.08 -56.69323 192.0038
v 1211.888 -50.32222 70.71151
v 723.4609 -48.58784 434.7523
v 847.0052 -26.60437 313.6341
v 969.5411 -22.82989 192.3363
v 1093.685 -3.311341 71.97079
v 1212.537 -40.579 -50.33673
v 725.5017 -17.17563 313.8169
v 849.9518 -1.017646 193.2806
v 967.9243 -38.52709 70.46949
v 1089.142 -46.89093 -51.21783
v 1209.878 -59.90052 -173.1919
v 726.6402 1.536911 193.1003
v 846.6188 -23.90253 70.54775
v 968.5509 -25.40142 -50.6958
v 1096.061 26.4243 -168.4373
v 1211.526 -36.51225 -293.7488
v 726.2286 7.468731 70.80864
v 849.1367 3.517974 -50.25378
v 972.533 27.5648 -169.1074
v 1094.446 18.65631 -290.7679
v 1213.616 -9.726959 -414.0275
v 728.8385 35.09796 -51.7699
v 845.4 -29.0384 -173.3131
v 966.1709 -35.29183 -295.571
v 1089.55 -17.55312 -415.5516
v 1213.161 -6.137634 -536.1516
v 727.0214 35.73818 -171.8837
v 847.3896 10.58271 -292.9545
v 970.4007 22.37771 -413.6229
v 1086.665 -35.21857 -538.5845
v 1216.267 22.7548 -657.6296
v 725.1293 6.863431 -293.5801
v 846.4304 1.732447 -415.6651
v 970.3264 30.56256 -535.4807
v 1090.65 6.577222 -658.3345
v 1213.55 2.146043 -780.3293
v 725.1302 25.36721 -414.4577
v 846.2061 4.13618 -537.4414
v 968.1788 10.809 -658.5385
v 1091.918 18.83158 -780.4445
v 1213.625 0.5621473 -902.5784
v 725.002 29.86014 -536.3083
v 847.3986 38.65402 -658.0646
v 970.3676 38.82638 -780.6943
v 1088.638 -16.05813 -901.1294
v 1210.778 -31.22187 -1022.94
v 1091.595 6.558289 -1025.053
v 1092.321 9.250752 -1148.43
v 966.8132 -12.54907 -900.5439
v 847.6278 47.59183 -780.8419
v 969.0641 -0.04992361 -1146.958
v 969.4534 16.05026 -1025.312
v 846.4999 10.29973 -901.578
v 846.6697 -21.03923 -1267.518
v 846.7697 -3.167558 -1146.169
v 846.9695 16.37917 -1024.925
v 724.8986 -23.46998 -1267.21
v 724.9035 -7.599122 -1145.575
v 601.8649 6.717741 -1271.493
v 724.8367 12.1366 -1024.426
v 481.0599 -25.74823 -1267.968
v 603.0464 -9.013649 -1145.844
v 724.9175 18.15156 -902.0784
v 358.8361 -26.93125 -1268.488
v 602.2676 19.73583 -1025.646
v 482.8601 -38.43226 -1143.207
v 725.0175 17.03902 -780.0604
v 236.7124 -28.59368 -1268.704
v 360.4444 -36.07204 -1144.658
v 482.1371 -14.44268 -1022.928
v 602.2222 30.48514 -903.309
v 724.8551 40.5793 -658.1752
v 116.6547 -55.45793 -1266.908
v 236.5899 -22.6888 -1146.817
v 357.6667 3.354531 -1025.575
v 604.3173 -1.023025 -779.6404
v 481.0625 8.610852 -902.3352
v 602.9149 26.11954 -658.4417
v -3.312411 -93.33331 -1265.451
v 115.1888 -33.2469 -1146.394
v 237.3849 -23.26432 -1024.212
v 358.253 5.473636 -902.883
v 482.8962 -5.391546 -779.7797
v 601.1522 62.81549 -534.9661
v -125.6065 -78.0107 -1266.158
v -5.246681 -51.05924 -1145.47
v 115.8513 -35.88725 -1024.064
v 238.184 -22.80073 -901.9654
v 359.8907 -3.430592 -780.2479
v 481.1583 15.20331 -658.5067
v -247.2635 -56.76949 -1266.298
v -126.43 -51.83971 -1145.261
v -5.395648 -46.58195 -1023.967
v 118.3556 -53.04313 -901.0972
v 237.4988 -11.9633 -780.4803
v 359.3779 2.353327 -658.5124
v 482.3061 -0.8576186 -537.2108
v -368.657 -73.40292 -1266.176
v -246.9759 -89.22273 -1144.491
v -126.0804 -60.56939 -1023.684
v -5.572874 -32.48107 -903.8359
v 116.7071 -29.65019 -780.6989
v 237.7022 -11.32416 -658.5565
v -490.1572 -64.16667 -1266.185
v -368.6786 -63.92242 -1144.799
v -247.3596 -62.57703 -1023.807
v -125.8118 -51.00696 -903.2962
v -4.003608 -34.05258 -781.3066
v -611.6659 -62.41385 -1266.216
v -490.0616 -55.48306 -1144.965
v -368.8556 -40.97256 -1024.822
v -247.3746 -45.78502 -904.6229
v -733.195 -70.7662 -1266.207
v -611.8316 -104.1279 -1144.121
v -490.1747 -76.42544 -1023.093
v -125.9232 -44.02932 -778.6043
v -368.7619 -62.89479 -902.2015
v -247.1443 -28.50007 -781.0964
v -854.7178 -56.76255 -1266.292
v -733.0746 -40.69944 -1145.583
v -611.4298 -53.96796 -1024.05
v -490.0436 -77.30901 -900.7425
v -367.3062 -56.75534 -775.6277
v -976.2346 -78.36574 -1387.685
v -1097.751 -60.15728 -1387.685
v -976.2388 -73.14159 -1266.195
v -854.7178 -40.92051 -1145.64
v -733.0733 -55.41981 -1024.024
v -611.5305 -50.31038 -902.8689
v -1219.268 -63.95861 -1387.685
v -1097.748 -81.86258 -1266.159
v -1219.28 -62.92085 -1266.185
v -976.3488 -44.23657 -1145.493
v -854.7178 -59.82214 -1023.791
v -1219.278 -76.61529 -1144.675
v -1097.746 -78.89322 -1144.631
v -1219.187 -80.72926 -1022.946
v -976.491 -38.51593 -1024.92
v -1097.737 -74.64518 -1023.084
v -732.7236 -23.86397 -904.5422
v -1219.717 -53.38277 -902.512
v -1098.41 -36.40478 -903.587
v -975.9837 -84.93375 -900.1163
v -854.7178 -61.5672 -901.7543
v -1218.807 -73.39816 -779.3347
v -1099.364 -4.454797 -784.1216
v -976.3421 -47.85953 -780.6364
v -854.7178 -83.92368 -777.5102
v -733.1155 -46.6907 -780.7698
v -1219.675 -45.31874 -659.126
v -1098.97 -16.14533 -661.0156
v -976.3318 -39.22357 -658.972
v -854.7178 -22.94455 -660.261
v -1220.793 -20.18192 -538.5925
v -1099.364 -3.594484 -539.4828
v -976.5098 -22.89166 -537.8905
v -1219.863 -29.80443 -415.9477
v -1098.641 -13.84252 -416.4404
v -1220.115 -22.58673 -294.3165
v -733.1592 -31.0326 -659.7503
v -854.7178 -4.48415 -539.2121
v -976.1474 -28.36748 -415.3763
v -1098.206 -17.52642 -294.2614
v -1221.156 -7.810481 -172.5168
v -733.1998 -24.39609 -537.7766
v -854.7191 19.63276 -418.1339
v -976.4333 -13.39877 -294.2323
v -1099.016 -3.238234 -172.5689
v -1219.587 -30.2825 -50.96153
v -733.0422 -10.85184 -416.2952
v -854.7233 -13.40477 -294.1745
v -976.8699 -2.310482 -172.7201
v -1101.334 5.815246 -52.57764
v -1223.075 -12.75211 70.26067
v -732.4156 14.7408 -295.1568
v -854.8129 0.947013 -172.9189
v -977.5878 -4.442369 -52.95255
v -1102.804 1.856551 67.44926
v -1223.833 -23.9548 191.8743
v -1104.285 25.9656 189.9208
v -981.5645 46.21379 62.79897
v -854.9028 4.187846 -53.93916
v -1110.349 43.50147 315.2069
v -983.7336 103.0489 186.41
v -855.072 64.3952 62.7073
v -1094.722 -12.79198 433.1566
v -994.144 145.3991 316.32
v -854.6204 117.6761 193.3297
v -980.6337 6.232471 564.9117
v -977.1108 68.05991 436.0121
v -854.6067 10.71501 554.9686
v -854.0912 131.7811 312.2379
v -855.2849 118.0729 442.7096
v -731.6827 8.459512 560.8204
v -723.983 102.1978 446.8633
v -614.0446 -53.17395 551.3902
v -728.5825 127.5728 314.2649
v -491.7794 6.529147 556.446
v -606.1138 26.37716 438.7953
v -719.2802 130.2799 179.6393
v -368.4906 -16.7364 557.4456
v -489.0619 -25.00363 435.3679
v -614.2236 33.23142 313.2962
v -731.3442 39.57449 67.22786
v -245.3568 5.177772 554.5467
v -608.4922 32.91475 190.7156
v -476.8111 27.74113 314.7306
v -368.8093 -47.10618 436.2888
v -731.7309 4.032642 -54.02936
v -125.2443 -19.52193 556.2021
v -607.9317 7.841391 67.57976
v -477.9459 26.21612 189.1231
v -247.015 -30.69663 434.76
v -368.0403 -23.49129 313.3571
v -732.1897 17.97293 -173.3819
v -4.672987 -10.68995 556.5408
v -125.6314 -23.27723 434.4654
v -246.339 -10.98094 312.2131
v -366.994 -16.45262 191.4873
v -608.5164 10.98476 -53.37114
v -483.7006 14.15716 68.20421
v -612.0906 -29.6017 -172.4271
v 116.859 -6.52321 556.6804
v -5.643673 7.348098 433.2962
v -125.6069 -27.42681 312.573
v -246.5082 -35.51812 191.4338
v -487.2256 1.163347 -51.51193
v -370.2177 -55.17564 70.91506
v 237.9874 21.88109 557.1855
v 117.9765 -34.10911 435.5419
v -4.588108 -25.6982 312.3925
v -125.3179 -39.61481 190.9552
v -249.27 -77.11787 71.7043
v -367.0641 -28.38341 -50.97203
v -489.7241 -21.7699 -172.2538
v -611.7143 -29.37952 -294.0277
v -613.7368 16.3479 -416.2347
v -491.3578 23.20419 -290.5295
v -369.1314 -45.17022 -173.0925
v -244.0434 -30.03209 -50.97467
v -126.2285 -76.28152 71.48904
v -613.7894 -4.277912 -538.9006
v -490.6894 -7.029212 -415.3314
v -368.7489 -36.5381 -297.1781
v -242.6222 -10.70192 -167.3222
v -613.2582 -18.18797 -661.4399
v -490.9768 -5.819129 -537.3651
v -370.6519 33.69455 -412.1533
v -612.5318 -16.67857 -784.6705
v -490.5274 -23.57313 -658.9943
v -493.5723 -5.812923 -787.8848
v -364.8803 -22.70767 -535.6862
v -369.3567 0.6282082 -659.8588
v -245.9255 -10.51984 -291.1369
v -246.7846 29.41294 -663.9652
v -245.9224 54.02357 -537.6597
v -247.1243 6.994278 -415.5266
v -125.4083 -6.479692 -658.8869
v -122.6639 22.55938 -536.8663
v -124.5012 -4.418639 -414.3618
v -127.3674 -53.73381 -296.7088
v -123.5828 -46.42403 -170.3064
v -2.945763 -13.25914 -659.7161
v -2.739168 -11.03108 -536.7198
v -4.387689 -37.4383 -415.8794
v 0.5369833 0.9841586 -284.4105
v 117.2689 -26.74634 -658.7894
v 117.1694 -72.10091 -538.8918
v 117.0343 -18.95766 -412.4607
v 243.8527 -70.43899 -539.1686
v -3.854072 -61.98922 -171.6488
v 119.7766 -99.99337 -297.9282
v 237.2656 -20.88535 -414.5578
v 361.2796 -16.70903 -537.3412
v 355.1771 24.54039 -413.1404
v 234.6833 -14.10765 -292.0441
v 118.7503 -82.07128 -173.0352
v 482.9147 -13.07109 -416.1268
v 360.0298 -20.79509 -293.8549
v 240.036 -57.12664 -172.7373
v 603.0684 15.71014 -414.9808
v 602.3943 28.86996 -292.4776
v 483.1551 -22.49191 -294.6945
v 601.4209 68.75669 -173.5576
v 480.5027 -1.749239 -172.5706
v 603.1895 26.525 -52.23211
v 356.7469 -5.843231 -171.9897
v 481.7526 -5.71575 -51.0783
v 603.5849 36.74536 70.90689
v 360.0822 -29.5295 -51.05859
v 604.5413 47.92471 196.2751
v 478.7456 22.08368 70.33987
v 237.7926 -42.92852 -51.18973
v 603.0378 -26.87882 312.8068
v 358.5356 -15.06027 70.05964
v 480.1242 14.49328 192.9389
v 115.859 -50.70514 -51.57545
v 603.3 -22.22584 434.991
v 234.9334 -12.6603 68.3202
v 359.9234 -17.40691 191.896
v 481.2489 14.43577 314.3266
v -3.851257 -99.18882 -50.13748
v 601.6501 -65.16502 555.212
v 115.6502 -37.46228 68.72459
v 240.5717 -50.68813 193.4503
v 482.0205 -8.455378 435.116
v 359.9218 -6.536487 313.2941
v -126.195 -78.7082 -50.8598
v -4.175684 -61.23403 70.18315
v 118.3917 -57.94708 193.3731
v -4.473103 -38.8678 190.6664
v 118.1217 -42.77748 314.4901
v 237.5273 -0.7130278 312.1291
v 238.8515 -15.36063 435.0117
v 360.6318 -24.77857 435.1517
v 360.4205 -8.239135 556.7507
v 482.1203 -7.742834 556.8279
v 482.2738 -6.246276 678.9678
v 603.8359 -16.1347 678.6093
f 1073 1074 1075
f 1073 1075 1076
f 1077 1073 1076
f 1076 1075 1078
f 1077 1076 1079
f 1080 1077 1079
f 1076 1078 1081
f 1079 1076 1081
f 1081 1078 1082
f 1080 1079 1083
f 1084 1080 1083
f 1079 1081 1085
f 1083 1079 1085
f 1081 1082 1086
f 1085 1081 1086
f 1086 1082 1087
f 1084 1083 1088
f 1089 1084 1088
f 1083 1085 1090
f 1088 1083 1090
f 1086 1087 1091
f 1091 1087 1092
f 1085 1086 1093
f 1090 1085 1093
f 1093 1086 1091
f 1089 1088 1094
f 1095 1089 1094
f 1091 1092 1096
f 1096 1092 1097
f 1088 1090 1098
f 1094 1088 1098
f 1090 1093 1099
f 1098 1090 1099
f 1093 1091 1100
f 1100 1091 1096
f 1099 1093 1100
f 1095 1094 1101
f 1102 1095 1101
f 1096 1097 1103
f 1103 1097 1104
f 1094 1098 1105
f 1101 1094 1105
f 1098 1099 1106
f 1105 1098 1106
f 1099 1100 1107
f 1106 1099 1107
f 1100 1096 1108
f 1108 1096 1103
f 1107 1100 1108
f 1102 1101 1109
f 1110 1102 1109
f 1103 1104 1111
f 1111 1104 1112
f 1101 1105 1113
f 1109 1101 1113
f 1105 1106 1114
f 1113 1105 1114
f 1106 1107 1115
f 1114 1106 1115
f 1107 1108 1116
f 1115 1107 1116
f 1108 1103 1117
f 1117 1103 1111
f 1116 1108 1117
f 1111 1112 1118
f 1118 1112 1119
f 1117 1111 1120
f 1120 1111 1118
f 1116 1117 1121
f 1121 1117 1120
f 1115 1116 1122
f 1122 1116 1121
f 1114 1115 1123
f 1123 1115 1122
f 1118 1119 1124
f 1124 1119 1125
f 1120 1118 1126
f 1126 1118 1124
f 1121 1120 1127
f 1127 1120 1126
f 1122 1121 1128
f 1128 1121 1127
f 1124 1125 1129
f 1129 1125 1130
f 1126 1124 1131
f 1131 1124 1129
f 1127 1126 1132
f 1132 1126 1131
f 1129 1130 1133
f 1133 1130 1134
f 1131 1129 1135
f 1135 1129 1133
f 1133 1134 1136
f 1136 1134 1137
f 1138 1122 1128
f 1123 1122 1138
f 1128 1127 1139
f 1139 1127 1132
f 1132 1131 1140
f 1140 1131 1135
f 1135 1133 1141
f 1141 1133 1136
f 1136 1137 1142
f 1142 1137 1143
f 1138 1128 1144
f 1144 1128 1139
f 1139 1132 1145
f 1145 1132 1140
f 1140 1135 1146
f 1146 1135 1141
f 1141 1136 1147
f 1147 1136 1142
f 1142 1143 1148
f 1148 1143 1149
f 1144 1139 1150
f 1150 1139 1145
f 1145 1140 1151
f 1151 1140 1146
f 1146 1141 1152
f 1152 1141 1147
f 1147 1142 1153
f 1153 1142 1148
f 1148 1149 1154
f 1154 1149 1155
f 1150 1145 1156
f 1156 1145 1151
f 1151 1146 1157
f 1157 1146 1152
f 1152 1147 1158
f 1158 1147 1153
f 1153 1148 1159
f 1159 1148 1154
f 1154 1155 1160
f 1160 1155 1161
f 1156 1151 1162
f 1162 1151 1157
f 1157 1152 1163
f 1163 1152 1158
f 1158 1153 1164
f 1164 1153 1159
f 1159 1154 1165
f 1165 1154 1160
f 1160 1161 1166
f 1166 1161 1167
f 1162 1157 1168
f 1168 1157 1163
f 1163 1158 1169
f 1169 1158 1164
f 1164 1159 1170
f 1170 1159 1165
f 1165 1160 1171
f 1171 1160 1166
f 1166 1167 1172
f 1172 1167 1173
f 1168 1163 1174
f 1174 1163 1169
f 1169 1164 1175
f 1175 1164 1170
f 1170 1165 1176
f 1176 1165 1171
f 1171 1166 1177
f 1177 1166 1172
f 1172 1173 1178
f 1178 1173 1179
f 1174 1169 1180
f 1180 1169 1175
f 1175 1170 1181
f 1181 1170 1176
f 1176 1171 1182
f 1182 1171 1177
f 1177 1172 1183
f 1183 1172 1178
f 1178 1179 1184
f 1184 1179 1185
f 1180 1175 1186
f 1186 1175 1181
f 1181 1176 1187
f 1187 1176 1182
f 1182 1177 1188
f 1188 1177 1183
f 1183 1178 1189
f 1189 1178 1184
f 1184 1185 1190
f 1190 1185 1191
f 1186 1181 1192
f 1192 1181 1187
f 1187 1182 1193
f 1193 1182 1188
f 1188 1183 1194
f 1194 1183 1189
f 1189 1184 1195
f 1195 1184 1190
f 1190 1191 1196
f 1196 1191 1197
f 1192 1187 1198
f 1198 1187 1193
f 1193 1188 1199
f 1199 1188 1194
f 1194 1189 1200
f 1200 1189 1195
f 1195 1190 1201
f 1201 1190 1196
f 1196 1197 1202
f 1202 1197 1203
f 1198 1193 1204
f 1204 1193 1199
f 1199 1194 1205
f 1205 1194 1200
f 1200 1195 1206
f 1206 1195 1201
f 1201 1196 1207
f 1207 1196 1202
f 1202 1203 1208
f 1208 1203 1209
f 1204 1199 1210
f 1210 1199 1205
f 1205 1200 1211
f 1211 1200 1206
f 1206 1201 1212
f 1212 1201 1207
f 1207 1202 1213
f 1213 1202 1208
f 1208 1209 1214
f 1214 1209 1215
f 1210 1205 1216
f 1216 1205 1211
f 1211 1206 1217
f 1217 1206 1212
f 1212 1207 1218
f 1218 1207 1213
f 1213 1208 1219
f 1219 1208 1214
f 1214 1215 1220
f 1220 1215 1221
f 1216 1211 1222
f 1222 1211 1217
f 1217 1212 1223
f 1223 1212 1218
f 1218 1213 1224
f 1224 1213 1219
f 1219 1214 1225
f 1225 1214 1220
f 1220 1221 1226
f 1226 1221 1227
f 1222 1217 1228
f 1228 1217 1223
f 1223 1218 1229
f 1229 1218 1224
f 1224 1219 1230
f 1230 1219 1225
f 1225 1220 1231
f 1231 1220 1226
f 1226 1227 1232
f 1232 1227 1233
f 1228 1223 1234
f 1234 1223 1229
f 1229 1224 1235
f 1235 1224 1230
f 1230 1225 1236
f 1236 1225 1231
f 1231 1226 1237
f 1237 1226 1232
f 1232 1233 1238
f 1238 1233 1239
f 1234 1229 1240
f 1240 1229 1235
f 1235 1230 1241
f 1241 1230 1236
f 1236 1231 1242
f 1242 1231 1237
f 1237 1232 1243
f 1243 1232 1238
f 1238 1239 1244
f 1244 1239 1245
f 1240 1235 1246
f 1246 1235 1241
f 1241 1236 1247
f 1247 1236 1242
f 1242 1237 1248
f 1248 1237 1243
f 1243 1238 1249
f 1249 1238 1244
f 1244 1245 1250
f 1250 1245 1251
f 1250 1251 1252
f 1253 1244 1250
f 1249 1244 1253
f 1254 1250 1252
f 1253 1250 1254
f 1254 1252 1255
f 1256 1243 1249
f 1248 1243 1256
f 1257 1242 1248
f 1247 1242 1257
f 1258 1249 1253
f 1256 1249 1258
f 1259 1254 1255
f 1259 1255 1260
f 1261 1253 1254
f 1258 1253 1261
f 1261 1254 1259
f 1262 1248 1256
f 1257 1248 1262
f 1263 1259 1260
f 1263 1260 1264
f 1265 1256 1258
f 1262 1256 1265
f 1266 1261 1259
f 1266 1259 1263
f 1267 1258 1261
f 1265 1258 1267
f 1267 1261 1266
f 1268 1263 1264
f 1268 1264 1269
f 1270 1266 1263
f 1270 1263 1268
f 1271 1267 1266
f 1271 1266 1270
f 1272 1265 1267
f 1272 1267 1271
f 1273 1262 1265
f 1273 1265 1272
f 1274 1268 1269
f 1274 1269 1275
f 1276 1270 1268
f 1276 1268 1274
f 1277 1271 1270
f 1277 1270 1276
f 1278 1272 1271
f 1278 1271 1277
f 1279 1274 1275
f 1279 1275 1280
f 1281 1276 1274
f 1281 1274 1279
f 1282 1277 1276
f 1282 1276 1281
f 1283 1279 1280
f 1283 1280 1284
f 1285 1281 1279
f 1285 1279 1283
f 1286 1283 1284
f 1286 1284 1287
f 1288 1272 1278
f 1288 1273 1272
f 1289 1278 1277
f 1289 1277 1282
f 1290 1282 1281
f 1290 1281 1285
f 1291 1285 1283
f 1291 1283 1286
f 1292 1286 1287
f 1292 1287 1293
f 1294 1288 1278
f 1294 1278 1289
f 1295 1289 1282
f 1295 1282 1290
f 1296 1290 1285
f 1296 1285 1291
f 1297 1291 1286
f 1297 1286 1292
f 1298 1292 1293
f 1298 1293 1299
f 1300 1294 1289
f 1300 1289 1295
f 1301 1295 1290
f 1301 1290 1296
f 1302 1296 1291
f 1302 1291 1297
f 1303 1297 1292
f 1303 1292 1298
f 1304 1298 1299
f 1304 1299 1305
f 1306 1300 1295
f 1306 1295 1301
f 1307 1301 1296
f 1307 1296 1302
f 1308 1302 1297
f 1308 1297 1303
f 1309 1303 1298
f 1309 1298 1304
f 1310 1304 1305
f 1310 1305 1311
f 1312 1306 1301
f 1312 1301 1307
f 1313 1307 1302
f 1313 1302 1308
f 1314 1308 1303
f 1314 1303 1309
f 1315 1309 1304
f 1315 1304 1310
f 1316 1310 1311
f 1316 1311 1317
f 1318 1312 1307
f 1318 1307 1313
f 1319 1313 1308
f 1319 1308 1314
f 1320 1314 1309
f 1320 1309 1315
f 1321 1315 1310
f 1321 1310 1316
f 1322 1316 1317
f 1322 1317 1323
f 1324 1318 1313
f 1324 1313 1319
f 1325 1319 1314
f 1325 1314 1320
f 1326 1320 1315
f 1326 1315 1321
f 1327 1321 1316
f 1327 1316 1322
f 1328 1322 1323
f 1328 1323 1329
f 1330 1324 1319
f 1330 1319 1325
f 1331 1325 1320
f 1331 1320 1326
f 1332 1326 1321
f 1332 1321 1327
f 1333 1327 1322
f 1333 1322 1328
f 1334 1328 1329
f 1334 1329 1335
f 1336 1330 1325
f 1336 1325 1331
f 1337 1331 1326
f 1337 1326 1332
f 1338 1332 1327
f 1338 1327 1333
f 1339 1333 1328
f 1339 1328 1334
f 1340 1334 1335
f 1340 1335 1341
f 1342 1336 1331
f 1342 1331 1337
f 1343 1337 1332
f 1343 1332 1338
f 1344 1338 1333
f 1344 1333 1339
f 1345 1339 1334
f 1345 1334 1340
f 1346 1340 1341
f 1346 1341 1347
f 1348 1342 1337
f 1348 1337 1343
f 1349 1343 1338
f 1349 1338 1344
f 1350 1344 1339
f 1350 1339 1345
f 1351 1345 1340
f 1351 1340 1346
f 1352 1346 1347
f 1352 1347 1353
f 1354 1348 1343
f 1354 1343 1349
f 1355 1349 1344
f 1355 1344 1350
f 1356 1350 1345
f 1356 1345 1351
f 1357 1351 1346
f 1357 1346 1352
f 1358 1352 1353
f 1358 1353 1359
f 1360 1354 1349
f 1360 1349 1355
f 1361 1355 1350
f 1361 1350 1356
f 1362 1356 1351
f 1362 1351 1357
f 1363 1357 1352
f 1363 1352 1358
f 1364 1358 1359
f 1364 1359 1365
f 1366 1360 1355
f 1366 1355 1361
f 1367 1361 1356
f 1367 1356 1362
f 1368 1362 1357
f 1368 1357 1363
f 1369 1363 1358
f 1369 1358 1364
f 1370 1364 1365
f 1370 1365 1371
f 1372 1366 1361
f 1372 1361 1367
f 1373 1367 1362
f 1373 1362 1368
f 1374 1368 1363
f 1374 1363 1369
f 1375 1369 1364
f 1375 1364 1370
f 1376 1370 1371
f 1376 1371 1377
f 1378 1372 1367
f 1378 1367 1373
f 1379 1373 1368
f 1379 1368 1374
f 1380 1374 1369
f 1380 1369 1375
f 1381 1375 1370
f 1381 1370 1376
f 1382 1376 1377
f 1382 1377 1383
f 1384 1378 1373
f 1384 1373 1379
f 1385 1379 1374
f 1385 1374 1380
f 1386 1380 1375
f 1386 1375 1381
f 1387 1381 1376
f 1387 1376 1382
f 1388 1382 1383
f 1388 1383 1389
f 1390 1384 1379
f 1390 1379 1385
f 1391 1385 1380
f 1391 1380 1386
f 1392 1386 1381
f 1392 1381 1387
f 1393 1387 1382
f 1393 1382 1388
f 1394 1388 1389
f 1394 1389 1395
f 1396 1390 1385
f 1396 1385 1391
f 1397 1391 1386
f 1397 1386 1392
f 1398 1392 1387
f 1398 1387 1393
f 1399 1393 1388
f 1399 1388 1394
f 1400 1394 1395
f 1400 1395 1401
f 1402 1396 1391
f 1402 1391 1397
f 1403 1397 1392
f 1403 1392 1398
f 1404 1398 1393
f 1404 1393 1399
f 1405 1399 1394
f 1405 1394 1400
f 1406 1400 1401
f 1406 1401 1407
f 1408 1402 1397
f 1408 1397 1403
f 1409 1403 1398
f 1409 1398 1404
f 1410 1404 1399
f 1410 1399 1405
f 1411 1405 1400
f 1411 1400 1406
f 1412 1406 1407
f 1412 1407 1413
f 1414 1408 1403
f 1414 1403 1409
f 1415 1409 1404
f 1415 1404 1410
f 1416 1410 1405
f 1416 1405 1411
f 1417 1411 1406
f 1417 1406 1412
f 1418 1412 1413
f 1418 1413 1419
f 1420 1418 1419
f 1420 1419 1421
f 1422 1418 1420
f 1423 1412 1418
f 1422 1423 1418
f 1423 1417 1412
f 1424 1423 1422
f 1424 1425 1423
f 1425 1417 1423
f 1426 1425 1424
f 1427 1411 1417
f 1425 1427 1417
f 1427 1416 1411
f 1426 1428 1425
f 1428 1427 1425
f 1429 1428 1426
f 1430 1416 1427
f 1428 1430 1427
f 1429 1431 1428
f 1431 1430 1428
f 1432 1431 1429
f 1430 1433 1416
f 1433 1410 1416
f 1433 1415 1410
f 1432 1434 1431
f 1435 1434 1432
f 1431 1436 1430
f 1436 1433 1430
f 1434 1436 1431
f 1437 1415 1433
f 1436 1437 1433
f 1435 1438 1434
f 1439 1438 1435
f 1434 1440 1436
f 1440 1437 1436
f 1438 1440 1434
f 1437 1441 1415
f 1441 1409 1415
f 1441 1414 1409
f 1439 1442 1438
f 1443 1442 1439
f 1438 1444 1440
f 1442 1444 1438
f 1440 1445 1437
f 1445 1441 1437
f 1444 1445 1440
f 1446 1414 1441
f 1445 1446 1441
f 1443 1447 1442
f 1448 1447 1443
f 1442 1449 1444
f 1447 1449 1442
f 1444 1450 1445
f 1450 1446 1445
f 1449 1450 1444
f 1446 1451 1414
f 1451 1408 1414
f 1448 1452 1447
f 1453 1452 1448
f 1447 1454 1449
f 1452 1454 1447
f 1450 1455 1446
f 1455 1451 1446
f 1449 1456 1450
f 1454 1456 1449
f 1456 1455 1450
f 1451 1457 1408
f 1457 1402 1408
f 1453 1458 1452
f 1459 1458 1453
f 1452 1460 1454
f 1458 1460 1452
f 1454 1461 1456
f 1460 1461 1454
f 1455 1462 1451
f 1462 1457 1451
f 1456 1463 1455
f 1461 1463 1456
f 1463 1462 1455
f 1457 1464 1402
f 1464 1396 1402
f 1459 1465 1458
f 1466 1465 1459
f 1458 1467 1460
f 1465 1467 1458
f 1460 1468 1461
f 1467 1468 1460
f 1461 1469 1463
f 1468 1469 1461
f 1462 1470 1457
f 1470 1464 1457
f 1463 1471 1462
f 1469 1471 1463
f 1471 1470 1462
f 1466 1472 1465
f 1473 1472 1466
f 1465 1474 1467
f 1472 1474 1465
f 1467 1475 1468
f 1474 1475 1467
f 1468 1476 1469
f 1475 1476 1468
f 1469 1477 1471
f 1476 1477 1469
f 1471 1478 1470
f 1477 1478 1471
f 1473 1479 1472
f 1480 1479 1473
f 1472 1481 1474
f 1479 1481 1472
f 1474 1482 1475
f 1481 1482 1474
f 1475 1483 1476
f 1482 1483 1475
f 1476 1484 1477
f 1483 1484 1476
f 1480 1485 1479
f 1486 1485 1480
f 1479 1487 1481
f 1485 1487 1479
f 1481 1488 1482
f 1487 1488 1481
f 1482 1489 1483
f 1488 1489 1482
f 1486 1490 1485
f 1491 1490 1486
f 1485 1492 1487
f 1490 1492 1485
f 1487 1493 1488
f 1492 1493 1487
f 1491 1494 1490
f 1495 1494 1491
f 1490 1496 1492
f 1494 1496 1490
f 1495 1497 1494
f 1498 1497 1495
f 1489 1499 1483
f 1483 1499 1484
f 1488 1500 1489
f 1493 1500 1488
f 1492 1501 1493
f 1496 1501 1492
f 1494 1502 1496
f 1497 1502 1494
f 1498 1503 1497
f 1504 1503 1498
f 1489 1505 1499
f 1500 1505 1489
f 1493 1506 1500
f 1501 1506 1493
f 1496 1507 1501
f 1502 1507 1496
f 1497 1508 1502
f 1503 1508 1497
f 1504 1509 1503
f 1510 1509 1504
f 1500 1511 1505
f 1506 1511 1500
f 1501 1512 1506
f 1507 1512 1501
f 1502 1513 1507
f 1508 1513 1502
f 1503 1514 1508
f 1509 1514 1503
f 1510 1515 1509
f 1516 1515 1510
f 1506 1517 1511
f 1512 1517 1506
f 1507 1518 1512
f 1513 1518 1507
f 1508 1519 1513
f 1514 1519 1508
f 1509 1520 1514
f 1515 1520 1509
f 1516 1521 1515
f 1522 1521 1516
f 1512 1523 1517
f 1518 1523 1512
f 1513 1524 1518
f 1519 1524 1513
f 1514 1525 1519
f 1520 1525 1514
f 1515 1526 1520
f 1521 1526 1515
f 1522 1527 1521
f 1528 1527 1522
f 1518 1529 1523
f 1524 1529 1518
f 1519 1530 1524
f 1525 1530 1519
f 1520 1531 1525
f 1526 1531 1520
f 1521 1532 1526
f 1527 1532 1521
f 1528 1533 1527
f 1534 1533 1528
f 1524 1535 1529
f 1530 1535 1524
f 1525 1536 1530
f 1531 1536 1525
f 1526 1537 1531
f 1532 1537 1526
f 1527 1538 1532
f 1533 1538 1527
f 1534 1539 1533
f 1540 1539 1534
f 1530 1541 1535
f 1536 1541 1530
f 1531 1542 1536
f 1537 1542 1531
f 1532 1543 1537
f 1538 1543 1532
f 1533 1544 1538
f 1539 1544 1533
f 1540 1545 1539
f 1546 1545 1540
f 1536 1547 1541
f 1542 1547 1536
f 1537 1548 1542
f 1543 1548 1537
f 1538 1549 1543
f 1544 1549 1538
f 1539 1550 1544
f 1545 1550 1539
f 1546 1551 1545
f 1552 1551 1546
f 1542 1553 1547
f 1548 1553 1542
f 1543 1554 1548
f 1549 1554 1543
f 1544 1555 1549
f 1550 1555 1544
f 1545 1556 1550
f 1551 1556 1545
f 1552 1557 1551
f 1558 1557 1552
f 1548 1559 1553
f 1554 1559 1548
f 1549 1560 1554
f 1555 1560 1549
f 1550 1561 1555
f 1556 1561 1550
f 1551 1562 1556
f 1557 1562 1551
f 1558 1563 1557
f 1564 1563 1558
f 1554 1565 1559
f 1560 1565 1554
f 1555 1566 1560
f 1561 1566 1555
f 1556 1567 1561
f 1562 1567 1556
f 1557 1568 1562
f 1563 1568 1557
f 1564 1569 1563
f 1570 1569 1564
f 1560 1571 1565
f 1566 1571 1560
f 1561 1572 1566
f 1567 1572 1561
f 1562 1573 1567
f 1568 1573 1562
f 1563 1574 1568
f 1569 1574 1563
f 1570 1575 1569
f 1576 1575 1570
f 1576 1577 1575
f 1575 1578 1569
f 1569 1578 1574
f 1577 1579 1575
f 1575 1579 1578
f 1577 1580 1579
f 1574 1581 1568
f 1568 1581 1573
f 1573 1582 1567
f 1567 1582 1572
f 1578 1583 1574
f 1574 1583 1581
f 1580 1584 1579
f 1580 1585 1584
f 1579 1586 1578
f 1578 1586 1583
f 1579 1584 1586
f 1581 1587 1573
f 1573 1587 1582
f 1585 1588 1584
f 1585 1589 1588
f 1583 1590 1581
f 1581 1590 1587
f 1584 1591 1586
f 1584 1588 1591
f 1586 1592 1583
f 1583 1592 1590
f 1586 1591 1592
f 1589 1593 1588
f 1589 1594 1593
f 1588 1595 1591
f 1588 1593 1595
f 1591 1596 1592
f 1591 1595 1596
f 1592 1597 1590
f 1592 1596 1597
f 1590 1598 1587
f 1590 1597 1598
f 1594 1599 1593
f 1594 1600 1599
f 1593 1601 1595
f 1593 1599 1601
f 1595 1602 1596
f 1595 1601 1602
f 1596 1603 1597
f 1596 1602 1603
f 1600 1604 1599
f 1600 1605 1604
f 1599 1606 1601
f 1599 1604 1606
f 1601 1607 1602
f 1601 1606 1607
f 1605 1608 1604
f 1605 1609 1608
f 1604 1610 1606
f 1604 1608 1610
f 1609 1611 1608
f 1609 1612 1611
f 1597 1603 1613
f 1597 1613 1598
f 1602 1614 1603
f 1602 1607 1614
f 1606 1615 1607
f 1606 1610 1615
f 1608 1616 1610
f 1608 1611 1616
f 1612 1617 1611
f 1612 1618 1617
f 1603 1619 1613
f 1603 1614 1619
f 1607 1620 1614
f 1607 1615 1620
f 1610 1621 1615
f 1610 1616 1621
f 1611 1622 1616
f 1611 1617 1622
f 1618 1623 1617
f 1618 1624 1623
f 1614 1625 1619
f 1614 1620 1625
f 1615 1626 1620
f 1615 1621 1626
f 1616 1627 1621
f 1616 1622 1627
f 1617 1628 1622
f 1617 1623 1628
f 1624 1629 1623
f 1624 1630 1629
f 1620 1631 1625
f 1620 1626 1631
f 1621 1632 1626
f 1621 1627 1632
f 1622 1633 1627
f 1622 1628 1633
f 1623 1634 1628
f 1623 1629 1634
f 1630 1635 1629
f 1630 1636 1635
f 1626 1637 1631
f 1626 1632 1637
f 1627 1638 1632
f 1627 1633 1638
f 1628 1639 1633
f 1628 1634 1639
f 1629 1640 1634
f 1629 1635 1640
f 1636 1641 1635
f 1636 1642 1641
f 1632 1643 1637
f 1632 1638 1643
f 1633 1644 1638
f 1633 1639 1644
f 1634 1645 1639
f 1634 1640 1645
f 1635 1646 1640
f 1635 1641 1646
f 1642 1647 1641
f 1642 1648 1647
f 1638 1649 1643
f 1638 1644 1649
f 1639 1650 1644
f 1639 1645 1650
f 1640 1651 1645
f 1640 1646 1651
f 1641 1652 1646
f 1641 1647 1652
f 1648 1653 1647
f 1648 1654 1653
f 1644 1655 1649
f 1644 1650 1655
f 1645 1656 1650
f 1645 1651 1656
f 1646 1657 1651
f 1646 1652 1657
f 1647 1658 1652
f 1647 1653 1658
f 1654 1659 1653
f 1654 1660 1659
f 1650 1661 1655
f 1650 1656 1661
f 1651 1662 1656
f 1651 1657 1662
f 1652 1663 1657
f 1652 1658 1663
f 1653 1664 1658
f 1653 1659 1664
f 1660 1665 1659
f 1660 1666 1665
f 1656 1667 1661
f 1656 1662 1667
f 1657 1668 1662
f 1657 1663 1668
f 1658 1669 1663
f 1658 1664 1669
f 1659 1670 1664
f 1659 1665 1670
f 1666 1671 1665
f 1666 1672 1671
f 1662 1673 1667
f 1662 1668 1673
f 1663 1674 1668
f 1663 1669 1674
f 1664 1675 1669
f 1664 1670 1675
f 1665 1676 1670
f 1665 1671 1676
f 1672 1677 1671
f 1672 1678 1677
f 1668 1679 1673
f 1668 1674 1679
f 1669 1680 1674
f 1669 1675 1680
f 1670 1681 1675
f 1670 1676 1681
f 1671 1682 1676
f 1671 1677 1682
f 1678 1683 1677
f 1678 1684 1683
f 1674 1685 1679
f 1674 1680 1685
f 1675 1686 1680
f 1675 1681 1686
f 1676 1687 1681
f 1676 1682 1687
f 1677 1688 1682
f 1677 1683 1688
f 1684 1689 1683
f 1684 1690 1689
f 1680 1691 1685
f 1680 1686 1691
f 1681 1692 1686
f 1681 1687 1692
f 1682 1693 1687
f 1682 1688 1693
f 1683 1694 1688
f 1683 1689 1694
f 1690 1695 1689
f 1690 1696 1695
f 1686 1697 1691
f 1686 1692 1697
f 1687 1698 1692
f 1687 1693 1698
f 1688 1699 1693
f 1688 1694 1699
f 1689 1700 1694
f 1689 1695 1700
f 1696 1701 1695
f 1696 1110 1701
f 1110 1109 1701
f 1695 1701 1702
f 1695 1702 1700
f 1701 1109 1703
f 1701 1703 1702
f 1109 1113 1703
f 1694 1700 1704
f 1694 1704 1699
f 1693 1699 1705
f 1693 1705 1698
f 1700 1702 1706
f 1700 1706 1704
f 1703 1113 1707
f 1113 1114 1707
f 1707 1114 1123
f 1702 1703 1708
f 1703 1707 1708
f 1702 1708 1706
f 1707 1123 1709
f 1708 1707 1709
f 1709 1123 1138
f 1699 1704 1710
f 1699 1710 1705
f 1704 1706 1711
f 1704 1711 1710
f 1706 1708 1712
f 1708 1709 1712
f 1706 1712 1711
f 1709 1138 1713
f 1712 1709 1713
f 1713 1138 1144
f 1711 1712 1714
f 1712 1713 1714
f 1713 1144 1715
f 1714 1713 1715
f 1715 1144 1150
f 1710 1711 1716
f 1711 1714 1716
f 1705 1710 1717
f 1710 1716 1717
f 1714 1715 1718
f 1716 1714 1718
f 1715 1150 1719
f 1718 1715 1719
f 1719 1150 1156
f 1716 1718 1720
f 1717 1716 1720
f 1705 1717 1721
f 1698 1705 1721
f 1718 1719 1722
f 1720 1718 1722
f 1719 1156 1723
f 1722 1719 1723
f 1723 1156 1162
f 1717 1720 1724
f 1721 1717 1724
f 1698 1721 1725
f 1692 1698 1725
f 1692 1725 1697
f 1720 1722 1726
f 1724 1720 1726
f 1722 1723 1727
f 1726 1722 1727
f 1723 1162 1728
f 1727 1723 1728
f 1728 1162 1168
f 1725 1721 1729
f 1721 1724 1729
f 1697 1725 1730
f 1725 1729 1730
f 1724 1726 1731
f 1729 1724 1731
f 1726 1727 1732
f 1731 1726 1732
f 1727 1728 1733
f 1732 1727 1733
f 1728 1168 1734
f 1733 1728 1734
f 1734 1168 1174
f 1729 1731 1735
f 1730 1729 1735
f 1697 1730 1736
f 1691 1697 1736
f 1731 1732 1737
f 1735 1731 1737
f 1732 1733 1738
f 1737 1732 1738
f 1733 1734 1739
f 1738 1733 1739
f 1734 1174 1740
f 1739 1734 1740
f 1740 1174 1180
f 1730 1735 1741
f 1736 1730 1741
f 1691 1736 1742
f 1685 1691 1742
f 1735 1737 1743
f 1741 1735 1743
f 1737 1738 1744
f 1743 1737 1744
f 1738 1739 1745
f 1744 1738 1745
f 1739 1740 1746
f 1745 1739 1746
f 1740 1180 1747
f 1746 1740 1747
f 1747 1180 1186
f 1747 1186 1748
f 1748 1186 1192
f 1746 1747 1749
f 1749 1747 1748
f 1745 1746 1750
f 1750 1746 1749
f 1744 1745 1751
f 1751 1745 1750
f 1743 1744 1752
f 1752 1744 1751
f 1748 1192 1753
f 1753 1192 1198
f 1749 1748 1754
f 1754 1748 1753
f 1750 1749 1755
f 1755 1749 1754
f 1751 1750 1756
f 1756 1750 1755
f 1753 1198 1757
f 1757 1198 1204
f 1754 1753 1758
f 1758 1753 1757
f 1755 1754 1759
f 1759 1754 1758
f 1757 1204 1760
f 1760 1204 1210
f 1758 1757 1761
f 1761 1757 1760
f 1760 1210 1762
f 1762 1210 1216
f 1763 1751 1756
f 1752 1751 1763
f 1756 1755 1764
f 1764 1755 1759
f 1759 1758 1765
f 1765 1758 1761
f 1761 1760 1766
f 1766 1760 1762
f 1762 1216 1767
f 1767 1216 1222
f 1763 1756 1768
f 1768 1756 1764
f 1764 1759 1769
f 1769 1759 1765
f 1765 1761 1770
f 1770 1761 1766
f 1766 1762 1771
f 1771 1762 1767
f 1767 1222 1772
f 1772 1222 1228
f 1768 1764 1773
f 1773 1764 1769
f 1769 1765 1774
f 1774 1765 1770
f 1770 1766 1775
f 1775 1766 1771
f 1771 1767 1776
f 1776 1767 1772
f 1772 1228 1777
f 1777 1228 1234
f 1773 1769 1778
f 1778 1769 1774
f 1774 1770 1779
f 1779 1770 1775
f 1775 1771 1780
f 1780 1771 1776
f 1776 1772 1781
f 1781 1772 1777
f 1777 1234 1782
f 1782 1234 1240
f 1778 1774 1783
f 1783 1774 1779
f 1779 1775 1784
f 1784 1775 1780
f 1780 1776 1785
f 1785 1776 1781
f 1781 1777 1786
f 1786 1777 1782
f 1782 1240 1787
f 1787 1240 1246
f 1783 1779 1788
f 1788 1779 1784
f 1784 1780 1789
f 1789 1780 1785
f 1785 1781 1790
f 1790 1781 1786
f 1786 1782 1791
f 1791 1782 1787
f 1788 1784 1792
f 1792 1784 1789
f 1789 1785 1793
f 1793 1785 1790
f 1790 1786 1794
f 1794 1786 1791
f 1792 1789 1795
f 1795 1789 1793
f 1793 1790 1796
f 1796 1790 1794
f 1795 1793 1797
f 1797 1793 1796
f 1791 1787 1798
f 1794 1791 1799
f 1799 1791 1798
f 1796 1794 1800
f 1800 1794 1799
f 1797 1796 1801
f 1801 1796 1800
f 1798 1787 1802
f 1787 1246 1802
f 1802 1246 1803
f 1246 1241 1803
f 1803 1241 1247
f 1803 1247 1804
f 1804 1247 1257
f 1802 1803 1805
f 1805 1803 1804
f 1798 1802 1806
f 1806 1802 1805
f 1799 1798 1807
f 1807 1798 1806
f 1800 1799 1808
f 1808 1799 1807
f 1804 1257 1809
f 1809 1257 1262
f 1809 1262 1273
f 1805 1804 1810
f 1810 1804 1809
f 1811 1809 1273
f 1810 1809 1811
f 1811 1273 1288
f 1806 1805 1812
f 1812 1805 1810
f 1807 1806 1813
f 1813 1806 1812
f 1814 1810 1811
f 1812 1810 1814
f 1815 1811 1288
f 1814 1811 1815
f 1815 1288 1294
f 1816 1812 1814
f 1813 1812 1816
f 1817 1807 1813
f 1808 1807 1817
f 1818 1815 1294
f 1818 1294 1300
f 1819 1814 1815
f 1816 1814 1819
f 1819 1815 1818
f 1820 1813 1816
f 1817 1813 1820
f 1821 1818 1300
f 1821 1300 1306
f 1822 1819 1818
f 1822 1818 1821
f 1823 1816 1819
f 1820 1816 1823
f 1823 1819 1822
f 1824 1821 1306
f 1824 1306 1312
f 1825 1822 1821
f 1825 1821 1824
f 1826 1823 1822
f 1826 1822 1825
f 1827 1820 1823
f 1827 1823 1826
f 1828 1817 1820
f 1828 1820 1827
f 1829 1824 1312
f 1829 1312 1318
f 1830 1825 1824
f 1830 1824 1829
f 1831 1826 1825
f 1831 1825 1830
f 1832 1827 1826
f 1832 1826 1831
f 1833 1829 1318
f 1833 1318 1324
f 1834 1830 1829
f 1834 1829 1833
f 1835 1831 1830
f 1835 1830 1834
f 1836 1833 1324
f 1836 1324 1330
f 1837 1834 1833
f 1837 1833 1836
f 1838 1836 1330
f 1838 1330 1336
f 1839 1827 1832
f 1839 1828 1827
f 1840 1832 1831
f 1840 1831 1835
f 1841 1835 1834
f 1841 1834 1837
f 1842 1837 1836
f 1842 1836 1838
f 1843 1838 1336
f 1843 1336 1342
f 1844 1839 1832
f 1844 1832 1840
f 1845 1840 1835
f 1845 1835 1841
f 1846 1841 1837
f 1846 1837 1842
f 1847 1842 1838
f 1847 1838 1843
f 1848 1843 1342
f 1848 1342 1348
f 1849 1844 1840
f 1849 1840 1845
f 1850 1845 1841
f 1850 1841 1846
f 1851 1846 1842
f 1851 1842 1847
f 1852 1847 1843
f 1852 1843 1848
f 1853 1848 1348
f 1853 1348 1354
f 1854 1849 1845
f 1854 1845 1850
f 1855 1850 1846
f 1855 1846 1851
f 1856 1851 1847
f 1856 1847 1852
f 1857 1852 1848
f 1857 1848 1853
f 1858 1853 1354
f 1858 1354 1360
f 1859 1854 1850
f 1859 1850 1855
f 1860 1855 1851
f 1860 1851 1856
f 1861 1856 1852
f 1861 1852 1857
f 1862 1857 1853
f 1862 1853 1858
f 1863 1858 1360
f 1863 1360 1366
f 1864 1859 1855
f 1864 1855 1860
f 1865 1860 1856
f 1865 1856 1861
f 1866 1861 1857
f 1866 1857 1862
f 1867 1862 1858
f 1867 1858 1863
f 1868 1863 1366
f 1868 1366 1372
f 1869 1864 1860
f 1869 1860 1865
f 1870 1865 1861
f 1870 1861 1866
f 1871 1866 1862
f 1871 1862 1867
f 1872 1867 1863
f 1872 1863 1868
f 1873 1868 1372
f 1873 1372 1378
f 1874 1869 1865
f 1874 1865 1870
f 1875 1870 1866
f 1875 1866 1871
f 1876 1871 1867
f 1876 1867 1872
f 1877 1872 1868
f 1877 1868 1873
f 1878 1873 1378
f 1878 1378 1384
f 1879 1874 1870
f 1879 1870 1875
f 1880 1875 1871
f 1880 1871 1876
f 1881 1876 1872
f 1881 1872 1877
f 1882 1877 1873
f 1882 1873 1878
f 1883 1878 1384
f 1883 1384 1390
f 1884 1879 1875
f 1884 1875 1880
f 1885 1880 1876
f 1885 1876 1881
f 1886 1881 1877
f 1886 1877 1882
f 1887 1882 1878
f 1887 1878 1883
f 1888 1883 1390
f 1888 1390 1396
f 1464 1888 1396
f 1889 1883 1888
f 1889 1887 1883
f 1890 1888 1464
f 1890 1889 1888
f 1470 1890 1464
f 1478 1890 1470
f 1891 1882 1887
f 1891 1886 1882
f 1892 1881 1886
f 1892 1885 1881
f 1893 1889 1890
f 1478 1893 1890
f 1894 1887 1889
f 1894 1891 1887
f 1893 1894 1889
f 1895 1886 1891
f 1895 1892 1886
f 1896 1893 1478
f 1477 1896 1478
f 1484 1896 1477
f 1897 1894 1893
f 1896 1897 1893
f 1898 1891 1894
f 1898 1895 1891
f 1897 1898 1894
f 1484 1899 1896
f 1899 1897 1896
f 1499 1899 1484
f 1900 1898 1897
f 1899 1900 1897
f 1499 1901 1899
f 1901 1900 1899
f 1505 1901 1499
f 1902 1895 1898
f 1900 1902 1898
f 1505 1903 1901
f 1511 1903 1505
f 1901 1904 1900
f 1904 1902 1900
f 1903 1904 1901
f 1902 1905 1895
f 1905 1892 1895
f 1511 1906 1903
f 1517 1906 1511
f 1904 1907 1902
f 1907 1905 1902
f 1903 1908 1904
f 1906 1908 1903
f 1908 1907 1904
f 1905 1909 1892
f 1909 1885 1892
f 1517 1910 1906
f 1523 1910 1517
f 1906 1911 1908
f 1910 1911 1906
f 1908 1912 1907
f 1911 1912 1908
f 1907 1913 1905
f 1913 1909 1905
f 1912 1913 1907
f 1909 1914 1885
f 1914 1880 1885
f 1914 1884 1880
f 1523 1915 1910
f 1529 1915 1523
f 1910 1916 1911
f 1915 1916 1910
f 1911 1917 1912
f 1916 1917 1911
f 1913 1918 1909
f 1918 1914 1909
f 1912 1919 1913
f 1917 1919 1912
f 1919 1918 1913
f 1920 1884 1914
f 1918 1920 1914
f 1529 1921 1915
f 1535 1921 1529
f 1915 1922 1916
f 1921 1922 1915
f 1916 1923 1917
f 1922 1923 1916
f 1917 1924 1919
f 1923 1924 1917
f 1919 1925 1918
f 1925 1920 1918
f 1924 1925 1919
f 1920 1926 1884
f 1926 1879 1884
f 1535 1927 1921
f 1541 1927 1535
f 1921 1928 1922
f 1927 1928 1921
f 1922 1929 1923
f 1928 1929 1922
f 1923 1930 1924
f 1929 1930 1923
f 1924 1931 1925
f 1930 1931 1924
f 1925 1932 1920
f 1931 1932 1925
f 1932 1926 1920
f 1541 1933 1927
f 1547 1933 1541
f 1927 1934 1928
f 1933 1934 1927
f 1928 1935 1929
f 1934 1935 1928
f 1929 1936 1930
f 1935 1936 1929
f 1930 1937 1931
f 1936 1937 1930
f 1931 1938 1932
f 1937 1938 1931
f 1932 1939 1926
f 1938 1939 1932
f 1547 1940 1933
f 1553 1940 1547
f 1933 1941 1934
f 1940 1941 1933
f 1934 1942 1935
f 1941 1942 1934
f 1935 1943 1936
f 1942 1943 1935
f 1936 1944 1937
f 1943 1944 1936
f 1937 1945 1938
f 1944 1945 1937
f 1553 1946 1940
f 1559 1946 1553
f 1940 1947 1941
f 1946 1947 1940
f 1941 1948 1942
f 1947 1948 1941
f 1942 1949 1943
f 1948 1949 1942
f 1943 1950 1944
f 1949 1950 1943
f 1559 1951 1946
f 1565 1951 1559
f 1946 1952 1947
f 1951 1952 1946
f 1947 1953 1948
f 1952 1953 1947
f 1948 1954 1949
f 1953 1954 1948
f 1565 1955 1951
f 1571 1955 1565
f 1951 1956 1952
f 1955 1956 1951
f 1952 1957 1953
f 1956 1957 1952
f 1949 1958 1950
f 1954 1958 1949
f 1953 1959 1954
f 1957 1959 1953
f 1954 1960 1958
f 1959 1960 1954
f 1571 1961 1955
f 1955 1962 1956
f 1961 1962 1955
f 1956 1963 1957
f 1962 1963 1956
f 1957 1964 1959
f 1963 1964 1957
f 1959 1965 1960
f 1964 1965 1959
f 1966 1961 1571
f 1566 1966 1571
f 1572 1966 1566
f 1572 1967 1966
f 1582 1967 1572
f 1966 1968 1961
f 1967 1968 1966
f 1961 1969 1962
f 1968 1969 1961
f 1962 1970 1963
f 1969 1970 1962
f 1963 1971 1964
f 1970 1971 1963
f 1582 1972 1967
f 1587 1972 1582
f 1587 1598 1972
f 1967 1973 1968
f 1972 1973 1967
f 1598 1974 1972
f 1972 1974 1973
f 1598 1613 1974
f 1968 1975 1969
f 1973 1975 1968
f 1969 1976 1970
f 1975 1976 1969
f 1613 1977 1974
f 1613 1619 1977
f 1974 1978 1973
f 1973 1978 1975
f 1974 1977 1978
f 1619 1979 1977
f 1619 1625 1979
f 1978 1980 1975
f 1975 1980 1976
f 1977 1981 1978
f 1977 1979 1981
f 1978 1981 1980
f 1976 1982 1970
f 1970 1982 1971
f 1625 1983 1979
f 1625 1631 1983
f 1979 1984 1981
f 1979 1983 1984
f 1981 1985 1980
f 1981 1984 1985
f 1980 1986 1976
f 1976 1986 1982
f 1980 1985 1986
f 1631 1987 1983
f 1631 1637 1987
f 1983 1988 1984
f 1983 1987 1988
f 1984 1989 1985
f 1984 1988 1989
f 1985 1990 1986
f 1985 1989 1990
f 1986 1991 1982
f 1986 1990 1991
f 1637 1992 1987
f 1637 1643 1992
f 1987 1993 1988
f 1987 1992 1993
f 1988 1994 1989
f 1988 1993 1994
f 1989 1995 1990
f 1989 1994 1995
f 1643 1996 1992
f 1643 1649 1996
f 1992 1997 1993
f 1992 1996 1997
f 1993 1998 1994
f 1993 1997 1998
f 1649 1999 1996
f 1649 1655 1999
f 1996 2000 1997
f 1996 1999 2000
f 1655 2001 1999
f 1655 1661 2001
f 1990 1995 2002
f 1990 2002 1991
f 1994 2003 1995
f 1994 1998 2003
f 1997 2004 1998
f 1997 2000 2004
f 1999 2005 2000
f 1999 2001 2005
f 1661 2006 2001
f 1661 1667 2006
f 1995 2007 2002
f 1995 2003 2007
f 1998 2008 2003
f 1998 2004 2008
f 2000 2009 2004
f 2000 2005 2009
f 2001 2010 2005
f 2001 2006 2010
f 1667 2011 2006
f 1667 1673 2011
f 2003 2012 2007
f 2003 2008 2012
f 2004 2013 2008
f 2004 2009 2013
f 2005 2014 2009
f 2005 2010 2014
f 2006 2015 2010
f 2006 2011 2015
f 1673 2016 2011
f 1673 1679 2016
f 2008 2017 2012
f 2008 2013 2017
f 2009 2018 2013
f 2009 2014 2018
f 2010 2019 2014
f 2010 2015 2019
f 2011 2020 2015
f 2011 2016 2020
f 1679 2021 2016
f 1679 1685 2021
f 1685 1742 2021
f 2016 2021 2022
f 2016 2022 2020
f 2015 2020 2023
f 2015 2023 2019
f 2014 2019 2024
f 2014 2024 2018
f 2021 1742 2025
f 2021 2025 2022
f 2020 2022 2026
f 2020 2026 2023
f 2019 2023 2027
f 2019 2027 2024
f 1742 2028 2025
f 1742 1736 2028
f 1736 1741 2028
f 2022 2025 2029
f 2022 2029 2026
f 2023 2026 2030
f 2023 2030 2027
f 2028 1741 2031
f 1741 1743 2031
f 2031 1743 1752
f 2025 2028 2032
f 2028 2031 2032
f 2025 2032 2029
f 2031 1752 2033
f 2032 2031 2033
f 2033 1752 1763
f 2026 2029 2034
f 2026 2034 2030
f 2029 2032 2035
f 2032 2033 2035
f 2029 2035 2034
f 2033 1763 2036
f 2035 2033 2036
f 2036 1763 1768
f 2034 2035 2037
f 2035 2036 2037
f 2036 1768 2038
f 2037 2036 2038
f 2038 1768 1773
f 2030 2034 2039
f 2034 2037 2039
f 2038 1773 2040
f 2040 1773 1778
f 2037 2038 2041
f 2039 2037 2041
f 2041 2038 2040
f 2030 2039 2042
f 2027 2030 2042
f 2040 1778 2043
f 2043 1778 1783
f 2041 2040 2044
f 2044 2040 2043
f 2039 2041 2045
f 2042 2039 2045
f 2045 2041 2044
f 2027 2042 2046
f 2024 2027 2046
f 2043 1783 2047
f 2047 1783 1788
f 2042 2045 2048
f 2046 2042 2048
f 2045 2044 2049
f 2048 2045 2049
f 2044 2043 2050
f 2050 2043 2047
f 2049 2044 2050
f 2024 2046 2051
f 2018 2024 2051
f 2047 1788 2052
f 2052 1788 1792
f 2046 2048 2053
f 2051 2046 2053
f 2048 2049 2054
f 2053 2048 2054
f 2050 2047 2055
f 2055 2047 2052
f 2049 2050 2056
f 2054 2049 2056
f 2056 2050 2055
f 2018 2051 2057
f 2013 2018 2057
f 2013 2057 2017
f 2052 1792 2058
f 2058 1792 1795
f 2055 2052 2059
f 2059 2052 2058
f 2056 2055 2060
f 2060 2055 2059
f 2054 2056 2061
f 2061 2056 2060
f 2057 2051 2062
f 2051 2053 2062
f 2053 2054 2063
f 2063 2054 2061
f 2062 2053 2063
f 2017 2057 2064
f 2057 2062 2064
f 2058 1795 2065
f 2065 1795 1797
f 2059 2058 2066
f 2066 2058 2065
f 2060 2059 2067
f 2067 2059 2066
f 2061 2060 2068
f 2068 2060 2067
f 2062 2063 2069
f 2064 2062 2069
f 2063 2061 2070
f 2070 2061 2068
f 2069 2063 2070
f 2065 1797 2071
f 2071 1797 1801
f 2066 2065 2072
f 2072 2065 2071
f 2067 2066 2073
f 2073 2066 2072
f 2068 2067 2074
f 2074 2067 2073
f 2070 2068 2075
f 2075 2068 2074
f 2069 2070 2076
f 2076 2070 2075
f 2077 2069 2076
f 2064 2069 2077
f 2078 2064 2077
f 2017 2064 2078
f 2012 2017 2078
f 2012 2078 2079
f 2007 2012 2079
f 2078 2077 2080
f 2079 2078 2080
f 2077 2076 2081
f 2080 2077 2081
f 2076 2075 2082
f 2081 2076 2082
f 2075 2074 2083
f 2082 2075 2083
f 2007 2079 2084
f 2002 2007 2084
f 2079 2080 2085
f 2084 2079 2085
f 2080 2081 2086
f 2085 2080 2086
f 2081 2082 2087
f 2086 2081 2087
f 2002 2084 2088
f 1991 2002 2088
f 2084 2085 2089
f 2088 2084 2089
f 2085 2086 2090
f 2089 2085 2090
f 1991 2088 2091
f 1982 1991 2091
f 1982 2091 1971
f 2088 2089 2092
f 2091 2088 2092
f 1971 2091 2093
f 2091 2092 2093
f 1971 2093 1964
f 1964 2093 1965
f 2092 2089 2094
f 2089 2090 2094
f 2093 2092 2095
f 2093 2095 1965
f 2092 2094 2095
f 2090 2086 2096
f 2086 2087 2096
f 1965 2095 2097
f 1965 2097 1960
f 2095 2094 2098
f 2095 2098 2097
f 2094 2090 2099
f 2090 2096 2099
f 2094 2099 2098
f 1960 2097 2100
f 1960 2100 1958
f 2097 2098 2101
f 2097 2101 2100
f 2098 2099 2102
f 2098 2102 2101
f 2099 2096 2103
f 2099 2103 2102
f 2096 2087 2104
f 2096 2104 2103
f 1958 2100 2105
f 1958 2105 1950
f 2100 2101 2106
f 2100 2106 2105
f 2101 2102 2107
f 2101 2107 2106
f 2102 2103 2108
f 2102 2108 2107
f 1950 2105 2109
f 1950 2109 1944
f 1944 2109 1945
f 2105 2106 2110
f 2105 2110 2109
f 2106 2107 2111
f 2106 2111 2110
f 2109 2112 1945
f 2109 2110 2112
f 2103 2113 2108
f 2103 2104 2113
f 2107 2108 2114
f 2107 2114 2111
f 2110 2111 2115
f 2110 2115 2112
f 1945 2112 2116
f 1945 2116 1938
f 1938 2116 1939
f 2112 2117 2116
f 2112 2115 2117
f 2111 2118 2115
f 2111 2114 2118
f 2108 2119 2114
f 2108 2113 2119
f 2116 2120 1939
f 2116 2117 2120
f 2115 2121 2117
f 2115 2118 2121
f 2114 2122 2118
f 2114 2119 2122
f 1939 2120 2123
f 1939 2123 1926
f 1926 2123 1879
f 2123 1874 1879
f 2123 2124 1874
f 2120 2124 2123
f 2124 1869 1874
f 2117 2125 2120
f 2120 2125 2124
f 2117 2121 2125
f 2124 2126 1869
f 2125 2126 2124
f 2126 1864 1869
f 2121 2127 2125
f 2125 2127 2126
f 2126 2128 1864
f 2127 2128 2126
f 2128 1859 1864
f 2121 2129 2127
f 2118 2129 2121
f 2118 2122 2129
f 2127 2130 2128
f 2129 2130 2127
f 2128 2131 1859
f 2130 2131 2128
f 2131 1854 1859
f 2122 2132 2129
f 2129 2132 2130
f 2131 2133 1854
f 2133 1849 1854
f 2130 2134 2131
f 2132 2134 2130
f 2134 2133 2131
f 2122 2135 2132
f 2119 2135 2122
f 2133 2136 1849
f 2136 1844 1849
f 2132 2137 2134
f 2135 2137 2132
f 2134 2138 2133
f 2138 2136 2133
f 2137 2138 2134
f 2119 2139 2135
f 2113 2139 2119
f 2136 2140 1844
f 2140 1839 1844
f 2135 2141 2137
f 2139 2141 2135
f 2137 2142 2138
f 2141 2142 2137
f 2138 2143 2136
f 2143 2140 2136
f 2142 2143 2138
f 2113 2144 2139
f 2104 2144 2113
f 2140 2145 1839
f 2145 1828 1839
f 2139 2146 2141
f 2144 2146 2139
f 2141 2147 2142
f 2146 2147 2141
f 2143 2148 2140
f 2148 2145 2140
f 2142 2149 2143
f 2147 2149 2142
f 2149 2148 2143
f 2104 2150 2144
f 2087 2150 2104
f 2087 2082 2150
f 2082 2083 2150
f 2150 2151 2144
f 2144 2151 2146
f 2150 2083 2151
f 2146 2152 2147
f 2151 2152 2146
f 2083 2153 2151
f 2151 2153 2152
f 2083 2074 2153
f 2074 2073 2153
f 2153 2073 2154
f 2153 2154 2152
f 2073 2072 2154
f 2152 2155 2147
f 2152 2154 2155
f 2147 2155 2149
f 2154 2072 2156
f 2154 2156 2155
f 2072 2071 2156
f 2155 2157 2149
f 2155 2156 2157
f 2149 2157 2148
f 2156 2071 2158
f 2156 2158 2157
f 2071 1801 2158
f 2157 2159 2148
f 2157 2158 2159
f 2148 2159 2145
f 2158 1801 2160
f 2158 2160 2159
f 1801 1800 2160
f 2160 1800 1808
f 2159 2161 2145
f 2159 2160 2161
f 2160 1808 2161
f 2145 2161 1828
f 2161 1808 1817
f 2161 1817 1828
v 19.57323 17.05634 -13.66955
v 22.97002 19.57583 -8.732836
v 22.86015 20.03675 -8.892475
v 19.46336 17.51726 -13.82919
v 24.50777 20.03675 -10.02637
v 21.22087 17.05669 -14.80244
v 21.11101 17.51761 -14.96208
v 24.61764 19.57583 -9.86673
v 22.97002 19.57583 -8.732836
v 23.49232 19.96341 -7.973248
v 23.38246 20.42433 -8.132887
v 22.86015 20.03675 -8.892475
v 23.49232 19.96341 -7.973248
v 26.8887 22.48248 -3.037463
v 26.77883 22.9434 -3.197103
v 23.38246 20.42433 -8.132887
v 25.03038 20.42433 -9.266986
v 25.14024 19.96341 -9.107347
v 28.42741 22.94366 -4.330889
v 28.53727 22.48274 -4.17125
v 19.98498 17.05652 -13.95241
v 19.57323 17.05634 -13.66955
v 19.46336 17.51726 -13.82919
v 19.87511 17.51743 -14.11205
v 26.77883 22.9434 -3.197103
v 27.30143 22.48261 -3.321128
v 27.19157 22.94353 -3.480767
v 26.8887 22.48248 -3.037463
v 22.86015 20.03675 -8.892475
v 23.27211 20.03675 -9.175987
v 19.87511 17.51743 -14.11205
v 19.46336 17.51726 -13.82919
v 19.57323 17.05634 -13.66955
v 19.98498 17.05652 -13.95241
v 22.97002 19.57583 -8.732836
v 23.38198 19.57583 -9.016348
v 26.77883 22.9434 -3.197103
v 23.79472 20.42433 -8.416605
v 23.38246 20.42433 -8.132887
v 27.19157 22.94353 -3.480767
v 26.8887 22.48248 -3.037463
v 23.90458 19.96341 -8.256966
v 27.30143 22.48261 -3.321128
v 23.49232 19.96341 -7.973248
v 21.22087 17.05669 -14.80244
v 20.80887 17.0566 -14.51916
v 20.69901 17.51752 -14.67879
v 21.11101 17.51761 -14.96208
v 20.80887 17.0566 -14.51916
v 19.98498 17.05652 -13.95241
v 19.87511 17.51743 -14.11205
v 20.69901 17.51752 -14.67879
v 28.01543 22.94359 -4.047559
v 28.53727 22.48274 -4.17125
v 28.42741 22.94366 -4.330889
v 28.12529 22.48268 -3.887919
v 27.19157 22.94353 -3.480767
v 28.12529 22.48268 -3.887919
v 28.01543 22.94359 -4.047559
v 27.30143 22.48261 -3.321128
v 20.69901 17.51752 -14.67879
v 24.09589 20.03675 -9.742908
v 21.11101 17.51761 -14.96208
v 24.50777 20.03675 -10.02637
v 21.22087 17.05669 -14.80244
v 24.61764 19.57583 -9.86673
v 24.20575 19.57583 -9.583269
v 20.80887 17.0566 -14.51916
v 24.61849 20.42433 -8.983525
v 28.01543 22.94359 -4.047559
v 25.03038 20.42433 -9.266986
v 28.42741 22.94366 -4.330889
v 25.14024 19.96341 -9.107347
v 28.53727 22.48274 -4.17125
v 28.12529 22.48268 -3.887919
v 24.72836 19.96341 -8.823886
v 19.08767 5.499999 -18.17164
v 19.52258 5.499999 -17.6141
v 18.96503 5.499999 -17.17919
v 18.53012 5.499999 -17.73673
v 24.20575 19.57583 -9.583269
v 24.72836 19.96341 -8.823886
v 19.08767 5.499999 -18.17164
v 19.52258 5.499999 -17.6141
v 24.72836 19.96341 -8.823886
v 23.90458 19.96341 -8.256966
v 19.52258 5.499999 -17.6141
v 18.96503 5.499999 -17.17919
v 23.90458 19.96341 -8.256966
v 23.38198 19.57583 -9.016348
v 18.96503 5.499999 -17.17919
v 18.53012 5.499999 -17.73673
v 23.38198 19.57583 -9.016348
v 24.20575 19.57583 -9.583269
v 18.53012 5.499999 -17.73673
v 19.08767 5.499999 -18.17164
f 2162 2163 2164
f 2165 2162 2164
f 2166 2167 2168
f 2166 2169 2167
f 2170 2171 2172
f 2173 2170 2172
f 2174 2175 2176
f 2177 2174 2176
f 2178 2169 2166
f 2178 2179 2169
f 2180 2179 2178
f 2180 2181 2179
f 2182 2183 2184
f 2185 2182 2184
f 2186 2187 2188
f 2186 2189 2187
f 2190 2191 2192
f 2190 2192 2193
f 2194 2195 2196
f 2195 2197 2196
f 2198 2199 2200
f 2201 2199 2198
f 2199 2191 2200
f 2200 2191 2190
f 2202 2203 2204
f 2205 2203 2202
f 2196 2197 2205
f 2205 2197 2203
f 2206 2207 2208
f 2209 2206 2208
f 2210 2211 2212
f 2213 2210 2212
f 2214 2215 2216
f 2214 2217 2215
f 2218 2219 2220
f 2218 2221 2219
f 2222 2223 2224
f 2223 2225 2224
f 2192 2191 2222
f 2191 2223 2222
f 2226 2227 2228
f 2226 2228 2229
f 2229 2228 2197
f 2229 2197 2195
f 2199 2201 2230
f 2201 2231 2230
f 2230 2231 2232
f 2231 2233 2232
f 2223 2230 2225
f 2230 2232 2225
f 2191 2199 2223
f 2199 2230 2223
f 2234 2235 2236
f 2234 2236 2237
f 2237 2236 2204
f 2237 2204 2203
f 2227 2234 2237
f 2227 2237 2228
f 2238 2239 2240
f 2238 2240 2241
f 2242 2243 2244
f 2243 2245 2244
f 2246 2247 2248
f 2247 2249 2248
f 2250 2251 2252
f 2251 2253 2252
f 2254 2255 2256
f 2255 2257 2256
v -28 -8 9
v -17.32448 -9 8.902167
v -28 -4 9
v -17.32448 -4 8.902167
v -17.39878 -9 5.903088
v -18.08186 -9 0.616421
v -16.7574 -4 8.116141
v -18.08186 -6.5 0.616421
v -18.08186 -9 0.616421
v -29 -8 0.9999999
v -18.08186 -6.5 0.616421
v -29.00001 -7 1
v -29 -8 0.9999999
v -28 -8 6
v -29.00001 -7 1
v -27 -4 8
v -27 -4 8
v -16.7574 -4 8.116141
v -29.00001 -7 1
v -18.08186 -6.5 0.616421
v -29 -8 0.9999999
v -18.08186 -9 0.616421
v -28 -8 6
v -17.39878 -9 5.903088
v -28 -8 6
v -17.39878 -9 5.903088
v -28 -8 9
v -17.32448 -9 8.902167
v -27 -4 8
v -28 -8 6
v -28 -4 9
v -28 -8 9
v -17.39878 -9 5.903088
v -16.7574 -4 8.116141
v -17.32448 -9 8.902167
v -17.32448 -4 8.902167
v -16.7574 -4 8.116141
v -27 -4 8
v -17.32448 -4 8.902167
v -28 -4 9
f 2258 2259 2260
f 2259 2261 2260
f 2262 2263 2264
f 2263 2265 2264
f 2266 2267 2268
f 2267 2269 2268
f 2270 2271 2272
f 2271 2273 2272
f 2274 2275 2276
f 2275 2277 2276
f 2278 2279 2280
f 2279 2281 2280
f 2282 2283 2284
f 2283 2285 2284
f 2286 2287 2288
f 2287 2289 2288
f 2290 2291 2292
f 2291 2293 2292
f 2294 2295 2296
f 2295 2297 2296
v 17.89848 -8 -7.96199
v 24.36348 -7 -10.8262
v 24.36348 -2 -10.82621
v 17.89848 -2 -7.96199
v 24.36348 -7 -10.8262
v 29.7679 -8 -15.38605
v 29.76791 -2 -15.38605
v 24.36348 -2 -10.82621
v 19.38134 -2 -11.24849
v 22.24232 -2 -14.21747
v 22.24232 8 -14.21747
v 19.38134 8 -11.24849
v 22.24232 -2 -14.21747
v 24.78577 -2 -15.80834
v 24.78577 8 -15.80834
v 22.24232 8 -14.21747
v 9.379971 -7 -26.02374
v 3.37997 -8 -18.02374
v 3.37997 -7 -18.02374
v 9.379971 -8 -26.02374
v 21.81355 -2 -28.1033
v 13.37997 -8 -24.52374
v 13.37997 -2 -24.52374
v 21.81355 -8 -28.1033
v 17.46971 8 -21.84782
v 13.23063 -2 -19.19637
v 13.23063 8 -19.19637
v 17.46971 -2 -21.84782
v 20.54345 8 -22.59087
v 17.46971 -2 -21.84782
v 17.46971 8 -21.84782
v 20.54345 -2 -22.59087
v 19.38134 -7 -11.24849
v 24.36348 -7 -10.8262
v 17.89848 -8 -7.96199
v 22.24232 -7 -14.21747
v 24.36348 -7 -10.8262
v 24.78577 -7 -15.80834
v 29.7679 -8 -15.38605
v 13.37997 -8 -24.52374
v 20.54345 -7 -22.59087
v 17.46971 -7 -21.84782
v 21.81355 -8 -28.1033
v 7.930966 -8 -18.24055
v 13.37997 -8 -24.52374
v 13.23063 -7 -19.19637
v 17.46971 -7 -21.84782
v 3.37997 -7 -18.02374
v 3.37997 -8 -18.02374
v 10.37997 -7 -7.023735
v 14.37997 -8 -9.023735
v 17.89848 -8 -7.96199
v 17.89848 -2 -7.96199
v 14.37997 -2 -9.023735
v 13.23063 -2 -19.19637
v 15.56455 -2 -13.57918
v 15.56455 8 -13.57918
v 13.23063 8 -19.19637
v 15.56455 -2 -13.57918
v 19.38134 -2 -11.24849
v 19.38134 8 -11.24849
v 15.56455 8 -13.57918
v 26.90369 -2 -21.85106
v 21.81355 -8 -28.1033
v 21.81355 -2 -28.1033
v 26.90369 -7 -21.85106
v 29.76791 -2 -15.38605
v 26.90369 -7 -21.85106
v 26.90369 -2 -21.85106
v 29.7679 -8 -15.38605
v 23.51242 8 -19.72989
v 20.54345 -2 -22.59087
v 20.54345 8 -22.59087
v 23.51242 -2 -19.72989
v 24.78577 8 -15.80834
v 23.51242 -2 -19.72989
v 23.51242 8 -19.72989
v 24.78577 -2 -15.80834
v 7.930966 -8 -18.24055
v 13.23063 -7 -19.19637
v 14.37997 -8 -9.023735
v 15.56455 -7 -13.57918
v 14.37997 -8 -9.023735
v 19.38134 -7 -11.24849
v 17.89848 -8 -7.96199
v 15.56455 -7 -13.57918
v 24.78577 -7 -15.80834
v 23.51242 -7 -19.72989
v 26.90369 -7 -21.85106
v 29.7679 -8 -15.38605
v 20.54345 -7 -22.59087
v 21.81355 -8 -28.1033
v 26.90369 -7 -21.85106
v 20.12116 -7 -17.60873
v 24.78577 -7 -15.80834
v 22.24232 -7 -14.21747
v 23.51242 -7 -19.72989
v 17.46971 -7 -21.84782
v 20.54345 -7 -22.59087
v 15.56455 -7 -13.57918
v 19.38134 -7 -11.24849
v 13.23063 -7 -19.19637
v 14.37997 -2 -9.023735
v 7.930967 -2 -18.24055
v 10.37997 -7 -7.023735
v 3.37997 -7 -18.02374
v 7.930967 -2 -18.24055
v 13.37997 -2 -24.52374
v 3.37997 -7 -18.02374
v 9.379971 -7 -26.02374
v 13.37997 -2 -24.52374
v 13.37997 -8 -24.52374
v 9.379971 -7 -26.02374
v 9.379971 -8 -26.02374
v 13.37997 -8 -24.52374
v 7.930966 -8 -18.24055
v 9.379971 -8 -26.02374
v 3.37997 -8 -18.02374
v 14.37997 -8 -9.023735
v 3.37997 -8 -18.02374
v 10.37997 -7 -7.023735
v 14.37997 -8 -9.023735
v 14.37997 -2 -9.023735
v 10.37997 -7 -7.023735
v 29.76791 -2 -15.38605
v 24.78577 -2 -15.80834
v 24.36348 -2 -10.82621
v 22.24232 -2 -14.21747
v 19.38134 -2 -11.24849
v 17.89848 -2 -7.96199
v 13.23063 -2 -19.19637
v 17.46971 -2 -21.84782
v 13.37997 -2 -24.52374
v 7.930967 -2 -18.24055
v 20.54345 -2 -22.59087
v 21.81355 -2 -28.1033
v 15.56455 -2 -13.57918
v 14.37997 -2 -9.023735
v 23.51242 -2 -19.72989
v 26.90369 -2 -21.85106
v 22.24232 8 -14.21747
v 20.12116 8 -17.60873
v 15.56455 8 -13.57918
v 19.38134 8 -11.24849
v 17.46971 8 -21.84782
v 13.23063 8 -19.19637
v 24.78577 8 -15.80834
v 23.51242 8 -19.72989
v 20.54345 8 -22.59087
f 2298 2299 2300
f 2301 2298 2300
f 2302 2303 2304
f 2305 2302 2304
f 2306 2307 2308
f 2309 2306 2308
f 2310 2311 2312
f 2313 2310 2312
f 2314 2315 2316
f 2314 2317 2315
f 2318 2319 2320
f 2318 2321 2319
f 2322 2323 2324
f 2322 2325 2323
f 2326 2327 2328
f 2326 2329 2327
f 2330 2331 2332
f 2330 2333 2331
f 2334 2333 2335
f 2334 2335 2336
f 2337 2338 2339
f 2337 2340 2338
f 2341 2342 2343
f 2342 2344 2343
f 2345 2346 2347
f 2348 2349 2350
f 2351 2348 2350
f 2352 2353 2354
f 2355 2352 2354
f 2356 2357 2358
f 2359 2356 2358
f 2360 2361 2362
f 2360 2363 2361
f 2364 2365 2366
f 2364 2367 2365
f 2368 2369 2370
f 2368 2371 2369
f 2372 2373 2374
f 2372 2375 2373
f 2376 2377 2378
f 2377 2379 2378
f 2380 2381 2382
f 2380 2383 2381
f 2384 2385 2386
f 2387 2384 2386
f 2388 2389 2390
f 2388 2390 2385
f 2391 2392 2393
f 2391 2394 2392
f 2395 2394 2391
f 2395 2396 2394
f 2397 2393 2398
f 2397 2391 2393
f 2399 2391 2397
f 2399 2395 2391
f 2400 2401 2402
f 2401 2403 2402
f 2404 2405 2406
f 2405 2407 2406
f 2408 2409 2410
f 2409 2411 2410
f 2412 2413 2414
f 2413 2415 2414
f 2413 2416 2417
f 2416 2418 2417
f 2419 2420 2421
f 2422 2423 2424
f 2423 2425 2424
f 2424 2425 2426
f 2427 2424 2426
f 2428 2429 2430
f 2428 2430 2431
f 2432 2433 2430
f 2429 2432 2430
f 2426 2434 2435
f 2427 2426 2435
f 2435 2434 2428
f 2435 2428 2431
f 2436 2437 2432
f 2437 2433 2432
f 2437 2423 2422
f 2437 2436 2423
f 2438 2439 2440
f 2441 2438 2440
f 2439 2442 2443
f 2440 2439 2443
f 2444 2445 2439
f 2438 2444 2439
f 2445 2446 2442
f 2439 2445 2442
v -11 -7 -16
v -15 -7 -18
v -14.46963 1 -15.14964
v -12.23588 1 -15.02917
v -15 -7 -18
v -18 -7 -16
v -16.27796 1 -13.74014
v -14.46963 1 -15.14964
v -14.55926 1 -8.350699
v -11.55039 -7 -8.787409
v -11.55039 1 -8.787408
v -14.55926 -7 -8.350698
v -11.55039 1 -8.787408
v -10.51718 -7 -9.639726
v -10.51718 1 -9.639726
v -11.55039 -7 -8.787409
v -10.51718 -7 -9.639726
v -10.02917 -7 -12.76412
v -10.02917 1 -12.76412
v -10.51718 1 -9.639726
v -10.02917 -7 -12.76412
v -11 -7 -16
v -12.23588 1 -15.02917
v -10.02917 1 -12.76412
v -16.27796 1 -13.74014
v -16.76597 -7 -10.61574
v -16.76597 1 -10.61574
v -18 -7 -16
v -19 1 -7.499999
v -17 -7 -5.499999
v -17 1 -5.499999
v -19 -7 -7.499999
v -14.46963 1 -15.14964
v -13.21853 1 -12.42297
v -10.02917 1 -12.76412
v -12.23588 1 -15.02917
v -11.55039 1 -8.787408
v -10.51718 1 -9.639726
v -16.27796 1 -13.74014
v -16.76597 1 -10.61574
v -14.55926 1 -8.350699
v -13.21853 -7 -12.42297
v -18 -7 -16
v -15 -7 -18
v -16.76597 -7 -10.61574
v -11.55039 -7 -8.787409
v -14.55926 -7 -8.350698
v -10.02917 -7 -12.76412
v -11 -7 -16
v -10.51718 -7 -9.639726
v -14.55926 -7 -8.350698
v -14.55926 1 -8.350699
v -17 -7 -5.499999
v -17 1 -5.499999
v -17 1 -5.499999
v -19 1 -7.499999
v -16.76597 1 -10.61574
v -16.76597 -7 -10.61574
v -19 1 -7.499999
v -19 -7 -7.499999
v -19 -7 -7.499999
v -17 -7 -5.499999
f 2447 2448 2449
f 2450 2447 2449
f 2451 2452 2453
f 2454 2451 2453
f 2455 2456 2457
f 2455 2458 2456
f 2459 2460 2461
f 2459 2462 2460
f 2463 2464 2465
f 2466 2463 2465
f 2467 2468 2469
f 2470 2467 2469
f 2471 2472 2473
f 2471 2474 2472
f 2475 2476 2477
f 2475 2478 2476
f 2479 2480 2481
f 2482 2479 2481
f 2480 2483 2484
f 2481 2480 2484
f 2485 2486 2480
f 2479 2485 2480
f 2486 2487 2483
f 2480 2486 2483
f 2488 2489 2490
f 2488 2491 2489
f 2492 2491 2488
f 2492 2493 2491
f 2494 2490 2495
f 2494 2488 2490
f 2496 2488 2494
f 2496 2492 2488
f 2497 2498 2499
f 2498 2500 2499
f 2487 2486 2501
f 2486 2502 2501
f 2503 2504 2505
f 2504 2506 2505
f 2491 2493 2507
f 2493 2508 2507
v 2 -11.5 29
v 2 -11.5 19
v 2 -6.5 19
v 2 -6.5 29
v 0 -11.5 11
v -2 -11.5 5
v -2 -6.5 5
v 0 -6.5 11
v -27 -2.5 8.5
v -30 -11.5 19
v -30 -2.5 19
v -27 -11.5 8.5
v -30 -2.5 19
v -28 -11.5 32
v -28 -2.5 32
v -30 -11.5 19
v -30 -11.5 19
v -24 -11.5 11
v -24 -11.5 19
v -27 -11.5 8.5
v -28 -11.5 32
v -24 -11.5 27
v -8 -11.5 27
v -4 -11.5 12.5
v -6 -11.5 32
v -8 -11.5 19
v -8 -11.5 11
v -6 -11.5 6.5
v -24 5.5 11
v -24 -2.5 19
v -24 5.5 19
v -24 -2.5 11
v -24 -2.5 27
v -24 11.5 27
v -8 -2.5 27
v -8 -2.5 19
v -8 5.5 19
v -8 5.5 27
v -8 -2.5 11
v -8 5.5 11
v -28 -11.5 32
v -16 -11.5 32
v -16 -2.5 32
v -28 -2.5 32
v -6 -11.5 32
v -6 -2.5 32
v -6 -2.5 6.5
v -19 -11.5 5.5
v -19 -2.5 5.5
v -6 -11.5 6.5
v -19 -2.5 5.5
v -27 -11.5 8.5
v -27 -2.5 8.5
v -19 -11.5 5.5
v -16 -11.5 32
v -16 -11.5 27
v -16 -11.5 11
v -19 -11.5 5.5
v -24 -2.5 27
v -16 -2.5 27
v -16 11.5 27
v -24 11.5 27
v -8 -2.5 27
v -8 5.5 27
v -8 5.5 11
v -16 -2.5 11
v -16 5.5 11
v -8 -2.5 11
v -24 -2.5 11
v -24 5.5 11
v -16 -11.5 19
v -8 5.5 19
v -16 5.5 19
v -8 13.5 19
v -16 13.5 19
v -16 5.5 19
v -16 11.5 27
v -16 13.5 19
v -16 13.5 27
v -8 13.5 27
v -8 13.5 19
v -16 13.5 27
v -8 13.5 27
v -2 -11.5 29
v -2 -11.5 19
v 2 -11.5 17
v 2 -6.5 17
v -6 -2.5 32
v -6 -11.5 32
v -2 -2.5 29
v -2 -11.5 29
v 2 -11.5 29
v 2 -11.5 19
v -2 -2.5 29
v -2 -11.5 29
v 2 -6.5 29
v 2 -11.5 29
v -2 -2.5 19
v -2 -2.5 29
v 2 -6.5 19
v 2 -6.5 29
v -6 -2.5 6.5
v -4 -2.5 12.5
v -2 -6.5 5
v 0 -6.5 11
v 2 -11.5 17
v 0 -11.5 11
v -4 -2.5 12.5
v -2 -2.5 19
v 0 -6.5 11
v 2 -6.5 17
v -2 -11.5 5
v -6 -11.5 6.5
v -6 -2.5 6.5
v -2 -11.5 5
v -2 -6.5 5
v 2 -6.5 17
v 2 -6.5 17
v 2 -11.5 17
v -24 -2.5 27
v -24 -2.5 19
v -30 -2.5 19
v -28 -2.5 32
v -24 -2.5 11
v -27 -2.5 8.5
v -6 -2.5 6.5
v -8 -2.5 11
v -4 -2.5 12.5
v -8 -2.5 19
v -8 -2.5 27
v -6 -2.5 32
v -16 -2.5 11
v -19 -2.5 5.5
v -16 -2.5 27
v -16 -2.5 32
v -8 13.5 19
v -16 13.5 19
v -16 13.5 27
v -8 13.5 27
v -16 5.5 19
v -24 5.5 19
v -24 11.5 27
v -16 11.5 27
v -8 5.5 11
v -16 5.5 11
v -16 5.5 19
v -8 5.5 19
v -24 5.5 11
v -24 5.5 19
v -2 -2.5 19
v -2 -2.5 29
f 2509 2510 2511
f 2512 2509 2511
f 2513 2514 2515
f 2516 2513 2515
f 2517 2518 2519
f 2517 2520 2518
f 2521 2522 2523
f 2521 2524 2522
f 2525 2526 2527
f 2525 2528 2526
f 2529 2525 2530
f 2525 2527 2530
f 2531 2532 2533
f 2531 2534 2532
f 2532 2534 2535
f 2532 2535 2536
f 2537 2538 2539
f 2537 2540 2538
f 2539 2541 2542
f 2539 2538 2541
f 2543 2544 2545
f 2546 2543 2545
f 2544 2547 2548
f 2545 2544 2548
f 2549 2550 2551
f 2552 2549 2551
f 2550 2553 2554
f 2551 2550 2554
f 2555 2556 2557
f 2555 2558 2556
f 2559 2560 2561
f 2559 2562 2560
f 2529 2530 2563
f 2530 2564 2563
f 2563 2531 2533
f 2563 2564 2531
f 2535 2565 2566
f 2536 2535 2566
f 2526 2528 2566
f 2526 2566 2565
f 2567 2568 2569
f 2570 2567 2569
f 2568 2571 2572
f 2569 2568 2572
f 2573 2574 2575
f 2573 2576 2574
f 2575 2577 2578
f 2575 2574 2577
f 2579 2535 2534
f 2579 2565 2535
f 2527 2565 2579
f 2527 2526 2565
f 2564 2534 2531
f 2564 2579 2534
f 2530 2579 2564
f 2530 2527 2579
f 2580 2581 2582
f 2581 2583 2582
f 2584 2585 2586
f 2585 2587 2586
f 2546 2545 2588
f 2545 2589 2588
f 2569 2572 2590
f 2572 2591 2590
f 2533 2532 2592
f 2532 2593 2592
f 2513 2516 2594
f 2516 2595 2594
f 2596 2597 2598
f 2597 2599 2598
f 2592 2593 2600
f 2593 2601 2600
f 2602 2603 2604
f 2603 2605 2604
f 2606 2607 2608
f 2607 2609 2608
f 2610 2611 2612
f 2611 2613 2612
f 2593 2532 2614
f 2532 2615 2614
f 2616 2617 2618
f 2617 2619 2618
f 2601 2593 2614
f 2532 2536 2615
f 2536 2620 2615
f 2621 2622 2623
f 2622 2624 2623
f 2606 2608 2625
f 2511 2510 2626
f 2510 2627 2626
f 2628 2629 2630
f 2628 2630 2631
f 2632 2633 2630
f 2629 2632 2630
f 2634 2635 2636
f 2635 2637 2636
f 2636 2637 2638
f 2639 2636 2638
f 2640 2641 2632
f 2641 2633 2632
f 2641 2635 2634
f 2641 2640 2635
f 2638 2642 2643
f 2639 2638 2643
f 2643 2642 2628
f 2643 2628 2631
f 2644 2645 2646
f 2647 2644 2646
f 2648 2649 2650
f 2651 2648 2650
f 2652 2653 2654
f 2655 2652 2654
f 2653 2656 2657
f 2654 2653 2657
f 2636 2639 2658
f 2639 2659 2658
v -1.5 9.5 -10
v -10 9.5 -10
v -10 10 -10
v -1.5 10 -10
v -9.999782 10 4.000495
v -1.5 9.5 4.00003
v -1.5 10 4.00003
v -9.999782 9.5 4.000495
v 9.000003 9.5 3.999562
v 9.000004 9.5 -3.000221
v 9.000004 10 -3.000221
v 9.000003 10 3.999562
v -9.999893 10 -2.999754
v -9.999782 9.5 4.000495
v -9.999782 10 4.000495
v -9.999893 9.5 -2.999754
v -9.999893 10 -2.999754
v -1.5 10 4.00003
v -1.5 10 -2.999987
v -9.999782 10 4.000495
v -1.5 9.5 4.00003
v -9.999782 9.5 4.000495
v -9.999893 9.5 -2.999754
v -1.5 9.5 -2.999987
v 9.000005 9.5 -6.500112
v 9.000005 10 -6.500112
v 9.000005 9.5 -10
v 9.000005 10 -10
v -9.999949 10 -6.499878
v -9.999949 9.5 -6.499878
v -10 10 -10
v -10 9.5 -10
v -9.999949 10 -6.499878
v -1.5 10 -10
v -10 10 -10
v -1.5 10 -6.499996
v -1.5 9.5 -10
v -1.5 9.5 -6.499996
v -9.999949 9.5 -6.499878
v -10 9.5 -10
v 9.000005 9.5 -10
v 1.500001 9.5 -10.00001
v 1.500001 10 -10.00001
v 9.000005 10 -10
v 1.5 10 3.999798
v 9.000003 9.5 3.999562
v 9.000003 10 3.999562
v 1.5 9.5 3.999798
v 1.5 10 3.999798
v 1.500001 10 -3.000106
v 9.000003 10 3.999562
v 9.000004 10 -3.000221
v 9.000004 9.5 -3.000221
v 9.000003 9.5 3.999562
v 1.500001 9.5 -3.000106
v 1.5 9.5 3.999798
v 1.500001 10 -6.500058
v 1.500001 10 -10.00001
v 9.000005 10 -6.500112
v 9.000005 10 -10
v 9.000005 9.5 -10
v 9.000005 9.5 -6.500112
v 1.500001 9.5 -10.00001
v 1.500001 9.5 -6.500058
v -1.5 10 -6.499996
v -1.5 10 -2.999987
v -1.5 9.5 -6.499997
v -1.5 9.5 -2.999988
v -1.5 10 -2.999987
v 1.500001 10 -3.000106
v -1.5 9.5 -2.999988
v 1.500001 9.5 -3.000107
v 1.500001 10 -3.000106
v 1.500001 10 -6.500058
v 1.500001 9.5 -3.000107
v 1.500001 9.5 -6.500059
v 1.500001 10 -6.500058
v -1.5 10 -6.499996
v 1.500001 9.5 -6.500059
v -1.5 9.5 -6.499997
f 2660 2661 2662
f 2663 2660 2662
f 2664 2665 2666
f 2664 2667 2665
f 2668 2669 2670
f 2671 2668 2670
f 2672 2673 2674
f 2672 2675 2673
f 2676 2677 2678
f 2676 2679 2677
f 2680 2681 2682
f 2683 2680 2682
f 2669 2684 2685
f 2670 2669 2685
f 2684 2686 2687
f 2685 2684 2687
f 2688 2675 2672
f 2688 2689 2675
f 2690 2689 2688
f 2690 2691 2689
f 2692 2693 2694
f 2692 2695 2693
f 2692 2676 2678
f 2692 2678 2695
f 2696 2697 2698
f 2699 2696 2698
f 2697 2683 2698
f 2683 2682 2698
f 2700 2701 2702
f 2703 2700 2702
f 2701 2660 2663
f 2702 2701 2663
f 2704 2705 2706
f 2704 2707 2705
f 2666 2707 2704
f 2666 2665 2707
f 2678 2677 2708
f 2678 2708 2709
f 2709 2708 2710
f 2709 2710 2711
f 2712 2713 2714
f 2713 2715 2714
f 2714 2715 2683
f 2715 2680 2683
f 2693 2695 2716
f 2693 2716 2717
f 2717 2716 2718
f 2717 2718 2719
f 2716 2709 2711
f 2716 2711 2718
f 2720 2721 2722
f 2721 2723 2722
f 2722 2723 2696
f 2723 2697 2696
f 2721 2712 2723
f 2712 2714 2723
f 2724 2725 2726
f 2725 2727 2726
f 2728 2729 2730
f 2729 2731 2730
f 2732 2733 2734
f 2733 2735 2734
f 2736 2737 2738
f 2737 2739 2738
v 4.555453 10.55634 19.50795
v 9.71773 13.07583 16.4649
v 9.550795 13.53675 16.56332
v 4.388518 11.01726 19.60637
v 8.534961 13.53675 14.8404
v 3.540615 10.55669 17.78507
v 3.37368 11.01761 17.8835
v 8.701896 13.07583 14.74198
v 9.71773 13.07583 16.4649
v 10.512 13.46341 15.99701
v 10.34507 13.92433 16.09544
v 9.550795 13.53675 16.56332
v 10.512 13.46341 15.99701
v 15.67332 15.98248 12.95431
v 15.50639 16.4434 13.05274
v 10.34507 13.92433 16.09544
v 9.329048 13.92433 14.37221
v 9.495983 13.46341 14.27378
v 14.49073 16.44366 11.32888
v 14.65766 15.98274 11.23045
v 4.302094 10.55651 19.07742
v 4.555453 10.55634 19.50795
v 4.388518 11.01726 19.60637
v 4.135159 11.01743 19.17584
v 15.50639 16.4434 13.05274
v 15.41923 15.98261 12.52274
v 15.2523 16.44353 12.62117
v 15.67332 15.98248 12.95431
v 9.550795 13.53675 16.56332
v 9.296802 13.53675 16.13253
v 4.135159 11.01743 19.17584
v 4.388518 11.01726 19.60637
v 4.555453 10.55634 19.50795
v 4.302094 10.55651 19.07742
v 9.71773 13.07583 16.4649
v 9.463737 13.07583 16.03411
v 15.50639 16.4434 13.05274
v 10.09089 13.92433 15.66434
v 10.34507 13.92433 16.09544
v 15.2523 16.44353 12.62117
v 15.67332 15.98248 12.95431
v 10.25782 13.46341 15.56591
v 15.41923 15.98261 12.52274
v 10.512 13.46341 15.99701
v 3.540615 10.55669 17.78507
v 3.794381 10.5566 18.21589
v 3.627446 11.01752 18.31432
v 3.37368 11.01761 17.8835
v 3.794381 10.5566 18.21589
v 4.302094 10.55651 19.07742
v 4.135159 11.01743 19.17584
v 3.627446 11.01752 18.31432
v 14.74454 16.44359 11.75967
v 14.65766 15.98274 11.23045
v 14.49073 16.44366 11.32888
v 14.91148 15.98268 11.66124
v 15.2523 16.44353 12.62117
v 14.91148 15.98268 11.66124
v 14.74454 16.44359 11.75967
v 15.41923 15.98261 12.52274
v 3.627446 11.01752 18.31432
v 8.788907 13.53675 15.27111
v 3.37368 11.01761 17.8835
v 8.534961 13.53675 14.8404
v 3.540615 10.55669 17.78507
v 8.701896 13.07583 14.74198
v 8.955842 13.07583 15.17269
v 3.794381 10.5566 18.21589
v 9.582994 13.92433 14.80292
v 14.74454 16.44359 11.75967
v 9.329048 13.92433 14.37221
v 14.49073 16.44366 11.32888
v 9.495983 13.46341 14.27378
v 14.65766 15.98274 11.23045
v 14.91148 15.98268 11.66124
v 9.749929 13.46341 14.70449
v 7.76906 -10.5 15.46064
v 8.397196 -10.5 15.13592
v 8.721918 -10.5 15.76406
v 8.093781 -10.5 16.08878
v 8.955842 13.07583 15.17269
v 9.749929 13.46341 14.70449
v 7.76906 -10.5 15.46064
v 8.397196 -10.5 15.13592
v 9.749929 13.46341 14.70449
v 10.25782 13.46341 15.56591
v 8.397196 -10.5 15.13592
v 8.721918 -10.5 15.76406
v 10.25782 13.46341 15.56591
v 9.463737 13.07583 16.03411
v 8.721918 -10.5 15.76406
v 8.093781 -10.5 16.08878
v 9.463737 13.07583 16.03411
v 8.955842 13.07583 15.17269
v 8.093781 -10.5 16.08878
v 7.76906 -10.5 15.46064
f 2740 2741 2742
f 2743 2740 2742
f 2744 2745 2746
f 2744 2747 2745
f 2748 2749 2750
f 2751 2748 2750
f 2752 2753 2754
f 2755 2752 2754
f 2756 2747 2744
f 2756 2757 2747
f 2758 2757 2756
f 2758 2759 2757
f 2760 2761 2762
f 2763 2760 2762
f 2764 2765 2766
f 2764 2767 2765
f 2768 2769 2770
f 2768 2770 2771
f 2772 2773 2774
f 2773 2775 2774
f 2776 2777 2778
f 2779 2777 2776
f 2777 2769 2778
f 2778 2769 2768
f 2780 2781 2782
f 2783 2781 2780
f 2774 2775 2783
f 2783 2775 2781
f 2784 2785 2786
f 2787 2784 2786
f 2788 2789 2790
f 2791 2788 2790
f 2792 2793 2794
f 2792 2795 2793
f 2796 2797 2798
f 2796 2799 2797
f 2800 2801 2802
f 2801 2803 2802
f 2770 2769 2800
f 2769 2801 2800
f 2804 2805 2806
f 2804 2806 2807
f 2807 2806 2775
f 2807 2775 2773
f 2777 2779 2808
f 2779 2809 2808
f 2808 2809 2810
f 2809 2811 2810
f 2801 2808 2803
f 2808 2810 2803
f 2769 2777 2801
f 2777 2808 2801
f 2812 2813 2814
f 2812 2814 2815
f 2815 2814 2782
f 2815 2782 2781
f 2805 2812 2815
f 2805 2815 2806
f 2816 2817 2818
f 2816 2818 2819
f 2820 2821 2822
f 2821 2823 2822
f 2824 2825 2826
f 2825 2827 2826
f 2828 2829 2830
f 2829 2831 2830
f 2832 2833 2834
f 2833 2835 2834
v -14.29 -7 7.88
v -6.29 -7 7.88
v -14.29 -5 7.88
v -6.29 -5 7.88
v -6.29 -7 7.88
v -6.29 -7 3.88
v -6.29 -5 7.88
v -6.29 -5 3.88
v -6.29 -7 3.88
v -14.29 -7 3.88
v -6.29 -5 3.88
v -14.29 -5 3.88
v -14.29 -7 3.88
v -14.29 -7 7.88
v -14.29 -5 3.88
v -14.29 -5 7.88
v -14.29 -5 7.88
v -6.29 -5 7.88
v -14.29 -5 3.88
v -6.29 -5 3.88
v -14.29 -7 3.88
v -6.29 -7 3.88
v -14.29 -7 7.88
v -6.29 -7 7.88
f 2836 2837 2838
f 2837 2839 2838
f 2840 2841 2842
f 2841 2843 2842
f 2844 2845 2846
f 2845 2847 2846
f 2848 2849 2850
f 2849 2851 2850
f 2852 2853 2854
f 2853 2855 2854
f 2856 2857 2858
f 2857 2859 2858
v -32 -180 35
v 4 -180 45
v -2 -20 65
v -48 -20 49
v -2 -20 65
v 4 -180 45
v 34 -180 34
v 50 -20 48
v -2 -20 65
v -32 -7 35
v -48 -20 49
v -2 -7 45
v -2 -7 45
v -2 -20 65
v 34 -7 34
v 50 -20 48
v -4 -20 -60
v -30 -180 -30
v -44 -20 -46
v 2 -180 -40
v 46 -20 -46
v 32 -180 -30
v -4 -20 -60
v 2 -180 -40
v -30 -7 -30
v -4 -7 -40
v -4 -20 -60
v -44 -20 -46
v 32 -7 -30
v 46 -20 -46
v -4 -20 -60
v -4 -7 -40
v 34 -180 34
v 38 -180 15
v 58 -20 5
v 50 -20 48
v 38 -180 15
v 32 -180 -30
v 58 -20 5
v 46 -20 -46
v 58 -20 5
v 38 -6 5
v 34 -7 34
v 50 -20 48
v 58 -20 5
v 46 -20 -46
v 32 -7 -30
v 38 -6 5
v -48 -20 49
v -57 -20 1
v -32 -180 35
v -37 -180 11
v -44 -20 -46
v -30 -180 -30
v -57 -20 1
v -37 -180 11
v -32 -7 35
v -37 -7 1
v -57 -20 1
v -48 -20 49
v -30 -7 -30
v -44 -20 -46
v -57 -20 1
v -37 -7 1
v -4 -7 -40
v -30 -7 -30
v -37 -7 1
v 0 -6 5
v 0 -6 5
v -37 -7 1
v -32 -7 35
v -2 -7 45
v 38 -6 5
v 32 -7 -30
v -4 -7 -40
v 0 -6 5
v 34 -7 34
v 38 -6 5
v 0 -6 5
v -2 -7 45
v -37 -180 11
v 2 -180 -40
v 5 -180 15
v -30 -180 -30
v -32 -180 35
v 4 -180 45
v 38 -180 15
v 32 -180 -30
v 34 -180 34
f 2860 2861 2862
f 2863 2860 2862
f 2864 2865 2866
f 2864 2866 2867
f 2868 2869 2870
f 2868 2871 2869
f 2872 2873 2874
f 2873 2875 2874
f 2876 2877 2878
f 2876 2879 2877
f 2880 2881 2882
f 2881 2883 2882
f 2884 2885 2886
f 2887 2884 2886
f 2888 2889 2890
f 2888 2890 2891
f 2892 2893 2894
f 2892 2894 2895
f 2896 2897 2898
f 2898 2897 2899
f 2900 2901 2902
f 2903 2900 2902
f 2904 2905 2906
f 2904 2906 2907
f 2908 2909 2910
f 2909 2911 2910
f 2912 2913 2914
f 2914 2913 2915
f 2916 2917 2918
f 2916 2918 2919
f 2920 2921 2922
f 2923 2920 2922
f 2924 2925 2926
f 2927 2924 2926
f 2928 2929 2930
f 2931 2928 2930
f 2932 2933 2934
f 2932 2934 2935
f 2936 2937 2938
f 2936 2938 2939
f 2940 2941 2942
f 2940 2943 2941
f 2944 2942 2945
f 2944 2940 2942
f 2942 2941 2946
f 2941 2947 2946
f 2945 2942 2948
f 2942 2946 2948
v -3.688607 0.04507313 41.73394
v -3.732361 4.604654 44.41052
v -7.235057 3.779423 40.53679
v -3.688607 0.04507313 41.73394
v 0.8651595 2.4442 42.94376
v -3.732361 4.604654 44.41052
v -7.235057 3.779423 40.53679
v -4.802414 1.108975 36.67593
v -3.688607 0.04507313 41.73394
v -3.732361 4.604654 44.41052
v -4.873129 8.486547 41.00675
v -7.235057 3.779423 40.53679
v -3.688607 0.04507313 41.73394
v 0.203775 0.2837452 38.16347
v 0.8651595 2.4442 42.94376
v 0.8651595 2.4442 42.94376
v 0.133058 7.661316 42.49429
v -3.732361 4.604654 44.41052
v -7.235057 3.779423 40.53679
v -5.534515 6.326093 36.22646
v -4.802414 1.108975 36.67593
v -3.732361 4.604654 44.41052
v 0.133058 7.661316 42.49429
v -4.873129 8.486547 41.00675
v -7.235057 3.779423 40.53679
v -4.873129 8.486547 41.00675
v -5.534515 6.326093 36.22646
v 0.203775 0.2837452 38.16347
v 2.565702 4.990872 38.63343
v 0.8651595 2.4442 42.94376
v 0.8651595 2.4442 42.94376
v 2.565702 4.990872 38.63343
v 0.133058 7.661316 42.49429
v -4.802414 1.108975 36.67593
v -5.534515 6.326093 36.22646
v -0.9369934 4.165636 34.7597
v 0.133058 7.661316 42.49429
v -0.9807471 8.725219 37.43628
v -4.873129 8.486547 41.00675
v -4.873129 8.486547 41.00675
v -0.9807471 8.725219 37.43628
v -5.534515 6.326093 36.22646
v 0.203775 0.2837452 38.16347
v -0.9369934 4.165636 34.7597
v 2.565702 4.990872 38.63343
v 2.565702 4.990872 38.63343
v -0.9807471 8.725219 37.43628
v 0.133058 7.661316 42.49429
v -4.802414 1.108975 36.67593
v -0.9369934 4.165636 34.7597
v 0.203775 0.2837452 38.16347
v -5.534515 6.326093 36.22646
v -0.9807471 8.725219 37.43628
v -0.9369934 4.165636 34.7597
v -0.9369934 4.165636 34.7597
v -0.9807471 8.725219 37.43628
v 2.565702 4.990872 38.63343
v 0.09879091 0.7427682 35.72295
v 1.638692 4.778916 35.41452
v -1.625564 3.506166 32.86863
v 0.09879091 0.7427682 35.72295
v 4.370102 1.446857 35.85491
v 1.638692 4.778916 35.41452
v -1.625564 3.506166 32.86863
v -0.9116375 -0.6124493 31.73555
v 0.09879091 0.7427682 35.72295
v 1.638692 4.778916 35.41452
v 1.580041 5.918164 31.23651
v -1.625564 3.506166 32.86863
v 0.09879091 0.7427682 35.72295
v 2.793861 -1.885199 33.58115
v 4.370102 1.446857 35.85491
v 4.370102 1.446857 35.85491
v 5.285539 4.645417 33.0821
v 1.638692 4.778916 35.41452
v -1.625564 3.506166 32.86863
v 0.003799157 2.586108 28.96274
v -0.9116375 -0.6124493 31.73555
v 1.638692 4.778916 35.41452
v 5.285539 4.645417 33.0821
v 1.580041 5.918164 31.23651
v -1.625564 3.506166 32.86863
v 1.580041 5.918164 31.23651
v 0.003799157 2.586108 28.96274
v 2.793861 -1.885199 33.58115
v 5.999465 0.5268013 31.94903
v 4.370102 1.446857 35.85491
v 4.370102 1.446857 35.85491
v 5.999465 0.5268013 31.94903
v 5.285539 4.645417 33.0821
v -0.9116375 -0.6124493 31.73555
v 0.003799157 2.586108 28.96274
v 2.73521 -0.7459509 29.40313
v 5.285539 4.645417 33.0821
v 4.27511 3.290199 29.09471
v 1.580041 5.918164 31.23651
v 1.580041 5.918164 31.23651
v 4.27511 3.290199 29.09471
v 0.003799157 2.586108 28.96274
v 2.793861 -1.885199 33.58115
v 2.73521 -0.7459509 29.40313
v 5.999465 0.5268013 31.94903
v 5.999465 0.5268013 31.94903
v 4.27511 3.290199 29.09471
v 5.285539 4.645417 33.0821
v 0.003799157 2.586108 28.96274
v 4.27511 3.290199 29.09471
v 2.73521 -0.7459509 29.40313
v 2.73521 -0.7459509 29.40313
v 4.27511 3.290199 29.09471
v 5.999465 0.5268013 31.94903
v -1.905707 0.5598246 37.92142
v -1.984257 0.5567647 37.98404
v -2.106784 0.5522617 38.08027
v -4.802414 1.108975 36.67593
v 0.203775 0.2837452 38.16347
v -1.771583 0.5400647 37.94867
v -1.692637 0.5286199 37.96369
v -1.629247 0.4968461 38.09704
v -1.589702 0.4766023 38.1825
v -1.62788 0.4523342 38.33526
v -1.658269 0.4336491 38.45346
v -3.007914 0.1780842 40.61942
v -3.688607 0.04507313 41.73394
v -1.76399 0.4294697 38.53807
v -2.969334 0.2096645 40.42715
v -3.055737 0.1764882 40.65611
v -2.960373 0.217654 40.37897
v -1.874685 0.423148 38.63711
v -3.215547 0.1708324 40.78046
v -1.993382 0.4406669 38.61283
v -3.073809 0.2564872 40.23716
v -3.28171 0.1787127 40.77704
v -3.102882 0.2662382 40.2019
v -2.098566 0.4530959 38.60794
v -2.153895 0.482202 38.48418
v -3.294882 0.2883557 40.19603
v -2.190083 0.5073628 38.37036
v -3.350676 0.2949157 40.19361
v -2.146478 0.5331968 38.206
v -3.503147 0.288928 40.31541
v -3.55653 0.2870386 40.35695
v -3.460483 0.1997045 40.76945
v -3.502154 0.2137524 40.71852
v -3.601213 0.2476654 40.59466
v -3.588909 0.258925 40.52697
v 2.055028 -1.230916 31.72835
v 1.98423 -1.258831 31.88673
v 1.967383 -1.264818 31.92199
v 2.09283 -1.209306 31.61894
v 2.73521 -0.7459509 29.40313
v 2.245899 -1.204938 31.48408
v 2.380428 -1.245607 31.53055
v 2.793861 -1.885199 33.58115
v 2.417614 -1.307486 31.73112
v 2.388495 -1.324131 31.8154
v 2.293056 -1.365067 32.04115
v 2.262654 -1.368168 32.07622
v 2.07906 -1.383263 32.27452
v 2.040931 -1.374681 32.27226
v 1.937983 -1.342011 32.23096
v -0.9116375 -0.6124493 31.73555
v 1.948804 -1.325915 32.1629
v 0.6844242 -0.5667225 33.74614
v 0.6681954 -0.5197536 33.82278
v 0.09879091 0.7427682 35.72295
v 0.6496885 -0.467775 33.90694
v 0.6957021 -0.4629952 33.97198
v 0.7397108 -0.4577337 34.03561
v 0.8194303 -0.4987581 34.0474
v 0.9029145 -0.54214 34.05888
v 0.9653413 -0.5993463 34.01677
v 1.046118 -0.6738326 33.96134
v 2.793861 -1.885199 33.58115
v -0.9116375 -0.6124493 31.73555
v 0.766717 -0.6439196 33.68697
v 0.8259736 -0.6989753 33.64546
v 1.060077 -0.7124119 33.89914
v 0.9317694 -0.7549152 33.65804
v 1.084407 -0.776175 33.79785
v 0.9927215 -0.786776 33.66603
v 1.051619 -0.7795236 33.75162
v -1.658269 0.4336491 38.45346
v -1.76399 0.4294697 38.53807
v -2.1199 -0.962115 39.22858
v -1.874685 0.423148 38.63711
v -1.993382 0.4406669 38.61283
v -2.422716 -1.118694 39.53732
v -2.190083 0.5073628 38.37036
v -2.146478 0.5331968 38.206
v -2.796994 -1.118693 39.30149
v -2.098566 0.4530959 38.60794
v -2.153895 0.482202 38.48418
v -2.630399 -0.9651999 39.45201
v 2.262654 -1.368168 32.07622
v 2.07906 -1.383263 32.27452
v 1.274855 -2.251284 33.6325
v 2.417614 -1.307486 31.73112
v 2.388495 -1.324131 31.8154
v 2.3912 -1.359454 31.77665
v 2.055028 -1.230916 31.72835
v 2.09283 -1.209306 31.61894
v 2.058539 -1.276773 31.67805
v 1.948804 -1.325915 32.1629
v 1.967383 -1.264818 31.92199
v 1.012061 -2.264805 33.46463
v 2.040931 -1.374681 32.27226
v 1.937983 -1.342011 32.23096
v 1.152685 -2.149211 33.52535
v -3.601213 0.2476654 40.59466
v -3.588909 0.258925 40.52697
v -3.340434 -0.5514469 40.16399
v -3.318914 -0.4314047 39.95797
v -3.55653 0.2870386 40.35695
v -3.502154 0.2137524 40.71852
v -3.601213 0.2476654 40.59466
v -3.340434 -0.5514469 40.16399
v -3.194317 -0.6011719 40.34701
v -3.460483 0.1997045 40.76945
v -1.62788 0.4523342 38.33526
v -1.658269 0.4336491 38.45346
v -2.1199 -0.962115 39.22858
v -2.09838 -1.082159 39.02256
v -1.589702 0.4766023 38.1825
v -3.340434 -0.5514469 40.16399
v -3.007549 -1.507436 39.47919
v -2.87293 -1.682852 39.83693
v -3.194317 -0.6011719 40.34701
v -2.1199 -0.962115 39.22858
v -2.281148 -1.743909 39.70579
v -2.227154 -1.78708 39.38342
v -2.09838 -1.082159 39.02256
v -3.318914 -0.4314047 39.95797
v -2.899849 -1.30859 39.38829
v -3.007549 -1.507436 39.47919
v -3.340434 -0.5514469 40.16399
v -3.55653 0.2870386 40.35695
v -3.503147 0.288928 40.31541
v -3.318914 -0.4314047 39.95797
v -3.142362 -0.3113604 39.84963
v -3.350676 0.2949157 40.19361
v -3.28171 0.1787127 40.77704
v -3.460483 0.1997045 40.76945
v -3.194317 -0.6011719 40.34701
v -2.966155 -0.5514469 40.39982
v -3.215547 0.1708324 40.78046
v -1.629247 0.4968461 38.09704
v -1.589702 0.4766023 38.1825
v -2.09838 -1.082159 39.02256
v -2.244497 -1.131882 38.83954
v -1.692637 0.5286199 37.96369
v -1.76399 0.4294697 38.53807
v -1.874685 0.423148 38.63711
v -2.422716 -1.118694 39.53732
v -2.1199 -0.962115 39.22858
v -2.969334 0.2096645 40.42715
v -3.007914 0.1780842 40.61942
v -2.789605 -0.4314047 40.29148
v -2.768082 -0.3113603 40.08546
v -2.960373 0.217654 40.37897
v -3.007914 0.1780842 40.61942
v -3.055737 0.1764882 40.65611
v -2.789605 -0.4314047 40.29148
v -2.966155 -0.5514469 40.39982
v -3.215547 0.1708324 40.78046
v -2.456976 -1.310585 39.66893
v -2.492121 -1.507439 39.80395
v -2.281148 -1.743909 39.70579
v -2.422716 -1.118694 39.53732
v -2.1199 -0.962115 39.22858
v -2.789605 -0.4314047 40.29148
v -2.456976 -1.310585 39.66893
v -2.422716 -1.118694 39.53732
v -2.768082 -0.3113603 40.08546
v -2.966155 -0.5514469 40.39982
v -2.492121 -1.507439 39.80395
v -2.456976 -1.310585 39.66893
v -2.789605 -0.4314047 40.29148
v -2.106784 0.5522617 38.08027
v -1.984257 0.5567647 37.98404
v -2.64921 -0.962115 38.89508
v -2.472659 -1.082159 38.78674
v -1.905707 0.5598246 37.92142
v -1.771583 0.5400647 37.94867
v -1.692637 0.5286199 37.96369
v -2.244497 -1.131882 38.83954
v -2.472659 -1.082159 38.78674
v -1.905707 0.5598246 37.92142
v -2.146478 0.5331968 38.206
v -2.106784 0.5522617 38.08027
v -2.64921 -0.962115 38.89508
v -2.796994 -1.118693 39.30149
v -3.142362 -0.3113604 39.84963
v -2.796994 -1.118693 39.30149
v -2.899849 -1.30859 39.38829
v -3.318914 -0.4314047 39.95797
v -3.010072 -1.743909 39.24651
v -3.007549 -1.507436 39.47919
v -2.899849 -1.30859 39.38829
v -2.796994 -1.118693 39.30149
v -2.64921 -0.962115 38.89508
v -3.350676 0.2949157 40.19361
v -3.294882 0.2883557 40.19603
v -3.142362 -0.3113604 39.84963
v -2.914201 -0.2616369 39.90244
v -3.102882 0.2662382 40.2019
v -2.492121 -1.507439 39.80395
v -2.966155 -0.5514469 40.39982
v -3.194317 -0.6011719 40.34701
v -2.87293 -1.682852 39.83693
v -2.589571 -4.532174 39.38721
v -2.87293 -1.682852 39.83693
v -3.007549 -1.507436 39.47919
v -2.781606 -4.504991 39.12059
v -2.781606 -4.504991 39.12059
v -3.007549 -1.507436 39.47919
v -3.010072 -1.743909 39.24651
v -2.729786 -4.43937 38.80167
v -2.418288 -1.804962 39.11537
v -2.244497 -1.131882 38.83954
v -2.09838 -1.082159 39.02256
v -2.227154 -1.78708 39.38342
v -1.949043 -4.373748 38.94203
v -2.227154 -1.78708 39.38342
v -2.281148 -1.743909 39.70579
v -2.000861 -4.43937 39.26095
v -2.000861 -4.43937 39.26095
v -2.281148 -1.743909 39.70579
v -2.492121 -1.507439 39.80395
v -2.266175 -4.504992 39.44535
v -1.993382 0.4406669 38.61283
v -2.098566 0.4530959 38.60794
v -2.630399 -0.9651999 39.45201
v -2.422716 -1.118694 39.53732
v -3.073809 0.2564872 40.23716
v -2.960373 0.217654 40.37897
v -2.768082 -0.3113603 40.08546
v -2.914201 -0.2616369 39.90244
v -3.102882 0.2662382 40.2019
v -2.472659 -1.082159 38.78674
v -2.742582 -1.78708 39.05866
v -3.010072 -1.743909 39.24651
v -2.64921 -0.962115 38.89508
v -2.244497 -1.131882 38.83954
v -2.418288 -1.804962 39.11537
v -2.742582 -1.78708 39.05866
v -2.472659 -1.082159 38.78674
v -2.796994 -1.118693 39.30149
v -3.142362 -0.3113604 39.84963
v -2.914201 -0.2616369 39.90244
v -2.630399 -0.9651999 39.45201
v -2.87293 -1.682852 39.83693
v -2.589571 -4.532174 39.38721
v -2.266175 -4.504992 39.44535
v -2.492121 -1.507439 39.80395
v -2.781606 -4.504991 39.12059
v -2.695185 -6.633461 38.71064
v -2.413758 -6.639185 39.10818
v -2.589571 -4.532174 39.38721
v -2.729786 -4.43937 38.80167
v -2.613107 -6.619639 38.23069
v -2.695185 -6.633461 38.71064
v -2.781606 -4.504991 39.12059
v -2.729786 -4.43937 38.80167
v -3.010072 -1.743909 39.24651
v -2.742582 -1.78708 39.05866
v -2.464471 -4.373748 38.61727
v -2.227154 -1.78708 39.38342
v -1.949043 -4.373748 38.94203
v -2.141076 -4.346565 38.67541
v -2.418288 -1.804962 39.11537
v -2.000861 -4.43937 39.26095
v -1.536178 -6.619639 38.90924
v -1.449629 -6.678609 38.43306
v -1.949043 -4.373748 38.94203
v -2.266175 -4.504992 39.44535
v -1.933682 -6.633461 39.19044
v -1.536178 -6.619639 38.90924
v -2.000861 -4.43937 39.26095
v -2.768082 -0.3113603 40.08546
v -2.422716 -1.118694 39.53732
v -2.630399 -0.9651999 39.45201
v -2.914201 -0.2616369 39.90244
v -2.153895 0.482202 38.48418
v -2.190083 0.5073628 38.37036
v -2.796994 -1.118693 39.30149
v -2.630399 -0.9651999 39.45201
v -2.613107 -6.619639 38.23069
v -2.729786 -4.43937 38.80167
v -2.464471 -4.373748 38.61727
v -2.220926 -6.678608 37.94708
v -1.933682 -6.633461 39.19044
v -2.266175 -4.504992 39.44535
v -2.589571 -4.532174 39.38721
v -2.413758 -6.639185 39.10818
v -2.418288 -1.804962 39.11537
v -2.141076 -4.346565 38.67541
v -2.464471 -4.373748 38.61727
v -2.742582 -1.78708 39.05866
v -2.695185 -6.633461 38.71064
v -2.762098 -7.664996 38.74482
v -2.453368 -7.714996 39.17105
v -2.413758 -6.639185 39.10818
v -2.613107 -6.619639 38.23069
v -2.680973 -7.544283 38.23655
v -2.762098 -7.664996 38.74482
v -2.695185 -6.633461 38.71064
v -2.220926 -6.678608 37.94708
v -2.232743 -6.97798 37.94724
v -2.257512 -7.216346 37.94399
v -2.613107 -6.619639 38.23069
v -2.680973 -7.544283 38.23655
v -2.603605 -8.153568 38.11376
v -2.180144 -8.032856 37.8212
v -2.220926 -6.678608 37.94708
v -2.464471 -4.373748 38.61727
v -2.141076 -4.346565 38.67541
v -1.734674 -6.462921 38.03041
v -1.949043 -4.373748 38.94203
v -1.449629 -6.678609 38.43306
v -1.734674 -6.462921 38.03041
v -2.141076 -4.346565 38.67541
v -1.431045 -7.216346 38.46473
v -1.443521 -6.998086 38.44555
v -1.449629 -6.678609 38.43306
v -1.536178 -6.619639 38.90924
v -1.512171 -7.544283 38.97299
v -1.353677 -8.032856 38.34194
v -1.434803 -8.153568 38.8502
v -1.933682 -6.633461 39.19044
v -1.93563 -7.664996 39.26556
v -1.512171 -7.544283 38.97299
v -1.536178 -6.619639 38.90924
v -2.413758 -6.639185 39.10818
v -2.453368 -7.714996 39.17105
v -1.93563 -7.664996 39.26556
v -1.933682 -6.633461 39.19044
v -1.734674 -6.462921 38.03041
v -1.351275 -5.394438 37.42191
v -1.518537 -5.458231 37.22096
v -2.220926 -6.678608 37.94708
v -2.375999 -8.324282 39.04825
v -2.453368 -7.714996 39.17105
v -2.762098 -7.664996 38.74482
v -2.684731 -8.274281 38.62203
v -2.684731 -8.274281 38.62203
v -2.762098 -7.664996 38.74482
v -2.680973 -7.544283 38.23655
v -2.603605 -8.153568 38.11376
v -2.232743 -6.97798 37.94724
v -1.501614 -5.612243 37.0009
v -1.310419 -5.766253 36.89066
v -2.257512 -7.216346 37.94399
v -2.220926 -6.678608 37.94708
v -1.518537 -5.458231 37.22096
v -1.501614 -5.612243 37.0009
v -2.232743 -6.97798 37.94724
v -1.351275 -5.394438 37.42191
v -1.734674 -6.462921 38.03041
v -1.449629 -6.678609 38.43306
v -1.097808 -5.458231 37.48605
v -1.443521 -6.998086 38.44555
v -0.9066129 -5.612243 37.3758
v -1.097808 -5.458231 37.48605
v -1.449629 -6.678609 38.43306
v -1.431045 -7.216346 38.46473
v -0.8896897 -5.766253 37.15575
v -0.9066129 -5.612243 37.3758
v -1.443521 -6.998086 38.44555
v -1.434803 -8.153568 38.8502
v -1.512171 -7.544283 38.97299
v -1.93563 -7.664996 39.26556
v -1.858262 -8.274282 39.14277
v -1.858262 -8.274282 39.14277
v -1.93563 -7.664996 39.26556
v -2.453368 -7.714996 39.17105
v -2.375999 -8.324282 39.04825
v -2.375999 -8.324282 39.04825
v -2.684731 -8.274281 38.62203
v -2.692807 -9.088265 38.63485
v -2.387421 -9.088268 39.06638
v -2.684731 -8.274281 38.62203
v -2.603605 -8.153568 38.11376
v -2.603604 -9.088266 38.11376
v -2.692807 -9.088265 38.63485
v -2.180144 -8.032856 37.8212
v -2.257512 -7.216346 37.94399
v -1.739776 -7.373569 38.0385
v -1.662408 -7.982855 37.91571
v -1.351275 -5.394438 37.42191
v -0.3848993 -3.918812 35.94452
v -0.468627 -3.927874 35.61172
v -1.518537 -5.458231 37.22096
v -1.097808 -5.458231 37.48605
v -0.04828598 -3.916266 35.87717
v -0.3848993 -3.918812 35.94452
v -1.351275 -5.394438 37.42191
v -0.8896897 -5.766253 37.15575
v -1.431045 -7.216346 38.46473
v -1.739776 -7.373569 38.0385
v -1.056952 -5.830045 36.95479
v -1.434803 -8.153568 38.8502
v -1.858262 -8.274282 39.14277
v -1.86634 -9.088265 39.15559
v -1.434802 -9.088266 38.8502
v -1.858262 -8.274282 39.14277
v -2.375999 -8.324282 39.04825
v -2.387421 -9.088268 39.06638
v -1.86634 -9.088265 39.15559
v -2.603605 -8.153568 38.11376
v -2.180144 -8.032856 37.8212
v -2.172067 -9.088266 37.80838
v -2.603604 -9.088266 38.11376
v -2.180144 -8.032856 37.8212
v -1.662408 -7.982855 37.91571
v -1.650985 -9.088266 37.89758
v -2.172067 -9.088266 37.80838
v -2.257512 -7.216346 37.94399
v -1.310419 -5.766253 36.89066
v -1.056952 -5.830045 36.95479
v -1.739776 -7.373569 38.0385
v -1.501614 -5.612243 37.0009
v -0.3645175 -4.357456 35.46564
v -1.310419 -5.766253 36.89066
v -0.5470725 -4.180573 35.55405
v 0.9456981 -2.762433 33.49916
v 0.7714018 -2.643344 33.5969
v -1.518537 -5.458231 37.22096
v -0.468627 -3.927874 35.61172
v -0.5470725 -4.180573 35.55405
v -1.501614 -5.612243 37.0009
v -0.04828598 -3.916266 35.87717
v -1.097808 -5.458231 37.48605
v -0.9066129 -5.612243 37.3758
v 0.04738184 -4.164156 35.92945
v -0.8896897 -5.766253 37.15575
v 0.04738184 -4.164156 35.92945
v -0.9066129 -5.612243 37.3758
v 0.05582186 -4.345851 35.7311
v 1.283208 -2.617009 33.92384
v 1.307603 -2.743813 33.73034
v -1.056952 -5.830045 36.95479
v -0.1147906 -4.425916 35.53898
v 0.05582186 -4.345851 35.7311
v -0.8896897 -5.766253 37.15575
v -1.353677 -8.032856 38.34194
v -1.434803 -8.153568 38.8502
v -1.434802 -9.088266 38.8502
v -1.3456 -9.088266 38.32912
v -1.431045 -7.216346 38.46473
v -1.353677 -8.032856 38.34194
v -1.662408 -7.982855 37.91571
v -1.739776 -7.373569 38.0385
v -2.692807 -9.088265 38.63485
v -2.603604 -9.088266 38.11376
v -2.172067 -9.088266 37.80838
v -2.387421 -9.088268 39.06638
v -1.650985 -9.088266 37.89758
v -1.86634 -9.088265 39.15559
v -1.3456 -9.088266 38.32912
v -1.434802 -9.088266 38.8502
v -0.3848993 -3.918812 35.94452
v 0.8868105 -2.456306 33.96631
v 0.8128273 -2.428576 33.68028
v -0.468627 -3.927874 35.61172
v -0.04828598 -3.916266 35.87717
v 1.174729 -2.409955 33.91146
v 0.8868105 -2.456306 33.96631
v -0.3848993 -3.918812 35.94452
v 0.04738184 -4.164156 35.92945
v 1.283208 -2.617009 33.92384
v 1.174729 -2.409955 33.91146
v -0.04828598 -3.916266 35.87717
v -0.1147906 -4.425916 35.53898
v -1.056952 -5.830045 36.95479
v -1.310419 -5.766253 36.89066
v -0.3645175 -4.357456 35.46564
v -1.3456 -9.088266 38.32912
v -1.650985 -9.088266 37.89758
v -1.662408 -7.982855 37.91571
v -1.353677 -8.032856 38.34194
v -0.1147906 -4.425916 35.53898
v 1.1678 -2.80405 33.55443
v 1.307603 -2.743813 33.73034
v 0.05582186 -4.345851 35.7311
v 0.7714018 -2.643344 33.5969
v -0.5470725 -4.180573 35.55405
v -0.468627 -3.927874 35.61172
v 0.8128273 -2.428576 33.68028
v 0.8868105 -2.456306 33.96631
v 0.8356534 -1.584115 33.97615
v 0.7386108 -1.584032 33.83788
v 0.8128273 -2.428576 33.68028
v 1.174729 -2.409955 33.91146
v 1.001406 -1.57051 34.00575
v 0.8356534 -1.584115 33.97615
v 0.8868105 -2.456306 33.96631
v 1.22543 -2.329606 33.7702
v 1.174729 -2.409955 33.91146
v 1.283208 -2.617009 33.92384
v 1.500692 -2.284198 33.4018
v 1.274855 -2.251284 33.6325
v 1.307603 -2.743813 33.73034
v 1.493628 -2.42155 33.30372
v 1.500692 -2.284198 33.4018
v 1.283208 -2.617009 33.92384
v 1.1678 -2.80405 33.55443
v -0.1147906 -4.425916 35.53898
v -0.3645175 -4.357456 35.46564
v 0.9456981 -2.762433 33.49916
v 1.38185 -2.484045 33.19357
v 1.230834 -2.435074 33.13585
v 1.1678 -2.80405 33.55443
v 1.38185 -2.484045 33.19357
v 1.493628 -2.42155 33.30372
v 1.307603 -2.743813 33.73034
v 0.7714018 -2.643344 33.5969
v 1.12904 -2.303317 33.1644
v 1.230834 -2.435074 33.13585
v 0.9456981 -2.762433 33.49916
v 0.7714018 -2.643344 33.5969
v 0.8128273 -2.428576 33.68028
v 0.9147357 -2.344803 33.56997
v 1.12904 -2.303317 33.1644
v 1.012061 -2.264805 33.46463
v 1.001406 -1.57051 34.00575
v 1.174729 -2.409955 33.91146
v 1.22543 -2.329606 33.7702
v 1.138767 -1.551179 33.90935
v 0.8128273 -2.428576 33.68028
v 0.7386108 -1.584032 33.83788
v 0.7671153 -1.570302 33.67195
v 0.9147357 -2.344803 33.56997
v 0.7397108 -0.4577337 34.03561
v 0.7386108 -1.584032 33.83788
v 0.8356534 -1.584115 33.97615
v 0.6957021 -0.4629952 33.97198
v 0.6496885 -0.467775 33.90694
v 0.9029145 -0.54214 34.05888
v 0.8356534 -1.584115 33.97615
v 1.001406 -1.57051 34.00575
v 0.8194303 -0.4987581 34.0474
v 0.7397108 -0.4577337 34.03561
v 1.046118 -0.6738326 33.96134
v 1.001406 -1.57051 34.00575
v 1.138767 -1.551179 33.90935
v 0.9653413 -0.5993463 34.01677
v 0.9029145 -0.54214 34.05888
v 1.138767 -1.551179 33.90935
v 1.22543 -2.329606 33.7702
v 1.274855 -2.251284 33.6325
v 1.167275 -1.537449 33.74342
v 2.293056 -1.365067 32.04115
v 1.500692 -2.284198 33.4018
v 1.493628 -2.42155 33.30372
v 2.3912 -1.359454 31.77665
v 2.388495 -1.324131 31.8154
v 1.38185 -2.484045 33.19357
v 2.299146 -1.405531 31.67068
v 2.3912 -1.359454 31.77665
v 1.493628 -2.42155 33.30372
v 1.230834 -2.435074 33.13585
v 2.161356 -1.371281 31.62983
v 2.299146 -1.405531 31.67068
v 1.38185 -2.484045 33.19357
v 1.12904 -2.303317 33.1644
v 2.058539 -1.276773 31.67805
v 2.161356 -1.371281 31.62983
v 1.230834 -2.435074 33.13585
v 1.060077 -0.7124119 33.89914
v 1.046118 -0.6738326 33.96134
v 1.138767 -1.551179 33.90935
v 1.084407 -0.776175 33.79785
v 1.167275 -1.537449 33.74342
v 2.293056 -1.365067 32.04115
v 2.262654 -1.368168 32.07622
v 1.274855 -2.251284 33.6325
v 1.500692 -2.284198 33.4018
v 1.98423 -1.258831 31.88673
v 2.055028 -1.230916 31.72835
v 2.058539 -1.276773 31.67805
v 1.12904 -2.303317 33.1644
v 1.967383 -1.264818 31.92199
v 1.98423 -1.258831 31.88673
v 1.12904 -2.303317 33.1644
v 1.012061 -2.264805 33.46463
v 0.9147357 -2.344803 33.56997
v 0.7671153 -1.570302 33.67195
v 0.9044797 -1.550969 33.57555
v 1.012061 -2.264805 33.46463
v 0.6496885 -0.467775 33.90694
v 0.7671153 -1.570302 33.67195
v 0.7386108 -1.584032 33.83788
v 0.6681954 -0.5197536 33.82278
v 0.6844242 -0.5667225 33.74614
v 1.167275 -1.537449 33.74342
v 1.274855 -2.251284 33.6325
v 1.152685 -2.149211 33.52535
v 1.070229 -1.537359 33.60516
v 1.051619 -0.7795236 33.75162
v 1.084407 -0.776175 33.79785
v 1.167275 -1.537449 33.74342
v 0.9927215 -0.786776 33.66603
v 1.070229 -1.537359 33.60516
v 2.380428 -1.245607 31.53055
v 2.417614 -1.307486 31.73112
v 2.3912 -1.359454 31.77665
v 2.299146 -1.405531 31.67068
v 2.245899 -1.204938 31.48408
v 2.380428 -1.245607 31.53055
v 2.299146 -1.405531 31.67068
v 2.161356 -1.371281 31.62983
v 2.09283 -1.209306 31.61894
v 2.245899 -1.204938 31.48408
v 2.161356 -1.371281 31.62983
v 2.058539 -1.276773 31.67805
v 2.07906 -1.383263 32.27452
v 2.040931 -1.374681 32.27226
v 1.152685 -2.149211 33.52535
v 1.274855 -2.251284 33.6325
v 1.937983 -1.342011 32.23096
v 1.948804 -1.325915 32.1629
v 1.012061 -2.264805 33.46463
v 1.152685 -2.149211 33.52535
v 0.6844242 -0.5667225 33.74614
v 0.9044797 -1.550969 33.57555
v 0.7671153 -1.570302 33.67195
v 0.766717 -0.6439196 33.68697
v 0.8259736 -0.6989753 33.64546
v 1.070229 -1.537359 33.60516
v 1.152685 -2.149211 33.52535
v 1.012061 -2.264805 33.46463
v 0.9044797 -1.550969 33.57555
v 0.9317694 -0.7549152 33.65804
v 0.9927215 -0.786776 33.66603
v 1.070229 -1.537359 33.60516
v 0.8259736 -0.6989753 33.64546
v 0.9044797 -1.550969 33.57555
f 2949 2950 2951
f 2952 2953 2954
f 2955 2956 2957
f 2958 2959 2960
f 2961 2962 2963
f 2964 2965 2966
f 2967 2968 2969
f 2970 2971 2972
f 2973 2974 2975
f 2976 2977 2978
f 2979 2980 2981
f 2982 2983 2984
f 2985 2986 2987
f 2988 2989 2990
f 2991 2992 2993
f 2994 2995 2996
f 2997 2998 2999
f 3000 3001 3002
f 3003 3004 3005
f 3006 3007 3008
f 3009 3010 3011
f 3012 3013 3014
f 3015 3016 3017
f 3018 3019 3020
f 3021 3022 3023
f 3024 3025 3026
f 3027 3028 3029
f 3030 3031 3032
f 3033 3034 3035
f 3036 3037 3038
f 3039 3040 3041
f 3042 3043 3044
f 3045 3046 3047
f 3048 3049 3050
f 3051 3052 3053
f 3054 3055 3056
f 3057 3058 3059
f 3060 3061 3062
f 3060 3062 3063
f 3063 3064 3060
f 3065 3060 3064
f 3064 3066 3065
f 3064 3067 3066
f 3064 3068 3067
f 3064 3069 3068
f 3064 3070 3069
f 3064 3071 3070
f 3064 3072 3071
f 3073 3070 3071
f 3073 3071 3074
f 3075 3071 3072
f 3073 3074 3076
f 3077 3073 3076
f 3078 3075 3072
f 3079 3077 3076
f 3079 3076 3080
f 3081 3078 3072
f 3079 3080 3082
f 3082 3083 3079
f 3084 3083 3082
f 3084 3082 3085
f 3086 3084 3085
f 3086 3085 3087
f 3088 3086 3087
f 3088 3087 3089
f 3062 3088 3089
f 3089 3090 3062
f 3072 3091 3081
f 3092 3091 3072
f 3093 3092 3072
f 3062 3090 3063
f 3093 3072 3063
f 3063 3090 3094
f 3094 3093 3063
f 3095 3096 3097
f 3098 3095 3097
f 3099 3098 3097
f 3100 3098 3099
f 3101 3100 3099
f 3099 3102 3101
f 3103 3101 3102
f 3102 3104 3103
f 3102 3105 3104
f 3106 3105 3102
f 3107 3106 3102
f 3108 3107 3102
f 3102 3109 3108
f 3110 3099 3097
f 3109 3102 3110
f 3097 3109 3110
f 3097 3111 3109
f 3112 3113 3114
f 3113 3115 3114
f 3115 3116 3114
f 3116 3117 3114
f 3114 3117 3118
f 3118 3119 3114
f 3119 3120 3114
f 3120 3121 3114
f 3122 3114 3121
f 3114 3123 3112
f 3124 3112 3123
f 3125 3124 3123
f 3123 3122 3125
f 3122 3121 3126
f 3122 3127 3125
f 3122 3126 3128
f 3129 3127 3122
f 3122 3128 3130
f 3122 3130 3129
f 3131 3132 3133
f 3134 3135 3136
f 3137 3138 3139
f 3140 3141 3142
f 3143 3144 3145
f 3146 3147 3148
f 3149 3150 3151
f 3152 3153 3154
f 3155 3156 3157
f 3158 3159 3160
f 3159 3161 3160
f 3159 3162 3161
f 3163 3164 3165
f 3163 3165 3166
f 3167 3163 3166
f 3168 3169 3170
f 3168 3170 3171
f 3172 3168 3171
f 3173 3174 3175
f 3173 3175 3176
f 3177 3178 3179
f 3177 3179 3180
f 3181 3182 3183
f 3181 3183 3184
f 3185 3186 3187
f 3186 3188 3187
f 3186 3189 3188
f 3190 3191 3192
f 3190 3192 3193
f 3194 3190 3193
f 3195 3196 3197
f 3195 3197 3198
f 3199 3195 3198
f 3200 3201 3202
f 3200 3202 3203
f 3204 3205 3206
f 3204 3206 3207
f 3208 3204 3207
f 3209 3210 3211
f 3210 3212 3211
f 3210 3213 3212
f 3214 3215 3216
f 3216 3217 3214
f 3216 3218 3217
f 3219 3220 3221
f 3219 3221 3222
f 3223 3224 3225
f 3223 3225 3226
f 3227 3228 3229
f 3228 3230 3229
f 3228 3231 3230
f 3232 3233 3234
f 3232 3234 3235
f 3236 3232 3235
f 3237 3238 3239
f 3237 3239 3240
f 3241 3242 3243
f 3241 3243 3244
f 3245 3246 3247
f 3247 3248 3245
f 3248 3249 3245
f 3250 3251 3252
f 3251 3253 3252
f 3251 3254 3253
f 3255 3256 3257
f 3255 3257 3258
f 3259 3260 3261
f 3259 3261 3262
f 3263 3264 3265
f 3263 3265 3266
f 3267 3268 3269
f 3267 3269 3270
f 3271 3272 3273
f 3271 3273 3274
f 3275 3276 3277
f 3275 3277 3278
f 3279 3280 3281
f 3279 3281 3282
f 3283 3284 3285
f 3283 3285 3286
f 3287 3283 3286
f 3288 3289 3290
f 3288 3290 3291
f 3292 3293 3294
f 3292 3294 3295
f 3296 3297 3298
f 3296 3298 3299
f 3300 3301 3302
f 3300 3302 3303
f 3304 3305 3306
f 3304 3306 3307
f 3308 3309 3310
f 3308 3310 3311
f 3312 3313 3314
f 3312 3314 3315
f 3316 3317 3318
f 3316 3318 3319
f 3320 3321 3322
f 3320 3322 3323
f 3324 3325 3326
f 3324 3326 3327
f 3328 3329 3330
f 3328 3330 3331
f 3332 3333 3334
f 3332 3334 3335
f 3336 3337 3338
f 3336 3338 3339
f 3340 3341 3342
f 3340 3342 3343
f 3344 3345 3346
f 3344 3346 3347
f 3348 3349 3350
f 3348 3350 3351
f 3352 3353 3354
f 3352 3354 3355
f 3356 3357 3358
f 3359 3356 3358
f 3358 3360 3359
f 3358 3361 3360
f 3358 3362 3361
f 3363 3364 3365
f 3363 3365 3366
f 3367 3368 3369
f 3367 3369 3370
f 3371 3372 3373
f 3371 3373 3374
f 3374 3375 3371
f 3375 3376 3371
f 3375 3377 3376
f 3378 3379 3380
f 3378 3380 3381
f 3382 3383 3384
f 3382 3384 3385
f 3386 3387 3388
f 3386 3388 3389
f 3390 3391 3392
f 3390 3392 3393
f 3394 3395 3396
f 3394 3396 3397
f 3398 3399 3400
f 3398 3400 3401
f 3402 3403 3404
f 3402 3404 3405
f 3406 3407 3408
f 3406 3408 3409
f 3410 3411 3412
f 3410 3412 3413
f 3414 3415 3416
f 3414 3416 3417
f 3418 3419 3420
f 3418 3420 3421
f 3422 3423 3424
f 3422 3424 3425
f 3426 3427 3428
f 3426 3428 3429
f 3430 3431 3432
f 3430 3432 3433
f 3434 3435 3436
f 3434 3436 3437
f 3438 3439 3440
f 3438 3440 3441
f 3442 3443 3444
f 3442 3444 3445
f 3446 3447 3448
f 3446 3448 3449
f 3450 3451 3452
f 3450 3452 3453
f 3454 3455 3456
f 3454 3456 3457
f 3458 3459 3460
f 3458 3460 3461
f 3462 3463 3464
f 3462 3464 3465
f 3466 3467 3468
f 3466 3468 3469
f 3470 3471 3472
f 3470 3473 3471
f 3473 3474 3471
f 3473 3475 3474
f 3476 3477 3478
f 3476 3478 3479
f 3480 3481 3482
f 3480 3482 3483
f 3484 3485 3486
f 3484 3487 3485
f 3488 3485 3487
f 3488 3487 3489
f 3490 3491 3492
f 3490 3492 3493
f 3494 3495 3496
f 3494 3496 3497
f 3498 3499 3500
f 3498 3500 3501
f 3502 3503 3504
f 3504 3505 3502
f 3504 3506 3505
f 3506 3507 3505
f 3506 3508 3507
f 3508 3509 3507
f 3510 3511 3512
f 3510 3512 3513
f 3514 3515 3516
f 3514 3516 3517
f 3518 3519 3520
f 3518 3520 3521
f 3522 3523 3524
f 3522 3524 3525
f 3526 3527 3528
f 3526 3528 3529
f 3530 3531 3532
f 3530 3532 3533
f 3534 3535 3536
f 3534 3536 3537
f 3538 3539 3540
f 3538 3540 3541
f 3542 3543 3544
f 3542 3544 3545
f 3546 3547 3548
f 3548 3549 3546
f 3549 3550 3546
f 3551 3552 3553
f 3551 3553 3554
f 3555 3556 3557
f 3555 3557 3558
f 3558 3559 3555
f 3558 3560 3559
f 3561 3562 3563
f 3561 3563 3564
f 3565 3566 3567
f 3565 3567 3568
f 3569 3570 3571
f 3571 3572 3569
f 3571 3573 3572
f 3574 3575 3576
f 3574 3576 3577
f 3578 3579 3580
f 3578 3580 3581
f 3582 3583 3584
f 3582 3585 3583
f 3585 3586 3583
f 3587 3588 3589
f 3587 3590 3588
f 3590 3591 3588
f 3592 3593 3594
f 3592 3595 3593
f 3595 3596 3593
f 3597 3598 3599
f 3597 3599 3600
f 3601 3602 3603
f 3603 3604 3601
f 3604 3605 3601
f 3606 3607 3608
f 3606 3608 3609
f 3610 3611 3612
f 3610 3612 3613
f 3614 3615 3616
f 3614 3616 3617
f 3618 3619 3620
f 3621 3618 3620
f 3621 3620 3622
f 3623 3624 3625
f 3623 3625 3626
f 3627 3628 3629
f 3627 3629 3630
f 3631 3632 3633
f 3631 3633 3634
f 3635 3636 3637
f 3635 3637 3638
f 3639 3640 3641
f 3639 3642 3640
f 3642 3643 3640
f 3644 3645 3646
f 3644 3646 3647
f 3648 3649 3650
f 3651 3648 3650
f 3651 3650 3652
f 3653 3654 3655
f 3653 3655 3656
f 3657 3658 3659
f 3657 3659 3660
f 3661 3662 3663
f 3661 3663 3664
f 3665 3666 3667
f 3665 3667 3668
f 3669 3670 3671
f 3669 3671 3672
f 3673 3674 3675
f 3673 3676 3674
f 3676 3677 3674
f 3678 3679 3680
f 3678 3680 3681
f 3682 3683 3684
f 3685 3682 3684
f 3685 3684 3686
v 27.81206 7.155575 31.49747
v 26.74963 14.79543 35.85521
v 22.45984 13.41271 28.22819
v 27.81206 7.155575 31.49747
v 34.80569 11.17546 35.16039
v 26.74963 14.79543 35.85521
v 22.45984 13.41271 28.22819
v 27.8645 8.93821 22.81959
v 27.81206 7.155575 31.49747
v 26.74963 14.79543 35.85521
v 26.14559 21.29978 29.87061
v 22.45984 13.41271 28.22819
v 27.81206 7.155575 31.49747
v 35.49464 7.555485 27.10383
v 34.80569 11.17546 35.16039
v 34.80569 11.17546 35.16039
v 33.77573 19.91706 34.15485
v 26.74963 14.79543 35.85521
v 22.45984 13.41271 28.22819
v 26.83454 17.67981 21.81404
v 27.8645 8.93821 22.81959
v 26.74963 14.79543 35.85521
v 33.77573 19.91706 34.15485
v 26.14559 21.29978 29.87061
v 22.45984 13.41271 28.22819
v 26.14559 21.29978 29.87061
v 26.83454 17.67981 21.81404
v 35.49464 7.555485 27.10383
v 39.1804 15.44256 28.74625
v 34.80569 11.17546 35.16039
v 34.80569 11.17546 35.16039
v 39.1804 15.44256 28.74625
v 33.77573 19.91706 34.15485
v 27.8645 8.93821 22.81959
v 26.83454 17.67981 21.81404
v 34.8906 14.05983 21.11923
v 33.77573 19.91706 34.15485
v 33.82818 21.69969 25.47697
v 26.14559 21.29978 29.87061
v 26.14559 21.29978 29.87061
v 33.82818 21.69969 25.47697
v 26.83454 17.67981 21.81404
v 35.49464 7.555485 27.10383
v 34.8906 14.05983 21.11923
v 39.1804 15.44256 28.74625
v 39.1804 15.44256 28.74625
v 33.82818 21.69969 25.47697
v 33.77573 19.91706 34.15485
v 27.8645 8.93821 22.81959
v 34.8906 14.05983 21.11923
v 35.49464 7.555485 27.10383
v 26.83454 17.67981 21.81404
v 33.82818 21.69969 25.47697
v 34.8906 14.05983 21.11923
v 34.8906 14.05983 21.11923
v 33.82818 21.69969 25.47697
v 39.1804 15.44256 28.74625
v 36.22662 8.324606 23.07679
v 38.85723 15.08742 23.14287
v 34.46549 12.95485 17.77401
v 36.22662 8.324606 23.07679
v 43.15772 9.504351 24.87376
v 38.85723 15.08742 23.14287
v 34.46549 12.95485 17.77401
v 36.05164 6.053856 16.18671
v 36.22662 8.324606 23.07679
v 38.85723 15.08742 23.14287
v 40.30817 16.9963 16.29366
v 34.46549 12.95485 17.77401
v 36.22662 8.324606 23.07679
v 41.4237 3.921286 20.57453
v 43.15772 9.504351 24.87376
v 43.15772 9.504351 24.87376
v 45.68023 14.86373 20.68149
v 38.85723 15.08742 23.14287
v 34.46549 12.95485 17.77401
v 38.57414 11.41323 11.99444
v 36.05164 6.053856 16.18671
v 38.85723 15.08742 23.14287
v 45.68023 14.86373 20.68149
v 40.30817 16.9963 16.29366
v 34.46549 12.95485 17.77401
v 40.30817 16.9963 16.29366
v 38.57414 11.41323 11.99444
v 41.4237 3.921286 20.57453
v 47.26637 7.96274 19.09419
v 43.15772 9.504351 24.87376
v 43.15772 9.504351 24.87376
v 47.26637 7.96274 19.09419
v 45.68023 14.86373 20.68149
v 36.05164 6.053856 16.18671
v 38.57414 11.41323 11.99444
v 42.87463 5.830166 13.72532
v 45.68023 14.86373 20.68149
v 45.50525 12.59298 13.79141
v 40.30817 16.9963 16.29366
v 40.30817 16.9963 16.29366
v 45.50525 12.59298 13.79141
v 38.57414 11.41323 11.99444
v 41.4237 3.921286 20.57453
v 42.87463 5.830166 13.72532
v 47.26637 7.96274 19.09419
v 47.26637 7.96274 19.09419
v 45.50525 12.59298 13.79141
v 45.68023 14.86373 20.68149
v 38.57414 11.41323 11.99444
v 45.50525 12.59298 13.79141
v 42.87463 5.830166 13.72532
v 42.87463 5.830166 13.72532
v 45.50525 12.59298 13.79141
v 47.26637 7.96274 19.09419
v 32.13705 8.018073 25.92732
v 31.9855 8.012946 26.00056
v 31.74965 8.005401 26.11246
v 27.8645 8.93821 22.81959
v 35.49464 7.555485 27.10383
v 32.34614 7.984964 26.0215
v 32.46959 7.965787 26.07527
v 32.52381 7.912549 26.31665
v 32.55679 7.878629 26.47095
v 32.43785 7.837966 26.70645
v 32.34443 7.806658 26.88836
v 29.33703 7.378444 29.92818
v 27.81206 7.155575 31.49747
v 32.14034 7.799655 26.98748
v 29.47125 7.431358 29.62827
v 29.24529 7.375769 29.97043
v 29.50373 7.444745 29.55287
v 31.92278 7.789063 27.10835
v 28.9381 7.366292 30.11448
v 31.7378 7.818417 27.02473
v 29.37086 7.509812 29.27912
v 28.83125 7.379497 30.0844
v 29.33641 7.526151 29.21074
v 31.56773 7.839242 26.97779
v 31.52313 7.888011 26.75507
v 29.02482 7.56321 29.13007
v 31.50613 7.93017 26.55566
v 28.93454 7.574202 29.10547
v 31.63824 7.973456 26.30322
v 28.64029 7.564169 29.24805
v 28.53768 7.561003 29.29617
v 28.54192 7.41467 30.00581
v 28.49268 7.438208 29.90716
v 28.37665 7.495031 29.66808
v 28.42182 7.513897 29.56201
v 40.90228 5.017578 17.27326
v 40.72794 4.970803 17.50587
v 40.68736 4.960772 17.55725
v 41.00456 5.053786 17.10846
v 42.87463 5.830166 13.72532
v 41.30462 5.061105 16.94475
v 41.50726 4.992962 17.07049
v 41.4237 3.921286 20.57453
v 41.49377 4.88928 17.41202
v 41.41499 4.861389 17.53896
v 41.17545 4.792799 17.87254
v 41.11278 4.787603 17.91859
v 40.73935 4.762311 18.17467
v 40.67787 4.77669 18.15687
v 40.52493 4.83143 18.05126
v 36.05164 6.053856 16.18671
v 40.56781 4.8584 17.94404
v 37.91548 6.130474 20.0632
v 37.86059 6.209174 20.18243
v 36.22662 8.324606 23.07679
v 37.79919 6.296267 20.31311
v 37.8503 6.304276 20.43644
v 37.89866 6.313091 20.55672
v 38.02457 6.244353 20.60548
v 38.15674 6.171664 20.65515
v 38.27435 6.075811 20.60945
v 38.42687 5.951005 20.54877
v 41.4237 3.921286 20.57453
v 36.05164 6.053856 16.18671
v 38.07186 6.001126 19.99698
v 38.18407 5.908876 19.95108
v 38.47271 5.886363 20.45229
v 38.35229 5.815145 20.01081
v 38.54997 5.779524 20.29578
v 38.44894 5.761761 20.04643
v 38.5135 5.773913 20.20809
v 32.34443 7.806658 26.88836
v 32.14034 7.799655 26.98748
v 31.30309 5.46797 27.98412
v 31.92278 7.789063 27.10835
v 31.7378 7.818417 27.02473
v 30.69394 5.205612 28.37653
v 31.50613 7.93017 26.55566
v 31.63824 7.973456 26.30322
v 30.16962 5.205614 27.85259
v 31.56773 7.839242 26.97779
v 31.52313 7.888011 26.75507
v 30.38614 5.462801 28.16023
v 41.11278 4.787603 17.91859
v 40.73935 4.762311 18.17467
v 38.92241 3.307887 20.09608
v 41.49377 4.88928 17.41202
v 41.41499 4.861389 17.53896
v 41.43375 4.802204 17.47665
v 40.90228 5.017578 17.27326
v 41.00456 5.053786 17.10846
v 40.92664 4.940742 17.19237
v 40.56781 4.8584 17.94404
v 40.68736 4.960772 17.55725
v 38.55511 3.285233 19.72446
v 40.67787 4.77669 18.15687
v 40.52493 4.83143 18.05126
v 38.76243 3.478917 19.87576
v 28.37665 7.495031 29.66808
v 28.42182 7.513897 29.56201
v 28.96225 6.156069 29.06085
v 29.07368 6.357207 28.73215
v 28.53768 7.561003 29.29617
v 28.49268 7.438208 29.90716
v 28.37665 7.495031 29.66808
v 28.96225 6.156069 29.06085
v 29.13327 6.072752 29.41403
v 28.54192 7.41467 30.00581
v 32.43785 7.837966 26.70645
v 32.34443 7.806658 26.88836
v 31.30309 5.46797 27.98412
v 31.41453 5.266828 27.65542
v 32.55679 7.878629 26.47095
v 28.96225 6.156069 29.06085
v 29.75976 4.554251 28.06501
v 29.8473 4.26033 28.69946
v 29.13327 6.072752 29.41403
v 31.30309 5.46797 27.98412
v 30.86291 4.158026 28.70424
v 31.0705 4.08569 28.19743
v 31.41453 5.266828 27.65542
v 29.07368 6.357207 28.73215
v 29.96941 4.88743 27.95636
v 29.75976 4.554251 28.06501
v 28.96225 6.156069 29.06085
v 28.53768 7.561003 29.29617
v 28.64029 7.564169 29.24805
v 29.07368 6.357207 28.73215
v 29.40231 6.558349 28.62047
v 28.93454 7.574202 29.10547
v 28.83125 7.379497 30.0844
v 28.54192 7.41467 30.00581
v 29.13327 6.072752 29.41403
v 29.48657 6.156069 29.58479
v 28.9381 7.366292 30.11448
v 32.52381 7.912549 26.31665
v 32.55679 7.878629 26.47095
v 31.41453 5.266828 27.65542
v 31.24351 5.183514 27.30224
v 32.46959 7.965787 26.07527
v 32.14034 7.799655 26.98748
v 31.92278 7.789063 27.10835
v 30.69394 5.205612 28.37653
v 31.30309 5.46797 27.98412
v 29.47125 7.431358 29.62827
v 29.33703 7.378444 29.92818
v 29.81519 6.357207 29.47311
v 29.92663 6.558349 29.14441
v 29.50373 7.444745 29.55287
v 29.33703 7.378444 29.92818
v 29.24529 7.375769 29.97043
v 29.81519 6.357207 29.47311
v 29.48657 6.156069 29.58479
v 28.9381 7.366292 30.11448
v 30.58923 4.884088 28.57892
v 30.48181 4.554246 28.78654
v 30.86291 4.158026 28.70424
v 30.69394 5.205612 28.37653
v 31.30309 5.46797 27.98412
v 29.81519 6.357207 29.47311
v 30.58923 4.884088 28.57892
v 30.69394 5.205612 28.37653
v 29.92663 6.558349 29.14441
v 29.48657 6.156069 29.58479
v 30.48181 4.554246 28.78654
v 30.58923 4.884088 28.57892
v 29.81519 6.357207 29.47311
v 31.74965 8.005401 26.11246
v 31.9855 8.012946 26.00056
v 30.56159 5.46797 27.24316
v 30.89021 5.266828 27.13148
v 32.13705 8.018073 25.92732
v 32.34614 7.984964 26.0215
v 32.46959 7.965787 26.07527
v 31.24351 5.183514 27.30224
v 30.89021 5.266828 27.13148
v 32.13705 8.018073 25.92732
v 31.63824 7.973456 26.30322
v 31.74965 8.005401 26.11246
v 30.56159 5.46797 27.24316
v 30.16962 5.205614 27.85259
v 29.40231 6.558349 28.62047
v 30.16962 5.205614 27.85259
v 29.96941 4.88743 27.95636
v 29.07368 6.357207 28.73215
v 29.84178 4.158026 27.68385
v 29.75976 4.554251 28.06501
v 29.96941 4.88743 27.95636
v 30.16962 5.205614 27.85259
v 30.56159 5.46797 27.24316
v 28.93454 7.574202 29.10547
v 29.02482 7.56321 29.13007
v 29.40231 6.558349 28.62047
v 29.75561 6.641664 28.79123
v 29.33641 7.526151 29.21074
v 30.48181 4.554246 28.78654
v 29.48657 6.156069 29.58479
v 29.13327 6.072752 29.41403
v 29.8473 4.26033 28.69946
v 30.47685 -0.5138829 28.06946
v 29.8473 4.26033 28.69946
v 29.75976 4.554251 28.06501
v 30.26174 -0.4683363 27.56267
v 30.26174 -0.4683363 27.56267
v 29.75976 4.554251 28.06501
v 29.84178 4.158026 27.68385
v 30.4645 -0.3583839 27.06068
v 30.85739 4.055728 27.68864
v 31.24351 5.183514 27.30224
v 31.41453 5.266828 27.65542
v 31.0705 4.08569 28.19743
v 31.68838 -0.2484306 27.5791
v 31.0705 4.08569 28.19743
v 30.86291 4.158026 28.70424
v 31.48563 -0.3583839 28.08108
v 31.48563 -0.3583839 28.08108
v 30.86291 4.158026 28.70424
v 30.48181 4.554246 28.78654
v 30.9838 -0.468338 28.28419
v 31.7378 7.818417 27.02473
v 31.56773 7.839242 26.97779
v 30.38614 5.462801 28.16023
v 30.69394 5.205612 28.37653
v 29.37086 7.509812 29.27912
v 29.50373 7.444745 29.55287
v 29.92663 6.558349 29.14441
v 29.75561 6.641664 28.79123
v 29.33641 7.526151 29.21074
v 30.89021 5.266828 27.13148
v 30.34844 4.08569 27.4759
v 29.84178 4.158026 27.68385
v 30.56159 5.46797 27.24316
v 31.24351 5.183514 27.30224
v 30.85739 4.055728 27.68864
v 30.34844 4.08569 27.4759
v 30.89021 5.266828 27.13148
v 30.16962 5.205614 27.85259
v 29.40231 6.558349 28.62047
v 29.75561 6.641664 28.79123
v 30.38614 5.462801 28.16023
v 29.8473 4.26033 28.69946
v 30.47685 -0.5138829 28.06946
v 30.9838 -0.468338 28.28419
v 30.48181 4.554246 28.78654
v 30.26174 -0.4683363 27.56267
v 30.55474 -4.034719 26.92474
v 30.86746 -4.044311 27.67857
v 30.47685 -0.5138829 28.06946
v 30.4645 -0.3583839 27.06068
v 30.86655 -4.011559 26.17082
v 30.55474 -4.034719 26.92474
v 30.26174 -0.4683363 27.56267
v 30.4645 -0.3583839 27.06068
v 29.84178 4.158026 27.68385
v 30.34844 4.08569 27.4759
v 30.96633 -0.2484306 26.85757
v 31.0705 4.08569 28.19743
v 31.68838 -0.2484306 27.5791
v 31.47328 -0.2028848 27.0723
v 30.85739 4.055728 27.68864
v 31.48563 -0.3583839 28.08108
v 32.37521 -4.011559 27.67838
v 32.69293 -4.110368 26.93226
v 31.68838 -0.2484306 27.5791
v 30.9838 -0.468338 28.28419
v 31.62152 -4.034719 27.99074
v 32.37521 -4.011559 27.67838
v 31.48563 -0.3583839 28.08108
v 29.92663 6.558349 29.14441
v 30.69394 5.205612 28.37653
v 30.38614 5.462801 28.16023
v 29.75561 6.641664 28.79123
v 31.52313 7.888011 26.75507
v 31.50613 7.93017 26.55566
v 30.16962 5.205614 27.85259
v 30.38614 5.462801 28.16023
v 30.86655 -4.011559 26.17082
v 30.4645 -0.3583839 27.06068
v 30.96633 -0.2484306 26.85757
v 31.61244 -4.110365 25.85255
v 31.62152 -4.034719 27.99074
v 30.9838 -0.468338 28.28419
v 30.47685 -0.5138829 28.06946
v 30.86746 -4.044311 27.67857
v 30.85739 4.055728 27.68864
v 31.47328 -0.2028848 27.0723
v 30.96633 -0.2484306 26.85757
v 30.34844 4.08569 27.4759
v 30.55474 -4.034719 26.92474
v 30.43274 -5.763118 26.95581
v 30.77946 -5.846897 27.76664
v 30.86746 -4.044311 27.67857
v 30.86655 -4.011559 26.17082
v 30.75348 -5.560858 26.15527
v 30.43274 -5.763118 26.95581
v 30.55474 -4.034719 26.92474
v 31.61244 -4.110365 25.85255
v 31.59306 -4.611981 25.84844
v 31.55379 -5.011379 25.83395
v 30.86655 -4.011559 26.17082
v 30.75348 -5.560858 26.15527
v 30.92537 -6.581752 25.98326
v 31.72568 -6.379491 25.66193
v 31.61244 -4.110365 25.85255
v 30.96633 -0.2484306 26.85757
v 31.47328 -0.2028848 27.0723
v 32.37619 -3.748968 26.16874
v 31.68838 -0.2484306 27.5791
v 32.69293 -4.110368 26.93226
v 32.37619 -3.748968 26.16874
v 31.47328 -0.2028848 27.0723
v 32.71157 -5.011379 26.99089
v 32.69828 -4.645671 26.95494
v 32.69293 -4.110368 26.93226
v 32.37521 -4.011559 27.67838
v 32.39083 -5.560858 27.79144
v 32.88346 -6.379491 26.81887
v 32.56273 -6.581752 27.61942
v 31.62152 -4.034719 27.99074
v 31.59052 -5.763118 28.11276
v 32.39083 -5.560858 27.79144
v 32.37521 -4.011559 27.67838
v 30.86746 -4.044311 27.67857
v 30.77946 -5.846897 27.76664
v 31.59052 -5.763118 28.11276
v 31.62152 -4.034719 27.99074
v 32.37619 -3.748968 26.16874
v 33.228 -1.958659 25.31631
v 33.02907 -2.065548 24.926
v 31.61244 -4.110365 25.85255
v 30.95135 -6.867793 27.59462
v 30.77946 -5.846897 27.76664
v 30.43274 -5.763118 26.95581
v 30.60463 -6.784012 26.7838
v 30.60463 -6.784012 26.7838
v 30.43274 -5.763118 26.95581
v 30.75348 -5.560858 26.15527
v 30.92537 -6.581752 25.98326
v 31.59306 -4.611981 25.84844
v 33.13819 -2.323606 24.57266
v 33.49145 -2.581658 24.46328
v 31.55379 -5.011379 25.83395
v 31.61244 -4.110365 25.85255
v 33.02907 -2.065548 24.926
v 33.13819 -2.323606 24.57266
v 31.59306 -4.611981 25.84844
v 33.228 -1.958659 25.31631
v 32.37619 -3.748968 26.16874
v 32.69293 -4.110368 26.93226
v 33.61846 -2.065548 25.51496
v 32.69828 -4.645671 26.95494
v 33.97172 -2.323606 25.40558
v 33.61846 -2.065548 25.51496
v 32.69293 -4.110368 26.93226
v 32.71157 -5.011379 26.99089
v 34.08084 -2.581658 25.05224
v 33.97172 -2.323606 25.40558
v 32.69828 -4.645671 26.95494
v 32.56273 -6.581752 27.61942
v 32.39083 -5.560858 27.79144
v 31.59052 -5.763118 28.11276
v 31.76241 -6.784016 27.94074
v 31.76241 -6.784016 27.94074
v 31.59052 -5.763118 28.11276
v 30.77946 -5.846897 27.76664
v 30.95135 -6.867793 27.59462
v 30.95135 -6.867793 27.59462
v 30.60463 -6.784012 26.7838
v 30.58669 -8.147895 26.80176
v 30.92597 -8.147899 27.62001
v 30.60463 -6.784012 26.7838
v 30.92537 -6.581752 25.98326
v 30.92537 -8.147895 25.98326
v 30.58669 -8.147895 26.80176
v 31.72568 -6.379491 25.66193
v 31.55379 -5.011379 25.83395
v 32.36486 -5.274816 26.18008
v 32.53675 -6.295712 26.00806
v 33.228 -1.958659 25.31631
v 35.35416 0.5138426 23.2598
v 35.34055 0.4986592 22.68495
v 33.02907 -2.065548 24.926
v 33.61846 -2.065548 25.51496
v 35.92917 0.5181076 23.27436
v 35.35416 0.5138426 23.2598
v 33.228 -1.958659 25.31631
v 34.08084 -2.581658 25.05224
v 32.71157 -5.011379 26.99089
v 32.36486 -5.274816 26.18008
v 33.8819 -2.688545 24.66193
v 32.56273 -6.581752 27.61942
v 31.76241 -6.784016 27.94074
v 31.74447 -8.147895 27.9587
v 32.56273 -8.147895 27.61942
v 31.76241 -6.784016 27.94074
v 30.95135 -6.867793 27.59462
v 30.92597 -8.147899 27.62001
v 31.74447 -8.147895 27.9587
v 30.92537 -6.581752 25.98326
v 31.72568 -6.379491 25.66193
v 31.74363 -8.147897 25.64398
v 30.92537 -8.147895 25.98326
v 31.72568 -6.379491 25.66193
v 32.53675 -6.295712 26.00806
v 32.56213 -8.147897 25.98266
v 31.74363 -8.147897 25.64398
v 31.55379 -5.011379 25.83395
v 33.49145 -2.581658 24.46328
v 33.8819 -2.688545 24.66193
v 32.36486 -5.274816 26.18008
v 33.13819 -2.323606 24.57266
v 35.56476 -0.2211319 22.48479
v 33.49145 -2.581658 24.46328
v 35.23371 0.07524605 22.56167
v 38.43388 2.451426 19.75634
v 38.11287 2.650968 19.85153
v 33.02907 -2.065548 24.926
v 35.34055 0.4986592 22.68495
v 35.23371 0.07524605 22.56167
v 33.13819 -2.323606 24.57266
v 35.92917 0.5181076 23.27436
v 33.61846 -2.065548 25.51496
v 33.97172 -2.323606 25.40558
v 36.06615 0.1027538 23.39522
v 34.08084 -2.581658 25.05224
v 36.06615 0.1027538 23.39522
v 33.97172 -2.323606 25.40558
v 36.15338 -0.2016879 23.0742
v 38.8282 2.695094 20.57527
v 38.9397 2.482625 20.26809
v 33.8819 -2.688545 24.66193
v 35.9457 -0.335841 22.69709
v 36.15338 -0.2016879 23.0742
v 34.08084 -2.581658 25.05224
v 32.88346 -6.379491 26.81887
v 32.56273 -6.581752 27.61942
v 32.56273 -8.147895 27.61942
v 32.90141 -8.147897 26.80092
v 32.71157 -5.011379 26.99089
v 32.88346 -6.379491 26.81887
v 32.53675 -6.295712 26.00806
v 32.36486 -5.274816 26.18008
v 30.58669 -8.147895 26.80176
v 30.92537 -8.147895 25.98326
v 31.74363 -8.147897 25.64398
v 30.92597 -8.147899 27.62001
v 32.56213 -8.147897 25.98266
v 31.74447 -8.147895 27.9587
v 32.90141 -8.147897 26.80092
v 32.56273 -8.147895 27.61942
v 35.35416 0.5138426 23.2598
v 38.1647 2.964361 20.49792
v 38.14969 3.010824 20.00311
v 35.34055 0.4986592 22.68495
v 35.92917 0.5181076 23.27436
v 38.65551 3.042025 20.51488
v 38.1647 2.964361 20.49792
v 35.35416 0.5138426 23.2598
v 36.06615 0.1027538 23.39522
v 38.8282 2.695094 20.57527
v 38.65551 3.042025 20.51488
v 35.92917 0.5181076 23.27436
v 35.9457 -0.335841 22.69709
v 33.8819 -2.688545 24.66193
v 33.49145 -2.581658 24.46328
v 35.56476 -0.2211319 22.48479
v 32.90141 -8.147897 26.80092
v 32.56213 -8.147897 25.98266
v 32.53675 -6.295712 26.00806
v 32.88346 -6.379491 26.81887
v 35.9457 -0.335841 22.69709
v 38.77636 2.381694 19.92888
v 38.9397 2.482625 20.26809
v 36.15338 -0.2016879 23.0742
v 38.11287 2.650968 19.85153
v 35.23371 0.07524605 22.56167
v 35.34055 0.4986592 22.68495
v 38.14969 3.010824 20.00311
v 38.1647 2.964361 20.49792
v 38.07746 4.425771 20.49506
v 37.97007 4.42591 20.23318
v 38.14969 3.010824 20.00311
v 38.65551 3.042025 20.51488
v 38.33736 4.448567 20.6048
v 38.07746 4.425771 20.49506
v 38.1647 2.964361 20.49792
v 38.79066 3.176655 20.3028
v 38.65551 3.042025 20.51488
v 38.8282 2.695094 20.57527
v 39.37687 3.252738 19.8027
v 38.92241 3.307887 20.09608
v 38.9397 2.482625 20.26809
v 39.40163 3.022598 19.63981
v 39.37687 3.252738 19.8027
v 38.8282 2.695094 20.57527
v 38.77636 2.381694 19.92888
v 35.9457 -0.335841 22.69709
v 35.56476 -0.2211319 22.48479
v 38.43388 2.451426 19.75634
v 39.25975 2.917883 19.41841
v 39.03434 2.999937 19.26819
v 38.77636 2.381694 19.92888
v 39.25975 2.917883 19.41841
v 39.40163 3.022598 19.63981
v 38.9397 2.482625 20.26809
v 38.11287 2.650968 19.85153
v 38.85742 3.220704 19.27716
v 39.03434 2.999937 19.26819
v 38.43388 2.451426 19.75634
v 38.11287 2.650968 19.85153
v 38.14969 3.010824 20.00311
v 38.35706 3.151191 19.86058
v 38.85742 3.220704 19.27716
v 38.55511 3.285233 19.72446
v 38.33736 4.448567 20.6048
v 38.65551 3.042025 20.51488
v 38.79066 3.176655 20.3028
v 38.59752 4.480957 20.49812
v 38.14969 3.010824 20.00311
v 37.97007 4.42591 20.23318
v 38.07808 4.448915 19.97258
v 38.35706 3.151191 19.86058
v 37.89866 6.313091 20.55672
v 37.97007 4.42591 20.23318
v 38.07746 4.425771 20.49506
v 37.8503 6.304276 20.43644
v 37.79919 6.296267 20.31311
v 38.15674 6.171664 20.65515
v 38.07746 4.425771 20.49506
v 38.33736 4.448567 20.6048
v 38.02457 6.244353 20.60548
v 37.89866 6.313091 20.55672
v 38.42687 5.951005 20.54877
v 38.33736 4.448567 20.6048
v 38.59752 4.480957 20.49812
v 38.27435 6.075811 20.60945
v 38.15674 6.171664 20.65515
v 38.59752 4.480957 20.49812
v 38.79066 3.176655 20.3028
v 38.92241 3.307887 20.09608
v 38.70554 4.503963 20.23752
v 41.17545 4.792799 17.87254
v 39.37687 3.252738 19.8027
v 39.40163 3.022598 19.63981
v 41.43375 4.802204 17.47665
v 41.41499 4.861389 17.53896
v 39.25975 2.917883 19.41841
v 41.32256 4.724999 17.26939
v 41.43375 4.802204 17.47665
v 39.40163 3.022598 19.63981
v 39.03434 2.999937 19.26819
v 41.11251 4.782387 17.15163
v 41.32256 4.724999 17.26939
v 39.25975 2.917883 19.41841
v 38.85742 3.220704 19.27716
v 40.92664 4.940742 17.19237
v 41.11251 4.782387 17.15163
v 39.03434 2.999937 19.26819
v 38.47271 5.886363 20.45229
v 38.42687 5.951005 20.54877
v 38.59752 4.480957 20.49812
v 38.54997 5.779524 20.29578
v 38.70554 4.503963 20.23752
v 41.17545 4.792799 17.87254
v 41.11278 4.787603 17.91859
v 38.92241 3.307887 20.09608
v 39.37687 3.252738 19.8027
v 40.72794 4.970803 17.50587
v 40.90228 5.017578 17.27326
v 40.92664 4.940742 17.19237
v 38.85742 3.220704 19.27716
v 40.68736 4.960772 17.55725
v 40.72794 4.970803 17.50587
v 38.85742 3.220704 19.27716
v 38.55511 3.285233 19.72446
v 38.35706 3.151191 19.86058
v 38.07808 4.448915 19.97258
v 38.33824 4.481308 19.8659
v 38.55511 3.285233 19.72446
v 37.79919 6.296267 20.31311
v 38.07808 4.448915 19.97258
v 37.97007 4.42591 20.23318
v 37.86059 6.209174 20.18243
v 37.91548 6.130474 20.0632
v 38.70554 4.503963 20.23752
v 38.92241 3.307887 20.09608
v 38.76243 3.478917 19.87576
v 38.59814 4.504113 19.97565
v 38.5135 5.773913 20.20809
v 38.54997 5.779524 20.29578
v 38.70554 4.503963 20.23752
v 38.44894 5.761761 20.04643
v 38.59814 4.504113 19.97565
v 41.50726 4.992962 17.07049
v 41.49377 4.88928 17.41202
v 41.43375 4.802204 17.47665
v 41.32256 4.724999 17.26939
v 41.30462 5.061105 16.94475
v 41.50726 4.992962 17.07049
v 41.32256 4.724999 17.26939
v 41.11251 4.782387 17.15163
v 41.00456 5.053786 17.10846
v 41.30462 5.061105 16.94475
v 41.11251 4.782387 17.15163
v 40.92664 4.940742 17.19237
v 40.73935 4.762311 18.17467
v 40.67787 4.77669 18.15687
v 38.76243 3.478917 19.87576
v 38.92241 3.307887 20.09608
v 40.52493 4.83143 18.05126
v 40.56781 4.8584 17.94404
v 38.55511 3.285233 19.72446
v 38.76243 3.478917 19.87576
v 37.91548 6.130474 20.0632
v 38.33824 4.481308 19.8659
v 38.07808 4.448915 19.97258
v 38.07186 6.001126 19.99698
v 38.18407 5.908876 19.95108
v 38.59814 4.504113 19.97565
v 38.76243 3.478917 19.87576
v 38.55511 3.285233 19.72446
v 38.33824 4.481308 19.8659
v 38.35229 5.815145 20.01081
v 38.44894 5.761761 20.04643
v 38.59814 4.504113 19.97565
v 38.18407 5.908876 19.95108
v 38.33824 4.481308 19.8659
f 3687 3688 3689
f 3690 3691 3692
f 3693 3694 3695
f 3696 3697 3698
f 3699 3700 3701
f 3702 3703 3704
f 3705 3706 3707
f 3708 3709 3710
f 3711 3712 3713
f 3714 3715 3716
f 3717 3718 3719
f 3720 3721 3722
f 3723 3724 3725
f 3726 3727 3728
f 3729 3730 3731
f 3732 3733 3734
f 3735 3736 3737
f 3738 3739 3740
f 3741 3742 3743
f 3744 3745 3746
f 3747 3748 3749
f 3750 3751 3752
f 3753 3754 3755
f 3756 3757 3758
f 3759 3760 3761
f 3762 3763 3764
f 3765 3766 3767
f 3768 3769 3770
f 3771 3772 3773
f 3774 3775 3776
f 3777 3778 3779
f 3780 3781 3782
f 3783 3784 3785
f 3786 3787 3788
f 3789 3790 3791
f 3792 3793 3794
f 3795 3796 3797
f 3798 3799 3800
f 3798 3800 3801
f 3801 3802 3798
f 3803 3798 3802
f 3802 3804 3803
f 3802 3805 3804
f 3802 3806 3805
f 3802 3807 3806
f 3802 3808 3807
f 3802 3809 3808
f 3802 3810 3809
f 3811 3808 3809
f 3811 3809 3812
f 3813 3809 3810
f 3811 3812 3814
f 3815 3811 3814
f 3816 3813 3810
f 3817 3815 3814
f 3817 3814 3818
f 3819 3816 3810
f 3817 3818 3820
f 3820 3821 3817
f 3822 3821 3820
f 3822 3820 3823
f 3824 3822 3823
f 3824 3823 3825
f 3826 3824 3825
f 3826 3825 3827
f 3800 3826 3827
f 3827 3828 3800
f 3810 3829 3819
f 3830 3829 3810
f 3831 3830 3810
f 3800 3828 3801
f 3831 3810 3801
f 3801 3828 3832
f 3832 3831 3801
f 3833 3834 3835
f 3836 3833 3835
f 3837 3836 3835
f 3838 3836 3837
f 3839 3838 3837
f 3837 3840 3839
f 3841 3839 3840
f 3840 3842 3841
f 3840 3843 3842
f 3844 3843 3840
f 3845 3844 3840
f 3846 3845 3840
f 3840 3847 3846
f 3848 3837 3835
f 3847 3840 3848
f 3835 3847 3848
f 3835 3849 3847
f 3850 3851 3852
f 3851 3853 3852
f 3853 3854 3852
f 3854 3855 3852
f 3852 3855 3856
f 3856 3857 3852
f 3857 3858 3852
f 3858 3859 3852
f 3860 3852 3859
f 3852 3861 3850
f 3862 3850 3861
f 3863 3862 3861
f 3861 3860 3863
f 3860 3859 3864
f 3860 3865 3863
f 3860 3864 3866
f 3867 3865 3860
f 3860 3866 3868
f 3860 3868 3867
f 3869 3870 3871
f 3872 3873 3874
f 3875 3876 3877
f 3878 3879 3880
f 3881 3882 3883
f 3884 3885 3886
f 3887 3888 3889
f 3890 3891 3892
f 3893 3894 3895
f 3896 3897 3898
f 3897 3899 3898
f 3897 3900 3899
f 3901 3902 3903
f 3901 3903 3904
f 3905 3901 3904
f 3906 3907 3908
f 3906 3908 3909
f 3910 3906 3909
f 3911 3912 3913
f 3911 3913 3914
f 3915 3916 3917
f 3915 3917 3918
f 3919 3920 3921
f 3919 3921 3922
f 3923 3924 3925
f 3924 3926 3925
f 3924 3927 3926
f 3928 3929 3930
f 3928 3930 3931
f 3932 3928 3931
f 3933 3934 3935
f 3933 3935 3936
f 3937 3933 3936
f 3938 3939 3940
f 3938 3940 3941
f 3942 3943 3944
f 3942 3944 3945
f 3946 3942 3945
f 3947 3948 3949
f 3948 3950 3949
f 3948 3951 3950
f 3952 3953 3954
f 3954 3955 3952
f 3954 3956 3955
f 3957 3958 3959
f 3957 3959 3960
f 3961 3962 3963
f 3961 3963 3964
f 3965 3966 3967
f 3966 3968 3967
f 3966 3969 3968
f 3970 3971 3972
f 3970 3972 3973
f 3974 3970 3973
f 3975 3976 3977
f 3975 3977 3978
f 3979 3980 3981
f 3979 3981 3982
f 3983 3984 3985
f 3985 3986 3983
f 3986 3987 3983
f 3988 3989 3990
f 3989 3991 3990
f 3989 3992 3991
f 3993 3994 3995
f 3993 3995 3996
f 3997 3998 3999
f 3997 3999 4000
f 4001 4002 4003
f 4001 4003 4004
f 4005 4006 4007
f 4005 4007 4008
f 4009 4010 4011
f 4009 4011 4012
f 4013 4014 4015
f 4013 4015 4016
f 4017 4018 4019
f 4017 4019 4020
f 4021 4022 4023
f 4021 4023 4024
f 4025 4021 4024
f 4026 4027 4028
f 4026 4028 4029
f 4030 4031 4032
f 4030 4032 4033
f 4034 4035 4036
f 4034 4036 4037
f 4038 4039 4040
f 4038 4040 4041
f 4042 4043 4044
f 4042 4044 4045
f 4046 4047 4048
f 4046 4048 4049
f 4050 4051 4052
f 4050 4052 4053
f 4054 4055 4056
f 4054 4056 4057
f 4058 4059 4060
f 4058 4060 4061
f 4062 4063 4064
f 4062 4064 4065
f 4066 4067 4068
f 4066 4068 4069
f 4070 4071 4072
f 4070 4072 4073
f 4074 4075 4076
f 4074 4076 4077
f 4078 4079 4080
f 4078 4080 4081
f 4082 4083 4084
f 4082 4084 4085
f 4086 4087 4088
f 4086 4088 4089
f 4090 4091 4092
f 4090 4092 4093
f 4094 4095 4096
f 4097 4094 4096
f 4096 4098 4097
f 4096 4099 4098
f 4096 4100 4099
f 4101 4102 4103
f 4101 4103 4104
f 4105 4106 4107
f 4105 4107 4108
f 4109 4110 4111
f 4109 4111 4112
f 4112 4113 4109
f 4113 4114 4109
f 4113 4115 4114
f 4116 4117 4118
f 4116 4118 4119
f 4120 4121 4122
f 4120 4122 4123
f 4124 4125 4126
f 4124 4126 4127
f 4128 4129 4130
f 4128 4130 4131
f 4132 4133 4134
f 4132 4134 4135
f 4136 4137 4138
f 4136 4138 4139
f 4140 4141 4142
f 4140 4142 4143
f 4144 4145 4146
f 4144 4146 4147
f 4148 4149 4150
f 4148 4150 4151
f 4152 4153 4154
f 4152 4154 4155
f 4156 4157 4158
f 4156 4158 4159
f 4160 4161 4162
f 4160 4162 4163
f 4164 4165 4166
f 4164 4166 4167
f 4168 4169 4170
f 4168 4170 4171
f 4172 4173 4174
f 4172 4174 4175
f 4176 4177 4178
f 4176 4178 4179
f 4180 4181 4182
f 4180 4182 4183
f 4184 4185 4186
f 4184 4186 4187
f 4188 4189 4190
f 4188 4190 4191
f 4192 4193 4194
f 4192 4194 4195
f 4196 4197 4198
f 4196 4198 4199
f 4200 4201 4202
f 4200 4202 4203
f 4204 4205 4206
f 4204 4206 4207
f 4208 4209 4210
f 4208 4211 4209
f 4211 4212 4209
f 4211 4213 4212
f 4214 4215 4216
f 4214 4216 4217
f 4218 4219 4220
f 4218 4220 4221
f 4222 4223 4224
f 4222 4225 4223
f 4226 4223 4225
f 4226 4225 4227
f 4228 4229 4230
f 4228 4230 4231
f 4232 4233 4234
f 4232 4234 4235
f 4236 4237 4238
f 4236 4238 4239
f 4240 4241 4242
f 4242 4243 4240
f 4242 4244 4243
f 4244 4245 4243
f 4244 4246 4245
f 4246 4247 4245
f 4248 4249 4250
f 4248 4250 4251
f 4252 4253 4254
f 4252 4254 4255
f 4256 4257 4258
f 4256 4258 4259
f 4260 4261 4262
f 4260 4262 4263
f 4264 4265 4266
f 4264 4266 4267
f 4268 4269 4270
f 4268 4270 4271
f 4272 4273 4274
f 4272 4274 4275
f 4276 4277 4278
f 4276 4278 4279
f 4280 4281 4282
f 4280 4282 4283
f 4284 4285 4286
f 4286 4287 4284
f 4287 4288 4284
f 4289 4290 4291
f 4289 4291 4292
f 4293 4294 4295
f 4293 4295 4296
f 4296 4297 4293
f 4296 4298 4297
f 4299 4300 4301
f 4299 4301 4302
f 4303 4304 4305
f 4303 4305 4306
f 4307 4308 4309
f 4309 4310 4307
f 4309 4311 4310
f 4312 4313 4314
f 4312 4314 4315
f 4316 4317 4318
f 4316 4318 4319
f 4320 4321 4322
f 4320 4323 4321
f 4323 4324 4321
f 4325 4326 4327
f 4325 4328 4326
f 4328 4329 4326
f 4330 4331 4332
f 4330 4333 4331
f 4333 4334 4331
f 4335 4336 4337
f 4335 4337 4338
f 4339 4340 4341
f 4341 4342 4339
f 4342 4343 4339
f 4344 4345 4346
f 4344 4346 4347
f 4348 4349 4350
f 4348 4350 4351
f 4352 4353 4354
f 4352 4354 4355
f 4356 4357 4358
f 4359 4356 4358
f 4359 4358 4360
f 4361 4362 4363
f 4361 4363 4364
f 4365 4366 4367
f 4365 4367 4368
f 4369 4370 4371
f 4369 4371 4372
f 4373 4374 4375
f 4373 4375 4376
f 4377 4378 4379
f 4377 4380 4378
f 4380 4381 4378
f 4382 4383 4384
f 4382 4384 4385
f 4386 4387 4388
f 4389 4386 4388
f 4389 4388 4390
f 4391 4392 4393
f 4391 4393 4394
f 4395 4396 4397
f 4395 4397 4398
f 4399 4400 4401
f 4399 4401 4402
f 4403 4404 4405
f 4403 4405 4406
f 4407 4408 4409
f 4407 4409 4410
f 4411 4412 4413
f 4411 4414 4412
f 4414 4415 4412
f 4416 4417 4418
f 4416 4418 4419
f 4420 4421 4422
f 4423 4420 4422
f 4423 4422 4424
v 25.30094 6.948313 11.82271
v 27.36735 13.72755 15.22435
v 19.89088 12.50058 13.12768
v 25.30094 6.948313 11.82271
v 31.98817 10.51536 9.735278
v 27.36735 13.72755 15.22435
v 19.89088 12.50058 13.12768
v 19.89088 8.530134 6.342878
v 25.30094 6.948313 11.82271
v 27.36735 13.72755 15.22435
v 23.23452 19.49919 11.8468
v 19.89088 12.50058 13.12768
v 25.30094 6.948313 11.82271
v 27.36735 7.303173 4.246208
v 31.98817 10.51536 9.735278
v 31.98817 10.51536 9.735278
v 30.71099 18.27223 9.750132
v 27.36735 13.72755 15.22435
v 19.89088 12.50058 13.12768
v 18.61369 16.287 6.357733
v 19.89088 8.530134 6.342878
v 27.36735 13.72755 15.22435
v 30.71099 18.27223 9.750132
v 23.23452 19.49919 11.8468
v 19.89088 12.50058 13.12768
v 23.23452 19.49919 11.8468
v 18.61369 16.287 6.357733
v 27.36735 7.303173 4.246208
v 30.71099 14.30178 2.965328
v 31.98817 10.51536 9.735278
v 31.98817 10.51536 9.735278
v 30.71099 14.30178 2.965328
v 30.71099 18.27223 9.750132
v 19.89088 8.530134 6.342878
v 18.61369 16.287 6.357733
v 23.23452 13.07481 0.8686625
v 30.71099 18.27223 9.750132
v 25.30093 19.85405 4.270305
v 23.23452 19.49919 11.8468
v 23.23452 19.49919 11.8468
v 25.30093 19.85405 4.270305
v 18.61369 16.287 6.357733
v 27.36735 7.303173 4.246208
v 23.23452 13.07481 0.8686625
v 30.71099 14.30178 2.965328
v 30.71099 14.30178 2.965328
v 25.30093 19.85405 4.270305
v 30.71099 18.27223 9.750132
v 19.89088 8.530134 6.342878
v 23.23452 13.07481 0.8686625
v 27.36735 7.303173 4.246208
v 18.61369 16.287 6.357733
v 25.30093 19.85405 4.270305
v 23.23452 13.07481 0.8686625
v 23.23452 13.07481 0.8686625
v 25.30093 19.85405 4.270305
v 30.71099 14.30178 2.965328
v 25.30094 7.985653 1.259404
v 26.99357 13.98664 -0.3491044
v 20.86948 12.0943 -0.9644241
v 25.30094 7.985653 1.259404
v 30.77855 9.0325 -1.960024
v 26.99357 13.98664 -0.3491044
v 20.86948 12.0943 -0.9644241
v 20.86948 5.970702 -2.955612
v 25.30094 7.985653 1.259404
v 26.99357 13.98664 -0.3491044
v 23.6083 15.68049 -5.558277
v 20.86948 12.0943 -0.9644241
v 25.30094 7.985653 1.259404
v 26.99357 4.078363 -3.570945
v 30.77855 9.0325 -1.960024
v 30.77855 9.0325 -1.960024
v 29.73239 13.78815 -6.173605
v 26.99357 13.98664 -0.3491044
v 20.86948 12.0943 -0.9644241
v 19.82332 10.72635 -7.169191
v 20.86948 5.970702 -2.955612
v 26.99357 13.98664 -0.3491044
v 29.73239 13.78815 -6.173605
v 23.6083 15.68049 -5.558277
v 20.86948 12.0943 -0.9644241
v 23.6083 15.68049 -5.558277
v 19.82332 10.72635 -7.169191
v 26.99357 4.078363 -3.570945
v 29.73239 7.664551 -8.164794
v 30.77855 9.0325 -1.960024
v 30.77855 9.0325 -1.960024
v 29.73239 7.664551 -8.164794
v 29.73239 13.78815 -6.173605
v 20.86948 5.970702 -2.955612
v 19.82332 10.72635 -7.169191
v 23.6083 5.77221 -8.780119
v 29.73239 13.78815 -6.173605
v 25.30094 11.7732 -10.38862
v 23.6083 15.68049 -5.558277
v 23.6083 15.68049 -5.558277
v 25.30094 11.7732 -10.38862
v 19.82332 10.72635 -7.169191
v 26.99357 4.078363 -3.570945
v 23.6083 5.77221 -8.780119
v 29.73239 7.664551 -8.164794
v 29.73239 7.664551 -8.164794
v 25.30094 11.7732 -10.38862
v 29.73239 13.78815 -6.173605
v 19.82332 10.72635 -7.169191
v 25.30094 11.7732 -10.38862
v 23.6083 5.77221 -8.780119
v 23.6083 5.77221 -8.780119
v 25.30094 11.7732 -10.38862
v 29.73239 7.664551 -8.164794
v 24.52192 7.713651 5.613702
v 24.47273 7.709102 5.754723
v 24.39488 7.702406 5.972895
v 19.89088 8.530134 6.342878
v 27.36735 7.303173 4.246208
v 24.71223 7.684272 5.541665
v 24.82344 7.667255 5.497989
v 25.00888 7.620014 5.61549
v 25.12636 7.589915 5.691648
v 25.19941 7.553833 5.914072
v 25.25487 7.526052 6.08685
v 25.27383 7.146075 9.881198
v 25.30094 6.948313 11.82271
v 25.18894 7.519838 6.277074
v 25.16998 7.193029 9.608762
v 25.24276 7.143702 9.965256
v 25.14307 7.204908 9.541062
v 25.12819 7.510438 6.489398
v 25.14029 7.135293 10.24835
v 24.95964 7.536486 6.552939
v 24.88797 7.262646 9.452572
v 25.05435 7.147009 10.29649
v 24.82345 7.277143 9.43126
v 24.82344 7.554965 6.630151
v 24.65575 7.598241 6.518325
v 24.57727 7.310028 9.576059
v 24.52002 7.63565 6.403823
v 24.50518 7.319781 9.617245
v 24.4446 7.67406 6.162509
v 24.40991 7.310879 9.891302
v 24.37569 7.30807 9.985871
v 24.82345 7.17822 10.42863
v 24.73067 7.199107 10.3976
v 24.50789 7.249529 10.32031
v 24.46971 7.26627 10.2254
v 24.59564 5.051159 -5.31604
v 24.63212 5.009654 -5.060692
v 24.63887 5.000752 -5.002986
v 24.55647 5.083289 -5.483638
v 23.6083 5.77221 -8.780119
v 24.64214 5.089783 -5.7746
v 24.8482 5.029316 -5.822775
v 26.99357 4.078363 -3.570945
v 25.05394 4.937314 -5.599945
v 25.08411 4.912565 -5.470847
v 25.14299 4.851702 -5.111223
v 25.13254 4.84709 -5.043011
v 25.05876 4.824647 -4.648049
v 25.00901 4.837407 -4.620666
v 24.84677 4.885981 -4.591025
v 20.86948 5.970702 -2.955612
v 24.80644 4.909912 -4.685219
v 24.47081 6.038689 -1.691459
v 24.51114 6.108522 -1.582191
v 25.30094 7.985653 1.259404
v 24.55456 6.185805 -1.461656
v 24.664 6.192911 -1.4163
v 24.76979 6.200734 -1.371141
v 24.87941 6.139739 -1.419505
v 24.99353 6.075238 -1.471231
v 25.03868 5.990183 -1.573681
v 25.09636 5.879436 -1.707435
v 26.99357 4.078363 -3.570945
v 20.86948 5.970702 -2.955612
v 24.52743 5.923911 -1.831111
v 24.56907 5.842054 -1.930302
v 25.06462 5.822076 -1.796744
v 24.71212 5.758882 -1.99833
v 25.01494 5.727272 -1.943441
v 24.79513 5.711511 -2.036584
v 24.93706 5.722293 -1.97561
v 25.25487 7.526052 6.08685
v 25.18894 7.519838 6.277074
v 25.28853 5.450815 7.427791
v 25.12819 7.510438 6.489398
v 24.95964 7.536486 6.552939
v 25.15231 5.218011 8.056166
v 24.52002 7.63565 6.403823
v 24.4446 7.67406 6.162509
v 24.49458 5.218012 8.056165
v 24.82344 7.554965 6.630151
v 24.65575 7.598241 6.518325
v 24.82344 5.446228 8.113463
v 25.13254 4.84709 -5.043011
v 25.05876 4.824647 -4.648049
v 25.12346 3.534064 -2.302391
v 25.05394 4.937314 -5.599945
v 25.08411 4.912565 -5.470847
v 25.05681 4.860047 -5.521728
v 24.59564 5.051159 -5.31604
v 24.55647 5.083289 -5.483638
v 24.56019 4.982978 -5.382094
v 24.80644 4.909912 -4.685219
v 24.63887 5.000752 -5.002986
v 24.65983 3.513961 -2.305272
v 25.00901 4.837407 -4.620666
v 24.84677 4.885981 -4.591025
v 24.88485 3.685827 -2.340342
v 24.50789 7.249529 10.32031
v 24.46971 7.26627 10.2254
v 24.49458 6.0614 9.571864
v 24.35836 6.239881 9.295649
v 24.37569 7.30807 9.985871
v 24.73067 7.199107 10.3976
v 24.50789 7.249529 10.32031
v 24.49458 6.0614 9.571864
v 24.82345 5.987469 9.686277
v 24.82345 7.17822 10.42863
v 25.19941 7.553833 5.914072
v 25.25487 7.526052 6.08685
v 25.28853 5.450815 7.427791
v 25.15231 5.272331 7.151572
v 25.12636 7.589915 5.691648
v 24.49458 6.0614 9.571864
v 24.37055 4.640026 8.446578
v 24.82344 4.379215 8.789898
v 24.82345 5.987469 9.686277
v 25.28853 5.450815 7.427791
v 25.46392 4.288435 8.155886
v 25.27633 4.224248 7.707568
v 25.15231 5.272331 7.151572
v 24.35836 6.239881 9.295649
v 24.43399 4.935672 8.24688
v 24.37055 4.640026 8.446578
v 24.49458 6.0614 9.571864
v 24.37569 7.30807 9.985871
v 24.40991 7.310879 9.891302
v 24.35836 6.239881 9.295649
v 24.49458 6.418364 9.019428
v 24.50518 7.319781 9.617245
v 25.05435 7.147009 10.29649
v 24.82345 7.17822 10.42863
v 24.82345 5.987469 9.686277
v 25.15232 6.0614 9.571864
v 25.14029 7.135293 10.24835
v 25.00888 7.620014 5.61549
v 25.12636 7.589915 5.691648
v 25.15231 5.272331 7.151572
v 24.82344 5.198403 7.037157
v 24.82344 7.667255 5.497989
v 25.18894 7.519838 6.277074
v 25.12819 7.510438 6.489398
v 25.15231 5.218011 8.056166
v 25.28853 5.450815 7.427791
v 25.16998 7.193029 9.608762
v 25.27383 7.146075 9.881198
v 25.28853 6.239881 9.295649
v 25.15232 6.418364 9.019426
v 25.14307 7.204908 9.541062
v 25.27383 7.146075 9.881198
v 25.24276 7.143702 9.965256
v 25.28853 6.239881 9.295649
v 25.15232 6.0614 9.571864
v 25.14029 7.135293 10.24835
v 25.21353 4.932706 8.24888
v 25.27633 4.640021 8.446578
v 25.46392 4.288435 8.155886
v 25.15231 5.218011 8.056166
v 25.28853 5.450815 7.427791
v 25.28853 6.239881 9.295649
v 25.21353 4.932706 8.24888
v 25.15231 5.218011 8.056166
v 25.15232 6.418364 9.019426
v 25.15232 6.0614 9.571864
v 25.27633 4.640021 8.446578
v 25.21353 4.932706 8.24888
v 25.28853 6.239881 9.295649
v 24.39488 7.702406 5.972895
v 24.47273 7.709102 5.754723
v 24.35835 5.450815 7.427791
v 24.49458 5.272331 7.151572
v 24.52192 7.713651 5.613702
v 24.71223 7.684272 5.541665
v 24.82344 7.667255 5.497989
v 24.82344 5.198403 7.037157
v 24.49458 5.272331 7.151572
v 24.52192 7.713651 5.613702
v 24.4446 7.67406 6.162509
v 24.39488 7.702406 5.972895
v 24.35835 5.450815 7.427791
v 24.49458 5.218012 8.056165
v 24.49458 6.418364 9.019428
v 24.49458 5.218012 8.056165
v 24.43399 4.935672 8.24688
v 24.35836 6.239881 9.295649
v 24.18296 4.288435 8.155886
v 24.37055 4.640026 8.446578
v 24.43399 4.935672 8.24688
v 24.49458 5.218012 8.056165
v 24.35835 5.450815 7.427791
v 24.50518 7.319781 9.617245
v 24.57727 7.310028 9.576059
v 24.49458 6.418364 9.019428
v 24.82345 6.492293 8.905014
v 24.82345 7.277143 9.43126
v 25.27633 4.640021 8.446578
v 25.15232 6.0614 9.571864
v 24.82345 5.987469 9.686277
v 24.82344 4.379215 8.789898
v 24.82344 0.1428125 7.999593
v 24.82344 4.379215 8.789898
v 24.37055 4.640026 8.446578
v 24.37055 0.1832283 7.816411
v 24.37055 0.1832283 7.816411
v 24.37055 4.640026 8.446578
v 24.18296 4.288435 8.155886
v 24.18296 0.2807947 7.374153
v 24.82344 4.19766 7.521873
v 24.82344 5.198403 7.037157
v 25.15231 5.272331 7.151572
v 25.27633 4.224248 7.707568
v 25.27633 0.3783619 6.931901
v 25.27633 4.224248 7.707568
v 25.46392 4.288435 8.155886
v 25.46392 0.2807947 7.374153
v 25.46392 0.2807947 7.374153
v 25.46392 4.288435 8.155886
v 25.27633 4.640021 8.446578
v 25.27633 0.1832268 7.816403
v 24.95964 7.536486 6.552939
v 24.82344 7.554965 6.630151
v 24.82344 5.446228 8.113463
v 25.15231 5.218011 8.056166
v 24.88797 7.262646 9.452572
v 25.14307 7.204908 9.541062
v 25.15232 6.418364 9.019426
v 24.82345 6.492293 8.905014
v 24.82345 7.277143 9.43126
v 24.49458 5.272331 7.151572
v 24.37055 4.224248 7.707568
v 24.18296 4.288435 8.155886
v 24.35835 5.450815 7.427791
v 24.82344 5.198403 7.037157
v 24.82344 4.19766 7.521873
v 24.37055 4.224248 7.707568
v 24.49458 5.272331 7.151572
v 24.49458 5.218012 8.056165
v 24.49458 6.418364 9.019428
v 24.82345 6.492293 8.905014
v 24.82344 5.446228 8.113463
v 24.82344 4.379215 8.789898
v 24.82344 0.1428125 7.999593
v 25.27633 0.1832268 7.816403
v 25.27633 4.640021 8.446578
v 24.37055 0.1832283 7.816411
v 24.15434 -2.981405 7.232217
v 24.82344 -2.989915 7.509242
v 24.82344 0.1428125 7.999593
v 24.18296 0.2807947 7.374153
v 23.87718 -2.960853 6.563423
v 24.15434 -2.981405 7.232217
v 24.37055 0.1832283 7.816411
v 24.18296 0.2807947 7.374153
v 24.18296 4.288435 8.155886
v 24.37055 4.224248 7.707568
v 24.37055 0.3783619 6.931901
v 25.27633 4.224248 7.707568
v 25.27633 0.3783619 6.931901
v 24.82344 0.4187769 6.748712
v 24.82344 4.19766 7.521873
v 25.46392 0.2807947 7.374153
v 25.7697 -2.960853 6.563423
v 25.50116 -3.048532 5.89582
v 25.27633 0.3783619 6.931901
v 25.27633 0.1832268 7.816403
v 25.49255 -2.981405 7.232217
v 25.7697 -2.960853 6.563423
v 25.46392 0.2807947 7.374153
v 25.15232 6.418364 9.019426
v 25.15231 5.218011 8.056166
v 24.82344 5.446228 8.113463
v 24.82345 6.492293 8.905014
v 24.65575 7.598241 6.518325
v 24.52002 7.63565 6.403823
v 24.49458 5.218012 8.056165
v 24.82344 5.446228 8.113463
v 23.87718 -2.960853 6.563423
v 24.18296 0.2807947 7.374153
v 24.37055 0.3783619 6.931901
v 24.14573 -3.048529 5.895817
v 25.49255 -2.981405 7.232217
v 25.27633 0.1832268 7.816403
v 24.82344 0.1428125 7.999593
v 24.82344 -2.989915 7.509242
v 24.82344 4.19766 7.521873
v 24.82344 0.4187769 6.748712
v 24.37055 0.3783619 6.931901
v 24.37055 4.224248 7.707568
v 24.15434 -2.981405 7.232217
v 24.09725 -4.515101 7.328245
v 24.82344 -4.589442 7.619715
v 24.82344 -2.989915 7.509242
v 23.87718 -2.960853 6.563423
v 23.79646 -4.335625 6.624586
v 24.09725 -4.515101 7.328245
v 24.15434 -2.981405 7.232217
v 24.14573 -3.048529 5.895817
v 24.13099 -3.493639 5.905385
v 24.09725 -3.848044 5.920924
v 23.87718 -2.960853 6.563423
v 23.79646 -4.335625 6.624586
v 23.79646 -5.241517 6.408801
v 24.09725 -5.06204 5.705139
v 24.14573 -3.048529 5.895817
v 24.37055 0.3783619 6.931901
v 24.82344 0.4187769 6.748712
v 24.82344 -2.727843 5.615232
v 25.27633 0.3783619 6.931901
v 25.50116 -3.048532 5.89582
v 24.82344 -2.727843 5.615232
v 24.82344 0.4187769 6.748712
v 25.54963 -3.848044 5.920924
v 25.51874 -3.523533 5.906693
v 25.50116 -3.048532 5.89582
v 25.7697 -2.960853 6.563423
v 25.85043 -4.335625 6.624586
v 25.54963 -5.06204 5.705139
v 25.85043 -5.241517 6.408801
v 25.49255 -2.981405 7.232217
v 25.54963 -4.515101 7.328245
v 25.85043 -4.335625 6.624586
v 25.7697 -2.960853 6.563423
v 24.82344 -2.989915 7.509242
v 24.82344 -4.589442 7.619715
v 25.54963 -4.515101 7.328245
v 25.49255 -2.981405 7.232217
v 24.82344 -2.727843 5.615232
v 24.82344 -1.139211 4.545907
v 24.45376 -1.234059 4.425692
v 24.14573 -3.048529 5.895817
v 24.82344 -5.495335 7.403928
v 24.82344 -4.589442 7.619715
v 24.09725 -4.515101 7.328245
v 24.09725 -5.420992 7.112463
v 24.09725 -5.420992 7.112463
v 24.09725 -4.515101 7.328245
v 23.79646 -4.335625 6.624586
v 23.79646 -5.241517 6.408801
v 24.13099 -3.493639 5.905385
v 24.30064 -1.463047 4.135465
v 24.45376 -1.692029 3.845238
v 24.09725 -3.848044 5.920924
v 24.14573 -3.048529 5.895817
v 24.45376 -1.234059 4.425692
v 24.30064 -1.463047 4.135465
v 24.13099 -3.493639 5.905385
v 24.82344 -1.139211 4.545907
v 24.82344 -2.727843 5.615232
v 25.50116 -3.048532 5.89582
v 25.19313 -1.234059 4.425692
v 25.51874 -3.523533 5.906693
v 25.34625 -1.463047 4.135465
v 25.19313 -1.234059 4.425692
v 25.50116 -3.048532 5.89582
v 25.54963 -3.848044 5.920924
v 25.19313 -1.692029 3.845238
v 25.34625 -1.463047 4.135465
v 25.51874 -3.523533 5.906693
v 25.85043 -5.241517 6.408801
v 25.85043 -4.335625 6.624586
v 25.54963 -4.515101 7.328245
v 25.54963 -5.420996 7.112462
v 25.54963 -5.420996 7.112462
v 25.54963 -4.515101 7.328245
v 24.82344 -4.589442 7.619715
v 24.82344 -5.495335 7.403928
v 24.82344 -5.495335 7.403928
v 24.09725 -5.420992 7.112463
v 24.09725 -6.631234 7.13499
v 24.82344 -6.631238 7.435785
v 24.09725 -5.420992 7.112463
v 23.79646 -5.241517 6.408801
v 23.79646 -6.631235 6.4088
v 24.09725 -6.631234 7.13499
v 24.09725 -5.06204 5.705139
v 24.09725 -3.848044 5.920924
v 24.82344 -4.081806 5.62946
v 24.82344 -4.987698 5.413677
v 24.82344 -1.139211 4.545907
v 24.8681 1.054766 1.921498
v 24.499 1.041293 1.569215
v 24.45376 -1.234059 4.425692
v 25.19313 -1.234059 4.425692
v 25.23816 1.05855 1.569979
v 24.8681 1.054766 1.921498
v 24.82344 -1.139211 4.545907
v 25.19313 -1.692029 3.845238
v 25.54963 -3.848044 5.920924
v 24.82344 -4.081806 5.62946
v 24.82344 -1.786876 3.725022
v 25.85043 -5.241517 6.408801
v 25.54963 -5.420996 7.112462
v 25.54963 -6.631234 7.13499
v 25.85043 -6.631235 6.4088
v 25.54963 -5.420996 7.112462
v 24.82344 -5.495335 7.403928
v 24.82344 -6.631238 7.435785
v 25.54963 -6.631234 7.13499
v 23.79646 -5.241517 6.408801
v 24.09725 -5.06204 5.705139
v 24.09725 -6.631236 5.682612
v 23.79646 -6.631235 6.4088
v 24.09725 -5.06204 5.705139
v 24.82344 -4.987698 5.413677
v 24.82344 -6.631236 5.381815
v 24.09725 -6.631236 5.682612
v 24.09725 -3.848044 5.920924
v 24.45376 -1.692029 3.845238
v 24.82344 -1.786876 3.725022
v 24.82344 -4.081806 5.62946
v 24.30064 -1.463047 4.135465
v 24.51418 0.4025853 1.30295
v 24.45376 -1.692029 3.845238
v 24.35461 0.6655766 1.55885
v 24.60372 2.774082 -2.209224
v 24.46194 2.951146 -1.948127
v 24.45376 -1.234059 4.425692
v 24.499 1.041293 1.569215
v 24.35461 0.6655766 1.55885
v 24.30064 -1.463047 4.135465
v 25.23816 1.05855 1.569979
v 25.19313 -1.234059 4.425692
v 25.34625 -1.463047 4.135465
v 25.39994 0.6899856 1.559924
v 25.19313 -1.692029 3.845238
v 25.39994 0.6899856 1.559924
v 25.34625 -1.463047 4.135465
v 25.25334 0.419839 1.303717
v 25.36488 2.990301 -1.942525
v 25.2422 2.801766 -2.205271
v 24.82344 -1.786876 3.725022
v 24.88645 0.3007981 1.197271
v 25.25334 0.419839 1.303717
v 25.19313 -1.692029 3.845238
v 25.54963 -5.06204 5.705139
v 25.85043 -5.241517 6.408801
v 25.85043 -6.631235 6.4088
v 25.54963 -6.631236 5.682612
v 25.54963 -3.848044 5.920924
v 25.54963 -5.06204 5.705139
v 24.82344 -4.987698 5.413677
v 24.82344 -4.081806 5.62946
v 24.09725 -6.631234 7.13499
v 23.79646 -6.631235 6.4088
v 24.09725 -6.631236 5.682612
v 24.82344 -6.631238 7.435785
v 24.82344 -6.631236 5.381815
v 25.54963 -6.631234 7.13499
v 25.54963 -6.631236 5.682612
v 25.85043 -6.631235 6.4088
v 24.8681 1.054766 1.921498
v 24.8999 3.229235 -1.574914
v 24.58013 3.270464 -1.876079
v 24.499 1.041293 1.569215
v 25.23816 1.05855 1.569979
v 25.21861 3.298151 -1.872115
v 24.8999 3.229235 -1.574914
v 24.8681 1.054766 1.921498
v 25.39994 0.6899856 1.559924
v 25.36488 2.990301 -1.942525
v 25.21861 3.298151 -1.872115
v 25.23816 1.05855 1.569979
v 24.88645 0.3007981 1.197271
v 24.82344 -1.786876 3.725022
v 24.45376 -1.692029 3.845238
v 24.51418 0.4025853 1.30295
v 25.54963 -6.631236 5.682612
v 24.82344 -6.631236 5.381815
v 24.82344 -4.987698 5.413677
v 25.54963 -5.06204 5.705139
v 24.88645 0.3007981 1.197271
v 24.92692 2.712205 -2.315738
v 25.2422 2.801766 -2.205271
v 25.25334 0.419839 1.303717
v 24.46194 2.951146 -1.948127
v 24.35461 0.6655766 1.55885
v 24.499 1.041293 1.569215
v 24.58013 3.270464 -1.876079
v 24.8999 3.229235 -1.574914
v 24.84335 4.526019 -1.521991
v 24.61168 4.526142 -1.619007
v 24.58013 3.270464 -1.876079
v 25.21861 3.298151 -1.872115
v 25.07532 4.546247 -1.616129
v 24.84335 4.526019 -1.521991
v 24.8999 3.229235 -1.574914
v 25.17043 3.417615 -2.089998
v 25.21861 3.298151 -1.872115
v 25.36488 2.990301 -1.942525
v 25.2247 3.485127 -2.771589
v 25.12346 3.534064 -2.302391
v 25.2422 2.801766 -2.205271
v 25.13807 3.280912 -2.889363
v 25.2247 3.485127 -2.771589
v 25.36488 2.990301 -1.942525
v 24.92692 2.712205 -2.315738
v 24.88645 0.3007981 1.197271
v 24.51418 0.4025853 1.30295
v 24.60372 2.774082 -2.209224
v 24.91015 3.187993 -2.939341
v 24.67444 3.260804 -2.892243
v 24.92692 2.712205 -2.315738
v 24.91015 3.187993 -2.939341
v 25.13807 3.280912 -2.889363
v 25.2422 2.801766 -2.205271
v 24.46194 2.951146 -1.948127
v 24.56902 3.456702 -2.77565
v 24.67444 3.260804 -2.892243
v 24.60372 2.774082 -2.209224
v 24.46194 2.951146 -1.948127
v 24.58013 3.270464 -1.876079
v 24.6209 3.395019 -2.095611
v 24.56902 3.456702 -2.77565
v 24.65983 3.513961 -2.305272
v 25.07532 4.546247 -1.616129
v 25.21861 3.298151 -1.872115
v 25.17043 3.417615 -2.089998
v 25.1717 4.574988 -1.846264
v 24.58013 3.270464 -1.876079
v 24.61168 4.526142 -1.619007
v 24.51603 4.546556 -1.850325
v 24.6209 3.395019 -2.095611
v 24.76979 6.200734 -1.371141
v 24.61168 4.526142 -1.619007
v 24.84335 4.526019 -1.521991
v 24.664 6.192911 -1.4163
v 24.55456 6.185805 -1.461656
v 24.99353 6.075238 -1.471231
v 24.84335 4.526019 -1.521991
v 25.07532 4.546247 -1.616129
v 24.87941 6.139739 -1.419505
v 24.76979 6.200734 -1.371141
v 25.09636 5.879436 -1.707435
v 25.07532 4.546247 -1.616129
v 25.1717 4.574988 -1.846264
v 25.03868 5.990183 -1.573681
v 24.99353 6.075238 -1.471231
v 25.1717 4.574988 -1.846264
v 25.17043 3.417615 -2.089998
v 25.12346 3.534064 -2.302391
v 25.07605 4.595402 -2.077589
v 25.14299 4.851702 -5.111223
v 25.2247 3.485127 -2.771589
v 25.13807 3.280912 -2.889363
v 25.05681 4.860047 -5.521728
v 25.08411 4.912565 -5.470847
v 24.91015 3.187993 -2.939341
v 24.85701 4.791539 -5.582079
v 25.05681 4.860047 -5.521728
v 25.13807 3.280912 -2.889363
v 24.67444 3.260804 -2.892243
v 24.65131 4.842462 -5.524246
v 24.85701 4.791539 -5.582079
v 24.91015 3.187993 -2.939341
v 24.56902 3.456702 -2.77565
v 24.56019 4.982978 -5.382094
v 24.65131 4.842462 -5.524246
v 24.67444 3.260804 -2.892243
v 25.06462 5.822076 -1.796744
v 25.09636 5.879436 -1.707435
v 25.1717 4.574988 -1.846264
v 25.01494 5.727272 -1.943441
v 25.07605 4.595402 -2.077589
v 25.14299 4.851702 -5.111223
v 25.13254 4.84709 -5.043011
v 25.12346 3.534064 -2.302391
v 25.2247 3.485127 -2.771589
v 24.63212 5.009654 -5.060692
v 24.59564 5.051159 -5.31604
v 24.56019 4.982978 -5.382094
v 24.56902 3.456702 -2.77565
v 24.63887 5.000752 -5.002986
v 24.63212 5.009654 -5.060692
v 24.56902 3.456702 -2.77565
v 24.65983 3.513961 -2.305272
v 24.6209 3.395019 -2.095611
v 24.51603 4.546556 -1.850325
v 24.61241 4.5753 -2.080467
v 24.65983 3.513961 -2.305272
v 24.55456 6.185805 -1.461656
v 24.51603 4.546556 -1.850325
v 24.61168 4.526142 -1.619007
v 24.51114 6.108522 -1.582191
v 24.47081 6.038689 -1.691459
v 25.07605 4.595402 -2.077589
v 25.12346 3.534064 -2.302391
v 24.88485 3.685827 -2.340342
v 24.84438 4.595535 -2.174597
v 24.93706 5.722293 -1.97561
v 25.01494 5.727272 -1.943441
v 25.07605 4.595402 -2.077589
v 24.79513 5.711511 -2.036584
v 24.84438 4.595535 -2.174597
v 24.8482 5.029316 -5.822775
v 25.05394 4.937314 -5.599945
v 25.05681 4.860047 -5.521728
v 24.85701 4.791539 -5.582079
v 24.64214 5.089783 -5.7746
v 24.8482 5.029316 -5.822775
v 24.85701 4.791539 -5.582079
v 24.65131 4.842462 -5.524246
v 24.55647 5.083289 -5.483638
v 24.64214 5.089783 -5.7746
v 24.65131 4.842462 -5.524246
v 24.56019 4.982978 -5.382094
v 25.05876 4.824647 -4.648049
v 25.00901 4.837407 -4.620666
v 24.88485 3.685827 -2.340342
v 25.12346 3.534064 -2.302391
v 24.84677 4.885981 -4.591025
v 24.80644 4.909912 -4.685219
v 24.65983 3.513961 -2.305272
v 24.88485 3.685827 -2.340342
v 24.47081 6.038689 -1.691459
v 24.61241 4.5753 -2.080467
v 24.51603 4.546556 -1.850325
v 24.52743 5.923911 -1.831111
v 24.56907 5.842054 -1.930302
v 24.84438 4.595535 -2.174597
v 24.88485 3.685827 -2.340342
v 24.65983 3.513961 -2.305272
v 24.61241 4.5753 -2.080467
v 24.71212 5.758882 -1.99833
v 24.79513 5.711511 -2.036584
v 24.84438 4.595535 -2.174597
v 24.56907 5.842054 -1.930302
v 24.61241 4.5753 -2.080467
f 4425 4426 4427
f 4428 4429 4430
f 4431 4432 4433
f 4434 4435 4436
f 4437 4438 4439
f 4440 4441 4442
f 4443 4444 4445
f 4446 4447 4448
f 4449 4450 4451
f 4452 4453 4454
f 4455 4456 4457
f 4458 4459 4460
f 4461 4462 4463
f 4464 4465 4466
f 4467 4468 4469
f 4470 4471 4472
f 4473 4474 4475
f 4476 4477 4478
f 4479 4480 4481
f 4482 4483 4484
f 4485 4486 4487
f 4488 4489 4490
f 4491 4492 4493
f 4494 4495 4496
f 4497 4498 4499
f 4500 4501 4502
f 4503 4504 4505
f 4506 4507 4508
f 4509 4510 4511
f 4512 4513 4514
f 4515 4516 4517
f 4518 4519 4520
f 4521 4522 4523
f 4524 4525 4526
f 4527 4528 4529
f 4530 4531 4532
f 4533 4534 4535
f 4536 4537 4538
f 4536 4538 4539
f 4539 4540 4536
f 4541 4536 4540
f 4540 4542 4541
f 4540 4543 4542
f 4540 4544 4543
f 4540 4545 4544
f 4540 4546 4545
f 4540 4547 4546
f 4540 4548 4547
f 4549 4546 4547
f 4549 4547 4550
f 4551 4547 4548
f 4549 4550 4552
f 4553 4549 4552
f 4554 4551 4548
f 4555 4553 4552
f 4555 4552 4556
f 4557 4554 4548
f 4555 4556 4558
f 4558 4559 4555
f 4560 4559 4558
f 4560 4558 4561
f 4562 4560 4561
f 4562 4561 4563
f 4564 4562 4563
f 4564 4563 4565
f 4538 4564 4565
f 4565 4566 4538
f 4548 4567 4557
f 4568 4567 4548
f 4569 4568 4548
f 4538 4566 4539
f 4569 4548 4539
f 4539 4566 4570
f 4570 4569 4539
f 4571 4572 4573
f 4574 4571 4573
f 4575 4574 4573
f 4576 4574 4575
f 4577 4576 4575
f 4575 4578 4577
f 4579 4577 4578
f 4578 4580 4579
f 4578 4581 4580
f 4582 4581 4578
f 4583 4582 4578
f 4584 4583 4578
f 4578 4585 4584
f 4586 4575 4573
f 4585 4578 4586
f 4573 4585 4586
f 4573 4587 4585
f 4588 4589 4590
f 4589 4591 4590
f 4591 4592 4590
f 4592 4593 4590
f 4590 4593 4594
f 4594 4595 4590
f 4595 4596 4590
f 4596 4597 4590
f 4598 4590 4597
f 4590 4599 4588
f 4600 4588 4599
f 4601 4600 4599
f 4599 4598 4601
f 4598 4597 4602
f 4598 4603 4601
f 4598 4602 4604
f 4605 4603 4598
f 4598 4604 4606
f 4598 4606 4605
f 4607 4608 4609
f 4610 4611 4612
f 4613 4614 4615
f 4616 4617 4618
f 4619 4620 4621
f 4622 4623 4624
f 4625 4626 4627
f 4628 4629 4630
f 4631 4632 4633
f 4634 4635 4636
f 4635 4637 4636
f 4635 4638 4637
f 4639 4640 4641
f 4639 4641 4642
f 4643 4639 4642
f 4644 4645 4646
f 4644 4646 4647
f 4648 4644 4647
f 4649 4650 4651
f 4649 4651 4652
f 4653 4654 4655
f 4653 4655 4656
f 4657 4658 4659
f 4657 4659 4660
f 4661 4662 4663
f 4662 4664 4663
f 4662 4665 4664
f 4666 4667 4668
f 4666 4668 4669
f 4670 4666 4669
f 4671 4672 4673
f 4671 4673 4674
f 4675 4671 4674
f 4676 4677 4678
f 4676 4678 4679
f 4680 4681 4682
f 4680 4682 4683
f 4684 4680 4683
f 4685 4686 4687
f 4686 4688 4687
f 4686 4689 4688
f 4690 4691 4692
f 4692 4693 4690
f 4692 4694 4693
f 4695 4696 4697
f 4695 4697 4698
f 4699 4700 4701
f 4699 4701 4702
f 4703 4704 4705
f 4704 4706 4705
f 4704 4707 4706
f 4708 4709 4710
f 4708 4710 4711
f 4712 4708 4711
f 4713 4714 4715
f 4713 4715 4716
f 4717 4718 4719
f 4717 4719 4720
f 4721 4722 4723
f 4723 4724 4721
f 4724 4725 4721
f 4726 4727 4728
f 4727 4729 4728
f 4727 4730 4729
f 4731 4732 4733
f 4731 4733 4734
f 4735 4736 4737
f 4735 4737 4738
f 4739 4740 4741
f 4739 4741 4742
f 4743 4744 4745
f 4743 4745 4746
f 4747 4748 4749
f 4747 4749 4750
f 4751 4752 4753
f 4751 4753 4754
f 4755 4756 4757
f 4755 4757 4758
f 4759 4760 4761
f 4759 4761 4762
f 4763 4759 4762
f 4764 4765 4766
f 4764 4766 4767
f 4768 4769 4770
f 4768 4770 4771
f 4772 4773 4774
f 4772 4774 4775
f 4776 4777 4778
f 4776 4778 4779
f 4780 4781 4782
f 4780 4782 4783
f 4784 4785 4786
f 4784 4786 4787
f 4788 4789 4790
f 4788 4790 4791
f 4792 4793 4794
f 4792 4794 4795
f 4796 4797 4798
f 4796 4798 4799
f 4800 4801 4802
f 4800 4802 4803
f 4804 4805 4806
f 4804 4806 4807
f 4808 4809 4810
f 4808 4810 4811
f 4812 4813 4814
f 4812 4814 4815
f 4816 4817 4818
f 4816 4818 4819
f 4820 4821 4822
f 4820 4822 4823
f 4824 4825 4826
f 4824 4826 4827
f 4828 4829 4830
f 4828 4830 4831
f 4832 4833 4834
f 4835 4832 4834
f 4834 4836 4835
f 4834 4837 4836
f 4834 4838 4837
f 4839 4840 4841
f 4839 4841 4842
f 4843 4844 4845
f 4843 4845 4846
f 4847 4848 4849
f 4847 4849 4850
f 4850 4851 4847
f 4851 4852 4847
f 4851 4853 4852
f 4854 4855 4856
f 4854 4856 4857
f 4858 4859 4860
f 4858 4860 4861
f 4862 4863 4864
f 4862 4864 4865
f 4866 4867 4868
f 4866 4868 4869
f 4870 4871 4872
f 4870 4872 4873
f 4874 4875 4876
f 4874 4876 4877
f 4878 4879 4880
f 4878 4880 4881
f 4882 4883 4884
f 4882 4884 4885
f 4886 4887 4888
f 4886 4888 4889
f 4890 4891 4892
f 4890 4892 4893
f 4894 4895 4896
f 4894 4896 4897
f 4898 4899 4900
f 4898 4900 4901
f 4902 4903 4904
f 4902 4904 4905
f 4906 4907 4908
f 4906 4908 4909
f 4910 4911 4912
f 4910 4912 4913
f 4914 4915 4916
f 4914 4916 4917
f 4918 4919 4920
f 4918 4920 4921
f 4922 4923 4924
f 4922 4924 4925
f 4926 4927 4928
f 4926 4928 4929
f 4930 4931 4932
f 4930 4932 4933
f 4934 4935 4936
f 4934 4936 4937
f 4938 4939 4940
f 4938 4940 4941
f 4942 4943 4944
f 4942 4944 4945
f 4946 4947 4948
f 4946 4949 4947
f 4949 4950 4947
f 4949 4951 4950
f 4952 4953 4954
f 4952 4954 4955
f 4956 4957 4958
f 4956 4958 4959
f 4960 4961 4962
f 4960 4963 4961
f 4964 4961 4963
f 4964 4963 4965
f 4966 4967 4968
f 4966 4968 4969
f 4970 4971 4972
f 4970 4972 4973
f 4974 4975 4976
f 4974 4976 4977
f 4978 4979 4980
f 4980 4981 4978
f 4980 4982 4981
f 4982 4983 4981
f 4982 4984 4983
f 4984 4985 4983
f 4986 4987 4988
f 4986 4988 4989
f 4990 4991 4992
f 4990 4992 4993
f 4994 4995 4996
f 4994 4996 4997
f 4998 4999 5000
f 4998 5000 5001
f 5002 5003 5004
f 5002 5004 5005
f 5006 5007 5008
f 5006 5008 5009
f 5010 5011 5012
f 5010 5012 5013
f 5014 5015 5016
f 5014 5016 5017
f 5018 5019 5020
f 5018 5020 5021
f 5022 5023 5024
f 5024 5025 5022
f 5025 5026 5022
f 5027 5028 5029
f 5027 5029 5030
f 5031 5032 5033
f 5031 5033 5034
f 5034 5035 5031
f 5034 5036 5035
f 5037 5038 5039
f 5037 5039 5040
f 5041 5042 5043
f 5041 5043 5044
f 5045 5046 5047
f 5047 5048 5045
f 5047 5049 5048
f 5050 5051 5052
f 5050 5052 5053
f 5054 5055 5056
f 5054 5056 5057
f 5058 5059 5060
f 5058 5061 5059
f 5061 5062 5059
f 5063 5064 5065
f 5063 5066 5064
f 5066 5067 5064
f 5068 5069 5070
f 5068 5071 5069
f 5071 5072 5069
f 5073 5074 5075
f 5073 5075 5076
f 5077 5078 5079
f 5079 5080 5077
f 5080 5081 5077
f 5082 5083 5084
f 5082 5084 5085
f 5086 5087 5088
f 5086 5088 5089
f 5090 5091 5092
f 5090 5092 5093
f 5094 5095 5096
f 5097 5094 5096
f 5097 5096 5098
f 5099 5100 5101
f 5099 5101 5102
f 5103 5104 5105
f 5103 5105 5106
f 5107 5108 5109
f 5107 5109 5110
f 5111 5112 5113
f 5111 5113 5114
f 5115 5116 5117
f 5115 5118 5116
f 5118 5119 5116
f 5120 5121 5122
f 5120 5122 5123
f 5124 5125 5126
f 5127 5124 5126
f 5127 5126 5128
f 5129 5130 5131
f 5129 5131 5132
f 5133 5134 5135
f 5133 5135 5136
f 5137 5138 5139
f 5137 5139 5140
f 5141 5142 5143
f 5141 5143 5144
f 5145 5146 5147
f 5145 5147 5148
f 5149 5150 5151
f 5149 5152 5150
f 5152 5153 5150
f 5154 5155 5156
f 5154 5156 5157
f 5158 5159 5160
f 5161 5158 5160
f 5161 5160 5162
v -35.38017 7.975926 5.753658
v -32.84854 16.28137 9.921111
v -42.00818 14.77818 7.352423
v -35.38017 7.975926 5.753658
v -27.18743 12.34602 3.196287
v -32.84854 16.28137 9.921111
v -42.00818 14.77818 7.352423
v -42.00818 9.913863 -0.9598422
v -35.38017 7.975926 5.753658
v -32.84854 16.28137 9.921111
v -37.91179 23.35238 5.783181
v -42.00818 14.77818 7.352423
v -35.38017 7.975926 5.753658
v -32.84854 8.410676 -3.528535
v -27.18743 12.34602 3.196287
v -27.18743 12.34602 3.196287
v -28.75215 21.84919 3.214485
v -32.84854 16.28137 9.921111
v -42.00818 14.77818 7.352423
v -43.5729 19.41703 -0.9416438
v -42.00818 9.913863 -0.9598422
v -32.84854 16.28137 9.921111
v -28.75215 21.84919 3.214485
v -37.91179 23.35238 5.783181
v -42.00818 14.77818 7.352423
v -37.91179 23.35238 5.783181
v -43.5729 19.41703 -0.9416438
v -32.84854 8.410676 -3.528535
v -28.75215 16.98488 -5.097779
v -27.18743 12.34602 3.196287
v -27.18743 12.34602 3.196287
v -28.75215 16.98488 -5.097779
v -28.75215 21.84919 3.214485
v -42.00818 9.913863 -0.9598422
v -43.5729 19.41703 -0.9416438
v -37.91179 15.48168 -7.666466
v -28.75215 21.84919 3.214485
v -35.38017 23.78712 -3.499013
v -37.91179 23.35238 5.783181
v -37.91179 23.35238 5.783181
v -35.38017 23.78712 -3.499013
v -43.5729 19.41703 -0.9416438
v -32.84854 8.410676 -3.528535
v -37.91179 15.48168 -7.666466
v -28.75215 16.98488 -5.097779
v -28.75215 16.98488 -5.097779
v -35.38017 23.78712 -3.499013
v -28.75215 21.84919 3.214485
v -42.00818 9.913863 -0.9598422
v -37.91179 15.48168 -7.666466
v -32.84854 8.410676 -3.528535
v -43.5729 19.41703 -0.9416438
v -35.38017 23.78712 -3.499013
v -37.91179 15.48168 -7.666466
v -37.91179 15.48168 -7.666466
v -35.38017 23.78712 -3.499013
v -28.75215 16.98488 -5.097779
v -35.38017 9.246803 -7.187757
v -33.30647 16.59879 -9.158389
v -40.80927 14.28043 -9.912235
v -35.38017 9.246803 -7.187757
v -28.66937 10.52933 -11.13197
v -33.30647 16.59879 -9.158389
v -40.80927 14.28043 -9.912235
v -40.80927 6.778226 -12.3517
v -35.38017 9.246803 -7.187757
v -33.30647 16.59879 -9.158389
v -37.45386 18.67397 -15.5403
v -40.80927 14.28043 -9.912235
v -35.38017 9.246803 -7.187757
v -33.30647 4.459866 -13.10556
v -28.66937 10.52933 -11.13197
v -28.66937 10.52933 -11.13197
v -29.95106 16.35562 -16.29416
v -33.30647 16.59879 -9.158389
v -40.80927 14.28043 -9.912235
v -42.09095 12.60451 -17.51388
v -40.80927 6.778226 -12.3517
v -33.30647 16.59879 -9.158389
v -29.95106 16.35562 -16.29416
v -37.45386 18.67397 -15.5403
v -40.80927 14.28043 -9.912235
v -37.45386 18.67397 -15.5403
v -42.09095 12.60451 -17.51388
v -33.30647 4.459866 -13.10556
v -29.95106 8.853412 -18.73362
v -28.66937 10.52933 -11.13197
v -28.66937 10.52933 -11.13197
v -29.95106 8.853412 -18.73362
v -29.95106 16.35562 -16.29416
v -40.80927 6.778226 -12.3517
v -42.09095 12.60451 -17.51388
v -37.45386 6.535048 -19.48747
v -29.95106 16.35562 -16.29416
v -35.38017 13.88704 -21.4581
v -37.45386 18.67397 -15.5403
v -37.45386 18.67397 -15.5403
v -35.38017 13.88704 -21.4581
v -42.09095 12.60451 -17.51388
v -33.30647 4.459866 -13.10556
v -37.45386 6.535048 -19.48747
v -29.95106 8.853412 -18.73362
v -29.95106 8.853412 -18.73362
v -35.38017 13.88704 -21.4581
v -29.95106 16.35562 -16.29416
v -42.09095 12.60451 -17.51388
v -35.38017 13.88704 -21.4581
v -37.45386 6.535048 -19.48747
v -37.45386 6.535048 -19.48747
v -35.38017 13.88704 -21.4581
v -29.95106 8.853412 -18.73362
v -36.33456 8.913565 -1.853178
v -36.39482 8.907991 -1.680409
v -36.4902 8.899789 -1.41312
v -42.00818 9.913863 -0.9598422
v -32.84854 8.410676 -3.528535
v -36.10141 8.877571 -1.941433
v -35.96515 8.856724 -1.994941
v -35.73797 8.798847 -1.850988
v -35.59405 8.761972 -1.757684
v -35.50455 8.717767 -1.485186
v -35.4366 8.683731 -1.273511
v -35.41336 8.218211 3.375057
v -35.38017 7.975926 5.753658
v -35.51738 8.676119 -1.040462
v -35.54061 8.275736 3.041288
v -35.45144 8.215303 3.47804
v -35.57357 8.290289 2.958347
v -35.5918 8.664603 -0.7803373
v -35.57698 8.205002 3.824865
v -35.7983 8.696514 -0.7024904
v -35.8861 8.361025 2.849935
v -35.68226 8.219356 3.883842
v -35.96515 8.378786 2.823825
v -35.96515 8.719154 -0.6078963
v -36.1706 8.772172 -0.7448977
v -36.26674 8.419074 3.001223
v -36.33689 8.818004 -0.8851768
v -36.35507 8.431024 3.051681
v -36.42929 8.865062 -1.180818
v -36.47178 8.420116 3.387436
v -36.51371 8.416676 3.503296
v -35.96515 8.257593 4.045738
v -36.07882 8.283182 4.007719
v -36.35175 8.344955 3.913027
v -36.39853 8.365465 3.796747
v -36.24424 5.651667 -15.24353
v -36.19955 5.600817 -14.93069
v -36.19128 5.589912 -14.86
v -36.29222 5.69103 -15.44886
v -37.45386 6.535048 -19.48747
v -36.18727 5.698986 -15.80532
v -35.93483 5.624907 -15.86434
v -33.30647 4.459866 -13.10556
v -35.68276 5.512191 -15.59135
v -35.6458 5.481871 -15.43319
v -35.57367 5.407306 -14.9926
v -35.58647 5.401657 -14.90903
v -35.67686 5.374161 -14.42515
v -35.73781 5.389793 -14.3916
v -35.93657 5.449303 -14.35529
v -40.80927 6.778226 -12.3517
v -35.98598 5.478621 -14.47069
v -36.39717 6.861519 -10.80295
v -36.34777 6.947074 -10.66908
v -35.38017 9.246803 -7.187757
v -36.29457 7.041755 -10.52141
v -36.16049 7.050462 -10.46584
v -36.03088 7.060046 -10.41052
v -35.89658 6.985318 -10.46977
v -35.75677 6.906296 -10.53314
v -35.70146 6.802093 -10.65865
v -35.63079 6.666414 -10.82252
v -33.30647 4.459866 -13.10556
v -40.80927 6.778226 -12.3517
v -36.3278 6.720901 -10.97404
v -36.27679 6.620615 -11.09556
v -35.66968 6.59614 -10.93193
v -36.10154 6.518719 -11.1789
v -35.73054 6.479993 -11.11166
v -35.99984 6.460683 -11.22577
v -35.82597 6.473894 -11.15107
v -35.4366 8.683731 -1.273511
v -35.51738 8.676119 -1.040462
v -35.39536 6.141297 0.3693159
v -35.5918 8.664603 -0.7803373
v -35.7983 8.696514 -0.7024904
v -35.56225 5.856082 1.139157
v -36.33689 8.818004 -0.8851768
v -36.42929 8.865062 -1.180818
v -36.36806 5.856084 1.139156
v -35.96515 8.719154 -0.6078963
v -36.1706 8.772172 -0.7448977
v -35.96516 6.135678 1.209354
v -35.58647 5.401657 -14.90903
v -35.67686 5.374161 -14.42515
v -35.5976 3.793029 -11.55142
v -35.68276 5.512191 -15.59135
v -35.6458 5.481871 -15.43319
v -35.67925 5.41753 -15.49552
v -36.24424 5.651667 -15.24353
v -36.29222 5.69103 -15.44886
v -36.28767 5.568137 -15.32445
v -35.98598 5.478621 -14.47069
v -36.19128 5.589912 -14.86
v -36.16561 3.768401 -11.55495
v -35.73781 5.389793 -14.3916
v -35.93657 5.449303 -14.35529
v -35.88992 3.978958 -11.59791
v -36.35175 8.344955 3.913027
v -36.39853 8.365465 3.796747
v -36.36805 6.889344 2.996083
v -36.53494 7.108005 2.657684
v -36.51371 8.416676 3.503296
v -36.07882 8.283182 4.007719
v -36.35175 8.344955 3.913027
v -36.36805 6.889344 2.996083
v -35.96515 6.798768 3.136255
v -35.96515 8.257593 4.045738
v -35.50455 8.717767 -1.485186
v -35.4366 8.683731 -1.273511
v -35.39536 6.141297 0.3693159
v -35.56225 5.922632 0.03091225
v -35.59405 8.761972 -1.757684
v -36.36805 6.889344 2.996083
v -36.52 5.147975 1.617462
v -35.96516 4.828448 2.038074
v -35.96515 6.798768 3.136255
v -35.39536 6.141297 0.3693159
v -35.18048 4.717232 1.261327
v -35.41031 4.638594 0.712079
v -35.56225 5.922632 0.03091225
v -36.53494 7.108005 2.657684
v -36.44228 5.510181 1.372806
v -36.52 5.147975 1.617462
v -36.36805 6.889344 2.996083
v -36.51371 8.416676 3.503296
v -36.47178 8.420116 3.387436
v -36.53494 7.108005 2.657684
v -36.36805 7.32667 2.319279
v -36.35507 8.431024 3.051681
v -35.68226 8.219356 3.883842
v -35.96515 8.257593 4.045738
v -35.96515 6.798768 3.136255
v -35.56224 6.889344 2.996083
v -35.57698 8.205002 3.824865
v -35.73797 8.798847 -1.850988
v -35.59405 8.761972 -1.757684
v -35.56225 5.922632 0.03091225
v -35.96516 5.83206 -0.1092616
v -35.96515 8.856724 -1.994941
v -35.51738 8.676119 -1.040462
v -35.5918 8.664603 -0.7803373
v -35.56225 5.856082 1.139157
v -35.39536 6.141297 0.3693159
v -35.54061 8.275736 3.041288
v -35.41336 8.218211 3.375057
v -35.39536 7.108005 2.657684
v -35.56224 7.32667 2.319276
v -35.57357 8.290289 2.958347
v -35.41336 8.218211 3.375057
v -35.45144 8.215303 3.47804
v -35.39536 7.108005 2.657684
v -35.56224 6.889344 2.996083
v -35.57698 8.205002 3.824865
v -35.48725 5.506547 1.375257
v -35.41031 5.14797 1.617462
v -35.18048 4.717232 1.261327
v -35.56225 5.856082 1.139157
v -35.39536 6.141297 0.3693159
v -35.39536 7.108005 2.657684
v -35.48725 5.506547 1.375257
v -35.56225 5.856082 1.139157
v -35.56224 7.32667 2.319276
v -35.56224 6.889344 2.996083
v -35.41031 5.14797 1.617462
v -35.48725 5.506547 1.375257
v -35.39536 7.108005 2.657684
v -36.4902 8.899789 -1.41312
v -36.39482 8.907991 -1.680409
v -36.53495 6.141297 0.3693159
v -36.36806 5.922632 0.03091225
v -36.33456 8.913565 -1.853178
v -36.10141 8.877571 -1.941433
v -35.96515 8.856724 -1.994941
v -35.96516 5.83206 -0.1092616
v -36.36806 5.922632 0.03091225
v -36.33456 8.913565 -1.853178
v -36.42929 8.865062 -1.180818
v -36.4902 8.899789 -1.41312
v -36.53495 6.141297 0.3693159
v -36.36806 5.856084 1.139156
v -36.36805 7.32667 2.319279
v -36.36806 5.856084 1.139156
v -36.44228 5.510181 1.372806
v -36.53494 7.108005 2.657684
v -36.74983 4.717232 1.261327
v -36.52 5.147975 1.617462
v -36.44228 5.510181 1.372806
v -36.36806 5.856084 1.139156
v -36.53495 6.141297 0.3693159
v -36.35507 8.431024 3.051681
v -36.26674 8.419074 3.001223
v -36.36805 7.32667 2.319279
v -35.96515 7.417243 2.179106
v -35.96515 8.378786 2.823825
v -35.41031 5.14797 1.617462
v -35.56224 6.889344 2.996083
v -35.96515 6.798768 3.136255
v -35.96516 4.828448 2.038074
v -35.96515 -0.3616937 1.069848
v -35.96516 4.828448 2.038074
v -36.52 5.147975 1.617462
v -36.52 -0.312179 0.8454254
v -36.52 -0.312179 0.8454254
v -36.52 5.147975 1.617462
v -36.74983 4.717232 1.261327
v -36.74983 -0.1926476 0.3036023
v -35.96516 4.606021 0.4845791
v -35.96516 5.83206 -0.1092616
v -35.56225 5.922632 0.03091225
v -35.41031 4.638594 0.712079
v -35.41031 -0.07311517 -0.2382134
v -35.41031 4.638594 0.712079
v -35.18048 4.717232 1.261327
v -35.18048 -0.1926476 0.3036023
v -35.18048 -0.1926476 0.3036023
v -35.18048 4.717232 1.261327
v -35.41031 5.14797 1.617462
v -35.41031 -0.3121809 0.8454167
v -35.7983 8.696514 -0.7024904
v -35.96515 8.719154 -0.6078963
v -35.96516 6.135678 1.209354
v -35.56225 5.856082 1.139157
v -35.8861 8.361025 2.849935
v -35.57357 8.290289 2.958347
v -35.56224 7.32667 2.319276
v -35.96515 7.417243 2.179106
v -35.96515 8.378786 2.823825
v -36.36806 5.922632 0.03091225
v -36.52 4.638594 0.712079
v -36.74983 4.717232 1.261327
v -36.53495 6.141297 0.3693159
v -35.96516 5.83206 -0.1092616
v -35.96516 4.606021 0.4845791
v -36.52 4.638594 0.712079
v -36.36806 5.922632 0.03091225
v -36.36806 5.856084 1.139156
v -36.36805 7.32667 2.319279
v -35.96515 7.417243 2.179106
v -35.96516 6.135678 1.209354
v -35.96516 4.828448 2.038074
v -35.96515 -0.3616937 1.069848
v -35.41031 -0.3121809 0.8454167
v -35.41031 5.14797 1.617462
v -36.52 -0.312179 0.8454254
v -36.7849 -4.189265 0.1297134
v -35.96515 -4.199691 0.4691037
v -35.96515 -0.3616937 1.069848
v -36.74983 -0.1926476 0.3036023
v -37.12445 -4.164087 -0.6896462
v -36.7849 -4.189265 0.1297134
v -36.52 -0.312179 0.8454254
v -36.74983 -0.1926476 0.3036023
v -36.74983 4.717232 1.261327
v -36.52 4.638594 0.712079
v -36.52 -0.07311517 -0.2382134
v -35.41031 4.638594 0.712079
v -35.41031 -0.07311517 -0.2382134
v -35.96515 -0.02360147 -0.4626434
v -35.96516 4.606021 0.4845791
v -35.18048 -0.1926476 0.3036023
v -34.80586 -4.164087 -0.6896462
v -35.13487 -4.271504 -1.507547
v -35.41031 -0.07311517 -0.2382134
v -35.41031 -0.3121809 0.8454167
v -35.14541 -4.189265 0.1297134
v -34.80586 -4.164087 -0.6896462
v -35.18048 -0.1926476 0.3036023
v -35.56224 7.32667 2.319276
v -35.56225 5.856082 1.139157
v -35.96516 6.135678 1.209354
v -35.96515 7.417243 2.179106
v -36.1706 8.772172 -0.7448977
v -36.33689 8.818004 -0.8851768
v -36.36806 5.856084 1.139156
v -35.96516 6.135678 1.209354
v -37.12445 -4.164087 -0.6896462
v -36.74983 -0.1926476 0.3036023
v -36.52 -0.07311517 -0.2382134
v -36.79544 -4.271501 -1.507551
v -35.14541 -4.189265 0.1297134
v -35.41031 -0.3121809 0.8454167
v -35.96515 -0.3616937 1.069848
v -35.96515 -4.199691 0.4691037
v -35.96516 4.606021 0.4845791
v -35.96515 -0.02360147 -0.4626434
v -36.52 -0.07311517 -0.2382134
v -36.52 4.638594 0.712079
v -36.7849 -4.189265 0.1297134
v -36.85483 -6.068241 0.2473597
v -35.96515 -6.159319 0.6044483
v -35.96515 -4.199691 0.4691037
v -37.12445 -4.164087 -0.6896462
v -37.22335 -5.84836 -0.6147141
v -36.85483 -6.068241 0.2473597
v -36.7849 -4.189265 0.1297134
v -36.79544 -4.271501 -1.507551
v -36.8135 -4.816818 -1.495829
v -36.85483 -5.251011 -1.476792
v -37.12445 -4.164087 -0.6896462
v -37.22335 -5.84836 -0.6147141
v -37.22335 -6.958195 -0.8790791
v -36.85483 -6.738313 -1.741156
v -36.79544 -4.271501 -1.507551
v -36.52 -0.07311517 -0.2382134
v -35.96515 -0.02360147 -0.4626434
v -35.96515 -3.878619 -1.851303
v -35.41031 -0.07311517 -0.2382134
v -35.13487 -4.271504 -1.507547
v -35.96515 -3.878619 -1.851303
v -35.96515 -0.02360147 -0.4626434
v -35.07548 -5.251011 -1.476792
v -35.11332 -4.853443 -1.494226
v -35.13487 -4.271504 -1.507547
v -34.80586 -4.164087 -0.6896462
v -34.70696 -5.84836 -0.6147141
v -35.07548 -6.738313 -1.741156
v -34.70696 -6.958195 -0.8790791
v -35.14541 -4.189265 0.1297134
v -35.07548 -6.068241 0.2473597
v -34.70696 -5.84836 -0.6147141
v -34.80586 -4.164087 -0.6896462
v -35.96515 -4.199691 0.4691037
v -35.96515 -6.159319 0.6044483
v -35.07548 -6.068241 0.2473597
v -35.14541 -4.189265 0.1297134
v -35.96515 -3.878619 -1.851303
v -35.96515 -1.932338 -3.161366
v -36.41806 -2.04854 -3.308644
v -36.79544 -4.271501 -1.507551
v -35.96515 -7.269155 0.3400811
v -35.96515 -6.159319 0.6044483
v -36.85483 -6.068241 0.2473597
v -36.85483 -7.178076 -0.01700061
v -36.85483 -7.178076 -0.01700061
v -36.85483 -6.068241 0.2473597
v -37.22335 -5.84836 -0.6147141
v -37.22335 -6.958195 -0.8790791
v -36.8135 -4.816818 -1.495829
v -36.60566 -2.329079 -3.66421
v -36.41806 -2.609613 -4.019775
v -36.85483 -5.251011 -1.476792
v -36.79544 -4.271501 -1.507551
v -36.41806 -2.04854 -3.308644
v -36.60566 -2.329079 -3.66421
v -36.8135 -4.816818 -1.495829
v -35.96515 -1.932338 -3.161366
v -35.96515 -3.878619 -1.851303
v -35.13487 -4.271504 -1.507547
v -35.51225 -2.04854 -3.308644
v -35.11332 -4.853443 -1.494226
v -35.32465 -2.329079 -3.66421
v -35.51225 -2.04854 -3.308644
v -35.13487 -4.271504 -1.507547
v -35.07548 -5.251011 -1.476792
v -35.51225 -2.609613 -4.019775
v -35.32465 -2.329079 -3.66421
v -35.11332 -4.853443 -1.494226
v -34.70696 -6.958195 -0.8790791
v -34.70696 -5.84836 -0.6147141
v -35.07548 -6.068241 0.2473597
v -35.07548 -7.17808 -0.01700322
v -35.07548 -7.17808 -0.01700322
v -35.07548 -6.068241 0.2473597
v -35.96515 -6.159319 0.6044483
v -35.96515 -7.269155 0.3400811
v -35.96515 -7.269155 0.3400811
v -36.85483 -7.178076 -0.01700061
v -36.85483 -8.660779 0.01059732
v -35.96515 -8.660783 0.3791099
v -36.85483 -7.178076 -0.01700061
v -37.22335 -6.958195 -0.8790791
v -37.22335 -8.66078 -0.8790796
v -36.85483 -8.660779 0.01059732
v -36.85483 -6.738313 -1.741156
v -36.85483 -5.251011 -1.476792
v -35.96515 -5.537398 -1.833872
v -35.96515 -6.647234 -2.098234
v -35.96515 -1.932338 -3.161366
v -35.91044 0.7555671 -6.376606
v -36.36264 0.7390609 -6.808199
v -36.41806 -2.04854 -3.308644
v -35.51225 -2.04854 -3.308644
v -35.45707 0.7602037 -6.807262
v -35.91044 0.7555671 -6.376606
v -35.96515 -1.932338 -3.161366
v -35.51225 -2.609613 -4.019775
v -35.07548 -5.251011 -1.476792
v -35.96515 -5.537398 -1.833872
v -35.96515 -2.725812 -4.167055
v -34.70696 -6.958195 -0.8790791
v -35.07548 -7.17808 -0.01700322
v -35.07548 -8.660779 0.01059732
v -34.70696 -8.66078 -0.8790796
v -35.07548 -7.17808 -0.01700322
v -35.96515 -7.269155 0.3400811
v -35.96515 -8.660783 0.3791099
v -35.07548 -8.660779 0.01059732
v -37.22335 -6.958195 -0.8790791
v -36.85483 -6.738313 -1.741156
v -36.85483 -8.660781 -1.768754
v -37.22335 -8.66078 -0.8790796
v -36.85483 -6.738313 -1.741156
v -35.96515 -6.647234 -2.098234
v -35.96515 -8.660781 -2.137269
v -36.85483 -8.660781 -1.768754
v -36.85483 -5.251011 -1.476792
v -36.41806 -2.609613 -4.019775
v -35.96515 -2.725812 -4.167055
v -35.96515 -5.537398 -1.833872
v -36.60566 -2.329079 -3.66421
v -36.34404 -0.04343827 -7.134408
v -36.41806 -2.609613 -4.019775
v -36.53953 0.2787601 -6.820897
v -36.23434 2.861952 -11.43728
v -36.40805 3.078879 -11.1174
v -36.41806 -2.04854 -3.308644
v -36.36264 0.7390609 -6.808199
v -36.53953 0.2787601 -6.820897
v -36.60566 -2.329079 -3.66421
v -35.45707 0.7602037 -6.807262
v -35.51225 -2.04854 -3.308644
v -35.32465 -2.329079 -3.66421
v -35.25887 0.3086643 -6.819581
v -35.51225 -2.609613 -4.019775
v -35.25887 0.3086643 -6.819581
v -35.32465 -2.329079 -3.66421
v -35.43847 -0.02230027 -7.133469
v -35.30182 3.126849 -11.11054
v -35.45212 2.895869 -11.43243
v -35.96515 -2.725812 -4.167055
v -35.88796 -0.1681408 -7.263878
v -35.43847 -0.02230027 -7.133469
v -35.51225 -2.609613 -4.019775
v -35.07548 -6.738313 -1.741156
v -34.70696 -6.958195 -0.8790791
v -34.70696 -8.66078 -0.8790796
v -35.07548 -8.660781 -1.768754
v -35.07548 -5.251011 -1.476792
v -35.07548 -6.738313 -1.741156
v -35.96515 -6.647234 -2.098234
v -35.96515 -5.537398 -1.833872
v -36.85483 -8.660779 0.01059732
v -37.22335 -8.66078 -0.8790796
v -36.85483 -8.660781 -1.768754
v -35.96515 -8.660783 0.3791099
v -35.96515 -8.660781 -2.137269
v -35.07548 -8.660779 0.01059732
v -35.07548 -8.660781 -1.768754
v -34.70696 -8.66078 -0.8790796
v -35.91044 0.7555671 -6.376606
v -35.87148 3.419574 -10.66016
v -36.26324 3.470085 -11.02913
v -36.36264 0.7390609 -6.808199
v -35.45707 0.7602037 -6.807262
v -35.48103 3.504005 -11.02427
v -35.87148 3.419574 -10.66016
v -35.91044 0.7555671 -6.376606
v -35.25887 0.3086643 -6.819581
v -35.30182 3.126849 -11.11054
v -35.48103 3.504005 -11.02427
v -35.45707 0.7602037 -6.807262
v -35.88796 -0.1681408 -7.263878
v -35.96515 -2.725812 -4.167055
v -36.41806 -2.609613 -4.019775
v -36.34404 -0.04343827 -7.134408
v -35.07548 -8.660781 -1.768754
v -35.96515 -8.660781 -2.137269
v -35.96515 -6.647234 -2.098234
v -35.07548 -6.738313 -1.741156
v -35.88796 -0.1681408 -7.263878
v -35.83839 2.786146 -11.56777
v -35.45212 2.895869 -11.43243
v -35.43847 -0.02230027 -7.133469
v -36.40805 3.078879 -11.1174
v -36.53953 0.2787601 -6.820897
v -36.36264 0.7390609 -6.808199
v -36.26324 3.470085 -11.02913
v -35.87148 3.419574 -10.66016
v -35.94077 5.008302 -10.59533
v -36.22459 5.008452 -10.71418
v -36.26324 3.470085 -11.02913
v -35.48103 3.504005 -11.02427
v -35.65658 5.033084 -10.71066
v -35.94077 5.008302 -10.59533
v -35.87148 3.419574 -10.66016
v -35.54005 3.650363 -11.29121
v -35.48103 3.504005 -11.02427
v -35.30182 3.126849 -11.11054
v -35.47357 3.733075 -12.12625
v -35.5976 3.793029 -11.55142
v -35.45212 2.895869 -11.43243
v -35.57969 3.482884 -12.27053
v -35.47357 3.733075 -12.12625
v -35.30182 3.126849 -11.11054
v -35.83839 2.786146 -11.56777
v -35.88796 -0.1681408 -7.263878
v -36.34404 -0.04343827 -7.134408
v -36.23434 2.861952 -11.43728
v -35.85892 3.369047 -12.33176
v -36.1477 3.45825 -12.27406
v -35.83839 2.786146 -11.56777
v -35.85892 3.369047 -12.33176
v -35.57969 3.482884 -12.27053
v -35.45212 2.895869 -11.43243
v -36.40805 3.078879 -11.1174
v -36.27686 3.69825 -12.13122
v -36.1477 3.45825 -12.27406
v -36.23434 2.861952 -11.43728
v -36.40805 3.078879 -11.1174
v -36.26324 3.470085 -11.02913
v -36.2133 3.62268 -11.29809
v -36.27686 3.69825 -12.13122
v -36.16561 3.768401 -11.55495
v -35.65658 5.033084 -10.71066
v -35.48103 3.504005 -11.02427
v -35.54005 3.650363 -11.29121
v -35.53849 5.068296 -10.9926
v -36.26324 3.470085 -11.02913
v -36.22459 5.008452 -10.71418
v -36.34178 5.033463 -10.99758
v -36.2133 3.62268 -11.29809
v -36.03088 7.060046 -10.41052
v -36.22459 5.008452 -10.71418
v -35.94077 5.008302 -10.59533
v -36.16049 7.050462 -10.46584
v -36.29457 7.041755 -10.52141
v -35.75677 6.906296 -10.53314
v -35.94077 5.008302 -10.59533
v -35.65658 5.033084 -10.71066
v -35.89658 6.985318 -10.46977
v -36.03088 7.060046 -10.41052
v -35.63079 6.666414 -10.82252
v -35.65658 5.033084 -10.71066
v -35.53849 5.068296 -10.9926
v -35.70146 6.802093 -10.65865
v -35.75677 6.906296 -10.53314
v -35.53849 5.068296 -10.9926
v -35.54005 3.650363 -11.29121
v -35.5976 3.793029 -11.55142
v -35.65568 5.093306 -11.27601
v -35.57367 5.407306 -14.9926
v -35.47357 3.733075 -12.12625
v -35.57969 3.482884 -12.27053
v -35.67925 5.41753 -15.49552
v -35.6458 5.481871 -15.43319
v -35.85892 3.369047 -12.33176
v -35.92403 5.333599 -15.56946
v -35.67925 5.41753 -15.49552
v -35.57969 3.482884 -12.27053
v -36.1477 3.45825 -12.27406
v -36.17604 5.395986 -15.49861
v -35.92403 5.333599 -15.56946
v -35.85892 3.369047 -12.33176
v -36.27686 3.69825 -12.13122
v -36.28767 5.568137 -15.32445
v -36.17604 5.395986 -15.49861
v -36.1477 3.45825 -12.27406
v -35.66968 6.59614 -10.93193
v -35.63079 6.666414 -10.82252
v -35.53849 5.068296 -10.9926
v -35.73054 6.479993 -11.11166
v -35.65568 5.093306 -11.27601
v -35.57367 5.407306 -14.9926
v -35.58647 5.401657 -14.90903
v -35.5976 3.793029 -11.55142
v -35.47357 3.733075 -12.12625
v -36.19955 5.600817 -14.93069
v -36.24424 5.651667 -15.24353
v -36.28767 5.568137 -15.32445
v -36.27686 3.69825 -12.13122
v -36.19128 5.589912 -14.86
v -36.19955 5.600817 -14.93069
v -36.27686 3.69825 -12.13122
v -36.16561 3.768401 -11.55495
v -36.2133 3.62268 -11.29809
v -36.34178 5.033463 -10.99758
v -36.22369 5.068678 -11.27953
v -36.16561 3.768401 -11.55495
v -36.29457 7.041755 -10.52141
v -36.34178 5.033463 -10.99758
v -36.22459 5.008452 -10.71418
v -36.34777 6.947074 -10.66908
v -36.39717 6.861519 -10.80295
v -35.65568 5.093306 -11.27601
v -35.5976 3.793029 -11.55142
v -35.88992 3.978958 -11.59791
v -35.9395 5.093469 -11.39485
v -35.82597 6.473894 -11.15107
v -35.73054 6.479993 -11.11166
v -35.65568 5.093306 -11.27601
v -35.99984 6.460683 -11.22577
v -35.9395 5.093469 -11.39485
v -35.93483 5.624907 -15.86434
v -35.68276 5.512191 -15.59135
v -35.67925 5.41753 -15.49552
v -35.92403 5.333599 -15.56946
v -36.18727 5.698986 -15.80532
v -35.93483 5.624907 -15.86434
v -35.92403 5.333599 -15.56946
v -36.17604 5.395986 -15.49861
v -36.29222 5.69103 -15.44886
v -36.18727 5.698986 -15.80532
v -36.17604 5.395986 -15.49861
v -36.28767 5.568137 -15.32445
v -35.67686 5.374161 -14.42515
v -35.73781 5.389793 -14.3916
v -35.88992 3.978958 -11.59791
v -35.5976 3.793029 -11.55142
v -35.93657 5.449303 -14.35529
v -35.98598 5.478621 -14.47069
v -36.16561 3.768401 -11.55495
v -35.88992 3.978958 -11.59791
v -36.39717 6.861519 -10.80295
v -36.22369 5.068678 -11.27953
v -36.34178 5.033463 -10.99758
v -36.3278 6.720901 -10.97404
v -36.27679 6.620615 -11.09556
v -35.9395 5.093469 -11.39485
v -35.88992 3.978958 -11.59791
v -36.16561 3.768401 -11.55495
v -36.22369 5.068678 -11.27953
v -36.10154 6.518719 -11.1789
v -35.99984 6.460683 -11.22577
v -35.9395 5.093469 -11.39485
v -36.27679 6.620615 -11.09556
v -36.22369 5.068678 -11.27953
f 5163 5164 5165
f 5166 5167 5168
f 5169 5170 5171
f 5172 5173 5174
f 5175 5176 5177
f 5178 5179 5180
f 5181 5182 5183
f 5184 5185 5186
f 5187 5188 5189
f 5190 5191 5192
f 5193 5194 5195
f 5196 5197 5198
f 5199 5200 5201
f 5202 5203 5204
f 5205 5206 5207
f 5208 5209 5210
f 5211 5212 5213
f 5214 5215 5216
f 5217 5218 5219
f 5220 5221 5222
f 5223 5224 5225
f 5226 5227 5228
f 5229 5230 5231
f 5232 5233 5234
f 5235 5236 5237
f 5238 5239 5240
f 5241 5242 5243
f 5244 5245 5246
f 5247 5248 5249
f 5250 5251 5252
f 5253 5254 5255
f 5256 5257 5258
f 5259 5260 5261
f 5262 5263 5264
f 5265 5266 5267
f 5268 5269 5270
f 5271 5272 5273
f 5274 5275 5276
f 5274 5276 5277
f 5277 5278 5274
f 5279 5274 5278
f 5278 5280 5279
f 5278 5281 5280
f 5278 5282 5281
f 5278 5283 5282
f 5278 5284 5283
f 5278 5285 5284
f 5278 5286 5285
f 5287 5284 5285
f 5287 5285 5288
f 5289 5285 5286
f 5287 5288 5290
f 5291 5287 5290
f 5292 5289 5286
f 5293 5291 5290
f 5293 5290 5294
f 5295 5292 5286
f 5293 5294 5296
f 5296 5297 5293
f 5298 5297 5296
f 5298 5296 5299
f 5300 5298 5299
f 5300 5299 5301
f 5302 5300 5301
f 5302 5301 5303
f 5276 5302 5303
f 5303 5304 5276
f 5286 5305 5295
f 5306 5305 5286
f 5307 5306 5286
f 5276 5304 5277
f 5307 5286 5277
f 5277 5304 5308
f 5308 5307 5277
f 5309 5310 5311
f 5312 5309 5311
f 5313 5312 5311
f 5314 5312 5313
f 5315 5314 5313
f 5313 5316 5315
f 5317 5315 5316
f 5316 5318 5317
f 5316 5319 5318
f 5320 5319 5316
f 5321 5320 5316
f 5322 5321 5316
f 5316 5323 5322
f 5324 5313 5311
f 5323 5316 5324
f 5311 5323 5324
f 5311 5325 5323
f 5326 5327 5328
f 5327 5329 5328
f 5329 5330 5328
f 5330 5331 5328
f 5328 5331 5332
f 5332 5333 5328
f 5333 5334 5328
f 5334 5335 5328
f 5336 5328 5335
f 5328 5337 5326
f 5338 5326 5337
f 5339 5338 5337
f 5337 5336 5339
f 5336 5335 5340
f 5336 5341 5339
f 5336 5340 5342
f 5343 5341 5336
f 5336 5342 5344
f 5336 5344 5343
f 5345 5346 5347
f 5348 5349 5350
f 5351 5352 5353
f 5354 5355 5356
f 5357 5358 5359
f 5360 5361 5362
f 5363 5364 5365
f 5366 5367 5368
f 5369 5370 5371
f 5372 5373 5374
f 5373 5375 5374
f 5373 5376 5375
f 5377 5378 5379
f 5377 5379 5380
f 5381 5377 5380
f 5382 5383 5384
f 5382 5384 5385
f 5386 5382 5385
f 5387 5388 5389
f 5387 5389 5390
f 5391 5392 5393
f 5391 5393 5394
f 5395 5396 5397
f 5395 5397 5398
f 5399 5400 5401
f 5400 5402 5401
f 5400 5403 5402
f 5404 5405 5406
f 5404 5406 5407
f 5408 5404 5407
f 5409 5410 5411
f 5409 5411 5412
f 5413 5409 5412
f 5414 5415 5416
f 5414 5416 5417
f 5418 5419 5420
f 5418 5420 5421
f 5422 5418 5421
f 5423 5424 5425
f 5424 5426 5425
f 5424 5427 5426
f 5428 5429 5430
f 5430 5431 5428
f 5430 5432 5431
f 5433 5434 5435
f 5433 5435 5436
f 5437 5438 5439
f 5437 5439 5440
f 5441 5442 5443
f 5442 5444 5443
f 5442 5445 5444
f 5446 5447 5448
f 5446 5448 5449
f 5450 5446 5449
f 5451 5452 5453
f 5451 5453 5454
f 5455 5456 5457
f 5455 5457 5458
f 5459 5460 5461
f 5461 5462 5459
f 5462 5463 5459
f 5464 5465 5466
f 5465 5467 5466
f 5465 5468 5467
f 5469 5470 5471
f 5469 5471 5472
f 5473 5474 5475
f 5473 5475 5476
f 5477 5478 5479
f 5477 5479 5480
f 5481 5482 5483
f 5481 5483 5484
f 5485 5486 5487
f 5485 5487 5488
f 5489 5490 5491
f 5489 5491 5492
f 5493 5494 5495
f 5493 5495 5496
f 5497 5498 5499
f 5497 5499 5500
f 5501 5497 5500
f 5502 5503 5504
f 5502 5504 5505
f 5506 5507 5508
f 5506 5508 5509
f 5510 5511 5512
f 5510 5512 5513
f 5514 5515 5516
f 5514 5516 5517
f 5518 5519 5520
f 5518 5520 5521
f 5522 5523 5524
f 5522 5524 5525
f 5526 5527 5528
f 5526 5528 5529
f 5530 5531 5532
f 5530 5532 5533
f 5534 5535 5536
f 5534 5536 5537
f 5538 5539 5540
f 5538 5540 5541
f 5542 5543 5544
f 5542 5544 5545
f 5546 5547 5548
f 5546 5548 5549
f 5550 5551 5552
f 5550 5552 5553
f 5554 5555 5556
f 5554 5556 5557
f 5558 5559 5560
f 5558 5560 5561
f 5562 5563 5564
f 5562 5564 5565
f 5566 5567 5568
f 5566 5568 5569
f 5570 5571 5572
f 5573 5570 5572
f 5572 5574 5573
f 5572 5575 5574
f 5572 5576 5575
f 5577 5578 5579
f 5577 5579 5580
f 5581 5582 5583
f 5581 5583 5584
f 5585 5586 5587
f 5585 5587 5588
f 5588 5589 5585
f 5589 5590 5585
f 5589 5591 5590
f 5592 5593 5594
f 5592 5594 5595
f 5596 5597 5598
f 5596 5598 5599
f 5600 5601 5602
f 5600 5602 5603
f 5604 5605 5606
f 5604 5606 5607
f 5608 5609 5610
f 5608 5610 5611
f 5612 5613 5614
f 5612 5614 5615
f 5616 5617 5618
f 5616 5618 5619
f 5620 5621 5622
f 5620 5622 5623
f 5624 5625 5626
f 5624 5626 5627
f 5628 5629 5630
f 5628 5630 5631
f 5632 5633 5634
f 5632 5634 5635
f 5636 5637 5638
f 5636 5638 5639
f 5640 5641 5642
f 5640 5642 5643
f 5644 5645 5646
f 5644 5646 5647
f 5648 5649 5650
f 5648 5650 5651
f 5652 5653 5654
f 5652 5654 5655
f 5656 5657 5658
f 5656 5658 5659
f 5660 5661 5662
f 5660 5662 5663
f 5664 5665 5666
f 5664 5666 5667
f 5668 5669 5670
f 5668 5670 5671
f 5672 5673 5674
f 5672 5674 5675
f 5676 5677 5678
f 5676 5678 5679
f 5680 5681 5682
f 5680 5682 5683
f 5684 5685 5686
f 5684 5687 5685
f 5687 5688 5685
f 5687 5689 5688
f 5690 5691 5692
f 5690 5692 5693
f 5694 5695 5696
f 5694 5696 5697
f 5698 5699 5700
f 5698 5701 5699
f 5702 5699 5701
f 5702 5701 5703
f 5704 5705 5706
f 5704 5706 5707
f 5708 5709 5710
f 5708 5710 5711
f 5712 5713 5714
f 5712 5714 5715
f 5716 5717 5718
f 5718 5719 5716
f 5718 5720 5719
f 5720 5721 5719
f 5720 5722 5721
f 5722 5723 5721
f 5724 5725 5726
f 5724 5726 5727
f 5728 5729 5730
f 5728 5730 5731
f 5732 5733 5734
f 5732 5734 5735
f 5736 5737 5738
f 5736 5738 5739
f 5740 5741 5742
f 5740 5742 5743
f 5744 5745 5746
f 5744 5746 5747
f 5748 5749 5750
f 5748 5750 5751
f 5752 5753 5754
f 5752 5754 5755
f 5756 5757 5758
f 5756 5758 5759
f 5760 5761 5762
f 5762 5763 5760
f 5763 5764 5760
f 5765 5766 5767
f 5765 5767 5768
f 5769 5770 5771
f 5769 5771 5772
f 5772 5773 5769
f 5772 5774 5773
f 5775 5776 5777
f 5775 5777 5778
f 5779 5780 5781
f 5779 5781 5782
f 5783 5784 5785
f 5785 5786 5783
f 5785 5787 5786
f 5788 5789 5790
f 5788 5790 5791
f 5792 5793 5794
f 5792 5794 5795
f 5796 5797 5798
f 5796 5799 5797
f 5799 5800 5797
f 5801 5802 5803
f 5801 5804 5802
f 5804 5805 5802
f 5806 5807 5808
f 5806 5809 5807
f 5809 5810 5807
f 5811 5812 5813
f 5811 5813 5814
f 5815 5816 5817
f 5817 5818 5815
f 5818 5819 5815
f 5820 5821 5822
f 5820 5822 5823
f 5824 5825 5826
f 5824 5826 5827
f 5828 5829 5830
f 5828 5830 5831
f 5832 5833 5834
f 5835 5832 5834
f 5835 5834 5836
f 5837 5838 5839
f 5837 5839 5840
f 5841 5842 5843
f 5841 5843 5844
f 5845 5846 5847
f 5845 5847 5848
f 5849 5850 5851
f 5849 5851 5852
f 5853 5854 5855
f 5853 5856 5854
f 5856 5857 5854
f 5858 5859 5860
f 5858 5860 5861
f 5862 5863 5864
f 5865 5862 5864
f 5865 5864 5866
f 5867 5868 5869
f 5867 5869 5870
f 5871 5872 5873
f 5871 5873 5874
f 5875 5876 5877
f 5875 5877 5878
f 5879 5880 5881
f 5879 5881 5882
f 5883 5884 5885
f 5883 5885 5886
f 5887 5888 5889
f 5887 5890 5888
f 5890 5891 5888
f 5892 5893 5894
f 5892 5894 5895
f 5896 5897 5898
f 5899 5896 5898
f 5899 5898 5900
v -10.43027 -7 -29.31828
v -14.18172 -7 -27.93027
v -10.43027 2.375 -29.31828
v -14.18172 2.375 -27.93027
v -11.81828 2.375 -33.06973
v -15.56973 2.375 -31.68172
v -11.81828 -7 -33.06973
v -15.56973 -7 -31.68172
v -10.43027 2.375 -29.31828
v -14.18172 2.375 -27.93027
v -11.81828 2.375 -33.06973
v -15.56973 2.375 -31.68172
v -11.81828 -7 -33.06973
v -10.43027 -7 -29.31828
v -14.18172 -7 -27.93027
v -15.56973 -7 -31.68172
v -14.18172 -7 -27.93027
v -14.18172 2.375 -27.93027
v -15.56973 2.375 -31.68172
v -15.56973 -7 -31.68172
v -11.81828 -7 -33.06973
v -11.81828 2.375 -33.06973
v -10.43027 2.375 -29.31828
v -10.43027 -7 -29.31828
f 5901 5903 5904
f 5901 5904 5902
f 5909 5905 5906
f 5909 5906 5910
f 5911 5907 5908
f 5911 5908 5912
f 5913 5914 5915
f 5913 5915 5916
f 5917 5918 5919
f 5917 5919 5920
f 5921 5922 5923
f 5921 5923 5924
v -13.43359 21.33992 139.3376
v 13.88197 21.33992 139.3618
v -13.43602 21.33992 142.0714
v 13.87954 21.33992 142.0957
v -13.43602 5.260078 142.0714
v 13.87954 5.260077 142.0957
v -13.43359 5.260077 139.3376
v 13.88197 5.260076 139.3618
v -13.43602 21.33992 142.0714
v 13.87954 21.33992 142.0957
v -13.43602 5.260078 142.0714
v 13.87954 5.260077 142.0957
v -13.43359 5.260077 139.3376
v -13.43359 21.33992 139.3376
v 13.88197 21.33992 139.3618
v 13.88197 5.260076 139.3618
v 13.88197 21.33992 139.3618
v 13.87954 21.33992 142.0957
v 13.87954 5.260077 142.0957
v 13.88197 5.260076 139.3618
v -13.43359 5.260077 139.3376
v -13.43602 5.260078 142.0714
v -13.43602 21.33992 142.0714
v -13.43359 21.33992 139.3376
f 5925 5927 5928
f 5925 5928 5926
f 5933 5929 5930
f 5933 5930 5934
f 5935 5931 5932
f 5935 5932 5936
f 5937 5938 5939
f 5937 5939 5940
f 5941 5942 5943
f 5941 5943 5944
f 5945 5946 5947
f 5945 5947 5948
v 53.57089 31.83446 -4.745167
v 57.62558 13.71592 -4.74516
v 55.38427 32.24027 -4.743681
v 59.43896 14.12173 -4.743674
v 55.37574 32.23837 6.185964
v 59.43044 14.11983 6.18597
v 53.56236 31.83255 6.184478
v 57.61706 13.71401 6.184485
v 55.38427 32.24027 -4.743681
v 59.43896 14.12173 -4.743674
v 55.37574 32.23837 6.185964
v 59.43044 14.11983 6.18597
v 53.56236 31.83255 6.184478
v 53.57089 31.83446 -4.745167
v 57.62558 13.71592 -4.74516
v 57.61706 13.71401 6.184485
v 57.62558 13.71592 -4.74516
v 59.43896 14.12173 -4.743674
v 59.43044 14.11983 6.18597
v 57.61706 13.71401 6.184485
v 53.56236 31.83255 6.184478
v 55.37574 32.23837 6.185964
v 55.38427 32.24027 -4.743681
v 53.57089 31.83446 -4.745167
f 5949 5951 5952
f 5949 5952 5950
f 5957 5953 5954
f 5957 5954 5958
f 5959 5955 5956
f 5959 5956 5960
f 5961 5962 5963
f 5961 5963 5964
f 5965 5966 5967
f 5965 5967 5968
f 5969 5970 5971
f 5969 5971 5972
v -5.265183 32.90911 -38.80711
v -5.265172 14.68936 -42.37964
v -5.263632 33.26666 -40.63062
v -5.263621 15.04692 -44.20315
v 5.666011 33.26491 -40.62167
v 5.666022 15.04517 -44.1942
v 5.66446 32.90736 -38.79816
v 5.664471 14.68761 -42.37069
v -5.263632 33.26666 -40.63062
v -5.263621 15.04692 -44.20315
v 5.666011 33.26491 -40.62167
v 5.666022 15.04517 -44.1942
v 5.66446 32.90736 -38.79816
v -5.265183 32.90911 -38.80711
v -5.265172 14.68936 -42.37964
v 5.664471 14.68761 -42.37069
v -5.265172 14.68936 -42.37964
v -5.263621 15.04692 -44.20315
v 5.666022 15.04517 -44.1942
v 5.664471 14.68761 -42.37069
v 5.66446 32.90736 -38.79816
v 5.666011 33.26491 -40.62167
v -5.263632 33.26666 -40.63062
v -5.265183 32.90911 -38.80711
f 5973 5975 5976
f 5973 5976 5974
f 5981 5977 5978
f 5981 5978 5982
f 5983 5979 5980
f 5983 5980 5984
f 5985 5986 5987
f 5985 5987 5988
f 5989 5990 5991
f 5989 5991 5992
f 5993 5994 5995
f 5993 5995 5996
v 5.66469 30.92935 43.87519
v 5.66468 12.68293 47.30887
v 5.66315 31.27301 45.70137
v 5.663139 13.02659 49.13505
v -5.266495 31.27134 45.69246
v -5.266506 13.02492 49.12614
v -5.264954 30.92768 43.86628
v -5.264965 12.68126 47.29996
v 5.66315 31.27301 45.70137
v 5.663139 13.02659 49.13505
v -5.266495 31.27134 45.69246
v -5.266506 13.02492 49.12614
v -5.264954 30.92768 43.86628
v 5.66469 30.92935 43.87519
v 5.66468 12.68293 47.30887
v -5.264965 12.68126 47.29996
v 5.66468 12.68293 47.30887
v 5.663139 13.02659 49.13505
v -5.266506 13.02492 49.12614
v -5.264965 12.68126 47.29996
v -5.264954 30.92768 43.86628
v -5.266495 31.27134 45.69246
v 5.66315 31.27301 45.70137
v 5.66469 30.92935 43.87519
f 5997 5999 6000
f 5997 6000 5998
f 6005 6001 6002
f 6005 6002 6006
f 6007 6003 6004
f 6007 6004 6008
f 6009 6010 6011
f 6009 6011 6012
f 6013 6014 6015
f 6013 6015 6016
f 6017 6018 6019
f 6017 6019 6020
v 19.5 -0.5162815 20.48354
v 16.5 -0.5162815 20.48354
v 19.5 2.48354 20.51628
v 16.5 2.48354 20.51628
v 19.5 2.516282 17.51646
v 16.5 2.516282 17.51646
v 19.5 -0.4835399 17.48372
v 16.5 -0.4835399 17.48372
v 19.5 2.48354 20.51628
v 16.5 2.48354 20.51628
v 19.5 2.516282 17.51646
v 16.5 2.516282 17.51646
v 19.5 -0.4835399 17.48372
v 19.5 -0.5162815 20.48354
v 16.5 -0.5162815 20.48354
v 16.5 -0.4835399 17.48372
v 16.5 -0.5162815 20.48354
v 16.5 2.48354 20.51628
v 16.5 2.516282 17.51646
v 16.5 -0.4835399 17.48372
v 19.5 -0.4835399 17.48372
v 19.5 2.516282 17.51646
v 19.5 2.48354 20.51628
v 19.5 -0.5162815 20.48354
f 6021 6023 6024
f 6021 6024 6022
f 6029 6025 6026
f 6029 6026 6030
f 6031 6027 6028
f 6031 6028 6032
f 6033 6034 6035
f 6033 6035 6036
f 6037 6038 6039
f 6037 6039 6040
f 6041 6042 6043
f 6041 6043 6044
v 16.92034 -6.28 -5.598727
v 14.09873 -6.28 -4.579659
v 16.92034 -4.28 -5.598727
v 14.09873 -4.28 -4.579659
v 15.90127 -4.28 -8.420341
v 13.07966 -4.28 -7.401273
v 15.90127 -6.28 -8.420341
v 13.07966 -6.28 -7.401273
v 16.92034 -4.28 -5.598727
v 14.09873 -4.28 -4.579659
v 15.90127 -4.28 -8.420341
v 13.07966 -4.28 -7.401273
v 15.90127 -6.28 -8.420341
v 16.92034 -6.28 -5.598727
v 14.09873 -6.28 -4.579659
v 13.07966 -6.28 -7.401273
v 14.09873 -6.28 -4.579659
v 14.09873 -4.28 -4.579659
v 13.07966 -4.28 -7.401273
v 13.07966 -6.28 -7.401273
v 15.90127 -6.28 -8.420341
v 15.90127 -4.28 -8.420341
v 16.92034 -4.28 -5.598727
v 16.92034 -6.28 -5.598727
f 6045 6047 6048
f 6045 6048 6046
f 6053 6049 6050
f 6053 6050 6054
f 6055 6051 6052
f 6055 6052 6056
f 6057 6058 6059
f 6057 6059 6060
f 6061 6062 6063
f 6061 6063 6064
f 6065 6066 6067
f 6065 6067 6068
v 24.57956 -6.26 0.04061496
v 21.95938 -6.26 -1.420439
v 24.57956 -4.26 0.04061496
v 21.95938 -4.26 -1.420439
v 26.04062 -4.26 -2.579561
v 23.42044 -4.26 -4.040615
v 26.04062 -6.26 -2.579561
v 23.42044 -6.26 -4.040615
v 24.57956 -4.26 0.04061496
v 21.95938 -4.26 -1.420439
v 26.04062 -4.26 -2.579561
v 23.42044 -4.26 -4.040615
v 26.04062 -6.26 -2.579561
v 24.57956 -6.26 0.04061496
v 21.95938 -6.26 -1.420439
v 23.42044 -6.26 -4.040615
v 21.95938 -6.26 -1.420439
v 21.95938 -4.26 -1.420439
v 23.42044 -4.26 -4.040615
v 23.42044 -6.26 -4.040615
v 26.04062 -6.26 -2.579561
v 26.04062 -4.26 -2.579561
v 24.57956 -4.26 0.04061496
v 24.57956 -6.26 0.04061496
f 6069 6071 6072
f 6069 6072 6070
f 6077 6073 6074
f 6077 6074 6078
f 6079 6075 6076
f 6079 6076 6080
f 6081 6082 6083
f 6081 6083 6084
f 6085 6086 6087
f 6085 6087 6088
f 6089 6090 6091
f 6089 6091 6092
v -7.49633 9.999998 -4.611412
v -8.741832 9.999998 -6.176252
v -7.49633 12 -4.611412
v -8.741832 12 -6.176252
v -5.931489 12 -5.856913
v -7.176991 12 -7.421753
v -5.931489 9.999998 -5.856913
v -7.176991 9.999998 -7.421753
v -7.49633 12 -4.611412
v -8.741832 12 -6.176252
v -5.931489 12 -5.856913
v -7.176991 12 -7.421753
v -5.931489 9.999998 -5.856913
v -7.49633 9.999998 -4.611412
v -8.741832 9.999998 -6.176252
v -7.176991 9.999998 -7.421753
v -8.741832 9.999998 -6.176252
v -8.741832 12 -6.176252
v -7.176991 12 -7.421753
v -7.176991 9.999998 -7.421753
v -5.931489 9.999998 -5.856913
v -5.931489 12 -5.856913
v -7.49633 12 -4.611412
v -7.49633 9.999998 -4.611412
f 6093 6095 6096
f 6093 6096 6094
f 6101 6097 6098
f 6101 6098 6102
f 6103 6099 6100
f 6103 6100 6104
f 6105 6106 6107
f 6105 6107 6108
f 6109 6110 6111
f 6109 6111 6112
f 6113 6114 6115
f 6113 6115 6116
v 15.41045 23 1.396894
v 14.10311 23 2.91045
v 15.41045 25 1.396894
v 14.10311 25 2.91045
v 13.89689 25 0.08955002
v 12.58955 25 1.603106
v 13.89689 23 0.08955002
v 12.58955 23 1.603106
v 15.41045 25 1.396894
v 14.10311 25 2.91045
v 13.89689 25 0.08955002
v 12.58955 25 1.603106
v 13.89689 23 0.08955002
v 15.41045 23 1.396894
v 14.10311 23 2.91045
v 12.58955 23 1.603106
v 14.10311 23 2.91045
v 14.10311 25 2.91045
v 12.58955 25 1.603106
v 12.58955 23 1.603106
v 13.89689 23 0.08955002
v 13.89689 25 0.08955002
v 15.41045 25 1.396894
v 15.41045 23 1.396894
f 6117 6119 6120
f 6117 6120 6118
f 6125 6121 6122
f 6125 6122 6126
f 6127 6123 6124
f 6127 6124 6128
f 6129 6130 6131
f 6129 6131 6132
f 6133 6134 6135
f 6133 6135 6136
f 6137 6138 6139
f 6137 6139 6140
v -3.225314 -7 -30.45126
v -6.54874 -7 -28.22531
v -3.225314 -3 -30.45126
v -6.54874 -3 -28.22531
v -5.45126 -3 -33.77468
v -8.774686 -3 -31.54874
v -5.45126 -7 -33.77468
v -8.774686 -7 -31.54874
v -3.225314 -3 -30.45126
v -6.54874 -3 -28.22531
v -5.45126 -3 -33.77468
v -8.774686 -3 -31.54874
v -5.45126 -7 -33.77468
v -3.225314 -7 -30.45126
v -6.54874 -7 -28.22531
v -8.774686 -7 -31.54874
v -6.54874 -7 -28.22531
v -6.54874 -3 -28.22531
v -8.774686 -3 -31.54874
v -8.774686 -7 -31.54874
v -5.45126 -7 -33.77468
v -5.45126 -3 -33.77468
v -3.225314 -3 -30.45126
v -3.225314 -7 -30.45126
f 6141 6143 6144
f 6141 6144 6142
f 6149 6145 6146
f 6149 6146 6150
f 6151 6147 6148
f 6151 6148 6152
f 6153 6154 6155
f 6153 6155 6156
f 6157 6158 6159
f 6157 6159 6160
f 6161 6162 6163
f 6161 6163 6164
v -21 2.5 -21
v -24 2.5 -21
v -21 5.5 -21
v -24 5.5 -21
v -21 5.5 -24
v -24 5.5 -24
v -21 2.5 -24
v -24 2.5 -24
v -21 5.5 -21
v -24 5.5 -21
v -21 5.5 -24
v -24 5.5 -24
v -21 2.5 -24
v -21 2.5 -21
v -24 2.5 -21
v -24 2.5 -24
v -24 2.5 -21
v -24 5.5 -21
v -24 5.5 -24
v -24 2.5 -24
v -21 2.5 -24
v -21 5.5 -24
v -21 5.5 -21
v -21 2.5 -21
f 6165 6167 6168
f 6165 6168 6166
f 6173 6169 6170
f 6173 6170 6174
f 6175 6171 6172
f 6175 6172 6176
f 6177 6178 6179
f 6177 6179 6180
f 6181 6182 6183
f 6181 6183 6184
f 6185 6186 6187
f 6185 6187 6188
v -10.61233 -7 -23.9144
v -13.0856 -7 -25.61233
v -10.61233 -4 -23.9144
v -13.0856 -4 -25.61233
v -8.914404 -4 -26.38767
v -11.38767 -4 -28.0856
v -8.914404 -7 -26.38767
v -11.38767 -7 -28.0856
v -10.61233 -4 -23.9144
v -13.0856 -4 -25.61233
v -8.914404 -4 -26.38767
v -11.38767 -4 -28.0856
v -8.914404 -7 -26.38767
v -10.61233 -7 -23.9144
v -13.0856 -7 -25.61233
v -11.38767 -7 -28.0856
v -13.0856 -7 -25.61233
v -13.0856 -4 -25.61233
v -11.38767 -4 -28.0856
v -11.38767 -7 -28.0856
v -8.914404 -7 -26.38767
v -8.914404 -4 -26.38767
v -10.61233 -4 -23.9144
v -10.61233 -7 -23.9144
f 6189 6191 6192
f 6189 6192 6190
f 6197 6193 6194
f 6197 6194 6198
f 6199 6195 6196
f 6199 6196 6200
f 6201 6202 6203
f 6201 6203 6204
f 6205 6206 6207
f 6205 6207 6208
f 6209 6210 6211
f 6209 6211 6212
v 28.39436 -6.5 -6.494337
v 24.49434 -6.5 -5.605636
v 28.39436 -2.5 -6.494337
v 24.49434 -2.5 -5.605636
v 27.50566 -2.5 -10.39436
v 23.60564 -2.5 -9.505664
v 27.50566 -6.5 -10.39436
v 23.60564 -6.5 -9.505664
v 28.39436 -2.5 -6.494337
v 24.49434 -2.5 -5.605636
v 27.50566 -2.5 -10.39436
v 23.60564 -2.5 -9.505664
v 27.50566 -6.5 -10.39436
v 28.39436 -6.5 -6.494337
v 24.49434 -6.5 -5.605636
v 23.60564 -6.5 -9.505664
v 24.49434 -6.5 -5.605636
v 24.49434 -2.5 -5.605636
v 23.60564 -2.5 -9.505664
v 23.60564 -6.5 -9.505664
v 27.50566 -6.5 -10.39436
v 27.50566 -2.5 -10.39436
v 28.39436 -2.5 -6.494337
v 28.39436 -6.5 -6.494337
f 6213 6215 6216
f 6213 6216 6214
f 6221 6217 6218
f 6221 6218 6222
f 6223 6219 6220
f 6223 6220 6224
f 6225 6226 6227
f 6225 6227 6228
f 6229 6230 6231
f 6229 6231 6232
f 6233 6234 6235
f 6233 6235 6236
v 15.5 -3.516311 14.489
v 12.5 -3.516311 14.489
v 15.5 -1.51643 14.51082
v 12.5 -1.51643 14.51082
v 15.5 -1.483689 11.511
v 12.5 -1.483689 11.511
v 15.5 -3.48357 11.48918
v 12.5 -3.48357 11.48918
v 15.5 -1.51643 14.51082
v 12.5 -1.51643 14.51082
v 15.5 -1.483689 11.511
v 12.5 -1.483689 11.511
v 15.5 -3.48357 11.48918
v 15.5 -3.516311 14.489
v 12.5 -3.516311 14.489
v 12.5 -3.48357 11.48918
v 12.5 -3.516311 14.489
v 12.5 -1.51643 14.51082
v 12.5 -1.483689 11.511
v 12.5 -3.48357 11.48918
v 15.5 -3.48357 11.48918
v 15.5 -1.483689 11.511
v 15.5 -1.51643 14.51082
v 15.5 -3.516311 14.489
f 6237 6239 6240
f 6237 6240 6238
f 6245 6241 6242
f 6245 6242 6246
f 6247 6243 6244
f 6247 6244 6248
f 6249 6250 6251
f 6249 6251 6252
f 6253 6254 6255
f 6253 6255 6256
f 6257 6258 6259
f 6257 6259 6260
v -2.45795 -7 -16.18217
v -4.797832 -7 -12.93795
v -2.45795 -3 -16.18217
v -4.797832 -3 -12.93795
v -5.702168 -3 -18.52205
v -8.04205 -3 -15.27783
v -5.702168 -7 -18.52205
v -8.04205 -7 -15.27783
v -2.45795 -3 -16.18217
v -4.797832 -3 -12.93795
v -5.702168 -3 -18.52205
v -8.04205 -3 -15.27783
v -5.702168 -7 -18.52205
v -2.45795 -7 -16.18217
v -4.797832 -7 -12.93795
v -8.04205 -7 -15.27783
v -4.797832 -7 -12.93795
v -4.797832 -3 -12.93795
v -8.04205 -3 -15.27783
v -8.04205 -7 -15.27783
v -5.702168 -7 -18.52205
v -5.702168 -3 -18.52205
v -2.45795 -3 -16.18217
v -2.45795 -7 -16.18217
f 6261 6263 6264
f 6261 6264 6262
f 6269 6265 6266
f 6269 6266 6270
f 6271 6267 6268
f 6271 6268 6272
f 6273 6274 6275
f 6273 6275 6276
f 6277 6278 6279
f 6277 6279 6280
f 6281 6282 6283
f 6281 6283 6284
v -0.7650276 -7 -22.2662
v -4.733802 -7 -22.76503
v -0.7650276 -3 -22.2662
v -4.733802 -3 -22.76503
v -0.266198 -3 -26.23497
v -4.234972 -3 -26.7338
v -0.266198 -7 -26.23497
v -4.234972 -7 -26.7338
v -0.7650276 -3 -22.2662
v -4.733802 -3 -22.76503
v -0.266198 -3 -26.23497
v -4.234972 -3 -26.7338
v -0.266198 -7 -26.23497
v -0.7650276 -7 -22.2662
v -4.733802 -7 -22.76503
v -4.234972 -7 -26.7338
v -4.733802 -7 -22.76503
v -4.733802 -3 -22.76503
v -4.234972 -3 -26.7338
v -4.234972 -7 -26.7338
v -0.266198 -7 -26.23497
v -0.266198 -3 -26.23497
v -0.7650276 -3 -22.2662
v -0.7650276 -7 -22.2662
f 6285 6287 6288
f 6285 6288 6286
f 6293 6289 6290
f 6293 6290 6294
f 6295 6291 6292
f 6295 6292 6296
f 6297 6298 6299
f 6297 6299 6300
f 6301 6302 6303
f 6301 6303 6304
f 6305 6306 6307
f 6305 6307 6308
v -5.412055 -3 -29.96178
v -8.038215 -3 -31.41205
v -5.412055 0 -29.96178
v -8.038215 0 -31.41205
v -3.961785 0 -32.58794
v -6.587945 0 -34.03822
v -3.961785 -3 -32.58794
v -6.587945 -3 -34.03822
v -5.412055 0 -29.96178
v -8.038215 0 -31.41205
v -3.961785 0 -32.58794
v -6.587945 0 -34.03822
v -3.961785 -3 -32.58794
v -5.412055 -3 -29.96178
v -8.038215 -3 -31.41205
v -6.587945 -3 -34.03822
v -8.038215 -3 -31.41205
v -8.038215 0 -31.41205
v -6.587945 0 -34.03822
v -6.587945 -3 -34.03822
v -3.961785 -3 -32.58794
v -3.961785 0 -32.58794
v -5.412055 0 -29.96178
v -5.412055 -3 -29.96178
f 6309 6311 6312
f 6309 6312 6310
f 6317 6313 6314
f 6317 6314 6318
f 6319 6315 6316
f 6319 6316 6320
f 6321 6322 6323
f 6321 6323 6324
f 6325 6326 6327
f 6325 6327 6328
f 6329 6330 6331
f 6329 6331 6332
v -10.87189 13.48 25.4084
v -12.4084 13.48 24.12811
v -10.87189 15.48 25.4084
v -12.4084 15.48 24.12811
v -9.591601 15.48 23.87189
v -11.12811 15.48 22.5916
v -9.591601 13.48 23.87189
v -11.12811 13.48 22.5916
v -10.87189 15.48 25.4084
v -12.4084 15.48 24.12811
v -9.591601 15.48 23.87189
v -11.12811 15.48 22.5916
v -9.591601 13.48 23.87189
v -10.87189 13.48 25.4084
v -12.4084 13.48 24.12811
v -11.12811 13.48 22.5916
v -12.4084 13.48 24.12811
v -12.4084 15.48 24.12811
v -11.12811 15.48 22.5916
v -11.12811 13.48 22.5916
v -9.591601 13.48 23.87189
v -9.591601 15.48 23.87189
v -10.87189 15.48 25.4084
v -10.87189 13.48 25.4084
f 6333 6335 6336
f 6333 6336 6334
f 6341 6337 6338
f 6341 6338 6342
f 6343 6339 6340
f 6343 6340 6344
f 6345 6346 6347
f 6345 6347 6348
f 6349 6350 6351
f 6349 6351 6352
f 6353 6354 6355
f 6353 6355 6356
