v 54.68007 6 2.580124
v 43.5 6 -0.07694373
v 54.68007 6.5 2.580124
v 43.5 6.5 -0.07694373
v 39.5 6 13.41977
v 50.96097 6 16.07687
v 39.5 6.5 13.41977
v 50.96097 6.5 16.07687
v 43.5 6 -0.07694373
v 42 6 5.707363
v 42 6.5 5.707363
v 43.5 6.5 -0.07694373
v 42 6 5.707363
v 39.5 6 13.41977
v 39.5 6.5 13.41977
v 42 6.5 5.707363
v 50.96097 6.5 16.07687
v 53.0862 6 8.364553
v 53.0862 6.5 8.364553
v 50.96097 6 16.07687
v 54.68007 6 2.580124
v 54.68007 6.5 2.580124
v 42 6.5 5.707363
v 53.0862 6.5 8.364553
v 54.68007 6.5 2.580124
v 43.5 6.5 -0.07694373
v 39.5 6.5 13.41977
v 50.96097 6.5 16.07687
v 53.0862 6 8.364553
v 39.5 6 13.41977
v 42 6 5.707363
v 50.96097 6 16.07687
v 54.68007 6 2.580124
v 43.5 6 -0.07694373
f 1 2 3
f 2 4 3
f 5 6 7
f 6 8 7
f 9 10 11
f 12 9 11
f 13 14 15
f 16 13 15
f 17 18 19
f 17 20 18
f 19 21 22
f 19 18 21
f 23 24 25
f 26 23 25
f 27 28 24
f 23 27 24
f 29 30 31
f 29 32 30
f 33 31 34
f 33 29 31
v -0.9995479 8.5 -26.00055
v -1.000092 8.5 -19.5
v -1.000092 9 -19.5
v -0.9995479 9 -26.00055
v 1 9 -19.5
v 0.9999996 8.5 -25.99964
v 0.9999996 9 -25.99964
v 1 8.5 -19.5
v -1.000092 8.5 -19.5
v -1.000454 8.5 -18.5
v -1.000454 9 -18.5
v -1.000092 9 -19.5
v -1.000454 8.5 -18.5
v -1.000816 8.5 -12.00054
v -1.000816 9 -12.00054
v -1.000454 9 -18.5
v 0.9999999 9 -18.5
v 0.9999999 8.5 -18.5
v 1 9 -11.99986
v 1 8.5 -11.99986
v -0.4999999 8.5 -26.00009
v -0.9995479 8.5 -26.00055
v -0.9995479 9 -26.00055
v -0.4999999 9 -26.00009
v -1.000816 9 -12.00054
v -0.5000003 8.5 -12.0002
v -0.5000003 9 -12.0002
v -1.000816 8.5 -12.00054
v -1.000092 9 -19.5
v -0.5000005 9 -19.5
v -0.4999999 9 -26.00009
v -0.9995479 9 -26.00055
v -0.9995479 8.5 -26.00055
v -0.4999999 8.5 -26.00009
v -1.000092 8.5 -19.5
v -0.5000005 8.5 -19.5
v -1.000816 9 -12.00054
v -0.4999998 9 -18.5
v -1.000454 9 -18.5
v -0.5000003 9 -12.0002
v -1.000816 8.5 -12.00054
v -0.4999998 8.5 -18.5
v -0.5000003 8.5 -12.0002
v -1.000454 8.5 -18.5
v 0.9999996 8.5 -25.99964
v 0.5000001 8.5 -25.99987
v 0.5000001 9 -25.99987
v 0.9999996 9 -25.99964
v 0.5000001 8.5 -25.99987
v -0.4999999 8.5 -26.00009
v -0.4999999 9 -26.00009
v 0.5000001 9 -25.99987
v 0.4999997 9 -12.00003
v 1 8.5 -11.99986
v 1 9 -11.99986
v 0.4999997 8.5 -12.00003
v -0.5000003 9 -12.0002
v 0.4999997 8.5 -12.00003
v 0.4999997 9 -12.00003
v -0.5000003 8.5 -12.0002
v 0.5000001 9 -25.99987
v 0.5 9 -19.5
v 0.9999996 9 -25.99964
v 1 9 -19.5
v 0.9999996 8.5 -25.99964
v 1 8.5 -19.5
v 0.5 8.5 -19.5
v 0.5000001 8.5 -25.99987
v 0.5000002 9 -18.5
v 0.4999997 9 -12.00003
v 0.9999999 9 -18.5
v 1 9 -11.99986
v 0.9999999 8.5 -18.5
v 1 8.5 -11.99986
v 0.4999997 8.5 -12.00003
v 0.5000002 8.5 -18.5
v 0.5 -7.5 -19.5
v 0.5000002 -7.5 -18.5
v -0.4999998 -7.5 -18.5
v -0.5000005 -7.5 -19.5
v 0.5 8.5 -19.5
v 0.5000002 8.5 -18.5
v 0.5 -7.5 -19.5
v 0.5000002 -7.5 -18.5
v 0.5000002 8.5 -18.5
v -0.4999998 8.5 -18.5
v 0.5000002 -7.5 -18.5
v -0.4999998 -7.5 -18.5
v -0.4999998 8.5 -18.5
v -0.5000005 8.5 -19.5
v -0.4999998 -7.5 -18.5
v -0.5000005 -7.5 -19.5
v -0.5000005 8.5 -19.5
v 0.5 8.5 -19.5
v -0.5000005 -7.5 -19.5
v 0.5 -7.5 -19.5
f 35 36 37
f 38 35 37
f 39 40 41
f 39 42 40
f 43 44 45
f 46 43 45
f 47 48 49
f 50 47 49
f 51 42 39
f 51 52 42
f 53 52 51
f 53 54 52
f 55 56 57
f 58 55 57
f 59 60 61
f 59 62 60
f 63 64 65
f 63 65 66
f 67 68 69
f 68 70 69
f 71 72 73
f 74 72 71
f 72 64 73
f 73 64 63
f 75 76 77
f 78 76 75
f 69 70 78
f 78 70 76
f 79 80 81
f 82 79 81
f 83 84 85
f 86 83 85
f 87 88 89
f 87 90 88
f 91 92 93
f 91 94 92
f 95 96 97
f 96 98 97
f 65 64 95
f 64 96 95
f 99 100 101
f 99 101 102
f 102 101 70
f 102 70 68
f 72 74 103
f 74 104 103
f 103 104 105
f 104 106 105
f 96 103 98
f 103 105 98
f 64 72 96
f 72 103 96
f 107 108 109
f 107 109 110
f 110 109 77
f 110 77 76
f 100 107 110
f 100 110 101
f 111 112 113
f 111 113 114
f 115 116 117
f 116 118 117
f 119 120 121
f 120 122 121
f 123 124 125
f 124 126 125
f 127 128 129
f 128 130 129
v 47.78147 -7 8.577028
v 44.72204 -7 7.259861
v 46.53037 -7 5.850355
v 42 -7 11
v 49.44961 -7 12.21259
v 42 -7 11
v 46 -6 15
v 50.97083 -7 8.235878
v 48.76412 -7 5.970834
v 50.48283 -7 11.36027
v 49.44961 -7 12.21259
v 50 -7 -1
v 43 -7 2
v 50 -3 -1
v 43 -3 2
v 49 -3 2
v 45 -3 5.000001
v 49 6 2
v 45 6 5
v 45 -3 5.000001
v 43 -3 6.000001
v 45 6 5
v 43 6 6
v 46 -3 19
v 46 -7 19
v 52 -3 18
v 52 -7 18
v 47 6 15
v 46 -3 17
v 52 6 14
v 52 -3 14
v 52 -3 18
v 52 -7 18
v 56 -3 12
v 56 -7 12
v 52 6 14
v 52 -3 14
v 53 6 12
v 53 -3 12
v 56 -7 12
v 58 -7 5.000001
v 56 -3 12
v 58 -3 5.000001
v 53 -3 12
v 54 -3 7.000001
v 54 6 7
v 53 6 12
v 58 -7 5.000001
v 50 -7 -1
v 58 -3 5.000001
v 50 -3 -1
v 54 -3 7.000001
v 49 -3 2
v 54 6 7
v 49 6 2
v 44.23403 6 10.38426
v 43 6 6
v 43 -3 6.000001
v 42 -3 11
v 39 -3 15
v 39 -7 15
v 46 -3 19
v 46 -7 19
v 44.23403 6 10.38426
v 42 -3 11
v 47 6 15
v 46 -3 17
v 50 -7 -1
v 43 -7 2
v 38 -7 6.000001
v 39 -7 15
v 42 -7 11
v 46 -6 15
v 39 -7 15
v 46 -7 19
v 46 -6 15
v 49.44961 -7 12.21259
v 46 -7 19
v 52 -7 18
v 52 -7 18
v 56 -7 12
v 58 -7 5.000001
v 43 -3 2
v 43 -7 2
v 40 -7 -1.506578E-07
v 40 -7 -1.506578E-07
v 34 -7 4
v 35 -7 14
v 38 -3 6.000001
v 43 -3 2
v 34 -7 4
v 40 -7 -1.506578E-07
v 39 -7 15
v 39 -3 15
v 35 -7 14
v 39 -3 15
v 38 -3 6.000001
v 35 -7 14
v 34 -7 4
v 45 6 5
v 47.78147 6 8.577029
v 54 6 7
v 49 6 2
v 52 6 14
v 53 6 12
v 43 6 6
v 44.23403 6 10.38426
v 47 6 15
v 49 -3 2
v 54 -3 7.000001
v 50 -3 -1
v 58 -3 5.000001
v 45 -3 5.000001
v 43 -3 2
v 43 -3 6.000001
v 38 -3 6.000001
v 46 -3 17
v 42 -3 11
v 46 -3 19
v 39 -3 15
v 52 -3 14
v 52 -3 18
v 53 -3 12
v 56 -3 12
f 131 132 133
f 131 134 132
f 135 136 131
f 135 137 136
f 138 133 139
f 138 131 133
f 140 131 138
f 140 141 131
f 142 143 144
f 144 143 145
f 146 147 148
f 148 147 149
f 150 151 152
f 152 151 153
f 154 155 156
f 156 155 157
f 158 159 160
f 160 159 161
f 162 163 164
f 164 163 165
f 166 167 168
f 168 167 169
f 170 171 172
f 171 173 172
f 174 175 176
f 177 174 176
f 178 179 180
f 180 179 181
f 182 183 184
f 184 183 185
f 186 187 188
f 189 186 188
f 190 191 192
f 192 191 193
f 194 195 196
f 196 195 197
f 139 133 198
f 133 199 198
f 133 132 199
f 132 200 199
f 132 134 200
f 134 201 200
f 202 203 204
f 203 205 204
f 206 207 208
f 207 209 208
f 141 140 210
f 140 211 210
f 140 138 211
f 138 212 211
f 138 139 212
f 139 198 212
f 213 214 215
f 199 200 216
f 200 217 216
f 200 201 217
f 201 218 217
f 219 220 221
f 220 222 221
f 223 224 225
f 226 227 228
f 227 229 228
f 230 231 232
f 233 230 232
f 231 234 235
f 232 231 235
f 236 237 231
f 230 236 231
f 237 238 234
f 231 237 234
f 239 240 241
f 240 242 241
f 243 239 244
f 239 241 244
f 245 243 246
f 243 244 246
f 247 248 249
f 248 250 249
f 248 245 250
f 245 246 250
f 251 247 252
f 247 249 252
f 253 251 254
f 251 252 254
f 240 253 242
f 253 254 242
v 6.673732 -7 6.220604
v 9.581905 -7 3.474238
v 9.581906 -4 3.474237
v 6.673732 -4 6.220604
v 9.581905 -7 3.474238
v 9.853658 -8 1.409553
v 9.853658 -4 1.409553
v 9.581906 -4 3.474237
v 6.496695 -4 -3.143556
v 4.775765 -7 -1.615066
v 4.775765 -4 -1.615066
v 6.496695 -8 -3.143556
v 4.775765 -4 -1.615066
v 2.554183 -7 1.858343
v 2.554183 -4 1.858343
v 4.775765 -7 -1.615066
v 2.554183 -7 1.858343
v 3.886914 -7 4.726065
v 3.886913 -4 4.726065
v 2.554183 -4 1.858343
v 3.886914 -7 4.726065
v 6.673732 -7 6.220604
v 6.673732 -4 6.220604
v 3.886913 -4 4.726065
v 9.853658 -4 1.409553
v 9.313454 -8 -1.706242
v 9.313454 -4 -1.706242
v 9.853658 -8 1.409553
v 9.313454 -4 -1.706242
v 6.496695 -8 -3.143556
v 6.496695 -4 -3.143556
v 9.313454 -8 -1.706242
v 9.581906 -4 3.474237
v 7.522131 -4 1.293107
v 3.886913 -4 4.726065
v 6.673732 -4 6.220604
v 4.775765 -4 -1.615066
v 2.554183 -4 1.858343
v 9.853658 -4 1.409553
v 9.313454 -4 -1.706242
v 6.496695 -4 -3.143556
v 7.522131 -7 1.293108
v 9.853658 -8 1.409553
v 9.581905 -7 3.474238
v 9.313454 -8 -1.706242
v 4.775765 -7 -1.615066
v 9.313454 -8 -1.706242
v 7.522131 -7 1.293108
v 6.496695 -8 -3.143556
v 3.886914 -7 4.726065
v 9.581905 -7 3.474238
v 6.673732 -7 6.220604
v 7.522131 -7 1.293108
v 2.554183 -7 1.858343
v 4.775765 -7 -1.615066
f 255 256 257
f 258 255 257
f 259 260 261
f 262 259 261
f 263 264 265
f 263 266 264
f 267 268 269
f 267 270 268
f 271 272 273
f 274 271 273
f 275 276 277
f 278 275 277
f 279 280 281
f 279 282 280
f 283 284 285
f 283 286 284
f 287 288 289
f 290 287 289
f 288 291 292
f 289 288 292
f 293 294 288
f 287 293 288
f 294 295 291
f 288 294 291
f 296 297 298
f 296 299 297
f 300 301 302
f 300 303 301
f 304 305 306
f 304 307 305
f 308 307 304
f 308 309 307
v 37.79938 -1.27859 -28
v 40.42609 -1.22524 -29.5
v 37.66846 -0.9825343 -28.5
v 40.11929 -0.9806991 -30
v 40.42609 -1.22524 -29.5
v 33.67643 -8.452909 -40.5
v 40.11929 -0.9806991 -30
v 33.67643 -7.879839 -40.5
v 33.67643 -8.452909 -40.5
v 31 -8.483133 -38.92105
v 33.67643 -7.879839 -40.5
v 31 -7.910063 -38.92104
v 31 -8.483133 -38.92105
v 37.79938 -1.27859 -28
v 31 -7.910063 -38.92104
v 37.66846 -0.9825343 -28.5
v 37.66846 -0.9825343 -28.5
v 40.11929 -0.9806991 -30
v 31 -7.910063 -38.92104
v 33.67643 -7.879839 -40.5
v 31 -8.483133 -38.92105
v 33.67643 -8.452909 -40.5
v 37.79938 -1.27859 -28
v 40.42609 -1.22524 -29.5
f 310 311 312
f 311 313 312
f 314 315 316
f 315 317 316
f 318 319 320
f 319 321 320
f 322 323 324
f 323 325 324
f 326 327 328
f 327 329 328
f 330 331 332
f 331 333 332
v -3 -7 1
v 3 -7 1
v -2 -5 0
v 2 -5 0
v 3 -7 1
v 3 -7 -4
v 2 -5 0
v 2 -5 -4
v 3 -7 -4
v -3 -7 -4
v 2 -5 -4
v -2 -5 -4
v -3 -7 -4
v -3 -7 1
v -2 -5 -4
v -2 -5 0
v -1 30 -1
v 1 30 -1
v 0 30 -2.5
v 1 30 -3
v -3 -7 -4
v 3 -7 -4
v -3 -7 1
v 3 -7 1
v -2 -5 0
v 2 -5 0
v 2 5 0
v -2 5 0
v 2 9 0
v -2 9 0
v -2 5 -4
v -2 -5 0
v -2 5 0
v -2 -5 -4
v -14 23 -3
v -16 23 -1
v -14 23 -1
v -16 23 -3
v 2 -5 0
v 2 -5 -4
v 2 5 -4
v 2 5 0
v 2 9 -4
v 2 9 0
v 2 5 -4
v -2 5 -4
v 2 9 -4
v -2 9 -4
v -2 5 0
v -2 9 0
v -3 6 -1
v -3 8 -1
v -2 9 0
v -2 9 -4
v -3 8 -1
v -3 8 -3
v -2 9 -4
v -2 5 -4
v -3 8 -3
v -3 6 -3
v -2 5 -4
v -2 5 0
v -3 6 -3
v -3 6 -1
v -3 6 -1
v -3 8 -1
v -11 9 -1
v -10 10 -1
v -14 23 -1
v -16 23 -1
v -3 8 -1
v -3 8 -3
v -10 10 -3
v -10 10 -1
v -10 10 -1
v -10 10 -3
v -14 23 -3
v -14 23 -1
v -10 10 -3
v -3 8 -3
v -11 9 -3
v -3 6 -3
v -14 23 -3
v -16 23 -3
v -11 9 -3
v -3 6 -1
v -11 9 -1
v -3 6 -3
v -16 23 -3
v -11 9 -1
v -16 23 -1
v -11 9 -3
v -2 9 0
v 1.827426 11 -0.1725736
v -1.827426 11 -0.1725736
v 2 9 0
v -1.827426 11 -0.1725736
v 1 30 -1
v -1 30 -1
v 1.827426 11 -0.1725736
v -1.827426 14 -4
v -2 9 -4
v -2 9 0
v -1.827426 11 -0.1725736
v 0 30 -2.5
v -1.827426 14 -4
v -1.827426 11 -0.1725736
v -1 30 -1
v 12.26817 13.59916 -1.612082
v 11.73183 14.40084 -2.354446
v 11.73183 14.40084 -1.645554
v 12.26817 13.59916 -2.387918
v 1.827426 11 -0.1725736
v 1 30 -3
v 1 30 -1
v 1.827426 11 -4
v 1.827426 11 -4
v 2 9 -4
v -2 9 -4
v -1.827426 14 -4
v 1 30 -3
v 1.827426 11 -4
v -1.827426 14 -4
v 0 30 -2.5
v 1.827426 11 -4
v 1.827426 11 -0.1725736
v 2.900571 10.78391 -2.61655
v 2.900571 10.78391 -1.38345
v 1.827426 11 -0.1725736
v 2 9 0
v 2.900571 10.78391 -1.38345
v 3.099429 9.559958 -1.325226
v 2 9 0
v 2 9 -4
v 3.099429 9.559958 -1.325226
v 3.099429 9.559958 -2.674774
v 2 9 -4
v 1.827426 11 -4
v 3.099429 9.559958 -2.674774
v 2.900571 10.78391 -2.61655
v 2.900571 10.78391 -2.61655
v 2.900571 10.78391 -1.38345
v 11.73183 14.40084 -2.354446
v 11.73183 14.40084 -1.645554
v 2.900571 10.78391 -1.38345
v 3.099429 9.559958 -1.325226
v 11.73183 14.40084 -1.645554
v 12.26817 13.59916 -1.612082
v 3.099429 9.559958 -1.325226
v 3.099429 9.559958 -2.674774
v 12.26817 13.59916 -1.612082
v 12.26817 13.59916 -2.387918
v 3.099429 9.559958 -2.674774
v 2.900571 10.78391 -2.61655
v 12.26817 13.59916 -2.387918
v 11.73183 14.40084 -2.354446
f 334 335 336
f 335 337 336
f 338 339 340
f 339 341 340
f 342 343 344
f 343 345 344
f 346 347 348
f 347 349 348
f 350 351 352
f 351 353 352
f 354 355 356
f 355 357 356
f 358 359 360
f 361 358 360
f 361 360 362
f 363 361 362
f 364 365 366
f 364 367 365
f 368 369 370
f 368 371 369
f 372 373 374
f 375 372 374
f 375 374 376
f 377 375 376
f 378 345 379
f 378 344 345
f 380 379 381
f 380 378 379
f 382 383 384
f 383 385 384
f 386 387 388
f 387 389 388
f 390 391 392
f 391 393 392
f 394 395 396
f 395 397 396
f 398 399 400
f 400 399 401
f 400 402 403
f 402 400 401
f 404 405 406
f 407 404 406
f 408 409 410
f 411 408 410
f 412 413 414
f 414 413 415
f 412 414 416
f 417 416 414
f 418 419 420
f 418 421 419
f 422 423 424
f 422 425 423
f 426 427 428
f 426 429 427
f 430 431 432
f 430 433 431
f 434 435 436
f 437 434 436
f 438 439 440
f 441 438 440
f 442 443 444
f 442 445 443
f 446 447 448
f 446 449 447
f 450 451 452
f 453 450 452
f 454 455 456
f 457 454 456
f 458 459 460
f 459 461 460
f 462 463 464
f 463 465 464
f 466 467 468
f 467 469 468
f 470 471 472
f 471 473 472
f 474 475 476
f 475 477 476
f 478 479 480
f 479 481 480
f 482 483 484
f 483 485 484
f 486 487 488
f 487 489 488
v -18 -11 34.99999
v -17.99999 -11 42
v -30 -11 35.00003
v -29.99999 -11 42
v -18 -11 33.99999
v -30 -11 34.00003
v -30.00001 -11 26
v -30.00001 -11 25
v -18.00001 -11 26
v -18.00001 -11 25
v -30 -11 33
v -18 -11 33
v -30 -11 28
v -18 -11 28
v -30 -11 35.00003
v -29.99999 -11 42
v -29.99999 -5 42
v -30 -3 35.00003
v -29.99999 -5 42
v -29.99999 -11 42
v -17.99999 -5 42
v -17.99999 -11 42
v -18 -3 34.99999
v -17.99999 -5 42
v -18 -11 34.99999
v -17.99999 -11 42
v -18.00001 -3 24.99999
v -30.00001 -11 25
v -30.00001 -3 24.99999
v -18.00001 -11 25
v -18 -3 33.99999
v -18 -11 33.99999
v -30 -3 34.00003
v -30 -11 34.00003
v -30 -11 35.00003
v -18.00001 -3 26
v -18.00001 -11 26
v -18.00001 -3 24.99999
v -18.00001 -11 25
v -30.00001 -3 24.99999
v -30.00001 -11 25
v -30.00001 -11 26
v -30.00001 -3 26
v -18 -3 33
v -18 -11 33
v -30 -11 33
v -30 -11 34.00003
v -30 -3 33
v -30 -3 34.00003
v -18 -3 28
v -18 -11 28
v -30 -11 28
v -30 -3 28
v -29.99999 -3 42
v -30 1.5 35.00003
v -29.99999 -1 42
v -30 6 35.00003
v -29.99999 -1 42
v -29.99999 -3 42
v -17.99999 -1 42
v -17.99999 -3 42
v -17.99999 -3 42
v -18 1.5 34.99999
v -17.99999 -1 42
v -18 6 34.99999
v -18.00001 6 24.99999
v -30.00001 1.5 24.99999
v -30.00001 6 24.99999
v -18.00001 1.5 24.99999
v -18 0 33.99999
v -18 6 33.99999
v -30 0 34.00003
v -30 6 34.00003
v -18.00001 6 27
v -18.00001 0 26
v -18.00001 6 24.99999
v -18.00001 1.5 24.99999
v -30.00001 6 24.99999
v -30.00001 1.5 24.99999
v -30.00001 0 26
v -30.00001 6 27
v -18 6 33
v -18 1.5 33
v -30 1.5 33
v -30 0 34.00003
v -30 6 34.00003
v -30 6 33
v -14 3 27.99999
v -14 3 33
v -14 2 33
v -14 2 27.99999
v -18 6 28
v -18 1.5 28
v -30 1.5 28
v -30 6 28
v -18 1.5 28
v -18 1.5 33
v -30 1.5 27
v -30 1.5 33
v -18.00001 0 26
v -18 1.5 28
v -30 0 26
v -30 1.5 27
v -18 1.5 33
v -18 0 33.99999
v -30 1.5 33
v -30 0 33.99999
v -18 0 33.99999
v -18 -3 33.99999
v -30 0 33.99999
v -30 -3 33.99999
v -30.00001 -3 26
v -30 -3 28
v -30.0001 -3 28
v -30.0001 -3 27
v -30.00001 1.5 24.99999
v -18.00001 1.5 24.99999
v -30.00001 1.5 19
v -18.00001 1.5 19
v -18.00001 -3 24.99999
v -30.00001 -3 24.99999
v -18.00001 -3 19
v -30.00001 -3 19
v -18.00001 -0.75 17
v -30.00001 -3 17
v -30.00001 -0.75 17
v -18.00001 -3 17
v -18.00001 1.5 19
v -30.00001 -0.75 19
v -30.00001 1.5 19
v -18.00001 -0.75 19
v -18.00001 -0.75 24.99999
v -18.00001 -1.5 26
v -30.00001 -0.75 24.99999
v -30.00001 -1.5 26
v -30 -3 26
v -18.00001 -3 26
v -18.00001 -1.5 26
v -30 -1.5 26
v -18.00001 0 26
v -30 0 26
v -30.00001 -3 19
v -30.00001 -0.75 19
v -30.00001 1.5 19
v -18.00001 -0.75 19
v -18.00001 1.5 19
v -18.00001 -3 19
v -30.00001 -3 17
v -30.00001 -0.75 17
v -30.00001 -0.75 19
v -18.00001 -0.75 19
v -30.00001 -0.75 17
v -18.00001 -0.75 17
v -18.00001 -0.75 17
v -18.00001 -3 17
v -18.00001 -3 17
v -30.00001 -3 17
v -18 6 33
v -18 1.5 33
v -14 3 33
v -14 2 33
v -18 1.5 28
v -18 6 28
v -14 2 27.99999
v -14 3 27.99999
v -18 1.5 33
v -18 1.5 28
v -14 2 33
v -14 2 27.99999
v -30 6 35.00003
v -29.99999 -1 42
v -18 6 34.99999
v -17.99999 -1 42
v -30 6 35.00003
v -18 6 34.99999
v -30 6 34.00003
v -18 6 33.99999
v -18.00001 6 27
v -18.00001 6 24.99999
v -30.00001 6 24.99999
v -30.00001 6 27
v -18 6 33
v -30 6 33
v -18 6 28
v -30 6 28
v -18 6 28
v -18 6 33
v -14 3 27.99999
v -14 3 33
f 490 491 492
f 491 493 492
f 490 492 494
f 492 495 494
f 496 497 498
f 497 499 498
f 500 494 495
f 500 501 494
f 500 502 503
f 501 500 503
f 502 496 498
f 503 502 498
f 504 505 506
f 504 506 507
f 508 509 510
f 509 511 510
f 512 513 514
f 513 515 514
f 516 517 518
f 516 519 517
f 520 512 514
f 520 514 521
f 522 523 524
f 522 524 507
f 525 526 527
f 526 528 527
f 529 530 531
f 529 531 532
f 533 520 521
f 533 521 534
f 535 536 537
f 536 538 537
f 539 533 534
f 540 539 534
f 539 540 525
f 525 540 526
f 531 541 532
f 532 541 542
f 535 542 541
f 535 537 542
f 506 543 507
f 544 507 543
f 543 545 544
f 546 544 545
f 547 548 549
f 548 550 549
f 548 508 550
f 508 510 550
f 551 512 552
f 513 512 551
f 553 552 554
f 551 552 553
f 555 556 557
f 555 558 556
f 554 559 560
f 554 552 559
f 552 520 559
f 552 512 520
f 561 544 546
f 562 561 546
f 522 507 544
f 561 522 544
f 563 564 565
f 564 566 565
f 567 568 569
f 567 569 570
f 571 560 559
f 571 559 572
f 573 574 575
f 576 573 575
f 577 578 579
f 580 577 579
f 581 582 563
f 563 582 564
f 569 583 570
f 570 583 584
f 573 584 583
f 573 576 584
f 585 586 587
f 586 588 587
f 589 590 591
f 590 592 591
f 593 594 595
f 594 596 595
f 597 598 599
f 598 600 599
f 601 602 603
f 602 604 603
f 605 606 607
f 606 608 607
f 609 610 611
f 610 612 611
f 613 614 615
f 613 616 614
f 617 618 619
f 617 620 618
f 564 621 566
f 564 622 621
f 622 527 621
f 622 525 527
f 623 624 569
f 568 623 569
f 529 532 624
f 623 529 624
f 625 626 627
f 628 625 627
f 628 627 629
f 630 628 629
f 631 529 623
f 632 631 623
f 632 623 568
f 633 632 568
f 566 634 635
f 566 621 634
f 621 636 634
f 621 527 636
f 631 632 637
f 632 638 637
f 639 640 641
f 640 642 641
f 634 636 643
f 636 644 643
f 611 612 645
f 612 646 645
f 647 648 649
f 648 650 649
f 651 652 653
f 652 654 653
f 655 656 657
f 656 658 657
f 659 660 661
f 660 662 661
f 663 664 665
f 664 666 665
f 667 668 669
f 667 669 670
f 666 671 672
f 665 666 672
f 673 672 671
f 673 674 672
f 667 674 673
f 667 670 674
f 675 676 677
f 676 678 677
v 45 -8 -5
v 46 -7 -10
v 46 -4 -10
v 45 -4 -5
v 46 -7 -10
v 46 -8 -18
v 46 -4 -18
v 46 -4 -10
v 38 -4 -15
v 38 -7 -10
v 38 -4 -10
v 38 -7 -15
v 38 -4 -10
v 37 -8 -5
v 37 -4 -5
v 38 -7 -10
v 37 -8 -5
v 41 -8 -3
v 41 -4 -3
v 37 -4 -5
v 41 -8 -3
v 45 -8 -5
v 45 -4 -5
v 41 -4 -3
v 46 -4 -18
v 41 -7.5 -15
v 41 -4 -15
v 46 -8 -18
v 41 -4 -15
v 38 -7 -15
v 38 -4 -15
v 41 -7.5 -15
v 46 -4 -10
v 42 -4 -10
v 45 -4 -5
v 41 -4 -3
v 38 -4 -10
v 37 -4 -5
v 46 -4 -18
v 41 -4 -15
v 38 -4 -15
v 42 -7 -10
v 41 -7.5 -15
v 46 -8 -18
v 46 -7 -10
v 38 -7 -10
v 41 -7.5 -15
v 42 -7 -10
v 38 -7 -15
v 41 -8 -3
v 42 -7 -10
v 45 -8 -5
v 46 -7 -10
v 37 -8 -5
v 38 -7 -10
v 41 -8 -3
v 42 -7 -10
f 679 680 681
f 682 679 681
f 683 684 685
f 686 683 685
f 687 688 689
f 687 690 688
f 691 692 693
f 691 694 692
f 695 696 697
f 698 695 697
f 699 700 701
f 702 699 701
f 703 704 705
f 703 706 704
f 707 708 709
f 707 710 708
f 711 712 713
f 713 712 714
f 712 715 714
f 714 715 716
f 711 717 712
f 717 718 712
f 718 719 715
f 712 718 715
f 720 721 722
f 720 722 723
f 724 725 726
f 724 727 725
f 728 729 730
f 730 729 731
f 732 733 734
f 734 733 735
v 21 -10 48
v 23.19616 -10 39.80385
v 27.19615 -10 46.73206
v 19 -10 44.5359
v 29.39231 -10 38.53591
v 32.39231 -10 43.73206
v 27.39232 2 35.0718
v 22.19616 2 38.0718
v 27.39232 5 35.0718
v 22.19616 5 38.0718
v 23.19616 2 39.80385
v 27.19615 2 46.73206
v 24.19616 5 41.5359
v 27.19615 5 46.73206
v 32.39231 2 43.73206
v 29.39231 2 38.53591
v 32.39231 5 43.73206
v 29.39231 5 38.53591
v 27.19615 2 46.73206
v 32.39231 2 43.73206
v 27.19615 5 46.73206
v 32.39231 5 43.73206
v 27.39232 5 35.0718
v 27.39232 2 35.0718
v 27.39232 -10 35.0718
v 22.19616 -10 38.0718
v 22.19616 2 38.0718
v 22.19616 5 38.0718
v 34.85641 -10 40.00002
v 32.85642 -10 36.53591
v 32.85642 -1 36.53591
v 34.85641 -1 40.00002
v 32.39231 -1 43.73206
v 29.39231 -1 38.53591
v 19 -1 44.5359
v 21 -10 48
v 21 -1 48
v 19 -10 44.5359
v 19 2 44.5359
v 21 2 48
v 24 -10 52
v 31 -10 51
v 31 -1 51
v 24 -1 52
v 31 2 51
v 24 2 52
v 31 -10 51
v 36 -10 48
v 36 -1 48
v 31 -1 51
v 36 2 48
v 31 2 51
v 19.12152 -6 20.74632
v 13.92536 -10 23.74631
v 13.92536 -6 23.74631
v 19.12152 -10 20.74632
v 22.19616 -1 38.0718
v 27.39232 -1 35.0718
v 23.19616 -1 39.80385
v 19 -10 44.5359
v 19 -1 44.5359
v 23.19616 -10 39.80385
v 23.19616 2 39.80385
v 19 2 44.5359
v 22.19616 -1 38.0718
v 23.19616 -10 39.80385
v 23.19616 -1 39.80385
v 22.19616 -10 38.0718
v 27.39232 -1 35.0718
v 32.35642 -10 35.66988
v 32.35642 -1 35.66988
v 16.92536 -10 28.94247
v 16.92536 -1 28.94247
v 35.05258 -6 28.33976
v 35.05258 -10 28.33976
v 30.78177 -6 20.94248
v 30.78177 -10 20.94248
v 22.12151 -10 25.94247
v 16.92536 -10 28.94247
v 13.92536 -10 23.74631
v 13.92536 -6 23.74631
v 16.92536 -1 28.94247
v 22.12151 -1 25.94247
v 13.92536 -6 23.74631
v 19.12152 -6 20.74632
v 27.78177 -6 15.74633
v 27.78177 -10 15.74633
v 19.12152 -10 20.74632
v 13.92536 -10 23.74631
v 32.39231 -1 43.73206
v 32.39231 -10 43.73206
v 34.85641 -1 40.00002
v 34.85641 -10 40.00002
v 32.35642 -10 35.66988
v 25.58561 -10 23.94248
v 22.58562 -6 18.74632
v 25.58561 -1 23.94248
v 32.85642 -10 36.53591
v 34.85641 -10 40.00002
v 22.58562 -10 18.74632
v 22.58562 -10 18.74632
v 22.58562 -6 18.74632
v 25.58561 -1 23.94248
v 27.78177 -6 15.74633
v 30.78177 -6 20.94248
v 30.78177 -10 20.94248
v 27.78177 -10 15.74633
v 27.78177 -10 15.74633
v 27.78177 -6 15.74633
v 32.35642 -1 35.66988
v 32.35642 -10 35.66988
v 35.05258 -6 28.33976
v 35.05258 -10 28.33976
v 25.58561 -1 23.94248
v 32.35642 -1 35.66988
v 30.78177 -6 20.94248
v 35.05258 -6 28.33976
v 35.05258 -10 28.33976
v 31 -10 51
v 36 -10 48
v 32.39231 -10 43.73206
v 32.39231 -1 43.73206
v 36 -10 48
v 36 -1 48
v 21 -1 48
v 21 -10 48
v 24 -1 52
v 24 -10 52
v 32.39231 2 43.73206
v 36 2 48
v 21 2 48
v 24 2 52
v 24 -10 52
v 23.19616 2 39.80385
v 19 2 44.5359
v 21 2 48
v 27.19615 2 46.73206
v 29.39231 5 38.53591
v 24.19616 5 41.5359
v 27.19615 5 46.73206
v 32.39231 5 43.73206
v 22.19616 5 38.0718
v 27.39232 5 35.0718
v 22.19616 -1 38.0718
v 27.39232 -1 35.0718
v 16.92536 -1 28.94247
v 22.12151 -1 25.94247
v 25.58561 -1 23.94248
v 32.35642 -1 35.66988
v 29.39231 -1 38.53591
v 32.85642 -1 36.53591
v 32.39231 -1 43.73206
v 34.85641 -1 40.00002
v 32.39231 2 43.73206
v 36 2 48
v 31 2 51
v 24 2 52
f 736 737 738
f 736 739 737
f 738 740 741
f 738 737 740
f 742 743 744
f 743 745 744
f 746 747 748
f 747 749 748
f 750 751 752
f 751 753 752
f 754 755 756
f 755 757 756
f 753 751 758
f 751 759 758
f 740 737 760
f 737 761 760
f 746 748 762
f 748 763 762
f 764 765 766
f 767 764 766
f 768 769 751
f 750 768 751
f 770 771 772
f 770 773 771
f 774 772 775
f 774 770 772
f 776 777 778
f 779 776 778
f 779 778 780
f 781 779 780
f 782 783 784
f 785 782 784
f 785 784 786
f 787 785 786
f 788 789 790
f 788 791 789
f 742 792 743
f 742 793 792
f 794 795 796
f 794 797 795
f 798 796 799
f 798 794 796
f 800 801 802
f 800 803 801
f 762 802 746
f 762 800 802
f 769 804 759
f 751 769 759
f 765 805 806
f 766 765 806
f 803 800 807
f 800 808 807
f 809 810 811
f 810 812 811
f 760 761 813
f 761 814 813
f 807 808 815
f 808 816 815
f 817 818 819
f 818 820 819
f 811 812 821
f 812 822 821
f 813 814 823
f 814 824 823
f 825 826 827
f 826 828 827
f 760 813 829
f 813 830 829
f 820 818 831
f 818 832 831
f 740 760 833
f 760 829 833
f 741 740 834
f 740 833 834
f 813 823 830
f 823 835 830
f 791 788 836
f 788 837 836
f 831 838 839
f 838 840 839
f 830 835 841
f 835 842 841
f 836 837 843
f 837 844 843
f 845 846 847
f 846 848 847
f 849 850 851
f 850 852 851
f 829 830 853
f 830 841 853
f 738 741 854
f 741 855 854
f 856 857 858
f 857 859 858
f 860 861 862
f 861 863 862
f 857 864 859
f 864 865 859
f 866 860 867
f 860 862 867
f 736 738 868
f 738 854 868
f 869 870 871
f 872 869 871
f 873 874 875
f 876 873 875
f 874 873 877
f 873 878 877
f 879 880 881
f 880 882 881
f 882 880 883
f 880 884 883
f 880 885 884
f 885 886 884
f 885 887 886
f 887 888 886
f 889 872 890
f 872 891 890
f 872 871 891
f 871 892 891
v 52.81474 -8 35.48411
v 53.7249 -7 34.52509
v 53.7249 -3 34.52509
v 52.81474 -3 35.48411
v 53.7249 -7 34.52509
v 53.38811 -8 32.47002
v 53.38811 -3 32.47002
v 53.7249 -3 34.52509
v 48.85812 -3 29.08191
v 47.6526 -7 31.04268
v 47.6526 -3 31.04267
v 48.85812 -8 29.08191
v 39.82167 -3 26.62447
v 39.24389 -7 33.60059
v 39.24389 -3 33.60059
v 39.82167 -7 26.62447
v 46.9277 -7 37.74897
v 48.92088 -8 37.91405
v 48.92088 -3 37.91405
v 46.9277 -3 37.74897
v 48.92088 -8 37.91405
v 52.81474 -8 35.48411
v 52.81474 -3 35.48411
v 48.92088 -3 37.91405
v 53.38811 -3 32.47002
v 51.97014 -8 29.64347
v 51.97014 -3 29.64347
v 53.38811 -8 32.47002
v 51.97014 -3 29.64347
v 48.85812 -8 29.08191
v 48.85812 -3 29.08191
v 51.97014 -8 29.64347
v 51.12248 -7 33.03263
v 53.38811 -8 32.47002
v 53.7249 -7 34.52509
v 51.97014 -8 29.64347
v 47.6526 -7 31.04268
v 51.97014 -8 29.64347
v 51.12248 -7 33.03263
v 48.85812 -8 29.08191
v 48.92088 -8 37.91405
v 53.7249 -7 34.52509
v 52.81474 -8 35.48411
v 51.12248 -7 33.03263
v 46.9277 -7 37.74897
v 51.12248 -7 33.03263
v 48.92088 -8 37.91405
v 47.6526 -7 31.04268
v 51.97014 -3 29.64347
v 48.85812 -3 29.08191
v 51.97014 0 29.64346
v 48.85812 0 29.08191
v 48.85812 0 29.08191
v 47.6526 0 31.04267
v 51.12248 -3 33.03263
v 51.97014 -3 29.64347
v 51.12248 0 33.03263
v 51.97014 0 29.64346
v 47.6526 -3 31.04267
v 51.12248 -3 33.03263
v 47.6526 0 31.04267
v 51.12248 0 33.03263
v 46.9277 -7 37.74897
v 46.9277 -3 37.74897
v 42.60814 -7 35.38436
v 42.60814 -3 35.38436
v 48.91264 -3.000001 26.37399
v 48.91264 -7 26.37399
v 44.42476 -3.000001 23.99544
v 44.42476 -7 23.99544
v 47.6526 -7 31.04268
v 46.9277 -7 37.74897
v 43.18592 -7 28.40825
v 42.60814 -7 35.38436
v 47.6526 -3 31.04267
v 47.6526 -7 31.04268
v 48.91264 -3.000001 26.37399
v 48.91264 -7 26.37399
v 48.91264 -7 26.37399
v 44.42476 -7 23.99544
v 39.82167 -7 26.62447
v 39.82167 -3 26.62447
v 40.23437 -7 21.64153
v 40.23437 -3 21.64153
v 43.18592 -3 28.40825
v 47.6526 -3 31.04267
v 43.18592 3 28.40824
v 47.6526 3 31.04267
v 44.42476 -3.000001 23.99544
v 43.18592 -3 28.40825
v 44.42476 3 23.99544
v 43.18592 3 28.40824
v 47.6526 -3 31.04267
v 48.91264 -3.000001 26.37399
v 47.6526 3 31.04267
v 48.91264 3 26.37399
v 48.91264 -3.000001 26.37399
v 44.42476 -3.000001 23.99544
v 48.91264 3 26.37399
v 44.42476 3 23.99544
v 39.82167 -7 26.62447
v 39.24389 -7 33.60059
v 40.23437 -7 21.64153
v 44.42476 -3.000001 23.99544
v 44.42476 -7 23.99544
v 40.23437 -3 21.64153
v 40.23437 -7 21.64153
v 42.60814 -7 35.38436
v 42.60814 -3 35.38436
v 39.24389 -7 33.60059
v 39.24389 -3 33.60059
v 53.7249 -3 34.52509
v 51.12248 -3 33.03263
v 48.92088 -3 37.91405
v 52.81474 -3 35.48411
v 47.6526 -3 31.04267
v 46.9277 -3 37.74897
v 53.38811 -3 32.47002
v 51.97014 -3 29.64347
v 51.97014 0 29.64346
v 48.85812 0 29.08191
v 47.6526 0 31.04267
v 51.12248 0 33.03263
v 42.60814 -3 35.38436
v 43.18592 -3 28.40825
v 43.18592 3 28.40824
v 47.6526 3 31.04267
v 44.42476 3 23.99544
v 48.91264 3 26.37399
v 44.42476 -3.000001 23.99544
v 39.82167 -3 26.62447
v 40.23437 -3 21.64153
v 39.24389 -3 33.60059
f 893 894 895
f 896 893 895
f 897 898 899
f 900 897 899
f 901 902 903
f 901 904 902
f 905 906 907
f 905 908 906
f 909 910 911
f 912 909 911
f 913 914 915
f 916 913 915
f 917 918 919
f 917 920 918
f 921 922 923
f 921 924 922
f 925 926 927
f 925 928 926
f 929 930 931
f 929 932 930
f 933 934 935
f 933 936 934
f 937 938 939
f 937 940 938
f 941 942 943
f 942 944 943
f 901 903 945
f 903 946 945
f 947 948 949
f 948 950 949
f 951 952 953
f 952 954 953
f 955 956 957
f 956 958 957
f 959 960 961
f 960 962 961
f 963 964 965
f 964 966 965
f 967 968 969
f 968 970 969
f 963 965 971
f 965 972 971
f 973 974 975
f 974 976 975
f 977 978 979
f 978 980 979
f 981 982 983
f 982 984 983
f 985 986 987
f 986 988 987
f 989 990 991
f 990 992 991
f 965 966 993
f 966 994 993
f 972 965 995
f 965 993 995
f 996 997 998
f 997 999 998
f 1000 1001 1002
f 1001 1003 1002
f 1004 1005 1006
f 1007 1004 1006
f 1005 1008 1009
f 1006 1005 1009
f 1010 1011 1005
f 1004 1010 1005
f 1012 1013 1014
f 1015 1012 1014
f 1009 1008 1016
f 1008 1017 1016
f 1018 1019 1020
f 1019 1021 1020
f 1017 1022 1023
f 1022 1024 1023
f 1016 1017 1025
f 1017 1023 1025
v 7.000001 7.5 -30.00044
v 7.000003 7.5 -40
v 7.000001 8 -30.00044
v 7.000003 8 -40
v -7.000005 7.5 -40
v -6.999781 7.5 -29.9995
v -7.000005 8 -40
v -6.999781 8 -29.9995
v 7.000003 7.5 -40
v 1 7.5 -40
v 1 8 -40
v 7.000003 8 -40
v -7.000005 7.5 -40
v -7.000005 8 -40
v -6.999781 8 -29.9995
v 0.9999998 7.5 -29.99997
v 0.9999998 8 -29.99997
v -6.999781 7.5 -29.9995
v 7.000001 7.5 -30.00044
v 7.000001 8 -30.00044
v 1 8 -40
v 0.9999998 8 -29.99997
v 7.000001 8 -30.00044
v 7.000003 8 -40
v -7.000005 8 -40
v -6.999781 8 -29.9995
v 0.9999998 7.5 -29.99997
v -7.000005 7.5 -40
v 1 7.5 -40
v -6.999781 7.5 -29.9995
v 7.000001 7.5 -30.00044
v 7.000003 7.5 -40
f 1026 1027 1028
f 1027 1029 1028
f 1030 1031 1032
f 1031 1033 1032
f 1034 1035 1036
f 1037 1034 1036
f 1035 1038 1039
f 1036 1035 1039
f 1040 1041 1042
f 1040 1043 1041
f 1042 1044 1045
f 1042 1041 1044
f 1046 1047 1048
f 1049 1046 1048
f 1050 1051 1047
f 1046 1050 1047
f 1052 1053 1054
f 1052 1055 1053
f 1056 1054 1057
f 1056 1052 1054
v -5.898019 14.5 -17.49357
v -1.580466 16.5 -13.06455
v -1.694473 17 -13.18149
v -6.012025 15 -17.61051
v -0.2624076 17 -14.57775
v -4.465677 14.5 -18.88878
v -4.579683 15 -19.00571
v -0.1484012 16.5 -14.46081
v -1.580466 16.5 -13.06455
v -0.960337 17 -12.428
v -1.074344 17.5 -12.54494
v -1.694473 17 -13.18149
v -0.960337 17 -12.428
v 3.356548 19 -7.999921
v 3.242542 19.5 -8.11686
v -1.074344 17.5 -12.54494
v 0.3579805 17.5 -13.94146
v 0.4719872 17 -13.82452
v 4.675627 19.5 -9.513119
v 4.789633 19 -9.396179
v -5.54001 14.5 -17.84197
v -5.898019 14.5 -17.49357
v -6.012025 15 -17.61051
v -5.654017 15 -17.9589
v 3.242542 19.5 -8.11686
v 3.715382 19 -8.349285
v 3.601376 19.5 -8.466223
v 3.356548 19 -7.999921
v -1.694473 17 -13.18149
v -1.336408 17 -13.5306
v -5.654017 15 -17.9589
v -6.012025 15 -17.61051
v -5.898019 14.5 -17.49357
v -5.54001 14.5 -17.84197
v -1.580466 16.5 -13.06455
v -1.222401 16.5 -13.41366
v 3.242542 19.5 -8.11686
v -0.716019 17.5 -12.89431
v -1.074344 17.5 -12.54494
v 3.601376 19.5 -8.466223
v -0.716019 17.5 -12.89431
v -1.336408 17 -13.5306
v -1.074344 17.5 -12.54494
v -1.694473 17 -13.18149
v 3.356548 19 -7.999921
v -0.602012 17 -12.77737
v 3.715382 19 -8.349285
v -0.960337 17 -12.428
v -1.580466 16.5 -13.06455
v -1.222401 16.5 -13.41366
v -0.960337 17 -12.428
v -0.602012 17 -12.77737
v -4.465677 14.5 -18.88878
v -4.823844 14.5 -18.5399
v -4.93785 15 -18.65684
v -4.579683 15 -19.00571
v -4.823844 14.5 -18.5399
v -5.54001 14.5 -17.84197
v -5.654017 15 -17.9589
v -4.93785 15 -18.65684
v 4.317501 19.5 -9.164196
v 4.789633 19 -9.396179
v 4.675627 19.5 -9.513119
v 4.431507 19 -9.047257
v 3.601376 19.5 -8.466223
v 4.431507 19 -9.047257
v 4.317501 19.5 -9.164196
v 3.715382 19 -8.349285
v -4.93785 15 -18.65684
v -0.6204081 17 -14.2287
v -4.579683 15 -19.00571
v -0.2624076 17 -14.57775
v -4.93785 15 -18.65684
v -4.465677 14.5 -18.88878
v -0.1484012 16.5 -14.46081
v -0.5064012 16.5 -14.11176
v -4.823844 14.5 -18.5399
v -4.823844 14.5 -18.5399
v -0.716019 17.5 -12.89431
v 3.601376 19.5 -8.466223
v -1.94538E-05 17.5 -13.59241
v 4.317501 19.5 -9.164196
v 0.3579805 17.5 -13.94146
v 4.675627 19.5 -9.513119
v -0.6204081 17 -14.2287
v -1.94538E-05 17.5 -13.59241
v -0.2624076 17 -14.57775
v 0.3579805 17.5 -13.94146
v 0.4719872 17 -13.82452
v 4.789633 19 -9.396179
v 4.431507 19 -9.047257
v 0.1139874 17 -13.47547
v 3.715382 19 -8.349285
v -0.602012 17 -12.77737
v -0.1484012 16.5 -14.46081
v 0.4719872 17 -13.82452
v 0.1139874 17 -13.47547
v -0.5064012 16.5 -14.11176
v 0.5023902 16.47929 -2.958966
v 0.00238973 16.97929 -2.458966
v -0.4976107 16.47929 -1.958965
v 0.002389786 15.97929 -2.458966
v -0.5064012 16.5 -14.11176
v 0.1139874 17 -13.47547
v 1.379422 15.80709 -11.73859
v 1.249272 16.40866 -11.3905
v 0.1139874 17 -13.47547
v -0.602012 17 -12.77737
v 1.249272 16.40866 -11.3905
v 0.6253566 16.15149 -11.17933
v -0.602012 17 -12.77737
v -1.222401 16.5 -13.41366
v 0.6253566 16.15149 -11.17933
v 0.7555067 15.54991 -11.52743
v -1.222401 16.5 -13.41366
v -0.5064012 16.5 -14.11176
v 0.7555067 15.54991 -11.52743
v 1.379422 15.80709 -11.73859
v 1.379422 15.80709 -11.73859
v 1.249272 16.40866 -11.3905
v 0.5023902 16.47929 -2.958966
v 0.00238973 16.97929 -2.458966
v 1.249272 16.40866 -11.3905
v 0.6253566 16.15149 -11.17933
v 0.00238973 16.97929 -2.458966
v -0.4976107 16.47929 -1.958965
v 0.6253566 16.15149 -11.17933
v 0.7555067 15.54991 -11.52743
v -0.4976107 16.47929 -1.958965
v 0.002389786 15.97929 -2.458966
v 0.7555067 15.54991 -11.52743
v 1.379422 15.80709 -11.73859
v 0.002389786 15.97929 -2.458966
v 0.5023902 16.47929 -2.958966
f 1058 1059 1060
f 1061 1058 1060
f 1062 1063 1064
f 1062 1065 1063
f 1066 1067 1068
f 1069 1066 1068
f 1070 1071 1072
f 1073 1070 1072
f 1074 1065 1062
f 1074 1075 1065
f 1076 1075 1074
f 1076 1077 1075
f 1078 1079 1080
f 1081 1078 1080
f 1082 1083 1084
f 1082 1085 1083
f 1086 1087 1088
f 1086 1088 1089
f 1090 1091 1092
f 1091 1093 1092
f 1094 1095 1096
f 1097 1095 1094
f 1098 1099 1100
f 1100 1099 1101
f 1102 1103 1104
f 1105 1103 1102
f 1106 1107 1108
f 1108 1107 1109
f 1110 1111 1112
f 1113 1110 1112
f 1114 1115 1116
f 1117 1114 1116
f 1118 1119 1120
f 1118 1121 1119
f 1122 1123 1124
f 1122 1125 1123
f 1126 1127 1128
f 1127 1129 1128
f 1088 1087 1130
f 1087 1127 1130
f 1131 1132 1133
f 1131 1133 1134
f 1135 1133 1093
f 1135 1093 1091
f 1136 1137 1138
f 1137 1139 1138
f 1138 1139 1140
f 1139 1141 1140
f 1142 1143 1144
f 1143 1145 1144
f 1099 1098 1142
f 1098 1143 1142
f 1146 1147 1148
f 1146 1148 1149
f 1149 1148 1150
f 1149 1150 1151
f 1152 1153 1154
f 1152 1154 1155
f 1156 1157 1158
f 1156 1158 1159
f 1160 1161 1162
f 1161 1163 1162
f 1164 1165 1166
f 1165 1167 1166
f 1168 1169 1170
f 1169 1171 1170
f 1172 1173 1174
f 1173 1175 1174
f 1176 1177 1178
f 1177 1179 1178
f 1180 1181 1182
f 1181 1183 1182
f 1184 1185 1186
f 1185 1187 1186
f 1188 1189 1190
f 1189 1191 1190
v -17.13 1.93 -38.6
v -17.58 1.93 -38.60031
v -17.58 2.43 -38.60031
v -17.13 2.43 -38.6
v -17.58 2.43 -28.60028
v -17.13 1.93 -28.60044
v -17.13 2.43 -28.60044
v -17.58 1.93 -28.60028
v -17.13 1.93 -28.60044
v -17.12975 1.93 -29.19
v -17.12975 2.43 -29.19
v -17.13 2.43 -28.60044
v -31.12965 2.43 -29.19
v -31.12978 1.93 -28.5995
v -31.12978 2.43 -28.5995
v -31.12965 1.93 -29.19
v -17.58 2.43 -29.19031
v -17.13 2.43 -28.60044
v -17.12975 2.43 -29.19
v -17.58 2.43 -28.60028
v -17.12999 -10 -28.60044
v -17.57999 -10 -28.60028
v -17.57999 -10 -29.19031
v -17.12975 -10 -29.19
v -17.12975 2.43 -29.19
v -17.12975 1.93 -29.19
v -17.13011 1.93 -38.19
v -17.13011 2.43 -38.19
v -17.13011 2.43 -38.19
v -17.13011 1.93 -38.19
v -17.13 1.93 -38.6
v -17.13 2.43 -38.6
v -31.13006 2.43 -38.19
v -31.13006 1.93 -38.19
v -31.12965 2.43 -29.19
v -31.12965 1.93 -29.19
v -31.13 2.43 -38.6
v -31.13 1.93 -38.6
v -31.13006 2.43 -38.19
v -31.13006 1.93 -38.19
v -17.58 2.43 -38.19031
v -17.13 2.43 -38.6
v -17.58 2.43 -38.60031
v -17.13011 2.43 -38.19
v -17.12999 -10 -38.6
v -17.1301 -10 -38.19001
v -17.58 -10 -38.19032
v -17.58 -10 -38.60031
v -17.13011 1.93 -38.19
v -17.12975 1.93 -29.19
v -17.58 1.93 -29.19031
v -17.58 1.93 -38.19031
v -17.58 1.93 -38.60031
v -30.58 1.93 -38.59981
v -30.58 2.43 -38.59981
v -17.58 2.43 -38.60031
v -30.58 1.93 -38.59981
v -31.13 1.93 -38.6
v -31.13 2.43 -38.6
v -30.58 2.43 -38.59981
v -17.58 2.43 -28.60028
v -30.58 2.43 -28.59955
v -30.58 1.93 -28.59955
v -17.58 1.93 -28.60028
v -31.12978 2.43 -28.5995
v -31.12978 1.93 -28.5995
v -30.58 2.43 -29.18981
v -30.58 2.43 -28.59955
v -31.12965 2.43 -29.19
v -31.12978 2.43 -28.5995
v -17.58 1.93 -28.60028
v -30.58 1.93 -28.59955
v -30.58 1.93 -29.18981
v -30.58 -10 -28.59955
v -31.12978 -10 -28.5995
v -31.12965 -10 -29.19
v -30.58 -10 -29.18981
v -30.58 2.43 -38.59981
v -30.58 2.43 -38.18981
v -31.13 2.43 -38.6
v -31.13006 2.43 -38.19
v -17.58 1.93 -38.60031
v -30.58 1.93 -38.59981
v -30.58 1.93 -38.18981
v -30.58 -10 -38.59981
v -30.58 -10 -38.18982
v -31.13 -10 -38.6
v -31.13006 -10 -38.19001
v -31.12965 1.93 -29.19
v -31.13006 1.93 -38.19
v -17.13 1.93 -28.60044
v -17.58 1.93 -28.60028
v -17.12999 -10 -28.60044
v -17.57999 -10 -28.60028
v -17.58 1.93 -28.60028
v -17.58 1.93 -29.19031
v -17.57999 -10 -28.60028
v -17.57999 -10 -29.19031
v -17.12975 1.93 -29.19
v -17.13 1.93 -28.60044
v -17.12975 -10 -29.19
v -17.12999 -10 -28.60044
v -17.58 1.93 -29.19031
v -17.12975 1.93 -29.19
v -17.57999 -10 -29.19031
v -17.12975 -10 -29.19
v -17.13 1.93 -38.6
v -17.13011 1.93 -38.19
v -17.12999 -10 -38.6
v -17.1301 -10 -38.19001
v -17.13011 1.93 -38.19
v -17.58 1.93 -38.19031
v -17.1301 -10 -38.19001
v -17.58 -10 -38.19032
v -17.58 1.93 -38.60031
v -17.13 1.93 -38.6
v -17.58 -10 -38.60031
v -17.12999 -10 -38.6
v -17.58 1.93 -38.19031
v -17.58 1.93 -38.60031
v -17.58 -10 -38.19032
v -17.58 -10 -38.60031
v -30.58 1.93 -28.59955
v -31.12978 1.93 -28.5995
v -30.58 -10 -28.59955
v -31.12978 -10 -28.5995
v -31.12978 1.93 -28.5995
v -31.12965 1.93 -29.19
v -31.12978 -10 -28.5995
v -31.12965 -10 -29.19
v -30.58 1.93 -29.18981
v -30.58 1.93 -28.59955
v -30.58 -10 -29.18981
v -30.58 -10 -28.59955
v -31.12965 1.93 -29.19
v -30.58 1.93 -29.18981
v -31.12965 -10 -29.19
v -30.58 -10 -29.18981
v -30.58 1.93 -38.59981
v -30.58 1.93 -38.18981
v -30.58 -10 -38.59981
v -30.58 -10 -38.18982
v -31.13 1.93 -38.6
v -30.58 1.93 -38.59981
v -31.13 -10 -38.6
v -30.58 -10 -38.59981
v -30.58 1.93 -38.18981
v -31.13006 1.93 -38.19
v -30.58 -10 -38.18982
v -31.13006 -10 -38.19001
v -31.13006 1.93 -38.19
v -31.13 1.93 -38.6
v -31.13006 -10 -38.19001
v -31.13 -10 -38.6
f 1192 1193 1194
f 1195 1192 1194
f 1196 1197 1198
f 1196 1199 1197
f 1200 1201 1202
f 1203 1200 1202
f 1204 1205 1206
f 1204 1207 1205
f 1208 1209 1210
f 1208 1211 1209
f 1212 1213 1214
f 1215 1212 1214
f 1216 1217 1218
f 1216 1218 1219
f 1220 1221 1222
f 1220 1222 1223
f 1224 1225 1226
f 1225 1227 1226
f 1228 1229 1230
f 1229 1231 1230
f 1232 1233 1234
f 1232 1235 1233
f 1208 1235 1232
f 1208 1210 1235
f 1236 1237 1238
f 1239 1236 1238
f 1240 1241 1242
f 1243 1240 1242
f 1244 1245 1246
f 1247 1244 1246
f 1248 1249 1250
f 1251 1248 1250
f 1252 1253 1254
f 1252 1254 1255
f 1256 1254 1253
f 1256 1257 1254
f 1258 1211 1208
f 1258 1259 1211
f 1260 1259 1258
f 1260 1261 1259
f 1262 1263 1264
f 1242 1262 1264
f 1265 1266 1267
f 1268 1265 1267
f 1269 1270 1232
f 1269 1232 1234
f 1271 1272 1270
f 1271 1270 1269
f 1270 1258 1232
f 1232 1258 1208
f 1272 1260 1270
f 1270 1260 1258
f 1273 1243 1274
f 1243 1275 1274
f 1276 1277 1278
f 1277 1279 1278
f 1242 1264 1243
f 1243 1264 1275
f 1264 1280 1275
f 1275 1280 1281
f 1282 1283 1284
f 1283 1285 1284
f 1286 1287 1288
f 1287 1289 1288
f 1290 1291 1292
f 1291 1293 1292
f 1294 1295 1296
f 1295 1297 1296
f 1298 1299 1300
f 1299 1301 1300
f 1302 1303 1304
f 1303 1305 1304
f 1306 1307 1308
f 1307 1309 1308
f 1310 1311 1312
f 1311 1313 1312
f 1314 1315 1316
f 1315 1317 1316
f 1318 1319 1320
f 1319 1321 1320
f 1322 1323 1324
f 1323 1325 1324
f 1326 1327 1328
f 1327 1329 1328
f 1330 1331 1332
f 1331 1333 1332
f 1334 1335 1336
f 1335 1337 1336
f 1338 1339 1340
f 1339 1341 1340
f 1342 1343 1344
f 1343 1345 1344
v -7.695125 -7 -29.06139
v -9.817909 -7 -25.67114
v -9.817909 -4 -25.67114
v -7.695124 -4 -29.06139
v -9.817909 -7 -25.67114
v -9.560925 -8 -23.60457
v -9.560925 -4 -23.60457
v -9.817909 -4 -25.67114
v -5.165495 -4 -20.04364
v -3.884974 -7 -21.95627
v -3.884974 -4 -21.95627
v -5.165495 -8 -20.04364
v -3.884974 -4 -21.95627
v -2.609751 -7 -25.87722
v -2.609752 -4 -25.87721
v -3.884974 -7 -21.95627
v -2.609751 -7 -25.87722
v -4.621742 -7 -28.31687
v -4.621741 -4 -28.31687
v -2.609752 -4 -25.87721
v -4.621742 -7 -28.31687
v -7.695125 -7 -29.06139
v -7.695124 -4 -29.06139
v -4.621741 -4 -28.31687
v -9.560925 -4 -23.60457
v -8.253441 -8 -20.72525
v -8.253441 -4 -20.72525
v -9.560925 -8 -23.60457
v -8.253441 -4 -20.72525
v -5.165495 -8 -20.04364
v -5.165495 -4 -20.04364
v -8.253441 -8 -20.72525
v -9.817909 -4 -25.67114
v -7.275222 -4 -24.07905
v -4.621741 -4 -28.31687
v -7.695124 -4 -29.06139
v -3.884974 -4 -21.95627
v -2.609752 -4 -25.87721
v -9.560925 -4 -23.60457
v -8.253441 -4 -20.72525
v -5.165495 -4 -20.04364
v -7.275222 -7 -24.07906
v -9.560925 -8 -23.60457
v -9.817909 -7 -25.67114
v -8.253441 -8 -20.72525
v -3.884974 -7 -21.95627
v -8.253441 -8 -20.72525
v -7.275222 -7 -24.07906
v -5.165495 -8 -20.04364
v -4.621742 -7 -28.31687
v -9.817909 -7 -25.67114
v -7.695125 -7 -29.06139
v -7.275222 -7 -24.07906
v -2.609751 -7 -25.87722
v -3.884974 -7 -21.95627
f 1346 1347 1348
f 1349 1346 1348
f 1350 1351 1352
f 1353 1350 1352
f 1354 1355 1356
f 1354 1357 1355
f 1358 1359 1360
f 1358 1361 1359
f 1362 1363 1364
f 1365 1362 1364
f 1366 1367 1368
f 1369 1366 1368
f 1370 1371 1372
f 1370 1373 1371
f 1374 1375 1376
f 1374 1377 1375
f 1378 1379 1380
f 1381 1378 1380
f 1379 1382 1383
f 1380 1379 1383
f 1384 1385 1379
f 1378 1384 1379
f 1385 1386 1382
f 1379 1385 1382
f 1387 1388 1389
f 1387 1390 1388
f 1391 1392 1393
f 1391 1394 1392
f 1395 1396 1397
f 1395 1398 1396
f 1399 1398 1395
f 1399 1400 1398
v 17 -8 49
v 18 -7 42
v 18 -4 42
v 17 -4 49
v 18 -7 42
v 17 -8 35
v 17 -4 35
v 18 -4 42
v 15 -4 46
v 14 -4 42
v 14 -1 42
v 15 -1 46
v 14 -4 42
v 14 -4 39
v 14 -1 39
v 14 -1 42
v 0 -4 44
v 3 -8 52
v 3 -4 52
v 0 -8 44
v 2 -4 35
v 0 -8 44
v 0 -4 44
v 2 -8 35
v 5 -1 42
v 5 -4 47
v 5 -1 47
v 5 -4 42
v 6 -1 39
v 5 -4 42
v 5 -1 42
v 6 -4 39
v 15 -7 46
v 18 -7 42
v 17 -8 49
v 14 -7 42
v 18 -7 42
v 14 -7 39
v 17 -8 35
v 0 -8 44
v 6 -7 39
v 5 -7 42
v 2 -8 35
v 3 -8 52
v 0 -8 44
v 5 -7 47
v 5 -7 42
v 3 -8 52
v 10 -7 50
v 10 -4 50
v 3 -4 52
v 10 -7 50
v 17 -8 49
v 17 -4 49
v 10 -4 50
v 5 -4 47
v 11 -4 48
v 11 -1 48
v 5 -1 47
v 11 -4 48
v 15 -4 46
v 15 -1 46
v 11 -1 48
v 10 -4 34
v 2 -8 35
v 2 -4 35
v 10 -7 34
v 17 -4 35
v 10 -7 34
v 10 -4 34
v 17 -8 35
v 10 -1 38
v 6 -4 39
v 6 -1 39
v 10 -4 38
v 14 -1 39
v 10 -4 38
v 10 -1 38
v 14 -4 39
v 3 -8 52
v 5 -7 47
v 10 -7 50
v 11 -7 48
v 10 -7 50
v 15 -7 46
v 17 -8 49
v 14 -7 39
v 10 -7 38
v 10 -7 34
v 17 -8 35
v 6 -7 39
v 2 -8 35
v 10 -7 34
v 10 -7 42
v 14 -7 39
v 14 -7 42
v 10 -7 38
v 5 -7 42
v 6 -7 39
v 11 -7 48
v 15 -7 46
v 5 -7 47
v 17 -4 35
v 14 -4 39
v 18 -4 42
v 14 -4 42
v 15 -4 46
v 17 -4 49
v 5 -4 47
v 5 -4 42
v 0 -4 44
v 3 -4 52
v 6 -4 39
v 2 -4 35
v 11 -4 48
v 10 -4 50
v 10 -4 38
v 10 -4 34
v 14 -1 42
v 10 -1 42
v 11 -1 48
v 15 -1 46
v 5 -1 42
v 5 -1 47
v 14 -1 39
v 10 -1 38
v 6 -1 39
f 1401 1402 1403
f 1404 1401 1403
f 1405 1406 1407
f 1408 1405 1407
f 1409 1410 1411
f 1412 1409 1411
f 1413 1414 1415
f 1416 1413 1415
f 1417 1418 1419
f 1417 1420 1418
f 1421 1422 1423
f 1421 1424 1422
f 1425 1426 1427
f 1425 1428 1426
f 1429 1430 1431
f 1429 1432 1430
f 1433 1434 1435
f 1433 1436 1434
f 1437 1436 1438
f 1437 1438 1439
f 1440 1441 1442
f 1440 1443 1441
f 1444 1445 1446
f 1445 1447 1446
f 1448 1449 1450
f 1451 1448 1450
f 1452 1453 1454
f 1455 1452 1454
f 1456 1457 1458
f 1459 1456 1458
f 1460 1461 1462
f 1463 1460 1462
f 1464 1465 1466
f 1464 1467 1465
f 1468 1469 1470
f 1468 1471 1469
f 1472 1473 1474
f 1472 1475 1473
f 1476 1477 1478
f 1476 1479 1477
f 1480 1481 1482
f 1481 1483 1482
f 1484 1485 1486
f 1484 1483 1485
f 1487 1488 1489
f 1490 1487 1489
f 1491 1492 1493
f 1491 1493 1488
f 1494 1495 1496
f 1494 1497 1495
f 1498 1497 1494
f 1498 1499 1497
f 1500 1496 1501
f 1500 1494 1496
f 1502 1494 1500
f 1502 1498 1494
f 1503 1504 1505
f 1504 1506 1505
f 1505 1506 1507
f 1508 1505 1507
f 1509 1510 1511
f 1509 1511 1512
f 1513 1514 1511
f 1510 1513 1511
f 1507 1515 1516
f 1508 1507 1516
f 1516 1515 1509
f 1516 1509 1512
f 1517 1518 1513
f 1518 1514 1513
f 1518 1504 1503
f 1518 1517 1504
f 1519 1520 1521
f 1522 1519 1521
f 1520 1523 1524
f 1521 1520 1524
f 1525 1526 1520
f 1519 1525 1520
f 1526 1527 1523
f 1520 1526 1523
v 23 22.5 -6.000001
v 17 22.5 -6.000001
v 17 23 -6.000001
v 23 23 -6.000001
v 17 23 4.000029
v 23 22.5 3.999563
v 23 23 3.999563
v 17 22.5 4.000029
v 9.499998 22.5 -5.999811
v 9.499998 23 -5.999811
v 9.499998 22.5 -5.999811
v 8.999995 22.5 -6.000001
v 8.999995 23 -6.000001
v 9.499998 23 -5.999811
v 9.499998 23 4.000455
v 9.499998 22.5 4.000455
v 9.000218 23 4.000495
v 9.000218 22.5 4.000495
v 22.99998 22.5 -1.5
v 23 22.5 -6.000001
v 23 23 -6.000001
v 22.99998 23 -1.5
v 8.999995 23 -6.000001
v 9.000078 22.5 -1.5
v 9.000078 23 -1.5
v 8.999995 22.5 -6.000001
v 17 23 -6.000001
v 16.99997 23 -1.5
v 22.99998 23 -1.5
v 23 23 -6.000001
v 23 22.5 -6.000001
v 22.99998 22.5 -1.5
v 17 22.5 -6.000001
v 16.99997 22.5 -1.5
v 8.999995 23 -6.000001
v 9.000078 23 -1.5
v 9.499998 23 -5.999811
v 9.499969 23 -1.5
v 9.499969 22.5 -1.5
v 9.000078 22.5 -1.5
v 9.499998 22.5 -5.999811
v 8.999995 22.5 -6.000001
v 23 22.5 3.999563
v 22.99999 22.5 1.249781
v 22.99999 23 1.249781
v 23 23 3.999563
v 9.000149 23 1.250247
v 9.000218 22.5 4.000495
v 9.000218 23 4.000495
v 9.000149 22.5 1.250247
v 16.99999 23 1.250014
v 23 23 3.999563
v 22.99999 23 1.249781
v 17 23 4.000029
v 23 22.5 3.999563
v 17 22.5 4.000029
v 16.99999 22.5 1.250014
v 22.99999 22.5 1.249781
v 9.000149 23 1.250247
v 9.499984 23 1.250228
v 9.499998 23 4.000455
v 9.000218 23 4.000495
v 9.499962 9.5 -1.500002
v 9.499976 9.5 1.250229
v 9.000071 9.5 -1.500002
v 9.000141 9.5 1.250248
v 9.499998 22.5 4.000455
v 9.000218 22.5 4.000495
v 9.000149 22.5 1.250247
v 9.499984 22.5 1.250228
v 9.499969 22.5 -1.5
v 9.499984 22.5 1.250228
v 9.499962 9.5 -1.500002
v 9.499976 9.5 1.250229
v 9.000078 22.5 -1.5
v 9.499969 22.5 -1.5
v 9.000071 9.5 -1.500002
v 9.499962 9.5 -1.500002
v 9.499984 22.5 1.250228
v 9.000149 22.5 1.250247
v 9.499976 9.5 1.250229
v 9.000141 9.5 1.250248
v 9.000149 22.5 1.250247
v 9.000078 22.5 -1.5
v 9.000141 9.5 1.250248
v 9.000071 9.5 -1.500002
f 1528 1529 1530
f 1531 1528 1530
f 1532 1533 1534
f 1532 1535 1533
f 1529 1536 1537
f 1530 1529 1537
f 1538 1539 1540
f 1541 1538 1540
f 1532 1542 1543
f 1532 1543 1535
f 1544 1543 1542
f 1544 1545 1543
f 1546 1547 1548
f 1549 1546 1548
f 1550 1551 1552
f 1550 1553 1551
f 1554 1555 1556
f 1554 1556 1557
f 1558 1559 1560
f 1559 1561 1560
f 1562 1563 1564
f 1564 1563 1565
f 1564 1565 1555
f 1564 1555 1554
f 1566 1567 1568
f 1568 1567 1569
f 1560 1561 1568
f 1561 1566 1568
f 1570 1571 1572
f 1573 1570 1572
f 1571 1546 1549
f 1572 1571 1549
f 1574 1575 1576
f 1574 1577 1575
f 1552 1577 1574
f 1552 1551 1577
f 1578 1579 1580
f 1578 1581 1579
f 1555 1578 1580
f 1555 1580 1556
f 1582 1583 1584
f 1585 1582 1584
f 1559 1585 1561
f 1585 1584 1561
f 1563 1586 1587
f 1563 1587 1565
f 1586 1588 1587
f 1586 1589 1588
f 1587 1581 1578
f 1587 1588 1581
f 1565 1587 1578
f 1565 1578 1555
f 1590 1591 1592
f 1591 1593 1592
f 1594 1595 1596
f 1597 1594 1596
f 1583 1594 1597
f 1584 1583 1597
f 1561 1584 1566
f 1584 1597 1566
f 1598 1599 1600
f 1599 1601 1600
f 1602 1603 1604
f 1603 1605 1604
f 1606 1607 1608
f 1607 1609 1608
f 1610 1611 1612
f 1611 1613 1612
v -1.07162 -8 2.11353
v -2.392893 -7 2.161848
v -2.392895 -3 2.161848
v -1.071621 -3 2.11353
v -2.392893 -7 2.161848
v -3.590219 -8 3.865721
v -3.59022 -3 3.865721
v -2.392895 -3 2.161848
v -2.7245 -3 9.455941
v -0.4912814 -7 8.898604
v -0.4912823 -3 8.898606
v -2.724498 -8 9.455939
v -0.4912823 -3 8.898606
v 3.086635 -7 6.849575
v 3.086635 -3 6.849577
v -0.4912814 -7 8.898604
v 3.086635 -7 6.849575
v 1.48171 -8 5.192575
v 1.48171 -3 5.192576
v 3.086635 -3 6.849577
v 1.48171 -8 5.192575
v -1.07162 -8 2.11353
v -1.071621 -3 2.11353
v 1.48171 -3 5.192576
v -3.59022 -3 3.865721
v -4.554913 -8 6.87726
v -4.554915 -3 6.877262
v -3.590219 -8 3.865721
v -4.554915 -3 6.877262
v -2.724498 -8 9.455939
v -2.7245 -3 9.455941
v -4.554913 -8 6.87726
v -2.392895 -3 2.161848
v -1.577918 -3 5.049031
v 1.48171 -3 5.192576
v -1.071621 -3 2.11353
v -0.4912823 -3 8.898606
v 3.086635 -3 6.849577
v -3.59022 -3 3.865721
v -4.554915 -3 6.877262
v -4.554917 0 6.877263
v -2.724501 0 9.455943
v -0.4912832 0 8.898608
v -1.577919 0 5.049031
v -1.577917 -7 5.049029
v -3.590219 -8 3.865721
v -2.392893 -7 2.161848
v -4.554913 -8 6.87726
v -0.4912814 -7 8.898604
v -4.554913 -8 6.87726
v -1.577917 -7 5.049029
v -2.724498 -8 9.455939
v 1.48171 -8 5.192575
v -2.392893 -7 2.161848
v -1.07162 -8 2.11353
v -1.577917 -7 5.049029
v 3.086635 -7 6.849575
v -1.577917 -7 5.049029
v 1.48171 -8 5.192575
v -0.4912814 -7 8.898604
v -4.554915 -3 6.877262
v -2.7245 -3 9.455941
v -4.554917 0 6.877263
v -2.724501 0 9.455943
v -2.7245 -3 9.455941
v -0.4912823 -3 8.898606
v -2.724501 0 9.455943
v -0.4912832 0 8.898608
v -1.577918 -3 5.049031
v -4.554915 -3 6.877262
v -1.577919 0 5.049031
v -4.554917 0 6.877263
v -0.4912823 -3 8.898606
v -1.577918 -3 5.049031
v -0.4912832 0 8.898608
v -1.577919 0 5.049031
f 1614 1615 1616
f 1617 1614 1616
f 1618 1619 1620
f 1621 1618 1620
f 1622 1623 1624
f 1622 1625 1623
f 1626 1627 1628
f 1626 1629 1627
f 1630 1631 1632
f 1633 1630 1632
f 1634 1635 1636
f 1637 1634 1636
f 1638 1639 1640
f 1638 1641 1639
f 1642 1643 1644
f 1642 1645 1643
f 1646 1647 1648
f 1649 1646 1648
f 1647 1650 1651
f 1648 1647 1651
f 1652 1653 1647
f 1646 1652 1647
f 1654 1655 1656
f 1657 1654 1656
f 1658 1659 1660
f 1658 1661 1659
f 1662 1663 1664
f 1662 1665 1663
f 1666 1667 1668
f 1666 1669 1667
f 1670 1671 1672
f 1670 1673 1671
f 1674 1675 1676
f 1675 1677 1676
f 1678 1679 1680
f 1679 1681 1680
f 1682 1683 1684
f 1683 1685 1684
f 1686 1687 1688
f 1687 1689 1688
v -1.767574 -7 -2.57516
v -4.917893 -7 -5.040011
v -4.917893 -1 -5.040011
v -1.767574 -1 -2.57516
v -8.068213 -7 -7.504862
v -8.068213 -1 -7.504862
v -11.76549 -1 -2.779384
v -9.231383 -7 0.4730472
v -9.231383 -1 0.4730472
v -11.76549 -7 -2.779384
v -9.231383 -1 0.4730472
v -5.464851 -7 2.150319
v -5.464851 -1 2.150319
v -9.231383 -7 0.4730472
v -5.464851 -7 2.150319
v -2.828633 -7 0.4037926
v -2.828633 -1 0.4037926
v -5.464851 -1 2.150319
v -2.828633 -7 0.4037926
v -1.767574 -7 -2.57516
v -1.767574 -1 -2.57516
v -2.828633 -1 0.4037926
v -8.068213 -1 -7.504862
v -10.70443 -7 -5.758336
v -10.70443 -1 -5.758336
v -8.068213 -7 -7.504862
v -10.70443 -1 -5.758336
v -11.76549 -7 -2.779384
v -11.76549 -1 -2.779384
v -10.70443 -7 -5.758336
v -4.917893 -1 -5.040011
v -6.766532 -1 -2.677272
v -2.828633 -1 0.4037926
v -1.767574 -1 -2.57516
v -9.231383 -1 0.4730472
v -5.464851 -1 2.150319
v -8.068213 -1 -7.504862
v -10.70443 -1 -5.758336
v -11.76549 -1 -2.779384
v -6.766532 -7 -2.677272
v -8.068213 -7 -7.504862
v -4.917893 -7 -5.040011
v -10.70443 -7 -5.758336
v -9.231383 -7 0.4730472
v -11.76549 -7 -2.779384
v -2.828633 -7 0.4037926
v -1.767574 -7 -2.57516
v -5.464851 -7 2.150319
f 1690 1691 1692
f 1693 1690 1692
f 1691 1694 1695
f 1692 1691 1695
f 1696 1697 1698
f 1696 1699 1697
f 1700 1701 1702
f 1700 1703 1701
f 1704 1705 1706
f 1707 1704 1706
f 1708 1709 1710
f 1711 1708 1710
f 1712 1713 1714
f 1712 1715 1713
f 1716 1717 1718
f 1716 1719 1717
f 1720 1721 1722
f 1723 1720 1722
f 1721 1724 1725
f 1722 1721 1725
f 1726 1727 1721
f 1720 1726 1721
f 1727 1728 1724
f 1721 1727 1724
f 1729 1730 1731
f 1729 1732 1730
f 1733 1732 1729
f 1733 1734 1732
f 1735 1731 1736
f 1735 1729 1731
f 1737 1729 1735
f 1737 1733 1729
v -50 6.5 -21.00033
v -50 6.5 -20
v -50 7 -20
v -50 7 -21.00033
v -32 7 -20
v -32 6.5 -20.99978
v -32 7 -20.99978
v -32 6.5 -20
v -49.5 -7 -21.00033
v -49.5 -7 -20
v -50 -7 -21.00033
v -50 -7 -20
v -49.5 7 -21.00033
v -49.5 6.5 -21.00033
v -50 7 -21.00033
v -50 6.5 -21.00033
v -49.5 7 -20
v -49.5 7 -21.00033
v -50 7 -20
v -50 7 -21.00033
v -49.5 6.5 -7.000327
v -49.5 7 -7.000327
v -50 6.5 -7.000327
v -50 7 -7.000327
v -49.5 6.5 -21.00033
v -49.5 6.5 -20
v -49.5 -7 -21.00033
v -49.5 -7 -20
v -50 -7 -21.00033
v -49.5 -7 -21.00033
v -49.5 -7 -7.000327
v -50 -7 -7.000327
v -50 -7 -20
v -50 -7 -21.00033
v -32 6.5 -20.99978
v -33 6.5 -21.00006
v -33 7 -21.00006
v -32 7 -20.99978
v -33 6.5 -21.00006
v -49.5 6.5 -21.00033
v -49.5 7 -21.00033
v -33 7 -21.00006
v -49.5 7 -7.000327
v -33 6.5 -7.000163
v -33 7 -7.000163
v -49.5 6.5 -7.000327
v -33 7 -7.000163
v -32 6.5 -6.999999
v -32 7 -6.999999
v -33 6.5 -7.000163
v -33 7 -21.00006
v -33 7 -20
v -32 7 -20.99978
v -32 7 -20
v -33 6.5 -21.00006
v -33 6.5 -20
v -49.5 6.5 -20
v -49.5 6.5 -21.00033
v -32 -7.5 -20.99978
v -32 -7.5 -20
v -33 -7.5 -20
v -33 -7.5 -21.00006
v -50 6.5 -8
v -50 7 -8
v -50 6.5 -7.000327
v -50 7 -7.000327
v -32 7 -8
v -32 6.5 -8
v -32 7 -6.999999
v -32 6.5 -6.999999
v -50 7 -8
v -50 7 -7.000327
v -49.5 7 -8
v -49.5 7 -7.000327
v -49.5 -7 -8
v -50 -7 -8
v -49.5 -7 -7.000327
v -50 -7 -7.000327
v -49.5 6.5 -8
v -49.5 -7 -8
v -49.5 6.5 -7.000327
v -49.5 -7 -7.000327
v -50 -7 -8
v -50 -7 -7.000327
v -33 7 -8
v -33 7 -7.000163
v -32 7 -8
v -32 7 -6.999999
v -33 6.5 -8
v -49.5 6.5 -8
v -33 6.5 -7.000163
v -49.5 6.5 -7.000327
v -32 6.5 -20
v -32 6.5 -8
v -32 -7.5 -7.999999
v -32 -7.5 -6.999999
v -33 -7.5 -7.000163
v -33 -7.5 -8
v -32 6.5 -6.999999
v -32 -7.5 -7.999999
v -32 -7.5 -6.999999
v -32 6.5 -6.999999
v -33 6.5 -7.000163
v -32 -7.5 -6.999999
v -33 -7.5 -7.000163
v -33 6.5 -7.000163
v -33 6.5 -8
v -33 -7.5 -7.000163
v -33 -7.5 -8
v -33 6.5 -8
v -32 6.5 -8
v -33 -7.5 -8
v -32 -7.5 -7.999999
v -32 -7.5 -20.99978
v -32 -7.5 -20
v -32 6.5 -20
v -33 6.5 -20
v -32 -7.5 -20
v -33 -7.5 -20
v -33 6.5 -20
v -33 6.5 -21.00006
v -33 -7.5 -20
v -33 -7.5 -21.00006
v -33 6.5 -21.00006
v -32 6.5 -20.99978
v -33 -7.5 -21.00006
v -32 -7.5 -20.99978
f 1738 1739 1740
f 1741 1738 1740
f 1742 1743 1744
f 1742 1745 1743
f 1746 1747 1748
f 1747 1749 1748
f 1750 1751 1752
f 1751 1753 1752
f 1754 1755 1756
f 1755 1757 1756
f 1758 1759 1760
f 1759 1761 1760
f 1762 1763 1764
f 1763 1765 1764
f 1753 1751 1766
f 1751 1767 1766
f 1758 1760 1768
f 1760 1769 1768
f 1739 1738 1770
f 1738 1771 1770
f 1772 1773 1774
f 1775 1772 1774
f 1776 1777 1778
f 1779 1776 1778
f 1780 1781 1782
f 1780 1783 1781
f 1784 1785 1786
f 1784 1787 1785
f 1755 1754 1788
f 1754 1789 1788
f 1788 1789 1790
f 1789 1791 1790
f 1792 1793 1794
f 1792 1794 1795
f 1796 1797 1798
f 1796 1798 1799
f 1739 1800 1801
f 1740 1739 1801
f 1800 1802 1803
f 1801 1800 1803
f 1804 1745 1742
f 1804 1805 1745
f 1806 1805 1804
f 1806 1807 1805
f 1808 1809 1810
f 1809 1811 1810
f 1756 1808 1810
f 1756 1810 1754
f 1747 1812 1749
f 1812 1813 1749
f 1812 1814 1815
f 1812 1815 1813
f 1816 1765 1763
f 1816 1817 1765
f 1818 1817 1816
f 1818 1819 1817
f 1820 1821 1802
f 1800 1820 1802
f 1770 1820 1739
f 1820 1800 1739
f 1754 1810 1789
f 1810 1822 1789
f 1810 1811 1822
f 1811 1823 1822
f 1789 1822 1791
f 1822 1824 1791
f 1822 1823 1824
f 1823 1825 1824
f 1793 1826 1827
f 1793 1827 1794
f 1826 1828 1829
f 1826 1829 1827
f 1830 1831 1826
f 1830 1826 1793
f 1832 1833 1834
f 1832 1834 1835
f 1805 1836 1837
f 1836 1838 1837
f 1839 1840 1841
f 1840 1842 1841
f 1843 1844 1845
f 1844 1846 1845
f 1847 1848 1849
f 1848 1850 1849
f 1743 1745 1851
f 1745 1852 1851
f 1853 1854 1855
f 1854 1856 1855
f 1857 1858 1859
f 1858 1860 1859
f 1861 1862 1863
f 1862 1864 1863
v -1948.369 -77.40133 1771.752
v -1948.369 -60.26177 1893.269
v -1826.852 -75.06325 1893.269
v -1826.852 -80.13828 1771.752
v -1948.369 -83.41991 1650.236
v -1705.336 -59.07838 1893.269
v -1826.852 -62.21967 1650.236
v -1948.369 -60.74539 1528.719
v -1705.336 -69.46096 1771.752
v -1583.819 -87.47517 1893.269
v -1826.852 -50.95874 1528.719
v -1948.369 -89.70356 1407.202
v -1705.336 -51.09961 1650.236
v -1583.819 -71.13896 1771.752
v -1462.302 -55.07796 1893.269
v -1826.852 -58.79414 1407.202
v -1948.369 -61.50735 1285.685
v -1705.336 -72.21648 1528.719
v -1462.302 -76.34456 1771.752
v -1340.785 -78.23666 1893.269
v -1583.819 -73.58164 1650.236
v -1826.852 -79.58449 1285.685
v -1948.369 -76.1489 1164.168
v -1340.785 -75.5812 1771.752
v -1219.268 -64.13934 1893.269
v -1705.336 -79.68772 1407.202
v -1583.819 -57.22097 1528.719
v -1462.302 -86.60616 1650.236
v -1826.852 -58.1614 1164.168
v -1948.369 -54.56787 1042.651
v -1219.268 -68.7738 1771.752
v -1097.751 -65.40716 1893.269
v -1705.336 -65.38621 1285.685
v -1583.819 -68.11935 1407.202
v -1462.302 -84.07036 1528.719
v -1340.785 -52.29094 1650.236
v -1826.852 -59.59171 1042.651
v -1948.369 -52.27728 921.1346
v -1097.751 -66.78608 1771.752
v -976.2346 -78.45255 1893.269
v -1705.336 -54.26133 1164.168
v -1583.819 -84.35283 1285.685
v -1462.302 -66.75425 1407.202
v -1340.785 -70.05047 1528.719
v -1219.268 -70.86948 1650.236
v -976.2346 -74.51142 1771.752
v -854.7178 -56.64338 1893.269
v -1097.751 -78.37724 1650.236
v -1219.268 -80.44614 1528.719
v -1340.785 -59.60252 1407.202
v -1462.302 -68.20768 1285.685
v -854.7178 -68.44169 1771.752
v -733.201 -60.98253 1893.269
v -976.2346 -70.41896 1650.236
v -1097.751 -73.17123 1528.719
v -1219.268 -73.48473 1407.202
v -733.201 -62.04167 1771.752
v -611.6841 -77.75574 1893.269
v -854.7178 -59.17182 1650.236
v -976.2346 -51.21351 1528.719
v -611.6841 -55.18723 1771.752
v -490.1673 -64.34277 1893.269
v -733.201 -72.56621 1650.236
v -490.1673 -63.82813 1771.752
v -368.6505 -61.57047 1893.269
v -1340.785 -67.80141 1285.685
v -1097.751 -72.72722 1407.202
v -854.7181 -69.0093 1528.719
v -611.6855 -57.12584 1650.237
v -368.6505 -60.51782 1771.752
v -247.1337 -69.65464 1893.269
v -1219.268 -67.81792 1285.685
v -976.2378 -53.14001 1407.205
v -733.2039 -74.48739 1528.722
v -490.1717 -67.64294 1650.242
v -247.1337 -59.229 1771.752
v -125.6168 -51.03148 1893.269
v -1097.752 -53.09937 1285.686
v -854.7173 -79.00507 1407.201
v -611.7324 -52.72734 1528.801
v -368.6646 -55.48965 1650.272
v -125.6168 -73.48019 1771.752
v -4.100003 -48.13192 1893.269
v -976.2665 -57.29366 1285.714
v -733.2203 -74.0084 1407.227
v -490.1554 -82.65869 1528.69
v -247.1414 -59.10389 1650.287
v -4.100003 -76.52726 1771.752
v 117.4168 -62.74456 1893.269
v -854.7739 -69.09287 1285.741
v -611.7216 -72.71534 1407.265
v -368.762 -41.31711 1529.118
v -125.6168 -56.32625 1650.303
v 117.4168 -69.30182 1771.752
v 238.9337 -62.92793 1893.269
v -732.8318 -109.1328 1285.245
v -490.2794 -63.41293 1407.461
v -247.2242 -28.50544 1529.393
v -4.107294 -96.97504 1650.187
v 238.9337 -81.03606 1771.752
v 360.4505 -79.26221 1893.269
v -612.5533 -17.55918 1286.985
v -368.8197 -52.20506 1407.791
v -125.6168 -84.84444 1528.615
v 117.4275 -61.03139 1650.263
v 360.4505 -63.23524 1771.752
v 481.9673 -50.3579 1893.269
v -490.5471 -48.24651 1286.442
v -247.1869 -62.15409 1407.572
v -4.112954 -84.98799 1528.622
v 238.939 -65.19427 1650.243
v 481.9673 -66.47082 1771.752
v 603.4842 -69.81273 1893.269
v -368.6479 -72.23759 1285.677
v -125.6182 -52.51937 1407.867
v 117.4132 -79.45901 1528.705
v 360.4509 -71.41608 1650.236
v 603.4842 -42.91999 1771.752
v 725.001 -63.24997 1893.269
v -247.3279 -41.82147 1286.818
v -4.096567 -74.01498 1407.236
v 238.9728 -61.19481 1528.854
v 481.9673 -63.72104 1650.236
v 725.001 -76.99133 1771.752
v 846.5178 -52.89908 1893.269
v -125.6836 -37.83592 1287.065
v 117.5613 -42.08073 1408.21
v 360.4554 -73.28592 1528.749
v 603.4842 -84.63135 1650.236
v 846.5178 -79.00492 1771.752
v 968.0346 -78.8231 1893.269
v -4.09994 -71.29046 1285.661
v 238.9699 -67.3493 1407.484
v 481.9677 -64.86642 1528.785
v 725.001 -80.11181 1650.236
v 968.0346 -71.5613 1771.752
v 1089.551 -72.23306 1893.269
v 117.4213 -63.95342 1286.065
v 360.5286 -46.83815 1408.083
v 603.4852 -46.04491 1528.873
v 846.5178 -67.39468 1650.236
v 1089.551 -78.78455 1771.752
v 1211.068 -78.24304 1893.269
v 238.917 -79.1373 1285.209
v 481.9759 -71.35828 1407.366
v 725.0087 -66.48989 1528.767
v 968.0346 -51.03621 1650.236
v 1211.068 -71.16203 1771.752
v 1332.585 -87.53115 1893.269
v 360.5132 -55.47577 1286.659
v 603.4844 -77.21817 1407.205
v 846.5323 -63.27004 1528.756
v 1089.551 -55.81789 1650.236
v 1332.585 -70.49777 1771.752
v 1454.102 -50.36654 1893.269
v 481.9654 -72.4569 1285.664
v 725.0217 -70.61446 1407.349
v 968.0303 -85.55168 1528.713
v 1211.068 -90.38517 1650.236
v 1454.102 -47.65372 1771.752
v 1575.619 -47.13106 1893.269
v 603.6002 -53.38139 1286.688
v 846.5533 -70.35604 1407.329
v 1089.553 -64.64225 1528.72
v 1332.585 -41.87667 1650.235
v 1575.619 -51.52751 1771.752
v 1697.136 -47.51913 1893.269
v 725.1207 -57.99627 1286.377
v 968.0738 -69.60557 1407.297
v 1211.068 -59.84578 1528.719
v 1454.102 -55.25745 1650.236
v 1697.136 -73.09722 1771.752
v 1818.652 -67.85176 1893.269
v 846.5613 -70.50558 1285.836
v 1089.611 -57.91821 1407.303
v 1332.585 -67.83875 1528.719
v 1575.619 -89.71861 1650.236
v 1818.652 -63.11909 1771.752
v 1940.169 -85.77798 1893.269
v 1940.169 -89.07173 1771.752
v 1697.136 -57.87205 1650.236
v 1818.652 -51.57481 1650.236
v 1940.169 -76.97687 1650.236
v 1454.102 -49.71714 1528.719
v 1211.064 -82.76685 1407.197
v 1575.619 -63.45891 1528.719
v 1818.652 -60.03432 1528.719
v 1940.169 -79.11632 1528.719
v 1697.136 -52.53994 1528.719
v 1332.586 -60.84198 1407.203
v 1818.652 -73.15469 1407.202
v 1940.169 -65.13276 1407.202
v 1454.102 -68.45124 1407.202
v 1697.136 -73.46194 1407.202
v 1575.619 -61.4445 1407.202
v 1818.652 -56.11481 1285.685
v 1940.169 -65.16879 1285.685
v 1697.136 -65.33195 1285.685
v 1575.619 -70.85116 1285.685
v 1454.105 -62.11783 1285.688
v 1332.613 -64.82204 1285.717
v 1818.652 -79.63884 1164.168
v 1940.169 -69.25341 1164.168
v 1697.136 -50.62216 1164.168
v 1575.62 -59.28826 1164.169
v 1454.097 -80.78911 1164.164
v 1818.652 -63.26731 1042.651
v 1940.169 -62.57738 1042.651
v 1697.136 -65.2197 1042.651
v 1575.654 -49.54102 1042.682
v 1818.652 -61.76966 921.1346
v 1940.169 -45.36942 921.1346
v 1697.135 -82.73692 921.134
v 1818.652 -71.06033 799.6178
v 1940.169 -42.56951 799.6177
v 1332.566 -80.43626 1164.149
v 1454.418 -42.09533 1042.893
v 1575.653 -71.62231 921.1546
v 1697.154 -57.63482 799.6306
v 1818.652 -88.06971 678.101
v 1940.169 -49.30771 678.1009
v 1332.996 -57.55747 1042.996
v 1453.796 -93.81618 920.9533
v 1575.851 -56.87475 799.7133
v 1697.196 -53.9699 678.1242
v 1818.652 -66.08448 556.5841
v 1940.169 -78.591 556.5841
v 1333.162 -57.35942 921.5204
v 1453.694 -89.74249 799.4418
v 1575.877 -62.52463 678.1727
v 1697.213 -59.5167 556.5964
v 1818.652 -65.89513 435.0673
v 1940.169 -71.46373 435.0673
v 1333.044 -61.08749 799.8479
v 1455.532 -37.21745 678.5112
v 1576.678 -27.26479 556.7284
v 1697.133 -79.07059 435.0673
v 1818.652 -67.26993 313.5504
v 1940.169 -67.90512 313.5504
v 1333.487 -51.89351 678.4025
v 1453.99 -75.83961 556.5681
v 1576.149 -53.94624 435.0673
v 1697.194 -63.99654 313.5411
v 1818.652 -84.20722 192.0336
v 1940.169 -70.83247 192.0336
v 1333.887 -44.9146 556.8021
v 1453.816 -79.13641 435.0673
v 1575.281 -93.55503 313.5964
v 1697.178 -61.31111 192.0173
v 1818.652 -66.98796 70.51681
v 1940.169 -66.91807 70.51681
v 1333.329 -53.95942 435.0673
v 1454.713 -59.38845 313.4629
v 1575.836 -65.0593 191.9752
v 1697.162 -56.27471 70.50999
v 1818.653 -73.96884 -50.99959
v 1940.169 -62.49499 -51.00001
v 1333.322 -54.4099 313.4318
v 1455.706 -34.3353 191.6638
v 1575.508 -86.54637 70.52594
v 1697.168 -69.11705 -50.97338
v 1818.693 -55.93216 -172.4822
v 1940.169 -70.8774 -172.5168
v 1333.132 -59.33239 191.9433
v 1454.733 -60.03441 70.51971
v 1575.511 -84.2245 -51.06116
v 1697.096 -81.73747 -172.5474
v 1818.739 -66.24549 -293.9835
v 1940.176 -61.39913 -294.0274
v 1337.682 6.369837 71.11125
v 1454.623 -63.91531 -50.76849
v 1575.741 -72.1772 -172.423
v 1697.739 -54.52527 -293.6766
v 1819.268 -37.97623 -415.295
v 1940.171 -77.74592 -415.549
v 1333.128 -60.11384 -50.77388
v 1453.543 -80.20399 -172.8966
v 1576.017 -64.29858 -293.7719
v 1698.652 -38.8694 -414.8956
v 1819.143 -57.07014 -536.931
v 1940.311 -58.3452 -537.0129
v 1334.156 -44.07159 -171.6007
v 1454.305 -61.90976 -293.8962
v 1577.122 -45.7253 -414.8157
v 1697.323 -69.23842 -537.0134
v 1819.143 -60.67428 -658.5175
v 1940.407 -57.93533 -658.5463
v 1328.851 -91.53689 -296.4225
v 1454.569 -53.03738 -415.3029
v 1576.228 -56.59621 -536.8708
v 1699.955 -25.8551 -658.179
v 1818.597 -78.58538 -780.101
v 1940.473 -55.81861 -780.101
v 1336.197 -12.56372 -413.5222
v 1454.53 -48.68463 -536.9191
v 1576.554 -50.94653 -658.4365
v 1696.247 -84.16906 -780.101
v 1819.167 -59.89812 -901.6877
v 1940.461 -53.22629 -901.6642
v 1332.969 -35.38028 -536.922
v 1453.752 -52.59747 -658.6401
v 1573.052 -89.48797 -780.0842
v 1698.227 -53.56076 -901.7747
v 1818.784 -72.19209 -1023.171
v 1940.214 -72.13058 -1023.152
v 1335.37 -12.28089 -658.1288
v 1460.804 12.37821 -780.2803
v 1575.705 -60.61691 -901.6326
v 1697.785 -60.77721 -1023.321
v 1818.822 -67.2671 -1144.722
v 1940.207 -63.68085 -1144.677
v 1337.792 8.10312 -780.3918
v 1454.448 -46.66817 -901.6921
v 1574.262 -81.70328 -1022.68
v 1697.44 -67.65515 -1144.783
v 1818.634 -81.18746 -1266.158
v 1940.169 -79.78882 -1266.168
v 1331.182 -48.1162 -901.225
v 1458.756 -3.293947 -1025.031
v 1576.557 -53.52393 -1145.122
v 1697.494 -63.71168 -1266.38
v 1818.659 -74.73195 -1387.691
v 1940.169 -52.51662 -1387.685
v 1334.423 -23.64198 -1024.075
v 1451.261 -95.05407 -1142.936
v 1575.321 -78.23306 -1265.969
v 1697.385 -58.21597 -1387.876
v 1818.651 -92.53732 -1509.201
v 1940.169 -87.29979 -1509.202
v 1331.292 -63.98363 -1143.679
v 1455.504 -42.55759 -1267.291
v 1576.426 -49.40898 -1388.362
v 1697.203 -58.21477 -1509.262
v 1818.652 -88.5739 -1630.719
v 1940.169 -69.23344 -1630.719
v 1331.225 -77.03028 -1264.811
v 1454.628 -59.29127 -1388.211
v 1575.893 -57.47049 -1509.476
v 1697.139 -67.63912 -1630.722
v 1818.652 -74.72388 -1752.236
v 1940.169 -68.31679 -1752.236
v 1332.999 -56.7408 -1388.201
v 1453.58 -96.45563 -1508.579
v 1575.622 -77.42229 -1630.723
v 1697.136 -60.05047 -1752.236
v 1818.652 -51.35038 -1873.752
v 1940.169 -61.89261 -1873.752
v 1818.652 -76.67085 -1995.269
v 1940.169 -98.67306 -1995.269
v 1697.136 -75.8895 -1995.269
v 1697.136 -50.67841 -1873.752
v 1575.619 -76.28561 -1995.269
v 1575.619 -68.75041 -1873.752
v 1454.102 -68.39026 -1995.269
v 1575.622 -38.46233 -1752.239
v 1454.102 -64.29354 -1873.752
v 1332.585 -77.52473 -1995.269
v 1454.114 -70.91816 -1752.249
v 1332.591 -49.32756 -1873.758
v 1211.068 -72.78732 -1995.269
v 1454.3 -57.45356 -1630.978
v 1211.061 -87.48677 -1873.741
v 1089.551 -74.28153 -1995.269
v 1332.707 -48.72886 -1752.444
v 1332.559 -78.78131 -1630.674
v 1089.596 -45.27828 -1873.868
v 968.0346 -54.90966 -1995.269
v 1211.165 -63.13284 -1752.468
v 1333.468 -45.24485 -1510.522
v 968.0456 -66.62524 -1873.821
v 846.5178 -60.36697 -1995.269
v 1089.874 -28.90101 -1753.394
v 1210.909 -83.65046 -1630.35
v 1210.548 -83.85133 -1508.164
v 846.5178 -88.68098 -1873.685
v 725.001 -59.85112 -1995.269
v 968.0927 -62.80953 -1752.663
v 1089.774 -58.50341 -1631.492
v 1213.282 -12.70744 -1391.334
v 724.9907 -67.39522 -1873.817
v 603.4842 -94.54952 -1995.269
v 846.5178 -68.52643 -1752.503
v 1089.254 -75.37405 -1508.328
v 968.3832 -32.55698 -1633.122
v 1212.169 -31.98986 -1267.602
v 603.4653 -64.55062 -1873.801
v 481.9673 -68.0037 -1995.269
v 724.9651 -68.26676 -1752.5
v 846.5101 -91.45633 -1629.344
v 1089.335 -58.93138 -1387.174
v 968.4514 -35.67422 -1511.49
v 1209.425 -57.3548 -1143.05
v 481.9565 -65.89113 -1873.768
v 360.4505 -69.65178 -1995.269
v 603.4233 -68.51973 -1752.454
v 724.7139 -36.68993 -1632.915
v 846.4794 -74.40845 -1507.901
v 1090.228 -29.1327 -1267.409
v 968.1436 -45.31548 -1388.132
v 360.4496 -73.49956 -1873.753
v 238.9337 -77.98562 -1995.269
v 481.9325 -72.90707 -1752.319
v 603.4011 -67.23748 -1631.029
v 724.9574 -57.38893 -1509.571
v 846.426 -58.53342 -1386.345
v 968.7747 -16.03443 -1268.43
v 238.9337 -65.48934 -1873.752
v 117.4168 -73.48396 -1995.269
v 360.4371 -75.30679 -1752.259
v 481.6637 -58.19057 -1631.471
v 602.9626 -41.88045 -1511.164
v 725.0583 -52.05162 -1387.127
v 117.4168 -70.32874 -1873.752
v -4.100003 -70.41348 -1995.269
v 238.9273 -74.41181 -1752.243
v 360.646 -89.13763 -1630.367
v 480.9301 -35.42991 -1511.721
v -4.100003 -43.60365 -1873.752
v -125.6168 -77.65605 -1995.269
v 117.4164 -74.2917 -1752.236
v 238.9492 -80.03825 -1630.697
v -125.6168 -68.14719 -1873.752
v -247.1337 -70.18665 -1995.269
v -4.100003 -71.65642 -1752.236
v -247.1337 -73.54735 -1873.752
v -368.6505 -80.16 -1995.269
v 601.6497 7.300019 -1394.432
v 360.2081 -64.50133 -1509.638
v 117.4108 -76.80076 -1630.726
v -125.6168 -72.82994 -1752.236
v -368.6505 -64.48206 -1873.752
v -490.1673 -64.1775 -1995.269
v 481.4602 -44.37031 -1388.843
v 239.1815 -84.31403 -1508.845
v -4.102532 -71.69622 -1630.721
v -247.1337 -58.54279 -1752.236
v -490.1673 -56.16589 -1873.752
v -611.6841 -71.36246 -1995.269
v 357.8822 -14.14672 -1391.972
v 117.5181 -84.59167 -1509.076
v -125.6168 -67.97469 -1630.719
v -368.6505 -77.75546 -1752.236
v -611.6841 -65.66727 -1873.752
v -733.201 -82.87282 -1995.269
v 238.4877 -59.8179 -1388.28
v -4.075328 -83.47054 -1509.173
v -247.1337 -67.54657 -1630.719
v -490.1673 -68.59766 -1752.236
v -733.201 -80.61826 -1873.752
v -854.7178 -74.38065 -1995.269
v 115.0553 -12.97886 -1390.394
v -125.6366 -52.67944 -1509.225
v -368.6505 -57.54467 -1630.719
v -611.6841 -63.96743 -1752.236
v -854.7178 -56.20165 -1873.752
v -976.2346 -57.14752 -1995.269
v -4.195638 -72.88464 -1387.79
v -247.134 -66.13956 -1509.202
v -490.1673 -67.18358 -1630.719
v -733.201 -63.94589 -1752.236
v -976.2346 -83.3644 -1873.752
v -1097.751 -61.57966 -1995.269
v -125.6726 -69.08988 -1387.751
v -368.6505 -69.7745 -1509.202
v -611.6841 -82.64622 -1630.719
v -854.7178 -62.04869 -1752.236
v -1097.751 -65.18934 -1873.752
v -1219.268 -77.75835 -1995.269
v -247.1514 -64.72691 -1387.705
v -490.1673 -73.16034 -1509.202
v -733.201 -46.50022 -1630.719
v -976.2346 -59.97101 -1752.236
v -1219.268 -72.64697 -1873.752
v -1340.785 -70.99168 -1995.269
v -368.6517 -68.70913 -1387.686
v -611.6841 -82.34724 -1509.202
v -854.7178 -54.83852 -1630.719
v -1097.751 -64.98723 -1752.236
v -1340.785 -63.99816 -1873.752
v -1462.302 -75.8643 -1995.269
v -490.1673 -83.29855 -1387.685
v -733.201 -71.46509 -1509.202
v -976.2346 -62.09101 -1630.719
v -1219.268 -58.34787 -1752.236
v -1462.302 -77.35569 -1873.752
v -1583.819 -60.91771 -1995.269
v -611.6841 -50.00381 -1387.685
v -854.7178 -67.23705 -1509.202
v -1097.751 -53.92006 -1630.719
v -1340.785 -95.39157 -1752.236
v -1583.819 -80.96084 -1873.752
v -1705.336 -59.00812 -1995.269
v -733.201 -70.63634 -1387.685
v -976.2346 -65.04022 -1509.202
v -1219.268 -79.06821 -1630.719
v -1462.302 -57.96262 -1752.236
v -1705.336 -70.91921 -1873.752
v -1826.852 -62.54773 -1995.269
v -854.7178 -78.98271 -1387.685
v -1097.751 -60.20359 -1509.202
v -1340.785 -60.06002 -1630.719
v -1583.819 -79.64924 -1752.236
v -1826.852 -80.56927 -1873.752
v -1948.369 -38.88544 -1995.269
v -1948.369 -68.15128 -1873.752
v -1705.336 -55.89112 -1752.236
v -1826.852 -72.58869 -1752.236
v -1948.369 -71.14374 -1752.236
v -1462.302 -71.86836 -1630.719
v -1219.268 -84.3723 -1509.202
v -1583.819 -55.98941 -1630.719
v -1826.852 -53.97036 -1630.719
v -1948.369 -81.40328 -1630.719
v -1705.336 -70.68849 -1630.719
v -1340.785 -71.39638 -1509.202
v -1826.852 -64.53503 -1509.202
v -1948.369 -85.15296 -1509.202
v -1462.302 -81.97608 -1509.202
v -1705.336 -80.07724 -1509.202
v -1583.819 -80.03154 -1509.202
v -1826.852 -49.5606 -1387.685
v -1948.369 -67.14458 -1387.685
v -1705.336 -58.48911 -1387.685
v -1583.819 -80.34367 -1387.685
v -1462.302 -48.87488 -1387.685
v -1340.785 -70.66061 -1387.685
v -1826.852 -60.58154 -1266.168
v -1948.369 -59.00346 -1266.168
v -1705.336 -74.01886 -1266.168
v -1583.819 -77.12714 -1266.168
v -1462.302 -60.49073 -1266.168
v -1826.852 -68.37089 -1144.651
v -1948.369 -63.73467 -1144.651
v -1705.336 -52.11421 -1144.651
v -1583.82 -66.78233 -1144.652
v -1826.852 -57.94686 -1023.135
v -1948.369 -50.5604 -1023.135
v -1705.335 -81.06032 -1023.134
v -1826.853 -71.45077 -901.6185
v -1948.369 -67.34792 -901.6178
v -1340.786 -74.03177 -1266.169
v -1462.319 -65.43226 -1144.671
v -1583.831 -73.73354 -1023.148
v -1705.381 -62.28578 -901.6586
v -1826.874 -64.37335 -780.1191
v -1948.369 -51.41643 -780.101
v -1340.844 -61.46365 -1144.753
v -1462.238 -86.50244 -1023.051
v -1583.915 -69.77262 -901.7137
v -1705.6 -53.28268 -780.3026
v -1826.907 -69.48879 -658.6156
v -1948.37 -76.77511 -658.5847
v -1340.527 -96.54013 -1022.698
v -1462.636 -60.94849 -902.0164
v -1584.274 -58.76134 -780.4819
v -1705.278 -79.87434 -658.5498
v -1827.013 -66.03594 -537.1339
v -1948.418 -56.13921 -537.1009
v -1341.314 -54.14557 -902.4094
v -1463.372 -44.01791 -781.1715
v -1584.695 -52.11253 -659.1697
v -1704.771 -91.21131 -536.8237
v -1827.993 -21.32766 -415.8681
v -1948.458 -63.62949 -415.5843
v -1342.152 -34.88244 -781.8078
v -1464.093 -33.30395 -660.0179
v -1583.752 -70.74293 -537.0336
v -1704.705 -87.16257 -415.3693
v -1826.894 -75.67152 -294.0394
v -1948.433 -72.11497 -294.0438
v -1342.116 -36.31197 -659.9151
v -1461.823 -69.05048 -536.7789
v -1585.31 -43.67706 -416.0491
v -1706.937 -41.97755 -294.2636
v -1826.844 -77.41089 -172.5168
v -1948.57 -60.8882 -172.5168
v -1339.962 -65.44535 -536.4495
v -1464.871 -23.55179 -416.5809
v -1584.857 -49.81556 -294.2072
v -1705.649 -66.04139 -172.5168
v -1827.963 -33.65226 -50.84935
v -1948.559 -59.19934 -50.96981
v -1343.318 -14.83097 -416.82
v -1465.742 -12.62308 -294.7239
v -1584.137 -59.12455 -172.5168
v -1705.586 -67.47482 -50.96407
v -1826.938 -73.65945 70.54046
v -1948.448 -65.40615 70.54661
v -1340.582 -46.31194 -293.9828
v -1460.705 -72.17536 -172.5168
v -1583.417 -69.7267 -51.06719
v -1706.008 -59.05532 70.71002
v -1827.247 -48.04469 192.1969
v -1948.354 -85.72445 192.023
v -1340.623 -44.44838 -172.5168
v -1465.307 -17.88978 -50.39691
v -1583.635 -69.13971 70.45531
v -1704.868 -88.50525 191.8318
v -1826.896 -71.32748 313.5755
v -1948.369 -78.47175 313.5505
v -1340.34 -49.21225 -51.1115
v -1463.438 -42.39577 70.97245
v -1583.707 -71.54543 191.9777
v -1706.036 -46.51115 313.9653
v -1826.856 -76.02589 435.0706
v -1948.369 -65.57288 435.0673
v -1340.973 -45.28481 70.60201
v -1463.569 -42.58693 192.7959
v -1585.34 -36.6594 314.5667
v -1705.389 -73.3707 435.1083
v -1826.852 -80.7266 556.5839
v -1948.369 -51.19572 556.5841
v -1340.646 -55.05514 191.9572
v -1464.604 -23.68304 315.3933
v -1585.052 -28.67092 436.0998
v -1705.418 -48.83087 556.6586
v -1826.852 -61.12651 678.1009
v -1948.369 -86.62395 678.101
v -1341.234 -54.10758 313.8859
v -1461.61 -90.4049 434.3756
v -1584.196 -44.54982 556.9618
v -1705.343 -50.41769 678.1078
v -1826.852 -72.36684 799.6178
v -1948.369 -63.03322 799.6178
v -1341.623 -51.644 435.9927
v -1462.746 -55.84501 557.1147
v -1583.84 -69.93858 678.125
v -1705.336 -82.06288 799.6178
v -1826.852 -63.57662 921.1346
v -1705.336 -74.47485 921.1346
v -1705.336 -74.86829 1042.651
v -1583.82 -61.01976 799.6194
v -1462.271 -82.36597 678.0605
v -1583.819 -84.97486 921.1346
v -1583.819 -62.66561 1164.168
v -1583.819 -76.86681 1042.651
v -1462.302 -65.62386 1164.168
v -1462.311 -71.76994 799.628
v -1462.302 -50.37766 921.1346
v -1462.302 -63.6115 1042.651
v -1340.785 -51.4161 1164.168
v -1340.785 -84.74476 1042.651
v -1219.268 -49.65746 1164.168
v -1340.787 -65.41865 921.1365
v -1340.834 -64.39438 799.7023
v -1219.27 -59.85991 1042.652
v -1097.774 -49.83723 1164.188
v -1219.284 -66.70943 921.152
v -1341.158 -49.63221 678.73
v -1097.829 -54.08025 1042.697
v -976.3864 -51.52494 1164.284
v -1219.357 -65.71181 799.7906
v -1341.493 -49.77605 557.6146
v -1097.892 -61.12235 921.2365
v -976.4551 -59.81439 1042.782
v -855.0584 -52.82205 1164.454
v -1219.414 -70.86866 678.3295
v -1220.354 -59.39688 557.6981
v -1098.276 -49.54997 800.3307
v -976.449 -66.18851 921.2759
v -855.0984 -58.65581 1042.906
v -733.5469 -58.20089 1164.514
v -1101.661 -24.72947 684.083
v -1223.162 -41.76587 437.4484
v -975.778 -87.57635 799.0463
v -855.1012 -60.83101 921.4001
v -733.501 -61.85495 1042.892
v -612.1808 -50.61518 1164.789
v -1097.711 -52.25258 556.539
v -1225.99 -23.09048 315.1453
v -978.8054 -41.88677 683.8553
v -854.772 -69.00404 799.7061
v -734.7435 -27.64224 922.3222
v -613.2218 -20.90668 1044.189
v -489.5685 -97.70367 1163.172
v -368.8097 -57.49761 1164.564
v -489.8395 -74.79931 1042.193
v -613.8834 -29.06364 923.1555
v -731.4268 -109.2833 797.0234
v -854.4407 -64.2009 676.0473
v -247.4055 -41.27992 1165.293
v -369.1352 -39.99818 1043.954
v -490.6679 -52.02837 921.8746
v -616.5001 -16.38078 803.3771
v -125.8239 -42.47242 1165.391
v -247.1344 -59.82261 1042.655
v -369.422 -25.07055 925.076
v -4.155967 -57.54986 1164.574
v -125.4035 -68.48418 1041.919
v 117.3711 -55.86792 1164.679
v -733.3293 -65.70199 675.9474
v -492.4416 -20.44519 801.9788
v -247.2361 -59.78771 920.0346
v -4.573078 -31.2812 1044.433
v 238.9754 -86.3924 1162.19
v -612.884 -35.21676 679.9771
v -368.5382 -22.35102 799.0035
v -125.8608 -20.12939 923.7696
v 116.8247 -11.44744 1046.149
v 360.3559 -82.81567 1162.46
v -484.5533 -51.10724 675.9778
v -246.5847 -18.65063 800.8322
v -4.131154 -43.89331 921.22
v 238.9212 -48.86257 1042.855
v 482.1442 -46.11081 1165.541
v -370.6685 62.92956 680.616
v -125.4411 -34.26488 800.1312
v 117.323 -37.31301 921.4991
v 360.571 -25.84294 1044.996
v 603.5032 -63.43302 1164.269
v -243.21 26.81124 679.4622
v -4.504606 -21.93039 800.6128
v 238.8236 -28.04541 922.1709
v 482.3298 -27.81028 1044.883
v 725.1467 -57.2913 1164.766
v -122.7609 17.40778 679.8821
v 116.4071 4.553459 802.1918
v 360.4482 -39.90083 921.0869
v 604.0579 -29.09163 1044.831
v -4.328351 -21.37412 678.4295
v 238.4139 9.629959 802.5538
v 482.1745 -29.34874 922.17
v 116.07 16.0899 679.9911
v 360.5559 6.855602 802.3977
v 237.9463 35.21012 681.0145
v 724.9424 -60.09434 1042.481
v 603.9974 -26.60095 922.6155
v 482.1855 -19.15658 800.4788
v 360.462 -3.03685 679.048
v 846.7618 -55.63757 1164.875
v 967.901 -86.43133 1285.376
v 1090.056 -32.29121 1286.536
v 968.1971 -64.02828 1164.492
v 845.9207 -81.97359 1041.291
v 725.7405 -27.90371 922.7004
v 603.8327 -23.74566 800.3661
v 1211.125 -69.89552 1285.76
v 1089.987 -55.22331 1164.819
v 1211.112 -74.3102 1164.22
v 967.8593 -69.99145 1042.36
v 847.0638 -38.88046 922.0698
v 1089.314 -75.74323 1042.355
v 1210.739 -83.772 1042.322
v 968.9086 -37.20316 922.2913
v 724.0843 -58.84877 798.2261
v 1211.136 -67.46896 921.1889
v 1090.437 -44.16702 922.0204
v 847.2907 -29.19152 800.5679
v 1210.484 -75.35439 799.2667
v 1091.802 -17.59289 801.3065
v 968.8168 -35.91016 800.3853
v 1211.118 -60.19676 678.1208
v 1090.285 -41.49001 678.4683
v 965.9231 -80.36113 676.7386
v 845.8509 -49.72301 677.5706
v 724.8857 -33.25207 677.9865
v 1213.793 -18.60901 557.1311
v 1091.964 -14.89922 557.1891
v 966.1046 -71.01859 555.9678
v 847.8541 -12.53566 557.1053
v 1209.713 -76.96785 435.0667
v 1090.683 -32.9248 435.0794
v 966.548 -61.92389 435.0101
v 1212.987 -31.27369 313.2512
v 1091.434 -24.53762 313.3387
v 1211.909 -49.4803 191.9867
v 725.8091 -11.7845 556.9839
v 848.665 -0.3275879 435.2642
v 968.4381 -35.35228 313.5364
v 1089.08 -56.69323 192.0038
v 1211.888 -50.32222 70.71151
v 723.4609 -48.58784 434.7523
v 847.0052 -26.60437 313.6341
v 969.5411 -22.82989 192.3363
v 1093.685 -3.311341 71.97079
v 1212.537 -40.579 -50.33673
v 725.5017 -17.17563 313.8169
v 849.9518 -1.017646 193.2806
v 967.9243 -38.52709 70.46949
v 1089.142 -46.89093 -51.21783
v 1209.878 -59.90052 -173.1919
v 726.6402 1.536911 193.1003
v 846.6188 -23.90253 70.54775
v 968.5509 -25.40142 -50.6958
v 1096.061 26.4243 -168.4373
v 1211.526 -36.51225 -293.7488
v 726.2286 7.468731 70.80864
v 849.1367 3.517974 -50.25378
v 972.533 27.5648 -169.1074
v 1094.446 18.65631 -290.7679
v 1213.616 -9.726959 -414.0275
v 728.8385 35.09796 -51.7699
v 845.4 -29.0384 -173.3131
v 966.1709 -35.29183 -295.571
v 1089.55 -17.55312 -415.5516
v 1213.161 -6.137634 -536.1516
v 727.0214 35.73818 -171.8837
v 847.3896 10.58271 -292.9545
v 970.4007 22.37771 -413.6229
v 1086.665 -35.21857 -538.5845
v 1216.267 22.7548 -657.6296
v 725.1293 6.863431 -293.5801
v 846.4304 1.732447 -415.6651
v 970.3264 30.56256 -535.4807
v 1090.65 6.577222 -658.3345
v 1213.55 2.146043 -780.3293
v 725.1302 25.36721 -414.4577
v 846.2061 4.13618 -537.4414
v 968.1788 10.809 -658.5385
v 1091.918 18.83158 -780.4445
v 1213.625 0.5621473 -902.5784
v 725.002 29.86014 -536.3083
v 847.3986 38.65402 -658.0646
v 970.3676 38.82638 -780.6943
v 1088.638 -16.05813 -901.1294
v 1210.778 -31.22187 -1022.94
v 1091.595 6.558289 -1025.053
v 1092.321 9.250752 -1148.43
v 966.8132 -12.54907 -900.5439
v 847.6278 47.59183 -780.8419
v 969.0641 -0.04992361 -1146.958
v 969.4534 16.05026 -1025.312
v 846.4999 10.29973 -901.578
v 846.6697 -21.03923 -1267.518
v 846.7697 -3.167558 -1146.169
v 846.9695 16.37917 -1024.925
v 724.8986 -23.46998 -1267.21
v 724.9035 -7.599122 -1145.575
v 601.8649 6.717741 -1271.493
v 724.8367 12.1366 -1024.426
v 481.0599 -25.74823 -1267.968
v 603.0464 -9.013649 -1145.844
v 724.9175 18.15156 -902.0784
v 358.8361 -26.93125 -1268.488
v 602.2676 19.73583 -1025.646
v 482.8601 -38.43226 -1143.207
v 725.0175 17.03902 -780.0604
v 236.7124 -28.59368 -1268.704
v 360.4444 -36.07204 -1144.658
v 482.1371 -14.44268 -1022.928
v 602.2222 30.48514 -903.309
v 724.8551 40.5793 -658.1752
v 116.6547 -55.45793 -1266.908
v 236.5899 -22.6888 -1146.817
v 357.6667 3.354531 -1025.575
v 604.3173 -1.023025 -779.6404
v 481.0625 8.610852 -902.3352
v 602.9149 26.11954 -658.4417
v -3.312411 -93.33331 -1265.451
v 115.1888 -33.2469 -1146.394
v 237.3849 -23.26432 -1024.212
v 358.253 5.473636 -902.883
v 482.8962 -5.391546 -779.7797
v 601.1522 62.81549 -534.9661
v -125.6065 -78.0107 -1266.158
v -5.246681 -51.05924 -1145.47
v 115.8513 -35.88725 -1024.064
v 238.184 -22.80073 -901.9654
v 359.8907 -3.430592 -780.2479
v 481.1583 15.20331 -658.5067
v -247.2635 -56.76949 -1266.298
v -126.43 -51.83971 -1145.261
v -5.395648 -46.58195 -1023.967
v 118.3556 -53.04313 -901.0972
v 237.4988 -11.9633 -780.4803
v 359.3779 2.353327 -658.5124
v 482.3061 -0.8576186 -537.2108
v -368.657 -73.40292 -1266.176
v -246.9759 -89.22273 -1144.491
v -126.0804 -60.56939 -1023.684
v -5.572874 -32.48107 -903.8359
v 116.7071 -29.65019 -780.6989
v 237.7022 -11.32416 -658.5565
v -490.1572 -64.16667 -1266.185
v -368.6786 -63.92242 -1144.799
v -247.3596 -62.57703 -1023.807
v -125.8118 -51.00696 -903.2962
v -4.003608 -34.05258 -781.3066
v -611.6659 -62.41385 -1266.216
v -490.0616 -55.48306 -1144.965
v -368.8556 -40.97256 -1024.822
v -247.3746 -45.78502 -904.6229
v -733.195 -70.7662 -1266.207
v -611.8316 -104.1279 -1144.121
v -490.1747 -76.42544 -1023.093
v -125.9232 -44.02932 -778.6043
v -368.7619 -62.89479 -902.2015
v -247.1443 -28.50007 -781.0964
v -854.7178 -56.76255 -1266.292
v -733.0746 -40.69944 -1145.583
v -611.4298 -53.96796 -1024.05
v -490.0436 -77.30901 -900.7425
v -367.3062 -56.75534 -775.6277
v -976.2346 -78.36574 -1387.685
v -1097.751 -60.15728 -1387.685
v -976.2388 -73.14159 -1266.195
v -854.7178 -40.92051 -1145.64
v -733.0733 -55.41981 -1024.024
v -611.5305 -50.31038 -902.8689
v -1219.268 -63.95861 -1387.685
v -1097.748 -81.86258 -1266.159
v -1219.28 -62.92085 -1266.185
v -976.3488 -44.23657 -1145.493
v -854.7178 -59.82214 -1023.791
v -1219.278 -76.61529 -1144.675
v -1097.746 -78.89322 -1144.631
v -1219.187 -80.72926 -1022.946
v -976.491 -38.51593 -1024.92
v -1097.737 -74.64518 -1023.084
v -732.7236 -23.86397 -904.5422
v -1219.717 -53.38277 -902.512
v -1098.41 -36.40478 -903.587
v -975.9837 -84.93375 -900.1163
v -854.7178 -61.5672 -901.7543
v -1218.807 -73.39816 -779.3347
v -1099.364 -4.454797 -784.1216
v -976.3421 -47.85953 -780.6364
v -854.7178 -83.92368 -777.5102
v -733.1155 -46.6907 -780.7698
v -1219.675 -45.31874 -659.126
v -1098.97 -16.14533 -661.0156
v -976.3318 -39.22357 -658.972
v -854.7178 -22.94455 -660.261
v -1220.793 -20.18192 -538.5925
v -1099.364 -3.594484 -539.4828
v -976.5098 -22.89166 -537.8905
v -1219.863 -29.80443 -415.9477
v -1098.641 -13.84252 -416.4404
v -1220.115 -22.58673 -294.3165
v -733.1592 -31.0326 -659.7503
v -854.7178 -4.48415 -539.2121
v -976.1474 -28.36748 -415.3763
v -1098.206 -17.52642 -294.2614
v -1221.156 -7.810481 -172.5168
v -733.1998 -24.39609 -537.7766
v -854.7191 19.63276 -418.1339
v -976.4333 -13.39877 -294.2323
v -1099.016 -3.238234 -172.5689
v -1219.587 -30.2825 -50.96153
v -733.0422 -10.85184 -416.2952
v -854.7233 -13.40477 -294.1745
v -976.8699 -2.310482 -172.7201
v -1101.334 5.815246 -52.57764
v -1223.075 -12.75211 70.26067
v -732.4156 14.7408 -295.1568
v -854.8129 0.947013 -172.9189
v -977.5878 -4.442369 -52.95255
v -1102.804 1.856551 67.44926
v -1223.833 -23.9548 191.8743
v -1104.285 25.9656 189.9208
v -981.5645 46.21379 62.79897
v -854.9028 4.187846 -53.93916
v -1110.349 43.50147 315.2069
v -983.7336 103.0489 186.41
v -855.072 64.3952 62.7073
v -1094.722 -12.79198 433.1566
v -994.144 145.3991 316.32
v -854.6204 117.6761 193.3297
v -980.6337 6.232471 564.9117
v -977.1108 68.05991 436.0121
v -854.6067 10.71501 554.9686
v -854.0912 131.7811 312.2379
v -855.2849 118.0729 442.7096
v -731.6827 8.459512 560.8204
v -723.983 102.1978 446.8633
v -614.0446 -53.17395 551.3902
v -728.5825 127.5728 314.2649
v -491.7794 6.529147 556.446
v -606.1138 26.37716 438.7953
v -719.2802 130.2799 179.6393
v -368.4906 -16.7364 557.4456
v -489.0619 -25.00363 435.3679
v -614.2236 33.23142 313.2962
v -731.3442 39.57449 67.22786
v -245.3568 5.177772 554.5467
v -608.4922 32.91475 190.7156
v -476.8111 27.74113 314.7306
v -368.8093 -47.10618 436.2888
v -731.7309 4.032642 -54.02936
v -125.2443 -19.52193 556.2021
v -607.9317 7.841391 67.57976
v -477.9459 26.21612 189.1231
v -247.015 -30.69663 434.76
v -368.0403 -23.49129 313.3571
v -732.1897 17.97293 -173.3819
v -4.672987 -10.68995 556.5408
v -125.6314 -23.27723 434.4654
v -246.339 -10.98094 312.2131
v -366.994 -16.45262 191.4873
v -608.5164 10.98476 -53.37114
v -483.7006 14.15716 68.20421
v -612.0906 -29.6017 -172.4271
v 116.859 -6.52321 556.6804
v -5.643673 7.348098 433.2962
v -125.6069 -27.42681 312.573
v -246.5082 -35.51812 191.4338
v -487.2256 1.163347 -51.51193
v -370.2177 -55.17564 70.91506
v 237.9874 21.88109 557.1855
v 117.9765 -34.10911 435.5419
v -4.588108 -25.6982 312.3925
v -125.3179 -39.61481 190.9552
v -249.27 -77.11787 71.7043
v -367.0641 -28.38341 -50.97203
v -489.7241 -21.7699 -172.2538
v -611.7143 -29.37952 -294.0277
v -613.7368 16.3479 -416.2347
v -491.3578 23.20419 -290.5295
v -369.1314 -45.17022 -173.0925
v -244.0434 -30.03209 -50.97467
v -126.2285 -76.28152 71.48904
v -613.7894 -4.277912 -538.9006
v -490.6894 -7.029212 -415.3314
v -368.7489 -36.5381 -297.1781
v -242.6222 -10.70192 -167.3222
v -613.2582 -18.18797 -661.4399
v -490.9768 -5.819129 -537.3651
v -370.6519 33.69455 -412.1533
v -612.5318 -16.67857 -784.6705
v -490.5274 -23.57313 -658.9943
v -493.5723 -5.812923 -787.8848
v -364.8803 -22.70767 -535.6862
v -369.3567 0.6282082 -659.8588
v -245.9255 -10.51984 -291.1369
v -246.7846 29.41294 -663.9652
v -245.9224 54.02357 -537.6597
v -247.1243 6.994278 -415.5266
v -125.4083 -6.479692 -658.8869
v -122.6639 22.55938 -536.8663
v -124.5012 -4.418639 -414.3618
v -127.3674 -53.73381 -296.7088
v -123.5828 -46.42403 -170.3064
v -2.945763 -13.25914 -659.7161
v -2.739168 -11.03108 -536.7198
v -4.387689 -37.4383 -415.8794
v 0.5369833 0.9841586 -284.4105
v 117.2689 -26.74634 -658.7894
v 117.1694 -72.10091 -538.8918
v 117.0343 -18.95766 -412.4607
v 243.8527 -70.43899 -539.1686
v -3.854072 -61.98922 -171.6488
v 119.7766 -99.99337 -297.9282
v 237.2656 -20.88535 -414.5578
v 361.2796 -16.70903 -537.3412
v 355.1771 24.54039 -413.1404
v 234.6833 -14.10765 -292.0441
v 118.7503 -82.07128 -173.0352
v 482.9147 -13.07109 -416.1268
v 360.0298 -20.79509 -293.8549
v 240.036 -57.12664 -172.7373
v 603.0684 15.71014 -414.9808
v 602.3943 28.86996 -292.4776
v 483.1551 -22.49191 -294.6945
v 601.4209 68.75669 -173.5576
v 480.5027 -1.749239 -172.5706
v 603.1895 26.525 -52.23211
v 356.7469 -5.843231 -171.9897
v 481.7526 -5.71575 -51.0783
v 603.5849 36.74536 70.90689
v 360.0822 -29.5295 -51.05859
v 604.5413 47.92471 196.2751
v 478.7456 22.08368 70.33987
v 237.7926 -42.92852 -51.18973
v 603.0378 -26.87882 312.8068
v 358.5356 -15.06027 70.05964
v 480.1242 14.49328 192.9389
v 115.859 -50.70514 -51.57545
v 603.3 -22.22584 434.991
v 234.9334 -12.6603 68.3202
v 359.9234 -17.40691 191.896
v 481.2489 14.43577 314.3266
v -3.851257 -99.18882 -50.13748
v 601.6501 -65.16502 555.212
v 115.6502 -37.46228 68.72459
v 240.5717 -50.68813 193.4503
v 482.0205 -8.455378 435.116
v 359.9218 -6.536487 313.2941
v -126.195 -78.7082 -50.8598
v -4.175684 -61.23403 70.18315
v 118.3917 -57.94708 193.3731
v -4.473103 -38.8678 190.6664
v 118.1217 -42.77748 314.4901
v 237.5273 -0.7130278 312.1291
v 238.8515 -15.36063 435.0117
v 360.6318 -24.77857 435.1517
v 360.4205 -8.239135 556.7507
v 482.1203 -7.742834 556.8279
v 482.2738 -6.246276 678.9678
v 603.8359 -16.1347 678.6093
f 1865 1866 1867
f 1865 1867 1868
f 1869 1865 1868
f 1868 1867 1870
f 1869 1868 1871
f 1872 1869 1871
f 1868 1870 1873
f 1871 1868 1873
f 1873 1870 1874
f 1872 1871 1875
f 1876 1872 1875
f 1871 1873 1877
f 1875 1871 1877
f 1873 1874 1878
f 1877 1873 1878
f 1878 1874 1879
f 1876 1875 1880
f 1881 1876 1880
f 1875 1877 1882
f 1880 1875 1882
f 1878 1879 1883
f 1883 1879 1884
f 1877 1878 1885
f 1882 1877 1885
f 1885 1878 1883
f 1881 1880 1886
f 1887 1881 1886
f 1883 1884 1888
f 1888 1884 1889
f 1880 1882 1890
f 1886 1880 1890
f 1882 1885 1891
f 1890 1882 1891
f 1885 1883 1892
f 1892 1883 1888
f 1891 1885 1892
f 1887 1886 1893
f 1894 1887 1893
f 1888 1889 1895
f 1895 1889 1896
f 1886 1890 1897
f 1893 1886 1897
f 1890 1891 1898
f 1897 1890 1898
f 1891 1892 1899
f 1898 1891 1899
f 1892 1888 1900
f 1900 1888 1895
f 1899 1892 1900
f 1894 1893 1901
f 1902 1894 1901
f 1895 1896 1903
f 1903 1896 1904
f 1893 1897 1905
f 1901 1893 1905
f 1897 1898 1906
f 1905 1897 1906
f 1898 1899 1907
f 1906 1898 1907
f 1899 1900 1908
f 1907 1899 1908
f 1900 1895 1909
f 1909 1895 1903
f 1908 1900 1909
f 1903 1904 1910
f 1910 1904 1911
f 1909 1903 1912
f 1912 1903 1910
f 1908 1909 1913
f 1913 1909 1912
f 1907 1908 1914
f 1914 1908 1913
f 1906 1907 1915
f 1915 1907 1914
f 1910 1911 1916
f 1916 1911 1917
f 1912 1910 1918
f 1918 1910 1916
f 1913 1912 1919
f 1919 1912 1918
f 1914 1913 1920
f 1920 1913 1919
f 1916 1917 1921
f 1921 1917 1922
f 1918 1916 1923
f 1923 1916 1921
f 1919 1918 1924
f 1924 1918 1923
f 1921 1922 1925
f 1925 1922 1926
f 1923 1921 1927
f 1927 1921 1925
f 1925 1926 1928
f 1928 1926 1929
f 1930 1914 1920
f 1915 1914 1930
f 1920 1919 1931
f 1931 1919 1924
f 1924 1923 1932
f 1932 1923 1927
f 1927 1925 1933
f 1933 1925 1928
f 1928 1929 1934
f 1934 1929 1935
f 1930 1920 1936
f 1936 1920 1931
f 1931 1924 1937
f 1937 1924 1932
f 1932 1927 1938
f 1938 1927 1933
f 1933 1928 1939
f 1939 1928 1934
f 1934 1935 1940
f 1940 1935 1941
f 1936 1931 1942
f 1942 1931 1937
f 1937 1932 1943
f 1943 1932 1938
f 1938 1933 1944
f 1944 1933 1939
f 1939 1934 1945
f 1945 1934 1940
f 1940 1941 1946
f 1946 1941 1947
f 1942 1937 1948
f 1948 1937 1943
f 1943 1938 1949
f 1949 1938 1944
f 1944 1939 1950
f 1950 1939 1945
f 1945 1940 1951
f 1951 1940 1946
f 1946 1947 1952
f 1952 1947 1953
f 1948 1943 1954
f 1954 1943 1949
f 1949 1944 1955
f 1955 1944 1950
f 1950 1945 1956
f 1956 1945 1951
f 1951 1946 1957
f 1957 1946 1952
f 1952 1953 1958
f 1958 1953 1959
f 1954 1949 1960
f 1960 1949 1955
f 1955 1950 1961
f 1961 1950 1956
f 1956 1951 1962
f 1962 1951 1957
f 1957 1952 1963
f 1963 1952 1958
f 1958 1959 1964
f 1964 1959 1965
f 1960 1955 1966
f 1966 1955 1961
f 1961 1956 1967
f 1967 1956 1962
f 1962 1957 1968
f 1968 1957 1963
f 1963 1958 1969
f 1969 1958 1964
f 1964 1965 1970
f 1970 1965 1971
f 1966 1961 1972
f 1972 1961 1967
f 1967 1962 1973
f 1973 1962 1968
f 1968 1963 1974
f 1974 1963 1969
f 1969 1964 1975
f 1975 1964 1970
f 1970 1971 1976
f 1976 1971 1977
f 1972 1967 1978
f 1978 1967 1973
f 1973 1968 1979
f 1979 1968 1974
f 1974 1969 1980
f 1980 1969 1975
f 1975 1970 1981
f 1981 1970 1976
f 1976 1977 1982
f 1982 1977 1983
f 1978 1973 1984
f 1984 1973 1979
f 1979 1974 1985
f 1985 1974 1980
f 1980 1975 1986
f 1986 1975 1981
f 1981 1976 1987
f 1987 1976 1982
f 1982 1983 1988
f 1988 1983 1989
f 1984 1979 1990
f 1990 1979 1985
f 1985 1980 1991
f 1991 1980 1986
f 1986 1981 1992
f 1992 1981 1987
f 1987 1982 1993
f 1993 1982 1988
f 1988 1989 1994
f 1994 1989 1995
f 1990 1985 1996
f 1996 1985 1991
f 1991 1986 1997
f 1997 1986 1992
f 1992 1987 1998
f 1998 1987 1993
f 1993 1988 1999
f 1999 1988 1994
f 1994 1995 2000
f 2000 1995 2001
f 1996 1991 2002
f 2002 1991 1997
f 1997 1992 2003
f 2003 1992 1998
f 1998 1993 2004
f 2004 1993 1999
f 1999 1994 2005
f 2005 1994 2000
f 2000 2001 2006
f 2006 2001 2007
f 2002 1997 2008
f 2008 1997 2003
f 2003 1998 2009
f 2009 1998 2004
f 2004 1999 2010
f 2010 1999 2005
f 2005 2000 2011
f 2011 2000 2006
f 2006 2007 2012
f 2012 2007 2013
f 2008 2003 2014
f 2014 2003 2009
f 2009 2004 2015
f 2015 2004 2010
f 2010 2005 2016
f 2016 2005 2011
f 2011 2006 2017
f 2017 2006 2012
f 2012 2013 2018
f 2018 2013 2019
f 2014 2009 2020
f 2020 2009 2015
f 2015 2010 2021
f 2021 2010 2016
f 2016 2011 2022
f 2022 2011 2017
f 2017 2012 2023
f 2023 2012 2018
f 2018 2019 2024
f 2024 2019 2025
f 2020 2015 2026
f 2026 2015 2021
f 2021 2016 2027
f 2027 2016 2022
f 2022 2017 2028
f 2028 2017 2023
f 2023 2018 2029
f 2029 2018 2024
f 2024 2025 2030
f 2030 2025 2031
f 2026 2021 2032
f 2032 2021 2027
f 2027 2022 2033
f 2033 2022 2028
f 2028 2023 2034
f 2034 2023 2029
f 2029 2024 2035
f 2035 2024 2030
f 2030 2031 2036
f 2036 2031 2037
f 2032 2027 2038
f 2038 2027 2033
f 2033 2028 2039
f 2039 2028 2034
f 2034 2029 2040
f 2040 2029 2035
f 2035 2030 2041
f 2041 2030 2036
f 2036 2037 2042
f 2042 2037 2043
f 2042 2043 2044
f 2045 2036 2042
f 2041 2036 2045
f 2046 2042 2044
f 2045 2042 2046
f 2046 2044 2047
f 2048 2035 2041
f 2040 2035 2048
f 2049 2034 2040
f 2039 2034 2049
f 2050 2041 2045
f 2048 2041 2050
f 2051 2046 2047
f 2051 2047 2052
f 2053 2045 2046
f 2050 2045 2053
f 2053 2046 2051
f 2054 2040 2048
f 2049 2040 2054
f 2055 2051 2052
f 2055 2052 2056
f 2057 2048 2050
f 2054 2048 2057
f 2058 2053 2051
f 2058 2051 2055
f 2059 2050 2053
f 2057 2050 2059
f 2059 2053 2058
f 2060 2055 2056
f 2060 2056 2061
f 2062 2058 2055
f 2062 2055 2060
f 2063 2059 2058
f 2063 2058 2062
f 2064 2057 2059
f 2064 2059 2063
f 2065 2054 2057
f 2065 2057 2064
f 2066 2060 2061
f 2066 2061 2067
f 2068 2062 2060
f 2068 2060 2066
f 2069 2063 2062
f 2069 2062 2068
f 2070 2064 2063
f 2070 2063 2069
f 2071 2066 2067
f 2071 2067 2072
f 2073 2068 2066
f 2073 2066 2071
f 2074 2069 2068
f 2074 2068 2073
f 2075 2071 2072
f 2075 2072 2076
f 2077 2073 2071
f 2077 2071 2075
f 2078 2075 2076
f 2078 2076 2079
f 2080 2064 2070
f 2080 2065 2064
f 2081 2070 2069
f 2081 2069 2074
f 2082 2074 2073
f 2082 2073 2077
f 2083 2077 2075
f 2083 2075 2078
f 2084 2078 2079
f 2084 2079 2085
f 2086 2080 2070
f 2086 2070 2081
f 2087 2081 2074
f 2087 2074 2082
f 2088 2082 2077
f 2088 2077 2083
f 2089 2083 2078
f 2089 2078 2084
f 2090 2084 2085
f 2090 2085 2091
f 2092 2086 2081
f 2092 2081 2087
f 2093 2087 2082
f 2093 2082 2088
f 2094 2088 2083
f 2094 2083 2089
f 2095 2089 2084
f 2095 2084 2090
f 2096 2090 2091
f 2096 2091 2097
f 2098 2092 2087
f 2098 2087 2093
f 2099 2093 2088
f 2099 2088 2094
f 2100 2094 2089
f 2100 2089 2095
f 2101 2095 2090
f 2101 2090 2096
f 2102 2096 2097
f 2102 2097 2103
f 2104 2098 2093
f 2104 2093 2099
f 2105 2099 2094
f 2105 2094 2100
f 2106 2100 2095
f 2106 2095 2101
f 2107 2101 2096
f 2107 2096 2102
f 2108 2102 2103
f 2108 2103 2109
f 2110 2104 2099
f 2110 2099 2105
f 2111 2105 2100
f 2111 2100 2106
f 2112 2106 2101
f 2112 2101 2107
f 2113 2107 2102
f 2113 2102 2108
f 2114 2108 2109
f 2114 2109 2115
f 2116 2110 2105
f 2116 2105 2111
f 2117 2111 2106
f 2117 2106 2112
f 2118 2112 2107
f 2118 2107 2113
f 2119 2113 2108
f 2119 2108 2114
f 2120 2114 2115
f 2120 2115 2121
f 2122 2116 2111
f 2122 2111 2117
f 2123 2117 2112
f 2123 2112 2118
f 2124 2118 2113
f 2124 2113 2119
f 2125 2119 2114
f 2125 2114 2120
f 2126 2120 2121
f 2126 2121 2127
f 2128 2122 2117
f 2128 2117 2123
f 2129 2123 2118
f 2129 2118 2124
f 2130 2124 2119
f 2130 2119 2125
f 2131 2125 2120
f 2131 2120 2126
f 2132 2126 2127
f 2132 2127 2133
f 2134 2128 2123
f 2134 2123 2129
f 2135 2129 2124
f 2135 2124 2130
f 2136 2130 2125
f 2136 2125 2131
f 2137 2131 2126
f 2137 2126 2132
f 2138 2132 2133
f 2138 2133 2139
f 2140 2134 2129
f 2140 2129 2135
f 2141 2135 2130
f 2141 2130 2136
f 2142 2136 2131
f 2142 2131 2137
f 2143 2137 2132
f 2143 2132 2138
f 2144 2138 2139
f 2144 2139 2145
f 2146 2140 2135
f 2146 2135 2141
f 2147 2141 2136
f 2147 2136 2142
f 2148 2142 2137
f 2148 2137 2143
f 2149 2143 2138
f 2149 2138 2144
f 2150 2144 2145
f 2150 2145 2151
f 2152 2146 2141
f 2152 2141 2147
f 2153 2147 2142
f 2153 2142 2148
f 2154 2148 2143
f 2154 2143 2149
f 2155 2149 2144
f 2155 2144 2150
f 2156 2150 2151
f 2156 2151 2157
f 2158 2152 2147
f 2158 2147 2153
f 2159 2153 2148
f 2159 2148 2154
f 2160 2154 2149
f 2160 2149 2155
f 2161 2155 2150
f 2161 2150 2156
f 2162 2156 2157
f 2162 2157 2163
f 2164 2158 2153
f 2164 2153 2159
f 2165 2159 2154
f 2165 2154 2160
f 2166 2160 2155
f 2166 2155 2161
f 2167 2161 2156
f 2167 2156 2162
f 2168 2162 2163
f 2168 2163 2169
f 2170 2164 2159
f 2170 2159 2165
f 2171 2165 2160
f 2171 2160 2166
f 2172 2166 2161
f 2172 2161 2167
f 2173 2167 2162
f 2173 2162 2168
f 2174 2168 2169
f 2174 2169 2175
f 2176 2170 2165
f 2176 2165 2171
f 2177 2171 2166
f 2177 2166 2172
f 2178 2172 2167
f 2178 2167 2173
f 2179 2173 2168
f 2179 2168 2174
f 2180 2174 2175
f 2180 2175 2181
f 2182 2176 2171
f 2182 2171 2177
f 2183 2177 2172
f 2183 2172 2178
f 2184 2178 2173
f 2184 2173 2179
f 2185 2179 2174
f 2185 2174 2180
f 2186 2180 2181
f 2186 2181 2187
f 2188 2182 2177
f 2188 2177 2183
f 2189 2183 2178
f 2189 2178 2184
f 2190 2184 2179
f 2190 2179 2185
f 2191 2185 2180
f 2191 2180 2186
f 2192 2186 2187
f 2192 2187 2193
f 2194 2188 2183
f 2194 2183 2189
f 2195 2189 2184
f 2195 2184 2190
f 2196 2190 2185
f 2196 2185 2191
f 2197 2191 2186
f 2197 2186 2192
f 2198 2192 2193
f 2198 2193 2199
f 2200 2194 2189
f 2200 2189 2195
f 2201 2195 2190
f 2201 2190 2196
f 2202 2196 2191
f 2202 2191 2197
f 2203 2197 2192
f 2203 2192 2198
f 2204 2198 2199
f 2204 2199 2205
f 2206 2200 2195
f 2206 2195 2201
f 2207 2201 2196
f 2207 2196 2202
f 2208 2202 2197
f 2208 2197 2203
f 2209 2203 2198
f 2209 2198 2204
f 2210 2204 2205
f 2210 2205 2211
f 2212 2210 2211
f 2212 2211 2213
f 2214 2210 2212
f 2215 2204 2210
f 2214 2215 2210
f 2215 2209 2204
f 2216 2215 2214
f 2216 2217 2215
f 2217 2209 2215
f 2218 2217 2216
f 2219 2203 2209
f 2217 2219 2209
f 2219 2208 2203
f 2218 2220 2217
f 2220 2219 2217
f 2221 2220 2218
f 2222 2208 2219
f 2220 2222 2219
f 2221 2223 2220
f 2223 2222 2220
f 2224 2223 2221
f 2222 2225 2208
f 2225 2202 2208
f 2225 2207 2202
f 2224 2226 2223
f 2227 2226 2224
f 2223 2228 2222
f 2228 2225 2222
f 2226 2228 2223
f 2229 2207 2225
f 2228 2229 2225
f 2227 2230 2226
f 2231 2230 2227
f 2226 2232 2228
f 2232 2229 2228
f 2230 2232 2226
f 2229 2233 2207
f 2233 2201 2207
f 2233 2206 2201
f 2231 2234 2230
f 2235 2234 2231
f 2230 2236 2232
f 2234 2236 2230
f 2232 2237 2229
f 2237 2233 2229
f 2236 2237 2232
f 2238 2206 2233
f 2237 2238 2233
f 2235 2239 2234
f 2240 2239 2235
f 2234 2241 2236
f 2239 2241 2234
f 2236 2242 2237
f 2242 2238 2237
f 2241 2242 2236
f 2238 2243 2206
f 2243 2200 2206
f 2240 2244 2239
f 2245 2244 2240
f 2239 2246 2241
f 2244 2246 2239
f 2242 2247 2238
f 2247 2243 2238
f 2241 2248 2242
f 2246 2248 2241
f 2248 2247 2242
f 2243 2249 2200
f 2249 2194 2200
f 2245 2250 2244
f 2251 2250 2245
f 2244 2252 2246
f 2250 2252 2244
f 2246 2253 2248
f 2252 2253 2246
f 2247 2254 2243
f 2254 2249 2243
f 2248 2255 2247
f 2253 2255 2248
f 2255 2254 2247
f 2249 2256 2194
f 2256 2188 2194
f 2251 2257 2250
f 2258 2257 2251
f 2250 2259 2252
f 2257 2259 2250
f 2252 2260 2253
f 2259 2260 2252
f 2253 2261 2255
f 2260 2261 2253
f 2254 2262 2249
f 2262 2256 2249
f 2255 2263 2254
f 2261 2263 2255
f 2263 2262 2254
f 2258 2264 2257
f 2265 2264 2258
f 2257 2266 2259
f 2264 2266 2257
f 2259 2267 2260
f 2266 2267 2259
f 2260 2268 2261
f 2267 2268 2260
f 2261 2269 2263
f 2268 2269 2261
f 2263 2270 2262
f 2269 2270 2263
f 2265 2271 2264
f 2272 2271 2265
f 2264 2273 2266
f 2271 2273 2264
f 2266 2274 2267
f 2273 2274 2266
f 2267 2275 2268
f 2274 2275 2267
f 2268 2276 2269
f 2275 2276 2268
f 2272 2277 2271
f 2278 2277 2272
f 2271 2279 2273
f 2277 2279 2271
f 2273 2280 2274
f 2279 2280 2273
f 2274 2281 2275
f 2280 2281 2274
f 2278 2282 2277
f 2283 2282 2278
f 2277 2284 2279
f 2282 2284 2277
f 2279 2285 2280
f 2284 2285 2279
f 2283 2286 2282
f 2287 2286 2283
f 2282 2288 2284
f 2286 2288 2282
f 2287 2289 2286
f 2290 2289 2287
f 2281 2291 2275
f 2275 2291 2276
f 2280 2292 2281
f 2285 2292 2280
f 2284 2293 2285
f 2288 2293 2284
f 2286 2294 2288
f 2289 2294 2286
f 2290 2295 2289
f 2296 2295 2290
f 2281 2297 2291
f 2292 2297 2281
f 2285 2298 2292
f 2293 2298 2285
f 2288 2299 2293
f 2294 2299 2288
f 2289 2300 2294
f 2295 2300 2289
f 2296 2301 2295
f 2302 2301 2296
f 2292 2303 2297
f 2298 2303 2292
f 2293 2304 2298
f 2299 2304 2293
f 2294 2305 2299
f 2300 2305 2294
f 2295 2306 2300
f 2301 2306 2295
f 2302 2307 2301
f 2308 2307 2302
f 2298 2309 2303
f 2304 2309 2298
f 2299 2310 2304
f 2305 2310 2299
f 2300 2311 2305
f 2306 2311 2300
f 2301 2312 2306
f 2307 2312 2301
f 2308 2313 2307
f 2314 2313 2308
f 2304 2315 2309
f 2310 2315 2304
f 2305 2316 2310
f 2311 2316 2305
f 2306 2317 2311
f 2312 2317 2306
f 2307 2318 2312
f 2313 2318 2307
f 2314 2319 2313
f 2320 2319 2314
f 2310 2321 2315
f 2316 2321 2310
f 2311 2322 2316
f 2317 2322 2311
f 2312 2323 2317
f 2318 2323 2312
f 2313 2324 2318
f 2319 2324 2313
f 2320 2325 2319
f 2326 2325 2320
f 2316 2327 2321
f 2322 2327 2316
f 2317 2328 2322
f 2323 2328 2317
f 2318 2329 2323
f 2324 2329 2318
f 2319 2330 2324
f 2325 2330 2319
f 2326 2331 2325
f 2332 2331 2326
f 2322 2333 2327
f 2328 2333 2322
f 2323 2334 2328
f 2329 2334 2323
f 2324 2335 2329
f 2330 2335 2324
f 2325 2336 2330
f 2331 2336 2325
f 2332 2337 2331
f 2338 2337 2332
f 2328 2339 2333
f 2334 2339 2328
f 2329 2340 2334
f 2335 2340 2329
f 2330 2341 2335
f 2336 2341 2330
f 2331 2342 2336
f 2337 2342 2331
f 2338 2343 2337
f 2344 2343 2338
f 2334 2345 2339
f 2340 2345 2334
f 2335 2346 2340
f 2341 2346 2335
f 2336 2347 2341
f 2342 2347 2336
f 2337 2348 2342
f 2343 2348 2337
f 2344 2349 2343
f 2350 2349 2344
f 2340 2351 2345
f 2346 2351 2340
f 2341 2352 2346
f 2347 2352 2341
f 2342 2353 2347
f 2348 2353 2342
f 2343 2354 2348
f 2349 2354 2343
f 2350 2355 2349
f 2356 2355 2350
f 2346 2357 2351
f 2352 2357 2346
f 2347 2358 2352
f 2353 2358 2347
f 2348 2359 2353
f 2354 2359 2348
f 2349 2360 2354
f 2355 2360 2349
f 2356 2361 2355
f 2362 2361 2356
f 2352 2363 2357
f 2358 2363 2352
f 2353 2364 2358
f 2359 2364 2353
f 2354 2365 2359
f 2360 2365 2354
f 2355 2366 2360
f 2361 2366 2355
f 2362 2367 2361
f 2368 2367 2362
f 2368 2369 2367
f 2367 2370 2361
f 2361 2370 2366
f 2369 2371 2367
f 2367 2371 2370
f 2369 2372 2371
f 2366 2373 2360
f 2360 2373 2365
f 2365 2374 2359
f 2359 2374 2364
f 2370 2375 2366
f 2366 2375 2373
f 2372 2376 2371
f 2372 2377 2376
f 2371 2378 2370
f 2370 2378 2375
f 2371 2376 2378
f 2373 2379 2365
f 2365 2379 2374
f 2377 2380 2376
f 2377 2381 2380
f 2375 2382 2373
f 2373 2382 2379
f 2376 2383 2378
f 2376 2380 2383
f 2378 2384 2375
f 2375 2384 2382
f 2378 2383 2384
f 2381 2385 2380
f 2381 2386 2385
f 2380 2387 2383
f 2380 2385 2387
f 2383 2388 2384
f 2383 2387 2388
f 2384 2389 2382
f 2384 2388 2389
f 2382 2390 2379
f 2382 2389 2390
f 2386 2391 2385
f 2386 2392 2391
f 2385 2393 2387
f 2385 2391 2393
f 2387 2394 2388
f 2387 2393 2394
f 2388 2395 2389
f 2388 2394 2395
f 2392 2396 2391
f 2392 2397 2396
f 2391 2398 2393
f 2391 2396 2398
f 2393 2399 2394
f 2393 2398 2399
f 2397 2400 2396
f 2397 2401 2400
f 2396 2402 2398
f 2396 2400 2402
f 2401 2403 2400
f 2401 2404 2403
f 2389 2395 2405
f 2389 2405 2390
f 2394 2406 2395
f 2394 2399 2406
f 2398 2407 2399
f 2398 2402 2407
f 2400 2408 2402
f 2400 2403 2408
f 2404 2409 2403
f 2404 2410 2409
f 2395 2411 2405
f 2395 2406 2411
f 2399 2412 2406
f 2399 2407 2412
f 2402 2413 2407
f 2402 2408 2413
f 2403 2414 2408
f 2403 2409 2414
f 2410 2415 2409
f 2410 2416 2415
f 2406 2417 2411
f 2406 2412 2417
f 2407 2418 2412
f 2407 2413 2418
f 2408 2419 2413
f 2408 2414 2419
f 2409 2420 2414
f 2409 2415 2420
f 2416 2421 2415
f 2416 2422 2421
f 2412 2423 2417
f 2412 2418 2423
f 2413 2424 2418
f 2413 2419 2424
f 2414 2425 2419
f 2414 2420 2425
f 2415 2426 2420
f 2415 2421 2426
f 2422 2427 2421
f 2422 2428 2427
f 2418 2429 2423
f 2418 2424 2429
f 2419 2430 2424
f 2419 2425 2430
f 2420 2431 2425
f 2420 2426 2431
f 2421 2432 2426
f 2421 2427 2432
f 2428 2433 2427
f 2428 2434 2433
f 2424 2435 2429
f 2424 2430 2435
f 2425 2436 2430
f 2425 2431 2436
f 2426 2437 2431
f 2426 2432 2437
f 2427 2438 2432
f 2427 2433 2438
f 2434 2439 2433
f 2434 2440 2439
f 2430 2441 2435
f 2430 2436 2441
f 2431 2442 2436
f 2431 2437 2442
f 2432 2443 2437
f 2432 2438 2443
f 2433 2444 2438
f 2433 2439 2444
f 2440 2445 2439
f 2440 2446 2445
f 2436 2447 2441
f 2436 2442 2447
f 2437 2448 2442
f 2437 2443 2448
f 2438 2449 2443
f 2438 2444 2449
f 2439 2450 2444
f 2439 2445 2450
f 2446 2451 2445
f 2446 2452 2451
f 2442 2453 2447
f 2442 2448 2453
f 2443 2454 2448
f 2443 2449 2454
f 2444 2455 2449
f 2444 2450 2455
f 2445 2456 2450
f 2445 2451 2456
f 2452 2457 2451
f 2452 2458 2457
f 2448 2459 2453
f 2448 2454 2459
f 2449 2460 2454
f 2449 2455 2460
f 2450 2461 2455
f 2450 2456 2461
f 2451 2462 2456
f 2451 2457 2462
f 2458 2463 2457
f 2458 2464 2463
f 2454 2465 2459
f 2454 2460 2465
f 2455 2466 2460
f 2455 2461 2466
f 2456 2467 2461
f 2456 2462 2467
f 2457 2468 2462
f 2457 2463 2468
f 2464 2469 2463
f 2464 2470 2469
f 2460 2471 2465
f 2460 2466 2471
f 2461 2472 2466
f 2461 2467 2472
f 2462 2473 2467
f 2462 2468 2473
f 2463 2474 2468
f 2463 2469 2474
f 2470 2475 2469
f 2470 2476 2475
f 2466 2477 2471
f 2466 2472 2477
f 2467 2478 2472
f 2467 2473 2478
f 2468 2479 2473
f 2468 2474 2479
f 2469 2480 2474
f 2469 2475 2480
f 2476 2481 2475
f 2476 2482 2481
f 2472 2483 2477
f 2472 2478 2483
f 2473 2484 2478
f 2473 2479 2484
f 2474 2485 2479
f 2474 2480 2485
f 2475 2486 2480
f 2475 2481 2486
f 2482 2487 2481
f 2482 2488 2487
f 2478 2489 2483
f 2478 2484 2489
f 2479 2490 2484
f 2479 2485 2490
f 2480 2491 2485
f 2480 2486 2491
f 2481 2492 2486
f 2481 2487 2492
f 2488 2493 2487
f 2488 1902 2493
f 1902 1901 2493
f 2487 2493 2494
f 2487 2494 2492
f 2493 1901 2495
f 2493 2495 2494
f 1901 1905 2495
f 2486 2492 2496
f 2486 2496 2491
f 2485 2491 2497
f 2485 2497 2490
f 2492 2494 2498
f 2492 2498 2496
f 2495 1905 2499
f 1905 1906 2499
f 2499 1906 1915
f 2494 2495 2500
f 2495 2499 2500
f 2494 2500 2498
f 2499 1915 2501
f 2500 2499 2501
f 2501 1915 1930
f 2491 2496 2502
f 2491 2502 2497
f 2496 2498 2503
f 2496 2503 2502
f 2498 2500 2504
f 2500 2501 2504
f 2498 2504 2503
f 2501 1930 2505
f 2504 2501 2505
f 2505 1930 1936
f 2503 2504 2506
f 2504 2505 2506
f 2505 1936 2507
f 2506 2505 2507
f 2507 1936 1942
f 2502 2503 2508
f 2503 2506 2508
f 2497 2502 2509
f 2502 2508 2509
f 2506 2507 2510
f 2508 2506 2510
f 2507 1942 2511
f 2510 2507 2511
f 2511 1942 1948
f 2508 2510 2512
f 2509 2508 2512
f 2497 2509 2513
f 2490 2497 2513
f 2510 2511 2514
f 2512 2510 2514
f 2511 1948 2515
f 2514 2511 2515
f 2515 1948 1954
f 2509 2512 2516
f 2513 2509 2516
f 2490 2513 2517
f 2484 2490 2517
f 2484 2517 2489
f 2512 2514 2518
f 2516 2512 2518
f 2514 2515 2519
f 2518 2514 2519
f 2515 1954 2520
f 2519 2515 2520
f 2520 1954 1960
f 2517 2513 2521
f 2513 2516 2521
f 2489 2517 2522
f 2517 2521 2522
f 2516 2518 2523
f 2521 2516 2523
f 2518 2519 2524
f 2523 2518 2524
f 2519 2520 2525
f 2524 2519 2525
f 2520 1960 2526
f 2525 2520 2526
f 2526 1960 1966
f 2521 2523 2527
f 2522 2521 2527
f 2489 2522 2528
f 2483 2489 2528
f 2523 2524 2529
f 2527 2523 2529
f 2524 2525 2530
f 2529 2524 2530
f 2525 2526 2531
f 2530 2525 2531
f 2526 1966 2532
f 2531 2526 2532
f 2532 1966 1972
f 2522 2527 2533
f 2528 2522 2533
f 2483 2528 2534
f 2477 2483 2534
f 2527 2529 2535
f 2533 2527 2535
f 2529 2530 2536
f 2535 2529 2536
f 2530 2531 2537
f 2536 2530 2537
f 2531 2532 2538
f 2537 2531 2538
f 2532 1972 2539
f 2538 2532 2539
f 2539 1972 1978
f 2539 1978 2540
f 2540 1978 1984
f 2538 2539 2541
f 2541 2539 2540
f 2537 2538 2542
f 2542 2538 2541
f 2536 2537 2543
f 2543 2537 2542
f 2535 2536 2544
f 2544 2536 2543
f 2540 1984 2545
f 2545 1984 1990
f 2541 2540 2546
f 2546 2540 2545
f 2542 2541 2547
f 2547 2541 2546
f 2543 2542 2548
f 2548 2542 2547
f 2545 1990 2549
f 2549 1990 1996
f 2546 2545 2550
f 2550 2545 2549
f 2547 2546 2551
f 2551 2546 2550
f 2549 1996 2552
f 2552 1996 2002
f 2550 2549 2553
f 2553 2549 2552
f 2552 2002 2554
f 2554 2002 2008
f 2555 2543 2548
f 2544 2543 2555
f 2548 2547 2556
f 2556 2547 2551
f 2551 2550 2557
f 2557 2550 2553
f 2553 2552 2558
f 2558 2552 2554
f 2554 2008 2559
f 2559 2008 2014
f 2555 2548 2560
f 2560 2548 2556
f 2556 2551 2561
f 2561 2551 2557
f 2557 2553 2562
f 2562 2553 2558
f 2558 2554 2563
f 2563 2554 2559
f 2559 2014 2564
f 2564 2014 2020
f 2560 2556 2565
f 2565 2556 2561
f 2561 2557 2566
f 2566 2557 2562
f 2562 2558 2567
f 2567 2558 2563
f 2563 2559 2568
f 2568 2559 2564
f 2564 2020 2569
f 2569 2020 2026
f 2565 2561 2570
f 2570 2561 2566
f 2566 2562 2571
f 2571 2562 2567
f 2567 2563 2572
f 2572 2563 2568
f 2568 2564 2573
f 2573 2564 2569
f 2569 2026 2574
f 2574 2026 2032
f 2570 2566 2575
f 2575 2566 2571
f 2571 2567 2576
f 2576 2567 2572
f 2572 2568 2577
f 2577 2568 2573
f 2573 2569 2578
f 2578 2569 2574
f 2574 2032 2579
f 2579 2032 2038
f 2575 2571 2580
f 2580 2571 2576
f 2576 2572 2581
f 2581 2572 2577
f 2577 2573 2582
f 2582 2573 2578
f 2578 2574 2583
f 2583 2574 2579
f 2580 2576 2584
f 2584 2576 2581
f 2581 2577 2585
f 2585 2577 2582
f 2582 2578 2586
f 2586 2578 2583
f 2584 2581 2587
f 2587 2581 2585
f 2585 2582 2588
f 2588 2582 2586
f 2587 2585 2589
f 2589 2585 2588
f 2583 2579 2590
f 2586 2583 2591
f 2591 2583 2590
f 2588 2586 2592
f 2592 2586 2591
f 2589 2588 2593
f 2593 2588 2592
f 2590 2579 2594
f 2579 2038 2594
f 2594 2038 2595
f 2038 2033 2595
f 2595 2033 2039
f 2595 2039 2596
f 2596 2039 2049
f 2594 2595 2597
f 2597 2595 2596
f 2590 2594 2598
f 2598 2594 2597
f 2591 2590 2599
f 2599 2590 2598
f 2592 2591 2600
f 2600 2591 2599
f 2596 2049 2601
f 2601 2049 2054
f 2601 2054 2065
f 2597 2596 2602
f 2602 2596 2601
f 2603 2601 2065
f 2602 2601 2603
f 2603 2065 2080
f 2598 2597 2604
f 2604 2597 2602
f 2599 2598 2605
f 2605 2598 2604
f 2606 2602 2603
f 2604 2602 2606
f 2607 2603 2080
f 2606 2603 2607
f 2607 2080 2086
f 2608 2604 2606
f 2605 2604 2608
f 2609 2599 2605
f 2600 2599 2609
f 2610 2607 2086
f 2610 2086 2092
f 2611 2606 2607
f 2608 2606 2611
f 2611 2607 2610
f 2612 2605 2608
f 2609 2605 2612
f 2613 2610 2092
f 2613 2092 2098
f 2614 2611 2610
f 2614 2610 2613
f 2615 2608 2611
f 2612 2608 2615
f 2615 2611 2614
f 2616 2613 2098
f 2616 2098 2104
f 2617 2614 2613
f 2617 2613 2616
f 2618 2615 2614
f 2618 2614 2617
f 2619 2612 2615
f 2619 2615 2618
f 2620 2609 2612
f 2620 2612 2619
f 2621 2616 2104
f 2621 2104 2110
f 2622 2617 2616
f 2622 2616 2621
f 2623 2618 2617
f 2623 2617 2622
f 2624 2619 2618
f 2624 2618 2623
f 2625 2621 2110
f 2625 2110 2116
f 2626 2622 2621
f 2626 2621 2625
f 2627 2623 2622
f 2627 2622 2626
f 2628 2625 2116
f 2628 2116 2122
f 2629 2626 2625
f 2629 2625 2628
f 2630 2628 2122
f 2630 2122 2128
f 2631 2619 2624
f 2631 2620 2619
f 2632 2624 2623
f 2632 2623 2627
f 2633 2627 2626
f 2633 2626 2629
f 2634 2629 2628
f 2634 2628 2630
f 2635 2630 2128
f 2635 2128 2134
f 2636 2631 2624
f 2636 2624 2632
f 2637 2632 2627
f 2637 2627 2633
f 2638 2633 2629
f 2638 2629 2634
f 2639 2634 2630
f 2639 2630 2635
f 2640 2635 2134
f 2640 2134 2140
f 2641 2636 2632
f 2641 2632 2637
f 2642 2637 2633
f 2642 2633 2638
f 2643 2638 2634
f 2643 2634 2639
f 2644 2639 2635
f 2644 2635 2640
f 2645 2640 2140
f 2645 2140 2146
f 2646 2641 2637
f 2646 2637 2642
f 2647 2642 2638
f 2647 2638 2643
f 2648 2643 2639
f 2648 2639 2644
f 2649 2644 2640
f 2649 2640 2645
f 2650 2645 2146
f 2650 2146 2152
f 2651 2646 2642
f 2651 2642 2647
f 2652 2647 2643
f 2652 2643 2648
f 2653 2648 2644
f 2653 2644 2649
f 2654 2649 2645
f 2654 2645 2650
f 2655 2650 2152
f 2655 2152 2158
f 2656 2651 2647
f 2656 2647 2652
f 2657 2652 2648
f 2657 2648 2653
f 2658 2653 2649
f 2658 2649 2654
f 2659 2654 2650
f 2659 2650 2655
f 2660 2655 2158
f 2660 2158 2164
f 2661 2656 2652
f 2661 2652 2657
f 2662 2657 2653
f 2662 2653 2658
f 2663 2658 2654
f 2663 2654 2659
f 2664 2659 2655
f 2664 2655 2660
f 2665 2660 2164
f 2665 2164 2170
f 2666 2661 2657
f 2666 2657 2662
f 2667 2662 2658
f 2667 2658 2663
f 2668 2663 2659
f 2668 2659 2664
f 2669 2664 2660
f 2669 2660 2665
f 2670 2665 2170
f 2670 2170 2176
f 2671 2666 2662
f 2671 2662 2667
f 2672 2667 2663
f 2672 2663 2668
f 2673 2668 2664
f 2673 2664 2669
f 2674 2669 2665
f 2674 2665 2670
f 2675 2670 2176
f 2675 2176 2182
f 2676 2671 2667
f 2676 2667 2672
f 2677 2672 2668
f 2677 2668 2673
f 2678 2673 2669
f 2678 2669 2674
f 2679 2674 2670
f 2679 2670 2675
f 2680 2675 2182
f 2680 2182 2188
f 2256 2680 2188
f 2681 2675 2680
f 2681 2679 2675
f 2682 2680 2256
f 2682 2681 2680
f 2262 2682 2256
f 2270 2682 2262
f 2683 2674 2679
f 2683 2678 2674
f 2684 2673 2678
f 2684 2677 2673
f 2685 2681 2682
f 2270 2685 2682
f 2686 2679 2681
f 2686 2683 2679
f 2685 2686 2681
f 2687 2678 2683
f 2687 2684 2678
f 2688 2685 2270
f 2269 2688 2270
f 2276 2688 2269
f 2689 2686 2685
f 2688 2689 2685
f 2690 2683 2686
f 2690 2687 2683
f 2689 2690 2686
f 2276 2691 2688
f 2691 2689 2688
f 2291 2691 2276
f 2692 2690 2689
f 2691 2692 2689
f 2291 2693 2691
f 2693 2692 2691
f 2297 2693 2291
f 2694 2687 2690
f 2692 2694 2690
f 2297 2695 2693
f 2303 2695 2297
f 2693 2696 2692
f 2696 2694 2692
f 2695 2696 2693
f 2694 2697 2687
f 2697 2684 2687
f 2303 2698 2695
f 2309 2698 2303
f 2696 2699 2694
f 2699 2697 2694
f 2695 2700 2696
f 2698 2700 2695
f 2700 2699 2696
f 2697 2701 2684
f 2701 2677 2684
f 2309 2702 2698
f 2315 2702 2309
f 2698 2703 2700
f 2702 2703 2698
f 2700 2704 2699
f 2703 2704 2700
f 2699 2705 2697
f 2705 2701 2697
f 2704 2705 2699
f 2701 2706 2677
f 2706 2672 2677
f 2706 2676 2672
f 2315 2707 2702
f 2321 2707 2315
f 2702 2708 2703
f 2707 2708 2702
f 2703 2709 2704
f 2708 2709 2703
f 2705 2710 2701
f 2710 2706 2701
f 2704 2711 2705
f 2709 2711 2704
f 2711 2710 2705
f 2712 2676 2706
f 2710 2712 2706
f 2321 2713 2707
f 2327 2713 2321
f 2707 2714 2708
f 2713 2714 2707
f 2708 2715 2709
f 2714 2715 2708
f 2709 2716 2711
f 2715 2716 2709
f 2711 2717 2710
f 2717 2712 2710
f 2716 2717 2711
f 2712 2718 2676
f 2718 2671 2676
f 2327 2719 2713
f 2333 2719 2327
f 2713 2720 2714
f 2719 2720 2713
f 2714 2721 2715
f 2720 2721 2714
f 2715 2722 2716
f 2721 2722 2715
f 2716 2723 2717
f 2722 2723 2716
f 2717 2724 2712
f 2723 2724 2717
f 2724 2718 2712
f 2333 2725 2719
f 2339 2725 2333
f 2719 2726 2720
f 2725 2726 2719
f 2720 2727 2721
f 2726 2727 2720
f 2721 2728 2722
f 2727 2728 2721
f 2722 2729 2723
f 2728 2729 2722
f 2723 2730 2724
f 2729 2730 2723
f 2724 2731 2718
f 2730 2731 2724
f 2339 2732 2725
f 2345 2732 2339
f 2725 2733 2726
f 2732 2733 2725
f 2726 2734 2727
f 2733 2734 2726
f 2727 2735 2728
f 2734 2735 2727
f 2728 2736 2729
f 2735 2736 2728
f 2729 2737 2730
f 2736 2737 2729
f 2345 2738 2732
f 2351 2738 2345
f 2732 2739 2733
f 2738 2739 2732
f 2733 2740 2734
f 2739 2740 2733
f 2734 2741 2735
f 2740 2741 2734
f 2735 2742 2736
f 2741 2742 2735
f 2351 2743 2738
f 2357 2743 2351
f 2738 2744 2739
f 2743 2744 2738
f 2739 2745 2740
f 2744 2745 2739
f 2740 2746 2741
f 2745 2746 2740
f 2357 2747 2743
f 2363 2747 2357
f 2743 2748 2744
f 2747 2748 2743
f 2744 2749 2745
f 2748 2749 2744
f 2741 2750 2742
f 2746 2750 2741
f 2745 2751 2746
f 2749 2751 2745
f 2746 2752 2750
f 2751 2752 2746
f 2363 2753 2747
f 2747 2754 2748
f 2753 2754 2747
f 2748 2755 2749
f 2754 2755 2748
f 2749 2756 2751
f 2755 2756 2749
f 2751 2757 2752
f 2756 2757 2751
f 2758 2753 2363
f 2358 2758 2363
f 2364 2758 2358
f 2364 2759 2758
f 2374 2759 2364
f 2758 2760 2753
f 2759 2760 2758
f 2753 2761 2754
f 2760 2761 2753
f 2754 2762 2755
f 2761 2762 2754
f 2755 2763 2756
f 2762 2763 2755
f 2374 2764 2759
f 2379 2764 2374
f 2379 2390 2764
f 2759 2765 2760
f 2764 2765 2759
f 2390 2766 2764
f 2764 2766 2765
f 2390 2405 2766
f 2760 2767 2761
f 2765 2767 2760
f 2761 2768 2762
f 2767 2768 2761
f 2405 2769 2766
f 2405 2411 2769
f 2766 2770 2765
f 2765 2770 2767
f 2766 2769 2770
f 2411 2771 2769
f 2411 2417 2771
f 2770 2772 2767
f 2767 2772 2768
f 2769 2773 2770
f 2769 2771 2773
f 2770 2773 2772
f 2768 2774 2762
f 2762 2774 2763
f 2417 2775 2771
f 2417 2423 2775
f 2771 2776 2773
f 2771 2775 2776
f 2773 2777 2772
f 2773 2776 2777
f 2772 2778 2768
f 2768 2778 2774
f 2772 2777 2778
f 2423 2779 2775
f 2423 2429 2779
f 2775 2780 2776
f 2775 2779 2780
f 2776 2781 2777
f 2776 2780 2781
f 2777 2782 2778
f 2777 2781 2782
f 2778 2783 2774
f 2778 2782 2783
f 2429 2784 2779
f 2429 2435 2784
f 2779 2785 2780
f 2779 2784 2785
f 2780 2786 2781
f 2780 2785 2786
f 2781 2787 2782
f 2781 2786 2787
f 2435 2788 2784
f 2435 2441 2788
f 2784 2789 2785
f 2784 2788 2789
f 2785 2790 2786
f 2785 2789 2790
f 2441 2791 2788
f 2441 2447 2791
f 2788 2792 2789
f 2788 2791 2792
f 2447 2793 2791
f 2447 2453 2793
f 2782 2787 2794
f 2782 2794 2783
f 2786 2795 2787
f 2786 2790 2795
f 2789 2796 2790
f 2789 2792 2796
f 2791 2797 2792
f 2791 2793 2797
f 2453 2798 2793
f 2453 2459 2798
f 2787 2799 2794
f 2787 2795 2799
f 2790 2800 2795
f 2790 2796 2800
f 2792 2801 2796
f 2792 2797 2801
f 2793 2802 2797
f 2793 2798 2802
f 2459 2803 2798
f 2459 2465 2803
f 2795 2804 2799
f 2795 2800 2804
f 2796 2805 2800
f 2796 2801 2805
f 2797 2806 2801
f 2797 2802 2806
f 2798 2807 2802
f 2798 2803 2807
f 2465 2808 2803
f 2465 2471 2808
f 2800 2809 2804
f 2800 2805 2809
f 2801 2810 2805
f 2801 2806 2810
f 2802 2811 2806
f 2802 2807 2811
f 2803 2812 2807
f 2803 2808 2812
f 2471 2813 2808
f 2471 2477 2813
f 2477 2534 2813
f 2808 2813 2814
f 2808 2814 2812
f 2807 2812 2815
f 2807 2815 2811
f 2806 2811 2816
f 2806 2816 2810
f 2813 2534 2817
f 2813 2817 2814
f 2812 2814 2818
f 2812 2818 2815
f 2811 2815 2819
f 2811 2819 2816
f 2534 2820 2817
f 2534 2528 2820
f 2528 2533 2820
f 2814 2817 2821
f 2814 2821 2818
f 2815 2818 2822
f 2815 2822 2819
f 2820 2533 2823
f 2533 2535 2823
f 2823 2535 2544
f 2817 2820 2824
f 2820 2823 2824
f 2817 2824 2821
f 2823 2544 2825
f 2824 2823 2825
f 2825 2544 2555
f 2818 2821 2826
f 2818 2826 2822
f 2821 2824 2827
f 2824 2825 2827
f 2821 2827 2826
f 2825 2555 2828
f 2827 2825 2828
f 2828 2555 2560
f 2826 2827 2829
f 2827 2828 2829
f 2828 2560 2830
f 2829 2828 2830
f 2830 2560 2565
f 2822 2826 2831
f 2826 2829 2831
f 2830 2565 2832
f 2832 2565 2570
f 2829 2830 2833
f 2831 2829 2833
f 2833 2830 2832
f 2822 2831 2834
f 2819 2822 2834
f 2832 2570 2835
f 2835 2570 2575
f 2833 2832 2836
f 2836 2832 2835
f 2831 2833 2837
f 2834 2831 2837
f 2837 2833 2836
f 2819 2834 2838
f 2816 2819 2838
f 2835 2575 2839
f 2839 2575 2580
f 2834 2837 2840
f 2838 2834 2840
f 2837 2836 2841
f 2840 2837 2841
f 2836 2835 2842
f 2842 2835 2839
f 2841 2836 2842
f 2816 2838 2843
f 2810 2816 2843
f 2839 2580 2844
f 2844 2580 2584
f 2838 2840 2845
f 2843 2838 2845
f 2840 2841 2846
f 2845 2840 2846
f 2842 2839 2847
f 2847 2839 2844
f 2841 2842 2848
f 2846 2841 2848
f 2848 2842 2847
f 2810 2843 2849
f 2805 2810 2849
f 2805 2849 2809
f 2844 2584 2850
f 2850 2584 2587
f 2847 2844 2851
f 2851 2844 2850
f 2848 2847 2852
f 2852 2847 2851
f 2846 2848 2853
f 2853 2848 2852
f 2849 2843 2854
f 2843 2845 2854
f 2845 2846 2855
f 2855 2846 2853
f 2854 2845 2855
f 2809 2849 2856
f 2849 2854 2856
f 2850 2587 2857
f 2857 2587 2589
f 2851 2850 2858
f 2858 2850 2857
f 2852 2851 2859
f 2859 2851 2858
f 2853 2852 2860
f 2860 2852 2859
f 2854 2855 2861
f 2856 2854 2861
f 2855 2853 2862
f 2862 2853 2860
f 2861 2855 2862
f 2857 2589 2863
f 2863 2589 2593
f 2858 2857 2864
f 2864 2857 2863
f 2859 2858 2865
f 2865 2858 2864
f 2860 2859 2866
f 2866 2859 2865
f 2862 2860 2867
f 2867 2860 2866
f 2861 2862 2868
f 2868 2862 2867
f 2869 2861 2868
f 2856 2861 2869
f 2870 2856 2869
f 2809 2856 2870
f 2804 2809 2870
f 2804 2870 2871
f 2799 2804 2871
f 2870 2869 2872
f 2871 2870 2872
f 2869 2868 2873
f 2872 2869 2873
f 2868 2867 2874
f 2873 2868 2874
f 2867 2866 2875
f 2874 2867 2875
f 2799 2871 2876
f 2794 2799 2876
f 2871 2872 2877
f 2876 2871 2877
f 2872 2873 2878
f 2877 2872 2878
f 2873 2874 2879
f 2878 2873 2879
f 2794 2876 2880
f 2783 2794 2880
f 2876 2877 2881
f 2880 2876 2881
f 2877 2878 2882
f 2881 2877 2882
f 2783 2880 2883
f 2774 2783 2883
f 2774 2883 2763
f 2880 2881 2884
f 2883 2880 2884
f 2763 2883 2885
f 2883 2884 2885
f 2763 2885 2756
f 2756 2885 2757
f 2884 2881 2886
f 2881 2882 2886
f 2885 2884 2887
f 2885 2887 2757
f 2884 2886 2887
f 2882 2878 2888
f 2878 2879 2888
f 2757 2887 2889
f 2757 2889 2752
f 2887 2886 2890
f 2887 2890 2889
f 2886 2882 2891
f 2882 2888 2891
f 2886 2891 2890
f 2752 2889 2892
f 2752 2892 2750
f 2889 2890 2893
f 2889 2893 2892
f 2890 2891 2894
f 2890 2894 2893
f 2891 2888 2895
f 2891 2895 2894
f 2888 2879 2896
f 2888 2896 2895
f 2750 2892 2897
f 2750 2897 2742
f 2892 2893 2898
f 2892 2898 2897
f 2893 2894 2899
f 2893 2899 2898
f 2894 2895 2900
f 2894 2900 2899
f 2742 2897 2901
f 2742 2901 2736
f 2736 2901 2737
f 2897 2898 2902
f 2897 2902 2901
f 2898 2899 2903
f 2898 2903 2902
f 2901 2904 2737
f 2901 2902 2904
f 2895 2905 2900
f 2895 2896 2905
f 2899 2900 2906
f 2899 2906 2903
f 2902 2903 2907
f 2902 2907 2904
f 2737 2904 2908
f 2737 2908 2730
f 2730 2908 2731
f 2904 2909 2908
f 2904 2907 2909
f 2903 2910 2907
f 2903 2906 2910
f 2900 2911 2906
f 2900 2905 2911
f 2908 2912 2731
f 2908 2909 2912
f 2907 2913 2909
f 2907 2910 2913
f 2906 2914 2910
f 2906 2911 2914
f 2731 2912 2915
f 2731 2915 2718
f 2718 2915 2671
f 2915 2666 2671
f 2915 2916 2666
f 2912 2916 2915
f 2916 2661 2666
f 2909 2917 2912
f 2912 2917 2916
f 2909 2913 2917
f 2916 2918 2661
f 2917 2918 2916
f 2918 2656 2661
f 2913 2919 2917
f 2917 2919 2918
f 2918 2920 2656
f 2919 2920 2918
f 2920 2651 2656
f 2913 2921 2919
f 2910 2921 2913
f 2910 2914 2921
f 2919 2922 2920
f 2921 2922 2919
f 2920 2923 2651
f 2922 2923 2920
f 2923 2646 2651
f 2914 2924 2921
f 2921 2924 2922
f 2923 2925 2646
f 2925 2641 2646
f 2922 2926 2923
f 2924 2926 2922
f 2926 2925 2923
f 2914 2927 2924
f 2911 2927 2914
f 2925 2928 2641
f 2928 2636 2641
f 2924 2929 2926
f 2927 2929 2924
f 2926 2930 2925
f 2930 2928 2925
f 2929 2930 2926
f 2911 2931 2927
f 2905 2931 2911
f 2928 2932 2636
f 2932 2631 2636
f 2927 2933 2929
f 2931 2933 2927
f 2929 2934 2930
f 2933 2934 2929
f 2930 2935 2928
f 2935 2932 2928
f 2934 2935 2930
f 2905 2936 2931
f 2896 2936 2905
f 2932 2937 2631
f 2937 2620 2631
f 2931 2938 2933
f 2936 2938 2931
f 2933 2939 2934
f 2938 2939 2933
f 2935 2940 2932
f 2940 2937 2932
f 2934 2941 2935
f 2939 2941 2934
f 2941 2940 2935
f 2896 2942 2936
f 2879 2942 2896
f 2879 2874 2942
f 2874 2875 2942
f 2942 2943 2936
f 2936 2943 2938
f 2942 2875 2943
f 2938 2944 2939
f 2943 2944 2938
f 2875 2945 2943
f 2943 2945 2944
f 2875 2866 2945
f 2866 2865 2945
f 2945 2865 2946
f 2945 2946 2944
f 2865 2864 2946
f 2944 2947 2939
f 2944 2946 2947
f 2939 2947 2941
f 2946 2864 2948
f 2946 2948 2947
f 2864 2863 2948
f 2947 2949 2941
f 2947 2948 2949
f 2941 2949 2940
f 2948 2863 2950
f 2948 2950 2949
f 2863 2593 2950
f 2949 2951 2940
f 2949 2950 2951
f 2940 2951 2937
f 2950 2593 2952
f 2950 2952 2951
f 2593 2592 2952
f 2952 2592 2600
f 2951 2953 2937
f 2951 2952 2953
f 2952 2600 2953
f 2937 2953 2620
f 2953 2600 2609
f 2953 2609 2620
v -37 -9 35.00002
v -33 -9 32.00001
v -33 -5 32
v -37 -5 35.00001
v -43 -5 32
v -42 -9 34
v -42 -5 34
v -43 -9 32.00001
v -33 -9 18.00001
v -37.9992 -9 17.99921
v -37.9992 -5 17.99921
v -33 -5 18
v -37.9992 -9 17.99921
v -40 -9 17.99841
v -40 -5 17.99841
v -37.9992 -5 17.99921
v -42 -5 34
v -40.00079 -9 35.00001
v -40.00079 -5 35.00001
v -42 -9 34
v -40.00079 -5 35.00001
v -37 -9 35.00002
v -37 -5 35.00001
v -40.00079 -9 35.00001
v -33 -5 32
v -38 -5 32
v -37 -5 35.00001
v -40.00079 -5 35.00001
v -43 -5 32
v -42 -5 34
v -37 -9 35.00002
v -40.00079 -9 35.00001
v -38 -9 32.00001
v -33 -9 32.00001
v -42 -9 34
v -43 -9 32.00001
v -33 -9 32.00001
v -33 -9 22
v -33 -5 32
v -33 -5 22
v -33 -9 18.00001
v -33 -5 18
v -42.9992 -5 22
v -42.9992 -9 22
v -43 -5 32
v -43 -9 32.00001
v -40 -5 17.99841
v -40 -9 17.99841
v -42.9992 -5 22
v -42.9992 -9 22
v -37.9996 -5 22
v -42.9992 -5 22
v -37.9992 -5 17.99921
v -40 -5 17.99841
v -33 -5 18
v -33 -5 22
v -33 -9 22
v -37.9996 -9 22
v -33 -9 18.00001
v -37.9992 -9 17.99921
v -42.9992 -9 22
v -40 -9 17.99841
f 2954 2955 2956
f 2957 2954 2956
f 2958 2959 2960
f 2958 2961 2959
f 2962 2963 2964
f 2965 2962 2964
f 2966 2967 2968
f 2969 2966 2968
f 2970 2971 2972
f 2970 2973 2971
f 2974 2975 2976
f 2974 2977 2975
f 2978 2979 2980
f 2979 2981 2980
f 2979 2982 2981
f 2982 2983 2981
f 2984 2985 2986
f 2984 2986 2987
f 2985 2988 2989
f 2985 2989 2986
f 2990 2991 2992
f 2992 2991 2993
f 2991 2994 2993
f 2993 2994 2995
f 2996 2997 2998
f 2998 2997 2999
f 3000 3001 3002
f 3002 3001 3003
f 3004 3005 2979
f 3005 2982 2979
f 3006 3007 3005
f 3006 3005 3004
f 3008 3006 3004
f 3008 3004 3009
f 3009 3004 2979
f 3009 2979 2978
f 2987 2986 3010
f 2986 3011 3010
f 3010 3011 3012
f 3011 3013 3012
f 2986 2989 3014
f 2986 3014 3011
f 3011 3014 3013
f 3014 3015 3013
v 9.969483 -11 -34.04506
v 17.85435 -11 -35.39738
v 10.64565 -11 -30.10263
v 18.53052 -11 -31.45495
v 11.6923 -11 -24.00001
v 19.63759 -11 -25.00001
v 18.53052 1.5 -31.45495
v 10.64565 1.5 -30.10263
v 19.6376 -7 -25
v 11.6923 -7 -24
v 11.6923 -11 -24.00001
v 19.63759 -11 -25.00001
v 11.6923 -9 -24
v 19.6376 -9 -25
v 11.6923 -7 -24
v 19.6376 -7 -25
v 18.53052 -4.75 -31.45495
v 18.53052 -11 -31.45495
v 17.85436 -1.5 -35.39738
v 17.85435 -11 -35.39738
v 17.85436 1.5 -35.39738
v 18.53052 1.5 -31.45495
v 17.85436 -1.5 -35.39738
v 17.85435 -11 -35.39738
v 9.969486 -1.5 -34.04506
v 9.969483 -11 -34.04506
v 11.5 1.5 -54
v 11.5 -1.5 -54
v 1.5 1.5 -53
v 1.5 -1.5 -53
v 9.969486 -1.5 -34.04506
v 10.64565 -11 -30.10263
v 10.64565 -4.75 -30.10263
v 9.969483 -11 -34.04506
v 9.969486 1.5 -34.04506
v 10.64565 1.5 -30.10263
v 10.64565 1.5 -30.10263
v 10.64565 -4.75 -30.10263
v 11.6923 -7 -24
v 11.6923 -9 -24
v 10.64565 -11 -30.10263
v 11.6923 -11 -24.00001
v 19.63759 -11 -25.00001
v 19.6376 -9 -25
v 19.6376 -7 -25
v 17.85436 1.5 -35.39738
v 17.85436 -1.5 -35.39738
v 16.37893 1.5 -44
v 16.37893 -1.5 -44
v 17.85436 -1.5 -35.39738
v 9.969486 -1.5 -34.04506
v 16.37893 -1.5 -44
v 8.433637 -1.5 -43
v 9.969486 -1.5 -34.04506
v 9.969486 1.5 -34.04506
v 8.433637 -1.5 -43
v 8.433637 1.5 -43
v 16.37893 1.5 -44
v 16.37893 -1.5 -44
v 15.61197 1.5 -49
v 15.61197 -1.5 -49
v 16.37893 -9.5 -44
v 8.433637 -9.5 -43
v 15.61198 -9.5 -49
v 7.666677 -9.5 -48
v 2.5 -1.5 -44.5
v 2.5 1.5 -44.5
v 1.5 -1.5 -53
v 1.5 1.5 -53
v 16.37893 -1.5 -44
v 8.433637 -1.5 -43
v 16.37893 -9.5 -44
v 8.433637 -9.5 -43
v 15.61197 -1.5 -49
v 16.37893 -1.5 -44
v 15.61198 -9.5 -49
v 16.37893 -9.5 -44
v 2.5 -9.5 -44.5
v 1.5 -9.5 -53
v 3.97109 -2 -50
v 10.54939 -2 -51
v 3.97109 -8.1544 -50
v 10.54939 -8.1544 -51
v 8.433637 -1.5 -43
v 8.433637 1.5 -43
v 2.5 -1.5 -44.5
v 2.5 1.5 -44.5
v 8.433637 -9.5 -43
v 2.5 -9.5 -44.5
v 15.61197 -1.5 -49
v 15.61198 -9.5 -49
v 11.5 -1.5 -54
v 11.5 -9.5 -54
v 15.61197 1.5 -49
v 15.61197 -1.5 -49
v 11.5 1.5 -54
v 11.5 -1.5 -54
v 1.5 -9.5 -53
v 2.5 -9.5 -44.5
v 11.5 -9.5 -54
v 8.433637 1.5 -43
v 7.666677 1.5 -48
v 8.433636 4 -43
v 7.666677 4 -48
v 2.5 4 -44.5
v 8.433636 4 -43
v 15.61197 4 -49
v 11.5 4 -54
v 1.5 1.5 -53
v 2.5 1.5 -44.5
v 1.500001 4 -53
v 2.5 4 -44.5
v 7.666677 1.5 -48
v 15.61197 1.5 -49
v 7.666677 4 -48
v 15.61197 4 -49
v 11.5 4 -54
v 1.500001 4 -53
v 8.433636 4 -43
v 7.666677 4 -48
v 8.433637 7 -43
v 7.666678 7 -48
v 2.500001 7 -44.5
v 8.433637 7 -43
v 7.666677 4 -48
v 1.500001 4 -53
v 7.666678 7 -48
v 1.500002 7 -53
v 1.500002 7 -53
v 2.500001 7 -44.5
v 1.5 -1.5 -53
v 11.5 -1.5 -54
v 3.335149 -2 -53.105
v 9.949467 -2 -53.895
v 1.5 -9.5 -53
v 1.5 -1.5 -53
v 3.335149 -8.1544 -53.105
v 3.335149 -2 -53.105
v 11.5 -1.5 -54
v 11.5 -9.5 -54
v 9.949467 -2 -53.895
v 9.949468 -8.1544 -53.895
v 11.5 -9.5 -54
v 1.5 -9.5 -53
v 9.949468 -8.1544 -53.895
v 3.335149 -8.1544 -53.105
v 3.335149 -2 -53.105
v 9.949467 -2 -53.895
v 3.97109 -2 -50
v 10.54939 -2 -51
v 3.335149 -8.1544 -53.105
v 3.335149 -2 -53.105
v 3.97109 -8.1544 -50
v 3.97109 -2 -50
v 9.949467 -2 -53.895
v 9.949468 -8.1544 -53.895
v 10.54939 -2 -51
v 10.54939 -8.1544 -51
v 9.949468 -8.1544 -53.895
v 3.335149 -8.1544 -53.105
v 10.54939 -8.1544 -51
v 3.97109 -8.1544 -50
v 10.64565 1.5 -30.10263
v 18.53052 1.5 -31.45495
v 9.969486 1.5 -34.04506
v 17.85436 1.5 -35.39738
v 8.433637 1.5 -43
v 16.37893 1.5 -44
v 7.666677 1.5 -48
v 15.61197 1.5 -49
v 8.433637 7 -43
v 7.666678 7 -48
v 2.500001 7 -44.5
v 1.500002 7 -53
v 7.666677 4 -48
v 15.61197 4 -49
v 1.500001 4 -53
v 11.5 4 -54
f 3016 3017 3018
f 3017 3019 3018
f 3018 3019 3020
f 3019 3021 3020
f 3022 3023 3024
f 3023 3025 3024
f 3026 3027 3028
f 3028 3027 3029
f 3028 3029 3030
f 3030 3029 3031
f 3032 3033 3034
f 3033 3035 3034
f 3032 3034 3036
f 3037 3032 3036
f 3038 3039 3040
f 3040 3039 3041
f 3042 3043 3044
f 3044 3043 3045
f 3046 3047 3048
f 3046 3049 3047
f 3050 3046 3048
f 3050 3048 3051
f 3052 3053 3054
f 3053 3055 3054
f 3055 3053 3056
f 3055 3056 3057
f 3058 3033 3059
f 3033 3032 3059
f 3060 3059 3032
f 3060 3032 3037
f 3061 3062 3063
f 3062 3064 3063
f 3065 3066 3067
f 3066 3068 3067
f 3069 3070 3071
f 3070 3072 3071
f 3073 3074 3075
f 3074 3076 3075
f 3077 3078 3079
f 3078 3080 3079
f 3081 3082 3083
f 3082 3084 3083
f 3085 3086 3087
f 3086 3088 3087
f 3089 3090 3091
f 3090 3092 3091
f 3081 3083 3093
f 3083 3094 3093
f 3095 3096 3097
f 3096 3098 3097
f 3099 3100 3101
f 3100 3102 3101
f 3103 3099 3104
f 3099 3101 3104
f 3105 3106 3107
f 3106 3108 3107
f 3109 3110 3111
f 3110 3112 3111
f 3080 3078 3113
f 3078 3114 3113
f 3079 3080 3115
f 3080 3113 3115
f 3116 3117 3118
f 3117 3119 3118
f 3102 3100 3120
f 3100 3121 3120
f 3109 3111 3122
f 3111 3123 3122
f 3124 3125 3126
f 3125 3127 3126
f 3128 3129 3130
f 3129 3131 3130
f 3042 3044 3132
f 3044 3133 3132
f 3134 3135 3136
f 3135 3137 3136
f 3120 3121 3138
f 3121 3139 3138
f 3140 3141 3142
f 3141 3143 3142
f 3126 3127 3144
f 3127 3145 3144
f 3146 3147 3148
f 3147 3149 3148
f 3150 3151 3152
f 3151 3153 3152
f 3154 3155 3156
f 3155 3157 3156
f 3158 3159 3160
f 3159 3161 3160
f 3162 3163 3164
f 3163 3165 3164
f 3166 3167 3168
f 3167 3169 3168
f 3170 3171 3172
f 3171 3173 3172
f 3174 3175 3176
f 3175 3177 3176
f 3178 3179 3180
f 3179 3181 3180
f 3180 3181 3182
f 3181 3183 3182
f 3182 3183 3184
f 3183 3185 3184
f 3186 3187 3188
f 3187 3189 3188
f 3190 3191 3192
f 3191 3193 3192
v 32.59143 15.55634 -16.466
v 28.10854 18.07583 -12.48945
v 28.2535 18.53675 -12.61806
v 32.73639 16.01726 -16.59461
v 29.58089 18.53675 -11.12193
v 33.91784 15.55669 -14.96972
v 34.06279 16.01761 -15.09833
v 29.43593 18.07583 -10.99332
v 28.10854 18.07583 -12.48945
v 27.41874 18.46341 -11.87793
v 27.5637 18.92433 -12.00654
v 28.2535 18.53675 -12.61806
v 27.41874 18.46341 -11.87793
v 22.93672 20.98248 -7.901902
v 23.08168 21.4434 -8.030514
v 27.5637 18.92433 -12.00654
v 28.89133 18.92433 -10.51014
v 28.74637 18.46341 -10.38153
v 24.40908 21.44366 -6.533424
v 24.26412 20.98274 -6.404812
v 32.92265 15.55652 -16.09205
v 32.59143 15.55634 -16.466
v 32.73639 16.01726 -16.59461
v 33.06762 16.01744 -16.22066
v 23.08168 21.4434 -8.030514
v 23.26886 20.98261 -7.527069
v 23.41382 21.44353 -7.65568
v 22.93672 20.98248 -7.901902
v 28.2535 18.53675 -12.61806
v 28.5854 18.53675 -12.24397
v 33.06762 16.01744 -16.22066
v 32.73639 16.01726 -16.59461
v 32.59143 15.55634 -16.466
v 32.92265 15.55652 -16.09205
v 28.10854 18.07583 -12.48945
v 28.44043 18.07583 -12.11536
v 23.08168 21.4434 -8.030514
v 27.89583 18.92433 -11.63218
v 27.5637 18.92433 -12.00654
v 23.41382 21.44353 -7.65568
v 22.93672 20.98248 -7.901902
v 27.75087 18.46341 -11.50357
v 23.26886 20.98261 -7.527069
v 27.41874 18.46341 -11.87793
v 33.91784 15.55669 -14.96972
v 33.58616 15.5566 -15.34388
v 33.73112 16.01752 -15.47249
v 34.06279 16.01761 -15.09833
v 33.58616 15.5566 -15.34388
v 32.92265 15.55652 -16.09205
v 33.06762 16.01744 -16.22066
v 33.73112 16.01752 -15.47249
v 24.07736 21.44359 -6.907545
v 24.26412 20.98274 -6.404812
v 24.40908 21.44366 -6.533424
v 23.9324 20.98267 -6.778933
v 23.41382 21.44353 -7.65568
v 23.9324 20.98267 -6.778933
v 24.07736 21.44359 -6.907545
v 23.26886 20.98261 -7.527069
v 33.73112 16.01752 -15.47249
v 29.24906 18.53675 -11.49594
v 34.06279 16.01761 -15.09833
v 29.58089 18.53675 -11.12193
v 33.91784 15.55669 -14.96972
v 29.43593 18.07583 -10.99332
v 29.1041 18.07583 -11.36733
v 33.58616 15.5566 -15.34388
v 28.5595 18.92433 -10.88415
v 24.07736 21.44359 -6.907545
v 28.89133 18.92433 -10.51014
v 24.40908 21.44366 -6.533424
v 28.74637 18.46341 -10.38153
v 24.26412 20.98274 -6.404812
v 23.9324 20.98267 -6.778933
v 28.41454 18.46341 -10.75554
v 37 3.999999 -17.5
v 36.5 3.999999 -17
v 36 3.999999 -17.5
v 36.5 3.999999 -18
v 29.1041 18.07583 -11.36733
v 28.41454 18.46341 -10.75554
v 37 3.999999 -17.5
v 36.5 3.999999 -17
v 28.41454 18.46341 -10.75554
v 27.75087 18.46341 -11.50357
v 36.5 3.999999 -17
v 36 3.999999 -17.5
v 27.75087 18.46341 -11.50357
v 28.44043 18.07583 -12.11536
v 36 3.999999 -17.5
v 36.5 3.999999 -18
v 28.44043 18.07583 -12.11536
v 29.1041 18.07583 -11.36733
v 36.5 3.999999 -18
v 37 3.999999 -17.5
f 3194 3195 3196
f 3197 3194 3196
f 3198 3199 3200
f 3198 3201 3199
f 3202 3203 3204
f 3205 3202 3204
f 3206 3207 3208
f 3209 3206 3208
f 3210 3201 3198
f 3210 3211 3201
f 3212 3211 3210
f 3212 3213 3211
f 3214 3215 3216
f 3217 3214 3216
f 3218 3219 3220
f 3218 3221 3219
f 3222 3223 3224
f 3222 3224 3225
f 3226 3227 3228
f 3227 3229 3228
f 3230 3231 3232
f 3233 3231 3230
f 3231 3223 3232
f 3232 3223 3222
f 3234 3235 3236
f 3237 3235 3234
f 3228 3229 3237
f 3237 3229 3235
f 3238 3239 3240
f 3241 3238 3240
f 3242 3243 3244
f 3245 3242 3244
f 3246 3247 3248
f 3246 3249 3247
f 3250 3251 3252
f 3250 3253 3251
f 3254 3255 3256
f 3255 3257 3256
f 3224 3223 3254
f 3223 3255 3254
f 3258 3259 3260
f 3258 3260 3261
f 3261 3260 3229
f 3261 3229 3227
f 3231 3233 3262
f 3233 3263 3262
f 3262 3263 3264
f 3263 3265 3264
f 3255 3262 3257
f 3262 3264 3257
f 3223 3231 3255
f 3231 3262 3255
f 3266 3267 3268
f 3266 3268 3269
f 3269 3268 3236
f 3269 3236 3235
f 3259 3266 3269
f 3259 3269 3260
f 3270 3271 3272
f 3270 3272 3273
f 3274 3275 3276
f 3275 3277 3276
f 3278 3279 3280
f 3279 3281 3280
f 3282 3283 3284
f 3283 3285 3284
f 3286 3287 3288
f 3287 3289 3288
v -36.11446 -9 10.91154
v -28.37287 -9 8.894645
v -36.11446 -4 10.91154
v -28.37287 -4 8.894644
v -29.12921 -9 5.991551
v -31 -9 1
v -28 -4 8.000001
v -31 -7 1
v -31 -9 1
v -39 -9 3
v -31 -7 1
v -39 -7 3
v -39 -9 3
v -36.8708 -9 8.008451
v -39 -7 3
v -36 -4 10
v -36 -4 10
v -28 -4 8.000001
v -39 -7 3
v -31 -7 1
v -39 -9 3
v -31 -9 1
v -36.8708 -9 8.008451
v -29.12921 -9 5.991551
v -36.11446 -9 10.91154
v -28.37287 -9 8.894645
v -36 -4 10
v -36.8708 -9 8.008451
v -36.11446 -4 10.91154
v -36.11446 -9 10.91154
v -29.12921 -9 5.991551
v -28 -4 8.000001
v -28.37287 -9 8.894645
v -28.37287 -4 8.894644
v -28 -4 8.000001
v -36 -4 10
v -28.37287 -4 8.894644
v -36.11446 -4 10.91154
f 3290 3291 3292
f 3291 3293 3292
f 3294 3295 3296
f 3295 3297 3296
f 3298 3299 3300
f 3299 3301 3300
f 3302 3303 3304
f 3303 3305 3304
f 3306 3307 3308
f 3307 3309 3308
f 3310 3311 3312
f 3311 3313 3312
f 3312 3313 3314
f 3313 3315 3314
f 3316 3317 3318
f 3317 3319 3318
f 3320 3321 3322
f 3321 3323 3322
f 3324 3325 3326
f 3325 3327 3326
v 37.51851 -8 -10.93826
v 43.98351 -7 -13.80247
v 43.98351 -2 -13.80247
v 37.51851 -2 -10.93826
v 43.98351 -7 -13.80247
v 49.38794 -8 -18.36232
v 49.38794 -2 -18.36232
v 43.98351 -2 -13.80247
v 39.00137 -2 -14.22476
v 41.86235 -2 -17.19373
v 41.86235 8 -17.19373
v 39.00137 8 -14.22476
v 41.86235 -2 -17.19373
v 44.4058 -2 -18.78461
v 44.4058 8 -18.78461
v 41.86235 8 -17.19373
v 29 -7 -29
v 23 -8 -21
v 23 -7 -21
v 29 -8 -29
v 41.43358 -2 -31.07956
v 33 -8 -27.5
v 33 -2 -27.5
v 41.43358 -8 -31.07956
v 37.08974 8 -24.82408
v 32.85066 -2 -22.17263
v 32.85066 8 -22.17263
v 37.08974 -2 -24.82408
v 40.16348 8 -25.56713
v 37.08974 -2 -24.82408
v 37.08974 8 -24.82408
v 40.16348 -2 -25.56713
v 39.00137 -7 -14.22476
v 43.98351 -7 -13.80247
v 37.51851 -8 -10.93826
v 41.86235 -7 -17.19373
v 43.98351 -7 -13.80247
v 44.4058 -7 -18.78461
v 49.38794 -8 -18.36232
v 33 -8 -27.5
v 40.16348 -7 -25.56713
v 37.08974 -7 -24.82408
v 41.43358 -8 -31.07956
v 27.551 -8 -21.21681
v 33 -8 -27.5
v 32.85066 -7 -22.17263
v 37.08974 -7 -24.82408
v 23 -7 -21
v 23 -8 -21
v 30 -7 -10
v 34 -8 -12
v 37.51851 -8 -10.93826
v 37.51851 -2 -10.93826
v 34 -2 -12
v 32.85066 -2 -22.17263
v 35.18458 -2 -16.55544
v 35.18458 8 -16.55544
v 32.85066 8 -22.17263
v 35.18458 -2 -16.55544
v 39.00137 -2 -14.22476
v 39.00137 8 -14.22476
v 35.18458 8 -16.55544
v 46.52372 -2 -24.82732
v 41.43358 -8 -31.07956
v 41.43358 -2 -31.07956
v 46.52372 -7 -24.82732
v 49.38794 -2 -18.36232
v 46.52372 -7 -24.82732
v 46.52372 -2 -24.82732
v 49.38794 -8 -18.36232
v 43.13245 8 -22.70616
v 40.16348 -2 -25.56713
v 40.16348 8 -25.56713
v 43.13245 -2 -22.70616
v 44.4058 8 -18.78461
v 43.13245 -2 -22.70616
v 43.13245 8 -22.70616
v 44.4058 -2 -18.78461
v 27.551 -8 -21.21681
v 32.85066 -7 -22.17263
v 34 -8 -12
v 35.18458 -7 -16.55544
v 34 -8 -12
v 39.00137 -7 -14.22476
v 37.51851 -8 -10.93826
v 35.18458 -7 -16.55544
v 44.4058 -7 -18.78461
v 43.13245 -7 -22.70616
v 46.52372 -7 -24.82732
v 49.38794 -8 -18.36232
v 40.16348 -7 -25.56713
v 41.43358 -8 -31.07956
v 46.52372 -7 -24.82732
v 39.74119 -7 -20.585
v 44.4058 -7 -18.78461
v 41.86235 -7 -17.19373
v 43.13245 -7 -22.70616
v 37.08974 -7 -24.82408
v 40.16348 -7 -25.56713
v 35.18458 -7 -16.55544
v 39.00137 -7 -14.22476
v 32.85066 -7 -22.17263
v 34 -2 -12
v 27.551 -2 -21.21681
v 30 -7 -10
v 23 -7 -21
v 27.551 -2 -21.21681
v 33 -2 -27.5
v 23 -7 -21
v 29 -7 -29
v 33 -2 -27.5
v 33 -8 -27.5
v 29 -7 -29
v 29 -8 -29
v 33 -8 -27.5
v 27.551 -8 -21.21681
v 29 -8 -29
v 23 -8 -21
v 34 -8 -12
v 23 -8 -21
v 30 -7 -10
v 34 -8 -12
v 34 -2 -12
v 30 -7 -10
v 49.38794 -2 -18.36232
v 44.4058 -2 -18.78461
v 43.98351 -2 -13.80247
v 41.86235 -2 -17.19373
v 39.00137 -2 -14.22476
v 37.51851 -2 -10.93826
v 32.85066 -2 -22.17263
v 37.08974 -2 -24.82408
v 33 -2 -27.5
v 27.551 -2 -21.21681
v 40.16348 -2 -25.56713
v 41.43358 -2 -31.07956
v 35.18458 -2 -16.55544
v 34 -2 -12
v 43.13245 -2 -22.70616
v 46.52372 -2 -24.82732
v 41.86235 8 -17.19373
v 39.74119 8 -20.585
v 35.18458 8 -16.55544
v 39.00137 8 -14.22476
v 37.08974 8 -24.82408
v 32.85066 8 -22.17263
v 44.4058 8 -18.78461
v 43.13245 8 -22.70616
v 40.16348 8 -25.56713
f 3328 3329 3330
f 3331 3328 3330
f 3332 3333 3334
f 3335 3332 3334
f 3336 3337 3338
f 3339 3336 3338
f 3340 3341 3342
f 3343 3340 3342
f 3344 3345 3346
f 3344 3347 3345
f 3348 3349 3350
f 3348 3351 3349
f 3352 3353 3354
f 3352 3355 3353
f 3356 3357 3358
f 3356 3359 3357
f 3360 3361 3362
f 3360 3363 3361
f 3364 3363 3365
f 3364 3365 3366
f 3367 3368 3369
f 3367 3370 3368
f 3371 3372 3373
f 3372 3374 3373
f 3375 3376 3377
f 3378 3379 3380
f 3381 3378 3380
f 3382 3383 3384
f 3385 3382 3384
f 3386 3387 3388
f 3389 3386 3388
f 3390 3391 3392
f 3390 3393 3391
f 3394 3395 3396
f 3394 3397 3395
f 3398 3399 3400
f 3398 3401 3399
f 3402 3403 3404
f 3402 3405 3403
f 3406 3407 3408
f 3407 3409 3408
f 3410 3411 3412
f 3410 3413 3411
f 3414 3415 3416
f 3417 3414 3416
f 3418 3419 3420
f 3418 3420 3415
f 3421 3422 3423
f 3421 3424 3422
f 3425 3424 3421
f 3425 3426 3424
f 3427 3423 3428
f 3427 3421 3423
f 3429 3421 3427
f 3429 3425 3421
f 3430 3431 3432
f 3431 3433 3432
f 3434 3435 3436
f 3435 3437 3436
f 3438 3439 3440
f 3439 3441 3440
f 3442 3443 3444
f 3443 3445 3444
f 3443 3446 3447
f 3446 3448 3447
f 3449 3450 3451
f 3452 3453 3454
f 3453 3455 3454
f 3454 3455 3456
f 3457 3454 3456
f 3458 3459 3460
f 3458 3460 3461
f 3462 3463 3460
f 3459 3462 3460
f 3456 3464 3465
f 3457 3456 3465
f 3465 3464 3458
f 3465 3458 3461
f 3466 3467 3462
f 3467 3463 3462
f 3467 3453 3452
f 3467 3466 3453
f 3468 3469 3470
f 3471 3468 3470
f 3469 3472 3473
f 3470 3469 3473
f 3474 3475 3469
f 3468 3474 3469
f 3475 3476 3472
f 3469 3475 3472
v 40.932 13.55634 4.174265
v 35.03976 16.07583 3.082996
v 35.23032 16.53675 3.118269
v 41.12255 14.01726 4.209538
v 34.86626 16.53675 5.084949
v 40.56722 13.55669 6.140258
v 40.75777 14.01761 6.175531
v 34.67571 16.07583 5.049676
v 35.03976 16.07583 3.082996
v 34.1334 16.46341 2.914848
v 34.32395 16.92433 2.950122
v 35.23032 16.53675 3.118269
v 34.1334 16.46341 2.914848
v 25 20.36877 1.223661
v 25.5 20.69737 1.316229
v 34.32395 16.92433 2.950122
v 33.95983 16.92433 4.917158
v 33.76928 16.46341 4.881885
v 25 20.75545 3.258475
v 24.5 20.42685 3.165907
v 40.84066 13.55651 4.665392
v 40.932 13.55634 4.174265
v 41.12255 14.01726 4.209538
v 41.03122 14.01743 4.700665
v 25.5 20.69737 1.316229
v 25 20.3298 1.732988
v 25 20.87219 1.73298
v 25 20.36877 1.223661
v 35.23032 16.53675 3.118269
v 35.13929 16.53675 3.610006
v 41.03122 14.01743 4.700665
v 41.12255 14.01726 4.209538
v 40.932 13.55634 4.174265
v 40.84066 13.55651 4.665392
v 35.03976 16.07583 3.082996
v 34.94874 16.07583 3.574733
v 25.5 20.69737 1.316229
v 34.23286 16.92433 3.442216
v 34.32395 16.92433 2.950122
v 25 20.87219 1.73298
v 25 20.36877 1.223661
v 34.0423 16.46341 3.406942
v 25 20.3298 1.732988
v 34.1334 16.46341 2.914848
v 40.56722 13.55669 6.140258
v 40.65844 13.5566 5.648649
v 40.84899 14.01752 5.683923
v 40.75777 14.01761 6.175531
v 40.65844 13.5566 5.648649
v 40.84066 13.55651 4.665392
v 41.03122 14.01743 4.700665
v 40.84899 14.01752 5.683923
v 25 20.79436 2.749977
v 24.5 20.42685 3.165907
v 25 20.75545 3.258475
v 25 20.25196 2.749984
v 25 20.87219 1.73298
v 25 20.25196 2.749984
v 25 20.79436 2.749977
v 25 20.3298 1.732988
v 40.84899 14.01752 5.683923
v 34.95728 16.53675 4.593302
v 40.75777 14.01761 6.175531
v 34.86626 16.53675 5.084949
v 40.56722 13.55669 6.140258
v 34.67571 16.07583 5.049676
v 34.76672 16.07583 4.558028
v 40.65844 13.5566 5.648649
v 34.05084 16.92433 4.425511
v 25 20.79436 2.749977
v 33.95983 16.92433 4.917158
v 25 20.75545 3.258475
v 33.76928 16.46341 4.881885
v 24.5 20.42685 3.165907
v 25 20.25196 2.749984
v 33.86028 16.46341 4.390237
v 44.45766 1.999996 7.015807
v 43.75592 1.999996 6.928809
v 43.84292 1.999997 6.227074
v 44.54465 1.999996 6.314072
v 34.76672 16.07583 4.558028
v 33.86028 16.46341 4.390237
v 44.45766 1.999996 7.015807
v 43.75592 1.999996 6.928809
v 33.86028 16.46341 4.390237
v 34.0423 16.46341 3.406942
v 43.75592 1.999996 6.928809
v 43.84292 1.999997 6.227074
v 34.0423 16.46341 3.406942
v 34.94874 16.07583 3.574733
v 43.84292 1.999997 6.227074
v 44.54465 1.999996 6.314072
v 34.94874 16.07583 3.574733
v 34.76672 16.07583 4.558028
v 44.54465 1.999996 6.314072
v 44.45766 1.999996 7.015807
f 3477 3478 3479
f 3480 3477 3479
f 3481 3482 3483
f 3481 3484 3482
f 3485 3486 3487
f 3488 3485 3487
f 3489 3490 3491
f 3492 3489 3491
f 3493 3484 3481
f 3493 3494 3484
f 3495 3494 3493
f 3495 3496 3494
f 3497 3498 3499
f 3500 3497 3499
f 3501 3502 3503
f 3501 3504 3502
f 3505 3506 3507
f 3505 3507 3508
f 3509 3510 3511
f 3510 3512 3511
f 3513 3514 3515
f 3516 3514 3513
f 3514 3506 3515
f 3515 3506 3505
f 3517 3518 3519
f 3520 3518 3517
f 3511 3512 3520
f 3520 3512 3518
f 3521 3522 3523
f 3524 3521 3523
f 3525 3526 3527
f 3528 3525 3527
f 3529 3530 3531
f 3529 3532 3530
f 3533 3534 3535
f 3533 3536 3534
f 3537 3538 3539
f 3538 3540 3539
f 3507 3506 3537
f 3506 3538 3537
f 3541 3542 3543
f 3541 3543 3544
f 3544 3543 3512
f 3544 3512 3510
f 3514 3516 3545
f 3516 3546 3545
f 3545 3546 3547
f 3546 3548 3547
f 3538 3545 3540
f 3545 3547 3540
f 3506 3514 3538
f 3514 3545 3538
f 3549 3550 3551
f 3549 3551 3552
f 3552 3551 3519
f 3552 3519 3518
f 3542 3549 3552
f 3542 3552 3543
f 3553 3554 3555
f 3553 3555 3556
f 3557 3558 3559
f 3558 3560 3559
f 3561 3562 3563
f 3562 3564 3563
f 3565 3566 3567
f 3566 3568 3567
f 3569 3570 3571
f 3570 3572 3571
v -11 -7 -16
v -15 -7 -18
v -14.46963 1 -15.14964
v -12.23588 1 -15.02917
v -15 -7 -18
v -18 -7 -16
v -16.27796 1 -13.74014
v -14.46963 1 -15.14964
v -14.55926 1 -8.350699
v -11.55039 -7 -8.787409
v -11.55039 1 -8.787408
v -14.55926 -7 -8.350698
v -11.55039 1 -8.787408
v -10.51718 -7 -9.639726
v -10.51718 1 -9.639726
v -11.55039 -7 -8.787409
v -10.51718 -7 -9.639726
v -10.02917 -7 -12.76412
v -10.02917 1 -12.76412
v -10.51718 1 -9.639726
v -10.02917 -7 -12.76412
v -11 -7 -16
v -12.23588 1 -15.02917
v -10.02917 1 -12.76412
v -16.27796 1 -13.74014
v -16.76597 -7 -10.61574
v -16.76597 1 -10.61574
v -18 -7 -16
v -19 1 -7.499999
v -17 -7 -5.499999
v -17 1 -5.499999
v -19 -7 -7.499999
v -14.46963 1 -15.14964
v -13.21853 1 -12.42297
v -10.02917 1 -12.76412
v -12.23588 1 -15.02917
v -11.55039 1 -8.787408
v -10.51718 1 -9.639726
v -16.27796 1 -13.74014
v -16.76597 1 -10.61574
v -14.55926 1 -8.350699
v -13.21853 -7 -12.42297
v -18 -7 -16
v -15 -7 -18
v -16.76597 -7 -10.61574
v -11.55039 -7 -8.787409
v -14.55926 -7 -8.350698
v -10.02917 -7 -12.76412
v -11 -7 -16
v -10.51718 -7 -9.639726
v -14.55926 -7 -8.350698
v -14.55926 1 -8.350699
v -17 -7 -5.499999
v -17 1 -5.499999
v -17 1 -5.499999
v -19 1 -7.499999
v -16.76597 1 -10.61574
v -16.76597 -7 -10.61574
v -19 1 -7.499999
v -19 -7 -7.499999
v -19 -7 -7.499999
v -17 -7 -5.499999
f 3573 3574 3575
f 3576 3573 3575
f 3577 3578 3579
f 3580 3577 3579
f 3581 3582 3583
f 3581 3584 3582
f 3585 3586 3587
f 3585 3588 3586
f 3589 3590 3591
f 3592 3589 3591
f 3593 3594 3595
f 3596 3593 3595
f 3597 3598 3599
f 3597 3600 3598
f 3601 3602 3603
f 3601 3604 3602
f 3605 3606 3607
f 3608 3605 3607
f 3606 3609 3610
f 3607 3606 3610
f 3611 3612 3606
f 3605 3611 3606
f 3612 3613 3609
f 3606 3612 3609
f 3614 3615 3616
f 3614 3617 3615
f 3618 3617 3614
f 3618 3619 3617
f 3620 3616 3621
f 3620 3614 3616
f 3622 3614 3620
f 3622 3618 3614
f 3623 3624 3625
f 3624 3626 3625
f 3613 3612 3627
f 3612 3628 3627
f 3629 3630 3631
f 3630 3632 3631
f 3617 3619 3633
f 3619 3634 3633
v -32 -7 -8
v -28 -7 -8
v -32 -1 -8
v -28 -5 -8
v -28 -7 -8
v -28 -7 -20
v -28 -5 -8
v -28 -5 -20
v -28 -7 -20
v -32 -7 -20
v -28 -5 -20
v -32 -1 -20
v -33 -7 -20
v -33 -7 -8
v -33 -1 -20
v -33 -1 -8
v -32 -7 -20
v -28 -7 -20
v -32 -7 -8
v -28 -7 -8
v -33 -7 -20
v -33 -7 -8
v -33 -1 -20
v -33 -7 -20
v -33 -7 -8
v -33 -1 -8
v -32 -1 -8
v -28 -5 -8
v -32 -1 -20
v -28 -5 -20
v -32 -1 -8
v -32 -1 -20
v -33 -1 -8
v -33 -1 -20
f 3635 3636 3637
f 3636 3638 3637
f 3639 3640 3641
f 3640 3642 3641
f 3643 3644 3645
f 3644 3646 3645
f 3647 3648 3649
f 3648 3650 3649
f 3651 3652 3653
f 3652 3654 3653
f 3651 3653 3655
f 3653 3656 3655
f 3646 3644 3657
f 3644 3658 3657
f 3635 3637 3659
f 3637 3660 3659
f 3661 3662 3663
f 3662 3664 3663
f 3665 3666 3667
f 3666 3668 3667
v -9 -12 31
v -9 -12 21
v -9 -7 21
v -9 -7 31
v -11 -12 13
v -13 -12 7
v -13 -7 7
v -11 -7 13
v -38 -3 10.5
v -39 -12 21
v -39 -3 21
v -38 -12 10.5
v -39 -3 21
v -38 -12 34
v -38 -3 34
v -39 -12 21
v -39 -12 21
v -35 -12 13
v -35 -12 21
v -38 -12 10.5
v -38 -12 34
v -35 -12 29
v -19 -12 29
v -15 -12 14.5
v -17 -12 34
v -19 -12 21
v -19 -12 13
v -17 -12 8.5
v -35 5 13
v -35 -3 21
v -35 5 21
v -35 -3 13
v -35 -3 29
v -35 11 29
v -19 -3 29
v -19 -3 21
v -19 5 21
v -19 5 29
v -19 -3 13
v -19 5 13
v -38 -12 34
v -27 -12 34
v -27 -3 34
v -38 -3 34
v -17 -12 34
v -17 -3 34
v -17 -3 8.5
v -30 -12 7.5
v -30 -3 7.5
v -17 -12 8.5
v -30 -3 7.5
v -38 -12 10.5
v -38 -3 10.5
v -30 -12 7.5
v -27 -12 34
v -27 -12 29
v -27 -12 13
v -30 -12 7.5
v -35 -3 29
v -27 -3 29
v -27 11 29
v -35 11 29
v -19 -3 29
v -19 5 29
v -19 5 13
v -27 -3 13
v -27 5 13
v -19 -3 13
v -35 -3 13
v -35 5 13
v -27 -12 21
v -19 5 21
v -27 5 21
v -19 13 21
v -27 13 21
v -27 5 21
v -27 11 29
v -27 13 21
v -27 13 29
v -19 13 29
v -19 13 21
v -27 13 29
v -19 13 29
v -13 -12 31
v -13 -12 21
v -9 -12 19
v -9 -7 19
v -17 -3 34
v -17 -12 34
v -13 -3 31
v -13 -12 31
v -9 -12 31
v -9 -12 21
v -13 -3 31
v -13 -12 31
v -9 -7 31
v -9 -12 31
v -13 -3 21
v -13 -3 31
v -9 -7 21
v -9 -7 31
v -17 -3 8.5
v -15 -3 14.5
v -13 -7 7
v -11 -7 13
v -9 -12 19
v -11 -12 13
v -15 -3 14.5
v -13 -3 21
v -11 -7 13
v -9 -7 19
v -13 -12 7
v -17 -12 8.5
v -17 -3 8.5
v -13 -12 7
v -13 -7 7
v -9 -7 19
v -9 -7 19
v -9 -12 19
v -35 -3 29
v -35 -3 21
v -39 -3 21
v -38 -3 34
v -35 -3 13
v -38 -3 10.5
v -17 -3 8.5
v -19 -3 13
v -15 -3 14.5
v -19 -3 21
v -19 -3 29
v -17 -3 34
v -27 -3 13
v -30 -3 7.5
v -27 -3 29
v -27 -3 34
v -19 13 21
v -27 13 21
v -27 13 29
v -19 13 29
v -27 5 21
v -35 5 21
v -35 11 29
v -27 11 29
v -19 5 13
v -27 5 13
v -27 5 21
v -19 5 21
v -35 5 13
v -35 5 21
v -13 -3 21
v -13 -3 31
f 3669 3670 3671
f 3672 3669 3671
f 3673 3674 3675
f 3676 3673 3675
f 3677 3678 3679
f 3677 3680 3678
f 3681 3682 3683
f 3681 3684 3682
f 3685 3686 3687
f 3685 3688 3686
f 3689 3685 3690
f 3685 3687 3690
f 3691 3692 3693
f 3691 3694 3692
f 3692 3694 3695
f 3692 3695 3696
f 3697 3698 3699
f 3697 3700 3698
f 3699 3701 3702
f 3699 3698 3701
f 3703 3704 3705
f 3706 3703 3705
f 3704 3707 3708
f 3705 3704 3708
f 3709 3710 3711
f 3712 3709 3711
f 3710 3713 3714
f 3711 3710 3714
f 3715 3716 3717
f 3715 3718 3716
f 3719 3720 3721
f 3719 3722 3720
f 3689 3690 3723
f 3690 3724 3723
f 3723 3691 3693
f 3723 3724 3691
f 3695 3725 3726
f 3696 3695 3726
f 3686 3688 3726
f 3686 3726 3725
f 3727 3728 3729
f 3730 3727 3729
f 3728 3731 3732
f 3729 3728 3732
f 3733 3734 3735
f 3733 3736 3734
f 3735 3737 3738
f 3735 3734 3737
f 3739 3695 3694
f 3739 3725 3695
f 3687 3725 3739
f 3687 3686 3725
f 3724 3694 3691
f 3724 3739 3694
f 3690 3739 3724
f 3690 3687 3739
f 3740 3741 3742
f 3741 3743 3742
f 3744 3745 3746
f 3745 3747 3746
f 3706 3705 3748
f 3705 3749 3748
f 3729 3732 3750
f 3732 3751 3750
f 3693 3692 3752
f 3692 3753 3752
f 3673 3676 3754
f 3676 3755 3754
f 3756 3757 3758
f 3757 3759 3758
f 3752 3753 3760
f 3753 3761 3760
f 3762 3763 3764
f 3763 3765 3764
f 3766 3767 3768
f 3767 3769 3768
f 3770 3771 3772
f 3771 3773 3772
f 3753 3692 3774
f 3692 3775 3774
f 3776 3777 3778
f 3777 3779 3778
f 3761 3753 3774
f 3692 3696 3775
f 3696 3780 3775
f 3781 3782 3783
f 3782 3784 3783
f 3766 3768 3785
f 3671 3670 3786
f 3670 3787 3786
f 3788 3789 3790
f 3788 3790 3791
f 3792 3793 3790
f 3789 3792 3790
f 3794 3795 3796
f 3795 3797 3796
f 3796 3797 3798
f 3799 3796 3798
f 3800 3801 3792
f 3801 3793 3792
f 3801 3795 3794
f 3801 3800 3795
f 3798 3802 3803
f 3799 3798 3803
f 3803 3802 3788
f 3803 3788 3791
f 3804 3805 3806
f 3807 3804 3806
f 3808 3809 3810
f 3811 3808 3810
f 3812 3813 3814
f 3815 3812 3814
f 3813 3816 3817
f 3814 3813 3817
f 3796 3799 3818
f 3799 3819 3818
v -1.5 9.5 -10
v -10 9.5 -10
v -10 10 -10
v -1.5 10 -10
v -9.999782 10 4.000495
v -1.5 9.5 4.00003
v -1.5 10 4.00003
v -9.999782 9.5 4.000495
v 9.000003 9.5 3.999562
v 9.000004 9.5 -3.000221
v 9.000004 10 -3.000221
v 9.000003 10 3.999562
v -9.999893 10 -2.999754
v -9.999782 9.5 4.000495
v -9.999782 10 4.000495
v -9.999893 9.5 -2.999754
v -9.999893 10 -2.999754
v -1.5 10 4.00003
v -1.5 10 -2.999987
v -9.999782 10 4.000495
v -1.5 9.5 4.00003
v -9.999782 9.5 4.000495
v -9.999893 9.5 -2.999754
v -1.5 9.5 -2.999987
v 9.000005 9.5 -6.500112
v 9.000005 10 -6.500112
v 9.000005 9.5 -10
v 9.000005 10 -10
v -9.999949 10 -6.499878
v -9.999949 9.5 -6.499878
v -10 10 -10
v -10 9.5 -10
v -9.999949 10 -6.499878
v -1.5 10 -10
v -10 10 -10
v -1.5 10 -6.499996
v -1.5 9.5 -10
v -1.5 9.5 -6.499996
v -9.999949 9.5 -6.499878
v -10 9.5 -10
v 9.000005 9.5 -10
v 1.500001 9.5 -10.00001
v 1.500001 10 -10.00001
v 9.000005 10 -10
v 1.5 10 3.999798
v 9.000003 9.5 3.999562
v 9.000003 10 3.999562
v 1.5 9.5 3.999798
v 1.5 10 3.999798
v 1.500001 10 -3.000106
v 9.000003 10 3.999562
v 9.000004 10 -3.000221
v 9.000004 9.5 -3.000221
v 9.000003 9.5 3.999562
v 1.500001 9.5 -3.000106
v 1.5 9.5 3.999798
v 1.500001 10 -6.500058
v 1.500001 10 -10.00001
v 9.000005 10 -6.500112
v 9.000005 10 -10
v 9.000005 9.5 -10
v 9.000005 9.5 -6.500112
v 1.500001 9.5 -10.00001
v 1.500001 9.5 -6.500058
v -1.5 10 -6.499996
v -1.5 10 -2.999987
v -1.5 9.5 -6.499997
v -1.5 9.5 -2.999988
v -1.5 10 -2.999987
v 1.500001 10 -3.000106
v -1.5 9.5 -2.999988
v 1.500001 9.5 -3.000107
v 1.500001 10 -3.000106
v 1.500001 10 -6.500058
v 1.500001 9.5 -3.000107
v 1.500001 9.5 -6.500059
v 1.500001 10 -6.500058
v -1.5 10 -6.499996
v 1.500001 9.5 -6.500059
v -1.5 9.5 -6.499997
f 3820 3821 3822
f 3823 3820 3822
f 3824 3825 3826
f 3824 3827 3825
f 3828 3829 3830
f 3831 3828 3830
f 3832 3833 3834
f 3832 3835 3833
f 3836 3837 3838
f 3836 3839 3837
f 3840 3841 3842
f 3843 3840 3842
f 3829 3844 3845
f 3830 3829 3845
f 3844 3846 3847
f 3845 3844 3847
f 3848 3835 3832
f 3848 3849 3835
f 3850 3849 3848
f 3850 3851 3849
f 3852 3853 3854
f 3852 3855 3853
f 3852 3836 3838
f 3852 3838 3855
f 3856 3857 3858
f 3859 3856 3858
f 3857 3843 3858
f 3843 3842 3858
f 3860 3861 3862
f 3863 3860 3862
f 3861 3820 3823
f 3862 3861 3823
f 3864 3865 3866
f 3864 3867 3865
f 3826 3867 3864
f 3826 3825 3867
f 3838 3837 3868
f 3838 3868 3869
f 3869 3868 3870
f 3869 3870 3871
f 3872 3873 3874
f 3873 3875 3874
f 3874 3875 3843
f 3875 3840 3843
f 3853 3855 3876
f 3853 3876 3877
f 3877 3876 3878
f 3877 3878 3879
f 3876 3869 3871
f 3876 3871 3878
f 3880 3881 3882
f 3881 3883 3882
f 3882 3883 3856
f 3883 3857 3856
f 3881 3872 3883
f 3872 3874 3883
f 3884 3885 3886
f 3885 3887 3886
f 3888 3889 3890
f 3889 3891 3890
f 3892 3893 3894
f 3893 3895 3894
f 3896 3897 3898
f 3897 3899 3898
v 5.165899 10.55634 22.83156
v 9.161514 13.07583 18.36565
v 9.032312 13.53675 18.51009
v 5.036697 11.01726 22.976
v 7.541608 13.53675 17.17661
v 3.676157 10.55669 21.49782
v 3.546955 11.01761 21.64226
v 7.67081 13.07583 17.03218
v 9.161514 13.07583 18.36565
v 9.776381 13.46341 17.67883
v 9.647179 13.92433 17.82327
v 9.032312 13.53675 18.51009
v 9.776381 13.46341 17.67883
v 13.77119 15.98248 13.21355
v 13.64199 16.4434 13.35799
v 9.647179 13.92433 17.82327
v 8.156204 13.92433 16.48955
v 8.285406 13.46341 16.34512
v 12.15117 16.44366 12.02356
v 12.28037 15.98274 11.87912
v 4.793855 10.55652 22.4982
v 5.165899 10.55634 22.83156
v 5.036697 11.01726 22.976
v 4.664653 11.01743 22.64264
v 13.64199 16.4434 13.35799
v 13.39814 15.98261 12.87942
v 13.26893 16.44353 13.02386
v 13.77119 15.98248 13.21355
v 9.032312 13.53675 18.51009
v 8.659585 13.53675 18.17668
v 4.664653 11.01743 22.64264
v 5.036697 11.01726 22.976
v 5.165899 10.55634 22.83156
v 4.793855 10.55652 22.4982
v 9.161514 13.07583 18.36565
v 8.788787 13.07583 18.03224
v 13.64199 16.4434 13.35799
v 9.274181 13.92433 17.48961
v 9.647179 13.92433 17.82327
v 13.26893 16.44353 13.02386
v 13.77119 15.98248 13.21355
v 9.403383 13.46341 17.34518
v 13.39814 15.98261 12.87942
v 9.776381 13.46341 17.67883
v 3.676157 10.55669 21.49782
v 4.048676 10.5566 21.83133
v 3.919474 11.01752 21.97577
v 3.546955 11.01761 21.64226
v 4.048676 10.5566 21.83133
v 4.793855 10.55652 22.4982
v 4.664653 11.01743 22.64264
v 3.919474 11.01752 21.97577
v 12.52372 16.44359 12.35703
v 12.28037 15.98274 11.87912
v 12.15117 16.44366 12.02356
v 12.65292 15.98267 12.21259
v 13.26893 16.44353 13.02386
v 12.65292 15.98267 12.21259
v 12.52372 16.44359 12.35703
v 13.39814 15.98261 12.87942
v 3.919474 11.01752 21.97577
v 7.914267 13.53675 17.50997
v 3.546955 11.01761 21.64226
v 7.541608 13.53675 17.17661
v 3.676157 10.55669 21.49782
v 7.67081 13.07583 17.03218
v 8.043468 13.07583 17.36553
v 4.048676 10.5566 21.83133
v 8.528863 13.92433 16.8229
v 12.52372 16.44359 12.35703
v 8.156204 13.92433 16.48955
v 12.15117 16.44366 12.02356
v 8.285406 13.46341 16.34512
v 12.28037 15.98274 11.87912
v 12.65292 15.98267 12.21259
v 8.658065 13.46341 16.67847
v 6.999999 -10.5 18
v 7.499999 -10.5 17.5
v 7.999999 -10.5 18
v 7.499999 -10.5 18.5
v 8.043468 13.07583 17.36553
v 8.658065 13.46341 16.67847
v 6.999999 -10.5 18
v 7.499999 -10.5 17.5
v 8.658065 13.46341 16.67847
v 9.403383 13.46341 17.34518
v 7.499999 -10.5 17.5
v 7.999999 -10.5 18
v 9.403383 13.46341 17.34518
v 8.788787 13.07583 18.03224
v 7.999999 -10.5 18
v 7.499999 -10.5 18.5
v 8.788787 13.07583 18.03224
v 8.043468 13.07583 17.36553
v 7.499999 -10.5 18.5
v 6.999999 -10.5 18
f 3900 3901 3902
f 3903 3900 3902
f 3904 3905 3906
f 3904 3907 3905
f 3908 3909 3910
f 3911 3908 3910
f 3912 3913 3914
f 3915 3912 3914
f 3916 3907 3904
f 3916 3917 3907
f 3918 3917 3916
f 3918 3919 3917
f 3920 3921 3922
f 3923 3920 3922
f 3924 3925 3926
f 3924 3927 3925
f 3928 3929 3930
f 3928 3930 3931
f 3932 3933 3934
f 3933 3935 3934
f 3936 3937 3938
f 3939 3937 3936
f 3937 3929 3938
f 3938 3929 3928
f 3940 3941 3942
f 3943 3941 3940
f 3934 3935 3943
f 3943 3935 3941
f 3944 3945 3946
f 3947 3944 3946
f 3948 3949 3950
f 3951 3948 3950
f 3952 3953 3954
f 3952 3955 3953
f 3956 3957 3958
f 3956 3959 3957
f 3960 3961 3962
f 3961 3963 3962
f 3930 3929 3960
f 3929 3961 3960
f 3964 3965 3966
f 3964 3966 3967
f 3967 3966 3935
f 3967 3935 3933
f 3937 3939 3968
f 3939 3969 3968
f 3968 3969 3970
f 3969 3971 3970
f 3961 3968 3963
f 3968 3970 3963
f 3929 3937 3961
f 3937 3968 3961
f 3972 3973 3974
f 3972 3974 3975
f 3975 3974 3942
f 3975 3942 3941
f 3965 3972 3975
f 3965 3975 3966
f 3976 3977 3978
f 3976 3978 3979
f 3980 3981 3982
f 3981 3983 3982
f 3984 3985 3986
f 3985 3987 3986
f 3988 3989 3990
f 3989 3991 3990
f 3992 3993 3994
f 3993 3995 3994
v -27 -7 8
v -19 -7 8
v -27 -5 8
v -19 -5 8
v -19 -7 8
v -19 -7 4
v -19 -5 8
v -19 -5 4
v -19 -7 4
v -27 -7 4
v -19 -5 4
v -27 -5 4
v -27 -7 4
v -27 -7 8
v -27 -5 4
v -27 -5 8
v -27 -5 8
v -19 -5 8
v -27 -5 4
v -19 -5 4
v -27 -7 4
v -19 -7 4
v -27 -7 8
v -19 -7 8
f 3996 3997 3998
f 3997 3999 3998
f 4000 4001 4002
f 4001 4003 4002
f 4004 4005 4006
f 4005 4007 4006
f 4008 4009 4010
f 4009 4011 4010
f 4012 4013 4014
f 4013 4015 4014
f 4016 4017 4018
f 4017 4019 4018
v 62.42228 -8 7.378156
v 59.74253 -7 3.040077
v 59.74253 -4 3.040077
v 62.42228 -4 7.378156
v 59.74253 -7 3.040077
v 54.28504 -8 -2.809351
v 54.28504 -4 -2.809351
v 59.74253 -4 3.040077
v 50.48217 -4 4.841674
v 53.8931 -7 8.497566
v 53.8931 -4 8.497566
v 50.48217 -7 4.841674
v 53.8931 -4 8.497566
v 56.57285 -8 12.83564
v 56.57285 -4 12.83564
v 53.8931 -7 8.497566
v 56.57285 -8 12.83564
v 60.86194 -8 11.56926
v 60.86194 -4 11.56926
v 56.57285 -4 12.83564
v 60.86194 -8 11.56926
v 62.42228 -8 7.378156
v 62.42228 -4 7.378156
v 60.86194 -4 11.56926
v 54.28504 -4 -2.809351
v 52.6757 -7.5 2.795115
v 52.6757 -4 2.795115
v 54.28504 -8 -2.809351
v 52.6757 -4 2.795115
v 50.48217 -7 4.841674
v 50.48217 -4 4.841674
v 52.6757 -7.5 2.795115
v 59.74253 -4 3.040077
v 56.81781 -4 5.768822
v 62.42228 -4 7.378156
v 60.86194 -4 11.56926
v 53.8931 -4 8.497566
v 56.57285 -4 12.83564
v 54.28504 -4 -2.809351
v 52.6757 -4 2.795115
v 50.48217 -4 4.841674
v 56.81781 -7 5.768822
v 52.6757 -7.5 2.795115
v 54.28504 -8 -2.809351
v 59.74253 -7 3.040077
v 53.8931 -7 8.497566
v 52.6757 -7.5 2.795115
v 56.81781 -7 5.768822
v 50.48217 -7 4.841674
v 60.86194 -8 11.56926
v 56.81781 -7 5.768822
v 62.42228 -8 7.378156
v 59.74253 -7 3.040077
v 56.57285 -8 12.83564
v 53.8931 -7 8.497566
v 60.86194 -8 11.56926
v 56.81781 -7 5.768822
f 4020 4021 4022
f 4023 4020 4022
f 4024 4025 4026
f 4027 4024 4026
f 4028 4029 4030
f 4028 4031 4029
f 4032 4033 4034
f 4032 4035 4033
f 4036 4037 4038
f 4039 4036 4038
f 4040 4041 4042
f 4043 4040 4042
f 4044 4045 4046
f 4044 4047 4045
f 4048 4049 4050
f 4048 4051 4049
f 4052 4053 4054
f 4054 4053 4055
f 4053 4056 4055
f 4055 4056 4057
f 4052 4058 4053
f 4058 4059 4053
f 4059 4060 4056
f 4053 4059 4056
f 4061 4062 4063
f 4061 4063 4064
f 4065 4066 4067
f 4065 4068 4066
f 4069 4070 4071
f 4071 4070 4072
f 4073 4074 4075
f 4075 4074 4076
v -50 -180 51
v 5 -180 65
v 0 -20 85
v -65 -20 65
v 5 -180 65
v 50 -180 51
v 65 -20 65
v 0 -20 85
v -65 -20 65
v 0 -20 85
v 0 -7 65
v -50 -7 51
v 0 -20 85
v 65 -20 65
v 50 -7 51
v 0 -7 65
v -50 -180 -49
v -65 -20 -65
v 0 -20 -85
v 5 -180 -65
v 0 -20 -85
v 65 -20 -65
v 50 -180 -49
v 5 -180 -65
v -65 -20 -65
v -50 -7 -49
v 0 -7 -65
v 0 -20 -85
v 0 -7 -65
v 50 -7 -49
v 65 -20 -65
v 0 -20 -85
v 50 -180 51
v 65 -180 15
v 85 -20 5
v 65 -20 65
v 65 -180 15
v 50 -180 -49
v 65 -20 -65
v 85 -20 5
v 65 -20 65
v 85 -20 5
v 65 -7 5
v 50 -7 51
v 85 -20 5
v 65 -20 -65
v 50 -7 -49
v 65 -7 5
v -50 -180 51
v -65 -20 65
v -85 -20 5
v -65 -180 15
v -85 -20 5
v -65 -20 -65
v -50 -180 -49
v -65 -180 15
v -65 -20 65
v -50 -7 51
v -65 -7 5
v -85 -20 5
v -65 -7 5
v -50 -7 -49
v -65 -20 -65
v -85 -20 5
v 0 -7 -65
v -50 -7 -49
v -65 -7 5
v 0 -7 5
v -65 -7 5
v -50 -7 51
v 0 -7 65
v 0 -7 5
v 50 -7 -49
v 0 -7 -65
v 0 -7 5
v 65 -7 5
v 0 -7 5
v 0 -7 65
v 50 -7 51
v 65 -7 5
v 5 -180 -65
v 5 -180 15
v -65 -180 15
v -50 -180 -49
v 5 -180 15
v 5 -180 65
v -50 -180 51
v -65 -180 15
v 50 -180 -49
v 65 -180 15
v 5 -180 15
v 5 -180 -65
v 65 -180 15
v 50 -180 51
v 5 -180 65
v 5 -180 15
f 4077 4078 4079
f 4080 4077 4079
f 4084 4081 4082
f 4084 4082 4083
f 4086 4088 4085
f 4086 4087 4088
f 4092 4089 4091
f 4089 4090 4091
f 4095 4093 4094
f 4095 4096 4093
f 4098 4099 4097
f 4099 4100 4097
f 4102 4103 4104
f 4101 4102 4104
f 4106 4107 4108
f 4106 4108 4105
f 4109 4110 4111
f 4109 4111 4112
f 4113 4114 4116
f 4116 4114 4115
f 4118 4119 4120
f 4117 4118 4120
f 4121 4122 4123
f 4121 4123 4124
f 4126 4127 4125
f 4127 4128 4125
f 4130 4131 4129
f 4129 4131 4132
f 4134 4135 4136
f 4134 4136 4133
f 4138 4139 4140
f 4137 4138 4140
f 4141 4142 4143
f 4144 4141 4143
f 4148 4145 4146
f 4147 4148 4146
f 4152 4149 4150
f 4152 4150 4151
f 4155 4156 4153
f 4155 4153 4154
f 4159 4157 4158
f 4159 4160 4157
f 4163 4161 4162
f 4163 4164 4161
f 4167 4168 4166
f 4168 4165 4166
f 4171 4172 4170
f 4172 4169 4170
v -4 -7 -10
v 6 -7 -10
v -4 -1 -10
v 6 -1 -10
v 7 -7 -22
v -3 -7 -22
v 7 -5 -22
v -3 -5 -22
v 11 -7 -11
v 11 -7 -15
v 11 -5 -15
v 11 -5 -11
v 11 -7 -15
v 7 -7 -22
v 7 -5 -22
v 11 -5 -15
v -4 -1 -18
v -4 -7 -14
v -4 -1 -14
v -4 -7 -18
v -4 -7 -10
v -4 -1 -10
v -4 -7 -14
v 5 -7 -18
v 6 -7 -14
v -4 -7 -18
v -4 -7 -10
v 6 -7 -10
v 11 -7 -11
v 11 -7 -15
v 4 -1 -18
v 6 -1 -14
v 7 -5 -22
v 11 -5 -15
v 6 -1 -10
v 6 -7 -10
v 11 -5 -11
v 11 -7 -11
v 6 -1 -14
v 6 -1 -10
v 11 -5 -15
v 11 -5 -11
v 7 -7 -22
v -4 -7 -18
v -4 -1 -18
v -3 -7 -22
v -3 -5 -22
v -3 -7 -22
v -4 -1 -18
v 4 -1 -18
v -3 -5 -22
v 7 -5 -22
v 6 -1 -14
v -4 -1 -14
v -4 -1 -10
v 6 -1 -10
v 4 -1 -18
v -4 -1 -18
f 4173 4174 4175
f 4174 4176 4175
f 4177 4178 4179
f 4178 4180 4179
f 4181 4182 4183
f 4184 4181 4183
f 4185 4186 4187
f 4188 4185 4187
f 4189 4190 4191
f 4189 4192 4190
f 4191 4193 4194
f 4191 4190 4193
f 4195 4196 4197
f 4195 4198 4196
f 4199 4197 4200
f 4199 4195 4197
f 4200 4197 4201
f 4197 4202 4201
f 4203 4204 4205
f 4204 4206 4205
f 4207 4208 4209
f 4208 4210 4209
f 4211 4212 4213
f 4212 4214 4213
f 4197 4196 4202
f 4196 4215 4202
f 4216 4217 4218
f 4217 4219 4218
f 4196 4198 4215
f 4198 4220 4215
f 4221 4222 4223
f 4222 4224 4223
f 4225 4226 4227
f 4228 4225 4227
f 4229 4230 4226
f 4225 4229 4226
v 25.47819 -9.5 -47.35138
v 30.43928 -9.5 -46.72885
v 26.96537 -9.5 -44.74594
v 29.82058 -9.5 -49.83001
v 23.49528 -9.5 -50.82529
v 27.46492 -9.5 -51.93972
v 21.13579 -9.5 -44.87275
v 23.49145 -9.5 -42.76304
v 20.51709 -9.5 -47.97391
v 25.43286 -9.5 -37.56091
v 29.93286 -9.5 -40.06091
v 25.43286 -7 -37.56091
v 29.93286 -7 -40.06091
v 34.43286 -7 -42.56091
v 34.43286 -9.5 -42.56091
v 27.98137 -3 -54.16203
v 22.47331 -9.5 -52.61571
v 22.47332 -3 -52.61572
v 27.98137 -9.5 -54.16203
v 22.47332 -3 -52.61572
v 22.47331 -9.5 -52.61571
v 18.34095 -3 -48.65929
v 18.34094 -9.5 -48.65928
v 19.30488 -9.5 -43.82767
v 18.34095 -3 -48.65929
v 18.34094 -9.5 -48.65928
v 19.30488 -2.999999 -43.82767
v 19.30488 -9.5 -43.82767
v 23.23098 -9.5 -40.31148
v 19.30488 -2.999999 -43.82767
v 23.23098 -3 -40.31149
v 32.68267 -3.000002 -45.70649
v 32.68266 -9.5 -45.70649
v 31.6515 -3 -50.8751
v 31.6515 -9.5 -50.8751
v 31.6515 -3 -50.8751
v 31.6515 -9.5 -50.8751
v 27.98137 -3 -54.16203
v 27.98137 -9.5 -54.16203
v 23.23098 -9.5 -40.31148
v 27.95682 -9.5 -43.00899
v 32.68266 -9.5 -45.70649
v 31.6515 -9.5 -50.8751
v 27.98137 -9.5 -54.16203
v 22.47331 -9.5 -52.61571
v 18.34094 -9.5 -48.65928
v 19.30488 -9.5 -43.82767
v 27.95682 -3.000001 -43.00899
v 23.23098 -3 -40.31149
v 29.93286 -7 -40.06091
v 25.43286 -7 -37.56091
v 32.68267 -3.000002 -45.70649
v 27.95682 -3.000001 -43.00899
v 34.43286 -7 -42.56091
v 29.93286 -7 -40.06091
v 29.93286 -9.5 -40.06091
v 34.43286 -9.5 -42.56091
v 32.68266 -9.5 -45.70649
v 32.68267 -3.000002 -45.70649
v 34.43286 -9.5 -42.56091
v 34.43286 -7 -42.56091
v 25.43286 -9.5 -37.56091
v 23.23098 -3 -40.31149
v 23.23098 -9.5 -40.31148
v 25.43286 -7 -37.56091
v 25.43286 -9.5 -37.56091
v 23.49146 0 -42.76304
v 23.49145 -3 -42.76304
v 26.96537 -3 -44.74594
v 26.98269 0 -44.87297
v 26.96537 -3 -44.74594
v 30.43929 -3 -46.72885
v 26.98269 0 -44.87297
v 30.46965 0 -46.86443
v 26.92435 -4.768372E-07 -53.86529
v 22.95471 -3 -52.75086
v 22.95471 -4.768372E-07 -52.75086
v 26.92435 -3 -53.86529
v 19.13398 0 -49.41855
v 22.11216 0 -52.26994
v 22.11216 -2.999999 -52.26993
v 19.13397 -2.999999 -49.41855
v 20.5171 -3 -47.97392
v 21.1358 -3 -44.87275
v 21.1358 0 -44.87275
v 20.5171 0 -47.97392
v 21.1358 -3 -44.87275
v 23.49145 -3 -42.76304
v 21.1358 0 -44.87275
v 23.49146 0 -42.76304
v 30.46965 0 -46.86443
v 30.43929 -3 -46.72885
v 29.82058 -3 -49.83002
v 29.9103 0 -49.91501
v 29.9103 0 -49.91501
v 29.82058 -3 -49.83002
v 27.46493 0 -51.93973
v 27.46492 -3 -51.93973
v 23.49528 -3 -50.8253
v 23.49529 0 -50.8253
v 22.95471 -3 -52.75086
v 22.95471 -4.768372E-07 -52.75086
v 23.49529 0 -50.8253
v 27.46493 0 -51.93973
v 22.95471 -4.768372E-07 -52.75086
v 26.92435 -4.768372E-07 -53.86529
v 27.46493 0 -51.93973
v 27.46492 -3 -51.93973
v 26.92435 -4.768372E-07 -53.86529
v 26.92435 -3 -53.86529
v 27.46492 -3 -51.93973
v 23.49528 -3 -50.8253
v 26.92435 -3 -53.86529
v 22.95471 -3 -52.75086
v 23.49146 2.5 -42.76304
v 26.99135 2.5 -44.93649
v 23.49145 5 -42.76304
v 27 5 -45
v 23.49146 0 -42.76304
v 26.98269 0 -44.87297
v 23.49146 2.5 -42.76304
v 26.99135 2.5 -44.93649
v 26.98269 0 -44.87297
v 30.46965 0 -46.86443
v 26.99135 2.5 -44.93649
v 30.48482 2.5 -46.93221
v 27 5 -45
v 30.5 5 -47
v 27.46493 2.5 -51.93973
v 27.46493 0 -51.93973
v 23.49529 0 -50.8253
v 23.49529 2.5 -50.8253
v 27.46492 5 -51.93973
v 23.49528 5 -50.8253
v 23.49528 5 -50.8253
v 23.49529 2.5 -50.8253
v 20.5171 2.5 -47.97392
v 20.5171 5 -47.97392
v 22.11216 2.499999 -52.26994
v 22.11216 0 -52.26994
v 19.13398 0 -49.41855
v 19.13397 2.499999 -49.41855
v 20.5171 2.5 -47.97392
v 21.1358 2.5 -44.87275
v 20.5171 5 -47.97392
v 21.1358 5 -44.87275
v 21.1358 2.5 -44.87275
v 23.49146 2.5 -42.76304
v 21.1358 5 -44.87275
v 23.49145 5 -42.76304
v 30.5 5 -47
v 30.48482 2.5 -46.93221
v 29.95515 2.5 -49.9575
v 30 5 -50
v 30.48482 2.5 -46.93221
v 30.46965 0 -46.86443
v 29.9103 0 -49.91501
v 29.95515 2.5 -49.9575
v 27.46492 5 -51.93973
v 30 5 -50
v 29.95515 2.5 -49.9575
v 27.46493 2.5 -51.93973
v 27.46493 2.5 -51.93973
v 29.95515 2.5 -49.9575
v 29.9103 0 -49.91501
v 27.46493 0 -51.93973
v 23.49529 2.5 -50.8253
v 23.49529 0 -50.8253
v 22.11216 2.499999 -52.26994
v 22.11216 0 -52.26994
v 23.49529 0 -50.8253
v 23.49528 -3 -50.8253
v 22.11216 0 -52.26994
v 22.11216 -2.999999 -52.26993
v 20.5171 0 -47.97392
v 20.5171 2.5 -47.97392
v 19.13398 0 -49.41855
v 19.13397 2.499999 -49.41855
v 20.5171 2.5 -47.97392
v 23.49529 2.5 -50.8253
v 19.13397 2.499999 -49.41855
v 22.11216 2.499999 -52.26994
v 20.5171 -3 -47.97392
v 22.11216 -2.999999 -52.26993
v 19.13397 -2.999999 -49.41855
v 20.5171 -3 -47.97392
v 20.5171 0 -47.97392
v 19.13397 -2.999999 -49.41855
v 19.13398 0 -49.41855
v 27 5 -45
v 25.5 5 -47.5
v 21.1358 5 -44.87275
v 23.49145 5 -42.76304
v 23.49528 5 -50.8253
v 20.5171 5 -47.97392
v 30.5 5 -47
v 30 5 -50
v 27.46492 5 -51.93973
v 23.49145 -3 -42.76304
v 21.1358 -3 -44.87275
v 23.23098 -3 -40.31149
v 19.30488 -2.999999 -43.82767
v 30.43929 -3 -46.72885
v 26.96537 -3 -44.74594
v 32.68267 -3.000002 -45.70649
v 27.95682 -3.000001 -43.00899
v 26.96537 -3 -44.74594
v 23.49145 -3 -42.76304
v 27.95682 -3.000001 -43.00899
v 23.23098 -3 -40.31149
v 29.82058 -3 -49.83002
v 30.43929 -3 -46.72885
v 31.6515 -3 -50.8751
v 32.68267 -3.000002 -45.70649
v 27.46492 -3 -51.93973
v 27.98137 -3 -54.16203
v 20.5171 -3 -47.97392
v 23.49528 -3 -50.8253
v 18.34095 -3 -48.65929
v 22.47332 -3 -52.61572
v 27.46492 -3 -51.93973
f 4231 4232 4233
f 4231 4234 4232
f 4235 4234 4231
f 4235 4236 4234
f 4237 4233 4238
f 4237 4231 4233
f 4239 4231 4237
f 4239 4235 4231
f 4240 4241 4242
f 4242 4241 4243
f 4243 4241 4244
f 4241 4245 4244
f 4246 4247 4248
f 4246 4249 4247
f 4250 4251 4252
f 4252 4251 4253
f 4254 4255 4256
f 4254 4257 4255
f 4258 4259 4260
f 4260 4259 4261
f 4262 4263 4264
f 4264 4263 4265
f 4266 4267 4268
f 4267 4269 4268
f 4238 4233 4270
f 4233 4271 4270
f 4233 4232 4271
f 4232 4272 4271
f 4232 4234 4272
f 4234 4273 4272
f 4234 4236 4273
f 4236 4274 4273
f 4236 4235 4274
f 4235 4275 4274
f 4235 4239 4275
f 4239 4276 4275
f 4239 4237 4276
f 4237 4277 4276
f 4237 4238 4277
f 4238 4270 4277
f 4278 4279 4280
f 4279 4281 4280
f 4282 4283 4284
f 4283 4285 4284
f 4271 4272 4286
f 4272 4287 4286
f 4288 4289 4290
f 4289 4291 4290
f 4270 4271 4292
f 4271 4286 4292
f 4293 4294 4295
f 4294 4296 4295
f 4297 4298 4299
f 4297 4299 4300
f 4301 4302 4303
f 4303 4302 4304
f 4305 4306 4307
f 4305 4308 4306
f 4309 4310 4311
f 4309 4311 4312
f 4313 4314 4315
f 4316 4313 4315
f 4317 4318 4319
f 4318 4320 4319
f 4321 4322 4323
f 4321 4323 4324
f 4325 4326 4327
f 4326 4328 4327
f 4329 4330 4331
f 4330 4332 4331
f 4333 4334 4335
f 4334 4336 4335
f 4337 4338 4339
f 4338 4340 4339
f 4341 4342 4343
f 4342 4344 4343
f 4345 4346 4347
f 4346 4348 4347
f 4349 4350 4351
f 4350 4352 4351
f 4353 4354 4355
f 4355 4354 4356
f 4355 4356 4357
f 4357 4356 4358
f 4359 4360 4361
f 4359 4361 4362
f 4363 4359 4362
f 4363 4362 4364
f 4365 4366 4367
f 4365 4367 4368
f 4369 4370 4371
f 4369 4371 4372
f 4373 4316 4315
f 4373 4315 4374
f 4375 4373 4374
f 4375 4374 4376
f 4377 4319 4378
f 4319 4320 4378
f 4379 4377 4380
f 4377 4378 4380
f 4381 4382 4383
f 4381 4383 4384
f 4385 4386 4387
f 4385 4387 4388
f 4389 4390 4391
f 4389 4391 4392
f 4393 4394 4395
f 4393 4395 4396
f 4397 4398 4399
f 4398 4400 4399
f 4401 4402 4403
f 4402 4404 4403
f 4405 4406 4407
f 4406 4408 4407
f 4409 4410 4411
f 4410 4412 4411
f 4342 4413 4414
f 4413 4415 4414
f 4416 4417 4418
f 4417 4419 4418
f 4420 4421 4422
f 4423 4420 4422
f 4421 4424 4425
f 4422 4421 4425
f 4426 4427 4421
f 4420 4426 4421
f 4427 4428 4424
f 4421 4427 4424
f 4429 4430 4431
f 4430 4432 4431
f 4433 4434 4435
f 4434 4436 4435
f 4437 4438 4439
f 4438 4440 4439
f 4441 4442 4443
f 4442 4444 4443
f 4445 4441 4446
f 4441 4443 4446
f 4447 4448 4449
f 4448 4450 4449
f 4448 4451 4450
f 4451 4446 4450
f 4430 4447 4432
f 4447 4449 4432
v -29.99451 13.93822 -22.39347
v -24.93946 24.49309 -25.97769
v -27.37142 22.58278 -14.13535
v -29.99451 13.93822 -22.39347
v -33.97359 19.4919 -32.54884
v -24.93946 24.49309 -25.97769
v -27.37142 22.58278 -14.13535
v -37.90844 16.40103 -13.38736
v -29.99451 13.93822 -22.39347
v -24.93946 24.49309 -25.97769
v -29.72928 33.47919 -19.18692
v -27.37142 22.58278 -14.13535
v -29.99451 13.93822 -22.39347
v -41.98888 14.49072 -24.76742
v -33.97359 19.4919 -32.54884
v -33.97359 19.4919 -32.54884
v -33.80972 31.56888 -30.56697
v -24.93946 24.49309 -25.97769
v -27.37142 22.58278 -14.13535
v -37.74457 28.47801 -11.40549
v -37.90844 16.40103 -13.38736
v -24.93946 24.49309 -25.97769
v -33.80972 31.56888 -30.56697
v -29.72928 33.47919 -19.18692
v -27.37142 22.58278 -14.13535
v -29.72928 33.47919 -19.18692
v -37.74457 28.47801 -11.40549
v -41.98888 14.49072 -24.76742
v -44.34674 25.38714 -29.81898
v -33.97359 19.4919 -32.54884
v -33.97359 19.4919 -32.54884
v -44.34674 25.38714 -29.81898
v -33.80972 31.56888 -30.56697
v -37.90844 16.40103 -13.38736
v -37.74457 28.47801 -11.40549
v -46.77869 23.47682 -17.97664
v -33.80972 31.56888 -30.56697
v -41.72364 34.03169 -21.56087
v -29.72928 33.47919 -19.18692
v -29.72928 33.47919 -19.18692
v -41.72364 34.03169 -21.56087
v -37.74457 28.47801 -11.40549
v -41.98888 14.49072 -24.76742
v -46.77869 23.47682 -17.97664
v -44.34674 25.38714 -29.81898
v -44.34674 25.38714 -29.81898
v -41.72364 34.03169 -21.56087
v -33.80972 31.56888 -30.56697
v -37.90844 16.40103 -13.38736
v -46.77869 23.47682 -17.97664
v -41.98888 14.49072 -24.76742
v -37.74457 28.47801 -11.40549
v -41.72364 34.03169 -21.56087
v -46.77869 23.47682 -17.97664
v -46.77869 23.47682 -17.97664
v -41.72364 34.03169 -21.56087
v -44.34674 25.38714 -29.81898
v -46.39967 15.5533 -21.22893
v -49.08434 24.89648 -23.68032
v -49.36481 21.95023 -14.10158
v -46.39967 15.5533 -21.22893
v -52.00342 17.18318 -29.38093
v -49.08434 24.89648 -23.68032
v -49.36481 21.95023 -14.10158
v -52.45719 12.41614 -13.88206
v -46.39967 15.5533 -21.22893
v -49.08434 24.89648 -23.68032
v -56.80115 27.53371 -17.84862
v -49.36481 21.95023 -14.10158
v -46.39967 15.5533 -21.22893
v -54.08796 9.469885 -23.32512
v -52.00342 17.18318 -29.38093
v -52.00342 17.18318 -29.38093
v -58.43192 24.58745 -27.29168
v -49.08434 24.89648 -23.68032
v -49.36481 21.95023 -14.10158
v -58.88568 19.82041 -11.79282
v -52.45719 12.41614 -13.88206
v -49.08434 24.89648 -23.68032
v -58.43192 24.58745 -27.29168
v -56.80115 27.53371 -17.84862
v -49.36481 21.95023 -14.10158
v -56.80115 27.53371 -17.84862
v -58.88568 19.82041 -11.79282
v -54.08796 9.469885 -23.32512
v -61.5243 15.05337 -27.07216
v -52.00342 17.18318 -29.38093
v -52.00342 17.18318 -29.38093
v -61.5243 15.05337 -27.07216
v -58.43192 24.58745 -27.29168
v -52.45719 12.41614 -13.88206
v -58.88568 19.82041 -11.79282
v -61.80478 12.10711 -17.49342
v -58.43192 24.58745 -27.29168
v -64.48944 21.45029 -19.94481
v -56.80115 27.53371 -17.84862
v -56.80115 27.53371 -17.84862
v -64.48944 21.45029 -19.94481
v -58.88568 19.82041 -11.79282
v -54.08796 9.469885 -23.32512
v -61.80478 12.10711 -17.49342
v -61.5243 15.05337 -27.07216
v -61.5243 15.05337 -27.07216
v -64.48944 21.45029 -19.94481
v -58.43192 24.58745 -27.29168
v -58.88568 19.82041 -11.79282
v -64.48944 21.45029 -19.94481
v -61.80478 12.10711 -17.49342
v -61.80478 12.10711 -17.49342
v -64.48944 21.45029 -19.94481
v -61.5243 15.05337 -27.07216
v -39.55142 15.12981 -20.49913
v -39.32699 15.12273 -20.43829
v -38.97958 15.1123 -20.34143
v -37.90844 16.40103 -13.38736
v -41.98888 14.49072 -24.76742
v -39.68428 15.08407 -20.78674
v -39.76437 15.05758 -20.95465
v -39.60233 14.98402 -21.25559
v -39.49701 14.93716 -21.44643
v -39.15963 14.88098 -21.58441
v -38.89741 14.83773 -21.68959
v -33.00676 14.24613 -22.13734
v -29.99451 13.93822 -22.39347
v -38.59472 14.82805 -21.60816
v -33.41841 14.31923 -21.94601
v -32.87278 14.24243 -22.09834
v -33.52058 14.33773 -21.89676
v -38.25827 14.81342 -21.53723
v -32.42183 14.22934 -21.97042
v -38.14101 14.85398 -21.28246
v -33.62989 14.42762 -21.49082
v -32.3376 14.24758 -21.84226
v -33.65587 14.45019 -21.38828
v -38.00608 14.88275 -21.07946
v -38.16127 14.95012 -20.80671
v -33.40385 14.50139 -21.02192
v -38.32413 15.00837 -20.58328
v -33.33194 14.51658 -20.91449
v -38.69058 15.06817 -20.43954
v -32.89582 14.50272 -20.79676
v -32.74518 14.49834 -20.75403
v -32.10691 14.29618 -21.49823
v -32.14488 14.3287 -21.35071
v -32.24036 14.4072 -20.99621
v -32.38355 14.43326 -20.92645
v -56.53379 10.98447 -19.40869
v -56.14125 10.91985 -19.49348
v -56.05238 10.90599 -19.51033
v -56.78976 11.0345 -19.32938
v -61.80478 12.10711 -17.49342
v -57.25108 11.04461 -19.43034
v -57.34861 10.95046 -19.74504
v -54.08796 9.469885 -23.32512
v -57.02523 10.80722 -20.08914
v -56.82807 10.76869 -20.15023
v -56.27605 10.67393 -20.28131
v -56.16896 10.66675 -20.2726
v -55.54744 10.63181 -20.20157
v -55.49943 10.65167 -20.12732
v -55.43551 10.7273 -19.87863
v -52.45719 12.41614 -13.88206
v -55.57735 10.76456 -19.8056
v -50.89094 12.522 -19.6144
v -50.72569 12.63072 -19.68908
v -46.39967 15.5533 -21.22893
v -50.54328 12.75105 -19.76981
v -50.48491 12.76211 -19.94477
v -50.42644 12.77429 -20.11405
v -50.51363 12.67932 -20.27896
v -50.60654 12.5789 -20.45049
v -50.77063 12.44648 -20.50932
v -50.98471 12.27405 -20.58414
v -54.08796 9.469885 -23.32512
v -52.45719 12.41614 -13.88206
v -51.11407 12.34329 -19.68695
v -51.27271 12.21585 -19.74067
v -51.11992 12.18474 -20.525
v -51.39413 12.08635 -19.95534
v -51.34227 12.03714 -20.43168
v -51.46269 12.0126 -20.08004
v -51.38364 12.02939 -20.30717
v -38.89741 14.83773 -21.68959
v -38.59472 14.82805 -21.60816
v -36.8186 11.60671 -21.88969
v -38.25827 14.81342 -21.53723
v -38.14101 14.85398 -21.28246
v -35.82769 11.24425 -21.74741
v -38.32413 15.00837 -20.58328
v -38.69058 15.06817 -20.43954
v -35.75518 11.24425 -20.72593
v -38.00608 14.88275 -21.07946
v -38.16127 14.95012 -20.80671
v -35.70245 11.59957 -21.24298
v -56.16896 10.66675 -20.2726
v -55.54744 10.63181 -20.20157
v -51.91169 8.622443 -20.56063
v -57.02523 10.80722 -20.08914
v -56.82807 10.76869 -20.15023
v -56.90408 10.68692 -20.10221
v -56.53379 10.98447 -19.40869
v -56.78976 11.0345 -19.32938
v -56.63247 10.87832 -19.34635
v -55.57735 10.76456 -19.8056
v -56.05238 10.90599 -19.51033
v -51.86505 8.591145 -19.84028
v -55.49943 10.65167 -20.12732
v -55.43551 10.7273 -19.87863
v -51.94432 8.858729 -20.18589
v -32.24036 14.4072 -20.99621
v -32.38355 14.43326 -20.92645
v -33.40125 12.55735 -20.89303
v -33.8152 12.83524 -20.65103
v -32.74518 14.49834 -20.75403
v -32.14488 14.3287 -21.35071
v -32.24036 14.4072 -20.99621
v -33.40125 12.55735 -20.89303
v -33.25982 12.44225 -21.41639
v -32.10691 14.29618 -21.49823
v -39.15963 14.88098 -21.58441
v -38.89741 14.83773 -21.68959
v -36.8186 11.60671 -21.88969
v -37.23256 11.32882 -21.64768
v -39.49701 14.93716 -21.44643
v -33.40125 12.55735 -20.89303
v -35.13519 10.34436 -20.57636
v -34.65192 9.938291 -21.31756
v -33.25982 12.44225 -21.41639
v -36.8186 11.60671 -21.88969
v -35.70718 9.796952 -22.24235
v -36.38275 9.697017 -21.90159
v -37.23256 11.32882 -21.64768
v -33.8152 12.83524 -20.65103
v -35.45232 10.80466 -20.65286
v -35.13519 10.34436 -20.57636
v -33.40125 12.55735 -20.89303
v -32.74518 14.49834 -20.75403
v -32.89582 14.50272 -20.79676
v -33.8152 12.83524 -20.65103
v -34.2592 13.11312 -20.83213
v -33.33194 14.51658 -20.91449
v -32.3376 14.24758 -21.84226
v -32.10691 14.29618 -21.49823
v -33.25982 12.44225 -21.41639
v -33.47376 12.55735 -21.91452
v -32.42183 14.22934 -21.97042
v -39.60233 14.98402 -21.25559
v -39.49701 14.93716 -21.44643
v -37.23256 11.32882 -21.64768
v -37.37399 11.21372 -21.12433
v -39.76437 15.05758 -20.95465
v -38.59472 14.82805 -21.60816
v -38.25827 14.81342 -21.53723
v -35.82769 11.24425 -21.74741
v -36.8186 11.60671 -21.88969
v -33.41841 14.31923 -21.94601
v -33.00676 14.24613 -22.13734
v -33.91775 12.83524 -22.09562
v -34.33172 13.11312 -21.85361
v -33.52058 14.33773 -21.89676
v -33.00676 14.24613 -22.13734
v -32.87278 14.24243 -22.09834
v -33.91775 12.83524 -22.09562
v -33.47376 12.55735 -21.91452
v -32.42183 14.22934 -21.97042
v -35.53515 10.80004 -21.86373
v -35.23504 10.34435 -21.98306
v -35.70718 9.796952 -22.24235
v -35.82769 11.24425 -21.74741
v -36.8186 11.60671 -21.88969
v -33.91775 12.83524 -22.09562
v -35.53515 10.80004 -21.86373
v -35.82769 11.24425 -21.74741
v -34.33172 13.11312 -21.85361
v -33.47376 12.55735 -21.91452
v -35.23504 10.34435 -21.98306
v -35.53515 10.80004 -21.86373
v -33.91775 12.83524 -22.09562
v -38.97958 15.1123 -20.34143
v -39.32699 15.12273 -20.43829
v -36.71605 11.60671 -20.4451
v -37.16005 11.32882 -20.6262
v -39.55142 15.12981 -20.49913
v -39.68428 15.08407 -20.78674
v -39.76437 15.05758 -20.95465
v -37.37399 11.21372 -21.12433
v -37.16005 11.32882 -20.6262
v -39.55142 15.12981 -20.49913
v -38.69058 15.06817 -20.43954
v -38.97958 15.1123 -20.34143
v -36.71605 11.60671 -20.4451
v -35.75518 11.24425 -20.72593
v -34.2592 13.11312 -20.83213
v -35.75518 11.24425 -20.72593
v -35.45232 10.80466 -20.65286
v -33.8152 12.83524 -20.65103
v -35.56596 9.796953 -20.25297
v -35.13519 10.34436 -20.57636
v -35.45232 10.80466 -20.65286
v -35.75518 11.24425 -20.72593
v -36.71605 11.60671 -20.4451
v -33.33194 14.51658 -20.91449
v -33.40385 14.50139 -21.02192
v -34.2592 13.11312 -20.83213
v -34.47315 13.22823 -21.33026
v -33.65587 14.45019 -21.38828
v -35.23504 10.34435 -21.98306
v -33.47376 12.55735 -21.91452
v -33.25982 12.44225 -21.41639
v -34.65192 9.938291 -21.31756
v -35.8793 3.342464 -21.23043
v -34.65192 9.938291 -21.31756
v -35.13519 10.34436 -20.57636
v -36.11386 3.40539 -20.50689
v -36.11386 3.40539 -20.50689
v -35.13519 10.34436 -20.57636
v -35.56596 9.796953 -20.25297
v -36.78002 3.557295 -20.16679
v -36.62121 9.655622 -21.17776
v -37.37399 11.21372 -21.12433
v -37.23256 11.32882 -21.64768
v -36.38275 9.697017 -21.90159
v -37.58739 3.709201 -21.81608
v -36.38275 9.697017 -21.90159
v -35.70718 9.796952 -22.24235
v -36.92123 3.557294 -22.15617
v -36.92123 3.557294 -22.15617
v -35.70718 9.796952 -22.24235
v -35.23504 10.34435 -21.98306
v -36.21373 3.405387 -21.91359
v -38.14101 14.85398 -21.28246
v -38.00608 14.88275 -21.07946
v -35.70245 11.59957 -21.24298
v -35.82769 11.24425 -21.74741
v -33.62989 14.42762 -21.49082
v -33.52058 14.33773 -21.89676
v -34.33172 13.11312 -21.85361
v -34.47315 13.22823 -21.33026
v -33.65587 14.45019 -21.38828
v -37.16005 11.32882 -20.6262
v -36.28289 9.697017 -20.49488
v -35.56596 9.796953 -20.25297
v -36.71605 11.60671 -20.4451
v -37.37399 11.21372 -21.12433
v -36.62121 9.655622 -21.17776
v -36.28289 9.697017 -20.49488
v -37.16005 11.32882 -20.6262
v -35.75518 11.24425 -20.72593
v -34.2592 13.11312 -20.83213
v -34.47315 13.22823 -21.33026
v -35.70245 11.59957 -21.24298
v -34.65192 9.938291 -21.31756
v -35.8793 3.342464 -21.23043
v -36.21373 3.405387 -21.91359
v -35.23504 10.34435 -21.98306
v -36.11386 3.40539 -20.50689
v -36.99729 -1.521756 -20.10669
v -36.64083 -1.535007 -21.17637
v -35.8793 3.342464 -21.23043
v -36.78002 3.557295 -20.16679
v -38.0054 -1.489759 -19.60252
v -36.99729 -1.521756 -20.10669
v -36.11386 3.40539 -20.50689
v -36.78002 3.557295 -20.16679
v -35.56596 9.796953 -20.25297
v -36.28289 9.697017 -20.49488
v -37.48753 3.709201 -20.40937
v -36.38275 9.697017 -21.90159
v -37.58739 3.709201 -21.81608
v -37.82196 3.772125 -21.09253
v -36.62121 9.655622 -21.17776
v -36.92123 3.557294 -22.15617
v -38.21404 -1.489759 -22.54168
v -39.22124 -1.626269 -22.05101
v -37.58739 3.709201 -21.81608
v -36.21373 3.405387 -21.91359
v -37.14482 -1.521756 -22.18498
v -38.21404 -1.489759 -22.54168
v -36.92123 3.557294 -22.15617
v -34.33172 13.11312 -21.85361
v -35.82769 11.24425 -21.74741
v -35.70245 11.59957 -21.24298
v -34.47315 13.22823 -21.33026
v -38.16127 14.95012 -20.80671
v -38.32413 15.00837 -20.58328
v -35.75518 11.24425 -20.72593
v -35.70245 11.59957 -21.24298
v -38.0054 -1.489759 -19.60252
v -36.78002 3.557295 -20.16679
v -37.48753 3.709201 -20.40937
v -39.07182 -1.626265 -19.94599
v -37.14482 -1.521756 -22.18498
v -36.21373 3.405387 -21.91359
v -35.8793 3.342464 -21.23043
v -36.64083 -1.535007 -21.17637
v -36.62121 9.655622 -21.17776
v -37.82196 3.772125 -21.09253
v -37.48753 3.709201 -20.40937
v -36.28289 9.697017 -20.49488
v -36.99729 -1.521756 -20.10669
v -36.84187 -3.90963 -20.02862
v -36.46926 -4.025376 -21.18855
v -36.64083 -1.535007 -21.17637
v -38.0054 -1.489759 -19.60252
v -37.90151 -3.630197 -19.4839
v -36.84187 -3.90963 -20.02862
v -36.99729 -1.521756 -20.10669
v -39.07182 -1.626265 -19.94599
v -39.05533 -2.319274 -19.92415
v -39.02748 -2.871063 -19.87347
v -38.0054 -1.489759 -19.60252
v -37.90151 -3.630197 -19.4839
v -38.23663 -5.040616 -19.46011
v -39.3626 -4.761181 -19.84968
v -39.07182 -1.626265 -19.94599
v -37.48753 3.709201 -20.40937
v -37.82196 3.772125 -21.09253
v -39.58229 -1.126975 -20.96757
v -37.58739 3.709201 -21.81608
v -39.22124 -1.626269 -22.05101
v -39.58229 -1.126975 -20.96757
v -37.82196 3.772125 -21.09253
v -39.1876 -2.871063 -22.12906
v -39.20629 -2.365818 -22.07952
v -39.22124 -1.626269 -22.05101
v -38.21404 -1.489759 -22.54168
v -38.12795 -3.630197 -22.67379
v -39.52272 -4.761182 -22.10527
v -38.46307 -5.040617 -22.65
v -37.14482 -1.521756 -22.18498
v -37.00198 -3.90963 -22.28421
v -38.12795 -3.630197 -22.67379
v -38.21404 -1.489759 -22.54168
v -36.64083 -1.535007 -21.17637
v -36.46926 -4.025376 -21.18855
v -37.00198 -3.90963 -22.28421
v -37.14482 -1.521756 -22.18498
v -39.58229 -1.126975 -20.96757
v -41.24298 1.346431 -20.84969
v -41.38893 1.198758 -20.26231
v -39.07182 -1.626265 -19.94599
v -36.80439 -5.435796 -21.16476
v -36.46926 -4.025376 -21.18855
v -36.84187 -3.90963 -20.02862
v -37.17698 -5.320049 -20.00483
v -37.17698 -5.320049 -20.00483
v -36.84187 -3.90963 -20.02862
v -37.90151 -3.630197 -19.4839
v -38.23663 -5.040616 -19.46011
v -39.05533 -2.319274 -19.92415
v -41.82278 0.8422379 -19.9925
v -42.29039 0.4857253 -20.19832
v -39.02748 -2.871063 -19.87347
v -39.07182 -1.626265 -19.94599
v -41.38893 1.198758 -20.26231
v -41.82278 0.8422379 -19.9925
v -39.05533 -2.319274 -19.92415
v -41.24298 1.346431 -20.84969
v -39.58229 -1.126975 -20.96757
v -39.22124 -1.626269 -22.05101
v -41.47044 1.198758 -21.41056
v -39.20629 -2.365818 -22.07952
v -41.93805 0.8422377 -21.61637
v -41.47044 1.198758 -21.41056
v -39.22124 -1.626269 -22.05101
v -39.1876 -2.871063 -22.12906
v -42.3719 0.4857252 -21.34657
v -41.93805 0.8422377 -21.61637
v -39.20629 -2.365818 -22.07952
v -38.46307 -5.040617 -22.65
v -38.12795 -3.630197 -22.67379
v -37.00198 -3.90963 -22.28421
v -37.3371 -5.320055 -22.26042
v -37.3371 -5.320055 -22.26042
v -37.00198 -3.90963 -22.28421
v -36.46926 -4.025376 -21.18855
v -36.80439 -5.435796 -21.16476
v -36.80439 -5.435796 -21.16476
v -37.17698 -5.320049 -20.00483
v -37.14199 -7.204324 -20.00732
v -36.75491 -7.204329 -21.16827
v -37.17698 -5.320049 -20.00483
v -38.23663 -5.040616 -19.46011
v -38.23663 -7.204325 -19.46011
v -37.14199 -7.204324 -20.00732
v -39.3626 -4.761181 -19.84968
v -39.02748 -2.871063 -19.87347
v -39.56019 -3.235015 -20.96914
v -39.89531 -4.645435 -20.94535
v -41.24298 1.346431 -20.84969
v -45.3237 4.762322 -20.62972
v -45.83012 4.741346 -20.01765
v -41.38893 1.198758 -20.26231
v -41.47044 1.198758 -21.41056
v -45.91042 4.768215 -21.16567
v -45.3237 4.762322 -20.62972
v -41.24298 1.346431 -20.84969
v -42.3719 0.4857252 -21.34657
v -39.1876 -2.871063 -22.12906
v -39.56019 -3.235015 -20.96914
v -42.51785 0.3380542 -20.75919
v -38.46307 -5.040617 -22.65
v -37.3371 -5.320055 -22.26042
v -37.30211 -7.204324 -22.26291
v -38.46307 -7.204325 -22.65
v -37.3371 -5.320055 -22.26042
v -36.80439 -5.435796 -21.16476
v -36.75491 -7.204329 -21.16827
v -37.30211 -7.204324 -22.26291
v -38.23663 -5.040616 -19.46011
v -39.3626 -4.761181 -19.84968
v -39.39759 -7.204326 -19.8472
v -38.23663 -7.204325 -19.46011
v -39.3626 -4.761181 -19.84968
v -39.89531 -4.645435 -20.94535
v -39.94479 -7.204327 -20.94184
v -39.39759 -7.204326 -19.8472
v -39.02748 -2.871063 -19.87347
v -42.29039 0.4857253 -20.19832
v -42.51785 0.3380542 -20.75919
v -39.56019 -3.235015 -20.96914
v -41.82278 0.8422379 -19.9925
v -46.24531 3.746917 -20.01188
v -42.29039 0.4857253 -20.19832
v -45.8303 4.156378 -19.79227
v -51.7097 7.439196 -19.76374
v -51.28858 7.714874 -19.57233
v -41.38893 1.198758 -20.26231
v -45.83012 4.741346 -20.01765
v -45.8303 4.156378 -19.79227
v -41.82278 0.8422379 -19.9925
v -45.91042 4.768215 -21.16567
v -41.47044 1.198758 -21.41056
v -41.93805 0.8422377 -21.61637
v -45.94387 4.194381 -21.41582
v -42.3719 0.4857252 -21.34657
v -45.94387 4.194381 -21.41582
v -41.93805 0.8422377 -21.61637
v -46.32561 3.773779 -21.1599
v -51.37942 7.775836 -20.97524
v -51.77395 7.482299 -20.75575
v -42.51785 0.3380542 -20.75919
v -46.45047 3.58844 -20.57837
v -46.32561 3.773779 -21.1599
v -42.3719 0.4857252 -21.34657
v -39.52272 -4.761182 -22.10527
v -38.46307 -5.040617 -22.65
v -38.46307 -7.204325 -22.65
v -39.5577 -7.204327 -22.10279
v -39.1876 -2.871063 -22.12906
v -39.52272 -4.761182 -22.10527
v -39.89531 -4.645435 -20.94535
v -39.56019 -3.235015 -20.96914
v -37.14199 -7.204324 -20.00732
v -38.23663 -7.204325 -19.46011
v -39.39759 -7.204326 -19.8472
v -36.75491 -7.204329 -21.16827
v -39.94479 -7.204327 -20.94184
v -37.30211 -7.204324 -22.26291
v -39.5577 -7.204327 -22.10279
v -38.46307 -7.204325 -22.65
v -45.3237 4.762322 -20.62972
v -50.75725 8.147842 -20.29365
v -51.18972 8.212034 -19.76383
v -45.83012 4.741346 -20.01765
v -45.91042 4.768215 -21.16567
v -51.25395 8.25514 -20.75584
v -50.75725 8.147842 -20.29365
v -45.3237 4.762322 -20.62972
v -45.94387 4.194381 -21.41582
v -51.37942 7.775836 -20.97524
v -51.25395 8.25514 -20.75584
v -45.91042 4.768215 -21.16567
v -46.45047 3.58844 -20.57837
v -42.51785 0.3380542 -20.75919
v -42.29039 0.4857253 -20.19832
v -46.24531 3.746917 -20.01188
v -39.5577 -7.204327 -22.10279
v -39.94479 -7.204327 -20.94184
v -39.89531 -4.645435 -20.94535
v -39.52272 -4.761182 -22.10527
v -46.45047 3.58844 -20.57837
v -51.91075 7.342858 -20.25393
v -51.77395 7.482299 -20.75575
v -46.32561 3.773779 -21.1599
v -51.28858 7.714874 -19.57233
v -45.8303 4.156378 -19.79227
v -45.83012 4.741346 -20.01765
v -51.18972 8.212034 -19.76383
v -50.75725 8.147842 -20.29365
v -50.66882 10.16686 -20.21165
v -50.79395 10.16705 -19.84117
v -51.18972 8.212034 -19.76383
v -51.25395 8.25514 -20.75584
v -50.8406 10.19835 -20.56153
v -50.66882 10.16686 -20.21165
v -50.75725 8.147842 -20.29365
v -51.58701 8.441138 -20.65699
v -51.25395 8.25514 -20.75584
v -51.37942 7.775836 -20.97524
v -52.65153 8.546251 -20.66614
v -51.91169 8.622443 -20.56063
v -51.77395 7.482299 -20.75575
v -52.82489 8.2283 -20.51863
v -52.65153 8.546251 -20.66614
v -51.37942 7.775836 -20.97524
v -51.91075 7.342858 -20.25393
v -46.45047 3.58844 -20.57837
v -46.24531 3.746917 -20.01188
v -51.7097 7.439196 -19.76374
v -52.87738 8.083632 -20.15915
v -52.77825 8.196994 -19.79827
v -51.91075 7.342858 -20.25393
v -52.87738 8.083632 -20.15915
v -52.82489 8.2283 -20.51863
v -51.77395 7.482299 -20.75575
v -51.28858 7.714874 -19.57233
v -52.58555 8.501995 -19.6474
v -52.77825 8.196994 -19.79827
v -51.7097 7.439196 -19.76374
v -51.28858 7.714874 -19.57233
v -51.18972 8.212034 -19.76383
v -51.53515 8.405958 -19.80293
v -52.58555 8.501995 -19.6474
v -51.86505 8.591145 -19.84028
v -50.8406 10.19835 -20.56153
v -51.25395 8.25514 -20.75584
v -51.58701 8.441138 -20.65699
v -51.20863 10.2431 -20.68584
v -51.18972 8.212034 -19.76383
v -50.79395 10.16705 -19.84117
v -51.14265 10.19883 -19.66711
v -51.53515 8.405958 -19.80293
v -50.42644 12.77429 -20.11405
v -50.79395 10.16705 -19.84117
v -50.66882 10.16686 -20.21165
v -50.48491 12.76211 -19.94477
v -50.54328 12.75105 -19.76981
v -50.60654 12.5789 -20.45049
v -50.66882 10.16686 -20.21165
v -50.8406 10.19835 -20.56153
v -50.51363 12.67932 -20.27896
v -50.42644 12.77429 -20.11405
v -50.98471 12.27405 -20.58414
v -50.8406 10.19835 -20.56153
v -51.20863 10.2431 -20.68584
v -50.77063 12.44648 -20.50932
v -50.60654 12.5789 -20.45049
v -51.20863 10.2431 -20.68584
v -51.58701 8.441138 -20.65699
v -51.91169 8.622443 -20.56063
v -51.55733 10.27488 -20.51179
v -56.27605 10.67393 -20.28131
v -52.65153 8.546251 -20.66614
v -52.82489 8.2283 -20.51863
v -56.90408 10.68692 -20.10221
v -56.82807 10.76869 -20.15023
v -52.87738 8.083632 -20.15915
v -56.97578 10.58026 -19.78527
v -56.90408 10.68692 -20.10221
v -52.82489 8.2283 -20.51863
v -52.77825 8.196994 -19.79827
v -56.86329 10.65954 -19.47219
v -56.97578 10.58026 -19.78527
v -52.87738 8.083632 -20.15915
v -52.58555 8.501995 -19.6474
v -56.63247 10.87832 -19.34635
v -56.86329 10.65954 -19.47219
v -52.77825 8.196994 -19.79827
v -51.11992 12.18474 -20.525
v -50.98471 12.27405 -20.58414
v -51.20863 10.2431 -20.68584
v -51.34227 12.03714 -20.43168
v -51.55733 10.27488 -20.51179
v -56.27605 10.67393 -20.28131
v -56.16896 10.66675 -20.2726
v -51.91169 8.622443 -20.56063
v -52.65153 8.546251 -20.66614
v -56.14125 10.91985 -19.49348
v -56.53379 10.98447 -19.40869
v -56.63247 10.87832 -19.34635
v -52.58555 8.501995 -19.6474
v -56.05238 10.90599 -19.51033
v -56.14125 10.91985 -19.49348
v -52.58555 8.501995 -19.6474
v -51.86505 8.591145 -19.84028
v -51.53515 8.405958 -19.80293
v -51.14265 10.19883 -19.66711
v -51.5107 10.24359 -19.79143
v -51.86505 8.591145 -19.84028
v -50.54328 12.75105 -19.76981
v -51.14265 10.19883 -19.66711
v -50.79395 10.16705 -19.84117
v -50.72569 12.63072 -19.68908
v -50.89094 12.522 -19.6144
v -51.55733 10.27488 -20.51179
v -51.91169 8.622443 -20.56063
v -51.94432 8.858729 -20.18589
v -51.68245 10.27509 -20.14131
v -51.38364 12.02939 -20.30717
v -51.34227 12.03714 -20.43168
v -51.55733 10.27488 -20.51179
v -51.46269 12.0126 -20.08004
v -51.68245 10.27509 -20.14131
v -57.34861 10.95046 -19.74504
v -57.02523 10.80722 -20.08914
v -56.90408 10.68692 -20.10221
v -56.97578 10.58026 -19.78527
v -57.25108 11.04461 -19.43034
v -57.34861 10.95046 -19.74504
v -56.97578 10.58026 -19.78527
v -56.86329 10.65954 -19.47219
v -56.78976 11.0345 -19.32938
v -57.25108 11.04461 -19.43034
v -56.86329 10.65954 -19.47219
v -56.63247 10.87832 -19.34635
v -55.54744 10.63181 -20.20157
v -55.49943 10.65167 -20.12732
v -51.94432 8.858729 -20.18589
v -51.91169 8.622443 -20.56063
v -55.43551 10.7273 -19.87863
v -55.57735 10.76456 -19.8056
v -51.86505 8.591145 -19.84028
v -51.94432 8.858729 -20.18589
v -50.89094 12.522 -19.6144
v -51.5107 10.24359 -19.79143
v -51.14265 10.19883 -19.66711
v -51.11407 12.34329 -19.68695
v -51.27271 12.21585 -19.74067
v -51.68245 10.27509 -20.14131
v -51.94432 8.858729 -20.18589
v -51.86505 8.591145 -19.84028
v -51.5107 10.24359 -19.79143
v -51.39413 12.08635 -19.95534
v -51.46269 12.0126 -20.08004
v -51.68245 10.27509 -20.14131
v -51.27271 12.21585 -19.74067
v -51.5107 10.24359 -19.79143
f 4452 4453 4454
f 4455 4456 4457
f 4458 4459 4460
f 4461 4462 4463
f 4464 4465 4466
f 4467 4468 4469
f 4470 4471 4472
f 4473 4474 4475
f 4476 4477 4478
f 4479 4480 4481
f 4482 4483 4484
f 4485 4486 4487
f 4488 4489 4490
f 4491 4492 4493
f 4494 4495 4496
f 4497 4498 4499
f 4500 4501 4502
f 4503 4504 4505
f 4506 4507 4508
f 4509 4510 4511
f 4512 4513 4514
f 4515 4516 4517
f 4518 4519 4520
f 4521 4522 4523
f 4524 4525 4526
f 4527 4528 4529
f 4530 4531 4532
f 4533 4534 4535
f 4536 4537 4538
f 4539 4540 4541
f 4542 4543 4544
f 4545 4546 4547
f 4548 4549 4550
f 4551 4552 4553
f 4554 4555 4556
f 4557 4558 4559
f 4560 4561 4562
f 4563 4564 4565
f 4563 4565 4566
f 4566 4567 4563
f 4568 4563 4567
f 4567 4569 4568
f 4567 4570 4569
f 4567 4571 4570
f 4567 4572 4571
f 4567 4573 4572
f 4567 4574 4573
f 4567 4575 4574
f 4576 4573 4574
f 4576 4574 4577
f 4578 4574 4575
f 4576 4577 4579
f 4580 4576 4579
f 4581 4578 4575
f 4582 4580 4579
f 4582 4579 4583
f 4584 4581 4575
f 4582 4583 4585
f 4585 4586 4582
f 4587 4586 4585
f 4587 4585 4588
f 4589 4587 4588
f 4589 4588 4590
f 4591 4589 4590
f 4591 4590 4592
f 4565 4591 4592
f 4592 4593 4565
f 4575 4594 4584
f 4595 4594 4575
f 4596 4595 4575
f 4565 4593 4566
f 4596 4575 4566
f 4566 4593 4597
f 4597 4596 4566
f 4598 4599 4600
f 4601 4598 4600
f 4602 4601 4600
f 4603 4601 4602
f 4604 4603 4602
f 4602 4605 4604
f 4606 4604 4605
f 4605 4607 4606
f 4605 4608 4607
f 4609 4608 4605
f 4610 4609 4605
f 4611 4610 4605
f 4605 4612 4611
f 4613 4602 4600
f 4612 4605 4613
f 4600 4612 4613
f 4600 4614 4612
f 4615 4616 4617
f 4616 4618 4617
f 4618 4619 4617
f 4619 4620 4617
f 4617 4620 4621
f 4621 4622 4617
f 4622 4623 4617
f 4623 4624 4617
f 4625 4617 4624
f 4617 4626 4615
f 4627 4615 4626
f 4628 4627 4626
f 4626 4625 4628
f 4625 4624 4629
f 4625 4630 4628
f 4625 4629 4631
f 4632 4630 4625
f 4625 4631 4633
f 4625 4633 4632
f 4634 4635 4636
f 4637 4638 4639
f 4640 4641 4642
f 4643 4644 4645
f 4646 4647 4648
f 4649 4650 4651
f 4652 4653 4654
f 4655 4656 4657
f 4658 4659 4660
f 4661 4662 4663
f 4662 4664 4663
f 4662 4665 4664
f 4666 4667 4668
f 4666 4668 4669
f 4670 4666 4669
f 4671 4672 4673
f 4671 4673 4674
f 4675 4671 4674
f 4676 4677 4678
f 4676 4678 4679
f 4680 4681 4682
f 4680 4682 4683
f 4684 4685 4686
f 4684 4686 4687
f 4688 4689 4690
f 4689 4691 4690
f 4689 4692 4691
f 4693 4694 4695
f 4693 4695 4696
f 4697 4693 4696
f 4698 4699 4700
f 4698 4700 4701
f 4702 4698 4701
f 4703 4704 4705
f 4703 4705 4706
f 4707 4708 4709
f 4707 4709 4710
f 4711 4707 4710
f 4712 4713 4714
f 4713 4715 4714
f 4713 4716 4715
f 4717 4718 4719
f 4719 4720 4717
f 4719 4721 4720
f 4722 4723 4724
f 4722 4724 4725
f 4726 4727 4728
f 4726 4728 4729
f 4730 4731 4732
f 4731 4733 4732
f 4731 4734 4733
f 4735 4736 4737
f 4735 4737 4738
f 4739 4735 4738
f 4740 4741 4742
f 4740 4742 4743
f 4744 4745 4746
f 4744 4746 4747
f 4748 4749 4750
f 4750 4751 4748
f 4751 4752 4748
f 4753 4754 4755
f 4754 4756 4755
f 4754 4757 4756
f 4758 4759 4760
f 4758 4760 4761
f 4762 4763 4764
f 4762 4764 4765
f 4766 4767 4768
f 4766 4768 4769
f 4770 4771 4772
f 4770 4772 4773
f 4774 4775 4776
f 4774 4776 4777
f 4778 4779 4780
f 4778 4780 4781
f 4782 4783 4784
f 4782 4784 4785
f 4786 4787 4788
f 4786 4788 4789
f 4790 4786 4789
f 4791 4792 4793
f 4791 4793 4794
f 4795 4796 4797
f 4795 4797 4798
f 4799 4800 4801
f 4799 4801 4802
f 4803 4804 4805
f 4803 4805 4806
f 4807 4808 4809
f 4807 4809 4810
f 4811 4812 4813
f 4811 4813 4814
f 4815 4816 4817
f 4815 4817 4818
f 4819 4820 4821
f 4819 4821 4822
f 4823 4824 4825
f 4823 4825 4826
f 4827 4828 4829
f 4827 4829 4830
f 4831 4832 4833
f 4831 4833 4834
f 4835 4836 4837
f 4835 4837 4838
f 4839 4840 4841
f 4839 4841 4842
f 4843 4844 4845
f 4843 4845 4846
f 4847 4848 4849
f 4847 4849 4850
f 4851 4852 4853
f 4851 4853 4854
f 4855 4856 4857
f 4855 4857 4858
f 4859 4860 4861
f 4862 4859 4861
f 4861 4863 4862
f 4861 4864 4863
f 4861 4865 4864
f 4866 4867 4868
f 4866 4868 4869
f 4870 4871 4872
f 4870 4872 4873
f 4874 4875 4876
f 4874 4876 4877
f 4877 4878 4874
f 4878 4879 4874
f 4878 4880 4879
f 4881 4882 4883
f 4881 4883 4884
f 4885 4886 4887
f 4885 4887 4888
f 4889 4890 4891
f 4889 4891 4892
f 4893 4894 4895
f 4893 4895 4896
f 4897 4898 4899
f 4897 4899 4900
f 4901 4902 4903
f 4901 4903 4904
f 4905 4906 4907
f 4905 4907 4908
f 4909 4910 4911
f 4909 4911 4912
f 4913 4914 4915
f 4913 4915 4916
f 4917 4918 4919
f 4917 4919 4920
f 4921 4922 4923
f 4921 4923 4924
f 4925 4926 4927
f 4925 4927 4928
f 4929 4930 4931
f 4929 4931 4932
f 4933 4934 4935
f 4933 4935 4936
f 4937 4938 4939
f 4937 4939 4940
f 4941 4942 4943
f 4941 4943 4944
f 4945 4946 4947
f 4945 4947 4948
f 4949 4950 4951
f 4949 4951 4952
f 4953 4954 4955
f 4953 4955 4956
f 4957 4958 4959
f 4957 4959 4960
f 4961 4962 4963
f 4961 4963 4964
f 4965 4966 4967
f 4965 4967 4968
f 4969 4970 4971
f 4969 4971 4972
f 4973 4974 4975
f 4973 4976 4974
f 4976 4977 4974
f 4976 4978 4977
f 4979 4980 4981
f 4979 4981 4982
f 4983 4984 4985
f 4983 4985 4986
f 4987 4988 4989
f 4987 4990 4988
f 4991 4988 4990
f 4991 4990 4992
f 4993 4994 4995
f 4993 4995 4996
f 4997 4998 4999
f 4997 4999 5000
f 5001 5002 5003
f 5001 5003 5004
f 5005 5006 5007
f 5007 5008 5005
f 5007 5009 5008
f 5009 5010 5008
f 5009 5011 5010
f 5011 5012 5010
f 5013 5014 5015
f 5013 5015 5016
f 5017 5018 5019
f 5017 5019 5020
f 5021 5022 5023
f 5021 5023 5024
f 5025 5026 5027
f 5025 5027 5028
f 5029 5030 5031
f 5029 5031 5032
f 5033 5034 5035
f 5033 5035 5036
f 5037 5038 5039
f 5037 5039 5040
f 5041 5042 5043
f 5041 5043 5044
f 5045 5046 5047
f 5045 5047 5048
f 5049 5050 5051
f 5051 5052 5049
f 5052 5053 5049
f 5054 5055 5056
f 5054 5056 5057
f 5058 5059 5060
f 5058 5060 5061
f 5061 5062 5058
f 5061 5063 5062
f 5064 5065 5066
f 5064 5066 5067
f 5068 5069 5070
f 5068 5070 5071
f 5072 5073 5074
f 5074 5075 5072
f 5074 5076 5075
f 5077 5078 5079
f 5077 5079 5080
f 5081 5082 5083
f 5081 5083 5084
f 5085 5086 5087
f 5085 5088 5086
f 5088 5089 5086
f 5090 5091 5092
f 5090 5093 5091
f 5093 5094 5091
f 5095 5096 5097
f 5095 5098 5096
f 5098 5099 5096
f 5100 5101 5102
f 5100 5102 5103
f 5104 5105 5106
f 5106 5107 5104
f 5107 5108 5104
f 5109 5110 5111
f 5109 5111 5112
f 5113 5114 5115
f 5113 5115 5116
f 5117 5118 5119
f 5117 5119 5120
f 5121 5122 5123
f 5124 5121 5123
f 5124 5123 5125
f 5126 5127 5128
f 5126 5128 5129
f 5130 5131 5132
f 5130 5132 5133
f 5134 5135 5136
f 5134 5136 5137
f 5138 5139 5140
f 5138 5140 5141
f 5142 5143 5144
f 5142 5145 5143
f 5145 5146 5143
f 5147 5148 5149
f 5147 5149 5150
f 5151 5152 5153
f 5154 5151 5153
f 5154 5153 5155
f 5156 5157 5158
f 5156 5158 5159
f 5160 5161 5162
f 5160 5162 5163
f 5164 5165 5166
f 5164 5166 5167
f 5168 5169 5170
f 5168 5170 5171
f 5172 5173 5174
f 5172 5174 5175
f 5176 5177 5178
f 5176 5179 5177
f 5179 5180 5177
f 5181 5182 5183
f 5181 5183 5184
f 5185 5186 5187
f 5188 5185 5187
f 5188 5187 5189
v -44.15972 1.545072 54.20767
v -42.76989 6.104653 56.49555
v -47.79842 5.279421 55.08537
v -44.15972 1.545072 54.20767
v -39.66201 3.944198 52.80371
v -42.76989 6.104653 56.49555
v -47.79842 5.279421 55.08537
v -47.79842 2.608974 50.52205
v -44.15972 1.545072 54.20767
v -42.76989 6.104653 56.49555
v -45.54955 9.986546 54.22388
v -47.79842 5.279421 55.08537
v -44.15972 1.545072 54.20767
v -42.76989 1.783744 49.11187
v -39.66201 3.944198 52.80371
v -39.66201 3.944198 52.80371
v -40.52102 9.161315 52.8137
v -42.76989 6.104653 56.49555
v -47.79842 5.279421 55.08537
v -48.65742 7.826091 50.53204
v -47.79842 2.608974 50.52205
v -42.76989 6.104653 56.49555
v -40.52102 9.161315 52.8137
v -45.54955 9.986546 54.22388
v -47.79842 5.279421 55.08537
v -45.54955 9.986546 54.22388
v -48.65742 7.826091 50.53204
v -42.76989 1.783744 49.11187
v -40.52102 6.49087 48.25037
v -39.66201 3.944198 52.80371
v -39.66201 3.944198 52.80371
v -40.52102 6.49087 48.25037
v -40.52102 9.161315 52.8137
v -47.79842 2.608974 50.52205
v -48.65742 7.826091 50.53204
v -45.54955 5.665634 46.84019
v -40.52102 9.161315 52.8137
v -44.15972 10.22522 49.12807
v -45.54955 9.986546 54.22388
v -45.54955 9.986546 54.22388
v -44.15972 10.22522 49.12807
v -48.65742 7.826091 50.53204
v -42.76989 1.783744 49.11187
v -45.54955 5.665634 46.84019
v -40.52102 6.49087 48.25037
v -40.52102 6.49087 48.25037
v -44.15972 10.22522 49.12807
v -40.52102 9.161315 52.8137
v -47.79842 2.608974 50.52205
v -45.54955 5.665634 46.84019
v -42.76989 1.783744 49.11187
v -48.65742 7.826091 50.53204
v -44.15972 10.22522 49.12807
v -45.54955 5.665634 46.84019
v -45.54955 5.665634 46.84019
v -44.15972 10.22522 49.12807
v -40.52102 6.49087 48.25037
v -44.15972 2.242767 47.103
v -43.02129 6.278914 46.02115
v -47.14023 5.006165 45.6073
v -44.15972 2.242767 47.103
v -40.47558 2.946856 44.93768
v -43.02129 6.278914 46.02115
v -47.14023 5.006165 45.6073
v -47.14023 0.88755 44.26806
v -44.15972 2.242767 47.103
v -43.02129 6.278914 46.02115
v -45.29815 7.418163 42.51756
v -47.14023 5.006165 45.6073
v -44.15972 2.242767 47.103
v -43.02129 -0.3851999 43.8542
v -40.47558 2.946856 44.93768
v -40.47558 2.946856 44.93768
v -41.17921 6.145415 42.1037
v -43.02129 6.278914 46.02115
v -47.14023 5.006165 45.6073
v -47.84386 4.086107 41.43409
v -47.14023 0.88755 44.26806
v -43.02129 6.278914 46.02115
v -41.17921 6.145415 42.1037
v -45.29815 7.418163 42.51756
v -47.14023 5.006165 45.6073
v -45.29815 7.418163 42.51756
v -47.84386 4.086107 41.43409
v -43.02129 -0.3851999 43.8542
v -41.17921 2.0268 40.76447
v -40.47558 2.946856 44.93768
v -40.47558 2.946856 44.93768
v -41.17921 2.0268 40.76447
v -41.17921 6.145415 42.1037
v -47.14023 0.88755 44.26806
v -47.84386 4.086107 41.43409
v -45.29815 0.7540482 40.35061
v -41.17921 6.145415 42.1037
v -44.15972 4.790198 39.26876
v -45.29815 7.418163 42.51756
v -45.29815 7.418163 42.51756
v -44.15972 4.790198 39.26876
v -47.84386 4.086107 41.43409
v -43.02129 -0.3851999 43.8542
v -45.29815 0.7540482 40.35061
v -41.17921 2.0268 40.76447
v -41.17921 2.0268 40.76447
v -44.15972 4.790198 39.26876
v -41.17921 6.145415 42.1037
v -47.84386 4.086107 41.43409
v -44.15972 4.790198 39.26876
v -45.29815 0.7540482 40.35061
v -45.29815 0.7540482 40.35061
v -44.15972 4.790198 39.26876
v -41.17921 2.0268 40.76447
v -44.68367 2.059824 50.03162
v -44.71675 2.056764 50.12646
v -44.76911 2.052261 50.2732
v -47.79842 2.608974 50.52205
v -42.76989 1.783744 49.11187
v -44.55567 2.040064 49.98317
v -44.48087 2.028619 49.95379
v -44.35615 1.996845 50.03282
v -44.27714 1.976601 50.08404
v -44.228 1.952333 50.23364
v -44.1907 1.933648 50.34985
v -44.17794 1.678083 52.90185
v -44.15972 1.545072 54.20767
v -44.23505 1.929469 50.47779
v -44.2478 1.709664 52.71862
v -44.19885 1.676487 52.95839
v -44.2659 1.717653 52.67308
v -44.2759 1.923147 50.62059
v -44.26777 1.670831 53.14879
v -44.38927 1.940666 50.66333
v -44.43747 1.756486 52.61356
v -44.32557 1.678712 53.18117
v -44.48087 1.766237 52.59923
v -44.48087 1.953095 50.71526
v -44.59365 1.982201 50.64005
v -44.64644 1.788355 52.69662
v -44.68495 2.007362 50.56304
v -44.69493 1.794915 52.72432
v -44.73568 2.033196 50.40073
v -44.759 1.788927 52.90865
v -44.78202 1.787038 52.97225
v -44.48087 1.699703 53.27005
v -44.54327 1.713751 53.24917
v -44.69311 1.747664 53.19719
v -44.71878 1.758924 53.13335
v -44.63408 0.2690836 42.68048
v -44.60955 0.2411677 42.85223
v -44.60501 0.2351811 42.89104
v -44.66043 0.2906934 42.56776
v -45.29815 0.7540482 40.35061
v -44.60281 0.2950612 42.37207
v -44.46422 0.2543927 42.33966
v -43.02129 -0.3851999 43.8542
v -44.32584 0.1925133 42.48954
v -44.30555 0.1758679 42.57637
v -44.26595 0.1349326 42.81824
v -44.27298 0.131831 42.86412
v -44.3226 0.1167365 43.12976
v -44.35606 0.125318 43.14818
v -44.46518 0.1579881 43.16812
v -47.14023 0.88755 44.26806
v -44.49231 0.1740837 43.10476
v -44.71804 0.9332767 45.11831
v -44.69092 0.9802455 45.1918
v -44.15972 2.242767 47.103
v -44.66172 1.032224 45.27287
v -44.58811 1.037004 45.30338
v -44.51695 1.042265 45.33375
v -44.44323 1.001241 45.30122
v -44.36647 0.957859 45.26643
v -44.3361 0.9006528 45.19752
v -44.29731 0.8261665 45.10756
v -43.02129 -0.3851999 43.8542
v -47.14023 0.88755 44.26806
v -44.67996 0.8560795 45.02438
v -44.65196 0.8010238 44.95767
v -44.31866 0.7875872 45.0475
v -44.55574 0.7450838 44.91191
v -44.35207 0.7238241 44.94883
v -44.49991 0.7132231 44.88618
v -44.40446 0.7204755 44.92719
v -44.1907 1.933648 50.34985
v -44.23505 1.929469 50.47779
v -44.16806 0.5378841 51.25174
v -44.2759 1.923147 50.62059
v -44.38927 1.940666 50.66333
v -44.25968 0.3813049 51.67437
v -44.68495 2.007362 50.56304
v -44.73568 2.033196 50.40073
v -44.70206 0.381306 51.67437
v -44.48087 1.953095 50.71526
v -44.59365 1.982201 50.64005
v -44.48087 0.5347993 51.71291
v -44.27298 0.131831 42.86412
v -44.3226 0.1167365 43.12976
v -44.27909 -0.7512851 44.70741
v -44.32584 0.1925133 42.48954
v -44.30555 0.1758679 42.57637
v -44.32391 0.1405452 42.54214
v -44.63408 0.2690836 42.68048
v -44.66043 0.2906934 42.56776
v -44.65793 0.2232265 42.63606
v -44.49231 0.1740837 43.10476
v -44.60501 0.2351811 42.89104
v -44.59092 -0.7648056 44.70547
v -44.35606 0.125318 43.14818
v -44.46518 0.1579881 43.16812
v -44.43957 -0.6492122 44.68188
v -44.69311 1.747664 53.19719
v -44.71878 1.758924 53.13335
v -44.70206 0.9485522 52.6938
v -44.79367 1.068594 52.50802
v -44.78202 1.787038 52.97225
v -44.54327 1.713751 53.24917
v -44.69311 1.747664 53.19719
v -44.70206 0.9485522 52.6938
v -44.48087 0.8988272 52.77075
v -44.48087 1.699703 53.27005
v -44.228 1.952333 50.23364
v -44.1907 1.933648 50.34985
v -44.16806 0.5378841 51.25174
v -44.25968 0.4178397 51.06596
v -44.27714 1.976601 50.08404
v -44.70206 0.9485522 52.6938
v -44.78548 -0.007436823 51.93695
v -44.48087 -0.1828531 52.16786
v -44.48087 0.8988272 52.77075
v -44.16806 0.5378841 51.25174
v -44.0501 -0.2439095 51.74144
v -44.17627 -0.2870808 51.43991
v -44.25968 0.4178397 51.06596
v -44.79367 1.068594 52.50802
v -44.74281 0.1914095 51.80264
v -44.78548 -0.007436823 51.93695
v -44.70206 0.9485522 52.6938
v -44.78202 1.787038 52.97225
v -44.759 1.788927 52.90865
v -44.79367 1.068594 52.50802
v -44.70206 1.188639 52.32224
v -44.69493 1.794915 52.72432
v -44.32557 1.678712 53.18117
v -44.48087 1.699703 53.27005
v -44.48087 0.8988272 52.77075
v -44.25968 0.9485522 52.6938
v -44.26777 1.670831 53.14879
v -44.35615 1.996845 50.03282
v -44.27714 1.976601 50.08404
v -44.25968 0.4178397 51.06596
v -44.48087 0.3681168 50.989
v -44.48087 2.028619 49.95379
v -44.23505 1.929469 50.47779
v -44.2759 1.923147 50.62059
v -44.25968 0.3813049 51.67437
v -44.16806 0.5378841 51.25174
v -44.2478 1.709664 52.71862
v -44.17794 1.678083 52.90185
v -44.16806 1.068594 52.50802
v -44.25968 1.188639 52.32224
v -44.2659 1.717653 52.67308
v -44.17794 1.678083 52.90185
v -44.19885 1.676487 52.95839
v -44.16806 1.068594 52.50802
v -44.25968 0.9485522 52.6938
v -44.26777 1.670831 53.14879
v -44.21851 0.1894145 51.80399
v -44.17627 -0.007439424 51.93695
v -44.0501 -0.2439095 51.74144
v -44.25968 0.3813049 51.67437
v -44.16806 0.5378841 51.25174
v -44.16806 1.068594 52.50802
v -44.21851 0.1894145 51.80399
v -44.25968 0.3813049 51.67437
v -44.25968 1.188639 52.32224
v -44.25968 0.9485522 52.6938
v -44.17627 -0.007439424 51.93695
v -44.21851 0.1894145 51.80399
v -44.16806 1.068594 52.50802
v -44.76911 2.052261 50.2732
v -44.71675 2.056764 50.12646
v -44.79368 0.5378841 51.25174
v -44.70206 0.4178397 51.06596
v -44.68367 2.059824 50.03162
v -44.55567 2.040064 49.98317
v -44.48087 2.028619 49.95379
v -44.48087 0.3681168 50.989
v -44.70206 0.4178397 51.06596
v -44.68367 2.059824 50.03162
v -44.73568 2.033196 50.40073
v -44.76911 2.052261 50.2732
v -44.79368 0.5378841 51.25174
v -44.70206 0.381306 51.67437
v -44.70206 1.188639 52.32224
v -44.70206 0.381306 51.67437
v -44.74281 0.1914095 51.80264
v -44.79367 1.068594 52.50802
v -44.91165 -0.2439095 51.74144
v -44.78548 -0.007436823 51.93695
v -44.74281 0.1914095 51.80264
v -44.70206 0.381306 51.67437
v -44.79368 0.5378841 51.25174
v -44.69493 1.794915 52.72432
v -44.64644 1.788355 52.69662
v -44.70206 1.188639 52.32224
v -44.48087 1.238362 52.24529
v -44.48087 1.766237 52.59923
v -44.17627 -0.007439424 51.93695
v -44.25968 0.9485522 52.6938
v -44.48087 0.8988272 52.77075
v -44.48087 -0.1828531 52.16786
v -44.48087 -3.032174 51.63632
v -44.48087 -0.1828531 52.16786
v -44.78548 -0.007436823 51.93695
v -44.78547 -3.004991 51.51311
v -44.78547 -3.004991 51.51311
v -44.78548 -0.007436823 51.93695
v -44.91165 -0.2439095 51.74144
v -44.91164 -2.93937 51.21566
v -44.48087 -0.3049628 51.31501
v -44.48087 0.3681168 50.989
v -44.25968 0.4178397 51.06596
v -44.17627 -0.2870808 51.43991
v -44.17627 -2.873748 50.91821
v -44.17627 -0.2870808 51.43991
v -44.0501 -0.2439095 51.74144
v -44.05009 -2.93937 51.21566
v -44.05009 -2.93937 51.21566
v -44.0501 -0.2439095 51.74144
v -44.17627 -0.007439424 51.93695
v -44.17627 -3.004992 51.51311
v -44.38927 1.940666 50.66333
v -44.48087 1.953095 50.71526
v -44.48087 0.5347993 51.71291
v -44.25968 0.3813049 51.67437
v -44.43747 1.756486 52.61356
v -44.2659 1.717653 52.67308
v -44.25968 1.188639 52.32224
v -44.48087 1.238362 52.24529
v -44.48087 1.766237 52.59923
v -44.70206 0.4178397 51.06596
v -44.78548 -0.2870808 51.43991
v -44.91165 -0.2439095 51.74144
v -44.79368 0.5378841 51.25174
v -44.48087 0.3681168 50.989
v -44.48087 -0.3049628 51.31501
v -44.78548 -0.2870808 51.43991
v -44.70206 0.4178397 51.06596
v -44.70206 0.381306 51.67437
v -44.70206 1.188639 52.32224
v -44.48087 1.238362 52.24529
v -44.48087 0.5347993 51.71291
v -44.48087 -0.1828531 52.16786
v -44.48087 -3.032174 51.63632
v -44.17627 -3.004992 51.51311
v -44.17627 -0.007439424 51.93695
v -44.78547 -3.004991 51.51311
v -44.9309 -5.133461 51.1202
v -44.48087 -5.139186 51.30652
v -44.48087 -3.032174 51.63632
v -44.91164 -2.93937 51.21566
v -45.11731 -5.119639 50.67038
v -44.9309 -5.133461 51.1202
v -44.78547 -3.004991 51.51311
v -44.91164 -2.93937 51.21566
v -44.91165 -0.2439095 51.74144
v -44.78548 -0.2870808 51.43991
v -44.78547 -2.873748 50.91821
v -44.17627 -0.2870808 51.43991
v -44.17627 -2.873748 50.91821
v -44.48087 -2.846566 50.795
v -44.48087 -0.3049628 51.31501
v -44.05009 -2.93937 51.21566
v -43.84443 -5.119639 50.67038
v -44.02505 -5.17861 50.22136
v -44.17627 -2.873748 50.91821
v -44.17627 -3.004992 51.51311
v -44.03084 -5.133461 51.1202
v -43.84443 -5.119639 50.67038
v -44.05009 -2.93937 51.21566
v -44.25968 1.188639 52.32224
v -44.25968 0.3813049 51.67437
v -44.48087 0.5347993 51.71291
v -44.48087 1.238362 52.24529
v -44.59365 1.982201 50.64005
v -44.68495 2.007362 50.56304
v -44.70206 0.381306 51.67437
v -44.48087 0.5347993 51.71291
v -45.11731 -5.119639 50.67038
v -44.91164 -2.93937 51.21566
v -44.78547 -2.873748 50.91821
v -44.93669 -5.178608 50.22136
v -44.03084 -5.133461 51.1202
v -44.17627 -3.004992 51.51311
v -44.48087 -3.032174 51.63632
v -44.48087 -5.139186 51.30652
v -44.48087 -0.3049628 51.31501
v -44.48087 -2.846566 50.795
v -44.78547 -2.873748 50.91821
v -44.78548 -0.2870808 51.43991
v -44.9309 -5.133461 51.1202
v -44.96929 -6.164996 51.18478
v -44.48087 -6.214996 51.38082
v -44.48087 -5.139186 51.30652
v -45.11731 -5.119639 50.67038
v -45.1716 -6.044284 50.71152
v -44.96929 -6.164996 51.18478
v -44.9309 -5.133461 51.1202
v -44.93669 -5.178608 50.22136
v -44.9466 -5.47798 50.22779
v -44.96929 -5.716347 50.23825
v -45.11731 -5.119639 50.67038
v -45.1716 -6.044284 50.71152
v -45.1716 -6.653569 50.56638
v -44.96929 -6.532856 50.09312
v -44.93669 -5.178608 50.22136
v -44.78547 -2.873748 50.91821
v -44.48087 -2.846566 50.795
v -44.48087 -4.962921 50.03265
v -44.17627 -2.873748 50.91821
v -44.02505 -5.17861 50.22136
v -44.48087 -4.962921 50.03265
v -44.48087 -2.846566 50.795
v -43.99245 -5.716347 50.23825
v -44.01323 -5.498087 50.22868
v -44.02505 -5.17861 50.22136
v -43.84443 -5.119639 50.67038
v -43.79014 -6.044284 50.71152
v -43.99245 -6.532856 50.09312
v -43.79014 -6.653569 50.56638
v -44.03084 -5.133461 51.1202
v -43.99245 -6.164996 51.18478
v -43.79014 -6.044284 50.71152
v -43.84443 -5.119639 50.67038
v -44.48087 -5.139186 51.30652
v -44.48087 -6.214996 51.38082
v -43.99245 -6.164996 51.18478
v -44.03084 -5.133461 51.1202
v -44.48087 -4.962921 50.03265
v -44.48087 -3.894438 49.31344
v -44.72951 -3.958231 49.23259
v -44.93669 -5.178608 50.22136
v -44.48087 -6.824282 51.23569
v -44.48087 -6.214996 51.38082
v -44.96929 -6.164996 51.18478
v -44.96929 -6.774281 51.03965
v -44.96929 -6.774281 51.03965
v -44.96929 -6.164996 51.18478
v -45.1716 -6.044284 50.71152
v -45.1716 -6.653569 50.56638
v -44.9466 -5.47798 50.22779
v -44.8325 -4.112244 49.03738
v -44.72951 -4.266253 48.84218
v -44.96929 -5.716347 50.23825
v -44.93669 -5.178608 50.22136
v -44.72951 -3.958231 49.23259
v -44.8325 -4.112244 49.03738
v -44.9466 -5.47798 50.22779
v -44.48087 -3.894438 49.31344
v -44.48087 -4.962921 50.03265
v -44.02505 -5.17861 50.22136
v -44.23223 -3.958231 49.23259
v -44.01323 -5.498087 50.22868
v -44.12924 -4.112244 49.03738
v -44.23223 -3.958231 49.23259
v -44.02505 -5.17861 50.22136
v -43.99245 -5.716347 50.23825
v -44.23223 -4.266253 48.84218
v -44.12924 -4.112244 49.03738
v -44.01323 -5.498087 50.22868
v -43.79014 -6.653569 50.56638
v -43.79014 -6.044284 50.71152
v -43.99245 -6.164996 51.18478
v -43.99245 -6.774283 51.03965
v -43.99245 -6.774283 51.03965
v -43.99245 -6.164996 51.18478
v -44.48087 -6.214996 51.38082
v -44.48087 -6.824282 51.23569
v -44.48087 -6.824282 51.23569
v -44.96929 -6.774281 51.03965
v -44.96929 -7.588266 51.05481
v -44.48087 -7.588268 51.25711
v -44.96929 -6.774281 51.03965
v -45.1716 -6.653569 50.56638
v -45.1716 -7.588266 50.56638
v -44.96929 -7.588266 51.05481
v -44.96929 -6.532856 50.09312
v -44.96929 -5.716347 50.23825
v -44.48087 -5.87357 50.04221
v -44.48087 -6.482855 49.89708
v -44.48087 -3.894438 49.31344
v -44.45083 -2.418813 47.54831
v -44.69909 -2.427874 47.31137
v -44.72951 -3.958231 49.23259
v -44.23223 -3.958231 49.23259
v -44.20194 -2.416267 47.31189
v -44.45083 -2.418813 47.54831
v -44.48087 -3.894438 49.31344
v -44.23223 -4.266253 48.84218
v -43.99245 -5.716347 50.23825
v -44.48087 -5.87357 50.04221
v -44.48087 -4.330045 48.76133
v -43.79014 -6.653569 50.56638
v -43.99245 -6.774283 51.03965
v -43.99245 -7.588266 51.05481
v -43.79014 -7.588266 50.56638
v -43.99245 -6.774283 51.03965
v -44.48087 -6.824282 51.23569
v -44.48087 -7.588268 51.25711
v -43.99245 -7.588266 51.05481
v -45.1716 -6.653569 50.56638
v -44.96929 -6.532856 50.09312
v -44.96929 -7.588267 50.07796
v -45.1716 -7.588266 50.56638
v -44.96929 -6.532856 50.09312
v -44.48087 -6.482855 49.89708
v -44.48087 -7.588267 49.87565
v -44.96929 -7.588267 50.07796
v -44.96929 -5.716347 50.23825
v -44.72951 -4.266253 48.84218
v -44.48087 -4.330045 48.76133
v -44.48087 -5.87357 50.04221
v -44.8325 -4.112244 49.03738
v -44.68887 -2.857456 47.13229
v -44.72951 -4.266253 48.84218
v -44.7962 -2.680573 47.3044
v -44.62865 -1.262434 44.77007
v -44.72401 -1.143344 44.94568
v -44.72951 -3.958231 49.23259
v -44.69909 -2.427874 47.31137
v -44.7962 -2.680573 47.3044
v -44.8325 -4.112244 49.03738
v -44.20194 -2.416267 47.31189
v -44.23223 -3.958231 49.23259
v -44.12924 -4.112244 49.03738
v -44.09313 -2.664156 47.30513
v -44.23223 -4.266253 48.84218
v -44.09313 -2.664156 47.30513
v -44.12924 -4.112244 49.03738
v -44.19173 -2.845852 47.1328
v -44.11671 -1.117009 44.94944
v -44.19922 -1.243814 44.77273
v -44.48087 -4.330045 48.76133
v -44.43849 -2.925916 47.06121
v -44.19173 -2.845852 47.1328
v -44.23223 -4.266253 48.84218
v -43.99245 -6.532856 50.09312
v -43.79014 -6.653569 50.56638
v -43.79014 -7.588266 50.56638
v -43.99245 -7.588267 50.07796
v -43.99245 -5.716347 50.23825
v -43.99245 -6.532856 50.09312
v -44.48087 -6.482855 49.89708
v -44.48087 -5.87357 50.04221
v -44.96929 -7.588266 51.05481
v -45.1716 -7.588266 50.56638
v -44.96929 -7.588267 50.07796
v -44.48087 -7.588268 51.25711
v -44.48087 -7.588267 49.87565
v -43.99245 -7.588266 51.05481
v -43.99245 -7.588267 50.07796
v -43.79014 -7.588266 50.56638
v -44.45083 -2.418813 47.54831
v -44.42944 -0.9563069 45.19669
v -44.64452 -0.9285767 44.99414
v -44.69909 -2.427874 47.31137
v -44.20194 -2.416267 47.31189
v -44.21509 -0.9099555 44.9968
v -44.42944 -0.9563069 45.19669
v -44.45083 -2.418813 47.54831
v -44.09313 -2.664156 47.30513
v -44.11671 -1.117009 44.94944
v -44.21509 -0.9099555 44.9968
v -44.20194 -2.416267 47.31189
v -44.43849 -2.925916 47.06121
v -44.48087 -4.330045 48.76133
v -44.72951 -4.266253 48.84218
v -44.68887 -2.857456 47.13229
v -43.99245 -7.588267 50.07796
v -44.48087 -7.588267 49.87565
v -44.48087 -6.482855 49.89708
v -43.99245 -6.532856 50.09312
v -44.43849 -2.925916 47.06121
v -44.41128 -1.304051 44.69843
v -44.19922 -1.243814 44.77273
v -44.19173 -2.845852 47.1328
v -44.72401 -1.143344 44.94568
v -44.7962 -2.680573 47.3044
v -44.69909 -2.427874 47.31137
v -44.64452 -0.9285767 44.99414
v -44.42944 -0.9563069 45.19669
v -44.46748 -0.08411559 45.23229
v -44.62329 -0.08403288 45.16704
v -44.64452 -0.9285767 44.99414
v -44.21509 -0.9099555 44.9968
v -44.31147 -0.07051034 45.16897
v -44.46748 -0.08411559 45.23229
v -44.42944 -0.9563069 45.19669
v -44.2475 -0.8296064 44.85026
v -44.21509 -0.9099555 44.9968
v -44.11671 -1.117009 44.94944
v -44.21099 -0.7841988 44.39183
v -44.27909 -0.7512851 44.70741
v -44.19922 -1.243814 44.77273
v -44.26925 -0.9215502 44.31262
v -44.21099 -0.7841988 44.39183
v -44.11671 -1.117009 44.94944
v -44.41128 -1.304051 44.69843
v -44.43849 -2.925916 47.06121
v -44.68887 -2.857456 47.13229
v -44.62865 -1.262434 44.77007
v -44.42255 -0.9840454 44.27901
v -44.58109 -0.9350743 44.31068
v -44.41128 -1.304051 44.69843
v -44.42255 -0.9840454 44.27901
v -44.26925 -0.9215502 44.31262
v -44.19922 -1.243814 44.77273
v -44.72401 -1.143344 44.94568
v -44.65199 -0.8033172 44.3891
v -44.58109 -0.9350743 44.31068
v -44.62865 -1.262434 44.77007
v -44.72401 -1.143344 44.94568
v -44.64452 -0.9285767 44.99414
v -44.6171 -0.844804 44.84648
v -44.65199 -0.8033172 44.3891
v -44.59092 -0.7648056 44.70547
v -44.31147 -0.07051034 45.16897
v -44.21509 -0.9099555 44.9968
v -44.2475 -0.8296064 44.85026
v -44.24664 -0.05117961 45.01419
v -44.64452 -0.9285767 44.99414
v -44.62329 -0.08403288 45.16704
v -44.68763 -0.0703028 45.01146
v -44.6171 -0.844804 44.84648
v -44.51695 1.042265 45.33375
v -44.62329 -0.08403288 45.16704
v -44.46748 -0.08411559 45.23229
v -44.58811 1.037004 45.30338
v -44.66172 1.032224 45.27287
v -44.36647 0.957859 45.26643
v -44.46748 -0.08411559 45.23229
v -44.31147 -0.07051034 45.16897
v -44.44323 1.001241 45.30122
v -44.51695 1.042265 45.33375
v -44.29731 0.8261665 45.10756
v -44.31147 -0.07051034 45.16897
v -44.24664 -0.05117961 45.01419
v -44.3361 0.9006528 45.19752
v -44.36647 0.957859 45.26643
v -44.24664 -0.05117961 45.01419
v -44.2475 -0.8296064 44.85026
v -44.27909 -0.7512851 44.70741
v -44.31097 -0.03744953 44.8586
v -44.26595 0.1349326 42.81824
v -44.21099 -0.7841988 44.39183
v -44.26925 -0.9215502 44.31262
v -44.32391 0.1405452 42.54214
v -44.30555 0.1758679 42.57637
v -44.42255 -0.9840454 44.27901
v -44.45829 0.09446847 42.50155
v -44.32391 0.1405452 42.54214
v -44.26925 -0.9215502 44.31262
v -44.58109 -0.9350743 44.31068
v -44.59664 0.128718 42.54045
v -44.45829 0.09446847 42.50155
v -44.42255 -0.9840454 44.27901
v -44.65199 -0.8033172 44.3891
v -44.65793 0.2232265 42.63606
v -44.59664 0.128718 42.54045
v -44.58109 -0.9350743 44.31068
v -44.31866 0.7875872 45.0475
v -44.29731 0.8261665 45.10756
v -44.24664 -0.05117961 45.01419
v -44.35207 0.7238241 44.94883
v -44.31097 -0.03744953 44.8586
v -44.26595 0.1349326 42.81824
v -44.27298 0.131831 42.86412
v -44.27909 -0.7512851 44.70741
v -44.21099 -0.7841988 44.39183
v -44.60955 0.2411677 42.85223
v -44.63408 0.2690836 42.68048
v -44.65793 0.2232265 42.63606
v -44.65199 -0.8033172 44.3891
v -44.60501 0.2351811 42.89104
v -44.60955 0.2411677 42.85223
v -44.65199 -0.8033172 44.3891
v -44.59092 -0.7648056 44.70547
v -44.6171 -0.844804 44.84648
v -44.68763 -0.0703028 45.01146
v -44.6228 -0.05096998 44.85667
v -44.59092 -0.7648056 44.70547
v -44.66172 1.032224 45.27287
v -44.68763 -0.0703028 45.01146
v -44.62329 -0.08403288 45.16704
v -44.69092 0.9802455 45.1918
v -44.71804 0.9332767 45.11831
v -44.31097 -0.03744953 44.8586
v -44.27909 -0.7512851 44.70741
v -44.43957 -0.6492122 44.68188
v -44.46679 -0.03736006 44.79336
v -44.40446 0.7204755 44.92719
v -44.35207 0.7238241 44.94883
v -44.31097 -0.03744953 44.8586
v -44.49991 0.7132231 44.88618
v -44.46679 -0.03736006 44.79336
v -44.46422 0.2543927 42.33966
v -44.32584 0.1925133 42.48954
v -44.32391 0.1405452 42.54214
v -44.45829 0.09446847 42.50155
v -44.60281 0.2950612 42.37207
v -44.46422 0.2543927 42.33966
v -44.45829 0.09446847 42.50155
v -44.59664 0.128718 42.54045
v -44.66043 0.2906934 42.56776
v -44.60281 0.2950612 42.37207
v -44.59664 0.128718 42.54045
v -44.65793 0.2232265 42.63606
v -44.3226 0.1167365 43.12976
v -44.35606 0.125318 43.14818
v -44.43957 -0.6492122 44.68188
v -44.27909 -0.7512851 44.70741
v -44.46518 0.1579881 43.16812
v -44.49231 0.1740837 43.10476
v -44.59092 -0.7648056 44.70547
v -44.43957 -0.6492122 44.68188
v -44.71804 0.9332767 45.11831
v -44.6228 -0.05096998 44.85667
v -44.68763 -0.0703028 45.01146
v -44.67996 0.8560795 45.02438
v -44.65196 0.8010238 44.95767
v -44.46679 -0.03736006 44.79336
v -44.43957 -0.6492122 44.68188
v -44.59092 -0.7648056 44.70547
v -44.6228 -0.05096998 44.85667
v -44.55574 0.7450838 44.91191
v -44.49991 0.7132231 44.88618
v -44.46679 -0.03736006 44.79336
v -44.65196 0.8010238 44.95767
v -44.6228 -0.05096998 44.85667
f 5190 5191 5192
f 5193 5194 5195
f 5196 5197 5198
f 5199 5200 5201
f 5202 5203 5204
f 5205 5206 5207
f 5208 5209 5210
f 5211 5212 5213
f 5214 5215 5216
f 5217 5218 5219
f 5220 5221 5222
f 5223 5224 5225
f 5226 5227 5228
f 5229 5230 5231
f 5232 5233 5234
f 5235 5236 5237
f 5238 5239 5240
f 5241 5242 5243
f 5244 5245 5246
f 5247 5248 5249
f 5250 5251 5252
f 5253 5254 5255
f 5256 5257 5258
f 5259 5260 5261
f 5262 5263 5264
f 5265 5266 5267
f 5268 5269 5270
f 5271 5272 5273
f 5274 5275 5276
f 5277 5278 5279
f 5280 5281 5282
f 5283 5284 5285
f 5286 5287 5288
f 5289 5290 5291
f 5292 5293 5294
f 5295 5296 5297
f 5298 5299 5300
f 5301 5302 5303
f 5301 5303 5304
f 5304 5305 5301
f 5306 5301 5305
f 5305 5307 5306
f 5305 5308 5307
f 5305 5309 5308
f 5305 5310 5309
f 5305 5311 5310
f 5305 5312 5311
f 5305 5313 5312
f 5314 5311 5312
f 5314 5312 5315
f 5316 5312 5313
f 5314 5315 5317
f 5318 5314 5317
f 5319 5316 5313
f 5320 5318 5317
f 5320 5317 5321
f 5322 5319 5313
f 5320 5321 5323
f 5323 5324 5320
f 5325 5324 5323
f 5325 5323 5326
f 5327 5325 5326
f 5327 5326 5328
f 5329 5327 5328
f 5329 5328 5330
f 5303 5329 5330
f 5330 5331 5303
f 5313 5332 5322
f 5333 5332 5313
f 5334 5333 5313
f 5303 5331 5304
f 5334 5313 5304
f 5304 5331 5335
f 5335 5334 5304
f 5336 5337 5338
f 5339 5336 5338
f 5340 5339 5338
f 5341 5339 5340
f 5342 5341 5340
f 5340 5343 5342
f 5344 5342 5343
f 5343 5345 5344
f 5343 5346 5345
f 5347 5346 5343
f 5348 5347 5343
f 5349 5348 5343
f 5343 5350 5349
f 5351 5340 5338
f 5350 5343 5351
f 5338 5350 5351
f 5338 5352 5350
f 5353 5354 5355
f 5354 5356 5355
f 5356 5357 5355
f 5357 5358 5355
f 5355 5358 5359
f 5359 5360 5355
f 5360 5361 5355
f 5361 5362 5355
f 5363 5355 5362
f 5355 5364 5353
f 5365 5353 5364
f 5366 5365 5364
f 5364 5363 5366
f 5363 5362 5367
f 5363 5368 5366
f 5363 5367 5369
f 5370 5368 5363
f 5363 5369 5371
f 5363 5371 5370
f 5372 5373 5374
f 5375 5376 5377
f 5378 5379 5380
f 5381 5382 5383
f 5384 5385 5386
f 5387 5388 5389
f 5390 5391 5392
f 5393 5394 5395
f 5396 5397 5398
f 5399 5400 5401
f 5400 5402 5401
f 5400 5403 5402
f 5404 5405 5406
f 5404 5406 5407
f 5408 5404 5407
f 5409 5410 5411
f 5409 5411 5412
f 5413 5409 5412
f 5414 5415 5416
f 5414 5416 5417
f 5418 5419 5420
f 5418 5420 5421
f 5422 5423 5424
f 5422 5424 5425
f 5426 5427 5428
f 5427 5429 5428
f 5427 5430 5429
f 5431 5432 5433
f 5431 5433 5434
f 5435 5431 5434
f 5436 5437 5438
f 5436 5438 5439
f 5440 5436 5439
f 5441 5442 5443
f 5441 5443 5444
f 5445 5446 5447
f 5445 5447 5448
f 5449 5445 5448
f 5450 5451 5452
f 5451 5453 5452
f 5451 5454 5453
f 5455 5456 5457
f 5457 5458 5455
f 5457 5459 5458
f 5460 5461 5462
f 5460 5462 5463
f 5464 5465 5466
f 5464 5466 5467
f 5468 5469 5470
f 5469 5471 5470
f 5469 5472 5471
f 5473 5474 5475
f 5473 5475 5476
f 5477 5473 5476
f 5478 5479 5480
f 5478 5480 5481
f 5482 5483 5484
f 5482 5484 5485
f 5486 5487 5488
f 5488 5489 5486
f 5489 5490 5486
f 5491 5492 5493
f 5492 5494 5493
f 5492 5495 5494
f 5496 5497 5498
f 5496 5498 5499
f 5500 5501 5502
f 5500 5502 5503
f 5504 5505 5506
f 5504 5506 5507
f 5508 5509 5510
f 5508 5510 5511
f 5512 5513 5514
f 5512 5514 5515
f 5516 5517 5518
f 5516 5518 5519
f 5520 5521 5522
f 5520 5522 5523
f 5524 5525 5526
f 5524 5526 5527
f 5528 5524 5527
f 5529 5530 5531
f 5529 5531 5532
f 5533 5534 5535
f 5533 5535 5536
f 5537 5538 5539
f 5537 5539 5540
f 5541 5542 5543
f 5541 5543 5544
f 5545 5546 5547
f 5545 5547 5548
f 5549 5550 5551
f 5549 5551 5552
f 5553 5554 5555
f 5553 5555 5556
f 5557 5558 5559
f 5557 5559 5560
f 5561 5562 5563
f 5561 5563 5564
f 5565 5566 5567
f 5565 5567 5568
f 5569 5570 5571
f 5569 5571 5572
f 5573 5574 5575
f 5573 5575 5576
f 5577 5578 5579
f 5577 5579 5580
f 5581 5582 5583
f 5581 5583 5584
f 5585 5586 5587
f 5585 5587 5588
f 5589 5590 5591
f 5589 5591 5592
f 5593 5594 5595
f 5593 5595 5596
f 5597 5598 5599
f 5600 5597 5599
f 5599 5601 5600
f 5599 5602 5601
f 5599 5603 5602
f 5604 5605 5606
f 5604 5606 5607
f 5608 5609 5610
f 5608 5610 5611
f 5612 5613 5614
f 5612 5614 5615
f 5615 5616 5612
f 5616 5617 5612
f 5616 5618 5617
f 5619 5620 5621
f 5619 5621 5622
f 5623 5624 5625
f 5623 5625 5626
f 5627 5628 5629
f 5627 5629 5630
f 5631 5632 5633
f 5631 5633 5634
f 5635 5636 5637
f 5635 5637 5638
f 5639 5640 5641
f 5639 5641 5642
f 5643 5644 5645
f 5643 5645 5646
f 5647 5648 5649
f 5647 5649 5650
f 5651 5652 5653
f 5651 5653 5654
f 5655 5656 5657
f 5655 5657 5658
f 5659 5660 5661
f 5659 5661 5662
f 5663 5664 5665
f 5663 5665 5666
f 5667 5668 5669
f 5667 5669 5670
f 5671 5672 5673
f 5671 5673 5674
f 5675 5676 5677
f 5675 5677 5678
f 5679 5680 5681
f 5679 5681 5682
f 5683 5684 5685
f 5683 5685 5686
f 5687 5688 5689
f 5687 5689 5690
f 5691 5692 5693
f 5691 5693 5694
f 5695 5696 5697
f 5695 5697 5698
f 5699 5700 5701
f 5699 5701 5702
f 5703 5704 5705
f 5703 5705 5706
f 5707 5708 5709
f 5707 5709 5710
f 5711 5712 5713
f 5711 5714 5712
f 5714 5715 5712
f 5714 5716 5715
f 5717 5718 5719
f 5717 5719 5720
f 5721 5722 5723
f 5721 5723 5724
f 5725 5726 5727
f 5725 5728 5726
f 5729 5726 5728
f 5729 5728 5730
f 5731 5732 5733
f 5731 5733 5734
f 5735 5736 5737
f 5735 5737 5738
f 5739 5740 5741
f 5739 5741 5742
f 5743 5744 5745
f 5745 5746 5743
f 5745 5747 5746
f 5747 5748 5746
f 5747 5749 5748
f 5749 5750 5748
f 5751 5752 5753
f 5751 5753 5754
f 5755 5756 5757
f 5755 5757 5758
f 5759 5760 5761
f 5759 5761 5762
f 5763 5764 5765
f 5763 5765 5766
f 5767 5768 5769
f 5767 5769 5770
f 5771 5772 5773
f 5771 5773 5774
f 5775 5776 5777
f 5775 5777 5778
f 5779 5780 5781
f 5779 5781 5782
f 5783 5784 5785
f 5783 5785 5786
f 5787 5788 5789
f 5789 5790 5787
f 5790 5791 5787
f 5792 5793 5794
f 5792 5794 5795
f 5796 5797 5798
f 5796 5798 5799
f 5799 5800 5796
f 5799 5801 5800
f 5802 5803 5804
f 5802 5804 5805
f 5806 5807 5808
f 5806 5808 5809
f 5810 5811 5812
f 5812 5813 5810
f 5812 5814 5813
f 5815 5816 5817
f 5815 5817 5818
f 5819 5820 5821
f 5819 5821 5822
f 5823 5824 5825
f 5823 5826 5824
f 5826 5827 5824
f 5828 5829 5830
f 5828 5831 5829
f 5831 5832 5829
f 5833 5834 5835
f 5833 5836 5834
f 5836 5837 5834
f 5838 5839 5840
f 5838 5840 5841
f 5842 5843 5844
f 5844 5845 5842
f 5845 5846 5842
f 5847 5848 5849
f 5847 5849 5850
f 5851 5852 5853
f 5851 5853 5854
f 5855 5856 5857
f 5855 5857 5858
f 5859 5860 5861
f 5862 5859 5861
f 5862 5861 5863
f 5864 5865 5866
f 5864 5866 5867
f 5868 5869 5870
f 5868 5870 5871
f 5872 5873 5874
f 5872 5874 5875
f 5876 5877 5878
f 5876 5878 5879
f 5880 5881 5882
f 5880 5883 5881
f 5883 5884 5881
f 5885 5886 5887
f 5885 5887 5888
f 5889 5890 5891
f 5892 5889 5891
f 5892 5891 5893
f 5894 5895 5896
f 5894 5896 5897
f 5898 5899 5900
f 5898 5900 5901
f 5902 5903 5904
f 5902 5904 5905
f 5906 5907 5908
f 5906 5908 5909
f 5910 5911 5912
f 5910 5912 5913
f 5914 5915 5916
f 5914 5917 5915
f 5917 5918 5915
f 5919 5920 5921
f 5919 5921 5922
f 5923 5924 5925
f 5926 5923 5925
f 5926 5925 5927
v -54.92392 13.45446 -7.114041
v -61.80514 23.85893 -4.768362
v -57.81054 21.41858 -16.56639
v -54.92392 13.45446 -7.114041
v -52.63071 20.37014 3.279403
v -61.80514 23.85893 -4.768362
v -57.81054 21.41858 -16.56639
v -46.16743 16.4216 -15.8104
v -54.92392 13.45446 -7.114041
v -61.80514 23.85893 -4.768362
v -57.30141 33.25644 -12.01483
v -57.81054 21.41858 -16.56639
v -54.92392 13.45446 -7.114041
v -42.96604 15.77359 -3.545126
v -52.63071 20.37014 3.279403
v -52.63071 20.37014 3.279403
v -54.10001 32.60843 0.2504324
v -61.80514 23.85893 -4.768362
v -57.81054 21.41858 -16.56639
v -47.63674 28.65989 -18.83937
v -46.16743 16.4216 -15.8104
v -61.80514 23.85893 -4.768362
v -54.10001 32.60843 0.2504324
v -57.30141 33.25644 -12.01483
v -57.81054 21.41858 -16.56639
v -57.30141 33.25644 -12.01483
v -47.63674 28.65989 -18.83937
v -42.96604 15.77359 -3.545126
v -42.45691 27.61146 1.006427
v -52.63071 20.37014 3.279403
v -52.63071 20.37014 3.279403
v -42.45691 27.61146 1.006427
v -54.10001 32.60843 0.2504324
v -46.16743 16.4216 -15.8104
v -47.63674 28.65989 -18.83937
v -38.46231 25.17109 -10.7916
v -54.10001 32.60843 0.2504324
v -45.34353 35.57557 -8.44592
v -57.30141 33.25644 -12.01483
v -57.30141 33.25644 -12.01483
v -45.34353 35.57557 -8.44592
v -47.63674 28.65989 -18.83937
v -42.96604 15.77359 -3.545126
v -38.46231 25.17109 -10.7916
v -42.45691 27.61146 1.006427
v -42.45691 27.61146 1.006427
v -45.34353 35.57557 -8.44592
v -54.10001 32.60843 0.2504324
v -46.16743 16.4216 -15.8104
v -38.46231 25.17109 -10.7916
v -42.96604 15.77359 -3.545126
v -47.63674 28.65989 -18.83937
v -45.34353 35.57557 -8.44592
v -38.46231 25.17109 -10.7916
v -38.46231 25.17109 -10.7916
v -45.34353 35.57557 -8.44592
v -42.45691 27.61146 1.006427
v -38.20502 17.20947 -6.842618
v -36.88887 27.32045 -4.810374
v -35.20916 23.68489 -14.4049
v -38.20502 17.20947 -6.842618
v -33.54265 20.17803 1.963405
v -36.88887 27.32045 -4.810374
v -35.20916 23.68489 -14.4049
v -30.82486 14.29565 -13.56102
v -38.20502 17.20947 -6.842618
v -36.88887 27.32045 -4.810374
v -28.69521 30.65555 -10.27264
v -35.20916 23.68489 -14.4049
v -38.20502 17.20947 -6.842618
v -29.79486 12.12822 -3.444944
v -33.54265 20.17803 1.963405
v -33.54265 20.17803 1.963405
v -27.66522 28.48813 -0.1565574
v -36.88887 27.32045 -4.810374
v -35.20916 23.68489 -14.4049
v -24.94743 22.60575 -15.68098
v -30.82486 14.29565 -13.56102
v -36.88887 27.32045 -4.810374
v -27.66522 28.48813 -0.1565574
v -28.69521 30.65555 -10.27264
v -35.20916 23.68489 -14.4049
v -28.69521 30.65555 -10.27264
v -24.94743 22.60575 -15.68098
v -29.79486 12.12822 -3.444944
v -23.28092 19.09889 0.6873177
v -33.54265 20.17803 1.963405
v -33.54265 20.17803 1.963405
v -23.28092 19.09889 0.6873177
v -27.66522 28.48813 -0.1565574
v -30.82486 14.29565 -13.56102
v -24.94743 22.60575 -15.68098
v -21.60119 15.46332 -8.907207
v -27.66522 28.48813 -0.1565574
v -20.28505 25.5743 -6.874963
v -28.69521 30.65555 -10.27264
v -28.69521 30.65555 -10.27264
v -20.28505 25.5743 -6.874963
v -24.94743 22.60575 -15.68098
v -29.79486 12.12822 -3.444944
v -21.60119 15.46332 -8.907207
v -23.28092 19.09889 0.6873177
v -23.28092 19.09889 0.6873177
v -20.28505 25.5743 -6.874963
v -27.66522 28.48813 -0.1565574
v -24.94743 22.60575 -15.68098
v -20.28505 25.5743 -6.874963
v -21.60119 15.46332 -8.907207
v -21.60119 15.46332 -8.907207
v -20.28505 25.5743 -6.874963
v -23.28092 19.09889 0.6873177
v -45.08575 15.81687 -8.227667
v -45.30816 15.7757 -8.311609
v -45.65221 15.71235 -8.444351
v -46.16743 16.4216 -15.8104
v -42.96604 15.77359 -3.545126
v -44.97472 15.80704 -7.914983
v -44.90733 15.80186 -7.732211
v -45.09618 15.72527 -7.432342
v -45.21854 15.67613 -7.242406
v -45.57167 15.58307 -7.128772
v -45.84597 15.51102 -7.042604
v -51.85098 14.15273 -7.108657
v -54.92392 13.45446 -7.114041
v -46.14597 15.45542 -7.155157
v -51.41821 14.2694 -7.271327
v -51.98352 14.12852 -7.161566
v -51.31066 14.2986 -7.313547
v -46.48104 15.39096 -7.259807
v -52.42992 14.04659 -7.336173
v -46.57896 15.39976 -7.536739
v -51.16664 14.37784 -7.727952
v -52.50476 14.04545 -7.47777
v -51.1319 14.39751 -7.832788
v -46.69903 15.39763 -7.761164
v -46.51944 15.46888 -8.032203
v -51.35721 14.39179 -8.238576
v -46.33612 15.53512 -8.250981
v -51.42126 14.39056 -8.357392
v -45.95305 15.63537 -8.367997
v -51.85349 14.3105 -8.519999
v -52.00261 14.28313 -8.578319
v -52.71029 14.0414 -7.858293
v -52.65973 14.06982 -8.009045
v -52.53394 14.13903 -8.370944
v -52.38314 14.18005 -8.430877
v -27.06198 13.74169 -7.359543
v -27.46486 13.62904 -7.305348
v -27.55592 13.60417 -7.295556
v -26.7977 13.82161 -7.420236
v -21.60119 15.46332 -8.907207
v -26.33742 13.90003 -7.272133
v -26.25938 13.83768 -6.931114
v -29.79486 12.12822 -3.444944
v -26.6093 13.67109 -6.596941
v -26.81287 13.60953 -6.55019
v -27.3802 13.44793 -6.461482
v -27.48801 13.42576 -6.480309
v -28.11241 13.30263 -6.611237
v -28.15612 13.31162 -6.693943
v -28.20448 13.3639 -6.962248
v -30.82486 14.29565 -13.56102
v -28.05612 13.41601 -7.026577
v -33.0542 14.58494 -7.8221
v -33.245 14.67967 -7.770116
v -38.20502 17.20947 -6.842618
v -33.45546 14.78442 -7.714512
v -33.53531 14.79989 -7.541011
v -33.61479 14.8161 -7.373461
v -33.53123 14.74138 -7.187562
v -33.44184 14.66227 -6.993858
v -33.26353 14.55212 -6.90663
v -33.03072 14.40864 -6.794836
v -29.79486 12.12822 -3.444944
v -30.82486 14.29565 -13.56102
v -32.8111 14.43606 -7.71127
v -32.63845 14.32995 -7.630229
v -32.87479 14.33091 -6.835325
v -32.52084 14.22771 -7.386994
v -32.61866 14.2026 -6.897799
v -32.45472 14.16957 -7.246012
v -32.56203 14.1917 -7.021294
v -45.84597 15.51102 -7.042604
v -46.14597 15.45542 -7.155157
v -47.59094 11.93287 -6.77908
v -46.48104 15.39096 -7.259807
v -46.57896 15.39976 -7.536739
v -48.54489 11.41978 -6.992982
v -46.33612 15.53512 -8.250981
v -45.95305 15.63537 -8.367997
v -48.50999 11.34094 -8.05145
v -46.69903 15.39763 -7.761164
v -46.51944 15.46888 -8.032203
v -48.66375 11.73364 -7.553022
v -27.48801 13.42576 -6.480309
v -28.11241 13.30263 -6.611237
v -31.62156 10.78246 -6.434394
v -26.6093 13.67109 -6.596941
v -26.81287 13.60953 -6.55019
v -26.71967 13.53244 -6.585611
v -27.06198 13.74169 -7.359543
v -26.7977 13.82161 -7.420236
v -26.94099 13.64162 -7.405527
v -28.05612 13.41601 -7.026577
v -27.55592 13.60417 -7.295556
v -31.58842 10.69534 -7.177872
v -28.15612 13.31162 -6.693943
v -28.20448 13.3639 -6.962248
v -31.57771 11.00389 -6.83597
v -52.53394 14.13903 -8.370944
v -52.38314 14.18005 -8.430877
v -51.10252 12.38759 -8.214857
v -50.68764 12.7113 -8.445962
v -52.00261 14.28313 -8.578319
v -52.65973 14.06982 -8.009045
v -52.53394 14.13903 -8.370944
v -51.10252 12.38759 -8.214857
v -51.28881 12.28616 -7.680698
v -52.71029 14.0414 -7.858293
v -45.57167 15.58307 -7.128772
v -45.84597 15.51102 -7.042604
v -47.59094 11.93287 -6.77908
v -47.10642 11.6862 -6.965409
v -45.21854 15.67613 -7.242406
v -51.10252 12.38759 -8.214857
v -49.01606 10.32502 -8.193372
v -49.53916 9.894396 -7.444884
v -51.28881 12.28616 -7.680698
v -47.59094 11.93287 -6.77908
v -48.53981 9.952007 -6.378691
v -47.79918 9.915979 -6.65548
v -47.10642 11.6862 -6.965409
v -50.68764 12.7113 -8.445962
v -48.75721 10.84468 -8.120777
v -49.01606 10.32502 -8.193372
v -51.10252 12.38759 -8.214857
v -52.00261 14.28313 -8.578319
v -51.85349 14.3105 -8.519999
v -50.68764 12.7113 -8.445962
v -50.28721 13.06766 -8.238637
v -51.42126 14.39056 -8.357392
v -52.50476 14.04545 -7.47777
v -52.71029 14.0414 -7.858293
v -51.28881 12.28616 -7.680698
v -51.13741 12.46643 -7.156387
v -52.42992 14.04659 -7.336173
v -45.09618 15.72527 -7.432342
v -45.21854 15.67613 -7.242406
v -47.10642 11.6862 -6.965409
v -46.89127 11.55137 -7.481019
v -44.90733 15.80186 -7.732211
v -46.14597 15.45542 -7.155157
v -46.48104 15.39096 -7.259807
v -48.54489 11.41978 -6.992982
v -47.59094 11.93287 -6.77908
v -51.41821 14.2694 -7.271327
v -51.85098 14.15273 -7.108657
v -50.73698 12.82279 -6.949063
v -50.3221 13.1465 -7.180166
v -51.31066 14.2986 -7.313547
v -51.85098 14.15273 -7.108657
v -51.98352 14.12852 -7.161566
v -50.73698 12.82279 -6.949063
v -51.13741 12.46643 -7.156387
v -52.42992 14.04659 -7.336173
v -48.80118 10.93298 -6.865998
v -49.06411 10.43358 -6.735731
v -48.53981 9.952007 -6.378691
v -48.54489 11.41978 -6.992982
v -47.59094 11.93287 -6.77908
v -50.73698 12.82279 -6.949063
v -48.80118 10.93298 -6.865998
v -48.54489 11.41978 -6.992982
v -50.3221 13.1465 -7.180166
v -51.13741 12.46643 -7.156387
v -49.06411 10.43358 -6.735731
v -48.80118 10.93298 -6.865998
v -50.73698 12.82279 -6.949063
v -45.65221 15.71235 -8.444351
v -45.30816 15.7757 -8.311609
v -47.5416 11.82137 -8.275982
v -47.07153 11.60736 -8.023877
v -45.08575 15.81687 -8.227667
v -44.97472 15.80704 -7.914983
v -44.90733 15.80186 -7.732211
v -46.89127 11.55137 -7.481019
v -47.07153 11.60736 -8.023877
v -45.08575 15.81687 -8.227667
v -45.95305 15.63537 -8.367997
v -45.65221 15.71235 -8.444351
v -47.5416 11.82137 -8.275982
v -48.50999 11.34094 -8.05145
v -50.28721 13.06766 -8.238637
v -48.50999 11.34094 -8.05145
v -48.75721 10.84468 -8.120777
v -50.68764 12.7113 -8.445962
v -48.47186 9.798464 -8.440103
v -49.01606 10.32502 -8.193372
v -48.75721 10.84468 -8.120777
v -48.50999 11.34094 -8.05145
v -47.5416 11.82137 -8.275982
v -51.42126 14.39056 -8.357392
v -51.35721 14.39179 -8.238576
v -50.28721 13.06766 -8.238637
v -50.1358 13.24793 -7.714329
v -51.1319 14.39751 -7.832788
v -49.06411 10.43358 -6.735731
v -51.13741 12.46643 -7.156387
v -51.28881 12.28616 -7.680698
v -49.53916 9.894396 -7.444884
v -47.44672 3.282174 -6.883398
v -49.53916 9.894396 -7.444884
v -49.01606 10.32502 -8.193372
v -47.13713 3.32884 -7.610326
v -47.13713 3.32884 -7.610326
v -49.01606 10.32502 -8.193372
v -48.47186 9.798464 -8.440103
v -46.43777 3.550068 -7.90764
v -47.47251 9.856083 -7.373906
v -46.89127 11.55137 -7.481019
v -47.10642 11.6862 -6.965409
v -47.79918 9.915979 -6.65548
v -45.80637 3.924839 -6.14354
v -47.79918 9.915979 -6.65548
v -48.53981 9.952007 -6.378691
v -46.50572 3.703611 -5.846225
v -46.50572 3.703611 -5.846225
v -48.53981 9.952007 -6.378691
v -49.06411 10.43358 -6.735731
v -47.18517 3.437411 -6.152685
v -46.57896 15.39976 -7.536739
v -46.69903 15.39763 -7.761164
v -48.66375 11.73364 -7.553022
v -48.54489 11.41978 -6.992982
v -51.16664 14.37784 -7.727952
v -51.31066 14.2986 -7.313547
v -50.3221 13.1465 -7.180166
v -50.1358 13.24793 -7.714329
v -51.1319 14.39751 -7.832788
v -47.07153 11.60736 -8.023877
v -47.75113 9.807407 -8.113121
v -48.47186 9.798464 -8.440103
v -47.5416 11.82137 -8.275982
v -46.89127 11.55137 -7.481019
v -47.47251 9.856083 -7.373906
v -47.75113 9.807407 -8.113121
v -47.07153 11.60736 -8.023877
v -48.50999 11.34094 -8.05145
v -50.28721 13.06766 -8.238637
v -50.1358 13.24793 -7.714329
v -48.66375 11.73364 -7.553022
v -49.53916 9.894396 -7.444884
v -47.44672 3.282174 -6.883398
v -47.18517 3.437411 -6.152685
v -49.06411 10.43358 -6.735731
v -47.13713 3.32884 -7.610326
v -45.57248 -1.637695 -7.539081
v -46.05007 -1.626098 -6.471769
v -47.44672 3.282174 -6.883398
v -46.43777 3.550068 -7.90764
v -44.49045 -1.50528 -7.962253
v -45.57248 -1.637695 -7.539081
v -47.13713 3.32884 -7.610326
v -46.43777 3.550068 -7.90764
v -48.47186 9.798464 -8.440103
v -47.75113 9.807407 -8.113121
v -45.75832 3.816267 -7.601181
v -47.79918 9.915979 -6.65548
v -45.80637 3.924839 -6.14354
v -45.49678 3.971505 -6.870466
v -47.47251 9.856083 -7.373906
v -46.50572 3.703611 -5.846225
v -44.59084 -1.278431 -4.916673
v -43.49006 -1.318156 -5.312463
v -45.80637 3.924839 -6.14354
v -47.18517 3.437411 -6.152685
v -45.64346 -1.477289 -5.385533
v -44.59084 -1.278431 -4.916673
v -46.50572 3.703611 -5.846225
v -50.3221 13.1465 -7.180166
v -48.54489 11.41978 -6.992982
v -48.66375 11.73364 -7.553022
v -50.1358 13.24793 -7.714329
v -46.51944 15.46888 -8.032203
v -46.33612 15.53512 -8.250981
v -48.50999 11.34094 -8.05145
v -48.66375 11.73364 -7.553022
v -44.49045 -1.50528 -7.962253
v -46.43777 3.550068 -7.90764
v -45.75832 3.816267 -7.601181
v -43.41816 -1.480621 -7.493709
v -45.64346 -1.477289 -5.385533
v -47.18517 3.437411 -6.152685
v -47.44672 3.282174 -6.883398
v -46.05007 -1.626098 -6.471769
v -47.47251 9.856083 -7.373906
v -45.49678 3.971505 -6.870466
v -45.75832 3.816267 -7.601181
v -47.75113 9.807407 -8.113121
v -45.57248 -1.637695 -7.539081
v -45.42407 -4.114226 -7.442195
v -45.91499 -4.203843 -6.275314
v -46.05007 -1.626098 -6.471769
v -44.49045 -1.50528 -7.962253
v -44.31594 -3.723784 -7.922027
v -45.42407 -4.114226 -7.442195
v -45.57248 -1.637695 -7.539081
v -43.41816 -1.480621 -7.493709
v -43.34586 -2.195507 -7.461954
v -43.29983 -2.768924 -7.472377
v -44.49045 -1.50528 -7.962253
v -44.31594 -3.723784 -7.922027
v -43.79355 -5.128418 -7.800183
v -42.71733 -4.665864 -7.311883
v -43.41816 -1.480621 -7.493709
v -45.75832 3.816267 -7.601181
v -45.49678 3.971505 -6.870466
v -43.0672 -0.8312625 -6.432646
v -45.80637 3.924839 -6.14354
v -43.49006 -1.318156 -5.312463
v -43.0672 -0.8312625 -6.432646
v -45.49678 3.971505 -6.870466
v -43.37687 -2.594834 -5.13511
v -43.41574 -2.07719 -5.224991
v -43.49006 -1.318156 -5.312463
v -44.59084 -1.278431 -4.916673
v -44.4249 -3.477583 -4.61663
v -42.79437 -4.491773 -4.974616
v -43.90251 -4.882217 -4.494786
v -45.64346 -1.477289 -5.385533
v -45.50111 -3.940136 -5.104928
v -44.4249 -3.477583 -4.61663
v -44.59084 -1.278431 -4.916673
v -46.05007 -1.626098 -6.471769
v -45.91499 -4.203843 -6.275314
v -45.50111 -3.940136 -5.104928
v -45.64346 -1.477289 -5.385533
v -43.0672 -0.8312625 -6.432646
v -41.66418 1.919468 -6.591283
v -41.43349 1.747473 -7.169729
v -43.41816 -1.480621 -7.493709
v -45.3926 -5.608479 -6.153471
v -45.91499 -4.203843 -6.275314
v -45.42407 -4.114226 -7.442195
v -44.90168 -5.518861 -7.320352
v -44.90168 -5.518861 -7.320352
v -45.42407 -4.114226 -7.442195
v -44.31594 -3.723784 -7.922027
v -43.79355 -5.128418 -7.800183
v -43.34586 -2.195507 -7.461954
v -40.91578 1.420858 -7.376393
v -40.41433 1.130961 -7.090213
v -43.29983 -2.768924 -7.472377
v -43.41816 -1.480621 -7.493709
v -41.43349 1.747473 -7.169729
v -40.91578 1.420858 -7.376393
v -43.34586 -2.195507 -7.461954
v -41.66418 1.919468 -6.591283
v -43.0672 -0.8312625 -6.432646
v -43.49006 -1.318156 -5.312463
v -41.47271 1.836097 -5.979898
v -43.41574 -2.07719 -5.224991
v -40.97125 1.546192 -5.693719
v -41.47271 1.836097 -5.979898
v -43.49006 -1.318156 -5.312463
v -43.37687 -2.594834 -5.13511
v -40.45354 1.219585 -5.900382
v -40.97125 1.546192 -5.693719
v -43.41574 -2.07719 -5.224991
v -43.90251 -4.882217 -4.494786
v -44.4249 -3.477583 -4.61663
v -45.50111 -3.940136 -5.104928
v -44.97873 -5.344775 -4.983085
v -44.97873 -5.344775 -4.983085
v -45.50111 -3.940136 -5.104928
v -45.91499 -4.203843 -6.275314
v -45.3926 -5.608479 -6.153471
v -45.3926 -5.608479 -6.153471
v -44.90168 -5.518861 -7.320352
v -44.70167 -7.457123 -7.169388
v -45.22203 -7.42981 -6.012187
v -44.90168 -5.518861 -7.320352
v -43.79355 -5.128418 -7.800183
v -43.52243 -7.348984 -7.625848
v -44.70167 -7.457123 -7.169388
v -42.71733 -4.665864 -7.311883
v -43.29983 -2.768924 -7.472377
v -42.82585 -2.997521 -6.263338
v -42.30346 -4.402157 -6.141495
v -41.66418 1.919468 -6.591283
v -37.89054 5.951586 -6.694879
v -37.30402 5.955766 -7.273785
v -41.43349 1.747473 -7.169729
v -41.47271 1.836097 -5.979898
v -37.34782 6.071789 -6.08647
v -37.89054 5.951586 -6.694879
v -41.66418 1.919468 -6.591283
v -40.45354 1.219585 -5.900382
v -43.37687 -2.594834 -5.13511
v -42.82585 -2.997521 -6.263338
v -40.22286 1.047592 -6.478831
v -43.90251 -4.882217 -4.494786
v -44.97873 -5.344775 -4.983085
v -44.77871 -7.283032 -4.832121
v -43.63139 -7.102782 -4.320452
v -44.97873 -5.344775 -4.983085
v -45.3926 -5.608479 -6.153471
v -45.22203 -7.42981 -6.012187
v -44.77871 -7.283032 -4.832121
v -43.79355 -5.128418 -7.800183
v -42.71733 -4.665864 -7.311883
v -42.37511 -7.168735 -7.114178
v -43.52243 -7.348984 -7.625848
v -42.71733 -4.665864 -7.311883
v -42.30346 -4.402157 -6.141495
v -41.93179 -7.021963 -5.934108
v -42.37511 -7.168735 -7.114178
v -43.29983 -2.768924 -7.472377
v -40.41433 1.130961 -7.090213
v -40.22286 1.047592 -6.478831
v -42.82585 -2.997521 -6.263338
v -40.91578 1.420858 -7.376393
v -36.75369 4.989897 -7.159099
v -40.41433 1.130961 -7.090213
v -37.20646 5.340178 -7.458613
v -31.59496 9.487324 -7.178995
v -32.04024 9.701406 -7.439301
v -41.43349 1.747473 -7.169729
v -37.30402 5.955766 -7.273785
v -37.20646 5.340178 -7.458613
v -40.91578 1.420858 -7.376393
v -37.34782 6.071789 -6.08647
v -41.47271 1.836097 -5.979898
v -40.97125 1.546192 -5.693719
v -37.26839 5.504266 -5.779498
v -40.45354 1.219585 -5.900382
v -37.26839 5.504266 -5.779498
v -40.97125 1.546192 -5.693719
v -36.7975 5.105913 -5.971787
v -32.10475 9.87109 -5.991347
v -31.64057 9.607306 -6.155136
v -40.22286 1.047592 -6.478831
v -36.5843 4.892862 -6.543235
v -36.7975 5.105913 -5.971787
v -40.45354 1.219585 -5.900382
v -42.79437 -4.491773 -4.974616
v -43.90251 -4.882217 -4.494786
v -43.63139 -7.102782 -4.320452
v -42.45216 -6.994645 -4.77691
v -43.37687 -2.594834 -5.13511
v -42.79437 -4.491773 -4.974616
v -42.30346 -4.402157 -6.141495
v -42.82585 -2.997521 -6.263338
v -44.70167 -7.457123 -7.169388
v -43.52243 -7.348984 -7.625848
v -42.37511 -7.168735 -7.114178
v -45.22203 -7.42981 -6.012187
v -41.93179 -7.021963 -5.934108
v -44.77871 -7.283032 -4.832121
v -42.45216 -6.994645 -4.77691
v -43.63139 -7.102782 -4.320452
v -37.89054 5.951586 -6.694879
v -32.71557 10.12414 -6.78357
v -32.22421 10.21149 -7.291891
v -37.30402 5.955766 -7.273785
v -37.34782 6.071789 -6.08647
v -32.26984 10.33148 -6.268032
v -32.71557 10.12414 -6.78357
v -37.89054 5.951586 -6.694879
v -37.26839 5.504266 -5.779498
v -32.10475 9.87109 -5.991347
v -32.26984 10.33148 -6.268032
v -37.34782 6.071789 -6.08647
v -36.5843 4.892862 -6.543235
v -40.22286 1.047592 -6.478831
v -40.41433 1.130961 -7.090213
v -36.75369 4.989897 -7.159099
v -42.45216 -6.994645 -4.77691
v -41.93179 -7.021963 -5.934108
v -42.30346 -4.402157 -6.141495
v -42.79437 -4.491773 -4.974616
v -36.5843 4.892862 -6.543235
v -31.42941 9.448344 -6.647077
v -31.64057 9.607306 -6.155136
v -36.7975 5.105913 -5.971787
v -32.04024 9.701406 -7.439301
v -37.20646 5.340178 -7.458613
v -37.30402 5.955766 -7.273785
v -32.22421 10.21149 -7.291891
v -32.71557 10.12414 -6.78357
v -33.05033 12.17892 -7.039269
v -32.88266 12.17062 -7.408406
v -32.22421 10.21149 -7.291891
v -32.26984 10.33148 -6.268032
v -32.91578 12.25774 -6.664929
v -33.05033 12.17892 -7.039269
v -32.71557 10.12414 -6.78357
v -31.94156 10.55985 -6.352276
v -32.26984 10.33148 -6.268032
v -32.10475 9.87109 -5.991347
v -30.86577 10.80957 -6.247499
v -31.62156 10.78246 -6.434394
v -31.64057 9.607306 -6.155136
v -30.63268 10.49626 -6.3568
v -30.86577 10.80957 -6.247499
v -32.10475 9.87109 -5.991347
v -31.42941 9.448344 -6.647077
v -36.5843 4.892862 -6.543235
v -36.75369 4.989897 -7.159099
v -31.59496 9.487324 -7.178995
v -30.5224 10.3304 -6.710032
v -30.59955 10.40913 -7.100277
v -31.42941 9.448344 -6.647077
v -30.5224 10.3304 -6.710032
v -30.63268 10.49626 -6.3568
v -31.64057 9.607306 -6.155136
v -32.04024 9.701406 -7.439301
v -30.81894 10.68636 -7.298938
v -30.59955 10.40913 -7.100277
v -31.59496 9.487324 -7.178995
v -32.04024 9.701406 -7.439301
v -32.22421 10.21149 -7.291891
v -31.89901 10.45899 -7.23357
v -30.81894 10.68636 -7.298938
v -31.58842 10.69534 -7.177872
v -32.91578 12.25774 -6.664929
v -32.26984 10.33148 -6.268032
v -31.94156 10.55985 -6.352276
v -32.55785 12.36092 -6.504676
v -32.22421 10.21149 -7.291891
v -32.88266 12.17062 -7.408406
v -32.51102 12.2377 -7.556112
v -31.89901 10.45899 -7.23357
v -33.61479 14.8161 -7.373461
v -32.88266 12.17062 -7.408406
v -33.05033 12.17892 -7.039269
v -33.53531 14.79989 -7.541011
v -33.45546 14.78442 -7.714512
v -33.44184 14.66227 -6.993858
v -33.05033 12.17892 -7.039269
v -32.91578 12.25774 -6.664929
v -33.53123 14.74138 -7.187562
v -33.61479 14.8161 -7.373461
v -33.03072 14.40864 -6.794836
v -32.91578 12.25774 -6.664929
v -32.55785 12.36092 -6.504676
v -33.26353 14.55212 -6.90663
v -33.44184 14.66227 -6.993858
v -32.55785 12.36092 -6.504676
v -31.94156 10.55985 -6.352276
v -31.62156 10.78246 -6.434394
v -32.1862 12.428 -6.652379
v -27.3802 13.44793 -6.461482
v -30.86577 10.80957 -6.247499
v -30.63268 10.49626 -6.3568
v -26.71967 13.53244 -6.585611
v -26.81287 13.60953 -6.55019
v -30.5224 10.3304 -6.710032
v -26.59903 13.41101 -6.896245
v -26.71967 13.53244 -6.585611
v -30.63268 10.49626 -6.3568
v -30.59955 10.40913 -7.100277
v -26.6907 13.45624 -7.235864
v -26.59903 13.41101 -6.896245
v -30.5224 10.3304 -6.710032
v -30.81894 10.68636 -7.298938
v -26.94099 13.64162 -7.405527
v -26.6907 13.45624 -7.235864
v -30.59955 10.40913 -7.100277
v -32.87479 14.33091 -6.835325
v -33.03072 14.40864 -6.794836
v -32.55785 12.36092 -6.504676
v -32.61866 14.2026 -6.897799
v -32.1862 12.428 -6.652379
v -27.3802 13.44793 -6.461482
v -27.48801 13.42576 -6.480309
v -31.62156 10.78246 -6.434394
v -30.86577 10.80957 -6.247499
v -27.46486 13.62904 -7.305348
v -27.06198 13.74169 -7.359543
v -26.94099 13.64162 -7.405527
v -30.81894 10.68636 -7.298938
v -27.55592 13.60417 -7.295556
v -27.46486 13.62904 -7.305348
v -30.81894 10.68636 -7.298938
v -31.58842 10.69534 -7.177872
v -31.89901 10.45899 -7.23357
v -32.51102 12.2377 -7.556112
v -32.15308 12.34088 -7.395856
v -31.58842 10.69534 -7.177872
v -33.45546 14.78442 -7.714512
v -32.51102 12.2377 -7.556112
v -32.88266 12.17062 -7.408406
v -33.245 14.67967 -7.770116
v -33.0542 14.58494 -7.8221
v -32.1862 12.428 -6.652379
v -31.62156 10.78246 -6.434394
v -31.57771 11.00389 -6.83597
v -32.01854 12.41971 -7.021518
v -32.56203 14.1917 -7.021294
v -32.61866 14.2026 -6.897799
v -32.1862 12.428 -6.652379
v -32.45472 14.16957 -7.246012
v -32.01854 12.41971 -7.021518
v -26.25938 13.83768 -6.931114
v -26.6093 13.67109 -6.596941
v -26.71967 13.53244 -6.585611
v -26.59903 13.41101 -6.896245
v -26.33742 13.90003 -7.272133
v -26.25938 13.83768 -6.931114
v -26.59903 13.41101 -6.896245
v -26.6907 13.45624 -7.235864
v -26.7977 13.82161 -7.420236
v -26.33742 13.90003 -7.272133
v -26.6907 13.45624 -7.235864
v -26.94099 13.64162 -7.405527
v -28.11241 13.30263 -6.611237
v -28.15612 13.31162 -6.693943
v -31.57771 11.00389 -6.83597
v -31.62156 10.78246 -6.434394
v -28.20448 13.3639 -6.962248
v -28.05612 13.41601 -7.026577
v -31.58842 10.69534 -7.177872
v -31.57771 11.00389 -6.83597
v -33.0542 14.58494 -7.8221
v -32.15308 12.34088 -7.395856
v -32.51102 12.2377 -7.556112
v -32.8111 14.43606 -7.71127
v -32.63845 14.32995 -7.630229
v -32.01854 12.41971 -7.021518
v -31.57771 11.00389 -6.83597
v -31.58842 10.69534 -7.177872
v -32.15308 12.34088 -7.395856
v -32.52084 14.22771 -7.386994
v -32.45472 14.16957 -7.246012
v -32.01854 12.41971 -7.021518
v -32.63845 14.32995 -7.630229
v -32.15308 12.34088 -7.395856
f 5928 5929 5930
f 5931 5932 5933
f 5934 5935 5936
f 5937 5938 5939
f 5940 5941 5942
f 5943 5944 5945
f 5946 5947 5948
f 5949 5950 5951
f 5952 5953 5954
f 5955 5956 5957
f 5958 5959 5960
f 5961 5962 5963
f 5964 5965 5966
f 5967 5968 5969
f 5970 5971 5972
f 5973 5974 5975
f 5976 5977 5978
f 5979 5980 5981
f 5982 5983 5984
f 5985 5986 5987
f 5988 5989 5990
f 5991 5992 5993
f 5994 5995 5996
f 5997 5998 5999
f 6000 6001 6002
f 6003 6004 6005
f 6006 6007 6008
f 6009 6010 6011
f 6012 6013 6014
f 6015 6016 6017
f 6018 6019 6020
f 6021 6022 6023
f 6024 6025 6026
f 6027 6028 6029
f 6030 6031 6032
f 6033 6034 6035
f 6036 6037 6038
f 6039 6040 6041
f 6039 6041 6042
f 6042 6043 6039
f 6044 6039 6043
f 6043 6045 6044
f 6043 6046 6045
f 6043 6047 6046
f 6043 6048 6047
f 6043 6049 6048
f 6043 6050 6049
f 6043 6051 6050
f 6052 6049 6050
f 6052 6050 6053
f 6054 6050 6051
f 6052 6053 6055
f 6056 6052 6055
f 6057 6054 6051
f 6058 6056 6055
f 6058 6055 6059
f 6060 6057 6051
f 6058 6059 6061
f 6061 6062 6058
f 6063 6062 6061
f 6063 6061 6064
f 6065 6063 6064
f 6065 6064 6066
f 6067 6065 6066
f 6067 6066 6068
f 6041 6067 6068
f 6068 6069 6041
f 6051 6070 6060
f 6071 6070 6051
f 6072 6071 6051
f 6041 6069 6042
f 6072 6051 6042
f 6042 6069 6073
f 6073 6072 6042
f 6074 6075 6076
f 6077 6074 6076
f 6078 6077 6076
f 6079 6077 6078
f 6080 6079 6078
f 6078 6081 6080
f 6082 6080 6081
f 6081 6083 6082
f 6081 6084 6083
f 6085 6084 6081
f 6086 6085 6081
f 6087 6086 6081
f 6081 6088 6087
f 6089 6078 6076
f 6088 6081 6089
f 6076 6088 6089
f 6076 6090 6088
f 6091 6092 6093
f 6092 6094 6093
f 6094 6095 6093
f 6095 6096 6093
f 6093 6096 6097
f 6097 6098 6093
f 6098 6099 6093
f 6099 6100 6093
f 6101 6093 6100
f 6093 6102 6091
f 6103 6091 6102
f 6104 6103 6102
f 6102 6101 6104
f 6101 6100 6105
f 6101 6106 6104
f 6101 6105 6107
f 6108 6106 6101
f 6101 6107 6109
f 6101 6109 6108
f 6110 6111 6112
f 6113 6114 6115
f 6116 6117 6118
f 6119 6120 6121
f 6122 6123 6124
f 6125 6126 6127
f 6128 6129 6130
f 6131 6132 6133
f 6134 6135 6136
f 6137 6138 6139
f 6138 6140 6139
f 6138 6141 6140
f 6142 6143 6144
f 6142 6144 6145
f 6146 6142 6145
f 6147 6148 6149
f 6147 6149 6150
f 6151 6147 6150
f 6152 6153 6154
f 6152 6154 6155
f 6156 6157 6158
f 6156 6158 6159
f 6160 6161 6162
f 6160 6162 6163
f 6164 6165 6166
f 6165 6167 6166
f 6165 6168 6167
f 6169 6170 6171
f 6169 6171 6172
f 6173 6169 6172
f 6174 6175 6176
f 6174 6176 6177
f 6178 6174 6177
f 6179 6180 6181
f 6179 6181 6182
f 6183 6184 6185
f 6183 6185 6186
f 6187 6183 6186
f 6188 6189 6190
f 6189 6191 6190
f 6189 6192 6191
f 6193 6194 6195
f 6195 6196 6193
f 6195 6197 6196
f 6198 6199 6200
f 6198 6200 6201
f 6202 6203 6204
f 6202 6204 6205
f 6206 6207 6208
f 6207 6209 6208
f 6207 6210 6209
f 6211 6212 6213
f 6211 6213 6214
f 6215 6211 6214
f 6216 6217 6218
f 6216 6218 6219
f 6220 6221 6222
f 6220 6222 6223
f 6224 6225 6226
f 6226 6227 6224
f 6227 6228 6224
f 6229 6230 6231
f 6230 6232 6231
f 6230 6233 6232
f 6234 6235 6236
f 6234 6236 6237
f 6238 6239 6240
f 6238 6240 6241
f 6242 6243 6244
f 6242 6244 6245
f 6246 6247 6248
f 6246 6248 6249
f 6250 6251 6252
f 6250 6252 6253
f 6254 6255 6256
f 6254 6256 6257
f 6258 6259 6260
f 6258 6260 6261
f 6262 6263 6264
f 6262 6264 6265
f 6266 6262 6265
f 6267 6268 6269
f 6267 6269 6270
f 6271 6272 6273
f 6271 6273 6274
f 6275 6276 6277
f 6275 6277 6278
f 6279 6280 6281
f 6279 6281 6282
f 6283 6284 6285
f 6283 6285 6286
f 6287 6288 6289
f 6287 6289 6290
f 6291 6292 6293
f 6291 6293 6294
f 6295 6296 6297
f 6295 6297 6298
f 6299 6300 6301
f 6299 6301 6302
f 6303 6304 6305
f 6303 6305 6306
f 6307 6308 6309
f 6307 6309 6310
f 6311 6312 6313
f 6311 6313 6314
f 6315 6316 6317
f 6315 6317 6318
f 6319 6320 6321
f 6319 6321 6322
f 6323 6324 6325
f 6323 6325 6326
f 6327 6328 6329
f 6327 6329 6330
f 6331 6332 6333
f 6331 6333 6334
f 6335 6336 6337
f 6338 6335 6337
f 6337 6339 6338
f 6337 6340 6339
f 6337 6341 6340
f 6342 6343 6344
f 6342 6344 6345
f 6346 6347 6348
f 6346 6348 6349
f 6350 6351 6352
f 6350 6352 6353
f 6353 6354 6350
f 6354 6355 6350
f 6354 6356 6355
f 6357 6358 6359
f 6357 6359 6360
f 6361 6362 6363
f 6361 6363 6364
f 6365 6366 6367
f 6365 6367 6368
f 6369 6370 6371
f 6369 6371 6372
f 6373 6374 6375
f 6373 6375 6376
f 6377 6378 6379
f 6377 6379 6380
f 6381 6382 6383
f 6381 6383 6384
f 6385 6386 6387
f 6385 6387 6388
f 6389 6390 6391
f 6389 6391 6392
f 6393 6394 6395
f 6393 6395 6396
f 6397 6398 6399
f 6397 6399 6400
f 6401 6402 6403
f 6401 6403 6404
f 6405 6406 6407
f 6405 6407 6408
f 6409 6410 6411
f 6409 6411 6412
f 6413 6414 6415
f 6413 6415 6416
f 6417 6418 6419
f 6417 6419 6420
f 6421 6422 6423
f 6421 6423 6424
f 6425 6426 6427
f 6425 6427 6428
f 6429 6430 6431
f 6429 6431 6432
f 6433 6434 6435
f 6433 6435 6436
f 6437 6438 6439
f 6437 6439 6440
f 6441 6442 6443
f 6441 6443 6444
f 6445 6446 6447
f 6445 6447 6448
f 6449 6450 6451
f 6449 6452 6450
f 6452 6453 6450
f 6452 6454 6453
f 6455 6456 6457
f 6455 6457 6458
f 6459 6460 6461
f 6459 6461 6462
f 6463 6464 6465
f 6463 6466 6464
f 6467 6464 6466
f 6467 6466 6468
f 6469 6470 6471
f 6469 6471 6472
f 6473 6474 6475
f 6473 6475 6476
f 6477 6478 6479
f 6477 6479 6480
f 6481 6482 6483
f 6483 6484 6481
f 6483 6485 6484
f 6485 6486 6484
f 6485 6487 6486
f 6487 6488 6486
f 6489 6490 6491
f 6489 6491 6492
f 6493 6494 6495
f 6493 6495 6496
f 6497 6498 6499
f 6497 6499 6500
f 6501 6502 6503
f 6501 6503 6504
f 6505 6506 6507
f 6505 6507 6508
f 6509 6510 6511
f 6509 6511 6512
f 6513 6514 6515
f 6513 6515 6516
f 6517 6518 6519
f 6517 6519 6520
f 6521 6522 6523
f 6521 6523 6524
f 6525 6526 6527
f 6527 6528 6525
f 6528 6529 6525
f 6530 6531 6532
f 6530 6532 6533
f 6534 6535 6536
f 6534 6536 6537
f 6537 6538 6534
f 6537 6539 6538
f 6540 6541 6542
f 6540 6542 6543
f 6544 6545 6546
f 6544 6546 6547
f 6548 6549 6550
f 6550 6551 6548
f 6550 6552 6551
f 6553 6554 6555
f 6553 6555 6556
f 6557 6558 6559
f 6557 6559 6560
f 6561 6562 6563
f 6561 6564 6562
f 6564 6565 6562
f 6566 6567 6568
f 6566 6569 6567
f 6569 6570 6567
f 6571 6572 6573
f 6571 6574 6572
f 6574 6575 6572
f 6576 6577 6578
f 6576 6578 6579
f 6580 6581 6582
f 6582 6583 6580
f 6583 6584 6580
f 6585 6586 6587
f 6585 6587 6588
f 6589 6590 6591
f 6589 6591 6592
f 6593 6594 6595
f 6593 6595 6596
f 6597 6598 6599
f 6600 6597 6599
f 6600 6599 6601
f 6602 6603 6604
f 6602 6604 6605
f 6606 6607 6608
f 6606 6608 6609
f 6610 6611 6612
f 6610 6612 6613
f 6614 6615 6616
f 6614 6616 6617
f 6618 6619 6620
f 6618 6621 6619
f 6621 6622 6619
f 6623 6624 6625
f 6623 6625 6626
f 6627 6628 6629
f 6630 6627 6629
f 6630 6629 6631
f 6632 6633 6634
f 6632 6634 6635
f 6636 6637 6638
f 6636 6638 6639
f 6640 6641 6642
f 6640 6642 6643
f 6644 6645 6646
f 6644 6646 6647
f 6648 6649 6650
f 6648 6650 6651
f 6652 6653 6654
f 6652 6655 6653
f 6655 6656 6653
f 6657 6658 6659
f 6657 6659 6660
f 6661 6662 6663
f 6664 6661 6663
f 6664 6663 6665
v 42.51206 7.655575 53.29747
v 41.44963 15.29543 57.65521
v 37.15984 13.91271 50.02819
v 42.51206 7.655575 53.29747
v 49.50569 11.67546 56.96039
v 41.44963 15.29543 57.65521
v 37.15984 13.91271 50.02819
v 42.5645 9.43821 44.61959
v 42.51206 7.655575 53.29747
v 41.44963 15.29543 57.65521
v 40.84559 21.79978 51.6706
v 37.15984 13.91271 50.02819
v 42.51206 7.655575 53.29747
v 50.19464 8.055485 48.90383
v 49.50569 11.67546 56.96039
v 49.50569 11.67546 56.96039
v 48.47573 20.41706 55.95485
v 41.44963 15.29543 57.65521
v 37.15984 13.91271 50.02819
v 41.53454 18.17981 43.61404
v 42.5645 9.43821 44.61959
v 41.44963 15.29543 57.65521
v 48.47573 20.41706 55.95485
v 40.84559 21.79978 51.6706
v 37.15984 13.91271 50.02819
v 40.84559 21.79978 51.6706
v 41.53454 18.17981 43.61404
v 50.19464 8.055485 48.90383
v 53.8804 15.94256 50.54625
v 49.50569 11.67546 56.96039
v 49.50569 11.67546 56.96039
v 53.8804 15.94256 50.54625
v 48.47573 20.41706 55.95485
v 42.5645 9.43821 44.61959
v 41.53454 18.17981 43.61404
v 49.5906 14.55983 42.91923
v 48.47573 20.41706 55.95485
v 48.52818 22.19969 47.27697
v 40.84559 21.79978 51.6706
v 40.84559 21.79978 51.6706
v 48.52818 22.19969 47.27697
v 41.53454 18.17981 43.61404
v 50.19464 8.055485 48.90383
v 49.5906 14.55983 42.91923
v 53.8804 15.94256 50.54625
v 53.8804 15.94256 50.54625
v 48.52818 22.19969 47.27697
v 48.47573 20.41706 55.95485
v 42.5645 9.43821 44.61959
v 49.5906 14.55983 42.91923
v 50.19464 8.055485 48.90383
v 41.53454 18.17981 43.61404
v 48.52818 22.19969 47.27697
v 49.5906 14.55983 42.91923
v 49.5906 14.55983 42.91923
v 48.52818 22.19969 47.27697
v 53.8804 15.94256 50.54625
v 50.92662 8.824606 44.87679
v 53.55723 15.58742 44.94287
v 49.16549 13.45485 39.57401
v 50.92662 8.824606 44.87679
v 57.85772 10.00435 46.67376
v 53.55723 15.58742 44.94287
v 49.16549 13.45485 39.57401
v 50.75164 6.553856 37.98671
v 50.92662 8.824606 44.87679
v 53.55723 15.58742 44.94287
v 55.00817 17.4963 38.09366
v 49.16549 13.45485 39.57401
v 50.92662 8.824606 44.87679
v 56.1237 4.421286 42.37453
v 57.85772 10.00435 46.67376
v 57.85772 10.00435 46.67376
v 60.38023 15.36373 42.48149
v 53.55723 15.58742 44.94287
v 49.16549 13.45485 39.57401
v 53.27414 11.91323 33.79444
v 50.75164 6.553856 37.98671
v 53.55723 15.58742 44.94287
v 60.38023 15.36373 42.48149
v 55.00817 17.4963 38.09366
v 49.16549 13.45485 39.57401
v 55.00817 17.4963 38.09366
v 53.27414 11.91323 33.79444
v 56.1237 4.421286 42.37453
v 61.96637 8.46274 40.89419
v 57.85772 10.00435 46.67376
v 57.85772 10.00435 46.67376
v 61.96637 8.46274 40.89419
v 60.38023 15.36373 42.48149
v 50.75164 6.553856 37.98671
v 53.27414 11.91323 33.79444
v 57.57463 6.330166 35.52532
v 60.38023 15.36373 42.48149
v 60.20525 13.09298 35.5914
v 55.00817 17.4963 38.09366
v 55.00817 17.4963 38.09366
v 60.20525 13.09298 35.5914
v 53.27414 11.91323 33.79444
v 56.1237 4.421286 42.37453
v 57.57463 6.330166 35.52532
v 61.96637 8.46274 40.89419
v 61.96637 8.46274 40.89419
v 60.20525 13.09298 35.5914
v 60.38023 15.36373 42.48149
v 53.27414 11.91323 33.79444
v 60.20525 13.09298 35.5914
v 57.57463 6.330166 35.52532
v 57.57463 6.330166 35.52532
v 60.20525 13.09298 35.5914
v 61.96637 8.46274 40.89419
v 46.83705 8.518073 47.72733
v 46.6855 8.512946 47.80056
v 46.44965 8.505401 47.91246
v 42.5645 9.43821 44.61959
v 50.19464 8.055485 48.90383
v 47.04614 8.484964 47.8215
v 47.16959 8.465788 47.87527
v 47.22381 8.412549 48.11665
v 47.25679 8.378629 48.27094
v 47.13785 8.337966 48.50645
v 47.04443 8.306658 48.68836
v 44.03703 7.878444 51.72818
v 42.51206 7.655575 53.29747
v 46.84034 8.299655 48.78748
v 44.17125 7.931358 51.42827
v 43.9453 7.875769 51.77043
v 44.20373 7.944745 51.35287
v 46.62278 8.289063 48.90834
v 43.6381 7.866292 51.91448
v 46.4378 8.318417 48.82473
v 44.07087 8.009812 51.07912
v 43.53125 7.879497 51.8844
v 44.03641 8.026151 51.01073
v 46.26773 8.339242 48.77779
v 46.22313 8.388012 48.55507
v 43.72483 8.06321 50.93007
v 46.20613 8.43017 48.35566
v 43.63454 8.074202 50.90546
v 46.33824 8.473456 48.10322
v 43.34029 8.064169 51.04805
v 43.23768 8.061003 51.09617
v 43.24192 7.91467 51.80581
v 43.19268 7.938208 51.70716
v 43.07665 7.995031 51.46808
v 43.12182 8.013897 51.36201
v 55.60228 5.517578 39.07326
v 55.42794 5.470803 39.30587
v 55.38736 5.460772 39.35725
v 55.70456 5.553786 38.90845
v 57.57463 6.330166 35.52532
v 56.00462 5.561105 38.74475
v 56.20726 5.492962 38.87049
v 56.1237 4.421286 42.37453
v 56.19377 5.38928 39.21202
v 56.11499 5.361389 39.33896
v 55.87545 5.292799 39.67254
v 55.81278 5.287603 39.71859
v 55.43935 5.262311 39.97467
v 55.37787 5.27669 39.95687
v 55.22493 5.33143 39.85126
v 50.75164 6.553856 37.98671
v 55.26781 5.3584 39.74405
v 52.61548 6.630474 41.8632
v 52.56059 6.709174 41.98243
v 50.92662 8.824606 44.87679
v 52.49919 6.796267 42.11311
v 52.5503 6.804276 42.23644
v 52.59866 6.813091 42.35671
v 52.72457 6.744353 42.40548
v 52.85674 6.671664 42.45515
v 52.97435 6.575811 42.40945
v 53.12687 6.451005 42.34877
v 56.1237 4.421286 42.37453
v 50.75164 6.553856 37.98671
v 52.77186 6.501126 41.79698
v 52.88407 6.408876 41.75108
v 53.17271 6.386363 42.25229
v 53.0523 6.315145 41.8108
v 53.24997 6.279524 42.09578
v 53.14894 6.261761 41.84643
v 53.2135 6.273913 42.00809
v 47.04443 8.306658 48.68836
v 46.84034 8.299655 48.78748
v 46.00309 5.96797 49.78412
v 46.62278 8.289063 48.90834
v 46.4378 8.318417 48.82473
v 45.39394 5.705612 50.17653
v 46.20613 8.43017 48.35566
v 46.33824 8.473456 48.10322
v 44.86963 5.705614 49.65258
v 46.26773 8.339242 48.77779
v 46.22313 8.388012 48.55507
v 45.08614 5.962801 49.96023
v 55.81278 5.287603 39.71859
v 55.43935 5.262311 39.97467
v 53.62241 3.807887 41.89608
v 56.19377 5.38928 39.21202
v 56.11499 5.361389 39.33896
v 56.13375 5.302204 39.27665
v 55.60228 5.517578 39.07326
v 55.70456 5.553786 38.90845
v 55.62664 5.440742 38.99237
v 55.26781 5.3584 39.74405
v 55.38736 5.460772 39.35725
v 53.25511 3.785233 41.52446
v 55.37787 5.27669 39.95687
v 55.22493 5.33143 39.85126
v 53.46243 3.978917 41.67576
v 43.07665 7.995031 51.46808
v 43.12182 8.013897 51.36201
v 43.66225 6.656069 50.86085
v 43.77369 6.857207 50.53215
v 43.23768 8.061003 51.09617
v 43.19268 7.938208 51.70716
v 43.07665 7.995031 51.46808
v 43.66225 6.656069 50.86085
v 43.83327 6.572752 51.21403
v 43.24192 7.91467 51.80581
v 47.13785 8.337966 48.50645
v 47.04443 8.306658 48.68836
v 46.00309 5.96797 49.78412
v 46.11453 5.766828 49.45541
v 47.25679 8.378629 48.27094
v 43.66225 6.656069 50.86085
v 44.45976 5.054251 49.86501
v 44.5473 4.76033 50.49946
v 43.83327 6.572752 51.21403
v 46.00309 5.96797 49.78412
v 45.56292 4.658026 50.50425
v 45.7705 4.58569 49.99743
v 46.11453 5.766828 49.45541
v 43.77369 6.857207 50.53215
v 44.66941 5.38743 49.75636
v 44.45976 5.054251 49.86501
v 43.66225 6.656069 50.86085
v 43.23768 8.061003 51.09617
v 43.34029 8.064169 51.04805
v 43.77369 6.857207 50.53215
v 44.10231 7.058349 50.42047
v 43.63454 8.074202 50.90546
v 43.53125 7.879497 51.8844
v 43.24192 7.91467 51.80581
v 43.83327 6.572752 51.21403
v 44.18657 6.656069 51.38479
v 43.6381 7.866292 51.91448
v 47.22381 8.412549 48.11665
v 47.25679 8.378629 48.27094
v 46.11453 5.766828 49.45541
v 45.94351 5.683514 49.10224
v 47.16959 8.465788 47.87527
v 46.84034 8.299655 48.78748
v 46.62278 8.289063 48.90834
v 45.39394 5.705612 50.17653
v 46.00309 5.96797 49.78412
v 44.17125 7.931358 51.42827
v 44.03703 7.878444 51.72818
v 44.51519 6.857207 51.27311
v 44.62663 7.058349 50.94441
v 44.20373 7.944745 51.35287
v 44.03703 7.878444 51.72818
v 43.9453 7.875769 51.77043
v 44.51519 6.857207 51.27311
v 44.18657 6.656069 51.38479
v 43.6381 7.866292 51.91448
v 45.28923 5.384088 50.37892
v 45.18181 5.054246 50.58654
v 45.56292 4.658026 50.50425
v 45.39394 5.705612 50.17653
v 46.00309 5.96797 49.78412
v 44.51519 6.857207 51.27311
v 45.28923 5.384088 50.37892
v 45.39394 5.705612 50.17653
v 44.62663 7.058349 50.94441
v 44.18657 6.656069 51.38479
v 45.18181 5.054246 50.58654
v 45.28923 5.384088 50.37892
v 44.51519 6.857207 51.27311
v 46.44965 8.505401 47.91246
v 46.6855 8.512946 47.80056
v 45.26159 5.96797 49.04316
v 45.59021 5.766828 48.93148
v 46.83705 8.518073 47.72733
v 47.04614 8.484964 47.8215
v 47.16959 8.465788 47.87527
v 45.94351 5.683514 49.10224
v 45.59021 5.766828 48.93148
v 46.83705 8.518073 47.72733
v 46.33824 8.473456 48.10322
v 46.44965 8.505401 47.91246
v 45.26159 5.96797 49.04316
v 44.86963 5.705614 49.65258
v 44.10231 7.058349 50.42047
v 44.86963 5.705614 49.65258
v 44.66941 5.38743 49.75636
v 43.77369 6.857207 50.53215
v 44.54178 4.658026 49.48385
v 44.45976 5.054251 49.86501
v 44.66941 5.38743 49.75636
v 44.86963 5.705614 49.65258
v 45.26159 5.96797 49.04316
v 43.63454 8.074202 50.90546
v 43.72483 8.06321 50.93007
v 44.10231 7.058349 50.42047
v 44.45561 7.141664 50.59123
v 44.03641 8.026151 51.01073
v 45.18181 5.054246 50.58654
v 44.18657 6.656069 51.38479
v 43.83327 6.572752 51.21403
v 44.5473 4.76033 50.49946
v 45.17685 -0.01388288 49.86946
v 44.5473 4.76033 50.49946
v 44.45976 5.054251 49.86501
v 44.96174 0.03166375 49.36267
v 44.96174 0.03166375 49.36267
v 44.45976 5.054251 49.86501
v 44.54178 4.658026 49.48385
v 45.1645 0.1416162 48.86068
v 45.55739 4.555728 49.48864
v 45.94351 5.683514 49.10224
v 46.11453 5.766828 49.45541
v 45.7705 4.58569 49.99743
v 46.38838 0.2515694 49.3791
v 45.7705 4.58569 49.99743
v 45.56292 4.658026 50.50425
v 46.18563 0.1416162 49.88108
v 46.18563 0.1416162 49.88108
v 45.56292 4.658026 50.50425
v 45.18181 5.054246 50.58654
v 45.6838 0.031662 50.08419
v 46.4378 8.318417 48.82473
v 46.26773 8.339242 48.77779
v 45.08614 5.962801 49.96023
v 45.39394 5.705612 50.17653
v 44.07087 8.009812 51.07912
v 44.20373 7.944745 51.35287
v 44.62663 7.058349 50.94441
v 44.45561 7.141664 50.59123
v 44.03641 8.026151 51.01073
v 45.59021 5.766828 48.93148
v 45.04844 4.58569 49.2759
v 44.54178 4.658026 49.48385
v 45.26159 5.96797 49.04316
v 45.94351 5.683514 49.10224
v 45.55739 4.555728 49.48864
v 45.04844 4.58569 49.2759
v 45.59021 5.766828 48.93148
v 44.86963 5.705614 49.65258
v 44.10231 7.058349 50.42047
v 44.45561 7.141664 50.59123
v 45.08614 5.962801 49.96023
v 44.5473 4.76033 50.49946
v 45.17685 -0.01388288 49.86946
v 45.6838 0.031662 50.08419
v 45.18181 5.054246 50.58654
v 44.96174 0.03166375 49.36267
v 45.25474 -3.534719 48.72474
v 45.56746 -3.54431 49.47857
v 45.17685 -0.01388288 49.86946
v 45.1645 0.1416162 48.86068
v 45.56656 -3.511559 47.97082
v 45.25474 -3.534719 48.72474
v 44.96174 0.03166375 49.36267
v 45.1645 0.1416162 48.86068
v 44.54178 4.658026 49.48385
v 45.04844 4.58569 49.2759
v 45.66633 0.2515694 48.65757
v 45.7705 4.58569 49.99743
v 46.38838 0.2515694 49.3791
v 46.17328 0.2971152 48.8723
v 45.55739 4.555728 49.48864
v 46.18563 0.1416162 49.88108
v 47.07521 -3.511559 49.47837
v 47.39293 -3.610368 48.73226
v 46.38838 0.2515694 49.3791
v 45.6838 0.031662 50.08419
v 46.32152 -3.534719 49.79074
v 47.07521 -3.511559 49.47837
v 46.18563 0.1416162 49.88108
v 44.62663 7.058349 50.94441
v 45.39394 5.705612 50.17653
v 45.08614 5.962801 49.96023
v 44.45561 7.141664 50.59123
v 46.22313 8.388012 48.55507
v 46.20613 8.43017 48.35566
v 44.86963 5.705614 49.65258
v 45.08614 5.962801 49.96023
v 45.56656 -3.511559 47.97082
v 45.1645 0.1416162 48.86068
v 45.66633 0.2515694 48.65757
v 46.31244 -3.610365 47.65255
v 46.32152 -3.534719 49.79074
v 45.6838 0.031662 50.08419
v 45.17685 -0.01388288 49.86946
v 45.56746 -3.54431 49.47857
v 45.55739 4.555728 49.48864
v 46.17328 0.2971152 48.8723
v 45.66633 0.2515694 48.65757
v 45.04844 4.58569 49.2759
v 45.25474 -3.534719 48.72474
v 45.13274 -5.263118 48.75581
v 45.47945 -5.346897 49.56664
v 45.56746 -3.54431 49.47857
v 45.56656 -3.511559 47.97082
v 45.45348 -5.060858 47.95527
v 45.13274 -5.263118 48.75581
v 45.25474 -3.534719 48.72474
v 46.31244 -3.610365 47.65255
v 46.29306 -4.111981 47.64844
v 46.25379 -4.511379 47.63395
v 45.56656 -3.511559 47.97082
v 45.45348 -5.060858 47.95527
v 45.62537 -6.081752 47.78326
v 46.42569 -5.879491 47.46193
v 46.31244 -3.610365 47.65255
v 45.66633 0.2515694 48.65757
v 46.17328 0.2971152 48.8723
v 47.07619 -3.248968 47.96873
v 46.38838 0.2515694 49.3791
v 47.39293 -3.610368 48.73226
v 47.07619 -3.248968 47.96873
v 46.17328 0.2971152 48.8723
v 47.41158 -4.511379 48.79089
v 47.39828 -4.145671 48.75494
v 47.39293 -3.610368 48.73226
v 47.07521 -3.511559 49.47837
v 47.09084 -5.060858 49.59143
v 47.58347 -5.879491 48.61887
v 47.26273 -6.081752 49.41942
v 46.32152 -3.534719 49.79074
v 46.29053 -5.263118 49.91275
v 47.09084 -5.060858 49.59143
v 47.07521 -3.511559 49.47837
v 45.56746 -3.54431 49.47857
v 45.47945 -5.346897 49.56664
v 46.29053 -5.263118 49.91275
v 46.32152 -3.534719 49.79074
v 47.07619 -3.248968 47.96873
v 47.928 -1.458659 47.11631
v 47.72907 -1.565548 46.72599
v 46.31244 -3.610365 47.65255
v 45.65135 -6.367793 49.39462
v 45.47945 -5.346897 49.56664
v 45.13274 -5.263118 48.75581
v 45.30463 -6.284012 48.5838
v 45.30463 -6.284012 48.5838
v 45.13274 -5.263118 48.75581
v 45.45348 -5.060858 47.95527
v 45.62537 -6.081752 47.78326
v 46.29306 -4.111981 47.64844
v 47.83819 -1.823606 46.37266
v 48.19145 -2.081658 46.26328
v 46.25379 -4.511379 47.63395
v 46.31244 -3.610365 47.65255
v 47.72907 -1.565548 46.72599
v 47.83819 -1.823606 46.37266
v 46.29306 -4.111981 47.64844
v 47.928 -1.458659 47.11631
v 47.07619 -3.248968 47.96873
v 47.39293 -3.610368 48.73226
v 48.31846 -1.565548 47.31496
v 47.39828 -4.145671 48.75494
v 48.67172 -1.823606 47.20558
v 48.31846 -1.565548 47.31496
v 47.39293 -3.610368 48.73226
v 47.41158 -4.511379 48.79089
v 48.78084 -2.081658 46.85224
v 48.67172 -1.823606 47.20558
v 47.39828 -4.145671 48.75494
v 47.26273 -6.081752 49.41942
v 47.09084 -5.060858 49.59143
v 46.29053 -5.263118 49.91275
v 46.46242 -6.284016 49.74074
v 46.46242 -6.284016 49.74074
v 46.29053 -5.263118 49.91275
v 45.47945 -5.346897 49.56664
v 45.65135 -6.367793 49.39462
v 45.65135 -6.367793 49.39462
v 45.30463 -6.284012 48.5838
v 45.28669 -7.647894 48.60176
v 45.62597 -7.647898 49.42001
v 45.30463 -6.284012 48.5838
v 45.62537 -6.081752 47.78326
v 45.62537 -7.647895 47.78326
v 45.28669 -7.647894 48.60176
v 46.42569 -5.879491 47.46193
v 46.25379 -4.511379 47.63395
v 47.06486 -4.774816 47.98008
v 47.23675 -5.795712 47.80806
v 47.928 -1.458659 47.11631
v 50.05416 1.013843 45.0598
v 50.04055 0.9986592 44.48495
v 47.72907 -1.565548 46.72599
v 48.31846 -1.565548 47.31496
v 50.62917 1.018108 45.07436
v 50.05416 1.013843 45.0598
v 47.928 -1.458659 47.11631
v 48.78084 -2.081658 46.85224
v 47.41158 -4.511379 48.79089
v 47.06486 -4.774816 47.98008
v 48.58191 -2.188545 46.46193
v 47.26273 -6.081752 49.41942
v 46.46242 -6.284016 49.74074
v 46.44447 -7.647894 49.7587
v 47.26273 -7.647895 49.41942
v 46.46242 -6.284016 49.74074
v 45.65135 -6.367793 49.39462
v 45.62597 -7.647898 49.42001
v 46.44447 -7.647894 49.7587
v 45.62537 -6.081752 47.78326
v 46.42569 -5.879491 47.46193
v 46.44363 -7.647896 47.44398
v 45.62537 -7.647895 47.78326
v 46.42569 -5.879491 47.46193
v 47.23675 -5.795712 47.80806
v 47.26213 -7.647896 47.78266
v 46.44363 -7.647896 47.44398
v 46.25379 -4.511379 47.63395
v 48.19145 -2.081658 46.26328
v 48.58191 -2.188545 46.46193
v 47.06486 -4.774816 47.98008
v 47.83819 -1.823606 46.37266
v 50.26476 0.2788681 44.28479
v 48.19145 -2.081658 46.26328
v 49.93371 0.575246 44.36167
v 53.13388 2.951426 41.55634
v 52.81287 3.150968 41.65153
v 47.72907 -1.565548 46.72599
v 50.04055 0.9986592 44.48495
v 49.93371 0.575246 44.36167
v 47.83819 -1.823606 46.37266
v 50.62917 1.018108 45.07436
v 48.31846 -1.565548 47.31496
v 48.67172 -1.823606 47.20558
v 50.76615 0.6027538 45.19522
v 48.78084 -2.081658 46.85224
v 50.76615 0.6027538 45.19522
v 48.67172 -1.823606 47.20558
v 50.85338 0.2983121 44.8742
v 53.5282 3.195094 42.37526
v 53.6397 2.982625 42.06809
v 48.58191 -2.188545 46.46193
v 50.6457 0.164159 44.49709
v 50.85338 0.2983121 44.8742
v 48.78084 -2.081658 46.85224
v 47.58347 -5.879491 48.61887
v 47.26273 -6.081752 49.41942
v 47.26273 -7.647895 49.41942
v 47.60141 -7.647896 48.60092
v 47.41158 -4.511379 48.79089
v 47.58347 -5.879491 48.61887
v 47.23675 -5.795712 47.80806
v 47.06486 -4.774816 47.98008
v 45.28669 -7.647894 48.60176
v 45.62537 -7.647895 47.78326
v 46.44363 -7.647896 47.44398
v 45.62597 -7.647898 49.42001
v 47.26213 -7.647896 47.78266
v 46.44447 -7.647894 49.7587
v 47.60141 -7.647896 48.60092
v 47.26273 -7.647895 49.41942
v 50.05416 1.013843 45.0598
v 52.8647 3.464361 42.29792
v 52.84969 3.510824 41.80312
v 50.04055 0.9986592 44.48495
v 50.62917 1.018108 45.07436
v 53.35551 3.542025 42.31488
v 52.8647 3.464361 42.29792
v 50.05416 1.013843 45.0598
v 50.76615 0.6027538 45.19522
v 53.5282 3.195094 42.37526
v 53.35551 3.542025 42.31488
v 50.62917 1.018108 45.07436
v 50.6457 0.164159 44.49709
v 48.58191 -2.188545 46.46193
v 48.19145 -2.081658 46.26328
v 50.26476 0.2788681 44.28479
v 47.60141 -7.647896 48.60092
v 47.26213 -7.647896 47.78266
v 47.23675 -5.795712 47.80806
v 47.58347 -5.879491 48.61887
v 50.6457 0.164159 44.49709
v 53.47636 2.881694 41.72888
v 53.6397 2.982625 42.06809
v 50.85338 0.2983121 44.8742
v 52.81287 3.150968 41.65153
v 49.93371 0.575246 44.36167
v 50.04055 0.9986592 44.48495
v 52.84969 3.510824 41.80312
v 52.8647 3.464361 42.29792
v 52.77746 4.925771 42.29506
v 52.67007 4.92591 42.03318
v 52.84969 3.510824 41.80312
v 53.35551 3.542025 42.31488
v 53.03736 4.948567 42.40479
v 52.77746 4.925771 42.29506
v 52.8647 3.464361 42.29792
v 53.49066 3.676655 42.10281
v 53.35551 3.542025 42.31488
v 53.5282 3.195094 42.37526
v 54.07687 3.752738 41.6027
v 53.62241 3.807887 41.89608
v 53.6397 2.982625 42.06809
v 54.10163 3.522598 41.43981
v 54.07687 3.752738 41.6027
v 53.5282 3.195094 42.37526
v 53.47636 2.881694 41.72888
v 50.6457 0.164159 44.49709
v 50.26476 0.2788681 44.28479
v 53.13388 2.951426 41.55634
v 53.95975 3.417883 41.21841
v 53.73434 3.499937 41.06819
v 53.47636 2.881694 41.72888
v 53.95975 3.417883 41.21841
v 54.10163 3.522598 41.43981
v 53.6397 2.982625 42.06809
v 52.81287 3.150968 41.65153
v 53.55742 3.720704 41.07716
v 53.73434 3.499937 41.06819
v 53.13388 2.951426 41.55634
v 52.81287 3.150968 41.65153
v 52.84969 3.510824 41.80312
v 53.05706 3.651191 41.66058
v 53.55742 3.720704 41.07716
v 53.25511 3.785233 41.52446
v 53.03736 4.948567 42.40479
v 53.35551 3.542025 42.31488
v 53.49066 3.676655 42.10281
v 53.29752 4.980957 42.29812
v 52.84969 3.510824 41.80312
v 52.67007 4.92591 42.03318
v 52.77808 4.948915 41.77258
v 53.05706 3.651191 41.66058
v 52.59866 6.813091 42.35671
v 52.67007 4.92591 42.03318
v 52.77746 4.925771 42.29506
v 52.5503 6.804276 42.23644
v 52.49919 6.796267 42.11311
v 52.85674 6.671664 42.45515
v 52.77746 4.925771 42.29506
v 53.03736 4.948567 42.40479
v 52.72457 6.744353 42.40548
v 52.59866 6.813091 42.35671
v 53.12687 6.451005 42.34877
v 53.03736 4.948567 42.40479
v 53.29752 4.980957 42.29812
v 52.97435 6.575811 42.40945
v 52.85674 6.671664 42.45515
v 53.29752 4.980957 42.29812
v 53.49066 3.676655 42.10281
v 53.62241 3.807887 41.89608
v 53.40554 5.003963 42.03752
v 55.87545 5.292799 39.67254
v 54.07687 3.752738 41.6027
v 54.10163 3.522598 41.43981
v 56.13375 5.302204 39.27665
v 56.11499 5.361389 39.33896
v 53.95975 3.417883 41.21841
v 56.02256 5.224999 39.06939
v 56.13375 5.302204 39.27665
v 54.10163 3.522598 41.43981
v 53.73434 3.499937 41.06819
v 55.81251 5.282387 38.95163
v 56.02256 5.224999 39.06939
v 53.95975 3.417883 41.21841
v 53.55742 3.720704 41.07716
v 55.62664 5.440742 38.99237
v 55.81251 5.282387 38.95163
v 53.73434 3.499937 41.06819
v 53.17271 6.386363 42.25229
v 53.12687 6.451005 42.34877
v 53.29752 4.980957 42.29812
v 53.24997 6.279524 42.09578
v 53.40554 5.003963 42.03752
v 55.87545 5.292799 39.67254
v 55.81278 5.287603 39.71859
v 53.62241 3.807887 41.89608
v 54.07687 3.752738 41.6027
v 55.42794 5.470803 39.30587
v 55.60228 5.517578 39.07326
v 55.62664 5.440742 38.99237
v 53.55742 3.720704 41.07716
v 55.38736 5.460772 39.35725
v 55.42794 5.470803 39.30587
v 53.55742 3.720704 41.07716
v 53.25511 3.785233 41.52446
v 53.05706 3.651191 41.66058
v 52.77808 4.948915 41.77258
v 53.03824 4.981308 41.6659
v 53.25511 3.785233 41.52446
v 52.49919 6.796267 42.11311
v 52.77808 4.948915 41.77258
v 52.67007 4.92591 42.03318
v 52.56059 6.709174 41.98243
v 52.61548 6.630474 41.8632
v 53.40554 5.003963 42.03752
v 53.62241 3.807887 41.89608
v 53.46243 3.978917 41.67576
v 53.29814 5.004113 41.77565
v 53.2135 6.273913 42.00809
v 53.24997 6.279524 42.09578
v 53.40554 5.003963 42.03752
v 53.14894 6.261761 41.84643
v 53.29814 5.004113 41.77565
v 56.20726 5.492962 38.87049
v 56.19377 5.38928 39.21202
v 56.13375 5.302204 39.27665
v 56.02256 5.224999 39.06939
v 56.00462 5.561105 38.74475
v 56.20726 5.492962 38.87049
v 56.02256 5.224999 39.06939
v 55.81251 5.282387 38.95163
v 55.70456 5.553786 38.90845
v 56.00462 5.561105 38.74475
v 55.81251 5.282387 38.95163
v 55.62664 5.440742 38.99237
v 55.43935 5.262311 39.97467
v 55.37787 5.27669 39.95687
v 53.46243 3.978917 41.67576
v 53.62241 3.807887 41.89608
v 55.22493 5.33143 39.85126
v 55.26781 5.3584 39.74405
v 53.25511 3.785233 41.52446
v 53.46243 3.978917 41.67576
v 52.61548 6.630474 41.8632
v 53.03824 4.981308 41.6659
v 52.77808 4.948915 41.77258
v 52.77186 6.501126 41.79698
v 52.88407 6.408876 41.75108
v 53.29814 5.004113 41.77565
v 53.46243 3.978917 41.67576
v 53.25511 3.785233 41.52446
v 53.03824 4.981308 41.6659
v 53.0523 6.315145 41.8108
v 53.14894 6.261761 41.84643
v 53.29814 5.004113 41.77565
v 52.88407 6.408876 41.75108
v 53.03824 4.981308 41.6659
f 6666 6667 6668
f 6669 6670 6671
f 6672 6673 6674
f 6675 6676 6677
f 6678 6679 6680
f 6681 6682 6683
f 6684 6685 6686
f 6687 6688 6689
f 6690 6691 6692
f 6693 6694 6695
f 6696 6697 6698
f 6699 6700 6701
f 6702 6703 6704
f 6705 6706 6707
f 6708 6709 6710
f 6711 6712 6713
f 6714 6715 6716
f 6717 6718 6719
f 6720 6721 6722
f 6723 6724 6725
f 6726 6727 6728
f 6729 6730 6731
f 6732 6733 6734
f 6735 6736 6737
f 6738 6739 6740
f 6741 6742 6743
f 6744 6745 6746
f 6747 6748 6749
f 6750 6751 6752
f 6753 6754 6755
f 6756 6757 6758
f 6759 6760 6761
f 6762 6763 6764
f 6765 6766 6767
f 6768 6769 6770
f 6771 6772 6773
f 6774 6775 6776
f 6777 6778 6779
f 6777 6779 6780
f 6780 6781 6777
f 6782 6777 6781
f 6781 6783 6782
f 6781 6784 6783
f 6781 6785 6784
f 6781 6786 6785
f 6781 6787 6786
f 6781 6788 6787
f 6781 6789 6788
f 6790 6787 6788
f 6790 6788 6791
f 6792 6788 6789
f 6790 6791 6793
f 6794 6790 6793
f 6795 6792 6789
f 6796 6794 6793
f 6796 6793 6797
f 6798 6795 6789
f 6796 6797 6799
f 6799 6800 6796
f 6801 6800 6799
f 6801 6799 6802
f 6803 6801 6802
f 6803 6802 6804
f 6805 6803 6804
f 6805 6804 6806
f 6779 6805 6806
f 6806 6807 6779
f 6789 6808 6798
f 6809 6808 6789
f 6810 6809 6789
f 6779 6807 6780
f 6810 6789 6780
f 6780 6807 6811
f 6811 6810 6780
f 6812 6813 6814
f 6815 6812 6814
f 6816 6815 6814
f 6817 6815 6816
f 6818 6817 6816
f 6816 6819 6818
f 6820 6818 6819
f 6819 6821 6820
f 6819 6822 6821
f 6823 6822 6819
f 6824 6823 6819
f 6825 6824 6819
f 6819 6826 6825
f 6827 6816 6814
f 6826 6819 6827
f 6814 6826 6827
f 6814 6828 6826
f 6829 6830 6831
f 6830 6832 6831
f 6832 6833 6831
f 6833 6834 6831
f 6831 6834 6835
f 6835 6836 6831
f 6836 6837 6831
f 6837 6838 6831
f 6839 6831 6838
f 6831 6840 6829
f 6841 6829 6840
f 6842 6841 6840
f 6840 6839 6842
f 6839 6838 6843
f 6839 6844 6842
f 6839 6843 6845
f 6846 6844 6839
f 6839 6845 6847
f 6839 6847 6846
f 6848 6849 6850
f 6851 6852 6853
f 6854 6855 6856
f 6857 6858 6859
f 6860 6861 6862
f 6863 6864 6865
f 6866 6867 6868
f 6869 6870 6871
f 6872 6873 6874
f 6875 6876 6877
f 6876 6878 6877
f 6876 6879 6878
f 6880 6881 6882
f 6880 6882 6883
f 6884 6880 6883
f 6885 6886 6887
f 6885 6887 6888
f 6889 6885 6888
f 6890 6891 6892
f 6890 6892 6893
f 6894 6895 6896
f 6894 6896 6897
f 6898 6899 6900
f 6898 6900 6901
f 6902 6903 6904
f 6903 6905 6904
f 6903 6906 6905
f 6907 6908 6909
f 6907 6909 6910
f 6911 6907 6910
f 6912 6913 6914
f 6912 6914 6915
f 6916 6912 6915
f 6917 6918 6919
f 6917 6919 6920
f 6921 6922 6923
f 6921 6923 6924
f 6925 6921 6924
f 6926 6927 6928
f 6927 6929 6928
f 6927 6930 6929
f 6931 6932 6933
f 6933 6934 6931
f 6933 6935 6934
f 6936 6937 6938
f 6936 6938 6939
f 6940 6941 6942
f 6940 6942 6943
f 6944 6945 6946
f 6945 6947 6946
f 6945 6948 6947
f 6949 6950 6951
f 6949 6951 6952
f 6953 6949 6952
f 6954 6955 6956
f 6954 6956 6957
f 6958 6959 6960
f 6958 6960 6961
f 6962 6963 6964
f 6964 6965 6962
f 6965 6966 6962
f 6967 6968 6969
f 6968 6970 6969
f 6968 6971 6970
f 6972 6973 6974
f 6972 6974 6975
f 6976 6977 6978
f 6976 6978 6979
f 6980 6981 6982
f 6980 6982 6983
f 6984 6985 6986
f 6984 6986 6987
f 6988 6989 6990
f 6988 6990 6991
f 6992 6993 6994
f 6992 6994 6995
f 6996 6997 6998
f 6996 6998 6999
f 7000 7001 7002
f 7000 7002 7003
f 7004 7000 7003
f 7005 7006 7007
f 7005 7007 7008
f 7009 7010 7011
f 7009 7011 7012
f 7013 7014 7015
f 7013 7015 7016
f 7017 7018 7019
f 7017 7019 7020
f 7021 7022 7023
f 7021 7023 7024
f 7025 7026 7027
f 7025 7027 7028
f 7029 7030 7031
f 7029 7031 7032
f 7033 7034 7035
f 7033 7035 7036
f 7037 7038 7039
f 7037 7039 7040
f 7041 7042 7043
f 7041 7043 7044
f 7045 7046 7047
f 7045 7047 7048
f 7049 7050 7051
f 7049 7051 7052
f 7053 7054 7055
f 7053 7055 7056
f 7057 7058 7059
f 7057 7059 7060
f 7061 7062 7063
f 7061 7063 7064
f 7065 7066 7067
f 7065 7067 7068
f 7069 7070 7071
f 7069 7071 7072
f 7073 7074 7075
f 7076 7073 7075
f 7075 7077 7076
f 7075 7078 7077
f 7075 7079 7078
f 7080 7081 7082
f 7080 7082 7083
f 7084 7085 7086
f 7084 7086 7087
f 7088 7089 7090
f 7088 7090 7091
f 7091 7092 7088
f 7092 7093 7088
f 7092 7094 7093
f 7095 7096 7097
f 7095 7097 7098
f 7099 7100 7101
f 7099 7101 7102
f 7103 7104 7105
f 7103 7105 7106
f 7107 7108 7109
f 7107 7109 7110
f 7111 7112 7113
f 7111 7113 7114
f 7115 7116 7117
f 7115 7117 7118
f 7119 7120 7121
f 7119 7121 7122
f 7123 7124 7125
f 7123 7125 7126
f 7127 7128 7129
f 7127 7129 7130
f 7131 7132 7133
f 7131 7133 7134
f 7135 7136 7137
f 7135 7137 7138
f 7139 7140 7141
f 7139 7141 7142
f 7143 7144 7145
f 7143 7145 7146
f 7147 7148 7149
f 7147 7149 7150
f 7151 7152 7153
f 7151 7153 7154
f 7155 7156 7157
f 7155 7157 7158
f 7159 7160 7161
f 7159 7161 7162
f 7163 7164 7165
f 7163 7165 7166
f 7167 7168 7169
f 7167 7169 7170
f 7171 7172 7173
f 7171 7173 7174
f 7175 7176 7177
f 7175 7177 7178
f 7179 7180 7181
f 7179 7181 7182
f 7183 7184 7185
f 7183 7185 7186
f 7187 7188 7189
f 7187 7190 7188
f 7190 7191 7188
f 7190 7192 7191
f 7193 7194 7195
f 7193 7195 7196
f 7197 7198 7199
f 7197 7199 7200
f 7201 7202 7203
f 7201 7204 7202
f 7205 7202 7204
f 7205 7204 7206
f 7207 7208 7209
f 7207 7209 7210
f 7211 7212 7213
f 7211 7213 7214
f 7215 7216 7217
f 7215 7217 7218
f 7219 7220 7221
f 7221 7222 7219
f 7221 7223 7222
f 7223 7224 7222
f 7223 7225 7224
f 7225 7226 7224
f 7227 7228 7229
f 7227 7229 7230
f 7231 7232 7233
f 7231 7233 7234
f 7235 7236 7237
f 7235 7237 7238
f 7239 7240 7241
f 7239 7241 7242
f 7243 7244 7245
f 7243 7245 7246
f 7247 7248 7249
f 7247 7249 7250
f 7251 7252 7253
f 7251 7253 7254
f 7255 7256 7257
f 7255 7257 7258
f 7259 7260 7261
f 7259 7261 7262
f 7263 7264 7265
f 7265 7266 7263
f 7266 7267 7263
f 7268 7269 7270
f 7268 7270 7271
f 7272 7273 7274
f 7272 7274 7275
f 7275 7276 7272
f 7275 7277 7276
f 7278 7279 7280
f 7278 7280 7281
f 7282 7283 7284
f 7282 7284 7285
f 7286 7287 7288
f 7288 7289 7286
f 7288 7290 7289
f 7291 7292 7293
f 7291 7293 7294
f 7295 7296 7297
f 7295 7297 7298
f 7299 7300 7301
f 7299 7302 7300
f 7302 7303 7300
f 7304 7305 7306
f 7304 7307 7305
f 7307 7308 7305
f 7309 7310 7311
f 7309 7312 7310
f 7312 7313 7310
f 7314 7315 7316
f 7314 7316 7317
f 7318 7319 7320
f 7320 7321 7318
f 7321 7322 7318
f 7323 7324 7325
f 7323 7325 7326
f 7327 7328 7329
f 7327 7329 7330
f 7331 7332 7333
f 7331 7333 7334
f 7335 7336 7337
f 7338 7335 7337
f 7338 7337 7339
f 7340 7341 7342
f 7340 7342 7343
f 7344 7345 7346
f 7344 7346 7347
f 7348 7349 7350
f 7348 7350 7351
f 7352 7353 7354
f 7352 7354 7355
f 7356 7357 7358
f 7356 7359 7357
f 7359 7360 7357
f 7361 7362 7363
f 7361 7363 7364
f 7365 7366 7367
f 7368 7365 7367
f 7368 7367 7369
f 7370 7371 7372
f 7370 7372 7373
f 7374 7375 7376
f 7374 7376 7377
f 7378 7379 7380
f 7378 7380 7381
f 7382 7383 7384
f 7382 7384 7385
f 7386 7387 7388
f 7386 7388 7389
f 7390 7391 7392
f 7390 7393 7391
f 7393 7394 7391
f 7395 7396 7397
f 7395 7397 7398
f 7399 7400 7401
f 7402 7399 7401
f 7402 7401 7403
v 25.30094 5.948313 11.82271
v 27.36735 12.72755 15.22435
v 19.89088 11.50058 13.12768
v 25.30094 5.948313 11.82271
v 31.98817 9.51536 9.735278
v 27.36735 12.72755 15.22435
v 19.89088 11.50058 13.12768
v 19.89088 7.530135 6.342878
v 25.30094 5.948313 11.82271
v 27.36735 12.72755 15.22435
v 23.23452 18.49919 11.8468
v 19.89088 11.50058 13.12768
v 25.30094 5.948313 11.82271
v 27.36735 6.303173 4.246208
v 31.98817 9.51536 9.735278
v 31.98817 9.51536 9.735278
v 30.71099 17.27223 9.750132
v 27.36735 12.72755 15.22435
v 19.89088 11.50058 13.12768
v 18.61369 15.287 6.357733
v 19.89088 7.530135 6.342878
v 27.36735 12.72755 15.22435
v 30.71099 17.27223 9.750132
v 23.23452 18.49919 11.8468
v 19.89088 11.50058 13.12768
v 23.23452 18.49919 11.8468
v 18.61369 15.287 6.357733
v 27.36735 6.303173 4.246208
v 30.71099 13.30178 2.965328
v 31.98817 9.51536 9.735278
v 31.98817 9.51536 9.735278
v 30.71099 13.30178 2.965328
v 30.71099 17.27223 9.750132
v 19.89088 7.530135 6.342878
v 18.61369 15.287 6.357733
v 23.23452 12.07481 0.8686625
v 30.71099 17.27223 9.750132
v 25.30093 18.85405 4.270305
v 23.23452 18.49919 11.8468
v 23.23452 18.49919 11.8468
v 25.30093 18.85405 4.270305
v 18.61369 15.287 6.357733
v 27.36735 6.303173 4.246208
v 23.23452 12.07481 0.8686625
v 30.71099 13.30178 2.965328
v 30.71099 13.30178 2.965328
v 25.30093 18.85405 4.270305
v 30.71099 17.27223 9.750132
v 19.89088 7.530135 6.342878
v 23.23452 12.07481 0.8686625
v 27.36735 6.303173 4.246208
v 18.61369 15.287 6.357733
v 25.30093 18.85405 4.270305
v 23.23452 12.07481 0.8686625
v 23.23452 12.07481 0.8686625
v 25.30093 18.85405 4.270305
v 30.71099 13.30178 2.965328
v 25.30094 6.985653 1.259404
v 26.99357 12.98664 -0.3491044
v 20.86948 11.0943 -0.9644241
v 25.30094 6.985653 1.259404
v 30.77855 8.0325 -1.960024
v 26.99357 12.98664 -0.3491044
v 20.86948 11.0943 -0.9644241
v 20.86948 4.970702 -2.955612
v 25.30094 6.985653 1.259404
v 26.99357 12.98664 -0.3491044
v 23.6083 14.68049 -5.558277
v 20.86948 11.0943 -0.9644241
v 25.30094 6.985653 1.259404
v 26.99357 3.078363 -3.570945
v 30.77855 8.0325 -1.960024
v 30.77855 8.0325 -1.960024
v 29.73239 12.78815 -6.173605
v 26.99357 12.98664 -0.3491044
v 20.86948 11.0943 -0.9644241
v 19.82332 9.726351 -7.169191
v 20.86948 4.970702 -2.955612
v 26.99357 12.98664 -0.3491044
v 29.73239 12.78815 -6.173605
v 23.6083 14.68049 -5.558277
v 20.86948 11.0943 -0.9644241
v 23.6083 14.68049 -5.558277
v 19.82332 9.726351 -7.169191
v 26.99357 3.078363 -3.570945
v 29.73239 6.664551 -8.164794
v 30.77855 8.0325 -1.960024
v 30.77855 8.0325 -1.960024
v 29.73239 6.664551 -8.164794
v 29.73239 12.78815 -6.173605
v 20.86948 4.970702 -2.955612
v 19.82332 9.726351 -7.169191
v 23.6083 4.77221 -8.780119
v 29.73239 12.78815 -6.173605
v 25.30094 10.7732 -10.38862
v 23.6083 14.68049 -5.558277
v 23.6083 14.68049 -5.558277
v 25.30094 10.7732 -10.38862
v 19.82332 9.726351 -7.169191
v 26.99357 3.078363 -3.570945
v 23.6083 4.77221 -8.780119
v 29.73239 6.664551 -8.164794
v 29.73239 6.664551 -8.164794
v 25.30094 10.7732 -10.38862
v 29.73239 12.78815 -6.173605
v 19.82332 9.726351 -7.169191
v 25.30094 10.7732 -10.38862
v 23.6083 4.77221 -8.780119
v 23.6083 4.77221 -8.780119
v 25.30094 10.7732 -10.38862
v 29.73239 6.664551 -8.164794
v 24.52192 6.713651 5.613702
v 24.47273 6.709102 5.754723
v 24.39488 6.702406 5.972895
v 19.89088 7.530135 6.342878
v 27.36735 6.303173 4.246208
v 24.71223 6.684272 5.541665
v 24.82344 6.667255 5.497989
v 25.00888 6.620014 5.61549
v 25.12636 6.589915 5.691648
v 25.19941 6.553833 5.914072
v 25.25487 6.526052 6.08685
v 25.27383 6.146075 9.881198
v 25.30094 5.948313 11.82271
v 25.18894 6.519838 6.277074
v 25.16998 6.193029 9.608762
v 25.24276 6.143702 9.965256
v 25.14307 6.204908 9.541062
v 25.12819 6.510438 6.489398
v 25.14029 6.135293 10.24835
v 24.95964 6.536486 6.552939
v 24.88797 6.262646 9.452572
v 25.05435 6.147009 10.29649
v 24.82345 6.277143 9.43126
v 24.82344 6.554965 6.630151
v 24.65575 6.598241 6.518325
v 24.57727 6.310028 9.576059
v 24.52002 6.63565 6.403823
v 24.50518 6.319781 9.617245
v 24.4446 6.67406 6.162509
v 24.40991 6.310879 9.891302
v 24.37569 6.30807 9.985871
v 24.82345 6.17822 10.42863
v 24.73067 6.199107 10.3976
v 24.50789 6.249529 10.32031
v 24.46971 6.26627 10.2254
v 24.59564 4.051159 -5.31604
v 24.63212 4.009654 -5.060692
v 24.63887 4.000752 -5.002986
v 24.55647 4.083289 -5.483638
v 23.6083 4.77221 -8.780119
v 24.64214 4.089783 -5.7746
v 24.8482 4.029316 -5.822775
v 26.99357 3.078363 -3.570945
v 25.05394 3.937314 -5.599945
v 25.08411 3.912565 -5.470847
v 25.14299 3.851702 -5.111223
v 25.13254 3.84709 -5.043011
v 25.05876 3.824648 -4.648049
v 25.00901 3.837407 -4.620666
v 24.84677 3.885981 -4.591025
v 20.86948 4.970702 -2.955612
v 24.80644 3.909912 -4.685219
v 24.47081 5.038689 -1.691459
v 24.51114 5.108522 -1.582191
v 25.30094 6.985653 1.259404
v 24.55456 5.185805 -1.461656
v 24.664 5.192911 -1.4163
v 24.76979 5.200734 -1.371141
v 24.87941 5.139739 -1.419505
v 24.99353 5.075238 -1.471231
v 25.03868 4.990183 -1.573681
v 25.09636 4.879436 -1.707435
v 26.99357 3.078363 -3.570945
v 20.86948 4.970702 -2.955612
v 24.52743 4.923911 -1.831111
v 24.56907 4.842054 -1.930302
v 25.06462 4.822076 -1.796744
v 24.71212 4.758882 -1.99833
v 25.01494 4.727272 -1.943441
v 24.79513 4.711511 -2.036584
v 24.93706 4.722293 -1.97561
v 25.25487 6.526052 6.08685
v 25.18894 6.519838 6.277074
v 25.28853 4.450815 7.427791
v 25.12819 6.510438 6.489398
v 24.95964 6.536486 6.552939
v 25.15231 4.218011 8.056166
v 24.52002 6.63565 6.403823
v 24.4446 6.67406 6.162509
v 24.49458 4.218012 8.056165
v 24.82344 6.554965 6.630151
v 24.65575 6.598241 6.518325
v 24.82344 4.446228 8.113463
v 25.13254 3.84709 -5.043011
v 25.05876 3.824648 -4.648049
v 25.12346 2.534064 -2.302391
v 25.05394 3.937314 -5.599945
v 25.08411 3.912565 -5.470847
v 25.05681 3.860047 -5.521728
v 24.59564 4.051159 -5.31604
v 24.55647 4.083289 -5.483638
v 24.56019 3.982978 -5.382094
v 24.80644 3.909912 -4.685219
v 24.63887 4.000752 -5.002986
v 24.65983 2.513961 -2.305272
v 25.00901 3.837407 -4.620666
v 24.84677 3.885981 -4.591025
v 24.88485 2.685827 -2.340342
v 24.50789 6.249529 10.32031
v 24.46971 6.26627 10.2254
v 24.49458 5.0614 9.571864
v 24.35836 5.239881 9.295649
v 24.37569 6.30807 9.985871
v 24.73067 6.199107 10.3976
v 24.50789 6.249529 10.32031
v 24.49458 5.0614 9.571864
v 24.82345 4.987469 9.686277
v 24.82345 6.17822 10.42863
v 25.19941 6.553833 5.914072
v 25.25487 6.526052 6.08685
v 25.28853 4.450815 7.427791
v 25.15231 4.272331 7.151572
v 25.12636 6.589915 5.691648
v 24.49458 5.0614 9.571864
v 24.37055 3.640025 8.446578
v 24.82344 3.379215 8.789898
v 24.82345 4.987469 9.686277
v 25.28853 4.450815 7.427791
v 25.46392 3.288435 8.155886
v 25.27633 3.224248 7.707568
v 25.15231 4.272331 7.151572
v 24.35836 5.239881 9.295649
v 24.43399 3.935672 8.24688
v 24.37055 3.640025 8.446578
v 24.49458 5.0614 9.571864
v 24.37569 6.30807 9.985871
v 24.40991 6.310879 9.891302
v 24.35836 5.239881 9.295649
v 24.49458 5.418364 9.019428
v 24.50518 6.319781 9.617245
v 25.05435 6.147009 10.29649
v 24.82345 6.17822 10.42863
v 24.82345 4.987469 9.686277
v 25.15232 5.0614 9.571864
v 25.14029 6.135293 10.24835
v 25.00888 6.620014 5.61549
v 25.12636 6.589915 5.691648
v 25.15231 4.272331 7.151572
v 24.82344 4.198403 7.037157
v 24.82344 6.667255 5.497989
v 25.18894 6.519838 6.277074
v 25.12819 6.510438 6.489398
v 25.15231 4.218011 8.056166
v 25.28853 4.450815 7.427791
v 25.16998 6.193029 9.608762
v 25.27383 6.146075 9.881198
v 25.28853 5.239881 9.295649
v 25.15232 5.418364 9.019426
v 25.14307 6.204908 9.541062
v 25.27383 6.146075 9.881198
v 25.24276 6.143702 9.965256
v 25.28853 5.239881 9.295649
v 25.15232 5.0614 9.571864
v 25.14029 6.135293 10.24835
v 25.21353 3.932706 8.24888
v 25.27633 3.640022 8.446578
v 25.46392 3.288435 8.155886
v 25.15231 4.218011 8.056166
v 25.28853 4.450815 7.427791
v 25.28853 5.239881 9.295649
v 25.21353 3.932706 8.24888
v 25.15231 4.218011 8.056166
v 25.15232 5.418364 9.019426
v 25.15232 5.0614 9.571864
v 25.27633 3.640022 8.446578
v 25.21353 3.932706 8.24888
v 25.28853 5.239881 9.295649
v 24.39488 6.702406 5.972895
v 24.47273 6.709102 5.754723
v 24.35835 4.450815 7.427791
v 24.49458 4.272331 7.151572
v 24.52192 6.713651 5.613702
v 24.71223 6.684272 5.541665
v 24.82344 6.667255 5.497989
v 24.82344 4.198403 7.037157
v 24.49458 4.272331 7.151572
v 24.52192 6.713651 5.613702
v 24.4446 6.67406 6.162509
v 24.39488 6.702406 5.972895
v 24.35835 4.450815 7.427791
v 24.49458 4.218012 8.056165
v 24.49458 5.418364 9.019428
v 24.49458 4.218012 8.056165
v 24.43399 3.935672 8.24688
v 24.35836 5.239881 9.295649
v 24.18296 3.288435 8.155886
v 24.37055 3.640025 8.446578
v 24.43399 3.935672 8.24688
v 24.49458 4.218012 8.056165
v 24.35835 4.450815 7.427791
v 24.50518 6.319781 9.617245
v 24.57727 6.310028 9.576059
v 24.49458 5.418364 9.019428
v 24.82345 5.492293 8.905014
v 24.82345 6.277143 9.43126
v 25.27633 3.640022 8.446578
v 25.15232 5.0614 9.571864
v 24.82345 4.987469 9.686277
v 24.82344 3.379215 8.789898
v 24.82344 -0.8571875 7.999593
v 24.82344 3.379215 8.789898
v 24.37055 3.640025 8.446578
v 24.37055 -0.8167716 7.816411
v 24.37055 -0.8167716 7.816411
v 24.37055 3.640025 8.446578
v 24.18296 3.288435 8.155886
v 24.18296 -0.7192053 7.374153
v 24.82344 3.197661 7.521873
v 24.82344 4.198403 7.037157
v 25.15231 4.272331 7.151572
v 25.27633 3.224248 7.707568
v 25.27633 -0.6216382 6.931901
v 25.27633 3.224248 7.707568
v 25.46392 3.288435 8.155886
v 25.46392 -0.7192053 7.374153
v 25.46392 -0.7192053 7.374153
v 25.46392 3.288435 8.155886
v 25.27633 3.640022 8.446578
v 25.27633 -0.8167732 7.816403
v 24.95964 6.536486 6.552939
v 24.82344 6.554965 6.630151
v 24.82344 4.446228 8.113463
v 25.15231 4.218011 8.056166
v 24.88797 6.262646 9.452572
v 25.14307 6.204908 9.541062
v 25.15232 5.418364 9.019426
v 24.82345 5.492293 8.905014
v 24.82345 6.277143 9.43126
v 24.49458 4.272331 7.151572
v 24.37055 3.224248 7.707568
v 24.18296 3.288435 8.155886
v 24.35835 4.450815 7.427791
v 24.82344 4.198403 7.037157
v 24.82344 3.197661 7.521873
v 24.37055 3.224248 7.707568
v 24.49458 4.272331 7.151572
v 24.49458 4.218012 8.056165
v 24.49458 5.418364 9.019428
v 24.82345 5.492293 8.905014
v 24.82344 4.446228 8.113463
v 24.82344 3.379215 8.789898
v 24.82344 -0.8571875 7.999593
v 25.27633 -0.8167732 7.816403
v 25.27633 3.640022 8.446578
v 24.37055 -0.8167716 7.816411
v 24.15434 -3.981405 7.232217
v 24.82344 -3.989915 7.509242
v 24.82344 -0.8571875 7.999593
v 24.18296 -0.7192053 7.374153
v 23.87718 -3.960853 6.563423
v 24.15434 -3.981405 7.232217
v 24.37055 -0.8167716 7.816411
v 24.18296 -0.7192053 7.374153
v 24.18296 3.288435 8.155886
v 24.37055 3.224248 7.707568
v 24.37055 -0.6216382 6.931901
v 25.27633 3.224248 7.707568
v 25.27633 -0.6216382 6.931901
v 24.82344 -0.5812231 6.748712
v 24.82344 3.197661 7.521873
v 25.46392 -0.7192053 7.374153
v 25.7697 -3.960853 6.563423
v 25.50116 -4.048532 5.89582
v 25.27633 -0.6216382 6.931901
v 25.27633 -0.8167732 7.816403
v 25.49255 -3.981405 7.232217
v 25.7697 -3.960853 6.563423
v 25.46392 -0.7192053 7.374153
v 25.15232 5.418364 9.019426
v 25.15231 4.218011 8.056166
v 24.82344 4.446228 8.113463
v 24.82345 5.492293 8.905014
v 24.65575 6.598241 6.518325
v 24.52002 6.63565 6.403823
v 24.49458 4.218012 8.056165
v 24.82344 4.446228 8.113463
v 23.87718 -3.960853 6.563423
v 24.18296 -0.7192053 7.374153
v 24.37055 -0.6216382 6.931901
v 24.14573 -4.048529 5.895817
v 25.49255 -3.981405 7.232217
v 25.27633 -0.8167732 7.816403
v 24.82344 -0.8571875 7.999593
v 24.82344 -3.989915 7.509242
v 24.82344 3.197661 7.521873
v 24.82344 -0.5812231 6.748712
v 24.37055 -0.6216382 6.931901
v 24.37055 3.224248 7.707568
v 24.15434 -3.981405 7.232217
v 24.09725 -5.515101 7.328245
v 24.82344 -5.589442 7.619715
v 24.82344 -3.989915 7.509242
v 23.87718 -3.960853 6.563423
v 23.79646 -5.335625 6.624586
v 24.09725 -5.515101 7.328245
v 24.15434 -3.981405 7.232217
v 24.14573 -4.048529 5.895817
v 24.13099 -4.493639 5.905385
v 24.09725 -4.848044 5.920924
v 23.87718 -3.960853 6.563423
v 23.79646 -5.335625 6.624586
v 23.79646 -6.241517 6.408801
v 24.09725 -6.06204 5.705139
v 24.14573 -4.048529 5.895817
v 24.37055 -0.6216382 6.931901
v 24.82344 -0.5812231 6.748712
v 24.82344 -3.727843 5.615232
v 25.27633 -0.6216382 6.931901
v 25.50116 -4.048532 5.89582
v 24.82344 -3.727843 5.615232
v 24.82344 -0.5812231 6.748712
v 25.54963 -4.848044 5.920924
v 25.51874 -4.523533 5.906693
v 25.50116 -4.048532 5.89582
v 25.7697 -3.960853 6.563423
v 25.85043 -5.335625 6.624586
v 25.54963 -6.06204 5.705139
v 25.85043 -6.241517 6.408801
v 25.49255 -3.981405 7.232217
v 25.54963 -5.515101 7.328245
v 25.85043 -5.335625 6.624586
v 25.7697 -3.960853 6.563423
v 24.82344 -3.989915 7.509242
v 24.82344 -5.589442 7.619715
v 25.54963 -5.515101 7.328245
v 25.49255 -3.981405 7.232217
v 24.82344 -3.727843 5.615232
v 24.82344 -2.139211 4.545907
v 24.45376 -2.234059 4.425692
v 24.14573 -4.048529 5.895817
v 24.82344 -6.495335 7.403928
v 24.82344 -5.589442 7.619715
v 24.09725 -5.515101 7.328245
v 24.09725 -6.420992 7.112463
v 24.09725 -6.420992 7.112463
v 24.09725 -5.515101 7.328245
v 23.79646 -5.335625 6.624586
v 23.79646 -6.241517 6.408801
v 24.13099 -4.493639 5.905385
v 24.30064 -2.463047 4.135465
v 24.45376 -2.692029 3.845238
v 24.09725 -4.848044 5.920924
v 24.14573 -4.048529 5.895817
v 24.45376 -2.234059 4.425692
v 24.30064 -2.463047 4.135465
v 24.13099 -4.493639 5.905385
v 24.82344 -2.139211 4.545907
v 24.82344 -3.727843 5.615232
v 25.50116 -4.048532 5.89582
v 25.19313 -2.234059 4.425692
v 25.51874 -4.523533 5.906693
v 25.34625 -2.463047 4.135465
v 25.19313 -2.234059 4.425692
v 25.50116 -4.048532 5.89582
v 25.54963 -4.848044 5.920924
v 25.19313 -2.692029 3.845238
v 25.34625 -2.463047 4.135465
v 25.51874 -4.523533 5.906693
v 25.85043 -6.241517 6.408801
v 25.85043 -5.335625 6.624586
v 25.54963 -5.515101 7.328245
v 25.54963 -6.420996 7.112462
v 25.54963 -6.420996 7.112462
v 25.54963 -5.515101 7.328245
v 24.82344 -5.589442 7.619715
v 24.82344 -6.495335 7.403928
v 24.82344 -6.495335 7.403928
v 24.09725 -6.420992 7.112463
v 24.09725 -7.631234 7.13499
v 24.82344 -7.631238 7.435785
v 24.09725 -6.420992 7.112463
v 23.79646 -6.241517 6.408801
v 23.79646 -7.631235 6.4088
v 24.09725 -7.631234 7.13499
v 24.09725 -6.06204 5.705139
v 24.09725 -4.848044 5.920924
v 24.82344 -5.081806 5.62946
v 24.82344 -5.987698 5.413677
v 24.82344 -2.139211 4.545907
v 24.8681 0.05476562 1.921498
v 24.499 0.04129259 1.569215
v 24.45376 -2.234059 4.425692
v 25.19313 -2.234059 4.425692
v 25.23816 0.05855014 1.569979
v 24.8681 0.05476562 1.921498
v 24.82344 -2.139211 4.545907
v 25.19313 -2.692029 3.845238
v 25.54963 -4.848044 5.920924
v 24.82344 -5.081806 5.62946
v 24.82344 -2.786876 3.725022
v 25.85043 -6.241517 6.408801
v 25.54963 -6.420996 7.112462
v 25.54963 -7.631234 7.13499
v 25.85043 -7.631235 6.4088
v 25.54963 -6.420996 7.112462
v 24.82344 -6.495335 7.403928
v 24.82344 -7.631238 7.435785
v 25.54963 -7.631234 7.13499
v 23.79646 -6.241517 6.408801
v 24.09725 -6.06204 5.705139
v 24.09725 -7.631236 5.682612
v 23.79646 -7.631235 6.4088
v 24.09725 -6.06204 5.705139
v 24.82344 -5.987698 5.413677
v 24.82344 -7.631236 5.381815
v 24.09725 -7.631236 5.682612
v 24.09725 -4.848044 5.920924
v 24.45376 -2.692029 3.845238
v 24.82344 -2.786876 3.725022
v 24.82344 -5.081806 5.62946
v 24.30064 -2.463047 4.135465
v 24.51418 -0.5974147 1.30295
v 24.45376 -2.692029 3.845238
v 24.35461 -0.3344234 1.55885
v 24.60372 1.774082 -2.209224
v 24.46194 1.951146 -1.948127
v 24.45376 -2.234059 4.425692
v 24.499 0.04129259 1.569215
v 24.35461 -0.3344234 1.55885
v 24.30064 -2.463047 4.135465
v 25.23816 0.05855014 1.569979
v 25.19313 -2.234059 4.425692
v 25.34625 -2.463047 4.135465
v 25.39994 -0.3100144 1.559924
v 25.19313 -2.692029 3.845238
v 25.39994 -0.3100144 1.559924
v 25.34625 -2.463047 4.135465
v 25.25334 -0.580161 1.303717
v 25.36488 1.990301 -1.942525
v 25.2422 1.801766 -2.205271
v 24.82344 -2.786876 3.725022
v 24.88645 -0.6992019 1.197271
v 25.25334 -0.580161 1.303717
v 25.19313 -2.692029 3.845238
v 25.54963 -6.06204 5.705139
v 25.85043 -6.241517 6.408801
v 25.85043 -7.631235 6.4088
v 25.54963 -7.631236 5.682612
v 25.54963 -4.848044 5.920924
v 25.54963 -6.06204 5.705139
v 24.82344 -5.987698 5.413677
v 24.82344 -5.081806 5.62946
v 24.09725 -7.631234 7.13499
v 23.79646 -7.631235 6.4088
v 24.09725 -7.631236 5.682612
v 24.82344 -7.631238 7.435785
v 24.82344 -7.631236 5.381815
v 25.54963 -7.631234 7.13499
v 25.54963 -7.631236 5.682612
v 25.85043 -7.631235 6.4088
v 24.8681 0.05476562 1.921498
v 24.8999 2.229235 -1.574914
v 24.58013 2.270464 -1.876079
v 24.499 0.04129259 1.569215
v 25.23816 0.05855014 1.569979
v 25.21861 2.298151 -1.872115
v 24.8999 2.229235 -1.574914
v 24.8681 0.05476562 1.921498
v 25.39994 -0.3100144 1.559924
v 25.36488 1.990301 -1.942525
v 25.21861 2.298151 -1.872115
v 25.23816 0.05855014 1.569979
v 24.88645 -0.6992019 1.197271
v 24.82344 -2.786876 3.725022
v 24.45376 -2.692029 3.845238
v 24.51418 -0.5974147 1.30295
v 25.54963 -7.631236 5.682612
v 24.82344 -7.631236 5.381815
v 24.82344 -5.987698 5.413677
v 25.54963 -6.06204 5.705139
v 24.88645 -0.6992019 1.197271
v 24.92692 1.712205 -2.315738
v 25.2422 1.801766 -2.205271
v 25.25334 -0.580161 1.303717
v 24.46194 1.951146 -1.948127
v 24.35461 -0.3344234 1.55885
v 24.499 0.04129259 1.569215
v 24.58013 2.270464 -1.876079
v 24.8999 2.229235 -1.574914
v 24.84335 3.526019 -1.521991
v 24.61168 3.526142 -1.619007
v 24.58013 2.270464 -1.876079
v 25.21861 2.298151 -1.872115
v 25.07532 3.546247 -1.616129
v 24.84335 3.526019 -1.521991
v 24.8999 2.229235 -1.574914
v 25.17043 2.417615 -2.089998
v 25.21861 2.298151 -1.872115
v 25.36488 1.990301 -1.942525
v 25.2247 2.485127 -2.771589
v 25.12346 2.534064 -2.302391
v 25.2422 1.801766 -2.205271
v 25.13807 2.280912 -2.889363
v 25.2247 2.485127 -2.771589
v 25.36488 1.990301 -1.942525
v 24.92692 1.712205 -2.315738
v 24.88645 -0.6992019 1.197271
v 24.51418 -0.5974147 1.30295
v 24.60372 1.774082 -2.209224
v 24.91015 2.187993 -2.939341
v 24.67444 2.260804 -2.892243
v 24.92692 1.712205 -2.315738
v 24.91015 2.187993 -2.939341
v 25.13807 2.280912 -2.889363
v 25.2422 1.801766 -2.205271
v 24.46194 1.951146 -1.948127
v 24.56902 2.456702 -2.77565
v 24.67444 2.260804 -2.892243
v 24.60372 1.774082 -2.209224
v 24.46194 1.951146 -1.948127
v 24.58013 2.270464 -1.876079
v 24.6209 2.395019 -2.095611
v 24.56902 2.456702 -2.77565
v 24.65983 2.513961 -2.305272
v 25.07532 3.546247 -1.616129
v 25.21861 2.298151 -1.872115
v 25.17043 2.417615 -2.089998
v 25.1717 3.574988 -1.846264
v 24.58013 2.270464 -1.876079
v 24.61168 3.526142 -1.619007
v 24.51603 3.546556 -1.850325
v 24.6209 2.395019 -2.095611
v 24.76979 5.200734 -1.371141
v 24.61168 3.526142 -1.619007
v 24.84335 3.526019 -1.521991
v 24.664 5.192911 -1.4163
v 24.55456 5.185805 -1.461656
v 24.99353 5.075238 -1.471231
v 24.84335 3.526019 -1.521991
v 25.07532 3.546247 -1.616129
v 24.87941 5.139739 -1.419505
v 24.76979 5.200734 -1.371141
v 25.09636 4.879436 -1.707435
v 25.07532 3.546247 -1.616129
v 25.1717 3.574988 -1.846264
v 25.03868 4.990183 -1.573681
v 24.99353 5.075238 -1.471231
v 25.1717 3.574988 -1.846264
v 25.17043 2.417615 -2.089998
v 25.12346 2.534064 -2.302391
v 25.07605 3.595402 -2.077589
v 25.14299 3.851702 -5.111223
v 25.2247 2.485127 -2.771589
v 25.13807 2.280912 -2.889363
v 25.05681 3.860047 -5.521728
v 25.08411 3.912565 -5.470847
v 24.91015 2.187993 -2.939341
v 24.85701 3.791539 -5.582079
v 25.05681 3.860047 -5.521728
v 25.13807 2.280912 -2.889363
v 24.67444 2.260804 -2.892243
v 24.65131 3.842462 -5.524246
v 24.85701 3.791539 -5.582079
v 24.91015 2.187993 -2.939341
v 24.56902 2.456702 -2.77565
v 24.56019 3.982978 -5.382094
v 24.65131 3.842462 -5.524246
v 24.67444 2.260804 -2.892243
v 25.06462 4.822076 -1.796744
v 25.09636 4.879436 -1.707435
v 25.1717 3.574988 -1.846264
v 25.01494 4.727272 -1.943441
v 25.07605 3.595402 -2.077589
v 25.14299 3.851702 -5.111223
v 25.13254 3.84709 -5.043011
v 25.12346 2.534064 -2.302391
v 25.2247 2.485127 -2.771589
v 24.63212 4.009654 -5.060692
v 24.59564 4.051159 -5.31604
v 24.56019 3.982978 -5.382094
v 24.56902 2.456702 -2.77565
v 24.63887 4.000752 -5.002986
v 24.63212 4.009654 -5.060692
v 24.56902 2.456702 -2.77565
v 24.65983 2.513961 -2.305272
v 24.6209 2.395019 -2.095611
v 24.51603 3.546556 -1.850325
v 24.61241 3.5753 -2.080467
v 24.65983 2.513961 -2.305272
v 24.55456 5.185805 -1.461656
v 24.51603 3.546556 -1.850325
v 24.61168 3.526142 -1.619007
v 24.51114 5.108522 -1.582191
v 24.47081 5.038689 -1.691459
v 25.07605 3.595402 -2.077589
v 25.12346 2.534064 -2.302391
v 24.88485 2.685827 -2.340342
v 24.84438 3.595535 -2.174597
v 24.93706 4.722293 -1.97561
v 25.01494 4.727272 -1.943441
v 25.07605 3.595402 -2.077589
v 24.79513 4.711511 -2.036584
v 24.84438 3.595535 -2.174597
v 24.8482 4.029316 -5.822775
v 25.05394 3.937314 -5.599945
v 25.05681 3.860047 -5.521728
v 24.85701 3.791539 -5.582079
v 24.64214 4.089783 -5.7746
v 24.8482 4.029316 -5.822775
v 24.85701 3.791539 -5.582079
v 24.65131 3.842462 -5.524246
v 24.55647 4.083289 -5.483638
v 24.64214 4.089783 -5.7746
v 24.65131 3.842462 -5.524246
v 24.56019 3.982978 -5.382094
v 25.05876 3.824648 -4.648049
v 25.00901 3.837407 -4.620666
v 24.88485 2.685827 -2.340342
v 25.12346 2.534064 -2.302391
v 24.84677 3.885981 -4.591025
v 24.80644 3.909912 -4.685219
v 24.65983 2.513961 -2.305272
v 24.88485 2.685827 -2.340342
v 24.47081 5.038689 -1.691459
v 24.61241 3.5753 -2.080467
v 24.51603 3.546556 -1.850325
v 24.52743 4.923911 -1.831111
v 24.56907 4.842054 -1.930302
v 24.84438 3.595535 -2.174597
v 24.88485 2.685827 -2.340342
v 24.65983 2.513961 -2.305272
v 24.61241 3.5753 -2.080467
v 24.71212 4.758882 -1.99833
v 24.79513 4.711511 -2.036584
v 24.84438 3.595535 -2.174597
v 24.56907 4.842054 -1.930302
v 24.61241 3.5753 -2.080467
f 7404 7405 7406
f 7407 7408 7409
f 7410 7411 7412
f 7413 7414 7415
f 7416 7417 7418
f 7419 7420 7421
f 7422 7423 7424
f 7425 7426 7427
f 7428 7429 7430
f 7431 7432 7433
f 7434 7435 7436
f 7437 7438 7439
f 7440 7441 7442
f 7443 7444 7445
f 7446 7447 7448
f 7449 7450 7451
f 7452 7453 7454
f 7455 7456 7457
f 7458 7459 7460
f 7461 7462 7463
f 7464 7465 7466
f 7467 7468 7469
f 7470 7471 7472
f 7473 7474 7475
f 7476 7477 7478
f 7479 7480 7481
f 7482 7483 7484
f 7485 7486 7487
f 7488 7489 7490
f 7491 7492 7493
f 7494 7495 7496
f 7497 7498 7499
f 7500 7501 7502
f 7503 7504 7505
f 7506 7507 7508
f 7509 7510 7511
f 7512 7513 7514
f 7515 7516 7517
f 7515 7517 7518
f 7518 7519 7515
f 7520 7515 7519
f 7519 7521 7520
f 7519 7522 7521
f 7519 7523 7522
f 7519 7524 7523
f 7519 7525 7524
f 7519 7526 7525
f 7519 7527 7526
f 7528 7525 7526
f 7528 7526 7529
f 7530 7526 7527
f 7528 7529 7531
f 7532 7528 7531
f 7533 7530 7527
f 7534 7532 7531
f 7534 7531 7535
f 7536 7533 7527
f 7534 7535 7537
f 7537 7538 7534
f 7539 7538 7537
f 7539 7537 7540
f 7541 7539 7540
f 7541 7540 7542
f 7543 7541 7542
f 7543 7542 7544
f 7517 7543 7544
f 7544 7545 7517
f 7527 7546 7536
f 7547 7546 7527
f 7548 7547 7527
f 7517 7545 7518
f 7548 7527 7518
f 7518 7545 7549
f 7549 7548 7518
f 7550 7551 7552
f 7553 7550 7552
f 7554 7553 7552
f 7555 7553 7554
f 7556 7555 7554
f 7554 7557 7556
f 7558 7556 7557
f 7557 7559 7558
f 7557 7560 7559
f 7561 7560 7557
f 7562 7561 7557
f 7563 7562 7557
f 7557 7564 7563
f 7565 7554 7552
f 7564 7557 7565
f 7552 7564 7565
f 7552 7566 7564
f 7567 7568 7569
f 7568 7570 7569
f 7570 7571 7569
f 7571 7572 7569
f 7569 7572 7573
f 7573 7574 7569
f 7574 7575 7569
f 7575 7576 7569
f 7577 7569 7576
f 7569 7578 7567
f 7579 7567 7578
f 7580 7579 7578
f 7578 7577 7580
f 7577 7576 7581
f 7577 7582 7580
f 7577 7581 7583
f 7584 7582 7577
f 7577 7583 7585
f 7577 7585 7584
f 7586 7587 7588
f 7589 7590 7591
f 7592 7593 7594
f 7595 7596 7597
f 7598 7599 7600
f 7601 7602 7603
f 7604 7605 7606
f 7607 7608 7609
f 7610 7611 7612
f 7613 7614 7615
f 7614 7616 7615
f 7614 7617 7616
f 7618 7619 7620
f 7618 7620 7621
f 7622 7618 7621
f 7623 7624 7625
f 7623 7625 7626
f 7627 7623 7626
f 7628 7629 7630
f 7628 7630 7631
f 7632 7633 7634
f 7632 7634 7635
f 7636 7637 7638
f 7636 7638 7639
f 7640 7641 7642
f 7641 7643 7642
f 7641 7644 7643
f 7645 7646 7647
f 7645 7647 7648
f 7649 7645 7648
f 7650 7651 7652
f 7650 7652 7653
f 7654 7650 7653
f 7655 7656 7657
f 7655 7657 7658
f 7659 7660 7661
f 7659 7661 7662
f 7663 7659 7662
f 7664 7665 7666
f 7665 7667 7666
f 7665 7668 7667
f 7669 7670 7671
f 7671 7672 7669
f 7671 7673 7672
f 7674 7675 7676
f 7674 7676 7677
f 7678 7679 7680
f 7678 7680 7681
f 7682 7683 7684
f 7683 7685 7684
f 7683 7686 7685
f 7687 7688 7689
f 7687 7689 7690
f 7691 7687 7690
f 7692 7693 7694
f 7692 7694 7695
f 7696 7697 7698
f 7696 7698 7699
f 7700 7701 7702
f 7702 7703 7700
f 7703 7704 7700
f 7705 7706 7707
f 7706 7708 7707
f 7706 7709 7708
f 7710 7711 7712
f 7710 7712 7713
f 7714 7715 7716
f 7714 7716 7717
f 7718 7719 7720
f 7718 7720 7721
f 7722 7723 7724
f 7722 7724 7725
f 7726 7727 7728
f 7726 7728 7729
f 7730 7731 7732
f 7730 7732 7733
f 7734 7735 7736
f 7734 7736 7737
f 7738 7739 7740
f 7738 7740 7741
f 7742 7738 7741
f 7743 7744 7745
f 7743 7745 7746
f 7747 7748 7749
f 7747 7749 7750
f 7751 7752 7753
f 7751 7753 7754
f 7755 7756 7757
f 7755 7757 7758
f 7759 7760 7761
f 7759 7761 7762
f 7763 7764 7765
f 7763 7765 7766
f 7767 7768 7769
f 7767 7769 7770
f 7771 7772 7773
f 7771 7773 7774
f 7775 7776 7777
f 7775 7777 7778
f 7779 7780 7781
f 7779 7781 7782
f 7783 7784 7785
f 7783 7785 7786
f 7787 7788 7789
f 7787 7789 7790
f 7791 7792 7793
f 7791 7793 7794
f 7795 7796 7797
f 7795 7797 7798
f 7799 7800 7801
f 7799 7801 7802
f 7803 7804 7805
f 7803 7805 7806
f 7807 7808 7809
f 7807 7809 7810
f 7811 7812 7813
f 7814 7811 7813
f 7813 7815 7814
f 7813 7816 7815
f 7813 7817 7816
f 7818 7819 7820
f 7818 7820 7821
f 7822 7823 7824
f 7822 7824 7825
f 7826 7827 7828
f 7826 7828 7829
f 7829 7830 7826
f 7830 7831 7826
f 7830 7832 7831
f 7833 7834 7835
f 7833 7835 7836
f 7837 7838 7839
f 7837 7839 7840
f 7841 7842 7843
f 7841 7843 7844
f 7845 7846 7847
f 7845 7847 7848
f 7849 7850 7851
f 7849 7851 7852
f 7853 7854 7855
f 7853 7855 7856
f 7857 7858 7859
f 7857 7859 7860
f 7861 7862 7863
f 7861 7863 7864
f 7865 7866 7867
f 7865 7867 7868
f 7869 7870 7871
f 7869 7871 7872
f 7873 7874 7875
f 7873 7875 7876
f 7877 7878 7879
f 7877 7879 7880
f 7881 7882 7883
f 7881 7883 7884
f 7885 7886 7887
f 7885 7887 7888
f 7889 7890 7891
f 7889 7891 7892
f 7893 7894 7895
f 7893 7895 7896
f 7897 7898 7899
f 7897 7899 7900
f 7901 7902 7903
f 7901 7903 7904
f 7905 7906 7907
f 7905 7907 7908
f 7909 7910 7911
f 7909 7911 7912
f 7913 7914 7915
f 7913 7915 7916
f 7917 7918 7919
f 7917 7919 7920
f 7921 7922 7923
f 7921 7923 7924
f 7925 7926 7927
f 7925 7928 7926
f 7928 7929 7926
f 7928 7930 7929
f 7931 7932 7933
f 7931 7933 7934
f 7935 7936 7937
f 7935 7937 7938
f 7939 7940 7941
f 7939 7942 7940
f 7943 7940 7942
f 7943 7942 7944
f 7945 7946 7947
f 7945 7947 7948
f 7949 7950 7951
f 7949 7951 7952
f 7953 7954 7955
f 7953 7955 7956
f 7957 7958 7959
f 7959 7960 7957
f 7959 7961 7960
f 7961 7962 7960
f 7961 7963 7962
f 7963 7964 7962
f 7965 7966 7967
f 7965 7967 7968
f 7969 7970 7971
f 7969 7971 7972
f 7973 7974 7975
f 7973 7975 7976
f 7977 7978 7979
f 7977 7979 7980
f 7981 7982 7983
f 7981 7983 7984
f 7985 7986 7987
f 7985 7987 7988
f 7989 7990 7991
f 7989 7991 7992
f 7993 7994 7995
f 7993 7995 7996
f 7997 7998 7999
f 7997 7999 8000
f 8001 8002 8003
f 8003 8004 8001
f 8004 8005 8001
f 8006 8007 8008
f 8006 8008 8009
f 8010 8011 8012
f 8010 8012 8013
f 8013 8014 8010
f 8013 8015 8014
f 8016 8017 8018
f 8016 8018 8019
f 8020 8021 8022
f 8020 8022 8023
f 8024 8025 8026
f 8026 8027 8024
f 8026 8028 8027
f 8029 8030 8031
f 8029 8031 8032
f 8033 8034 8035
f 8033 8035 8036
f 8037 8038 8039
f 8037 8040 8038
f 8040 8041 8038
f 8042 8043 8044
f 8042 8045 8043
f 8045 8046 8043
f 8047 8048 8049
f 8047 8050 8048
f 8050 8051 8048
f 8052 8053 8054
f 8052 8054 8055
f 8056 8057 8058
f 8058 8059 8056
f 8059 8060 8056
f 8061 8062 8063
f 8061 8063 8064
f 8065 8066 8067
f 8065 8067 8068
f 8069 8070 8071
f 8069 8071 8072
f 8073 8074 8075
f 8076 8073 8075
f 8076 8075 8077
f 8078 8079 8080
f 8078 8080 8081
f 8082 8083 8084
f 8082 8084 8085
f 8086 8087 8088
f 8086 8088 8089
f 8090 8091 8092
f 8090 8092 8093
f 8094 8095 8096
f 8094 8097 8095
f 8097 8098 8095
f 8099 8100 8101
f 8099 8101 8102
f 8103 8104 8105
f 8106 8103 8105
f 8106 8105 8107
f 8108 8109 8110
f 8108 8110 8111
f 8112 8113 8114
f 8112 8114 8115
f 8116 8117 8118
f 8116 8118 8119
f 8120 8121 8122
f 8120 8122 8123
f 8124 8125 8126
f 8124 8126 8127
f 8128 8129 8130
f 8128 8131 8129
f 8131 8132 8129
f 8133 8134 8135
f 8133 8135 8136
f 8137 8138 8139
f 8140 8137 8139
f 8140 8139 8141
v 13.91624 14.41641 -35.32549
v 19.66433 25.21232 -37.99638
v 15.02796 23.25839 -26.5329
v 13.91624 14.41641 -35.32549
v 11.79127 20.09692 -46.27742
v 19.66433 25.21232 -37.99638
v 15.02796 23.25839 -26.5329
v 4.289574 16.93546 -27.72892
v 13.91624 14.41641 -35.32549
v 19.66433 25.21232 -37.99638
v 13.59012 34.40365 -32.0507
v 15.02796 23.25839 -26.5329
v 13.91624 14.41641 -35.32549
v 2.289102 14.98152 -39.93161
v 11.79127 20.09692 -46.27742
v 11.79127 20.09692 -46.27742
v 11.58964 32.44971 -44.25339
v 19.66433 25.21232 -37.99638
v 15.02796 23.25839 -26.5329
v 4.087944 29.28825 -25.70488
v 4.289574 16.93546 -27.72892
v 19.66433 25.21232 -37.99638
v 11.58964 32.44971 -44.25339
v 13.59012 34.40365 -32.0507
v 15.02796 23.25839 -26.5329
v 13.59012 34.40365 -32.0507
v 4.087944 29.28825 -25.70488
v 2.289102 14.98152 -39.93161
v 0.851256 26.12679 -45.44941
v 11.79127 20.09692 -46.27742
v 11.79127 20.09692 -46.27742
v 0.851256 26.12679 -45.44941
v 11.58964 32.44971 -44.25339
v 4.289574 16.93546 -27.72892
v 4.087944 29.28825 -25.70488
v -3.785111 24.17284 -33.98593
v 11.58964 32.44971 -44.25339
v 1.962975 34.96876 -36.65682
v 13.59012 34.40365 -32.0507
v 13.59012 34.40365 -32.0507
v 1.962975 34.96876 -36.65682
v 4.087944 29.28825 -25.70488
v 2.289102 14.98152 -39.93161
v -3.785111 24.17284 -33.98593
v 0.851256 26.12679 -45.44941
v 0.851256 26.12679 -45.44941
v 1.962975 34.96876 -36.65682
v 11.58964 32.44971 -44.25339
v 4.289574 16.93546 -27.72892
v -3.785111 24.17284 -33.98593
v 2.289102 14.98152 -39.93161
v 4.087944 29.28825 -25.70488
v 1.962975 34.96876 -36.65682
v -3.785111 24.17284 -33.98593
v -3.785111 24.17284 -33.98593
v 1.962975 34.96876 -36.65682
v 0.851256 26.12679 -45.44941
v -2.802413 16.06837 -37.18759
v -5.04984 25.62493 -40.15008
v -7.103267 22.61139 -30.56589
v -2.802413 16.06837 -37.18759
v -6.932244 17.73547 -46.42459
v -5.04984 25.62493 -40.15008
v -7.103267 22.61139 -30.56589
v -10.25474 12.85957 -30.9169
v -2.802413 16.06837 -37.18759
v -5.04984 25.62493 -40.15008
v -13.89121 28.32238 -35.71046
v -7.103267 22.61139 -30.56589
v -2.802413 16.06837 -37.18759
v -10.14909 9.846022 -40.71803
v -6.932244 17.73547 -46.42459
v -6.932244 17.73547 -46.42459
v -13.78554 25.30884 -45.51159
v -5.04984 25.62493 -40.15008
v -7.103267 22.61139 -30.56589
v -17.10804 20.43293 -30.00389
v -10.25474 12.85957 -30.9169
v -5.04984 25.62493 -40.15008
v -13.78554 25.30884 -45.51159
v -13.89121 28.32238 -35.71046
v -7.103267 22.61139 -30.56589
v -13.89121 28.32238 -35.71046
v -17.10804 20.43293 -30.00389
v -10.14909 9.846022 -40.71803
v -16.93702 15.55702 -45.86259
v -6.932244 17.73547 -46.42459
v -6.932244 17.73547 -46.42459
v -16.93702 15.55702 -45.86259
v -13.78554 25.30884 -45.51159
v -10.25474 12.85957 -30.9169
v -17.10804 20.43293 -30.00389
v -18.99046 12.54347 -36.27841
v -13.78554 25.30884 -45.51159
v -21.23787 22.10003 -39.2409
v -13.89121 28.32238 -35.71046
v -13.89121 28.32238 -35.71046
v -21.23787 22.10003 -39.2409
v -17.10804 20.43293 -30.00389
v -10.14909 9.846022 -40.71803
v -18.99046 12.54347 -36.27841
v -16.93702 15.55702 -45.86259
v -16.93702 15.55702 -45.86259
v -21.23787 22.10003 -39.2409
v -13.78554 25.30884 -45.51159
v -17.10804 20.43293 -30.00389
v -21.23787 22.10003 -39.2409
v -18.99046 12.54347 -36.27841
v -18.99046 12.54347 -36.27841
v -21.23787 22.10003 -39.2409
v -16.93702 15.55702 -45.86259
v 3.951858 15.63521 -35.18705
v 4.166382 15.62796 -35.08435
v 4.497962 15.6173 -34.92267
v 4.289574 16.93546 -27.72892
v 2.289102 14.98152 -39.93161
v 3.871391 15.58842 -35.50096
v 3.821871 15.56132 -35.68468
v 4.040528 15.48609 -35.95745
v 4.181773 15.43816 -36.12996
v 4.546684 15.3807 -36.20638
v 4.829918 15.33646 -36.2637
v 10.83862 14.73134 -35.62485
v 13.91624 14.41641 -35.32549
v 5.119366 15.32656 -36.12582
v 10.38912 14.80612 -35.50849
v 10.96618 14.72756 -35.56084
v 10.27723 14.82504 -35.47784
v 5.444705 15.31159 -35.99224
v 11.39617 14.71417 -35.34876
v 5.51556 15.35307 -35.71427
v 10.09221 14.91698 -35.08969
v 11.45721 14.73283 -35.20426
v 10.0471 14.94007 -34.99133
v 5.613755 15.3825 -35.4851
v 5.407207 15.45142 -35.23941
v 10.23288 14.99244 -34.57618
v 5.202056 15.51099 -35.04476
v 10.28536 15.00797 -34.45481
v 4.806829 15.57216 -34.96793
v 10.70232 14.99379 -34.25573
v 10.84596 14.98932 -34.18489
v 11.62566 14.78253 -34.81551
v 11.56019 14.8158 -34.67413
v 11.39858 14.89609 -34.33516
v 11.24164 14.92275 -34.29147
v -13.33377 11.3952 -37.23043
v -12.9232 11.3291 -37.24314
v -12.83068 11.31492 -37.24366
v -13.60594 11.44636 -37.19798
v -18.99046 12.54347 -36.27841
v -14.05134 11.45671 -37.38485
v -14.09127 11.36041 -37.71948
v -10.14909 9.846022 -40.71803
v -13.70232 11.2139 -38.00584
v -13.49268 11.17449 -38.03083
v -12.91312 11.07756 -38.06062
v -12.807 11.07022 -38.03205
v -12.1949 11.03448 -37.84566
v -12.16033 11.0548 -37.76209
v -12.14201 11.13215 -37.50009
v -10.25474 12.85957 -30.9169
v -12.2982 11.17026 -37.45286
v -7.619112 12.96784 -36.39392
v -7.439064 13.07905 -36.43848
v -2.802413 16.06837 -37.18759
v -7.240637 13.20212 -36.48596
v -7.149559 13.21343 -36.65118
v -7.059436 13.22589 -36.81065
v -7.11666 13.12876 -36.99268
v -7.17841 13.02604 -37.18241
v -7.332599 12.89059 -37.27193
v -7.534126 12.71423 -37.3868
v -10.14909 9.846022 -40.71803
v -10.25474 12.85957 -30.9169
v -7.830159 12.78505 -36.50815
v -7.979811 12.65469 -36.59153
v -7.681071 12.62288 -37.3523
v -8.062262 12.52224 -36.82994
v -7.922008 12.47191 -37.29954
v -8.108174 12.44681 -36.96807
v -7.986651 12.46398 -37.18194
v 4.829918 15.33646 -36.2637
v 5.119366 15.32656 -36.12582
v 6.958174 12.03164 -36.08059
v 5.444705 15.31159 -35.99224
v 5.51556 15.35307 -35.71427
v 7.928696 11.66091 -35.75422
v 5.202056 15.51099 -35.04476
v 4.806829 15.57216 -34.96793
v 7.81275 11.66091 -34.71322
v 5.613755 15.3825 -35.4851
v 5.407207 15.45142 -35.23941
v 7.96141 12.02434 -35.22362
v -12.807 11.07022 -38.03205
v -12.1949 11.03448 -37.84566
v -8.470993 8.979225 -37.53456
v -13.70232 11.2139 -38.00584
v -13.49268 11.17449 -38.03083
v -13.57802 11.09085 -37.99658
v -13.33377 11.3952 -37.23043
v -13.60594 11.44636 -37.19798
v -13.44456 11.28662 -37.18597
v -12.2982 11.17026 -37.45286
v -12.83068 11.31492 -37.24366
v -8.557281 8.947212 -36.80128
v -12.16033 11.0548 -37.76209
v -12.14201 11.13215 -37.50009
v -8.57312 9.220908 -37.16361
v 11.39858 14.89609 -34.33516
v 11.24164 14.92275 -34.29147
v 10.21167 13.004 -34.44604
v 9.750484 13.28823 -34.27914
v 10.84596 14.98932 -34.18489
v 11.56019 14.8158 -34.67413
v 11.39858 14.89609 -34.33516
v 10.21167 13.004 -34.44604
v 10.45072 12.88627 -34.94637
v 11.62566 14.78253 -34.81551
v 4.546684 15.3807 -36.20638
v 4.829918 15.33646 -36.2637
v 6.958174 12.03164 -36.08059
v 6.496986 11.74741 -35.91368
v 4.181773 15.43816 -36.12996
v 10.21167 13.004 -34.44604
v 8.408798 10.74047 -34.4481
v 9.03201 10.32512 -35.10438
v 10.45072 12.88627 -34.94637
v 6.958174 12.03164 -36.08059
v 8.141456 10.18056 -36.22984
v 7.398829 10.07834 -36.01196
v 6.496986 11.74741 -35.91368
v 9.750484 13.28823 -34.27914
v 8.103917 11.21128 -34.58371
v 8.408798 10.74047 -34.4481
v 10.21167 13.004 -34.44604
v 10.84596 14.98932 -34.18489
v 10.70232 14.99379 -34.25573
v 9.750484 13.28823 -34.27914
v 9.337319 13.57246 -34.54343
v 10.28536 15.00797 -34.45481
v 11.45721 14.73283 -35.20426
v 11.62566 14.78253 -34.81551
v 10.45072 12.88627 -34.94637
v 10.32761 13.004 -35.48705
v 11.39617 14.71417 -35.34876
v 4.040528 15.48609 -35.95745
v 4.181773 15.43816 -36.12996
v 6.496986 11.74741 -35.91368
v 6.257926 11.62968 -35.41335
v 3.821871 15.56132 -35.68468
v 5.119366 15.32656 -36.12582
v 5.444705 15.31159 -35.99224
v 7.928696 11.66091 -35.75422
v 6.958174 12.03164 -36.08059
v 10.38912 14.80612 -35.50849
v 10.83862 14.73134 -35.62485
v 9.914454 13.28823 -35.75133
v 9.453261 13.57246 -35.58443
v 10.27723 14.82504 -35.47784
v 10.83862 14.73134 -35.62485
v 10.96618 14.72756 -35.56084
v 9.914454 13.28823 -35.75133
v 10.32761 13.004 -35.48705
v 11.39617 14.71417 -35.34876
v 8.244499 11.20656 -35.81714
v 8.568469 10.74046 -35.88169
v 8.141456 10.18056 -36.22984
v 7.928696 11.66091 -35.75422
v 6.958174 12.03164 -36.08059
v 9.914454 13.28823 -35.75133
v 8.244499 11.20656 -35.81714
v 7.928696 11.66091 -35.75422
v 9.453261 13.57246 -35.58443
v 10.32761 13.004 -35.48705
v 8.568469 10.74046 -35.88169
v 8.244499 11.20656 -35.81714
v 9.914454 13.28823 -35.75133
v 4.497962 15.6173 -34.92267
v 4.166382 15.62796 -35.08435
v 6.794202 12.03164 -34.60839
v 6.381041 11.74741 -34.87268
v 3.951858 15.63521 -35.18705
v 3.871391 15.58842 -35.50096
v 3.821871 15.56132 -35.68468
v 6.257926 11.62968 -35.41335
v 6.381041 11.74741 -34.87268
v 3.951858 15.63521 -35.18705
v 4.806829 15.57216 -34.96793
v 4.497962 15.6173 -34.92267
v 6.794202 12.03164 -34.60839
v 7.81275 11.66091 -34.71322
v 9.337319 13.57246 -34.54343
v 7.81275 11.66091 -34.71322
v 8.103917 11.21128 -34.58371
v 9.750484 13.28823 -34.27914
v 7.915648 10.18056 -34.20244
v 8.408798 10.74047 -34.4481
v 8.103917 11.21128 -34.58371
v 7.81275 11.66091 -34.71322
v 6.794202 12.03164 -34.60839
v 10.28536 15.00797 -34.45481
v 10.23288 14.99244 -34.57618
v 9.337319 13.57246 -34.54343
v 9.214207 13.6902 -35.0841
v 10.0471 14.94007 -34.99133
v 8.568469 10.74046 -35.88169
v 10.32761 13.004 -35.48705
v 10.45072 12.88627 -34.94637
v 9.03201 10.32512 -35.10438
v 7.781186 3.578664 -35.24369
v 9.03201 10.32512 -35.10438
v 8.408798 10.74047 -34.4481
v 7.411425 3.643026 -34.55919
v 7.411425 3.643026 -34.55919
v 8.408798 10.74047 -34.4481
v 7.915648 10.18056 -34.20244
v 6.67839 3.7984 -34.34025
v 7.025093 10.036 -35.3279
v 6.257926 11.62968 -35.41335
v 6.496986 11.74741 -35.91368
v 7.398829 10.07834 -36.01196
v 6.171172 3.953776 -36.1487
v 7.398829 10.07834 -36.01196
v 8.141456 10.18056 -36.22984
v 6.904198 3.7984 -36.36765
v 6.904198 3.7984 -36.36765
v 8.141456 10.18056 -36.22984
v 8.568469 10.74046 -35.88169
v 7.571084 3.643023 -35.99278
v 5.51556 15.35307 -35.71427
v 5.613755 15.3825 -35.4851
v 7.96141 12.02434 -35.22362
v 7.928696 11.66091 -35.75422
v 10.09221 14.91698 -35.08969
v 10.27723 14.82504 -35.47784
v 9.453261 13.57246 -35.58443
v 9.214207 13.6902 -35.0841
v 10.0471 14.94007 -34.99133
v 6.381041 11.74741 -34.87268
v 7.239159 10.07834 -34.57838
v 7.915648 10.18056 -34.20244
v 6.794202 12.03164 -34.60839
v 6.257926 11.62968 -35.41335
v 7.025093 10.036 -35.3279
v 7.239159 10.07834 -34.57838
v 6.381041 11.74741 -34.87268
v 7.81275 11.66091 -34.71322
v 9.337319 13.57246 -34.54343
v 9.214207 13.6902 -35.0841
v 7.96141 12.02434 -35.22362
v 9.03201 10.32512 -35.10438
v 7.781186 3.578664 -35.24369
v 7.571084 3.643023 -35.99278
v 8.568469 10.74046 -35.88169
v 7.411425 3.643026 -34.55919
v 6.4487 -1.396645 -34.31997
v 7.0051 -1.410198 -35.33014
v 7.781186 3.578664 -35.24369
v 6.67839 3.7984 -34.34025
v 5.341335 -1.363917 -33.9992
v 6.4487 -1.396645 -34.31997
v 7.411425 3.643026 -34.55919
v 6.67839 3.7984 -34.34025
v 7.915648 10.18056 -34.20244
v 7.239159 10.07834 -34.57838
v 6.011501 3.953776 -34.71511
v 7.398829 10.07834 -36.01196
v 6.171172 3.953776 -36.1487
v 5.801402 4.018137 -35.4642
v 7.025093 10.036 -35.3279
v 6.904198 3.7984 -36.36765
v 5.67495 -1.363917 -36.99452
v 4.570986 -1.503544 -36.68717
v 6.171172 3.953776 -36.1487
v 7.571084 3.643023 -35.99278
v 6.684601 -1.396645 -36.43797
v 5.67495 -1.363917 -36.99452
v 6.904198 3.7984 -36.36765
v 9.453261 13.57246 -35.58443
v 7.928696 11.66091 -35.75422
v 7.96141 12.02434 -35.22362
v 9.214207 13.6902 -35.0841
v 5.407207 15.45142 -35.23941
v 5.202056 15.51099 -35.04476
v 7.81275 11.66091 -34.71322
v 7.96141 12.02434 -35.22362
v 5.341335 -1.363917 -33.9992
v 6.67839 3.7984 -34.34025
v 6.011501 3.953776 -34.71511
v 4.332047 -1.50354 -34.54192
v 6.684601 -1.396645 -36.43797
v 7.571084 3.643023 -35.99278
v 7.781186 3.578664 -35.24369
v 7.0051 -1.410198 -35.33014
v 7.025093 10.036 -35.3279
v 5.801402 4.018137 -35.4642
v 6.011501 3.953776 -34.71511
v 7.239159 10.07834 -34.57838
v 6.4487 -1.396645 -34.31997
v 6.590622 -3.839053 -34.21269
v 7.179947 -3.957442 -35.31066
v 7.0051 -1.410198 -35.33014
v 5.341335 -1.363917 -33.9992
v 5.423908 -3.553238 -33.86066
v 6.590622 -3.839053 -34.21269
v 6.4487 -1.396645 -34.31997
v 4.332047 -1.50354 -34.54192
v 4.344592 -2.212377 -34.51691
v 4.363238 -2.776767 -34.46077
v 5.341335 -1.363917 -33.9992
v 5.423908 -3.553238 -33.86066
v 5.082382 -4.995868 -33.8987
v 4.021713 -4.710052 -34.49881
v 4.332047 -1.50354 -34.54192
v 6.011501 3.953776 -34.71511
v 5.801402 4.018137 -35.4642
v 4.00743 -0.9928482 -35.66401
v 6.171172 3.953776 -36.1487
v 4.570986 -1.503544 -36.68717
v 4.00743 -0.9928482 -35.66401
v 5.801402 4.018137 -35.4642
v 4.619264 -2.776767 -36.75947
v 4.591295 -2.259983 -36.71309
v 4.570986 -1.503544 -36.68717
v 5.67495 -1.363917 -36.99452
v 5.785982 -3.553238 -37.1115
v 4.277739 -4.710052 -36.79751
v 5.444456 -4.995868 -37.14954
v 6.684601 -1.396645 -36.43797
v 6.846647 -3.839053 -36.51139
v 5.785982 -3.553238 -37.1115
v 5.67495 -1.363917 -36.99452
v 7.0051 -1.410198 -35.33014
v 7.179947 -3.957442 -35.31066
v 6.846647 -3.839053 -36.51139
v 6.684601 -1.396645 -36.43797
v 4.00743 -0.9928482 -35.66401
v 2.314997 1.537045 -35.85251
v 2.059565 1.385999 -35.28861
v 4.332047 -1.50354 -34.54192
v 6.838418 -5.400074 -35.3487
v 7.179947 -3.957442 -35.31066
v 6.590622 -3.839053 -34.21269
v 6.249102 -5.281683 -34.25073
v 6.249102 -5.281683 -34.25073
v 6.590622 -3.839053 -34.21269
v 5.423908 -3.553238 -33.86066
v 5.082382 -4.995868 -33.8987
v 4.344592 -2.212377 -34.51691
v 1.573225 1.021338 -35.09741
v 1.140874 0.656683 -35.39093
v 4.363238 -2.776767 -34.46077
v 4.332047 -1.50354 -34.54192
v 2.059565 1.385999 -35.28861
v 1.573225 1.021338 -35.09741
v 4.344592 -2.212377 -34.51691
v 2.314997 1.537045 -35.85251
v 4.00743 -0.9928482 -35.66401
v 4.570986 -1.503544 -36.68717
v 2.1899 1.385999 -36.45881
v 4.591295 -2.259983 -36.71309
v 1.757546 1.021338 -36.75232
v 2.1899 1.385999 -36.45881
v 4.570986 -1.503544 -36.68717
v 4.619264 -2.776767 -36.75947
v 1.271208 0.656683 -36.56113
v 1.757546 1.021338 -36.75232
v 4.591295 -2.259983 -36.71309
v 5.444456 -4.995868 -37.14954
v 5.785982 -3.553238 -37.1115
v 6.846647 -3.839053 -36.51139
v 6.505124 -5.281688 -36.54943
v 6.505124 -5.281688 -36.54943
v 6.846647 -3.839053 -36.51139
v 7.179947 -3.957442 -35.31066
v 6.838418 -5.400074 -35.3487
v 6.838418 -5.400074 -35.3487
v 6.249102 -5.281683 -34.25073
v 6.284755 -7.208991 -34.24676
v 6.888839 -7.208996 -35.34308
v 6.249102 -5.281683 -34.25073
v 5.082382 -4.995868 -33.8987
v 5.082381 -7.208991 -33.8987
v 6.284755 -7.208991 -34.24676
v 4.021713 -4.710052 -34.49881
v 4.363238 -2.776767 -34.46077
v 4.029948 -3.149031 -35.6615
v 3.688426 -4.591662 -35.69954
v 2.314997 1.537045 -35.85251
v -1.830811 5.030948 -36.38582
v -2.453439 5.009492 -35.86374
v 2.059565 1.385999 -35.28861
v 2.1899 1.385999 -36.45881
v -2.32193 5.036975 -37.03348
v -1.830811 5.030948 -36.38582
v 2.314997 1.537045 -35.85251
v 1.271208 0.656683 -36.56113
v 4.619264 -2.776767 -36.75947
v 4.029948 -3.149031 -35.6615
v 1.015774 0.5056395 -35.99722
v 5.444456 -4.995868 -37.14954
v 6.505124 -5.281688 -36.54943
v 6.54078 -7.208991 -36.54546
v 5.444455 -7.208991 -37.14954
v 6.505124 -5.281688 -36.54943
v 6.838418 -5.400074 -35.3487
v 6.888839 -7.208996 -35.34308
v 6.54078 -7.208991 -36.54546
v 5.082382 -4.995868 -33.8987
v 4.021713 -4.710052 -34.49881
v 3.98606 -7.208993 -34.50278
v 5.082381 -7.208991 -33.8987
v 4.021713 -4.710052 -34.49881
v 3.688426 -4.591662 -35.69954
v 3.637998 -7.208993 -35.70516
v 3.98606 -7.208993 -34.50278
v 4.363238 -2.776767 -34.46077
v 1.140874 0.656683 -35.39093
v 1.015774 0.5056395 -35.99722
v 4.029948 -3.149031 -35.6615
v 1.573225 1.021338 -35.09741
v -2.872182 3.992353 -35.93471
v 1.140874 0.656683 -35.39093
v -2.495296 4.411166 -35.63705
v -8.415156 7.768956 -36.69555
v -8.026908 8.05093 -36.42512
v 2.059565 1.385999 -35.28861
v -2.453439 5.009492 -35.86374
v -2.495296 4.411166 -35.63705
v 1.573225 1.021338 -35.09741
v -2.32193 5.036975 -37.03348
v 2.1899 1.385999 -36.45881
v 1.757546 1.021338 -36.75232
v -2.309325 4.450037 -37.29131
v 1.271208 0.656683 -36.56113
v -2.309325 4.450037 -37.29131
v 1.757546 1.021338 -36.75232
v -2.74067 4.019829 -37.10445
v -7.858871 8.113284 -37.85323
v -8.296349 7.813044 -37.70538
v 1.015774 0.5056395 -35.99722
v -2.973818 3.830257 -36.54253
v -2.74067 4.019829 -37.10445
v 1.271208 0.656683 -36.56113
v 4.277739 -4.710052 -36.79751
v 5.444456 -4.995868 -37.14954
v 5.444455 -7.208991 -37.14954
v 4.242085 -7.208993 -36.80148
v 4.619264 -2.776767 -36.75947
v 4.277739 -4.710052 -36.79751
v 3.688426 -4.591662 -35.69954
v 4.029948 -3.149031 -35.6615
v 6.284755 -7.208991 -34.24676
v 5.082381 -7.208991 -33.8987
v 3.98606 -7.208993 -34.50278
v 6.888839 -7.208996 -35.34308
v 3.637998 -7.208993 -35.70516
v 6.54078 -7.208991 -36.54546
v 4.242085 -7.208993 -36.80148
v 5.444455 -7.208991 -37.14954
v -1.830811 5.030948 -36.38582
v -7.359016 8.493787 -37.0525
v -7.892042 8.559444 -36.59948
v -2.453439 5.009492 -35.86374
v -2.32193 5.036975 -37.03348
v -7.773217 8.603535 -37.60931
v -7.359016 8.493787 -37.0525
v -1.830811 5.030948 -36.38582
v -2.309325 4.450037 -37.29131
v -7.858871 8.113284 -37.85323
v -7.773217 8.603535 -37.60931
v -2.32193 5.036975 -37.03348
v -2.973818 3.830257 -36.54253
v 1.015774 0.5056395 -35.99722
v 1.140874 0.656683 -35.39093
v -2.872182 3.992353 -35.93471
v 4.242085 -7.208993 -36.80148
v 3.637998 -7.208993 -35.70516
v 3.688426 -4.591662 -35.69954
v 4.277739 -4.710052 -36.79751
v -2.973818 3.830257 -36.54253
v -8.526764 7.670418 -37.22585
v -8.296349 7.813044 -37.70538
v -2.74067 4.019829 -37.10445
v -8.026908 8.05093 -36.42512
v -2.495296 4.411166 -35.63705
v -2.453439 5.009492 -35.86374
v -7.892042 8.559444 -36.59948
v -7.359016 8.493787 -37.0525
v -7.285223 10.55891 -36.95366
v -7.479608 10.55911 -36.60411
v -7.892042 8.559444 -36.59948
v -7.773217 8.603535 -37.60931
v -7.393324 10.59113 -37.33739
v -7.285223 10.55891 -36.95366
v -7.359016 8.493787 -37.0525
v -8.126556 8.79378 -37.57146
v -7.773217 8.603535 -37.60931
v -7.858871 8.113284 -37.85323
v -9.195751 8.901295 -37.7775
v -8.470993 8.979225 -37.53456
v -8.296349 7.813044 -37.70538
v -9.397423 8.576081 -37.66117
v -9.195751 8.901295 -37.7775
v -7.858871 8.113284 -37.85323
v -8.526764 7.670418 -37.22585
v -2.973818 3.830257 -36.54253
v -2.872182 3.992353 -35.93471
v -8.415156 7.768956 -36.69555
v -9.516701 8.428109 -37.30925
v -9.483711 8.54406 -36.92788
v -8.526764 7.670418 -37.22585
v -9.516701 8.428109 -37.30925
v -9.397423 8.576081 -37.66117
v -8.296349 7.813044 -37.70538
v -8.026908 8.05093 -36.42512
v -9.31776 8.856027 -36.74047
v -9.483711 8.54406 -36.92788
v -8.415156 7.768956 -36.69555
v -8.026908 8.05093 -36.42512
v -7.892042 8.559444 -36.59948
v -8.232311 8.757796 -36.7027
v -9.31776 8.856027 -36.74047
v -8.557281 8.947212 -36.80128
v -7.393324 10.59113 -37.33739
v -7.773217 8.603535 -37.60931
v -8.126556 8.79378 -37.57146
v -7.740571 10.6369 -37.53051
v -7.892042 8.559444 -36.59948
v -7.479608 10.55911 -36.60411
v -7.862581 10.59162 -36.49348
v -8.232311 8.757796 -36.7027
v -7.059436 13.22589 -36.81065
v -7.479608 10.55911 -36.60411
v -7.285223 10.55891 -36.95366
v -7.149559 13.21343 -36.65118
v -7.240637 13.20212 -36.48596
v -7.17841 13.02604 -37.18241
v -7.285223 10.55891 -36.95366
v -7.393324 10.59113 -37.33739
v -7.11666 13.12876 -36.99268
v -7.059436 13.22589 -36.81065
v -7.534126 12.71423 -37.3868
v -7.393324 10.59113 -37.33739
v -7.740571 10.6369 -37.53051
v -7.332599 12.89059 -37.27193
v -7.17841 13.02604 -37.18241
v -7.740571 10.6369 -37.53051
v -8.126556 8.79378 -37.57146
v -8.470993 8.979225 -37.53456
v -8.123553 10.6694 -37.4199
v -12.91312 11.07756 -38.06062
v -9.195751 8.901295 -37.7775
v -9.397423 8.576081 -37.66117
v -13.57802 11.09085 -37.99658
v -13.49268 11.17449 -38.03083
v -9.516701 8.428109 -37.30925
v -13.70876 10.98175 -37.691
v -13.57802 11.09085 -37.99658
v -9.397423 8.576081 -37.66117
v -9.483711 8.54406 -36.92788
v -13.65349 11.06285 -37.35524
v -13.70876 10.98175 -37.691
v -9.516701 8.428109 -37.30925
v -9.31776 8.856027 -36.74047
v -13.44456 11.28662 -37.18597
v -13.65349 11.06285 -37.35524
v -9.483711 8.54406 -36.92788
v -7.681071 12.62288 -37.3523
v -7.534126 12.71423 -37.3868
v -7.740571 10.6369 -37.53051
v -7.922008 12.47191 -37.29954
v -8.123553 10.6694 -37.4199
v -12.91312 11.07756 -38.06062
v -12.807 11.07022 -38.03205
v -8.470993 8.979225 -37.53456
v -9.195751 8.901295 -37.7775
v -12.9232 11.3291 -37.24314
v -13.33377 11.3952 -37.23043
v -13.44456 11.28662 -37.18597
v -9.31776 8.856027 -36.74047
v -12.83068 11.31492 -37.24366
v -12.9232 11.3291 -37.24314
v -9.31776 8.856027 -36.74047
v -8.557281 8.947212 -36.80128
v -8.232311 8.757796 -36.7027
v -7.862581 10.59162 -36.49348
v -8.209838 10.63739 -36.68661
v -8.557281 8.947212 -36.80128
v -7.240637 13.20212 -36.48596
v -7.862581 10.59162 -36.49348
v -7.479608 10.55911 -36.60411
v -7.439064 13.07905 -36.43848
v -7.619112 12.96784 -36.39392
v -8.123553 10.6694 -37.4199
v -8.470993 8.979225 -37.53456
v -8.57312 9.220908 -37.16361
v -8.317926 10.66962 -37.07034
v -7.986651 12.46398 -37.18194
v -7.922008 12.47191 -37.29954
v -8.123553 10.6694 -37.4199
v -8.108174 12.44681 -36.96807
v -8.317926 10.66962 -37.07034
v -14.09127 11.36041 -37.71948
v -13.70232 11.2139 -38.00584
v -13.57802 11.09085 -37.99658
v -13.70876 10.98175 -37.691
v -14.05134 11.45671 -37.38485
v -14.09127 11.36041 -37.71948
v -13.70876 10.98175 -37.691
v -13.65349 11.06285 -37.35524
v -13.60594 11.44636 -37.19798
v -14.05134 11.45671 -37.38485
v -13.65349 11.06285 -37.35524
v -13.44456 11.28662 -37.18597
v -12.1949 11.03448 -37.84566
v -12.16033 11.0548 -37.76209
v -8.57312 9.220908 -37.16361
v -8.470993 8.979225 -37.53456
v -12.14201 11.13215 -37.50009
v -12.2982 11.17026 -37.45286
v -8.557281 8.947212 -36.80128
v -8.57312 9.220908 -37.16361
v -7.619112 12.96784 -36.39392
v -8.209838 10.63739 -36.68661
v -7.862581 10.59162 -36.49348
v -7.830159 12.78505 -36.50815
v -7.979811 12.65469 -36.59153
v -8.317926 10.66962 -37.07034
v -8.57312 9.220908 -37.16361
v -8.557281 8.947212 -36.80128
v -8.209838 10.63739 -36.68661
v -8.062262 12.52224 -36.82994
v -8.108174 12.44681 -36.96807
v -8.317926 10.66962 -37.07034
v -7.979811 12.65469 -36.59153
v -8.209838 10.63739 -36.68661
f 8142 8143 8144
f 8145 8146 8147
f 8148 8149 8150
f 8151 8152 8153
f 8154 8155 8156
f 8157 8158 8159
f 8160 8161 8162
f 8163 8164 8165
f 8166 8167 8168
f 8169 8170 8171
f 8172 8173 8174
f 8175 8176 8177
f 8178 8179 8180
f 8181 8182 8183
f 8184 8185 8186
f 8187 8188 8189
f 8190 8191 8192
f 8193 8194 8195
f 8196 8197 8198
f 8199 8200 8201
f 8202 8203 8204
f 8205 8206 8207
f 8208 8209 8210
f 8211 8212 8213
f 8214 8215 8216
f 8217 8218 8219
f 8220 8221 8222
f 8223 8224 8225
f 8226 8227 8228
f 8229 8230 8231
f 8232 8233 8234
f 8235 8236 8237
f 8238 8239 8240
f 8241 8242 8243
f 8244 8245 8246
f 8247 8248 8249
f 8250 8251 8252
f 8253 8254 8255
f 8253 8255 8256
f 8256 8257 8253
f 8258 8253 8257
f 8257 8259 8258
f 8257 8260 8259
f 8257 8261 8260
f 8257 8262 8261
f 8257 8263 8262
f 8257 8264 8263
f 8257 8265 8264
f 8266 8263 8264
f 8266 8264 8267
f 8268 8264 8265
f 8266 8267 8269
f 8270 8266 8269
f 8271 8268 8265
f 8272 8270 8269
f 8272 8269 8273
f 8274 8271 8265
f 8272 8273 8275
f 8275 8276 8272
f 8277 8276 8275
f 8277 8275 8278
f 8279 8277 8278
f 8279 8278 8280
f 8281 8279 8280
f 8281 8280 8282
f 8255 8281 8282
f 8282 8283 8255
f 8265 8284 8274
f 8285 8284 8265
f 8286 8285 8265
f 8255 8283 8256
f 8286 8265 8256
f 8256 8283 8287
f 8287 8286 8256
f 8288 8289 8290
f 8291 8288 8290
f 8292 8291 8290
f 8293 8291 8292
f 8294 8293 8292
f 8292 8295 8294
f 8296 8294 8295
f 8295 8297 8296
f 8295 8298 8297
f 8299 8298 8295
f 8300 8299 8295
f 8301 8300 8295
f 8295 8302 8301
f 8303 8292 8290
f 8302 8295 8303
f 8290 8302 8303
f 8290 8304 8302
f 8305 8306 8307
f 8306 8308 8307
f 8308 8309 8307
f 8309 8310 8307
f 8307 8310 8311
f 8311 8312 8307
f 8312 8313 8307
f 8313 8314 8307
f 8315 8307 8314
f 8307 8316 8305
f 8317 8305 8316
f 8318 8317 8316
f 8316 8315 8318
f 8315 8314 8319
f 8315 8320 8318
f 8315 8319 8321
f 8322 8320 8315
f 8315 8321 8323
f 8315 8323 8322
f 8324 8325 8326
f 8327 8328 8329
f 8330 8331 8332
f 8333 8334 8335
f 8336 8337 8338
f 8339 8340 8341
f 8342 8343 8344
f 8345 8346 8347
f 8348 8349 8350
f 8351 8352 8353
f 8352 8354 8353
f 8352 8355 8354
f 8356 8357 8358
f 8356 8358 8359
f 8360 8356 8359
f 8361 8362 8363
f 8361 8363 8364
f 8365 8361 8364
f 8366 8367 8368
f 8366 8368 8369
f 8370 8371 8372
f 8370 8372 8373
f 8374 8375 8376
f 8374 8376 8377
f 8378 8379 8380
f 8379 8381 8380
f 8379 8382 8381
f 8383 8384 8385
f 8383 8385 8386
f 8387 8383 8386
f 8388 8389 8390
f 8388 8390 8391
f 8392 8388 8391
f 8393 8394 8395
f 8393 8395 8396
f 8397 8398 8399
f 8397 8399 8400
f 8401 8397 8400
f 8402 8403 8404
f 8403 8405 8404
f 8403 8406 8405
f 8407 8408 8409
f 8409 8410 8407
f 8409 8411 8410
f 8412 8413 8414
f 8412 8414 8415
f 8416 8417 8418
f 8416 8418 8419
f 8420 8421 8422
f 8421 8423 8422
f 8421 8424 8423
f 8425 8426 8427
f 8425 8427 8428
f 8429 8425 8428
f 8430 8431 8432
f 8430 8432 8433
f 8434 8435 8436
f 8434 8436 8437
f 8438 8439 8440
f 8440 8441 8438
f 8441 8442 8438
f 8443 8444 8445
f 8444 8446 8445
f 8444 8447 8446
f 8448 8449 8450
f 8448 8450 8451
f 8452 8453 8454
f 8452 8454 8455
f 8456 8457 8458
f 8456 8458 8459
f 8460 8461 8462
f 8460 8462 8463
f 8464 8465 8466
f 8464 8466 8467
f 8468 8469 8470
f 8468 8470 8471
f 8472 8473 8474
f 8472 8474 8475
f 8476 8477 8478
f 8476 8478 8479
f 8480 8476 8479
f 8481 8482 8483
f 8481 8483 8484
f 8485 8486 8487
f 8485 8487 8488
f 8489 8490 8491
f 8489 8491 8492
f 8493 8494 8495
f 8493 8495 8496
f 8497 8498 8499
f 8497 8499 8500
f 8501 8502 8503
f 8501 8503 8504
f 8505 8506 8507
f 8505 8507 8508
f 8509 8510 8511
f 8509 8511 8512
f 8513 8514 8515
f 8513 8515 8516
f 8517 8518 8519
f 8517 8519 8520
f 8521 8522 8523
f 8521 8523 8524
f 8525 8526 8527
f 8525 8527 8528
f 8529 8530 8531
f 8529 8531 8532
f 8533 8534 8535
f 8533 8535 8536
f 8537 8538 8539
f 8537 8539 8540
f 8541 8542 8543
f 8541 8543 8544
f 8545 8546 8547
f 8545 8547 8548
f 8549 8550 8551
f 8552 8549 8551
f 8551 8553 8552
f 8551 8554 8553
f 8551 8555 8554
f 8556 8557 8558
f 8556 8558 8559
f 8560 8561 8562
f 8560 8562 8563
f 8564 8565 8566
f 8564 8566 8567
f 8567 8568 8564
f 8568 8569 8564
f 8568 8570 8569
f 8571 8572 8573
f 8571 8573 8574
f 8575 8576 8577
f 8575 8577 8578
f 8579 8580 8581
f 8579 8581 8582
f 8583 8584 8585
f 8583 8585 8586
f 8587 8588 8589
f 8587 8589 8590
f 8591 8592 8593
f 8591 8593 8594
f 8595 8596 8597
f 8595 8597 8598
f 8599 8600 8601
f 8599 8601 8602
f 8603 8604 8605
f 8603 8605 8606
f 8607 8608 8609
f 8607 8609 8610
f 8611 8612 8613
f 8611 8613 8614
f 8615 8616 8617
f 8615 8617 8618
f 8619 8620 8621
f 8619 8621 8622
f 8623 8624 8625
f 8623 8625 8626
f 8627 8628 8629
f 8627 8629 8630
f 8631 8632 8633
f 8631 8633 8634
f 8635 8636 8637
f 8635 8637 8638
f 8639 8640 8641
f 8639 8641 8642
f 8643 8644 8645
f 8643 8645 8646
f 8647 8648 8649
f 8647 8649 8650
f 8651 8652 8653
f 8651 8653 8654
f 8655 8656 8657
f 8655 8657 8658
f 8659 8660 8661
f 8659 8661 8662
f 8663 8664 8665
f 8663 8666 8664
f 8666 8667 8664
f 8666 8668 8667
f 8669 8670 8671
f 8669 8671 8672
f 8673 8674 8675
f 8673 8675 8676
f 8677 8678 8679
f 8677 8680 8678
f 8681 8678 8680
f 8681 8680 8682
f 8683 8684 8685
f 8683 8685 8686
f 8687 8688 8689
f 8687 8689 8690
f 8691 8692 8693
f 8691 8693 8694
f 8695 8696 8697
f 8697 8698 8695
f 8697 8699 8698
f 8699 8700 8698
f 8699 8701 8700
f 8701 8702 8700
f 8703 8704 8705
f 8703 8705 8706
f 8707 8708 8709
f 8707 8709 8710
f 8711 8712 8713
f 8711 8713 8714
f 8715 8716 8717
f 8715 8717 8718
f 8719 8720 8721
f 8719 8721 8722
f 8723 8724 8725
f 8723 8725 8726
f 8727 8728 8729
f 8727 8729 8730
f 8731 8732 8733
f 8731 8733 8734
f 8735 8736 8737
f 8735 8737 8738
f 8739 8740 8741
f 8741 8742 8739
f 8742 8743 8739
f 8744 8745 8746
f 8744 8746 8747
f 8748 8749 8750
f 8748 8750 8751
f 8751 8752 8748
f 8751 8753 8752
f 8754 8755 8756
f 8754 8756 8757
f 8758 8759 8760
f 8758 8760 8761
f 8762 8763 8764
f 8764 8765 8762
f 8764 8766 8765
f 8767 8768 8769
f 8767 8769 8770
f 8771 8772 8773
f 8771 8773 8774
f 8775 8776 8777
f 8775 8778 8776
f 8778 8779 8776
f 8780 8781 8782
f 8780 8783 8781
f 8783 8784 8781
f 8785 8786 8787
f 8785 8788 8786
f 8788 8789 8786
f 8790 8791 8792
f 8790 8792 8793
f 8794 8795 8796
f 8796 8797 8794
f 8797 8798 8794
f 8799 8800 8801
f 8799 8801 8802
f 8803 8804 8805
f 8803 8805 8806
f 8807 8808 8809
f 8807 8809 8810
f 8811 8812 8813
f 8814 8811 8813
f 8814 8813 8815
f 8816 8817 8818
f 8816 8818 8819
f 8820 8821 8822
f 8820 8822 8823
f 8824 8825 8826
f 8824 8826 8827
f 8828 8829 8830
f 8828 8830 8831
f 8832 8833 8834
f 8832 8835 8833
f 8835 8836 8833
f 8837 8838 8839
f 8837 8839 8840
f 8841 8842 8843
f 8844 8841 8843
f 8844 8843 8845
f 8846 8847 8848
f 8846 8848 8849
f 8850 8851 8852
f 8850 8852 8853
f 8854 8855 8856
f 8854 8856 8857
f 8858 8859 8860
f 8858 8860 8861
f 8862 8863 8864
f 8862 8864 8865
f 8866 8867 8868
f 8866 8869 8867
f 8869 8870 8867
f 8871 8872 8873
f 8871 8873 8874
f 8875 8876 8877
f 8878 8875 8877
f 8878 8877 8879
v -53.97017 9.475926 27.78666
v -51.43854 17.78137 31.95411
v -60.59818 16.27818 29.38542
v -53.97017 9.475926 27.78666
v -45.77743 13.84602 25.22929
v -51.43854 17.78137 31.95411
v -60.59818 16.27818 29.38542
v -60.59818 11.41386 21.07316
v -53.97017 9.475926 27.78666
v -51.43854 17.78137 31.95411
v -56.50179 24.85238 27.81618
v -60.59818 16.27818 29.38542
v -53.97017 9.475926 27.78666
v -51.43854 9.910676 18.50447
v -45.77743 13.84602 25.22929
v -45.77743 13.84602 25.22929
v -47.34215 23.34919 25.24749
v -51.43854 17.78137 31.95411
v -60.59818 16.27818 29.38542
v -62.1629 20.91703 21.09136
v -60.59818 11.41386 21.07316
v -51.43854 17.78137 31.95411
v -47.34215 23.34919 25.24749
v -56.50179 24.85238 27.81618
v -60.59818 16.27818 29.38542
v -56.50179 24.85238 27.81618
v -62.1629 20.91703 21.09136
v -51.43854 9.910676 18.50447
v -47.34215 18.48488 16.93522
v -45.77743 13.84602 25.22929
v -45.77743 13.84602 25.22929
v -47.34215 18.48488 16.93522
v -47.34215 23.34919 25.24749
v -60.59818 11.41386 21.07316
v -62.1629 20.91703 21.09136
v -56.50179 16.98168 14.36653
v -47.34215 23.34919 25.24749
v -53.97017 25.28712 18.53399
v -56.50179 24.85238 27.81618
v -56.50179 24.85238 27.81618
v -53.97017 25.28712 18.53399
v -62.1629 20.91703 21.09136
v -51.43854 9.910676 18.50447
v -56.50179 16.98168 14.36653
v -47.34215 18.48488 16.93522
v -47.34215 18.48488 16.93522
v -53.97017 25.28712 18.53399
v -47.34215 23.34919 25.24749
v -60.59818 11.41386 21.07316
v -56.50179 16.98168 14.36653
v -51.43854 9.910676 18.50447
v -62.1629 20.91703 21.09136
v -53.97017 25.28712 18.53399
v -56.50179 16.98168 14.36653
v -56.50179 16.98168 14.36653
v -53.97017 25.28712 18.53399
v -47.34215 18.48488 16.93522
v -53.97017 10.7468 14.84524
v -51.89647 18.09879 12.87461
v -59.39927 15.78043 12.12077
v -53.97017 10.7468 14.84524
v -47.25937 12.02933 10.90103
v -51.89647 18.09879 12.87461
v -59.39927 15.78043 12.12077
v -59.39927 8.278226 9.681302
v -53.97017 10.7468 14.84524
v -51.89647 18.09879 12.87461
v -56.04386 20.17397 6.492702
v -59.39927 15.78043 12.12077
v -53.97017 10.7468 14.84524
v -51.89647 5.959866 8.92744
v -47.25937 12.02933 10.90103
v -47.25937 12.02933 10.90103
v -48.54106 17.85562 5.738843
v -51.89647 18.09879 12.87461
v -59.39927 15.78043 12.12077
v -60.68095 14.10451 4.519122
v -59.39927 8.278226 9.681302
v -51.89647 18.09879 12.87461
v -48.54106 17.85562 5.738843
v -56.04386 20.17397 6.492702
v -59.39927 15.78043 12.12077
v -56.04386 20.17397 6.492702
v -60.68095 14.10451 4.519122
v -51.89647 5.959866 8.92744
v -48.54106 10.35341 3.29938
v -47.25937 12.02933 10.90103
v -47.25937 12.02933 10.90103
v -48.54106 10.35341 3.29938
v -48.54106 17.85562 5.738843
v -59.39927 8.278226 9.681302
v -60.68095 14.10451 4.519122
v -56.04386 8.035048 2.545527
v -48.54106 17.85562 5.738843
v -53.97017 15.38704 0.5749004
v -56.04386 20.17397 6.492702
v -56.04386 20.17397 6.492702
v -53.97017 15.38704 0.5749004
v -60.68095 14.10451 4.519122
v -51.89647 5.959866 8.92744
v -56.04386 8.035048 2.545527
v -48.54106 10.35341 3.29938
v -48.54106 10.35341 3.29938
v -53.97017 15.38704 0.5749004
v -48.54106 17.85562 5.738843
v -60.68095 14.10451 4.519122
v -53.97017 15.38704 0.5749004
v -56.04386 8.035048 2.545527
v -56.04386 8.035048 2.545527
v -53.97017 15.38704 0.5749004
v -48.54106 10.35341 3.29938
v -54.92456 10.41356 20.17982
v -54.98482 10.40799 20.35259
v -55.0802 10.39979 20.61988
v -60.59818 11.41386 21.07316
v -51.43854 9.910676 18.50447
v -54.69141 10.37757 20.09157
v -54.55515 10.35672 20.03806
v -54.32797 10.29885 20.18201
v -54.18405 10.26197 20.27532
v -54.09455 10.21777 20.54782
v -54.0266 10.18373 20.75949
v -54.00336 9.718211 25.40806
v -53.97017 9.475926 27.78666
v -54.10738 10.17612 20.99254
v -54.13061 9.775736 25.07429
v -54.04144 9.715303 25.51104
v -54.16357 9.790289 24.99135
v -54.1818 10.1646 21.25266
v -54.16698 9.705002 25.85787
v -54.3883 10.19651 21.33051
v -54.4761 9.861025 24.88294
v -54.27226 9.719356 25.91684
v -54.55515 9.878786 24.85683
v -54.55515 10.21915 21.4251
v -54.7606 10.27217 21.2881
v -54.85674 9.919074 25.03422
v -54.92689 10.318 21.14782
v -54.94507 9.931024 25.08468
v -55.01929 10.36506 20.85218
v -55.06178 9.920116 25.42044
v -55.10371 9.916676 25.5363
v -54.55515 9.757593 26.07874
v -54.66882 9.783182 26.04072
v -54.94175 9.844955 25.94603
v -54.98853 9.865465 25.82975
v -54.83424 7.151667 6.789473
v -54.78955 7.100817 7.102307
v -54.78128 7.089912 7.173004
v -54.88223 7.19103 6.584143
v -56.04386 8.035048 2.545527
v -54.77728 7.198986 6.227678
v -54.52483 7.124907 6.168657
v -51.89647 5.959866 8.92744
v -54.27276 7.012191 6.441652
v -54.2358 6.981871 6.599813
v -54.16367 6.907306 7.0404
v -54.17647 6.901657 7.123968
v -54.26686 6.874161 7.607848
v -54.32781 6.889793 7.641396
v -54.52657 6.949303 7.67771
v -59.39927 8.278226 9.681302
v -54.57598 6.978621 7.56231
v -54.98717 8.361519 11.23005
v -54.93777 8.447074 11.36392
v -53.97017 10.7468 14.84524
v -54.88457 8.541755 11.51159
v -54.75049 8.550462 11.56716
v -54.62088 8.560045 11.62249
v -54.48658 8.485318 11.56323
v -54.34678 8.406297 11.49986
v -54.29146 8.302094 11.37435
v -54.22079 8.166413 11.21048
v -51.89647 5.959866 8.92744
v -59.39927 8.278226 9.681302
v -54.9178 8.220901 11.05896
v -54.86679 8.120616 10.93744
v -54.25968 8.09614 11.10107
v -54.69154 8.018719 10.8541
v -54.32054 7.979993 10.92134
v -54.58984 7.960683 10.80723
v -54.41597 7.973894 10.88193
v -54.0266 10.18373 20.75949
v -54.10738 10.17612 20.99254
v -53.98536 7.641297 22.40232
v -54.1818 10.1646 21.25266
v -54.3883 10.19651 21.33051
v -54.15225 7.356082 23.17216
v -54.92689 10.318 21.14782
v -55.01929 10.36506 20.85218
v -54.95806 7.356084 23.17216
v -54.55515 10.21915 21.4251
v -54.7606 10.27217 21.2881
v -54.55516 7.635678 23.24236
v -54.17647 6.901657 7.123968
v -54.26686 6.874161 7.607848
v -54.1876 5.293028 10.48158
v -54.27276 7.012191 6.441652
v -54.2358 6.981871 6.599813
v -54.26925 6.91753 6.537477
v -54.83424 7.151667 6.789473
v -54.88223 7.19103 6.584143
v -54.87767 7.068137 6.708548
v -54.57598 6.978621 7.56231
v -54.78128 7.089912 7.173004
v -54.75561 5.268401 10.47805
v -54.32781 6.889793 7.641396
v -54.52657 6.949303 7.67771
v -54.47992 5.478958 10.43509
v -54.94175 9.844955 25.94603
v -54.98853 9.865465 25.82975
v -54.95805 8.389343 25.02909
v -55.12494 8.608005 24.69069
v -55.10371 9.916676 25.5363
v -54.66882 9.783182 26.04072
v -54.94175 9.844955 25.94603
v -54.95805 8.389343 25.02909
v -54.55515 8.298768 25.16926
v -54.55515 9.757593 26.07874
v -54.09455 10.21777 20.54782
v -54.0266 10.18373 20.75949
v -53.98536 7.641297 22.40232
v -54.15225 7.422632 22.06391
v -54.18405 10.26197 20.27532
v -54.95805 8.389343 25.02909
v -55.11 6.647975 23.65046
v -54.55516 6.328448 24.07108
v -54.55515 8.298768 25.16926
v -53.98536 7.641297 22.40232
v -53.77048 6.217232 23.29433
v -54.00031 6.138594 22.74508
v -54.15225 7.422632 22.06391
v -55.12494 8.608005 24.69069
v -55.03228 7.010181 23.40581
v -55.11 6.647975 23.65046
v -54.95805 8.389343 25.02909
v -55.10371 9.916676 25.5363
v -55.06178 9.920116 25.42044
v -55.12494 8.608005 24.69069
v -54.95805 8.82667 24.35228
v -54.94507 9.931024 25.08468
v -54.27226 9.719356 25.91684
v -54.55515 9.757593 26.07874
v -54.55515 8.298768 25.16926
v -54.15224 8.389343 25.02909
v -54.16698 9.705002 25.85787
v -54.32797 10.29885 20.18201
v -54.18405 10.26197 20.27532
v -54.15225 7.422632 22.06391
v -54.55516 7.33206 21.92374
v -54.55515 10.35672 20.03806
v -54.10738 10.17612 20.99254
v -54.1818 10.1646 21.25266
v -54.15225 7.356082 23.17216
v -53.98536 7.641297 22.40232
v -54.13061 9.775736 25.07429
v -54.00336 9.718211 25.40806
v -53.98536 8.608005 24.69069
v -54.15224 8.82667 24.35228
v -54.16357 9.790289 24.99135
v -54.00336 9.718211 25.40806
v -54.04144 9.715303 25.51104
v -53.98536 8.608005 24.69069
v -54.15224 8.389343 25.02909
v -54.16698 9.705002 25.85787
v -54.07725 7.006547 23.40826
v -54.00031 6.64797 23.65046
v -53.77048 6.217232 23.29433
v -54.15225 7.356082 23.17216
v -53.98536 7.641297 22.40232
v -53.98536 8.608005 24.69069
v -54.07725 7.006547 23.40826
v -54.15225 7.356082 23.17216
v -54.15224 8.82667 24.35228
v -54.15224 8.389343 25.02909
v -54.00031 6.64797 23.65046
v -54.07725 7.006547 23.40826
v -53.98536 8.608005 24.69069
v -55.0802 10.39979 20.61988
v -54.98482 10.40799 20.35259
v -55.12495 7.641297 22.40232
v -54.95806 7.422632 22.06391
v -54.92456 10.41356 20.17982
v -54.69141 10.37757 20.09157
v -54.55515 10.35672 20.03806
v -54.55516 7.33206 21.92374
v -54.95806 7.422632 22.06391
v -54.92456 10.41356 20.17982
v -55.01929 10.36506 20.85218
v -55.0802 10.39979 20.61988
v -55.12495 7.641297 22.40232
v -54.95806 7.356084 23.17216
v -54.95805 8.82667 24.35228
v -54.95806 7.356084 23.17216
v -55.03228 7.010181 23.40581
v -55.12494 8.608005 24.69069
v -55.33983 6.217232 23.29433
v -55.11 6.647975 23.65046
v -55.03228 7.010181 23.40581
v -54.95806 7.356084 23.17216
v -55.12495 7.641297 22.40232
v -54.94507 9.931024 25.08468
v -54.85674 9.919074 25.03422
v -54.95805 8.82667 24.35228
v -54.55515 8.917243 24.21211
v -54.55515 9.878786 24.85683
v -54.00031 6.64797 23.65046
v -54.15224 8.389343 25.02909
v -54.55515 8.298768 25.16926
v -54.55516 6.328448 24.07108
v -54.55515 1.138306 23.10285
v -54.55516 6.328448 24.07108
v -55.11 6.647975 23.65046
v -55.11 1.187821 22.87843
v -55.11 1.187821 22.87843
v -55.11 6.647975 23.65046
v -55.33983 6.217232 23.29433
v -55.33983 1.307352 22.3366
v -54.55516 6.106021 22.51758
v -54.55516 7.33206 21.92374
v -54.15225 7.422632 22.06391
v -54.00031 6.138594 22.74508
v -54.00031 1.426885 21.79479
v -54.00031 6.138594 22.74508
v -53.77048 6.217232 23.29433
v -53.77048 1.307352 22.3366
v -53.77048 1.307352 22.3366
v -53.77048 6.217232 23.29433
v -54.00031 6.64797 23.65046
v -54.00031 1.187819 22.87842
v -54.3883 10.19651 21.33051
v -54.55515 10.21915 21.4251
v -54.55516 7.635678 23.24236
v -54.15225 7.356082 23.17216
v -54.4761 9.861025 24.88294
v -54.16357 9.790289 24.99135
v -54.15224 8.82667 24.35228
v -54.55515 8.917243 24.21211
v -54.55515 9.878786 24.85683
v -54.95806 7.422632 22.06391
v -55.11 6.138594 22.74508
v -55.33983 6.217232 23.29433
v -55.12495 7.641297 22.40232
v -54.55516 7.33206 21.92374
v -54.55516 6.106021 22.51758
v -55.11 6.138594 22.74508
v -54.95806 7.422632 22.06391
v -54.95806 7.356084 23.17216
v -54.95805 8.82667 24.35228
v -54.55515 8.917243 24.21211
v -54.55516 7.635678 23.24236
v -54.55516 6.328448 24.07108
v -54.55515 1.138306 23.10285
v -54.00031 1.187819 22.87842
v -54.00031 6.64797 23.65046
v -55.11 1.187821 22.87843
v -55.3749 -2.689265 22.16271
v -54.55515 -2.699692 22.5021
v -54.55515 1.138306 23.10285
v -55.33983 1.307352 22.3366
v -55.71445 -2.664087 21.34336
v -55.3749 -2.689265 22.16271
v -55.11 1.187821 22.87843
v -55.33983 1.307352 22.3366
v -55.33983 6.217232 23.29433
v -55.11 6.138594 22.74508
v -55.11 1.426885 21.79479
v -54.00031 6.138594 22.74508
v -54.00031 1.426885 21.79479
v -54.55515 1.476399 21.57036
v -54.55516 6.106021 22.51758
v -53.77048 1.307352 22.3366
v -53.39586 -2.664087 21.34336
v -53.72487 -2.771504 20.52545
v -54.00031 1.426885 21.79479
v -54.00031 1.187819 22.87842
v -53.73541 -2.689265 22.16271
v -53.39586 -2.664087 21.34336
v -53.77048 1.307352 22.3366
v -54.15224 8.82667 24.35228
v -54.15225 7.356082 23.17216
v -54.55516 7.635678 23.24236
v -54.55515 8.917243 24.21211
v -54.7606 10.27217 21.2881
v -54.92689 10.318 21.14782
v -54.95806 7.356084 23.17216
v -54.55516 7.635678 23.24236
v -55.71445 -2.664087 21.34336
v -55.33983 1.307352 22.3366
v -55.11 1.426885 21.79479
v -55.38544 -2.771501 20.52545
v -53.73541 -2.689265 22.16271
v -54.00031 1.187819 22.87842
v -54.55515 1.138306 23.10285
v -54.55515 -2.699692 22.5021
v -54.55516 6.106021 22.51758
v -54.55515 1.476399 21.57036
v -55.11 1.426885 21.79479
v -55.11 6.138594 22.74508
v -55.3749 -2.689265 22.16271
v -55.44483 -4.568241 22.28036
v -54.55515 -4.659319 22.63745
v -54.55515 -2.699692 22.5021
v -55.71445 -2.664087 21.34336
v -55.81335 -4.34836 21.41829
v -55.44483 -4.568241 22.28036
v -55.3749 -2.689265 22.16271
v -55.38544 -2.771501 20.52545
v -55.4035 -3.316818 20.53717
v -55.44483 -3.751011 20.55621
v -55.71445 -2.664087 21.34336
v -55.81335 -4.34836 21.41829
v -55.81335 -5.458195 21.15392
v -55.44483 -5.238313 20.29185
v -55.38544 -2.771501 20.52545
v -55.11 1.426885 21.79479
v -54.55515 1.476399 21.57036
v -54.55515 -2.378619 20.1817
v -54.00031 1.426885 21.79479
v -53.72487 -2.771504 20.52545
v -54.55515 -2.378619 20.1817
v -54.55515 1.476399 21.57036
v -53.66548 -3.751011 20.55621
v -53.70332 -3.353442 20.53877
v -53.72487 -2.771504 20.52545
v -53.39586 -2.664087 21.34336
v -53.29696 -4.34836 21.41829
v -53.66548 -5.238313 20.29185
v -53.29696 -5.458195 21.15392
v -53.73541 -2.689265 22.16271
v -53.66548 -4.568241 22.28036
v -53.29696 -4.34836 21.41829
v -53.39586 -2.664087 21.34336
v -54.55515 -2.699692 22.5021
v -54.55515 -4.659319 22.63745
v -53.66548 -4.568241 22.28036
v -53.73541 -2.689265 22.16271
v -54.55515 -2.378619 20.1817
v -54.55515 -0.4323382 18.87164
v -55.00806 -0.5485399 18.72436
v -55.38544 -2.771501 20.52545
v -54.55515 -5.769155 22.37308
v -54.55515 -4.659319 22.63745
v -55.44483 -4.568241 22.28036
v -55.44483 -5.678076 22.016
v -55.44483 -5.678076 22.016
v -55.44483 -4.568241 22.28036
v -55.81335 -4.34836 21.41829
v -55.81335 -5.458195 21.15392
v -55.4035 -3.316818 20.53717
v -55.19566 -0.8290792 18.36879
v -55.00806 -1.109613 18.01323
v -55.44483 -3.751011 20.55621
v -55.38544 -2.771501 20.52545
v -55.00806 -0.5485399 18.72436
v -55.19566 -0.8290792 18.36879
v -55.4035 -3.316818 20.53717
v -54.55515 -0.4323382 18.87164
v -54.55515 -2.378619 20.1817
v -53.72487 -2.771504 20.52545
v -54.10225 -0.5485399 18.72436
v -53.70332 -3.353442 20.53877
v -53.91465 -0.8290792 18.36879
v -54.10225 -0.5485399 18.72436
v -53.72487 -2.771504 20.52545
v -53.66548 -3.751011 20.55621
v -54.10225 -1.109613 18.01323
v -53.91465 -0.8290792 18.36879
v -53.70332 -3.353442 20.53877
v -53.29696 -5.458195 21.15392
v -53.29696 -4.34836 21.41829
v -53.66548 -4.568241 22.28036
v -53.66548 -5.67808 22.016
v -53.66548 -5.67808 22.016
v -53.66548 -4.568241 22.28036
v -54.55515 -4.659319 22.63745
v -54.55515 -5.769155 22.37308
v -54.55515 -5.769155 22.37308
v -55.44483 -5.678076 22.016
v -55.44483 -7.160779 22.0436
v -54.55515 -7.160783 22.41211
v -55.44483 -5.678076 22.016
v -55.81335 -5.458195 21.15392
v -55.81335 -7.160779 21.15392
v -55.44483 -7.160779 22.0436
v -55.44483 -5.238313 20.29185
v -55.44483 -3.751011 20.55621
v -54.55515 -4.037398 20.19913
v -54.55515 -5.147234 19.93477
v -54.55515 -0.4323382 18.87164
v -54.50044 2.255567 15.65639
v -54.95264 2.239061 15.2248
v -55.00806 -0.5485399 18.72436
v -54.10225 -0.5485399 18.72436
v -54.04707 2.260204 15.22574
v -54.50044 2.255567 15.65639
v -54.55515 -0.4323382 18.87164
v -54.10225 -1.109613 18.01323
v -53.66548 -3.751011 20.55621
v -54.55515 -4.037398 20.19913
v -54.55515 -1.225813 17.86595
v -53.29696 -5.458195 21.15392
v -53.66548 -5.67808 22.016
v -53.66548 -7.160779 22.0436
v -53.29696 -7.160779 21.15392
v -53.66548 -5.67808 22.016
v -54.55515 -5.769155 22.37308
v -54.55515 -7.160783 22.41211
v -53.66548 -7.160779 22.0436
v -55.81335 -5.458195 21.15392
v -55.44483 -5.238313 20.29185
v -55.44483 -7.160781 20.26425
v -55.81335 -7.160779 21.15392
v -55.44483 -5.238313 20.29185
v -54.55515 -5.147234 19.93477
v -54.55515 -7.160781 19.89573
v -55.44483 -7.160781 20.26425
v -55.44483 -3.751011 20.55621
v -55.00806 -1.109613 18.01323
v -54.55515 -1.225813 17.86595
v -54.55515 -4.037398 20.19913
v -55.19566 -0.8290792 18.36879
v -54.93404 1.456562 14.89859
v -55.00806 -1.109613 18.01323
v -55.12953 1.77876 15.2121
v -54.82434 4.361952 10.59572
v -54.99805 4.578878 10.9156
v -55.00806 -0.5485399 18.72436
v -54.95264 2.239061 15.2248
v -55.12953 1.77876 15.2121
v -55.19566 -0.8290792 18.36879
v -54.04707 2.260204 15.22574
v -54.10225 -0.5485399 18.72436
v -53.91465 -0.8290792 18.36879
v -53.84887 1.808664 15.21342
v -54.10225 -1.109613 18.01323
v -53.84887 1.808664 15.21342
v -53.91465 -0.8290792 18.36879
v -54.02847 1.4777 14.89953
v -53.89182 4.626849 10.92247
v -54.04212 4.39587 10.60057
v -54.55515 -1.225813 17.86595
v -54.47796 1.331859 14.76912
v -54.02847 1.4777 14.89953
v -54.10225 -1.109613 18.01323
v -53.66548 -5.238313 20.29185
v -53.29696 -5.458195 21.15392
v -53.29696 -7.160779 21.15392
v -53.66548 -7.160781 20.26425
v -53.66548 -3.751011 20.55621
v -53.66548 -5.238313 20.29185
v -54.55515 -5.147234 19.93477
v -54.55515 -4.037398 20.19913
v -55.44483 -7.160779 22.0436
v -55.81335 -7.160779 21.15392
v -55.44483 -7.160781 20.26425
v -54.55515 -7.160783 22.41211
v -54.55515 -7.160781 19.89573
v -53.66548 -7.160779 22.0436
v -53.66548 -7.160781 20.26425
v -53.29696 -7.160779 21.15392
v -54.50044 2.255567 15.65639
v -54.46148 4.919574 11.37284
v -54.85324 4.970086 11.00387
v -54.95264 2.239061 15.2248
v -54.04707 2.260204 15.22574
v -54.07103 5.004004 11.00873
v -54.46148 4.919574 11.37284
v -54.50044 2.255567 15.65639
v -53.84887 1.808664 15.21342
v -53.89182 4.626849 10.92247
v -54.07103 5.004004 11.00873
v -54.04707 2.260204 15.22574
v -54.47796 1.331859 14.76912
v -54.55515 -1.225813 17.86595
v -55.00806 -1.109613 18.01323
v -54.93404 1.456562 14.89859
v -53.66548 -7.160781 20.26425
v -54.55515 -7.160781 19.89573
v -54.55515 -5.147234 19.93477
v -53.66548 -5.238313 20.29185
v -54.47796 1.331859 14.76912
v -54.42839 4.286146 10.46523
v -54.04212 4.39587 10.60057
v -54.02847 1.4777 14.89953
v -54.99805 4.578878 10.9156
v -55.12953 1.77876 15.2121
v -54.95264 2.239061 15.2248
v -54.85324 4.970086 11.00387
v -54.46148 4.919574 11.37284
v -54.53077 6.508302 11.43767
v -54.81459 6.508452 11.31882
v -54.85324 4.970086 11.00387
v -54.07103 5.004004 11.00873
v -54.24658 6.533084 11.32234
v -54.53077 6.508302 11.43767
v -54.46148 4.919574 11.37284
v -54.13005 5.150363 10.74179
v -54.07103 5.004004 11.00873
v -53.89182 4.626849 10.92247
v -54.06357 5.233075 9.906754
v -54.1876 5.293028 10.48158
v -54.04212 4.39587 10.60057
v -54.16969 4.982884 9.762466
v -54.06357 5.233075 9.906754
v -53.89182 4.626849 10.92247
v -54.42839 4.286146 10.46523
v -54.47796 1.331859 14.76912
v -54.93404 1.456562 14.89859
v -54.82434 4.361952 10.59572
v -54.44892 4.869047 9.701238
v -54.7377 4.95825 9.758937
v -54.42839 4.286146 10.46523
v -54.44892 4.869047 9.701238
v -54.16969 4.982884 9.762466
v -54.04212 4.39587 10.60057
v -54.99805 4.578878 10.9156
v -54.86686 5.19825 9.901779
v -54.7377 4.95825 9.758937
v -54.82434 4.361952 10.59572
v -54.99805 4.578878 10.9156
v -54.85324 4.970086 11.00387
v -54.8033 5.122681 10.73492
v -54.86686 5.19825 9.901779
v -54.75561 5.268401 10.47805
v -54.24658 6.533084 11.32234
v -54.07103 5.004004 11.00873
v -54.13005 5.150363 10.74179
v -54.12849 6.568296 11.0404
v -54.85324 4.970086 11.00387
v -54.81459 6.508452 11.31882
v -54.93178 6.533463 11.03542
v -54.8033 5.122681 10.73492
v -54.62088 8.560045 11.62249
v -54.81459 6.508452 11.31882
v -54.53077 6.508302 11.43767
v -54.75049 8.550462 11.56716
v -54.88457 8.541755 11.51159
v -54.34678 8.406297 11.49986
v -54.53077 6.508302 11.43767
v -54.24658 6.533084 11.32234
v -54.48658 8.485318 11.56323
v -54.62088 8.560045 11.62249
v -54.22079 8.166413 11.21048
v -54.24658 6.533084 11.32234
v -54.12849 6.568296 11.0404
v -54.29146 8.302094 11.37435
v -54.34678 8.406297 11.49986
v -54.12849 6.568296 11.0404
v -54.13005 5.150363 10.74179
v -54.1876 5.293028 10.48158
v -54.24568 6.593306 10.757
v -54.16367 6.907306 7.0404
v -54.06357 5.233075 9.906754
v -54.16969 4.982884 9.762466
v -54.26925 6.91753 6.537477
v -54.2358 6.981871 6.599813
v -54.44892 4.869047 9.701238
v -54.51403 6.833599 6.46354
v -54.26925 6.91753 6.537477
v -54.16969 4.982884 9.762466
v -54.7377 4.95825 9.758937
v -54.76604 6.895986 6.534393
v -54.51403 6.833599 6.46354
v -54.44892 4.869047 9.701238
v -54.86686 5.19825 9.901779
v -54.87767 7.068137 6.708548
v -54.76604 6.895986 6.534393
v -54.7377 4.95825 9.758937
v -54.25968 8.09614 11.10107
v -54.22079 8.166413 11.21048
v -54.12849 6.568296 11.0404
v -54.32054 7.979993 10.92134
v -54.24568 6.593306 10.757
v -54.16367 6.907306 7.0404
v -54.17647 6.901657 7.123968
v -54.1876 5.293028 10.48158
v -54.06357 5.233075 9.906754
v -54.78955 7.100817 7.102307
v -54.83424 7.151667 6.789473
v -54.87767 7.068137 6.708548
v -54.86686 5.19825 9.901779
v -54.78128 7.089912 7.173004
v -54.78955 7.100817 7.102307
v -54.86686 5.19825 9.901779
v -54.75561 5.268401 10.47805
v -54.8033 5.122681 10.73492
v -54.93178 6.533463 11.03542
v -54.81369 6.568678 10.75347
v -54.75561 5.268401 10.47805
v -54.88457 8.541755 11.51159
v -54.93178 6.533463 11.03542
v -54.81459 6.508452 11.31882
v -54.93777 8.447074 11.36392
v -54.98717 8.361519 11.23005
v -54.24568 6.593306 10.757
v -54.1876 5.293028 10.48158
v -54.47992 5.478958 10.43509
v -54.5295 6.593469 10.63815
v -54.41597 7.973894 10.88193
v -54.32054 7.979993 10.92134
v -54.24568 6.593306 10.757
v -54.58984 7.960683 10.80723
v -54.5295 6.593469 10.63815
v -54.52483 7.124907 6.168657
v -54.27276 7.012191 6.441652
v -54.26925 6.91753 6.537477
v -54.51403 6.833599 6.46354
v -54.77728 7.198986 6.227678
v -54.52483 7.124907 6.168657
v -54.51403 6.833599 6.46354
v -54.76604 6.895986 6.534393
v -54.88223 7.19103 6.584143
v -54.77728 7.198986 6.227678
v -54.76604 6.895986 6.534393
v -54.87767 7.068137 6.708548
v -54.26686 6.874161 7.607848
v -54.32781 6.889793 7.641396
v -54.47992 5.478958 10.43509
v -54.1876 5.293028 10.48158
v -54.52657 6.949303 7.67771
v -54.57598 6.978621 7.56231
v -54.75561 5.268401 10.47805
v -54.47992 5.478958 10.43509
v -54.98717 8.361519 11.23005
v -54.81369 6.568678 10.75347
v -54.93178 6.533463 11.03542
v -54.9178 8.220901 11.05896
v -54.86679 8.120616 10.93744
v -54.5295 6.593469 10.63815
v -54.47992 5.478958 10.43509
v -54.75561 5.268401 10.47805
v -54.81369 6.568678 10.75347
v -54.69154 8.018719 10.8541
v -54.58984 7.960683 10.80723
v -54.5295 6.593469 10.63815
v -54.86679 8.120616 10.93744
v -54.81369 6.568678 10.75347
f 8880 8881 8882
f 8883 8884 8885
f 8886 8887 8888
f 8889 8890 8891
f 8892 8893 8894
f 8895 8896 8897
f 8898 8899 8900
f 8901 8902 8903
f 8904 8905 8906
f 8907 8908 8909
f 8910 8911 8912
f 8913 8914 8915
f 8916 8917 8918
f 8919 8920 8921
f 8922 8923 8924
f 8925 8926 8927
f 8928 8929 8930
f 8931 8932 8933
f 8934 8935 8936
f 8937 8938 8939
f 8940 8941 8942
f 8943 8944 8945
f 8946 8947 8948
f 8949 8950 8951
f 8952 8953 8954
f 8955 8956 8957
f 8958 8959 8960
f 8961 8962 8963
f 8964 8965 8966
f 8967 8968 8969
f 8970 8971 8972
f 8973 8974 8975
f 8976 8977 8978
f 8979 8980 8981
f 8982 8983 8984
f 8985 8986 8987
f 8988 8989 8990
f 8991 8992 8993
f 8991 8993 8994
f 8994 8995 8991
f 8996 8991 8995
f 8995 8997 8996
f 8995 8998 8997
f 8995 8999 8998
f 8995 9000 8999
f 8995 9001 9000
f 8995 9002 9001
f 8995 9003 9002
f 9004 9001 9002
f 9004 9002 9005
f 9006 9002 9003
f 9004 9005 9007
f 9008 9004 9007
f 9009 9006 9003
f 9010 9008 9007
f 9010 9007 9011
f 9012 9009 9003
f 9010 9011 9013
f 9013 9014 9010
f 9015 9014 9013
f 9015 9013 9016
f 9017 9015 9016
f 9017 9016 9018
f 9019 9017 9018
f 9019 9018 9020
f 8993 9019 9020
f 9020 9021 8993
f 9003 9022 9012
f 9023 9022 9003
f 9024 9023 9003
f 8993 9021 8994
f 9024 9003 8994
f 8994 9021 9025
f 9025 9024 8994
f 9026 9027 9028
f 9029 9026 9028
f 9030 9029 9028
f 9031 9029 9030
f 9032 9031 9030
f 9030 9033 9032
f 9034 9032 9033
f 9033 9035 9034
f 9033 9036 9035
f 9037 9036 9033
f 9038 9037 9033
f 9039 9038 9033
f 9033 9040 9039
f 9041 9030 9028
f 9040 9033 9041
f 9028 9040 9041
f 9028 9042 9040
f 9043 9044 9045
f 9044 9046 9045
f 9046 9047 9045
f 9047 9048 9045
f 9045 9048 9049
f 9049 9050 9045
f 9050 9051 9045
f 9051 9052 9045
f 9053 9045 9052
f 9045 9054 9043
f 9055 9043 9054
f 9056 9055 9054
f 9054 9053 9056
f 9053 9052 9057
f 9053 9058 9056
f 9053 9057 9059
f 9060 9058 9053
f 9053 9059 9061
f 9053 9061 9060
f 9062 9063 9064
f 9065 9066 9067
f 9068 9069 9070
f 9071 9072 9073
f 9074 9075 9076
f 9077 9078 9079
f 9080 9081 9082
f 9083 9084 9085
f 9086 9087 9088
f 9089 9090 9091
f 9090 9092 9091
f 9090 9093 9092
f 9094 9095 9096
f 9094 9096 9097
f 9098 9094 9097
f 9099 9100 9101
f 9099 9101 9102
f 9103 9099 9102
f 9104 9105 9106
f 9104 9106 9107
f 9108 9109 9110
f 9108 9110 9111
f 9112 9113 9114
f 9112 9114 9115
f 9116 9117 9118
f 9117 9119 9118
f 9117 9120 9119
f 9121 9122 9123
f 9121 9123 9124
f 9125 9121 9124
f 9126 9127 9128
f 9126 9128 9129
f 9130 9126 9129
f 9131 9132 9133
f 9131 9133 9134
f 9135 9136 9137
f 9135 9137 9138
f 9139 9135 9138
f 9140 9141 9142
f 9141 9143 9142
f 9141 9144 9143
f 9145 9146 9147
f 9147 9148 9145
f 9147 9149 9148
f 9150 9151 9152
f 9150 9152 9153
f 9154 9155 9156
f 9154 9156 9157
f 9158 9159 9160
f 9159 9161 9160
f 9159 9162 9161
f 9163 9164 9165
f 9163 9165 9166
f 9167 9163 9166
f 9168 9169 9170
f 9168 9170 9171
f 9172 9173 9174
f 9172 9174 9175
f 9176 9177 9178
f 9178 9179 9176
f 9179 9180 9176
f 9181 9182 9183
f 9182 9184 9183
f 9182 9185 9184
f 9186 9187 9188
f 9186 9188 9189
f 9190 9191 9192
f 9190 9192 9193
f 9194 9195 9196
f 9194 9196 9197
f 9198 9199 9200
f 9198 9200 9201
f 9202 9203 9204
f 9202 9204 9205
f 9206 9207 9208
f 9206 9208 9209
f 9210 9211 9212
f 9210 9212 9213
f 9214 9215 9216
f 9214 9216 9217
f 9218 9214 9217
f 9219 9220 9221
f 9219 9221 9222
f 9223 9224 9225
f 9223 9225 9226
f 9227 9228 9229
f 9227 9229 9230
f 9231 9232 9233
f 9231 9233 9234
f 9235 9236 9237
f 9235 9237 9238
f 9239 9240 9241
f 9239 9241 9242
f 9243 9244 9245
f 9243 9245 9246
f 9247 9248 9249
f 9247 9249 9250
f 9251 9252 9253
f 9251 9253 9254
f 9255 9256 9257
f 9255 9257 9258
f 9259 9260 9261
f 9259 9261 9262
f 9263 9264 9265
f 9263 9265 9266
f 9267 9268 9269
f 9267 9269 9270
f 9271 9272 9273
f 9271 9273 9274
f 9275 9276 9277
f 9275 9277 9278
f 9279 9280 9281
f 9279 9281 9282
f 9283 9284 9285
f 9283 9285 9286
f 9287 9288 9289
f 9290 9287 9289
f 9289 9291 9290
f 9289 9292 9291
f 9289 9293 9292
f 9294 9295 9296
f 9294 9296 9297
f 9298 9299 9300
f 9298 9300 9301
f 9302 9303 9304
f 9302 9304 9305
f 9305 9306 9302
f 9306 9307 9302
f 9306 9308 9307
f 9309 9310 9311
f 9309 9311 9312
f 9313 9314 9315
f 9313 9315 9316
f 9317 9318 9319
f 9317 9319 9320
f 9321 9322 9323
f 9321 9323 9324
f 9325 9326 9327
f 9325 9327 9328
f 9329 9330 9331
f 9329 9331 9332
f 9333 9334 9335
f 9333 9335 9336
f 9337 9338 9339
f 9337 9339 9340
f 9341 9342 9343
f 9341 9343 9344
f 9345 9346 9347
f 9345 9347 9348
f 9349 9350 9351
f 9349 9351 9352
f 9353 9354 9355
f 9353 9355 9356
f 9357 9358 9359
f 9357 9359 9360
f 9361 9362 9363
f 9361 9363 9364
f 9365 9366 9367
f 9365 9367 9368
f 9369 9370 9371
f 9369 9371 9372
f 9373 9374 9375
f 9373 9375 9376
f 9377 9378 9379
f 9377 9379 9380
f 9381 9382 9383
f 9381 9383 9384
f 9385 9386 9387
f 9385 9387 9388
f 9389 9390 9391
f 9389 9391 9392
f 9393 9394 9395
f 9393 9395 9396
f 9397 9398 9399
f 9397 9399 9400
f 9401 9402 9403
f 9401 9404 9402
f 9404 9405 9402
f 9404 9406 9405
f 9407 9408 9409
f 9407 9409 9410
f 9411 9412 9413
f 9411 9413 9414
f 9415 9416 9417
f 9415 9418 9416
f 9419 9416 9418
f 9419 9418 9420
f 9421 9422 9423
f 9421 9423 9424
f 9425 9426 9427
f 9425 9427 9428
f 9429 9430 9431
f 9429 9431 9432
f 9433 9434 9435
f 9435 9436 9433
f 9435 9437 9436
f 9437 9438 9436
f 9437 9439 9438
f 9439 9440 9438
f 9441 9442 9443
f 9441 9443 9444
f 9445 9446 9447
f 9445 9447 9448
f 9449 9450 9451
f 9449 9451 9452
f 9453 9454 9455
f 9453 9455 9456
f 9457 9458 9459
f 9457 9459 9460
f 9461 9462 9463
f 9461 9463 9464
f 9465 9466 9467
f 9465 9467 9468
f 9469 9470 9471
f 9469 9471 9472
f 9473 9474 9475
f 9473 9475 9476
f 9477 9478 9479
f 9479 9480 9477
f 9480 9481 9477
f 9482 9483 9484
f 9482 9484 9485
f 9486 9487 9488
f 9486 9488 9489
f 9489 9490 9486
f 9489 9491 9490
f 9492 9493 9494
f 9492 9494 9495
f 9496 9497 9498
f 9496 9498 9499
f 9500 9501 9502
f 9502 9503 9500
f 9502 9504 9503
f 9505 9506 9507
f 9505 9507 9508
f 9509 9510 9511
f 9509 9511 9512
f 9513 9514 9515
f 9513 9516 9514
f 9516 9517 9514
f 9518 9519 9520
f 9518 9521 9519
f 9521 9522 9519
f 9523 9524 9525
f 9523 9526 9524
f 9526 9527 9524
f 9528 9529 9530
f 9528 9530 9531
f 9532 9533 9534
f 9534 9535 9532
f 9535 9536 9532
f 9537 9538 9539
f 9537 9539 9540
f 9541 9542 9543
f 9541 9543 9544
f 9545 9546 9547
f 9545 9547 9548
f 9549 9550 9551
f 9552 9549 9551
f 9552 9551 9553
f 9554 9555 9556
f 9554 9556 9557
f 9558 9559 9560
f 9558 9560 9561
f 9562 9563 9564
f 9562 9564 9565
f 9566 9567 9568
f 9566 9568 9569
f 9570 9571 9572
f 9570 9573 9571
f 9573 9574 9571
f 9575 9576 9577
f 9575 9577 9578
f 9579 9580 9581
f 9582 9579 9581
f 9582 9581 9583
f 9584 9585 9586
f 9584 9586 9587
f 9588 9589 9590
f 9588 9590 9591
f 9592 9593 9594
f 9592 9594 9595
f 9596 9597 9598
f 9596 9598 9599
f 9600 9601 9602
f 9600 9602 9603
f 9604 9605 9606
f 9604 9607 9605
f 9607 9608 9605
f 9609 9610 9611
f 9609 9611 9612
f 9613 9614 9615
f 9616 9613 9615
f 9616 9615 9617
v -25.51787 6.398936 -53.55075
v -22.33526 7.057028 -54.47725
v -22.55205 6.398933 -51.00887
v -24.05301 6.398933 -47.40274
v -27.94643 6.398932 -47.71586
v -25.75543 6.265525 -50.14793
v -25.51787 6.398936 -53.55075
v -25.39087 7.265852 -56.06203
v -22.33526 7.057028 -54.47725
v -22.55205 6.398933 -51.00887
v -22.33526 7.057028 -54.47725
v -20.34507 7.265841 -51.73753
v -28.8518 6.398931 -51.51551
v -28.63503 7.057026 -54.98389
v -25.51787 6.398936 -53.55075
v -22.55205 6.398933 -51.00887
v -20.87038 7.057026 -48.3292
v -24.05301 6.398933 -47.40274
v -26.2648 7.057027 -45.03619
v -27.94643 6.398932 -47.71586
v -24.05301 6.398933 -47.40274
v -25.51787 6.398936 -53.55075
v -28.63503 7.057026 -54.98389
v -25.39087 7.265852 -56.06203
v -25.39087 7.265852 -56.06203
v -23.46375 8.733455 -56.41451
v -22.33526 7.057028 -54.47725
v -22.55205 6.398933 -51.00887
v -20.34507 7.265841 -51.73753
v -20.87038 7.057026 -48.3292
v -22.33526 7.057028 -54.47725
v -20.49787 8.733456 -53.87263
v -20.34507 7.265841 -51.73753
v -28.8518 6.398931 -51.51551
v -31.06293 7.265837 -52.59949
v -28.63503 7.057026 -54.98389
v -24.05301 6.398933 -47.40274
v -20.87038 7.057026 -48.3292
v -22.89868 7.265843 -45.60237
v -26.2648 7.057027 -45.03619
v -29.52262 7.265841 -46.13509
v -27.94643 6.398932 -47.71586
v -22.89868 7.265843 -45.60237
v -26.2648 7.057027 -45.03619
v -24.05301 6.398933 -47.40274
v -28.63503 7.057026 -54.98389
v -27.35719 8.733453 -56.72763
v -25.39087 7.265852 -56.06203
v -25.39087 7.265852 -56.06203
v -27.35719 8.733453 -56.72763
v -23.46375 8.733455 -56.41451
v -23.46375 8.733455 -56.41451
v -20.49787 8.733456 -53.87263
v -22.33526 7.057028 -54.47725
v -20.34507 7.265841 -51.73753
v -19.59251 8.733456 -50.07294
v -20.87038 7.057026 -48.3292
v -20.34507 7.265841 -51.73753
v -20.49787 8.733456 -53.87263
v -19.59251 8.733456 -50.07294
v -28.8518 6.398931 -51.51551
v -31.06362 7.057022 -49.14897
v -31.06293 7.265837 -52.59949
v -31.06293 7.265837 -52.59949
v -30.69117 8.733452 -54.69241
v -28.63503 7.057026 -54.98389
v -20.87038 7.057026 -48.3292
v -21.09347 8.733456 -46.46676
v -22.89868 7.265843 -45.60237
v -26.2648 7.057027 -45.03619
v -28.32089 8.733453 -44.74466
v -29.52262 7.265841 -46.13509
v -27.94643 6.398932 -47.71586
v -29.52262 7.265841 -46.13509
v -31.06362 7.057022 -49.14897
v -22.89868 7.265843 -45.60237
v -24.42745 8.733454 -44.43154
v -26.2648 7.057027 -45.03619
v -27.94643 6.398932 -47.71586
v -31.06362 7.057022 -49.14897
v -28.8518 6.398931 -51.51551
v -30.69117 8.733452 -54.69241
v -27.35719 8.733453 -56.72763
v -28.63503 7.057026 -54.98389
v -27.35719 8.733453 -56.72763
v -25.50058 10.95195 -56.06224
v -23.46375 8.733455 -56.41451
v -23.46375 8.733455 -56.41451
v -22.24816 10.59117 -54.98037
v -20.49787 8.733456 -53.87263
v -19.59251 8.733456 -50.07294
v -21.09347 8.733456 -46.46676
v -20.87038 7.057026 -48.3292
v -20.49787 8.733456 -53.87263
v -20.70176 10.95196 -51.94946
v -19.59251 8.733456 -50.07294
v -31.06362 7.057022 -49.14897
v -32.19213 8.733452 -51.08624
v -31.06293 7.265837 -52.59949
v -31.06293 7.265837 -52.59949
v -32.19213 8.733452 -51.08624
v -30.69117 8.733452 -54.69241
v -22.89868 7.265843 -45.60237
v -21.09347 8.733456 -46.46676
v -24.42745 8.733454 -44.43154
v -24.42745 8.733454 -44.43154
v -28.32089 8.733453 -44.74466
v -26.2648 7.057027 -45.03619
v -29.52262 7.265841 -46.13509
v -28.32089 8.733453 -44.74466
v -31.28677 8.733452 -47.28653
v -29.52262 7.265841 -46.13509
v -31.28677 8.733452 -47.28653
v -31.06362 7.057022 -49.14897
v -30.69117 8.733452 -54.69241
v -28.8721 10.59117 -55.51308
v -27.35719 8.733453 -56.72763
v -27.35719 8.733453 -56.72763
v -28.8721 10.59117 -55.51308
v -25.50058 10.95195 -56.06224
v -23.46375 8.733455 -56.41451
v -25.50058 10.95195 -56.06224
v -22.24816 10.59117 -54.98037
v -20.49787 8.733456 -53.87263
v -22.24816 10.59117 -54.98037
v -20.70176 10.95196 -51.94946
v -19.59251 8.733456 -50.07294
v -20.70785 10.59118 -48.51597
v -21.09347 8.733456 -46.46676
v -19.59251 8.733456 -50.07294
v -20.70176 10.95196 -51.94946
v -20.70785 10.59118 -48.51597
v -31.28677 8.733452 -47.28653
v -32.19213 8.733452 -51.08624
v -31.06362 7.057022 -49.14897
v -32.19213 8.733452 -51.08624
v -30.895 10.95195 -52.76923
v -30.69117 8.733452 -54.69241
v -21.09347 8.733456 -46.46676
v -23.13034 10.95194 -46.11453
v -24.42745 8.733454 -44.43154
v -24.42745 8.733454 -44.43154
v -26.3799 10.59115 -45.05342
v -28.32089 8.733453 -44.74466
v -28.32089 8.733453 -44.74466
v -29.43011 10.95194 -46.62118
v -31.28677 8.733452 -47.28653
v -30.69117 8.733452 -54.69241
v -30.895 10.95195 -52.76923
v -28.8721 10.59117 -55.51308
v -28.8721 10.59117 -55.51308
v -27.67916 12.54452 -53.59098
v -25.50058 10.95195 -56.06224
v -25.50058 10.95195 -56.06224
v -23.78574 12.54452 -53.27786
v -22.24816 10.59117 -54.98037
v -22.24816 10.59117 -54.98037
v -23.78574 12.54452 -53.27786
v -20.70176 10.95196 -51.94946
v -21.09347 8.733456 -46.46676
v -20.70785 10.59118 -48.51597
v -23.13034 10.95194 -46.11453
v -20.70176 10.95196 -51.94946
v -22.88037 12.54452 -49.47821
v -20.70785 10.59118 -48.51597
v -31.28677 8.733452 -47.28653
v -31.42571 10.59117 -49.37793
v -32.19213 8.733452 -51.08624
v -32.19213 8.733452 -51.08624
v -31.42571 10.59117 -49.37793
v -30.895 10.95195 -52.76923
v -24.42745 8.733454 -44.43154
v -23.13034 10.95194 -46.11453
v -26.3799 10.59115 -45.05342
v -28.32089 8.733453 -44.74466
v -26.3799 10.59115 -45.05342
v -29.43011 10.95194 -46.62118
v -31.28677 8.733452 -47.28653
v -29.43011 10.95194 -46.62118
v -31.42571 10.59117 -49.37793
v -30.895 10.95195 -52.76923
v -27.67916 12.54452 -53.59098
v -28.8721 10.59117 -55.51308
v -27.67916 12.54452 -53.59098
v -23.78574 12.54452 -53.27786
v -25.50058 10.95195 -56.06224
v -23.78574 12.54452 -53.27786
v -22.88037 12.54452 -49.47821
v -20.70176 10.95196 -51.94946
v -20.70785 10.59118 -48.51597
v -22.88037 12.54452 -49.47821
v -23.13034 10.95194 -46.11453
v -31.42571 10.59117 -49.37793
v -29.18012 12.54452 -49.98485
v -30.895 10.95195 -52.76923
v -23.13034 10.95194 -46.11453
v -26.2143 12.54451 -47.44297
v -26.3799 10.59115 -45.05342
v -26.3799 10.59115 -45.05342
v -26.2143 12.54451 -47.44297
v -29.43011 10.95194 -46.62118
v -29.43011 10.95194 -46.62118
v -29.18012 12.54452 -49.98485
v -31.42571 10.59117 -49.37793
v -29.18012 12.54452 -49.98485
v -27.67916 12.54452 -53.59098
v -30.895 10.95195 -52.76923
v -27.67916 12.54452 -53.59098
v -25.95366 13.32751 -50.77299
v -23.78574 12.54452 -53.27786
v -23.78574 12.54452 -53.27786
v -25.95366 13.32751 -50.77299
v -22.88037 12.54452 -49.47821
v -22.88037 12.54452 -49.47821
v -26.2143 12.54451 -47.44297
v -23.13034 10.95194 -46.11453
v -26.2143 12.54451 -47.44297
v -29.18012 12.54452 -49.98485
v -29.43011 10.95194 -46.62118
v -29.18012 12.54452 -49.98485
v -25.95366 13.32751 -50.77299
v -27.67916 12.54452 -53.59098
v -22.88037 12.54452 -49.47821
v -25.95366 13.32751 -50.77299
v -26.2143 12.54451 -47.44297
v -26.2143 12.54451 -47.44297
v -25.95366 13.32751 -50.77299
v -29.18012 12.54452 -49.98485
v -10.34304 6.347033 -49.62579
v -10.1575 6.451234 -52.28359
v -7.841019 6.451232 -50.29823
v -9.013353 6.451231 -47.48164
v -12.05434 6.45123 -47.72621
v -10.34304 6.347033 -49.62579
v -7.841019 6.451232 -50.29823
v -6.527541 6.965239 -48.20527
v -9.013353 6.451231 -47.48164
v -10.34304 6.347033 -49.62579
v -12.76148 6.45123 -50.69395
v -10.1575 6.451234 -52.28359
v -10.1575 6.451234 -52.28359
v -7.671696 6.965241 -53.00724
v -7.841019 6.451232 -50.29823
v -10.74089 6.96524 -45.63324
v -12.05434 6.45123 -47.72621
v -9.013353 6.451231 -47.48164
v -10.34304 6.347033 -49.62579
v -12.05434 6.45123 -47.72621
v -12.76148 6.45123 -50.69395
v -7.841019 6.451232 -50.29823
v -6.117246 7.128336 -50.86736
v -6.527541 6.965239 -48.20527
v -9.013353 6.451231 -47.48164
v -6.527541 6.965239 -48.20527
v -8.111756 7.128337 -46.07545
v -12.76148 6.45123 -50.69395
v -12.59218 6.96524 -53.40295
v -10.1575 6.451234 -52.28359
v -10.1575 6.451234 -52.28359
v -10.0583 7.128345 -54.24504
v -7.671696 6.965241 -53.00724
v -7.841019 6.451232 -50.29823
v -7.671696 6.965241 -53.00724
v -6.117246 7.128336 -50.86736
v -10.74089 6.96524 -45.63324
v -13.28543 7.128335 -46.49154
v -12.05434 6.45123 -47.72621
v -8.111756 7.128337 -46.07545
v -10.74089 6.96524 -45.63324
v -9.013353 6.451231 -47.48164
v -6.117246 7.128336 -50.86736
v -5.529452 8.274625 -49.56721
v -6.527541 6.965239 -48.20527
v -6.527541 6.965239 -48.20527
v -6.701787 8.274625 -46.75059
v -8.111756 7.128337 -46.07545
v -12.76148 6.45123 -50.69395
v -14.4885 7.128333 -51.5406
v -12.59218 6.96524 -53.40295
v -10.1575 6.451234 -52.28359
v -12.59218 6.96524 -53.40295
v -10.0583 7.128345 -54.24504
v -10.0583 7.128345 -54.24504
v -8.553107 8.274626 -54.52034
v -7.671696 6.965241 -53.00724
v -7.671696 6.965241 -53.00724
v -6.236588 8.274625 -52.535
v -6.117246 7.128336 -50.86736
v -10.74089 6.96524 -45.63324
v -12.34681 8.274625 -45.40553
v -13.28543 7.128335 -46.49154
v -12.05434 6.45123 -47.72621
v -13.28543 7.128335 -46.49154
v -14.48904 6.965236 -48.84555
v -8.111756 7.128337 -46.07545
v -9.305816 8.274626 -45.16097
v -10.74089 6.96524 -45.63324
v -12.76148 6.45123 -50.69395
v -14.48904 6.965236 -48.84555
v -14.4885 7.128333 -51.5406
v -6.117246 7.128336 -50.86736
v -6.236588 8.274625 -52.535
v -5.529452 8.274625 -49.56721
v -5.529452 8.274625 -49.56721
v -6.701787 8.274625 -46.75059
v -6.527541 6.965239 -48.20527
v -8.111756 7.128337 -46.07545
v -6.701787 8.274625 -46.75059
v -9.305816 8.274626 -45.16097
v -14.4885 7.128333 -51.5406
v -14.19813 8.274622 -53.17529
v -12.59218 6.96524 -53.40295
v -12.59218 6.96524 -53.40295
v -11.59411 8.274625 -54.76491
v -10.0583 7.128345 -54.24504
v -10.0583 7.128345 -54.24504
v -11.59411 8.274625 -54.76491
v -8.553107 8.274626 -54.52034
v -8.553107 8.274626 -54.52034
v -6.236588 8.274625 -52.535
v -7.671696 6.965241 -53.00724
v -9.305816 8.274626 -45.16097
v -12.34681 8.274625 -45.40553
v -10.74089 6.96524 -45.63324
v -13.28543 7.128335 -46.49154
v -12.34681 8.274625 -45.40553
v -14.66333 8.274622 -47.39088
v -13.28543 7.128335 -46.49154
v -14.66333 8.274622 -47.39088
v -14.48904 6.965236 -48.84555
v -14.48904 6.965236 -48.84555
v -15.37047 8.274621 -50.35866
v -14.4885 7.128333 -51.5406
v -6.236588 8.274625 -52.535
v -6.395838 10.0074 -51.03289
v -5.529452 8.274625 -49.56721
v -5.529452 8.274625 -49.56721
v -6.400596 9.725608 -48.35114
v -6.701787 8.274625 -46.75059
v -6.701787 8.274625 -46.75059
v -8.292701 10.00739 -46.47548
v -9.305816 8.274626 -45.16097
v -14.4885 7.128333 -51.5406
v -15.37047 8.274621 -50.35866
v -14.19813 8.274622 -53.17529
v -14.19813 8.274622 -53.17529
v -11.59411 8.274625 -54.76491
v -12.59218 6.96524 -53.40295
v -11.59411 8.274625 -54.76491
v -10.14399 10.00739 -54.2452
v -8.553107 8.274626 -54.52034
v -8.553107 8.274626 -54.52034
v -7.603668 9.725603 -53.4002
v -6.236588 8.274625 -52.535
v -9.305816 8.274626 -45.16097
v -10.83079 9.725589 -45.64669
v -12.34681 8.274625 -45.40553
v -12.34681 8.274625 -45.40553
v -13.21318 10.00739 -46.8712
v -14.66333 8.274622 -47.39088
v -14.66333 8.274622 -47.39088
v -15.37047 8.274621 -50.35866
v -14.48904 6.965236 -48.84555
v -6.236588 8.274625 -52.535
v -7.603668 9.725603 -53.4002
v -6.395838 10.0074 -51.03289
v -5.529452 8.274625 -49.56721
v -6.395838 10.0074 -51.03289
v -6.400596 9.725608 -48.35114
v -6.701787 8.274625 -46.75059
v -6.400596 9.725608 -48.35114
v -8.292701 10.00739 -46.47548
v -9.305816 8.274626 -45.16097
v -8.292701 10.00739 -46.47548
v -10.83079 9.725589 -45.64669
v -15.37047 8.274621 -50.35866
v -14.35734 10.0074 -51.67317
v -14.19813 8.274622 -53.17529
v -14.19813 8.274622 -53.17529
v -12.77734 9.725601 -53.81628
v -11.59411 8.274625 -54.76491
v -11.59411 8.274625 -54.76491
v -12.77734 9.725601 -53.81628
v -10.14399 10.00739 -54.2452
v -8.553107 8.274626 -54.52034
v -10.14399 10.00739 -54.2452
v -7.603668 9.725603 -53.4002
v -12.34681 8.274625 -45.40553
v -10.83079 9.725589 -45.64669
v -13.21318 10.00739 -46.8712
v -14.66333 8.274622 -47.39088
v -13.21318 10.00739 -46.8712
v -14.77185 9.725605 -49.02438
v -14.66333 8.274622 -47.39088
v -14.77185 9.725605 -49.02438
v -15.37047 8.274621 -50.35866
v -7.603668 9.725603 -53.4002
v -8.8046 11.25128 -52.07044
v -6.395838 10.0074 -51.03289
v -6.395838 10.0074 -51.03289
v -8.097459 11.25128 -49.1027
v -6.400596 9.725608 -48.35114
v -6.400596 9.725608 -48.35114
v -8.097459 11.25128 -49.1027
v -8.292701 10.00739 -46.47548
v -8.292701 10.00739 -46.47548
v -10.70145 11.25127 -47.51307
v -10.83079 9.725589 -45.64669
v -15.37047 8.274621 -50.35866
v -14.77185 9.725605 -49.02438
v -14.35734 10.0074 -51.67317
v -14.19813 8.274622 -53.17529
v -14.35734 10.0074 -51.67317
v -12.77734 9.725601 -53.81628
v -12.77734 9.725601 -53.81628
v -11.84559 11.25128 -52.31501
v -10.14399 10.00739 -54.2452
v -10.14399 10.00739 -54.2452
v -8.8046 11.25128 -52.07044
v -7.603668 9.725603 -53.4002
v -10.83079 9.725589 -45.64669
v -10.70145 11.25127 -47.51307
v -13.21318 10.00739 -46.8712
v -13.21318 10.00739 -46.8712
v -13.01792 11.25128 -49.49842
v -14.77185 9.725605 -49.02438
v -8.8046 11.25128 -52.07044
v -8.097459 11.25128 -49.1027
v -6.395838 10.0074 -51.03289
v -8.097459 11.25128 -49.1027
v -10.70145 11.25127 -47.51307
v -8.292701 10.00739 -46.47548
v -14.77185 9.725605 -49.02438
v -13.01792 11.25128 -49.49842
v -14.35734 10.0074 -51.67317
v -14.35734 10.0074 -51.67317
v -11.84559 11.25128 -52.31501
v -12.77734 9.725601 -53.81628
v -11.84559 11.25128 -52.31501
v -8.8046 11.25128 -52.07044
v -10.14399 10.00739 -54.2452
v -10.70145 11.25127 -47.51307
v -13.01792 11.25128 -49.49842
v -13.21318 10.00739 -46.8712
v -8.8046 11.25128 -52.07044
v -10.49787 11.86285 -50.114
v -8.097459 11.25128 -49.1027
v -8.097459 11.25128 -49.1027
v -10.49787 11.86285 -50.114
v -10.70145 11.25127 -47.51307
v -13.01792 11.25128 -49.49842
v -11.84559 11.25128 -52.31501
v -14.35734 10.0074 -51.67317
v -11.84559 11.25128 -52.31501
v -10.49787 11.86285 -50.114
v -8.8046 11.25128 -52.07044
v -10.70145 11.25127 -47.51307
v -10.49787 11.86285 -50.114
v -13.01792 11.25128 -49.49842
v -13.01792 11.25128 -49.49842
v -10.49787 11.86285 -50.114
v -11.84559 11.25128 -52.31501
v -22.55205 6.398933 -51.00887
v -23.2132 6.3714 -50.83118
v -23.21738 6.371502 -50.83754
v -25.51787 6.398936 -53.55075
v -23.42004 6.36533 -50.84435
v -23.49264 6.359764 -50.75608
v -25.75543 6.265525 -50.14793
v -27.39338 6.340094 -50.96898
v -27.36655 6.340271 -50.98971
v -27.3648 6.340282 -50.99104
v -27.45574 6.338783 -50.89891
v -25.75543 6.265525 -50.14793
v -25.51787 6.398936 -53.55075
v -27.38842 6.341792 -51.01349
v -27.51622 6.352453 -51.19579
v -28.8518 6.398931 -51.51551
v -27.52812 6.352786 -51.19668
v -27.81554 6.360847 -51.21809
v -27.83361 6.360465 -51.19773
v -27.91694 6.358653 -51.10262
v -27.53374 6.343467 -50.81803
v -27.45574 6.338783 -50.89891
v -25.75543 6.265525 -50.14793
v -27.53922 6.343796 -50.8124
v -27.84365 6.358153 -50.83873
v -27.8124 6.35668 -50.83604
v -27.94643 6.398932 -47.71586
v -28.8518 6.398931 -51.51551
v -27.95721 6.361634 -51.01183
v -27.9761 6.362218 -51.0402
v -27.91694 6.358653 -51.10262
v -23.20071 6.372328 -50.81359
v -23.2132 6.3714 -50.83118
v -22.55205 6.398933 -51.00887
v -23.11834 6.37848 -50.69633
v -23.13427 6.378124 -50.67627
v -23.22415 6.376141 -50.56201
v -24.05301 6.398933 -47.40274
v -25.75543 6.265525 -50.14793
v -23.42953 6.366376 -50.5689
v -23.45404 6.364552 -50.6034
v -23.5291 6.358951 -50.71012
v -23.49264 6.359764 -50.75608
v -23.50146 6.359569 -50.74487
v -13.0174 6.565825 -49.73951
v -12.89242 6.530394 -49.84219
v -12.87103 6.524339 -49.85959
v -12.05434 6.45123 -47.72621
v -14.48904 6.965236 -48.84555
v -12.76148 6.45123 -50.69395
v -13.25456 6.620332 -49.76999
v -12.9509 6.535809 -49.99176
v -13.2553 6.620439 -49.7712
v -12.96218 6.537441 -50.01019
v -13.19939 6.591958 -50.04067
v -13.27208 6.61257 -49.98089
v -13.32808 6.629384 -49.91832
v -13.27615 6.623429 -49.80574
v -13.32699 6.629254 -49.91599
v -9.013353 6.451231 -47.48164
v -8.693296 6.430796 -49.29764
v -8.670312 6.431908 -49.29592
v -8.389471 6.445484 -49.27503
v -8.364634 6.446127 -49.3018
v -8.227098 6.449646 -49.45193
v -10.34304 6.347033 -49.62579
v -7.841019 6.451232 -50.29823
v -8.830367 6.420523 -49.49468
v -8.251523 6.447811 -49.48724
v -8.834666 6.420202 -49.50079
v -8.679035 6.42424 -49.66785
v -8.668283 6.424521 -49.67926
v -8.364607 6.439273 -49.65301
v -8.405416 6.437292 -49.65651
v -27.51622 6.352453 -51.19579
v -27.38842 6.341792 -51.01349
v -27.43711 6.264539 -51.19031
v -13.32808 6.629384 -49.91832
v -13.27208 6.61257 -49.98089
v -13.3155 6.593503 -49.91655
v -24.63075 4.988896 -50.57151
v -24.54312 5.053298 -50.57668
v -24.55388 5.045389 -50.57604
v -11.76685 5.053303 -49.54918
v -11.68117 4.988901 -49.53007
v -11.75632 5.045394 -49.54683
v -23.45404 6.364552 -50.6034
v -23.5291 6.358951 -50.71012
v -24.33631 5.295858 -50.73243
v -23.42953 6.366376 -50.5689
v -24.27761 5.248427 -50.59234
v -23.5291 6.358951 -50.71012
v -24.2683 5.247144 -50.86779
v -24.33631 5.295858 -50.73243
v -23.50146 6.359569 -50.74487
v -23.49264 6.359764 -50.75608
v -23.42004 6.36533 -50.84435
v -24.55258 5.036718 -50.90196
v -24.54982 5.135108 -50.7389
v -24.33631 5.295858 -50.73243
v -24.2683 5.247144 -50.86779
v -23.42004 6.36533 -50.84435
v -23.21738 6.371502 -50.83754
v -24.14159 5.151006 -50.86307
v -24.2683 5.247144 -50.86779
v -23.22415 6.376141 -50.56201
v -23.42953 6.366376 -50.5689
v -24.27761 5.248427 -50.59234
v -24.15089 5.152292 -50.58761
v -24.54982 5.135108 -50.7389
v -24.54312 5.053298 -50.57668
v -24.27761 5.248427 -50.59234
v -24.33631 5.295858 -50.73243
v -24.2683 5.247144 -50.86779
v -24.14159 5.151006 -50.86307
v -24.48627 4.75149 -51.00919
v -24.55258 5.036718 -50.90196
v -24.79433 4.8309 -51.01104
v -24.62886 4.980254 -50.91113
v -23.21738 6.371502 -50.83754
v -23.2132 6.3714 -50.83118
v -24.14159 5.151006 -50.86307
v -23.20071 6.372328 -50.81359
v -24.08288 5.103579 -50.72297
v -23.11834 6.37848 -50.69633
v -23.13427 6.378124 -50.67627
v -23.22415 6.376141 -50.56201
v -24.15089 5.152292 -50.58761
v -24.08288 5.103579 -50.72297
v -23.11834 6.37848 -50.69633
v -24.52617 4.75149 -50.51309
v -24.15089 5.152292 -50.58761
v -24.27761 5.248427 -50.59234
v -24.54312 5.053298 -50.57668
v -24.79648 4.822009 -50.55519
v -24.63075 4.988896 -50.57151
v -24.54982 5.135108 -50.7389
v -24.69274 5.027514 -50.74322
v -24.54982 5.135108 -50.7389
v -24.55258 5.036718 -50.90196
v -24.62886 4.980254 -50.91113
v -24.69274 5.027514 -50.74322
v -24.14159 5.151006 -50.86307
v -24.08288 5.103579 -50.72297
v -24.38064 4.82056 -50.75105
v -24.48627 4.75149 -51.00919
v -27.52812 6.352786 -51.19668
v -27.51622 6.352453 -51.19579
v -27.43711 6.264539 -51.19031
v -27.81554 6.360847 -51.21809
v -27.57699 6.091662 -51.20156
v -25.24129 4.946117 -51.01372
v -25.35536 4.755108 -51.02289
v -27.38842 6.341792 -51.01349
v -27.3648 6.340282 -50.99104
v -25.19972 5.041623 -50.81692
v -25.24129 4.946117 -51.01372
v -27.43711 6.264539 -51.19031
v -24.52617 4.75149 -50.51309
v -24.38064 4.82056 -50.75105
v -24.08288 5.103579 -50.72297
v -24.15089 5.152292 -50.58761
v -27.46803 6.264539 -50.80589
v -27.39338 6.340094 -50.96898
v -27.45574 6.338783 -50.89891
v -27.53374 6.343467 -50.81803
v -27.53922 6.343796 -50.8124
v -21.77647 0.1054597 -50.14521
v -21.54541 0.2151276 -50.52303
v -24.38064 4.82056 -50.75105
v -24.52617 4.75149 -50.51309
v -24.63075 4.988896 -50.57151
v -24.69274 5.027514 -50.74322
v -24.83965 4.944445 -50.78796
v -24.79648 4.822009 -50.55519
v -24.69274 5.027514 -50.74322
v -24.62886 4.980254 -50.91113
v -24.79433 4.8309 -51.01104
v -24.83965 4.944445 -50.78796
v -24.79433 4.8309 -51.01104
v -24.48627 4.75149 -51.00919
v -24.73743 4.613351 -51.02939
v -25.35536 4.755108 -51.02289
v -25.24129 4.946117 -51.01372
v -21.54541 0.2151276 -50.52303
v -21.71312 0.1054597 -50.93291
v -24.48627 4.75149 -51.00919
v -24.38064 4.82056 -50.75105
v -27.83361 6.360465 -51.19773
v -27.81554 6.360847 -51.21809
v -27.57699 6.091662 -51.20156
v -27.91694 6.358653 -51.10262
v -27.9761 6.362218 -51.0402
v -27.66239 6.005224 -51.01497
v -27.36655 6.340271 -50.98971
v -25.19972 5.041623 -50.81692
v -27.3648 6.340282 -50.99104
v -25.27221 4.946117 -50.6293
v -27.46803 6.264539 -50.80589
v -27.39338 6.340094 -50.96898
v -27.8124 6.35668 -50.83604
v -27.46803 6.264539 -50.80589
v -27.53922 6.343796 -50.8124
v -27.60791 6.091662 -50.81714
v -27.84365 6.358153 -50.83873
v -25.38627 4.755108 -50.63847
v -25.27221 4.946117 -50.6293
v -24.77732 4.613351 -50.53329
v -24.52617 4.75149 -50.51309
v -24.79648 4.822009 -50.55519
v -25.38627 4.755108 -50.63847
v -25.27221 4.946117 -50.6293
v -20.20026 -1.987141 -49.95764
v -19.93375 -1.860651 -50.39341
v -21.54541 0.2151276 -50.52303
v -21.77647 0.1054597 -50.14521
v -22.17524 -0.1138735 -50.17729
v -24.52617 4.75149 -50.51309
v -24.77732 4.613351 -50.53329
v -21.77647 0.1054597 -50.14521
v -20.66021 -2.240124 -49.99463
v -20.20026 -1.987141 -49.95764
v -19.31303 -3.490102 -49.88628
v -18.87908 -3.194464 -49.85138
v -21.71312 0.1054597 -50.93291
v -24.73743 4.613351 -51.02939
v -24.48627 4.75149 -51.00919
v -22.11189 -0.1138735 -50.96498
v -20.12719 -1.987141 -50.86618
v -20.58714 -2.240124 -50.90317
v -18.80602 -3.194464 -50.75992
v -19.23996 -3.490102 -50.79482
v -19.93375 -1.860651 -50.39341
v -20.12719 -1.987141 -50.86618
v -21.71312 0.1054597 -50.93291
v -21.54541 0.2151276 -50.52303
v -25.35536 4.755108 -51.02289
v -25.42785 4.659606 -50.83526
v -27.66239 6.005224 -51.01497
v -27.57699 6.091662 -51.20156
v -25.24129 4.946117 -51.01372
v -25.19972 5.041623 -50.81692
v -24.83965 4.944445 -50.78796
v -24.79433 4.8309 -51.01104
v -27.84365 6.358153 -50.83873
v -27.66239 6.005224 -51.01497
v -27.60791 6.091662 -50.81714
v -27.95721 6.361634 -51.01183
v -27.9761 6.362218 -51.0402
v -19.93375 -1.860651 -50.39341
v -20.20026 -1.987141 -49.95764
v -18.87908 -3.194464 -49.85138
v -18.62558 -3.046646 -50.2882
v -22.34295 -0.2235414 -50.58717
v -22.17524 -0.1138735 -50.17729
v -24.77732 4.613351 -50.53329
v -24.88295 4.544281 -50.79144
v -24.83965 4.944445 -50.78796
v -25.19972 5.041623 -50.81692
v -25.27221 4.946117 -50.6293
v -24.79648 4.822009 -50.55519
v -24.73743 4.613351 -51.02939
v -24.88295 4.544281 -50.79144
v -25.42785 4.659606 -50.83526
v -25.35536 4.755108 -51.02289
v -22.11189 -0.1138735 -50.96498
v -22.34295 -0.2235414 -50.58717
v -24.88295 4.544281 -50.79144
v -24.73743 4.613351 -51.02939
v -20.12719 -1.987141 -50.86618
v -19.93375 -1.860651 -50.39341
v -18.62558 -3.046646 -50.2882
v -18.80602 -3.194464 -50.75992
v -27.60791 6.091662 -50.81714
v -27.66239 6.005224 -51.01497
v -25.42785 4.659606 -50.83526
v -25.38627 4.755108 -50.63847
v -25.38627 4.755108 -50.63847
v -25.42785 4.659606 -50.83526
v -24.88295 4.544281 -50.79144
v -24.77732 4.613351 -50.53329
v -20.85365 -2.366616 -50.46739
v -20.66021 -2.240124 -49.99463
v -22.17524 -0.1138735 -50.17729
v -22.34295 -0.2235414 -50.58717
v -20.58714 -2.240124 -50.90317
v -20.85365 -2.366616 -50.46739
v -22.34295 -0.2235414 -50.58717
v -22.11189 -0.1138735 -50.96498
v -18.62558 -3.046646 -50.2882
v -18.87908 -3.194464 -49.85138
v -17.95067 -3.349741 -49.50023
v -17.65443 -3.046645 -50.2101
v -18.80602 -3.194464 -50.75992
v -18.62558 -3.046646 -50.2882
v -17.65443 -3.046645 -50.2101
v -17.83342 -3.349741 -50.95819
v -18.87908 -3.194464 -49.85138
v -19.31303 -3.490102 -49.88628
v -18.70266 -4.042185 -49.44982
v -17.95067 -3.349741 -49.50023
v -20.66021 -2.240124 -49.99463
v -20.85365 -2.366616 -50.46739
v -19.49346 -3.63792 -50.358
v -19.31303 -3.490102 -49.88628
v -19.23996 -3.490102 -50.79482
v -18.80602 -3.194464 -50.75992
v -17.83342 -3.349741 -50.95819
v -18.56769 -4.042185 -51.12814
v -19.23996 -3.490102 -50.79482
v -19.49346 -3.63792 -50.358
v -20.85365 -2.366616 -50.46739
v -20.58714 -2.240124 -50.90317
v -18.56769 -4.042185 -51.12814
v -19.11966 -4.042186 -50.32794
v -19.49346 -3.63792 -50.358
v -19.23996 -3.490102 -50.79482
v -17.95067 -3.349741 -49.50023
v -16.15282 -1.98714 -49.63213
v -16.34626 -1.86065 -50.1049
v -17.65443 -3.046645 -50.2101
v -17.65443 -3.046645 -50.2101
v -16.34626 -1.86065 -50.1049
v -16.07975 -1.98714 -50.54067
v -17.83342 -3.349741 -50.95819
v -18.56769 -4.042185 -51.12814
v -17.83342 -3.349741 -50.95819
v -16.96698 -3.490102 -50.61202
v -17.59871 -4.042185 -51.05021
v -19.31303 -3.490102 -49.88628
v -19.49346 -3.63792 -50.358
v -19.11966 -4.042186 -50.32794
v -18.70266 -4.042185 -49.44982
v -17.95067 -3.349741 -49.50023
v -18.70266 -4.042185 -49.44982
v -17.73369 -4.042185 -49.37189
v -17.04005 -3.490102 -49.70348
v -19.21417 -5.817914 -50.33554
v -19.11966 -4.042186 -50.32794
v -18.56769 -4.042185 -51.12814
v -18.60836 -5.817914 -51.21378
v -18.64455 -7.34005 -51.37008
v -19.35061 -7.34005 -50.34652
v -16.15282 -1.98714 -49.63213
v -17.95067 -3.349741 -49.50023
v -17.04005 -3.490102 -49.70348
v -15.69287 -2.240123 -49.59514
v -18.60836 -5.817914 -51.21378
v -18.56769 -4.042185 -51.12814
v -17.59871 -4.042185 -51.05021
v -17.54488 -5.817913 -51.12825
v -18.75649 -5.817914 -49.37178
v -18.70266 -4.042185 -49.44982
v -19.11966 -4.042186 -50.32794
v -19.21417 -5.817914 -50.33554
v -19.35061 -7.34005 -50.34652
v -18.8172 -7.34005 -49.22327
v -16.15282 -1.98714 -49.63213
v -14.56689 0.1054623 -49.5654
v -14.7346 0.21513 -49.97528
v -16.34626 -1.86065 -50.1049
v -15.69287 -2.240123 -49.59514
v -14.56689 0.1054623 -49.5654
v -16.15282 -1.98714 -49.63213
v -14.16811 -0.1138707 -49.53333
v -11.79374 4.751494 -49.48911
v -11.54259 4.613356 -49.46891
v -17.83342 -3.349741 -50.95819
v -16.07975 -1.98714 -50.54067
v -15.6198 -2.240123 -50.50368
v -16.96698 -3.490102 -50.61202
v -16.34626 -1.86065 -50.1049
v -14.7346 0.21513 -49.97528
v -14.50354 0.1054623 -50.35309
v -16.07975 -1.98714 -50.54067
v -17.4051 -7.340049 -51.27039
v -18.64455 -7.34005 -51.37008
v -18.60836 -5.817914 -51.21378
v -17.54488 -5.817913 -51.12825
v -17.54488 -5.817913 -51.12825
v -17.59871 -4.042185 -51.05021
v -17.18172 -4.042185 -50.17208
v -17.08721 -5.817913 -50.16449
v -17.59871 -4.042185 -51.05021
v -16.96698 -3.490102 -50.61202
v -16.78654 -3.63792 -50.1403
v -17.18172 -4.042185 -50.17208
v -17.69302 -5.817913 -49.28625
v -17.73369 -4.042185 -49.37189
v -18.70266 -4.042185 -49.44982
v -18.75649 -5.817914 -49.37178
v -17.04005 -3.490102 -49.70348
v -17.73369 -4.042185 -49.37189
v -17.18172 -4.042185 -50.17208
v -16.78654 -3.63792 -50.1403
v -15.69287 -2.240123 -49.59514
v -17.04005 -3.490102 -49.70348
v -16.78654 -3.63792 -50.1403
v -15.42636 -2.366614 -50.03091
v -16.87169 -7.340049 -50.14715
v -17.57775 -7.340049 -49.12359
v -18.8172 -7.34005 -49.22327
v -19.35061 -7.34005 -50.34652
v -17.4051 -7.340049 -51.27039
v -18.64455 -7.34005 -51.37008
v -14.56689 0.1054623 -49.5654
v -11.79374 4.751494 -49.48911
v -11.89937 4.820564 -49.74726
v -14.7346 0.21513 -49.97528
v -15.42636 -2.366614 -50.03091
v -13.93705 -0.2235384 -49.91114
v -14.16811 -0.1138707 -49.53333
v -15.69287 -2.240123 -49.59514
v -16.07975 -1.98714 -50.54067
v -14.10477 -0.1138706 -50.32102
v -15.6198 -2.240123 -50.50368
v -14.50354 0.1054623 -50.35309
v -11.50269 4.613356 -49.96502
v -11.75385 4.751494 -49.98521
v -14.7346 0.21513 -49.97528
v -11.89937 4.820564 -49.74726
v -11.75385 4.751494 -49.98521
v -14.50354 0.1054623 -50.35309
v -16.87169 -7.340049 -50.14715
v -17.4051 -7.340049 -51.27039
v -17.54488 -5.817913 -51.12825
v -17.08721 -5.817913 -50.16449
v -17.08721 -5.817913 -50.16449
v -17.18172 -4.042185 -50.17208
v -17.73369 -4.042185 -49.37189
v -17.69302 -5.817913 -49.28625
v -18.8172 -7.34005 -49.22327
v -17.57775 -7.340049 -49.12359
v -17.69302 -5.817913 -49.28625
v -18.75649 -5.817914 -49.37178
v -17.57775 -7.340049 -49.12359
v -16.87169 -7.340049 -50.14715
v -17.08721 -5.817913 -50.16449
v -17.69302 -5.817913 -49.28625
v -11.79374 4.751494 -49.48911
v -12.15229 5.152297 -49.62265
v -12.19779 5.103583 -49.76714
v -11.89937 4.820564 -49.74726
v -15.6198 -2.240123 -50.50368
v -14.10477 -0.1138706 -50.32102
v -13.93705 -0.2235384 -49.91114
v -15.42636 -2.366614 -50.03091
v -13.93705 -0.2235384 -49.91114
v -11.39706 4.544286 -49.70687
v -11.54259 4.613356 -49.46891
v -14.16811 -0.1138707 -49.53333
v -11.54259 4.613356 -49.46891
v -10.92465 4.755113 -49.47542
v -11.03872 4.946123 -49.4846
v -11.52018 4.822014 -49.48747
v -11.79374 4.751494 -49.48911
v -16.96698 -3.490102 -50.61202
v -15.6198 -2.240123 -50.50368
v -15.42636 -2.366614 -50.03091
v -16.78654 -3.63792 -50.1403
v -11.89937 4.820564 -49.74726
v -12.19779 5.103583 -49.76714
v -12.11745 5.151011 -49.89605
v -11.75385 4.751494 -49.98521
v -11.79374 4.751494 -49.48911
v -11.52018 4.822014 -49.48747
v -11.68117 4.988901 -49.53007
v -11.73431 5.135112 -49.70823
v -11.59254 5.027519 -49.68966
v -11.76685 5.053303 -49.54918
v -12.02645 5.248432 -49.60706
v -12.15229 5.152297 -49.62265
v -14.10477 -0.1138706 -50.32102
v -11.50269 4.613356 -49.96502
v -11.39706 4.544286 -49.70687
v -13.93705 -0.2235384 -49.91114
v -11.39706 4.544286 -49.70687
v -10.85217 4.659611 -49.66304
v -10.92465 4.755113 -49.47542
v -11.54259 4.613356 -49.46891
v -11.0078 4.946123 -49.86902
v -10.89374 4.755113 -49.85984
v -11.50269 4.613356 -49.96502
v -11.44945 4.830905 -49.93781
v -11.75385 4.751494 -49.98521
v -13.25456 6.620332 -49.76999
v -12.19779 5.103583 -49.76714
v -12.15229 5.152297 -49.62265
v -13.2553 6.620439 -49.7712
v -13.3155 6.593503 -49.91655
v -13.27615 6.623429 -49.80574
v -11.50269 4.613356 -49.96502
v -10.89374 4.755113 -49.85984
v -10.85217 4.659611 -49.66304
v -11.39706 4.544286 -49.70687
v -11.68117 4.988901 -49.53007
v -11.52018 4.822014 -49.48747
v -11.44036 4.944449 -49.71035
v -11.59254 5.027519 -49.68966
v -11.62876 4.980258 -49.86562
v -11.44945 4.830905 -49.93781
v -11.75385 4.751494 -49.98521
v -11.70552 5.036723 -49.86876
v -11.99161 5.247149 -49.88047
v -12.11745 5.151011 -49.89605
v -12.11745 5.151011 -49.89605
v -12.19779 5.103583 -49.76714
v -13.3155 6.593503 -49.91655
v -13.19939 6.591958 -50.04067
v -13.27208 6.61257 -49.98089
v -13.0174 6.565825 -49.73951
v -13.25456 6.620332 -49.76999
v -12.15229 5.152297 -49.62265
v -12.02645 5.248432 -49.60706
v -12.02645 5.248432 -49.60706
v -11.76685 5.053303 -49.54918
v -11.73431 5.135112 -49.70823
v -11.94611 5.295862 -49.73597
v -10.85217 4.659611 -49.66304
v -8.617625 6.005231 -49.48334
v -8.703025 6.091669 -49.29675
v -10.92465 4.755113 -49.47542
v -10.89374 4.755113 -49.85984
v -8.672109 6.091669 -49.68118
v -8.617625 6.005231 -49.48334
v -10.85217 4.659611 -49.66304
v -11.44036 4.944449 -49.71035
v -11.52018 4.822014 -49.48747
v -11.03872 4.946123 -49.4846
v -11.08029 5.041628 -49.68139
v -10.92465 4.755113 -49.47542
v -8.842905 6.264546 -49.308
v -11.03872 4.946123 -49.4846
v -8.703025 6.091669 -49.29675
v -8.389471 6.445484 -49.27503
v -8.670312 6.431908 -49.29592
v -8.693296 6.430796 -49.29764
v -11.44945 4.830905 -49.93781
v -11.62876 4.980258 -49.86562
v -11.59254 5.027519 -49.68966
v -11.44036 4.944449 -49.71035
v -12.89242 6.530394 -49.84219
v -13.0174 6.565825 -49.73951
v -12.02645 5.248432 -49.60706
v -12.87103 6.524339 -49.85959
v -11.94611 5.295862 -49.73597
v -13.27615 6.623429 -49.80574
v -13.32699 6.629254 -49.91599
v -13.3155 6.593503 -49.91655
v -13.32808 6.629384 -49.91832
v -11.0078 4.946123 -49.86902
v -8.672109 6.091669 -49.68118
v -10.89374 4.755113 -49.85984
v -8.811989 6.264546 -49.69242
v -8.668283 6.424521 -49.67926
v -8.405416 6.437292 -49.65651
v -8.364607 6.439273 -49.65301
v -11.03872 4.946123 -49.4846
v -8.842905 6.264546 -49.308
v -8.897387 6.350985 -49.50584
v -11.08029 5.041628 -49.68139
v -11.0078 4.946123 -49.86902
v -11.44945 4.830905 -49.93781
v -11.44036 4.944449 -49.71035
v -11.08029 5.041628 -49.68139
v -11.62876 4.980258 -49.86562
v -11.70552 5.036723 -49.86876
v -11.73431 5.135112 -49.70823
v -11.59254 5.027519 -49.68966
v -13.19939 6.591958 -50.04067
v -12.96218 6.537441 -50.01019
v -11.99161 5.247149 -49.88047
v -12.11745 5.151011 -49.89605
v -11.94611 5.295862 -49.73597
v -11.73431 5.135112 -49.70823
v -11.70552 5.036723 -49.86876
v -11.99161 5.247149 -49.88047
v -8.227098 6.449646 -49.45193
v -8.703025 6.091669 -49.29675
v -8.617625 6.005231 -49.48334
v -8.364634 6.446127 -49.3018
v -8.389471 6.445484 -49.27503
v -8.364607 6.439273 -49.65301
v -8.617625 6.005231 -49.48334
v -8.672109 6.091669 -49.68118
v -8.251523 6.447811 -49.48724
v -8.227098 6.449646 -49.45193
v -8.811989 6.264546 -49.69242
v -11.0078 4.946123 -49.86902
v -11.08029 5.041628 -49.68139
v -8.897387 6.350985 -49.50584
v -12.96218 6.537441 -50.01019
v -11.94611 5.295862 -49.73597
v -11.99161 5.247149 -49.88047
v -12.9509 6.535809 -49.99176
v -12.87103 6.524339 -49.85959
v -8.834666 6.420202 -49.50079
v -8.811989 6.264546 -49.69242
v -8.897387 6.350985 -49.50584
v -8.679035 6.42424 -49.66785
v -8.668283 6.424521 -49.67926
v -8.693296 6.430796 -49.29764
v -8.897387 6.350985 -49.50584
v -8.842905 6.264546 -49.308
v -8.830367 6.420523 -49.49468
v -8.834666 6.420202 -49.50079
f 9618 9619 9620
f 9621 9622 9623
f 9624 9625 9626
f 9627 9628 9629
f 9630 9631 9632
f 9633 9634 9635
f 9636 9637 9638
f 9639 9640 9641
f 9642 9643 9644
f 9645 9646 9647
f 9648 9649 9650
f 9651 9652 9653
f 9654 9655 9656
f 9657 9658 9659
f 9660 9661 9662
f 9663 9664 9665
f 9666 9667 9668
f 9669 9670 9671
f 9672 9673 9674
f 9675 9676 9677
f 9678 9679 9680
f 9681 9682 9683
f 9684 9685 9686
f 9687 9688 9689
f 9690 9691 9692
f 9693 9694 9695
f 9696 9697 9698
f 9699 9700 9701
f 9702 9703 9704
f 9705 9706 9707
f 9708 9709 9710
f 9711 9712 9713
f 9714 9715 9716
f 9717 9718 9719
f 9720 9721 9722
f 9723 9724 9725
f 9726 9727 9728
f 9729 9730 9731
f 9732 9733 9734
f 9735 9736 9737
f 9738 9739 9740
f 9741 9742 9743
f 9744 9745 9746
f 9747 9748 9749
f 9750 9751 9752
f 9753 9754 9755
f 9756 9757 9758
f 9759 9760 9761
f 9762 9763 9764
f 9765 9766 9767
f 9768 9769 9770
f 9771 9772 9773
f 9774 9775 9776
f 9777 9778 9779
f 9780 9781 9782
f 9783 9784 9785
f 9786 9787 9788
f 9789 9790 9791
f 9792 9793 9794
f 9795 9796 9797
f 9798 9799 9800
f 9801 9802 9803
f 9804 9805 9806
f 9807 9808 9809
f 9810 9811 9812
f 9813 9814 9815
f 9816 9817 9818
f 9819 9820 9821
f 9822 9823 9824
f 9825 9826 9827
f 9828 9829 9830
f 9831 9832 9833
f 9834 9835 9836
f 9837 9838 9839
f 9840 9841 9842
f 9843 9844 9845
f 9846 9847 9848
f 9849 9850 9851
f 9852 9853 9854
f 9855 9856 9857
f 9858 9859 9860
f 9861 9862 9863
f 9864 9865 9866
f 9867 9868 9869
f 9870 9871 9872
f 9873 9874 9875
f 9876 9877 9878
f 9879 9880 9881
f 9882 9883 9884
f 9885 9886 9887
f 9888 9889 9890
f 9891 9892 9893
f 9894 9895 9896
f 9897 9898 9899
f 9900 9901 9902
f 9903 9904 9905
f 9906 9907 9908
f 9909 9910 9911
f 9912 9913 9914
f 9915 9916 9917
f 9918 9919 9920
f 9921 9922 9923
f 9924 9925 9926
f 9927 9928 9929
f 9930 9931 9932
f 9933 9934 9935
f 9936 9937 9938
f 9939 9940 9941
f 9942 9943 9944
f 9945 9946 9947
f 9948 9949 9950
f 9951 9952 9953
f 9954 9955 9956
f 9957 9958 9959
f 9960 9961 9962
f 9963 9964 9965
f 9966 9967 9968
f 9969 9970 9971
f 9972 9973 9974
f 9975 9976 9977
f 9978 9979 9980
f 9981 9982 9983
f 9984 9985 9986
f 9987 9988 9989
f 9990 9991 9992
f 9993 9994 9995
f 9996 9997 9998
f 9999 10000 10001
f 10002 10003 10004
f 10005 10006 10007
f 10008 10009 10010
f 10011 10012 10013
f 10014 10015 10016
f 10017 10018 10019
f 10020 10021 10022
f 10023 10024 10025
f 10026 10027 10028
f 10029 10030 10031
f 10032 10033 10034
f 10035 10036 10037
f 10038 10039 10040
f 10041 10042 10043
f 10044 10045 10046
f 10047 10048 10049
f 10050 10051 10052
f 10053 10054 10055
f 10056 10057 10058
f 10059 10060 10061
f 10062 10063 10064
f 10065 10066 10067
f 10068 10069 10070
f 10071 10072 10073
f 10074 10075 10076
f 10077 10078 10079
f 10080 10081 10082
f 10083 10080 10082
f 10083 10082 10084
f 10083 10084 10085
f 10085 10086 10083
f 10087 10088 10089
f 10090 10087 10089
f 10091 10090 10089
f 10089 10092 10091
f 10089 10093 10092
f 10093 10094 10092
f 10094 10095 10092
f 10095 10094 10096
f 10095 10096 10097
f 10095 10097 10098
f 10098 10099 10095
f 10100 10101 10102
f 10102 10103 10100
f 10104 10103 10102
f 10104 10105 10103
f 10104 10102 10106
f 10106 10107 10104
f 10107 10108 10104
f 10107 10109 10108
f 10107 10110 10109
f 10111 10112 10113
f 10114 10111 10113
f 10115 10114 10113
f 10116 10115 10113
f 10116 10113 10117
f 10117 10118 10116
f 10118 10119 10116
f 10120 10119 10118
f 10121 10120 10118
f 10118 10122 10121
f 10122 10123 10121
f 10124 10125 10126
f 10124 10126 10127
f 10127 10128 10124
f 10126 10129 10127
f 10130 10124 10128
f 10129 10126 10131
f 10132 10130 10128
f 10131 10133 10129
f 10133 10134 10129
f 10129 10134 10135
f 10129 10135 10136
f 10128 10129 10136
f 10128 10137 10132
f 10136 10137 10128
f 10136 10138 10137
f 10139 10140 10141
f 10141 10142 10139
f 10142 10143 10139
f 10143 10144 10139
f 10140 10139 10145
f 10144 10146 10139
f 10145 10147 10140
f 10146 10144 10148
f 10145 10149 10147
f 10150 10149 10145
f 10145 10151 10150
f 10145 10146 10151
f 10148 10152 10146
f 10153 10151 10146
f 10152 10153 10146
f 10154 10155 10156
f 10157 10158 10159
f 10160 10161 10162
f 10163 10164 10165
f 10166 10167 10168
f 10169 10166 10168
f 10169 10168 10170
f 10171 10172 10173
f 10171 10174 10172
f 10172 10174 10175
f 10172 10175 10176
f 10177 10178 10179
f 10179 10180 10177
f 10181 10182 10183
f 10181 10183 10184
f 10185 10186 10187
f 10185 10187 10188
f 10189 10190 10191
f 10191 10192 10189
f 10193 10194 10195
f 10195 10196 10193
f 10195 10197 10196
f 10197 10198 10196
f 10199 10200 10201
f 10201 10200 10202
f 10202 10203 10201
f 10202 10204 10203
f 10205 10206 10207
f 10205 10207 10208
f 10205 10208 10209
f 10210 10211 10212
f 10212 10213 10210
f 10213 10214 10210
f 10213 10215 10214
f 10213 10216 10215
f 10217 10215 10216
f 10218 10219 10220
f 10218 10220 10221
f 10222 10223 10224
f 10222 10224 10225
f 10226 10227 10228
f 10229 10226 10228
f 10229 10228 10230
f 10231 10230 10228
f 10231 10232 10230
f 10233 10234 10235
f 10235 10236 10233
f 10236 10237 10233
f 10238 10239 10240
f 10238 10240 10241
f 10242 10243 10244
f 10242 10244 10245
f 10245 10246 10242
f 10247 10248 10249
f 10247 10249 10250
f 10251 10252 10253
f 10251 10253 10254
f 10255 10256 10257
f 10255 10257 10258
f 10259 10260 10261
f 10261 10262 10259
f 10262 10263 10259
f 10264 10265 10266
f 10264 10266 10267
f 10268 10269 10270
f 10268 10270 10271
f 10272 10271 10270
f 10270 10273 10272
f 10274 10275 10276
f 10274 10277 10275
f 10274 10278 10277
f 10274 10279 10278
f 10280 10281 10282
f 10280 10283 10281
f 10280 10284 10283
f 10285 10281 10283
f 10285 10286 10281
f 10287 10288 10289
f 10289 10290 10287
f 10289 10291 10290
f 10292 10293 10294
f 10292 10294 10295
f 10296 10297 10298
f 10296 10299 10297
f 10300 10299 10296
f 10300 10301 10299
f 10302 10301 10300
f 10302 10303 10301
f 10304 10305 10306
f 10304 10307 10305
f 10308 10307 10304
f 10308 10309 10307
f 10310 10309 10308
f 10310 10311 10309
f 10312 10313 10314
f 10312 10314 10315
f 10316 10317 10318
f 10316 10318 10319
f 10320 10321 10322
f 10322 10323 10320
f 10324 10325 10326
f 10324 10327 10325
f 10327 10328 10325
f 10329 10330 10331
f 10329 10331 10332
f 10333 10334 10335
f 10333 10335 10336
f 10337 10338 10339
f 10337 10339 10340
f 10341 10342 10343
f 10341 10343 10344
f 10345 10346 10347
f 10345 10347 10348
f 10349 10350 10351
f 10349 10351 10352
f 10353 10354 10355
f 10353 10355 10356
f 10357 10358 10359
f 10357 10359 10360
f 10361 10362 10363
f 10361 10363 10364
f 10365 10366 10367
f 10365 10367 10368
f 10369 10370 10371
f 10369 10371 10372
f 10373 10374 10375
f 10373 10375 10376
f 10377 10378 10379
f 10377 10379 10380
f 10381 10382 10383
f 10381 10383 10384
f 10385 10386 10387
f 10385 10387 10388
f 10389 10390 10391
f 10389 10391 10392
f 10393 10394 10395
f 10393 10395 10396
f 10397 10398 10399
f 10397 10399 10400
f 10401 10402 10403
f 10401 10403 10404
f 10405 10406 10407
f 10405 10407 10408
f 10409 10410 10411
f 10409 10411 10412
f 10413 10414 10415
f 10413 10415 10416
f 10417 10418 10419
f 10417 10419 10420
f 10421 10417 10420
f 10421 10422 10417
f 10423 10424 10425
f 10423 10425 10426
f 10427 10428 10429
f 10427 10429 10430
f 10431 10432 10433
f 10431 10433 10434
f 10435 10431 10434
f 10435 10436 10431
f 10437 10438 10439
f 10437 10439 10440
f 10441 10442 10443
f 10441 10444 10442
f 10444 10445 10442
f 10444 10446 10445
f 10447 10448 10449
f 10447 10449 10450
f 10451 10452 10453
f 10451 10453 10454
f 10455 10456 10457
f 10455 10457 10458
f 10459 10460 10461
f 10459 10461 10462
f 10463 10464 10465
f 10463 10465 10466
f 10467 10468 10469
f 10467 10469 10470
f 10471 10472 10473
f 10471 10473 10474
f 10475 10476 10477
f 10475 10477 10478
f 10479 10480 10481
f 10481 10482 10479
f 10482 10483 10479
f 10482 10484 10483
f 10485 10486 10487
f 10485 10487 10488
f 10489 10490 10491
f 10489 10491 10492
f 10493 10494 10495
f 10493 10496 10494
f 10496 10497 10494
f 10496 10498 10497
f 10499 10500 10501
f 10499 10501 10502
f 10503 10504 10505
f 10503 10505 10506
f 10507 10508 10509
f 10507 10509 10510
f 10511 10512 10513
f 10511 10513 10514
f 10515 10516 10517
f 10515 10517 10518
f 10519 10520 10521
f 10519 10521 10522
f 10523 10524 10525
f 10523 10525 10526
f 10527 10528 10529
f 10527 10529 10530
f 10531 10532 10533
f 10533 10534 10531
f 10534 10535 10531
f 10536 10537 10538
f 10536 10538 10539
f 10540 10541 10542
f 10540 10542 10543
f 10544 10545 10546
f 10546 10547 10544
f 10547 10546 10548
f 10547 10549 10544
f 10549 10550 10544
f 10550 10551 10544
f 10552 10553 10554
f 10552 10554 10555
f 10556 10557 10558
f 10556 10558 10559
f 10560 10561 10562
f 10562 10563 10560
f 10562 10564 10563
f 10565 10566 10567
f 10565 10568 10566
f 10568 10569 10566
f 10568 10570 10569
f 10571 10572 10573
f 10571 10573 10574
f 10575 10576 10577
f 10575 10577 10578
f 10579 10580 10581
f 10581 10582 10579
f 10581 10583 10582
f 10581 10584 10583
f 10585 10586 10587
f 10587 10588 10585
f 10587 10589 10588
f 10590 10591 10592
f 10590 10592 10593
f 10594 10595 10596
f 10596 10597 10594
f 10598 10599 10600
f 10598 10600 10601
f 10602 10603 10604
f 10602 10604 10605
f 10606 10607 10608
f 10608 10609 10606
f 10610 10611 10612
f 10610 10613 10611
f 10614 10611 10613
f 10614 10615 10611
f 10615 10616 10611
f 10617 10618 10619
f 10617 10619 10620
f 10621 10622 10623
f 10624 10621 10623
f 10624 10623 10625
f 10626 10627 10628
f 10627 10629 10628
f 10630 10631 10632
f 10630 10633 10631
f 10634 10631 10633
f 10634 10635 10631
f 10635 10636 10631
f 10637 10638 10639
f 10637 10639 10640
f 10641 10642 10643
f 10641 10643 10644
f 10645 10646 10647
f 10645 10647 10648
f 10649 10650 10651
f 10649 10651 10652
f 10653 10654 10655
f 10655 10656 10653
f 10657 10658 10659
f 10657 10660 10658
f 10660 10661 10658
f 10662 10663 10664
f 10662 10665 10663
f 10665 10666 10663
f 10667 10668 10669
f 10667 10669 10670
f 10671 10672 10673
f 10671 10674 10672
f 10674 10675 10672
f 10676 10677 10678
f 10676 10679 10677
f 10679 10680 10677
f 10681 10682 10683
f 10681 10684 10682
f 10684 10685 10682
v -16.63978 15.31072 59.33462
v -16.74547 15.30966 59.66208
v -15.99844 7.786942 58.99825
v -12.67124 21.50104 54.13876
v -12.42973 21.53177 53.89038
v -11.18952 12.87041 52.92464
v -21.73872 11.82265 64.49789
v -21.9166 11.82765 64.63576
v -22.8583 8.602603 65.70659
v -16.95564 15.30972 59.80424
v -17.27011 15.30552 59.83193
v -16.45607 8.024102 59.15042
v -22.14792 11.82176 64.09394
v -21.88229 11.81923 64.15543
v -23.41113 8.59148 65.17259
v -13.71076 21.52558 50.39101
v -14.08455 21.50059 50.46766
v -13.56948 17.12883 51.13064
v -14.09981 21.49834 50.43401
v -14.25764 21.47804 50.17324
v -13.62915 16.58863 50.9426
v -13.46376 21.53972 50.26902
v -13.62694 21.53084 50.36358
v -13.09044 17.42412 50.92659
v -24.4735 11.83534 67.20216
v -24.70369 11.83169 67.49591
v -23.17947 8.879131 66.00722
v -22.364 11.83008 64.33959
v -22.21775 11.82413 64.15791
v -23.73229 8.868011 65.47322
v -25.02385 11.83297 66.66574
v -24.64051 11.83677 66.71288
v -23.73229 8.868011 65.47322
v -14.23729 21.47853 50.14306
v -14.0348 21.48147 49.7828
v -13.30016 16.40925 50.51958
v -13.59217 21.52049 49.97552
v -13.42744 21.54218 50.26255
v -12.73791 17.12906 50.91957
v -22.3295 11.83643 64.66277
v -22.34856 11.83178 64.43016
v -23.52451 9.159575 65.81658
v -24.56196 11.83732 66.77184
v -24.52748 11.83603 67.12903
v -23.52451 9.159575 65.81658
v -12.15927 -7.437973 55.21051
v -13.37787 -7.44509 54.84587
v -13.38621 -5.563873 54.83704
v -12.16761 -5.556756 55.20167
v -14.00947 -7.437976 56.95657
v -14.30297 -7.445091 55.71891
v -13.37787 -7.44509 54.84587
v -12.15927 -7.437973 55.21051
v -12.79087 -7.430859 57.3212
v -11.86576 -7.430858 56.44817
v -11.86576 -7.430858 56.44817
v -12.15927 -7.437973 55.21051
v -12.16761 -5.556756 55.20167
v -11.87411 -5.549641 56.43933
v -13.38621 -5.563873 54.83704
v -13.02837 -4.143176 54.7092
v -12.01031 -4.262809 54.97884
v -12.16761 -5.556756 55.20167
v -13.37787 -7.44509 54.84587
v -14.30297 -7.445091 55.71891
v -14.31132 -5.563875 55.71007
v -13.38621 -5.563873 54.83704
v -14.30297 -7.445091 55.71891
v -14.00947 -7.437976 56.95657
v -14.01782 -5.556759 56.94773
v -14.31132 -5.563875 55.71007
v -14.00947 -7.437976 56.95657
v -12.79087 -7.430859 57.3212
v -12.79921 -5.549642 57.31237
v -14.01782 -5.556759 56.94773
v -12.79087 -7.430859 57.3212
v -11.86576 -7.430858 56.44817
v -11.87411 -5.549641 56.43933
v -12.79921 -5.549642 57.31237
v -12.16761 -5.556756 55.20167
v -12.01031 -4.262809 54.97884
v -11.70784 -4.118043 55.98434
v -11.87411 -5.549641 56.43933
v -13.02837 -4.143176 54.7092
v -13.38621 -5.563873 54.83704
v -14.31132 -5.563875 55.71007
v -13.57384 -3.549819 55.28157
v -12.48868 -3.0348 54.24928
v -13.11677 -2.91222 54.97933
v -14.01782 -5.556759 56.94773
v -13.44151 -3.734012 56.45056
v -13.57384 -3.549819 55.28157
v -14.31132 -5.563875 55.71007
v -13.44151 -3.734012 56.45056
v -14.01782 -5.556759 56.94773
v -12.79921 -5.549642 57.31237
v -12.2533 -3.524686 56.55672
v -12.2533 -3.524686 56.55672
v -12.79921 -5.549642 57.31237
v -11.87411 -5.549641 56.43933
v -11.70784 -4.118043 55.98434
v -11.96992 -2.888689 56.08721
v -11.25828 -3.009553 55.43789
v -12.01031 -4.262809 54.97884
v -11.25828 -3.009553 55.43789
v -11.70784 -4.118043 55.98434
v -11.53832 -3.134226 54.49898
v -10.41652 -0.9340214 54.41469
v -10.65457 -1.021071 53.60049
v -11.53832 -3.134226 54.49898
v -12.01031 -4.262809 54.97884
v -13.02837 -4.143176 54.7092
v -12.48868 -3.0348 54.24928
v -10.65457 -1.021071 53.60049
v -11.47815 -0.9594806 53.38814
v -13.57384 -3.549819 55.28157
v -15.01025 -2.386787 56.94526
v -14.66912 -1.910912 56.71968
v -13.11677 -2.91222 54.97933
v -13.44151 -3.734012 56.45056
v -14.67796 -2.67429 57.59869
v -15.01025 -2.386787 56.94526
v -13.57384 -3.549819 55.28157
v -12.2533 -3.524686 56.55672
v -14.02466 -2.368029 57.89697
v -14.67796 -2.67429 57.59869
v -13.44151 -3.734012 56.45056
v -13.11677 -2.91222 54.97933
v -12.06368 -0.8108434 53.98999
v -11.47815 -0.9594806 53.38814
v -12.48868 -3.0348 54.24928
v -13.11677 -2.91222 54.97933
v -14.66912 -1.910912 56.71968
v -14.04263 -1.570951 56.96471
v -12.59026 -2.255711 55.60112
v -15.01025 -2.386787 56.94526
v -16.64386 0.2217264 58.76463
v -14.66912 -1.910912 56.71968
v -16.6584 -0.3048216 58.70653
v -16.93865 0.4152142 59.04751
v -17.27768 0.2160697 59.2935
v -19.83746 2.918601 61.7891
v -20.00136 2.507025 61.87508
v -23.41113 8.59148 65.17259
v -23.51423 8.000407 65.21018
v -23.73229 8.868011 65.47322
v -24.23482 8.782414 65.88326
v -16.64276 1.445274 59.01886
v -16.45608 1.399754 58.83937
v -16.64386 0.2217264 58.76463
v -25.14216 11.83129 66.76309
v -25.02385 11.83297 66.66574
v -24.23482 8.782414 65.88326
v -25.42296 11.82736 66.97748
v -11.96992 -2.888689 56.08721
v -13.81316 -1.893349 57.54655
v -14.02466 -2.368029 57.89697
v -12.2533 -3.524686 56.55672
v -12.06368 -0.8108434 53.98999
v -13.11677 -2.91222 54.97933
v -12.59026 -2.255711 55.60112
v -11.82564 -0.7237942 54.8042
v -14.67796 -2.67429 57.59869
v -16.40569 -0.5234786 59.2035
v -16.6584 -0.3048216 58.70653
v -15.01025 -2.386787 56.94526
v -14.02466 -2.368029 57.89697
v -15.90882 -0.2905553 59.43035
v -16.40569 -0.5234786 59.2035
v -14.67796 -2.67429 57.59869
v -13.81316 -1.893349 57.54655
v -11.96992 -2.888689 56.08721
v -12.59026 -2.255711 55.60112
v -14.04263 -1.570951 56.96471
v -13.81316 -1.893349 57.54655
v -15.90882 -0.2905553 59.43035
v -14.02466 -2.368029 57.89697
v -15.99287 0.2350847 59.3935
v -16.5362 0.2325928 60.01053
v -16.29473 0.430505 59.67052
v -19.29552 2.533471 62.56226
v -19.22464 2.942392 62.38631
v -16.26994 1.460247 59.38279
v -16.07894 1.413816 59.20651
v -11.25828 -3.009553 55.43789
v -11.00206 -0.7853835 55.01654
v -11.96992 -2.888689 56.08721
v -10.41652 -0.9340214 54.41469
v -10.13149 2.243445 54.00922
v -9.551914 2.728176 53.40775
v -10.24806 3.962174 54.04003
v -9.675763 3.613561 53.45379
v -10.76334 11.55998 54.17624
v -10.24168 11.68167 53.63779
v -10.88433 12.40763 54.23634
v -10.37655 12.52608 53.71222
v -11.80908 21.49494 54.50275
v -12.17944 21.48125 54.87965
v -9.551914 2.728176 53.40775
v -7.350333 4.685939 51.14572
v -7.00945 4.010815 50.88627
v -5.149571 8.246319 48.7434
v -4.863795 7.863966 48.51436
v -11.47815 -0.9594806 53.38814
v -10.59863 2.681683 52.38315
v -9.783163 2.423537 52.59718
v -10.65457 -1.021071 53.60049
v -12.06368 -0.8108434 53.98999
v -10.59863 2.681683 52.38315
v -11.47815 -0.9594806 53.38814
v -11.17822 2.19695 52.98461
v -10.70273 3.567944 52.44853
v -11.27502 3.916558 53.03476
v -11.14928 11.22558 52.69149
v -11.70296 11.51824 53.25647
v -11.82564 -0.7237942 54.8042
v -10.94541 2.152416 53.79683
v -11.17822 2.19695 52.98461
v -12.06368 -0.8108434 53.98999
v -16.40569 -0.5234786 59.2035
v -17.27768 0.2160697 59.2935
v -16.6584 -0.3048216 58.70653
v -17.01842 -0.006701423 59.77694
v -20.00136 2.507025 61.87508
v -19.71329 2.266156 62.29902
v -14.66912 -1.910912 56.71968
v -16.64386 0.2217264 58.76463
v -15.79399 0.05420955 58.60238
v -14.04263 -1.570951 56.96471
v -11.82564 -0.7237942 54.8042
v -12.59026 -2.255711 55.60112
v -11.96992 -2.888689 56.08721
v -11.00206 -0.7853835 55.01654
v -15.90882 -0.2905553 59.43035
v -17.01842 -0.006701423 59.77694
v -16.40569 -0.5234786 59.2035
v -16.5362 0.2325928 60.01053
v -19.71329 2.266156 62.29902
v -19.29552 2.533471 62.56226
v -14.04263 -1.570951 56.96471
v -15.79399 0.05420955 58.60238
v -15.99287 0.2350847 59.3935
v -13.81316 -1.893349 57.54655
v -10.65457 -1.021071 53.60049
v -9.783163 2.423537 52.59718
v -9.551914 2.728176 53.40775
v -10.41652 -0.9340214 54.41469
v -10.94541 2.152416 53.79683
v -11.82564 -0.7237942 54.8042
v -11.00206 -0.7853835 55.01654
v -10.13149 2.243445 54.00922
v -15.79399 0.05420955 58.60238
v -15.95419 1.418342 58.73683
v -16.07894 1.413816 59.20651
v -15.99287 0.2350847 59.3935
v -10.59863 2.681683 52.38315
v -7.930965 3.950819 49.95863
v -7.332194 3.635049 50.27285
v -9.783163 2.423537 52.59718
v -10.94541 2.152416 53.79683
v -11.27502 3.916558 53.03476
v -11.17822 2.19695 52.98461
v -11.04662 3.872865 53.83165
v -11.70296 11.51824 53.25647
v -11.49398 11.47826 53.98558
v -10.13149 2.243445 54.00922
v -11.04662 3.872865 53.83165
v -10.94541 2.152416 53.79683
v -10.24806 3.962174 54.04003
v -11.49398 11.47826 53.98558
v -10.76334 11.55998 54.17624
v -16.64386 0.2217264 58.76463
v -16.45608 1.399754 58.83937
v -15.95419 1.418342 58.73683
v -15.79399 0.05420955 58.60238
v -9.783163 2.423537 52.59718
v -7.332194 3.635049 50.27285
v -7.00945 4.010815 50.88627
v -9.551914 2.728176 53.40775
v -7.930965 3.950819 49.95863
v -10.59863 2.681683 52.38315
v -10.70273 3.567944 52.44853
v -8.254456 4.627077 50.23559
v -5.468753 7.820518 47.89517
v -5.743111 8.203695 48.1359
v -5.347193 9.50835 47.77741
v -4.978635 9.509855 47.45094
v -16.64276 1.445274 59.01886
v -16.93865 0.4152142 59.04751
v -16.86636 0.986064 59.60609
v -16.65911 1.714479 59.39942
v -19.22464 2.942392 62.38631
v -16.29473 0.430505 59.67052
v -16.86636 0.986064 59.60609
v -19.44452 3.212651 62.01927
v -15.95419 1.418342 58.73683
v -15.74843 3.424122 58.52488
v -15.87408 3.419561 58.99796
v -16.07894 1.413816 59.20651
v -16.45608 1.399754 58.83937
v -16.25395 3.405399 58.62816
v -15.74843 3.424122 58.52488
v -15.95419 1.418342 58.73683
v -7.930965 3.950819 49.95863
v -5.468753 7.820518 47.89517
v -5.044001 7.644427 48.07628
v -7.332194 3.635049 50.27285
v -11.49398 11.47826 53.98558
v -11.79894 12.367 53.34105
v -11.70296 11.51824 53.25647
v -11.59552 12.32808 54.05075
v -12.68748 21.46676 54.75158
v -12.8299 21.48368 54.24949
v -10.76334 11.55998 54.17624
v -11.59552 12.32808 54.05075
v -11.49398 11.47826 53.98558
v -10.88433 12.40763 54.23634
v -12.68748 21.46676 54.75158
v -12.17944 21.48125 54.87965
v -12.34496 21.48658 54.83899
v -19.71329 2.266156 62.29902
v -23.30048 7.815567 65.63299
v -23.51423 8.000407 65.21018
v -20.00136 2.507025 61.87508
v -19.29552 2.533471 62.56226
v -22.87767 8.012267 65.8248
v -23.30048 7.815567 65.63299
v -19.71329 2.266156 62.29902
v -19.22464 2.942392 62.38631
v -22.87767 8.012267 65.8248
v -19.29552 2.533471 62.56226
v -22.8583 8.602603 65.70659
v -23.59826 8.794275 66.49788
v -23.17947 8.879131 66.00722
v -16.64276 1.445274 59.01886
v -16.25395 3.405399 58.62816
v -16.45608 1.399754 58.83937
v -16.44197 3.451248 58.80895
v -16.29593 7.775851 58.70865
v -16.44318 7.811756 58.85023
v -17.21268 15.28853 59.47839
v -17.19335 15.28708 59.45975
v -16.65911 1.714479 59.39942
v -16.45844 3.722399 59.19226
v -16.44197 3.451248 58.80895
v -16.64276 1.445274 59.01886
v -16.93865 0.4152142 59.04751
v -19.83746 2.918601 61.7891
v -19.44452 3.212651 62.01927
v -16.86636 0.986064 59.60609
v -16.29473 0.430505 59.67052
v -16.26994 1.460247 59.38279
v -16.65911 1.714479 59.39942
v -16.86636 0.986064 59.60609
v -16.07894 1.413816 59.20651
v -16.06646 3.466329 59.17551
v -16.26994 1.460247 59.38279
v -15.87408 3.419561 58.99796
v -16.1491 7.823568 59.13729
v -15.99844 7.786942 58.99825
v -16.74547 15.30966 59.66208
v -16.76539 15.30869 59.68048
v -19.44452 3.212651 62.01927
v -22.88693 8.524511 65.22052
v -22.8583 8.602603 65.70659
v -19.22464 2.942392 62.38631
v -15.74843 3.424122 58.52488
v -15.99844 7.786942 58.99825
v -15.87408 3.419561 58.99796
v -15.90004 7.790515 58.62777
v -16.62499 15.3107 59.27909
v -16.63978 15.31072 59.33462
v -16.25395 3.405399 58.62816
v -15.90004 7.790515 58.62777
v -15.74843 3.424122 58.52488
v -16.29593 7.775851 58.70865
v -17.04454 15.28687 59.33287
v -16.98967 15.28829 59.32163
v -7.332194 3.635049 50.27285
v -5.044001 7.644427 48.07628
v -4.863795 7.863966 48.51436
v -7.00945 4.010815 50.88627
v -8.254456 4.627077 50.23559
v -10.70273 3.567944 52.44853
v -9.906301 4.138865 52.65465
v -7.894565 4.98246 50.75275
v -5.743111 8.203695 48.1359
v -8.254456 4.627077 50.23559
v -7.894565 4.98246 50.75275
v -5.537335 8.4222 48.50921
v -11.79894 12.367 53.34105
v -12.77339 13.96076 52.06348
v -12.84091 13.34951 51.85071
v -11.70296 11.51824 53.25647
v -10.24168 11.68167 53.63779
v -9.675763 3.613561 53.45379
v -9.906301 4.138865 52.65465
v -10.45066 11.72165 52.90869
v -16.26994 1.460247 59.38279
v -16.06646 3.466329 59.17551
v -16.45844 3.722399 59.19226
v -16.65911 1.714479 59.39942
v -16.45844 3.722399 59.19226
v -16.45607 8.024102 59.15042
v -16.44318 7.811756 58.85023
v -16.44197 3.451248 58.80895
v -4.978635 9.509855 47.45094
v -4.522358 9.548429 47.56689
v -5.044001 7.644427 48.07628
v -5.468753 7.820518 47.89517
v -12.8299 21.48368 54.24949
v -12.67124 21.50104 54.13876
v -11.18952 12.87041 52.92464
v -11.79894 12.367 53.34105
v -10.45066 11.72165 52.90869
v -10.37655 12.52608 53.71222
v -10.24168 11.68167 53.63779
v -10.57997 12.56499 53.00252
v -11.95383 21.52522 53.99944
v -11.80908 21.49494 54.50275
v -23.30048 7.815567 65.63299
v -24.02107 8.597577 66.30607
v -24.23482 8.782414 65.88326
v -23.51423 8.000407 65.21018
v -22.87767 8.012267 65.8248
v -23.59826 8.794275 66.49788
v -24.02107 8.597577 66.30607
v -23.30048 7.815567 65.63299
v -21.73902 11.82244 64.41902
v -21.73872 11.82265 64.49789
v -22.8583 8.602603 65.70659
v -22.88693 8.524511 65.22052
v -9.675763 3.613561 53.45379
v -7.350333 4.685939 51.14572
v -7.894565 4.98246 50.75275
v -9.906301 4.138865 52.65465
v -16.06646 3.466329 59.17551
v -16.1491 7.823568 59.13729
v -16.45607 8.024102 59.15042
v -16.45844 3.722399 59.19226
v -17.27011 15.30552 59.83193
v -17.27137 15.30286 59.79141
v -16.44318 7.811756 58.85023
v -16.45607 8.024102 59.15042
v -19.83746 2.918601 61.7891
v -23.41113 8.59148 65.17259
v -22.88693 8.524511 65.22052
v -19.44452 3.212651 62.01927
v -21.88229 11.81923 64.15543
v -21.80513 11.8182 64.1595
v -22.88693 8.524511 65.22052
v -23.41113 8.59148 65.17259
v -15.90004 7.790515 58.62777
v -16.98967 15.28829 59.32163
v -16.97765 15.28855 59.32019
v -16.62499 15.3107 59.27909
v -16.29593 7.775851 58.70865
v -17.19335 15.28708 59.45975
v -17.14672 15.2837 59.42
v -17.11212 15.28303 59.3905
v -17.04454 15.28687 59.33287
v -4.522358 9.548429 47.56689
v -4.398291 9.588922 48.02356
v -4.863795 7.863966 48.51436
v -5.044001 7.644427 48.07628
v -5.537335 8.4222 48.50921
v -7.894565 4.98246 50.75275
v -7.350333 4.685939 51.14572
v -5.149571 8.246319 48.7434
v -5.347193 9.50835 47.77741
v -5.743111 8.203695 48.1359
v -5.537335 8.4222 48.50921
v -5.204222 9.537767 48.18582
v -5.233293 9.538334 48.0948
v -10.45066 11.72165 52.90869
v -9.906301 4.138865 52.65465
v -10.70273 3.567944 52.44853
v -11.14928 11.22558 52.69149
v -12.46865 13.14653 51.37204
v -11.14928 11.22558 52.69149
v -11.70296 11.51824 53.25647
v -12.84091 13.34951 51.85071
v -12.77339 13.96076 52.06348
v -13.56948 17.12883 51.13064
v -13.62915 16.58863 50.9426
v -12.84091 13.34951 51.85071
v -11.18952 12.87041 52.92464
v -12.23134 14.2949 51.83259
v -12.77339 13.96076 52.06348
v -11.79894 12.367 53.34105
v -12.23134 14.2949 51.83259
v -13.09044 17.42412 50.92659
v -13.56948 17.12883 51.13064
v -12.77339 13.96076 52.06348
v -10.45066 11.72165 52.90869
v -11.87423 13.34979 51.60534
v -11.83244 13.96103 51.82465
v -10.57997 12.56499 53.00252
v -25.39725 11.82723 67.06606
v -25.42296 11.82736 66.97748
v -24.23482 8.782414 65.88326
v -24.02107 8.597577 66.30607
v -25.2976 11.82635 67.48207
v -25.21385 11.82714 67.50253
v -25.2976 11.82635 67.48207
v -24.02107 8.597577 66.30607
v -23.59826 8.794275 66.49788
v -24.84283 11.83064 67.58434
v -24.7901 11.83046 67.59567
v -21.9166 11.82765 64.63576
v -21.9914 11.82979 64.7087
v -23.17947 8.879131 66.00722
v -22.8583 8.602603 65.70659
v -22.88693 8.524511 65.22052
v -21.80513 11.8182 64.1595
v -21.74261 11.82249 64.40448
v -21.73902 11.82244 64.41902
v -16.44318 7.811756 58.85023
v -17.27137 15.30286 59.79141
v -17.24234 15.2934 59.63771
v -17.21268 15.28853 59.47839
v -16.9172 15.3105 59.80495
v -16.95564 15.30972 59.80424
v -16.45607 8.024102 59.15042
v -16.1491 7.823568 59.13729
v -16.1491 7.823568 59.13729
v -16.76539 15.30869 59.68048
v -16.80557 15.30667 59.71342
v -16.9172 15.3105 59.80495
v -4.774928 9.568539 48.35172
v -5.149571 8.246319 48.7434
v -4.863795 7.863966 48.51436
v -4.398291 9.588922 48.02356
v -4.605076 9.587828 48.20322
v -4.774928 9.568539 48.35172
v -5.204222 9.537767 48.18582
v -5.537335 8.4222 48.50921
v -5.149571 8.246319 48.7434
v -11.14928 11.22558 52.69149
v -12.46865 13.14653 51.37204
v -11.87423 13.34979 51.60534
v -10.45066 11.72165 52.90869
v -12.84091 13.34951 51.85071
v -13.62915 16.58863 50.9426
v -13.30016 16.40925 50.51958
v -12.46865 13.14653 51.37204
v -14.08455 21.50059 50.46766
v -14.09981 21.49834 50.43401
v -13.62915 16.58863 50.9426
v -13.56948 17.12883 51.13064
v -12.23134 14.2949 51.83259
v -11.18952 12.87041 52.92464
v -10.57997 12.56499 53.00252
v -11.83244 13.96103 51.82465
v -11.83244 13.96103 51.82465
v -12.73791 17.12906 50.91957
v -13.09044 17.42412 50.92659
v -12.23134 14.2949 51.83259
v -13.62694 21.53084 50.36358
v -13.71076 21.52558 50.39101
v -13.56948 17.12883 51.13064
v -13.09044 17.42412 50.92659
v -12.42973 21.53177 53.89038
v -12.33752 21.53734 53.9094
v -12.29653 21.53614 53.91734
v -11.18952 12.87041 52.92464
v -10.57997 12.56499 53.00252
v -11.95383 21.52522 53.99944
v -24.70369 11.83169 67.49591
v -24.7901 11.83046 67.59567
v -23.59826 8.794275 66.49788
v -23.17947 8.879131 66.00722
v -23.17947 8.879131 66.00722
v -21.9914 11.82979 64.7087
v -22.1884 11.83482 64.68304
v -22.23587 11.83538 64.67718
v -23.52451 9.159575 65.81658
v -22.3295 11.83643 64.66277
v -22.21775 11.82413 64.15791
v -22.14792 11.82176 64.09394
v -23.41113 8.59148 65.17259
v -23.73229 8.868011 65.47322
v -12.46865 13.14653 51.37204
v -13.30016 16.40925 50.51958
v -12.77485 16.58887 50.72576
v -11.87423 13.34979 51.60534
v -14.25764 21.47804 50.17324
v -14.23729 21.47853 50.14306
v -13.30016 16.40925 50.51958
v -13.62915 16.58863 50.9426
v -11.87423 13.34979 51.60534
v -12.77485 16.58887 50.72576
v -12.73791 17.12906 50.91957
v -11.83244 13.96103 51.82465
v -13.42744 21.54218 50.26255
v -13.46376 21.53972 50.26902
v -13.09044 17.42412 50.92659
v -12.73791 17.12906 50.91957
v -14.0348 21.48147 49.7828
v -12.77485 16.58887 50.72576
v -13.30016 16.40925 50.51958
v -14.00916 21.48371 49.79341
v -13.59788 21.51965 49.96288
v -13.59788 21.51965 49.96288
v -13.59217 21.52049 49.97552
v -12.73791 17.12906 50.91957
v -12.77485 16.58887 50.72576
v -24.4735 11.83534 67.20216
v -23.17947 8.879131 66.00722
v -23.52451 9.159575 65.81658
v -24.52748 11.83603 67.12903
v -24.51463 11.83609 67.14666
v -22.34856 11.83178 64.43016
v -22.364 11.83008 64.33959
v -23.73229 8.868011 65.47322
v -23.52451 9.159575 65.81658
v -24.64051 11.83677 66.71288
v -24.56196 11.83732 66.77184
v -23.52451 9.159575 65.81658
v -23.73229 8.868011 65.47322
v -14.43595 15.41987 57.42333
v -12.46152 16.1192 59.36698
v -15.31792 15.42855 61.14809
v -7.310719 9.583401 43.88747
v -3.493072 9.401326 44.51116
v -6.97242 9.401321 47.79467
v -3.088158 9.707335 48.46501
v -3.493072 9.401326 44.51116
v 0.7048827 9.43072 46.80548
v -15.31792 15.42855 61.14809
v -16.97401 16.12703 64.02325
v -18.81919 15.43345 62.24958
v -14.43595 15.41987 57.42333
v -12.48255 16.32654 56.0792
v -12.46152 16.1192 59.36698
v -15.31792 15.42855 61.14809
v -12.46152 16.1192 59.36698
v -13.90289 16.34488 62.52165
v -17.28115 15.42436 56.36878
v -14.66664 16.10425 54.26947
v -14.43595 15.41987 57.42333
v -20.04119 16.12513 56.43401
v -17.28115 15.42436 56.36878
v -19.89992 15.43676 59.4702
v -3.088158 9.707335 48.46501
v 0.7048827 9.43072 46.80548
v -0.1799836 9.448879 51.50704
v -3.493072 9.401326 44.51116
v 0.3666172 9.612798 42.89827
v 0.7048827 9.43072 46.80548
v -20.04302 11.77547 63.34246
v -18.93794 12.10531 65.64413
v -21.72508 11.83055 67.41536
v -18.81919 15.43345 62.24958
v -21.68661 16.12944 62.17362
v -19.89992 15.43676 59.4702
v -15.31792 15.42855 61.14809
v -13.90289 16.34488 62.52165
v -16.97401 16.12703 64.02325
v -18.81919 15.43345 62.24958
v -16.97401 16.12703 64.02325
v -20.05753 16.34441 64.13535
v -23.10068 11.79486 62.17333
v -20.20979 12.03207 60.29894
v -20.04302 11.77547 63.34246
v -14.43595 15.41987 57.42333
v -14.66664 16.10425 54.26947
v -12.48255 16.32654 56.0792
v -12.48255 16.32654 56.0792
v -11.37684 17.85449 57.56617
v -12.46152 16.1192 59.36698
v -12.46152 16.1192 59.36698
v -12.18504 17.86645 61.38806
v -13.90289 16.34488 62.52165
v -17.28115 15.42436 56.36878
v -17.46252 16.32797 54.10174
v -14.66664 16.10425 54.26947
v -20.04119 16.12513 56.43401
v -17.46252 16.32797 54.10174
v -17.28115 15.42436 56.36878
v -21.89274 16.35019 59.41126
v -20.04119 16.12513 56.43401
v -19.89992 15.43676 59.4702
v -7.310719 9.583401 43.88747
v -5.924621 11.27546 41.80584
v -3.641426 9.750263 41.83392
v -9.560889 9.750255 47.4202
v -9.403982 11.27546 45.08936
v -7.310719 9.583401 43.88747
v -3.088158 9.707335 48.46501
v -0.1799836 9.448879 51.50704
v -4.924869 9.430712 52.11835
v 0.7048827 9.43072 46.80548
v 3.679715 9.660357 49.8942
v -0.1799836 9.448879 51.50704
v -4.924869 9.430712 52.11835
v -8.742538 9.612784 51.4947
v -6.97242 9.401321 47.79467
v -25.48416 11.82 68.43961
v -28.75078 12.08145 68.30027
v -26.48644 11.82376 65.34489
v -21.72508 11.83055 67.41536
v -24.10938 12.11783 70.48709
v -25.48416 11.82 68.43961
v -20.04302 11.77547 63.34246
v -18.27756 12.16546 62.13667
v -18.93794 12.10531 65.64413
v -21.72508 11.83055 67.41536
v -18.93794 12.10531 65.64413
v -21.03973 12.25954 68.97469
v -18.81919 15.43345 62.24958
v -20.05753 16.34441 64.13535
v -21.68661 16.12944 62.17362
v -19.89992 15.43676 59.4702
v -21.68661 16.12944 62.17362
v -21.89274 16.35019 59.41126
v -13.90289 16.34488 62.52165
v -15.0115 17.86961 64.21631
v -16.97401 16.12703 64.02325
v -16.97401 16.12703 64.02325
v -18.69067 17.8666 65.08388
v -20.05753 16.34441 64.13535
v -23.10068 11.79486 62.17333
v -23.62741 12.19653 60.28281
v -20.20979 12.03207 60.29894
v -20.04302 11.77547 63.34246
v -20.20979 12.03207 60.29894
v -18.27756 12.16546 62.13667
v -14.66664 16.10425 54.26947
v -12.80962 17.84214 54.32371
v -12.48255 16.32654 56.0792
v -12.48255 16.32654 56.0792
v -12.80962 17.84214 54.32371
v -11.37684 17.85449 57.56617
v -11.37684 17.85449 57.56617
v -12.18504 17.86645 61.38806
v -12.46152 16.1192 59.36698
v -13.90289 16.34488 62.52165
v -12.18504 17.86645 61.38806
v -15.0115 17.86961 64.21631
v -17.46252 16.32797 54.10174
v -15.76747 17.84161 53.121
v -14.66664 16.10425 54.26947
v -20.04119 16.12513 56.43401
v -19.06216 17.85571 54.4943
v -17.46252 16.32797 54.10174
v -21.89274 16.35019 59.41126
v -21.61891 17.87088 57.67731
v -20.04119 16.12513 56.43401
v -9.403982 11.27546 45.08936
v -5.924621 11.27546 41.80584
v -7.310719 9.583401 43.88747
v -3.641426 9.750263 41.83392
v -5.924621 11.27546 41.80584
v -1.179701 11.29363 41.19447
v -3.641426 9.750263 41.83392
v -1.179701 11.29363 41.19447
v 0.3666172 9.612798 42.89827
v -9.560889 9.750255 47.4202
v -10.28891 11.29362 49.79095
v -9.403982 11.27546 45.08936
v -8.742538 9.612784 51.4947
v -10.28891 11.29362 49.79095
v -9.560889 9.750255 47.4202
v -0.1799836 9.448879 51.50704
v -1.950055 9.660348 55.20708
v -4.924869 9.430712 52.11835
v 0.3666172 9.612798 42.89827
v 3.018296 11.32303 43.48883
v 3.500616 9.800269 45.73729
v -25.48416 11.82 68.43961
v -27.15701 12.20975 70.45542
v -28.75078 12.08145 68.30027
v -26.48644 11.82376 65.34489
v -28.75078 12.08145 68.30027
v -29.09936 12.21164 65.40694
v -21.72508 11.83055 67.41536
v -21.03973 12.25954 68.97469
v -24.10938 12.11783 70.48709
v -25.48416 11.82 68.43961
v -24.10938 12.11783 70.48709
v -27.15701 12.20975 70.45542
v -18.27756 12.16546 62.13667
v -17.82999 13.17061 63.59503
v -18.93794 12.10531 65.64413
v -18.93794 12.10531 65.64413
v -19.4698 13.23807 67.63179
v -21.03973 12.25954 68.97469
v -20.05753 16.34441 64.13535
v -21.64852 17.86608 63.88116
v -21.68661 16.12944 62.17362
v -21.68661 16.12944 62.17362
v -22.69683 17.87083 61.14443
v -21.89274 16.35019 59.41126
v -15.0115 17.86961 64.21631
v -18.69067 17.8666 65.08388
v -16.97401 16.12703 64.02325
v -20.05753 16.34441 64.13535
v -18.69067 17.8666 65.08388
v -21.64852 17.86608 63.88116
v -26.84808 12.10659 62.48568
v -23.62741 12.19653 60.28281
v -23.10068 11.79486 62.17333
v -23.62741 12.19653 60.28281
v -21.87622 13.14125 59.3074
v -20.20979 12.03207 60.29894
v -20.20979 12.03207 60.29894
v -18.60437 13.1143 60.27849
v -18.27756 12.16546 62.13667
v -15.76747 17.84161 53.121
v -12.80962 17.84214 54.32371
v -14.66664 16.10425 54.26947
v -12.80962 17.84214 54.32371
v -12.53748 20.1338 56.3628
v -11.37684 17.85449 57.56617
v -11.37684 17.85449 57.56617
v -12.02678 19.77391 59.51913
v -12.18504 17.86645 61.38806
v -12.18504 17.86645 61.38806
v -13.89505 20.15092 62.48103
v -15.0115 17.86961 64.21631
v -17.46252 16.32797 54.10174
v -19.06216 17.85571 54.4943
v -15.76747 17.84161 53.121
v -21.61891 17.87088 57.67731
v -19.06216 17.85571 54.4943
v -20.04119 16.12513 56.43401
v -21.89274 16.35019 59.41126
v -22.69683 17.87083 61.14443
v -21.61891 17.87088 57.67731
v -9.403982 11.27546 45.08936
v -7.290967 13.68745 43.81427
v -5.924621 11.27546 41.80584
v -5.924621 11.27546 41.80584
v -3.374123 14.19822 42.32257
v -1.179701 11.29363 41.19447
v -1.179701 11.29363 41.19447
v 3.018296 11.32303 43.48883
v 0.3666172 9.612798 42.89827
v -10.28891 11.29362 49.79095
v -9.003893 14.19821 47.63546
v -9.403982 11.27546 45.08936
v -8.241316 11.32301 54.11468
v -10.28891 11.29362 49.79095
v -8.742538 9.612784 51.4947
v 3.500616 9.800269 45.73729
v 5.065887 11.35242 47.81256
v 3.679715 9.660357 49.8942
v 3.679715 9.660357 49.8942
v 4.18096 11.37058 52.51416
v 1.995152 9.831177 53.73609
v 3.500616 9.800269 45.73729
v 3.018296 11.32303 43.48883
v 5.065887 11.35242 47.81256
v -6.077363 9.800255 54.77615
v -8.241316 11.32301 54.11468
v -8.742538 9.612784 51.4947
v -27.15701 12.20975 70.45542
v -28.96403 13.16575 69.98538
v -28.75078 12.08145 68.30027
v -29.09936 12.21164 65.40694
v -26.84808 12.10659 62.48568
v -26.48644 11.82376 65.34489
v -28.75078 12.08145 68.30027
v -30.17272 13.1639 67.0788
v -29.09936 12.21164 65.40694
v -21.03973 12.25954 68.97469
v -22.6036 13.23496 70.56543
v -24.10938 12.11783 70.48709
v -24.10938 12.11783 70.48709
v -26.12634 13.19467 71.36658
v -27.15701 12.20975 70.45542
v -18.27756 12.16546 62.13667
v -18.60437 13.1143 60.27849
v -17.82999 13.17061 63.59503
v -17.82999 13.17061 63.59503
v -19.4698 13.23807 67.63179
v -18.93794 12.10531 65.64413
v -21.03973 12.25954 68.97469
v -19.4698 13.23807 67.63179
v -22.6036 13.23496 70.56543
v -21.64852 17.86608 63.88116
v -22.69683 17.87083 61.14443
v -21.68661 16.12944 62.17362
v -15.0115 17.86961 64.21631
v -16.7966 19.78103 64.38196
v -18.69067 17.8666 65.08388
v -18.69067 17.8666 65.08388
v -19.74961 20.15044 64.01418
v -21.64852 17.86608 63.88116
v -26.84808 12.10659 62.48568
v -23.10068 11.79486 62.17333
v -26.48644 11.82376 65.34489
v -26.84808 12.10659 62.48568
v -26.01655 13.19238 60.69446
v -23.62741 12.19653 60.28281
v -23.62741 12.19653 60.28281
v -26.01655 13.19238 60.69446
v -21.87622 13.14125 59.3074
v -21.87622 13.14125 59.3074
v -18.60437 13.1143 60.27849
v -20.20979 12.03207 60.29894
v -15.76747 17.84161 53.121
v -14.37358 19.75694 54.12212
v -12.80962 17.84214 54.32371
v -12.80962 17.84214 54.32371
v -14.37358 19.75694 54.12212
v -12.53748 20.1338 56.3628
v -11.37684 17.85449 57.56617
v -12.53748 20.1338 56.3628
v -12.02678 19.77391 59.51913
v -12.18504 17.86645 61.38806
v -12.02678 19.77391 59.51913
v -13.89505 20.15092 62.48103
v -15.0115 17.86961 64.21631
v -13.89505 20.15092 62.48103
v -16.7966 19.78103 64.38196
v -19.06216 17.85571 54.4943
v -17.25495 20.13599 54.50674
v -15.76747 17.84161 53.121
v -21.61891 17.87088 57.67731
v -20.0146 19.77932 56.41141
v -19.06216 17.85571 54.4943
v -22.69683 17.87083 61.14443
v -21.47991 20.15661 59.54122
v -21.61891 17.87088 57.67731
v -9.403982 11.27546 45.08936
v -9.003893 14.19821 47.63546
v -7.290967 13.68745 43.81427
v -5.924621 11.27546 41.80584
v -7.290967 13.68745 43.81427
v -3.374123 14.19822 42.32257
v -1.179701 11.29363 41.19447
v -3.374123 14.19822 42.32257
v 0.7815426 13.71839 42.77421
v -1.179701 11.29363 41.19447
v 0.7815426 13.71839 42.77421
v 3.018296 11.32303 43.48883
v -10.28891 11.29362 49.79095
v -8.796436 13.71838 51.81307
v -9.003893 14.19821 47.63546
v -8.241316 11.32301 54.11468
v -8.796436 13.71838 51.81307
v -10.28891 11.29362 49.79095
v 1.995152 9.831177 53.73609
v 0.7015981 11.37058 55.79768
v -1.950055 9.660348 55.20708
v -1.950055 9.660348 55.20708
v -4.043326 11.35241 56.40905
v -6.077363 9.800255 54.77615
v 5.065887 11.35242 47.81256
v 4.18096 11.37058 52.51416
v 3.679715 9.660357 49.8942
v 1.995152 9.831177 53.73609
v 4.18096 11.37058 52.51416
v 0.7015981 11.37058 55.79768
v 3.018296 11.32303 43.48883
v 3.41836 14.24579 46.03495
v 5.065887 11.35242 47.81256
v -6.077363 9.800255 54.77615
v -4.043326 11.35241 56.40905
v -8.241316 11.32301 54.11468
v -27.15701 12.20975 70.45542
v -26.12634 13.19467 71.36658
v -28.96403 13.16575 69.98538
v -28.96403 13.16575 69.98538
v -30.17272 13.1639 67.0788
v -28.75078 12.08145 68.30027
v -29.09936 12.21164 65.40694
v -29.15054 13.18757 63.62791
v -26.84808 12.10659 62.48568
v -29.09936 12.21164 65.40694
v -30.17272 13.1639 67.0788
v -29.15054 13.18757 63.62791
v -22.6036 13.23496 70.56543
v -26.12634 13.19467 71.36658
v -24.10938 12.11783 70.48709
v -18.60437 13.1143 60.27849
v -18.8257 14.79881 62.08632
v -17.82999 13.17061 63.59503
v -17.82999 13.17061 63.59503
v -18.9911 14.59029 65.43786
v -19.4698 13.23807 67.63179
v -19.4698 13.23807 67.63179
v -21.40634 14.90572 68.55077
v -22.6036 13.23496 70.56543
v -21.64852 17.86608 63.88116
v -21.77476 19.78254 62.40688
v -22.69683 17.87083 61.14443
v -18.69067 17.8666 65.08388
v -16.7966 19.78103 64.38196
v -19.74961 20.15044 64.01418
v -21.64852 17.86608 63.88116
v -19.74961 20.15044 64.01418
v -21.77476 19.78254 62.40688
v -29.15054 13.18757 63.62791
v -26.01655 13.19238 60.69446
v -26.84808 12.10659 62.48568
v -26.01655 13.19238 60.69446
v -24.05449 14.83429 60.45356
v -21.87622 13.14125 59.3074
v -21.87622 13.14125 59.3074
v -20.50216 14.50336 59.97494
v -18.60437 13.1143 60.27849
v -15.76747 17.84161 53.121
v -17.25495 20.13599 54.50674
v -14.37358 19.75694 54.12212
v -14.37358 19.75694 54.12212
v -15.3632 21.77048 56.3825
v -12.53748 20.1338 56.3628
v -12.53748 20.1338 56.3628
v -14.07213 21.77653 59.43856
v -12.02678 19.77391 59.51913
v -12.02678 19.77391 59.51913
v -14.07213 21.77653 59.43856
v -13.89505 20.15092 62.48103
v -13.89505 20.15092 62.48103
v -16.83474 21.78254 62.35077
v -16.7966 19.78103 64.38196
v -19.06216 17.85571 54.4943
v -20.0146 19.77932 56.41141
v -17.25495 20.13599 54.50674
v -21.61891 17.87088 57.67731
v -21.47991 20.15661 59.54122
v -20.0146 19.77932 56.41141
v -22.69683 17.87083 61.14443
v -21.77476 19.78254 62.40688
v -21.47991 20.15661 59.54122
v -9.003893 14.19821 47.63546
v -5.318571 16.49998 45.89528
v -7.290967 13.68745 43.81427
v -7.290967 13.68745 43.81427
v -5.318571 16.49998 45.89528
v -3.374123 14.19822 42.32257
v -3.374123 14.19822 42.32257
v -0.5736882 16.51818 45.28397
v 0.7815426 13.71839 42.77421
v 3.018296 11.32303 43.48883
v 0.7815426 13.71839 42.77421
v 3.41836 14.24579 46.03495
v -8.796436 13.71838 51.81307
v -6.203441 16.51817 50.59684
v -9.003893 14.19821 47.63546
v -8.241316 11.32301 54.11468
v -5.690796 14.24578 54.63139
v -8.796436 13.71838 51.81307
v 0.7015981 11.37058 55.79768
v -4.043326 11.35241 56.40905
v -1.950055 9.660348 55.20708
v 5.065887 11.35242 47.81256
v 4.265072 13.76839 50.13017
v 4.18096 11.37058 52.51416
v 4.18096 11.37058 52.51416
v 1.986545 14.27517 53.64219
v 0.7015981 11.37058 55.79768
v 5.065887 11.35242 47.81256
v 3.41836 14.24579 46.03495
v 4.265072 13.76839 50.13017
v -4.043326 11.35241 56.40905
v -5.690796 14.24578 54.63139
v -8.241316 11.32301 54.11468
v -26.12634 13.19467 71.36658
v -27.31626 14.83856 70.03936
v -28.96403 13.16575 69.98538
v -28.96403 13.16575 69.98538
v -29.36516 14.54088 68.27718
v -30.17272 13.1639 67.0788
v -30.17272 13.1639 67.0788
v -29.21568 14.83569 65.28477
v -29.15054 13.18757 63.62791
v -22.6036 13.23496 70.56543
v -24.44106 14.59787 70.54024
v -26.12634 13.19467 71.36658
v -18.60437 13.1143 60.27849
v -20.50216 14.50336 59.97494
v -18.8257 14.79881 62.08632
v -17.82999 13.17061 63.59503
v -18.8257 14.79881 62.08632
v -18.9911 14.59029 65.43786
v -19.4698 13.23807 67.63179
v -18.9911 14.59029 65.43786
v -21.40634 14.90572 68.55077
v -22.6036 13.23496 70.56543
v -21.40634 14.90572 68.55077
v -24.44106 14.59787 70.54024
v -16.7966 19.78103 64.38196
v -16.83474 21.78254 62.35077
v -19.74961 20.15044 64.01418
v -19.74961 20.15044 64.01418
v -19.71346 21.78553 61.25213
v -21.77476 19.78254 62.40688
v -29.15054 13.18757 63.62791
v -27.50343 14.57708 62.29276
v -26.01655 13.19238 60.69446
v -26.01655 13.19238 60.69446
v -27.50343 14.57708 62.29276
v -24.05449 14.83429 60.45356
v -21.87622 13.14125 59.3074
v -24.05449 14.83429 60.45356
v -20.50216 14.50336 59.97494
v -17.25495 20.13599 54.50674
v -15.3632 21.77048 56.3825
v -14.37358 19.75694 54.12212
v -15.3632 21.77048 56.3825
v -14.07213 21.77653 59.43856
v -12.53748 20.1338 56.3628
v -14.07213 21.77653 59.43856
v -16.83474 21.78254 62.35077
v -13.89505 20.15092 62.48103
v -20.0146 19.77932 56.41141
v -18.71413 21.78206 57.68174
v -17.25495 20.13599 54.50674
v -21.47991 20.15661 59.54122
v -18.71413 21.78206 57.68174
v -20.0146 19.77932 56.41141
v -21.77476 19.78254 62.40688
v -19.71346 21.78553 61.25213
v -21.47991 20.15661 59.54122
v -6.203441 16.51817 50.59684
v -5.318571 16.49998 45.89528
v -9.003893 14.19821 47.63546
v -5.318571 16.49998 45.89528
v -0.5736882 16.51818 45.28397
v -3.374123 14.19822 42.32257
v 0.7815426 13.71839 42.77421
v -0.5736882 16.51818 45.28397
v 3.41836 14.24579 46.03495
v -5.690796 14.24578 54.63139
v -6.203441 16.51817 50.59684
v -8.796436 13.71838 51.81307
v 0.7015981 11.37058 55.79768
v -1.654391 13.76838 55.71644
v -4.043326 11.35241 56.40905
v 4.18096 11.37058 52.51416
v 4.265072 13.76839 50.13017
v 1.986545 14.27517 53.64219
v 0.7015981 11.37058 55.79768
v 1.986545 14.27517 53.64219
v -1.654391 13.76838 55.71644
v 3.41836 14.24579 46.03495
v 1.473863 16.54757 49.60766
v 4.265072 13.76839 50.13017
v -4.043326 11.35241 56.40905
v -1.654391 13.76838 55.71644
v -5.690796 14.24578 54.63139
v -26.12634 13.19467 71.36658
v -24.44106 14.59787 70.54024
v -27.31626 14.83856 70.03936
v -28.96403 13.16575 69.98538
v -27.31626 14.83856 70.03936
v -29.36516 14.54088 68.27718
v -30.17272 13.1639 67.0788
v -29.36516 14.54088 68.27718
v -29.21568 14.83569 65.28477
v -29.15054 13.18757 63.62791
v -29.21568 14.83569 65.28477
v -27.50343 14.57708 62.29276
v -20.50216 14.50336 59.97494
v -22.00577 16.0938 62.0661
v -18.8257 14.79881 62.08632
v -18.8257 14.79881 62.08632
v -21.04677 16.13901 65.21088
v -18.9911 14.59029 65.43786
v -18.9911 14.59029 65.43786
v -21.04677 16.13901 65.21088
v -21.40634 14.90572 68.55077
v -21.40634 14.90572 68.55077
v -24.33984 16.14848 68.2933
v -24.44106 14.59787 70.54024
v -16.83474 21.78254 62.35077
v -19.71346 21.78553 61.25213
v -19.74961 20.15044 64.01418
v -27.50343 14.57708 62.29276
v -26.09068 16.12901 63.39894
v -24.05449 14.83429 60.45356
v -24.05449 14.83429 60.45356
v -22.00577 16.0938 62.0661
v -20.50216 14.50336 59.97494
v -18.71413 21.78206 57.68174
v -15.3632 21.77048 56.3825
v -17.25495 20.13599 54.50674
v -15.3632 21.77048 56.3825
v -16.92934 22.58121 59.42861
v -14.07213 21.77653 59.43856
v -14.07213 21.77653 59.43856
v -16.92934 22.58121 59.42861
v -16.83474 21.78254 62.35077
v -19.71346 21.78553 61.25213
v -18.71413 21.78206 57.68174
v -21.47991 20.15661 59.54122
v -6.203441 16.51817 50.59684
v -2.530293 17.67871 48.84977
v -5.318571 16.49998 45.89528
v -5.318571 16.49998 45.89528
v -2.530293 17.67871 48.84977
v -0.5736882 16.51818 45.28397
v -0.5736882 16.51818 45.28397
v 1.473863 16.54757 49.60766
v 3.41836 14.24579 46.03495
v -2.005485 16.54756 52.89116
v -6.203441 16.51817 50.59684
v -5.690796 14.24578 54.63139
v 4.265072 13.76839 50.13017
v 1.473863 16.54757 49.60766
v 1.986545 14.27517 53.64219
v 1.986545 14.27517 53.64219
v -2.005485 16.54756 52.89116
v -1.654391 13.76838 55.71644
v -1.654391 13.76838 55.71644
v -2.005485 16.54756 52.89116
v -5.690796 14.24578 54.63139
v -24.44106 14.59787 70.54024
v -24.33984 16.14848 68.2933
v -27.31626 14.83856 70.03936
v -27.31626 14.83856 70.03936
v -27.3245 16.11336 67.04568
v -29.36516 14.54088 68.27718
v -29.36516 14.54088 68.27718
v -27.3245 16.11336 67.04568
v -29.21568 14.83569 65.28477
v -29.21568 14.83569 65.28477
v -26.09068 16.12901 63.39894
v -27.50343 14.57708 62.29276
v -22.00577 16.0938 62.0661
v -21.04677 16.13901 65.21088
v -18.8257 14.79881 62.08632
v -21.04677 16.13901 65.21088
v -24.33984 16.14848 68.2933
v -21.40634 14.90572 68.55077
v -16.83474 21.78254 62.35077
v -16.92934 22.58121 59.42861
v -19.71346 21.78553 61.25213
v -26.09068 16.12901 63.39894
v -22.00577 16.0938 62.0661
v -24.05449 14.83429 60.45356
v -18.71413 21.78206 57.68174
v -16.92934 22.58121 59.42861
v -15.3632 21.77048 56.3825
v -19.71346 21.78553 61.25213
v -16.92934 22.58121 59.42861
v -18.71413 21.78206 57.68174
v -2.005485 16.54756 52.89116
v -2.530293 17.67871 48.84977
v -6.203441 16.51817 50.59684
v -0.5736882 16.51818 45.28397
v -2.530293 17.67871 48.84977
v 1.473863 16.54757 49.60766
v 1.473863 16.54757 49.60766
v -2.005485 16.54756 52.89116
v 1.986545 14.27517 53.64219
v -24.33984 16.14848 68.2933
v -27.3245 16.11336 67.04568
v -27.31626 14.83856 70.03936
v -27.3245 16.11336 67.04568
v -26.09068 16.12901 63.39894
v -29.21568 14.83569 65.28477
v -22.00577 16.0938 62.0661
v -24.15564 16.78538 65.17574
v -21.04677 16.13901 65.21088
v -21.04677 16.13901 65.21088
v -24.15564 16.78538 65.17574
v -24.33984 16.14848 68.2933
v -26.09068 16.12901 63.39894
v -24.15564 16.78538 65.17574
v -22.00577 16.0938 62.0661
v 1.473863 16.54757 49.60766
v -2.530293 17.67871 48.84977
v -2.005485 16.54756 52.89116
v -24.33984 16.14848 68.2933
v -24.15564 16.78538 65.17574
v -27.3245 16.11336 67.04568
v -27.3245 16.11336 67.04568
v -24.15564 16.78538 65.17574
v -26.09068 16.12901 63.39894
v -12.31858 21.66652 51.54408
v -9.700249 21.43387 49.35114
v -8.650212 21.46059 54.04805
v -8.650212 21.46059 54.04805
v -8.669738 21.64399 57.89831
v -12.35019 21.45096 55.49128
v -12.31858 21.66652 51.54408
v -14.13678 21.40673 47.76242
v -9.700249 21.43387 49.35114
v -9.700249 21.43387 49.35114
v -5.932302 21.62789 51.8872
v -8.650212 21.46059 54.04805
v -15.65479 21.60228 55.6129
v -15.72983 21.4178 51.62312
v -12.35019 21.45096 55.49128
v -14.13678 21.40673 47.76242
v -11.35003 21.57481 45.70313
v -9.700249 21.43387 49.35114
v -15.72983 21.4178 51.62312
v -17.44533 21.558 47.87822
v -14.13678 21.40673 47.76242
v -5.931073 21.77747 55.78913
v -6.284101 23.04312 57.82814
v -8.669738 21.64399 57.89831
v -8.669738 21.64399 57.89831
v -9.983299 23.0335 59.27259
v -12.22274 21.76112 58.24917
v -7.601817 21.73333 47.96896
v -5.509957 23.00795 49.61147
v -5.932302 21.62789 51.8872
v -5.932302 21.62789 51.8872
v -4.562536 23.03351 54.15694
v -5.931073 21.77747 55.78913
v -15.65479 21.60228 55.6129
v -17.60155 22.97545 54.10769
v -17.89816 21.70555 51.77799
v -12.22274 21.76112 58.24917
v -14.28094 23.00794 57.88876
v -15.65479 21.60228 55.6129
v -5.931073 21.77747 55.78913
v -4.562536 23.03351 54.15694
v -6.284101 23.04312 57.82814
v -6.284101 23.04312 57.82814
v -9.983299 23.0335 59.27259
v -8.669738 21.64399 57.89831
v -12.22274 21.76112 58.24917
v -9.983299 23.0335 59.27259
v -14.28094 23.00794 57.88876
v -15.15117 21.68714 45.26389
v -13.27904 22.94819 44.22404
v -11.35003 21.57481 45.70313
v -11.35003 21.57481 45.70313
v -8.830564 22.97547 45.8304
v -7.601817 21.73333 47.96896
v -7.601817 21.73333 47.96896
v -8.830564 22.97547 45.8304
v -5.509957 23.00795 49.61147
v -5.509957 23.00795 49.61147
v -4.562536 23.03351 54.15694
v -5.932302 21.62789 51.8872
v -14.28094 23.00794 57.88876
v -17.60155 22.97545 54.10769
v -15.65479 21.60228 55.6129
v -17.89816 21.70555 51.77799
v -17.60155 22.97545 54.10769
v -18.69981 22.94819 49.33968
v -17.89816 21.70555 51.77799
v -18.69981 22.94819 49.33968
v -17.44533 21.558 47.87822
v -17.44533 21.558 47.87822
v -17.08406 22.93737 45.51238
v -15.15117 21.68714 45.26389
v -4.562536 23.03351 54.15694
v -6.076509 25.41531 55.39822
v -6.284101 23.04312 57.82814
v -6.284101 23.04312 57.82814
v -8.34189 25.00768 58.00941
v -9.983299 23.0335 59.27259
v -9.983299 23.0335 59.27259
v -12.09267 25.39939 57.69007
v -14.28094 23.00794 57.88876
v -15.15117 21.68714 45.26389
v -17.08406 22.93737 45.51238
v -13.27904 22.94819 44.22404
v -13.27904 22.94819 44.22404
v -8.830564 22.97547 45.8304
v -11.35003 21.57481 45.70313
v -8.830564 22.97547 45.8304
v -7.637948 25.37363 48.00153
v -5.509957 23.00795 49.61147
v -5.509957 23.00795 49.61147
v -5.41776 24.99127 51.75664
v -4.562536 23.03351 54.15694
v -14.28094 23.00794 57.88876
v -15.69563 24.96369 55.59293
v -17.60155 22.97545 54.10769
v -17.60155 22.97545 54.10769
v -17.48771 25.34657 51.53947
v -18.69981 22.94819 49.33968
v -18.69981 22.94819 49.33968
v -17.08406 22.93737 45.51238
v -17.44533 21.558 47.87822
v -4.562536 23.03351 54.15694
v -5.41776 24.99127 51.75664
v -6.076509 25.41531 55.39822
v -6.284101 23.04312 57.82814
v -6.076509 25.41531 55.39822
v -8.34189 25.00768 58.00941
v -9.983299 23.0335 59.27259
v -8.34189 25.00768 58.00941
v -12.09267 25.39939 57.69007
v -14.28094 23.00794 57.88876
v -12.09267 25.39939 57.69007
v -15.69563 24.96369 55.59293
v -17.08406 22.93737 45.51238
v -14.81964 25.32969 45.42602
v -13.27904 22.94819 44.22404
v -13.27904 22.94819 44.22404
v -11.08126 24.93584 45.30305
v -8.830564 22.97547 45.8304
v -8.830564 22.97547 45.8304
v -11.08126 24.93584 45.30305
v -7.637948 25.37363 48.00153
v -5.509957 23.00795 49.61147
v -7.637948 25.37363 48.00153
v -5.41776 24.99127 51.75664
v -17.60155 22.97545 54.10769
v -15.69563 24.96369 55.59293
v -17.48771 25.34657 51.53947
v -18.69981 22.94819 49.33968
v -17.48771 25.34657 51.53947
v -17.53518 24.91765 47.52371
v -18.69981 22.94819 49.33968
v -17.53518 24.91765 47.52371
v -17.08406 22.93737 45.51238
v -5.41776 24.99127 51.75664
v -8.017325 27.26748 51.6013
v -6.076509 25.41531 55.39822
v -6.076509 25.41531 55.39822
v -9.724221 27.27726 55.29404
v -8.34189 25.00768 58.00941
v -8.34189 25.00768 58.00941
v -9.724221 27.27726 55.29404
v -12.09267 25.39939 57.69007
v -12.09267 25.39939 57.69007
v -14.07687 27.25106 53.82906
v -15.69563 24.96369 55.59293
v -17.08406 22.93737 45.51238
v -17.53518 24.91765 47.52371
v -14.81964 25.32969 45.42602
v -13.27904 22.94819 44.22404
v -14.81964 25.32969 45.42602
v -11.08126 24.93584 45.30305
v -11.08126 24.93584 45.30305
v -11.35751 27.23477 47.79135
v -7.637948 25.37363 48.00153
v -7.637948 25.37363 48.00153
v -8.017325 27.26748 51.6013
v -5.41776 24.99127 51.75664
v -15.69563 24.96369 55.59293
v -14.07687 27.25106 53.82906
v -17.48771 25.34657 51.53947
v -17.48771 25.34657 51.53947
v -15.13607 27.22425 49.11864
v -17.53518 24.91765 47.52371
v -8.017325 27.26748 51.6013
v -9.724221 27.27726 55.29404
v -6.076509 25.41531 55.39822
v -9.724221 27.27726 55.29404
v -14.07687 27.25106 53.82906
v -12.09267 25.39939 57.69007
v -17.53518 24.91765 47.52371
v -15.13607 27.22425 49.11864
v -14.81964 25.32969 45.42602
v -14.81964 25.32969 45.42602
v -11.35751 27.23477 47.79135
v -11.08126 24.93584 45.30305
v -11.35751 27.23477 47.79135
v -8.017325 27.26748 51.6013
v -7.637948 25.37363 48.00153
v -14.07687 27.25106 53.82906
v -15.13607 27.22425 49.11864
v -17.48771 25.34657 51.53947
v -8.017325 27.26748 51.6013
v -11.67591 28.19476 51.50822
v -9.724221 27.27726 55.29404
v -9.724221 27.27726 55.29404
v -11.67591 28.19476 51.50822
v -14.07687 27.25106 53.82906
v -15.13607 27.22425 49.11864
v -11.35751 27.23477 47.79135
v -14.81964 25.32969 45.42602
v -11.35751 27.23477 47.79135
v -11.67591 28.19476 51.50822
v -8.017325 27.26748 51.6013
v -14.07687 27.25106 53.82906
v -11.67591 28.19476 51.50822
v -15.13607 27.22425 49.11864
v -15.13607 27.22425 49.11864
v -11.67591 28.19476 51.50822
v -11.35751 27.23477 47.79135
v -15.31792 15.42855 61.14809
v -16.80557 15.30667 59.71342
v -16.76539 15.30869 59.68048
v -16.74547 15.30966 59.66208
v -14.43595 15.41987 57.42333
v -16.63978 15.31072 59.33462
v -16.62499 15.3107 59.27909
v -16.97765 15.28855 59.32019
v -17.04454 15.28687 59.33287
v -17.11212 15.28303 59.3905
v -17.28115 15.42436 56.36878
v -14.43595 15.41987 57.42333
v -16.98967 15.28829 59.32163
v -16.97765 15.28855 59.32019
v -5.347193 9.50835 47.77741
v -5.233293 9.538334 48.0948
v -6.97242 9.401321 47.79467
v -3.493072 9.401326 44.51116
v -4.978635 9.509855 47.45094
v -4.522358 9.548429 47.56689
v -3.088158 9.707335 48.46501
v -4.398291 9.588922 48.02356
v -4.605076 9.587828 48.20322
v -17.21268 15.28853 59.47839
v -17.24234 15.2934 59.63771
v -18.81919 15.43345 62.24958
v -19.89992 15.43676 59.4702
v -17.19335 15.28708 59.45975
v -17.14672 15.2837 59.42
v -18.81919 15.43345 62.24958
v -17.24234 15.2934 59.63771
v -17.27137 15.30286 59.79141
v -17.27011 15.30552 59.83193
v -16.95564 15.30972 59.80424
v -16.9172 15.3105 59.80495
v -16.80557 15.30667 59.71342
v -15.31792 15.42855 61.14809
v -17.28115 15.42436 56.36878
v -17.11212 15.28303 59.3905
v -17.14672 15.2837 59.42
v -19.89992 15.43676 59.4702
v -25.02385 11.83297 66.66574
v -25.14216 11.83129 66.76309
v -25.42296 11.82736 66.97748
v -26.48644 11.82376 65.34489
v -23.08945 11.85974 65.24608
v -24.64051 11.83677 66.71288
v -24.56196 11.83732 66.77184
v -23.10068 11.79486 62.17333
v -24.51463 11.83609 67.14666
v -24.52748 11.83603 67.12903
v -25.48416 11.82 68.43961
v -21.72508 11.83055 67.41536
v -24.4735 11.83534 67.20216
v -25.39725 11.82723 67.06606
v -24.70369 11.83169 67.49591
v -25.2976 11.82635 67.48207
v -25.21385 11.82714 67.50253
v -24.84283 11.83064 67.58434
v -24.7901 11.83046 67.59567
v -22.364 11.83008 64.33959
v -22.21775 11.82413 64.15791
v -22.14792 11.82176 64.09394
v -22.34856 11.83178 64.43016
v -20.04302 11.77547 63.34246
v -22.3295 11.83643 64.66277
v -22.23587 11.83538 64.67718
v -22.1884 11.83482 64.68304
v -21.88229 11.81923 64.15543
v -21.80513 11.8182 64.1595
v -21.74261 11.82249 64.40448
v -21.73902 11.82244 64.41902
v -21.73872 11.82265 64.49789
v -21.9914 11.82979 64.7087
v -21.9166 11.82765 64.63576
v -4.924869 9.430712 52.11835
v -6.97242 9.401321 47.79467
v -5.233293 9.538334 48.0948
v -5.204222 9.537767 48.18582
v -4.774928 9.568539 48.35172
v -4.605076 9.587828 48.20322
v -3.088158 9.707335 48.46501
v -7.310719 9.583401 43.88747
v -3.641426 9.750263 41.83392
v -3.493072 9.401326 44.51116
v 0.3666172 9.612798 42.89827
v -9.560889 9.750255 47.4202
v -7.310719 9.583401 43.88747
v -6.97242 9.401321 47.79467
v -8.742538 9.612784 51.4947
v 0.7048827 9.43072 46.80548
v 0.3666172 9.612798 42.89827
v 3.500616 9.800269 45.73729
v 3.679715 9.660357 49.8942
v -0.1799836 9.448879 51.50704
v 3.679715 9.660357 49.8942
v 1.995152 9.831177 53.73609
v -1.950055 9.660348 55.20708
v -4.924869 9.430712 52.11835
v -6.077363 9.800255 54.77615
v -8.742538 9.612784 51.4947
v -1.950055 9.660348 55.20708
v -12.35019 21.45096 55.49128
v -12.34496 21.48658 54.83899
v -12.17944 21.48125 54.87965
v -8.650212 21.46059 54.04805
v -11.80908 21.49494 54.50275
v -11.95383 21.52522 53.99944
v -12.29653 21.53614 53.91734
v -12.33752 21.53734 53.9094
v -12.31858 21.66652 51.54408
v -12.68748 21.46676 54.75158
v -12.34496 21.48658 54.83899
v -12.35019 21.45096 55.49128
v -15.72983 21.4178 51.62312
v -12.8299 21.48368 54.24949
v -12.31858 21.66652 51.54408
v -12.42973 21.53177 53.89038
v -12.67124 21.50104 54.13876
v -12.33752 21.53734 53.9094
v -13.59788 21.51965 49.96288
v -14.00916 21.48371 49.79341
v -14.0348 21.48147 49.7828
v -14.13678 21.40673 47.76242
v -12.31858 21.66652 51.54408
v -15.72983 21.4178 51.62312
v -13.59217 21.52049 49.97552
v -14.23729 21.47853 50.14306
v -13.42744 21.54218 50.26255
v -14.25764 21.47804 50.17324
v -14.09981 21.49834 50.43401
v -14.08455 21.50059 50.46766
v -13.46376 21.53972 50.26902
v -13.71076 21.52558 50.39101
v -13.62694 21.53084 50.36358
v -8.650212 21.46059 54.04805
v -5.931073 21.77747 55.78913
v -8.669738 21.64399 57.89831
v -5.932302 21.62789 51.8872
v -12.35019 21.45096 55.49128
v -8.669738 21.64399 57.89831
v -12.22274 21.76112 58.24917
v -15.65479 21.60228 55.6129
v -9.700249 21.43387 49.35114
v -7.601817 21.73333 47.96896
v -5.932302 21.62789 51.8872
v -11.35003 21.57481 45.70313
v -15.65479 21.60228 55.6129
v -17.89816 21.70555 51.77799
v -15.72983 21.4178 51.62312
v -17.44533 21.558 47.87822
v -14.13678 21.40673 47.76242
v -15.15117 21.68714 45.26389
v -11.35003 21.57481 45.70313
v -17.44533 21.558 47.87822
f 10686 10687 10688
f 10689 10690 10691
f 10692 10693 10694
f 10695 10696 10697
f 10698 10699 10700
f 10701 10702 10703
f 10704 10705 10706
f 10707 10708 10709
f 10710 10711 10712
f 10713 10714 10715
f 10716 10717 10718
f 10719 10720 10721
f 10722 10723 10724
f 10725 10726 10727
f 10728 10729 10730
f 10731 10732 10733
f 10731 10733 10734
f 10735 10736 10737
f 10737 10738 10735
f 10738 10739 10735
f 10738 10740 10739
f 10741 10742 10743
f 10741 10743 10744
f 10745 10746 10747
f 10745 10747 10748
f 10749 10750 10751
f 10749 10751 10752
f 10753 10754 10755
f 10753 10755 10756
f 10757 10758 10759
f 10757 10759 10760
f 10761 10762 10763
f 10761 10763 10764
f 10765 10766 10767
f 10765 10767 10768
f 10769 10770 10771
f 10769 10771 10772
f 10773 10769 10772
f 10773 10772 10774
f 10775 10776 10777
f 10775 10777 10778
f 10779 10780 10781
f 10779 10781 10782
f 10783 10784 10785
f 10783 10785 10786
f 10786 10787 10783
f 10786 10788 10787
f 10789 10790 10791
f 10789 10792 10790
f 10792 10793 10790
f 10792 10794 10793
f 10795 10796 10797
f 10795 10797 10798
f 10798 10799 10795
f 10798 10800 10799
f 10801 10802 10803
f 10801 10803 10804
f 10805 10806 10807
f 10805 10807 10808
f 10809 10810 10811
f 10809 10811 10812
f 10813 10814 10815
f 10813 10815 10816
f 10817 10818 10819
f 10817 10819 10820
f 10821 10822 10823
f 10821 10824 10822
f 10824 10825 10822
f 10824 10826 10825
f 10826 10827 10825
f 10826 10828 10827
f 10828 10829 10827
f 10828 10830 10829
f 10830 10831 10829
f 10830 10832 10831
f 10825 10833 10834
f 10825 10834 10835
f 10836 10837 10831
f 10836 10831 10838
f 10839 10836 10838
f 10840 10841 10842
f 10840 10842 10843
f 10844 10845 10846
f 10844 10846 10847
f 10848 10849 10850
f 10848 10850 10851
f 10852 10853 10854
f 10852 10854 10855
f 10856 10857 10858
f 10856 10858 10859
f 10860 10861 10862
f 10860 10863 10861
f 10863 10864 10861
f 10863 10865 10864
f 10865 10866 10864
f 10865 10867 10866
f 10863 10868 10865
f 10863 10869 10868
f 10870 10871 10872
f 10870 10873 10871
f 10873 10874 10871
f 10873 10875 10874
f 10876 10874 10875
f 10876 10875 10877
f 10877 10878 10876
f 10877 10879 10878
f 10879 10880 10878
f 10879 10881 10880
f 10882 10880 10881
f 10882 10883 10880
f 10884 10885 10877
f 10884 10886 10885
f 10886 10887 10885
f 10886 10888 10887
f 10889 10890 10891
f 10889 10891 10892
f 10893 10894 10895
f 10893 10896 10894
f 10896 10897 10894
f 10896 10898 10897
f 10898 10899 10897
f 10898 10900 10899
f 10901 10902 10903
f 10901 10903 10904
f 10905 10906 10907
f 10905 10908 10906
f 10908 10909 10906
f 10908 10910 10909
f 10911 10912 10913
f 10911 10913 10914
f 10915 10916 10917
f 10915 10917 10918
f 10919 10920 10921
f 10919 10922 10920
f 10922 10923 10920
f 10922 10924 10923
f 10925 10926 10927
f 10925 10927 10928
f 10929 10930 10931
f 10929 10931 10932
f 10933 10934 10935
f 10933 10935 10936
f 10937 10938 10939
f 10937 10939 10940
f 10941 10942 10943
f 10941 10943 10944
f 10945 10946 10947
f 10945 10948 10946
f 10948 10949 10946
f 10948 10950 10949
f 10951 10952 10953
f 10951 10954 10952
f 10954 10955 10952
f 10954 10956 10955
f 10957 10958 10959
f 10957 10959 10960
f 10961 10962 10963
f 10961 10963 10964
f 10965 10966 10967
f 10965 10967 10968
f 10968 10969 10965
f 10968 10970 10969
f 10971 10969 10970
f 10971 10972 10969
f 10973 10974 10975
f 10973 10975 10976
f 10977 10978 10979
f 10977 10979 10980
f 10981 10982 10983
f 10981 10983 10984
f 10985 10986 10987
f 10985 10987 10988
f 10989 10990 10991
f 10989 10991 10992
f 10993 10994 10995
f 10993 10996 10994
f 10997 10994 10996
f 10997 10998 10994
f 10999 11000 11001
f 10999 11002 11000
f 11003 11000 11002
f 11002 11004 11003
f 11004 11005 11003
f 11006 11007 11008
f 11006 11008 11009
f 11010 11011 11012
f 11010 11012 11013
f 11014 11015 11016
f 11014 11017 11015
f 11018 11015 11017
f 11018 11017 11019
f 11020 11021 11022
f 11020 11023 11021
f 11023 11024 11021
f 11023 11025 11024
f 11026 11024 11025
f 11026 11027 11024
f 11028 11029 11030
f 11028 11030 11031
f 11032 11033 11034
f 11032 11034 11035
f 11036 11037 11038
f 11036 11038 11039
f 11040 11041 11042
f 11040 11043 11041
f 11043 11044 11041
f 11043 11045 11044
f 11046 11044 11045
f 11046 11047 11044
f 11048 11049 11050
f 11048 11050 11051
f 11052 11053 11054
f 11052 11055 11053
f 11056 11053 11055
f 11056 11057 11053
f 11058 11059 11060
f 11058 11061 11059
f 11062 11059 11061
f 11062 11063 11059
f 11064 11065 11066
f 11064 11066 11067
f 11068 11069 11070
f 11068 11070 11071
f 11072 11073 11074
f 11072 11074 11075
f 11076 11077 11078
f 11076 11078 11079
f 11080 11081 11082
f 11080 11082 11083
f 11084 11085 11086
f 11084 11086 11087
f 11088 11089 11090
f 11088 11090 11091
f 11092 11093 11094
f 11092 11094 11095
f 11096 11097 11098
f 11096 11098 11099
f 11100 11101 11102
f 11100 11103 11101
f 11104 11101 11103
f 11104 11105 11101
f 11106 11107 11108
f 11106 11108 11109
f 11110 11111 11112
f 11110 11112 11113
f 11114 11115 11116
f 11114 11116 11117
f 11118 11119 11120
f 11118 11120 11121
f 11122 11123 11124
f 11122 11124 11125
f 11126 11127 11128
f 11126 11128 11129
f 11130 11131 11132
f 11130 11132 11133
f 11134 11135 11136
f 11134 11136 11137
f 11138 11139 11140
f 11138 11140 11141
f 11142 11143 11144
f 11144 11145 11142
f 11145 11146 11142
f 11147 11148 11149
f 11147 11149 11150
f 11151 11152 11153
f 11151 11153 11154
f 11155 11156 11157
f 11157 11158 11155
f 11158 11159 11155
f 11160 11161 11162
f 11160 11162 11163
f 11164 11165 11166
f 11164 11166 11167
f 11168 11169 11170
f 11168 11170 11171
f 11172 11173 11174
f 11172 11174 11175
f 11176 11177 11178
f 11176 11178 11179
f 11180 11181 11182
f 11180 11182 11183
f 11184 11185 11186
f 11184 11186 11187
f 11188 11184 11187
f 11189 11190 11191
f 11189 11191 11192
f 11192 11193 11189
f 11192 11194 11193
f 11195 11196 11197
f 11195 11197 11198
f 11199 11200 11201
f 11199 11201 11202
f 11203 11204 11205
f 11203 11205 11206
f 11207 11208 11209
f 11207 11209 11210
f 11211 11212 11213
f 11211 11213 11214
f 11215 11216 11217
f 11217 11218 11215
f 11218 11219 11215
f 11220 11221 11222
f 11220 11222 11223
f 11224 11225 11226
f 11224 11226 11227
f 11228 11229 11230
f 11228 11230 11231
f 11232 11233 11234
f 11232 11234 11235
f 11236 11237 11238
f 11236 11238 11239
f 11240 11241 11242
f 11240 11242 11243
f 11244 11245 11246
f 11244 11246 11247
f 11248 11249 11250
f 11251 11248 11250
f 11250 11252 11251
f 11250 11253 11252
f 11254 11255 11256
f 11254 11256 11257
f 11258 11259 11260
f 11258 11260 11261
f 11261 11262 11258
f 11261 11263 11262
f 11264 11265 11266
f 11264 11266 11267
f 11268 11269 11270
f 11268 11270 11271
f 11272 11273 11274
f 11272 11274 11275
f 11276 11277 11278
f 11276 11278 11279
f 11280 11281 11282
f 11280 11282 11283
f 11284 11285 11286
f 11284 11287 11285
f 11287 11288 11285
f 11289 11290 11291
f 11289 11291 11292
f 11293 11294 11295
f 11295 11296 11293
f 11296 11297 11293
f 11298 11299 11300
f 11298 11300 11301
f 11302 11303 11304
f 11302 11304 11305
f 11306 11307 11308
f 11309 11310 11311
f 11312 11313 11314
f 11315 11316 11317
f 11318 11319 11320
f 11321 11322 11323
f 11324 11325 11326
f 11327 11328 11329
f 11330 11331 11332
f 11333 11334 11335
f 11336 11337 11338
f 11339 11340 11341
f 11342 11343 11344
f 11345 11346 11347
f 11348 11349 11350
f 11351 11352 11353
f 11354 11355 11356
f 11357 11358 11359
f 11360 11361 11362
f 11363 11364 11365
f 11366 11367 11368
f 11369 11370 11371
f 11372 11373 11374
f 11375 11376 11377
f 11378 11379 11380
f 11381 11382 11383
f 11384 11385 11386
f 11387 11388 11389
f 11390 11391 11392
f 11393 11394 11395
f 11396 11397 11398
f 11399 11400 11401
f 11402 11403 11404
f 11405 11406 11407
f 11408 11409 11410
f 11411 11412 11413
f 11414 11415 11416
f 11417 11418 11419
f 11420 11421 11422
f 11423 11424 11425
f 11426 11427 11428
f 11429 11430 11431
f 11432 11433 11434
f 11435 11436 11437
f 11438 11439 11440
f 11441 11442 11443
f 11444 11445 11446
f 11447 11448 11449
f 11450 11451 11452
f 11453 11454 11455
f 11456 11457 11458
f 11459 11460 11461
f 11462 11463 11464
f 11465 11466 11467
f 11468 11469 11470
f 11471 11472 11473
f 11474 11475 11476
f 11477 11478 11479
f 11480 11481 11482
f 11483 11484 11485
f 11486 11487 11488
f 11489 11490 11491
f 11492 11493 11494
f 11495 11496 11497
f 11498 11499 11500
f 11501 11502 11503
f 11504 11505 11506
f 11507 11508 11509
f 11510 11511 11512
f 11513 11514 11515
f 11516 11517 11518
f 11519 11520 11521
f 11522 11523 11524
f 11525 11526 11527
f 11528 11529 11530
f 11531 11532 11533
f 11534 11535 11536
f 11537 11538 11539
f 11540 11541 11542
f 11543 11544 11545
f 11546 11547 11548
f 11549 11550 11551
f 11552 11553 11554
f 11555 11556 11557
f 11558 11559 11560
f 11561 11562 11563
f 11564 11565 11566
f 11567 11568 11569
f 11570 11571 11572
f 11573 11574 11575
f 11576 11577 11578
f 11579 11580 11581
f 11582 11583 11584
f 11585 11586 11587
f 11588 11589 11590
f 11591 11592 11593
f 11594 11595 11596
f 11597 11598 11599
f 11600 11601 11602
f 11603 11604 11605
f 11606 11607 11608
f 11609 11610 11611
f 11612 11613 11614
f 11615 11616 11617
f 11618 11619 11620
f 11621 11622 11623
f 11624 11625 11626
f 11627 11628 11629
f 11630 11631 11632
f 11633 11634 11635
f 11636 11637 11638
f 11639 11640 11641
f 11642 11643 11644
f 11645 11646 11647
f 11648 11649 11650
f 11651 11652 11653
f 11654 11655 11656
f 11657 11658 11659
f 11660 11661 11662
f 11663 11664 11665
f 11666 11667 11668
f 11669 11670 11671
f 11672 11673 11674
f 11675 11676 11677
f 11678 11679 11680
f 11681 11682 11683
f 11684 11685 11686
f 11687 11688 11689
f 11690 11691 11692
f 11693 11694 11695
f 11696 11697 11698
f 11699 11700 11701
f 11702 11703 11704
f 11705 11706 11707
f 11708 11709 11710
f 11711 11712 11713
f 11714 11715 11716
f 11717 11718 11719
f 11720 11721 11722
f 11723 11724 11725
f 11726 11727 11728
f 11729 11730 11731
f 11732 11733 11734
f 11735 11736 11737
f 11738 11739 11740
f 11741 11742 11743
f 11744 11745 11746
f 11747 11748 11749
f 11750 11751 11752
f 11753 11754 11755
f 11756 11757 11758
f 11759 11760 11761
f 11762 11763 11764
f 11765 11766 11767
f 11768 11769 11770
f 11771 11772 11773
f 11774 11775 11776
f 11777 11778 11779
f 11780 11781 11782
f 11783 11784 11785
f 11786 11787 11788
f 11789 11790 11791
f 11792 11793 11794
f 11795 11796 11797
f 11798 11799 11800
f 11801 11802 11803
f 11804 11805 11806
f 11807 11808 11809
f 11810 11811 11812
f 11813 11814 11815
f 11816 11817 11818
f 11819 11820 11821
f 11822 11823 11824
f 11825 11826 11827
f 11828 11829 11830
f 11831 11832 11833
f 11834 11835 11836
f 11837 11838 11839
f 11840 11841 11842
f 11843 11844 11845
f 11846 11847 11848
f 11849 11850 11851
f 11852 11853 11854
f 11855 11856 11857
f 11858 11859 11860
f 11861 11862 11863
f 11864 11865 11866
f 11867 11868 11869
f 11870 11871 11872
f 11873 11874 11875
f 11876 11877 11878
f 11879 11880 11881
f 11882 11883 11884
f 11885 11886 11887
f 11888 11889 11890
f 11891 11892 11893
f 11894 11895 11896
f 11897 11898 11899
f 11900 11901 11902
f 11903 11904 11905
f 11906 11907 11908
f 11909 11910 11911
f 11912 11913 11914
f 11915 11916 11917
f 11918 11919 11920
f 11921 11922 11923
f 11924 11925 11926
f 11927 11928 11929
f 11930 11931 11932
f 11933 11934 11935
f 11936 11937 11938
f 11939 11940 11941
f 11942 11943 11944
f 11945 11946 11947
f 11948 11949 11950
f 11951 11952 11953
f 11954 11955 11956
f 11957 11958 11959
f 11960 11961 11962
f 11963 11964 11965
f 11966 11967 11968
f 11969 11970 11971
f 11972 11973 11974
f 11975 11976 11977
f 11978 11979 11980
f 11981 11982 11983
f 11984 11985 11986
f 11987 11988 11989
f 11990 11991 11992
f 11993 11994 11995
f 11996 11997 11998
f 11999 12000 12001
f 12002 12003 12004
f 12005 12006 12007
f 12008 12009 12010
f 12011 12012 12013
f 12014 12015 12016
f 12017 12018 12019
f 12020 12021 12022
f 12023 12024 12025
f 12026 12027 12028
f 12029 12030 12031
f 12032 12033 12034
f 12035 12036 12037
f 12038 12039 12040
f 12041 12042 12043
f 12044 12045 12046
f 12047 12048 12049
f 12050 12051 12052
f 12053 12054 12055
f 12056 12057 12058
f 12059 12060 12061
f 12062 12063 12064
f 12065 12066 12067
f 12068 12069 12070
f 12071 12072 12073
f 12074 12075 12076
f 12077 12078 12079
f 12080 12081 12082
f 12083 12084 12085
f 12086 12087 12088
f 12089 12090 12091
f 12092 12093 12094
f 12095 12096 12097
f 12098 12099 12100
f 12101 12102 12103
f 12104 12105 12106
f 12107 12108 12109
f 12110 12111 12112
f 12113 12114 12115
f 12116 12117 12118
f 12119 12120 12121
f 12122 12123 12124
f 12125 12126 12127
f 12128 12129 12130
f 12131 12132 12133
f 12134 12135 12136
f 12137 12138 12139
f 12140 12141 12142
f 12143 12144 12145
f 12146 12147 12148
f 12149 12150 12151
f 12152 12153 12154
f 12155 12156 12157
f 12158 12159 12160
f 12161 12162 12163
f 12163 12164 12161
f 12165 12161 12164
f 12165 12164 12166
f 12165 12166 12167
f 12167 12168 12165
f 12169 12170 12171
f 12171 12172 12169
f 12172 12173 12169
f 12172 12174 12173
f 12175 12176 12177
f 12177 12178 12175
f 12179 12175 12178
f 12180 12179 12178
f 12178 12181 12180
f 12181 12182 12180
f 12181 12183 12182
f 12184 12185 12186
f 12184 12186 12187
f 12187 12188 12184
f 12189 12188 12187
f 12190 12191 12192
f 12192 12193 12190
f 12193 12194 12190
f 12194 12195 12190
f 12195 12196 12190
f 12196 12197 12190
f 12198 12199 12200
f 12198 12200 12201
f 12202 12203 12204
f 12202 12204 12205
f 12205 12206 12202
f 12206 12207 12202
f 12206 12208 12207
f 12205 12209 12206
f 12206 12210 12208
f 12210 12211 12208
f 12212 12205 12204
f 12210 12206 12213
f 12213 12214 12210
f 12204 12215 12212
f 12213 12216 12214
f 12215 12217 12212
f 12217 12218 12212
f 12218 12219 12212
f 12212 12219 12220
f 12213 12220 12216
f 12213 12212 12220
f 12221 12206 12209
f 12209 12222 12221
f 12223 12222 12209
f 12221 12224 12206
f 12209 12225 12223
f 12224 12226 12206
f 12226 12227 12206
f 12227 12228 12206
f 12213 12206 12228
f 12225 12229 12223
f 12225 12230 12229
f 12225 12231 12230
f 12232 12231 12225
f 12225 12233 12232
f 12233 12225 12213
f 12228 12234 12213
f 12234 12233 12213
f 12233 12234 12235
f 12236 12237 12238
f 12238 12239 12236
f 12239 12240 12236
f 12240 12241 12236
f 12241 12242 12236
f 12243 12244 12245
f 12245 12244 12246
f 12247 12248 12249
f 12249 12250 12247
f 12251 12252 12253
f 12251 12253 12254
f 12255 12256 12257
f 12255 12257 12258
f 12259 12260 12261
f 12259 12262 12260
f 12263 12264 12265
f 12266 12263 12265
f 12266 12265 12267
f 12266 12267 12268
f 12266 12268 12269
f 12266 12269 12270
f 12270 12271 12266
f 12272 12273 12274
f 12272 12274 12275
f 12276 12272 12275
f 12275 12277 12276
f 12278 12276 12277
f 12279 12276 12278
f 12277 12280 12278
f 12281 12282 12283
f 12281 12283 12284
f 12284 12285 12281
f 12286 12284 12283
f 12285 12287 12281
f 12283 12288 12286
f 12285 12289 12287
f 12288 12290 12286
f 12286 12290 12291
f 12291 12292 12286
f 12292 12285 12286
f 12293 12289 12285
f 12292 12294 12285
f 12295 12293 12285
f 12294 12295 12285
f 12296 12297 12298
f 12296 12299 12297
f 12300 12301 12302
f 12302 12303 12300
f 12304 12305 12306
f 12304 12307 12305
f 12308 12309 12310
f 12310 12309 12311
f 12312 12313 12314
f 12312 12315 12313
v 49.4946 11.08748 -48.00097
v 49.73238 11.08575 -48.1469
v 48.92413 4.986138 -48.09266
v 44.30873 16.11215 -46.92617
v 44.029 16.13714 -46.90072
v 42.75806 9.113683 -46.91467
v 55.35879 8.258002 -48.47371
v 55.54105 8.262169 -48.46484
v 56.68657 5.646595 -48.61086
v 49.9368 11.08602 -48.12362
v 50.14508 11.08364 -47.97482
v 49.28616 5.179495 -47.94628
v 55.39779 8.260294 -48.00913
v 55.26661 8.257052 -48.18707
v 56.74545 5.641597 -47.99038
v 42.97252 16.15005 -44.06996
v 43.24316 16.13084 -43.91991
v 43.27668 12.58182 -44.57698
v 43.23482 16.1292 -43.89113
v 43.1945 16.1143 -43.64719
v 43.2144 12.14476 -44.42688
v 42.75606 16.16109 -44.12516
v 42.90643 16.15412 -44.0973
v 42.87396 12.8203 -44.70548
v 58.46924 8.267822 -48.69707
v 58.76593 8.264571 -48.75658
v 57.04284 5.870814 -48.62809
v 55.66041 8.26688 -48.04651
v 55.47453 8.262217 -48.01171
v 57.10172 5.865819 -48.00761
v 58.52531 8.269929 -48.07647
v 58.31407 8.271448 -48.30767
v 57.10172 5.865819 -48.00761
v 43.16606 16.11475 -43.63934
v 42.85135 16.11777 -43.52426
v 42.78874 11.99974 -44.33891
v 42.68037 16.14708 -43.87658
v 42.73028 16.16298 -44.14034
v 42.65321 12.57982 -44.88552
v 55.80959 8.270669 -48.26377
v 55.69866 8.267854 -48.11044
v 57.15474 6.100166 -48.33018
v 58.29679 8.271386 -48.38541
v 58.46392 8.268861 -48.62357
v 57.15474 6.100166 -48.33018
v 44.56596 -7.357676 -47.70483
v 45.1242 -7.357676 -46.83759
v 45.1242 -5.832312 -46.83759
v 44.56596 -5.832312 -47.70483
v 46.6263 -7.357677 -47.80447
v 46.15436 -7.357676 -46.88741
v 45.1242 -7.357676 -46.83759
v 44.56596 -7.357676 -47.70483
v 46.06807 -7.357677 -48.67171
v 45.0379 -7.357676 -48.62189
v 45.0379 -7.357676 -48.62189
v 44.56596 -7.357676 -47.70483
v 44.56596 -5.832312 -47.70483
v 45.0379 -5.832313 -48.62189
v 45.1242 -5.832312 -46.83759
v 44.83603 -4.681203 -46.95499
v 44.35124 -4.78289 -47.65731
v 44.56596 -5.832312 -47.70483
v 45.1242 -7.357676 -46.83759
v 46.15436 -7.357676 -46.88741
v 46.15436 -5.832313 -46.88741
v 45.1242 -5.832312 -46.83759
v 46.15436 -7.357676 -46.88741
v 46.6263 -7.357677 -47.80447
v 46.6263 -5.832313 -47.80447
v 46.15436 -5.832313 -46.88741
v 46.6263 -7.357677 -47.80447
v 46.06807 -7.357677 -48.67171
v 46.06807 -5.832313 -48.67171
v 46.6263 -5.832313 -47.80447
v 46.06807 -7.357677 -48.67171
v 45.0379 -7.357676 -48.62189
v 45.0379 -5.832313 -48.62189
v 46.06807 -5.832313 -48.67171
v 44.56596 -5.832312 -47.70483
v 44.35124 -4.78289 -47.65731
v 44.69519 -4.670431 -48.43684
v 45.0379 -5.832313 -48.62189
v 44.83603 -4.681203 -46.95499
v 45.1242 -5.832312 -46.83759
v 46.15436 -5.832313 -46.88741
v 45.47367 -4.200325 -47.02296
v 44.26081 -3.782715 -46.96215
v 45.03261 -3.68385 -47.08118
v 46.6263 -5.832313 -47.80447
v 46.0087 -4.354599 -47.81173
v 45.47367 -4.200325 -47.02296
v 46.15436 -5.832313 -46.88741
v 46.0087 -4.354599 -47.81173
v 46.6263 -5.832313 -47.80447
v 46.06807 -5.832313 -48.67171
v 45.33283 -4.189553 -48.50481
v 45.33283 -4.189553 -48.50481
v 46.06807 -5.832313 -48.67171
v 45.0379 -5.832313 -48.62189
v 44.69519 -4.670431 -48.43684
v 44.91054 -3.673114 -48.36842
v 44.12984 -3.771196 -48.34317
v 44.35124 -4.78289 -47.65731
v 44.12984 -3.771196 -48.34317
v 44.69519 -4.670431 -48.43684
v 43.8072 -3.867698 -47.61659
v 43.07129 -2.087474 -48.16777
v 42.78854 -2.154097 -47.54034
v 43.8072 -3.867698 -47.61659
v 44.35124 -4.78289 -47.65731
v 44.83603 -4.681203 -46.95499
v 44.26081 -3.782715 -46.96215
v 42.78854 -2.154097 -47.54034
v 43.18377 -2.100389 -46.97556
v 45.47367 -4.200325 -47.02296
v 47.23542 -3.258506 -47.29617
v 46.90623 -2.873031 -47.33963
v 45.03261 -3.68385 -47.08118
v 46.0087 -4.354599 -47.81173
v 47.37544 -3.495298 -47.87233
v 47.23542 -3.258506 -47.29617
v 45.47367 -4.200325 -47.02296
v 45.33283 -4.189553 -48.50481
v 47.1303 -3.250465 -48.40215
v 47.37544 -3.495298 -47.87233
v 46.0087 -4.354599 -47.81173
v 45.03261 -3.68385 -47.08118
v 43.86175 -1.98006 -47.03822
v 43.18377 -2.100389 -46.97556
v 44.26081 -3.782715 -46.96215
v 45.03261 -3.68385 -47.08118
v 46.90623 -2.873031 -47.33963
v 46.64952 -2.600575 -47.82269
v 45.03609 -3.15581 -47.74522
v 47.23542 -3.258506 -47.29617
v 49.20034 -1.144566 -47.56883
v 46.90623 -2.873031 -47.33963
v 49.1788 -1.57122 -47.52262
v 49.53104 -0.9877024 -47.5886
v 49.86962 -1.148888 -47.56027
v 52.76156 1.042037 -47.76148
v 52.90796 0.7085906 -47.72585
v 56.74545 5.641597 -47.99038
v 56.82891 5.16258 -47.95607
v 57.10172 5.865819 -48.00761
v 57.62747 5.796663 -47.99469
v 49.33343 -0.1534798 -47.73239
v 49.12381 -0.1903749 -47.72005
v 49.20034 -1.144566 -47.56883
v 58.64952 8.268617 -48.07402
v 58.52531 8.269929 -48.07647
v 57.62747 5.796663 -47.99469
v 58.93552 8.265628 -48.05795
v 44.91054 -3.673114 -48.36842
v 46.81512 -2.865018 -48.30036
v 47.1303 -3.250465 -48.40215
v 45.33283 -4.189553 -48.50481
v 43.86175 -1.98006 -47.03822
v 45.03261 -3.68385 -47.08118
v 45.03609 -3.15581 -47.74522
v 44.1445 -1.913438 -47.66566
v 47.37544 -3.495298 -47.87233
v 49.28529 -1.75131 -47.96082
v 49.1788 -1.57122 -47.52262
v 47.23542 -3.258506 -47.29617
v 47.1303 -3.250465 -48.40215
v 49.09885 -1.565105 -48.36377
v 49.28529 -1.75131 -47.96082
v 47.37544 -3.495298 -47.87233
v 46.81512 -2.865018 -48.30036
v 44.91054 -3.673114 -48.36842
v 45.03609 -3.15581 -47.74522
v 46.64952 -2.600575 -47.82269
v 46.81512 -2.865018 -48.30036
v 49.09885 -1.565105 -48.36377
v 47.1303 -3.250465 -48.40215
v 49.13105 -1.138471 -48.29951
v 49.79108 -1.140888 -48.39298
v 49.46301 -0.9799927 -48.31195
v 52.83562 0.7248778 -48.52143
v 52.69908 1.056848 -48.45258
v 49.29573 -0.1440659 -48.15321
v 49.08515 -0.1817276 -48.14512
v 44.12984 -3.771196 -48.34317
v 43.74928 -1.967145 -48.23043
v 44.91054 -3.673114 -48.36842
v 43.07129 -2.087474 -48.16777
v 42.68111 0.4893516 -48.08499
v 42.00684 0.8825811 -48.02274
v 42.76871 1.883208 -48.05148
v 42.10717 1.600725 -47.99041
v 43.15597 8.044879 -47.90338
v 42.5507 8.143723 -47.84751
v 43.26196 8.732362 -47.88103
v 42.6728 8.828575 -47.82664
v 43.9697 16.10271 -47.60498
v 44.39656 16.09151 -47.64172
v 42.00684 0.8825811 -48.02274
v 39.4575 2.470645 -47.80086
v 39.1109 1.923014 -47.81731
v 36.83427 5.358657 -47.50054
v 36.53757 5.048487 -47.50818
v 43.18377 -2.100389 -46.97556
v 42.11117 0.8525501 -46.83947
v 41.72187 0.6394969 -47.39998
v 42.78854 -2.154097 -47.54034
v 43.86175 -1.98006 -47.03822
v 42.11117 0.8525501 -46.83947
v 43.18377 -2.100389 -46.97556
v 42.78544 0.4593196 -46.90172
v 42.20953 1.571261 -46.82948
v 42.87107 1.853743 -46.89055
v 42.61074 7.780793 -46.78369
v 43.24963 8.017922 -46.84119
v 44.1445 -1.913438 -47.66566
v 43.0704 0.4192805 -47.52448
v 42.78544 0.4593196 -46.90172
v 43.86175 -1.98006 -47.03822
v 49.28529 -1.75131 -47.96082
v 49.86962 -1.148888 -47.56027
v 49.1788 -1.57122 -47.52262
v 49.96495 -1.332285 -47.99357
v 52.90796 0.7085906 -47.72585
v 52.95417 0.5106424 -48.13759
v 46.90623 -2.873031 -47.33963
v 49.20034 -1.144566 -47.56883
v 48.5914 -1.282827 -47.91621
v 46.64952 -2.600575 -47.82269
v 44.1445 -1.913438 -47.66566
v 45.03609 -3.15581 -47.74522
v 44.91054 -3.673114 -48.36842
v 43.74928 -1.967145 -48.23043
v 49.09885 -1.565105 -48.36377
v 49.96495 -1.332285 -47.99357
v 49.28529 -1.75131 -47.96082
v 49.79108 -1.140888 -48.39298
v 52.95417 0.5106424 -48.13759
v 52.83562 0.7248778 -48.52143
v 46.64952 -2.600575 -47.82269
v 48.5914 -1.282827 -47.91621
v 49.13105 -1.138471 -48.29951
v 46.81512 -2.865018 -48.30036
v 42.78854 -2.154097 -47.54034
v 41.72187 0.6394969 -47.39998
v 42.00684 0.8825811 -48.02274
v 43.07129 -2.087474 -48.16777
v 43.0704 0.4192805 -47.52448
v 44.1445 -1.913438 -47.66566
v 43.74928 -1.967145 -48.23043
v 42.68111 0.4893516 -48.08499
v 48.5914 -1.282827 -47.91621
v 48.76062 -0.1767175 -47.92167
v 49.08515 -0.1817276 -48.14512
v 49.13105 -1.138471 -48.29951
v 42.11117 0.8525501 -46.83947
v 39.18925 1.881215 -46.75972
v 38.98627 1.621837 -47.26735
v 41.72187 0.6394969 -47.39998
v 43.0704 0.4192805 -47.52448
v 42.87107 1.853743 -46.89055
v 42.78544 0.4593196 -46.90172
v 43.15066 1.814461 -47.50155
v 43.24963 8.017922 -46.84119
v 43.50544 7.981978 -47.40023
v 42.68111 0.4893516 -48.08499
v 43.15066 1.814461 -47.50155
v 43.0704 0.4192805 -47.52448
v 42.76871 1.883208 -48.05148
v 43.50544 7.981978 -47.40023
v 43.15597 8.044879 -47.90338
v 49.20034 -1.144566 -47.56883
v 49.12381 -0.1903749 -47.72005
v 48.76062 -0.1767175 -47.92167
v 48.5914 -1.282827 -47.91621
v 41.72187 0.6394969 -47.39998
v 38.98627 1.621837 -47.26735
v 39.1109 1.923014 -47.81731
v 42.00684 0.8825811 -48.02274
v 39.18925 1.881215 -46.75972
v 42.11117 0.8525501 -46.83947
v 42.20953 1.571261 -46.82948
v 39.53437 2.429637 -46.76323
v 36.58363 5.017794 -46.80758
v 36.87946 5.328545 -46.81316
v 36.44623 6.386308 -46.80799
v 36.04707 6.387446 -46.80129
v 49.33343 -0.1534798 -47.73239
v 49.53104 -0.9877024 -47.5886
v 49.78094 -0.5272421 -47.97373
v 49.54412 0.06340288 -47.95956
v 52.69908 1.056848 -48.45258
v 49.46301 -0.9799927 -48.31195
v 49.78094 -0.5272421 -47.97373
v 52.64087 1.278164 -48.11199
v 48.76062 -0.1767175 -47.92167
v 48.52162 1.449646 -47.91014
v 48.84849 1.444598 -48.13521
v 49.08515 -0.1817276 -48.14512
v 49.12381 -0.1903749 -47.72005
v 48.88743 1.43589 -47.70706
v 48.52162 1.449646 -47.91014
v 48.76062 -0.1767175 -47.92167
v 39.18925 1.881215 -46.75972
v 36.58363 5.017794 -46.80758
v 36.41758 4.872801 -47.1422
v 38.98627 1.621837 -47.26735
v 43.50544 7.981978 -47.40023
v 43.35313 8.706121 -46.84711
v 43.24963 8.017922 -46.84119
v 43.60213 8.671135 -47.39126
v 44.64193 16.08208 -47.29485
v 44.46485 16.09822 -46.91061
v 43.15597 8.044879 -47.90338
v 43.60213 8.671135 -47.39126
v 43.50544 7.981978 -47.40023
v 43.26196 8.732362 -47.88103
v 44.64193 16.08208 -47.29485
v 44.39656 16.09151 -47.64172
v 44.47707 16.09658 -47.52942
v 52.95417 0.5106424 -48.13759
v 56.92029 5.010332 -48.32822
v 56.82891 5.16258 -47.95607
v 52.90796 0.7085906 -47.72585
v 52.83562 0.7248778 -48.52143
v 56.76099 5.167567 -48.67035
v 56.92029 5.010332 -48.32822
v 52.95417 0.5106424 -48.13759
v 52.69908 1.056848 -48.45258
v 56.76099 5.167567 -48.67035
v 52.83562 0.7248778 -48.52143
v 56.68657 5.646595 -48.61086
v 57.55955 5.80165 -48.70897
v 57.04284 5.870814 -48.62809
v 49.33343 -0.1534798 -47.73239
v 48.88743 1.43589 -47.70706
v 49.12381 -0.1903749 -47.72005
v 49.09856 1.473052 -47.71949
v 48.95462 4.979319 -47.75736
v 49.11996 5.008421 -47.76709
v 49.92327 11.071 -47.78727
v 49.90153 11.06983 -47.78598
v 49.54412 0.06340288 -47.95956
v 49.31078 1.691502 -47.9483
v 49.09856 1.473052 -47.71949
v 49.33343 -0.1534798 -47.73239
v 49.53104 -0.9877024 -47.5886
v 52.76156 1.042037 -47.76148
v 52.64087 1.278164 -48.11199
v 49.78094 -0.5272421 -47.97373
v 49.46301 -0.9799927 -48.31195
v 49.29573 -0.1440659 -48.15321
v 49.54412 0.06340288 -47.95956
v 49.78094 -0.5272421 -47.97373
v 49.08515 -0.1817276 -48.14512
v 49.06059 1.482534 -48.14335
v 49.29573 -0.1440659 -48.15321
v 48.84849 1.444598 -48.13521
v 49.09023 5.015848 -48.09903
v 48.92413 4.986138 -48.09266
v 49.73238 11.08575 -48.1469
v 49.75436 11.08497 -48.14772
v 52.64087 1.278164 -48.11199
v 56.44788 5.585232 -48.29599
v 56.68657 5.646595 -48.61086
v 52.69908 1.056848 -48.45258
v 48.52162 1.449646 -47.91014
v 48.92413 4.986138 -48.09266
v 48.84849 1.444598 -48.13521
v 48.66814 4.990093 -47.9164
v 49.45621 11.08762 -47.97457
v 49.4946 11.08748 -48.00097
v 48.88743 1.43589 -47.70706
v 48.66814 4.990093 -47.9164
v 48.52162 1.449646 -47.91014
v 48.95462 4.979319 -47.75736
v 49.74297 11.0696 -47.78632
v 49.70325 11.0706 -47.80833
v 38.98627 1.621837 -47.26735
v 36.41758 4.872801 -47.1422
v 36.53757 5.048487 -47.50818
v 39.1109 1.923014 -47.81731
v 39.53437 2.429637 -46.76323
v 42.20953 1.571261 -46.82948
v 41.82758 2.030518 -47.37941
v 39.58537 2.714519 -47.27339
v 36.87946 5.328545 -46.81316
v 39.53437 2.429637 -46.76323
v 39.58537 2.714519 -47.27339
v 36.94954 5.503549 -47.15274
v 43.35313 8.706121 -46.84711
v 43.27913 10.00672 -45.55474
v 43.20866 9.512166 -45.3849
v 43.24963 8.017922 -46.84119
v 42.5507 8.143723 -47.84751
v 42.10717 1.600725 -47.99041
v 41.82758 2.030518 -47.37941
v 42.29489 8.179666 -47.28847
v 49.29573 -0.1440659 -48.15321
v 49.06059 1.482534 -48.14335
v 49.31078 1.691502 -47.9483
v 49.54412 0.06340288 -47.95956
v 49.31078 1.691502 -47.9483
v 49.28616 5.179495 -47.94628
v 49.11996 5.008421 -47.76709
v 49.09856 1.473052 -47.71949
v 36.04707 6.387446 -46.80129
v 35.82719 6.416639 -47.11353
v 36.41758 4.872801 -47.1422
v 36.58363 5.017794 -46.80758
v 44.46485 16.09822 -46.91061
v 44.30873 16.11215 -46.92617
v 42.75806 9.113683 -46.91467
v 43.35313 8.706121 -46.84711
v 42.29489 8.179666 -47.28847
v 42.6728 8.828575 -47.82664
v 42.5507 8.143723 -47.84751
v 42.4238 8.863558 -47.28248
v 43.79342 16.1297 -47.21883
v 43.9697 16.10271 -47.60498
v 56.92029 5.010332 -48.32822
v 57.71885 5.644416 -48.36684
v 57.62747 5.796663 -47.99469
v 56.82891 5.16258 -47.95607
v 56.76099 5.167567 -48.67035
v 57.55955 5.80165 -48.70897
v 57.71885 5.644416 -48.36684
v 56.92029 5.010332 -48.32822
v 55.31738 8.258131 -48.42497
v 55.35879 8.258002 -48.47371
v 56.68657 5.646595 -48.61086
v 56.44788 5.585232 -48.29599
v 42.10717 1.600725 -47.99041
v 39.4575 2.470645 -47.80086
v 39.58537 2.714519 -47.27339
v 41.82758 2.030518 -47.37941
v 49.06059 1.482534 -48.14335
v 49.09023 5.015848 -48.09903
v 49.28616 5.179495 -47.94628
v 49.31078 1.691502 -47.9483
v 50.14508 11.08364 -47.97482
v 50.12449 11.08164 -47.94918
v 49.11996 5.008421 -47.76709
v 49.28616 5.179495 -47.94628
v 52.76156 1.042037 -47.76148
v 56.74545 5.641597 -47.99038
v 56.44788 5.585232 -48.29599
v 52.64087 1.278164 -48.11199
v 55.26661 8.257052 -48.18707
v 55.22123 8.255925 -48.23026
v 56.44788 5.585232 -48.29599
v 56.74545 5.641597 -47.99038
v 48.66814 4.990093 -47.9164
v 49.70325 11.0706 -47.80833
v 49.69509 11.07078 -47.81379
v 49.45621 11.08762 -47.97457
v 48.95462 4.979319 -47.75736
v 49.90153 11.06983 -47.78598
v 49.85185 11.06707 -47.78607
v 49.81498 11.06652 -47.78615
v 49.74297 11.0696 -47.78632
v 35.82719 6.416639 -47.11353
v 35.9916 6.447286 -47.46042
v 36.53757 5.048487 -47.50818
v 36.41758 4.872801 -47.1422
v 36.94954 5.503549 -47.15274
v 39.58537 2.714519 -47.27339
v 39.4575 2.470645 -47.80086
v 36.83427 5.358657 -47.50054
v 36.44623 6.386308 -46.80799
v 36.87946 5.328545 -46.81316
v 36.94954 5.503549 -47.15274
v 36.57355 6.40809 -47.13507
v 36.54345 6.409 -47.06369
v 42.29489 8.179666 -47.28847
v 41.82758 2.030518 -47.37941
v 42.20953 1.571261 -46.82948
v 42.61074 7.780793 -46.78369
v 42.72701 9.34808 -45.28535
v 42.61074 7.780793 -46.78369
v 43.24963 8.017922 -46.84119
v 43.20866 9.512166 -45.3849
v 43.27913 10.00672 -45.55474
v 43.27668 12.58182 -44.57698
v 43.2144 12.14476 -44.42688
v 43.20866 9.512166 -45.3849
v 42.75806 9.113683 -46.91467
v 42.82344 10.27657 -45.70014
v 43.27913 10.00672 -45.55474
v 43.35313 8.706121 -46.84711
v 42.82344 10.27657 -45.70014
v 42.87396 12.8203 -44.70548
v 43.27668 12.58182 -44.57698
v 43.27913 10.00672 -45.55474
v 42.29489 8.179666 -47.28847
v 42.48389 9.509853 -45.74356
v 42.57365 10.00447 -45.90387
v 42.4238 8.863558 -47.28248
v 58.9664 8.265088 -48.12607
v 58.93552 8.265628 -48.05795
v 57.62747 5.796663 -47.99469
v 57.71885 5.644416 -48.36684
v 59.12441 8.262436 -48.43482
v 59.08362 8.262691 -48.4916
v 59.12441 8.262436 -48.43482
v 57.71885 5.644416 -48.36684
v 57.55955 5.80165 -48.70897
v 58.89826 8.263887 -48.73766
v 58.87176 8.263504 -48.77244
v 55.54105 8.262169 -48.46484
v 55.62558 8.263898 -48.47033
v 57.04284 5.870814 -48.62809
v 56.68657 5.646595 -48.61086
v 56.44788 5.585232 -48.29599
v 55.22123 8.255925 -48.23026
v 55.31192 8.258241 -48.41413
v 55.31738 8.258131 -48.42497
v 49.11996 5.008421 -47.76709
v 50.12449 11.08164 -47.94918
v 50.02555 11.07445 -47.86978
v 49.92327 11.071 -47.78727
v 49.91349 11.08651 -48.14433
v 49.9368 11.08602 -48.12362
v 49.28616 5.179495 -47.94628
v 49.09023 5.015848 -48.09903
v 49.09023 5.015848 -48.09903
v 49.75436 11.08497 -48.14772
v 49.79647 11.08335 -48.14681
v 49.91349 11.08651 -48.14433
v 36.39663 6.430864 -47.46379
v 36.83427 5.358657 -47.50054
v 36.53757 5.048487 -47.50818
v 35.9916 6.447286 -47.46042
v 36.21371 6.446458 -47.46201
v 36.39663 6.430864 -47.46379
v 36.57355 6.40809 -47.13507
v 36.94954 5.503549 -47.15274
v 36.83427 5.358657 -47.50054
v 42.61074 7.780793 -46.78369
v 42.72701 9.34808 -45.28535
v 42.48389 9.509853 -45.74356
v 42.29489 8.179666 -47.28847
v 43.20866 9.512166 -45.3849
v 43.2144 12.14476 -44.42688
v 42.78874 11.99974 -44.33891
v 42.72701 9.34808 -45.28535
v 43.24316 16.13084 -43.91991
v 43.23482 16.1292 -43.89113
v 43.2144 12.14476 -44.42688
v 43.27668 12.58182 -44.57698
v 42.82344 10.27657 -45.70014
v 42.75806 9.113683 -46.91467
v 42.4238 8.863558 -47.28248
v 42.57365 10.00447 -45.90387
v 42.57365 10.00447 -45.90387
v 42.65321 12.57982 -44.88552
v 42.87396 12.8203 -44.70548
v 42.82344 10.27657 -45.70014
v 42.90643 16.15412 -44.0973
v 42.97252 16.15005 -44.06996
v 43.27668 12.58182 -44.57698
v 42.87396 12.8203 -44.70548
v 44.029 16.13714 -46.90072
v 43.98223 16.14125 -46.96109
v 43.96118 16.1401 -46.98759
v 42.75806 9.113683 -46.91467
v 42.4238 8.863558 -47.28248
v 43.79342 16.1297 -47.21883
v 58.76593 8.264571 -48.75658
v 58.87176 8.263504 -48.77244
v 57.55955 5.80165 -48.70897
v 57.04284 5.870814 -48.62809
v 57.04284 5.870814 -48.62809
v 55.62558 8.263898 -48.47033
v 55.73338 8.268781 -48.35066
v 55.75953 8.269427 -48.32202
v 57.15474 6.100166 -48.33018
v 55.80959 8.270669 -48.26377
v 55.47453 8.262217 -48.01171
v 55.39779 8.260294 -48.00913
v 56.74545 5.641597 -47.99038
v 57.10172 5.865819 -48.00761
v 42.72701 9.34808 -45.28535
v 42.78874 11.99974 -44.33891
v 42.57389 12.14271 -44.74385
v 42.48389 9.509853 -45.74356
v 43.1945 16.1143 -43.64719
v 43.16606 16.11475 -43.63934
v 42.78874 11.99974 -44.33891
v 43.2144 12.14476 -44.42688
v 42.48389 9.509853 -45.74356
v 42.57389 12.14271 -44.74385
v 42.65321 12.57982 -44.88552
v 42.57365 10.00447 -45.90387
v 42.73028 16.16298 -44.14034
v 42.75606 16.16109 -44.12516
v 42.87396 12.8203 -44.70548
v 42.65321 12.57982 -44.88552
v 42.85135 16.11777 -43.52426
v 42.57389 12.14271 -44.74385
v 42.78874 11.99974 -44.33891
v 42.84116 16.11946 -43.54433
v 42.67722 16.14647 -43.86578
v 42.67722 16.14647 -43.86578
v 42.68037 16.14708 -43.87658
v 42.65321 12.57982 -44.88552
v 42.57389 12.14271 -44.74385
v 58.46924 8.267822 -48.69707
v 57.04284 5.870814 -48.62809
v 57.15474 6.100166 -48.33018
v 58.46392 8.268861 -48.62357
v 58.46531 8.268792 -48.64121
v 55.69866 8.267854 -48.11044
v 55.66041 8.26688 -48.04651
v 57.10172 5.865819 -48.00761
v 57.15474 6.100166 -48.33018
v 58.31407 8.271448 -48.30767
v 58.29679 8.271386 -48.38541
v 57.15474 6.100166 -48.33018
v 57.10172 5.865819 -48.00761
v 47.12931 11.17534 -47.98663
v 46.93812 11.72786 -50.22855
v 49.63681 11.17136 -49.81555
v 35.6041 6.469036 -43.37719
v 33.58182 6.305306 -45.77361
v 37.45631 6.305306 -45.96099
v 35.41748 6.536903 -48.42382
v 33.58182 6.305306 -45.77361
v 32.20629 6.305306 -49.40059
v 49.63681 11.17136 -49.81555
v 52.17287 11.73269 -50.7166
v 52.37409 11.18372 -48.64754
v 47.12931 11.17534 -47.98663
v 45.21716 11.90857 -48.19368
v 46.93812 11.72786 -50.22855
v 49.63681 11.17136 -49.81555
v 46.93812 11.72786 -50.22855
v 49.48945 11.904 -51.4125
v 48.3255 11.19322 -45.83674
v 45.60798 11.74308 -45.92616
v 47.12931 11.17534 -47.98663
v 50.05959 11.77108 -44.42506
v 48.3255 11.19322 -45.83674
v 51.57394 11.20088 -46.36588
v 35.41748 6.536903 -48.42382
v 32.20629 6.305306 -49.40059
v 35.23071 6.305304 -51.82962
v 33.58182 6.305306 -45.77361
v 30.35405 6.469035 -46.81679
v 32.20629 6.305306 -49.40059
v 53.70511 8.218057 -48.65609
v 54.23825 8.472749 -50.65813
v 56.88896 8.253245 -50.27774
v 52.37409 11.18372 -48.64754
v 54.09986 11.75863 -47.09226
v 51.57394 11.20088 -46.36588
v 49.63681 11.17136 -49.81555
v 49.48945 11.904 -51.4125
v 52.17287 11.73269 -50.7166
v 52.37409 11.18372 -48.64754
v 52.17287 11.73269 -50.7166
v 54.13102 11.9196 -49.16066
v 54.97172 8.249217 -46.32368
v 52.20271 8.438299 -46.69506
v 53.70511 8.218057 -48.65609
v 47.12931 11.17534 -47.98663
v 45.60798 11.74308 -45.92616
v 45.21716 11.90857 -48.19368
v 45.21716 11.90857 -48.19368
v 45.31995 13.1378 -49.70056
v 46.93812 11.72786 -50.22855
v 46.93812 11.72786 -50.22855
v 47.83324 13.13584 -51.62823
v 49.48945 11.904 -51.4125
v 48.3255 11.19322 -45.83674
v 47.24141 11.93516 -44.34961
v 45.60798 11.74308 -45.92616
v 50.05959 11.77108 -44.42506
v 47.24141 11.93516 -44.34961
v 48.3255 11.19322 -45.83674
v 52.76999 11.94889 -45.28344
v 50.05959 11.77108 -44.42506
v 51.57394 11.20088 -46.36588
v 35.6041 6.469036 -43.37719
v 33.65221 7.843914 -42.83498
v 32.26122 6.598958 -44.04835
v 38.85295 6.598956 -44.36715
v 37.52672 7.843913 -43.02237
v 35.6041 6.469036 -43.37719
v 35.41748 6.536903 -48.42382
v 35.23071 6.305304 -51.82962
v 38.47541 6.305305 -49.70378
v 32.20629 6.305306 -49.40059
v 32.00295 6.469036 -52.87284
v 35.23071 6.305304 -51.82962
v 38.47541 6.305305 -49.70378
v 40.49772 6.469033 -47.30738
v 37.45631 6.305306 -45.96099
v 59.74429 8.254305 -48.92613
v 61.68261 8.478568 -47.11902
v 58.72953 8.272744 -46.49163
v 56.88896 8.253245 -50.27774
v 59.97727 8.483045 -50.91368
v 59.74429 8.254305 -48.92613
v 53.70511 8.218057 -48.65609
v 51.98179 8.532506 -48.84654
v 54.23825 8.472749 -50.65813
v 56.88896 8.253245 -50.27774
v 54.23825 8.472749 -50.65813
v 57.28909 8.592672 -51.60176
v 52.37409 11.18372 -48.64754
v 54.13102 11.9196 -49.16066
v 54.09986 11.75863 -47.09226
v 51.57394 11.20088 -46.36588
v 54.09986 11.75863 -47.09226
v 52.76999 11.94889 -45.28344
v 49.48945 11.904 -51.4125
v 51.06554 13.1378 -51.87955
v 52.17287 11.73269 -50.7166
v 52.17287 11.73269 -50.7166
v 53.78903 13.14528 -50.47363
v 54.13102 11.9196 -49.16066
v 54.97172 8.249217 -46.32368
v 54.29903 8.583993 -44.88369
v 52.20271 8.438299 -46.69506
v 53.70511 8.218057 -48.65609
v 52.20271 8.438299 -46.69506
v 51.98179 8.532506 -48.84654
v 45.60798 11.74308 -45.92616
v 44.49242 13.14528 -46.94796
v 45.21716 11.90857 -48.19368
v 45.21716 11.90857 -48.19368
v 44.49242 13.14528 -46.94796
v 45.31995 13.1378 -49.70056
v 45.31995 13.1378 -49.70056
v 47.83324 13.13584 -51.62823
v 46.93812 11.72786 -50.22855
v 49.48945 11.904 -51.4125
v 47.83324 13.13584 -51.62823
v 51.06554 13.1378 -51.87955
v 47.24141 11.93516 -44.34961
v 45.67986 13.16007 -44.64741
v 45.60798 11.74308 -45.92616
v 50.05959 11.77108 -44.42506
v 48.43325 13.17812 -43.7558
v 47.24141 11.93516 -44.34961
v 52.76999 11.94889 -45.28344
v 51.68652 13.18749 -44.3679
v 50.05959 11.77108 -44.42506
v 37.52672 7.843913 -43.02237
v 33.65221 7.843914 -42.83498
v 35.6041 6.469036 -43.37719
v 32.26122 6.598958 -44.04835
v 33.65221 7.843914 -42.83498
v 30.40745 7.843914 -44.9608
v 32.26122 6.598958 -44.04835
v 30.40745 7.843914 -44.9608
v 30.35405 6.469035 -46.81679
v 38.85295 6.598956 -44.36715
v 40.55119 7.843912 -45.45139
v 37.52672 7.843913 -43.02237
v 40.49772 6.469033 -47.30738
v 40.55119 7.843912 -45.45139
v 38.85295 6.598956 -44.36715
v 35.23071 6.305304 -51.82962
v 38.27209 6.469035 -53.17604
v 38.47541 6.305305 -49.70378
v 30.35405 6.469035 -46.81679
v 29.03192 7.843914 -48.58783
v 29.92101 6.598955 -50.21898
v 59.74429 8.254305 -48.92613
v 61.83755 8.568655 -49.28748
v 61.68261 8.478568 -47.11902
v 58.72953 8.272744 -46.49163
v 61.68261 8.478568 -47.11902
v 60.37142 8.596403 -45.15395
v 56.88896 8.253245 -50.27774
v 57.28909 8.592672 -51.60176
v 59.97727 8.483045 -50.91368
v 59.74429 8.254305 -48.92613
v 59.97727 8.483045 -50.91368
v 61.83755 8.568655 -49.28748
v 51.98179 8.532506 -48.84654
v 52.47497 9.340319 -49.98599
v 54.23825 8.472749 -50.65813
v 54.23825 8.472749 -50.65813
v 55.61374 9.385536 -51.60773
v 57.28909 8.592672 -51.60176
v 54.13102 11.9196 -49.16066
v 54.97646 13.16007 -48.17307
v 54.09986 11.75863 -47.09226
v 54.09986 11.75863 -47.09226
v 54.17884 13.17812 -45.93477
v 52.76999 11.94889 -45.28344
v 51.06554 13.1378 -51.87955
v 53.78903 13.14528 -50.47363
v 52.17287 11.73269 -50.7166
v 54.13102 11.9196 -49.16066
v 53.78903 13.14528 -50.47363
v 54.97646 13.16007 -48.17307
v 57.44434 8.514258 -44.54148
v 54.29903 8.583993 -44.88369
v 54.97172 8.249217 -46.32368
v 54.29903 8.583993 -44.88369
v 52.70585 9.347395 -45.2114
v 52.20271 8.438299 -46.69506
v 52.20271 8.438299 -46.69506
v 51.20289 9.310078 -47.53475
v 51.98179 8.532506 -48.84654
v 45.67986 13.16007 -44.64741
v 44.49242 13.14528 -46.94796
v 45.60798 11.74308 -45.92616
v 44.49242 13.14528 -46.94796
v 45.39958 14.99463 -48.35929
v 45.31995 13.1378 -49.70056
v 45.31995 13.1378 -49.70056
v 46.74968 14.68897 -50.57064
v 47.83324 13.13584 -51.62823
v 47.83324 13.13584 -51.62823
v 49.46223 14.99008 -51.41153
v 51.06554 13.1378 -51.87955
v 47.24141 11.93516 -44.34961
v 48.43325 13.17812 -43.7558
v 45.67986 13.16007 -44.64741
v 51.68652 13.18749 -44.3679
v 48.43325 13.17812 -43.7558
v 50.05959 11.77108 -44.42506
v 52.76999 11.94889 -45.28344
v 54.17884 13.17812 -45.93477
v 51.68652 13.18749 -44.3679
v 37.52672 7.843913 -43.02237
v 35.55229 9.796829 -43.364
v 33.65221 7.843914 -42.83498
v 33.65221 7.843914 -42.83498
v 32.35315 10.20256 -44.51353
v 30.40745 7.843914 -44.9608
v 30.40745 7.843914 -44.9608
v 29.03192 7.843914 -48.58783
v 30.35405 6.469035 -46.81679
v 40.55119 7.843912 -45.45139
v 38.62229 10.20256 -44.81673
v 37.52672 7.843913 -43.02237
v 41.57028 7.843912 -49.19423
v 40.55119 7.843912 -45.45139
v 40.49772 6.469033 -47.30738
v 29.92101 6.598955 -50.21898
v 30.05101 7.843914 -52.33067
v 32.00295 6.469036 -52.87284
v 32.00295 6.469036 -52.87284
v 33.07549 7.843913 -54.75969
v 35.06649 6.598961 -54.3515
v 29.92101 6.598955 -50.21898
v 29.03192 7.843914 -48.58783
v 30.05101 7.843914 -52.33067
v 40.58675 6.598953 -50.73482
v 41.57028 7.843912 -49.19423
v 40.49772 6.469033 -47.30738
v 61.83755 8.568655 -49.28748
v 62.70234 9.352072 -48.05006
v 61.68261 8.478568 -47.11902
v 60.37142 8.596403 -45.15395
v 57.44434 8.514258 -44.54148
v 58.72953 8.272744 -46.49163
v 61.68261 8.478568 -47.11902
v 61.91393 9.365993 -45.62254
v 60.37142 8.596403 -45.15395
v 57.28909 8.592672 -51.60176
v 59.09092 9.38311 -51.76185
v 59.97727 8.483045 -50.91368
v 59.97727 8.483045 -50.91368
v 61.68303 9.360058 -50.39732
v 61.83755 8.568655 -49.28748
v 51.98179 8.532506 -48.84654
v 51.20289 9.310078 -47.53475
v 52.47497 9.340319 -49.98599
v 52.47497 9.340319 -49.98599
v 55.61374 9.385536 -51.60773
v 54.23825 8.472749 -50.65813
v 57.28909 8.592672 -51.60176
v 55.61374 9.385536 -51.60773
v 59.09092 9.38311 -51.76185
v 54.97646 13.16007 -48.17307
v 54.17884 13.17812 -45.93477
v 54.09986 11.75863 -47.09226
v 51.06554 13.1378 -51.87955
v 52.25184 14.69337 -51.05019
v 53.78903 13.14528 -50.47363
v 53.78903 13.14528 -50.47363
v 53.87651 15.0049 -49.26834
v 54.97646 13.16007 -48.17307
v 57.44434 8.514258 -44.54148
v 54.97172 8.249217 -46.32368
v 58.72953 8.272744 -46.49163
v 57.44434 8.514258 -44.54148
v 55.9873 9.398453 -43.8825
v 54.29903 8.583993 -44.88369
v 54.29903 8.583993 -44.88369
v 55.9873 9.398453 -43.8825
v 52.70585 9.347395 -45.2114
v 52.70585 9.347395 -45.2114
v 51.20289 9.310078 -47.53475
v 52.20271 8.438299 -46.69506
v 45.67986 13.16007 -44.64741
v 45.34885 14.7042 -46.00907
v 44.49242 13.14528 -46.94796
v 44.49242 13.14528 -46.94796
v 45.34885 14.7042 -46.00907
v 45.39958 14.99463 -48.35929
v 45.31995 13.1378 -49.70056
v 45.39958 14.99463 -48.35929
v 46.74968 14.68897 -50.57064
v 47.83324 13.13584 -51.62823
v 46.74968 14.68897 -50.57064
v 49.46223 14.99008 -51.41153
v 51.06554 13.1378 -51.87955
v 49.46223 14.99008 -51.41153
v 52.25184 14.69337 -51.05019
v 48.43325 13.17812 -43.7558
v 47.32619 15.02043 -44.72842
v 45.67986 13.16007 -44.64741
v 51.68652 13.18749 -44.3679
v 50.03037 14.73391 -44.44429
v 48.43325 13.17812 -43.7558
v 54.17884 13.17812 -45.93477
v 52.5833 15.03317 -45.6011
v 51.68652 13.18749 -44.3679
v 37.52672 7.843913 -43.02237
v 38.62229 10.20256 -44.81673
v 35.55229 9.796829 -43.364
v 33.65221 7.843914 -42.83498
v 35.55229 9.796829 -43.364
v 32.35315 10.20256 -44.51353
v 30.40745 7.843914 -44.9608
v 32.35315 10.20256 -44.51353
v 30.03203 9.796852 -46.98068
v 30.40745 7.843914 -44.9608
v 30.03203 9.796852 -46.98068
v 29.03192 7.843914 -48.58783
v 40.55119 7.843912 -45.45139
v 40.69778 9.79685 -47.49651
v 38.62229 10.20256 -44.81673
v 41.57028 7.843912 -49.19423
v 40.69778 9.79685 -47.49651
v 40.55119 7.843912 -45.45139
v 35.06649 6.598961 -54.3515
v 36.95 7.843912 -54.94707
v 38.27209 6.469035 -53.17604
v 38.27209 6.469035 -53.17604
v 40.19476 7.843912 -52.82126
v 40.58675 6.598953 -50.73482
v 30.05101 7.843914 -52.33067
v 33.07549 7.843913 -54.75969
v 32.00295 6.469036 -52.87284
v 35.06649 6.598961 -54.3515
v 33.07549 7.843913 -54.75969
v 36.95 7.843912 -54.94707
v 29.03192 7.843914 -48.58783
v 30.12752 10.20257 -50.38219
v 30.05101 7.843914 -52.33067
v 40.58675 6.598953 -50.73482
v 40.19476 7.843912 -52.82126
v 41.57028 7.843912 -49.19423
v 61.83755 8.568655 -49.28748
v 61.68303 9.360058 -50.39732
v 62.70234 9.352072 -48.05006
v 62.70234 9.352072 -48.05006
v 61.91393 9.365993 -45.62254
v 61.68261 8.478568 -47.11902
v 60.37142 8.596403 -45.15395
v 59.46449 9.394653 -44.0364
v 57.44434 8.514258 -44.54148
v 60.37142 8.596403 -45.15395
v 61.91393 9.365993 -45.62254
v 59.46449 9.394653 -44.0364
v 59.09092 9.38311 -51.76185
v 61.68303 9.360058 -50.39732
v 59.97727 8.483045 -50.91368
v 51.20289 9.310078 -47.53475
v 52.29216 10.6698 -48.54025
v 52.47497 9.340319 -49.98599
v 52.47497 9.340319 -49.98599
v 54.16157 10.48856 -50.51606
v 55.61374 9.385536 -51.60773
v 55.61374 9.385536 -51.60773
v 57.29064 10.74114 -51.16119
v 59.09092 9.38311 -51.76185
v 54.97646 13.16007 -48.17307
v 54.27624 14.72001 -47.20854
v 54.17884 13.17812 -45.93477
v 53.78903 13.14528 -50.47363
v 52.25184 14.69337 -51.05019
v 53.87651 15.0049 -49.26834
v 54.97646 13.16007 -48.17307
v 53.87651 15.0049 -49.26834
v 54.27624 14.72001 -47.20854
v 59.46449 9.394653 -44.0364
v 55.9873 9.398453 -43.8825
v 57.44434 8.514258 -44.54148
v 55.9873 9.398453 -43.8825
v 54.65144 10.72359 -44.77743
v 52.70585 9.347395 -45.2114
v 52.70585 9.347395 -45.2114
v 52.21128 10.44432 -46.35426
v 51.20289 9.310078 -47.53475
v 45.67986 13.16007 -44.64741
v 47.32619 15.02043 -44.72842
v 45.34885 14.7042 -46.00907
v 45.34885 14.7042 -46.00907
v 47.14988 16.33175 -46.88983
v 45.39958 14.99463 -48.35929
v 45.39958 14.99463 -48.35929
v 47.96639 16.32036 -49.45287
v 46.74968 14.68897 -50.57064
v 46.74968 14.68897 -50.57064
v 47.96639 16.32036 -49.45287
v 49.46223 14.99008 -51.41153
v 49.46223 14.99008 -51.41153
v 51.20364 16.32408 -49.78959
v 52.25184 14.69337 -51.05019
v 48.43325 13.17812 -43.7558
v 50.03037 14.73391 -44.44429
v 47.32619 15.02043 -44.72842
v 51.68652 13.18749 -44.3679
v 52.5833 15.03317 -45.6011
v 50.03037 14.73391 -44.44429
v 54.17884 13.17812 -45.93477
v 54.27624 14.72001 -47.20854
v 52.5833 15.03317 -45.6011
v 38.62229 10.20256 -44.81673
v 35.43426 12.06222 -45.70051
v 35.55229 9.796829 -43.364
v 35.55229 9.796829 -43.364
v 35.43426 12.06222 -45.70051
v 32.35315 10.20256 -44.51353
v 32.35315 10.20256 -44.51353
v 32.18955 12.06224 -47.82634
v 30.03203 9.796852 -46.98068
v 29.03192 7.843914 -48.58783
v 30.03203 9.796852 -46.98068
v 30.12752 10.20257 -50.38219
v 40.69778 9.79685 -47.49651
v 38.45867 12.06224 -48.12954
v 38.62229 10.20256 -44.81673
v 41.57028 7.843912 -49.19423
v 40.2712 10.20257 -50.87278
v 40.69778 9.79685 -47.49651
v 36.95 7.843912 -54.94707
v 40.19476 7.843912 -52.82126
v 38.27209 6.469035 -53.17604
v 30.05101 7.843914 -52.33067
v 31.76584 9.796849 -53.34835
v 33.07549 7.843913 -54.75969
v 33.07549 7.843913 -54.75969
v 35.02114 10.20256 -54.31238
v 36.95 7.843912 -54.94707
v 30.05101 7.843914 -52.33067
v 30.12752 10.20257 -50.38219
v 31.76584 9.796849 -53.34835
v 40.19476 7.843912 -52.82126
v 40.2712 10.20257 -50.87278
v 41.57028 7.843912 -49.19423
v 61.68303 9.360058 -50.39732
v 61.71554 10.70227 -48.96101
v 62.70234 9.352072 -48.05006
v 62.70234 9.352072 -48.05006
v 62.0482 10.47499 -46.79367
v 61.91393 9.365993 -45.62254
v 61.91393 9.365993 -45.62254
v 60.37797 10.72487 -45.03109
v 59.46449 9.394653 -44.0364
v 59.09092 9.38311 -51.76185
v 60.20895 10.49487 -50.78447
v 61.68303 9.360058 -50.39732
v 51.20289 9.310078 -47.53475
v 52.21128 10.44432 -46.35426
v 52.29216 10.6698 -48.54025
v 52.47497 9.340319 -49.98599
v 52.29216 10.6698 -48.54025
v 54.16157 10.48856 -50.51606
v 55.61374 9.385536 -51.60773
v 54.16157 10.48856 -50.51606
v 57.29064 10.74114 -51.16119
v 59.09092 9.38311 -51.76185
v 57.29064 10.74114 -51.16119
v 60.20895 10.49487 -50.78447
v 52.25184 14.69337 -51.05019
v 51.20364 16.32408 -49.78959
v 53.87651 15.0049 -49.26834
v 53.87651 15.0049 -49.26834
v 52.39722 16.34103 -47.59488
v 54.27624 14.72001 -47.20854
v 59.46449 9.394653 -44.0364
v 57.74559 10.52043 -44.09
v 55.9873 9.398453 -43.8825
v 55.9873 9.398453 -43.8825
v 57.74559 10.52043 -44.09
v 54.65144 10.72359 -44.77743
v 52.70585 9.347395 -45.2114
v 54.65144 10.72359 -44.77743
v 52.21128 10.44432 -46.35426
v 47.32619 15.02043 -44.72842
v 47.14988 16.33175 -46.88983
v 45.34885 14.7042 -46.00907
v 47.14988 16.33175 -46.88983
v 47.96639 16.32036 -49.45287
v 45.39958 14.99463 -48.35929
v 47.96639 16.32036 -49.45287
v 51.20364 16.32408 -49.78959
v 49.46223 14.99008 -51.41153
v 50.03037 14.73391 -44.44429
v 49.89885 16.34823 -45.92294
v 47.32619 15.02043 -44.72842
v 52.5833 15.03317 -45.6011
v 49.89885 16.34823 -45.92294
v 50.03037 14.73391 -44.44429
v 54.27624 14.72001 -47.20854
v 52.39722 16.34103 -47.59488
v 52.5833 15.03317 -45.6011
v 38.45867 12.06224 -48.12954
v 35.43426 12.06222 -45.70051
v 38.62229 10.20256 -44.81673
v 35.43426 12.06222 -45.70051
v 32.18955 12.06224 -47.82634
v 32.35315 10.20256 -44.51353
v 30.03203 9.796852 -46.98068
v 32.18955 12.06224 -47.82634
v 30.12752 10.20257 -50.38219
v 40.2712 10.20257 -50.87278
v 38.45867 12.06224 -48.12954
v 40.69778 9.79685 -47.49651
v 36.95 7.843912 -54.94707
v 38.35757 9.796847 -53.66715
v 40.19476 7.843912 -52.82126
v 33.07549 7.843913 -54.75969
v 31.76584 9.796849 -53.34835
v 35.02114 10.20256 -54.31238
v 36.95 7.843912 -54.94707
v 35.02114 10.20256 -54.31238
v 38.35757 9.796847 -53.66715
v 30.12752 10.20257 -50.38219
v 33.20865 12.06224 -51.56913
v 31.76584 9.796849 -53.34835
v 40.19476 7.843912 -52.82126
v 38.35757 9.796847 -53.66715
v 40.2712 10.20257 -50.87278
v 61.68303 9.360058 -50.39732
v 60.20895 10.49487 -50.78447
v 61.71554 10.70227 -48.96101
v 62.70234 9.352072 -48.05006
v 61.71554 10.70227 -48.96101
v 62.0482 10.47499 -46.79367
v 61.91393 9.365993 -45.62254
v 62.0482 10.47499 -46.79367
v 60.37797 10.72487 -45.03109
v 59.46449 9.394653 -44.0364
v 60.37797 10.72487 -45.03109
v 57.74559 10.52043 -44.09
v 52.21128 10.44432 -46.35426
v 54.23973 11.7313 -46.85754
v 52.29216 10.6698 -48.54025
v 52.29216 10.6698 -48.54025
v 55.30754 11.75252 -49.3003
v 54.16157 10.48856 -50.51606
v 54.16157 10.48856 -50.51606
v 55.30754 11.75252 -49.3003
v 57.29064 10.74114 -51.16119
v 57.29064 10.74114 -51.16119
v 58.96126 11.7603 -49.46213
v 60.20895 10.49487 -50.78447
v 51.20364 16.32408 -49.78959
v 52.39722 16.34103 -47.59488
v 53.87651 15.0049 -49.26834
v 57.74559 10.52043 -44.09
v 57.45847 11.76945 -45.5244
v 54.65144 10.72359 -44.77743
v 54.65144 10.72359 -44.77743
v 54.23973 11.7313 -46.85754
v 52.21128 10.44432 -46.35426
v 49.89885 16.34823 -45.92294
v 47.14988 16.33175 -46.88983
v 47.32619 15.02043 -44.72842
v 47.14988 16.33175 -46.88983
v 49.72066 16.98311 -47.94419
v 47.96639 16.32036 -49.45287
v 47.96639 16.32036 -49.45287
v 49.72066 16.98311 -47.94419
v 51.20364 16.32408 -49.78959
v 52.39722 16.34103 -47.59488
v 49.89885 16.34823 -45.92294
v 52.5833 15.03317 -45.6011
v 38.45867 12.06224 -48.12954
v 35.27479 12.99666 -48.99668
v 35.43426 12.06222 -45.70051
v 35.43426 12.06222 -45.70051
v 35.27479 12.99666 -48.99668
v 32.18955 12.06224 -47.82634
v 32.18955 12.06224 -47.82634
v 33.20865 12.06224 -51.56913
v 30.12752 10.20257 -50.38219
v 37.08315 12.06224 -51.75652
v 38.45867 12.06224 -48.12954
v 40.2712 10.20257 -50.87278
v 31.76584 9.796849 -53.34835
v 33.20865 12.06224 -51.56913
v 35.02114 10.20256 -54.31238
v 35.02114 10.20256 -54.31238
v 37.08315 12.06224 -51.75652
v 38.35757 9.796847 -53.66715
v 38.35757 9.796847 -53.66715
v 37.08315 12.06224 -51.75652
v 40.2712 10.20257 -50.87278
v 60.20895 10.49487 -50.78447
v 58.96126 11.7603 -49.46213
v 61.71554 10.70227 -48.96101
v 61.71554 10.70227 -48.96101
v 60.14154 11.74731 -47.1196
v 62.0482 10.47499 -46.79367
v 62.0482 10.47499 -46.79367
v 60.14154 11.74731 -47.1196
v 60.37797 10.72487 -45.03109
v 60.37797 10.72487 -45.03109
v 57.45847 11.76945 -45.5244
v 57.74559 10.52043 -44.09
v 54.23973 11.7313 -46.85754
v 55.30754 11.75252 -49.3003
v 52.29216 10.6698 -48.54025
v 55.30754 11.75252 -49.3003
v 58.96126 11.7603 -49.46213
v 57.29064 10.74114 -51.16119
v 51.20364 16.32408 -49.78959
v 49.72066 16.98311 -47.94419
v 52.39722 16.34103 -47.59488
v 57.45847 11.76945 -45.5244
v 54.23973 11.7313 -46.85754
v 54.65144 10.72359 -44.77743
v 49.89885 16.34823 -45.92294
v 49.72066 16.98311 -47.94419
v 47.14988 16.33175 -46.88983
v 52.39722 16.34103 -47.59488
v 49.72066 16.98311 -47.94419
v 49.89885 16.34823 -45.92294
v 37.08315 12.06224 -51.75652
v 35.27479 12.99666 -48.99668
v 38.45867 12.06224 -48.12954
v 32.18955 12.06224 -47.82634
v 35.27479 12.99666 -48.99668
v 33.20865 12.06224 -51.56913
v 33.20865 12.06224 -51.56913
v 37.08315 12.06224 -51.75652
v 35.02114 10.20256 -54.31238
v 58.96126 11.7603 -49.46213
v 60.14154 11.74731 -47.1196
v 61.71554 10.70227 -48.96101
v 60.14154 11.74731 -47.1196
v 57.45847 11.76945 -45.5244
v 60.37797 10.72487 -45.03109
v 54.23973 11.7313 -46.85754
v 57.20356 12.28791 -47.64257
v 55.30754 11.75252 -49.3003
v 55.30754 11.75252 -49.3003
v 57.20356 12.28791 -47.64257
v 58.96126 11.7603 -49.46213
v 57.45847 11.76945 -45.5244
v 57.20356 12.28791 -47.64257
v 54.23973 11.7313 -46.85754
v 33.20865 12.06224 -51.56913
v 35.27479 12.99666 -48.99668
v 37.08315 12.06224 -51.75652
v 58.96126 11.7603 -49.46213
v 57.20356 12.28791 -47.64257
v 60.14154 11.74731 -47.1196
v 60.14154 11.74731 -47.1196
v 57.20356 12.28791 -47.64257
v 57.45847 11.76945 -45.5244
v 42.72314 16.25493 -45.51501
v 39.95412 16.06523 -45.544
v 41.7844 16.06524 -48.9906
v 41.7844 16.06524 -48.9906
v 43.82688 16.19934 -51.35254
v 44.82429 16.06524 -47.92821
v 42.72314 16.25493 -45.51501
v 41.8487 16.06524 -42.22579
v 39.95412 16.06523 -45.544
v 39.95412 16.06523 -45.544
v 38.97088 16.19934 -49.09396
v 41.7844 16.06524 -48.9906
v 46.92365 16.19934 -46.26121
v 44.86584 16.06524 -43.76346
v 44.82429 16.06524 -47.92821
v 41.8487 16.06524 -42.22579
v 39.04633 16.19934 -42.42801
v 39.95412 16.06523 -45.544
v 44.86584 16.06524 -43.76346
v 43.94743 16.19934 -40.55313
v 41.8487 16.06524 -42.22579
v 41.02783 16.30575 -51.4985
v 42.32023 17.32545 -52.57472
v 43.82688 16.19934 -51.35254
v 43.82688 16.19934 -51.35254
v 45.36028 17.32545 -51.51349
v 46.20013 16.30575 -49.69556
v 37.93274 16.30576 -45.80094
v 37.51027 17.32545 -47.92234
v 38.97088 16.19934 -49.09396
v 38.97088 16.19934 -49.09396
v 39.32389 17.32545 -51.22155
v 41.02783 16.30575 -51.4985
v 46.92365 16.19934 -46.26121
v 47.3285 17.32545 -44.31474
v 46.28289 16.30575 -42.71687
v 46.20013 16.30575 -49.69556
v 47.27737 17.32545 -48.39471
v 46.92365 16.19934 -46.26121
v 41.02783 16.30575 -51.4985
v 39.32389 17.32545 -51.22155
v 42.32023 17.32545 -52.57472
v 42.32023 17.32545 -52.57472
v 45.36028 17.32545 -51.51349
v 43.82688 16.19934 -51.35254
v 46.20013 16.30575 -49.69556
v 45.36028 17.32545 -51.51349
v 47.27737 17.32545 -48.39471
v 41.15574 16.30575 -40.15353
v 39.45402 17.32545 -40.50698
v 39.04633 16.19934 -42.42801
v 39.04633 16.19934 -42.42801
v 37.56139 17.32545 -43.84237
v 37.93274 16.30576 -45.80094
v 37.93274 16.30576 -45.80094
v 37.56139 17.32545 -43.84237
v 37.51027 17.32545 -47.92234
v 37.51027 17.32545 -47.92234
v 39.32389 17.32545 -51.22155
v 38.97088 16.19934 -49.09396
v 47.27737 17.32545 -48.39471
v 47.3285 17.32545 -44.31474
v 46.92365 16.19934 -46.26121
v 46.28289 16.30575 -42.71687
v 47.3285 17.32545 -44.31474
v 45.49042 17.32545 -40.79892
v 46.28289 16.30575 -42.71687
v 45.49042 17.32545 -40.79892
v 43.94743 16.19934 -40.55313
v 43.94743 16.19934 -40.55313
v 42.47691 17.32545 -39.2938
v 41.15574 16.30575 -40.15353
v 39.32389 17.32545 -51.22155
v 40.91032 19.25735 -51.20008
v 42.32023 17.32545 -52.57472
v 42.32023 17.32545 -52.57472
v 43.6827 18.92503 -51.61146
v 45.36028 17.32545 -51.51349
v 45.36028 17.32545 -51.51349
v 45.82425 19.25734 -49.43885
v 47.27737 17.32545 -48.39471
v 41.15574 16.30575 -40.15353
v 42.47691 17.32545 -39.2938
v 39.45402 17.32545 -40.50698
v 39.45402 17.32545 -40.50698
v 37.56139 17.32545 -43.84237
v 39.04633 16.19934 -42.42801
v 37.56139 17.32545 -43.84237
v 37.97124 19.25734 -45.82098
v 37.51027 17.32545 -47.92234
v 37.51027 17.32545 -47.92234
v 38.58427 18.92503 -49.30249
v 39.32389 17.32545 -51.22155
v 47.27737 17.32545 -48.39471
v 46.93742 18.92502 -46.24495
v 47.3285 17.32545 -44.31474
v 47.3285 17.32545 -44.31474
v 45.90339 19.25734 -42.80547
v 45.49042 17.32545 -40.79892
v 45.49042 17.32545 -40.79892
v 42.47691 17.32545 -39.2938
v 43.94743 16.19934 -40.55313
v 39.32389 17.32545 -51.22155
v 38.58427 18.92503 -49.30249
v 40.91032 19.25735 -51.20008
v 42.32023 17.32545 -52.57472
v 40.91032 19.25735 -51.20008
v 43.6827 18.92503 -51.61146
v 45.36028 17.32545 -51.51349
v 43.6827 18.92503 -51.61146
v 45.82425 19.25734 -49.43885
v 47.27737 17.32545 -48.39471
v 45.82425 19.25734 -49.43885
v 46.93742 18.92502 -46.24495
v 42.47691 17.32545 -39.2938
v 41.03613 19.25735 -40.44727
v 39.45402 17.32545 -40.50698
v 39.45402 17.32545 -40.50698
v 38.66896 18.92503 -42.34093
v 37.56139 17.32545 -43.84237
v 37.56139 17.32545 -43.84237
v 38.66896 18.92503 -42.34093
v 37.97124 19.25734 -45.82098
v 37.51027 17.32545 -47.92234
v 37.97124 19.25734 -45.82098
v 38.58427 18.92503 -49.30249
v 47.3285 17.32545 -44.31474
v 46.93742 18.92502 -46.24495
v 45.90339 19.25734 -42.80547
v 45.49042 17.32545 -40.79892
v 45.90339 19.25734 -42.80547
v 43.81495 18.92503 -40.30498
v 45.49042 17.32545 -40.79892
v 43.81495 18.92503 -40.30498
v 42.47691 17.32545 -39.2938
v 38.58427 18.92503 -49.30249
v 40.10281 20.78053 -47.84784
v 40.91032 19.25735 -51.20008
v 40.91032 19.25735 -51.20008
v 43.10149 20.78054 -49.22203
v 43.6827 18.92503 -51.61146
v 43.6827 18.92503 -51.61146
v 43.10149 20.78054 -49.22203
v 45.82425 19.25734 -49.43885
v 45.82425 19.25734 -49.43885
v 45.00966 20.78052 -46.02425
v 46.93742 18.92502 -46.24495
v 42.47691 17.32545 -39.2938
v 43.81495 18.92503 -40.30498
v 41.03613 19.25735 -40.44727
v 39.45402 17.32545 -40.50698
v 41.03613 19.25735 -40.44727
v 38.66896 18.92503 -42.34093
v 38.66896 18.92503 -42.34093
v 40.15076 20.78053 -43.73975
v 37.97124 19.25734 -45.82098
v 37.97124 19.25734 -45.82098
v 40.10281 20.78053 -47.84784
v 38.58427 18.92503 -49.30249
v 46.93742 18.92502 -46.24495
v 45.00966 20.78052 -46.02425
v 45.90339 19.25734 -42.80547
v 45.90339 19.25734 -42.80547
v 43.1779 20.78054 -42.56451
v 43.81495 18.92503 -40.30498
v 40.10281 20.78053 -47.84784
v 43.10149 20.78054 -49.22203
v 40.91032 19.25735 -51.20008
v 43.10149 20.78054 -49.22203
v 45.00966 20.78052 -46.02425
v 45.82425 19.25734 -49.43885
v 43.81495 18.92503 -40.30498
v 43.1779 20.78054 -42.56451
v 41.03613 19.25735 -40.44727
v 41.03613 19.25735 -40.44727
v 40.15076 20.78053 -43.73975
v 38.66896 18.92503 -42.34093
v 40.15076 20.78053 -43.73975
v 40.10281 20.78053 -47.84784
v 37.97124 19.25734 -45.82098
v 45.00966 20.78052 -46.02425
v 43.1779 20.78054 -42.56451
v 45.90339 19.25734 -42.80547
v 40.10281 20.78053 -47.84784
v 42.30677 21.54589 -45.866
v 43.10149 20.78054 -49.22203
v 43.10149 20.78054 -49.22203
v 42.30677 21.54589 -45.866
v 45.00966 20.78052 -46.02425
v 43.1779 20.78054 -42.56451
v 40.15076 20.78053 -43.73975
v 41.03613 19.25735 -40.44727
v 40.15076 20.78053 -43.73975
v 42.30677 21.54589 -45.866
v 40.10281 20.78053 -47.84784
v 45.00966 20.78052 -46.02425
v 42.30677 21.54589 -45.866
v 43.1779 20.78054 -42.56451
v 43.1779 20.78054 -42.56451
v 42.30677 21.54589 -45.866
v 40.15076 20.78053 -43.73975
v 49.63681 11.17136 -49.81555
v 49.79647 11.08335 -48.14681
v 49.75436 11.08497 -48.14772
v 49.73238 11.08575 -48.1469
v 47.12931 11.17534 -47.98663
v 49.4946 11.08748 -48.00097
v 49.45621 11.08762 -47.97457
v 49.69509 11.07078 -47.81379
v 49.74297 11.0696 -47.78632
v 49.81498 11.06652 -47.78615
v 48.3255 11.19322 -45.83674
v 47.12931 11.17534 -47.98663
v 49.70325 11.0706 -47.80833
v 49.69509 11.07078 -47.81379
v 36.44623 6.386308 -46.80799
v 36.54345 6.409 -47.06369
v 37.45631 6.305306 -45.96099
v 33.58182 6.305306 -45.77361
v 36.04707 6.387446 -46.80129
v 35.82719 6.416639 -47.11353
v 35.41748 6.536903 -48.42382
v 35.9916 6.447286 -47.46042
v 36.21371 6.446458 -47.46201
v 49.92327 11.071 -47.78727
v 50.02555 11.07445 -47.86978
v 52.37409 11.18372 -48.64754
v 51.57394 11.20088 -46.36588
v 49.90153 11.06983 -47.78598
v 49.85185 11.06707 -47.78607
v 52.37409 11.18372 -48.64754
v 50.02555 11.07445 -47.86978
v 50.12449 11.08164 -47.94918
v 50.14508 11.08364 -47.97482
v 49.9368 11.08602 -48.12362
v 49.91349 11.08651 -48.14433
v 49.79647 11.08335 -48.14681
v 49.63681 11.17136 -49.81555
v 48.3255 11.19322 -45.83674
v 49.81498 11.06652 -47.78615
v 49.85185 11.06707 -47.78607
v 51.57394 11.20088 -46.36588
v 58.52531 8.269929 -48.07647
v 58.64952 8.268617 -48.07402
v 58.93552 8.265628 -48.05795
v 58.72953 8.272744 -46.49163
v 56.58525 8.290085 -48.22238
v 58.31407 8.271448 -48.30767
v 58.29679 8.271386 -48.38541
v 54.97172 8.249217 -46.32368
v 58.46531 8.268792 -48.64121
v 58.46392 8.268861 -48.62357
v 59.74429 8.254305 -48.92613
v 56.88896 8.253245 -50.27774
v 58.46924 8.267822 -48.69707
v 58.9664 8.265088 -48.12607
v 58.76593 8.264571 -48.75658
v 59.12441 8.262436 -48.43482
v 59.08362 8.262691 -48.4916
v 58.89826 8.263887 -48.73766
v 58.87176 8.263504 -48.77244
v 55.66041 8.26688 -48.04651
v 55.47453 8.262217 -48.01171
v 55.39779 8.260294 -48.00913
v 55.69866 8.267854 -48.11044
v 53.70511 8.218057 -48.65609
v 55.80959 8.270669 -48.26377
v 55.75953 8.269427 -48.32202
v 55.73338 8.268781 -48.35066
v 55.26661 8.257052 -48.18707
v 55.22123 8.255925 -48.23026
v 55.31192 8.258241 -48.41413
v 55.31738 8.258131 -48.42497
v 55.35879 8.258002 -48.47371
v 55.62558 8.263898 -48.47033
v 55.54105 8.262169 -48.46484
v 38.47541 6.305305 -49.70378
v 37.45631 6.305306 -45.96099
v 36.54345 6.409 -47.06369
v 36.57355 6.40809 -47.13507
v 36.39663 6.430864 -47.46379
v 36.21371 6.446458 -47.46201
v 35.41748 6.536903 -48.42382
v 35.6041 6.469036 -43.37719
v 32.26122 6.598958 -44.04835
v 33.58182 6.305306 -45.77361
v 30.35405 6.469035 -46.81679
v 38.85295 6.598956 -44.36715
v 35.6041 6.469036 -43.37719
v 37.45631 6.305306 -45.96099
v 40.49772 6.469033 -47.30738
v 32.20629 6.305306 -49.40059
v 30.35405 6.469035 -46.81679
v 29.92101 6.598955 -50.21898
v 32.00295 6.469036 -52.87284
v 35.23071 6.305304 -51.82962
v 32.00295 6.469036 -52.87284
v 35.06649 6.598961 -54.3515
v 38.27209 6.469035 -53.17604
v 38.47541 6.305305 -49.70378
v 40.58675 6.598953 -50.73482
v 40.49772 6.469033 -47.30738
v 38.27209 6.469035 -53.17604
v 44.82429 16.06524 -47.92821
v 44.47707 16.09658 -47.52942
v 44.39656 16.09151 -47.64172
v 41.7844 16.06524 -48.9906
v 43.9697 16.10271 -47.60498
v 43.79342 16.1297 -47.21883
v 43.96118 16.1401 -46.98759
v 43.98223 16.14125 -46.96109
v 42.72314 16.25493 -45.51501
v 44.64193 16.08208 -47.29485
v 44.47707 16.09658 -47.52942
v 44.82429 16.06524 -47.92821
v 44.86584 16.06524 -43.76346
v 44.46485 16.09822 -46.91061
v 42.72314 16.25493 -45.51501
v 44.029 16.13714 -46.90072
v 44.30873 16.11215 -46.92617
v 43.98223 16.14125 -46.96109
v 42.67722 16.14647 -43.86578
v 42.84116 16.11946 -43.54433
v 42.85135 16.11777 -43.52426
v 41.8487 16.06524 -42.22579
v 42.72314 16.25493 -45.51501
v 44.86584 16.06524 -43.76346
v 42.68037 16.14708 -43.87658
v 43.16606 16.11475 -43.63934
v 42.73028 16.16298 -44.14034
v 43.1945 16.1143 -43.64719
v 43.23482 16.1292 -43.89113
v 43.24316 16.13084 -43.91991
v 42.75606 16.16109 -44.12516
v 42.97252 16.15005 -44.06996
v 42.90643 16.15412 -44.0973
v 41.7844 16.06524 -48.9906
v 41.02783 16.30575 -51.4985
v 43.82688 16.19934 -51.35254
v 38.97088 16.19934 -49.09396
v 44.82429 16.06524 -47.92821
v 43.82688 16.19934 -51.35254
v 46.20013 16.30575 -49.69556
v 46.92365 16.19934 -46.26121
v 39.95412 16.06523 -45.544
v 37.93274 16.30576 -45.80094
v 38.97088 16.19934 -49.09396
v 39.04633 16.19934 -42.42801
v 46.92365 16.19934 -46.26121
v 46.28289 16.30575 -42.71687
v 44.86584 16.06524 -43.76346
v 43.94743 16.19934 -40.55313
v 41.8487 16.06524 -42.22579
v 41.15574 16.30575 -40.15353
v 39.04633 16.19934 -42.42801
v 43.94743 16.19934 -40.55313
f 12316 12317 12318
f 12319 12320 12321
f 12322 12323 12324
f 12325 12326 12327
f 12328 12329 12330
f 12331 12332 12333
f 12334 12335 12336
f 12337 12338 12339
f 12340 12341 12342
f 12343 12344 12345
f 12346 12347 12348
f 12349 12350 12351
f 12352 12353 12354
f 12355 12356 12357
f 12358 12359 12360
f 12361 12362 12363
f 12361 12363 12364
f 12365 12366 12367
f 12367 12368 12365
f 12368 12369 12365
f 12368 12370 12369
f 12371 12372 12373
f 12371 12373 12374
f 12375 12376 12377
f 12375 12377 12378
f 12379 12380 12381
f 12379 12381 12382
f 12383 12384 12385
f 12383 12385 12386
f 12387 12388 12389
f 12387 12389 12390
f 12391 12392 12393
f 12391 12393 12394
f 12395 12396 12397
f 12395 12397 12398
f 12399 12400 12401
f 12399 12401 12402
f 12403 12399 12402
f 12403 12402 12404
f 12405 12406 12407
f 12405 12407 12408
f 12409 12410 12411
f 12409 12411 12412
f 12413 12414 12415
f 12413 12415 12416
f 12416 12417 12413
f 12416 12418 12417
f 12419 12420 12421
f 12419 12422 12420
f 12422 12423 12420
f 12422 12424 12423
f 12425 12426 12427
f 12425 12427 12428
f 12428 12429 12425
f 12428 12430 12429
f 12431 12432 12433
f 12431 12433 12434
f 12435 12436 12437
f 12435 12437 12438
f 12439 12440 12441
f 12439 12441 12442
f 12443 12444 12445
f 12443 12445 12446
f 12447 12448 12449
f 12447 12449 12450
f 12451 12452 12453
f 12451 12454 12452
f 12454 12455 12452
f 12454 12456 12455
f 12456 12457 12455
f 12456 12458 12457
f 12458 12459 12457
f 12458 12460 12459
f 12460 12461 12459
f 12460 12462 12461
f 12455 12463 12464
f 12455 12464 12465
f 12466 12467 12461
f 12466 12461 12468
f 12469 12466 12468
f 12470 12471 12472
f 12470 12472 12473
f 12474 12475 12476
f 12474 12476 12477
f 12478 12479 12480
f 12478 12480 12481
f 12482 12483 12484
f 12482 12484 12485
f 12486 12487 12488
f 12486 12488 12489
f 12490 12491 12492
f 12490 12493 12491
f 12493 12494 12491
f 12493 12495 12494
f 12495 12496 12494
f 12495 12497 12496
f 12493 12498 12495
f 12493 12499 12498
f 12500 12501 12502
f 12500 12503 12501
f 12503 12504 12501
f 12503 12505 12504
f 12506 12504 12505
f 12506 12505 12507
f 12507 12508 12506
f 12507 12509 12508
f 12509 12510 12508
f 12509 12511 12510
f 12512 12510 12511
f 12512 12513 12510
f 12514 12515 12507
f 12514 12516 12515
f 12516 12517 12515
f 12516 12518 12517
f 12519 12520 12521
f 12519 12521 12522
f 12523 12524 12525
f 12523 12526 12524
f 12526 12527 12524
f 12526 12528 12527
f 12528 12529 12527
f 12528 12530 12529
f 12531 12532 12533
f 12531 12533 12534
f 12535 12536 12537
f 12535 12538 12536
f 12538 12539 12536
f 12538 12540 12539
f 12541 12542 12543
f 12541 12543 12544
f 12545 12546 12547
f 12545 12547 12548
f 12549 12550 12551
f 12549 12552 12550
f 12552 12553 12550
f 12552 12554 12553
f 12555 12556 12557
f 12555 12557 12558
f 12559 12560 12561
f 12559 12561 12562
f 12563 12564 12565
f 12563 12565 12566
f 12567 12568 12569
f 12567 12569 12570
f 12571 12572 12573
f 12571 12573 12574
f 12575 12576 12577
f 12575 12578 12576
f 12578 12579 12576
f 12578 12580 12579
f 12581 12582 12583
f 12581 12584 12582
f 12584 12585 12582
f 12584 12586 12585
f 12587 12588 12589
f 12587 12589 12590
f 12591 12592 12593
f 12591 12593 12594
f 12595 12596 12597
f 12595 12597 12598
f 12598 12599 12595
f 12598 12600 12599
f 12601 12599 12600
f 12601 12602 12599
f 12603 12604 12605
f 12603 12605 12606
f 12607 12608 12609
f 12607 12609 12610
f 12611 12612 12613
f 12611 12613 12614
f 12615 12616 12617
f 12615 12617 12618
f 12619 12620 12621
f 12619 12621 12622
f 12623 12624 12625
f 12623 12626 12624
f 12627 12624 12626
f 12627 12628 12624
f 12629 12630 12631
f 12629 12632 12630
f 12633 12630 12632
f 12632 12634 12633
f 12634 12635 12633
f 12636 12637 12638
f 12636 12638 12639
f 12640 12641 12642
f 12640 12642 12643
f 12644 12645 12646
f 12644 12647 12645
f 12648 12645 12647
f 12648 12647 12649
f 12650 12651 12652
f 12650 12653 12651
f 12653 12654 12651
f 12653 12655 12654
f 12656 12654 12655
f 12656 12657 12654
f 12658 12659 12660
f 12658 12660 12661
f 12662 12663 12664
f 12662 12664 12665
f 12666 12667 12668
f 12666 12668 12669
f 12670 12671 12672
f 12670 12673 12671
f 12673 12674 12671
f 12673 12675 12674
f 12676 12674 12675
f 12676 12677 12674
f 12678 12679 12680
f 12678 12680 12681
f 12682 12683 12684
f 12682 12685 12683
f 12686 12683 12685
f 12686 12687 12683
f 12688 12689 12690
f 12688 12691 12689
f 12692 12689 12691
f 12692 12693 12689
f 12694 12695 12696
f 12694 12696 12697
f 12698 12699 12700
f 12698 12700 12701
f 12702 12703 12704
f 12702 12704 12705
f 12706 12707 12708
f 12706 12708 12709
f 12710 12711 12712
f 12710 12712 12713
f 12714 12715 12716
f 12714 12716 12717
f 12718 12719 12720
f 12718 12720 12721
f 12722 12723 12724
f 12722 12724 12725
f 12726 12727 12728
f 12726 12728 12729
f 12730 12731 12732
f 12730 12733 12731
f 12734 12731 12733
f 12734 12735 12731
f 12736 12737 12738
f 12736 12738 12739
f 12740 12741 12742
f 12740 12742 12743
f 12744 12745 12746
f 12744 12746 12747
f 12748 12749 12750
f 12748 12750 12751
f 12752 12753 12754
f 12752 12754 12755
f 12756 12757 12758
f 12756 12758 12759
f 12760 12761 12762
f 12760 12762 12763
f 12764 12765 12766
f 12764 12766 12767
f 12768 12769 12770
f 12768 12770 12771
f 12772 12773 12774
f 12774 12775 12772
f 12775 12776 12772
f 12777 12778 12779
f 12777 12779 12780
f 12781 12782 12783
f 12781 12783 12784
f 12785 12786 12787
f 12787 12788 12785
f 12788 12789 12785
f 12790 12791 12792
f 12790 12792 12793
f 12794 12795 12796
f 12794 12796 12797
f 12798 12799 12800
f 12798 12800 12801
f 12802 12803 12804
f 12802 12804 12805
f 12806 12807 12808
f 12806 12808 12809
f 12810 12811 12812
f 12810 12812 12813
f 12814 12815 12816
f 12814 12816 12817
f 12818 12814 12817
f 12819 12820 12821
f 12819 12821 12822
f 12822 12823 12819
f 12822 12824 12823
f 12825 12826 12827
f 12825 12827 12828
f 12829 12830 12831
f 12829 12831 12832
f 12833 12834 12835
f 12833 12835 12836
f 12837 12838 12839
f 12837 12839 12840
f 12841 12842 12843
f 12841 12843 12844
f 12845 12846 12847
f 12847 12848 12845
f 12848 12849 12845
f 12850 12851 12852
f 12850 12852 12853
f 12854 12855 12856
f 12854 12856 12857
f 12858 12859 12860
f 12858 12860 12861
f 12862 12863 12864
f 12862 12864 12865
f 12866 12867 12868
f 12866 12868 12869
f 12870 12871 12872
f 12870 12872 12873
f 12874 12875 12876
f 12874 12876 12877
f 12878 12879 12880
f 12881 12878 12880
f 12880 12882 12881
f 12880 12883 12882
f 12884 12885 12886
f 12884 12886 12887
f 12888 12889 12890
f 12888 12890 12891
f 12891 12892 12888
f 12891 12893 12892
f 12894 12895 12896
f 12894 12896 12897
f 12898 12899 12900
f 12898 12900 12901
f 12902 12903 12904
f 12902 12904 12905
f 12906 12907 12908
f 12906 12908 12909
f 12910 12911 12912
f 12910 12912 12913
f 12914 12915 12916
f 12914 12917 12915
f 12917 12918 12915
f 12919 12920 12921
f 12919 12921 12922
f 12923 12924 12925
f 12925 12926 12923
f 12926 12927 12923
f 12928 12929 12930
f 12928 12930 12931
f 12932 12933 12934
f 12932 12934 12935
f 12936 12937 12938
f 12939 12940 12941
f 12942 12943 12944
f 12945 12946 12947
f 12948 12949 12950
f 12951 12952 12953
f 12954 12955 12956
f 12957 12958 12959
f 12960 12961 12962
f 12963 12964 12965
f 12966 12967 12968
f 12969 12970 12971
f 12972 12973 12974
f 12975 12976 12977
f 12978 12979 12980
f 12981 12982 12983
f 12984 12985 12986
f 12987 12988 12989
f 12990 12991 12992
f 12993 12994 12995
f 12996 12997 12998
f 12999 13000 13001
f 13002 13003 13004
f 13005 13006 13007
f 13008 13009 13010
f 13011 13012 13013
f 13014 13015 13016
f 13017 13018 13019
f 13020 13021 13022
f 13023 13024 13025
f 13026 13027 13028
f 13029 13030 13031
f 13032 13033 13034
f 13035 13036 13037
f 13038 13039 13040
f 13041 13042 13043
f 13044 13045 13046
f 13047 13048 13049
f 13050 13051 13052
f 13053 13054 13055
f 13056 13057 13058
f 13059 13060 13061
f 13062 13063 13064
f 13065 13066 13067
f 13068 13069 13070
f 13071 13072 13073
f 13074 13075 13076
f 13077 13078 13079
f 13080 13081 13082
f 13083 13084 13085
f 13086 13087 13088
f 13089 13090 13091
f 13092 13093 13094
f 13095 13096 13097
f 13098 13099 13100
f 13101 13102 13103
f 13104 13105 13106
f 13107 13108 13109
f 13110 13111 13112
f 13113 13114 13115
f 13116 13117 13118
f 13119 13120 13121
f 13122 13123 13124
f 13125 13126 13127
f 13128 13129 13130
f 13131 13132 13133
f 13134 13135 13136
f 13137 13138 13139
f 13140 13141 13142
f 13143 13144 13145
f 13146 13147 13148
f 13149 13150 13151
f 13152 13153 13154
f 13155 13156 13157
f 13158 13159 13160
f 13161 13162 13163
f 13164 13165 13166
f 13167 13168 13169
f 13170 13171 13172
f 13173 13174 13175
f 13176 13177 13178
f 13179 13180 13181
f 13182 13183 13184
f 13185 13186 13187
f 13188 13189 13190
f 13191 13192 13193
f 13194 13195 13196
f 13197 13198 13199
f 13200 13201 13202
f 13203 13204 13205
f 13206 13207 13208
f 13209 13210 13211
f 13212 13213 13214
f 13215 13216 13217
f 13218 13219 13220
f 13221 13222 13223
f 13224 13225 13226
f 13227 13228 13229
f 13230 13231 13232
f 13233 13234 13235
f 13236 13237 13238
f 13239 13240 13241
f 13242 13243 13244
f 13245 13246 13247
f 13248 13249 13250
f 13251 13252 13253
f 13254 13255 13256
f 13257 13258 13259
f 13260 13261 13262
f 13263 13264 13265
f 13266 13267 13268
f 13269 13270 13271
f 13272 13273 13274
f 13275 13276 13277
f 13278 13279 13280
f 13281 13282 13283
f 13284 13285 13286
f 13287 13288 13289
f 13290 13291 13292
f 13293 13294 13295
f 13296 13297 13298
f 13299 13300 13301
f 13302 13303 13304
f 13305 13306 13307
f 13308 13309 13310
f 13311 13312 13313
f 13314 13315 13316
f 13317 13318 13319
f 13320 13321 13322
f 13323 13324 13325
f 13326 13327 13328
f 13329 13330 13331
f 13332 13333 13334
f 13335 13336 13337
f 13338 13339 13340
f 13341 13342 13343
f 13344 13345 13346
f 13347 13348 13349
f 13350 13351 13352
f 13353 13354 13355
f 13356 13357 13358
f 13359 13360 13361
f 13362 13363 13364
f 13365 13366 13367
f 13368 13369 13370
f 13371 13372 13373
f 13374 13375 13376
f 13377 13378 13379
f 13380 13381 13382
f 13383 13384 13385
f 13386 13387 13388
f 13389 13390 13391
f 13392 13393 13394
f 13395 13396 13397
f 13398 13399 13400
f 13401 13402 13403
f 13404 13405 13406
f 13407 13408 13409
f 13410 13411 13412
f 13413 13414 13415
f 13416 13417 13418
f 13419 13420 13421
f 13422 13423 13424
f 13425 13426 13427
f 13428 13429 13430
f 13431 13432 13433
f 13434 13435 13436
f 13437 13438 13439
f 13440 13441 13442
f 13443 13444 13445
f 13446 13447 13448
f 13449 13450 13451
f 13452 13453 13454
f 13455 13456 13457
f 13458 13459 13460
f 13461 13462 13463
f 13464 13465 13466
f 13467 13468 13469
f 13470 13471 13472
f 13473 13474 13475
f 13476 13477 13478
f 13479 13480 13481
f 13482 13483 13484
f 13485 13486 13487
f 13488 13489 13490
f 13491 13492 13493
f 13494 13495 13496
f 13497 13498 13499
f 13500 13501 13502
f 13503 13504 13505
f 13506 13507 13508
f 13509 13510 13511
f 13512 13513 13514
f 13515 13516 13517
f 13518 13519 13520
f 13521 13522 13523
f 13524 13525 13526
f 13527 13528 13529
f 13530 13531 13532
f 13533 13534 13535
f 13536 13537 13538
f 13539 13540 13541
f 13542 13543 13544
f 13545 13546 13547
f 13548 13549 13550
f 13551 13552 13553
f 13554 13555 13556
f 13557 13558 13559
f 13560 13561 13562
f 13563 13564 13565
f 13566 13567 13568
f 13569 13570 13571
f 13572 13573 13574
f 13575 13576 13577
f 13578 13579 13580
f 13581 13582 13583
f 13584 13585 13586
f 13587 13588 13589
f 13590 13591 13592
f 13593 13594 13595
f 13596 13597 13598
f 13599 13600 13601
f 13602 13603 13604
f 13605 13606 13607
f 13608 13609 13610
f 13611 13612 13613
f 13614 13615 13616
f 13617 13618 13619
f 13620 13621 13622
f 13623 13624 13625
f 13626 13627 13628
f 13629 13630 13631
f 13632 13633 13634
f 13635 13636 13637
f 13638 13639 13640
f 13641 13642 13643
f 13644 13645 13646
f 13647 13648 13649
f 13650 13651 13652
f 13653 13654 13655
f 13656 13657 13658
f 13659 13660 13661
f 13662 13663 13664
f 13665 13666 13667
f 13668 13669 13670
f 13671 13672 13673
f 13674 13675 13676
f 13677 13678 13679
f 13680 13681 13682
f 13683 13684 13685
f 13686 13687 13688
f 13689 13690 13691
f 13692 13693 13694
f 13695 13696 13697
f 13698 13699 13700
f 13701 13702 13703
f 13704 13705 13706
f 13707 13708 13709
f 13710 13711 13712
f 13713 13714 13715
f 13716 13717 13718
f 13719 13720 13721
f 13722 13723 13724
f 13725 13726 13727
f 13728 13729 13730
f 13731 13732 13733
f 13734 13735 13736
f 13737 13738 13739
f 13740 13741 13742
f 13743 13744 13745
f 13746 13747 13748
f 13749 13750 13751
f 13752 13753 13754
f 13755 13756 13757
f 13758 13759 13760
f 13761 13762 13763
f 13764 13765 13766
f 13767 13768 13769
f 13770 13771 13772
f 13773 13774 13775
f 13776 13777 13778
f 13779 13780 13781
f 13782 13783 13784
f 13785 13786 13787
f 13788 13789 13790
f 13791 13792 13793
f 13793 13794 13791
f 13795 13791 13794
f 13795 13794 13796
f 13795 13796 13797
f 13797 13798 13795
f 13799 13800 13801
f 13801 13802 13799
f 13802 13803 13799
f 13802 13804 13803
f 13805 13806 13807
f 13807 13808 13805
f 13809 13805 13808
f 13810 13809 13808
f 13808 13811 13810
f 13811 13812 13810
f 13811 13813 13812
f 13814 13815 13816
f 13814 13816 13817
f 13817 13818 13814
f 13819 13818 13817
f 13820 13821 13822
f 13822 13823 13820
f 13823 13824 13820
f 13824 13825 13820
f 13825 13826 13820
f 13826 13827 13820
f 13828 13829 13830
f 13828 13830 13831
f 13832 13833 13834
f 13832 13834 13835
f 13835 13836 13832
f 13836 13837 13832
f 13836 13838 13837
f 13835 13839 13836
f 13836 13840 13838
f 13840 13841 13838
f 13842 13835 13834
f 13840 13836 13843
f 13843 13844 13840
f 13834 13845 13842
f 13843 13846 13844
f 13845 13847 13842
f 13847 13848 13842
f 13848 13849 13842
f 13842 13849 13850
f 13843 13850 13846
f 13843 13842 13850
f 13851 13836 13839
f 13839 13852 13851
f 13853 13852 13839
f 13851 13854 13836
f 13839 13855 13853
f 13854 13856 13836
f 13856 13857 13836
f 13857 13858 13836
f 13843 13836 13858
f 13855 13859 13853
f 13855 13860 13859
f 13855 13861 13860
f 13862 13861 13855
f 13855 13863 13862
f 13863 13855 13843
f 13858 13864 13843
f 13864 13863 13843
f 13863 13864 13865
f 13866 13867 13868
f 13868 13869 13866
f 13869 13870 13866
f 13870 13871 13866
f 13871 13872 13866
f 13873 13874 13875
f 13875 13874 13876
f 13877 13878 13879
f 13879 13880 13877
f 13881 13882 13883
f 13881 13883 13884
f 13885 13886 13887
f 13885 13887 13888
f 13889 13890 13891
f 13889 13892 13890
f 13893 13894 13895
f 13896 13893 13895
f 13896 13895 13897
f 13896 13897 13898
f 13896 13898 13899
f 13896 13899 13900
f 13900 13901 13896
f 13902 13903 13904
f 13902 13904 13905
f 13906 13902 13905
f 13905 13907 13906
f 13908 13906 13907
f 13909 13906 13908
f 13907 13910 13908
f 13911 13912 13913
f 13911 13913 13914
f 13914 13915 13911
f 13916 13914 13913
f 13915 13917 13911
f 13913 13918 13916
f 13915 13919 13917
f 13918 13920 13916
f 13916 13920 13921
f 13921 13922 13916
f 13922 13915 13916
f 13923 13919 13915
f 13922 13924 13915
f 13925 13923 13915
f 13924 13925 13915
f 13926 13927 13928
f 13926 13929 13927
f 13930 13931 13932
f 13932 13933 13930
f 13934 13935 13936
f 13934 13937 13935
f 13938 13939 13940
f 13940 13939 13941
f 13942 13943 13944
f 13942 13945 13943
v -11.02667 -8.056292 -52.57352
v -9.681519 -8.445983 -51.37828
v -13.35301 -8.97822 -51.87057
v -14.97809 -8.432061 -49.37225
v -14.75812 -6.767912 -50.82974
v -13.35301 -8.97822 -51.87057
v -13.79183 -8.733992 -47.06916
v -12.35646 -5.989148 -45.30751
v -13.98442 -7.243196 -46.56518
v -9.985613 -4.766681 -50.65378
v -12.10131 -4.057215 -49.16547
v -9.019796 -4.302687 -46.66945
v -9.985613 -4.766681 -50.65378
v -9.019796 -4.302687 -46.66945
v -8.093314 -4.853445 -48.21276
v -9.019796 -4.302687 -46.66945
v -12.10131 -4.057215 -49.16547
v -10.99995 -4.614513 -45.71248
v -10.99995 -4.614513 -45.71248
v -12.10131 -4.057215 -49.16547
v -13.99391 -5.217766 -47.66302
v -10.99995 -4.614513 -45.71248
v -13.99391 -5.217766 -47.66302
v -12.35646 -5.989148 -45.30751
v -13.99391 -5.217766 -47.66302
v -12.10131 -4.057215 -49.16547
v -14.75812 -6.767912 -50.82974
v -14.75812 -6.767912 -50.82974
v -12.10131 -4.057215 -49.16547
v -12.91205 -6.504576 -52.41549
v -12.10131 -4.057215 -49.16547
v -9.985613 -4.766681 -50.65378
v -12.91205 -6.504576 -52.41549
v -7.738685 -6.556901 -49.50742
v -9.985613 -4.766681 -50.65378
v -8.093314 -4.853445 -48.21276
v -8.58909 -6.513299 -45.53017
v -8.093314 -4.853445 -48.21276
v -9.019796 -4.302687 -46.66945
v -8.58909 -6.513299 -45.53017
v -9.019796 -4.302687 -46.66945
v -10.99995 -4.614513 -45.71248
v -13.98442 -7.243196 -46.56518
v -12.35646 -5.989148 -45.30751
v -13.99391 -5.217766 -47.66302
v -14.97809 -8.432061 -49.37225
v -13.99391 -5.217766 -47.66302
v -14.75812 -6.767912 -50.82974
v -11.02667 -8.056292 -52.57352
v -12.91205 -6.504576 -52.41549
v -9.985613 -4.766681 -50.65378
v -7.88201 -7.894948 -48.49101
v -8.58909 -6.513299 -45.53017
v -9.696114 -8.059937 -45.60838
v -8.58909 -6.513299 -45.53017
v -10.99995 -4.614513 -45.71248
v -12.35646 -5.989148 -45.30751
v -8.58909 -6.513299 -45.53017
v -12.35646 -5.989148 -45.30751
v -9.696114 -8.059937 -45.60838
v -9.696114 -8.059937 -45.60838
v -12.35646 -5.989148 -45.30751
v -13.79183 -8.733992 -47.06916
v -13.98442 -7.243196 -46.56518
v -13.99391 -5.217766 -47.66302
v -14.97809 -8.432061 -49.37225
v -13.98442 -7.243196 -46.56518
v -14.97809 -8.432061 -49.37225
v -13.79183 -8.733992 -47.06916
v -14.75812 -6.767912 -50.82974
v -12.91205 -6.504576 -52.41549
v -13.35301 -8.97822 -51.87057
v -13.35301 -8.97822 -51.87057
v -12.91205 -6.504576 -52.41549
v -11.02667 -8.056292 -52.57352
v -11.02667 -8.056292 -52.57352
v -9.985613 -4.766681 -50.65378
v -7.738685 -6.556901 -49.50742
v -11.02667 -8.056292 -52.57352
v -7.738685 -6.556901 -49.50742
v -9.681519 -8.445983 -51.37828
v -9.681519 -8.445983 -51.37828
v -7.738685 -6.556901 -49.50742
v -7.88201 -7.894948 -48.49101
v -9.681519 -8.445983 -51.37828
v -7.88201 -7.894948 -48.49101
v -9.696114 -8.059937 -45.60838
v -13.35301 -8.97822 -51.87057
v -13.79183 -8.733992 -47.06916
v -14.97809 -8.432061 -49.37225
v -13.35301 -8.97822 -51.87057
v -9.681519 -8.445983 -51.37828
v -9.696114 -8.059937 -45.60838
v -13.79183 -8.733992 -47.06916
v -7.738685 -6.556901 -49.50742
v -8.093314 -4.853445 -48.21276
v -8.58909 -6.513299 -45.53017
v -7.88201 -7.894948 -48.49101
f 13946 13947 13948
f 13949 13950 13951
f 13952 13953 13954
f 13955 13956 13957
f 13958 13959 13960
f 13961 13962 13963
f 13964 13965 13966
f 13967 13968 13969
f 13970 13971 13972
f 13973 13974 13975
f 13976 13977 13978
f 13979 13980 13981
f 13982 13983 13984
f 13985 13986 13987
f 13988 13989 13990
f 13991 13992 13993
f 13994 13995 13996
f 13997 13998 13999
f 14000 14001 14002
f 14003 14004 14005
f 14006 14007 14008
f 14009 14010 14011
f 14012 14013 14014
f 14015 14016 14017
f 14018 14019 14020
f 14021 14022 14023
f 14024 14025 14026
f 14027 14028 14029
f 14030 14031 14032
f 14033 14034 14035
f 14036 14037 14038
f 14038 14039 14036
f 14040 14041 14042
f 14040 14042 14043
v -24.77545 -7.329942 -46.71791
v -24.59441 -8.020791 -48.39901
v -22.83611 -7.935925 -45.13029
v -19.89471 -7.373232 -45.38857
v -21.22424 -5.654482 -45.01182
v -22.83611 -7.935925 -45.13029
v -18.73419 -8.051202 -47.59951
v -18.21239 -5.745361 -50.22768
v -18.24654 -6.610521 -47.99993
v -23.9073 -4.445837 -49.22226
v -21.49273 -3.560186 -48.53967
v -21.28469 -4.489707 -52.36439
v -23.9073 -4.445837 -49.22226
v -21.28469 -4.489707 -52.36439
v -23.05241 -5.033781 -52.10652
v -21.28469 -4.489707 -52.36439
v -21.49273 -3.560186 -48.53967
v -19.35553 -4.57526 -51.3029
v -19.35553 -4.57526 -51.3029
v -21.49273 -3.560186 -48.53967
v -19.16073 -4.535507 -47.71339
v -19.35553 -4.57526 -51.3029
v -19.16073 -4.535507 -47.71339
v -18.21239 -5.745361 -50.22768
v -19.16073 -4.535507 -47.71339
v -21.49273 -3.560186 -48.53967
v -21.22424 -5.654482 -45.01182
v -21.22424 -5.654482 -45.01182
v -21.49273 -3.560186 -48.53967
v -23.57848 -5.540663 -45.59621
v -21.49273 -3.560186 -48.53967
v -23.9073 -4.445837 -49.22226
v -23.57848 -5.540663 -45.59621
v -24.26459 -6.637551 -51.33997
v -23.9073 -4.445837 -49.22226
v -23.05241 -5.033781 -52.10652
v -20.57951 -6.813537 -52.97411
v -23.05241 -5.033781 -52.10652
v -21.28469 -4.489707 -52.36439
v -20.57951 -6.813537 -52.97411
v -21.28469 -4.489707 -52.36439
v -19.35553 -4.57526 -51.3029
v -18.24654 -6.610521 -47.99993
v -18.21239 -5.745361 -50.22768
v -19.16073 -4.535507 -47.71339
v -19.89471 -7.373232 -45.38857
v -19.16073 -4.535507 -47.71339
v -21.22424 -5.654482 -45.01182
v -24.77545 -7.329942 -46.71791
v -23.57848 -5.540663 -45.59621
v -23.9073 -4.445837 -49.22226
v -23.33985 -8.011001 -51.57955
v -20.57951 -6.813537 -52.97411
v -19.96614 -8.147355 -51.78628
v -20.57951 -6.813537 -52.97411
v -19.35553 -4.57526 -51.3029
v -18.21239 -5.745361 -50.22768
v -20.57951 -6.813537 -52.97411
v -18.21239 -5.745361 -50.22768
v -19.96614 -8.147355 -51.78628
v -19.96614 -8.147355 -51.78628
v -18.21239 -5.745361 -50.22768
v -18.73419 -8.051202 -47.59951
v -18.24654 -6.610521 -47.99993
v -19.16073 -4.535507 -47.71339
v -19.89471 -7.373232 -45.38857
v -18.24654 -6.610521 -47.99993
v -19.89471 -7.373232 -45.38857
v -18.73419 -8.051202 -47.59951
v -21.22424 -5.654482 -45.01182
v -23.57848 -5.540663 -45.59621
v -22.83611 -7.935925 -45.13029
v -22.83611 -7.935925 -45.13029
v -23.57848 -5.540663 -45.59621
v -24.77545 -7.329942 -46.71791
v -24.77545 -7.329942 -46.71791
v -23.9073 -4.445837 -49.22226
v -24.26459 -6.637551 -51.33997
v -24.77545 -7.329942 -46.71791
v -24.26459 -6.637551 -51.33997
v -24.59441 -8.020791 -48.39901
v -24.59441 -8.020791 -48.39901
v -24.26459 -6.637551 -51.33997
v -23.33985 -8.011001 -51.57955
v -24.59441 -8.020791 -48.39901
v -23.33985 -8.011001 -51.57955
v -19.96614 -8.147355 -51.78628
v -22.83611 -7.935925 -45.13029
v -18.73419 -8.051202 -47.59951
v -19.89471 -7.373232 -45.38857
v -22.83611 -7.935925 -45.13029
v -24.59441 -8.020791 -48.39901
v -19.96614 -8.147355 -51.78628
v -18.73419 -8.051202 -47.59951
v -24.26459 -6.637551 -51.33997
v -23.05241 -5.033781 -52.10652
v -20.57951 -6.813537 -52.97411
v -23.33985 -8.011001 -51.57955
f 14044 14045 14046
f 14047 14048 14049
f 14050 14051 14052
f 14053 14054 14055
f 14056 14057 14058
f 14059 14060 14061
f 14062 14063 14064
f 14065 14066 14067
f 14068 14069 14070
f 14071 14072 14073
f 14074 14075 14076
f 14077 14078 14079
f 14080 14081 14082
f 14083 14084 14085
f 14086 14087 14088
f 14089 14090 14091
f 14092 14093 14094
f 14095 14096 14097
f 14098 14099 14100
f 14101 14102 14103
f 14104 14105 14106
f 14107 14108 14109
f 14110 14111 14112
f 14113 14114 14115
f 14116 14117 14118
f 14119 14120 14121
f 14122 14123 14124
f 14125 14126 14127
f 14128 14129 14130
f 14131 14132 14133
f 14134 14135 14136
f 14136 14137 14134
f 14138 14139 14140
f 14138 14140 14141
v -27.05167 -7 -42.83765
v -30.80313 -7 -41.44964
v -27.05167 2.375 -42.83765
v -30.80313 2.375 -41.44964
v -28.43968 2.375 -46.58911
v -32.19114 2.375 -45.2011
v -28.43968 -7 -46.58911
v -32.19114 -7 -45.2011
v -27.05167 2.375 -42.83765
v -30.80313 2.375 -41.44964
v -28.43968 2.375 -46.58911
v -32.19114 2.375 -45.2011
v -28.43968 -7 -46.58911
v -27.05167 -7 -42.83765
v -30.80313 -7 -41.44964
v -32.19114 -7 -45.2011
v -30.80313 -7 -41.44964
v -30.80313 2.375 -41.44964
v -32.19114 2.375 -45.2011
v -32.19114 -7 -45.2011
v -28.43968 -7 -46.58911
v -28.43968 2.375 -46.58911
v -27.05167 2.375 -42.83765
v -27.05167 -7 -42.83765
f 14142 14144 14145
f 14142 14145 14143
f 14150 14146 14147
f 14150 14147 14151
f 14152 14148 14149
f 14152 14149 14153
f 14154 14155 14156
f 14154 14156 14157
f 14158 14159 14160
f 14158 14160 14161
f 14162 14163 14164
f 14162 14164 14165
v -13.43359 21.33992 139.3376
v 13.88197 21.33992 139.3618
v -13.43602 21.33992 142.0714
v 13.87954 21.33992 142.0957
v -13.43602 5.260078 142.0714
v 13.87954 5.260077 142.0957
v -13.43359 5.260077 139.3376
v 13.88197 5.260076 139.3618
v -13.43602 21.33992 142.0714
v 13.87954 21.33992 142.0957
v -13.43602 5.260078 142.0714
v 13.87954 5.260077 142.0957
v -13.43359 5.260077 139.3376
v -13.43359 21.33992 139.3376
v 13.88197 21.33992 139.3618
v 13.88197 5.260076 139.3618
v 13.88197 21.33992 139.3618
v 13.87954 21.33992 142.0957
v 13.87954 5.260077 142.0957
v 13.88197 5.260076 139.3618
v -13.43359 5.260077 139.3376
v -13.43602 5.260078 142.0714
v -13.43602 21.33992 142.0714
v -13.43359 21.33992 139.3376
f 14166 14168 14169
f 14166 14169 14167
f 14174 14170 14171
f 14174 14171 14175
f 14176 14172 14173
f 14176 14173 14177
f 14178 14179 14180
f 14178 14180 14181
f 14182 14183 14184
f 14182 14184 14185
f 14186 14187 14188
f 14186 14188 14189
v 5.664689 44.83823 70.30948
v 5.66468 26.8457 74.89105
v 5.663148 45.29678 72.11024
v 5.663139 27.30424 76.69183
v -5.266495 45.29454 72.10146
v -5.266504 27.30202 76.68304
v -5.264955 44.836 70.3007
v -5.264964 26.84347 74.88227
v 5.663148 45.29678 72.11024
v 5.663139 27.30424 76.69183
v -5.266495 45.29454 72.10146
v -5.266504 27.30202 76.68304
v -5.264955 44.836 70.3007
v 5.664689 44.83823 70.30948
v 5.66468 26.8457 74.89105
v -5.264964 26.84347 74.88227
v 5.66468 26.8457 74.89105
v 5.663139 27.30424 76.69183
v -5.266504 27.30202 76.68304
v -5.264964 26.84347 74.88227
v -5.264955 44.836 70.3007
v -5.266495 45.29454 72.10146
v 5.663148 45.29678 72.11024
v 5.664689 44.83823 70.30948
f 14190 14192 14193
f 14190 14193 14191
f 14198 14194 14195
f 14198 14195 14199
f 14200 14196 14197
f 14200 14197 14201
f 14202 14203 14204
f 14202 14204 14205
f 14206 14207 14208
f 14206 14208 14209
f 14210 14211 14212
f 14210 14212 14213
v 69.08299 39.77055 -2.465167
v 74.12413 21.90133 -2.46516
v 70.87141 40.27509 -2.463681
v 75.91256 22.40587 -2.463674
v 70.86301 40.27272 8.465963
v 75.90414 22.4035 8.46597
v 69.07458 39.76818 8.464478
v 74.11572 21.89896 8.464485
v 70.87141 40.27509 -2.463681
v 75.91256 22.40587 -2.463674
v 70.86301 40.27272 8.465963
v 75.90414 22.4035 8.46597
v 69.07458 39.76818 8.464478
v 69.08299 39.77055 -2.465167
v 74.12413 21.90133 -2.46516
v 74.11572 21.89896 8.464485
v 74.12413 21.90133 -2.46516
v 75.91256 22.40587 -2.463674
v 75.90414 22.4035 8.46597
v 74.11572 21.89896 8.464485
v 69.07458 39.76818 8.464478
v 70.86301 40.27272 8.465963
v 70.87141 40.27509 -2.463681
v 69.08299 39.77055 -2.465167
f 14214 14216 14217
f 14214 14217 14215
f 14222 14218 14219
f 14222 14219 14223
f 14224 14220 14221
f 14224 14221 14225
f 14226 14227 14228
f 14226 14228 14229
f 14230 14231 14232
f 14230 14232 14233
f 14234 14235 14236
f 14234 14236 14237
v -5.265185 40.74458 -56.93264
v -5.265172 22.96709 -62.28826
v -5.263634 41.2806 -58.71189
v -5.263621 23.5031 -64.0675
v 5.66601 41.27797 -58.70315
v 5.666024 23.50047 -64.05877
v 5.66446 40.74196 -56.9239
v 5.664473 22.96446 -62.27952
v -5.263634 41.2806 -58.71189
v -5.263621 23.5031 -64.0675
v 5.66601 41.27797 -58.70315
v 5.666024 23.50047 -64.05877
v 5.66446 40.74196 -56.9239
v -5.265185 40.74458 -56.93264
v -5.265172 22.96709 -62.28826
v 5.664473 22.96446 -62.27952
v -5.265172 22.96709 -62.28826
v -5.263621 23.5031 -64.0675
v 5.666024 23.50047 -64.05877
v 5.664473 22.96446 -62.27952
v 5.66446 40.74196 -56.9239
v 5.66601 41.27797 -58.70315
v -5.263634 41.2806 -58.71189
v -5.265185 40.74458 -56.93264
f 14238 14240 14241
f 14238 14241 14239
f 14246 14242 14243
f 14246 14243 14247
f 14248 14244 14245
f 14248 14245 14249
f 14250 14251 14252
f 14250 14252 14253
f 14254 14255 14256
f 14254 14256 14257
f 14258 14259 14260
f 14258 14260 14261
v 11.5 -1.016281 43.48354
v 8.5 -1.016281 43.48354
v 11.5 1.98354 43.51628
v 8.5 1.98354 43.51628
v 11.5 2.016282 40.51646
v 8.5 2.016282 40.51646
v 11.5 -0.9835399 40.48372
v 8.5 -0.9835399 40.48372
v 11.5 1.98354 43.51628
v 8.5 1.98354 43.51628
v 11.5 2.016282 40.51646
v 8.5 2.016282 40.51646
v 11.5 -0.9835399 40.48372
v 11.5 -1.016281 43.48354
v 8.5 -1.016281 43.48354
v 8.5 -0.9835399 40.48372
v 8.5 -1.016281 43.48354
v 8.5 1.98354 43.51628
v 8.5 2.016282 40.51646
v 8.5 -0.9835399 40.48372
v 11.5 -0.9835399 40.48372
v 11.5 2.016282 40.51646
v 11.5 1.98354 43.51628
v 11.5 -1.016281 43.48354
f 14262 14264 14265
f 14262 14265 14263
f 14270 14266 14267
f 14270 14267 14271
f 14272 14268 14269
f 14272 14269 14273
f 14274 14275 14276
f 14274 14276 14277
f 14278 14279 14280
f 14278 14280 14281
f 14282 14283 14284
f 14282 14284 14285
v 13.42034 -7 -7.098727
v 10.59873 -7 -6.079659
v 13.42034 -5 -7.098727
v 10.59873 -5 -6.079659
v 12.40127 -5 -9.920341
v 9.579659 -5 -8.901273
v 12.40127 -7 -9.920341
v 9.579659 -7 -8.901273
v 13.42034 -5 -7.098727
v 10.59873 -5 -6.079659
v 12.40127 -5 -9.920341
v 9.579659 -5 -8.901273
v 12.40127 -7 -9.920341
v 13.42034 -7 -7.098727
v 10.59873 -7 -6.079659
v 9.579659 -7 -8.901273
v 10.59873 -7 -6.079659
v 10.59873 -5 -6.079659
v 9.579659 -5 -8.901273
v 9.579659 -7 -8.901273
v 12.40127 -7 -9.920341
v 12.40127 -5 -9.920341
v 13.42034 -5 -7.098727
v 13.42034 -7 -7.098727
f 14286 14288 14289
f 14286 14289 14287
f 14294 14290 14291
f 14294 14291 14295
f 14296 14292 14293
f 14296 14293 14297
f 14298 14299 14300
f 14298 14300 14301
f 14302 14303 14304
f 14302 14304 14305
f 14306 14307 14308
f 14306 14308 14309
v -39.23334 7 -17.41214
v -42.58786 7 -15.23334
v -39.23334 11 -17.41214
v -42.58786 11 -15.23334
v -41.41214 11 -20.76666
v -44.76666 11 -18.58786
v -41.41214 7 -20.76666
v -44.76666 7 -18.58786
v -39.23334 11 -17.41214
v -42.58786 11 -15.23334
v -41.41214 11 -20.76666
v -44.76666 11 -18.58786
v -41.41214 7 -20.76666
v -39.23334 7 -17.41214
v -42.58786 7 -15.23334
v -44.76666 7 -18.58786
v -42.58786 7 -15.23334
v -42.58786 11 -15.23334
v -44.76666 11 -18.58786
v -44.76666 7 -18.58786
v -41.41214 7 -20.76666
v -41.41214 11 -20.76666
v -39.23334 11 -17.41214
v -39.23334 7 -17.41214
f 14310 14312 14313
f 14310 14313 14311
f 14318 14314 14315
f 14318 14315 14319
f 14320 14316 14317
f 14320 14317 14321
f 14322 14323 14324
f 14322 14324 14325
f 14326 14327 14328
f 14326 14328 14329
f 14330 14331 14332
f 14330 14332 14333
v 25.07956 -7 0.04061496
v 22.45938 -7 -1.420439
v 25.07956 -5 0.04061496
v 22.45938 -5 -1.420439
v 26.54062 -5 -2.579561
v 23.92044 -5 -4.040615
v 26.54062 -7 -2.579561
v 23.92044 -7 -4.040615
v 25.07956 -5 0.04061496
v 22.45938 -5 -1.420439
v 26.54062 -5 -2.579561
v 23.92044 -5 -4.040615
v 26.54062 -7 -2.579561
v 25.07956 -7 0.04061496
v 22.45938 -7 -1.420439
v 23.92044 -7 -4.040615
v 22.45938 -7 -1.420439
v 22.45938 -5 -1.420439
v 23.92044 -5 -4.040615
v 23.92044 -7 -4.040615
v 26.54062 -7 -2.579561
v 26.54062 -5 -2.579561
v 25.07956 -5 0.04061496
v 25.07956 -7 0.04061496
f 14334 14336 14337
f 14334 14337 14335
f 14342 14338 14339
f 14342 14339 14343
f 14344 14340 14341
f 14344 14341 14345
f 14346 14347 14348
f 14346 14348 14349
f 14350 14351 14352
f 14350 14352 14353
f 14354 14355 14356
f 14354 14356 14357
v -7.49633 9.999998 -4.611412
v -8.741832 9.999998 -6.176252
v -7.49633 12 -4.611412
v -8.741832 12 -6.176252
v -5.931489 12 -5.856913
v -7.176991 12 -7.421753
v -5.931489 9.999998 -5.856913
v -7.176991 9.999998 -7.421753
v -7.49633 12 -4.611412
v -8.741832 12 -6.176252
v -5.931489 12 -5.856913
v -7.176991 12 -7.421753
v -5.931489 9.999998 -5.856913
v -7.49633 9.999998 -4.611412
v -8.741832 9.999998 -6.176252
v -7.176991 9.999998 -7.421753
v -8.741832 9.999998 -6.176252
v -8.741832 12 -6.176252
v -7.176991 12 -7.421753
v -7.176991 9.999998 -7.421753
v -5.931489 9.999998 -5.856913
v -5.931489 12 -5.856913
v -7.49633 12 -4.611412
v -7.49633 9.999998 -4.611412
f 14358 14360 14361
f 14358 14361 14359
f 14366 14362 14363
f 14366 14363 14367
f 14368 14364 14365
f 14368 14365 14369
f 14370 14371 14372
f 14370 14372 14373
f 14374 14375 14376
f 14374 14376 14377
f 14378 14379 14380
f 14378 14380 14381
v -4.244248 8.000003 -31.48099
v -5.807831 8.000003 -34.11136
v -4.244248 10 -31.48099
v -5.807831 10 -34.11136
v -1.665461 10 -33.01392
v -3.229043 10 -35.64428
v -1.665461 8.000003 -33.01392
v -3.229043 8.000003 -35.64428
v -4.244248 10 -31.48099
v -5.807831 10 -34.11136
v -1.665461 10 -33.01392
v -3.229043 10 -35.64428
v -1.665461 8.000003 -33.01392
v -4.244248 8.000003 -31.48099
v -5.807831 8.000003 -34.11136
v -3.229043 8.000003 -35.64428
v -5.807831 8.000003 -34.11136
v -5.807831 10 -34.11136
v -3.229043 10 -35.64428
v -3.229043 8.000003 -35.64428
v -1.665461 8.000003 -33.01392
v -1.665461 10 -33.01392
v -4.244248 10 -31.48099
v -4.244248 8.000003 -31.48099
f 14382 14384 14385
f 14382 14385 14383
f 14390 14386 14387
f 14390 14387 14391
f 14392 14388 14389
f 14392 14389 14393
f 14394 14395 14396
f 14394 14396 14397
f 14398 14399 14400
f 14398 14400 14401
f 14402 14403 14404
f 14402 14404 14405
v -38.46843 6.999998 -8.244375
v -40.34142 6.999998 -8.945739
v -38.46843 8.999998 -8.244375
v -40.34142 8.999998 -8.945739
v -37.76707 8.999998 -10.11736
v -39.64006 8.999998 -10.81873
v -37.76707 6.999998 -10.11736
v -39.64006 6.999998 -10.81873
v -38.46843 8.999998 -8.244375
v -40.34142 8.999998 -8.945739
v -37.76707 8.999998 -10.11736
v -39.64006 8.999998 -10.81873
v -37.76707 6.999998 -10.11736
v -38.46843 6.999998 -8.244375
v -40.34142 6.999998 -8.945739
v -39.64006 6.999998 -10.81873
v -40.34142 6.999998 -8.945739
v -40.34142 8.999998 -8.945739
v -39.64006 8.999998 -10.81873
v -39.64006 6.999998 -10.81873
v -37.76707 6.999998 -10.11736
v -37.76707 8.999998 -10.11736
v -38.46843 8.999998 -8.244375
v -38.46843 6.999998 -8.244375
f 14406 14408 14409
f 14406 14409 14407
f 14414 14410 14411
f 14414 14411 14415
f 14416 14412 14413
f 14416 14413 14417
f 14418 14419 14420
f 14418 14420 14421
f 14422 14423 14424
f 14422 14424 14425
f 14426 14427 14428
f 14426 14428 14429
v 6.355148 8 -29.6164
v 2.522855 8 -30.76249
v 6.355148 12 -29.6164
v 2.522855 12 -30.76249
v 7.50124 12 -33.44869
v 3.668946 12 -34.59478
v 7.50124 8 -33.44869
v 3.668946 8 -34.59478
v 6.355148 12 -29.6164
v 2.522855 12 -30.76249
v 7.50124 12 -33.44869
v 3.668946 12 -34.59478
v 7.50124 8 -33.44869
v 6.355148 8 -29.6164
v 2.522855 8 -30.76249
v 3.668946 8 -34.59478
v 2.522855 8 -30.76249
v 2.522855 12 -30.76249
v 3.668946 12 -34.59478
v 3.668946 8 -34.59478
v 7.50124 8 -33.44869
v 7.50124 12 -33.44869
v 6.355148 12 -29.6164
v 6.355148 8 -29.6164
f 14430 14432 14433
f 14430 14433 14431
f 14438 14434 14435
f 14438 14435 14439
f 14440 14436 14437
f 14440 14437 14441
f 14442 14443 14444
f 14442 14444 14445
f 14446 14447 14448
f 14446 14448 14449
f 14450 14451 14452
f 14450 14452 14453
v 15.41045 23 1.396894
v 14.10311 23 2.91045
v 15.41045 25 1.396894
v 14.10311 25 2.91045
v 13.89689 25 0.08955002
v 12.58955 25 1.603106
v 13.89689 23 0.08955002
v 12.58955 23 1.603106
v 15.41045 25 1.396894
v 14.10311 25 2.91045
v 13.89689 25 0.08955002
v 12.58955 25 1.603106
v 13.89689 23 0.08955002
v 15.41045 23 1.396894
v 14.10311 23 2.91045
v 12.58955 23 1.603106
v 14.10311 23 2.91045
v 14.10311 25 2.91045
v 12.58955 25 1.603106
v 12.58955 23 1.603106
v 13.89689 23 0.08955002
v 13.89689 25 0.08955002
v 15.41045 25 1.396894
v 15.41045 23 1.396894
f 14454 14456 14457
f 14454 14457 14455
f 14462 14458 14459
f 14462 14459 14463
f 14464 14460 14461
f 14464 14461 14465
f 14466 14467 14468
f 14466 14468 14469
f 14470 14471 14472
f 14470 14472 14473
f 14474 14475 14476
f 14474 14476 14477
v -35.22532 -7 -42.70126
v -38.54874 -7 -40.47532
v -35.22532 -3 -42.70126
v -38.54874 -3 -40.47532
v -37.45126 -3 -46.02468
v -40.77468 -3 -43.79874
v -37.45126 -7 -46.02468
v -40.77468 -7 -43.79874
v -35.22532 -3 -42.70126
v -38.54874 -3 -40.47532
v -37.45126 -3 -46.02468
v -40.77468 -3 -43.79874
v -37.45126 -7 -46.02468
v -35.22532 -7 -42.70126
v -38.54874 -7 -40.47532
v -40.77468 -7 -43.79874
v -38.54874 -7 -40.47532
v -38.54874 -3 -40.47532
v -40.77468 -3 -43.79874
v -40.77468 -7 -43.79874
v -37.45126 -7 -46.02468
v -37.45126 -3 -46.02468
v -35.22532 -3 -42.70126
v -35.22532 -7 -42.70126
f 14478 14480 14481
f 14478 14481 14479
f 14486 14482 14483
f 14486 14483 14487
f 14488 14484 14485
f 14488 14485 14489
f 14490 14491 14492
f 14490 14492 14493
f 14494 14495 14496
f 14494 14496 14497
f 14498 14499 14500
f 14498 14500 14501
v 39.9425 8.000004 -22.48786
v 37.9425 8.000004 -22.48786
v 39.9425 10 -22.48786
v 37.9425 10 -22.48786
v 39.9425 10 -24.48786
v 37.9425 10 -24.48786
v 39.9425 8.000004 -24.48786
v 37.9425 8.000004 -24.48786
v 39.9425 10 -22.48786
v 37.9425 10 -22.48786
v 39.9425 10 -24.48786
v 37.9425 10 -24.48786
v 39.9425 8.000004 -24.48786
v 39.9425 8.000004 -22.48786
v 37.9425 8.000004 -22.48786
v 37.9425 8.000004 -24.48786
v 37.9425 8.000004 -22.48786
v 37.9425 10 -22.48786
v 37.9425 10 -24.48786
v 37.9425 8.000004 -24.48786
v 39.9425 8.000004 -24.48786
v 39.9425 10 -24.48786
v 39.9425 10 -22.48786
v 39.9425 8.000004 -22.48786
f 14502 14504 14505
f 14502 14505 14503
f 14510 14506 14507
f 14510 14507 14511
f 14512 14508 14509
f 14512 14509 14513
f 14514 14515 14516
f 14514 14516 14517
f 14518 14519 14520
f 14518 14520 14521
f 14522 14523 14524
f 14522 14524 14525
v -23.72803 2.25 -32.24735
v -26.72803 2.25 -32.24735
v -23.72803 5.25 -32.24735
v -26.72803 5.25 -32.24735
v -23.72803 5.25 -35.24735
v -26.72803 5.25 -35.24735
v -23.72803 2.25 -35.24735
v -26.72803 2.25 -35.24735
v -23.72803 5.25 -32.24735
v -26.72803 5.25 -32.24735
v -23.72803 5.25 -35.24735
v -26.72803 5.25 -35.24735
v -23.72803 2.25 -35.24735
v -23.72803 2.25 -32.24735
v -26.72803 2.25 -32.24735
v -26.72803 2.25 -35.24735
v -26.72803 2.25 -32.24735
v -26.72803 5.25 -32.24735
v -26.72803 5.25 -35.24735
v -26.72803 2.25 -35.24735
v -23.72803 2.25 -35.24735
v -23.72803 5.25 -35.24735
v -23.72803 5.25 -32.24735
v -23.72803 2.25 -32.24735
f 14526 14528 14529
f 14526 14529 14527
f 14534 14530 14531
f 14534 14531 14535
f 14536 14532 14533
f 14536 14533 14537
f 14538 14539 14540
f 14538 14540 14541
f 14542 14543 14544
f 14542 14544 14545
f 14546 14547 14548
f 14546 14548 14549
v -42.61233 -7 -35.9144
v -45.0856 -7 -37.61233
v -42.61233 -4 -35.9144
v -45.0856 -4 -37.61233
v -40.9144 -4 -38.38767
v -43.38767 -4 -40.0856
v -40.9144 -7 -38.38767
v -43.38767 -7 -40.0856
v -42.61233 -4 -35.9144
v -45.0856 -4 -37.61233
v -40.9144 -4 -38.38767
v -43.38767 -4 -40.0856
v -40.9144 -7 -38.38767
v -42.61233 -7 -35.9144
v -45.0856 -7 -37.61233
v -43.38767 -7 -40.0856
v -45.0856 -7 -37.61233
v -45.0856 -4 -37.61233
v -43.38767 -4 -40.0856
v -43.38767 -7 -40.0856
v -40.9144 -7 -38.38767
v -40.9144 -4 -38.38767
v -42.61233 -4 -35.9144
v -42.61233 -7 -35.9144
f 14550 14552 14553
f 14550 14553 14551
f 14558 14554 14555
f 14558 14555 14559
f 14560 14556 14557
f 14560 14557 14561
f 14562 14563 14564
f 14562 14564 14565
f 14566 14567 14568
f 14566 14568 14569
f 14570 14571 14572
f 14570 14572 14573
v 31.39436 -7 -5.494337
v 27.49434 -7 -4.605636
v 31.39436 -3 -5.494337
v 27.49434 -3 -4.605636
v 30.50566 -3 -9.394363
v 26.60564 -3 -8.505664
v 30.50566 -7 -9.394363
v 26.60564 -7 -8.505664
v 31.39436 -3 -5.494337
v 27.49434 -3 -4.605636
v 30.50566 -3 -9.394363
v 26.60564 -3 -8.505664
v 30.50566 -7 -9.394363
v 31.39436 -7 -5.494337
v 27.49434 -7 -4.605636
v 26.60564 -7 -8.505664
v 27.49434 -7 -4.605636
v 27.49434 -3 -4.605636
v 26.60564 -3 -8.505664
v 26.60564 -7 -8.505664
v 30.50566 -7 -9.394363
v 30.50566 -3 -9.394363
v 31.39436 -3 -5.494337
v 31.39436 -7 -5.494337
f 14574 14576 14577
f 14574 14577 14575
f 14582 14578 14579
f 14582 14579 14583
f 14584 14580 14581
f 14584 14581 14585
f 14586 14587 14588
f 14586 14588 14589
f 14590 14591 14592
f 14590 14592 14593
f 14594 14595 14596
f 14594 14596 14597
v -24.19877 -7 -33.32465
v -27.17535 -7 -33.69877
v -24.19877 -4 -33.32465
v -27.17535 -4 -33.69877
v -23.82465 -4 -36.30123
v -26.80123 -4 -36.67535
v -23.82465 -7 -36.30123
v -26.80123 -7 -36.67535
v -24.19877 -4 -33.32465
v -27.17535 -4 -33.69877
v -23.82465 -4 -36.30123
v -26.80123 -4 -36.67535
v -23.82465 -7 -36.30123
v -24.19877 -7 -33.32465
v -27.17535 -7 -33.69877
v -26.80123 -7 -36.67535
v -27.17535 -7 -33.69877
v -27.17535 -4 -33.69877
v -26.80123 -4 -36.67535
v -26.80123 -7 -36.67535
v -23.82465 -7 -36.30123
v -23.82465 -4 -36.30123
v -24.19877 -4 -33.32465
v -24.19877 -7 -33.32465
f 14598 14600 14601
f 14598 14601 14599
f 14606 14602 14603
f 14606 14603 14607
f 14608 14604 14605
f 14608 14605 14609
f 14610 14611 14612
f 14610 14612 14613
f 14614 14615 14616
f 14614 14616 14617
f 14618 14619 14620
f 14618 14620 14621
v -37.20795 -7 -30.45217
v -39.54783 -7 -27.20795
v -37.20795 -3 -30.45217
v -39.54783 -3 -27.20795
v -40.45217 -3 -32.79205
v -42.79205 -3 -29.54783
v -40.45217 -7 -32.79205
v -42.79205 -7 -29.54783
v -37.20795 -3 -30.45217
v -39.54783 -3 -27.20795
v -40.45217 -3 -32.79205
v -42.79205 -3 -29.54783
v -40.45217 -7 -32.79205
v -37.20795 -7 -30.45217
v -39.54783 -7 -27.20795
v -42.79205 -7 -29.54783
v -39.54783 -7 -27.20795
v -39.54783 -3 -27.20795
v -42.79205 -3 -29.54783
v -42.79205 -7 -29.54783
v -40.45217 -7 -32.79205
v -40.45217 -3 -32.79205
v -37.20795 -3 -30.45217
v -37.20795 -7 -30.45217
f 14622 14624 14625
f 14622 14625 14623
f 14630 14626 14627
f 14630 14627 14631
f 14632 14628 14629
f 14632 14629 14633
f 14634 14635 14636
f 14634 14636 14637
f 14638 14639 14640
f 14638 14640 14641
f 14642 14643 14644
f 14642 14644 14645
v -33.71467 -7 -36.73281
v -37.68345 -7 -37.23164
v -33.71467 -3 -36.73281
v -37.68345 -3 -37.23164
v -33.21584 -3 -40.70159
v -37.18462 -3 -41.20042
v -33.21584 -7 -40.70159
v -37.18462 -7 -41.20042
v -33.71467 -3 -36.73281
v -37.68345 -3 -37.23164
v -33.21584 -3 -40.70159
v -37.18462 -3 -41.20042
v -33.21584 -7 -40.70159
v -33.71467 -7 -36.73281
v -37.68345 -7 -37.23164
v -37.18462 -7 -41.20042
v -37.68345 -7 -37.23164
v -37.68345 -3 -37.23164
v -37.18462 -3 -41.20042
v -37.18462 -7 -41.20042
v -33.21584 -7 -40.70159
v -33.21584 -3 -40.70159
v -33.71467 -3 -36.73281
v -33.71467 -7 -36.73281
f 14646 14648 14649
f 14646 14649 14647
f 14654 14650 14651
f 14654 14651 14655
f 14656 14652 14653
f 14656 14653 14657
f 14658 14659 14660
f 14658 14660 14661
f 14662 14663 14664
f 14662 14664 14665
f 14666 14667 14668
f 14666 14668 14669
v 10.39986 1.5 -43.90901
v 8.409014 1.5 -44.10014
v 10.39986 3.5 -43.90901
v 8.409014 3.5 -44.10014
v 10.59099 3.5 -45.89986
v 8.60014 3.5 -46.09099
v 10.59099 1.5 -45.89986
v 8.60014 1.5 -46.09099
v 10.39986 3.5 -43.90901
v 8.409014 3.5 -44.10014
v 10.59099 3.5 -45.89986
v 8.60014 3.5 -46.09099
v 10.59099 1.5 -45.89986
v 10.39986 1.5 -43.90901
v 8.409014 1.5 -44.10014
v 8.60014 1.5 -46.09099
v 8.409014 1.5 -44.10014
v 8.409014 3.5 -44.10014
v 8.60014 3.5 -46.09099
v 8.60014 1.5 -46.09099
v 10.59099 1.5 -45.89986
v 10.59099 3.5 -45.89986
v 10.39986 3.5 -43.90901
v 10.39986 1.5 -43.90901
f 14670 14672 14673
f 14670 14673 14671
f 14678 14674 14675
f 14678 14675 14679
f 14680 14676 14677
f 14680 14677 14681
f 14682 14683 14684
f 14682 14684 14685
f 14686 14687 14688
f 14686 14688 14689
f 14690 14691 14692
f 14690 14692 14693
v -37.41206 -3 -41.96178
v -40.03822 -3 -43.41206
v -37.41206 0 -41.96178
v -40.03822 0 -43.41206
v -35.96178 0 -44.58794
v -38.58794 0 -46.03822
v -35.96178 -3 -44.58794
v -38.58794 -3 -46.03822
v -37.41206 0 -41.96178
v -40.03822 0 -43.41206
v -35.96178 0 -44.58794
v -38.58794 0 -46.03822
v -35.96178 -3 -44.58794
v -37.41206 -3 -41.96178
v -40.03822 -3 -43.41206
v -38.58794 -3 -46.03822
v -40.03822 -3 -43.41206
v -40.03822 0 -43.41206
v -38.58794 0 -46.03822
v -38.58794 -3 -46.03822
v -35.96178 -3 -44.58794
v -35.96178 0 -44.58794
v -37.41206 0 -41.96178
v -37.41206 -3 -41.96178
f 14694 14696 14697
f 14694 14697 14695
f 14702 14698 14699
f 14702 14699 14703
f 14704 14700 14701
f 14704 14701 14705
f 14706 14707 14708
f 14706 14708 14709
f 14710 14711 14712
f 14710 14712 14713
f 14714 14715 14716
f 14714 14716 14717
v -21.11929 13 25.10599
v -22.6558 13 23.82571
v -21.11929 15 25.10599
v -22.6558 15 23.82571
v -19.839 15 23.56948
v -21.37551 15 22.28919
v -19.839 13 23.56948
v -21.37551 13 22.28919
v -21.11929 15 25.10599
v -22.6558 15 23.82571
v -19.839 15 23.56948
v -21.37551 15 22.28919
v -19.839 13 23.56948
v -21.11929 13 25.10599
v -22.6558 13 23.82571
v -21.37551 13 22.28919
v -22.6558 13 23.82571
v -22.6558 15 23.82571
v -21.37551 15 22.28919
v -21.37551 13 22.28919
v -19.839 13 23.56948
v -19.839 15 23.56948
v -21.11929 15 25.10599
v -21.11929 13 25.10599
f 14718 14720 14721
f 14718 14721 14719
f 14726 14722 14723
f 14726 14723 14727
f 14728 14724 14725
f 14728 14725 14729
f 14730 14731 14732
f 14730 14732 14733
f 14734 14735 14736
f 14734 14736 14737
f 14738 14739 14740
f 14738 14740 14741
v -34.92968 -7 -33.53763
v -37.46237 -7 -31.92968
v -34.92968 -4 -33.53763
v -37.46237 -4 -31.92968
v -36.53763 -4 -36.07032
v -39.07032 -4 -34.46237
v -36.53763 -7 -36.07032
v -39.07032 -7 -34.46237
v -34.92968 -4 -33.53763
v -37.46237 -4 -31.92968
v -36.53763 -4 -36.07032
v -39.07032 -4 -34.46237
v -36.53763 -7 -36.07032
v -34.92968 -7 -33.53763
v -37.46237 -7 -31.92968
v -39.07032 -7 -34.46237
v -37.46237 -7 -31.92968
v -37.46237 -4 -31.92968
v -39.07032 -4 -34.46237
v -39.07032 -7 -34.46237
v -36.53763 -7 -36.07032
v -36.53763 -4 -36.07032
v -34.92968 -4 -33.53763
v -34.92968 -7 -33.53763
f 14742 14744 14745
f 14742 14745 14743
f 14750 14746 14747
f 14750 14747 14751
f 14752 14748 14749
f 14752 14749 14753
f 14754 14755 14756
f 14754 14756 14757
f 14758 14759 14760
f 14758 14760 14761
f 14762 14763 14764
f 14762 14764 14765
