v 17 -20 -25
v 27 -20 -37
v 27 -20 -25
v 17 -20 -37
v 35 -20 -37
v 35 -20 -25
v 27 -20 -13
v 35 -20 -13
v 35 -4 -25
v 27 -4 -25
v 35 4 -25
v 27 4 -25
v 35 -4 -13
v 35 -4 -25
v 35 4 -13
v 35 4 -25
v 27 -4 -25
v 27 -4 -13
v 27 4 -25
v 27 4 -13
v 27 -4 -13
v 35 -4 -13
v 27 4 -13
v 35 4 -13
v 27 -20 -9
v 35 -20 -9
v 35 -4 -13
v 27 -4 -13
v 35 -8 -9
v 27 -8 -9
v 27 -20 -1
v 35 -20 -2
v 35 -20 -1
v 27 -20 -2
v 17 -20 -1
v 18 -20 -2
v 18 -20 -1
v 17 -20 -2
v 24 -20 -1
v 24 -20 -2
v 27 -20 -8
v 35 -20 -8
v 17 -20 -8
v 18 -20 -9
v 18 -20 -8
v 17 -20 -9
v 24 -20 -8
v 24 -20 -9
v 35 -20 -25
v 35 -20 -37
v 35 -12 -37
v 35 -12 -25
v 35 -4 -37
v 17 -12 -37
v 17 -20 -25
v 17 -12 -25
v 17 -20 -37
v 17 -4 -37
v 17 -4 -25
v 17 -20 -25
v 27 -20 -25
v 27 -12 -25
v 17 -12 -25
v 27 -4 -25
v 17 -4 -25
v 27 -20 -1
v 35 -20 -1
v 35 -14 -1
v 27 -14 -1
v 35 -8 -1
v 27 -8 -1
v 35 -12 -37
v 27 -20 -37
v 27 -12 -37
v 35 -20 -37
v 35 -4 -37
v 27 -4 -37
v 17 -20 -37
v 17 -12 -37
v 17 -4 -37
v 35 -20 -13
v 35 -12 -13
v 27 -12 -13
v 27 -12 -25
v 27 -20 -13
v 27 -20 -25
v 35 -14 -9
v 35 -20 -9
v 35 -8 -9
v 27 -8 -9
v 27 -14 -9
v 27 -20 -9
v 18 -15 -9
v 17 -20 -9
v 17 -14 -9
v 18 -20 -9
v 18 -10 -9
v 17 -10 -9
v 17 -20 -1
v 18 -20 -1
v 18 -15 -1
v 17 -14 -1
v 18 -10 -1
v 17 -10 -1
v 27 -14 -9
v 24 -20 -9
v 24 -15 -9
v 27 -20 -9
v 27 -8 -9
v 24 -10 -9
v 24 -20 -1
v 24 -15 -1
v 24 -10 -1
v 35 -20 -1
v 35 -20 -2
v 35 -14 -2
v 35 -14 -1
v 35 -8 -2
v 35 -8 -1
v 17 -15 -2
v 17 -20 -1
v 17 -14 -1
v 17 -20 -2
v 17 -10 -2
v 17 -10 -1
v 35 -20 -8
v 35 -14 -8
v 35 -8 -8
v 17 -14 -9
v 17 -20 -8
v 17 -15 -8
v 17 -20 -9
v 17 -10 -9
v 17 -10 -8
v 19 -20 -2
v 19 -20 -1
v 19 -20 -9
v 19 -20 -8
v 23 -20 -1
v 23 -20 -2
v 23 -20 -8
v 23 -20 -9
v 23 -10 -9
v 19 -14 -9
v 19 -10 -9
v 23 -14 -9
v 19 -14 -1
v 23 -14 -1
v 23 -10 -1
v 19 -10 -1
v 35 -20 -3
v 27 -20 -3
v 17 -20 -3
v 24 -20 -3
v 35 -20 -3
v 35 -14 -3
v 35 -8 -3
v 17 -10 -3
v 17 -14 -3
v 19 -20 -3
v 23 -20 -3
v 27 -20 -7
v 35 -20 -7
v 17 -20 -7
v 24 -20 -7
v 35 -20 -7
v 35 -14 -7
v 35 -8 -7
v 17 -10 -7
v 17 -14 -7
v 19 -20 -7
v 23 -20 -7
v 23 -14 -8
v 24 -15 -9
v 24 -15 -8
v 23 -14 -9
v 18 -20 -8
v 18 -20 -9
v 18 -15 -9
v 18 -15 -8
v 19 -14 -8
v 23 -14 -9
v 23 -14 -8
v 19 -14 -9
v 24 -15 -9
v 24 -20 -8
v 24 -15 -8
v 24 -20 -9
v 23 -14 -1
v 24 -15 -2
v 24 -15 -1
v 23 -14 -2
v 18 -20 -1
v 18 -20 -2
v 18 -15 -2
v 18 -15 -1
v 19 -14 -1
v 23 -14 -2
v 23 -14 -1
v 19 -14 -2
v 24 -15 -2
v 24 -20 -1
v 24 -15 -1
v 24 -20 -2
v 24 -15 -7
v 23 -14 -7
v 19 -14 -7
v 23 -14 -7
v 24 -20 -7
v 24 -15 -7
v 24 -15 -3
v 23 -14 -3
v 19 -14 -3
v 23 -14 -3
v 24 -15 -3
v 24 -20 -3
v 18.5 -10 -9
v 18.5 -14.5 -9
v 18.5 -14.5 -1
v 18.5 -10 -1
v 18.5 -14.5 -8
v 19 -14 -9
v 19 -14 -8
v 18.5 -14.5 -9
v 18 -15 -8
v 18 -15 -9
v 18.5 -14.5 -1
v 19 -14 -2
v 19 -14 -1
v 18.5 -14.5 -2
v 18 -15 -1
v 18 -15 -2
v 18 -14 -7
v 19 -14 -8
v 19 -14 -7
v 18.5 -14.5 -8
v 18 -15 -8
v 18 -14 -7
v 18.5 -14.5 -2
v 19 -14 -3
v 18 -14 -3
v 18 -15 -2
v 18 -14 -3
v 18.5 -14.5 -2
v 18 -14 -3
v 19 -14 -3
v 18 -14 -7
v 18 -14 -7
v 18 -14 -3
v 17 -14 -7
v 17 -14 -3
v 18 -14 -3
v 18 -15 -2
v 17 -14 -3
v 17 -15 -2
v 18 -15 -8
v 18 -14 -7
v 17 -15 -8
v 17 -14 -7
v 18 -20 -8
v 18 -15 -8
v 17 -20 -8
v 17 -15 -8
v 18 -15 -2
v 18 -20 -2
v 17 -15 -2
v 17 -20 -2
v 27 -4 -37
v 17 -4 -37
v 17 -4 -25
v 27 -4 -25
v 35 -4 -37
v 35 -4 -25
v 35 4 -25
v 27 4 -25
v 35 4 -13
v 27 4 -13
v 35 -8 -2
v 27 -8 -2
v 27 -8 -1
v 35 -8 -1
v 18 -10 -2
v 17 -10 -2
v 17 -10 -1
v 18 -10 -1
v 27 -8 -2
v 24 -10 -2
v 24 -10 -1
v 27 -8 -1
v 35 -8 -9
v 27 -8 -9
v 27 -8 -8
v 35 -8 -8
v 18 -10 -9
v 17 -10 -9
v 17 -10 -8
v 18 -10 -8
v 27 -8 -9
v 24 -10 -9
v 24 -10 -8
v 27 -8 -8
v 24 -10 -2
v 23 -10 -2
v 23 -10 -1
v 24 -10 -1
v 19 -10 -2
v 19 -10 -1
v 24 -10 -9
v 23 -10 -9
v 23 -10 -8
v 24 -10 -8
v 19 -10 -9
v 19 -10 -8
v 35 -8 -3
v 27 -8 -3
v 18 -10 -3
v 17 -10 -3
v 27 -8 -3
v 24 -10 -3
v 24 -10 -3
v 23 -10 -3
v 19 -10 -3
v 27 -8 -7
v 35 -8 -7
v 17 -10 -7
v 18 -10 -7
v 24 -10 -7
v 27 -8 -7
v 23 -10 -7
v 24 -10 -7
v 19 -10 -7
v 18.5 -10 -2
v 18.5 -10 -1
v 18.5 -10 -9
v 18.5 -10 -8
v 18.5 -10 -3
v 18.5 -10 -7
f 1 2 3
f 1 4 2
f 3 5 6
f 3 2 5
f 3 6 7
f 6 8 7
f 9 10 11
f 10 12 11
f 13 14 15
f 14 16 15
f 17 18 19
f 18 20 19
f 21 22 23
f 22 24 23
f 7 8 25
f 8 26 25
f 27 28 29
f 28 30 29
f 31 32 33
f 31 34 32
f 35 36 37
f 35 38 36
f 39 34 31
f 39 40 34
f 41 26 42
f 41 25 26
f 43 44 45
f 43 46 44
f 47 25 41
f 47 48 25
f 49 50 51
f 52 49 51
f 52 51 53
f 14 52 53
f 54 55 56
f 54 57 55
f 58 56 59
f 58 54 56
f 60 61 62
f 63 60 62
f 63 62 64
f 65 63 64
f 66 67 68
f 69 66 68
f 69 68 70
f 71 69 70
f 72 73 74
f 72 75 73
f 76 74 77
f 76 72 74
f 74 78 79
f 74 73 78
f 77 79 80
f 77 74 79
f 81 49 52
f 82 81 52
f 82 52 14
f 13 82 14
f 17 83 18
f 17 84 83
f 84 85 83
f 84 86 85
f 87 88 81
f 87 81 82
f 89 87 82
f 89 82 13
f 18 83 90
f 83 91 90
f 83 85 91
f 85 92 91
f 93 94 95
f 93 96 94
f 97 95 98
f 97 93 95
f 99 100 101
f 102 99 101
f 102 101 103
f 104 102 103
f 105 106 107
f 105 108 106
f 109 107 110
f 109 105 107
f 111 66 69
f 112 111 69
f 112 69 71
f 113 112 71
f 114 115 116
f 117 114 116
f 117 116 118
f 119 117 118
f 120 121 122
f 120 123 121
f 124 122 125
f 124 120 122
f 126 88 87
f 127 126 87
f 127 87 89
f 128 127 89
f 129 130 131
f 129 132 130
f 133 131 134
f 133 129 131
f 37 135 136
f 37 36 135
f 45 137 138
f 45 44 137
f 139 40 39
f 139 140 40
f 136 140 139
f 136 135 140
f 141 48 47
f 141 142 48
f 138 142 141
f 138 137 142
f 143 144 145
f 143 146 144
f 110 146 143
f 110 107 146
f 147 148 149
f 150 147 149
f 148 112 113
f 149 148 113
f 34 151 32
f 34 152 151
f 38 153 36
f 40 152 34
f 40 154 152
f 115 155 156
f 116 115 156
f 116 156 157
f 118 116 157
f 158 120 124
f 158 159 120
f 36 160 135
f 140 154 40
f 140 161 154
f 135 161 140
f 135 160 161
f 162 42 163
f 162 41 42
f 152 163 151
f 152 162 163
f 164 43 45
f 165 41 162
f 165 47 41
f 154 162 152
f 154 165 162
f 155 166 167
f 156 155 167
f 166 126 127
f 167 166 127
f 156 167 168
f 157 156 168
f 167 127 128
f 168 167 128
f 169 159 158
f 169 170 159
f 134 170 169
f 134 131 170
f 45 138 171
f 36 171 160
f 36 45 171
f 172 47 165
f 172 141 47
f 161 165 154
f 161 172 165
f 171 141 172
f 171 138 141
f 160 172 161
f 160 171 172
f 173 174 175
f 173 176 174
f 177 178 179
f 180 177 179
f 181 182 183
f 181 184 182
f 185 186 187
f 185 188 186
f 189 190 191
f 189 192 190
f 193 194 195
f 196 193 195
f 197 198 199
f 197 200 198
f 201 202 203
f 201 204 202
f 205 206 173
f 205 173 175
f 207 183 208
f 207 181 183
f 187 209 210
f 187 186 209
f 192 211 190
f 192 212 211
f 212 205 211
f 212 206 205
f 213 208 214
f 213 207 208
f 200 214 198
f 200 213 214
f 215 204 201
f 215 216 204
f 210 216 215
f 210 209 216
f 97 217 218
f 97 218 93
f 217 145 144
f 217 144 218
f 101 219 103
f 219 220 103
f 219 147 220
f 147 150 220
f 221 222 223
f 221 224 222
f 225 224 221
f 225 226 224
f 227 228 229
f 227 230 228
f 231 230 227
f 231 232 230
f 233 234 235
f 233 236 234
f 237 236 238
f 239 240 228
f 239 241 240
f 242 243 244
f 245 235 246
f 245 247 235
f 248 249 250
f 249 251 250
f 252 253 254
f 253 255 254
f 256 257 258
f 257 259 258
f 260 261 262
f 261 263 262
f 264 265 266
f 265 267 266
f 268 269 270
f 271 268 270
f 272 268 271
f 273 272 271
f 274 275 276
f 275 277 276
f 278 279 280
f 281 278 280
f 282 283 284
f 285 282 284
f 286 287 288
f 289 286 288
f 290 291 292
f 293 290 292
f 294 295 296
f 297 294 296
f 298 299 300
f 301 298 300
f 302 303 304
f 305 302 304
f 303 306 307
f 304 303 307
f 308 309 310
f 311 308 310
f 309 312 313
f 310 309 313
f 314 315 279
f 278 314 279
f 316 317 283
f 282 316 283
f 318 319 287
f 286 318 287
f 320 321 303
f 302 320 303
f 321 322 306
f 303 321 306
f 293 292 323
f 324 293 323
f 324 323 315
f 314 324 315
f 297 296 325
f 326 297 325
f 326 325 317
f 316 326 317
f 301 300 327
f 328 301 327
f 328 327 319
f 318 328 319
f 311 310 329
f 330 311 329
f 330 329 321
f 320 330 321
f 310 313 331
f 329 310 331
f 329 331 322
f 321 329 322
f 306 332 333
f 307 306 333
f 332 282 285
f 333 332 285
f 312 334 335
f 313 312 335
f 334 294 297
f 335 334 297
f 322 336 332
f 306 322 332
f 336 316 282
f 332 336 282
f 313 335 337
f 331 313 337
f 335 297 326
f 337 335 326
f 331 337 336
f 322 331 336
f 337 326 316
f 336 337 316
v -21 -12 27
v -13 -12 27
v -21 -8 27
v -13 -8 27
v -15 -12 19
v -21 -12 19
v -15 -8 19
v -21 -8 19
v -13 -12 27
v -13 -12 25
v -13 -8 25
v -13 -8 27
v -25 -8 25
v -25 -12 27
v -25 -8 27
v -25 -12 25
v -21 -12 27
v -13 -12 25
v -13 -12 27
v -21 -12 25
v -25 -12 27
v -25 -8 27
v -25 -12 25
v -25 -12 27
v -21 -8 25
v -21 -12 25
v -21 -12 19
v -21 -12 19
v -25 -12 19
v -25 -12 19
v -13 -12 21
v -13 -8 21
v -13 -12 21
v -15 -12 19
v -15 -8 19
v -13 -8 21
v -21 -8 21
v -21 -12 25
v -21 -8 25
v -21 -12 21
v -21 -8 19
v -21 -12 19
v -21 -12 21
v -15 -12 19
v -13 -12 21
v -13 -8 25
v -21 -8 25
v -21 -8 27
v -13 -8 27
v -25 -8 27
v -25 -8 25
v -25 -8 25
v -21 -8 25
v -25 -12 19
v -21 -12 19
v -15 -8 19
v -21 -8 19
v -21 -8 21
v -13 -8 21
f 338 339 340
f 339 341 340
f 342 343 344
f 343 345 344
f 346 347 348
f 349 346 348
f 350 351 352
f 350 353 351
f 354 355 356
f 354 357 355
f 338 340 358
f 340 359 358
f 357 354 360
f 354 361 360
f 362 363 364
f 357 360 365
f 360 366 365
f 353 350 367
f 347 368 369
f 348 347 369
f 370 371 372
f 373 370 372
f 374 375 376
f 374 377 375
f 378 377 374
f 378 379 377
f 380 381 382
f 380 365 381
f 357 382 355
f 357 380 382
f 383 384 385
f 386 383 385
f 385 384 387
f 384 388 387
f 389 390 391
f 390 392 391
f 393 394 395
f 396 393 395
f 396 395 384
f 383 396 384
v -33 -14 -26
v -23 -14 -26
v -33 -8 -26
v -23 -8 -26
v -23 -14 -26
v -23 -14 -32
v -23 -8 -26
v -23 -8 -32
v -23 -14 -32
v -33 -14 -32
v -23 -8 -32
v -33 -8 -32
v -33 -14 -32
v -33 -14 -26
v -33 -8 -32
v -33 -8 -26
v -33 -14 -32
v -23 -14 -32
v -33 -14 -26
v -23 -14 -26
v -33 -8 -26
v -23 -8 -26
v -33 -8 -32
v -23 -8 -32
f 397 398 399
f 398 400 399
f 401 402 403
f 402 404 403
f 405 406 407
f 406 408 407
f 409 410 411
f 410 412 411
f 413 414 415
f 414 416 415
f 417 418 419
f 418 420 419
v 5.99975 -21 21
v 6.000207 -21 27
v 2.999748 -21 21
v 3.000204 -21 27
v 2.999748 -21 21
v 3.000204 -21 27
v 3.000204 -19 27
v 2.999748 -19 21
v 3.000204 -21 27
v 6.000207 -21 27
v 6.000207 -19 27
v 3.000204 -19 27
v 6.000208 -16 27
v 8.000002 -19 27
v 8.000003 -21 21
v 8.000003 -19 21
v 8.000002 -21 27
v 8.000003 -14 27
v 8.000004 -14 21
v 5.99975 -19 21
v 2.999748 -21 21
v 2.999748 -19 21
v 5.99975 -21 21
v 5.999751 -16 21
v 8.000003 -19 21
v 8.000004 -14 21
v 5.999751 -16 21
v 6.000208 -16 27
v 8.000004 -14 21
v 8.000003 -14 27
v 8.000003 -14 27
v 8.000002 -19 27
v 8.000002 -21 27
v 8.000003 -21 21
v 8.000002 -21 27
v 8.000003 -21 21
v 2.999748 -19 21
v 3.000204 -19 27
v 5.999751 -16 21
v 6.000208 -16 27
f 421 422 423
f 422 424 423
f 425 426 427
f 428 425 427
f 429 430 431
f 432 429 431
f 432 431 433
f 434 435 436
f 434 437 435
f 438 436 439
f 438 434 436
f 440 441 442
f 440 443 441
f 444 440 442
f 440 444 445
f 444 446 445
f 447 448 449
f 448 450 449
f 433 431 451
f 431 452 451
f 431 430 452
f 430 453 452
f 443 440 454
f 440 445 454
f 422 421 455
f 421 456 455
f 457 458 459
f 458 460 459
v -19 -10.25 2
v -18.99999 -10.25 0
v -19 -10 2
v -18.99999 -10 0
v -18.99999 -10.25 0
v -29 -7.25 -1.19226E-07
v -18.99999 -10 0
v -29 -7 -1.19226E-07
v -29 -7.25 -1.19226E-07
v -29 -7.25 2
v -29 -7 -1.19226E-07
v -29 -7 2
v -29 -7.25 2
v -19 -10.25 2
v -29 -7 2
v -19 -10 2
v -19 -10 2
v -18.99999 -10 0
v -29 -7 2
v -29 -7 -1.19226E-07
v -29 -7.25 2
v -29 -7.25 -1.19226E-07
v -19 -10.25 2
v -18.99999 -10.25 0
f 461 462 463
f 462 464 463
f 465 466 467
f 466 468 467
f 469 470 471
f 470 472 471
f 473 474 475
f 474 476 475
f 477 478 479
f 478 480 479
f 481 482 483
f 482 484 483
v -36.99988 -17 30
v -36.99994 -17 17.50006
v -39.99988 -14 30
v -39.99995 -14 17.49987
v -39.99988 -20.5 30
v -39.99995 -20.5 17.49987
v -35.00013 -20.5 30
v -34.99974 -20.5 17.50019
v -34.99974 -19 17.50019
v -39.99995 -19 17.49987
v -39.99995 -17 17.49987
v -36.99994 -17 17.50006
v -39.99995 -14 17.49987
v -41.99974 -17 17.49974
v -42.00013 -19 30
v -42.00013 -17 30
v -41.99974 -19 17.49974
v -41.99974 -12 17.49974
v -42.00013 -12 30
v -39.99988 -17 30
v -35.00013 -19 30
v -36.99988 -17 30
v -39.99988 -19 30
v -39.99988 -14 30
v -42.00013 -17 30
v -42.00013 -12 30
v -42.00013 -12 30
v -41.99974 -12 17.49974
v -41.99974 -12 17.49974
v -41.99974 -17 17.49974
v -41.99974 -19 17.49974
v -39.99988 -19 30
v -42.00013 -19 30
v -41.99974 -20.5 17.49974
v -42.00013 -20.5 30
v -41.99974 -20.5 17.49974
v -39.99995 -20.5 17.49987
v -35.00013 -19 30
v -35.00013 -20.5 30
v -39.99988 -20.5 30
v -34.99974 -20.5 17.50019
v -34.99974 -19 17.50019
v -35.00013 -19 30
v -34.99974 -20.5 17.50019
v -35.00013 -20.5 30
v -42.00013 -20.5 30
v -42.00013 -20.5 30
v -41.99974 -20.5 17.49974
v -35.00013 -19 30
v -34.99974 -19 17.50019
v -36.99994 -17 17.50006
v -36.99988 -17 30
f 485 486 487
f 486 488 487
f 489 490 491
f 490 492 491
f 493 494 495
f 496 493 495
f 496 495 497
f 498 499 500
f 498 501 499
f 502 500 503
f 502 498 500
f 504 505 506
f 504 507 505
f 508 504 506
f 504 508 509
f 508 510 509
f 487 488 511
f 488 512 511
f 497 495 513
f 495 514 513
f 495 494 514
f 494 515 514
f 516 504 517
f 504 509 517
f 490 489 518
f 489 519 518
f 515 494 520
f 494 521 520
f 522 516 523
f 516 524 523
f 494 493 521
f 493 525 521
f 526 527 528
f 527 529 528
f 516 517 524
f 517 530 524
f 499 501 531
f 501 532 531
f 533 534 535
f 536 533 535
v 14 -4 27
v 20 -4 27
v 14 -2 27
v 20 -2 27
v 20 -4 27
v 20 -4 21
v 20 -2 27
v 20 -2 21
v 20 -4 21
v 14 -4 21
v 20 -2 21
v 14 -2 21
v 14 -4 21
v 14 -4 27
v 14 -2 21
v 14 -2 27
v 14 -4 21
v 20 -4 21
v 14 -4 27
v 20 -4 27
v 14 -2 27
v 20 -2 27
v 14 -2 21
v 20 -2 21
f 537 538 539
f 538 540 539
f 541 542 543
f 542 544 543
f 545 546 547
f 546 548 547
f 549 550 551
f 550 552 551
f 553 554 555
f 554 556 555
f 557 558 559
f 558 560 559
v 9 -20 5
v 9 -20 -1
v 9 -18 -1
v 9 -18 5
v 9 -20 -1
v 7 -20 -3
v 7 -18 -3
v 9 -18 -1
v -1 -18 -5
v -1 -20 -1
v -1 -18 -1
v -1 -20 -5
v -1 -20 5
v -1 -18 5
v -1 -12 -5
v -1 -12 -1
v -1 -12 5
v 9 -12 -1
v 9 -12 5
v 7 -12 -3
v 9 -12 -1
v -1 -20 5
v 5 -20 5
v 5 -18 5
v -1 -18 5
v 9 -20 5
v 9 -18 5
v 7 -18 -3
v 5 -20 -5
v 5 -18 -5
v 7 -20 -3
v 5 -18 -5
v -1 -20 -5
v -1 -18 -5
v 5 -20 -5
v 5 -12 5
v -1 -12 5
v 9 -12 5
v 7 -12 -3
v 5 -12 -5
v 5 -12 -5
v -1 -12 -5
v 5 -20 -1
v 7 -20 -3
v 9 -20 -1
v 5 -20 -5
v -1 -20 -1
v -1 -20 -5
v 5 -20 5
v 9 -20 5
v -1 -20 5
v 9 -12 -1
v 5 -12 -1
v 5 -12 5
v 9 -12 5
v -1 -12 -1
v -1 -12 5
v 7 -12 -3
v 5 -12 -5
v -1 -12 -5
f 561 562 563
f 564 561 563
f 565 566 567
f 568 565 567
f 569 570 571
f 569 572 570
f 571 573 574
f 571 570 573
f 575 571 576
f 575 569 571
f 576 574 577
f 576 571 574
f 564 563 578
f 579 564 578
f 568 567 580
f 581 568 580
f 582 583 584
f 585 582 584
f 583 586 587
f 584 583 587
f 588 589 590
f 588 591 589
f 592 593 594
f 592 595 593
f 585 584 596
f 597 585 596
f 584 587 598
f 596 584 598
f 599 590 600
f 599 588 590
f 601 594 602
f 601 592 594
f 603 604 605
f 603 606 604
f 607 606 603
f 607 608 606
f 609 605 610
f 609 603 605
f 611 603 609
f 611 607 603
f 612 613 614
f 615 612 614
f 613 616 617
f 614 613 617
f 618 619 613
f 612 618 613
f 619 620 616
f 613 619 616
v 19 -21 -24.99994
v 23 -21 -25.00008
v 19 -21 -21.99993
v 23 -21 -22.00008
v 19 -21 -21.99993
v 23 -21 -22.00008
v 23 -19 -22.00008
v 19 -19 -21.99993
v 23 -21 -22.00008
v 23 -21 -25.00008
v 23 -19 -25.00008
v 23 -19 -22.00008
v 23 -17 -24.99988
v 23 -19 -27.99988
v 19 -21 -28.00019
v 19 -19 -28.00019
v 23 -21 -27.99988
v 23 -15 -27.99988
v 19 -15 -28.00019
v 17 -19 -25
v 14 -21 -22
v 14 -19 -22
v 17 -21 -25
v 17 -17 -25
v 17 -19 -25
v 17 -17 -25
v 17 -19 -25
v 17 -17 -25
v 17 -15 -25
v 17 -19 -25
v 19 -17 -25.00019
v 23 -17 -24.99988
v 19 -15 -28.00019
v 23 -15 -27.99988
v 23 -15 -27.99988
v 23 -19 -27.99988
v 23 -21 -27.99988
v 17 -21 -25
v 17 -19 -25
v 17 -21 -25
v 17 -19 -25
v 17 -19 -25
v 17 -21 -25
v 23 -21 -27.99988
v 19 -21 -28.00019
v 19 -19 -28.00019
v 19 -21 -28.00019
v 17 -19 -25
v 17 -21 -25
v 19 -17 -25.00019
v 19 -15 -28.00019
v 17 -17 -25
v 17 -15 -25
v 19 -15 -28.00019
v 17 -15 -25
v 17 -21 -25
v 14 -21 -22
v 19 -21 -24.99994
v 17 -21 -25
v 19 -21 -24.99994
v 17 -21 -25
v 17 -21 -25
v 19 -21 -21.99993
v 19 -19 -21.99993
v 14 -21 -22
v 14 -19 -22
v 19 -19 -21.99993
v 23 -19 -22.00008
v 19 -17 -25.00019
v 23 -17 -24.99988
v 19 -17 -25.00019
v 14 -19 -22
v 17 -17 -25
f 621 622 623
f 622 624 623
f 625 626 627
f 628 625 627
f 629 630 631
f 632 629 631
f 632 631 633
f 634 635 636
f 634 637 635
f 638 636 639
f 638 634 636
f 640 641 642
f 640 643 641
f 644 640 642
f 645 646 647
f 648 649 650
f 651 652 653
f 652 654 653
f 633 631 655
f 631 656 655
f 631 630 656
f 630 657 656
f 658 659 660
f 661 662 663
f 622 621 664
f 621 665 664
f 666 667 668
f 667 669 668
f 670 671 672
f 671 673 672
f 674 666 675
f 666 668 675
f 621 623 676
f 623 677 676
f 665 678 679
f 680 681 682
f 683 684 685
f 684 686 685
f 687 688 689
f 688 690 689
f 687 691 692
f 691 693 692
v 16.99975 -21 -33
v 17.00021 -21 -27
v 13.99975 -21 -33
v 14.0002 -21 -27
v 14 -21 -22
v 17 -21 -25
v 17 -19 -25
v 14 -19 -22
v 17 -17 -25
v 20 -19 -27
v 20.00001 -21 -33
v 20.00001 -19 -33
v 20 -21 -27
v 20 -15 -27
v 20.00001 -15 -33
v 16.99975 -19 -33
v 17 -17 -33
v 20.00001 -19 -33
v 20.00001 -15 -33
v 17 -17 -33
v 17 -17 -27
v 20.00001 -15 -33
v 20 -15 -27
v 17 -17 -25
v 17 -19 -25
v 20 -15 -27
v 20 -19 -27
v 17 -21 -25
v 20 -21 -27
v 16.99975 -21 -33
v 16.99975 -19 -33
v 20.00001 -21 -33
v 20.00001 -19 -33
v 20 -21 -27
v 20.00001 -21 -33
v 20 -21 -27
v 17 -21 -25
v 20 -21 -27
v 20 -15 -27
v 17 -17 -27
v 20 -15 -27
v 17 -17 -27
v 17 -17 -25
v 20 -15 -27
v 14 -21 -22
v 17 -21 -25
v 20 -19 -27
v 20 -15 -27
v 20 -19 -27
v 20 -15 -27
v 20 -15 -27
v 20 -19 -27
v 20 -21 -27
v 20 -19 -27
v 20 -21 -27
v 20 -19 -27
v 20 -19 -27
v 20 -21 -27
v 13.99975 -19 -33
v 14.0002 -19 -27
v 17 -17 -33
v 17 -17 -27
v 17 -17 -27
v 17 -17 -25
v 14 -19 -22
v 13.99975 -21 -33
v 14.0002 -21 -27
v 14.0002 -19 -27
v 13.99975 -19 -33
v 16.99975 -19 -33
v 13.99975 -21 -33
v 13.99975 -19 -33
v 16.99975 -21 -33
v 17 -17 -33
v 14.0002 -19 -27
v 14.0002 -21 -27
v 14 -19 -22
v 14 -21 -22
f 694 695 696
f 695 697 696
f 698 699 700
f 701 698 700
f 701 700 702
f 703 704 705
f 703 706 704
f 707 705 708
f 707 703 705
f 709 710 711
f 710 712 711
f 713 714 715
f 714 716 715
f 717 718 719
f 718 720 719
f 718 721 720
f 721 722 720
f 723 724 725
f 724 726 725
f 695 694 727
f 694 728 727
f 695 729 730
f 729 731 730
f 732 733 734
f 735 736 737
f 697 695 738
f 695 739 738
f 740 741 742
f 743 744 745
f 746 747 748
f 749 750 751
f 752 753 754
f 753 755 754
f 756 753 757
f 753 758 757
f 759 760 761
f 762 759 761
f 763 764 765
f 763 766 764
f 767 763 765
f 768 769 770
f 769 771 770
v 27 -20 -13
v 27 -20 -15
v 27 -12 -15
v 27 -12 -13
v 27 -20 -25
v 27 -12 -25
v 23 -12 -25
v 23 -20 -15
v 23 -12 -15
v 23 -20 -25
v 23 -12 -15
v 25 -20 -13
v 25 -12 -13
v 23 -20 -15
v 25 -20 -13
v 27 -20 -13
v 27 -12 -13
v 25 -12 -13
v 27 -12 -25
v 25 -20 -25
v 25 -12 -25
v 27 -20 -25
v 23 -20 -25
v 23 -12 -25
v 25 -20 -15
v 27 -20 -25
v 27 -20 -15
v 25 -20 -25
v 23 -20 -15
v 23 -20 -25
v 25 -20 -13
v 27 -20 -13
v 27 -12 -15
v 25 -12 -15
v 25 -12 -13
v 27 -12 -13
v 23 -12 -15
v 27 -12 -25
v 25 -12 -25
v 23 -12 -25
f 772 773 774
f 775 772 774
f 773 776 777
f 774 773 777
f 778 779 780
f 778 781 779
f 782 783 784
f 782 785 783
f 786 787 788
f 789 786 788
f 790 791 792
f 790 793 791
f 792 794 795
f 792 791 794
f 796 797 798
f 796 799 797
f 800 799 796
f 800 801 799
f 802 798 803
f 802 796 798
f 802 800 796
f 804 805 806
f 807 804 806
f 805 808 806
f 809 810 805
f 804 809 805
f 810 811 808
f 805 810 808
v 19.00001 -21 15.99974
v 11 -21 16.00022
v 19 -21 12.99974
v 11 -21 13.00022
v 19 -21 12.99974
v 11 -21 13.00022
v 11 -19 13.00022
v 19 -19 12.99974
v 11 -21 13.00022
v 11 -21 16.00022
v 11 -19 16.00022
v 11 -19 13.00022
v 11 -16 16.00022
v 11 -19 18.00001
v 19.00001 -21 18
v 19.00001 -19 18
v 11 -21 18.00001
v 11 -14 18.00002
v 19.00001 -14 18
v 19.00001 -19 15.99974
v 19 -21 12.99974
v 19 -19 12.99974
v 19.00001 -21 15.99974
v 19.00001 -16 15.99974
v 19.00001 -19 18
v 19.00001 -14 18
v 19.00001 -16 15.99974
v 11 -16 16.00022
v 19.00001 -14 18
v 11 -14 18.00002
v 11 -14 18.00002
v 11 -19 18.00001
v 11 -21 18.00001
v 19.00001 -21 18
v 11 -21 18.00001
v 19.00001 -21 18
v 19 -19 12.99974
v 11 -19 13.00022
v 19.00001 -16 15.99974
v 11 -16 16.00022
f 812 813 814
f 813 815 814
f 816 817 818
f 819 816 818
f 820 821 822
f 823 820 822
f 823 822 824
f 825 826 827
f 825 828 826
f 829 827 830
f 829 825 827
f 831 832 833
f 831 834 832
f 835 831 833
f 831 835 836
f 835 837 836
f 838 839 840
f 839 841 840
f 824 822 842
f 822 843 842
f 822 821 843
f 821 844 843
f 834 831 845
f 831 836 845
f 813 812 846
f 812 847 846
f 848 849 850
f 849 851 850
v 27.00106 -21 29.00035
v 26.99879 -21 11
v 30.00105 -21 28.99982
v 29.99879 -21 11
v 30.00105 -21 28.99982
v 29.99879 -21 11
v 29.99879 -19 11
v 30.00105 -19 28.99982
v 29.99879 -21 11
v 26.99879 -21 11
v 26.99879 -19 11
v 29.99879 -19 11
v 26.99879 -17 11
v 26.5 -18.5 11.00014
v 26.5 -20.5 29.00048
v 26.5 -18.5 29.00048
v 26.5 -20.5 11.00014
v 26.5 -16.5 11.00014
v 26.5 -16.5 29.00048
v 27.00106 -19 29.00035
v 30.00105 -21 28.99982
v 30.00105 -19 28.99982
v 27.00106 -21 29.00035
v 27.00106 -17 29.00035
v 27.00106 -19 29.00035
v 27.00106 -17 29.00035
v 26.5 -18.5 29.00048
v 26.5 -16.5 29.00048
v 27.00106 -17 29.00035
v 26.99879 -17 11
v 26.5 -16.5 29.00048
v 26.5 -16.5 11.00014
v 26.99879 -17 11
v 26.99879 -19 11
v 26.5 -16.5 11.00014
v 26.5 -18.5 11.00014
v 26.99879 -21 11
v 26.5 -20.5 11.00014
v 27.00106 -21 29.00035
v 26.5 -20.5 29.00048
v 26.99879 -21 11
v 27.00106 -21 29.00035
v 26.5 -20.5 11.00014
v 26.5 -20.5 29.00048
v 30.00105 -19 28.99982
v 29.99879 -19 11
v 27.00106 -17 29.00035
v 26.99879 -17 11
f 852 853 854
f 853 855 854
f 856 857 858
f 859 856 858
f 860 861 862
f 863 860 862
f 863 862 864
f 865 866 867
f 865 868 866
f 869 867 870
f 869 865 867
f 871 872 873
f 871 874 872
f 875 871 873
f 876 877 878
f 877 879 878
f 880 881 882
f 881 883 882
f 884 885 886
f 885 887 886
f 885 888 887
f 888 889 887
f 890 876 891
f 876 878 891
f 892 893 894
f 893 895 894
f 896 897 898
f 897 899 898
v -4.000252 -20 -2
v -3.999796 -20 4.000001
v -1.000249 -17 -2
v -0.9997922 -17 4.000001
v -1.00025 -22 -2
v -0.9997929 -22 4.000001
v -6 -22 -2.000001
v -6 -22 4.000002
v -6 -22 -2.000001
v -6 -22 4.000002
v -3.999796 -20 4.000001
v -4.000252 -20 -2
v -6 -22 4.000002
v -0.9997929 -22 4.000001
v -0.9997929 -20 4.000001
v -3.999796 -20 4.000001
v -0.9997922 -17 4.000001
v 1.000002 -20 4.000001
v 1.000003 -22 -2
v 1.000003 -20 -2
v 1.000002 -22 4.000001
v 1.000003 -15 4.000001
v 1.000004 -15 -2
v -1.00025 -20 -2
v -6 -22 -2.000001
v -4.000252 -20 -2
v -1.00025 -22 -2
v -1.000249 -17 -2
v -1.00025 -20 -2
v -1.000249 -17 -2
v 1.000003 -20 -2
v 1.000004 -15 -2
v 1.000004 -15 -2
v 1.000003 -15 4.000001
v 1.000003 -15 4.000001
v 1.000002 -20 4.000001
v 1.000002 -22 4.000001
v 1.000003 -22 -2
v 1.000002 -22 4.000001
v 1.000003 -22 -2
f 900 901 902
f 901 903 902
f 904 905 906
f 905 907 906
f 908 909 910
f 911 908 910
f 912 913 914
f 915 912 914
f 915 914 916
f 917 918 919
f 917 920 918
f 921 919 922
f 921 917 919
f 923 924 925
f 923 926 924
f 927 923 925
f 928 929 930
f 929 931 930
f 902 903 932
f 903 933 932
f 916 914 934
f 914 935 934
f 914 913 935
f 913 936 935
f 926 928 937
f 928 930 937
f 905 904 938
f 904 939 938
v -37 -9 7
v -33 -9 7
v -33 -7 7
v -37 -7 7
v -31 -9 7
v -31 -7 7
v -31 -7 -5
v -33 -9 -5
v -33 -7 -5
v -31 -9 -5
v -37 -9 -5
v -37 -7 -5
v -29 -9 5
v -29 -9 3
v -29 -7 3
v -29 -7 5
v -37 -7 3
v -37 -9 5
v -37 -7 5
v -37 -9 3
v -42 -12 5
v -38 -12 3
v -38 -12 5
v -42 -12 3
v -25 -20 5
v -23 -20 3
v -23 -20 5
v -25 -20 3
v -29 -9 -1
v -29 -7 -1
v -29 -9 -3
v -29 -7 -3
v -37 -7 -1
v -37 -9 -1
v -37 -7 -3
v -37 -9 -3
v -42 -12 -1
v -38 -12 -3
v -38 -12 -1
v -42 -12 -3
v -25 -20 -1
v -23 -20 -3
v -23 -20 -1
v -25 -20 -3
v -33 -9 3
v -29 -9 -1
v -29 -9 3
v -33 -9 -1
v -29 -9 -3
v -29 -9 -1
v -23 -20 -3
v -23 -20 -1
v -29 -9 -1
v -33 -9 -1
v -23 -20 -1
v -25 -20 -1
v -33 -9 -1
v -33 -9 -3
v -25 -20 -1
v -25 -20 -3
v -33 -9 -3
v -29 -9 -3
v -25 -20 -3
v -23 -20 -3
v -29 -9 3
v -29 -9 5
v -23 -20 3
v -23 -20 5
v -29 -9 5
v -33 -9 5
v -23 -20 5
v -25 -20 5
v -33 -9 5
v -33 -9 3
v -25 -20 5
v -25 -20 3
v -33 -9 3
v -29 -9 3
v -25 -20 3
v -23 -20 3
v -37 -7 -5
v -37 -9 -5
v -38 -12 -5
v -42 -12 -5
v -29 -9 -3
v -31 -9 -5
v -31 -7 -5
v -29 -7 -3
v -33 -9 -3
v -31 -9 -5
v -29 -9 -3
v -33 -9 -5
v -33 -9 5
v -29 -9 5
v -33 -9 7
v -31 -9 7
v -29 -9 5
v -29 -7 5
v -31 -9 7
v -31 -7 7
v -37 -7 7
v -37 -9 7
v -42 -12 7
v -38 -12 7
v -33 -9 -1
v -33 -9 3
v -38 -12 -1
v -38 -12 3
v -33 -9 5
v -33 -9 7
v -38 -12 5
v -38 -12 7
v -37 -9 3
v -37 -9 -1
v -42 -12 3
v -42 -12 -1
v -37 -9 -3
v -42 -12 -3
v -37 -9 7
v -37 -9 5
v -42 -12 7
v -42 -12 5
v -38 -12 7
v -42 -12 7
v -33 -9 -3
v -38 -12 -3
v -37 -9 -5
v -42 -12 -5
v -33 -9 -5
v -38 -12 -5
v -42 -12 -5
v -38 -12 -5
v -33 -7 3
v -37 -7 3
v -37 -7 5
v -33 -7 5
v -29 -7 3
v -29 -7 5
v -33 -7 -3
v -37 -7 -3
v -37 -7 -1
v -33 -7 -1
v -29 -7 -3
v -29 -7 -1
v -33 -7 -5
v -37 -7 -5
v -31 -7 -5
v -31 -7 7
v -33 -7 7
v -37 -7 7
f 940 941 942
f 943 940 942
f 941 944 945
f 942 941 945
f 946 947 948
f 946 949 947
f 948 950 951
f 948 947 950
f 952 953 954
f 955 952 954
f 956 957 958
f 956 959 957
f 960 961 962
f 960 963 961
f 964 965 966
f 964 967 965
f 953 968 969
f 954 953 969
f 968 970 971
f 969 968 971
f 972 959 956
f 972 973 959
f 974 973 972
f 974 975 973
f 976 977 978
f 976 979 977
f 963 978 961
f 963 976 978
f 980 981 982
f 980 983 981
f 984 985 986
f 984 987 985
f 988 989 990
f 989 991 990
f 992 993 994
f 993 995 994
f 996 997 998
f 997 999 998
f 1000 1001 1002
f 1001 1003 1002
f 1004 1005 1006
f 1005 1007 1006
f 1008 1009 1010
f 1009 1011 1010
f 1012 1013 1014
f 1013 1015 1014
f 1016 1017 1018
f 1017 1019 1018
f 1020 975 974
f 1020 1021 975
f 979 1022 977
f 979 1023 1022
f 1024 1025 1026
f 1027 1024 1026
f 1028 1029 1030
f 1028 1031 1029
f 1032 1033 1034
f 1033 1035 1034
f 1036 1037 1038
f 1037 1039 1038
f 958 957 1040
f 957 1041 1040
f 960 962 1042
f 962 1043 1042
f 1044 1045 1046
f 1045 1047 1046
f 1048 1049 1050
f 1049 1051 1050
f 1052 1053 1054
f 1053 1055 1054
f 1053 1056 1055
f 1056 1057 1055
f 1045 1048 1047
f 1048 1050 1047
f 1058 1059 1060
f 1059 1061 1060
f 1059 1052 1061
f 1052 1054 1061
f 941 940 1062
f 940 1063 1062
f 1064 1044 1065
f 1044 1046 1065
f 1056 1066 1057
f 1066 1067 1057
f 1068 1064 1069
f 1064 1065 1069
f 950 947 1070
f 947 1071 1070
f 1072 1073 1074
f 1075 1072 1074
f 1076 1072 1075
f 1077 1076 1075
f 1078 1079 1080
f 1081 1078 1080
f 1081 1080 1073
f 1072 1081 1073
f 1082 1078 1081
f 1083 1082 1081
f 1083 1081 1072
f 1076 1083 1072
f 1084 1085 1079
f 1078 1084 1079
f 1086 1084 1078
f 1082 1086 1078
f 1077 1075 1087
f 1075 1088 1087
f 1075 1074 1088
f 1074 1089 1088
v 19 -20 19
v 21 -20 11
v 21 -20 19
v 19 -20 11
v 25 -20 19
v 27 -20 11
v 27 -20 19
v 25 -20 11
v 5 -20 29
v 19 -20 29
v 19 -15 29
v 5 -15 29
v 19 -15 19
v 5 -20 19
v 5 -15 19
v 19 -20 19
v 19 -15 11
v 19 -20 19
v 19 -15 19
v 19 -20 11
v 27 -20 19
v 27 -20 11
v 27 -15 11
v 27 -15 19
v 21 -20 29
v 21 -15 29
v 21 -15 11
v 19 -20 11
v 19 -15 11
v 21 -20 11
v 25 -20 29
v 27 -20 29
v 27 -15 29
v 25 -15 29
v 27 -15 11
v 25 -20 11
v 25 -15 11
v 27 -20 11
v 21 -20 11
v 21 -15 11
v 21 -20 12
v 21 -15 12
v 21 -15 11
v 25 -15 11
v 21 -15 12
v 25 -15 12
v 25 -15 11
v 25 -20 11
v 25 -15 12
v 25 -20 12
v 21 -20 12
v 21 -15 12
v 20 -20 12
v 20 -12 12
v 25 -15 12
v 26 -12 12
v 25 -20 12
v 26 -20 12
v 25 -20 29
v 25 -15 29
v 25 -20 28
v 25 -15 28
v 21 -15 29
v 21 -20 29
v 21 -15 28
v 21 -20 28
v 25 -15 29
v 21 -15 29
v 25 -15 28
v 21 -15 28
v 20 -20 28
v 20 -12 28
v 21 -20 28
v 21 -15 28
v 26 -12 28
v 25 -15 28
v 26 -20 28
v 25 -20 28
v 20 -20 21
v 20 -20 12
v 20 -12 12
v 20 -12 22
v 20 -12 22
v 26 -12 12
v 26 -12 22
v 20 -12 12
v 26 -12 12
v 26 -20 21
v 26 -12 22
v 26 -20 12
v 20 -20 28
v 20 -20 27
v 20 -12 26
v 20 -12 28
v 20 -12 28
v 26 -12 26
v 26 -12 28
v 20 -12 26
v 26 -12 26
v 26 -20 28
v 26 -12 28
v 26 -20 27
v 23 -12 22
v 23 -12 26
v 23 -4 22
v 23 -4 26
v 26 -12 26
v 20 -12 26
v 26 -4 26
v 20 -4 26
v 20 -4 26
v 20 -4 22
v 20 -12 22
v 26 -12 22
v 20 -4 22
v 26 -4 22
v 5 -20 27
v 19 -20 27
v 5 -20 19
v 5 -20 29
v 19 -20 29
v 21 -20 27
v 21 -20 29
v 25 -20 27
v 27 -20 27
v 25 -20 29
v 27 -20 29
v 27 -20 29
v 27 -20 27
v 27 -15 27
v 27 -15 29
v 5 -15 27
v 5 -20 29
v 5 -15 29
v 5 -20 27
v 5 -15 19
v 5 -20 19
v 23 -12 22
v 23 -12 26
v 26 -4 22
v 26 -12 22
v 23 -4 22
v 23 -12 22
v 26 -12 26
v 26 -4 26
v 23 -12 26
v 23 -4 26
v 19 -12 29
v 5 -12 29
v 19 -12 19
v 5 -12 19
v 19 -12 11
v 19 -12 19
v 27 -12 11
v 27 -12 19
v 21 -12 29
v 20 -13 11
v 19 -12 11
v 25.5 -12 29
v 27 -12 29
v 26 -13 11
v 27 -12 11
v 27 -12 27
v 27 -12 29
v 5 -12 27
v 5 -12 29
v 5 -12 19
v 19 -11 29
v 5 -11 29
v 19 -4 29
v 5 -4 29
v 19 -11 19
v 5 -11 19
v 19 -4 19
v 5 -4 19
v 19 -11 11
v 19 -11 19
v 19 -4 11
v 19 -4 19
v 27 -11 11
v 27 -11 19
v 27 -4 11
v 27 -4 19
v 21 -11 29
v 21 -4 29
v 20 -11 11
v 19 -11 11
v 21 -4 11
v 19 -4 11
v 25.75 -11 29
v 26 -4 29
v 27 -11 29
v 27 -4 29
v 26 -11 8
v 20 -13 8
v 20 -11 8
v 26 -13 8
v 25 -7 13
v 21 -11 13
v 21 -7 13
v 25 -11 13
v 27 -11 11
v 26 -11 11
v 27 -4 11
v 25 -4 11
v 27 -11 27
v 27 -11 29
v 27 -4 27
v 27 -4 29
v 5 -11 27
v 5 -11 29
v 5 -4 27
v 5 -4 29
v 5 -11 19
v 5 -4 19
v 20 -13 11
v 20 -11 11
v 20 -13 8
v 20 -11 8
v 26 -11 11
v 26 -13 11
v 26 -11 8
v 26 -13 8
v 26 -13 11
v 20 -13 11
v 26 -13 8
v 20 -13 8
v 20 -11 8
v 20 -11 11
v 21 -11 9
v 21 -11 11
v 26 -11 11
v 26 -11 8
v 25 -11 11
v 25 -11 9
v 21 -12 13
v 25 -12 13
v 21 -11 9
v 21 -11 11
v 21 -12 9
v 21 -12 11
v 25 -11 11
v 25 -11 9
v 25 -12 11
v 25 -12 9
v 25 -11 9
v 21 -11 9
v 25 -12 9
v 21 -12 9
v 21 -11 11
v 21 -7 11
v 25 -7 11
v 25 -11 11
v 21 -12 13
v 21 -11 13
v 25 -11 13
v 25 -12 13
v 21 -7 11
v 21 -7 13
v 21 -7 11
v 25 -7 11
v 21 -7 13
v 25 -7 13
v 25 -7 11
v 25 -7 13
v 21 -4 11
v 19 -4 11
v 19 -4 19
v 20 -4 22
v 27 -4 11
v 25 -4 11
v 26 -4 22
v 27 -4 19
v 5 -4 19
v 5 -4 27
v 19 -4 27
v 5 -4 29
v 19 -4 29
v 20 -4 26
v 21 -4 29
v 26 -4 26
v 27 -4 27
v 26 -4 29
v 27 -4 29
v 23 -4 26
v 23 -4 22
v 21 -12 11
v 25 -12 11
v 21 -12 9
v 25 -12 9
v 25 -12 13
v 21 -12 13
f 1090 1091 1092
f 1090 1093 1091
f 1094 1095 1096
f 1094 1097 1095
f 1092 1097 1094
f 1092 1091 1097
f 1098 1099 1100
f 1101 1098 1100
f 1102 1103 1104
f 1102 1105 1103
f 1106 1107 1108
f 1106 1109 1107
f 1110 1111 1112
f 1113 1110 1112
f 1099 1114 1115
f 1100 1099 1115
f 1116 1117 1118
f 1116 1119 1117
f 1120 1121 1122
f 1123 1120 1122
f 1124 1125 1126
f 1124 1127 1125
f 1128 1129 1130
f 1129 1131 1130
f 1132 1133 1134
f 1133 1135 1134
f 1136 1137 1138
f 1137 1139 1138
f 1140 1141 1142
f 1141 1143 1142
f 1141 1144 1143
f 1144 1145 1143
f 1144 1146 1145
f 1146 1147 1145
f 1148 1149 1150
f 1149 1151 1150
f 1152 1153 1154
f 1153 1155 1154
f 1156 1157 1158
f 1157 1159 1158
f 1160 1161 1162
f 1161 1163 1162
f 1161 1164 1163
f 1164 1165 1163
f 1164 1166 1165
f 1166 1167 1165
f 1168 1169 1170
f 1171 1168 1170
f 1172 1173 1174
f 1172 1175 1173
f 1176 1177 1178
f 1176 1179 1177
f 1180 1181 1182
f 1183 1180 1182
f 1181 1168 1171
f 1182 1181 1171
f 1184 1185 1186
f 1184 1187 1185
f 1188 1189 1190
f 1188 1191 1189
f 1178 1191 1188
f 1178 1177 1191
f 1192 1193 1194
f 1193 1195 1194
f 1196 1197 1198
f 1197 1199 1198
f 1182 1171 1200
f 1171 1201 1200
f 1202 1203 1204
f 1203 1205 1204
f 1206 1090 1207
f 1206 1208 1090
f 1209 1207 1210
f 1209 1206 1207
f 1207 1092 1211
f 1207 1090 1092
f 1210 1211 1212
f 1210 1207 1211
f 1213 1096 1214
f 1213 1094 1096
f 1215 1214 1216
f 1215 1213 1214
f 1211 1094 1213
f 1211 1092 1094
f 1212 1213 1215
f 1212 1211 1213
f 1217 1218 1219
f 1220 1217 1219
f 1218 1110 1113
f 1219 1218 1113
f 1221 1222 1223
f 1221 1224 1222
f 1225 1224 1221
f 1225 1226 1224
f 1174 1185 1227
f 1185 1228 1227
f 1229 1230 1231
f 1230 1232 1231
f 1233 1234 1235
f 1234 1236 1235
f 1101 1100 1237
f 1238 1101 1237
f 1239 1104 1240
f 1239 1102 1104
f 1241 1108 1242
f 1241 1106 1108
f 1113 1112 1243
f 1244 1113 1243
f 1100 1115 1245
f 1237 1100 1245
f 1246 1118 1247
f 1246 1116 1118
f 1245 1115 1123
f 1245 1123 1248
f 1122 1248 1123
f 1122 1249 1248
f 1250 1116 1246
f 1250 1126 1116
f 1251 1126 1250
f 1251 1124 1126
f 1220 1219 1252
f 1253 1220 1252
f 1219 1113 1244
f 1252 1219 1244
f 1254 1223 1255
f 1254 1221 1223
f 1256 1221 1254
f 1256 1225 1221
f 1238 1237 1257
f 1258 1238 1257
f 1258 1257 1259
f 1260 1258 1259
f 1261 1240 1262
f 1261 1239 1240
f 1263 1262 1264
f 1263 1261 1262
f 1265 1242 1266
f 1265 1241 1242
f 1267 1266 1268
f 1267 1265 1266
f 1244 1243 1269
f 1270 1244 1269
f 1270 1269 1271
f 1272 1270 1271
f 1237 1245 1273
f 1257 1237 1273
f 1257 1273 1274
f 1259 1257 1274
f 1275 1247 1276
f 1275 1246 1247
f 1277 1276 1278
f 1277 1275 1276
f 1274 1273 1279
f 1274 1279 1280
f 1273 1245 1248
f 1273 1248 1279
f 1281 1280 1279
f 1281 1282 1280
f 1249 1279 1248
f 1249 1281 1279
f 1283 1284 1285
f 1283 1286 1284
f 1287 1288 1289
f 1287 1290 1288
f 1291 1250 1292
f 1291 1251 1250
f 1293 1292 1294
f 1293 1291 1292
f 1253 1252 1295
f 1296 1253 1295
f 1296 1295 1297
f 1298 1296 1297
f 1252 1244 1270
f 1295 1252 1270
f 1295 1270 1272
f 1297 1295 1272
f 1299 1255 1300
f 1299 1254 1255
f 1301 1300 1302
f 1301 1299 1300
f 1303 1254 1299
f 1303 1256 1254
f 1304 1299 1301
f 1304 1303 1299
f 1305 1306 1307
f 1306 1308 1307
f 1309 1310 1311
f 1310 1312 1311
f 1313 1314 1315
f 1314 1316 1315
f 1317 1318 1319
f 1318 1320 1319
f 1321 1322 1323
f 1322 1324 1323
f 1322 1317 1324
f 1317 1319 1324
f 1288 1290 1325
f 1290 1326 1325
f 1327 1328 1329
f 1328 1330 1329
f 1331 1332 1333
f 1332 1334 1333
f 1335 1336 1337
f 1336 1338 1337
f 1275 1277 1339
f 1277 1294 1340
f 1294 1341 1340
f 1294 1292 1341
f 1292 1342 1341
f 1330 1328 1343
f 1328 1344 1343
f 1331 1333 1345
f 1333 1346 1345
f 1328 1347 1344
f 1347 1348 1344
f 1349 1350 1351
f 1350 1352 1351
f 1353 1331 1354
f 1331 1345 1354
f 1355 1356 1357
f 1358 1355 1357
f 1359 1360 1361
f 1362 1359 1361
f 1360 1355 1358
f 1361 1360 1358
f 1357 1363 1364
f 1365 1357 1364
f 1365 1364 1366
f 1367 1365 1366
f 1358 1357 1365
f 1368 1358 1365
f 1368 1365 1367
f 1369 1368 1367
f 1362 1361 1370
f 1371 1362 1370
f 1371 1370 1372
f 1373 1371 1372
f 1370 1368 1369
f 1372 1370 1369
f 1370 1361 1374
f 1361 1375 1374
f 1376 1377 1378
f 1377 1379 1378
f 1377 1376 1380
f 1376 1381 1380
v -11 -20 5
v -11 -20 4
v -11 -18 4
v -11 -18 5
v -19 -18 4
v -19 -20 5
v -19 -18 5
v -19 -20 4
v -19 -20 5
v -16 -20 5
v -16 -18 5
v -19 -18 5
v -11 -20 5
v -11 -18 5
v -11 -18 -3
v -16 -20 -3
v -16 -18 -3
v -11 -20 -3
v -19 -20 -3
v -19 -18 -3
v -16 -20 5
v -11 -20 4
v -11 -20 5
v -16 -20 4
v -19 -20 5
v -19 -20 4
v -11 2 -3
v -16 -4 -3
v -16 2 -3
v -11 -4 -3
v -19 -5 4
v -19 -4 5
v -19 2 4
v -19 2 5
v -16 -4 5
v -11 -4 5
v -11 2 5
v -16 2 5
v -19 -4 -3
v -19 2 -3
v -11 -4 5
v -11 -5 4
v -11 2 4
v -11 2 5
v -19 -4 5
v -19 2 5
v -11 -20 -2
v -11 -20 -3
v -11 -18 -3
v -11 -18 -2
v -19 -18 -3
v -19 -20 -2
v -19 -18 -2
v -19 -20 -3
v -16 -20 -2
v -11 -20 -3
v -11 -20 -2
v -16 -20 -3
v -19 -20 -2
v -19 -20 -3
v -11 -5 -2
v -11 -4 -3
v -11 2 -3
v -11 2 -2
v -19 2 -3
v -19 -5 -2
v -19 2 -2
v -19 -4 -3
v -11 -20 3
v -11 -18 3
v -19 -18 3
v -19 -20 3
v -11 -20 3
v -16 -20 3
v -19 -20 3
v -11 -4 3
v -11 2 3
v -19 2 3
v -19 -4 3
v -11 -20 -1
v -11 -18 -1
v -19 -18 -1
v -19 -20 -1
v -16 -20 -1
v -11 -20 -1
v -19 -20 -1
v -11 -4 -1
v -11 2 -1
v -19 2 -1
v -19 -4 -1
v -11 -5 -3
v -16 -10 -3
v -16 -5 -3
v -11 -10 -3
v -19 -10 5
v -19 -5 5
v -19 -10 4
v -16 -10 5
v -11 -10 5
v -11 -5 5
v -16 -5 5
v -19 -10 -3
v -19 -5 -3
v -11 -10 5
v -11 -10 4
v -11 -5 5
v -19 -10 5
v -19 -5 5
v -11 -10 -2
v -11 -10 -3
v -11 -5 -3
v -19 -5 -3
v -19 -10 -2
v -19 -10 -3
v -11 -5 -2
v -11 -4 -1
v -19 -5 -2
v -19 -4 -1
v -11 -4 -1
v -11 -4 3
v -19 -4 -1
v -19 -4 3
v -11 -5 4
v -11 -10 4
v -19 -5 4
v -19 -10 4
v -11 -4 3
v -11 -5 4
v -19 -4 3
v -19 -5 4
v -11 -10 -2
v -11 -5 -2
v -19 -10 -2
v -19 -5 -2
v -11 -12 -3
v -16 -12 -3
v -19 -12 4
v -19 -12 5
v -11 -12 5
v -16 -12 5
v -19 -12 -3
v -11 -12 4
v -11 -12 5
v -19 -12 5
v -11 -12 -3
v -11 -12 -2
v -19 -12 -3
v -19 -12 -2
v -11 -12 3
v -11 -10 3
v -19 -12 3
v -19 -10 3
v -11 -12 -1
v -11 -10 -1
v -19 -12 -1
v -19 -10 -1
v -11 -10 4
v -11 -10 3
v -19 -10 4
v -19 -10 3
v -11 -10 -1
v -19 -10 -1
v -11 -10 -2
v -19 -10 -2
v -11 2 4
v -16 2 4
v -16 2 5
v -11 2 5
v -19 2 4
v -19 2 5
v -11 2 -3
v -16 2 -3
v -16 2 -2
v -11 2 -2
v -19 2 -3
v -19 2 -2
v -11 2 3
v -16 2 3
v -19 2 3
v -16 2 -1
v -11 2 -1
v -19 2 -1
f 1382 1383 1384
f 1385 1382 1384
f 1386 1387 1388
f 1386 1389 1387
f 1390 1391 1392
f 1393 1390 1392
f 1391 1394 1395
f 1392 1391 1395
f 1396 1397 1398
f 1396 1399 1397
f 1398 1400 1401
f 1398 1397 1400
f 1402 1403 1404
f 1402 1405 1403
f 1406 1405 1402
f 1406 1407 1405
f 1408 1409 1410
f 1408 1411 1409
f 1412 1413 1414
f 1413 1415 1414
f 1416 1417 1418
f 1419 1416 1418
f 1410 1420 1421
f 1410 1409 1420
f 1422 1423 1424
f 1425 1422 1424
f 1426 1416 1427
f 1416 1419 1427
f 1428 1429 1430
f 1431 1428 1430
f 1432 1433 1434
f 1432 1435 1433
f 1436 1437 1438
f 1436 1439 1437
f 1440 1439 1436
f 1440 1441 1439
f 1442 1443 1444
f 1445 1442 1444
f 1446 1447 1448
f 1446 1449 1447
f 1383 1450 1451
f 1384 1383 1451
f 1452 1389 1386
f 1452 1453 1389
f 1405 1454 1403
f 1405 1455 1454
f 1407 1455 1405
f 1407 1456 1455
f 1423 1457 1458
f 1424 1423 1458
f 1459 1412 1414
f 1459 1460 1412
f 1450 1461 1462
f 1451 1450 1462
f 1461 1428 1431
f 1462 1461 1431
f 1463 1453 1452
f 1463 1464 1453
f 1434 1464 1463
f 1434 1433 1464
f 1465 1438 1466
f 1465 1436 1438
f 1455 1466 1454
f 1455 1465 1466
f 1467 1436 1465
f 1467 1440 1436
f 1456 1465 1455
f 1456 1467 1465
f 1457 1468 1469
f 1458 1457 1469
f 1468 1442 1445
f 1469 1468 1445
f 1470 1460 1459
f 1470 1471 1460
f 1448 1471 1470
f 1448 1447 1471
f 1472 1473 1474
f 1472 1475 1473
f 1411 1474 1409
f 1411 1472 1474
f 1412 1476 1477
f 1412 1478 1476
f 1412 1477 1413
f 1479 1480 1481
f 1482 1479 1481
f 1482 1481 1417
f 1416 1482 1417
f 1474 1483 1484
f 1474 1473 1483
f 1409 1484 1420
f 1409 1474 1484
f 1485 1486 1423
f 1487 1485 1423
f 1422 1487 1423
f 1488 1479 1482
f 1489 1488 1482
f 1489 1482 1416
f 1426 1489 1416
f 1490 1491 1492
f 1442 1490 1492
f 1442 1492 1443
f 1493 1494 1447
f 1493 1495 1494
f 1449 1493 1447
f 1496 1497 1498
f 1497 1499 1498
f 1500 1501 1502
f 1501 1503 1502
f 1504 1505 1506
f 1505 1507 1506
f 1508 1509 1510
f 1509 1511 1510
f 1512 1513 1514
f 1513 1515 1514
f 1516 1398 1517
f 1516 1396 1398
f 1475 1517 1473
f 1475 1516 1517
f 1518 1388 1519
f 1518 1386 1388
f 1478 1519 1476
f 1478 1518 1519
f 1392 1395 1520
f 1521 1392 1520
f 1521 1520 1480
f 1479 1521 1480
f 1517 1401 1522
f 1517 1398 1401
f 1473 1522 1483
f 1473 1517 1522
f 1385 1384 1523
f 1524 1385 1523
f 1524 1523 1486
f 1485 1524 1486
f 1393 1392 1521
f 1525 1393 1521
f 1525 1521 1479
f 1488 1525 1479
f 1431 1430 1526
f 1527 1431 1526
f 1527 1526 1491
f 1490 1527 1491
f 1528 1434 1529
f 1528 1432 1434
f 1495 1529 1494
f 1495 1528 1529
f 1384 1451 1530
f 1523 1384 1530
f 1523 1530 1531
f 1486 1523 1531
f 1532 1386 1518
f 1532 1452 1386
f 1533 1518 1478
f 1533 1532 1518
f 1451 1462 1534
f 1530 1451 1534
f 1530 1534 1535
f 1531 1530 1535
f 1462 1431 1527
f 1534 1462 1527
f 1534 1527 1490
f 1535 1534 1490
f 1536 1452 1532
f 1536 1463 1452
f 1537 1532 1533
f 1537 1536 1532
f 1529 1463 1536
f 1529 1434 1463
f 1494 1536 1537
f 1494 1529 1536
f 1538 1539 1540
f 1539 1541 1540
f 1539 1542 1541
f 1542 1543 1541
f 1542 1544 1543
f 1544 1545 1543
f 1546 1547 1548
f 1549 1546 1548
f 1547 1550 1551
f 1548 1547 1551
f 1552 1553 1554
f 1555 1552 1554
f 1553 1556 1557
f 1554 1553 1557
f 1558 1559 1547
f 1546 1558 1547
f 1559 1560 1550
f 1547 1559 1550
f 1555 1554 1561
f 1562 1555 1561
f 1562 1561 1559
f 1558 1562 1559
f 1554 1557 1563
f 1561 1554 1563
f 1561 1563 1560
f 1559 1561 1560
v -29 -12 42
v -9 -12 42
v -9 -2 42
v -29 -2 42
v -9 -2 27
v -29 -12 27
v -29 -2 27
v -9 -12 27
v -9 -23 27
v -29 -23 27
v -9 -23 13
v -29 -23 13
v -29 -23 42
v -9 -23 42
v -9 -14 42
v -29 -14 42
v -29 -23 29
v -9 -23 34
v -29 -23 42
v -9 -23 42
v -9 -12 42
v -9 -12 34
v -9 -2 31
v -9 -2 42
v -9 -12 27
v -9 -2 27
v -29 -2 31
v -29 -12 42
v -29 -2 42
v -29 -12 31
v -29 -2 27
v -29 -12 27
v -13 -20 38
v -13 -20 34
v -13 -14 34
v -13 -14 38
v -9 -23 34
v -9 -23 27
v -9 -14 34
v -9 -14 42
v -37 -14 29
v -37 -23 42
v -37 -14 42
v -37 -23 29
v -29 -23 29
v -29 -14 29
v -29 -23 27
v -29 -14 42
v -37 -23 42
v -37 -14 42
v -29 -14 29
v -29 -23 29
v -37 -14 29
v -37 -23 29
v -37 -23 29
v -37 -23 42
v -29 -23 25
v -29 -15 24
v -9 -15 24
v -9 -23 25
v -29 -12 23
v -29 -14 23
v -9 -14 23
v -9 -12 23
v -29 -12 17
v -29 -14 19
v -9 -14 19
v -9 -12 17
v -9 -23 42
v -9 -20 38
v -9 -20 34
v -9 -23 34
v -9 -14 34
v -9 -20 34
v -9 -14 34
v -9 -14 34
v -9 -20 34
v -9 -14 38
v -9 -14 34
v -9 -14 42
v -9 -14 34
v -9 -14 42
v -9 -14 38
v -9 -14 34
v -9 -20 34
v -9 -14 34
v -13 -20 34
v -13 -14 34
v -9 -14 38
v -9 -20 38
v -13 -14 38
v -13 -20 38
v -9 -14 34
v -9 -14 38
v -13 -14 34
v -13 -14 38
v -9 -12 13
v -29 -18 13
v -29 -12 13
v -9 -18 13
v -29 -12 13
v -29 -18 13
v -29 -15 18
v -29 -20 17.5
v -9 -15 18
v -9 -20 17.5
v -9 -18 13
v -9 -12 13
v -9 -20.5 13
v -29 -23 13
v -29 -20.5 13
v -9 -23 13
v -29 -20.5 13
v -29 -21.5 17.25
v -29 -23 13
v -29 -23 17
v -9 -23 17
v -9 -23 13
v -9 -21.5 17.25
v -9 -20.5 13
v -29 -12 15
v -29 -14.5 18.5
v -9 -14.5 18.5
v -9 -12 15
v -29 -12 14
v -29 -14.75 18.25
v -9 -14.75 18.25
v -9 -12 14
v -9 -2 31
v -29 -2 31
v -29 -2 42
v -9 -2 42
v -9 -2 27
v -29 -2 27
v -29 -14 42
v -29 -14 29
v -37 -14 42
v -37 -14 29
v -29 -12 27
v -9 -12 27
v -29 -12 17
v -9 -12 17
v -9 -12 15
v -29 -12 15
v -29 -12 17
v -9 -12 17
v -9 -12 13
v -29 -12 13
v -29 -12 14
v -9 -12 14
v -29 -23 25
v -29 -15 24
v -9 -23 25
v -9 -15 24
v -29 -15 24
v -9 -14 23
v -9 -15 24
v -29 -14 23
v -29 -14 23
v -9 -14 19
v -9 -14 23
v -29 -14 19
v -29 -20 17.5
v -9 -20 17.5
v -29 -15 18
v -9 -15 18
v -29 -23 17
v -9 -23 17
v -9 -21.5 17.25
v -29 -21.5 17.25
v -9 -20 17.5
v -29 -20 17.5
v -29 -14.5 18.5
v -9 -14.5 18.5
v -9 -14 19
v -29 -14 19
v -29 -15 18
v -9 -15 18
v -9 -14.75 18.25
v -29 -14.75 18.25
f 1564 1565 1566
f 1567 1564 1566
f 1568 1569 1570
f 1568 1571 1569
f 1572 1573 1574
f 1573 1575 1574
f 1576 1577 1578
f 1579 1576 1578
f 1579 1578 1565
f 1564 1579 1565
f 1580 1572 1581
f 1580 1573 1572
f 1582 1581 1583
f 1582 1580 1581
f 1584 1585 1586
f 1587 1584 1586
f 1585 1588 1589
f 1586 1585 1589
f 1590 1591 1592
f 1590 1593 1591
f 1594 1593 1590
f 1594 1595 1593
f 1596 1597 1598
f 1599 1596 1598
f 1600 1601 1588
f 1602 1600 1588
f 1603 1602 1585
f 1584 1603 1585
f 1585 1602 1588
f 1604 1605 1606
f 1604 1607 1605
f 1595 1608 1609
f 1595 1610 1608
f 1593 1611 1591
f 1593 1609 1611
f 1595 1609 1593
f 1576 1579 1612
f 1579 1613 1612
f 1614 1615 1616
f 1615 1617 1616
f 1580 1582 1618
f 1582 1619 1618
f 1610 1595 1620
f 1595 1621 1620
f 1588 1601 1622
f 1601 1623 1622
f 1595 1624 1621
f 1624 1625 1621
f 1622 1626 1627
f 1622 1627 1588
f 1628 1629 1624
f 1629 1625 1624
f 1627 1626 1630
f 1627 1630 1631
f 1632 1600 1633
f 1600 1634 1633
f 1635 1636 1637
f 1638 1639 1640
f 1603 1632 1641
f 1632 1633 1641
f 1642 1643 1644
f 1645 1646 1647
f 1648 1649 1650
f 1649 1651 1650
f 1652 1653 1654
f 1653 1655 1654
f 1656 1657 1658
f 1657 1659 1658
f 1660 1661 1662
f 1660 1663 1661
f 1664 1665 1666
f 1665 1667 1666
f 1668 1669 1670
f 1668 1670 1671
f 1672 1673 1674
f 1672 1675 1673
f 1663 1674 1661
f 1663 1672 1674
f 1665 1676 1667
f 1676 1677 1667
f 1677 1676 1678
f 1677 1678 1679
f 1680 1681 1682
f 1681 1683 1682
f 1669 1682 1683
f 1669 1683 1670
f 1628 1684 1685
f 1628 1685 1629
f 1630 1686 1631
f 1686 1687 1631
f 1684 1688 1689
f 1684 1689 1685
f 1688 1664 1666
f 1688 1666 1689
f 1686 1690 1687
f 1690 1691 1687
f 1690 1668 1691
f 1668 1671 1691
f 1692 1693 1694
f 1695 1692 1694
f 1696 1697 1693
f 1692 1696 1693
f 1698 1699 1700
f 1699 1701 1700
f 1702 1703 1704
f 1703 1705 1704
f 1706 1707 1708
f 1709 1706 1708
f 1710 1711 1712
f 1713 1710 1712
f 1713 1712 1707
f 1706 1713 1707
f 1714 1715 1716
f 1715 1717 1716
f 1718 1719 1720
f 1718 1721 1719
f 1722 1723 1724
f 1722 1725 1723
f 1726 1727 1728
f 1727 1729 1728
f 1730 1731 1732
f 1733 1730 1732
f 1733 1732 1734
f 1735 1733 1734
f 1736 1737 1738
f 1739 1736 1738
f 1740 1741 1742
f 1743 1740 1742
f 1743 1742 1737
f 1736 1743 1737
v -7.999681 -20 3.999967
v -8.000338 -20 -2.000034
v -10.99968 -17 4.000067
v -11.00034 -17 -1.999934
v -10.99968 -22 4.000067
v -11.00034 -22 -1.999934
v -6 -22 3.999967
v -6 -22 -2.000034
v -6 -22 3.999967
v -6 -22 -2.000034
v -8.000338 -20 -2.000034
v -7.999681 -20 3.999967
v -6 -22 -2.000034
v -11.00034 -22 -1.999934
v -11.00034 -20 -1.999934
v -8.000338 -20 -2.000034
v -11.00034 -17 -1.999934
v -13.00014 -20 -1.999867
v -12.99994 -22 4.000134
v -12.99994 -20 4.000134
v -13.00014 -22 -1.999867
v -13.00014 -15 -1.999867
v -12.99994 -15 4.000134
v -10.99968 -20 4.000067
v -6 -22 3.999967
v -7.999681 -20 3.999967
v -10.99968 -22 4.000067
v -10.99968 -17 4.000067
v -10.99968 -20 4.000067
v -10.99968 -17 4.000067
v -12.99994 -20 4.000134
v -12.99994 -15 4.000134
v -12.99994 -15 4.000134
v -13.00014 -15 -1.999867
v -13.00014 -15 -1.999867
v -13.00014 -20 -1.999867
v -13.00014 -22 -1.999867
v -12.99994 -22 4.000134
v -13.00014 -22 -1.999867
v -12.99994 -22 4.000134
f 1744 1745 1746
f 1745 1747 1746
f 1748 1749 1750
f 1749 1751 1750
f 1752 1753 1754
f 1755 1752 1754
f 1756 1757 1758
f 1759 1756 1758
f 1759 1758 1760
f 1761 1762 1763
f 1761 1764 1762
f 1765 1763 1766
f 1765 1761 1763
f 1767 1768 1769
f 1767 1770 1768
f 1771 1767 1769
f 1772 1773 1774
f 1773 1775 1774
f 1746 1747 1776
f 1747 1777 1776
f 1760 1758 1778
f 1758 1779 1778
f 1758 1757 1779
f 1757 1780 1779
f 1770 1772 1781
f 1772 1774 1781
f 1749 1748 1782
f 1748 1783 1782
v 5.444572 -18.58079 -11.82654
v 5.458393 -18.48778 -11.90241
v 5.428673 -18.55703 -11.89321
v 12.02585 -20.99817 -14.58942
v 12.18133 -20.50542 -14.79128
v 12.30343 -20.39152 -14.62828
v 9.677295 -17.10601 -9.834365
v 8.68461 -16.72672 -10.18653
v 8.321319 -17.78904 -9.538353
v 7.944063 -17.79193 -16.08984
v 7.944779 -17.75544 -16.07771
v 8.000477 -17.76167 -16.09241
v 9.235879 -21.47865 -9.728209
v 9.091956 -21.47167 -9.696976
v 9.192034 -21.55393 -9.776032
v 12.13127 -19.14829 -15.06599
v 12.05362 -18.54757 -14.94905
v 12.42678 -19.4233 -14.58997
v 11.72238 -21.63802 -14.4097
v 11.44978 -22.17196 -14.00898
v 10.44272 -22.34526 -14.97705
v 9.94473 -22.9641 -12.27525
v 10.67247 -22.81733 -12.4916
v 9.834265 -22.59253 -11.51231
v 6.686188 -20.40969 -15.09681
v 7.315702 -19.67155 -15.80134
v 7.671588 -21.45024 -15.4856
v 8.208384 -22.75201 -14.66922
v 8.086713 -22.68957 -14.65514
v 8.104676 -22.19668 -15.29759
v 6.052893 -19.16108 -10.61454
v 5.718165 -19.43799 -11.0666
v 5.989974 -20.4769 -10.98872
v 6.641641 -19.20897 -9.941812
v 6.965844 -20.48895 -9.858254
v 6.931055 -19.58417 -9.691594
v 7.036854 -20.31831 -9.73674
v 12.60632 -19.19257 -11.52292
v 12.57419 -19.74167 -14.32567
v 12.42678 -19.4233 -14.58997
v 12.05362 -18.54757 -14.94905
v 11.9353 -18.24218 -14.93995
v 12.21715 -18.13613 -11.26212
v 12.46996 -18.7753 -11.22248
v 8.208384 -22.75201 -14.66922
v 8.521791 -22.90481 -14.52011
v 8.858302 -23.05394 -14.0148
v 8.897869 -23.06287 -13.75675
v 7.138861 -22.16607 -13.68858
v 8.086713 -22.68957 -14.65514
v 7.768658 -17.11987 -15.57501
v 7.096317 -16.34004 -14.25346
v 8.346922 -16.16842 -14.79353
v 8.601696 -16.3408 -15.14871
v 9.877344 -17.50852 -16.0507
v 9.353772 -17.42532 -16.08826
v 9.056448 -16.62352 -15.44047
v 10.18119 -17.29622 -15.79782
v 10.05229 -16.81409 -10.20057
v 8.854638 -16.17193 -10.83716
v 8.612187 -16.24744 -10.73027
v 8.68461 -16.72672 -10.18653
v 9.677295 -17.10601 -9.834365
v 10.09764 -17.05697 -9.925739
v 8.854638 -16.17193 -10.83716
v 8.155001 -15.84874 -11.92159
v 8.099074 -16.02219 -11.4953
v 8.612187 -16.24744 -10.73027
v 8.155001 -15.84874 -11.92159
v 7.893077 -15.74771 -12.60152
v 7.079021 -16.23186 -12.37587
v 8.099074 -16.02219 -11.4953
v 8.346922 -16.16842 -14.79353
v 7.096317 -16.34004 -14.25346
v 6.977775 -16.31124 -14.0599
v 7.865911 -15.76973 -13.11784
v 7.865911 -15.76973 -13.11784
v 6.977775 -16.31124 -14.0599
v 6.744207 -16.44739 -13.74852
v 6.393724 -16.64521 -12.7021
v 7.893077 -15.74771 -12.60152
v 7.079021 -16.23186 -12.37587
v 6.028425 -17.09978 -12.6479
v 6.393724 -16.64521 -12.7021
v 6.744207 -16.44739 -13.74852
v 5.966972 -17.22183 -12.82899
v 12.06352 -20.26675 -10.78959
v 12.25209 -19.8623 -10.86095
v 12.0112 -19.21266 -10.33611
v 11.66358 -20.10343 -10.25853
v 10.64736 -17.15768 -10.22066
v 10.05229 -16.81409 -10.20057
v 10.09764 -17.05697 -9.925739
v 10.4445 -17.20766 -10.00069
v 11.84393 -17.8873 -10.79234
v 10.64736 -17.15768 -10.22066
v 10.4445 -17.20766 -10.00069
v 11.88856 -18.62412 -10.31087
v 12.0235 -18.89979 -10.33952
v 12.46996 -18.7753 -11.22248
v 12.21715 -18.13613 -11.26212
v 11.84393 -17.8873 -10.79234
v 11.88856 -18.62412 -10.31087
v 10.09375 -22.41417 -15.21428
v 11.6936 -19.94802 -15.55796
v 11.73563 -19.93547 -15.53223
v 12.18133 -20.50542 -14.79128
v 10.09423 -22.41506 -15.21331
v 10.1531 -22.42895 -15.15631
v 12.02585 -20.99817 -14.58942
v 10.44272 -22.34526 -14.97705
v 11.72238 -21.63802 -14.4097
v 11.69324 -19.92687 -15.56155
v 9.877344 -17.50852 -16.0507
v 10.18119 -17.29622 -15.79782
v 11.9353 -18.24218 -14.93995
v 12.05362 -18.54757 -14.94905
v 12.13127 -19.14829 -15.06599
v 11.7355 -19.92483 -15.53399
v 12.25209 -19.8623 -10.86095
v 12.60632 -19.19257 -11.52292
v 12.46996 -18.7753 -11.22248
v 12.0112 -19.21266 -10.33611
v 12.0235 -18.89979 -10.33952
v 8.000477 -17.76167 -16.09241
v 7.944779 -17.75544 -16.07771
v 7.768658 -17.11987 -15.57501
v 9.353772 -17.42532 -16.08826
v 8.601696 -16.3408 -15.14871
v 9.056448 -16.62352 -15.44047
v 11.18197 -22.52262 -12.59597
v 10.69606 -22.81211 -12.50602
v 10.8288 -22.74109 -13.25132
v 11.25857 -22.48549 -13.37045
v 12.21715 -18.13613 -11.26212
v 11.9353 -18.24218 -14.93995
v 10.18119 -17.29622 -15.79782
v 9.056448 -16.62352 -15.44047
v 11.84393 -17.8873 -10.79234
v 8.601696 -16.3408 -15.14871
v 10.64736 -17.15768 -10.22066
v 8.346922 -16.16842 -14.79353
v 7.865911 -15.76973 -13.11784
v 10.05229 -16.81409 -10.20057
v 8.854638 -16.17193 -10.83716
v 7.893077 -15.74771 -12.60152
v 8.155001 -15.84874 -11.92159
v 11.73563 -19.93547 -15.53223
v 11.7355 -19.92483 -15.53399
v 12.13127 -19.14829 -15.06599
v 12.18133 -20.50542 -14.79128
v 12.42678 -19.4233 -14.58997
v 12.57419 -19.74167 -14.32567
v 12.30343 -20.39152 -14.62828
v 11.73563 -19.93547 -15.53223
v 11.6936 -19.94802 -15.55796
v 11.69324 -19.92687 -15.56155
v 11.7355 -19.92483 -15.53399
v 10.02344 -22.83105 -14.16803
v 10.1531 -22.42895 -15.15631
v 10.44272 -22.34526 -14.97705
v 11.44978 -22.17196 -14.00898
v 10.8288 -22.74109 -13.25132
v 11.25857 -22.48549 -13.37045
v 9.192034 -21.55393 -9.776032
v 9.834265 -22.59253 -11.51231
v 10.67247 -22.81733 -12.4916
v 10.69606 -22.81211 -12.50602
v 11.18197 -22.52262 -12.59597
v 9.235879 -21.47865 -9.728209
v 11.66358 -20.10343 -10.25853
v 12.06352 -20.26675 -10.78959
v 7.883211 -20.64169 -9.436501
v 7.036854 -20.31831 -9.73674
v 6.965844 -20.48895 -9.858254
v 8.012499 -20.84193 -9.464099
v 7.559352 -18.99657 -9.370071
v 6.931055 -19.58417 -9.691594
v 7.036854 -20.31831 -9.73674
v 7.883211 -20.64169 -9.436501
v 7.559352 -18.99657 -9.370071
v 7.606469 -18.73132 -9.380928
v 6.641641 -19.20897 -9.941812
v 6.931055 -19.58417 -9.691594
v 7.079021 -16.23186 -12.37587
v 6.393724 -16.64521 -12.7021
v 6.028425 -17.09978 -12.6479
v 5.458393 -18.48778 -11.90241
v 8.099074 -16.02219 -11.4953
v 8.612187 -16.24744 -10.73027
v 5.444572 -18.58079 -11.82654
v 5.584389 -18.92866 -11.3391
v 6.052893 -19.16108 -10.61454
v 8.68461 -16.72672 -10.18653
v 8.321319 -17.78904 -9.538353
v 6.641641 -19.20897 -9.941812
v 7.606469 -18.73132 -9.380928
v 5.718165 -19.43799 -11.0666
v 6.052893 -19.16108 -10.61454
v 5.584389 -18.92866 -11.3391
v 5.695285 -19.4167 -11.10346
v 5.718165 -19.43799 -11.0666
v 5.695285 -19.4167 -11.10346
v 5.785855 -20.56584 -11.44527
v 5.989974 -20.4769 -10.98872
v 6.028425 -17.09978 -12.6479
v 5.966972 -17.22183 -12.82899
v 5.348748 -18.68656 -12.40557
v 5.458393 -18.48778 -11.90241
v 5.428673 -18.55703 -11.89321
v 12.30343 -20.39152 -14.62828
v 12.57419 -19.74167 -14.32567
v 12.60632 -19.19257 -11.52292
v 12.02585 -20.99817 -14.58942
v 11.72238 -21.63802 -14.4097
v 11.44978 -22.17196 -14.00898
v 11.25857 -22.48549 -13.37045
v 11.18197 -22.52262 -12.59597
v 12.25209 -19.8623 -10.86095
v 12.06352 -20.26675 -10.78959
v 7.883211 -20.64169 -9.436501
v 8.012499 -20.84193 -9.464099
v 9.091956 -21.47167 -9.696976
v 7.559352 -18.99657 -9.370071
v 9.235879 -21.47865 -9.728209
v 11.66358 -20.10343 -10.25853
v 7.606469 -18.73132 -9.380928
v 8.321319 -17.78904 -9.538353
v 9.677295 -17.10601 -9.834365
v 12.0112 -19.21266 -10.33611
v 10.09764 -17.05697 -9.925739
v 12.0235 -18.89979 -10.33952
v 10.4445 -17.20766 -10.00069
v 11.88856 -18.62412 -10.31087
v 7.138861 -22.16607 -13.68858
v 8.897869 -23.06287 -13.75675
v 9.94473 -22.9641 -12.27525
v 9.834265 -22.59253 -11.51231
v 9.192034 -21.55393 -9.776032
v 5.620873 -20.96197 -12.59456
v 9.091956 -21.47167 -9.696976
v 8.012499 -20.84193 -9.464099
v 5.785855 -20.56584 -11.44527
v 6.965844 -20.48895 -9.858254
v 5.989974 -20.4769 -10.98872
v 5.430679 -20.28396 -13.11183
v 5.620873 -20.96197 -12.59456
v 5.785855 -20.56584 -11.44527
v 5.348748 -18.68656 -12.40557
v 5.695285 -19.4167 -11.10346
v 5.428673 -18.55703 -11.89321
v 5.584389 -18.92866 -11.3391
v 5.444572 -18.58079 -11.82654
v 8.104676 -22.19668 -15.29759
v 8.102118 -22.15266 -15.34787
v 10.09375 -22.41417 -15.21428
v 8.208384 -22.75201 -14.66922
v 8.521791 -22.90481 -14.52011
v 10.09423 -22.41506 -15.21331
v 8.897869 -23.06287 -13.75675
v 8.858302 -23.05394 -14.0148
v 10.02344 -22.83105 -14.16803
v 10.8288 -22.74109 -13.25132
v 9.94473 -22.9641 -12.27525
v 10.69606 -22.81211 -12.50602
v 10.67247 -22.81733 -12.4916
v 8.521791 -22.90481 -14.52011
v 10.09423 -22.41506 -15.21331
v 10.1531 -22.42895 -15.15631
v 10.02344 -22.83105 -14.16803
v 8.858302 -23.05394 -14.0148
v 7.671588 -21.45024 -15.4856
v 8.102118 -22.15266 -15.34787
v 8.104676 -22.19668 -15.29759
v 8.086713 -22.68957 -14.65514
v 7.138861 -22.16607 -13.68858
v 6.686188 -20.40969 -15.09681
v 5.620873 -20.96197 -12.59456
v 5.430679 -20.28396 -13.11183
v 7.315702 -19.67155 -15.80134
v 7.944063 -17.79193 -16.08984
v 8.000477 -17.76167 -16.09241
v 9.353772 -17.42532 -16.08826
v 9.877344 -17.50852 -16.0507
v 11.69324 -19.92687 -15.56155
v 7.671588 -21.45024 -15.4856
v 8.102118 -22.15266 -15.34787
v 11.6936 -19.94802 -15.55796
v 10.09375 -22.41417 -15.21428
v 6.686188 -20.40969 -15.09681
v 5.430679 -20.28396 -13.11183
v 5.348748 -18.68656 -12.40557
v 7.315702 -19.67155 -15.80134
v 5.966972 -17.22183 -12.82899
v 7.944063 -17.79193 -16.08984
v 6.744207 -16.44739 -13.74852
v 7.944779 -17.75544 -16.07771
v 7.768658 -17.11987 -15.57501
v 6.977775 -16.31124 -14.0599
v 7.096317 -16.34004 -14.25346
f 1784 1785 1786
f 1787 1788 1789
f 1790 1791 1792
f 1793 1794 1795
f 1796 1797 1798
f 1799 1800 1801
f 1802 1803 1804
f 1805 1806 1807
f 1808 1809 1810
f 1811 1812 1813
f 1814 1815 1816
f 1816 1817 1814
f 1816 1818 1817
f 1818 1819 1817
f 1818 1820 1819
f 1821 1822 1823
f 1823 1824 1821
f 1824 1825 1821
f 1825 1826 1821
f 1826 1827 1821
f 1828 1829 1830
f 1830 1831 1828
f 1831 1832 1828
f 1832 1833 1828
f 1834 1835 1836
f 1834 1836 1837
f 1838 1839 1840
f 1838 1840 1841
f 1842 1843 1844
f 1844 1845 1842
f 1845 1846 1842
f 1846 1847 1842
f 1848 1849 1850
f 1848 1850 1851
f 1852 1853 1854
f 1852 1854 1855
f 1856 1857 1858
f 1856 1858 1859
f 1860 1861 1862
f 1862 1863 1860
f 1863 1864 1860
f 1863 1865 1864
f 1866 1867 1868
f 1866 1868 1869
f 1870 1871 1872
f 1870 1872 1873
f 1874 1875 1876
f 1874 1876 1877
f 1878 1879 1880
f 1878 1880 1881
f 1882 1883 1884
f 1884 1885 1882
f 1885 1886 1882
f 1887 1888 1889
f 1889 1890 1887
f 1890 1891 1887
f 1890 1892 1891
f 1890 1893 1892
f 1893 1894 1892
f 1893 1895 1894
f 1896 1897 1898
f 1898 1899 1896
f 1899 1900 1896
f 1900 1901 1896
f 1901 1902 1896
f 1903 1904 1905
f 1905 1906 1903
f 1905 1907 1906
f 1908 1909 1910
f 1910 1911 1908
f 1910 1912 1911
f 1912 1913 1911
f 1914 1915 1916
f 1914 1916 1917
f 1918 1919 1920
f 1920 1921 1918
f 1921 1922 1918
f 1921 1923 1922
f 1923 1924 1922
f 1923 1925 1924
f 1925 1926 1924
f 1926 1927 1924
f 1926 1928 1927
f 1926 1929 1928
f 1929 1930 1928
f 1931 1932 1933
f 1933 1934 1931
f 1933 1935 1934
f 1935 1936 1934
f 1936 1937 1934
f 1938 1939 1940
f 1938 1940 1941
f 1942 1943 1944
f 1944 1945 1942
f 1945 1946 1942
f 1945 1947 1946
f 1948 1949 1950
f 1950 1951 1948
f 1951 1952 1948
f 1952 1953 1948
f 1952 1954 1953
f 1952 1955 1954
f 1956 1957 1958
f 1956 1958 1959
f 1960 1961 1962
f 1960 1962 1963
f 1964 1965 1966
f 1964 1966 1967
f 1968 1969 1970
f 1970 1971 1968
f 1971 1972 1968
f 1971 1973 1972
f 1971 1974 1973
f 1974 1975 1973
f 1975 1976 1973
f 1976 1977 1973
f 1976 1978 1977
f 1976 1979 1978
f 1979 1980 1978
f 1981 1982 1983
f 1981 1983 1984
f 1985 1986 1987
f 1985 1987 1988
f 1989 1990 1991
f 1991 1992 1989
f 1991 1993 1992
f 1994 1995 1996
f 1996 1997 1994
f 1996 1998 1997
f 1996 1999 1998
f 1996 2000 1999
f 1996 2001 2000
f 1996 2002 2001
f 2002 2003 2001
f 2004 2005 2006
f 2006 2007 2004
f 2006 2008 2007
f 2008 2009 2007
f 2009 2010 2007
f 2009 2011 2010
f 2009 2012 2011
f 2009 2013 2012
f 2013 2014 2012
f 2013 2015 2014
f 2015 2016 2014
f 2015 2017 2016
f 2018 2019 2020
f 2020 2021 2018
f 2021 2022 2018
f 2022 2023 2018
f 2022 2024 2023
f 2024 2025 2023
f 2025 2026 2023
f 2025 2027 2026
f 2027 2028 2026
f 2029 2030 2031
f 2031 2032 2029
f 2031 2033 2032
f 2033 2034 2032
f 2033 2035 2034
f 2035 2036 2034
f 2037 2038 2039
f 2039 2040 2037
f 2039 2041 2040
f 2039 2042 2041
f 2043 2044 2045
f 2045 2046 2043
f 2046 2047 2043
f 2046 2048 2047
f 2048 2049 2047
f 2050 2051 2052
f 2052 2053 2050
f 2053 2054 2050
f 2055 2056 2057
f 2057 2058 2055
f 2058 2059 2055
f 2059 2060 2055
f 2059 2061 2060
f 2061 2062 2060
f 2063 2064 2065
f 2065 2066 2063
f 2066 2067 2063
f 2067 2068 2063
f 2068 2069 2063
f 2068 2070 2069
f 2068 2071 2070
f 2071 2072 2070
f 2073 2074 2075
f 2075 2076 2073
f 2075 2077 2076
f 2077 2078 2076
f 2077 2079 2078
f 2079 2080 2078
f 2079 2081 2080
f 2079 2082 2081
f 2082 2083 2081
v 16 -20 19
v 19 -20 19
v 16 -14 19
v 19 -14 19
v 19 -20 13
v 16 -20 13
v 19 -14 13
v 16 -14 13
v 19 -20 19
v 19 -20 16
v 19 -14 16
v 19 -14 19
v 19 -20 13
v 19 -14 13
v 16 -14 13
v 16 -20 16
v 16 -14 16
v 16 -20 13
v 9 -14 16
v 9 -20 19
v 9 -14 19
v 9 -20 16
v 16 -20 16
v 19 -20 13
v 19 -20 16
v 16 -20 13
v 16 -20 19
v 19 -20 19
v 9 -20 19
v 9 -14 19
v 16 -14 16
v 16 -20 16
v 9 -14 16
v 9 -20 16
v 9 -20 16
v 9 -20 19
v 19 -14 16
v 16 -14 16
v 16 -14 19
v 19 -14 19
v 19 -14 13
v 16 -14 13
v 9 -14 19
v 9 -14 16
f 2084 2085 2086
f 2085 2087 2086
f 2088 2089 2090
f 2089 2091 2090
f 2092 2093 2094
f 2095 2092 2094
f 2093 2096 2097
f 2094 2093 2097
f 2098 2099 2100
f 2098 2101 2099
f 2102 2103 2104
f 2102 2105 2103
f 2106 2107 2108
f 2106 2109 2107
f 2110 2108 2111
f 2110 2106 2108
f 2084 2086 2112
f 2086 2113 2112
f 2114 2115 2116
f 2115 2117 2116
f 2106 2110 2118
f 2110 2119 2118
f 2120 2121 2122
f 2123 2120 2122
f 2124 2125 2121
f 2120 2124 2121
f 2122 2121 2126
f 2121 2127 2126
v -37 -21 -15
v -11 -21 -15
v -37 -21 -12
v -11 -21 -12
v -37 -21 -12
v -11 -21 -12
v -11 -19 -12
v -37 -19 -12
v -11 -21 -12
v -11 -21 -15
v -11 -19 -15
v -11 -19 -12
v -11 -17 -15
v -11 -19 -17
v -37 -21 -17
v -37 -19 -17
v -11 -21 -17
v -11 -17 -17
v -37 -17 -17
v -37 -19 -15
v -37 -21 -12
v -37 -19 -12
v -37 -21 -15
v -37 -17 -15
v -37 -21 -17
v -37 -19 -17
v -11 -19 -17
v -11 -21 -17
v -11 -21 -17
v -37 -21 -17
v -37 -17 -17
v -37 -17 -15
v -11 -17 -15
v -37 -17 -17
v -11 -17 -17
v -11 -17 -17
v -37 -19 -12
v -11 -19 -12
v -37 -17 -15
v -11 -17 -15
f 2128 2129 2130
f 2129 2131 2130
f 2132 2133 2134
f 2135 2132 2134
f 2136 2137 2138
f 2139 2136 2138
f 2139 2138 2140
f 2141 2142 2143
f 2141 2144 2142
f 2145 2143 2146
f 2145 2141 2143
f 2147 2148 2149
f 2147 2150 2148
f 2151 2147 2149
f 2150 2147 2152
f 2147 2153 2152
f 2138 2137 2154
f 2137 2155 2154
f 2129 2128 2156
f 2128 2157 2156
f 2147 2151 2153
f 2151 2158 2153
f 2159 2160 2161
f 2160 2162 2161
f 2140 2138 2163
f 2138 2154 2163
f 2164 2165 2166
f 2165 2167 2166
v -29.00006 -16 37.00019
v -37 -16 36.99974
v -28.99997 -16 34.00019
v -37 -16 33.99974
v -28.99997 -16 34.00019
v -37 -16 33.99974
v -37 -14 33.99974
v -28.99997 -14 34.00019
v -37 -16 33.99974
v -37 -16 36.99974
v -37 -14 36.99974
v -37 -14 33.99974
v -37 -12 36.99974
v -37 -14 36.99974
v -29.00006 -16 37.00019
v -29.00006 -14 37.00019
v -37 -16 36.99974
v -37 -12 36.99974
v -29.00006 -12 37.00019
v -29.00006 -14 37.00019
v -28.99997 -16 34.00019
v -28.99997 -14 34.00019
v -29.00006 -16 37.00019
v -29.00006 -12 37.00019
v -28.99997 -14 34.00019
v -37 -14 33.99974
v -29.00006 -12 37.00019
v -37 -12 36.99974
f 2168 2169 2170
f 2169 2171 2170
f 2172 2173 2174
f 2175 2172 2174
f 2176 2177 2178
f 2179 2176 2178
f 2179 2178 2180
f 2181 2182 2183
f 2181 2184 2182
f 2185 2183 2186
f 2185 2181 2183
f 2187 2188 2189
f 2187 2190 2188
f 2191 2187 2189
f 2192 2193 2194
f 2193 2195 2194
v -23 -23 -15
v -5 -23 -15
v -5 -18 -15
v -23 -14 -15
v -5 -20 -37
v -23 -23 -37
v -23 -14 -37
v -5 -23 -37
v -5 -18 -37
v -5 -23 -29
v -5 -18 -29
v -5 -23 -37
v 5 -23 -29
v 5 -23 -37
v 5 -20 -37
v 5 -20 -29
v 1 -23 -29
v 1 -23 -37
v 5 -23 -29
v 5 -23 -37
v 1 -23 -37
v 1 -18 -37
v 5 -23 -37
v 5 -20 -37
v 1 -18 -29
v 1 -23 -29
v 5 -20 -29
v 5 -23 -29
v -23 -4 -23
v -5 -4 -23
v -24 -4 -22
v -4 -4 -22
v -5 -4 -38
v -23 -4 -38
v -4 -4 -39
v -24 -4 -39
v -5 -23 -23
v -5 -23 -32
v -5 -18 -32
v -5 -18 -23
v -37 -14 -32
v -37 -23 -23
v -37 -14 -23
v -37 -23 -32
v -23 -23 -23
v -5 -23 -32
v -5 -23 -23
v -23 -23 -32
v -4 -4 -32
v -5 -4 -32
v -24 -4 -32
v -23 -4 -32
v -5 -23 -36
v -5 -18 -36
v -5 -23 -37
v -5 -20 -37
v -37 -14 -36
v -37 -23 -36
v -37 -14 -37
v -37 -23 -37
v -23 -23 -36
v -5 -23 -37
v -5 -23 -36
v -23 -23 -37
v -5 -4 -37
v -24 -4 -37
v -23 -4 -37
v -5 -11 -37
v -23 -14 -37
v -23 -8 -37
v -5 -20 -37
v -5 -4 -38
v -23 -8 -37
v -23 -4 -38
v -5 -11 -37
v -23 -14 -23
v -5 -18 -23
v -5 -10 -23
v -23 -8 -23
v -5 -4 -23
v -23 -4 -23
v -23 -8 -32
v -23 -14 -23
v -23 -8 -23
v -23 -14 -32
v -23 -4 -32
v -23 -4 -23
v -5 -12 -32
v -5 -10 -23
v -5 -4 -32
v -5 -4 -23
v -23 -4 -37
v -23 -8 -36
v -23 -8 -37
v -23 -14 -36
v -23 -14 -37
v -23 -4 -38
v -5 -12 -36
v -5 -4 -37
v -5 -11 -37
v -5 -4 -38
v -23 -14 -32
v -23 -8 -32
v -5 -18 -32
v -5 -12 -32
v -23 -8 -32
v -23 -8 -36
v -5 -12 -32
v -5 -12 -36
v -23 -8 -36
v -23 -14 -36
v -5 -12 -36
v -5 -18 -36
v 0 -18 -37
v -5 -18 -37
v 0 -23 -37
v 0 -23 -15
v 0 -18 -15
v 1 -23 -15
v 1 -18 -15
v 0 -23 -29
v 0 -23 -37
v -5 -23 -29
v -5 -18 -28
v -5 -23 -23
v -5 -18 -23
v -5 -23 -28
v 1 -23 -23
v 1 -23 -28
v 1 -18 -28
v 1 -18 -23
v 1 -23 -29
v 1 -18 -29
v 0 -23 -28
v 1 -23 -28
v 0 -23 -23
v 1 -23 -23
v -5 -23 -28
v 1 -23 -15
v 1 -23 -16
v 1 -18 -16
v 1 -18 -15
v -37 -14 -16
v -37 -23 -15
v -37 -14 -15
v -37 -23 -16
v -23 -23 -16
v -5 -23 -16
v -23 -23 -15
v -5 -23 -15
v 0 -23 -16
v 0 -23 -15
v 1 -23 -16
v 1 -23 -15
v -37 -23 -15
v -25 -23 -15
v -25 -14 -15
v -37 -14 -15
v -25 -14 -37
v -37 -23 -37
v -37 -14 -37
v -25 -23 -37
v -25 -23 -23
v -25 -23 -32
v -37 -23 -23
v -37 -23 -32
v -25 -23 -36
v -25 -23 -37
v -37 -23 -36
v -37 -23 -37
v -25 -23 -16
v -37 -23 -16
v -25 -23 -15
v -37 -23 -15
v 1 -18 -37
v 1 -18 -29
v 5 -20 -37
v 5 -20 -29
v -5 -4 -32
v -23 -4 -32
v -23 -4 -23
v -5 -4 -23
v -5 -4 -38
v -23 -4 -38
v -23 -4 -37
v -5 -4 -37
v -23 -14 -36
v -23 -14 -32
v -5 -18 -36
v -5 -18 -32
v 1 -18 -37
v 0 -18 -37
v 0 -18 -29
v 1 -18 -29
v -5 -18 -37
v -5 -18 -29
v 0 -18 -28
v 1 -18 -28
v -5 -18 -28
v -5 -18 -23
v 0 -18 -23
v -5 -18 -23
v -23 -14 -23
v -23 -14 -16
v -5 -18 -16
v -5 -18 -16
v 0 -18 -16
v -23 -14 -32
v -25 -14 -32
v -25 -14 -23
v -23 -14 -23
v -37 -14 -32
v -37 -14 -23
v -23 -14 -37
v -25 -14 -37
v -25 -14 -36
v -23 -14 -36
v -37 -14 -37
v -37 -14 -36
v -25 -14 -16
v -23 -14 -16
v -37 -14 -16
v -37 -14 -15
v -25 -14 -15
v -4 -4 -39
v -24 -4 -39
v -4 -2 -39
v -24 -2 -39
v -24 -4 -22
v -4 -4 -22
v -24 -2 -22
v -4 -2 -22
v -5 -2 -23
v -23 -2 -23
v -4 -2 -22
v -24 -2 -22
v -23 -2 -38
v -5 -2 -38
v -24 -2 -39
v -4 -2 -39
v -5 -2 -38
v -23 -2 -38
v -5 -4 -38
v -23 -4 -38
v -23 -2 -23
v -5 -2 -23
v -23 -4 -23
v -5 -4 -23
v -24 -2 -32
v -24 -4 -22
v -24 -2 -22
v -24 -4 -32
v -4 -4 -22
v -4 -4 -32
v -4 -2 -32
v -4 -2 -22
v -4 -4 -39
v -4 -2 -39
v -23 -2 -32
v -24 -2 -32
v -4 -2 -32
v -5 -2 -32
v -23 -4 -23
v -23 -4 -32
v -23 -2 -32
v -23 -2 -23
v -5 -2 -32
v -5 -4 -23
v -5 -2 -23
v -5 -4 -32
v -24 -2 -37
v -24 -4 -37
v -24 -2 -39
v -24 -4 -39
v -24 -2 -37
v -23 -2 -37
v -23 -4 -37
v -23 -2 -37
v -23 -4 -38
v -23 -2 -38
v -5 -2 -38
v -5 -4 -37
v -5 -4 -38
v 1 -16 -28
v 0 -16 -28
v 0 -16 -23
v 1 -16 -23
v -4.890228 -16 -16
v -22.89023 -12 -16
v -22.89023 -12 -15
v -4.890228 -16 -15
v 0 -16 -16
v -4.890228 -16 -16
v -4.890228 -16 -15
v 0 -16 -15
v 1 -16 -16
v 1 -16 -15
v -22.89023 -12 -16
v -25 -12 -16
v -25 -12 -15
v -22.89023 -12 -15
v -5 -18 -16
v -23 -14 -16
v -4.890228 -16 -16
v -22.89023 -12 -16
v -25 -14 -15
v -23 -14 -15
v -25 -12 -15
v -22.89023 -12 -15
v 1 -18 -15
v 1 -18 -16
v 1 -16 -15
v 1 -16 -16
v -5 -18 -15
v -4.890228 -16 -15
v -25 -14 -16
v -25 -12 -16
v -25 -14 -16
v -25 -14 -15
v -25 -12 -16
v -25 -12 -15
v 0 -18 -16
v 0 -16 -16
v 0 -18 -15
v 0 -16 -15
v 1 -18 -28
v 0 -18 -28
v 1 -16 -28
v 0 -16 -28
v 1 -18 -15
v 1 -16 -15
v 0 -18 -23
v 0 -18 -16
v 0 -16 -23
v 0 -16 -16
v 1 -18 -23
v 1 -16 -23
v 0 -18 -28
v 0 -16 -28
v 1 -18 -28
v 1 -16 -28
f 2196 2197 2198
f 2199 2196 2198
f 2200 2201 2202
f 2200 2203 2201
f 2204 2205 2206
f 2204 2207 2205
f 2208 2209 2210
f 2211 2208 2210
f 2212 2213 2214
f 2213 2215 2214
f 2216 2217 2218
f 2217 2219 2218
f 2220 2221 2222
f 2221 2223 2222
f 2224 2225 2226
f 2225 2227 2226
f 2228 2229 2230
f 2229 2231 2230
f 2232 2233 2234
f 2235 2232 2234
f 2236 2237 2238
f 2236 2239 2237
f 2240 2241 2242
f 2240 2243 2241
f 2225 2244 2227
f 2225 2245 2244
f 2226 2246 2224
f 2246 2247 2224
f 2233 2248 2249
f 2234 2233 2249
f 2248 2250 2251
f 2249 2248 2251
f 2252 2239 2236
f 2252 2253 2239
f 2254 2253 2252
f 2254 2255 2253
f 2256 2257 2258
f 2256 2259 2257
f 2243 2258 2241
f 2243 2256 2258
f 2244 2245 2260
f 2244 2260 2230
f 2260 2228 2230
f 2261 2229 2262
f 2261 2231 2229
f 2246 2262 2247
f 2246 2261 2262
f 2263 2264 2265
f 2263 2266 2264
f 2267 2268 2269
f 2267 2270 2268
f 2271 2272 2273
f 2274 2271 2273
f 2274 2273 2275
f 2276 2274 2275
f 2277 2278 2279
f 2277 2280 2278
f 2281 2279 2282
f 2281 2277 2279
f 2235 2234 2283
f 2284 2235 2283
f 2284 2283 2285
f 2286 2284 2285
f 2287 2277 2281
f 2287 2288 2277
f 2289 2290 2288
f 2289 2291 2290
f 2292 2288 2287
f 2292 2289 2288
f 2283 2293 2294
f 2285 2283 2294
f 2249 2251 2295
f 2293 2249 2295
f 2293 2295 2296
f 2294 2293 2296
f 2297 2298 2299
f 2298 2300 2299
f 2301 2302 2303
f 2302 2304 2303
f 2305 2306 2307
f 2306 2308 2307
f 2309 2203 2310
f 2309 2311 2203
f 2217 2311 2309
f 2217 2216 2311
f 2197 2312 2313
f 2198 2197 2313
f 2312 2314 2315
f 2313 2312 2315
f 2316 2213 2212
f 2316 2317 2213
f 2318 2317 2316
f 2318 2257 2317
f 2319 2320 2321
f 2319 2322 2320
f 2206 2322 2319
f 2206 2205 2322
f 2323 2324 2325
f 2326 2323 2325
f 2324 2327 2328
f 2325 2324 2328
f 2329 2212 2330
f 2329 2316 2212
f 2331 2330 2332
f 2331 2329 2330
f 2333 2316 2329
f 2333 2318 2316
f 2242 2329 2331
f 2242 2333 2329
f 2334 2335 2336
f 2337 2334 2336
f 2335 2323 2326
f 2336 2335 2326
f 2338 2339 2340
f 2338 2341 2339
f 2238 2341 2338
f 2238 2237 2341
f 2342 2242 2343
f 2342 2240 2242
f 2344 2343 2345
f 2344 2342 2343
f 2343 2331 2346
f 2343 2242 2331
f 2345 2346 2347
f 2345 2343 2346
f 2346 2332 2348
f 2346 2331 2332
f 2347 2348 2349
f 2347 2346 2348
f 2350 2351 2352
f 2353 2350 2352
f 2351 2196 2199
f 2352 2351 2199
f 2354 2355 2356
f 2354 2357 2355
f 2202 2357 2354
f 2202 2201 2357
f 2358 2243 2240
f 2358 2359 2243
f 2360 2359 2358
f 2360 2361 2359
f 2362 2259 2256
f 2362 2363 2259
f 2364 2363 2362
f 2364 2365 2363
f 2359 2256 2243
f 2359 2362 2256
f 2361 2362 2359
f 2361 2364 2362
f 2366 2240 2342
f 2366 2358 2240
f 2367 2358 2366
f 2367 2360 2358
f 2368 2342 2344
f 2368 2366 2342
f 2369 2366 2368
f 2369 2367 2366
f 2370 2371 2372
f 2371 2373 2372
f 2374 2375 2376
f 2377 2374 2376
f 2378 2379 2380
f 2381 2378 2380
f 2381 2380 2375
f 2374 2381 2375
f 2382 2383 2384
f 2383 2385 2384
f 2386 2387 2388
f 2389 2386 2388
f 2387 2390 2391
f 2388 2387 2391
f 2389 2388 2392
f 2393 2389 2392
f 2388 2391 2394
f 2392 2388 2394
f 2392 2394 2395
f 2396 2392 2395
f 2397 2398 2399
f 2400 2397 2399
f 2396 2395 2401
f 2402 2396 2401
f 2403 2404 2405
f 2406 2403 2405
f 2404 2407 2408
f 2405 2404 2408
f 2409 2410 2411
f 2412 2409 2411
f 2410 2413 2414
f 2411 2410 2414
f 2412 2411 2404
f 2403 2412 2404
f 2411 2414 2407
f 2404 2411 2407
f 2406 2405 2415
f 2416 2406 2415
f 2405 2408 2417
f 2415 2405 2417
f 2415 2417 2418
f 2419 2415 2418
f 2420 2421 2422
f 2421 2423 2422
f 2424 2425 2426
f 2425 2427 2426
f 2428 2429 2430
f 2429 2431 2430
f 2432 2433 2434
f 2433 2435 2434
f 2436 2437 2438
f 2437 2439 2438
f 2440 2441 2442
f 2441 2443 2442
f 2444 2445 2446
f 2444 2447 2445
f 2448 2449 2450
f 2451 2448 2450
f 2449 2452 2453
f 2450 2449 2453
f 2429 2454 2455
f 2429 2455 2431
f 2435 2433 2456
f 2433 2457 2456
f 2456 2457 2428
f 2430 2456 2428
f 2458 2459 2460
f 2461 2458 2460
f 2462 2463 2464
f 2462 2465 2463
f 2466 2447 2444
f 2466 2467 2447
f 2468 2467 2466
f 2468 2469 2467
f 2432 2434 2470
f 2471 2432 2470
f 2471 2470 2455
f 2454 2471 2455
f 2459 2472 2473
f 2460 2459 2473
f 2472 2474 2475
f 2473 2472 2475
f 2476 2477 2462
f 2477 2465 2462
f 2476 2478 2477
f 2479 2480 2481
f 2482 2479 2481
f 2483 2484 2485
f 2486 2483 2485
f 2487 2488 2489
f 2490 2487 2489
f 2482 2481 2487
f 2491 2482 2487
f 2491 2487 2490
f 2492 2491 2490
f 2493 2494 2495
f 2496 2493 2495
f 2497 2498 2499
f 2498 2500 2499
f 2501 2502 2503
f 2502 2504 2503
f 2505 2506 2507
f 2506 2508 2507
f 2502 2509 2504
f 2509 2510 2504
f 2498 2511 2500
f 2511 2512 2500
f 2513 2514 2515
f 2514 2516 2515
f 2517 2497 2518
f 2497 2499 2518
f 2509 2519 2510
f 2519 2520 2510
f 2521 2522 2523
f 2522 2524 2523
f 2519 2525 2520
f 2525 2526 2520
f 2527 2528 2529
f 2528 2530 2529
f 2506 2531 2508
f 2531 2532 2508
f 2533 2527 2534
f 2527 2529 2534
f 2531 2535 2532
f 2535 2536 2532
v 35 30 -37
v 35 -20 17
v 35 30 17
v 35 -20 -37
v -37 -20 17
v -37 -20 -37
v -37 30 -37
v -37 30 17
v 35 30 25
v 35 -20 37
v 35 30 37
v 35 -20 25
v -37 -20 37
v -37 -20 25
v -37 30 25
v -37 30 37
v -29 30 37
v -37 -20 37
v -37 30 37
v -29 -20 37
v -37 -20 -37
v -29 -20 -37
v -29 30 -37
v -37 30 -37
v -37 30 17
v -29 30 -37
v -29 30 17
v -37 30 -37
v -37 30 25
v -29 30 25
v -37 30 37
v -29 30 37
v -9 30 37
v -9 -20 37
v -9 -20 -37
v -9 30 -37
v -9 30 -37
v -9 30 17
v -9 30 25
v -9 30 37
v 20 30 37
v 20 -20 37
v 20 -20 -37
v 20 30 -37
v 20 30 -37
v 20 30 17
v 20 30 25
v 20 30 37
v 26 30 37
v 26 -20 37
v 35 30 37
v 35 -20 37
v 26 -20 -37
v 26 30 -37
v 35 -20 -37
v 35 30 -37
v 26 30 17
v 35 30 -37
v 35 30 17
v 26 30 -37
v 26 30 25
v 35 30 25
v 26 30 37
v 35 30 37
v -29 -20 -37
v -37 -20 -37
v -37 -20 17
v -29 -20 17
v -37 -20 25
v -29 -20 25
v -37 -20 37
v -29 -20 37
v -9 -20 -37
v -9 -20 17
v -15 -23 17
v -23 -23 17
v -23 -23 25
v -15 -23 25
v -9 -20 25
v -9 -20 37
v -9 -20 17
v -29 -20 17
v -9 -20 17
v -29 -20 17
v -29 -20 17
v -9 -20 17
v -29 -20 17
v -29 -20 25
v -29 -20 17
v -29 -20 25
v -29 -20 25
v -29 -20 17
v -9 -20 25
v -9 -20 17
v -9 -20 25
v -9 -20 17
v -9 -20 17
v -9 -20 25
v -29 -20 25
v -9 -20 25
v -29 -20 25
v -9 -20 25
v -9 -20 25
v -29 -20 25
v -9 -20 17
v -29 -20 17
v -15 -23 17
v -23 -23 17
v -29 -20 17
v -29 -20 25
v -23 -23 17
v -23 -23 25
v -9 -20 25
v -9 -20 17
v -15 -23 25
v -15 -23 17
v -29 -20 25
v -9 -20 25
v -23 -23 25
v -15 -23 25
v 20 -20 -37
v 20 -20 11
v 20 -20 29
v 20 -20 37
v 35 -20 -37
v 26 -20 -37
v 26 -20 11
v 35 -20 17
v 26 -20 29
v 35 -20 25
v 26 -20 37
v 35 -20 37
v 26 -20 11
v 20 -20 11
v 20 -20 29
v 26 -20 29
f 2537 2538 2539
f 2537 2540 2538
f 2541 2542 2543
f 2544 2541 2543
f 2545 2546 2547
f 2545 2548 2546
f 2539 2548 2545
f 2539 2538 2548
f 2549 2550 2551
f 2552 2549 2551
f 2550 2541 2544
f 2551 2550 2544
f 2553 2554 2555
f 2553 2556 2554
f 2557 2558 2559
f 2560 2557 2559
f 2561 2562 2563
f 2561 2564 2562
f 2565 2563 2566
f 2565 2561 2563
f 2567 2566 2568
f 2567 2565 2566
f 2569 2556 2553
f 2569 2570 2556
f 2558 2571 2572
f 2559 2558 2572
f 2563 2573 2574
f 2563 2562 2573
f 2566 2574 2575
f 2566 2563 2574
f 2568 2575 2576
f 2568 2566 2575
f 2577 2570 2569
f 2577 2578 2570
f 2571 2579 2580
f 2572 2571 2580
f 2574 2581 2582
f 2574 2573 2581
f 2575 2582 2583
f 2575 2574 2582
f 2576 2583 2584
f 2576 2575 2583
f 2585 2578 2577
f 2585 2586 2578
f 2587 2586 2585
f 2587 2588 2586
f 2579 2589 2590
f 2580 2579 2590
f 2589 2591 2592
f 2590 2589 2592
f 2593 2594 2595
f 2593 2596 2594
f 2582 2596 2593
f 2582 2581 2596
f 2597 2595 2598
f 2597 2593 2595
f 2583 2593 2597
f 2583 2582 2593
f 2599 2598 2600
f 2599 2597 2598
f 2584 2597 2599
f 2584 2583 2597
f 2601 2602 2603
f 2604 2601 2603
f 2604 2603 2605
f 2606 2604 2605
f 2606 2605 2607
f 2608 2606 2607
f 2609 2601 2604
f 2610 2609 2604
f 2611 2612 2613
f 2614 2611 2613
f 2615 2606 2608
f 2616 2615 2608
f 2617 2618 2619
f 2620 2621 2622
f 2623 2624 2625
f 2626 2627 2628
f 2629 2630 2631
f 2632 2633 2634
f 2635 2636 2637
f 2638 2639 2640
f 2641 2642 2643
f 2642 2644 2643
f 2645 2646 2647
f 2646 2648 2647
f 2649 2650 2651
f 2650 2652 2651
f 2653 2654 2655
f 2654 2656 2655
f 2657 2609 2610
f 2658 2657 2610
f 2658 2610 2615
f 2659 2658 2615
f 2659 2615 2616
f 2660 2659 2616
f 2661 2662 2663
f 2664 2661 2663
f 2662 2657 2658
f 2663 2662 2658
f 2664 2663 2665
f 2666 2664 2665
f 2666 2665 2667
f 2668 2666 2667
f 2665 2659 2660
f 2667 2665 2660
f 2669 2670 2671
f 2672 2669 2671
v -31 -14 15
v -29 -14 15
v -31 -12 15
v -29 -12 15
v -37 -14 13
v -37 -14 15
v -37 -12 13
v -37 -12 15
v -29 -14 15
v -29 -14 13
v -29 -12 15
v -29 -12 13
v -29 -14 13
v -31 -14 13
v -29 -12 13
v -31 -12 13
v -31 -14 13
v -31 -14 15
v -35 -14 13
v -35 -14 15
v -35 -12 13
v -35 -14 13
v -35 -14 15
v -35 -12 15
v -37 -12 13
v -37 -14 13
v -37 -14 15
v -37 -12 15
v -37 -14 15
v -37 -14 13
v -29 -14 13
v -29 -14 15
v -31 -12 15
v -29 -12 15
v -31 -12 13
v -29 -12 13
v -35 -12 15
v -35 -12 13
v -37 -12 15
v -37 -12 13
f 2673 2674 2675
f 2674 2676 2675
f 2677 2678 2679
f 2678 2680 2679
f 2681 2682 2683
f 2682 2684 2683
f 2685 2686 2687
f 2686 2688 2687
f 2689 2690 2691
f 2690 2692 2691
f 2688 2686 2693
f 2686 2694 2693
f 2673 2675 2695
f 2675 2696 2695
f 2693 2694 2697
f 2694 2698 2697
f 2695 2696 2699
f 2696 2700 2699
f 2701 2691 2692
f 2701 2702 2691
f 2690 2703 2704
f 2690 2689 2703
f 2705 2706 2707
f 2706 2708 2707
f 2705 2707 2709
f 2707 2710 2709
f 2709 2710 2711
f 2710 2712 2711
v 4.124386 -19.97186 37
v -1.071995 -16.97226 37
v 4.874287 -18.67277 37
v -0.322094 -15.67316 37
v 4.874287 -18.67277 33
v -0.322094 -15.67316 33
v 4.124386 -19.97186 33
v -1.071995 -16.97226 33
v 4.874287 -18.67277 37
v -0.322094 -15.67316 37
v 4.874287 -18.67277 33
v -0.322094 -15.67316 33
v 4.124386 -19.97186 33
v 4.124386 -19.97186 37
v -1.071995 -16.97226 37
v -1.071995 -16.97226 33
v -1.071995 -16.97226 37
v -0.322094 -15.67316 37
v -0.322094 -15.67316 33
v -1.071995 -16.97226 33
v 4.124386 -19.97186 33
v 4.874287 -18.67277 33
v 4.874287 -18.67277 37
v 4.124386 -19.97186 37
f 2713 2715 2716
f 2713 2716 2714
f 2721 2717 2718
f 2721 2718 2722
f 2723 2719 2720
f 2723 2720 2724
f 2725 2726 2727
f 2725 2727 2728
f 2729 2730 2731
f 2729 2731 2732
f 2733 2734 2735
f 2733 2735 2736
v -12.00637 -4 -26.31042
v -11.39687 -4 -28.21528
v -12.00637 -2 -26.31042
v -11.39687 -2 -28.21528
v -10.1015 -2 -25.70091
v -9.492003 -2 -27.60578
v -10.1015 -4 -25.70091
v -9.492003 -4 -27.60578
v -12.00637 -2 -26.31042
v -11.39687 -2 -28.21528
v -10.1015 -2 -25.70091
v -9.492003 -2 -27.60578
v -10.1015 -4 -25.70091
v -12.00637 -4 -26.31042
v -11.39687 -4 -28.21528
v -9.492003 -4 -27.60578
v -11.39687 -4 -28.21528
v -11.39687 -2 -28.21528
v -9.492003 -2 -27.60578
v -9.492003 -4 -27.60578
v -10.1015 -4 -25.70091
v -10.1015 -2 -25.70091
v -12.00637 -2 -26.31042
v -12.00637 -4 -26.31042
f 2737 2739 2740
f 2737 2740 2738
f 2745 2741 2742
f 2745 2742 2746
f 2747 2743 2744
f 2747 2744 2748
f 2749 2750 2751
f 2749 2751 2752
f 2753 2754 2755
f 2753 2755 2756
f 2757 2758 2759
f 2757 2759 2760
v -24.73495 -8 -27.04587
v -28.55413 -8 -28.23495
v -24.73495 -5 -27.04587
v -28.55413 -5 -28.23495
v -23.54587 -5 -30.86505
v -27.36505 -5 -32.05413
v -23.54587 -8 -30.86505
v -27.36505 -8 -32.05413
v -24.73495 -5 -27.04587
v -28.55413 -5 -28.23495
v -23.54587 -5 -30.86505
v -27.36505 -5 -32.05413
v -23.54587 -8 -30.86505
v -24.73495 -8 -27.04587
v -28.55413 -8 -28.23495
v -27.36505 -8 -32.05413
v -28.55413 -8 -28.23495
v -28.55413 -5 -28.23495
v -27.36505 -5 -32.05413
v -27.36505 -8 -32.05413
v -23.54587 -8 -30.86505
v -23.54587 -5 -30.86505
v -24.73495 -5 -27.04587
v -24.73495 -8 -27.04587
f 2761 2763 2764
f 2761 2764 2762
f 2769 2765 2766
f 2769 2766 2770
f 2771 2767 2768
f 2771 2768 2772
f 2773 2774 2775
f 2773 2775 2776
f 2777 2778 2779
f 2777 2779 2780
f 2781 2782 2783
f 2781 2783 2784
v 4.747421 -12 4.202713
v 1.797287 -12 4.747421
v 4.747421 -9 4.202713
v 1.797287 -9 4.747421
v 4.202713 -9 1.252579
v 1.252579 -9 1.797287
v 4.202713 -12 1.252579
v 1.252579 -12 1.797287
v 4.747421 -9 4.202713
v 1.797287 -9 4.747421
v 4.202713 -9 1.252579
v 1.252579 -9 1.797287
v 4.202713 -12 1.252579
v 4.747421 -12 4.202713
v 1.797287 -12 4.747421
v 1.252579 -12 1.797287
v 1.797287 -12 4.747421
v 1.797287 -9 4.747421
v 1.252579 -9 1.797287
v 1.252579 -12 1.797287
v 4.202713 -12 1.252579
v 4.202713 -9 1.252579
v 4.747421 -9 4.202713
v 4.747421 -12 4.202713
f 2785 2787 2788
f 2785 2788 2786
f 2793 2789 2790
f 2793 2790 2794
f 2795 2791 2792
f 2795 2792 2796
f 2797 2798 2799
f 2797 2799 2800
f 2801 2802 2803
f 2801 2803 2804
f 2805 2806 2807
f 2805 2807 2808
v -12 -20 8
v -15 -20 8
v -12 -17 8
v -15 -17 8
v -12 -17 5
v -15 -17 5
v -12 -20 5
v -15 -20 5
v -12 -17 8
v -15 -17 8
v -12 -17 5
v -15 -17 5
v -12 -20 5
v -12 -20 8
v -15 -20 8
v -15 -20 5
v -15 -20 8
v -15 -17 8
v -15 -17 5
v -15 -20 5
v -12 -20 5
v -12 -17 5
v -12 -17 8
v -12 -20 8
f 2809 2811 2812
f 2809 2812 2810
f 2817 2813 2814
f 2817 2814 2818
f 2819 2815 2816
f 2819 2816 2820
f 2821 2822 2823
f 2821 2823 2824
f 2825 2826 2827
f 2825 2827 2828
f 2829 2830 2831
f 2829 2831 2832
v -1 -20 37
v -5 -20 37
v -1 -16 37
v -5 -16 37
v -1 -16 33
v -5 -16 33
v -1 -20 33
v -5 -20 33
v -1 -16 37
v -5 -16 37
v -1 -16 33
v -5 -16 33
v -1 -20 33
v -1 -20 37
v -5 -20 37
v -5 -20 33
v -5 -20 37
v -5 -16 37
v -5 -16 33
v -5 -20 33
v -1 -20 33
v -1 -16 33
v -1 -16 37
v -1 -20 37
f 2833 2835 2836
f 2833 2836 2834
f 2841 2837 2838
f 2841 2838 2842
f 2843 2839 2840
f 2843 2840 2844
f 2845 2846 2847
f 2845 2847 2848
f 2849 2850 2851
f 2849 2851 2852
f 2853 2854 2855
f 2853 2855 2856
v -13.14991 -12 18.09184
v -14.56386 -12 16.67736
v -13.14991 -10 18.09184
v -14.56386 -10 16.67736
v -11.73543 -10 16.6779
v -13.14937 -10 15.26341
v -11.73543 -12 16.6779
v -13.14937 -12 15.26341
v -13.14991 -10 18.09184
v -14.56386 -10 16.67736
v -11.73543 -10 16.6779
v -13.14937 -10 15.26341
v -11.73543 -12 16.6779
v -13.14991 -12 18.09184
v -14.56386 -12 16.67736
v -13.14937 -12 15.26341
v -14.56386 -12 16.67736
v -14.56386 -10 16.67736
v -13.14937 -10 15.26341
v -13.14937 -12 15.26341
v -11.73543 -12 16.6779
v -11.73543 -10 16.6779
v -13.14991 -10 18.09184
v -13.14991 -12 18.09184
f 2857 2859 2860
f 2857 2860 2858
f 2865 2861 2862
f 2865 2862 2866
f 2867 2863 2864
f 2867 2864 2868
f 2869 2870 2871
f 2869 2871 2872
f 2873 2874 2875
f 2873 2875 2876
f 2877 2878 2879
f 2877 2879 2880
v -32.28565 -7.004 4.839683
v -36.17968 -7.004 5.754347
v -32.28565 -4.004 4.839683
v -36.17968 -4.004 5.754347
v -33.20032 -4.004 0.9456571
v -37.09434 -4.004 1.860322
v -33.20032 -7.004 0.9456571
v -37.09434 -7.004 1.860322
v -32.28565 -4.004 4.839683
v -36.17968 -4.004 5.754347
v -33.20032 -4.004 0.9456571
v -37.09434 -4.004 1.860322
v -33.20032 -7.004 0.9456571
v -32.28565 -7.004 4.839683
v -36.17968 -7.004 5.754347
v -37.09434 -7.004 1.860322
v -36.17968 -7.004 5.754347
v -36.17968 -4.004 5.754347
v -37.09434 -4.004 1.860322
v -37.09434 -7.004 1.860322
v -33.20032 -7.004 0.9456571
v -33.20032 -4.004 0.9456571
v -32.28565 -4.004 4.839683
v -32.28565 -7.004 4.839683
f 2881 2883 2884
f 2881 2884 2882
f 2889 2885 2886
f 2889 2886 2890
f 2891 2887 2888
f 2891 2888 2892
f 2893 2894 2895
f 2893 2895 2896
f 2897 2898 2899
f 2897 2899 2900
f 2901 2902 2903
f 2901 2903 2904
v 29.43369 -4 -26.55876
v 25.55876 -4 -25.56631
v 29.43369 0 -26.55876
v 25.55876 0 -25.56631
v 28.44124 0 -30.43369
v 24.56631 0 -29.44124
v 28.44124 -4 -30.43369
v 24.56631 -4 -29.44124
v 29.43369 0 -26.55876
v 25.55876 0 -25.56631
v 28.44124 0 -30.43369
v 24.56631 0 -29.44124
v 28.44124 -4 -30.43369
v 29.43369 -4 -26.55876
v 25.55876 -4 -25.56631
v 24.56631 -4 -29.44124
v 25.55876 -4 -25.56631
v 25.55876 0 -25.56631
v 24.56631 0 -29.44124
v 24.56631 -4 -29.44124
v 28.44124 -4 -30.43369
v 28.44124 0 -30.43369
v 29.43369 0 -26.55876
v 29.43369 -4 -26.55876
f 2905 2907 2908
f 2905 2908 2906
f 2913 2909 2910
f 2913 2910 2914
f 2915 2911 2912
f 2915 2912 2916
f 2917 2918 2919
f 2917 2919 2920
f 2921 2922 2923
f 2921 2923 2924
f 2925 2926 2927
f 2925 2927 2928
v 11.77315 -4 25.68309
v 7.816907 -4 26.27315
v 11.77315 0 25.68309
v 7.816907 0 26.27315
v 11.18309 0 21.72685
v 7.226853 0 22.31691
v 11.18309 -4 21.72685
v 7.226853 -4 22.31691
v 11.77315 0 25.68309
v 7.816907 0 26.27315
v 11.18309 0 21.72685
v 7.226853 0 22.31691
v 11.18309 -4 21.72685
v 11.77315 -4 25.68309
v 7.816907 -4 26.27315
v 7.226853 -4 22.31691
v 7.816907 -4 26.27315
v 7.816907 0 26.27315
v 7.226853 0 22.31691
v 7.226853 -4 22.31691
v 11.18309 -4 21.72685
v 11.18309 0 21.72685
v 11.77315 0 25.68309
v 11.77315 -4 25.68309
f 2929 2931 2932
f 2929 2932 2930
f 2937 2933 2934
f 2937 2934 2938
f 2939 2935 2936
f 2939 2936 2940
f 2941 2942 2943
f 2941 2943 2944
f 2945 2946 2947
f 2945 2947 2948
f 2949 2950 2951
f 2949 2951 2952
v -13.42395 -4 -29.65083
v -14.34917 -4 -31.42395
v -13.42395 -2 -29.65083
v -14.34917 -2 -31.42395
v -11.65083 -2 -30.57605
v -12.57605 -2 -32.34917
v -11.65083 -4 -30.57605
v -12.57605 -4 -32.34917
v -13.42395 -2 -29.65083
v -14.34917 -2 -31.42395
v -11.65083 -2 -30.57605
v -12.57605 -2 -32.34917
v -11.65083 -4 -30.57605
v -13.42395 -4 -29.65083
v -14.34917 -4 -31.42395
v -12.57605 -4 -32.34917
v -14.34917 -4 -31.42395
v -14.34917 -2 -31.42395
v -12.57605 -2 -32.34917
v -12.57605 -4 -32.34917
v -11.65083 -4 -30.57605
v -11.65083 -2 -30.57605
v -13.42395 -2 -29.65083
v -13.42395 -4 -29.65083
f 2953 2955 2956
f 2953 2956 2954
f 2961 2957 2958
f 2961 2958 2962
f 2963 2959 2960
f 2963 2960 2964
f 2965 2966 2967
f 2965 2967 2968
f 2969 2970 2971
f 2969 2971 2972
f 2973 2974 2975
f 2973 2975 2976
v 7.53386 -20 8.965557
v 3.534443 -20 9.033859
v 7.53386 -16 8.965557
v 3.534443 -16 9.033859
v 7.465557 -16 4.96614
v 3.46614 -16 5.034443
v 7.465557 -20 4.96614
v 3.46614 -20 5.034443
v 7.53386 -16 8.965557
v 3.534443 -16 9.033859
v 7.465557 -16 4.96614
v 3.46614 -16 5.034443
v 7.465557 -20 4.96614
v 7.53386 -20 8.965557
v 3.534443 -20 9.033859
v 3.46614 -20 5.034443
v 3.534443 -20 9.033859
v 3.534443 -16 9.033859
v 3.46614 -16 5.034443
v 3.46614 -20 5.034443
v 7.465557 -20 4.96614
v 7.465557 -16 4.96614
v 7.53386 -16 8.965557
v 7.53386 -20 8.965557
f 2977 2979 2980
f 2977 2980 2978
f 2985 2981 2982
f 2985 2982 2986
f 2987 2983 2984
f 2987 2984 2988
f 2989 2990 2991
f 2989 2991 2992
f 2993 2994 2995
f 2993 2995 2996
f 2997 2998 2999
f 2997 2999 3000
v -20 -20 13
v -23 -20 13
v -20 -17 13
v -23 -17 13
v -20 -17 10
v -23 -17 10
v -20 -20 10
v -23 -20 10
v -20 -17 13
v -23 -17 13
v -20 -17 10
v -23 -17 10
v -20 -20 10
v -20 -20 13
v -23 -20 13
v -23 -20 10
v -23 -20 13
v -23 -17 13
v -23 -17 10
v -23 -20 10
v -20 -20 10
v -20 -17 10
v -20 -17 13
v -20 -20 13
f 3001 3003 3004
f 3001 3004 3002
f 3009 3005 3006
f 3009 3006 3010
f 3011 3007 3008
f 3011 3008 3012
f 3013 3014 3015
f 3013 3015 3016
f 3017 3018 3019
f 3017 3019 3020
f 3021 3022 3023
f 3021 3023 3024
v 0.8987443 -20 6.887263
v 1.112737 -20 4.898744
v 0.8987443 -18 6.887263
v 1.112737 -18 4.898744
v 2.887263 -18 7.101256
v 3.101256 -18 5.112737
v 2.887263 -20 7.101256
v 3.101256 -20 5.112737
v 0.8987443 -18 6.887263
v 1.112737 -18 4.898744
v 2.887263 -18 7.101256
v 3.101256 -18 5.112737
v 2.887263 -20 7.101256
v 0.8987443 -20 6.887263
v 1.112737 -20 4.898744
v 3.101256 -20 5.112737
v 1.112737 -20 4.898744
v 1.112737 -18 4.898744
v 3.101256 -18 5.112737
v 3.101256 -20 5.112737
v 2.887263 -20 7.101256
v 2.887263 -18 7.101256
v 0.8987443 -18 6.887263
v 0.8987443 -20 6.887263
f 3025 3027 3028
f 3025 3028 3026
f 3033 3029 3030
f 3033 3030 3034
f 3035 3031 3032
f 3035 3032 3036
f 3037 3038 3039
f 3037 3039 3040
f 3041 3042 3043
f 3041 3043 3044
f 3045 3046 3047
f 3045 3047 3048
v -18.8479 -4 -23.30165
v -20.69835 -4 -26.8479
v -18.8479 0 -23.30165
v -20.69835 0 -26.8479
v -15.30165 0 -25.1521
v -17.1521 0 -28.69835
v -15.30165 -4 -25.1521
v -17.1521 -4 -28.69835
v -18.8479 0 -23.30165
v -20.69835 0 -26.8479
v -15.30165 0 -25.1521
v -17.1521 0 -28.69835
v -15.30165 -4 -25.1521
v -18.8479 -4 -23.30165
v -20.69835 -4 -26.8479
v -17.1521 -4 -28.69835
v -20.69835 -4 -26.8479
v -20.69835 0 -26.8479
v -17.1521 0 -28.69835
v -17.1521 -4 -28.69835
v -15.30165 -4 -25.1521
v -15.30165 0 -25.1521
v -18.8479 0 -23.30165
v -18.8479 -4 -23.30165
f 3049 3051 3052
f 3049 3052 3050
f 3057 3053 3054
f 3057 3054 3058
f 3059 3055 3056
f 3059 3056 3060
f 3061 3062 3063
f 3061 3063 3064
f 3065 3066 3067
f 3065 3067 3068
f 3069 3070 3071
f 3069 3071 3072
v 6.916218 -16.5 7.851578
v 5.148422 -16.5 6.916218
v 6.916218 -14.5 7.851578
v 5.148422 -14.5 6.916218
v 7.851578 -14.5 6.083782
v 6.083782 -14.5 5.148422
v 7.851578 -16.5 6.083782
v 6.083782 -16.5 5.148422
v 6.916218 -14.5 7.851578
v 5.148422 -14.5 6.916218
v 7.851578 -14.5 6.083782
v 6.083782 -14.5 5.148422
v 7.851578 -16.5 6.083782
v 6.916218 -16.5 7.851578
v 5.148422 -16.5 6.916218
v 6.083782 -16.5 5.148422
v 5.148422 -16.5 6.916218
v 5.148422 -14.5 6.916218
v 6.083782 -14.5 5.148422
v 6.083782 -16.5 5.148422
v 7.851578 -16.5 6.083782
v 7.851578 -14.5 6.083782
v 6.916218 -14.5 7.851578
v 6.916218 -16.5 7.851578
f 3073 3075 3076
f 3073 3076 3074
f 3081 3077 3078
f 3081 3078 3082
f 3083 3079 3080
f 3083 3080 3084
f 3085 3086 3087
f 3085 3087 3088
f 3089 3090 3091
f 3089 3091 3092
f 3093 3094 3095
f 3093 3095 3096
v -18.11075 -2 34.38039
v -17.88039 -2 31.38925
v -18.11075 0 34.38039
v -17.88039 0 31.38925
v -15.11961 0 34.61075
v -14.88925 0 31.61961
v -15.11961 -2 34.61075
v -14.88925 -2 31.61961
v -18.11075 0 34.38039
v -17.88039 0 31.38925
v -15.11961 0 34.61075
v -14.88925 0 31.61961
v -15.11961 -2 34.61075
v -18.11075 -2 34.38039
v -17.88039 -2 31.38925
v -14.88925 -2 31.61961
v -17.88039 -2 31.38925
v -17.88039 0 31.38925
v -14.88925 0 31.61961
v -14.88925 -2 31.61961
v -15.11961 -2 34.61075
v -15.11961 0 34.61075
v -18.11075 0 34.38039
v -18.11075 -2 34.38039
f 3097 3099 3100
f 3097 3100 3098
f 3105 3101 3102
f 3105 3102 3106
f 3107 3103 3104
f 3107 3104 3108
f 3109 3110 3111
f 3109 3111 3112
f 3113 3114 3115
f 3113 3115 3116
f 3117 3118 3119
f 3117 3119 3120
v -23.21913 -2 34.81445
v -26.31445 -2 32.28086
v -23.21913 2 34.81445
v -26.31445 2 32.28086
v -20.68555 2 31.71913
v -23.78087 2 29.18555
v -20.68555 -2 31.71913
v -23.78087 -2 29.18555
v -23.21913 2 34.81445
v -26.31445 2 32.28086
v -20.68555 2 31.71913
v -23.78087 2 29.18555
v -20.68555 -2 31.71913
v -23.21913 -2 34.81445
v -26.31445 -2 32.28086
v -23.78087 -2 29.18555
v -26.31445 -2 32.28086
v -26.31445 2 32.28086
v -23.78087 2 29.18555
v -23.78087 -2 29.18555
v -20.68555 -2 31.71913
v -20.68555 2 31.71913
v -23.21913 2 34.81445
v -23.21913 -2 34.81445
f 3121 3123 3124
f 3121 3124 3122
f 3129 3125 3126
f 3129 3126 3130
f 3131 3127 3128
f 3131 3128 3132
f 3133 3134 3135
f 3133 3135 3136
f 3137 3138 3139
f 3137 3139 3140
f 3141 3142 3143
f 3141 3143 3144
v -34.55049 15.93245 -7.844178
v -34.56634 15.93245 11.29203
v -36.46572 15.93245 -7.845764
v -36.48158 15.93245 11.29044
v -36.46573 4.667546 -7.845764
v -36.48158 4.667546 11.29044
v -34.5505 4.667545 -7.844178
v -34.56635 4.667545 11.29203
v -36.46572 15.93245 -7.845764
v -36.48158 15.93245 11.29044
v -36.46573 4.667546 -7.845764
v -36.48158 4.667546 11.29044
v -34.5505 4.667545 -7.844178
v -34.55049 15.93245 -7.844178
v -34.56634 15.93245 11.29203
v -34.56635 4.667545 11.29203
v -34.56634 15.93245 11.29203
v -36.48158 15.93245 11.29044
v -36.48158 4.667546 11.29044
v -34.56635 4.667545 11.29203
v -34.5505 4.667545 -7.844178
v -36.46573 4.667546 -7.845764
v -36.46572 15.93245 -7.845764
v -34.55049 15.93245 -7.844178
f 3145 3147 3148
f 3145 3148 3146
f 3153 3149 3150
f 3153 3150 3154
f 3155 3151 3152
f 3155 3152 3156
f 3157 3158 3159
f 3157 3159 3160
f 3161 3162 3163
f 3161 3163 3164
f 3165 3166 3167
f 3165 3167 3168
v 33.47592 23.86049 -4.745168
v 33.47591 5.293794 -4.745161
v 35.33415 23.86048 -4.743682
v 35.33414 5.293793 -4.743675
v 35.32541 23.86049 6.185965
v 35.32541 5.293797 6.185972
v 33.46718 23.86049 6.184479
v 33.46717 5.293798 6.184486
v 35.33415 23.86048 -4.743682
v 35.33414 5.293793 -4.743675
v 35.32541 23.86049 6.185965
v 35.32541 5.293797 6.185972
v 33.46718 23.86049 6.184479
v 33.47592 23.86049 -4.745168
v 33.47591 5.293794 -4.745161
v 33.46717 5.293798 6.184486
v 33.47591 5.293794 -4.745161
v 35.33414 5.293793 -4.743675
v 35.32541 5.293797 6.185972
v 33.46717 5.293798 6.184486
v 33.46718 23.86049 6.184479
v 35.32541 23.86049 6.185965
v 35.33415 23.86048 -4.743682
v 33.47592 23.86049 -4.745168
f 3169 3171 3172
f 3169 3172 3170
f 3177 3173 3174
f 3177 3174 3178
f 3179 3175 3176
f 3179 3176 3180
f 3181 3182 3183
f 3181 3183 3184
f 3185 3186 3187
f 3185 3187 3188
f 3189 3190 3191
f 3189 3191 3192
v -5.265182 23.86049 -33.67611
v -5.265174 5.293793 -33.6761
v -5.263632 23.86048 -35.53434
v -5.263623 5.293793 -35.53434
v 5.666013 23.86049 -35.52522
v 5.666021 5.293797 -35.52522
v 5.664462 23.86049 -33.66698
v 5.664471 5.293798 -33.66698
v -5.263632 23.86048 -35.53434
v -5.263623 5.293793 -35.53434
v 5.666013 23.86049 -35.52522
v 5.666021 5.293797 -35.52522
v 5.664462 23.86049 -33.66698
v -5.265182 23.86049 -33.67611
v -5.265174 5.293793 -33.6761
v 5.664471 5.293798 -33.66698
v -5.265174 5.293793 -33.6761
v -5.263623 5.293793 -35.53434
v 5.666021 5.293797 -35.52522
v 5.664471 5.293798 -33.66698
v 5.664462 23.86049 -33.66698
v 5.666013 23.86049 -35.52522
v -5.263632 23.86048 -35.53434
v -5.265182 23.86049 -33.67611
f 3193 3195 3196
f 3193 3196 3194
f 3201 3197 3198
f 3201 3198 3202
f 3203 3199 3200
f 3203 3200 3204
f 3205 3206 3207
f 3205 3207 3208
f 3209 3210 3211
f 3209 3211 3212
f 3213 3214 3215
f 3213 3215 3216
v 5.664689 23.86048 35.57607
v 5.66468 5.293794 35.57607
v 5.663148 23.86048 37.43431
v 5.66314 5.293794 37.43431
v -5.266495 23.86049 37.42525
v -5.266504 5.293799 37.42525
v -5.264955 23.86049 35.56701
v -5.264964 5.293799 35.56701
v 5.663148 23.86048 37.43431
v 5.66314 5.293794 37.43431
v -5.266495 23.86049 37.42525
v -5.266504 5.293799 37.42525
v -5.264955 23.86049 35.56701
v 5.664689 23.86048 35.57607
v 5.66468 5.293794 35.57607
v -5.264964 5.293799 35.56701
v 5.66468 5.293794 35.57607
v 5.66314 5.293794 37.43431
v -5.266504 5.293799 37.42525
v -5.264964 5.293799 35.56701
v -5.264955 23.86049 35.56701
v -5.266495 23.86049 37.42525
v 5.663148 23.86048 37.43431
v 5.664689 23.86048 35.57607
f 3217 3219 3220
f 3217 3220 3218
f 3225 3221 3222
f 3225 3222 3226
f 3227 3223 3224
f 3227 3224 3228
f 3229 3230 3231
f 3229 3231 3232
f 3233 3234 3235
f 3233 3235 3236
f 3237 3238 3239
f 3237 3239 3240
v -11.44726 -19.16611 34.66653
v -12.65274 -19.16611 34.66653
v -11.44726 -19.16611 34.2588
v -12.65274 -19.16611 34.2588
v -11.44726 -19.99609 34.2588
v -12.65274 -19.99609 34.2588
v -11.44726 -19.99609 34.66653
v -12.65274 -19.99609 34.66653
v -11.44726 -19.16611 34.2588
v -12.65274 -19.16611 34.2588
v -11.44726 -19.99609 34.2588
v -12.65274 -19.99609 34.2588
v -11.44726 -19.99609 34.66653
v -11.44726 -19.16611 34.66653
v -12.65274 -19.16611 34.66653
v -12.65274 -19.99609 34.66653
v -12.65274 -19.16611 34.66653
v -12.65274 -19.16611 34.2588
v -12.65274 -19.99609 34.2588
v -12.65274 -19.99609 34.66653
v -11.44726 -19.99609 34.66653
v -11.44726 -19.99609 34.2588
v -11.44726 -19.16611 34.2588
v -11.44726 -19.16611 34.66653
f 3241 3243 3244
f 3241 3244 3242
f 3249 3245 3246
f 3249 3246 3250
f 3251 3247 3248
f 3251 3248 3252
f 3253 3254 3255
f 3253 3255 3256
f 3257 3258 3259
f 3257 3259 3260
f 3261 3262 3263
f 3261 3263 3264
v -29.63273 -13.93 -22.74809
v -32.62191 -13.93 -23.00273
v -29.63273 -10.93 -22.74809
v -32.62191 -10.93 -23.00273
v -29.37809 -10.93 -25.73727
v -32.36727 -10.93 -25.99191
v -29.37809 -13.93 -25.73727
v -32.36727 -13.93 -25.99191
v -29.63273 -10.93 -22.74809
v -32.62191 -10.93 -23.00273
v -29.37809 -10.93 -25.73727
v -32.36727 -10.93 -25.99191
v -29.37809 -13.93 -25.73727
v -29.63273 -13.93 -22.74809
v -32.62191 -13.93 -23.00273
v -32.36727 -13.93 -25.99191
v -32.62191 -13.93 -23.00273
v -32.62191 -10.93 -23.00273
v -32.36727 -10.93 -25.99191
v -32.36727 -13.93 -25.99191
v -29.37809 -13.93 -25.73727
v -29.37809 -10.93 -25.73727
v -29.63273 -10.93 -22.74809
v -29.63273 -13.93 -22.74809
f 3265 3267 3268
f 3265 3268 3266
f 3273 3269 3270
f 3273 3270 3274
f 3275 3271 3272
f 3275 3272 3276
f 3277 3278 3279
f 3277 3279 3280
f 3281 3282 3283
f 3281 3283 3284
f 3285 3286 3287
f 3285 3287 3288
v 6.71152 -20.72618 -14.49152
v 5.611515 -20.87437 -15.1362
v 6.80355 -19.52167 -14.92542
v 5.703546 -19.66986 -15.5701
v 6.058137 -20.30991 -13.46788
v 4.954279 -20.45862 -14.11483
v 6.15049 -19.10118 -13.9033
v 5.046632 -19.24989 -14.55024
v 6.448975 -20.35211 -15.40735
v 5.311026 -19.62586 -13.63265
v 5.800065 -21.0352 -14.14313
v 4.924562 -20.1177 -15.07996
v 5.959936 -18.94277 -14.89687
v 6.835439 -19.86027 -13.96004
v 6.954756 -20.15425 -14.75082
v 6.337501 -19.50739 -15.41132
v 5.607532 -20.33574 -15.5404
v 6.224787 -20.98261 -14.8799
v 5.422 -20.47285 -13.62731
v 4.802685 -19.82382 -14.29001
v 5.53509 -18.9927 -14.1605
v 6.154406 -19.64173 -13.4978
v 5.147882 -20.81978 -14.64946
v 6.500321 -20.63865 -13.85887
v 5.260928 -19.34022 -15.18244
v 6.613411 -19.1585 -14.39206
v 6.783387 -20.63639 -14.54122
v 6.863021 -20.50034 -14.60872
v 6.923774 -20.33591 -14.68082
v 6.860187 -19.63122 -14.90331
v 6.917422 -19.78832 -14.86521
v 6.95193 -19.96739 -14.81357
v 6.739877 -19.50514 -15.03205
v 6.635149 -19.4925 -15.16725
v 6.498577 -19.49229 -15.29868
v 5.821919 -19.6288 -15.57004
v 5.98491 -19.5801 -15.54834
v 6.162033 -19.53763 -15.49592
v 5.679641 -19.79026 -15.5952
v 5.651093 -19.95891 -15.60737
v 5.625896 -20.14603 -15.59072
v 5.602842 -20.79543 -15.23311
v 5.596692 -20.67093 -15.35088
v 5.597739 -20.51455 -15.45797
v 5.723151 -20.92151 -15.10437
v 5.878964 -20.96674 -15.04884
v 6.051092 -20.98965 -14.97286
v 6.641109 -20.79784 -14.56638
v 6.529203 -20.87914 -14.66775
v 6.387636 -20.94431 -14.77562
v 5.939062 -20.35105 -13.46804
v 5.775749 -20.39991 -13.48978
v 5.598053 -20.4425 -13.54243
v 5.018379 -20.47508 -14.00763
v 5.123326 -20.48781 -13.87214
v 5.260384 -20.48799 -13.74032
v 4.89748 -20.34838 -14.137
v 4.840084 -20.19098 -14.17523
v 4.80552 -20.01131 -14.22705
v 4.974507 -19.34022 -14.50016
v 4.894668 -19.47657 -14.43258
v 4.833771 -19.64156 -14.36025
v 5.117483 -19.17798 -14.47488
v 5.229632 -19.09646 -14.37335
v 5.371695 -19.03113 -14.26513
v 6.038166 -19.05395 -13.93529
v 5.882055 -19.00856 -13.99098
v 5.709364 -18.98564 -14.06723
v 6.159065 -19.18064 -13.80592
v 6.165298 -19.30539 -13.68789
v 6.164228 -19.46232 -13.5805
v 6.082037 -20.1888 -13.44275
v 6.110714 -20.0198 -13.43054
v 6.135978 -19.83207 -13.4473
v 5.51367 -20.8893 -15.05938
v 5.387475 -20.89117 -14.94328
v 5.26172 -20.86827 -14.80333
v 4.964864 -20.5429 -14.20726
v 4.998203 -20.64686 -14.34023
v 5.059538 -20.74348 -14.49218
v 6.149422 -20.38332 -13.51302
v 6.268834 -20.47569 -13.59555
v 6.389995 -20.56425 -13.71243
v 6.694215 -20.73026 -14.36749
v 6.653804 -20.72057 -14.20112
v 6.587755 -20.68963 -14.02617
v 5.612439 -19.59659 -15.52505
v 5.493421 -19.50453 -15.44279
v 5.372661 -19.41625 -15.32639
v 5.063969 -19.2458 -14.67451
v 5.104508 -19.25551 -14.84144
v 5.170849 -19.28662 -15.01698
v 6.792984 -19.43755 -14.83316
v 6.75975 -19.33393 -14.70062
v 6.698696 -19.23761 -14.54923
v 6.248526 -19.08622 -13.98027
v 6.375139 -19.08434 -14.09675
v 6.501306 -19.10739 -14.23723
v 6.884597 -20.21634 -14.93807
v 6.77559 -20.27165 -15.11474
v 6.62819 -20.31761 -15.27359
v 6.394038 -19.70225 -15.46299
v 6.433084 -19.91272 -15.48124
v 6.451698 -20.13265 -15.46244
v 5.8139 -20.36058 -15.56558
v 6.028034 -20.37236 -15.55286
v 6.242977 -20.36951 -15.49935
v 6.304459 -20.87467 -15.04066
v 6.37054 -20.7313 -15.18636
v 6.419469 -20.55446 -15.3105
v 5.365238 -20.27743 -13.57538
v 5.326188 -20.06626 -13.55729
v 5.307537 -19.84558 -13.57619
v 4.872942 -19.76152 -14.10216
v 4.982507 -19.70609 -13.92504
v 5.130447 -19.65999 -13.76569
v 5.455133 -19.10086 -13.99921
v 5.388945 -19.24487 -13.85317
v 5.339874 -19.42234 -13.72865
v 5.947428 -19.61677 -13.47243
v 5.732625 -19.60504 -13.48542
v 5.516963 -19.60792 -13.53916
v 6.132882 -21.05529 -14.70638
v 6.02928 -21.09053 -14.52151
v 5.916646 -21.08378 -14.33088
v 5.282722 -20.93039 -14.51774
v 5.440519 -21.00481 -14.3861
v 5.615204 -21.0402 -14.25961
v 5.494976 -20.65121 -13.71083
v 5.584063 -20.80922 -13.82651
v 5.687586 -20.94072 -13.97292
v 6.352102 -20.78299 -13.89484
v 6.182549 -20.90129 -13.95515
v 5.995982 -20.98816 -14.03923
v 5.410831 -20.2986 -15.47901
v 5.226347 -20.24909 -15.38069
v 5.061748 -20.18787 -15.24566
v 5.129992 -19.51476 -15.19497
v 5.027883 -19.70753 -15.18156
v 4.958519 -19.91112 -15.14272
v 4.770501 -19.89198 -14.48605
v 4.778873 -19.96541 -14.68811
v 4.83019 -20.0422 -14.89038
v 5.041172 -20.67725 -14.77621
v 4.966702 -20.50827 -14.89311
v 4.927329 -20.31933 -14.99567
v 6.264731 -19.32961 -15.32802
v 6.175899 -19.17155 -15.21278
v 6.072753 -19.0406 -15.06689
v 6.484395 -19.05152 -14.51857
v 6.32958 -18.97691 -14.64836
v 6.152546 -18.93902 -14.77738
v 5.627268 -18.91974 -14.33455
v 5.731093 -18.88485 -14.51972
v 5.844149 -18.89157 -14.71108
v 5.41565 -19.1906 -15.14446
v 5.588221 -19.07167 -15.08247
v 5.772003 -18.98799 -14.99887
v 6.986782 -20.0863 -14.55539
v 6.978831 -20.013 -14.3536
v 6.927652 -19.9365 -14.1521
v 6.626678 -20.4714 -13.84629
v 6.728332 -20.28194 -13.85864
v 6.800514 -20.0752 -13.89696
v 6.351742 -19.67897 -13.55933
v 6.536283 -19.72866 -13.65813
v 6.701544 -19.79009 -13.79362
v 6.716574 -19.29483 -14.27012
v 6.791089 -19.46056 -14.15452
v 6.832851 -19.65196 -14.04942
v 6.717494 -20.70178 -14.6819
v 6.794336 -20.56679 -14.77654
v 6.853547 -20.40138 -14.86326
v 6.610391 -20.77553 -14.80906
v 6.68603 -20.63538 -14.9301
v 6.744155 -20.46431 -15.03283
v 6.469872 -20.83677 -14.9311
v 6.542274 -20.6934 -15.06853
v 6.597504 -20.51775 -15.18429
v 6.796951 -19.66183 -15.05652
v 6.694709 -19.67195 -15.2066
v 6.557959 -19.68386 -15.34641
v 6.850252 -19.83496 -15.04016
v 6.744844 -19.8656 -15.20739
v 6.603664 -19.88991 -15.35796
v 6.882391 -20.02385 -14.99925
v 6.774374 -20.06881 -15.1753
v 6.629079 -20.10449 -15.33316
v 5.847232 -19.78977 -15.61312
v 5.842423 -19.97073 -15.63083
v 5.829515 -20.16569 -15.61632
v 6.026369 -19.76199 -15.5983
v 6.04186 -19.9603 -15.61939
v 6.040598 -20.16766 -15.60534
v 6.21319 -19.7303 -15.54847
v 6.24248 -19.93857 -15.56965
v 6.251671 -20.15533 -15.55435
v 5.767776 -20.82972 -15.23851
v 5.94205 -20.86557 -15.20076
v 6.125102 -20.88321 -15.13316
v 5.786508 -20.70256 -15.3672
v 5.983046 -20.73008 -15.3421
v 6.18109 -20.74206 -15.28021
v 5.80067 -20.54322 -15.48032
v 6.010381 -20.56316 -15.46288
v 6.220096 -20.5686 -15.40548
v 5.913739 -20.18934 -13.42502
v 5.734132 -20.2175 -13.43964
v 5.546674 -20.24927 -13.48956
v 5.918816 -20.00792 -13.40698
v 5.71866 -20.01844 -13.41855
v 5.517395 -20.04025 -13.46855
v 5.93174 -19.81231 -13.42147
v 5.719944 -19.8104 -13.43274
v 5.508199 -19.8228 -13.48391
v 4.961221 -20.31766 -13.98327
v 4.907413 -20.14417 -13.99974
v 4.875123 -19.95465 -14.04073
v 5.06358 -20.30783 -13.83263
v 5.013292 -20.11347 -13.83195
v 4.983739 -19.90958 -13.86421
v 5.200731 -20.29588 -13.69231
v 5.155013 -20.08907 -13.68094
v 5.129511 -19.87381 -13.70585
v 5.040912 -19.27465 -14.35899
v 5.148198 -19.20034 -14.23158
v 5.289132 -19.13887 -14.1091
v 4.963514 -19.40992 -14.26424
v 5.072306 -19.34109 -14.11018
v 5.216606 -19.28292 -13.97133
v 4.904066 -19.57584 -14.17719
v 5.014057 -19.51277 -14.00715
v 5.161193 -19.45914 -13.85522
v 5.993431 -19.14633 -13.80074
v 5.974916 -19.27366 -13.67148
v 5.960683 -19.4335 -13.55793
v 5.818749 -19.11 -13.83858
v 5.777674 -19.24606 -13.69678
v 5.750263 -19.41359 -13.57568
v 5.635075 -19.09227 -13.90635
v 5.578989 -19.2341 -13.75895
v 5.539881 -19.40813 -13.63328
v 6.581116 -20.84534 -14.4162
v 6.452669 -20.94156 -14.50178
v 6.301044 -21.01449 -14.60219
v 6.52133 -20.85418 -14.24466
v 6.37282 -20.96508 -14.31989
v 6.207094 -21.04624 -14.41552
v 6.444255 -20.83223 -14.06586
v 6.282448 -20.95034 -14.13331
v 6.10457 -21.03665 -14.22394
v 5.631397 -20.97328 -14.97281
v 5.513501 -20.98995 -14.83532
v 5.391378 -20.97407 -14.68293
v 5.784328 -21.0316 -14.89348
v 5.669836 -21.05979 -14.73189
v 5.548673 -21.04919 -14.56336
v 5.956275 -21.06093 -14.80425
v 5.84591 -21.09489 -14.6272
v 5.727162 -21.0875 -14.44513
v 5.064242 -20.61496 -14.09071
v 5.182802 -20.65135 -13.95709
v 5.328403 -20.66372 -13.8256
v 5.113762 -20.73901 -14.21509
v 5.250041 -20.79548 -14.07913
v 5.408312 -20.81891 -13.94537
v 5.184581 -20.84658 -14.36373
v 5.33276 -20.91516 -14.22859
v 5.502135 -20.94742 -14.09486
v 6.016761 -20.48664 -13.53246
v 6.125165 -20.60276 -13.62233
v 6.241199 -20.70424 -13.74447
v 5.853354 -20.56101 -13.5641
v 5.955409 -20.70046 -13.66573
v 6.068965 -20.81598 -13.79712
v 5.674344 -20.61712 -13.62285
v 5.770695 -20.77009 -13.73299
v 5.880824 -20.8964 -13.87292
v 5.447396 -20.78046 -15.1697
v 5.415988 -20.64559 -15.28762
v 5.404062 -20.48223 -15.39515
v 5.300704 -20.76695 -15.06302
v 5.247256 -20.61694 -15.18408
v 5.222978 -20.44208 -15.29377
v 5.163598 -20.73536 -14.92666
v 5.096451 -20.57527 -15.04726
v 5.0621 -20.39053 -15.15678
v 5.526853 -19.74051 -15.54432
v 5.385021 -19.66337 -15.46056
v 5.251685 -19.58245 -15.34197
v 5.471905 -19.91375 -15.55125
v 5.30607 -19.84716 -15.46137
v 5.157841 -19.77179 -15.3367
v 5.432907 -20.10471 -15.53114
v 5.253196 -20.04658 -15.43624
v 5.093676 -19.97727 -15.30565
v 4.959176 -19.37833 -14.66413
v 4.869349 -19.52981 -14.61703
v 4.803242 -19.70423 -14.55498
v 4.984992 -19.40789 -14.84238
v 4.885421 -19.57915 -14.81068
v 4.813991 -19.7675 -14.75671
v 5.044487 -19.45012 -15.02501
v 4.940988 -19.6339 -15.00411
v 4.866915 -19.83386 -14.95786
v 4.879485 -20.42134 -14.28841
v 4.900374 -20.51539 -14.44343
v 4.956087 -20.60712 -14.60823
v 4.813248 -20.26407 -14.35253
v 4.826407 -20.35153 -14.53244
v 4.879394 -20.44005 -14.71371
v 4.7743 -20.08304 -14.41852
v 4.783673 -20.16431 -14.61377
v 4.835232 -20.24853 -14.80848
v 5.744453 -19.49358 -15.50584
v 5.907503 -19.41944 -15.47423
v 6.085956 -19.36364 -15.41566
v 5.636676 -19.37779 -15.41606
v 5.805815 -19.28006 -15.373
v 5.989878 -19.21061 -15.30597
v 5.52106 -19.27677 -15.29434
v 5.692641 -19.1649 -15.24213
v 5.880181 -19.08475 -15.16657
v 6.694172 -19.36563 -14.94923
v 6.644505 -19.24202 -14.8254
v 6.573936 -19.13493 -14.67727
v 6.575845 -19.3294 -15.08253
v 6.5088 -19.18536 -14.961
v 6.426416 -19.06605 -14.81209
v 6.430726 -19.31719 -15.2136
v 6.351062 -19.16195 -15.09429
v 6.257588 -19.03391 -14.94538
v 6.130189 -19.00206 -14.06725
v 5.976936 -18.94353 -14.14676
v 5.80447 -18.91402 -14.23635
v 6.248746 -18.98528 -14.20499
v 6.09178 -18.9156 -14.30869
v 5.915075 -18.88041 -14.4137
v 6.371324 -19.00114 -14.35797
v 6.213346 -18.9263 -14.47783
v 6.034286 -18.88786 -14.59645
v 5.177671 -19.13038 -14.6255
v 5.237344 -19.12153 -14.79775
v 5.314705 -19.14348 -14.97723
v 5.306385 -19.03387 -14.53975
v 5.386412 -19.01063 -14.72209
v 5.47714 -19.02548 -14.9093
v 5.458527 -18.96062 -14.4391
v 5.552692 -18.92923 -14.62609
v 5.655597 -18.93888 -14.81839
v 6.878173 -19.55846 -14.75234
v 6.944185 -19.71541 -14.68839
v 6.982938 -19.89589 -14.6227
v 6.857302 -19.46503 -14.59769
v 6.931379 -19.62821 -14.50881
v 6.973993 -19.81476 -14.42772
v 6.801716 -19.37364 -14.43354
v 6.878638 -19.53997 -14.32818
v 6.92265 -19.73088 -14.23373
v 6.798716 -20.59841 -14.37772
v 6.772985 -20.56861 -14.20016
v 6.713629 -20.52655 -14.01823
v 6.888269 -20.44725 -14.42476
v 6.872565 -20.39798 -14.23152
v 6.817248 -20.34346 -14.03874
v 6.954093 -20.27342 -14.48671
v 6.943775 -20.21026 -14.28525
v 6.891075 -20.14414 -14.08486
v 6.235256 -20.2387 -13.49383
v 6.29039 -20.06507 -13.48682
v 6.32963 -19.87351 -13.50698
v 6.377515 -20.31639 -13.57771
v 6.4564 -20.13194 -13.57714
v 6.509397 -19.93183 -13.60236
v 6.511417 -20.3976 -13.69669
v 6.605118 -20.20757 -13.70231
v 6.669506 -20.00142 -13.73346
v 6.314947 -19.19568 -13.86955
v 6.462133 -19.2089 -13.97666
v 6.599818 -19.24059 -14.11347
v 6.34649 -19.33081 -13.75132
v 6.515414 -19.35956 -13.85538
v 6.666711 -19.40141 -13.99271
v 6.358573 -19.4947 -13.64343
v 6.539715 -19.53501 -13.74531
v 6.701189 -19.58675 -13.88283
v 6.419469 -20.55446 -15.3105
v 6.448975 -20.35211 -15.40735
v 6.448975 -20.35211 -15.40735
v 6.337501 -19.50739 -15.41132
v 6.394038 -19.70225 -15.46299
v 6.433084 -19.91272 -15.48124
v 6.451698 -20.13265 -15.46244
v 6.448975 -20.35211 -15.40735
v 6.448975 -20.35211 -15.40735
v 6.448975 -20.35211 -15.40735
v 6.419469 -20.55446 -15.3105
v 5.311026 -19.62586 -13.63265
v 5.311026 -19.62586 -13.63265
v 5.311026 -19.62586 -13.63265
v 5.311026 -19.62586 -13.63265
v 5.53509 -18.9927 -14.1605
v 5.455133 -19.10086 -13.99921
v 5.388945 -19.24487 -13.85317
v 5.339874 -19.42234 -13.72865
v 5.311026 -19.62586 -13.63265
v 6.71152 -20.72618 -14.49152
v 6.641109 -20.79784 -14.56638
v 6.529203 -20.87914 -14.66775
v 6.387636 -20.94431 -14.77562
v 6.224787 -20.98261 -14.8799
v 5.723151 -20.92151 -15.10437
v 5.611515 -20.87437 -15.1362
v 5.878964 -20.96674 -15.04884
v 6.051092 -20.98965 -14.97286
v 4.954279 -20.45862 -14.11483
v 5.018379 -20.47508 -14.00763
v 5.123326 -20.48781 -13.87214
v 5.260384 -20.48799 -13.74032
v 5.422 -20.47285 -13.62731
v 5.939062 -20.35105 -13.46804
v 6.058137 -20.30991 -13.46788
v 5.775749 -20.39991 -13.48978
v 5.598053 -20.4425 -13.54243
v 5.611515 -20.87437 -15.1362
v 5.51367 -20.8893 -15.05938
v 5.602842 -20.79543 -15.23311
v 5.596692 -20.67093 -15.35088
v 5.597739 -20.51455 -15.45797
v 5.607532 -20.33574 -15.5404
v 5.387475 -20.89117 -14.94328
v 5.26172 -20.86827 -14.80333
v 5.147882 -20.81978 -14.64946
v 5.679641 -19.79026 -15.5952
v 5.703546 -19.66986 -15.5701
v 5.651093 -19.95891 -15.60737
v 5.625896 -20.14603 -15.59072
v 5.046632 -19.24989 -14.55024
v 4.974507 -19.34022 -14.50016
v 4.894668 -19.47657 -14.43258
v 4.833771 -19.64156 -14.36025
v 4.802685 -19.82382 -14.29001
v 4.89748 -20.34838 -14.137
v 4.964864 -20.5429 -14.20726
v 4.954279 -20.45862 -14.11483
v 4.998203 -20.64686 -14.34023
v 5.059538 -20.74348 -14.49218
v 4.840084 -20.19098 -14.17523
v 4.80552 -20.01131 -14.22705
v 5.703546 -19.66986 -15.5701
v 5.612439 -19.59659 -15.52505
v 5.821919 -19.6288 -15.57004
v 5.98491 -19.5801 -15.54834
v 6.162033 -19.53763 -15.49592
v 6.337501 -19.50739 -15.41132
v 5.493421 -19.50453 -15.44279
v 5.372661 -19.41625 -15.32639
v 5.260928 -19.34022 -15.18244
v 6.739877 -19.50514 -15.03205
v 6.80355 -19.52167 -14.92542
v 6.635149 -19.4925 -15.16725
v 6.498577 -19.49229 -15.29868
v 6.337501 -19.50739 -15.41132
v 6.264731 -19.32961 -15.32802
v 6.175899 -19.17155 -15.21278
v 6.072753 -19.0406 -15.06689
v 5.959936 -18.94277 -14.89687
v 6.15049 -19.10118 -13.9033
v 6.038166 -19.05395 -13.93529
v 5.882055 -19.00856 -13.99098
v 5.709364 -18.98564 -14.06723
v 5.53509 -18.9927 -14.1605
v 5.117483 -19.17798 -14.47488
v 5.063969 -19.2458 -14.67451
v 5.046632 -19.24989 -14.55024
v 5.104508 -19.25551 -14.84144
v 5.170849 -19.28662 -15.01698
v 5.229632 -19.09646 -14.37335
v 5.371695 -19.03113 -14.26513
v 5.53509 -18.9927 -14.1605
v 5.627268 -18.91974 -14.33455
v 5.731093 -18.88485 -14.51972
v 5.844149 -18.89157 -14.71108
v 6.80355 -19.52167 -14.92542
v 6.792984 -19.43755 -14.83316
v 6.860187 -19.63122 -14.90331
v 6.917422 -19.78832 -14.86521
v 6.95193 -19.96739 -14.81357
v 6.954756 -20.15425 -14.75082
v 6.75975 -19.33393 -14.70062
v 6.698696 -19.23761 -14.54923
v 6.613411 -19.1585 -14.39206
v 6.783387 -20.63639 -14.54122
v 6.694215 -20.73026 -14.36749
v 6.71152 -20.72618 -14.49152
v 6.653804 -20.72057 -14.20112
v 6.587755 -20.68963 -14.02617
v 6.500321 -20.63865 -13.85887
v 6.863021 -20.50034 -14.60872
v 6.923774 -20.33591 -14.68082
v 6.058137 -20.30991 -13.46788
v 6.149422 -20.38332 -13.51302
v 6.082037 -20.1888 -13.44275
v 6.110714 -20.0198 -13.43054
v 6.135978 -19.83207 -13.4473
v 6.154406 -19.64173 -13.4978
v 6.268834 -20.47569 -13.59555
v 6.389995 -20.56425 -13.71243
v 6.159065 -19.18064 -13.80592
v 6.248526 -19.08622 -13.98027
v 6.15049 -19.10118 -13.9033
v 6.375139 -19.08434 -14.09675
v 6.501306 -19.10739 -14.23723
v 6.165298 -19.30539 -13.68789
v 6.164228 -19.46232 -13.5805
f 3466 3675 3467
f 3463 3466 3467
f 3462 3466 3463
f 3462 3465 3466
f 3465 3397 3466
f 3466 3397 3398
f 3467 3398 3297
f 3494 3398 3397
f 3463 3467 3464
f 3464 3467 3389
f 3467 3676 3389
f 3459 3462 3463
f 3460 3463 3464
f 3459 3463 3460
f 3337 3465 3462
f 3336 3337 3462
f 3336 3462 3459
f 3289 3336 3459
f 3289 3459 3315
f 3315 3459 3460
f 3337 3338 3465
f 3315 3460 3316
f 3338 3396 3465
f 3338 3306 3396
f 3465 3396 3397
f 3316 3460 3461
f 3460 3464 3461
f 3316 3461 3317
f 3488 3396 3306
f 3488 3306 3335
f 3491 3397 3396
f 3491 3396 3488
f 3494 3397 3491
f 3461 3464 3388
f 3464 3389 3388
f 3317 3461 3387
f 3461 3388 3387
f 3317 3387 3303
f 3487 3488 3335
f 3487 3335 3334
f 3490 3491 3488
f 3490 3488 3487
f 3303 3387 3474
f 3303 3474 3320
f 3387 3388 3475
f 3387 3475 3474
f 3388 3389 3476
f 3388 3476 3475
f 3486 3487 3334
f 3486 3334 3333
f 3320 3474 3471
f 3320 3471 3319
f 3389 3392 3476
f 3389 3677 3392
f 3476 3392 3391
f 3476 3391 3473
f 3475 3476 3473
f 3473 3391 3390
f 3474 3475 3472
f 3475 3473 3472
f 3474 3472 3471
f 3473 3390 3470
f 3472 3473 3470
f 3470 3390 3304
f 3470 3304 3323
f 3472 3470 3469
f 3469 3470 3323
f 3471 3472 3469
f 3469 3323 3322
f 3471 3469 3468
f 3468 3469 3322
f 3319 3471 3468
f 3468 3322 3321
f 3319 3468 3318
f 3318 3468 3321
f 3318 3321 3291
f 3395 3684 3398
f 3485 3683 3395
f 3482 3485 3395
f 3482 3395 3394
f 3394 3395 3494
f 3395 3685 3494
f 3394 3494 3493
f 3493 3494 3491
f 3493 3491 3490
f 3393 3394 3493
f 3492 3493 3490
f 3393 3493 3492
f 3479 3482 3394
f 3479 3394 3393
f 3492 3490 3489
f 3489 3490 3487
f 3489 3487 3486
f 3305 3393 3492
f 3329 3393 3305
f 3329 3479 3393
f 3305 3492 3332
f 3332 3492 3489
f 3332 3489 3331
f 3331 3489 3486
f 3331 3486 3330
f 3330 3486 3333
f 3330 3333 3290
f 3328 3479 3329
f 3328 3478 3479
f 3327 3478 3328
f 3478 3482 3479
f 3327 3477 3478
f 3292 3477 3327
f 3292 3324 3477
f 3478 3481 3482
f 3477 3481 3478
f 3481 3485 3482
f 3324 3480 3477
f 3477 3480 3481
f 3324 3325 3480
f 3481 3484 3485
f 3480 3484 3481
f 3325 3483 3480
f 3480 3483 3484
f 3325 3326 3483
f 3484 3681 3485
f 3485 3681 3682
f 3484 3680 3681
f 3483 3680 3484
f 3483 3679 3680
f 3326 3679 3483
f 3326 3678 3679
f 3503 3410 3298
f 3502 3410 3503
f 3499 3502 3503
f 3499 3503 3500
f 3500 3503 3401
f 3503 3686 3401
f 3502 3409 3410
f 3498 3502 3499
f 3501 3409 3502
f 3498 3501 3502
f 3496 3499 3500
f 3495 3498 3499
f 3495 3499 3496
f 3361 3501 3498
f 3360 3361 3498
f 3360 3498 3495
f 3293 3360 3495
f 3293 3495 3339
f 3339 3495 3496
f 3361 3362 3501
f 3339 3496 3340
f 3362 3408 3501
f 3501 3408 3409
f 3362 3310 3408
f 3340 3496 3497
f 3496 3500 3497
f 3340 3497 3341
f 3524 3408 3310
f 3524 3310 3359
f 3527 3409 3408
f 3527 3408 3524
f 3497 3500 3400
f 3500 3401 3400
f 3341 3497 3399
f 3497 3400 3399
f 3341 3399 3307
f 3523 3524 3359
f 3523 3359 3358
f 3307 3399 3510
f 3307 3510 3344
f 3399 3400 3511
f 3399 3511 3510
f 3400 3401 3512
f 3400 3512 3511
f 3344 3510 3507
f 3344 3507 3343
f 3510 3511 3508
f 3510 3508 3507
f 3343 3507 3504
f 3343 3504 3342
f 3342 3504 3345
f 3342 3345 3294
f 3504 3346 3345
f 3507 3505 3504
f 3504 3505 3346
f 3507 3508 3505
f 3505 3347 3346
f 3505 3506 3347
f 3508 3506 3505
f 3506 3308 3347
f 3511 3509 3508
f 3508 3509 3506
f 3511 3512 3509
f 3506 3402 3308
f 3509 3402 3506
f 3350 3308 3402
f 3512 3403 3509
f 3509 3403 3402
f 3350 3402 3519
f 3519 3402 3403
f 3349 3350 3519
f 3512 3404 3403
f 3401 3404 3512
f 3401 3687 3404
f 3349 3519 3516
f 3348 3349 3516
f 3519 3403 3520
f 3520 3403 3404
f 3516 3519 3520
f 3348 3516 3513
f 3296 3348 3513
f 3296 3513 3351
f 3520 3404 3521
f 3521 3404 3688
f 3516 3520 3517
f 3513 3516 3517
f 3517 3520 3521
f 3351 3513 3514
f 3513 3517 3514
f 3351 3514 3352
f 3517 3521 3518
f 3514 3517 3518
f 3352 3514 3515
f 3514 3518 3515
f 3352 3515 3353
f 3518 3521 3407
f 3521 3689 3407
f 3518 3407 3406
f 3515 3518 3406
f 3515 3406 3405
f 3353 3515 3405
f 3353 3405 3309
f 3354 3357 3295
f 3354 3522 3357
f 3522 3358 3357
f 3355 3522 3354
f 3522 3523 3358
f 3355 3525 3522
f 3525 3523 3522
f 3356 3525 3355
f 3525 3526 3523
f 3526 3524 3523
f 3526 3527 3524
f 3356 3528 3525
f 3528 3526 3525
f 3690 3528 3356
f 3690 3691 3528
f 3528 3529 3526
f 3691 3529 3528
f 3529 3527 3526
f 3691 3692 3529
f 3529 3530 3527
f 3692 3530 3529
f 3530 3409 3527
f 3692 3693 3530
f 3530 3410 3409
f 3693 3410 3530
f 3693 3694 3410
f 3700 3363 3701
f 3700 3540 3363
f 3702 3540 3700
f 3540 3364 3363
f 3702 3543 3540
f 3703 3543 3702
f 3540 3541 3364
f 3543 3541 3540
f 3541 3365 3364
f 3703 3546 3543
f 3699 3546 3703
f 3541 3542 3365
f 3542 3311 3365
f 3543 3544 3541
f 3546 3544 3543
f 3544 3542 3541
f 3699 3411 3546
f 3698 3411 3699
f 3542 3414 3311
f 3368 3311 3414
f 3544 3545 3542
f 3545 3414 3542
f 3546 3547 3544
f 3411 3547 3546
f 3547 3545 3544
f 3698 3533 3411
f 3697 3533 3698
f 3368 3414 3555
f 3367 3368 3555
f 3411 3412 3547
f 3533 3412 3411
f 3545 3415 3414
f 3555 3414 3415
f 3547 3548 3545
f 3412 3548 3547
f 3548 3415 3545
f 3697 3532 3533
f 3696 3532 3697
f 3367 3555 3552
f 3366 3367 3552
f 3533 3536 3412
f 3532 3536 3533
f 3412 3413 3548
f 3536 3413 3412
f 3548 3416 3415
f 3413 3416 3548
f 3555 3415 3556
f 3552 3555 3556
f 3556 3415 3416
f 3696 3531 3532
f 3695 3531 3696
f 3695 3372 3531
f 3532 3535 3536
f 3531 3535 3532
f 3372 3534 3531
f 3531 3534 3535
f 3372 3373 3534
f 3536 3539 3413
f 3535 3539 3536
f 3413 3299 3416
f 3539 3299 3413
f 3556 3416 3557
f 3557 3416 3299
f 3373 3537 3534
f 3373 3374 3537
f 3534 3538 3535
f 3535 3538 3539
f 3534 3537 3538
f 3539 3422 3299
f 3538 3422 3539
f 3374 3420 3537
f 3374 3312 3420
f 3537 3421 3538
f 3538 3421 3422
f 3537 3420 3421
f 3419 3299 3422
f 3557 3299 3419
f 3553 3556 3557
f 3552 3556 3553
f 3560 3420 3312
f 3560 3312 3371
f 3563 3421 3420
f 3563 3420 3560
f 3566 3422 3421
f 3419 3422 3566
f 3566 3421 3563
f 3554 3557 3419
f 3553 3557 3554
f 3549 3552 3553
f 3366 3552 3549
f 3704 3366 3549
f 3704 3549 3705
f 3549 3553 3550
f 3705 3549 3550
f 3550 3553 3554
f 3705 3550 3706
f 3706 3550 3551
f 3550 3554 3551
f 3706 3551 3707
f 3554 3419 3418
f 3551 3554 3418
f 3418 3419 3566
f 3707 3551 3417
f 3551 3418 3417
f 3707 3417 3708
f 3418 3566 3565
f 3417 3418 3565
f 3565 3566 3563
f 3708 3417 3564
f 3417 3565 3564
f 3708 3564 3712
f 3565 3563 3562
f 3564 3565 3562
f 3562 3563 3560
f 3712 3564 3561
f 3564 3562 3561
f 3712 3561 3711
f 3562 3560 3559
f 3561 3562 3559
f 3559 3560 3371
f 3559 3371 3370
f 3711 3561 3558
f 3561 3559 3558
f 3558 3559 3370
f 3711 3558 3709
f 3558 3370 3369
f 3709 3558 3369
f 3709 3369 3710
f 3722 3375 3723
f 3722 3576 3375
f 3724 3576 3722
f 3576 3376 3375
f 3724 3579 3576
f 3725 3579 3724
f 3576 3577 3376
f 3579 3577 3576
f 3577 3377 3376
f 3725 3582 3579
f 3718 3582 3725
f 3577 3578 3377
f 3578 3313 3377
f 3579 3580 3577
f 3582 3580 3579
f 3580 3578 3577
f 3718 3423 3582
f 3717 3423 3718
f 3578 3426 3313
f 3380 3313 3426
f 3580 3581 3578
f 3581 3426 3578
f 3582 3583 3580
f 3423 3583 3582
f 3583 3581 3580
f 3717 3569 3423
f 3716 3569 3717
f 3380 3426 3591
f 3379 3380 3591
f 3423 3424 3583
f 3569 3424 3423
f 3581 3427 3426
f 3591 3426 3427
f 3583 3584 3581
f 3424 3584 3583
f 3584 3427 3581
f 3716 3568 3569
f 3715 3568 3716
f 3379 3591 3588
f 3378 3379 3588
f 3569 3572 3424
f 3568 3572 3569
f 3424 3425 3584
f 3572 3425 3424
f 3584 3428 3427
f 3425 3428 3584
f 3591 3427 3592
f 3588 3591 3592
f 3592 3427 3428
f 3715 3567 3568
f 3713 3567 3715
f 3713 3714 3567
f 3568 3571 3572
f 3567 3571 3568
f 3714 3570 3567
f 3567 3570 3571
f 3714 3719 3570
f 3572 3575 3425
f 3571 3575 3572
f 3425 3300 3428
f 3575 3300 3425
f 3592 3428 3593
f 3593 3428 3300
f 3719 3573 3570
f 3719 3720 3573
f 3570 3574 3571
f 3571 3574 3575
f 3570 3573 3574
f 3575 3434 3300
f 3574 3434 3575
f 3720 3432 3573
f 3720 3721 3432
f 3573 3433 3574
f 3574 3433 3434
f 3573 3432 3433
f 3431 3300 3434
f 3593 3300 3431
f 3589 3592 3593
f 3588 3592 3589
f 3596 3432 3721
f 3596 3721 3735
f 3599 3433 3432
f 3599 3432 3596
f 3602 3434 3433
f 3431 3434 3602
f 3602 3433 3599
f 3590 3593 3431
f 3589 3593 3590
f 3585 3588 3589
f 3378 3588 3585
f 3726 3378 3585
f 3726 3585 3727
f 3585 3589 3586
f 3727 3585 3586
f 3586 3589 3590
f 3727 3586 3728
f 3728 3586 3587
f 3586 3590 3587
f 3728 3587 3729
f 3590 3431 3430
f 3587 3590 3430
f 3430 3431 3602
f 3729 3587 3429
f 3587 3430 3429
f 3729 3429 3730
f 3430 3602 3601
f 3429 3430 3601
f 3601 3602 3599
f 3730 3429 3600
f 3429 3601 3600
f 3730 3600 3737
f 3601 3599 3598
f 3600 3601 3598
f 3598 3599 3596
f 3737 3600 3597
f 3600 3598 3597
f 3737 3597 3736
f 3598 3596 3595
f 3597 3598 3595
f 3595 3596 3735
f 3595 3735 3734
f 3736 3597 3594
f 3597 3595 3594
f 3594 3595 3734
f 3736 3594 3731
f 3594 3734 3732
f 3731 3594 3732
f 3731 3732 3733
f 3742 3435 3743
f 3742 3605 3435
f 3741 3605 3742
f 3605 3436 3435
f 3741 3604 3605
f 3740 3604 3741
f 3605 3608 3436
f 3604 3608 3605
f 3608 3437 3436
f 3740 3603 3604
f 3738 3603 3740
f 3738 3739 3603
f 3604 3607 3608
f 3603 3607 3604
f 3608 3611 3437
f 3607 3611 3608
f 3611 3301 3437
f 3739 3606 3603
f 3603 3606 3607
f 3739 3744 3606
f 3607 3610 3611
f 3606 3610 3607
f 3611 3446 3301
f 3610 3446 3611
f 3771 3301 3446
f 3744 3609 3606
f 3606 3609 3610
f 3744 3745 3609
f 3771 3446 3638
f 3770 3771 3638
f 3610 3445 3446
f 3609 3445 3610
f 3638 3446 3445
f 3745 3444 3609
f 3609 3444 3445
f 3745 3746 3444
f 3770 3638 3637
f 3769 3770 3637
f 3638 3445 3635
f 3635 3445 3444
f 3637 3638 3635
f 3632 3444 3746
f 3635 3444 3632
f 3632 3746 3765
f 3769 3637 3636
f 3768 3769 3636
f 3768 3636 3767
f 3637 3635 3634
f 3634 3635 3632
f 3636 3637 3634
f 3631 3632 3765
f 3634 3632 3631
f 3631 3765 3764
f 3767 3636 3633
f 3636 3634 3633
f 3633 3634 3631
f 3767 3633 3766
f 3630 3631 3764
f 3633 3631 3630
f 3766 3633 3630
f 3630 3764 3762
f 3766 3630 3761
f 3761 3630 3762
f 3761 3762 3763
f 3747 3381 3748
f 3747 3612 3381
f 3749 3612 3747
f 3612 3382 3381
f 3749 3615 3612
f 3750 3615 3749
f 3612 3613 3382
f 3615 3613 3612
f 3613 3383 3382
f 3750 3618 3615
f 3751 3618 3750
f 3751 3752 3618
f 3613 3614 3383
f 3614 3314 3383
f 3615 3616 3613
f 3618 3616 3615
f 3616 3614 3613
f 3752 3619 3618
f 3618 3619 3616
f 3752 3753 3619
f 3614 3438 3314
f 3386 3314 3438
f 3616 3617 3614
f 3619 3617 3616
f 3617 3438 3614
f 3753 3620 3619
f 3619 3620 3617
f 3753 3754 3620
f 3386 3438 3627
f 3385 3386 3627
f 3617 3439 3438
f 3620 3439 3617
f 3627 3438 3439
f 3754 3440 3620
f 3620 3440 3439
f 3754 3755 3440
f 3385 3627 3624
f 3384 3385 3624
f 3627 3439 3628
f 3628 3439 3440
f 3624 3627 3628
f 3629 3440 3755
f 3628 3440 3629
f 3629 3755 3443
f 3384 3624 3621
f 3756 3384 3621
f 3756 3621 3757
f 3624 3628 3625
f 3625 3628 3629
f 3621 3624 3625
f 3626 3629 3443
f 3625 3629 3626
f 3626 3443 3442
f 3757 3621 3622
f 3621 3625 3622
f 3622 3625 3626
f 3757 3622 3758
f 3623 3626 3442
f 3622 3626 3623
f 3758 3622 3623
f 3623 3442 3441
f 3758 3623 3759
f 3759 3623 3441
f 3759 3441 3760
f 3781 3782 3783
f 3781 3648 3782
f 3787 3648 3781
f 3648 3784 3782
f 3787 3651 3648
f 3788 3651 3787
f 3648 3649 3784
f 3651 3649 3648
f 3649 3785 3784
f 3788 3654 3651
f 3777 3654 3788
f 3649 3650 3785
f 3650 3786 3785
f 3651 3652 3649
f 3654 3652 3651
f 3652 3650 3649
f 3777 3447 3654
f 3776 3447 3777
f 3650 3450 3786
f 3796 3786 3450
f 3652 3653 3650
f 3653 3450 3650
f 3654 3655 3652
f 3447 3655 3654
f 3655 3653 3652
f 3776 3641 3447
f 3775 3641 3776
f 3796 3450 3663
f 3795 3796 3663
f 3447 3448 3655
f 3641 3448 3447
f 3653 3451 3450
f 3663 3450 3451
f 3655 3656 3653
f 3448 3656 3655
f 3656 3451 3653
f 3775 3640 3641
f 3774 3640 3775
f 3795 3663 3660
f 3790 3795 3660
f 3641 3644 3448
f 3640 3644 3641
f 3448 3449 3656
f 3644 3449 3448
f 3656 3452 3451
f 3449 3452 3656
f 3663 3451 3664
f 3660 3663 3664
f 3664 3451 3452
f 3774 3639 3640
f 3772 3639 3774
f 3772 3773 3639
f 3640 3643 3644
f 3639 3643 3640
f 3773 3642 3639
f 3639 3642 3643
f 3773 3778 3642
f 3644 3647 3449
f 3643 3647 3644
f 3449 3302 3452
f 3647 3302 3449
f 3664 3452 3665
f 3665 3452 3302
f 3778 3645 3642
f 3778 3779 3645
f 3642 3646 3643
f 3643 3646 3647
f 3642 3645 3646
f 3647 3458 3302
f 3646 3458 3647
f 3779 3456 3645
f 3779 3780 3456
f 3645 3457 3646
f 3646 3457 3458
f 3645 3456 3457
f 3455 3302 3458
f 3665 3302 3455
f 3661 3664 3665
f 3660 3664 3661
f 3668 3456 3780
f 3668 3780 3801
f 3671 3457 3456
f 3671 3456 3668
f 3674 3458 3457
f 3455 3458 3674
f 3674 3457 3671
f 3662 3665 3455
f 3661 3665 3662
f 3657 3660 3661
f 3790 3660 3657
f 3789 3790 3657
f 3789 3657 3791
f 3657 3661 3658
f 3791 3657 3658
f 3658 3661 3662
f 3791 3658 3792
f 3792 3658 3659
f 3658 3662 3659
f 3792 3659 3793
f 3662 3455 3454
f 3659 3662 3454
f 3454 3455 3674
f 3793 3659 3453
f 3659 3454 3453
f 3793 3453 3794
f 3454 3674 3673
f 3453 3454 3673
f 3673 3674 3671
f 3794 3453 3672
f 3453 3673 3672
f 3794 3672 3803
f 3673 3671 3670
f 3672 3673 3670
f 3670 3671 3668
f 3803 3672 3669
f 3672 3670 3669
f 3803 3669 3802
f 3670 3668 3667
f 3669 3670 3667
f 3667 3668 3801
f 3667 3801 3800
f 3802 3669 3666
f 3669 3667 3666
f 3666 3667 3800
f 3802 3666 3797
f 3666 3800 3798
f 3797 3666 3798
f 3797 3798 3799
