v 26.27242 -11.25752 -0.3743791
v 26.2301 -11.36148 -3.981821
v 26.24239 -10.97052 -0.3822983
v 26.20007 -11.07448 -3.98974
v 26.2301 -11.36148 -3.981821
v 17.95662 -17.3609 -3.711856
v 26.20007 -11.07448 -3.98974
v 17.92611 -17.07426 -3.719761
v 17.95662 -17.3609 -3.711856
v 18.14588 -17.15038 -0.1092091
v 17.92611 -17.07426 -3.719761
v 18.11537 -16.86374 -0.1171101
v 18.14588 -17.15038 -0.1092091
v 26.27242 -11.25752 -0.3743791
v 18.11537 -16.86374 -0.1171101
v 26.24239 -10.97052 -0.3822983
v 26.24239 -10.97052 -0.3822983
v 26.20007 -11.07448 -3.98974
v 18.11537 -16.86374 -0.1171101
v 17.92611 -17.07426 -3.719761
v 18.14588 -17.15038 -0.1092091
v 17.95662 -17.3609 -3.711856
v 26.27242 -11.25752 -0.3743791
v 26.2301 -11.36148 -3.981821
f 1 2 3
f 2 4 3
f 5 6 7
f 6 8 7
f 9 10 11
f 10 12 11
f 13 14 15
f 14 16 15
f 17 18 19
f 18 20 19
f 21 22 23
f 22 24 23
v 15.78685 -17.6122 -20.54856
v 14.59105 -17.71186 -20.13662
v 15.81394 -17.43564 -20.41438
v 12.15807 -19.14171 -18.89433
v 12.14561 -19.00556 -18.92166
v 13.17033 -19.06348 -19.2396
v 10.68271 -19.28099 -18.58038
v 12.14561 -19.00556 -18.92166
v 12.15807 -19.14171 -18.89433
v 13.24401 -17.5656 -18.93237
v 13.28079 -17.71585 -19.12436
v 12.11136 -17.62139 -18.78543
v 14.74578 -17.51841 -19.64298
v 13.28079 -17.71585 -19.12436
v 13.24401 -17.5656 -18.93237
v 14.59105 -17.71186 -20.13662
v 15.78685 -17.6122 -20.54856
v 15.74752 -17.58021 -20.64452
v 12.13533 -19.07792 -19.00868
v 12.14561 -19.00556 -18.92166
v 10.68271 -19.28099 -18.58038
v 13.17033 -19.06348 -19.2396
v 12.14561 -19.00556 -18.92166
v 12.13533 -19.07792 -19.00868
v 9.566806 -17.95898 -18.33584
v 9.679501 -17.90923 -17.9606
v 10.6619 -17.78469 -18.42638
v 15.01107 -18.40947 -18.92343
v 15.00595 -17.86319 -18.85737
v 13.41339 -17.972 -18.34055
v 13.41632 -18.488 -18.40891
v 12.21142 -18.58199 -18.03695
v 12.18298 -18.0589 -17.98439
v 10.88454 -18.74034 -17.7066
v 10.84677 -18.22215 -17.64337
v 10.04759 -18.83568 -17.47534
v 9.901299 -18.32254 -17.37884
v 14.89599 -17.46795 -19.14303
v 14.74578 -17.51841 -19.64298
v 13.24401 -17.5656 -18.93237
v 13.31179 -17.59989 -18.60344
v 14.74578 -17.51841 -19.64298
v 14.59105 -17.71186 -20.13662
v 13.02547 -17.83381 -19.5371
v 13.25974 -17.6185 -19.1625
v 14.59105 -17.71186 -20.13662
v 14.54151 -18.23958 -20.37139
v 12.97967 -18.33522 -19.75616
v 13.02547 -17.83381 -19.5371
v 14.54151 -18.23958 -20.37139
v 14.61928 -18.71275 -20.22429
v 12.7698 -18.76004 -19.56944
v 12.97967 -18.33522 -19.75616
v 14.61928 -18.71275 -20.22429
v 14.74989 -18.98408 -19.82938
v 13.17033 -19.06348 -19.2396
v 12.7698 -18.76004 -19.56944
v 10.68271 -19.28099 -18.58038
v 9.950253 -19.37583 -18.43057
v 9.60529 -19.14813 -18.72671
v 10.53723 -19.05017 -18.98303
v 12.07675 -18.90319 -19.32291
v 12.13533 -19.07792 -19.00868
v 14.74989 -18.98408 -19.82938
v 14.90885 -18.85108 -19.31056
v 13.32577 -18.91283 -18.75691
v 13.17033 -19.06348 -19.2396
v 12.15807 -19.14171 -18.89433
v 12.16108 -19.013 -18.38136
v 14.90885 -18.85108 -19.31056
v 15.01107 -18.40947 -18.92343
v 13.41632 -18.488 -18.40891
v 13.32577 -18.91283 -18.75691
v 12.16108 -19.013 -18.38136
v 12.21142 -18.58199 -18.03695
v 10.8911 -19.17793 -18.06878
v 10.88454 -18.74034 -17.7066
v 10.1314 -19.24625 -17.89348
v 10.04759 -18.83568 -17.47534
v 10.53723 -19.05017 -18.98303
v 9.60529 -19.14813 -18.72671
v 9.514077 -18.6722 -18.839
v 10.45141 -18.57408 -19.09609
v 12.07675 -18.90319 -19.32291
v 11.78003 -18.42079 -19.40916
v 10.45141 -18.57408 -19.09609
v 9.514077 -18.6722 -18.839
v 9.521643 -18.17442 -18.60675
v 10.46567 -18.07574 -18.86588
v 11.78003 -18.42079 -19.40916
v 11.80909 -17.91641 -19.19588
v 12.97967 -18.33522 -19.75616
v 13.02547 -17.83381 -19.5371
v 10.46567 -18.07574 -18.86588
v 9.521643 -18.17442 -18.60675
v 9.566806 -17.95898 -18.33584
v 10.6619 -17.78469 -18.42638
v 10.6619 -17.78469 -18.42638
v 9.679501 -17.90923 -17.9606
v 9.774439 -17.94624 -17.65353
v 10.72393 -17.84624 -17.91706
v 12.11136 -17.62139 -18.78543
v 12.06514 -17.68348 -18.25643
v 10.72393 -17.84624 -17.91706
v 9.774439 -17.94624 -17.65353
v 9.901299 -18.32254 -17.37884
v 10.84677 -18.22215 -17.64337
v 12.06514 -17.68348 -18.25643
v 12.18298 -18.0589 -17.98439
v 10.8911 -19.17793 -18.06878
v 10.1314 -19.24625 -17.89348
v 9.950253 -19.37583 -18.43057
v 10.68271 -19.28099 -18.58038
v 12.16108 -19.013 -18.38136
v 12.15807 -19.14171 -18.89433
v 13.31179 -17.59989 -18.60344
v 12.06514 -17.68348 -18.25643
v 12.18298 -18.0589 -17.98439
v 13.41339 -17.972 -18.34055
v 15.00595 -17.86319 -18.85737
v 14.89599 -17.46795 -19.14303
v 16.21281 -17.7529 -19.21037
v 16.08663 -17.31025 -19.53982
v 13.02547 -17.83381 -19.5371
v 11.80909 -17.91641 -19.19588
v 12.11136 -17.62139 -18.78543
v 13.25974 -17.6185 -19.1625
v 12.7698 -18.76004 -19.56944
v 12.07675 -18.90319 -19.32291
v 11.78003 -18.42079 -19.40916
v 12.97967 -18.33522 -19.75616
v 15.90543 -18.87459 -19.61269
v 16.10445 -18.35554 -19.21194
v 15.01107 -18.40947 -18.92343
v 14.90885 -18.85108 -19.31056
v 15.66538 -19.12032 -20.23542
v 15.90543 -18.87459 -19.61269
v 14.90885 -18.85108 -19.31056
v 14.74989 -18.98408 -19.82938
v 15.61179 -18.75979 -20.7167
v 15.66538 -19.12032 -20.23542
v 14.74989 -18.98408 -19.82938
v 14.61928 -18.71275 -20.22429
v 15.67526 -18.16736 -20.89712
v 15.61179 -18.75979 -20.7167
v 14.61928 -18.71275 -20.22429
v 14.54151 -18.23958 -20.37139
v 15.74752 -17.58021 -20.64452
v 15.67526 -18.16736 -20.89712
v 14.54151 -18.23958 -20.37139
v 14.59105 -17.71186 -20.13662
v 15.90287 -17.24205 -20.1062
v 15.81394 -17.43564 -20.41438
v 14.59105 -17.71186 -20.13662
v 14.74578 -17.51841 -19.64298
v 16.08663 -17.31025 -19.53982
v 15.90287 -17.24205 -20.1062
v 14.74578 -17.51841 -19.64298
v 14.89599 -17.46795 -19.14303
v 12.11136 -17.62139 -18.78543
v 12.06514 -17.68348 -18.25643
v 13.31179 -17.59989 -18.60344
v 13.24401 -17.5656 -18.93237
v 16.10445 -18.35554 -19.21194
v 16.21281 -17.7529 -19.21037
v 15.00595 -17.86319 -18.85737
v 15.01107 -18.40947 -18.92343
v 11.80909 -17.91641 -19.19588
v 10.46567 -18.07574 -18.86588
v 10.6619 -17.78469 -18.42638
v 12.11136 -17.62139 -18.78543
v 12.13533 -19.07792 -19.00868
v 12.07675 -18.90319 -19.32291
v 12.7698 -18.76004 -19.56944
v 13.17033 -19.06348 -19.2396
v 16.21281 -17.7529 -19.21037
v 16.15662 -17.81951 -19.35973
v 16.04996 -17.44534 -19.63821
v 16.08663 -17.31025 -19.53982
v 15.78685 -17.6122 -20.54856
v 15.79656 -17.70057 -20.49089
v 15.76332 -17.67353 -20.572
v 15.74752 -17.58021 -20.64452
v 15.61179 -18.75979 -20.7167
v 15.69388 -18.97538 -20.2262
v 15.66538 -19.12032 -20.23542
v 15.64858 -18.67063 -20.63302
v 15.67526 -18.16736 -20.89712
v 15.70223 -18.16985 -20.78553
v 16.08663 -17.31025 -19.53982
v 16.04996 -17.44534 -19.63821
v 15.89463 -17.38769 -20.11697
v 15.90287 -17.24205 -20.1062
v 9.901299 -18.32254 -17.37884
v 9.876131 -18.36971 -17.48626
v 10.01723 -18.81036 -17.57742
v 10.04759 -18.83568 -17.47534
v 9.774439 -17.94624 -17.65353
v 9.876131 -18.36971 -17.48626
v 9.901299 -18.32254 -17.37884
v 9.766694 -18.04757 -17.71968
v 9.679501 -17.90923 -17.9606
v 9.682578 -18.02155 -17.99215
v 9.586358 -18.04983 -18.2855
v 9.566806 -17.95898 -18.33584
v 9.521643 -18.17442 -18.60675
v 9.586358 -18.04983 -18.2855
v 9.566806 -17.95898 -18.33584
v 9.548183 -18.23948 -18.52832
v 9.514077 -18.6722 -18.839
v 9.543942 -18.66582 -18.7289
v 9.60529 -19.14813 -18.72671
v 9.62332 -19.07705 -18.62904
v 9.950253 -19.37583 -18.43057
v 9.94873 -19.2657 -18.38711
v 9.62332 -19.07705 -18.62904
v 9.60529 -19.14813 -18.72671
v 10.1314 -19.24625 -17.89348
v 10.11028 -19.15289 -17.93902
v 9.94873 -19.2657 -18.38711
v 9.950253 -19.37583 -18.43057
v 10.04759 -18.83568 -17.47534
v 10.01723 -18.81036 -17.57742
v 10.11028 -19.15289 -17.93902
v 10.1314 -19.24625 -17.89348
v 12.11136 -17.62139 -18.78543
v 13.28079 -17.71585 -19.12436
v 13.25974 -17.6185 -19.1625
v 14.74578 -17.51841 -19.64298
v 15.70223 -18.16985 -20.78553
v 15.67453 -18.14752 -20.68158
v 15.62799 -18.58204 -20.54925
v 15.64858 -18.67063 -20.63302
v 15.89679 -18.76766 -19.69981
v 15.84335 -18.66623 -19.73951
v 15.98933 -18.28554 -19.44558
v 16.06503 -18.32892 -19.36106
v 16.06503 -18.32892 -19.36106
v 15.98933 -18.28554 -19.44558
v 16.06881 -17.84353 -19.44443
v 16.15662 -17.81951 -19.35973
v 15.79656 -17.70057 -20.49089
v 15.75638 -17.74034 -20.42592
v 15.72754 -17.71687 -20.4963
v 15.76332 -17.67353 -20.572
v 15.90287 -17.24205 -20.1062
v 15.89463 -17.38769 -20.11697
v 15.81945 -17.55133 -20.37748
v 15.81394 -17.43564 -20.41438
v 16.10445 -18.35554 -19.21194
v 16.15662 -17.81951 -19.35973
v 16.21281 -17.7529 -19.21037
v 16.06503 -18.32892 -19.36106
v 15.90543 -18.87459 -19.61269
v 15.89679 -18.76766 -19.69981
v 15.66538 -19.12032 -20.23542
v 15.69388 -18.97538 -20.2262
v 15.81394 -17.43564 -20.41438
v 15.81945 -17.55133 -20.37748
v 15.79656 -17.70057 -20.49089
v 15.78685 -17.6122 -20.54856
v 15.74752 -17.58021 -20.64452
v 15.76332 -17.67353 -20.572
v 15.70223 -18.16985 -20.78553
v 15.67526 -18.16736 -20.89712
v 15.81945 -17.55133 -20.37748
v 15.77625 -17.61084 -20.32751
v 15.75638 -17.74034 -20.42592
v 15.79656 -17.70057 -20.49089
v 16.15662 -17.81951 -19.35973
v 16.06881 -17.84353 -19.44443
v 15.97625 -17.51887 -19.68606
v 16.04996 -17.44534 -19.63821
v 15.89463 -17.38769 -20.11697
v 15.84148 -17.46885 -20.10148
v 15.77625 -17.61084 -20.32751
v 15.81945 -17.55133 -20.37748
v 15.64858 -18.67063 -20.63302
v 15.62799 -18.58204 -20.54925
v 15.66729 -18.84647 -20.19625
v 15.69388 -18.97538 -20.2262
v 16.04996 -17.44534 -19.63821
v 15.97625 -17.51887 -19.68606
v 15.84148 -17.46885 -20.10148
v 15.89463 -17.38769 -20.11697
v 15.69388 -18.97538 -20.2262
v 15.66729 -18.84647 -20.19625
v 15.84335 -18.66623 -19.73951
v 15.89679 -18.76766 -19.69981
v 15.76332 -17.67353 -20.572
v 15.72754 -17.71687 -20.4963
v 15.67453 -18.14752 -20.68158
v 15.70223 -18.16985 -20.78553
v 9.586358 -18.04983 -18.2855
v 9.711586 -18.12848 -18.29072
v 9.792405 -18.10473 -18.04433
v 9.682578 -18.02155 -17.99215
v 9.682578 -18.02155 -17.99215
v 9.792405 -18.10473 -18.04433
v 9.863055 -18.12658 -17.81547
v 9.766694 -18.04757 -17.71968
v 9.94873 -19.2657 -18.38711
v 10.01596 -19.14974 -18.37607
v 9.74263 -18.99129 -18.57928
v 9.62332 -19.07705 -18.62904
v 9.548183 -18.23948 -18.52832
v 9.679521 -18.28778 -18.49468
v 9.711586 -18.12848 -18.29072
v 9.586358 -18.04983 -18.2855
v 9.876131 -18.36971 -17.48626
v 9.954975 -18.39716 -17.61941
v 10.07349 -18.76728 -17.69597
v 10.01723 -18.81036 -17.57742
v 10.11028 -19.15289 -17.93902
v 10.15165 -19.05499 -17.9997
v 10.01596 -19.14974 -18.37607
v 9.94873 -19.2657 -18.38711
v 9.543942 -18.66582 -18.7289
v 9.675959 -18.64588 -18.66315
v 9.679521 -18.28778 -18.49468
v 9.548183 -18.23948 -18.52832
v 9.766694 -18.04757 -17.71968
v 9.863055 -18.12658 -17.81547
v 9.954975 -18.39716 -17.61941
v 9.876131 -18.36971 -17.48626
v 10.01723 -18.81036 -17.57742
v 10.07349 -18.76728 -17.69597
v 10.15165 -19.05499 -17.9997
v 10.11028 -19.15289 -17.93902
v 9.62332 -19.07705 -18.62904
v 9.74263 -18.99129 -18.57928
v 9.675959 -18.64588 -18.66315
v 9.543942 -18.66582 -18.7289
v 15.67453 -18.14752 -20.68158
v 15.84148 -17.46885 -20.10148
v 15.97625 -17.51887 -19.68606
v 15.62799 -18.58204 -20.54925
v 15.97625 -17.51887 -19.68606
v 16.06881 -17.84353 -19.44443
v 15.66729 -18.84647 -20.19625
v 15.62799 -18.58204 -20.54925
v 16.06881 -17.84353 -19.44443
v 15.98933 -18.28554 -19.44558
v 15.84335 -18.66623 -19.73951
v 15.66729 -18.84647 -20.19625
v 15.77625 -17.61084 -20.32751
v 15.84148 -17.46885 -20.10148
v 15.67453 -18.14752 -20.68158
v 15.75638 -17.74034 -20.42592
v 15.72754 -17.71687 -20.4963
v 9.792405 -18.10473 -18.04433
v 10.15165 -19.05499 -17.9997
v 10.07349 -18.76728 -17.69597
v 9.954975 -18.39716 -17.61941
v 9.863055 -18.12658 -17.81547
v 10.15165 -19.05499 -17.9997
v 9.792405 -18.10473 -18.04433
v 9.711586 -18.12848 -18.29072
v 10.01596 -19.14974 -18.37607
v 10.01596 -19.14974 -18.37607
v 9.711586 -18.12848 -18.29072
v 9.679521 -18.28778 -18.49468
v 9.675959 -18.64588 -18.66315
v 9.74263 -18.99129 -18.57928
f 25 26 27
f 28 29 30
f 31 32 33
f 34 35 36
f 37 38 39
f 40 41 42
f 43 44 45
f 46 47 48
f 49 50 51
f 52 53 54
f 52 54 55
f 54 56 55
f 54 57 56
f 57 58 56
f 57 59 58
f 59 60 58
f 59 61 60
f 62 63 64
f 62 64 65
f 66 67 68
f 66 68 69
f 70 71 72
f 70 72 73
f 74 75 76
f 74 76 77
f 78 79 80
f 78 80 81
f 82 83 84
f 82 84 85
f 82 85 86
f 82 86 87
f 88 89 90
f 88 90 91
f 90 92 91
f 90 93 92
f 94 95 96
f 94 96 97
f 96 98 97
f 96 99 98
f 99 100 98
f 99 101 100
f 101 102 100
f 101 103 102
f 104 105 106
f 104 106 107
f 108 104 107
f 108 107 109
f 110 111 112
f 110 112 113
f 114 110 113
f 114 113 115
f 116 114 115
f 116 115 117
f 118 119 120
f 118 120 121
f 122 123 124
f 122 124 125
f 126 122 125
f 126 125 127
f 128 129 130
f 128 130 131
f 132 128 131
f 132 131 133
f 134 135 136
f 134 136 137
f 138 134 137
f 138 137 139
f 140 141 142
f 140 142 143
f 144 140 143
f 144 145 140
f 146 145 144
f 146 147 145
f 148 149 150
f 148 150 151
f 152 153 154
f 152 154 155
f 156 157 158
f 156 158 159
f 160 161 162
f 160 162 163
f 164 165 166
f 164 166 167
f 168 169 170
f 168 170 171
f 172 173 174
f 172 174 175
f 176 177 178
f 176 178 179
f 180 181 182
f 180 182 183
f 184 185 186
f 184 186 187
f 188 189 190
f 188 190 191
f 192 193 194
f 192 194 195
f 196 197 198
f 196 198 199
f 200 201 202
f 200 202 203
f 204 205 206
f 204 206 207
f 208 209 210
f 208 211 209
f 212 211 208
f 212 213 211
f 214 215 216
f 214 216 217
f 218 219 220
f 218 220 221
f 222 223 224
f 222 225 223
f 226 225 222
f 226 227 225
f 228 227 226
f 228 226 229
f 230 231 232
f 230 233 231
f 234 233 230
f 234 235 233
f 236 235 234
f 236 237 235
f 238 239 240
f 238 240 241
f 242 243 244
f 242 244 245
f 246 247 248
f 246 248 249
f 250 251 252
f 252 251 253
f 254 255 256
f 254 256 257
f 258 259 260
f 258 260 261
f 262 263 264
f 262 264 265
f 266 267 268
f 266 268 269
f 270 271 272
f 270 272 273
f 274 275 276
f 274 277 275
f 278 277 274
f 278 279 277
f 280 279 278
f 280 281 279
f 282 283 284
f 282 284 285
f 286 287 288
f 286 288 289
f 290 291 292
f 290 292 293
f 294 295 296
f 294 296 297
f 298 299 300
f 298 300 301
f 302 303 304
f 302 304 305
f 306 307 308
f 306 308 309
f 310 311 312
f 310 312 313
f 314 315 316
f 314 316 317
f 318 319 320
f 318 320 321
f 322 323 324
f 322 324 325
f 326 327 328
f 326 328 329
f 330 331 332
f 330 332 333
f 334 335 336
f 334 336 337
f 338 339 340
f 338 340 341
f 342 343 344
f 342 344 345
f 346 347 348
f 346 348 349
f 350 351 352
f 350 352 353
f 354 355 356
f 354 356 357
f 358 359 360
f 358 360 361
f 362 363 364
f 362 364 365
f 366 367 368
f 366 368 369
f 370 371 372
f 372 373 370
f 372 374 373
f 375 376 377
f 377 378 375
f 378 379 375
f 380 381 382
f 380 382 383
f 384 385 386
f 386 387 384
f 387 388 384
v 15.10619 -18.47493 -21.20316
v 13.91135 -18.52455 -20.77957
v 15.17467 -18.43983 -20.99343
v 11.12164 -19.77634 -20.38249
v 11.14864 -19.65694 -20.31576
v 12.13123 -19.741 -20.7423
v 9.652158 -19.72417 -20.01841
v 11.14864 -19.65694 -20.31576
v 11.12164 -19.77634 -20.38249
v 12.60176 -18.86996 -19.57467
v 12.6046 -18.86409 -19.82113
v 11.49223 -18.73216 -19.33474
v 14.08994 -18.73965 -20.30326
v 12.6046 -18.86409 -19.82113
v 12.60176 -18.86996 -19.57467
v 13.91135 -18.52455 -20.77957
v 15.10619 -18.47493 -21.20316
v 15.08186 -18.38039 -21.25057
v 11.12289 -19.65087 -20.42628
v 11.14864 -19.65694 -20.31576
v 9.652158 -19.72417 -20.01841
v 12.13123 -19.741 -20.7423
v 11.14864 -19.65694 -20.31576
v 11.12289 -19.65087 -20.42628
v 8.935236 -18.65361 -18.83828
v 9.039351 -18.88654 -18.53681
v 10.03882 -18.73272 -18.95511
v 14.06389 -19.91391 -20.35378
v 14.20697 -19.55889 -19.95844
v 12.6238 -19.58712 -19.40349
v 12.4871 -19.91816 -19.78119
v 11.28699 -19.9357 -19.38324
v 11.40191 -19.58318 -19.00945
v 9.953964 -19.94372 -19.04002
v 10.05806 -19.59939 -18.65984
v 9.113307 -19.96024 -18.80321
v 9.110273 -19.61485 -18.3852
v 14.22434 -19.06149 -19.91156
v 14.08994 -18.73965 -20.30326
v 12.60176 -18.86996 -19.57467
v 12.64171 -19.12319 -19.35502
v 14.08994 -18.73965 -20.30326
v 13.91135 -18.52455 -20.77957
v 12.3465 -18.62212 -20.17368
v 12.61314 -18.76381 -19.78587
v 13.91135 -18.52455 -20.77957
v 13.72895 -18.74419 -21.2841
v 12.17424 -18.8337 -20.65019
v 12.3465 -18.62212 -20.17368
v 13.72895 -18.74419 -21.2841
v 13.66571 -19.20106 -21.48117
v 11.84641 -19.21171 -20.74517
v 12.17424 -18.8337 -20.65019
v 13.66571 -19.20106 -21.48117
v 13.69726 -19.68395 -21.36957
v 12.13123 -19.741 -20.7423
v 11.84641 -19.21171 -20.74517
v 9.652158 -19.72417 -20.01841
v 8.915794 -19.71301 -19.85846
v 8.661751 -19.27377 -19.89135
v 9.595495 -19.2621 -20.1593
v 11.12991 -19.30743 -20.54753
v 11.12289 -19.65087 -20.42628
v 13.69726 -19.68395 -21.36957
v 13.86199 -19.96017 -20.91274
v 12.29918 -19.98028 -20.3014
v 12.13123 -19.741 -20.7423
v 11.12164 -19.77634 -20.38249
v 11.13578 -20.01431 -19.91037
v 13.86199 -19.96017 -20.91274
v 14.06389 -19.91391 -20.35378
v 12.4871 -19.91816 -19.78119
v 12.29918 -19.98028 -20.3014
v 11.13578 -20.01431 -19.91037
v 11.28699 -19.9357 -19.38324
v 9.856393 -20.02937 -19.59306
v 9.953964 -19.94372 -19.04002
v 9.10001 -20.00883 -19.39303
v 9.113307 -19.96024 -18.80321
v 9.595495 -19.2621 -20.1593
v 8.661751 -19.27377 -19.89135
v 8.711201 -18.83409 -19.66404
v 9.650204 -18.8231 -19.93325
v 11.12991 -19.30743 -20.54753
v 10.98268 -18.83031 -20.26672
v 9.650204 -18.8231 -19.93325
v 8.711201 -18.83409 -19.66404
v 8.845149 -18.62443 -19.17426
v 9.790829 -18.61333 -19.44564
v 10.98268 -18.83031 -20.26672
v 11.13998 -18.60882 -19.79035
v 12.17424 -18.8337 -20.65019
v 12.3465 -18.62212 -20.17368
v 9.790829 -18.61333 -19.44564
v 8.845149 -18.62443 -19.17426
v 8.935236 -18.65361 -18.83828
v 10.03882 -18.73272 -18.95511
v 10.03882 -18.73272 -18.95511
v 9.039351 -18.88654 -18.53681
v 9.105656 -19.1342 -18.33947
v 10.05715 -19.12062 -18.61416
v 11.49223 -18.73216 -19.33474
v 11.40558 -19.10703 -18.96354
v 10.05715 -19.12062 -18.61416
v 9.105656 -19.1342 -18.33947
v 9.110273 -19.61485 -18.3852
v 10.05806 -19.59939 -18.65984
v 11.40558 -19.10703 -18.96354
v 11.40191 -19.58318 -19.00945
v 9.856393 -20.02937 -19.59306
v 9.10001 -20.00883 -19.39303
v 8.915794 -19.71301 -19.85846
v 9.652158 -19.72417 -20.01841
v 11.13578 -20.01431 -19.91037
v 11.12164 -19.77634 -20.38249
v 12.64171 -19.12319 -19.35502
v 11.40558 -19.10703 -18.96354
v 11.40191 -19.58318 -19.00945
v 12.6238 -19.58712 -19.40349
v 14.20697 -19.55889 -19.95844
v 14.22434 -19.06149 -19.91156
v 15.41258 -19.54222 -20.33194
v 15.42957 -18.97828 -20.28628
v 12.3465 -18.62212 -20.17368
v 11.13998 -18.60882 -19.79035
v 11.49223 -18.73216 -19.33474
v 12.61314 -18.76381 -19.78587
v 11.84641 -19.21171 -20.74517
v 11.12991 -19.30743 -20.54753
v 10.98268 -18.83031 -20.26672
v 12.17424 -18.8337 -20.65019
v 14.82634 -20.02269 -21.30148
v 15.14193 -19.95234 -20.69727
v 14.06389 -19.91391 -20.35378
v 13.86199 -19.96017 -20.91274
v 14.55752 -19.74174 -21.89697
v 14.82634 -20.02269 -21.30148
v 13.86199 -19.96017 -20.91274
v 13.69726 -19.68395 -21.36957
v 14.62868 -19.15703 -22.02936
v 14.55752 -19.74174 -21.89697
v 13.69726 -19.68395 -21.36957
v 13.66571 -19.20106 -21.48117
v 14.86205 -18.62618 -21.80289
v 14.62868 -19.15703 -22.02936
v 13.66571 -19.20106 -21.48117
v 13.72895 -18.74419 -21.2841
v 15.08186 -18.38039 -21.25057
v 14.86205 -18.62618 -21.80289
v 13.72895 -18.74419 -21.2841
v 13.91135 -18.52455 -20.77957
v 15.29895 -18.51944 -20.64908
v 15.17467 -18.43983 -20.99343
v 13.91135 -18.52455 -20.77957
v 14.08994 -18.73965 -20.30326
v 15.42957 -18.97828 -20.28628
v 15.29895 -18.51944 -20.64908
v 14.08994 -18.73965 -20.30326
v 14.22434 -19.06149 -19.91156
v 11.49223 -18.73216 -19.33474
v 11.40558 -19.10703 -18.96354
v 12.64171 -19.12319 -19.35502
v 12.60176 -18.86996 -19.57467
v 15.14193 -19.95234 -20.69727
v 15.41258 -19.54222 -20.33194
v 14.20697 -19.55889 -19.95844
v 14.06389 -19.91391 -20.35378
v 11.13998 -18.60882 -19.79035
v 9.790829 -18.61333 -19.44564
v 10.03882 -18.73272 -18.95511
v 11.49223 -18.73216 -19.33474
v 11.12289 -19.65087 -20.42628
v 11.12991 -19.30743 -20.54753
v 11.84641 -19.21171 -20.74517
v 12.13123 -19.741 -20.7423
v 15.41258 -19.54222 -20.33194
v 15.34732 -19.48073 -20.4798
v 15.36167 -19.00404 -20.44121
v 15.42957 -18.97828 -20.28628
v 15.10619 -18.47493 -21.20316
v 15.08833 -18.57856 -21.21624
v 15.06776 -18.49865 -21.25631
v 15.08186 -18.38039 -21.25057
v 14.62868 -19.15703 -22.02936
v 14.62454 -19.64939 -21.80271
v 14.55752 -19.74174 -21.89697
v 14.68468 -19.15514 -21.91462
v 14.86205 -18.62618 -21.80289
v 14.88196 -18.70642 -21.72318
v 15.42957 -18.97828 -20.28628
v 15.36167 -19.00404 -20.44121
v 15.25127 -18.61618 -20.74787
v 15.29895 -18.51944 -20.64908
v 9.110273 -19.61485 -18.3852
v 9.078168 -19.57377 -18.49327
v 9.096015 -19.86875 -18.86078
v 9.113307 -19.96024 -18.80321
v 9.105656 -19.1342 -18.33947
v 9.078168 -19.57377 -18.49327
v 9.110273 -19.61485 -18.3852
v 9.073331 -19.16321 -18.45267
v 9.039351 -18.88654 -18.53681
v 9.012729 -18.94844 -18.6321
v 8.926481 -18.75669 -18.85992
v 8.935236 -18.65361 -18.83828
v 8.845149 -18.62443 -19.17426
v 8.926481 -18.75669 -18.85992
v 8.935236 -18.65361 -18.83828
v 8.8489 -18.72858 -19.15923
v 8.711201 -18.83409 -19.66404
v 8.736404 -18.90762 -19.5803
v 8.661751 -19.27377 -19.89135
v 8.694083 -19.28949 -19.77463
v 8.915794 -19.71301 -19.85846
v 8.942738 -19.66074 -19.7557
v 8.694083 -19.28949 -19.77463
v 8.661751 -19.27377 -19.89135
v 9.10001 -20.00883 -19.39303
v 9.107733 -19.90664 -19.36592
v 8.942738 -19.66074 -19.7557
v 8.915794 -19.71301 -19.85846
v 9.113307 -19.96024 -18.80321
v 9.096015 -19.86875 -18.86078
v 9.107733 -19.90664 -19.36592
v 9.10001 -20.00883 -19.39303
v 11.49223 -18.73216 -19.33474
v 12.6046 -18.86409 -19.82113
v 12.61314 -18.76381 -19.78587
v 14.08994 -18.73965 -20.30326
v 14.88196 -18.70642 -21.72318
v 14.85662 -18.75054 -21.6258
v 14.68545 -19.13989 -21.79191
v 14.68468 -19.15514 -21.91462
v 14.85177 -19.88687 -21.29935
v 14.83042 -19.77481 -21.25805
v 15.0619 -19.72322 -20.81489
v 15.11854 -19.82741 -20.78861
v 15.11854 -19.82741 -20.78861
v 15.0619 -19.72322 -20.81489
v 15.2604 -19.42241 -20.54694
v 15.34732 -19.48073 -20.4798
v 15.08833 -18.57856 -21.21624
v 15.03568 -18.6396 -21.18593
v 15.01783 -18.57026 -21.22071
v 15.06776 -18.49865 -21.25631
v 15.29895 -18.51944 -20.64908
v 15.25127 -18.61618 -20.74787
v 15.14621 -18.54889 -21.03895
v 15.17467 -18.43983 -20.99343
v 15.14193 -19.95234 -20.69727
v 15.34732 -19.48073 -20.4798
v 15.41258 -19.54222 -20.33194
v 15.11854 -19.82741 -20.78861
v 14.82634 -20.02269 -21.30148
v 14.85177 -19.88687 -21.29935
v 14.55752 -19.74174 -21.89697
v 14.62454 -19.64939 -21.80271
v 15.17467 -18.43983 -20.99343
v 15.14621 -18.54889 -21.03895
v 15.08833 -18.57856 -21.21624
v 15.10619 -18.47493 -21.20316
v 15.08186 -18.38039 -21.25057
v 15.06776 -18.49865 -21.25631
v 14.88196 -18.70642 -21.72318
v 14.86205 -18.62618 -21.80289
v 15.14621 -18.54889 -21.03895
v 15.08591 -18.61386 -21.0321
v 15.03568 -18.6396 -21.18593
v 15.08833 -18.57856 -21.21624
v 15.34732 -19.48073 -20.4798
v 15.2604 -19.42241 -20.54694
v 15.27286 -19.00879 -20.51345
v 15.36167 -19.00404 -20.44121
v 15.25127 -18.61618 -20.74787
v 15.17706 -18.67225 -20.77954
v 15.08591 -18.61386 -21.0321
v 15.14621 -18.54889 -21.03895
v 14.68468 -19.15514 -21.91462
v 14.68545 -19.13989 -21.79191
v 14.63326 -19.56875 -21.69481
v 14.62454 -19.64939 -21.80271
v 15.36167 -19.00404 -20.44121
v 15.27286 -19.00879 -20.51345
v 15.17706 -18.67225 -20.77954
v 15.25127 -18.61618 -20.74787
v 14.62454 -19.64939 -21.80271
v 14.63326 -19.56875 -21.69481
v 14.83042 -19.77481 -21.25805
v 14.85177 -19.88687 -21.29935
v 15.06776 -18.49865 -21.25631
v 15.01783 -18.57026 -21.22071
v 14.85662 -18.75054 -21.6258
v 14.88196 -18.70642 -21.72318
v 8.926481 -18.75669 -18.85992
v 9.025162 -18.84057 -18.93148
v 9.097605 -19.00163 -18.74013
v 9.012729 -18.94844 -18.6321
v 9.012729 -18.94844 -18.6321
v 9.097605 -19.00163 -18.74013
v 9.148506 -19.18203 -18.58942
v 9.073331 -19.16321 -18.45267
v 8.942738 -19.66074 -19.7557
v 9.038816 -19.59992 -19.68388
v 8.829962 -19.2881 -19.69978
v 8.694083 -19.28949 -19.77463
v 8.8489 -18.72858 -19.15923
v 8.959998 -18.81697 -19.18288
v 9.025162 -18.84057 -18.93148
v 8.926481 -18.75669 -18.85992
v 9.078168 -19.57377 -18.49327
v 9.152568 -19.52688 -18.62352
v 9.16756 -19.77464 -18.9322
v 9.096015 -19.86875 -18.86078
v 9.107733 -19.90664 -19.36592
v 9.177402 -19.80647 -19.35649
v 9.038816 -19.59992 -19.68388
v 8.942738 -19.66074 -19.7557
v 8.736404 -18.90762 -19.5803
v 8.865509 -18.96735 -19.53655
v 8.959998 -18.81697 -19.18288
v 8.8489 -18.72858 -19.15923
v 9.073331 -19.16321 -18.45267
v 9.148506 -19.18203 -18.58942
v 9.152568 -19.52688 -18.62352
v 9.078168 -19.57377 -18.49327
v 9.096015 -19.86875 -18.86078
v 9.16756 -19.77464 -18.9322
v 9.177402 -19.80647 -19.35649
v 9.107733 -19.90664 -19.36592
v 8.694083 -19.28949 -19.77463
v 8.829962 -19.2881 -19.69978
v 8.865509 -18.96735 -19.53655
v 8.736404 -18.90762 -19.5803
v 14.85662 -18.75054 -21.6258
v 15.17706 -18.67225 -20.77954
v 15.27286 -19.00879 -20.51345
v 14.68545 -19.13989 -21.79191
v 15.27286 -19.00879 -20.51345
v 15.2604 -19.42241 -20.54694
v 14.63326 -19.56875 -21.69481
v 14.68545 -19.13989 -21.79191
v 15.2604 -19.42241 -20.54694
v 15.0619 -19.72322 -20.81489
v 14.83042 -19.77481 -21.25805
v 14.63326 -19.56875 -21.69481
v 15.08591 -18.61386 -21.0321
v 15.17706 -18.67225 -20.77954
v 14.85662 -18.75054 -21.6258
v 15.03568 -18.6396 -21.18593
v 15.01783 -18.57026 -21.22071
v 9.097605 -19.00163 -18.74013
v 9.177402 -19.80647 -19.35649
v 9.16756 -19.77464 -18.9322
v 9.152568 -19.52688 -18.62352
v 9.148506 -19.18203 -18.58942
v 9.177402 -19.80647 -19.35649
v 9.097605 -19.00163 -18.74013
v 9.025162 -18.84057 -18.93148
v 9.038816 -19.59992 -19.68388
v 9.038816 -19.59992 -19.68388
v 9.025162 -18.84057 -18.93148
v 8.959998 -18.81697 -19.18288
v 8.865509 -18.96735 -19.53655
v 8.829962 -19.2881 -19.69978
f 389 390 391
f 392 393 394
f 395 396 397
f 398 399 400
f 401 402 403
f 404 405 406
f 407 408 409
f 410 411 412
f 413 414 415
f 416 417 418
f 416 418 419
f 418 420 419
f 418 421 420
f 421 422 420
f 421 423 422
f 423 424 422
f 423 425 424
f 426 427 428
f 426 428 429
f 430 431 432
f 430 432 433
f 434 435 436
f 434 436 437
f 438 439 440
f 438 440 441
f 442 443 444
f 442 444 445
f 446 447 448
f 446 448 449
f 446 449 450
f 446 450 451
f 452 453 454
f 452 454 455
f 454 456 455
f 454 457 456
f 458 459 460
f 458 460 461
f 460 462 461
f 460 463 462
f 463 464 462
f 463 465 464
f 465 466 464
f 465 467 466
f 468 469 470
f 468 470 471
f 472 468 471
f 472 471 473
f 474 475 476
f 474 476 477
f 478 474 477
f 478 477 479
f 480 478 479
f 480 479 481
f 482 483 484
f 482 484 485
f 486 487 488
f 486 488 489
f 490 486 489
f 490 489 491
f 492 493 494
f 492 494 495
f 496 492 495
f 496 495 497
f 498 499 500
f 498 500 501
f 502 498 501
f 502 501 503
f 504 505 506
f 504 506 507
f 508 504 507
f 508 509 504
f 510 509 508
f 510 511 509
f 512 513 514
f 512 514 515
f 516 517 518
f 516 518 519
f 520 521 522
f 520 522 523
f 524 525 526
f 524 526 527
f 528 529 530
f 528 530 531
f 532 533 534
f 532 534 535
f 536 537 538
f 536 538 539
f 540 541 542
f 540 542 543
f 544 545 546
f 544 546 547
f 548 549 550
f 548 550 551
f 552 553 554
f 552 554 555
f 556 557 558
f 556 558 559
f 560 561 562
f 560 562 563
f 564 565 566
f 564 566 567
f 568 569 570
f 568 570 571
f 572 573 574
f 572 575 573
f 576 575 572
f 576 577 575
f 578 579 580
f 578 580 581
f 582 583 584
f 582 584 585
f 586 587 588
f 586 589 587
f 590 589 586
f 590 591 589
f 592 591 590
f 592 590 593
f 594 595 596
f 594 597 595
f 598 597 594
f 598 599 597
f 600 599 598
f 600 601 599
f 602 603 604
f 602 604 605
f 606 607 608
f 606 608 609
f 610 611 612
f 610 612 613
f 614 615 616
f 616 615 617
f 618 619 620
f 618 620 621
f 622 623 624
f 622 624 625
f 626 627 628
f 626 628 629
f 630 631 632
f 630 632 633
f 634 635 636
f 634 636 637
f 638 639 640
f 638 641 639
f 642 641 638
f 642 643 641
f 644 643 642
f 644 645 643
f 646 647 648
f 646 648 649
f 650 651 652
f 650 652 653
f 654 655 656
f 654 656 657
f 658 659 660
f 658 660 661
f 662 663 664
f 662 664 665
f 666 667 668
f 666 668 669
f 670 671 672
f 670 672 673
f 674 675 676
f 674 676 677
f 678 679 680
f 678 680 681
f 682 683 684
f 682 684 685
f 686 687 688
f 686 688 689
f 690 691 692
f 690 692 693
f 694 695 696
f 694 696 697
f 698 699 700
f 698 700 701
f 702 703 704
f 702 704 705
f 706 707 708
f 706 708 709
f 710 711 712
f 710 712 713
f 714 715 716
f 714 716 717
f 718 719 720
f 718 720 721
f 722 723 724
f 722 724 725
f 726 727 728
f 726 728 729
f 730 731 732
f 730 732 733
f 734 735 736
f 736 737 734
f 736 738 737
f 739 740 741
f 741 742 739
f 742 743 739
f 744 745 746
f 744 746 747
f 748 749 750
f 750 751 748
f 751 752 748
v 9.893806 -18.47493 -16.79684
v 11.08865 -18.52455 -17.22043
v 9.825331 -18.43983 -17.00657
v 13.87836 -19.77634 -17.61751
v 13.85136 -19.65693 -17.68424
v 12.86877 -19.741 -17.2577
v 15.34784 -19.72417 -17.98159
v 13.85136 -19.65693 -17.68424
v 13.87836 -19.77634 -17.61751
v 12.39824 -18.86996 -18.42533
v 12.3954 -18.8641 -18.17887
v 13.50777 -18.73216 -18.66526
v 10.91006 -18.73965 -17.69674
v 12.3954 -18.8641 -18.17887
v 12.39824 -18.86996 -18.42533
v 11.08865 -18.52455 -17.22043
v 9.893806 -18.47493 -16.79684
v 9.918141 -18.38039 -16.74943
v 13.87711 -19.65087 -17.57372
v 13.85136 -19.65693 -17.68424
v 15.34784 -19.72417 -17.98159
v 12.86877 -19.741 -17.2577
v 13.85136 -19.65693 -17.68424
v 13.87711 -19.65087 -17.57372
v 16.06476 -18.65361 -19.16172
v 15.96065 -18.88654 -19.46319
v 14.96118 -18.73273 -19.04489
v 10.93611 -19.91391 -17.64622
v 10.79303 -19.55889 -18.04156
v 12.3762 -19.58712 -18.59651
v 12.5129 -19.91816 -18.21881
v 13.71301 -19.9357 -18.61676
v 13.59809 -19.58318 -18.99055
v 15.04604 -19.94372 -18.95997
v 14.94194 -19.59939 -19.34016
v 15.88669 -19.96024 -19.19679
v 15.88973 -19.61485 -19.61479
v 10.77566 -19.06149 -18.08844
v 10.91006 -18.73965 -17.69674
v 12.39824 -18.86996 -18.42533
v 12.35829 -19.12319 -18.64498
v 10.91006 -18.73965 -17.69674
v 11.08865 -18.52455 -17.22043
v 12.6535 -18.62212 -17.82632
v 12.38686 -18.76381 -18.21413
v 11.08865 -18.52455 -17.22043
v 11.27105 -18.74419 -16.7159
v 12.82576 -18.8337 -17.34981
v 12.6535 -18.62212 -17.82632
v 11.27105 -18.74419 -16.7159
v 11.33429 -19.20106 -16.51883
v 13.15359 -19.21171 -17.25483
v 12.82576 -18.8337 -17.34981
v 11.33429 -19.20106 -16.51883
v 11.30274 -19.68395 -16.63043
v 12.86877 -19.741 -17.2577
v 13.15359 -19.21171 -17.25483
v 15.34784 -19.72417 -17.98159
v 16.08421 -19.71301 -18.14153
v 16.33825 -19.27377 -18.10865
v 15.4045 -19.26209 -17.8407
v 13.87009 -19.30743 -17.45247
v 13.87711 -19.65087 -17.57372
v 11.30274 -19.68395 -16.63043
v 11.13801 -19.96017 -17.08726
v 12.70082 -19.98028 -17.6986
v 12.86877 -19.741 -17.2577
v 13.87836 -19.77634 -17.61751
v 13.86422 -20.01431 -18.08963
v 11.13801 -19.96017 -17.08726
v 10.93611 -19.91391 -17.64622
v 12.5129 -19.91816 -18.21881
v 12.70082 -19.98028 -17.6986
v 13.86422 -20.01431 -18.08963
v 13.71301 -19.9357 -18.61676
v 15.14361 -20.02937 -18.40694
v 15.04604 -19.94372 -18.95997
v 15.89999 -20.00883 -18.60697
v 15.88669 -19.96024 -19.19679
v 15.4045 -19.26209 -17.8407
v 16.33825 -19.27377 -18.10865
v 16.2888 -18.83409 -18.33596
v 15.3498 -18.8231 -18.06675
v 13.87009 -19.30743 -17.45247
v 14.01732 -18.83031 -17.73328
v 15.3498 -18.8231 -18.06675
v 16.2888 -18.83409 -18.33596
v 16.15485 -18.62443 -18.82574
v 15.20917 -18.61333 -18.55436
v 14.01732 -18.83031 -17.73328
v 13.86002 -18.60882 -18.20965
v 12.82576 -18.8337 -17.34981
v 12.6535 -18.62212 -17.82632
v 15.20917 -18.61333 -18.55436
v 16.15485 -18.62443 -18.82574
v 16.06476 -18.65361 -19.16172
v 14.96118 -18.73273 -19.04489
v 14.96118 -18.73273 -19.04489
v 15.96065 -18.88654 -19.46319
v 15.89434 -19.1342 -19.66053
v 14.94285 -19.12062 -19.38584
v 13.50777 -18.73216 -18.66526
v 13.59442 -19.10704 -19.03646
v 14.94285 -19.12062 -19.38584
v 15.89434 -19.1342 -19.66053
v 15.88973 -19.61485 -19.61479
v 14.94194 -19.59939 -19.34016
v 13.59442 -19.10704 -19.03646
v 13.59809 -19.58318 -18.99055
v 15.14361 -20.02937 -18.40694
v 15.89999 -20.00883 -18.60697
v 16.08421 -19.71301 -18.14153
v 15.34784 -19.72417 -17.98159
v 13.86422 -20.01431 -18.08963
v 13.87836 -19.77634 -17.61751
v 12.35829 -19.12319 -18.64498
v 13.59442 -19.10704 -19.03646
v 13.59809 -19.58318 -18.99055
v 12.3762 -19.58712 -18.59651
v 10.79303 -19.55889 -18.04156
v 10.77566 -19.06149 -18.08844
v 9.587416 -19.54222 -17.66806
v 9.570431 -18.97828 -17.71372
v 12.6535 -18.62212 -17.82632
v 13.86002 -18.60882 -18.20965
v 13.50777 -18.73216 -18.66526
v 12.38686 -18.76381 -18.21413
v 13.15359 -19.21171 -17.25483
v 13.87009 -19.30743 -17.45247
v 14.01732 -18.83031 -17.73328
v 12.82576 -18.8337 -17.34981
v 10.17366 -20.02269 -16.69852
v 9.858067 -19.95234 -17.30273
v 10.93611 -19.91391 -17.64622
v 11.13801 -19.96017 -17.08726
v 10.44248 -19.74174 -16.10303
v 10.17366 -20.02269 -16.69852
v 11.13801 -19.96017 -17.08726
v 11.30274 -19.68395 -16.63043
v 10.37132 -19.15703 -15.97064
v 10.44248 -19.74174 -16.10303
v 11.30274 -19.68395 -16.63043
v 11.33429 -19.20106 -16.51883
v 10.13795 -18.62618 -16.19711
v 10.37132 -19.15703 -15.97064
v 11.33429 -19.20106 -16.51883
v 11.27105 -18.74419 -16.7159
v 9.918141 -18.38039 -16.74943
v 10.13795 -18.62618 -16.19711
v 11.27105 -18.74419 -16.7159
v 11.08865 -18.52455 -17.22043
v 9.701044 -18.51944 -17.35093
v 9.825331 -18.43983 -17.00657
v 11.08865 -18.52455 -17.22043
v 10.91006 -18.73965 -17.69674
v 9.570431 -18.97828 -17.71372
v 9.701044 -18.51944 -17.35093
v 10.91006 -18.73965 -17.69674
v 10.77566 -19.06149 -18.08844
v 13.50777 -18.73216 -18.66526
v 13.59442 -19.10704 -19.03646
v 12.35829 -19.12319 -18.64498
v 12.39824 -18.86996 -18.42533
v 9.858067 -19.95234 -17.30273
v 9.587416 -19.54222 -17.66806
v 10.79303 -19.55889 -18.04156
v 10.93611 -19.91391 -17.64622
v 13.86002 -18.60882 -18.20965
v 15.20917 -18.61333 -18.55436
v 14.96118 -18.73273 -19.04489
v 13.50777 -18.73216 -18.66526
v 13.87711 -19.65087 -17.57372
v 13.87009 -19.30743 -17.45247
v 13.15359 -19.21171 -17.25483
v 12.86877 -19.741 -17.2577
v 9.587416 -19.54222 -17.66806
v 9.652684 -19.48073 -17.5202
v 9.638326 -19.00404 -17.55879
v 9.570431 -18.97828 -17.71372
v 9.893806 -18.47493 -16.79684
v 9.911672 -18.57856 -16.78376
v 9.932243 -18.49865 -16.74369
v 9.918141 -18.38039 -16.74943
v 10.37132 -19.15703 -15.97064
v 10.37546 -19.64939 -16.19729
v 10.44248 -19.74174 -16.10303
v 10.31531 -19.15514 -16.08539
v 10.13795 -18.62618 -16.19711
v 10.11804 -18.70642 -16.27682
v 9.570431 -18.97828 -17.71372
v 9.638326 -19.00404 -17.55879
v 9.748733 -18.61618 -17.25213
v 9.701044 -18.51944 -17.35093
v 15.88973 -19.61485 -19.61479
v 15.92183 -19.57378 -19.50673
v 15.90399 -19.86875 -19.13922
v 15.88669 -19.96024 -19.19679
v 15.89434 -19.1342 -19.66053
v 15.92183 -19.57378 -19.50673
v 15.88973 -19.61485 -19.61479
v 15.92667 -19.16321 -19.54733
v 15.96065 -18.88654 -19.46319
v 15.98727 -18.94844 -19.3679
v 16.07352 -18.75669 -19.14008
v 16.06476 -18.65361 -19.16172
v 16.15485 -18.62443 -18.82574
v 16.07352 -18.75669 -19.14008
v 16.06476 -18.65361 -19.16172
v 16.1511 -18.72858 -18.84077
v 16.2888 -18.83409 -18.33596
v 16.2636 -18.90762 -18.4197
v 16.33825 -19.27377 -18.10865
v 16.30592 -19.28949 -18.22537
v 16.08421 -19.71301 -18.14153
v 16.05726 -19.66074 -18.2443
v 16.30592 -19.28949 -18.22537
v 16.33825 -19.27377 -18.10865
v 15.89999 -20.00883 -18.60697
v 15.89227 -19.90664 -18.63408
v 16.05726 -19.66074 -18.2443
v 16.08421 -19.71301 -18.14153
v 15.88669 -19.96024 -19.19679
v 15.90399 -19.86875 -19.13922
v 15.89227 -19.90664 -18.63408
v 15.89999 -20.00883 -18.60697
v 13.50777 -18.73216 -18.66526
v 12.3954 -18.8641 -18.17887
v 12.38686 -18.76381 -18.21413
v 10.91006 -18.73965 -17.69674
v 10.11804 -18.70642 -16.27682
v 10.14338 -18.75054 -16.3742
v 10.31455 -19.13989 -16.20809
v 10.31531 -19.15514 -16.08539
v 10.14823 -19.88687 -16.70065
v 10.16957 -19.77481 -16.74196
v 9.938104 -19.72322 -17.18511
v 9.881461 -19.82741 -17.21139
v 9.881461 -19.82741 -17.21139
v 9.938104 -19.72322 -17.18511
v 9.739595 -19.42241 -17.45306
v 9.652684 -19.48073 -17.5202
v 9.911672 -18.57856 -16.78376
v 9.964315 -18.6396 -16.81407
v 9.982165 -18.57026 -16.77929
v 9.932243 -18.49865 -16.74369
v 9.701044 -18.51944 -17.35093
v 9.748733 -18.61618 -17.25213
v 9.853791 -18.54889 -16.96105
v 9.825331 -18.43983 -17.00657
v 9.858067 -19.95234 -17.30273
v 9.652684 -19.48073 -17.5202
v 9.587416 -19.54222 -17.66806
v 9.881461 -19.82741 -17.21139
v 10.17366 -20.02269 -16.69852
v 10.14823 -19.88687 -16.70065
v 10.44248 -19.74174 -16.10303
v 10.37546 -19.64939 -16.19729
v 9.825331 -18.43983 -17.00657
v 9.853791 -18.54889 -16.96105
v 9.911672 -18.57856 -16.78376
v 9.893806 -18.47493 -16.79684
v 9.918141 -18.38039 -16.74943
v 9.932243 -18.49865 -16.74369
v 10.11804 -18.70642 -16.27682
v 10.13795 -18.62618 -16.19711
v 9.853791 -18.54889 -16.96105
v 9.914093 -18.61386 -16.9679
v 9.964315 -18.6396 -16.81407
v 9.911672 -18.57856 -16.78376
v 9.652684 -19.48073 -17.5202
v 9.739595 -19.42241 -17.45306
v 9.727137 -19.00879 -17.48655
v 9.638326 -19.00404 -17.55879
v 9.748733 -18.61618 -17.25213
v 9.822935 -18.67225 -17.22046
v 9.914093 -18.61386 -16.9679
v 9.853791 -18.54889 -16.96105
v 10.31531 -19.15514 -16.08539
v 10.31455 -19.13989 -16.20809
v 10.36674 -19.56875 -16.30519
v 10.37546 -19.64939 -16.19729
v 9.638326 -19.00404 -17.55879
v 9.727137 -19.00879 -17.48655
v 9.822935 -18.67225 -17.22046
v 9.748733 -18.61618 -17.25213
v 10.37546 -19.64939 -16.19729
v 10.36674 -19.56875 -16.30519
v 10.16957 -19.77481 -16.74196
v 10.14823 -19.88687 -16.70065
v 9.932243 -18.49865 -16.74369
v 9.982165 -18.57026 -16.77929
v 10.14338 -18.75054 -16.3742
v 10.11804 -18.70642 -16.27682
v 16.07352 -18.75669 -19.14008
v 15.97484 -18.84057 -19.06852
v 15.9024 -19.00163 -19.25987
v 15.98727 -18.94844 -19.3679
v 15.98727 -18.94844 -19.3679
v 15.9024 -19.00163 -19.25987
v 15.85149 -19.18203 -19.41058
v 15.92667 -19.16321 -19.54733
v 16.05726 -19.66074 -18.2443
v 15.96118 -19.59992 -18.31612
v 16.17004 -19.2881 -18.30022
v 16.30592 -19.28949 -18.22537
v 16.1511 -18.72858 -18.84077
v 16.04 -18.81697 -18.81712
v 15.97484 -18.84057 -19.06852
v 16.07352 -18.75669 -19.14008
v 15.92183 -19.57378 -19.50673
v 15.84743 -19.52688 -19.37648
v 15.83244 -19.77464 -19.0678
v 15.90399 -19.86875 -19.13922
v 15.89227 -19.90664 -18.63408
v 15.8226 -19.80647 -18.64351
v 15.96118 -19.59992 -18.31612
v 16.05726 -19.66074 -18.2443
v 16.2636 -18.90762 -18.4197
v 16.13449 -18.96735 -18.46345
v 16.04 -18.81697 -18.81712
v 16.1511 -18.72858 -18.84077
v 15.92667 -19.16321 -19.54733
v 15.85149 -19.18203 -19.41058
v 15.84743 -19.52688 -19.37648
v 15.92183 -19.57378 -19.50673
v 15.90399 -19.86875 -19.13922
v 15.83244 -19.77464 -19.0678
v 15.8226 -19.80647 -18.64351
v 15.89227 -19.90664 -18.63408
v 16.30592 -19.28949 -18.22537
v 16.17004 -19.2881 -18.30022
v 16.13449 -18.96735 -18.46345
v 16.2636 -18.90762 -18.4197
v 10.14338 -18.75054 -16.3742
v 9.822935 -18.67225 -17.22046
v 9.727137 -19.00879 -17.48655
v 10.31455 -19.13989 -16.20809
v 9.727137 -19.00879 -17.48655
v 9.739595 -19.42241 -17.45306
v 10.36674 -19.56875 -16.30519
v 10.31455 -19.13989 -16.20809
v 9.739595 -19.42241 -17.45306
v 9.938104 -19.72322 -17.18511
v 10.16957 -19.77481 -16.74196
v 10.36674 -19.56875 -16.30519
v 9.914093 -18.61386 -16.9679
v 9.822935 -18.67225 -17.22046
v 10.14338 -18.75054 -16.3742
v 9.964315 -18.6396 -16.81407
v 9.982165 -18.57026 -16.77929
v 15.9024 -19.00163 -19.25987
v 15.8226 -19.80647 -18.64351
v 15.83244 -19.77464 -19.0678
v 15.84743 -19.52688 -19.37648
v 15.85149 -19.18203 -19.41058
v 15.8226 -19.80647 -18.64351
v 15.9024 -19.00163 -19.25987
v 15.97484 -18.84057 -19.06852
v 15.96118 -19.59992 -18.31612
v 15.96118 -19.59992 -18.31612
v 15.97484 -18.84057 -19.06852
v 16.04 -18.81697 -18.81712
v 16.13449 -18.96735 -18.46345
v 16.17004 -19.2881 -18.30022
f 753 754 755
f 756 757 758
f 759 760 761
f 762 763 764
f 765 766 767
f 768 769 770
f 771 772 773
f 774 775 776
f 777 778 779
f 780 781 782
f 780 782 783
f 782 784 783
f 782 785 784
f 785 786 784
f 785 787 786
f 787 788 786
f 787 789 788
f 790 791 792
f 790 792 793
f 794 795 796
f 794 796 797
f 798 799 800
f 798 800 801
f 802 803 804
f 802 804 805
f 806 807 808
f 806 808 809
f 810 811 812
f 810 812 813
f 810 813 814
f 810 814 815
f 816 817 818
f 816 818 819
f 818 820 819
f 818 821 820
f 822 823 824
f 822 824 825
f 824 826 825
f 824 827 826
f 827 828 826
f 827 829 828
f 829 830 828
f 829 831 830
f 832 833 834
f 832 834 835
f 836 832 835
f 836 835 837
f 838 839 840
f 838 840 841
f 842 838 841
f 842 841 843
f 844 842 843
f 844 843 845
f 846 847 848
f 846 848 849
f 850 851 852
f 850 852 853
f 854 850 853
f 854 853 855
f 856 857 858
f 856 858 859
f 860 856 859
f 860 859 861
f 862 863 864
f 862 864 865
f 866 862 865
f 866 865 867
f 868 869 870
f 868 870 871
f 872 868 871
f 872 873 868
f 874 873 872
f 874 875 873
f 876 877 878
f 876 878 879
f 880 881 882
f 880 882 883
f 884 885 886
f 884 886 887
f 888 889 890
f 888 890 891
f 892 893 894
f 892 894 895
f 896 897 898
f 896 898 899
f 900 901 902
f 900 902 903
f 904 905 906
f 904 906 907
f 908 909 910
f 908 910 911
f 912 913 914
f 912 914 915
f 916 917 918
f 916 918 919
f 920 921 922
f 920 922 923
f 924 925 926
f 924 926 927
f 928 929 930
f 928 930 931
f 932 933 934
f 932 934 935
f 936 937 938
f 936 939 937
f 940 939 936
f 940 941 939
f 942 943 944
f 942 944 945
f 946 947 948
f 946 948 949
f 950 951 952
f 950 953 951
f 954 953 950
f 954 955 953
f 956 955 954
f 956 954 957
f 958 959 960
f 958 961 959
f 962 961 958
f 962 963 961
f 964 963 962
f 964 965 963
f 966 967 968
f 966 968 969
f 970 971 972
f 970 972 973
f 974 975 976
f 974 976 977
f 978 979 980
f 980 979 981
f 982 983 984
f 982 984 985
f 986 987 988
f 986 988 989
f 990 991 992
f 990 992 993
f 994 995 996
f 994 996 997
f 998 999 1000
f 998 1000 1001
f 1002 1003 1004
f 1002 1005 1003
f 1006 1005 1002
f 1006 1007 1005
f 1008 1007 1006
f 1008 1009 1007
f 1010 1011 1012
f 1010 1012 1013
f 1014 1015 1016
f 1014 1016 1017
f 1018 1019 1020
f 1018 1020 1021
f 1022 1023 1024
f 1022 1024 1025
f 1026 1027 1028
f 1026 1028 1029
f 1030 1031 1032
f 1030 1032 1033
f 1034 1035 1036
f 1034 1036 1037
f 1038 1039 1040
f 1038 1040 1041
f 1042 1043 1044
f 1042 1044 1045
f 1046 1047 1048
f 1046 1048 1049
f 1050 1051 1052
f 1050 1052 1053
f 1054 1055 1056
f 1054 1056 1057
f 1058 1059 1060
f 1058 1060 1061
f 1062 1063 1064
f 1062 1064 1065
f 1066 1067 1068
f 1066 1068 1069
f 1070 1071 1072
f 1070 1072 1073
f 1074 1075 1076
f 1074 1076 1077
f 1078 1079 1080
f 1078 1080 1081
f 1082 1083 1084
f 1082 1084 1085
f 1086 1087 1088
f 1086 1088 1089
f 1090 1091 1092
f 1090 1092 1093
f 1094 1095 1096
f 1094 1096 1097
f 1098 1099 1100
f 1100 1101 1098
f 1100 1102 1101
f 1103 1104 1105
f 1105 1106 1103
f 1106 1107 1103
f 1108 1109 1110
f 1108 1110 1111
f 1112 1113 1114
f 1114 1115 1112
f 1115 1116 1112
v -22.19776 -15.9569 17.70565
v -22.3553 -16.05976 21.45093
v -22.19828 -15.66834 17.71355
v -22.35583 -15.77119 21.45883
v -22.3553 -16.05976 21.45093
v -15.1876 -20.19103 21.63899
v -22.35583 -15.77119 21.45883
v -14.93789 -20.0467 21.65346
v -15.1876 -20.19103 21.63899
v -15.10202 -20.0467 17.89182
v -14.93789 -20.0467 21.65346
v -14.85232 -19.90236 17.90629
v -15.10202 -20.0467 17.89182
v -22.19776 -15.9569 17.70565
v -14.85232 -19.90236 17.90629
v -22.19828 -15.66834 17.71355
v -22.19828 -15.66834 17.71355
v -22.35583 -15.77119 21.45883
v -14.85232 -19.90236 17.90629
v -14.93789 -20.0467 21.65346
v -15.10202 -20.0467 17.89182
v -15.1876 -20.19103 21.63899
v -22.19776 -15.9569 17.70565
v -22.3553 -16.05976 21.45093
f 1117 1118 1119
f 1118 1120 1119
f 1121 1122 1123
f 1122 1124 1123
f 1125 1126 1127
f 1126 1128 1127
f 1129 1130 1131
f 1130 1132 1131
f 1133 1134 1135
f 1134 1136 1135
f 1137 1138 1139
f 1138 1140 1139
v -21.07287 -18.32592 -16.21514
v -20.16363 -18.32721 -16.94065
v -20.23769 -18.089 -17.03389
v -21.14692 -18.08771 -16.30837
v -21.8371 -18.10316 -15.76467
v -21.76986 -18.31945 -15.68002
v -20.16363 -18.32721 -16.94065
v -20.31231 -18.44628 -17.12677
v -20.38637 -18.20807 -17.22
v -20.23769 -18.089 -17.03389
v -20.31231 -18.44628 -17.12677
v -21.2956 -18.20677 -16.49449
v -20.38637 -18.20807 -17.22
v -21.22155 -18.44498 -16.40125
v -21.90485 -18.42757 -15.84901
v -21.9721 -18.21127 -15.93366
v -21.2956 -18.20677 -16.49449
v -21.9721 -18.21127 -15.93366
v -21.8371 -18.10316 -15.76467
v -21.14692 -18.08771 -16.30837
v -20.38637 -18.20807 -17.22
v -20.23769 -18.089 -17.03389
v -20.16363 -18.32721 -16.94065
v -21.22155 -18.44498 -16.40125
v -20.31231 -18.44628 -17.12677
v -21.07287 -18.32592 -16.21514
v -21.76986 -18.31945 -15.68002
v -21.90485 -18.42757 -15.84901
v -19.41627 -16.70173 -14.14193
v -20.02551 -16.92252 -13.49645
v -20.09276 -16.70623 -13.5811
v -19.34221 -16.93994 -14.04869
v -18.50703 -16.70302 -14.86744
v -18.43297 -16.94123 -14.77421
v -21.90485 -18.42757 -15.84901
v -21.76986 -18.31945 -15.68002
v -21.8371 -18.10316 -15.76467
v -21.9721 -18.21127 -15.93366
v -18.43297 -16.94123 -14.77421
v -18.50703 -16.70302 -14.86744
v -18.35835 -16.58395 -14.68133
v -18.28429 -16.82216 -14.58809
v -18.28429 -16.82216 -14.58809
v -18.35835 -16.58395 -14.68133
v -19.26759 -16.58266 -13.95581
v -19.19353 -16.82087 -13.86258
v -19.95776 -16.59811 -13.41211
v -19.89052 -16.81441 -13.32746
v -19.26759 -16.58266 -13.95581
v -20.09276 -16.70623 -13.5811
v -19.95776 -16.59811 -13.41211
v -19.41627 -16.70173 -14.14193
v -18.35835 -16.58395 -14.68133
v -18.50703 -16.70302 -14.86744
v -18.43297 -16.94123 -14.77421
v -18.28429 -16.82216 -14.58809
v -19.19353 -16.82087 -13.86258
v -19.34221 -16.93994 -14.04869
v -19.89052 -16.81441 -13.32746
v -20.02551 -16.92252 -13.49645
v -19.89052 -16.81441 -13.32746
v -19.95776 -16.59811 -13.41211
v -20.09276 -16.70623 -13.5811
v -20.02551 -16.92252 -13.49645
v -14.58819 -19.31465 -18.54504
v -14.58485 -19.43836 -18.46856
v -14.58154 -19.43571 -18.46442
v -14.58488 -19.312 -18.5409
v -14.58485 -19.43836 -18.46856
v -14.65307 -19.51471 -18.36522
v -14.64976 -19.51206 -18.36108
v -14.58154 -19.43571 -18.46442
v -14.65307 -19.51471 -18.36522
v -14.76678 -19.51455 -18.27449
v -14.76347 -19.5119 -18.27034
v -14.64976 -19.51206 -18.36108
v -14.76678 -19.51455 -18.27449
v -14.88255 -19.43793 -18.23102
v -14.87924 -19.43528 -18.22687
v -14.76347 -19.5119 -18.27034
v -14.88255 -19.43793 -18.23102
v -14.95616 -19.31413 -18.25142
v -14.95285 -19.31147 -18.24727
v -14.87924 -19.43528 -18.22687
v -14.95616 -19.31413 -18.25142
v -14.9595 -19.19042 -18.3279
v -14.95619 -19.18777 -18.32375
v -14.95285 -19.31147 -18.24727
v -14.9595 -19.19042 -18.3279
v -14.89128 -19.11406 -18.43124
v -14.88797 -19.11141 -18.42709
v -14.95619 -19.18777 -18.32375
v -14.89128 -19.11406 -18.43124
v -14.77757 -19.11423 -18.52197
v -14.77426 -19.11157 -18.51783
v -14.88797 -19.11141 -18.42709
v -14.77757 -19.11423 -18.52197
v -14.6618 -19.19084 -18.56544
v -14.65849 -19.18819 -18.5613
v -14.77426 -19.11157 -18.51783
v -14.6618 -19.19084 -18.56544
v -14.58819 -19.31465 -18.54504
v -14.58488 -19.312 -18.5409
v -14.65849 -19.18819 -18.5613
v -14.87924 -19.43528 -18.22687
v -14.95285 -19.31147 -18.24727
v -14.95619 -19.18777 -18.32375
v -14.76347 -19.5119 -18.27034
v -14.88797 -19.11141 -18.42709
v -14.64976 -19.51206 -18.36108
v -14.77426 -19.11157 -18.51783
v -14.58154 -19.43571 -18.46442
v -14.65849 -19.18819 -18.5613
v -14.58488 -19.312 -18.5409
v -13.21172 -18.32354 -17.10613
v -13.0702 -18.2102 -16.92897
v -13.06435 -18.42712 -16.79487
v -13.20587 -18.54045 -16.97203
v -13.20587 -18.54045 -16.97203
v -13.06435 -18.42712 -16.79487
v -13.18396 -18.561 -16.61366
v -13.32548 -18.67434 -16.79082
v -13.32548 -18.67434 -16.79082
v -13.18396 -18.561 -16.61366
v -13.38335 -18.56072 -16.45457
v -13.52487 -18.67406 -16.63172
v -13.52487 -18.67406 -16.63172
v -13.38335 -18.56072 -16.45457
v -13.58636 -18.42637 -16.37834
v -13.72788 -18.53971 -16.5555
v -13.72788 -18.53971 -16.5555
v -13.58636 -18.42637 -16.37834
v -13.71544 -18.20928 -16.41411
v -13.85696 -18.32262 -16.59127
v -13.85696 -18.32262 -16.59127
v -13.71544 -18.20928 -16.41411
v -13.72128 -17.99236 -16.54821
v -13.86281 -18.1057 -16.72537
v -13.86281 -18.1057 -16.72537
v -13.72128 -17.99236 -16.54821
v -13.60167 -17.85848 -16.72942
v -13.74319 -17.97182 -16.90658
v -13.74319 -17.97182 -16.90658
v -13.60167 -17.85848 -16.72942
v -13.40228 -17.85876 -16.88852
v -13.5438 -17.9721 -17.06568
v -13.5438 -17.9721 -17.06568
v -13.40228 -17.85876 -16.88852
v -13.19927 -17.99311 -16.96474
v -13.34079 -18.10645 -17.1419
v -13.34079 -18.10645 -17.1419
v -13.19927 -17.99311 -16.96474
v -13.0702 -18.2102 -16.92897
v -13.21172 -18.32354 -17.10613
v -13.34965 -18.33696 -17.03086
v -13.34599 -18.47255 -16.94704
v -13.17053 -18.33203 -16.72739
v -13.17418 -18.19644 -16.81121
v -13.34599 -18.47255 -16.94704
v -13.42076 -18.55623 -16.83377
v -13.2453 -18.41571 -16.61412
v -13.17053 -18.33203 -16.72739
v -13.42076 -18.55623 -16.83377
v -13.54539 -18.55606 -16.73432
v -13.36993 -18.41554 -16.51467
v -13.2453 -18.41571 -16.61412
v -13.54539 -18.55606 -16.73432
v -13.67229 -18.47208 -16.68667
v -13.49682 -18.33156 -16.46703
v -13.36993 -18.41554 -16.51467
v -13.67229 -18.47208 -16.68667
v -13.75297 -18.33638 -16.70903
v -13.57751 -18.19586 -16.48938
v -13.49682 -18.33156 -16.46703
v -13.75297 -18.33638 -16.70903
v -13.75663 -18.20079 -16.79286
v -13.58116 -18.06027 -16.57321
v -13.57751 -18.19586 -16.48938
v -13.75663 -18.20079 -16.79286
v -13.68186 -18.11711 -16.90612
v -13.50639 -17.97659 -16.68648
v -13.58116 -18.06027 -16.57321
v -13.68186 -18.11711 -16.90612
v -13.55722 -18.11728 -17.00557
v -13.38176 -17.97676 -16.78592
v -13.50639 -17.97659 -16.68648
v -13.55722 -18.11728 -17.00557
v -13.43033 -18.20126 -17.05322
v -13.25486 -18.06074 -16.83357
v -13.38176 -17.97676 -16.78592
v -13.43033 -18.20126 -17.05322
v -13.34965 -18.33696 -17.03086
v -13.17418 -18.19644 -16.81121
v -13.25486 -18.06074 -16.83357
v -14.58819 -19.31465 -18.54504
v -12.97614 -18.02366 -16.52707
v -12.9728 -18.14736 -16.4506
v -14.58485 -19.43836 -18.46856
v -14.58485 -19.43836 -18.46856
v -12.9728 -18.14736 -16.4506
v -13.04102 -18.22372 -16.34725
v -14.65307 -19.51471 -18.36522
v -14.65307 -19.51471 -18.36522
v -13.04102 -18.22372 -16.34725
v -13.15473 -18.22356 -16.25652
v -14.76678 -19.51455 -18.27449
v -14.76678 -19.51455 -18.27449
v -13.15473 -18.22356 -16.25652
v -13.2705 -18.14694 -16.21305
v -14.88255 -19.43793 -18.23102
v -14.88255 -19.43793 -18.23102
v -13.2705 -18.14694 -16.21305
v -13.34411 -18.02313 -16.23345
v -14.95616 -19.31413 -18.25142
v -14.95616 -19.31413 -18.25142
v -13.34411 -18.02313 -16.23345
v -13.34745 -17.89943 -16.30993
v -14.9595 -19.19042 -18.3279
v -14.9595 -19.19042 -18.3279
v -13.34745 -17.89943 -16.30993
v -13.27923 -17.82307 -16.41327
v -14.89128 -19.11406 -18.43124
v -14.89128 -19.11406 -18.43124
v -13.27923 -17.82307 -16.41327
v -13.16552 -17.82323 -16.504
v -14.77757 -19.11423 -18.52197
v -14.77757 -19.11423 -18.52197
v -13.16552 -17.82323 -16.504
v -13.04975 -17.89985 -16.54747
v -14.6618 -19.19084 -18.56544
v -14.6618 -19.19084 -18.56544
v -13.04975 -17.89985 -16.54747
v -12.97614 -18.02366 -16.52707
v -14.58819 -19.31465 -18.54504
v -13.34745 -17.89943 -16.30993
v -13.34411 -18.02313 -16.23345
v -13.2705 -18.14694 -16.21305
v -13.15473 -18.22356 -16.25652
v -13.27923 -17.82307 -16.41327
v -13.04102 -18.22372 -16.34725
v -13.16552 -17.82323 -16.504
v -12.9728 -18.14736 -16.4506
v -13.04975 -17.89985 -16.54747
v -12.97614 -18.02366 -16.52707
v -18.12099 -16.95418 -14.47432
v -17.90672 -17.6434 -14.20455
v -17.82772 -17.58014 -14.10567
v -18.04199 -16.89091 -14.37543
v -13.6765 -17.59131 -17.61719
v -12.62062 -17.65094 -18.42252
v -12.54162 -17.58768 -18.32363
v -13.61186 -17.48186 -17.53637
v -14.72032 -17.62339 -16.7628
v -14.64132 -17.56013 -16.66391
v -14.81099 -17.62298 -16.69064
v -14.73199 -17.55971 -16.59175
v -16.19254 -17.71976 -15.52507
v -16.11354 -17.65649 -15.42618
v -16.49033 -17.61151 -15.35644
v -16.41133 -17.54825 -15.25755
v -12.62062 -17.65094 -18.42252
v -12.83488 -16.96172 -18.69229
v -12.75589 -16.89846 -18.5934
v -12.54162 -17.58768 -18.32363
v -16.79284 -17.00957 -15.49987
v -18.12099 -16.95418 -14.47432
v -18.04199 -16.89091 -14.37543
v -16.71384 -16.9463 -15.40098
v -16.66199 -17.00641 -15.60642
v -16.58299 -16.94315 -15.50753
v -16.40128 -17.00013 -15.81871
v -16.32228 -16.93686 -15.71982
v -15.07079 -16.9974 -16.88331
v -14.99179 -16.93413 -16.78442
v -14.93459 -16.93417 -17.03256
v -14.85559 -16.87091 -16.93367
v -13.88474 -16.94795 -17.86242
v -13.80574 -16.88468 -17.76353
v -12.83488 -16.96172 -18.69229
v -12.75589 -16.89846 -18.5934
v -13.6765 -17.59131 -17.61719
v -12.83488 -16.96172 -18.69229
v -12.62062 -17.65094 -18.42252
v -13.88474 -16.94795 -17.86242
v -14.72032 -17.62339 -16.7628
v -14.93459 -16.93417 -17.03256
v -14.81099 -17.62298 -16.69064
v -15.07079 -16.9974 -16.88331
v -16.19254 -17.71976 -15.52507
v -16.40128 -17.00013 -15.81871
v -16.49033 -17.61151 -15.35644
v -16.66199 -17.00641 -15.60642
v -16.57857 -17.69879 -15.23011
v -16.79284 -17.00957 -15.49987
v -17.90672 -17.6434 -14.20455
v -18.12099 -16.95418 -14.47432
v -16.49957 -17.63553 -15.13122
v -18.04199 -16.89091 -14.37543
v -17.82772 -17.58014 -14.10567
v -16.71384 -16.9463 -15.40098
v -16.41133 -17.54825 -15.25755
v -16.58299 -16.94315 -15.50753
v -16.11354 -17.65649 -15.42618
v -16.32228 -16.93686 -15.71982
v -14.73199 -17.55971 -16.59175
v -14.99179 -16.93413 -16.78442
v -14.64132 -17.56013 -16.66391
v -14.85559 -16.87091 -16.93367
v -13.61186 -17.48186 -17.53637
v -13.80574 -16.88468 -17.76353
v -12.54162 -17.58768 -18.32363
v -12.75589 -16.89846 -18.5934
v -17.90672 -17.6434 -14.20455
v -16.57857 -17.69879 -15.23011
v -16.49957 -17.63553 -15.13122
v -17.82772 -17.58014 -14.10567
v -16.57857 -17.69879 -15.23011
v -16.49033 -17.61151 -15.35644
v -16.41133 -17.54825 -15.25755
v -16.49957 -17.63553 -15.13122
v -12.85173 -16.90755 -18.71349
v -13.05412 -16.25651 -18.9683
v -12.96248 -16.18313 -18.85359
v -12.76009 -16.83416 -18.59877
v -17.28435 -16.30861 -15.55567
v -18.34023 -16.24897 -14.75033
v -18.24859 -16.17558 -14.63562
v -17.19271 -16.23522 -15.44096
v -16.24052 -16.27652 -16.41006
v -16.14888 -16.20313 -16.29534
v -16.14986 -16.27694 -16.48222
v -16.05822 -16.20355 -16.3675
v -14.7683 -16.18015 -17.64779
v -14.67666 -16.10677 -17.53307
v -14.47051 -16.2884 -17.81642
v -14.37887 -16.21501 -17.70171
v -18.34023 -16.24897 -14.75033
v -18.13783 -16.9 -14.49552
v -18.04619 -16.82661 -14.38081
v -18.24859 -16.17558 -14.63562
v -14.17988 -16.85216 -17.68793
v -12.85173 -16.90755 -18.71349
v -12.76009 -16.83416 -18.59877
v -14.08824 -16.77877 -17.57322
v -14.31072 -16.85531 -17.58139
v -14.21908 -16.78192 -17.46667
v -14.57144 -16.8616 -17.36909
v -14.4798 -16.78821 -17.25438
v -15.90193 -16.86433 -16.30449
v -15.81029 -16.79094 -16.18978
v -16.03813 -16.92755 -16.15524
v -15.94649 -16.85416 -16.04053
v -17.08798 -16.91378 -15.32538
v -16.99634 -16.84039 -15.21067
v -18.13783 -16.9 -14.49552
v -18.04619 -16.82661 -14.38081
v -17.28435 -16.30861 -15.55567
v -18.13783 -16.9 -14.49552
v -18.34023 -16.24897 -14.75033
v -17.08798 -16.91378 -15.32538
v -16.24052 -16.27652 -16.41006
v -16.03813 -16.92755 -16.15524
v -16.14986 -16.27694 -16.48222
v -15.90193 -16.86433 -16.30449
v -14.7683 -16.18015 -17.64779
v -14.57144 -16.8616 -17.36909
v -14.47051 -16.2884 -17.81642
v -14.31072 -16.85531 -17.58139
v -14.38228 -16.20112 -17.94275
v -14.17988 -16.85216 -17.68793
v -13.05412 -16.25651 -18.9683
v -12.85173 -16.90755 -18.71349
v -14.2758 -16.17545 -17.80935
v -12.76009 -16.83416 -18.59877
v -12.96248 -16.18313 -18.85359
v -14.08824 -16.77877 -17.57322
v -14.37887 -16.21501 -17.70171
v -14.21908 -16.78192 -17.46667
v -14.67666 -16.10677 -17.53307
v -14.4798 -16.78821 -17.25438
v -16.05822 -16.20355 -16.3675
v -15.81029 -16.79094 -16.18978
v -16.14888 -16.20313 -16.29534
v -15.94649 -16.85416 -16.04053
v -17.19271 -16.23522 -15.44096
v -16.99634 -16.84039 -15.21067
v -18.24859 -16.17558 -14.63562
v -18.04619 -16.82661 -14.38081
v -13.05412 -16.25651 -18.9683
v -14.2758 -16.17545 -17.80935
v -12.96248 -16.18313 -18.85359
v -14.38228 -16.20112 -17.94275
v -14.37887 -16.21501 -17.70171
v -14.47051 -16.2884 -17.81642
v -18.09408 -17.74193 -14.49318
v -17.65587 -17.46363 -13.94451
v -17.76648 -17.46347 -13.85626
v -18.21904 -17.69559 -14.42301
v -18.26414 -17.80341 -14.47934
v -18.15354 -17.80356 -14.56759
v -18.94062 -18.55728 -15.55264
v -19.05122 -18.55712 -15.46438
v -19.89973 -19.11325 -16.52677
v -19.78912 -19.11341 -16.61502
v -19.85556 -19.1526 -16.69821
v -19.98052 -19.10626 -16.62804
v -20.36821 -19.54704 -17.11311
v -20.2576 -19.5472 -17.20136
v -17.65587 -17.46363 -13.94451
v -17.87014 -16.77441 -14.21427
v -17.98075 -16.77425 -14.12602
v -17.76648 -17.46347 -13.85626
v -18.09408 -17.74193 -14.49318
v -17.87014 -16.77441 -14.21427
v -17.65587 -17.46363 -13.94451
v -18.29996 -17.10329 -14.75235
v -18.39466 -17.21545 -14.87083
v -18.15354 -17.80356 -14.56759
v -18.94062 -18.55728 -15.55264
v -19.16434 -17.83763 -15.83431
v -19.9369 -18.45054 -16.80141
v -19.78912 -19.11341 -16.61502
v -19.85556 -19.1526 -16.69821
v -20.04969 -18.50454 -16.94266
v -20.47187 -18.85798 -17.47112
v -20.2576 -19.5472 -17.20136
v -17.76648 -17.46347 -13.85626
v -17.98075 -16.77425 -14.12602
v -18.41057 -17.10313 -14.6641
v -18.21904 -17.69559 -14.42301
v -18.26414 -17.80341 -14.47934
v -18.50527 -17.2153 -14.78258
v -19.27495 -17.83747 -15.74606
v -19.05122 -18.55712 -15.46438
v -19.89973 -19.11325 -16.52677
v -20.04751 -18.45038 -16.71316
v -20.16029 -18.50438 -16.85441
v -19.98052 -19.10626 -16.62804
v -20.36821 -19.54704 -17.11311
v -20.58248 -18.85782 -17.38287
v -17.87014 -16.77441 -14.21427
v -18.41057 -17.10313 -14.6641
v -17.98075 -16.77425 -14.12602
v -18.29996 -17.10329 -14.75235
v -18.39466 -17.21545 -14.87083
v -18.50527 -17.2153 -14.78258
v -19.27495 -17.83747 -15.74606
v -19.16434 -17.83763 -15.83431
v -19.9369 -18.45054 -16.80141
v -20.04751 -18.45038 -16.71316
v -20.16029 -18.50438 -16.85441
v -20.04969 -18.50454 -16.94266
v -20.47187 -18.85798 -17.47112
v -20.58248 -18.85782 -17.38287
v -17.88698 -16.72024 -14.23548
v -18.08938 -16.0692 -14.49029
v -18.21768 -16.06902 -14.38791
v -18.01529 -16.72005 -14.1331
v -18.51924 -17.15973 -15.02706
v -17.88698 -16.72024 -14.23548
v -18.01529 -16.72005 -14.1331
v -18.64754 -17.15955 -14.92468
v -18.6124 -17.23851 -15.14366
v -18.7407 -17.23833 -15.04129
v -18.79802 -17.39548 -15.37601
v -18.92632 -17.3953 -15.27363
v -19.19994 -17.72314 -15.87912
v -19.32824 -17.72295 -15.77674
v -19.73304 -18.04135 -16.28348
v -19.60473 -18.04153 -16.38586
v -19.9228 -18.185 -16.52104
v -19.7945 -18.18518 -16.62342
v -20.01804 -18.25709 -16.64026
v -19.88973 -18.25727 -16.74264
v -20.61702 -18.80362 -17.38995
v -20.48872 -18.8038 -17.49233
v -18.83511 -16.55623 -15.16082
v -18.01529 -16.72005 -14.1331
v -18.21768 -16.06902 -14.38791
v -18.64754 -17.15955 -14.92468
v -18.90519 -16.66198 -15.24846
v -18.7407 -17.23833 -15.04129
v -19.12747 -16.70526 -15.52695
v -18.92632 -17.3953 -15.27363
v -19.51082 -17.13565 -16.00661
v -19.32824 -17.72295 -15.77674
v -19.73304 -18.04135 -16.28348
v -19.9556 -17.36846 -16.56361
v -19.9228 -18.185 -16.52104
v -20.11081 -17.62748 -16.75766
v -20.01804 -18.25709 -16.64026
v -20.2056 -17.65377 -16.8764
v -20.61702 -18.80362 -17.38995
v -20.81941 -18.15259 -17.64477
v -18.08938 -16.0692 -14.49029
v -17.88698 -16.72024 -14.23548
v -18.51924 -17.15973 -15.02706
v -18.72164 -16.5087 -15.28187
v -18.6124 -17.23851 -15.14366
v -18.77689 -16.66216 -15.35084
v -18.79802 -17.39548 -15.37601
v -18.99916 -16.70544 -15.62933
v -19.19994 -17.72314 -15.87912
v -19.38252 -17.13584 -16.10899
v -19.8273 -17.36864 -16.66599
v -19.60473 -18.04153 -16.38586
v -19.98251 -17.62766 -16.86003
v -19.7945 -18.18518 -16.62342
v -20.09213 -17.60624 -16.99746
v -19.88973 -18.25727 -16.74264
v -20.69111 -18.15277 -17.74714
v -20.48872 -18.8038 -17.49233
v -18.08938 -16.0692 -14.49029
v -18.83511 -16.55623 -15.16082
v -18.21768 -16.06902 -14.38791
v -18.72164 -16.5087 -15.28187
v -18.90519 -16.66198 -15.24846
v -18.77689 -16.66216 -15.35084
v -18.77689 -16.66216 -15.35084
v -19.12747 -16.70526 -15.52695
v -18.90519 -16.66198 -15.24846
v -18.99916 -16.70544 -15.62933
v -19.51082 -17.13565 -16.00661
v -19.38252 -17.13584 -16.10899
v -19.8273 -17.36864 -16.66599
v -19.9556 -17.36846 -16.56361
v -19.98251 -17.62766 -16.86003
v -20.11081 -17.62748 -16.75766
v -13.13627 -16.39568 -19.31498
v -12.84483 -16.00092 -18.72357
v -12.73422 -16.00108 -18.81183
v -13.23252 -16.44171 -19.20864
v -13.31331 -16.43472 -19.30991
v -13.20271 -16.43488 -19.39817
v -14.05121 -16.991 -20.46055
v -14.16182 -16.99084 -20.3723
v -14.9489 -17.74456 -21.35735
v -14.83829 -17.74472 -21.4456
v -14.89775 -17.80635 -21.52001
v -14.994 -17.85238 -21.41368
v -15.44656 -18.08449 -21.98043
v -15.33596 -18.08465 -22.06868
v -12.73422 -16.00108 -18.81183
v -12.84483 -16.00092 -18.72357
v -12.63056 -16.69014 -18.45381
v -12.51996 -16.6903 -18.54207
v -13.13627 -16.39568 -19.31498
v -12.73422 -16.00108 -18.81183
v -12.51996 -16.6903 -18.54207
v -12.94214 -17.04374 -19.07053
v -13.05493 -17.09774 -19.21178
v -13.20271 -16.43488 -19.39817
v -14.05121 -16.991 -20.46055
v -13.82749 -17.71065 -20.17888
v -14.59717 -18.33283 -21.14236
v -14.83829 -17.74472 -21.4456
v -14.89775 -17.80635 -21.52001
v -14.69187 -18.44499 -21.26084
v -15.12169 -18.77387 -21.79892
v -15.33596 -18.08465 -22.06868
v -12.84483 -16.00092 -18.72357
v -13.05274 -17.04358 -18.98228
v -12.63056 -16.69014 -18.45381
v -13.23252 -16.44171 -19.20864
v -13.31331 -16.43472 -19.30991
v -13.16553 -17.09758 -19.12352
v -13.93809 -17.7105 -20.09063
v -14.16182 -16.99084 -20.3723
v -14.9489 -17.74456 -21.35735
v -14.70777 -18.33267 -21.0541
v -14.80247 -18.44483 -21.17259
v -14.994 -17.85238 -21.41368
v -15.44656 -18.08449 -21.98043
v -15.23229 -18.77371 -21.71066
v -12.51996 -16.6903 -18.54207
v -12.63056 -16.69014 -18.45381
v -13.05274 -17.04358 -18.98228
v -12.94214 -17.04374 -19.07053
v -13.05493 -17.09774 -19.21178
v -13.16553 -17.09758 -19.12352
v -13.93809 -17.7105 -20.09063
v -13.82749 -17.71065 -20.17888
v -14.59717 -18.33283 -21.14236
v -14.70777 -18.33267 -21.0541
v -14.80247 -18.44483 -21.17259
v -14.69187 -18.44499 -21.26084
v -15.12169 -18.77387 -21.79892
v -15.23229 -18.77371 -21.71066
v -12.56139 -16.79114 -18.59381
v -12.68969 -16.79096 -18.49143
v -12.4873 -17.44199 -18.23662
v -12.35899 -17.44217 -18.33899
v -13.1021 -17.291 -19.27055
v -12.68969 -16.79096 -18.49143
v -12.56139 -16.79114 -18.59381
v -13.2304 -17.29082 -19.16817
v -13.19733 -17.3631 -19.38977
v -13.32563 -17.36291 -19.2874
v -13.3871 -17.50675 -19.62733
v -13.5154 -17.50656 -19.52496
v -13.79189 -17.82514 -20.13407
v -13.9202 -17.82496 -20.03169
v -14.32211 -18.15261 -20.53481
v -14.19381 -18.1528 -20.63718
v -14.50774 -18.30959 -20.76715
v -14.37943 -18.30977 -20.86953
v -14.60089 -18.38837 -20.88376
v -14.47259 -18.38855 -20.98614
v -15.17488 -18.78119 -21.60239
v -15.04657 -18.78138 -21.70477
v -13.04284 -17.89414 -18.93203
v -12.4873 -17.44199 -18.23662
v -12.68969 -16.79096 -18.49143
v -13.2304 -17.29082 -19.16817
v -13.13763 -17.92043 -19.05078
v -13.32563 -17.36291 -19.2874
v -13.29283 -18.17945 -19.24482
v -13.5154 -17.50656 -19.52496
v -13.73761 -18.41226 -19.80182
v -13.9202 -17.82496 -20.03169
v -14.32211 -18.15261 -20.53481
v -14.12097 -18.84266 -20.28149
v -14.50774 -18.30959 -20.76715
v -14.34324 -18.88594 -20.55997
v -14.60089 -18.38837 -20.88376
v -14.41333 -18.99169 -20.64762
v -15.17488 -18.78119 -21.60239
v -14.97248 -19.43223 -21.34758
v -12.35899 -17.44217 -18.33899
v -13.1021 -17.291 -19.27055
v -12.56139 -16.79114 -18.59381
v -12.8997 -17.94204 -19.01574
v -13.19733 -17.3631 -19.38977
v -13.00932 -17.92061 -19.15316
v -13.3871 -17.50675 -19.62733
v -13.16453 -18.17964 -19.3472
v -13.79189 -17.82514 -20.13407
v -13.60931 -18.41244 -19.9042
v -13.99266 -18.84284 -20.38387
v -14.19381 -18.1528 -20.63718
v -14.21494 -18.88612 -20.66235
v -14.37943 -18.30977 -20.86953
v -14.27019 -19.03958 -20.73132
v -14.47259 -18.38855 -20.98614
v -14.84418 -19.43241 -21.44995
v -15.04657 -18.78138 -21.70477
v -12.35899 -17.44217 -18.33899
v -12.4873 -17.44199 -18.23662
v -13.04284 -17.89414 -18.93203
v -12.8997 -17.94204 -19.01574
v -13.13763 -17.92043 -19.05078
v -13.00932 -17.92061 -19.15316
v -13.00932 -17.92061 -19.15316
v -13.13763 -17.92043 -19.05078
v -13.29283 -18.17945 -19.24482
v -13.16453 -18.17964 -19.3472
v -13.73761 -18.41226 -19.80182
v -13.60931 -18.41244 -19.9042
v -13.99266 -18.84284 -20.38387
v -14.12097 -18.84266 -20.28149
v -14.21494 -18.88612 -20.66235
v -14.34324 -18.88594 -20.55997
v -12.43608 -18.24454 -18.19019
v -12.61054 -17.68336 -18.40983
v -12.5189 -17.60998 -18.29512
v -12.34444 -18.17115 -18.07547
v -16.84076 -17.73546 -14.9972
v -17.88637 -17.70885 -14.17894
v -17.79473 -17.63547 -14.06422
v -16.74912 -17.66207 -14.88249
v -15.79694 -17.70337 -15.85159
v -15.7053 -17.62998 -15.73687
v -15.70627 -17.70378 -15.92375
v -15.61463 -17.6304 -15.80903
v -13.59073 -17.60805 -17.67499
v -13.49909 -17.53466 -17.56027
v -13.29294 -17.7163 -17.84362
v -13.2013 -17.64291 -17.72891
v -17.88637 -17.70885 -14.17894
v -17.69425 -18.32685 -13.93705
v -17.60261 -18.25347 -13.82234
v -17.79473 -17.63547 -14.06422
v -13.00231 -18.28005 -17.71513
v -12.43608 -18.24454 -18.19019
v -12.34444 -18.17115 -18.07547
v -12.91067 -18.20667 -17.60042
v -13.13316 -18.28321 -17.60859
v -13.04152 -18.20982 -17.49388
v -13.39387 -18.2895 -17.3963
v -13.30223 -18.21611 -17.28158
v -15.45834 -18.29118 -15.74602
v -15.3667 -18.21779 -15.63131
v -15.59454 -18.3544 -15.59677
v -15.5029 -18.28102 -15.48206
v -16.64439 -18.34063 -14.76691
v -16.55275 -18.26724 -14.6522
v -17.69425 -18.32685 -13.93705
v -17.60261 -18.25347 -13.82234
v -16.84076 -17.73546 -14.9972
v -17.69425 -18.32685 -13.93705
v -17.88637 -17.70885 -14.17894
v -16.64439 -18.34063 -14.76691
v -15.79694 -17.70337 -15.85159
v -15.59454 -18.3544 -15.59677
v -15.70627 -17.70378 -15.92375
v -15.45834 -18.29118 -15.74602
v -13.59073 -17.60805 -17.67499
v -13.39387 -18.2895 -17.3963
v -13.29294 -17.7163 -17.84362
v -13.13316 -18.28321 -17.60859
v -13.20471 -17.62902 -17.96995
v -13.00231 -18.28005 -17.71513
v -12.61054 -17.68336 -18.40983
v -12.43608 -18.24454 -18.19019
v -13.09824 -17.60335 -17.83656
v -12.34444 -18.17115 -18.07547
v -12.5189 -17.60998 -18.29512
v -12.91067 -18.20667 -17.60042
v -13.2013 -17.64291 -17.72891
v -13.04152 -18.20982 -17.49388
v -13.49909 -17.53466 -17.56027
v -13.30223 -18.21611 -17.28158
v -15.61463 -17.6304 -15.80903
v -15.3667 -18.21779 -15.63131
v -15.7053 -17.62998 -15.73687
v -15.5029 -18.28102 -15.48206
v -16.74912 -17.66207 -14.88249
v -16.55275 -18.26724 -14.6522
v -17.79473 -17.63547 -14.06422
v -17.60261 -18.25347 -13.82234
v -12.61054 -17.68336 -18.40983
v -13.09824 -17.60335 -17.83656
v -12.5189 -17.60998 -18.29512
v -13.20471 -17.62902 -17.96995
v -13.2013 -17.64291 -17.72891
v -13.29294 -17.7163 -17.84362
v -17.43691 -18.16796 -13.66884
v -17.6393 -17.51693 -13.92365
v -17.76761 -17.51675 -13.82127
v -17.56521 -18.16778 -13.56646
v -18.06917 -18.60746 -14.46042
v -17.43691 -18.16796 -13.66884
v -17.56521 -18.16778 -13.56646
v -18.19747 -18.60728 -14.35804
v -18.16232 -18.68624 -14.57702
v -18.29062 -18.68605 -14.47465
v -18.38503 -18.00396 -14.59418
v -17.56521 -18.16778 -13.56646
v -17.76761 -17.51675 -13.82127
v -18.19747 -18.60728 -14.35804
v -18.45512 -18.1097 -14.68182
v -18.29062 -18.68605 -14.47465
v -18.53674 -18.14473 -14.78405
v -18.33559 -18.83477 -14.53073
v -19.06075 -18.58338 -15.43997
v -18.87816 -19.17068 -15.2101
v -19.37165 -19.66449 -15.82768
v -19.59422 -18.9916 -16.10781
v -19.47272 -19.63273 -15.9544
v -19.66073 -19.07521 -16.19102
v -19.56796 -19.70482 -16.07362
v -19.75552 -19.1015 -16.30976
v -20.16694 -20.25135 -16.82331
v -20.36934 -19.60032 -17.07813
v -17.6393 -17.51693 -13.92365
v -17.43691 -18.16796 -13.66884
v -18.06917 -18.60746 -14.46042
v -18.27156 -17.95642 -14.71523
v -18.16232 -18.68624 -14.57702
v -18.32681 -18.10989 -14.7842
v -18.20728 -18.83495 -14.63311
v -18.40843 -18.14491 -14.88643
v -18.74986 -19.17087 -15.31248
v -18.93244 -18.58356 -15.54235
v -19.46592 -18.99179 -16.21019
v -19.24335 -19.66467 -15.93006
v -19.53243 -19.07539 -16.2934
v -19.34442 -19.63291 -16.05678
v -19.64205 -19.05397 -16.43082
v -19.43966 -19.705 -16.176
v -20.24104 -19.6005 -17.1805
v -20.03864 -20.25153 -16.92569
v -17.6393 -17.51693 -13.92365
v -18.38503 -18.00396 -14.59418
v -17.76761 -17.51675 -13.82127
v -18.27156 -17.95642 -14.71523
v -18.45512 -18.1097 -14.68182
v -18.32681 -18.10989 -14.7842
v -18.20728 -18.83495 -14.63311
v -18.16232 -18.68624 -14.57702
v -18.29062 -18.68605 -14.47465
v -18.33559 -18.83477 -14.53073
v -18.32681 -18.10989 -14.7842
v -18.53674 -18.14473 -14.78405
v -18.45512 -18.1097 -14.68182
v -18.40843 -18.14491 -14.88643
v -19.06075 -18.58338 -15.43997
v -18.93244 -18.58356 -15.54235
v -19.46592 -18.99179 -16.21019
v -19.59422 -18.9916 -16.10781
v -19.53243 -19.07539 -16.2934
v -19.66073 -19.07521 -16.19102
v -18.74986 -19.17087 -15.31248
v -18.20728 -18.83495 -14.63311
v -18.33559 -18.83477 -14.53073
v -18.87816 -19.17068 -15.2101
v -19.37165 -19.66449 -15.82768
v -19.24335 -19.66467 -15.93006
v -12.08291 -18.09613 -17.99183
v -12.2853 -17.4451 -18.24664
v -12.41361 -17.44491 -18.14426
v -12.21121 -18.09595 -17.88945
v -12.44076 -18.36557 -18.43982
v -12.08291 -18.09613 -17.99183
v -12.21121 -18.09595 -17.88945
v -12.56906 -18.36538 -18.33744
v -12.54629 -18.40456 -18.572
v -12.67459 -18.40437 -18.46962
v -13.39586 -19.09903 -19.63547
v -13.52416 -19.09885 -19.53309
v -14.38076 -19.77074 -20.6054
v -14.25245 -19.77092 -20.70778
v -14.46362 -19.88262 -20.70905
v -14.33532 -19.8828 -20.81143
v -14.81294 -20.17952 -21.1463
v -14.68464 -20.1797 -21.24868
v -12.75663 -17.76206 -18.57358
v -12.21121 -18.09595 -17.88945
v -12.41361 -17.44491 -18.14426
v -12.56906 -18.36538 -18.33744
v -12.83908 -17.82802 -18.6768
v -12.67459 -18.40437 -18.46962
v -13.70675 -18.51155 -19.76296
v -13.52416 -19.09885 -19.53309
v -14.38076 -19.77074 -20.6054
v -14.56877 -19.21322 -20.84202
v -14.46362 -19.88262 -20.70905
v -14.65119 -19.2793 -20.94519
v -14.81294 -20.17952 -21.1463
v -15.01534 -19.52848 -21.40112
v -12.2853 -17.4451 -18.24664
v -12.08291 -18.09613 -17.99183
v -12.44076 -18.36557 -18.43982
v -12.64316 -17.71453 -18.69463
v -12.54629 -18.40456 -18.572
v -12.71078 -17.82821 -18.77918
v -13.39586 -19.09903 -19.63547
v -13.57844 -18.51173 -19.86534
v -14.44046 -19.21341 -20.9444
v -14.25245 -19.77092 -20.70778
v -14.53771 -19.23177 -21.06625
v -14.33532 -19.8828 -20.81143
v -14.88703 -19.52867 -21.50349
v -14.68464 -20.1797 -21.24868
v -12.2853 -17.4451 -18.24664
v -12.75663 -17.76206 -18.57358
v -12.41361 -17.44491 -18.14426
v -12.64316 -17.71453 -18.69463
v -12.83908 -17.82802 -18.6768
v -12.71078 -17.82821 -18.77918
v -13.70675 -18.51155 -19.76296
v -13.57844 -18.51173 -19.86534
v -14.44046 -19.21341 -20.9444
v -14.56877 -19.21322 -20.84202
v -14.53771 -19.23177 -21.06625
v -14.65119 -19.2793 -20.94519
v -14.88703 -19.52867 -21.50349
v -15.01534 -19.52848 -21.40112
v -20.27368 -18.67814 -17.16906
v -20.35268 -18.74141 -17.26795
v -20.13841 -19.43063 -16.99819
v -20.05941 -19.36736 -16.8993
v -15.82919 -19.31527 -20.31193
v -14.85231 -19.43817 -21.21616
v -14.77331 -19.3749 -21.11727
v -15.92255 -19.33235 -20.4289
v -16.87301 -19.34735 -19.45755
v -16.95201 -19.41062 -19.55644
v -16.96368 -19.34694 -19.38539
v -17.04268 -19.4102 -19.48428
v -18.34524 -19.44372 -18.21982
v -18.42423 -19.50698 -18.31871
v -18.64302 -19.33547 -18.05118
v -18.72202 -19.39874 -18.15007
v -14.77331 -19.3749 -21.11727
v -14.85231 -19.43817 -21.21616
v -15.06658 -18.74895 -21.48592
v -14.98758 -18.68568 -21.38703
v -18.94553 -18.73353 -18.19462
v -20.35268 -18.74141 -17.26795
v -20.27368 -18.67814 -17.16906
v -19.02453 -18.79679 -18.29351
v -18.81469 -18.73038 -18.30116
v -18.89368 -18.79364 -18.40005
v -18.55397 -18.72409 -18.51346
v -18.63297 -18.78735 -18.61235
v -17.22348 -18.72136 -19.57806
v -17.30248 -18.78462 -19.67695
v -17.08728 -18.65813 -19.72731
v -17.16628 -18.7214 -19.8262
v -16.03743 -18.67191 -20.55717
v -16.11643 -18.73517 -20.65606
v -14.98758 -18.68568 -21.38703
v -15.06658 -18.74895 -21.48592
v -15.82919 -19.31527 -20.31193
v -14.77331 -19.3749 -21.11727
v -14.98758 -18.68568 -21.38703
v -16.03743 -18.67191 -20.55717
v -16.87301 -19.34735 -19.45755
v -17.08728 -18.65813 -19.72731
v -16.96368 -19.34694 -19.38539
v -17.22348 -18.72136 -19.57806
v -18.34524 -19.44372 -18.21982
v -18.55397 -18.72409 -18.51346
v -18.64302 -19.33547 -18.05118
v -18.81469 -18.73038 -18.30116
v -18.73126 -19.42275 -17.92486
v -18.94553 -18.73353 -18.19462
v -20.05941 -19.36736 -16.8993
v -20.27368 -18.67814 -17.16906
v -18.81026 -19.48602 -18.02375
v -20.13841 -19.43063 -16.99819
v -20.35268 -18.74141 -17.26795
v -19.02453 -18.79679 -18.29351
v -18.72202 -19.39874 -18.15007
v -18.89368 -18.79364 -18.40005
v -18.42423 -19.50698 -18.31871
v -18.63297 -18.78735 -18.61235
v -17.04268 -19.4102 -19.48428
v -17.30248 -18.78462 -19.67695
v -16.95201 -19.41062 -19.55644
v -17.16628 -18.7214 -19.8262
v -15.92255 -19.33235 -20.4289
v -16.11643 -18.73517 -20.65606
v -14.85231 -19.43817 -21.21616
v -15.06658 -18.74895 -21.48592
v -20.05941 -19.36736 -16.8993
v -20.13841 -19.43063 -16.99819
v -18.81026 -19.48602 -18.02375
v -18.73126 -19.42275 -17.92486
v -18.73126 -19.42275 -17.92486
v -18.81026 -19.48602 -18.02375
v -18.72202 -19.39874 -18.15007
v -18.64302 -19.33547 -18.05118
v -15.00442 -18.63151 -21.40824
v -15.09606 -18.7049 -21.52295
v -15.29846 -18.05386 -21.77777
v -15.20681 -17.98047 -21.66305
v -19.43704 -18.03257 -18.25042
v -20.58456 -18.04632 -17.5598
v -20.49292 -17.97293 -17.44508
v -19.52868 -18.10596 -18.36513
v -18.39322 -18.00048 -19.1048
v -18.48485 -18.07387 -19.21952
v -18.30255 -18.0009 -19.17696
v -18.39419 -18.07429 -19.29168
v -16.92099 -17.90412 -20.34253
v -17.01263 -17.9775 -20.45725
v -16.62321 -18.01237 -20.51117
v -16.71484 -18.08575 -20.62588
v -20.49292 -17.97293 -17.44508
v -20.58456 -18.04632 -17.5598
v -20.38217 -18.69735 -17.30498
v -20.29053 -18.62396 -17.19027
v -16.33257 -18.57612 -20.38268
v -15.09606 -18.7049 -21.52295
v -15.00442 -18.63151 -21.40824
v -16.42421 -18.64951 -20.49739
v -16.46342 -18.57927 -20.27613
v -16.55506 -18.65266 -20.39085
v -16.72413 -18.58556 -20.06384
v -16.81577 -18.65895 -20.17855
v -18.05462 -18.58829 -18.99924
v -18.14626 -18.66168 -19.11395
v -18.19082 -18.65151 -18.84999
v -18.28246 -18.7249 -18.9647
v -19.24067 -18.63774 -18.02013
v -19.33231 -18.71113 -18.13484
v -20.29053 -18.62396 -17.19027
v -20.38217 -18.69735 -17.30498
v -19.43704 -18.03257 -18.25042
v -20.49292 -17.97293 -17.44508
v -20.29053 -18.62396 -17.19027
v -19.24067 -18.63774 -18.02013
v -18.39322 -18.00048 -19.1048
v -18.19082 -18.65151 -18.84999
v -18.30255 -18.0009 -19.17696
v -18.05462 -18.58829 -18.99924
v -16.92099 -17.90412 -20.34253
v -16.72413 -18.58556 -20.06384
v -16.62321 -18.01237 -20.51117
v -16.46342 -18.57927 -20.27613
v -16.53497 -17.92509 -20.63749
v -16.33257 -18.57612 -20.38268
v -15.20681 -17.98047 -21.66305
v -15.00442 -18.63151 -21.40824
v -16.61177 -18.04619 -20.73353
v -15.29846 -18.05386 -21.77777
v -15.09606 -18.7049 -21.52295
v -16.42421 -18.64951 -20.49739
v -16.71484 -18.08575 -20.62588
v -16.55506 -18.65266 -20.39085
v -17.01263 -17.9775 -20.45725
v -16.81577 -18.65895 -20.17855
v -18.39419 -18.07429 -19.29168
v -18.14626 -18.66168 -19.11395
v -18.48485 -18.07387 -19.21952
v -18.28246 -18.7249 -18.9647
v -19.52868 -18.10596 -18.36513
v -19.33231 -18.71113 -18.13484
v -20.58456 -18.04632 -17.5598
v -20.38217 -18.69735 -17.30498
v -15.20681 -17.98047 -21.66305
v -15.29846 -18.05386 -21.77777
v -16.61177 -18.04619 -20.73353
v -16.53497 -17.92509 -20.63749
v -16.71484 -18.08575 -20.62588
v -16.62321 -18.01237 -20.51117
v -20.2576 -19.5472 -17.20136
v -20.36821 -19.54704 -17.11311
v -20.58248 -18.85782 -17.38287
v -20.47187 -18.85798 -17.47112
v -20.48872 -18.8038 -17.49233
v -20.61702 -18.80362 -17.38995
v -20.81941 -18.15259 -17.64477
v -20.69111 -18.15277 -17.74714
v -20.69111 -18.15277 -17.74714
v -20.81941 -18.15259 -17.64477
v -20.2056 -17.65377 -16.8764
v -20.09213 -17.60624 -16.99746
v -20.11081 -17.62748 -16.75766
v -19.98251 -17.62766 -16.86003
v -15.33596 -18.08465 -22.06868
v -15.12169 -18.77387 -21.79892
v -15.23229 -18.77371 -21.71066
v -15.44656 -18.08449 -21.98043
v -15.04657 -18.78138 -21.70477
v -14.84418 -19.43241 -21.44995
v -14.97248 -19.43223 -21.34758
v -15.17488 -18.78119 -21.60239
v -14.84418 -19.43241 -21.44995
v -14.41333 -18.99169 -20.64762
v -14.97248 -19.43223 -21.34758
v -14.27019 -19.03958 -20.73132
v -14.34324 -18.88594 -20.55997
v -14.21494 -18.88612 -20.66235
v -14.58877 -19.9685 -20.88494
v -14.68041 -20.04189 -20.99965
v -14.85487 -19.48071 -21.21929
v -14.76323 -19.40733 -21.10458
v -18.99345 -19.45942 -17.69195
v -20.1307 -19.50621 -16.9884
v -20.03907 -19.43282 -16.87368
v -19.08509 -19.53281 -17.80666
v -17.94963 -19.42733 -18.54633
v -18.04127 -19.50072 -18.66105
v -17.85896 -19.42775 -18.6185
v -17.9506 -19.50113 -18.73321
v -15.74343 -19.33201 -20.36973
v -15.83506 -19.4054 -20.48445
v -15.44564 -19.44026 -20.53837
v -15.53728 -19.51365 -20.65309
v -20.03907 -19.43282 -16.87368
v -20.1307 -19.50621 -16.9884
v -19.93858 -20.1242 -16.74651
v -19.84694 -20.05082 -16.6318
v -15.15501 -20.00402 -20.40988
v -14.68041 -20.04189 -20.99965
v -14.58877 -19.9685 -20.88494
v -15.24664 -20.0774 -20.52459
v -15.28585 -20.00717 -20.30334
v -15.37749 -20.08056 -20.41805
v -15.54656 -20.01346 -20.09104
v -15.6382 -20.08685 -20.20576
v -17.61103 -20.01514 -18.44077
v -17.70267 -20.08853 -18.55548
v -17.74723 -20.07837 -18.29152
v -17.83887 -20.15175 -18.40623
v -18.79709 -20.06459 -17.46166
v -18.88873 -20.13798 -17.57637
v -19.84694 -20.05082 -16.6318
v -19.93858 -20.1242 -16.74651
v -18.99345 -19.45942 -17.69195
v -20.03907 -19.43282 -16.87368
v -19.84694 -20.05082 -16.6318
v -18.79709 -20.06459 -17.46166
v -17.94963 -19.42733 -18.54633
v -17.74723 -20.07837 -18.29152
v -17.85896 -19.42775 -18.6185
v -17.61103 -20.01514 -18.44077
v -15.74343 -19.33201 -20.36973
v -15.54656 -20.01346 -20.09104
v -15.44564 -19.44026 -20.53837
v -15.28585 -20.00717 -20.30334
v -15.3574 -19.35298 -20.66469
v -15.15501 -20.00402 -20.40988
v -14.76323 -19.40733 -21.10458
v -14.58877 -19.9685 -20.88494
v -15.43421 -19.47408 -20.76073
v -14.85487 -19.48071 -21.21929
v -14.68041 -20.04189 -20.99965
v -15.24664 -20.0774 -20.52459
v -15.53728 -19.51365 -20.65309
v -15.37749 -20.08056 -20.41805
v -15.83506 -19.4054 -20.48445
v -15.6382 -20.08685 -20.20576
v -17.9506 -19.50113 -18.73321
v -17.70267 -20.08853 -18.55548
v -18.04127 -19.50072 -18.66105
v -17.83887 -20.15175 -18.40623
v -19.08509 -19.53281 -17.80666
v -18.88873 -20.13798 -17.57637
v -20.1307 -19.50621 -16.9884
v -19.93858 -20.1242 -16.74651
v -14.76323 -19.40733 -21.10458
v -14.85487 -19.48071 -21.21929
v -15.43421 -19.47408 -20.76073
v -15.3574 -19.35298 -20.66469
v -15.53728 -19.51365 -20.65309
v -15.44564 -19.44026 -20.53837
v -20.03864 -20.25153 -16.92569
v -20.16694 -20.25135 -16.82331
v -20.36934 -19.60032 -17.07813
v -20.24104 -19.6005 -17.1805
v -19.43966 -19.705 -16.176
v -20.16694 -20.25135 -16.82331
v -20.03864 -20.25153 -16.92569
v -19.56796 -19.70482 -16.07362
v -19.34442 -19.63291 -16.05678
v -19.47272 -19.63273 -15.9544
v -20.24104 -19.6005 -17.1805
v -20.36934 -19.60032 -17.07813
v -19.75552 -19.1015 -16.30976
v -19.64205 -19.05397 -16.43082
v -19.66073 -19.07521 -16.19102
v -19.53243 -19.07539 -16.2934
v -19.24335 -19.66467 -15.93006
v -19.37165 -19.66449 -15.82768
v -19.47272 -19.63273 -15.9544
v -19.34442 -19.63291 -16.05678
v -14.68464 -20.1797 -21.24868
v -14.81294 -20.17952 -21.1463
v -15.01534 -19.52848 -21.40112
v -14.88703 -19.52867 -21.50349
v -18.72914 -17.02593 -14.00182
v -20.82808 -18.70685 -16.62928
v -20.90252 -18.4674 -16.723
v -18.80358 -16.78648 -14.09554
v -20.82808 -18.70685 -16.62928
v -21.03733 -18.70655 -16.46232
v -21.11177 -18.4671 -16.55604
v -20.90252 -18.4674 -16.723
v -21.03733 -18.70655 -16.46232
v -18.93839 -17.02563 -13.83485
v -19.01282 -16.78618 -13.92857
v -21.11177 -18.4671 -16.55604
v -20.82808 -18.70685 -16.62928
v -18.72914 -17.02593 -14.00182
v -18.93839 -17.02563 -13.83485
v -21.03733 -18.70655 -16.46232
v -21.11177 -18.4671 -16.55604
v -19.01282 -16.78618 -13.92857
v -18.80358 -16.78648 -14.09554
v -20.90252 -18.4674 -16.723
v -18.72914 -17.02593 -14.00182
v -18.80358 -16.78648 -14.09554
v -19.01282 -16.78618 -13.92857
v -18.93839 -17.02563 -13.83485
v -12.31619 -18.34601 -17.87485
v -12.24186 -18.74718 -17.67758
v -12.0475 -18.59154 -17.43428
v -12.12183 -18.19036 -17.63156
v -12.08003 -18.96007 -17.17253
v -12.49134 -17.94469 -17.99167
v -12.27438 -19.11572 -17.41583
v -12.29699 -17.78904 -17.74838
v -12.21676 -19.2661 -16.86752
v -12.75314 -17.57574 -18.01858
v -12.41112 -19.42175 -17.11082
v -12.55878 -17.42009 -17.77528
v -12.44663 -19.48483 -16.54395
v -13.08036 -17.26905 -17.95338
v -12.64099 -19.64048 -16.78725
v -12.886 -17.1134 -17.71009
v -12.75102 -19.59855 -16.22804
v -13.4465 -17.04946 -17.80137
v -12.94538 -19.7542 -16.47134
v -13.25214 -16.89381 -17.55808
v -13.10526 -19.59805 -15.94538
v -13.82189 -16.93477 -17.57486
v -13.29962 -19.7537 -16.18868
v -13.62754 -16.77912 -17.33157
v -13.48066 -19.48336 -15.71887
v -14.17613 -16.93427 -17.2922
v -13.67501 -19.639 -15.96217
v -13.98178 -16.77862 -17.04891
v -13.8468 -19.26377 -15.56686
v -14.48052 -17.04799 -16.97629
v -14.04115 -19.41942 -15.81016
v -14.28616 -16.89234 -16.73299
v -14.17402 -18.95708 -15.50167
v -14.71039 -17.26672 -16.65272
v -14.36837 -19.11273 -15.74496
v -14.51604 -17.11107 -16.40943
v -14.43581 -18.58813 -15.52857
v -14.84713 -17.57275 -16.34771
v -14.63017 -18.74378 -15.77187
v -14.65277 -17.4171 -16.10441
v -14.61096 -18.18681 -15.64539
v -14.87965 -17.94128 -16.08596
v -14.80532 -18.34246 -15.88869
v -14.68529 -17.78563 -15.84267
v -12.27738 -19.74687 -16.53878
v -12.75102 -19.59855 -16.22804
v -12.64129 -19.88284 -16.16108
v -12.44663 -19.48483 -16.54395
v -13.10526 -19.59805 -15.94538
v -12.00255 -19.48535 -16.92563
v -13.06482 -19.88223 -15.82313
v -12.21676 -19.2661 -16.86752
v -13.48066 -19.48336 -15.71887
v -11.83907 -19.11947 -17.2903
v -13.51363 -19.74511 -15.55232
v -12.08003 -18.96007 -17.17253
v -13.8468 -19.26377 -15.56686
v -11.80018 -18.67886 -17.60324
v -13.95139 -19.48257 -15.37058
v -12.0475 -18.59154 -17.43428
v -14.17402 -18.95708 -15.50167
v -11.88905 -18.19922 -17.83909
v -14.3426 -19.1159 -15.29264
v -12.12183 -18.19036 -17.63156
v -14.43581 -18.58813 -15.52857
v -12.09846 -17.71941 -17.97877
v -14.6556 -18.67479 -15.3248
v -12.29699 -17.78904 -17.74838
v -14.61096 -18.18681 -15.64539
v -12.41146 -17.2783 -18.01093
v -14.86501 -18.19498 -15.46447
v -12.55878 -17.42009 -17.77528
v -14.68529 -17.78563 -15.84267
v -12.80268 -16.91163 -17.93299
v -14.95388 -17.71534 -15.70033
v -12.886 -17.1134 -17.71009
v -14.65277 -17.4171 -16.10441
v -13.24043 -16.64909 -17.75124
v -14.915 -17.27473 -16.01327
v -13.25214 -16.89381 -17.55808
v -14.51604 -17.11107 -16.40943
v -13.68924 -16.51197 -17.48043
v -14.75152 -16.90885 -16.37794
v -13.62754 -16.77912 -17.33157
v -14.28616 -16.89234 -16.73299
v -14.11277 -16.51137 -17.14249
v -14.47668 -16.64733 -16.76479
v -13.98178 -16.77862 -17.04891
v -14.83077 -18.81414 -15.53906
v -14.36837 -19.11273 -15.74496
v -14.51724 -19.256 -15.50684
v -14.63017 -18.74378 -15.77187
v -14.04115 -19.41942 -15.81016
v -15.04054 -18.3335 -15.67897
v -14.12535 -19.62331 -15.58492
v -14.80532 -18.34246 -15.88869
v -13.67501 -19.639 -15.96217
v -15.12956 -17.85304 -15.91523
v -13.68685 -19.88629 -15.76697
v -14.87965 -17.94128 -16.08596
v -13.29962 -19.7537 -16.18868
v -15.09061 -17.41168 -16.22871
v -13.23726 -20.02365 -16.03825
v -14.84713 -17.57275 -16.34771
v -12.94538 -19.7542 -16.47134
v -14.92686 -17.04517 -16.594
v -12.81301 -20.02426 -16.37677
v -14.71039 -17.26672 -16.65272
v -12.64099 -19.64048 -16.78725
v -14.65155 -16.7832 -16.98152
v -12.44847 -19.88806 -16.75512
v -14.48052 -17.04799 -16.97629
v -12.41112 -19.42175 -17.11082
v -14.28701 -16.647 -17.35987
v -12.17317 -19.62609 -17.14264
v -14.17613 -16.93427 -17.2922
v -12.27438 -19.11572 -17.41583
v -13.86276 -16.64761 -17.69839
v -12.00941 -19.25958 -17.50793
v -13.82189 -16.93477 -17.57486
v -12.24186 -18.74718 -17.67758
v -13.41317 -16.78497 -17.96967
v -11.97046 -18.81822 -17.82141
v -13.4465 -17.04946 -17.80137
v -12.31619 -18.34601 -17.87485
v -12.97467 -17.04795 -18.15172
v -12.05948 -18.33776 -18.05767
v -13.08036 -17.26905 -17.95338
v -12.49134 -17.94469 -17.99167
v -12.58278 -17.41525 -18.2298
v -12.26925 -17.85712 -18.19758
v -12.75314 -17.57574 -18.01858
v -12.27738 -19.74687 -16.53878
v -12.6606 -19.89829 -16.18525
v -12.29668 -19.76233 -16.56294
v -12.64129 -19.88284 -16.16108
v -12.00255 -19.48535 -16.92563
v -13.08412 -19.89769 -15.8473
v -12.02185 -19.50081 -16.94979
v -13.06482 -19.88223 -15.82313
v -11.83907 -19.11947 -17.2903
v -13.53294 -19.76057 -15.57649
v -11.85837 -19.13493 -17.31446
v -13.51363 -19.74511 -15.55232
v -11.80018 -18.67886 -17.60324
v -13.97069 -19.49803 -15.39475
v -11.81949 -18.69432 -17.6274
v -13.95139 -19.48257 -15.37058
v -11.88905 -18.19922 -17.83909
v -14.36191 -19.13136 -15.3168
v -11.90835 -18.21468 -17.86326
v -14.3426 -19.1159 -15.29264
v -12.09846 -17.71941 -17.97877
v -14.6749 -18.69025 -15.34897
v -12.11777 -17.73487 -18.00293
v -14.6556 -18.67479 -15.3248
v -12.41146 -17.2783 -18.01093
v -14.88432 -18.21044 -15.48864
v -12.43076 -17.29376 -18.0351
v -14.86501 -18.19498 -15.46447
v -12.80268 -16.91163 -17.93299
v -14.97318 -17.7308 -15.7245
v -12.82198 -16.92709 -17.95715
v -14.95388 -17.71534 -15.70033
v -13.24043 -16.64909 -17.75124
v -14.9343 -17.29019 -16.03744
v -13.25973 -16.66455 -17.77541
v -14.915 -17.27473 -16.01327
v -13.68924 -16.51197 -17.48043
v -14.77082 -16.92431 -16.4021
v -13.70855 -16.52743 -17.5046
v -14.75152 -16.90885 -16.37794
v -14.11277 -16.51137 -17.14249
v -14.49599 -16.66279 -16.78896
v -14.13207 -16.52683 -17.16665
v -14.47668 -16.64733 -16.76479
v -14.83077 -18.81414 -15.53906
v -14.49795 -19.24055 -15.48269
v -14.81148 -18.79869 -15.51491
v -14.51724 -19.256 -15.50684
v -15.04054 -18.3335 -15.67897
v -14.10606 -19.60786 -15.56077
v -15.02125 -18.31805 -15.65482
v -14.12535 -19.62331 -15.58492
v -15.12956 -17.85304 -15.91523
v -13.66756 -19.87084 -15.74282
v -15.11027 -17.83759 -15.89108
v -13.68685 -19.88629 -15.76697
v -15.09061 -17.41168 -16.22871
v -13.21797 -20.0082 -16.0141
v -15.07132 -17.39623 -16.20456
v -13.23726 -20.02365 -16.03825
v -14.92686 -17.04517 -16.594
v -12.79372 -20.0088 -16.35262
v -14.90756 -17.02972 -16.56985
v -12.81301 -20.02426 -16.37677
v -14.65155 -16.7832 -16.98152
v -12.42918 -19.87261 -16.73097
v -14.63226 -16.76775 -16.95737
v -12.44847 -19.88806 -16.75512
v -14.28701 -16.647 -17.35987
v -12.15387 -19.61064 -17.11849
v -14.26772 -16.63155 -17.33572
v -12.17317 -19.62609 -17.14264
v -13.86276 -16.64761 -17.69839
v -11.99012 -19.24413 -17.48378
v -13.84347 -16.63216 -17.67424
v -12.00941 -19.25958 -17.50793
v -13.41317 -16.78497 -17.96967
v -11.95117 -18.80277 -17.79725
v -13.39388 -16.76952 -17.94552
v -11.97046 -18.81822 -17.82141
v -12.97467 -17.04795 -18.15172
v -12.04018 -18.32231 -18.03352
v -12.95538 -17.0325 -18.12757
v -12.05948 -18.33776 -18.05767
v -12.58278 -17.41525 -18.2298
v -12.24996 -17.84167 -18.17343
v -12.56349 -17.3998 -18.20565
v -12.26925 -17.85712 -18.19758
v -13.52487 -18.67406 -16.63172
v -13.54539 -18.55606 -16.73432
v -13.42076 -18.55623 -16.83377
v -13.32548 -18.67434 -16.79082
v -13.72788 -18.53971 -16.5555
v -13.34599 -18.47255 -16.94704
v -13.67229 -18.47208 -16.68667
v -13.20587 -18.54045 -16.97203
v -13.85696 -18.32262 -16.59127
v -13.34965 -18.33696 -17.03086
v -13.75297 -18.33638 -16.70903
v -13.21172 -18.32354 -17.10613
v -13.86281 -18.1057 -16.72537
v -13.43033 -18.20126 -17.05322
v -13.75663 -18.20079 -16.79286
v -13.34079 -18.10645 -17.1419
v -13.74319 -17.97182 -16.90658
v -13.55722 -18.11728 -17.00557
v -13.68186 -18.11711 -16.90612
v -13.5438 -17.9721 -17.06568
v -13.18396 -18.561 -16.61366
v -13.2453 -18.41571 -16.61412
v -13.36993 -18.41554 -16.51467
v -13.38335 -18.56072 -16.45457
v -13.06435 -18.42712 -16.79487
v -13.49682 -18.33156 -16.46703
v -13.17053 -18.33203 -16.72739
v -13.58636 -18.42637 -16.37834
v -13.0702 -18.2102 -16.92897
v -13.57751 -18.19586 -16.48938
v -13.17418 -18.19644 -16.81121
v -13.71544 -18.20928 -16.41411
v -13.19927 -17.99311 -16.96474
v -13.58116 -18.06027 -16.57321
v -13.25486 -18.06074 -16.83357
v -13.72128 -17.99236 -16.54821
v -13.40228 -17.85876 -16.88852
v -13.50639 -17.97659 -16.68648
v -13.38176 -17.97676 -16.78592
v -13.60167 -17.85848 -16.72942
v -14.79879 -17.71956 -15.98767
v -13.67236 -18.13163 -16.50855
v -13.66908 -18.06736 -16.55229
v -14.7955 -17.65529 -16.03141
v -13.80581 -18.2385 -16.6756
v -14.84223 -17.75435 -16.04205
v -14.83894 -17.69008 -16.08579
v -13.80252 -18.17423 -16.71934
v -13.67236 -18.13163 -16.50855
v -14.79879 -17.71956 -15.98767
v -14.84223 -17.75435 -16.04205
v -13.80581 -18.2385 -16.6756
v -13.80252 -18.17423 -16.71934
v -14.83894 -17.69008 -16.08579
v -14.7955 -17.65529 -16.03141
v -13.66908 -18.06736 -16.55229
v -14.70958 -18.28199 -15.69911
v -13.64439 -18.24741 -16.45682
v -13.66603 -18.1778 -16.48407
v -14.73122 -18.21239 -15.72636
v -13.77784 -18.35428 -16.62387
v -14.75303 -18.31678 -15.75349
v -14.77466 -18.24718 -15.78074
v -13.79948 -18.28468 -16.65112
v -13.64439 -18.24741 -16.45682
v -14.70958 -18.28199 -15.69911
v -14.75303 -18.31678 -15.75349
v -13.77784 -18.35428 -16.62387
v -13.79948 -18.28468 -16.65112
v -14.77466 -18.24718 -15.78074
v -14.73122 -18.21239 -15.72636
v -13.66603 -18.1778 -16.48407
v -14.42738 -18.8394 -15.56795
v -13.57874 -18.35794 -16.43856
v -13.622 -18.29361 -16.44515
v -14.47065 -18.77506 -15.57454
v -13.71218 -18.46481 -16.60561
v -14.47082 -18.87419 -15.62233
v -14.51409 -18.80985 -15.62892
v -13.75545 -18.40048 -16.6122
v -13.57874 -18.35794 -16.43856
v -14.42738 -18.8394 -15.56795
v -14.47082 -18.87419 -15.62233
v -13.71218 -18.46481 -16.60561
v -13.75545 -18.40048 -16.6122
v -14.51409 -18.80985 -15.62892
v -14.47065 -18.77506 -15.57454
v -13.622 -18.29361 -16.44515
v -13.99514 -19.30693 -15.61414
v -13.48539 -18.44641 -16.45653
v -13.5437 -18.39713 -16.44147
v -14.05345 -19.25765 -15.59909
v -13.61884 -18.55328 -16.62358
v -14.03858 -19.34172 -15.66852
v -14.09689 -19.29244 -15.65347
v -13.67715 -18.504 -16.60852
v -13.48539 -18.44641 -16.45653
v -13.99514 -19.30693 -15.61414
v -14.03858 -19.34172 -15.66852
v -13.61884 -18.55328 -16.62358
v -13.67715 -18.504 -16.60852
v -14.09689 -19.29244 -15.65347
v -14.05345 -19.25765 -15.59909
v -13.5437 -18.39713 -16.44147
v -13.47867 -19.6134 -15.83066
v -13.37857 -18.49934 -16.508
v -13.44304 -18.47262 -16.47359
v -13.54314 -19.58669 -15.79625
v -13.51202 -18.60621 -16.67505
v -13.52211 -19.64819 -15.88504
v -13.58658 -19.62148 -15.85063
v -13.57649 -18.57949 -16.64064
v -13.37857 -18.49934 -16.508
v -13.47867 -19.6134 -15.83066
v -13.52211 -19.64819 -15.88504
v -13.51202 -18.60621 -16.67505
v -13.57649 -18.57949 -16.64064
v -13.58658 -19.62148 -15.85063
v -13.54314 -19.58669 -15.79625
v -13.44304 -18.47262 -16.47359
v -12.08492 -18.77847 -17.4782
v -13.12135 -18.29432 -16.84464
v -13.12463 -18.35859 -16.8009
v -12.08821 -18.84274 -17.43445
v -13.25479 -18.40119 -17.01169
v -12.12837 -18.81326 -17.53258
v -12.13165 -18.87753 -17.48883
v -13.25808 -18.46546 -16.96795
v -13.12135 -18.29432 -16.84464
v -12.08492 -18.77847 -17.4782
v -12.12837 -18.81326 -17.53258
v -13.25479 -18.40119 -17.01169
v -13.25808 -18.46546 -16.96795
v -12.13165 -18.87753 -17.48883
v -12.08821 -18.84274 -17.43445
v -13.12463 -18.35859 -16.8009
v -12.17413 -18.21604 -17.76675
v -13.14931 -18.17854 -16.89637
v -13.12768 -18.24814 -16.86913
v -12.15249 -18.28564 -17.73951
v -13.28276 -18.28541 -17.06342
v -12.21757 -18.25083 -17.82113
v -12.19593 -18.32043 -17.79389
v -13.26112 -18.35501 -17.03618
v -13.14931 -18.17854 -16.89637
v -12.17413 -18.21604 -17.76675
v -12.21757 -18.25083 -17.82113
v -13.28276 -18.28541 -17.06342
v -13.26112 -18.35501 -17.03618
v -12.19593 -18.32043 -17.79389
v -12.15249 -18.28564 -17.73951
v -13.12768 -18.24814 -16.86913
v -12.45633 -17.65863 -17.89791
v -13.21497 -18.06801 -16.91464
v -13.1717 -18.13234 -16.90804
v -12.41306 -17.72297 -17.89132
v -13.34842 -18.17488 -17.08169
v -12.49977 -17.69342 -17.9523
v -12.4565 -17.75776 -17.9457
v -13.30515 -18.23921 -17.07509
v -13.21497 -18.06801 -16.91464
v -12.45633 -17.65863 -17.89791
v -12.49977 -17.69342 -17.9523
v -13.34842 -18.17488 -17.08169
v -13.30515 -18.23921 -17.07509
v -12.4565 -17.75776 -17.9457
v -12.41306 -17.72297 -17.89132
v -13.1717 -18.13234 -16.90804
v -12.88857 -17.1911 -17.85172
v -13.30831 -17.97954 -16.89667
v -13.25 -18.02882 -16.91172
v -12.83026 -17.24038 -17.86678
v -13.44176 -18.08641 -17.06372
v -12.93201 -17.22589 -17.9061
v -12.8737 -17.27517 -17.92116
v -13.38345 -18.13569 -17.07877
v -13.30831 -17.97954 -16.89667
v -12.88857 -17.1911 -17.85172
v -12.93201 -17.22589 -17.9061
v -13.44176 -18.08641 -17.06372
v -13.38345 -18.13569 -17.07877
v -12.8737 -17.27517 -17.92116
v -12.83026 -17.24038 -17.86678
v -13.25 -18.02882 -16.91172
v -13.40504 -16.88463 -17.6352
v -13.41514 -17.92661 -16.84519
v -13.35066 -17.95333 -16.8796
v -13.34057 -16.91134 -17.66962
v -13.54858 -18.03348 -17.01224
v -13.44848 -16.91942 -17.68958
v -13.38401 -16.94613 -17.724
v -13.48411 -18.0602 -17.04665
v -13.41514 -17.92661 -16.84519
v -13.40504 -16.88463 -17.6352
v -13.44848 -16.91942 -17.68958
v -13.54858 -18.03348 -17.01224
v -13.48411 -18.0602 -17.04665
v -13.38401 -16.94613 -17.724
v -13.34057 -16.91134 -17.66962
v -13.35066 -17.95333 -16.8796
v -13.92712 -16.78587 -17.28132
v -13.51918 -17.91728 -16.76805
v -13.45835 -17.91737 -16.81658
v -13.8663 -16.78596 -17.32985
v -13.65262 -18.02415 -16.9351
v -13.97056 -16.82066 -17.3357
v -13.90974 -16.82075 -17.38424
v -13.5918 -18.02424 -16.98363
v -13.51918 -17.91728 -16.76805
v -13.92712 -16.78587 -17.28132
v -13.97056 -16.82066 -17.3357
v -13.65262 -18.02415 -16.9351
v -13.5918 -18.02424 -16.98363
v -13.90974 -16.82075 -17.38424
v -13.8663 -16.78596 -17.32985
v -13.45835 -17.91737 -16.81658
v -14.37532 -16.90987 -16.84395
v -13.60459 -17.95297 -16.67698
v -13.55668 -17.92641 -16.73225
v -14.32741 -16.88331 -16.89922
v -13.73804 -18.05984 -16.84403
v -14.41876 -16.94466 -16.89833
v -14.37085 -16.9181 -16.9536
v -13.69013 -18.03328 -16.8993
v -13.60459 -17.95297 -16.67698
v -14.37532 -16.90987 -16.84395
v -14.41876 -16.94466 -16.89833
v -13.73804 -18.05984 -16.84403
v -13.69013 -18.03328 -16.8993
v -14.37085 -16.9181 -16.9536
v -14.32741 -16.88331 -16.89922
v -13.55668 -17.92641 -16.73225
v -14.68141 -17.23773 -16.38968
v -13.65839 -18.02823 -16.58586
v -13.63068 -17.97908 -16.63944
v -14.6537 -17.18858 -16.44326
v -13.79183 -18.13511 -16.75291
v -14.72485 -17.27252 -16.44406
v -14.69714 -17.22337 -16.49764
v -13.76412 -18.08595 -16.80649
v -13.65839 -18.02823 -16.58586
v -14.68141 -17.23773 -16.38968
v -14.72485 -17.27252 -16.44406
v -13.79183 -18.13511 -16.75291
v -13.76412 -18.08595 -16.80649
v -14.69714 -17.22337 -16.49764
v -14.6537 -17.18858 -16.44326
v -13.63068 -17.97908 -16.63944
v -12.95659 -19.71216 -16.18454
v -13.27453 -18.50867 -16.58515
v -13.33535 -18.50858 -16.53661
v -13.01741 -19.71207 -16.13601
v -13.40798 -18.61554 -16.7522
v -13.00003 -19.74695 -16.23892
v -13.06085 -19.74686 -16.19039
v -13.4688 -18.61545 -16.70366
v -13.27453 -18.50867 -16.58515
v -12.95659 -19.71216 -16.18454
v -13.00003 -19.74695 -16.23892
v -13.40798 -18.61554 -16.7522
v -13.4688 -18.61545 -16.70366
v -13.06085 -19.74686 -16.19039
v -13.01741 -19.71207 -16.13601
v -13.33535 -18.50858 -16.53661
v -12.50839 -19.58816 -16.62191
v -13.18911 -18.47298 -16.67621
v -13.23702 -18.49954 -16.62095
v -12.5563 -19.61472 -16.56665
v -13.32256 -18.57985 -16.84326
v -12.55183 -19.62295 -16.67629
v -12.59974 -19.64951 -16.62103
v -13.37047 -18.60641 -16.788
v -13.18911 -18.47298 -16.67621
v -12.50839 -19.58816 -16.62191
v -12.55183 -19.62295 -16.67629
v -13.32256 -18.57985 -16.84326
v -13.37047 -18.60641 -16.788
v -12.59974 -19.64951 -16.62103
v -12.5563 -19.61472 -16.56665
v -13.23702 -18.49954 -16.62095
v -12.2023 -19.2603 -17.07618
v -13.13532 -18.39771 -16.76733
v -13.16303 -18.44687 -16.71375
v -12.23001 -19.30945 -17.0226
v -13.26877 -18.50459 -16.93439
v -12.24574 -19.29509 -17.13056
v -12.27345 -19.34424 -17.07698
v -13.29647 -18.55374 -16.8808
v -13.13532 -18.39771 -16.76733
v -12.2023 -19.2603 -17.07618
v -12.24574 -19.29509 -17.13056
v -13.26877 -18.50459 -16.93439
v -13.29647 -18.55374 -16.8808
v -12.27345 -19.34424 -17.07698
v -12.23001 -19.30945 -17.0226
v -13.16303 -18.44687 -16.71375
v -12.08492 -18.77847 -17.4782
v -13.12135 -18.29432 -16.84464
v -13.12463 -18.35859 -16.8009
v -12.08821 -18.84274 -17.43445
v -13.25479 -18.40119 -17.01169
v -12.12837 -18.81326 -17.53258
v -12.13165 -18.87753 -17.48883
v -13.25808 -18.46546 -16.96795
v -13.12135 -18.29432 -16.84464
v -12.08492 -18.77847 -17.4782
v -12.12837 -18.81326 -17.53258
v -13.25479 -18.40119 -17.01169
v -13.25808 -18.46546 -16.96795
v -12.13165 -18.87753 -17.48883
v -12.08821 -18.84274 -17.43445
v -13.12463 -18.35859 -16.8009
v -12.17413 -18.21604 -17.76675
v -13.14931 -18.17854 -16.89637
v -13.12768 -18.24814 -16.86913
v -12.15249 -18.28564 -17.73951
v -13.28276 -18.28541 -17.06342
v -12.21757 -18.25083 -17.82113
v -12.19593 -18.32043 -17.79389
v -13.26112 -18.35501 -17.03618
v -13.14931 -18.17854 -16.89637
v -12.17413 -18.21604 -17.76675
v -12.21757 -18.25083 -17.82113
v -13.28276 -18.28541 -17.06342
v -13.26112 -18.35501 -17.03618
v -12.19593 -18.32043 -17.79389
v -12.15249 -18.28564 -17.73951
v -13.12768 -18.24814 -16.86913
v -17.74166 -18.15693 -13.83089
v -12.27698 -18.16473 -18.19134
v -12.86743 -16.26547 -18.93471
v -18.3321 -16.25768 -14.57425
v -12.27698 -18.16473 -18.19134
v -14.5678 -19.99931 -21.05899
v -15.15825 -18.10005 -21.80235
v -12.86743 -16.26547 -18.93471
v -14.5678 -19.99931 -21.05899
v -20.03247 -19.99151 -16.69853
v -20.62292 -18.09225 -17.4419
v -15.15825 -18.10005 -21.80235
v -20.03247 -19.99151 -16.69853
v -17.74166 -18.15693 -13.83089
v -18.3321 -16.25768 -14.57425
v -20.62292 -18.09225 -17.4419
v -12.27698 -18.16473 -18.19134
v -17.74166 -18.15693 -13.83089
v -20.03247 -19.99151 -16.69853
v -14.5678 -19.99931 -21.05899
v -15.16256 -18.05591 -21.68616
v -14.59022 -19.89692 -20.9656
v -12.40942 -18.15045 -18.23566
v -12.98175 -16.30944 -18.95623
v -14.59022 -19.89692 -20.9656
v -19.90652 -19.88933 -16.72354
v -17.72571 -18.14286 -13.9936
v -12.40942 -18.15045 -18.23566
v -20.47886 -18.04833 -17.44411
v -19.90652 -19.88933 -16.72354
v -14.59022 -19.89692 -20.9656
v -15.16256 -18.05591 -21.68616
v -12.98175 -16.30944 -18.95623
v -12.40942 -18.15045 -18.23566
v -17.72571 -18.14286 -13.9936
v -18.29805 -16.30185 -14.71417
v -18.29805 -16.30185 -14.71417
v -17.72571 -18.14286 -13.9936
v -19.90652 -19.88933 -16.72354
v -20.47886 -18.04833 -17.44411
v -12.86743 -16.26547 -18.93471
v -12.98175 -16.30944 -18.95623
v -18.29805 -16.30185 -14.71417
v -18.3321 -16.25768 -14.57425
v -15.15825 -18.10005 -21.80235
v -20.47886 -18.04833 -17.44411
v -15.16256 -18.05591 -21.68616
v -20.62292 -18.09225 -17.4419
v -11.96642 -18.32047 -18.08742
v -11.83696 -18.2168 -17.92537
v -11.74369 -18.72026 -17.67779
v -11.87314 -18.82393 -17.83984
v -12.18623 -17.81683 -18.23402
v -11.7845 -19.18275 -17.34931
v -12.05678 -17.71316 -18.07197
v -11.91395 -19.28642 -17.51136
v -12.51477 -17.35381 -18.26778
v -11.9561 -19.5668 -16.96654
v -12.38532 -17.25014 -18.10573
v -12.08555 -19.67047 -17.12859
v -12.92542 -16.96893 -18.18597
v -12.24458 -19.84131 -16.56047
v -12.79597 -16.86526 -18.02392
v -12.37403 -19.94498 -16.72252
v -13.38491 -16.69336 -17.9952
v -12.62657 -19.98402 -16.16401
v -13.25546 -16.58968 -17.83315
v -12.75602 -20.08769 -16.32606
v -13.85602 -16.54942 -17.71094
v -13.07113 -19.98339 -15.80929
v -13.72656 -16.44575 -17.54889
v -13.20058 -20.08706 -15.97134
v -14.30057 -16.54879 -17.35621
v -13.54223 -19.83945 -15.52502
v -14.17112 -16.44512 -17.19416
v -13.67169 -19.94312 -15.68707
v -14.68256 -16.6915 -16.95976
v -14.00172 -19.56388 -15.33426
v -14.55311 -16.58783 -16.79771
v -14.13118 -19.66755 -15.49631
v -14.97104 -16.96601 -16.55369
v -14.41237 -19.179 -15.25244
v -14.84159 -16.86234 -16.39164
v -14.54183 -19.28267 -15.41449
v -15.14264 -17.35006 -16.17091
v -14.74091 -18.71598 -15.28621
v -15.01319 -17.24639 -16.00886
v -14.87036 -18.81965 -15.44826
v -15.18345 -17.81255 -15.84243
v -14.96072 -18.21234 -15.43281
v -15.054 -17.70888 -15.68038
v -15.09018 -18.31601 -15.59486
v -13.72656 -16.44575 -17.54889
v -13.70855 -16.52743 -17.5046
v -13.25973 -16.66455 -17.77541
v -13.25546 -16.58968 -17.83315
v -14.17112 -16.44512 -17.19416
v -12.82198 -16.92709 -17.95715
v -14.13207 -16.52683 -17.16665
v -12.79597 -16.86526 -18.02392
v -14.55311 -16.58783 -16.79771
v -12.43076 -17.29376 -18.0351
v -14.49599 -16.66279 -16.78896
v -12.38532 -17.25014 -18.10573
v -14.84159 -16.86234 -16.39164
v -12.11777 -17.73487 -18.00293
v -14.77082 -16.92431 -16.4021
v -12.05678 -17.71316 -18.07197
v -15.01319 -17.24639 -16.00886
v -11.90835 -18.21468 -17.86326
v -14.9343 -17.29019 -16.03744
v -11.83696 -18.2168 -17.92537
v -15.054 -17.70888 -15.68038
v -11.81949 -18.69432 -17.6274
v -14.97318 -17.7308 -15.7245
v -11.74369 -18.72026 -17.67779
v -14.96072 -18.21234 -15.43281
v -11.85837 -19.13493 -17.31446
v -14.88432 -18.21044 -15.48864
v -11.7845 -19.18275 -17.34931
v -14.74091 -18.71598 -15.28621
v -12.02185 -19.50081 -16.94979
v -14.6749 -18.69025 -15.34897
v -11.9561 -19.5668 -16.96654
v -14.41237 -19.179 -15.25244
v -12.29668 -19.76233 -16.56294
v -14.36191 -19.13136 -15.3168
v -12.24458 -19.84131 -16.56047
v -14.00172 -19.56388 -15.33426
v -12.6606 -19.89829 -16.18525
v -13.97069 -19.49803 -15.39475
v -12.62657 -19.98402 -16.16401
v -13.54223 -19.83945 -15.52502
v -13.08412 -19.89769 -15.8473
v -13.53294 -19.76057 -15.57649
v -13.07113 -19.98339 -15.80929
v -11.87314 -18.82393 -17.83984
v -11.95117 -18.80277 -17.79725
v -12.04018 -18.32231 -18.03352
v -11.96642 -18.32047 -18.08742
v -11.91395 -19.28642 -17.51136
v -12.24996 -17.84167 -18.17343
v -11.99012 -19.24413 -17.48378
v -12.18623 -17.81683 -18.23402
v -12.08555 -19.67047 -17.12859
v -12.56349 -17.3998 -18.20565
v -12.15387 -19.61064 -17.11849
v -12.51477 -17.35381 -18.26778
v -12.37403 -19.94498 -16.72252
v -12.95538 -17.0325 -18.12757
v -12.42918 -19.87261 -16.73097
v -12.92542 -16.96893 -18.18597
v -12.75602 -20.08769 -16.32606
v -13.39388 -16.76952 -17.94552
v -12.79372 -20.0088 -16.35262
v -13.38491 -16.69336 -17.9952
v -13.20058 -20.08706 -15.97134
v -13.84347 -16.63216 -17.67424
v -13.21797 -20.0082 -16.0141
v -13.85602 -16.54942 -17.71094
v -13.67169 -19.94312 -15.68707
v -14.26772 -16.63155 -17.33572
v -13.66756 -19.87084 -15.74282
v -14.30057 -16.54879 -17.35621
v -14.13118 -19.66755 -15.49631
v -14.63226 -16.76775 -16.95737
v -14.10606 -19.60786 -15.56077
v -14.68256 -16.6915 -16.95976
v -14.54183 -19.28267 -15.41449
v -14.90756 -17.02972 -16.56985
v -14.49795 -19.24055 -15.48269
v -14.97104 -16.96601 -16.55369
v -14.87036 -18.81965 -15.44826
v -15.07132 -17.39623 -16.20456
v -14.81148 -18.79869 -15.51491
v -15.14264 -17.35006 -16.17091
v -15.09018 -18.31601 -15.59486
v -15.11027 -17.83759 -15.89108
v -15.02125 -18.31805 -15.65482
v -15.18345 -17.81255 -15.84243
f 1141 1142 1143
f 1141 1143 1144
f 1141 1144 1145
f 1141 1145 1146
f 1147 1148 1149
f 1147 1149 1150
f 1151 1152 1153
f 1151 1154 1152
f 1152 1154 1155
f 1152 1155 1156
f 1157 1158 1159
f 1157 1159 1160
f 1161 1157 1160
f 1161 1160 1162
f 1163 1164 1165
f 1163 1166 1164
f 1164 1166 1167
f 1164 1167 1168
f 1169 1170 1171
f 1169 1172 1170
f 1172 1169 1173
f 1172 1173 1174
f 1175 1176 1177
f 1175 1177 1178
f 1179 1180 1181
f 1179 1181 1182
f 1183 1184 1185
f 1183 1185 1186
f 1186 1185 1187
f 1186 1187 1188
f 1189 1190 1191
f 1189 1192 1190
f 1193 1192 1189
f 1193 1194 1192
f 1195 1196 1197
f 1195 1197 1198
f 1198 1197 1199
f 1198 1199 1200
f 1201 1202 1203
f 1201 1203 1204
f 1205 1206 1207
f 1205 1207 1208
f 1209 1210 1211
f 1209 1211 1212
f 1213 1214 1215
f 1213 1215 1216
f 1217 1218 1219
f 1217 1219 1220
f 1221 1222 1223
f 1221 1223 1224
f 1225 1226 1227
f 1225 1227 1228
f 1229 1230 1231
f 1229 1231 1232
f 1233 1234 1235
f 1233 1235 1236
f 1237 1238 1239
f 1237 1239 1240
f 1241 1242 1243
f 1241 1243 1244
f 1245 1246 1247
f 1247 1248 1245
f 1247 1249 1248
f 1249 1250 1248
f 1249 1251 1250
f 1251 1252 1250
f 1251 1253 1252
f 1253 1254 1252
f 1255 1256 1257
f 1255 1257 1258
f 1259 1260 1261
f 1259 1261 1262
f 1263 1264 1265
f 1263 1265 1266
f 1267 1268 1269
f 1267 1269 1270
f 1271 1272 1273
f 1271 1273 1274
f 1275 1276 1277
f 1275 1277 1278
f 1279 1280 1281
f 1279 1281 1282
f 1283 1284 1285
f 1283 1285 1286
f 1287 1288 1289
f 1287 1289 1290
f 1291 1292 1293
f 1291 1293 1294
f 1295 1296 1297
f 1295 1297 1298
f 1299 1300 1301
f 1299 1301 1302
f 1303 1304 1305
f 1303 1305 1306
f 1307 1308 1309
f 1307 1309 1310
f 1311 1312 1313
f 1311 1313 1314
f 1315 1316 1317
f 1315 1317 1318
f 1319 1320 1321
f 1319 1321 1322
f 1323 1324 1325
f 1323 1325 1326
f 1327 1328 1329
f 1327 1329 1330
f 1331 1332 1333
f 1331 1333 1334
f 1335 1336 1337
f 1335 1337 1338
f 1339 1340 1341
f 1339 1341 1342
f 1343 1344 1345
f 1343 1345 1346
f 1347 1348 1349
f 1347 1349 1350
f 1351 1352 1353
f 1351 1353 1354
f 1355 1356 1357
f 1355 1357 1358
f 1359 1360 1361
f 1359 1361 1362
f 1363 1364 1365
f 1363 1365 1366
f 1367 1368 1369
f 1367 1369 1370
f 1371 1372 1373
f 1371 1373 1374
f 1375 1376 1377
f 1377 1378 1375
f 1378 1379 1375
f 1378 1380 1379
f 1380 1381 1379
f 1380 1382 1381
f 1382 1383 1381
f 1382 1384 1383
f 1385 1386 1387
f 1385 1387 1388
f 1389 1390 1391
f 1389 1391 1392
f 1393 1389 1392
f 1393 1392 1394
f 1395 1393 1394
f 1395 1394 1396
f 1397 1395 1396
f 1397 1396 1398
f 1399 1397 1398
f 1399 1398 1400
f 1401 1402 1403
f 1401 1403 1404
f 1405 1406 1407
f 1405 1407 1408
f 1409 1405 1408
f 1409 1408 1410
f 1411 1409 1410
f 1411 1410 1412
f 1413 1411 1412
f 1413 1412 1414
f 1415 1413 1414
f 1415 1414 1416
f 1417 1415 1416
f 1417 1416 1418
f 1419 1417 1418
f 1419 1418 1420
f 1421 1422 1423
f 1421 1424 1422
f 1425 1424 1421
f 1425 1426 1424
f 1427 1426 1425
f 1427 1428 1426
f 1429 1428 1427
f 1429 1430 1428
f 1431 1430 1429
f 1431 1432 1430
f 1433 1432 1431
f 1433 1434 1432
f 1435 1434 1433
f 1435 1436 1434
f 1437 1438 1439
f 1437 1440 1438
f 1441 1440 1437
f 1441 1442 1440
f 1443 1442 1441
f 1443 1444 1442
f 1445 1444 1443
f 1445 1446 1444
f 1447 1446 1445
f 1447 1448 1446
f 1449 1448 1447
f 1449 1450 1448
f 1451 1450 1449
f 1451 1452 1450
f 1453 1454 1455
f 1453 1455 1456
f 1457 1458 1459
f 1457 1459 1460
f 1461 1462 1463
f 1461 1463 1464
f 1465 1466 1467
f 1465 1467 1468
f 1469 1465 1468
f 1469 1468 1470
f 1471 1469 1470
f 1471 1470 1472
f 1473 1471 1472
f 1473 1472 1474
f 1475 1473 1474
f 1475 1474 1476
f 1477 1478 1479
f 1477 1479 1480
f 1481 1482 1483
f 1481 1483 1484
f 1485 1481 1484
f 1485 1484 1486
f 1487 1485 1486
f 1487 1486 1488
f 1489 1487 1488
f 1489 1488 1490
f 1491 1489 1490
f 1491 1490 1492
f 1493 1491 1492
f 1493 1492 1494
f 1495 1493 1494
f 1495 1494 1496
f 1497 1498 1499
f 1497 1500 1498
f 1501 1500 1497
f 1501 1502 1500
f 1503 1502 1501
f 1503 1504 1502
f 1505 1504 1503
f 1505 1506 1504
f 1507 1506 1505
f 1507 1508 1506
f 1509 1508 1507
f 1509 1510 1508
f 1511 1510 1509
f 1511 1512 1510
f 1513 1514 1515
f 1513 1516 1514
f 1517 1516 1513
f 1517 1518 1516
f 1519 1518 1517
f 1519 1520 1518
f 1521 1520 1519
f 1521 1522 1520
f 1523 1522 1521
f 1523 1524 1522
f 1525 1524 1523
f 1525 1526 1524
f 1527 1526 1525
f 1527 1528 1526
f 1529 1530 1531
f 1529 1532 1530
f 1532 1533 1530
f 1532 1534 1533
f 1535 1536 1537
f 1535 1537 1538
f 1539 1535 1538
f 1539 1540 1535
f 1541 1540 1539
f 1541 1539 1542
f 1541 1542 1543
f 1541 1543 1544
f 1543 1545 1544
f 1543 1546 1545
f 1545 1546 1547
f 1545 1547 1548
f 1549 1550 1551
f 1549 1551 1552
f 1553 1554 1555
f 1553 1556 1554
f 1553 1557 1556
f 1553 1558 1557
f 1559 1557 1558
f 1559 1560 1557
f 1559 1561 1560
f 1559 1562 1561
f 1563 1561 1562
f 1563 1564 1561
f 1563 1565 1564
f 1563 1566 1565
f 1567 1568 1569
f 1567 1569 1570
f 1571 1570 1569
f 1571 1569 1572
f 1571 1572 1573
f 1571 1573 1574
f 1575 1574 1573
f 1575 1573 1576
f 1575 1576 1577
f 1575 1577 1578
f 1579 1578 1577
f 1579 1577 1580
f 1581 1582 1583
f 1581 1584 1582
f 1582 1584 1585
f 1582 1585 1586
f 1585 1587 1586
f 1585 1588 1587
f 1589 1587 1588
f 1589 1590 1587
f 1591 1590 1589
f 1591 1589 1592
f 1593 1591 1592
f 1593 1594 1591
f 1595 1596 1597
f 1595 1597 1598
f 1599 1600 1601
f 1599 1601 1602
f 1603 1599 1602
f 1603 1602 1604
f 1605 1603 1604
f 1605 1604 1606
f 1607 1605 1606
f 1607 1606 1608
f 1607 1608 1609
f 1607 1609 1610
f 1610 1609 1611
f 1610 1611 1612
f 1612 1611 1613
f 1612 1613 1614
f 1614 1613 1615
f 1614 1615 1616
f 1617 1618 1619
f 1617 1620 1618
f 1621 1620 1617
f 1621 1622 1620
f 1623 1622 1621
f 1623 1624 1622
f 1625 1624 1623
f 1625 1626 1624
f 1625 1627 1626
f 1625 1628 1627
f 1628 1629 1627
f 1628 1630 1629
f 1630 1631 1629
f 1630 1632 1631
f 1632 1633 1631
f 1632 1634 1633
f 1635 1636 1637
f 1635 1637 1638
f 1638 1637 1639
f 1638 1639 1640
f 1640 1639 1641
f 1640 1641 1642
f 1642 1641 1643
f 1642 1643 1644
f 1645 1644 1643
f 1645 1643 1646
f 1647 1645 1646
f 1647 1646 1648
f 1649 1647 1648
f 1649 1648 1650
f 1651 1649 1650
f 1651 1650 1652
f 1653 1654 1655
f 1653 1656 1654
f 1656 1657 1654
f 1656 1658 1657
f 1659 1660 1661
f 1659 1662 1660
f 1662 1663 1660
f 1662 1664 1663
f 1665 1663 1664
f 1665 1666 1663
f 1667 1666 1665
f 1667 1668 1666
f 1669 1670 1671
f 1669 1672 1670
f 1673 1672 1669
f 1673 1669 1674
f 1675 1673 1674
f 1675 1676 1673
f 1675 1677 1676
f 1675 1678 1677
f 1677 1678 1679
f 1677 1679 1680
f 1679 1681 1680
f 1679 1682 1681
f 1683 1684 1685
f 1683 1685 1686
f 1687 1688 1689
f 1687 1689 1690
f 1687 1690 1691
f 1687 1691 1692
f 1693 1692 1691
f 1693 1691 1694
f 1693 1694 1695
f 1693 1695 1696
f 1697 1696 1695
f 1697 1695 1698
f 1697 1698 1699
f 1697 1699 1700
f 1701 1702 1703
f 1701 1704 1702
f 1705 1702 1704
f 1705 1706 1702
f 1705 1707 1706
f 1705 1708 1707
f 1709 1707 1708
f 1709 1710 1707
f 1709 1711 1710
f 1709 1712 1711
f 1713 1711 1712
f 1713 1714 1711
f 1715 1716 1717
f 1715 1717 1718
f 1717 1719 1718
f 1717 1720 1719
f 1719 1720 1721
f 1719 1721 1722
f 1723 1722 1721
f 1723 1721 1724
f 1725 1723 1724
f 1725 1726 1723
f 1727 1726 1725
f 1727 1725 1728
f 1729 1730 1731
f 1729 1731 1732
f 1733 1734 1735
f 1733 1736 1734
f 1737 1736 1733
f 1737 1738 1736
f 1739 1738 1737
f 1739 1740 1738
f 1741 1740 1739
f 1741 1742 1740
f 1741 1743 1742
f 1741 1744 1743
f 1744 1745 1743
f 1744 1746 1745
f 1746 1747 1745
f 1746 1748 1747
f 1748 1749 1747
f 1748 1750 1749
f 1751 1752 1753
f 1751 1753 1754
f 1755 1751 1754
f 1755 1754 1756
f 1757 1755 1756
f 1757 1756 1758
f 1759 1757 1758
f 1759 1758 1760
f 1759 1760 1761
f 1759 1761 1762
f 1762 1761 1763
f 1762 1763 1764
f 1764 1763 1765
f 1764 1765 1766
f 1766 1765 1767
f 1766 1767 1768
f 1769 1770 1771
f 1769 1772 1770
f 1772 1773 1770
f 1772 1774 1773
f 1774 1775 1773
f 1774 1776 1775
f 1776 1777 1775
f 1776 1778 1777
f 1779 1777 1778
f 1779 1780 1777
f 1781 1780 1779
f 1781 1782 1780
f 1783 1782 1781
f 1783 1784 1782
f 1785 1784 1783
f 1785 1786 1784
f 1787 1788 1789
f 1787 1789 1790
f 1790 1789 1791
f 1790 1791 1792
f 1793 1794 1795
f 1793 1795 1796
f 1796 1795 1797
f 1796 1797 1798
f 1799 1798 1797
f 1799 1797 1800
f 1801 1799 1800
f 1801 1800 1802
f 1803 1804 1805
f 1803 1805 1806
f 1807 1808 1809
f 1807 1809 1810
f 1811 1807 1810
f 1811 1810 1812
f 1813 1811 1812
f 1813 1812 1814
f 1815 1813 1814
f 1815 1814 1816
f 1817 1815 1816
f 1817 1816 1818
f 1819 1820 1821
f 1819 1821 1822
f 1823 1824 1825
f 1823 1825 1826
f 1827 1823 1826
f 1827 1826 1828
f 1829 1827 1828
f 1829 1828 1830
f 1831 1829 1830
f 1831 1830 1832
f 1833 1831 1832
f 1833 1832 1834
f 1835 1833 1834
f 1835 1834 1836
f 1837 1835 1836
f 1837 1836 1838
f 1839 1840 1841
f 1839 1842 1840
f 1843 1842 1839
f 1843 1844 1842
f 1845 1844 1843
f 1845 1846 1844
f 1847 1846 1845
f 1847 1848 1846
f 1849 1848 1847
f 1849 1850 1848
f 1851 1850 1849
f 1851 1852 1850
f 1853 1852 1851
f 1853 1854 1852
f 1855 1856 1857
f 1855 1858 1856
f 1859 1858 1855
f 1859 1860 1858
f 1861 1860 1859
f 1861 1862 1860
f 1863 1862 1861
f 1863 1864 1862
f 1865 1864 1863
f 1865 1866 1864
f 1867 1866 1865
f 1867 1868 1866
f 1869 1868 1867
f 1869 1870 1868
f 1871 1872 1873
f 1871 1874 1872
f 1874 1875 1872
f 1874 1876 1875
f 1877 1878 1879
f 1877 1879 1880
f 1881 1882 1883
f 1881 1883 1884
f 1885 1881 1884
f 1885 1884 1886
f 1887 1888 1889
f 1887 1890 1888
f 1891 1890 1887
f 1891 1892 1890
f 1893 1892 1891
f 1893 1894 1892
f 1895 1894 1893
f 1895 1896 1894
f 1895 1897 1896
f 1895 1898 1897
f 1898 1899 1897
f 1898 1900 1899
f 1900 1901 1899
f 1900 1902 1901
f 1902 1903 1901
f 1902 1904 1903
f 1905 1906 1907
f 1905 1907 1908
f 1908 1907 1909
f 1908 1909 1910
f 1910 1909 1911
f 1910 1911 1912
f 1912 1911 1913
f 1912 1913 1914
f 1915 1914 1913
f 1915 1913 1916
f 1917 1915 1916
f 1917 1916 1918
f 1919 1917 1918
f 1919 1918 1920
f 1921 1919 1920
f 1921 1920 1922
f 1923 1924 1925
f 1923 1926 1924
f 1926 1927 1924
f 1926 1928 1927
f 1929 1930 1931
f 1929 1931 1932
f 1933 1934 1935
f 1933 1936 1934
f 1936 1937 1934
f 1936 1938 1937
f 1939 1937 1938
f 1939 1940 1937
f 1941 1940 1939
f 1941 1942 1940
f 1943 1944 1945
f 1943 1945 1946
f 1943 1946 1947
f 1943 1947 1948
f 1949 1950 1951
f 1949 1951 1952
f 1953 1954 1955
f 1953 1955 1956
f 1957 1953 1956
f 1957 1956 1958
f 1959 1957 1958
f 1959 1958 1960
f 1959 1960 1961
f 1959 1961 1962
f 1962 1961 1963
f 1962 1963 1964
f 1964 1963 1965
f 1964 1965 1966
f 1967 1968 1969
f 1967 1970 1968
f 1971 1970 1967
f 1971 1972 1970
f 1973 1972 1971
f 1973 1974 1972
f 1973 1975 1974
f 1973 1976 1975
f 1976 1977 1975
f 1976 1978 1977
f 1978 1979 1977
f 1978 1980 1979
f 1981 1982 1983
f 1981 1983 1984
f 1984 1983 1985
f 1984 1985 1986
f 1986 1985 1987
f 1986 1987 1988
f 1989 1988 1987
f 1989 1987 1990
f 1991 1989 1990
f 1991 1990 1992
f 1993 1991 1992
f 1993 1992 1994
f 1995 1996 1997
f 1995 1998 1996
f 1998 1999 1996
f 1998 2000 1999
f 2000 2001 1999
f 2000 2002 2001
f 2003 2001 2002
f 2003 2004 2001
f 2005 2004 2003
f 2005 2006 2004
f 2007 2006 2005
f 2007 2008 2006
f 2009 2010 2011
f 2009 2011 2012
f 2013 2014 2015
f 2013 2016 2014
f 2017 2016 2013
f 2017 2018 2016
f 2019 2018 2017
f 2019 2020 2018
f 2021 2020 2019
f 2021 2022 2020
f 2023 2022 2021
f 2023 2024 2022
f 2025 2026 2027
f 2025 2027 2028
f 2029 2030 2031
f 2029 2032 2030
f 2033 2032 2029
f 2033 2034 2032
f 2035 2034 2033
f 2035 2036 2034
f 2037 2036 2035
f 2037 2038 2036
f 2039 2038 2037
f 2039 2040 2038
f 2041 2040 2039
f 2041 2042 2040
f 2043 2042 2041
f 2043 2044 2042
f 2045 2046 2047
f 2045 2047 2048
f 2049 2045 2048
f 2049 2048 2050
f 2051 2049 2050
f 2051 2050 2052
f 2053 2051 2052
f 2053 2052 2054
f 2055 2053 2054
f 2055 2054 2056
f 2057 2055 2056
f 2057 2056 2058
f 2059 2057 2058
f 2059 2058 2060
f 2061 2062 2063
f 2061 2063 2064
f 2065 2061 2064
f 2065 2064 2066
f 2067 2065 2066
f 2067 2066 2068
f 2069 2067 2068
f 2069 2068 2070
f 2071 2069 2070
f 2071 2070 2072
f 2073 2071 2072
f 2073 2072 2074
f 2075 2073 2074
f 2075 2074 2076
f 2077 2078 2079
f 2077 2079 2080
f 2081 2082 2083
f 2081 2083 2084
f 2085 2086 2087
f 2085 2087 2088
f 2089 2090 2091
f 2089 2092 2090
f 2093 2092 2089
f 2093 2094 2092
f 2095 2094 2093
f 2095 2096 2094
f 2097 2096 2095
f 2097 2098 2096
f 2099 2098 2097
f 2099 2100 2098
f 2101 2102 2103
f 2101 2103 2104
f 2105 2106 2107
f 2105 2108 2106
f 2109 2108 2105
f 2109 2110 2108
f 2111 2110 2109
f 2111 2112 2110
f 2113 2112 2111
f 2113 2114 2112
f 2115 2114 2113
f 2115 2116 2114
f 2117 2116 2115
f 2117 2118 2116
f 2119 2118 2117
f 2119 2120 2118
f 2121 2122 2123
f 2121 2123 2124
f 2125 2121 2124
f 2125 2124 2126
f 2127 2125 2126
f 2127 2126 2128
f 2129 2127 2128
f 2129 2128 2130
f 2131 2129 2130
f 2131 2130 2132
f 2133 2131 2132
f 2133 2132 2134
f 2135 2133 2134
f 2135 2134 2136
f 2137 2138 2139
f 2137 2139 2140
f 2141 2137 2140
f 2141 2140 2142
f 2143 2141 2142
f 2143 2142 2144
f 2145 2143 2144
f 2145 2144 2146
f 2147 2145 2146
f 2147 2146 2148
f 2149 2147 2148
f 2149 2148 2150
f 2151 2149 2150
f 2151 2150 2152
f 2153 2154 2155
f 2153 2155 2156
f 2156 2155 2157
f 2156 2157 2158
f 2159 2160 2161
f 2159 2161 2162
f 2163 2164 2165
f 2163 2165 2166
f 2167 2168 2169
f 2167 2169 2170
f 2170 2169 2171
f 2170 2171 2172
f 2173 2174 2175
f 2173 2175 2176
f 2177 2178 2179
f 2177 2179 2180
f 2181 2182 2183
f 2181 2184 2182
f 2184 2185 2182
f 2184 2186 2185
f 2187 2188 2189
f 2187 2189 2190
f 2191 2192 2193
f 2191 2194 2192
f 2195 2194 2191
f 2195 2196 2194
f 2197 2196 2195
f 2197 2198 2196
f 2199 2198 2197
f 2199 2200 2198
f 2201 2200 2199
f 2201 2202 2200
f 2203 2204 2205
f 2203 2205 2206
f 2207 2208 2209
f 2207 2210 2208
f 2211 2210 2207
f 2211 2212 2210
f 2213 2212 2211
f 2213 2214 2212
f 2215 2214 2213
f 2215 2216 2214
f 2217 2216 2215
f 2217 2218 2216
f 2219 2218 2217
f 2219 2220 2218
f 2221 2220 2219
f 2221 2222 2220
f 2223 2224 2225
f 2223 2225 2226
f 2227 2223 2226
f 2227 2226 2228
f 2229 2227 2228
f 2229 2228 2230
f 2231 2229 2230
f 2231 2230 2232
f 2233 2231 2232
f 2233 2232 2234
f 2235 2233 2234
f 2235 2234 2236
f 2237 2235 2236
f 2237 2236 2238
f 2239 2240 2241
f 2239 2241 2242
f 2243 2239 2242
f 2243 2242 2244
f 2245 2243 2244
f 2245 2244 2246
f 2247 2245 2246
f 2247 2246 2248
f 2249 2247 2248
f 2249 2248 2250
f 2251 2249 2250
f 2251 2250 2252
f 2253 2251 2252
f 2253 2252 2254
f 2255 2256 2257
f 2255 2257 2258
f 2258 2257 2259
f 2258 2259 2260
f 2261 2262 2263
f 2261 2263 2264
f 2265 2266 2267
f 2265 2268 2266
f 2269 2268 2265
f 2269 2270 2268
f 2271 2272 2273
f 2271 2273 2274
f 2274 2273 2275
f 2274 2275 2276
f 2277 2278 2279
f 2277 2279 2280
f 2281 2282 2283
f 2281 2283 2284
f 2285 2286 2287
f 2285 2287 2288
f 2289 2290 2291
f 2289 2291 2292
f 2293 2294 2295
f 2293 2295 2296
f 2297 2298 2299
f 2297 2299 2300
f 2301 2302 2303
f 2301 2303 2304
f 2305 2306 2307
f 2305 2307 2308
f 2309 2310 2311
f 2309 2311 2312
f 2310 2313 2311
f 2314 2309 2312
f 2310 2315 2313
f 2314 2312 2316
f 2315 2317 2313
f 2318 2314 2316
f 2315 2319 2317
f 2318 2316 2320
f 2319 2321 2317
f 2322 2318 2320
f 2319 2323 2321
f 2322 2320 2324
f 2323 2325 2321
f 2326 2322 2324
f 2323 2327 2325
f 2326 2324 2328
f 2327 2329 2325
f 2330 2326 2328
f 2327 2331 2329
f 2330 2328 2332
f 2331 2333 2329
f 2334 2330 2332
f 2331 2335 2333
f 2334 2332 2336
f 2335 2337 2333
f 2338 2334 2336
f 2335 2339 2337
f 2338 2336 2340
f 2339 2341 2337
f 2342 2338 2340
f 2339 2343 2341
f 2342 2340 2344
f 2343 2345 2341
f 2346 2342 2344
f 2343 2347 2345
f 2346 2344 2348
f 2347 2349 2345
f 2350 2346 2348
f 2347 2351 2349
f 2350 2348 2352
f 2351 2350 2352
f 2351 2352 2349
f 2353 2354 2355
f 2353 2356 2354
f 2355 2354 2357
f 2358 2356 2353
f 2355 2357 2359
f 2358 2360 2356
f 2359 2357 2361
f 2362 2360 2358
f 2359 2361 2363
f 2362 2364 2360
f 2363 2361 2365
f 2366 2364 2362
f 2363 2365 2367
f 2366 2368 2364
f 2367 2365 2369
f 2370 2368 2366
f 2367 2369 2371
f 2370 2372 2368
f 2371 2369 2373
f 2374 2372 2370
f 2371 2373 2375
f 2374 2376 2372
f 2375 2373 2377
f 2378 2376 2374
f 2375 2377 2379
f 2378 2380 2376
f 2379 2377 2381
f 2382 2380 2378
f 2379 2381 2383
f 2382 2384 2380
f 2383 2381 2385
f 2386 2384 2382
f 2383 2385 2387
f 2386 2388 2384
f 2387 2385 2389
f 2390 2388 2386
f 2387 2389 2391
f 2390 2392 2388
f 2391 2389 2393
f 2394 2392 2390
f 2391 2393 2395
f 2394 2396 2392
f 2395 2393 2396
f 2395 2396 2394
f 2397 2398 2399
f 2397 2400 2398
f 2399 2398 2401
f 2402 2400 2397
f 2399 2401 2403
f 2402 2404 2400
f 2403 2401 2405
f 2406 2404 2402
f 2403 2405 2407
f 2406 2408 2404
f 2407 2405 2409
f 2410 2408 2406
f 2407 2409 2411
f 2410 2412 2408
f 2411 2409 2413
f 2414 2412 2410
f 2411 2413 2415
f 2414 2416 2412
f 2415 2413 2417
f 2418 2416 2414
f 2415 2417 2419
f 2418 2420 2416
f 2419 2417 2421
f 2422 2420 2418
f 2419 2421 2423
f 2422 2424 2420
f 2423 2421 2425
f 2426 2424 2422
f 2423 2425 2427
f 2426 2428 2424
f 2427 2425 2429
f 2430 2428 2426
f 2427 2429 2431
f 2430 2432 2428
f 2431 2429 2433
f 2434 2432 2430
f 2431 2433 2435
f 2434 2436 2432
f 2435 2433 2437
f 2438 2436 2434
f 2435 2437 2439
f 2438 2440 2436
f 2439 2437 2440
f 2439 2440 2438
f 2441 2442 2443
f 2441 2444 2442
f 2445 2441 2443
f 2444 2446 2442
f 2445 2443 2447
f 2444 2448 2446
f 2449 2445 2447
f 2448 2450 2446
f 2449 2447 2451
f 2448 2452 2450
f 2453 2449 2451
f 2452 2454 2450
f 2453 2451 2455
f 2452 2456 2454
f 2457 2453 2455
f 2456 2458 2454
f 2457 2455 2459
f 2456 2460 2458
f 2461 2457 2459
f 2460 2462 2458
f 2461 2459 2463
f 2460 2464 2462
f 2465 2461 2463
f 2464 2466 2462
f 2465 2463 2467
f 2464 2468 2466
f 2469 2465 2467
f 2468 2470 2466
f 2469 2467 2471
f 2468 2472 2470
f 2473 2469 2471
f 2472 2474 2470
f 2473 2471 2475
f 2472 2476 2474
f 2477 2473 2475
f 2476 2478 2474
f 2477 2475 2479
f 2476 2480 2478
f 2481 2477 2479
f 2480 2482 2478
f 2481 2479 2483
f 2480 2484 2482
f 2484 2481 2483
f 2484 2483 2482
f 2485 2486 2487
f 2485 2488 2486
f 2489 2485 2487
f 2488 2490 2486
f 2489 2487 2491
f 2488 2492 2490
f 2493 2489 2491
f 2492 2494 2490
f 2493 2491 2495
f 2492 2496 2494
f 2497 2493 2495
f 2496 2498 2494
f 2497 2495 2499
f 2496 2500 2498
f 2501 2497 2499
f 2500 2502 2498
f 2501 2499 2503
f 2500 2504 2502
f 2505 2501 2503
f 2504 2506 2502
f 2505 2503 2507
f 2504 2508 2506
f 2509 2505 2507
f 2508 2510 2506
f 2509 2507 2511
f 2508 2512 2510
f 2513 2509 2511
f 2512 2514 2510
f 2513 2511 2515
f 2512 2516 2514
f 2517 2513 2515
f 2516 2518 2514
f 2517 2515 2519
f 2516 2520 2518
f 2521 2517 2519
f 2520 2522 2518
f 2521 2519 2523
f 2520 2524 2522
f 2525 2521 2523
f 2524 2526 2522
f 2525 2523 2527
f 2524 2528 2526
f 2528 2525 2527
f 2528 2527 2526
f 2529 2530 2531
f 2529 2531 2532
f 2533 2530 2529
f 2532 2531 2534
f 2533 2535 2530
f 2532 2534 2536
f 2537 2535 2533
f 2536 2534 2538
f 2537 2539 2535
f 2536 2538 2540
f 2541 2539 2537
f 2540 2538 2542
f 2541 2543 2539
f 2540 2542 2544
f 2545 2543 2541
f 2544 2542 2546
f 2545 2547 2543
f 2544 2546 2548
f 2548 2547 2545
f 2548 2546 2547
f 2549 2550 2551
f 2549 2551 2552
f 2553 2550 2549
f 2552 2551 2554
f 2553 2555 2550
f 2552 2554 2556
f 2557 2555 2553
f 2556 2554 2558
f 2557 2559 2555
f 2556 2558 2560
f 2561 2559 2557
f 2560 2558 2562
f 2561 2563 2559
f 2560 2562 2564
f 2565 2563 2561
f 2564 2562 2566
f 2565 2567 2563
f 2564 2566 2568
f 2568 2567 2565
f 2568 2566 2567
f 2569 2570 2571
f 2569 2571 2572
f 2573 2574 2575
f 2573 2575 2576
f 2577 2578 2579
f 2577 2579 2580
f 2581 2582 2583
f 2581 2583 2584
f 2585 2586 2587
f 2585 2587 2588
f 2589 2590 2591
f 2589 2591 2592
f 2593 2594 2595
f 2593 2595 2596
f 2597 2598 2599
f 2597 2599 2600
f 2601 2602 2603
f 2601 2603 2604
f 2605 2606 2607
f 2605 2607 2608
f 2609 2610 2611
f 2609 2611 2612
f 2613 2614 2615
f 2613 2615 2616
f 2617 2618 2619
f 2617 2619 2620
f 2621 2622 2623
f 2621 2623 2624
f 2625 2626 2627
f 2625 2627 2628
f 2629 2630 2631
f 2629 2631 2632
f 2633 2634 2635
f 2633 2635 2636
f 2637 2638 2639
f 2637 2639 2640
f 2641 2642 2643
f 2641 2643 2644
f 2645 2646 2647
f 2645 2647 2648
f 2649 2650 2651
f 2649 2651 2652
f 2653 2654 2655
f 2653 2655 2656
f 2657 2658 2659
f 2657 2659 2660
f 2661 2662 2663
f 2661 2663 2664
f 2665 2666 2667
f 2665 2667 2668
f 2669 2670 2671
f 2669 2671 2672
f 2673 2674 2675
f 2673 2675 2676
f 2677 2678 2679
f 2677 2679 2680
f 2681 2682 2683
f 2681 2683 2684
f 2685 2686 2687
f 2685 2687 2688
f 2689 2690 2691
f 2689 2691 2692
f 2693 2694 2695
f 2693 2695 2696
f 2697 2698 2699
f 2697 2699 2700
f 2701 2702 2703
f 2701 2703 2704
f 2705 2706 2707
f 2705 2707 2708
f 2709 2710 2711
f 2709 2711 2712
f 2713 2714 2715
f 2713 2715 2716
f 2717 2718 2719
f 2717 2719 2720
f 2721 2722 2723
f 2721 2723 2724
f 2725 2726 2727
f 2725 2727 2728
f 2729 2730 2731
f 2729 2731 2732
f 2733 2734 2735
f 2733 2735 2736
f 2737 2738 2739
f 2737 2739 2740
f 2741 2742 2743
f 2741 2743 2744
f 2745 2746 2747
f 2745 2747 2748
f 2749 2750 2751
f 2749 2751 2752
f 2753 2754 2755
f 2753 2755 2756
f 2757 2758 2759
f 2757 2759 2760
f 2761 2762 2763
f 2761 2763 2764
f 2765 2766 2767
f 2765 2767 2768
f 2769 2770 2771
f 2769 2771 2772
f 2773 2774 2775
f 2773 2775 2776
f 2777 2778 2779
f 2777 2779 2780
f 2781 2782 2783
f 2781 2783 2784
f 2785 2786 2787
f 2785 2787 2788
f 2789 2790 2791
f 2789 2791 2792
f 2793 2794 2795
f 2793 2795 2796
f 2797 2798 2799
f 2797 2799 2800
f 2801 2802 2803
f 2801 2803 2804
f 2805 2806 2807
f 2805 2807 2808
f 2809 2810 2811
f 2809 2811 2812
f 2813 2814 2815
f 2813 2815 2816
f 2817 2818 2819
f 2817 2819 2820
f 2821 2822 2823
f 2821 2823 2824
f 2825 2826 2827
f 2825 2827 2828
f 2829 2830 2831
f 2829 2831 2832
f 2833 2834 2835
f 2833 2835 2836
f 2837 2838 2839
f 2837 2839 2840
f 2841 2842 2843
f 2841 2843 2844
f 2845 2846 2847
f 2845 2847 2848
f 2849 2850 2851
f 2849 2851 2852
f 2853 2854 2855
f 2853 2855 2856
f 2857 2858 2859
f 2857 2859 2860
f 2861 2862 2863
f 2861 2863 2864
f 2865 2866 2867
f 2865 2867 2868
f 2869 2870 2871
f 2869 2871 2872
f 2873 2874 2875
f 2873 2875 2876
f 2877 2878 2879
f 2877 2879 2880
f 2881 2882 2883
f 2881 2883 2884
f 2885 2886 2887
f 2885 2887 2888
f 2889 2890 2891
f 2889 2891 2892
f 2893 2894 2895
f 2893 2895 2896
f 2897 2898 2899
f 2897 2899 2900
f 2901 2898 2897
f 2900 2899 2902
f 2901 2903 2898
f 2900 2902 2904
f 2904 2903 2901
f 2904 2902 2903
f 2905 2906 2907
f 2905 2907 2908
f 2909 2906 2905
f 2908 2907 2910
f 2909 2911 2906
f 2908 2910 2912
f 2913 2911 2909
f 2912 2910 2914
f 2913 2915 2911
f 2912 2914 2916
f 2917 2915 2913
f 2916 2914 2918
f 2917 2919 2915
f 2916 2918 2920
f 2921 2919 2917
f 2920 2918 2922
f 2921 2923 2919
f 2920 2922 2924
f 2925 2923 2921
f 2924 2922 2926
f 2925 2927 2923
f 2924 2926 2928
f 2929 2927 2925
f 2928 2926 2930
f 2929 2931 2927
f 2928 2930 2932
f 2933 2931 2929
f 2932 2930 2934
f 2933 2935 2931
f 2932 2934 2936
f 2937 2935 2933
f 2936 2934 2938
f 2937 2939 2935
f 2936 2938 2940
f 2941 2939 2937
f 2940 2938 2942
f 2941 2943 2939
f 2940 2942 2944
f 2945 2943 2941
f 2944 2942 2946
f 2945 2947 2943
f 2944 2946 2948
f 2948 2947 2945
f 2948 2946 2947
f 2949 2950 2951
f 2949 2951 2952
f 2953 2950 2949
f 2952 2951 2954
f 2953 2955 2950
f 2952 2954 2956
f 2957 2955 2953
f 2956 2954 2958
f 2957 2959 2955
f 2956 2958 2960
f 2961 2959 2957
f 2960 2958 2962
f 2961 2963 2959
f 2960 2962 2964
f 2965 2963 2961
f 2964 2962 2966
f 2965 2967 2963
f 2964 2966 2968
f 2969 2967 2965
f 2968 2966 2970
f 2969 2971 2967
f 2968 2970 2972
f 2973 2971 2969
f 2972 2970 2974
f 2973 2975 2971
f 2972 2974 2976
f 2977 2975 2973
f 2976 2974 2978
f 2977 2979 2975
f 2976 2978 2980
f 2981 2979 2977
f 2980 2978 2982
f 2981 2983 2979
f 2980 2982 2984
f 2985 2983 2981
f 2984 2982 2986
f 2985 2987 2983
f 2984 2986 2988
f 2989 2987 2985
f 2988 2986 2990
f 2989 2991 2987
f 2988 2990 2992
f 2992 2991 2989
f 2992 2990 2991
f 2993 2994 2995
f 2993 2995 2996
f 2997 2994 2993
f 2996 2995 2998
f 2997 2999 2994
f 2996 2998 3000
f 3001 2999 2997
f 3000 2998 3002
f 3001 3003 2999
f 3000 3002 3004
f 3005 3003 3001
f 3004 3002 3006
f 3005 3007 3003
f 3004 3006 3008
f 3009 3007 3005
f 3008 3006 3010
f 3009 3011 3007
f 3008 3010 3012
f 3013 3011 3009
f 3012 3010 3014
f 3013 3015 3011
f 3012 3014 3016
f 3017 3015 3013
f 3016 3014 3018
f 3017 3019 3015
f 3016 3018 3020
f 3021 3019 3017
f 3020 3018 3022
f 3021 3023 3019
f 3020 3022 3024
f 3025 3023 3021
f 3024 3022 3026
f 3025 3027 3023
f 3024 3026 3028
f 3029 3027 3025
f 3028 3026 3030
f 3029 3031 3027
f 3028 3030 3032
f 3033 3031 3029
f 3032 3030 3034
f 3033 3035 3031
f 3032 3034 3036
f 3036 3035 3033
f 3036 3034 3035
v 22 -16 22
v 22 -20 22
v 2 -16 22
v 2 -20 22
v 2 -16 -22
v 2 -20 -22
v 22 -20 -22
v 22 -16 -22
v 22 19 22
v 22 -12 22
v 2 19 22
v 2 -12 22
v 2 19 -22
v 2 -11 -22
v 22 -12 -22
v 22 19 -22
v 0 -20 22
v 0 -16 22
v 0 -20 -22
v 0 -16 -22
v 0 -12 22
v 0 19 22
v 0 -11 -22
v 0 19 -22
v -14 -16 22
v -22 -20 22
v -22 -16 22
v -14 -20 22
v -22 -20 -22
v -14 -20 -22
v -14 -16 -22
v -22 -16 -22
v -14 19 22
v -22 -12 22
v -22 19 22
v -14 -12 22
v -22 -12 -22
v -14 -11.5 -22
v -22 19 -22
v -14 19 -22
v 22 -16 14
v 22 -20 22
v 22 -16 22
v 22 -20 14
v -22 -20 22
v -22 -20 14
v -22 -16 14
v -22 -16 22
v 22 19 14
v 22 -12 22
v 22 19 22
v 22 -12 14
v -22 -12 22
v -22 -12 14
v -22 19 14
v -22 19 22
v 2 19 22
v 22 19 14
v 22 19 22
v 2 19 14
v 0 19 22
v 0 19 14
v -22 19 22
v -14 19 14
v -14 19 22
v -22 19 14
v -4 -20 22
v -4 -16 22
v -4 -20 -22
v -4 -16 -22
v -4 -12 22
v -4 19 22
v -4 -11.25 -22
v -4 19 -22
v -4 19 22
v -4 19 14
v 22 -16 -22
v 22 -20 6
v 22 -16 6
v 22 -20 -22
v -22 -20 6
v -22 -20 -22
v -22 -16 -22
v -22 -16 6
v 22 19 -22
v 22 -12 6
v 22 19 6
v 22 -12 -22
v -22 -12 6
v -22 -12 -22
v -22 19 -22
v -22 19 6
v 2 19 6
v 22 19 -22
v 22 19 6
v 2 19 -22
v 0 19 6
v 0 19 -22
v -22 19 6
v -14 19 -22
v -14 19 6
v -22 19 -22
v -4 19 6
v -4 19 -22
v -10 -16 22
v -10 -20 22
v -10 -20 -22
v -10 -16 -22
v -10 19 22
v -10 -12 22
v -10 -11.375 -22
v -10 19 -22
v -10 19 22
v -10 19 14
v -10 19 6
v -10 19 -22
v 22 -16 12
v 22 -20 12
v -22 -20 12
v -22 -16 12
v 22 19 12
v 22 -12 12
v -22 -12 12
v -22 19 12
v 2 19 12
v 22 19 12
v 0 19 12
v -22 19 12
v -14 19 12
v -4 19 12
v -10 19 12
v 22 -20 14
v 2 -20 14
v 2 -20 22
v 22 -20 22
v 0 -20 14
v 0 -20 22
v -14 -20 14
v -22 -20 14
v -22 -20 22
v -14 -20 22
v -4 -20 14
v -4 -20 22
v 22 -20 -22
v 2 -20 -22
v 2 -20 6
v 22 -20 6
v 0 -20 -22
v 0 -20 6
v -14 -20 -22
v -22 -20 -22
v -22 -20 6
v -14 -20 6
v -4 -20 -22
v -4 -20 6
v -10 -20 14
v -10 -20 22
v -10 -20 -22
v -10 -20 6
v 2 -20 12
v 22 -20 12
v 0 -20 12
v -22 -20 12
v -14 -20 12
v -4 -20 12
v -10 -20 12
f 3037 3038 3039
f 3038 3040 3039
f 3041 3042 3043
f 3041 3043 3044
f 3045 3046 3047
f 3046 3048 3047
f 3046 3037 3048
f 3037 3039 3048
f 3049 3050 3051
f 3049 3051 3052
f 3050 3041 3044
f 3050 3044 3051
f 3039 3053 3054
f 3039 3040 3053
f 3055 3042 3041
f 3056 3055 3041
f 3047 3057 3058
f 3047 3048 3057
f 3048 3054 3057
f 3048 3039 3054
f 3059 3050 3049
f 3060 3059 3049
f 3056 3041 3050
f 3059 3056 3050
f 3061 3062 3063
f 3061 3064 3062
f 3065 3066 3067
f 3068 3065 3067
f 3069 3070 3071
f 3069 3072 3070
f 3072 3063 3070
f 3072 3061 3063
f 3073 3074 3075
f 3074 3076 3075
f 3073 3068 3067
f 3073 3067 3074
f 3077 3078 3079
f 3077 3080 3078
f 3081 3082 3083
f 3084 3081 3083
f 3085 3086 3087
f 3085 3088 3086
f 3088 3079 3086
f 3088 3077 3079
f 3089 3090 3091
f 3092 3089 3091
f 3084 3083 3090
f 3089 3084 3090
f 3093 3094 3095
f 3093 3096 3094
f 3097 3096 3093
f 3097 3098 3096
f 3099 3100 3101
f 3099 3102 3100
f 3054 3103 3104
f 3054 3053 3103
f 3105 3055 3056
f 3106 3105 3056
f 3058 3107 3108
f 3058 3057 3107
f 3057 3104 3107
f 3057 3054 3104
f 3109 3059 3110
f 3059 3060 3110
f 3109 3106 3056
f 3109 3056 3059
f 3111 3098 3097
f 3111 3112 3098
f 3113 3114 3115
f 3113 3116 3114
f 3117 3118 3119
f 3120 3117 3119
f 3121 3122 3123
f 3121 3124 3122
f 3124 3115 3122
f 3124 3113 3115
f 3125 3126 3127
f 3128 3125 3127
f 3120 3119 3126
f 3125 3120 3126
f 3129 3130 3131
f 3129 3132 3130
f 3133 3132 3129
f 3133 3134 3132
f 3135 3136 3137
f 3135 3138 3136
f 3139 3134 3133
f 3139 3140 3134
f 3141 3064 3061
f 3141 3142 3064
f 3104 3142 3141
f 3104 3103 3142
f 3066 3143 3144
f 3067 3066 3144
f 3143 3105 3106
f 3144 3143 3106
f 3145 3072 3069
f 3145 3146 3072
f 3108 3146 3145
f 3108 3107 3146
f 3146 3061 3072
f 3146 3141 3061
f 3107 3141 3146
f 3107 3104 3141
f 3074 3147 3076
f 3147 3148 3076
f 3147 3109 3148
f 3109 3110 3148
f 3074 3067 3144
f 3074 3144 3147
f 3147 3144 3106
f 3147 3106 3109
f 3149 3112 3111
f 3149 3150 3112
f 3101 3150 3149
f 3101 3100 3150
f 3151 3140 3139
f 3151 3152 3140
f 3137 3152 3151
f 3137 3136 3152
f 3153 3080 3077
f 3153 3154 3080
f 3115 3154 3153
f 3115 3114 3154
f 3082 3155 3156
f 3083 3082 3156
f 3155 3117 3120
f 3156 3155 3120
f 3157 3088 3085
f 3157 3158 3088
f 3123 3158 3157
f 3123 3122 3158
f 3158 3077 3088
f 3158 3153 3077
f 3122 3153 3158
f 3122 3115 3153
f 3090 3159 3160
f 3091 3090 3160
f 3159 3125 3128
f 3160 3159 3128
f 3083 3156 3159
f 3090 3083 3159
f 3156 3120 3125
f 3159 3156 3125
f 3161 3131 3162
f 3161 3129 3131
f 3096 3162 3094
f 3096 3161 3162
f 3163 3129 3161
f 3163 3133 3129
f 3098 3161 3096
f 3098 3163 3161
f 3164 3137 3165
f 3164 3135 3137
f 3102 3165 3100
f 3102 3164 3165
f 3166 3133 3163
f 3166 3139 3133
f 3112 3163 3098
f 3112 3166 3163
f 3167 3139 3166
f 3167 3151 3139
f 3150 3166 3112
f 3150 3167 3166
f 3165 3151 3167
f 3165 3137 3151
f 3100 3167 3150
f 3100 3165 3167
f 3168 3169 3170
f 3171 3168 3170
f 3169 3172 3173
f 3170 3169 3173
f 3174 3175 3176
f 3177 3174 3176
f 3172 3178 3179
f 3173 3172 3179
f 3180 3181 3182
f 3183 3180 3182
f 3181 3184 3185
f 3182 3181 3185
f 3186 3187 3188
f 3189 3186 3188
f 3184 3190 3191
f 3185 3184 3191
f 3178 3192 3193
f 3179 3178 3193
f 3192 3174 3177
f 3193 3192 3177
f 3190 3194 3195
f 3191 3190 3195
f 3194 3186 3189
f 3195 3194 3189
f 3183 3182 3196
f 3197 3183 3196
f 3197 3196 3169
f 3168 3197 3169
f 3182 3185 3198
f 3196 3182 3198
f 3196 3198 3172
f 3169 3196 3172
f 3189 3188 3199
f 3200 3189 3199
f 3200 3199 3175
f 3174 3200 3175
f 3185 3191 3201
f 3198 3185 3201
f 3198 3201 3178
f 3172 3198 3178
f 3191 3195 3202
f 3201 3191 3202
f 3201 3202 3192
f 3178 3201 3192
f 3195 3189 3200
f 3202 3195 3200
f 3202 3200 3174
f 3192 3202 3174
v 7 2 -6
v 7 2 -7
v 7 4.75 -6
v 7 4.75 -7
v -5 2 -7
v -5 2 -6
v -5 4.75 -7
v -5 4.75 -6
v -5 2 -6
v -4 2 -6
v -4 4.75 -6
v -5 4.75 -6
v -4 4.75 -7
v -5 2 -7
v -5 4.75 -7
v -4 2 -7
v -4 4.75 -7
v -5 4.75 -7
v -5 4.75 -6
v -4 4.75 -6
v -5 1 -6
v -4 1 -7
v -4 1 -6
v -5 1 -7
v -4 2 -7
v -4 2 -6
v -4 1 -7
v -4 1 -6
v -4 1 -6
v -5 1 -6
v -5 1 -6
v -5 1 -7
v -5 1 -7
v -4 1 -7
v 6 2 -6
v 6 4.75 -6
v 7 2 -6
v 7 4.75 -6
v 6 4.75 -7
v 6 2 -7
v 7 4.75 -7
v 7 2 -7
v 7 4.75 -7
v 6 4.75 -7
v 6 4.75 -6
v 7 4.75 -6
v 6 1 -6
v 7 1 -7
v 7 1 -6
v 6 1 -7
v -4 2 -6
v 6 2 -7
v 6 2 -6
v -4 2 -7
v 7 1 -7
v 7 1 -6
v 7 1 -6
v 6 1 -6
v 6 2 -6
v 6 2 -7
v 6 1 -6
v 6 1 -7
v 6 1 -7
v 7 1 -7
f 3203 3204 3205
f 3204 3206 3205
f 3207 3208 3209
f 3208 3210 3209
f 3211 3212 3213
f 3214 3211 3213
f 3215 3216 3217
f 3215 3218 3216
f 3219 3220 3221
f 3222 3219 3221
f 3223 3224 3225
f 3223 3226 3224
f 3227 3228 3229
f 3228 3230 3229
f 3212 3211 3231
f 3211 3232 3231
f 3208 3207 3233
f 3207 3234 3233
f 3216 3218 3235
f 3218 3236 3235
f 3212 3237 3238
f 3213 3212 3238
f 3237 3239 3240
f 3238 3237 3240
f 3241 3218 3215
f 3241 3242 3218
f 3243 3242 3241
f 3243 3244 3242
f 3245 3246 3247
f 3248 3245 3247
f 3246 3219 3222
f 3247 3246 3222
f 3249 3250 3251
f 3249 3252 3250
f 3253 3254 3255
f 3253 3256 3254
f 3204 3203 3257
f 3203 3258 3257
f 3239 3237 3259
f 3237 3260 3259
f 3261 3262 3263
f 3262 3264 3263
f 3242 3244 3265
f 3244 3266 3265
v 22.19785 -15.7069 21.64991
v 22.35512 -15.80975 17.90462
v 22.19837 -15.41834 21.64201
v 22.35564 -15.52119 17.89672
v 22.35512 -15.80975 17.90462
v 13.5 -20.91361 17.67295
v 22.35564 -15.52119 17.89672
v 13.5 -20.62535 17.66503
v 13.5 -20.91361 17.67295
v 13.5 -20.72012 21.42235
v 13.5 -20.62535 17.66503
v 13.5 -20.43185 21.41444
v 13.5 -20.72012 21.42235
v 22.19785 -15.7069 21.64991
v 13.5 -20.43185 21.41444
v 22.19837 -15.41834 21.64201
v 22.19837 -15.41834 21.64201
v 22.35564 -15.52119 17.89672
v 13.5 -20.43185 21.41444
v 13.5 -20.62535 17.66503
v 13.5 -20.72012 21.42235
v 13.5 -20.91361 17.67295
v 22.19785 -15.7069 21.64991
v 22.35512 -15.80975 17.90462
f 3267 3268 3269
f 3268 3270 3269
f 3271 3272 3273
f 3272 3274 3273
f 3275 3276 3277
f 3276 3278 3277
f 3279 3280 3281
f 3280 3282 3281
f 3283 3284 3285
f 3284 3286 3285
f 3287 3288 3289
f 3288 3290 3289
v -10 -10 -7
v -9 -10 -7
v -10 -8 -7
v -9 -8 -7
v 11 -10 -7
v 12 -10 -7
v 11 -8 -7
v 12 -8 -7
v -10 -11 15
v -2 -11 15
v -2 -10 15
v -10 -10 15
v 4 -11 15
v 4 -10 15
v 12 -11 15
v 12 -10 15
v -10 -13 19
v -2 -13 19
v -2 -11 19
v -10 -11 19
v 4 -13 19
v 4 -11 19
v 4 -13 15
v 12 -13 15
v 4 -11 -7
v -2 -13 -7
v -2 -11 -7
v 4 -13 -7
v -2 -5 15
v -10 -5 15
v -1 -5 -7
v -10 -10 -7
v -10 -5 -7
v -1 -10 -7
v 4 -5 15
v 12 -5 15
v 12 -5 -7
v 3 -10 -7
v 3 -5 -7
v 12 -10 -7
v 11 -19 14
v 11 -19 10
v 11 -10 14
v 11 -10 10
v 7 -19 14
v 11 -19 14
v 7 -10 14
v 11 -10 14
v -5 -17 10
v -9 -19 10
v -9 -17 10
v -5 -19 10
v -5 -10 -6
v -9 -11 -6
v -9 -10 -6
v -5 -11 -6
v -9 -17 10
v -9 -19 14
v -9 -17 14
v -9 -19 10
v -9 -16 10
v -9 -16 14
v -5 -19 14
v -5 -19 10
v -5 -17 10
v -5 -17 14
v 0 -20 14
v 0 -20 10
v 0 -19 10
v 0 -19 14
v -9 -19 14
v -5 -19 14
v -5 -17 14
v -9 -17 14
v -5 -16 14
v -9 -16 14
v -9 -11 0
v -9 -10 -1
v -5 -10 14
v -5 -11 14
v 7 -11 14
v 7 -11 -6
v 7 -10 -6
v 11 -11 14
v 11 -11 -6
v 11 -10 -6
v 7 -11 -1
v 7 -10 -1
v 7 -11 14
v 7 -10 14
v 7 -10 10
v 7 -11 10
v 7 -10 14
v 7 -11 14
v 11 -11 9
v 11 -11 14
v -5 -17 14
v -5 -17 10
v 0 -20 14
v 0 -20 10
v 0 -19 14
v 0 -20 14
v 12 1 -7
v 4 1 -7
v 11 1 -6
v 3 1 -6
v -2 1 15
v 4 1 15
v -2 1 14
v 3 1 14
v 12 1 15
v 11 1 14
v -2 1 -7
v -2 1 -6
v -10 1 15
v -9 1 14
v -10 1 -7
v -9 1 -6
v 11 1 -6
v 3 1 -6
v 11 -1 -6
v 3 -1 -6
v -2 1 14
v 3 1 14
v -2 -1 14
v 3 -1 14
v 11 1 14
v 11 -1 14
v -2 1 -6
v -2 -1 -6
v -9 1 14
v -9 -1 14
v -9 1 -6
v -9 -1 -6
v -10 -19 15
v -2 -19 15
v -2 -16 15
v -10 -16 15
v -2 -13 15
v -10 -13 15
v 4 -19 15
v 4 -16 15
v 12 -19 15
v 12 -16 15
v -10 -10 -7
v -10 -11 -4
v -10 -8 -3
v -10 -11 -7
v 12 -11 -4
v 12 -11 -7
v 12 -10 -7
v 12 -10 -3
v 12 -13 -3
v 12 -13 -7
v -10 -13 -3
v -10 -13 -7
v -10 -5 -7
v -10 -4 -3
v 12 -5 -7
v 12 -8 -3
v 12 1 -3
v 11 1 -4
v -10 1 -4
v -9 1 -4
v 11 1 -6
v 11 -1 -4
v 11 1 -4
v 11 -1 -6
v -9 -1 -4
v -9 -1 -6
v -9 1 -6
v -9 1 -4
v 12 -19 -4
v 12 -19 -7
v 12 -16 -7
v 12 -17 -3
v -10 -16 -7
v -10 -19 -4
v -10 -17 -3
v -10 -19 -7
v -10 -11 -1
v -10 -8 0
v 12 -11 -1
v 12 -10 0
v 12 -13 0
v -10 -13 0
v 12 -8 0
v 11 1 -2
v 12 1 0
v -9 1 -2
v -10 1 -1
v 11 -1 -2
v 11 1 -2
v -9 -1 -2
v -9 1 -2
v 12 -19 -1
v 12 -17 0
v -10 -19 -1
v -10 -17 0
v -9 -10 -4
v -9 -11 -3
v -9 -10 -6
v -9 -11 -6
v 11 -11 0
v 11 -11 -3
v 11 -10 -4
v 11 -10 -1
v 11 -11 -6
v 11 -10 -6
v -10 -11 7
v -10 -8 7
v 12 -11 7
v 12 -10 6
v 12 -13 6
v -10 -13 7
v -10 -4 0
v -10 -4 7
v 12 -8 6
v 11 1 6
v 12 1 6
v -9 1 6
v -10 1 7
v 11 -1 6
v 11 1 6
v -9 -1 6
v -9 1 6
v 12 -19 7
v 12 -17 6
v -10 -19 7
v -10 -16 7
v -10 -8 10
v -10 -11 15
v -10 -10 15
v -10 -11 10
v 12 -11 15
v 12 -11 10
v 12 -10 9
v 12 -10 15
v 12 -13 15
v 12 -13 9
v -10 -13 15
v -10 -13 10
v -10 -4 10
v -10 -5 15
v 12 -8 9
v 12 -5 15
v 11 1 9
v 12 1 9
v -9 1 9
v -10 1 10
v 11 1 9
v 11 -1 14
v 11 1 14
v 11 -1 9
v -9 -1 14
v -9 -1 9
v -9 1 9
v -9 1 14
v 12 -19 15
v 12 -19 10
v 12 -17 9
v 12 -16 15
v -10 -16 10
v -10 -19 15
v -10 -16 15
v -10 -19 10
v 7 -10 -1
v 7 -11 7
v 7 -10 7
v 7 -11 -1
v 11 -11 7
v 11 -10 7
v -8 -13.5 -7
v -10 -16 -7
v -10 -13 -7
v -8 -16.5 -7
v -10 -11 -7
v -5 -13.5 -7
v -5 -16.5 -7
v -2 -16 -7
v -2 -19 -7
v -10 -19 -7
v 7 -13.5 -7
v 4 -16 -7
v 7 -16.5 -7
v 12 -11 -7
v 10 -13.5 -7
v 12 -13 -7
v 10 -16.5 -7
v 12 -16 -7
v 12 -19 -7
v 4 -19 -7
v -2 -2 15
v -10 -2 15
v -2 1 15
v -10 1 15
v -1.5 -2 -7
v -10 -2 -7
v -2 1 -7
v -10 1 -7
v 4 -2 15
v 4 1 15
v 12 -2 15
v 12 1 15
v 3.5 -2 -7
v 4 1 -7
v 12 -2 -7
v 12 1 -7
v -10 -2 -7
v -10 -2 -4
v -10 1 -7
v -10 1 -4
v 12 -4 -3
v 12 -2 -7
v 12 1 -3
v 12 1 -7
v -10 -2 -1
v -10 1 -1
v 12 -4 0
v 12 1 0
v -10 -2 7
v -10 1 7
v 12 -4 6
v 12 1 6
v -10 -2 10
v -10 -2 15
v -10 1 10
v -10 1 15
v 12 -4 9
v 12 -2 15
v 12 1 9
v 12 1 15
v -10 -13 15
v -2 -13 15
v -10 -13 19
v -2 -13 19
v -10 -11 19
v -10 -13 19
v 4 -13 15
v 4 -13 19
v 4 -13 15
v 4 -11 15
v 4 -13 19
v 4 -11 19
v -10 -23 -7
v -10 -19 -7
v -10 -23 -13
v -10 -19 -13
v 12 -19 -7
v 12 -23 -7
v 12 -19 -13
v 12 -23 -13
v -10 -23 -17
v -10 -21 -17
v 12 -21 -17
v 12 -23 -17
v 12 -8 -10
v 11 -8 -9.5
v 12 -8 -7
v 11 -8 -7
v 12 -8 -13
v 11 -8 -12
v 11 -19 -12
v 12 -19 -13
v 12 -19 -12
v 11 -19 -13
v -10 -19 -12
v -9 -19 -13
v -9 -19 -12
v -10 -19 -13
v -10 -23 15
v -2 -23 15
v -2 -19 15
v -10 -19 15
v -2 -21 -17
v -10 -23 -17
v -10 -21 -17
v -2 -23 -17
v -2 -19 -13
v -10 -19 -13
v -10 -19 -7
v -2 -19 -7
v -10 -23 -7
v -2 -23 -13
v -2 -23 -7
v -10 -23 -13
v -2 -21 -17
v -10 -21 -17
v -10 -19 -13
v -2 -19 -13
v -2 -23 -17
v -10 -23 -17
v 4 -23 15
v 4 -19 15
v 12 -23 15
v 12 -19 15
v 4 -21 -17
v 4 -23 -17
v 12 -21 -17
v 12 -23 -17
v 12 -19 -13
v 4 -19 -13
v 4 -19 -7
v 12 -19 -7
v 4 -23 -7
v 12 -23 -13
v 12 -23 -7
v 4 -23 -13
v 12 -21 -17
v 4 -21 -17
v 4 -19 -13
v 12 -19 -13
v 12 -23 -17
v 4 -23 -17
v -5 -16 10
v -9 -16 10
v -9 -16 14
v -5 -16 14
v -9 -16 10
v -5 -16 10
v -9 -10 -1
v -5 -10 -1
v -5 -16 10
v -5 -17 10
v -5 -10 -1
v -5 -11 -1
v -5 -17 10
v -9 -17 10
v -5 -11 -1
v -9 -11 0
v -5 -17 10
v -5 -16 10
v 0 -20 10
v 0 -19 10
v -5 -16 10
v -5 -16 14
v 0 -19 10
v 0 -19 14
v 12 -23 -4
v 12 -19 -4
v -10 -23 -4
v -10 -19 -4
v -10 -23 -4
v -2 -23 -4
v 4 -23 -4
v 12 -23 -4
v 12 -23 -1
v 12 -19 -1
v -10 -23 -1
v -10 -19 -1
v -10 -23 -1
v -2 -23 -1
v 4 -23 -1
v 12 -23 -1
v 12 -23 7
v 12 -19 7
v -10 -23 7
v -10 -19 7
v -10 -23 7
v -2 -23 7
v 4 -23 7
v 12 -23 7
v 12 -23 15
v 12 -23 10
v 12 -19 10
v 12 -19 15
v -10 -19 10
v -10 -23 15
v -10 -19 15
v -10 -23 10
v -10 -23 10
v -2 -23 10
v -10 -23 15
v -2 -23 15
v 4 -23 10
v 12 -23 10
v 4 -23 15
v 12 -23 15
v 4 -19 -7
v -2 -19 -7
v 4 -19 -6
v -2 -19 -6
v 7 -19 10
v -5 -19 10
v -5 -19 14
v 7 -19 14
v 11 -19 10
v 11 -19 14
v -5 -19 -6
v -9 -19 -6
v -9 -19 -4
v -5 -19 -4
v -9 -19 -1
v -5 -19 -1
v 11 -19 -6
v 7 -19 -6
v 7 -19 -4
v 11 -19 -4
v 7 -19 -1
v 11 -19 -1
v -9 -19 7
v -5 -19 7
v -9 -19 10
v 7 -19 7
v 11 -19 7
v -5 -10 -1
v -5 -11 -1
v -5 -10 14
v -5 -11 14
v -5 -11 -1
v 7 -11 -1
v -5 -11 14
v 7 -11 14
v 7 -11 10
v 11 -11 9
v 11 -11 14
v -9 -11 0
v -5 -11 -4
v -9 -11 -3
v -5 -11 -6
v -9 -11 -6
v 7 -11 -4
v 7 -11 -6
v 11 -11 -3
v 11 -11 0
v 11 -11 -6
v 7 -11 7
v 11 -11 7
v 3 -10 -7
v -1 -10 -7
v 3 -10 -6
v -1 -10 -6
v 11 -10 10
v 7 -10 10
v 7 -10 14
v 11 -10 14
v 7 -10 -1
v -5 -10 -1
v -5 -10 14
v -5 -10 -4
v -9 -10 -4
v -9 -10 -1
v -5 -10 -6
v -9 -10 -6
v 7 -10 -6
v 7 -10 -4
v 11 -10 -6
v 11 -10 -4
v 11 -10 -1
v 7 -10 7
v 11 -10 7
v 12 -8 -13
v -10 -8 -13
v 11 -8 -12
v -9 -8 -12
v -9 -10 -12
v 11 -10 -12
v -9 -8 -12
v 11 -8 -12
v 12 -10 -13
v -10 -10 -13
v 12 -8 -13
v -10 -8 -13
v 12.5 -11 -7
v 12.5 -11 -12
v 12.5 -10 -10
v 12.5 -10 -7
v 12.5 -11 -13.5
v 12.5 -10 -13.5
v -10.5 -10 -10
v -10.5 -11 -7
v -10.5 -10 -7
v -10.5 -11 -12
v -10.5 -10 -13.5
v -10.5 -11 -13.5
v 11 -10 -9.5
v -9 -10 -9.5
v -9 -10 -7
v 11 -10 -7
v 11 -10 -12
v -9 -10 -12
v -10 -8 -10
v -9 -8 -9.5
v -10 -8 -7
v -9 -8 -7
v -10 -8 -13
v -10 -10 -10
v -10 -8 -10
v -10 -10 -13
v -10 -10 -7
v -10 -8 -7
v -9 -10 -7
v -9 -10 -9.5
v -9 -8 -9.5
v -9 -8 -7
v -9 -10 -12
v -9 -8 -12
v 11 -8 -12
v 11 -10 -9.5
v 11 -8 -9.5
v 11 -10 -12
v 11 -10 -7
v 11 -8 -7
v 12 -10 -7
v 12 -10 -10
v 12 -8 -10
v 12 -8 -7
v 12 -10 -13
v 12 -8 -13
v -10.5 -10 -13.5
v 12.5 -10 -13.5
v -9 -11 -13.5
v 11 -11 -13.5
v 12.5 -11 -13.5
v -10.5 -11 -13.5
v -9 -11 -12
v 11 -11 -13
v 11 -11 -12
v -9 -11 -13
v -9 -11 -13
v -9 -11 -12
v -9 -19 -13
v -9 -19 -12
v -9 -11 -12
v -10 -11 -12
v -9 -19 -12
v -10 -19 -12
v -10 -11 -12
v -10 -11 -13
v -10 -19 -12
v -10 -19 -13
v -10 -11 -13
v -9 -11 -13
v -10 -19 -13
v -9 -19 -13
v 12 -11 -13
v 12 -11 -12
v 12 -19 -13
v 12 -19 -12
v 12 -11 -12
v 11 -11 -12
v 12 -19 -12
v 11 -19 -12
v 11 -11 -12
v 11 -11 -13
v 11 -19 -12
v 11 -19 -13
v 11 -11 -13
v 12 -11 -13
v 11 -19 -13
v 12 -19 -13
v -10 -11 -7
v -2 -11 -7
v 4 -11 -7
v 12 -11 -7
v 12 -11 -12
v -10 -11 -12
v 12.5 -11 -7
v 12.5 -11 -12
v 12 -10 -13
v 12 -10 -10
v 12.5 -10 -13.5
v 12.5 -10 -10
v 12 -10 -7
v 12 -11 -7
v 12.5 -10 -7
v 12.5 -11 -7
v 12 -10 -7
v 12.5 -10 -7
v 12 -11 -13
v 12.5 -11 -13.5
v 11 -11 -13.5
v -10 -10 -13
v -10.5 -10 -13.5
v -9 -11 -13.5
v -10 -11 -13
v -10.5 -11 -13.5
v -10.5 -11 -12
v -10.5 -11 -7
v -10 -10 -10
v -10.5 -10 -10
v -10 -11 -7
v -10 -10 -7
v -10.5 -11 -7
v -10.5 -10 -7
v -10 -10 -7
v -10.5 -10 -7
v -2 -13 -7
v 4 -13 -7
v -2 -13 -6
v 4 -13 -6
v -2 -19 -6
v -2 -19 -7
v -2 -16 -7
v -2 -17 -6
v 4 -16 -7
v 4 -19 -6
v 4 -16 -6
v 4 -19 -7
v -2 -1 -6
v -9 -1 -6
v -9 -1 -4
v -2 -1 -4
v 11 -1 -6
v 3 -1 -6
v 3 -1 -4
v 11 -1 -4
v -9 -1 -2
v -2 -1 -2
v 3 -1 -2
v 11 -1 -2
v -9 -1 6
v -2 -1 6
v 3 -1 6
v 11 -1 6
v -9 -1 9
v -2 -1 9
v -9 -1 14
v -2 -1 14
v 3 -1 9
v 11 -1 9
v 3 -1 14
v 11 -1 14
v -10 -17 0
v -10 -13 0
v -9 -17 0
v -9 -13 0
v -10 -13 0
v -10 -13 -3
v -9 -13 0
v -9 -13 -3
v -10 -13 -3
v -10 -17 -3
v -9 -13 -3
v -9 -17 -3
v -10 -17 -3
v -10 -17 0
v -9 -17 -3
v -9 -17 0
v -8 -16.5 -7
v -8 -13.5 -7
v -8 -16.5 -6
v -8 -13.5 -6
v -8 -13.5 -7
v -5 -13.5 -7
v -8 -13.5 -6
v -5 -13.5 -6
v -5 -13.5 -7
v -5 -16.5 -7
v -5 -13.5 -6
v -5 -16.5 -6
v -5 -16.5 -7
v -8 -16.5 -7
v -5 -16.5 -6
v -8 -16.5 -6
v -2 -14 -6
v -2 -13 -7
v -2 -13 -6
v 7 -16.5 -7
v 7 -13.5 -7
v 7 -16.5 -6
v 7 -13.5 -6
v 7 -13.5 -7
v 10 -13.5 -7
v 7 -13.5 -6
v 10 -13.5 -6
v 10 -13.5 -7
v 10 -16.5 -7
v 10 -13.5 -6
v 10 -16.5 -6
v 10 -16.5 -7
v 7 -16.5 -7
v 10 -16.5 -6
v 7 -16.5 -6
v 4 -13 -7
v 4 -14.5 -6
v 4 -13 -6
v 4 -11 15
v -2 -11 15
v 4 -11 19
v -2 -11 19
v -10 -11 15
v -10 -11 19
v -5.5 -10 -6
v -2 -13 -6
v -1 -10 -6
v 3 -10 -6
v 4 -13 -6
v 7.5 -10 -6
v 3 -5 -6
v 11 -2 -6
v 3 -2 -6
v -1 -5 -6
v -9 -2 -6
v -1 -2 -6
v -9 -2 14
v -5 -2 10
v -5 -2 14
v -9 -2 10
v 7 -2 14
v 11 -2 9
v 11 -2 14
v 7 -2 10
v -9 -19 -6
v -5.5 -19 -6
v -8 -16.5 -6
v -9 -11 -6
v 10 -16.5 -6
v 7.5 -19 -6
v 11 -19 -6
v 11 -11 -6
v -9 -19 14
v -9 -19 10
v -9 -11 10
v -9 -11 14
v -5 -11 14
v -9 -19 14
v -9 -11 14
v -5 -19 14
v -5 -2 14
v -9 -2 14
v 7 -11 14
v 7 -19 14
v 7 -2 14
v 11 -11 14
v 11 -19 14
v 11 -2 14
v -9 -2 0
v 11 -2 -3
v 11 -2 0
v -9 -2 -3
v -1 -2 -6
v 3 -2 -6
v 11 -2 -6
v -9 -2 -6
v 11 -11 -3
v 11 -13 0
v 11 -11 0
v 11 -13 -3
v 11 -17 -3
v 11 -19 -1
v 11 -17 0
v 11 -19 -4
v 11 -11 -6
v 11 -19 -6
v -9 -19 7
v -9 -11 7
v 11 -11 7
v 11 -13 9
v 11 -11 9
v 11 -13 6
v 11 -11 14
v 11 -17 9
v 11 -19 14
v 11 -19 10
v 11 -17 6
v 11 -19 7
v -9 -13 0
v -9 -13 -3
v -9 -11 -3
v -9 -11 0
v -9 -19 -1
v -9 -19 -4
v -9 -17 -3
v -9 -17 0
v -9 -19 -6
v -9 -11 -6
v -8 -13.5 -6
v -5 -16.5 -6
v -2 -19 -6
v -2 -17 -6
v -2 -14 -6
v -5 -13.5 -6
v 10 -13.5 -6
v 4 -16 -6
v 4 -19 -6
v 7 -16.5 -6
v 4 -14.5 -6
v 7 -13.5 -6
v -9 -2 7
v 11 -2 6
v 11 -2 6
v 11 -4 9
v 11 -2 9
v 11 -4 6
v 11 -2 14
v 11 -8 9
v 11 -8 6
v 11 -11 6
v 11 -2 -3
v 11 -4 0
v 11 -2 0
v 11 -4 -3
v 11 -8 -3
v 11 -8 0
v 11 -2 -6
v -9 -4 0
v -9 -4 -3
v -9 -2 -3
v -9 -2 0
v -9 -8 -3
v -9 -8 0
v -9 -2 -6
v -9 -4 10
v -9 -4 7
v -9 -2 7
v -9 -2 10
v -9 -8 10
v -9 -2 14
v -9 -8 7
v 12 -17 0
v 12 -17 -3
v 11 -17 0
v 11 -17 -3
v 12 -17 -3
v 12 -13 -3
v 11 -17 -3
v 11 -13 -3
v 12 -13 0
v 12 -17 0
v 11 -13 0
v 11 -17 0
v 12 -13 -3
v 12 -13 0
v 11 -13 -3
v 11 -13 0
v 12 -17 9
v 12 -17 6
v 11 -17 9
v 11 -17 6
v 12 -17 6
v 12 -13 6
v 11 -17 6
v 11 -13 6
v 12 -13 9
v 12 -17 9
v 11 -13 9
v 11 -17 9
v 12 -13 6
v 12 -13 9
v 11 -13 6
v 11 -13 9
v 12 -8 0
v 12 -8 -3
v 11 -8 0
v 11 -8 -3
v 12 -8 -3
v 12 -4 -3
v 11 -8 -3
v 11 -4 -3
v 12 -4 0
v 12 -8 0
v 11 -4 0
v 11 -8 0
v 12 -4 -3
v 12 -4 0
v 11 -4 -3
v 11 -4 0
v 12 -8 9
v 12 -8 6
v 11 -8 9
v 11 -8 6
v 12 -8 6
v 12 -4 6
v 11 -8 6
v 11 -4 6
v 12 -4 9
v 12 -8 9
v 11 -4 9
v 11 -8 9
v 12 -4 6
v 12 -4 9
v 11 -4 6
v 11 -4 9
v -9 -8 0
v -9 -8 -3
v -10 -8 0
v -10 -8 -3
v -9 -8 -3
v -9 -4 -3
v -10 -8 -3
v -10 -4 -3
v -9 -4 0
v -9 -8 0
v -10 -4 0
v -10 -8 0
v -9 -4 -3
v -9 -4 0
v -10 -4 -3
v -10 -4 0
v -9 -8 10
v -9 -8 7
v -10 -8 10
v -10 -8 7
v -9 -8 7
v -9 -4 7
v -10 -8 7
v -10 -4 7
v -9 -4 10
v -9 -8 10
v -10 -4 10
v -10 -8 10
v -9 -4 7
v -9 -4 10
v -10 -4 7
v -10 -4 10
v -1 -10 -7
v -1 -5 -7
v -1 -10 -6
v -1 -5 -6
v -1 -5 -7
v 3 -5 -7
v -1 -5 -6
v 3 -5 -6
v 3 -5 -7
v 3 -10 -7
v 3 -5 -6
v 3 -10 -6
f 3291 3292 3293
f 3292 3294 3293
f 3295 3296 3297
f 3296 3298 3297
f 3299 3300 3301
f 3302 3299 3301
f 3300 3303 3304
f 3301 3300 3304
f 3303 3305 3306
f 3304 3303 3306
f 3307 3308 3309
f 3310 3307 3309
f 3308 3311 3312
f 3309 3308 3312
f 3313 3314 3305
f 3303 3313 3305
f 3315 3316 3317
f 3315 3318 3316
f 3302 3301 3319
f 3320 3302 3319
f 3321 3322 3323
f 3321 3324 3322
f 3301 3304 3325
f 3319 3301 3325
f 3304 3306 3326
f 3325 3304 3326
f 3327 3328 3329
f 3327 3330 3328
f 3331 3332 3333
f 3332 3334 3333
f 3335 3336 3337
f 3336 3338 3337
f 3339 3340 3341
f 3339 3342 3340
f 3343 3344 3345
f 3343 3346 3344
f 3347 3348 3349
f 3347 3350 3348
f 3351 3349 3352
f 3351 3347 3349
f 3353 3354 3355
f 3356 3353 3355
f 3357 3358 3359
f 3360 3357 3359
f 3361 3362 3363
f 3364 3361 3363
f 3364 3363 3365
f 3366 3364 3365
f 3347 3351 3367
f 3351 3368 3367
f 3369 3370 3337
f 3370 3371 3337
f 3346 3343 3372
f 3343 3373 3372
f 3337 3371 3338
f 3371 3374 3338
f 3372 3373 3375
f 3373 3376 3375
f 3377 3378 3379
f 3378 3380 3379
f 3381 3382 3383
f 3382 3384 3383
f 3385 3334 3386
f 3334 3333 3386
f 3387 3388 3389
f 3388 3390 3389
f 3365 3363 3391
f 3363 3392 3391
f 3393 3394 3395
f 3394 3396 3395
f 3397 3398 3399
f 3398 3400 3399
f 3398 3401 3400
f 3401 3402 3400
f 3394 3403 3396
f 3403 3404 3396
f 3405 3397 3406
f 3397 3399 3406
f 3403 3407 3404
f 3407 3408 3404
f 3409 3410 3411
f 3410 3412 3411
f 3413 3414 3415
f 3414 3416 3415
f 3414 3417 3416
f 3417 3418 3416
f 3410 3419 3412
f 3419 3420 3412
f 3421 3413 3422
f 3413 3415 3422
f 3419 3423 3420
f 3423 3424 3420
f 3425 3426 3427
f 3428 3425 3427
f 3428 3427 3429
f 3430 3428 3429
f 3426 3431 3432
f 3427 3426 3432
f 3427 3432 3313
f 3429 3427 3313
f 3431 3433 3434
f 3432 3431 3434
f 3432 3434 3314
f 3313 3432 3314
f 3435 3436 3437
f 3435 3438 3436
f 3439 3440 3441
f 3442 3439 3441
f 3443 3444 3440
f 3439 3443 3440
f 3438 3445 3436
f 3438 3446 3445
f 3447 3437 3448
f 3447 3435 3437
f 3442 3441 3449
f 3450 3442 3449
f 3393 3395 3451
f 3395 3452 3451
f 3408 3407 3453
f 3454 3408 3453
f 3455 3456 3457
f 3455 3458 3456
f 3459 3460 3461
f 3462 3459 3461
f 3463 3464 3465
f 3466 3463 3465
f 3466 3465 3444
f 3443 3466 3444
f 3467 3468 3469
f 3467 3470 3468
f 3446 3469 3445
f 3446 3467 3469
f 3437 3471 3472
f 3437 3436 3471
f 3473 3439 3442
f 3474 3473 3442
f 3475 3443 3439
f 3473 3475 3439
f 3436 3476 3471
f 3436 3445 3476
f 3474 3442 3450
f 3477 3474 3450
f 3451 3452 3478
f 3479 3451 3478
f 3480 3454 3453
f 3480 3453 3481
f 3457 3482 3483
f 3457 3456 3482
f 3484 3459 3462
f 3485 3484 3462
f 3486 3463 3466
f 3487 3486 3466
f 3469 3488 3489
f 3469 3468 3488
f 3490 3367 3368
f 3490 3491 3367
f 3492 3491 3490
f 3492 3493 3491
f 3494 3495 3496
f 3497 3494 3496
f 3495 3498 3499
f 3496 3495 3499
f 3472 3500 3501
f 3472 3471 3500
f 3502 3473 3474
f 3503 3502 3474
f 3504 3475 3473
f 3502 3504 3473
f 3471 3505 3500
f 3471 3476 3505
f 3506 3501 3507
f 3506 3472 3501
f 3503 3474 3477
f 3508 3503 3477
f 3479 3478 3509
f 3510 3479 3509
f 3511 3480 3481
f 3511 3481 3512
f 3483 3513 3514
f 3483 3482 3513
f 3515 3484 3485
f 3516 3515 3485
f 3517 3486 3487
f 3518 3517 3487
f 3518 3487 3475
f 3504 3518 3475
f 3489 3519 3520
f 3489 3488 3519
f 3476 3520 3505
f 3476 3489 3520
f 3521 3522 3523
f 3521 3524 3522
f 3501 3524 3521
f 3501 3500 3524
f 3525 3526 3527
f 3528 3525 3527
f 3526 3502 3503
f 3527 3526 3503
f 3529 3530 3526
f 3525 3529 3526
f 3530 3504 3502
f 3526 3530 3502
f 3524 3531 3522
f 3524 3532 3531
f 3500 3532 3524
f 3500 3505 3532
f 3533 3523 3534
f 3533 3521 3523
f 3528 3527 3535
f 3536 3528 3535
f 3527 3503 3508
f 3535 3527 3508
f 3510 3509 3537
f 3538 3510 3537
f 3538 3537 3402
f 3401 3538 3402
f 3406 3539 3540
f 3406 3540 3405
f 3539 3511 3512
f 3539 3512 3540
f 3541 3542 3543
f 3541 3544 3542
f 3514 3544 3541
f 3514 3513 3544
f 3545 3546 3547
f 3548 3545 3547
f 3546 3515 3516
f 3547 3546 3516
f 3549 3550 3551
f 3552 3549 3551
f 3550 3517 3518
f 3551 3550 3518
f 3552 3551 3530
f 3529 3552 3530
f 3553 3554 3555
f 3553 3556 3554
f 3520 3556 3553
f 3520 3519 3556
f 3532 3555 3531
f 3532 3553 3555
f 3505 3553 3532
f 3505 3520 3553
f 3557 3558 3559
f 3557 3560 3558
f 3559 3382 3381
f 3559 3558 3382
f 3561 3494 3497
f 3562 3561 3497
f 3385 3561 3562
f 3334 3385 3562
f 3563 3564 3565
f 3563 3566 3564
f 3567 3317 3563
f 3317 3568 3563
f 3317 3316 3568
f 3563 3565 3567
f 3569 3570 3571
f 3571 3566 3569
f 3572 3566 3571
f 3566 3572 3564
f 3316 3569 3568
f 3316 3570 3569
f 3573 3574 3318
f 3573 3575 3574
f 3315 3576 3573
f 3576 3577 3573
f 3576 3578 3577
f 3573 3318 3315
f 3579 3580 3581
f 3581 3575 3579
f 3582 3575 3581
f 3575 3582 3574
f 3578 3579 3577
f 3578 3580 3579
f 3320 3319 3583
f 3584 3320 3583
f 3584 3583 3585
f 3586 3584 3585
f 3587 3321 3323
f 3587 3323 3588
f 3589 3587 3588
f 3589 3588 3590
f 3319 3325 3591
f 3583 3319 3591
f 3583 3591 3592
f 3585 3583 3592
f 3325 3326 3593
f 3591 3325 3593
f 3591 3593 3594
f 3592 3591 3594
f 3595 3329 3587
f 3329 3321 3587
f 3596 3595 3589
f 3595 3587 3589
f 3595 3597 3327
f 3329 3595 3327
f 3596 3598 3597
f 3595 3596 3597
f 3599 3448 3600
f 3599 3447 3448
f 3601 3600 3602
f 3601 3599 3600
f 3603 3450 3449
f 3603 3449 3604
f 3603 3604 3605
f 3604 3606 3605
f 3600 3506 3607
f 3600 3448 3506
f 3602 3607 3608
f 3602 3600 3607
f 3609 3603 3605
f 3610 3609 3605
f 3607 3507 3611
f 3607 3506 3507
f 3608 3611 3612
f 3608 3607 3611
f 3508 3477 3609
f 3613 3508 3609
f 3613 3609 3610
f 3614 3613 3610
f 3615 3534 3616
f 3615 3533 3534
f 3617 3616 3618
f 3617 3615 3616
f 3611 3533 3615
f 3611 3507 3533
f 3612 3615 3617
f 3612 3611 3615
f 3536 3535 3619
f 3620 3536 3619
f 3620 3619 3621
f 3622 3620 3621
f 3619 3613 3614
f 3621 3619 3614
f 3623 3624 3625
f 3624 3626 3625
f 3522 3531 3627
f 3531 3628 3627
f 3624 3629 3626
f 3629 3630 3626
f 3631 3632 3633
f 3632 3634 3633
f 3635 3636 3637
f 3636 3638 3637
f 3639 3640 3641
f 3640 3642 3641
f 3637 3638 3643
f 3638 3644 3643
f 3641 3642 3645
f 3642 3646 3645
f 3647 3648 3649
f 3648 3650 3649
f 3647 3651 3652
f 3647 3652 3648
f 3653 3654 3655
f 3653 3656 3654
f 3657 3658 3659
f 3657 3660 3658
f 3661 3662 3663
f 3664 3661 3663
f 3665 3666 3667
f 3665 3668 3666
f 3669 3670 3671
f 3672 3669 3671
f 3673 3674 3675
f 3673 3676 3674
f 3677 3678 3679
f 3680 3677 3679
f 3676 3681 3674
f 3676 3682 3681
f 3662 3683 3684
f 3663 3662 3684
f 3683 3685 3686
f 3684 3683 3686
f 3687 3668 3665
f 3687 3688 3668
f 3689 3688 3687
f 3689 3690 3688
f 3691 3692 3693
f 3694 3691 3693
f 3692 3669 3672
f 3693 3692 3672
f 3695 3696 3697
f 3695 3698 3696
f 3675 3698 3695
f 3675 3674 3698
f 3699 3700 3701
f 3702 3699 3701
f 3700 3677 3680
f 3701 3700 3680
f 3698 3703 3696
f 3698 3704 3703
f 3674 3704 3698
f 3674 3681 3704
f 3705 3706 3707
f 3708 3705 3707
f 3709 3710 3711
f 3710 3712 3711
f 3713 3714 3715
f 3714 3716 3715
f 3717 3718 3719
f 3718 3720 3719
f 3721 3722 3723
f 3722 3724 3723
f 3725 3726 3727
f 3726 3728 3727
f 3729 3640 3639
f 3730 3729 3639
f 3636 3731 3732
f 3636 3635 3731
f 3733 3675 3734
f 3733 3673 3675
f 3735 3697 3736
f 3735 3695 3697
f 3734 3695 3735
f 3734 3675 3695
f 3737 3729 3730
f 3738 3737 3730
f 3732 3739 3740
f 3732 3731 3739
f 3741 3734 3742
f 3741 3733 3734
f 3743 3736 3744
f 3743 3735 3736
f 3742 3735 3743
f 3742 3734 3735
f 3745 3737 3738
f 3746 3745 3738
f 3740 3747 3748
f 3740 3739 3747
f 3749 3742 3750
f 3749 3741 3742
f 3751 3744 3752
f 3751 3743 3744
f 3750 3743 3751
f 3750 3742 3743
f 3753 3754 3755
f 3756 3753 3755
f 3754 3745 3746
f 3755 3754 3746
f 3757 3758 3759
f 3757 3760 3758
f 3748 3760 3757
f 3748 3747 3760
f 3761 3750 3762
f 3761 3749 3750
f 3763 3762 3764
f 3763 3761 3762
f 3765 3752 3766
f 3765 3751 3752
f 3767 3766 3768
f 3767 3765 3766
f 3762 3751 3765
f 3762 3750 3751
f 3764 3765 3767
f 3764 3762 3765
f 3769 3770 3771
f 3770 3772 3771
f 3773 3774 3775
f 3776 3773 3775
f 3776 3777 3773
f 3776 3778 3777
f 3779 3780 3781
f 3782 3779 3781
f 3782 3781 3783
f 3784 3782 3783
f 3785 3786 3787
f 3788 3785 3787
f 3788 3787 3789
f 3790 3788 3789
f 3786 3779 3782
f 3787 3786 3782
f 3787 3782 3784
f 3789 3787 3784
f 3784 3783 3791
f 3792 3784 3791
f 3792 3791 3793
f 3774 3792 3793
f 3790 3789 3794
f 3795 3790 3794
f 3795 3794 3773
f 3777 3795 3773
f 3789 3784 3792
f 3794 3789 3792
f 3794 3792 3774
f 3773 3794 3774
f 3796 3797 3798
f 3797 3799 3798
f 3800 3801 3802
f 3801 3803 3802
f 3804 3805 3803
f 3805 3806 3803
f 3807 3808 3800
f 3807 3809 3808
f 3809 3810 3808
f 3809 3811 3810
f 3800 3812 3801
f 3800 3808 3812
f 3808 3813 3812
f 3808 3810 3813
f 3801 3814 3815
f 3801 3812 3814
f 3812 3816 3814
f 3812 3813 3816
f 3817 3815 3818
f 3817 3801 3815
f 3804 3818 3805
f 3804 3817 3818
f 3819 3820 3821
f 3820 3822 3821
f 3823 3824 3825
f 3826 3823 3825
f 3827 3828 3825
f 3828 3829 3825
f 3823 3824 3826
f 3824 3825 3826
f 3830 3831 3832
f 3828 3830 3832
f 3833 3834 3831
f 3830 3833 3831
f 3835 3833 3830
f 3836 3835 3830
f 3836 3830 3828
f 3827 3836 3828
f 3837 3835 3836
f 3838 3837 3836
f 3838 3836 3827
f 3839 3838 3827
f 3839 3827 3840
f 3841 3839 3840
f 3841 3840 3824
f 3823 3841 3824
f 3842 3843 3844
f 3843 3845 3844
f 3846 3847 3848
f 3847 3849 3848
f 3850 3851 3852
f 3851 3853 3852
f 3854 3855 3856
f 3857 3854 3856
f 3855 3858 3859
f 3856 3855 3859
f 3860 3861 3862
f 3860 3863 3861
f 3864 3863 3860
f 3864 3865 3863
f 3866 3867 3868
f 3869 3866 3868
f 3870 3871 3867
f 3866 3870 3867
f 3845 3843 3872
f 3873 3845 3872
f 3873 3872 3874
f 3875 3873 3874
f 3876 3877 3878
f 3876 3879 3877
f 3878 3880 3881
f 3878 3877 3880
f 3882 3883 3884
f 3885 3882 3884
f 3883 3886 3887
f 3884 3883 3887
f 3888 3889 3890
f 3888 3891 3889
f 3890 3892 3893
f 3890 3889 3892
f 3894 3895 3896
f 3897 3894 3896
f 3895 3898 3899
f 3896 3895 3899
f 3900 3901 3902
f 3901 3903 3902
f 3901 3904 3903
f 3902 3905 3900
f 3906 3907 3908
f 3906 3909 3907
f 3910 3911 3912
f 3911 3913 3912
f 3914 3915 3916
f 3915 3917 3916
f 3918 3919 3920
f 3919 3921 3920
f 3922 3923 3924
f 3923 3925 3924
f 3926 3927 3928
f 3927 3929 3928
f 3930 3931 3932
f 3931 3933 3932
f 3934 3935 3936
f 3935 3937 3936
f 3938 3939 3940
f 3939 3941 3940
f 3942 3906 3943
f 3943 3906 3908
f 3944 3943 3908
f 3944 3908 3945
f 3908 3946 3945
f 3942 3947 3906
f 3945 3946 3948
f 3946 3949 3948
f 3950 3951 3952
f 3951 3953 3952
f 3954 3955 3956
f 3955 3957 3956
f 3951 3958 3953
f 3958 3959 3953
f 3946 3960 3949
f 3960 3961 3949
f 3960 3907 3961
f 3907 3962 3961
f 3963 3950 3964
f 3950 3952 3964
f 3907 3909 3962
f 3909 3965 3962
f 3909 3966 3965
f 3966 3967 3965
f 3966 3947 3967
f 3947 3968 3967
f 3947 3942 3968
f 3942 3969 3968
f 3970 3963 3971
f 3963 3964 3971
f 3972 3973 3974
f 3973 3975 3974
f 3976 3970 3977
f 3970 3971 3977
f 3978 3979 3980
f 3979 3981 3980
f 3982 3983 3984
f 3985 3982 3984
f 3986 3987 3988
f 3986 3989 3987
f 3990 3991 3992
f 3993 3990 3992
f 3994 3995 3996
f 3997 3994 3996
f 3995 3990 3993
f 3996 3995 3993
f 3993 3992 3998
f 3999 3993 3998
f 3997 3996 4000
f 4001 3997 4000
f 3996 3993 3999
f 4000 3996 3999
f 3999 3998 4002
f 4003 3999 4002
f 4001 4000 4004
f 4005 4001 4004
f 4000 3999 4003
f 4004 4000 4003
f 4003 4002 4006
f 4007 4003 4006
f 4007 4006 4008
f 4009 4007 4008
f 4005 4004 4010
f 4011 4005 4010
f 4011 4010 4012
f 4013 4011 4012
f 4004 4003 4007
f 4010 4004 4007
f 4010 4007 4009
f 4012 4010 4009
f 4014 4015 4016
f 4015 4017 4016
f 4018 4019 4020
f 4019 4021 4020
f 4022 4023 4024
f 4023 4025 4024
f 4026 4027 4028
f 4027 4029 4028
f 4030 4031 4032
f 4031 4033 4032
f 4034 4035 4036
f 4035 4037 4036
f 4038 4039 4040
f 4039 4041 4040
f 4042 4043 4044
f 4043 4045 4044
f 4046 3985 3984
f 4046 3984 4047
f 4048 4046 4047
f 4049 4050 4051
f 4050 4052 4051
f 4053 4054 4055
f 4054 4056 4055
f 4057 4058 4059
f 4058 4060 4059
f 4061 4062 4063
f 4062 4064 4063
f 4065 4066 4067
f 4065 3986 4066
f 3986 3988 4066
f 4068 4069 4070
f 4069 4071 4070
f 4069 4072 4071
f 4072 4073 4071
f 4074 4075 4076
f 4075 4077 4076
f 4075 4078 4077
f 4077 4078 4079
f 4080 4077 4079
f 4080 4079 4081
f 4082 4080 4081
f 4074 4076 4083
f 4074 4083 4084
f 4083 4085 4084
f 4083 4080 4082
f 4085 4083 4082
f 4086 4087 4088
f 4086 4089 4087
f 4090 4091 4092
f 4090 4093 4091
f 4088 4093 4090
f 4088 4087 4093
f 4094 4095 4096
f 4097 4094 4096
f 4098 4099 4100
f 4098 4100 4101
f 4102 4103 4104
f 4105 4102 4104
f 4106 4107 4108
f 4106 4109 4107
f 4110 4108 4111
f 4110 4106 4108
f 4112 4109 4106
f 4112 4113 4109
f 4114 4106 4110
f 4114 4112 4106
f 4115 4113 4112
f 4115 4116 4113
f 4117 4112 4114
f 4117 4115 4112
f 4118 4119 4120
f 4118 4121 4119
f 4121 4122 4119
f 4122 4123 4119
f 4123 4124 4119
f 4121 4125 4122
f 4126 4127 4128
f 4126 4129 4127
f 4130 4131 4132
f 4130 4133 4131
f 4134 4129 4126
f 4129 4134 4130
f 4134 4135 4130
f 4135 4133 4130
f 4103 4136 4137
f 4104 4103 4137
f 4138 4139 4140
f 4138 4141 4139
f 4142 4140 4139
f 4142 4139 4143
f 4144 4142 4143
f 4143 4145 4144
f 4146 4145 4143
f 4146 4147 4145
f 4128 4141 4138
f 4128 4127 4141
f 4127 4146 4141
f 4127 4132 4146
f 4132 4147 4146
f 4132 4131 4147
f 4148 4149 4150
f 4151 4148 4150
f 4152 4153 4154
f 4155 4152 4154
f 4154 4153 4156
f 4154 4156 4157
f 4154 4157 4149
f 4150 4149 4157
f 4136 4152 4155
f 4155 4137 4136
f 4155 4148 4137
f 4148 4151 4137
f 4097 4096 4158
f 4097 4158 4074
f 4084 4097 4074
f 4096 4095 4159
f 4160 4159 4095
f 4160 4161 4159
f 4159 4161 4162
f 4163 4159 4162
f 4163 4162 4075
f 4158 4163 4074
f 4074 4163 4075
f 4164 4098 4101
f 4079 4164 4101
f 4079 4101 4081
f 4165 4166 4167
f 4166 4099 4167
f 4167 4099 4098
f 4078 4168 4169
f 4078 4169 4079
f 4169 4164 4079
f 4168 4165 4167
f 4168 4167 4169
f 4087 4089 4170
f 4087 4170 4118
f 4087 4118 4120
f 4087 4120 4093
f 4093 4120 4171
f 4091 4093 4171
f 4172 4173 4174
f 4172 4175 4173
f 4176 4174 4173
f 4176 4173 4177
f 4142 4176 4177
f 4177 4140 4142
f 4178 4138 4177
f 4138 4140 4177
f 4178 4179 4138
f 4180 4181 4182
f 4180 4183 4181
f 4184 4128 4185
f 4184 4126 4128
f 4186 4183 4180
f 4183 4186 4184
f 4186 4134 4184
f 4134 4126 4184
f 4182 4175 4172
f 4182 4181 4175
f 4175 4181 4185
f 4175 4185 4178
f 4185 4128 4178
f 4128 4179 4178
f 4187 4188 4189
f 4190 4187 4189
f 4151 4150 4191
f 4192 4151 4191
f 4191 4150 4157
f 4191 4157 4193
f 4191 4193 4188
f 4189 4188 4193
f 4194 4195 4196
f 4197 4194 4196
f 4105 4104 4198
f 4198 4199 4105
f 4198 4194 4199
f 4194 4197 4199
f 4104 4137 4200
f 4198 4104 4200
f 4137 4151 4192
f 4200 4137 4192
f 4200 4192 4187
f 4195 4200 4187
f 4195 4187 4190
f 4196 4195 4190
f 4201 4202 4203
f 4202 4204 4203
f 4205 4206 4207
f 4206 4208 4207
f 4209 4210 4211
f 4210 4212 4211
f 4213 4214 4215
f 4214 4216 4215
f 4217 4218 4219
f 4218 4220 4219
f 4221 4222 4223
f 4222 4224 4223
f 4225 4226 4227
f 4226 4228 4227
f 4229 4230 4231
f 4230 4232 4231
f 4233 4234 4235
f 4234 4236 4235
f 4237 4238 4239
f 4238 4240 4239
f 4241 4242 4243
f 4242 4244 4243
f 4245 4246 4247
f 4246 4248 4247
f 4249 4250 4251
f 4250 4252 4251
f 4253 4254 4255
f 4254 4256 4255
f 4257 4258 4259
f 4258 4260 4259
f 4261 4262 4263
f 4262 4264 4263
f 4265 4266 4267
f 4266 4268 4267
f 4269 4270 4271
f 4270 4272 4271
f 4273 4274 4275
f 4274 4276 4275
f 4277 4278 4279
f 4278 4280 4279
f 4281 4282 4283
f 4282 4284 4283
f 4285 4286 4287
f 4286 4288 4287
f 4289 4290 4291
f 4290 4292 4291
f 4293 4294 4295
f 4294 4296 4295
f 4297 4298 4299
f 4298 4300 4299
f 4301 4302 4303
f 4302 4304 4303
f 4305 4306 4307
f 4306 4308 4307
v -12.41691 -16.50024 -20.86449
v -12.13802 -16.50024 -21.67232
v -10.94855 -16.50024 -20.35757
v -10.66966 -16.50024 -21.16539
v -10.94855 -20.02682 -20.35757
v -10.66966 -20.02682 -21.16539
v -12.41691 -20.02682 -20.86449
v -12.13802 -20.02682 -21.67231
v -10.94855 -16.50024 -20.35757
v -10.66966 -16.50024 -21.16539
v -10.94855 -20.02682 -20.35757
v -10.66966 -20.02682 -21.16539
v -12.41691 -20.02682 -20.86449
v -12.41691 -16.50024 -20.86449
v -12.13802 -16.50024 -21.67232
v -12.13802 -20.02682 -21.67231
v -12.13802 -16.50024 -21.67232
v -10.66966 -16.50024 -21.16539
v -10.66966 -20.02682 -21.16539
v -12.13802 -20.02682 -21.67231
v -12.41691 -20.02682 -20.86449
v -10.94855 -20.02682 -20.35757
v -10.94855 -16.50024 -20.35757
v -12.41691 -16.50024 -20.86449
f 4309 4311 4312
f 4309 4312 4310
f 4317 4313 4314
f 4317 4314 4318
f 4319 4315 4316
f 4319 4316 4320
f 4321 4322 4323
f 4321 4323 4324
f 4325 4326 4327
f 4325 4327 4328
f 4329 4330 4331
f 4329 4331 4332
v 10.85027 -17.01931 5.727097
v 10.8503 -17.01931 9.272851
v 3.899705 -17.01931 5.727149
v 3.899732 -17.01931 9.272903
v 3.899705 -18.99794 5.727149
v 3.899732 -18.99794 9.272903
v 10.85027 -18.99794 5.727097
v 10.8503 -18.99794 9.272851
v 3.899705 -17.01931 5.727149
v 3.899732 -17.01931 9.272903
v 3.899705 -18.99794 5.727149
v 3.899732 -18.99794 9.272903
v 10.85027 -18.99794 5.727097
v 10.85027 -17.01931 5.727097
v 10.8503 -17.01931 9.272851
v 10.8503 -18.99794 9.272851
v 10.8503 -17.01931 9.272851
v 3.899732 -17.01931 9.272903
v 3.899732 -18.99794 9.272903
v 10.8503 -18.99794 9.272851
v 10.85027 -18.99794 5.727097
v 3.899705 -18.99794 5.727149
v 3.899705 -17.01931 5.727149
v 10.85027 -17.01931 5.727097
f 4333 4335 4336
f 4333 4336 4334
f 4341 4337 4338
f 4341 4338 4342
f 4343 4339 4340
f 4343 4340 4344
f 4345 4346 4347
f 4345 4347 4348
f 4349 4350 4351
f 4349 4351 4352
f 4353 4354 4355
f 4353 4355 4356
v -10.19672 -16.61912 7.71747
v -12.80328 -16.61912 7.71747
v -10.19672 -16.61912 5.13357
v -12.80328 -16.61912 5.13357
v -10.19672 -19.98564 5.133571
v -12.80328 -19.98564 5.133571
v -10.19672 -19.98564 7.717471
v -12.80328 -19.98564 7.717471
v -10.19672 -16.61912 5.13357
v -12.80328 -16.61912 5.13357
v -10.19672 -19.98564 5.133571
v -12.80328 -19.98564 5.133571
v -10.19672 -19.98564 7.717471
v -10.19672 -16.61912 7.71747
v -12.80328 -16.61912 7.71747
v -12.80328 -19.98564 7.717471
v -12.80328 -16.61912 7.71747
v -12.80328 -16.61912 5.13357
v -12.80328 -19.98564 5.133571
v -12.80328 -19.98564 7.717471
v -10.19672 -19.98564 7.717471
v -10.19672 -19.98564 5.133571
v -10.19672 -16.61912 5.13357
v -10.19672 -16.61912 7.71747
f 4357 4359 4360
f 4357 4360 4358
f 4365 4361 4362
f 4365 4362 4366
f 4367 4363 4364
f 4367 4364 4368
f 4369 4370 4371
f 4369 4371 4372
f 4373 4374 4375
f 4373 4375 4376
f 4377 4378 4379
f 4377 4379 4380
v -9.753981 -16.61912 9.375441
v -10.96679 -16.61912 11.68266
v -12.04114 -16.61912 8.173173
v -13.25395 -16.61912 10.48039
v -12.04114 -19.98564 8.173174
v -13.25395 -19.98564 10.48039
v -9.75398 -19.98564 9.375441
v -10.96679 -19.98564 11.68266
v -12.04114 -16.61912 8.173173
v -13.25395 -16.61912 10.48039
v -12.04114 -19.98564 8.173174
v -13.25395 -19.98564 10.48039
v -9.75398 -19.98564 9.375441
v -9.753981 -16.61912 9.375441
v -10.96679 -16.61912 11.68266
v -10.96679 -19.98564 11.68266
v -10.96679 -16.61912 11.68266
v -13.25395 -16.61912 10.48039
v -13.25395 -19.98564 10.48039
v -10.96679 -19.98564 11.68266
v -9.75398 -19.98564 9.375441
v -12.04114 -19.98564 8.173174
v -12.04114 -16.61912 8.173173
v -9.753981 -16.61912 9.375441
f 4381 4383 4384
f 4381 4384 4382
f 4389 4385 4386
f 4389 4386 4390
f 4391 4387 4388
f 4391 4388 4392
f 4393 4394 4395
f 4393 4395 4396
f 4397 4398 4399
f 4397 4399 4400
f 4401 4402 4403
f 4401 4403 4404
v -18.19672 -16.61912 -19.71253
v -20.80328 -16.61912 -19.71253
v -18.19672 -16.61912 -22.29643
v -20.80328 -16.61912 -22.29643
v -18.19672 -19.98565 -22.29643
v -20.80328 -19.98565 -22.29643
v -18.19672 -19.98564 -19.71253
v -20.80328 -19.98564 -19.71253
v -18.19672 -16.61912 -22.29643
v -20.80328 -16.61912 -22.29643
v -18.19672 -19.98565 -22.29643
v -20.80328 -19.98565 -22.29643
v -18.19672 -19.98564 -19.71253
v -18.19672 -16.61912 -19.71253
v -20.80328 -16.61912 -19.71253
v -20.80328 -19.98564 -19.71253
v -20.80328 -16.61912 -19.71253
v -20.80328 -16.61912 -22.29643
v -20.80328 -19.98565 -22.29643
v -20.80328 -19.98564 -19.71253
v -18.19672 -19.98564 -19.71253
v -18.19672 -19.98565 -22.29643
v -18.19672 -16.61912 -22.29643
v -18.19672 -16.61912 -19.71253
f 4405 4407 4408
f 4405 4408 4406
f 4413 4409 4410
f 4413 4410 4414
f 4415 4411 4412
f 4415 4412 4416
f 4417 4418 4419
f 4417 4419 4420
f 4421 4422 4423
f 4421 4423 4424
f 4425 4426 4427
f 4425 4427 4428
v -10.19672 -16.61912 14.21747
v -12.80328 -16.61912 14.21747
v -10.19672 -16.61912 11.63357
v -12.80328 -16.61912 11.63357
v -10.19672 -19.98564 11.63357
v -12.80328 -19.98564 11.63357
v -10.19672 -19.98564 14.21747
v -12.80328 -19.98564 14.21747
v -10.19672 -16.61912 11.63357
v -12.80328 -16.61912 11.63357
v -10.19672 -19.98564 11.63357
v -12.80328 -19.98564 11.63357
v -10.19672 -19.98564 14.21747
v -10.19672 -16.61912 14.21747
v -12.80328 -16.61912 14.21747
v -12.80328 -19.98564 14.21747
v -12.80328 -16.61912 14.21747
v -12.80328 -16.61912 11.63357
v -12.80328 -19.98564 11.63357
v -12.80328 -19.98564 14.21747
v -10.19672 -19.98564 14.21747
v -10.19672 -19.98564 11.63357
v -10.19672 -16.61912 11.63357
v -10.19672 -16.61912 14.21747
f 4429 4431 4432
f 4429 4432 4430
f 4437 4433 4434
f 4437 4434 4438
f 4439 4435 4436
f 4439 4436 4440
f 4441 4442 4443
f 4441 4443 4444
f 4445 4446 4447
f 4445 4447 4448
f 4449 4450 4451
f 4449 4451 4452
v -17.0035 -20.09614 0.05257237
v -16.99867 -20.08786 -3.569485
v -17.01412 -16.74178 0.06022367
v -17.00929 -16.7335 -3.561834
v -10.00187 -16.7196 0.06962204
v -9.997043 -16.71132 -3.552435
v -9.991249 -20.07396 0.06197073
v -9.986421 -20.06568 -3.560086
v -17.01412 -16.74178 0.06022367
v -17.00929 -16.7335 -3.561834
v -10.00187 -16.7196 0.06962204
v -9.997043 -16.71132 -3.552435
v -9.991249 -20.07396 0.06197073
v -17.0035 -20.09614 0.05257237
v -16.99867 -20.08786 -3.569485
v -9.986421 -20.06568 -3.560086
v -16.99867 -20.08786 -3.569485
v -17.00929 -16.7335 -3.561834
v -9.997043 -16.71132 -3.552435
v -9.986421 -20.06568 -3.560086
v -9.991249 -20.07396 0.06197073
v -10.00187 -16.7196 0.06962204
v -17.01412 -16.74178 0.06022367
v -17.0035 -20.09614 0.05257237
f 4453 4455 4456
f 4453 4456 4454
f 4461 4457 4458
f 4461 4458 4462
f 4463 4459 4460
f 4463 4460 4464
f 4465 4466 4467
f 4465 4467 4468
f 4469 4470 4471
f 4469 4471 4472
f 4473 4474 4475
f 4473 4475 4476
v 18.73086 -16.50024 -18.01273
v 18.14023 -16.50024 -18.6304
v 19.85358 -16.50024 -19.08631
v 19.26295 -16.50024 -19.70397
v 19.85358 -20.02682 -19.08631
v 19.26295 -20.02682 -19.70397
v 18.73086 -20.02682 -18.01273
v 18.14023 -20.02682 -18.6304
v 19.85358 -16.50024 -19.08631
v 19.26295 -16.50024 -19.70397
v 19.85358 -20.02682 -19.08631
v 19.26295 -20.02682 -19.70397
v 18.73086 -20.02682 -18.01273
v 18.73086 -16.50024 -18.01273
v 18.14023 -16.50024 -18.6304
v 18.14023 -20.02682 -18.6304
v 18.14023 -16.50024 -18.6304
v 19.26295 -16.50024 -19.70397
v 19.26295 -20.02682 -19.70397
v 18.14023 -20.02682 -18.6304
v 18.73086 -20.02682 -18.01273
v 19.85358 -20.02682 -19.08631
v 19.85358 -16.50024 -19.08631
v 18.73086 -16.50024 -18.01273
f 4477 4479 4480
f 4477 4480 4478
f 4485 4481 4482
f 4485 4482 4486
f 4487 4483 4484
f 4487 4484 4488
f 4489 4490 4491
f 4489 4491 4492
f 4493 4494 4495
f 4493 4495 4496
f 4497 4498 4499
f 4497 4499 4500
v -22.88211 -14.00518 -0.234642
v -22.87404 -14.00164 -3.563675
v -21.26619 -11.76837 -0.2283477
v -21.25813 -11.76483 -3.55738
v -15.58202 -15.87474 -0.2189493
v -15.57395 -15.8712 -3.547982
v -17.19793 -18.11156 -0.2252436
v -17.18987 -18.10802 -3.554276
v -21.26619 -11.76837 -0.2283477
v -21.25813 -11.76483 -3.55738
v -15.58202 -15.87474 -0.2189493
v -15.57395 -15.8712 -3.547982
v -17.19793 -18.11156 -0.2252436
v -22.88211 -14.00518 -0.234642
v -22.87404 -14.00164 -3.563675
v -17.18987 -18.10802 -3.554276
v -22.87404 -14.00164 -3.563675
v -21.25813 -11.76483 -3.55738
v -15.57395 -15.8712 -3.547982
v -17.18987 -18.10802 -3.554276
v -17.19793 -18.11156 -0.2252436
v -15.58202 -15.87474 -0.2189493
v -21.26619 -11.76837 -0.2283477
v -22.88211 -14.00518 -0.234642
f 4501 4503 4504
f 4501 4504 4502
f 4509 4505 4506
f 4509 4506 4510
f 4511 4507 4508
f 4511 4508 4512
f 4513 4514 4515
f 4513 4515 4516
f 4517 4518 4519
f 4517 4519 4520
f 4521 4522 4523
f 4521 4523 4524
v 17.39911 -17.54222 -21.04581
v 17.68054 -17.54222 -21.5759
v 18.36265 -17.54222 -20.53426
v 18.64408 -17.54222 -21.06435
v 18.36265 -20.01883 -20.53426
v 18.64408 -20.01883 -21.06435
v 17.39911 -20.01883 -21.04581
v 17.68054 -20.01883 -21.5759
v 18.36265 -17.54222 -20.53426
v 18.64408 -17.54222 -21.06435
v 18.36265 -20.01883 -20.53426
v 18.64408 -20.01883 -21.06435
v 17.39911 -20.01883 -21.04581
v 17.39911 -17.54222 -21.04581
v 17.68054 -17.54222 -21.5759
v 17.68054 -20.01883 -21.5759
v 17.68054 -17.54222 -21.5759
v 18.64408 -17.54222 -21.06435
v 18.64408 -20.01883 -21.06435
v 17.68054 -20.01883 -21.5759
v 17.39911 -20.01883 -21.04581
v 18.36265 -20.01883 -20.53426
v 18.36265 -17.54222 -20.53426
v 17.39911 -17.54222 -21.04581
f 4525 4527 4528
f 4525 4528 4526
f 4533 4529 4530
f 4533 4530 4534
f 4535 4531 4532
f 4535 4532 4536
f 4537 4538 4539
f 4537 4539 4540
f 4541 4542 4543
f 4541 4543 4544
f 4545 4546 4547
f 4545 4547 4548
v -1.950002 -18 -6.600022
v 0.950004 -18 -6.599989
v -1.950002 -14.5 -6.600022
v 0.950004 -14.5 -6.599989
v -1.950004 -14.5 -6.400011
v 0.9500018 -14.5 -6.399978
v -1.950004 -18 -6.400011
v 0.9500018 -18 -6.399978
v -1.950002 -14.5 -6.600022
v 0.950004 -14.5 -6.599989
v -1.950004 -14.5 -6.400011
v 0.9500018 -14.5 -6.399978
v -1.950004 -18 -6.400011
v -1.950002 -18 -6.600022
v 0.950004 -18 -6.599989
v 0.9500018 -18 -6.399978
v 0.950004 -18 -6.599989
v 0.950004 -14.5 -6.599989
v 0.9500018 -14.5 -6.399978
v 0.9500018 -18 -6.399978
v -1.950004 -18 -6.400011
v -1.950004 -14.5 -6.400011
v -1.950002 -14.5 -6.600022
v -1.950002 -18 -6.600022
f 4549 4551 4552
f 4549 4552 4550
f 4557 4553 4554
f 4557 4554 4558
f 4559 4555 4556
f 4559 4556 4560
f 4561 4562 4563
f 4561 4563 4564
f 4565 4566 4567
f 4565 4567 4568
f 4569 4570 4571
f 4569 4571 4572
v 2.860995 -7.877803 9.509636
v -1.10017 -7.877803 9.509636
v 2.860995 -7.877804 1.251308
v -1.10017 -7.877804 1.251308
v 2.860995 -10.01286 1.251308
v -1.10017 -10.01286 1.251308
v 2.860995 -10.01286 9.509636
v -1.10017 -10.01286 9.509636
v 2.860995 -7.877804 1.251308
v -1.10017 -7.877804 1.251308
v 2.860995 -10.01286 1.251308
v -1.10017 -10.01286 1.251308
v 2.860995 -10.01286 9.509636
v 2.860995 -7.877803 9.509636
v -1.10017 -7.877803 9.509636
v -1.10017 -10.01286 9.509636
v -1.10017 -7.877803 9.509636
v -1.10017 -7.877804 1.251308
v -1.10017 -10.01286 1.251308
v -1.10017 -10.01286 9.509636
v 2.860995 -10.01286 9.509636
v 2.860995 -10.01286 1.251308
v 2.860995 -7.877804 1.251308
v 2.860995 -7.877803 9.509636
f 4573 4575 4576
f 4573 4576 4574
f 4581 4577 4578
f 4581 4578 4582
f 4583 4579 4580
f 4583 4580 4584
f 4585 4586 4587
f 4585 4587 4588
f 4589 4590 4591
f 4589 4591 4592
f 4593 4594 4595
f 4593 4595 4596
v 10.85027 -17.01931 -3.272903
v 10.8503 -17.01931 0.2728509
v 3.899705 -17.01931 -3.272851
v 3.899732 -17.01931 0.2729035
v 3.899705 -18.99794 -3.272851
v 3.899732 -18.99794 0.2729035
v 10.85027 -18.99794 -3.272903
v 10.8503 -18.99794 0.2728509
v 3.899705 -17.01931 -3.272851
v 3.899732 -17.01931 0.2729035
v 3.899705 -18.99794 -3.272851
v 3.899732 -18.99794 0.2729035
v 10.85027 -18.99794 -3.272903
v 10.85027 -17.01931 -3.272903
v 10.8503 -17.01931 0.2728509
v 10.8503 -18.99794 0.2728509
v 10.8503 -17.01931 0.2728509
v 3.899732 -17.01931 0.2729035
v 3.899732 -18.99794 0.2729035
v 10.8503 -18.99794 0.2728509
v 10.85027 -18.99794 -3.272903
v 3.899705 -18.99794 -3.272851
v 3.899705 -17.01931 -3.272851
v 10.85027 -17.01931 -3.272903
f 4597 4599 4600
f 4597 4600 4598
f 4605 4601 4602
f 4605 4602 4606
f 4607 4603 4604
f 4607 4604 4608
f 4609 4610 4611
f 4609 4611 4612
f 4613 4614 4615
f 4613 4615 4616
f 4617 4618 4619
f 4617 4619 4620
v 20.30328 -16.61912 3.53747
v 17.69672 -16.61912 3.53747
v 20.30328 -16.61912 0.95357
v 17.69672 -16.61912 0.95357
v 20.30328 -19.98565 0.9535704
v 17.69672 -19.98565 0.9535704
v 20.30328 -19.98564 3.537471
v 17.69672 -19.98564 3.537471
v 20.30328 -16.61912 0.95357
v 17.69672 -16.61912 0.95357
v 20.30328 -19.98565 0.9535704
v 17.69672 -19.98565 0.9535704
v 20.30328 -19.98564 3.537471
v 20.30328 -16.61912 3.53747
v 17.69672 -16.61912 3.53747
v 17.69672 -19.98564 3.537471
v 17.69672 -16.61912 3.53747
v 17.69672 -16.61912 0.95357
v 17.69672 -19.98565 0.9535704
v 17.69672 -19.98564 3.537471
v 20.30328 -19.98564 3.537471
v 20.30328 -19.98565 0.9535704
v 20.30328 -16.61912 0.95357
v 20.30328 -16.61912 3.53747
f 4621 4623 4624
f 4621 4624 4622
f 4629 4625 4626
f 4629 4626 4630
f 4631 4627 4628
f 4631 4628 4632
f 4633 4634 4635
f 4633 4635 4636
f 4637 4638 4639
f 4637 4639 4640
f 4641 4642 4643
f 4641 4643 4644
v 22.11512 -20.07076 21.43174
v 19.01126 -20.06364 21.50031
v 22.12071 -17.70554 21.43912
v 19.01684 -17.69842 21.5077
v 21.98799 -17.68646 15.43008
v 18.88412 -17.67935 15.49866
v 21.9824 -20.05169 15.4227
v 18.87854 -20.04457 15.49127
v 22.12071 -17.70554 21.43912
v 19.01684 -17.69842 21.5077
v 21.98799 -17.68646 15.43008
v 18.88412 -17.67935 15.49866
v 21.9824 -20.05169 15.4227
v 22.11512 -20.07076 21.43174
v 19.01126 -20.06364 21.50031
v 18.87854 -20.04457 15.49127
v 19.01126 -20.06364 21.50031
v 19.01684 -17.69842 21.5077
v 18.88412 -17.67935 15.49866
v 18.87854 -20.04457 15.49127
v 21.9824 -20.05169 15.4227
v 21.98799 -17.68646 15.43008
v 22.12071 -17.70554 21.43912
v 22.11512 -20.07076 21.43174
f 4645 4647 4648
f 4645 4648 4646
f 4653 4649 4650
f 4653 4650 4654
f 4655 4651 4652
f 4655 4652 4656
f 4657 4658 4659
f 4657 4659 4660
f 4661 4662 4663
f 4661 4663 4664
f 4665 4666 4667
f 4665 4667 4668
v -10.01422 -13.23912 11.00172
v -12.58978 -13.23912 11.40259
v -10.4116 -13.23912 8.448563
v -12.98715 -13.23912 8.849423
v -10.4116 -16.60565 8.448563
v -12.98715 -16.60565 8.849423
v -10.01422 -16.60564 11.00172
v -12.58978 -16.60564 11.40259
v -10.4116 -13.23912 8.448563
v -12.98715 -13.23912 8.849423
v -10.4116 -16.60565 8.448563
v -12.98715 -16.60565 8.849423
v -10.01422 -16.60564 11.00172
v -10.01422 -13.23912 11.00172
v -12.58978 -13.23912 11.40259
v -12.58978 -16.60564 11.40259
v -12.58978 -13.23912 11.40259
v -12.98715 -13.23912 8.849423
v -12.98715 -16.60565 8.849423
v -12.58978 -16.60564 11.40259
v -10.01422 -16.60564 11.00172
v -10.4116 -16.60565 8.448563
v -10.4116 -13.23912 8.448563
v -10.01422 -13.23912 11.00172
f 4669 4671 4672
f 4669 4672 4670
f 4677 4673 4674
f 4677 4674 4678
f 4679 4675 4676
f 4679 4676 4680
f 4681 4682 4683
f 4681 4683 4684
f 4685 4686 4687
f 4685 4687 4688
f 4689 4690 4691
f 4689 4691 4692
v -8.897861 -17.01931 -5.975293
v -5.352104 -17.01931 -5.975275
v -8.897896 -17.01931 0.9752739
v -5.352139 -17.01931 0.9752921
v -8.897896 -18.99794 0.9752741
v -5.352139 -18.99794 0.9752923
v -8.897861 -18.99794 -5.975293
v -5.352104 -18.99794 -5.975275
v -8.897896 -17.01931 0.9752739
v -5.352139 -17.01931 0.9752921
v -8.897896 -18.99794 0.9752741
v -5.352139 -18.99794 0.9752923
v -8.897861 -18.99794 -5.975293
v -8.897861 -17.01931 -5.975293
v -5.352104 -17.01931 -5.975275
v -5.352104 -18.99794 -5.975275
v -5.352104 -17.01931 -5.975275
v -5.352139 -17.01931 0.9752921
v -5.352139 -18.99794 0.9752923
v -5.352104 -18.99794 -5.975275
v -8.897861 -18.99794 -5.975293
v -8.897896 -18.99794 0.9752741
v -8.897896 -17.01931 0.9752739
v -8.897861 -17.01931 -5.975293
f 4693 4695 4696
f 4693 4696 4694
f 4701 4697 4698
f 4701 4698 4702
f 4703 4699 4700
f 4703 4700 4704
f 4705 4706 4707
f 4705 4707 4708
f 4709 4710 4711
f 4709 4711 4712
f 4713 4714 4715
f 4713 4715 4716
v 3.95 -18 -6.425
v 1.05 -18 -6.425
v 3.95 -14.5 -6.425
v 1.05 -14.5 -6.425
v 3.95 -14.5 -6.575
v 1.05 -14.5 -6.575
v 3.95 -18 -6.575
v 1.05 -18 -6.575
v 3.95 -14.5 -6.425
v 1.05 -14.5 -6.425
v 3.95 -14.5 -6.575
v 1.05 -14.5 -6.575
v 3.95 -18 -6.575
v 3.95 -18 -6.425
v 1.05 -18 -6.425
v 1.05 -18 -6.575
v 1.05 -18 -6.425
v 1.05 -14.5 -6.425
v 1.05 -14.5 -6.575
v 1.05 -18 -6.575
v 3.95 -18 -6.575
v 3.95 -14.5 -6.575
v 3.95 -14.5 -6.425
v 3.95 -18 -6.425
f 4717 4719 4720
f 4717 4720 4718
f 4725 4721 4722
f 4725 4722 4726
f 4727 4723 4724
f 4727 4724 4728
f 4729 4730 4731
f 4729 4731 4732
f 4733 4734 4735
f 4733 4735 4736
f 4737 4738 4739
f 4737 4739 4740
v 3.779495 -16.50024 -19.53725
v 3.064375 -16.50024 -19.06932
v 2.928957 -16.50024 -20.83711
v 2.213837 -16.50024 -20.36918
v 2.928957 -20.02682 -20.8371
v 2.213838 -20.02682 -20.36918
v 3.779495 -20.02682 -19.53725
v 3.064376 -20.02682 -19.06932
v 2.928957 -16.50024 -20.83711
v 2.213837 -16.50024 -20.36918
v 2.928957 -20.02682 -20.8371
v 2.213838 -20.02682 -20.36918
v 3.779495 -20.02682 -19.53725
v 3.779495 -16.50024 -19.53725
v 3.064375 -16.50024 -19.06932
v 3.064376 -20.02682 -19.06932
v 3.064375 -16.50024 -19.06932
v 2.213837 -16.50024 -20.36918
v 2.213838 -20.02682 -20.36918
v 3.064376 -20.02682 -19.06932
v 3.779495 -20.02682 -19.53725
v 2.928957 -20.02682 -20.8371
v 2.928957 -16.50024 -20.83711
v 3.779495 -16.50024 -19.53725
f 4741 4743 4744
f 4741 4744 4742
f 4749 4745 4746
f 4749 4746 4750
f 4751 4747 4748
f 4751 4748 4752
f 4753 4754 4755
f 4753 4755 4756
f 4757 4758 4759
f 4757 4759 4760
f 4761 4762 4763
f 4761 4763 4764
v -20.66049 15.93245 -7.844178
v -20.67634 15.93245 11.29203
v -22.57573 15.93245 -7.845764
v -22.59158 15.93245 11.29044
v -22.57574 4.667546 -7.845764
v -22.59158 4.667546 11.29044
v -20.6605 4.667545 -7.844178
v -20.67635 4.667545 11.29203
v -22.57573 15.93245 -7.845764
v -22.59158 15.93245 11.29044
v -22.57574 4.667546 -7.845764
v -22.59158 4.667546 11.29044
v -20.6605 4.667545 -7.844178
v -20.66049 15.93245 -7.844178
v -20.67634 15.93245 11.29203
v -20.67635 4.667545 11.29203
v -20.67634 15.93245 11.29203
v -22.59158 15.93245 11.29044
v -22.59158 4.667546 11.29044
v -20.67635 4.667545 11.29203
v -20.6605 4.667545 -7.844178
v -22.57574 4.667546 -7.845764
v -22.57573 15.93245 -7.845764
v -20.66049 15.93245 -7.844178
f 4765 4767 4768
f 4765 4768 4766
f 4773 4769 4770
f 4773 4770 4774
f 4775 4771 4772
f 4775 4772 4776
f 4777 4778 4779
f 4777 4779 4780
f 4781 4782 4783
f 4781 4783 4784
f 4785 4786 4787
f 4785 4787 4788
v 20.80592 14.39048 -4.745168
v 20.80591 -4.176207 -4.745161
v 22.66415 14.39048 -4.743682
v 22.66414 -4.176208 -4.743675
v 22.65541 14.39049 6.185965
v 22.65541 -4.176204 6.185972
v 20.79718 14.39049 6.184479
v 20.79717 -4.176202 6.184486
v 22.66415 14.39048 -4.743682
v 22.66414 -4.176208 -4.743675
v 22.65541 14.39049 6.185965
v 22.65541 -4.176204 6.185972
v 20.79718 14.39049 6.184479
v 20.80592 14.39048 -4.745168
v 20.80591 -4.176207 -4.745161
v 20.79717 -4.176202 6.184486
v 20.80591 -4.176207 -4.745161
v 22.66414 -4.176208 -4.743675
v 22.65541 -4.176204 6.185972
v 20.79717 -4.176202 6.184486
v 20.79718 14.39049 6.184479
v 22.65541 14.39049 6.185965
v 22.66415 14.39048 -4.743682
v 20.80592 14.39048 -4.745168
f 4789 4791 4792
f 4789 4792 4790
f 4797 4793 4794
f 4797 4794 4798
f 4799 4795 4796
f 4799 4796 4800
f 4801 4802 4803
f 4801 4803 4804
f 4805 4806 4807
f 4805 4807 4808
f 4809 4810 4811
f 4809 4811 4812
v -5.265182 14.39048 -20.43611
v -5.265174 -4.176207 -20.4361
v -5.263632 14.39048 -22.29434
v -5.263623 -4.176208 -22.29434
v 5.666013 14.39049 -22.28522
v 5.666021 -4.176203 -22.28522
v 5.664462 14.39049 -20.42698
v 5.664471 -4.176202 -20.42698
v -5.263632 14.39048 -22.29434
v -5.263623 -4.176208 -22.29434
v 5.666013 14.39049 -22.28522
v 5.666021 -4.176203 -22.28522
v 5.664462 14.39049 -20.42698
v -5.265182 14.39048 -20.43611
v -5.265174 -4.176207 -20.4361
v 5.664471 -4.176202 -20.42698
v -5.265174 -4.176207 -20.4361
v -5.263623 -4.176208 -22.29434
v 5.666021 -4.176203 -22.28522
v 5.664471 -4.176202 -20.42698
v 5.664462 14.39049 -20.42698
v 5.666013 14.39049 -22.28522
v -5.263632 14.39048 -22.29434
v -5.265182 14.39048 -20.43611
f 4813 4815 4816
f 4813 4816 4814
f 4821 4817 4818
f 4821 4818 4822
f 4823 4819 4820
f 4823 4820 4824
f 4825 4826 4827
f 4825 4827 4828
f 4829 4830 4831
f 4829 4831 4832
f 4833 4834 4835
f 4833 4835 4836
v 5.664689 17.26048 20.57607
v 5.66468 -1.306206 20.57607
v 5.663148 17.26048 22.43431
v 5.66314 -1.306206 22.43431
v -5.266495 17.26049 22.42525
v -5.266504 -1.306201 22.42525
v -5.264955 17.26049 20.56701
v -5.264964 -1.306201 20.56701
v 5.663148 17.26048 22.43431
v 5.66314 -1.306206 22.43431
v -5.266495 17.26049 22.42525
v -5.266504 -1.306201 22.42525
v -5.264955 17.26049 20.56701
v 5.664689 17.26048 20.57607
v 5.66468 -1.306206 20.57607
v -5.264964 -1.306201 20.56701
v 5.66468 -1.306206 20.57607
v 5.66314 -1.306206 22.43431
v -5.266504 -1.306201 22.42525
v -5.264964 -1.306201 20.56701
v -5.264955 17.26049 20.56701
v -5.266495 17.26049 22.42525
v 5.663148 17.26048 22.43431
v 5.664689 17.26048 20.57607
f 4837 4839 4840
f 4837 4840 4838
f 4845 4841 4842
f 4845 4842 4846
f 4847 4843 4844
f 4847 4844 4848
f 4849 4850 4851
f 4849 4851 4852
f 4853 4854 4855
f 4853 4855 4856
f 4857 4858 4859
f 4857 4859 4860
v 20.57075 -20 -7.598322
v 18.59832 -20 -7.929246
v 20.57075 -18 -7.598322
v 18.59832 -18 -7.929246
v 20.90168 -18 -9.570754
v 18.92925 -18 -9.901678
v 20.90168 -20 -9.570754
v 18.92925 -20 -9.901678
v 20.57075 -18 -7.598322
v 18.59832 -18 -7.929246
v 20.90168 -18 -9.570754
v 18.92925 -18 -9.901678
v 20.90168 -20 -9.570754
v 20.57075 -20 -7.598322
v 18.59832 -20 -7.929246
v 18.92925 -20 -9.901678
v 18.59832 -20 -7.929246
v 18.59832 -18 -7.929246
v 18.92925 -18 -9.901678
v 18.92925 -20 -9.901678
v 20.90168 -20 -9.570754
v 20.90168 -18 -9.570754
v 20.57075 -18 -7.598322
v 20.57075 -20 -7.598322
f 4861 4863 4864
f 4861 4864 4862
f 4869 4865 4866
f 4869 4866 4870
f 4871 4867 4868
f 4871 4868 4872
f 4873 4874 4875
f 4873 4875 4876
f 4877 4878 4879
f 4877 4879 4880
f 4881 4882 4883
f 4881 4883 4884
v 19 -20 0
v 15 -20 0
v 19 -16 0
v 15 -16 0
v 19 -16 -4
v 15 -16 -4
v 19 -20 -4
v 15 -20 -4
v 19 -16 0
v 15 -16 0
v 19 -16 -4
v 15 -16 -4
v 19 -20 -4
v 19 -20 0
v 15 -20 0
v 15 -20 -4
v 15 -20 0
v 15 -16 0
v 15 -16 -4
v 15 -20 -4
v 19 -20 -4
v 19 -16 -4
v 19 -16 0
v 19 -20 0
f 4885 4887 4888
f 4885 4888 4886
f 4893 4889 4890
f 4893 4890 4894
f 4895 4891 4892
f 4895 4892 4896
f 4897 4898 4899
f 4897 4899 4900
f 4901 4902 4903
f 4901 4903 4904
f 4905 4906 4907
f 4905 4907 4908
v -2.249612 -11 15.00039
v -2.250388 -11 19.00039
v -2.249612 -7 15.00039
v -2.250388 -7 19.00039
v -6.249612 -7 14.99961
v -6.250388 -7 18.99961
v -6.249612 -11 14.99961
v -6.250388 -11 18.99961
v -2.249612 -7 15.00039
v -2.250388 -7 19.00039
v -6.249612 -7 14.99961
v -6.250388 -7 18.99961
v -6.249612 -11 14.99961
v -2.249612 -11 15.00039
v -2.250388 -11 19.00039
v -6.250388 -11 18.99961
v -2.250388 -11 19.00039
v -2.250388 -7 19.00039
v -6.250388 -7 18.99961
v -6.250388 -11 18.99961
v -6.249612 -11 14.99961
v -6.249612 -7 14.99961
v -2.249612 -7 15.00039
v -2.249612 -11 15.00039
f 4909 4911 4912
f 4909 4912 4910
f 4917 4913 4914
f 4917 4914 4918
f 4919 4915 4916
f 4919 4916 4920
f 4921 4922 4923
f 4921 4923 4924
f 4925 4926 4927
f 4925 4927 4928
f 4929 4930 4931
f 4929 4931 4932
v 21.75 -20 -4
v 18.75 -20 -4
v 21.75 -17 -4
v 18.75 -17 -4
v 21.75 -17 -7
v 18.75 -17 -7
v 21.75 -20 -7
v 18.75 -20 -7
v 21.75 -17 -4
v 18.75 -17 -4
v 21.75 -17 -7
v 18.75 -17 -7
v 21.75 -20 -7
v 21.75 -20 -4
v 18.75 -20 -4
v 18.75 -20 -7
v 18.75 -20 -4
v 18.75 -17 -4
v 18.75 -17 -7
v 18.75 -20 -7
v 21.75 -20 -7
v 21.75 -17 -7
v 21.75 -17 -4
v 21.75 -20 -4
f 4933 4935 4936
f 4933 4936 4934
f 4941 4937 4938
f 4941 4938 4942
f 4943 4939 4940
f 4943 4940 4944
f 4945 4946 4947
f 4945 4947 4948
f 4949 4950 4951
f 4949 4951 4952
f 4953 4954 4955
f 4953 4955 4956
