v -11.64809 -9.599053 4.588099
v -11.60741 -9.806212 7.2502
v -10.10897 -9.127459 9.99253
v -7.497045 -9.734076 -1.644164
v -18.51876 -9.677162 4.609625
v -12.8661 -9.793938 -4.488618
v -5.882023 -9.17573 10.34012
v -6.909358 -10.21017 -3.810407
v -5.790309 -10.08682 -5.677199
v -2.535978 -8.852881 12.33219
v -6.474265 -8.961127 19.66232
v -11.37983 -9.097825 19.9285
v -3.071329 -8.43517 22.17701
v -4.991 -9.705216 -6.293455
v -10.10375 -10.20956 -10.8153
v -7.577793 -10.50822 -12.30624
v -2.834229 -9.71422 -5.471303
v -1.088669 -8.975403 15.14878
v 1.72155 -8.478854 22.47294
v -0.7706047 -10.30075 -7.219944
v 1.438271 -8.851214 15.12667
v 6.552496 -8.593142 22.28717
v 4.390559 -8.940882 14.13469
v 1.024314 -10.22728 -7.06532
v -1.973831 -10.60276 -13.3582
v 1.570731 -10.39439 -13.30667
v 2.435994 -9.781838 -6.672978
v 3.916268 -9.722514 -5.650012
v 7.392733 -9.002378 12.51416
v 8.998728 -9.516331 -2.649925
v 9.826515 -8.494039 18.86537
v 6.552496 -8.593142 22.28717
v 10.62354 -8.709879 11.92506
v 13.81189 -8.621027 17.19606
v 9.826515 -8.494039 18.86537
v 10.92479 -9.521829 8.34796
v 11.66806 -9.05316 -0.3050101
v 12.04713 -9.165636 4.391174
v 12.81656 -9.224577 1.829527
v 11.65579 -28.72774 -13.01258
v 9.209222 -17.36332 -8.259202
v 9.768213 -17.02934 -6.779438
v 13.98261 -28.34935 -8.44672
v -4.084486 -26.48915 26.2868
v -4.017186 -16.34728 19.25297
v -7.128266 -16.72612 16.84999
v -6.663603 -26.98183 20.50714
v 19.88007 -27.60422 6.291718
v 16.77552 -16.23843 5.887625
v 15.54444 -15.91326 11.79633
v 18.11787 -27.2217 12.74883
v 20.16965 -27.44262 20.65272
v 16.50812 -16.33944 16.48541
v 9.92876 -18.24753 16.97871
v 12.73478 -28.69054 21.77324
v -6.663603 -26.98183 20.50714
v -7.128266 -16.72612 16.84999
v -10.84265 -16.84669 12.05834
v -11.57382 -26.92272 18.20035
v 18.11787 -27.2217 12.74883
v 15.54444 -15.91326 11.79633
v 16.50812 -16.33944 16.48541
v 20.16965 -27.44262 20.65272
v -16.93999 -28.5272 -13.78492
v -11.43816 -17.33682 -7.343917
v -7.762753 -17.48167 -10.11525
v -12.07791 -28.96152 -16.85143
v -12.07791 -28.96152 -16.85143
v -7.762753 -17.48167 -10.11525
v -3.299164 -17.40062 -8.318175
v -6.358744 -28.94373 -14.45825
v -19.82218 -26.72187 18.06092
v -18.00417 -16.8332 11.47089
v -17.4115 -16.45429 9.244162
v -20.45359 -27.70499 10.33751
v -11.57382 -26.92272 18.20035
v -10.84265 -16.84669 12.05834
v -18.00417 -16.8332 11.47089
v -19.82218 -26.72187 18.06092
v -6.358744 -28.94373 -14.45825
v -3.299164 -17.40062 -8.318175
v 0.6821141 -17.54472 -11.82472
v -1.337654 -28.98767 -19.16282
v -20.45359 -27.70499 10.33751
v -17.4115 -16.45429 9.244162
v -16.37356 -17.00502 6.04199
v -21.07687 -27.76932 4.49131
v 21.87351 -27.70345 0.9261019
v 18.36582 -16.49832 1.135507
v 16.77552 -16.23843 5.887625
v 19.88007 -27.60422 6.291718
v 2.130375 -26.8355 25.64354
v 1.736502 -16.30571 19.40049
v -4.017186 -16.34728 19.25297
v -4.084486 -26.48915 26.2868
v -20.59348 -28.3236 -7.40061
v -14.30565 -17.09519 -2.38872
v -11.43816 -17.33682 -7.343917
v -16.93999 -28.5272 -13.78492
v 8.257446 -28.7841 -16.94952
v 6.204738 -17.28445 -10.48086
v 9.209222 -17.36332 -8.259202
v 11.65579 -28.72774 -13.01258
v 18.67375 -28.28203 -3.604954
v 13.44915 -16.94688 -2.894123
v 18.36582 -16.49832 1.135507
v 21.87351 -27.70345 0.9261019
v 7.975266 -26.42679 24.53163
v 6.74615 -16.41407 17.28393
v 1.736502 -16.30571 19.40049
v 2.130375 -26.8355 25.64354
v -22.00913 -28.12162 -1.411174
v -15.29204 -16.91095 2.304774
v -14.30565 -17.09519 -2.38872
v -20.59348 -28.3236 -7.40061
v 4.27617 -28.99417 -18.29851
v 3.348526 -17.55619 -11.22276
v 6.204738 -17.28445 -10.48086
v 8.257446 -28.7841 -16.94952
v 13.98261 -28.34935 -8.44672
v 9.768213 -17.02934 -6.779438
v 13.44915 -16.94688 -2.894123
v 18.67375 -28.28203 -3.604954
v 12.73478 -28.69054 21.77324
v 9.92876 -18.24753 16.97871
v 6.74615 -16.41407 17.28393
v 7.975266 -26.42679 24.53163
v -21.07687 -27.76932 4.49131
v -16.37356 -17.00502 6.04199
v -15.29204 -16.91095 2.304774
v -22.00913 -28.12162 -1.411174
v -1.337654 -28.98767 -19.16282
v 0.6821141 -17.54472 -11.82472
v 3.348526 -17.55619 -11.22276
v 4.27617 -28.99417 -18.29851
v -17.4115 -16.45429 9.244162
v -18.82757 -9.116287 9.3896
v -18.51876 -9.677162 4.609625
v -16.37356 -17.00502 6.04199
v -3.299164 -17.40062 -8.318175
v -4.621665 -10.60396 -11.0176
v -1.973831 -10.60276 -13.3582
v 0.6821141 -17.54472 -11.82472
v -10.84265 -16.84669 12.05834
v -11.37983 -9.097825 19.9285
v -16.60594 -9.080769 16.35665
v -18.00417 -16.8332 11.47089
v -18.00417 -16.8332 11.47089
v -16.60594 -9.080769 16.35665
v -18.82757 -9.116287 9.3896
v -17.4115 -16.45429 9.244162
v -7.762753 -17.48167 -10.11525
v -7.577793 -10.50822 -12.30624
v -4.621665 -10.60396 -11.0176
v -3.299164 -17.40062 -8.318175
v -11.43816 -17.33682 -7.343917
v -10.10375 -10.20956 -10.8153
v -7.577793 -10.50822 -12.30624
v -7.762753 -17.48167 -10.11525
v 15.54444 -15.91326 11.79633
v 17.63023 -9.068589 13.38434
v 13.81189 -8.621027 17.19606
v 16.50812 -16.33944 16.48541
v -7.128266 -16.72612 16.84999
v -6.474265 -8.961127 19.66232
v -11.37983 -9.097825 19.9285
v -10.84265 -16.84669 12.05834
v 16.50812 -16.33944 16.48541
v 13.81189 -8.621027 17.19606
v 9.826515 -8.494039 18.86537
v 9.92876 -18.24753 16.97871
v 16.77552 -16.23843 5.887625
v 18.68925 -9.272871 5.503067
v 17.63023 -9.068589 13.38434
v 15.54444 -15.91326 11.79633
v -4.017186 -16.34728 19.25297
v -3.071329 -8.43517 22.17701
v -6.474265 -8.961127 19.66232
v -7.128266 -16.72612 16.84999
v 9.209222 -17.36332 -8.259202
v 6.387271 -10.2268 -10.97796
v 13.47592 -10.15391 -6.500608
v 9.768213 -17.02934 -6.779438
v 18.36582 -16.49832 1.135507
v 19.8724 -9.626324 1.105825
v 18.68925 -9.272871 5.503067
v 16.77552 -16.23843 5.887625
v 1.736502 -16.30571 19.40049
v 1.72155 -8.478854 22.47294
v -3.071329 -8.43517 22.17701
v -4.017186 -16.34728 19.25297
v -14.30565 -17.09519 -2.38872
v -11.72435 -10.34315 -7.365394
v -10.10375 -10.20956 -10.8153
v -11.43816 -17.33682 -7.343917
v 6.204738 -17.28445 -10.48086
v 4.133055 -10.26458 -12.65619
v 6.387271 -10.2268 -10.97796
v 9.209222 -17.36332 -8.259202
v 13.44915 -16.94688 -2.894123
v 17.73989 -9.823184 -2.950426
v 19.8724 -9.626324 1.105825
v 18.36582 -16.49832 1.135507
v 6.74615 -16.41407 17.28393
v 6.552496 -8.593142 22.28717
v 1.72155 -8.478854 22.47294
v 1.736502 -16.30571 19.40049
v -15.29204 -16.91095 2.304774
v -12.8661 -9.793938 -4.488618
v -11.72435 -10.34315 -7.365394
v -14.30565 -17.09519 -2.38872
v 3.348526 -17.55619 -11.22276
v 1.570731 -10.39439 -13.30667
v 4.133055 -10.26458 -12.65619
v 6.204738 -17.28445 -10.48086
v 9.768213 -17.02934 -6.779438
v 13.47592 -10.15391 -6.500608
v 17.73989 -9.823184 -2.950426
v 13.44915 -16.94688 -2.894123
v 9.92876 -18.24753 16.97871
v 9.826515 -8.494039 18.86537
v 6.552496 -8.593142 22.28717
v 6.74615 -16.41407 17.28393
v -16.37356 -17.00502 6.04199
v -18.51876 -9.677162 4.609625
v -12.8661 -9.793938 -4.488618
v -15.29204 -16.91095 2.304774
v 0.6821141 -17.54472 -11.82472
v -1.973831 -10.60276 -13.3582
v 1.570731 -10.39439 -13.30667
v 3.348526 -17.55619 -11.22276
v -1.864973 -71.79352 -27.68304
v -1.671038 -40.8461 -25.28939
v 6.030408 -40.80943 -24.24249
v 6.966213 -71.90585 -26.19438
v -30.44728 -70.21319 4.956744
v -27.70856 -39.76246 -2.847861
v -29.91313 -70.63686 -3.518342
v -27.00288 -39.51546 4.836411
v -29.83006 -69.931 12.87725
v -26.86351 -39.11129 12.23831
v 17.2587 -69.58262 27.65567
v 16.21355 -39.42433 26.5986
v 9.805636 -37.83466 29.43184
v 10.81416 -68.41586 31.8136
v 20.68453 -71.07835 -12.98726
v 18.75297 -39.99477 -11.85681
v 24.91068 -39.77172 -5.939317
v 27.80049 -70.64194 -7.057211
v 6.966213 -71.90585 -26.19438
v 6.030408 -40.80943 -24.24249
v 11.61154 -40.53421 -22.80643
v 13.3728 -71.54838 -24.91183
v -29.91313 -70.63686 -3.518342
v -27.70856 -39.76246 -2.847861
v -26.18986 -40.02188 -10.48594
v -27.76365 -71.07197 -11.52822
v 10.81416 -68.41586 31.8136
v 9.805636 -37.83466 29.43184
v 2.754582 -37.73519 31.79298
v 2.980671 -68.45014 33.90188
v 27.80049 -70.64194 -7.057211
v 24.91068 -39.77172 -5.939317
v 28.48649 -39.30023 0.05541937
v 31.49591 -70.20216 -0.4745954
v 13.3728 -71.54838 -24.91183
v 11.61154 -40.53421 -22.80643
v 16.62658 -40.25174 -18.25261
v 18.85461 -71.37458 -20.13827
v -27.76365 -71.07197 -11.52822
v -26.18986 -40.02188 -10.48594
v -20.99052 -40.58445 -18.0847
v -22.60324 -71.54031 -19.89894
v 2.980671 -68.45014 33.90188
v 2.754582 -37.73519 31.79298
v -4.957964 -37.76461 31.86419
v -5.370599 -68.54003 33.78518
v 31.49591 -70.20216 -0.4745954
v 28.48649 -39.30023 0.05541937
v 26.757 -38.84027 6.917376
v 29.20077 -69.85441 6.754674
v 24.15268 -38.48475 14.98307
v 26.81565 -69.34516 15.52273
v -8.75002 -71.52776 -21.71343
v -8.149873 -40.51227 -19.91992
v -1.671038 -40.8461 -25.28939
v -1.864973 -71.79352 -27.68304
v -15.48256 -69.22921 22.44872
v -14.5998 -38.2712 21.87827
v -24.37697 -38.5013 20.73267
v -26.56385 -69.14676 22.22017
v -26.56385 -69.14676 22.22017
v -24.37697 -38.5013 20.73267
v -26.86351 -39.11129 12.23831
v -29.83006 -69.931 12.87725
v -16.44112 -71.72621 -24.60524
v -15.27833 -40.83897 -22.1238
v -8.149873 -40.51227 -19.91992
v -8.75002 -71.52776 -21.71343
v -22.60324 -71.54031 -19.89894
v -20.99052 -40.58445 -18.0847
v -15.27833 -40.83897 -22.1238
v -16.44112 -71.72621 -24.60524
v 26.81565 -69.34516 15.52273
v 24.15268 -38.48475 14.98307
v 25.28408 -38.52501 24.8852
v 26.92926 -69.07289 26.11523
v -9.218951 -68.95254 26.39157
v -8.839099 -38.0587 25.26558
v -14.5998 -38.2712 21.87827
v -15.48256 -69.22921 22.44872
v 26.92926 -69.07289 26.11523
v 25.28408 -38.52501 24.8852
v 16.21355 -39.42433 26.5986
v 17.2587 -69.58262 27.65567
v -5.370599 -68.54003 33.78518
v -4.957964 -37.76461 31.86419
v -8.839099 -38.0587 25.26558
v -9.218951 -68.95254 26.39157
v 18.85461 -71.37458 -20.13827
v 16.62658 -40.25174 -18.25261
v 18.75297 -39.99477 -11.85681
v 20.68453 -71.07835 -12.98726
v -1.671038 -40.8461 -25.28939
v -1.337654 -28.98767 -19.16282
v 4.27617 -28.99417 -18.29851
v 6.030408 -40.80943 -24.24249
v -27.00288 -39.51546 4.836411
v -21.07687 -27.76932 4.49131
v -22.00913 -28.12162 -1.411174
v -27.70856 -39.76246 -2.847861
v 16.21355 -39.42433 26.5986
v 12.73478 -28.69054 21.77324
v 7.975266 -26.42679 24.53163
v 9.805636 -37.83466 29.43184
v 18.75297 -39.99477 -11.85681
v 13.98261 -28.34935 -8.44672
v 18.67375 -28.28203 -3.604954
v 24.91068 -39.77172 -5.939317
v 6.030408 -40.80943 -24.24249
v 4.27617 -28.99417 -18.29851
v 8.257446 -28.7841 -16.94952
v 11.61154 -40.53421 -22.80643
v -27.70856 -39.76246 -2.847861
v -22.00913 -28.12162 -1.411174
v -20.59348 -28.3236 -7.40061
v -26.18986 -40.02188 -10.48594
v 9.805636 -37.83466 29.43184
v 7.975266 -26.42679 24.53163
v 2.130375 -26.8355 25.64354
v 2.754582 -37.73519 31.79298
v 24.91068 -39.77172 -5.939317
v 18.67375 -28.28203 -3.604954
v 21.87351 -27.70345 0.9261019
v 28.48649 -39.30023 0.05541937
v 11.61154 -40.53421 -22.80643
v 8.257446 -28.7841 -16.94952
v 11.65579 -28.72774 -13.01258
v 16.62658 -40.25174 -18.25261
v -26.18986 -40.02188 -10.48594
v -20.59348 -28.3236 -7.40061
v -16.93999 -28.5272 -13.78492
v -20.99052 -40.58445 -18.0847
v 2.754582 -37.73519 31.79298
v 2.130375 -26.8355 25.64354
v -4.084486 -26.48915 26.2868
v -4.957964 -37.76461 31.86419
v 28.48649 -39.30023 0.05541937
v 21.87351 -27.70345 0.9261019
v 19.88007 -27.60422 6.291718
v 26.757 -38.84027 6.917376
v 18.11787 -27.2217 12.74883
v 24.15268 -38.48475 14.98307
v -26.86351 -39.11129 12.23831
v -20.45359 -27.70499 10.33751
v -21.07687 -27.76932 4.49131
v -27.00288 -39.51546 4.836411
v -8.149873 -40.51227 -19.91992
v -6.358744 -28.94373 -14.45825
v -1.337654 -28.98767 -19.16282
v -1.671038 -40.8461 -25.28939
v -14.5998 -38.2712 21.87827
v -11.57382 -26.92272 18.20035
v -19.82218 -26.72187 18.06092
v -24.37697 -38.5013 20.73267
v -24.37697 -38.5013 20.73267
v -19.82218 -26.72187 18.06092
v -20.45359 -27.70499 10.33751
v -26.86351 -39.11129 12.23831
v -15.27833 -40.83897 -22.1238
v -12.07791 -28.96152 -16.85143
v -6.358744 -28.94373 -14.45825
v -8.149873 -40.51227 -19.91992
v -20.99052 -40.58445 -18.0847
v -16.93999 -28.5272 -13.78492
v -12.07791 -28.96152 -16.85143
v -15.27833 -40.83897 -22.1238
v 24.15268 -38.48475 14.98307
v 18.11787 -27.2217 12.74883
v 20.16965 -27.44262 20.65272
v 25.28408 -38.52501 24.8852
v -8.839099 -38.0587 25.26558
v -6.663603 -26.98183 20.50714
v -11.57382 -26.92272 18.20035
v -14.5998 -38.2712 21.87827
v 25.28408 -38.52501 24.8852
v 20.16965 -27.44262 20.65272
v 12.73478 -28.69054 21.77324
v 16.21355 -39.42433 26.5986
v -4.957964 -37.76461 31.86419
v -4.084486 -26.48915 26.2868
v -6.663603 -26.98183 20.50714
v -8.839099 -38.0587 25.26558
v 16.62658 -40.25174 -18.25261
v 11.65579 -28.72774 -13.01258
v 13.98261 -28.34935 -8.44672
v 18.75297 -39.99477 -11.85681
v 23.34654 -82.88374 -24.80117
v 18.85461 -71.37458 -20.13827
v 20.68453 -71.07835 -12.98726
v 25.2154 -82.65807 -16.05579
v -6.796836 -79.37249 40.19554
v -5.370599 -68.54003 33.78518
v -9.218951 -68.95254 26.39157
v -11.05668 -80.14044 30.92918
v -9.91057 -106.7397 56.29271
v -16.4218 -106.6502 43.31681
v 35.74995 -80.87595 7.646784
v 26.81565 -69.34516 15.52273
v 31.98099 -80.76453 17.91015
v 29.20077 -69.85441 6.754674
v 38.18478 -81.41798 -1.112885
v 31.49591 -70.20216 -0.4745954
v 55.39938 -106.7754 -3.110609
v 35.74995 -80.87595 7.646784
v 52.03443 -107.035 9.509479
v 32.07851 -79.83826 30.77531
v 26.92926 -69.07289 26.11523
v 17.2587 -69.58262 27.65567
v 20.33336 -80.50957 32.13066
v -11.05668 -80.14044 30.92918
v -9.218951 -68.95254 26.39157
v -15.48256 -69.22921 22.44872
v -18.79909 -80.17487 26.94778
v -16.4218 -106.6502 43.31681
v -27.1199 -106.5961 36.78293
v 31.98099 -80.76453 17.91015
v 26.81565 -69.34516 15.52273
v 26.92926 -69.07289 26.11523
v 32.07851 -79.83826 30.77531
v -27.09577 -83.1013 -24.20176
v -22.60324 -71.54031 -19.89894
v -16.44112 -71.72621 -24.60524
v -19.68586 -83.52791 -29.38305
v -19.68586 -83.52791 -29.38305
v -16.44112 -71.72621 -24.60524
v -8.75002 -71.52776 -21.71343
v -10.47034 -83.28622 -25.88859
v -31.6755 -80.31638 25.78195
v -26.56385 -69.14676 22.22017
v -29.83006 -69.931 12.87725
v -36.74684 -81.01507 15.08909
v -18.79909 -80.17487 26.94778
v -15.48256 -69.22921 22.44872
v -26.56385 -69.14676 22.22017
v -31.6755 -80.31638 25.78195
v -27.1199 -106.5961 36.78293
v -45.66966 -106.6158 35.30701
v -10.47034 -83.28622 -25.88859
v -8.75002 -71.52776 -21.71343
v -1.864973 -71.79352 -27.68304
v -2.45156 -83.72365 -35.81518
v -36.74684 -81.01507 15.08909
v -29.83006 -69.931 12.87725
v -30.44728 -70.21319 4.956744
v -36.61265 -81.71967 5.593649
v 3.44929 -79.3551 40.12507
v 2.980671 -68.45014 33.90188
v -5.370599 -68.54003 33.78518
v -6.796836 -79.37249 40.19554
v 4.667155 -106.6246 55.97208
v -9.91057 -106.7397 56.29271
v -32.95064 -82.7128 -14.08294
v -27.76365 -71.07197 -11.52822
v -22.60324 -71.54031 -19.89894
v -27.09577 -83.1013 -24.20176
v 16.28238 -83.20497 -29.95004
v 13.3728 -71.54838 -24.91183
v 18.85461 -71.37458 -20.13827
v 23.34654 -82.88374 -24.80117
v 33.44897 -82.18312 -8.826666
v 27.80049 -70.64194 -7.057211
v 31.49591 -70.20216 -0.4745954
v 38.18478 -81.41798 -1.112885
v 12.53715 -79.54144 36.96521
v 10.81416 -68.41586 31.8136
v 2.980671 -68.45014 33.90188
v 3.44929 -79.3551 40.12507
v 17.79527 -106.7281 51.74578
v 4.667155 -106.6246 55.97208
v -35.83732 -81.98258 -4.680715
v -29.91313 -70.63686 -3.518342
v -27.76365 -71.07197 -11.52822
v -32.95064 -82.7128 -14.08294
v 8.742884 -83.18652 -32.57154
v 6.966213 -71.90585 -26.19438
v 13.3728 -71.54838 -24.91183
v 16.28238 -83.20497 -29.95004
v 25.2154 -82.65807 -16.05579
v 20.68453 -71.07835 -12.98726
v 27.80049 -70.64194 -7.057211
v 33.44897 -82.18312 -8.826666
v 20.33336 -80.50957 32.13066
v 17.2587 -69.58262 27.65567
v 10.81416 -68.41586 31.8136
v 12.53715 -79.54144 36.96521
v -36.61265 -81.71967 5.593649
v -30.44728 -70.21319 4.956744
v -29.91313 -70.63686 -3.518342
v -35.83732 -81.98258 -4.680715
v -2.45156 -83.72365 -35.81518
v -1.864973 -71.79352 -27.68304
v 6.966213 -71.90585 -26.19438
v 8.742884 -83.18652 -32.57154
v -45.66966 -106.6158 35.30701
v -54.22683 -106.8362 20.51133
v -54.10038 -106.689 6.74114
v -51.54902 -106.6796 -8.124321
v -48.02901 -106.7531 -21.8766
v -27.1199 -106.5961 36.78293
v -39.26043 -106.7236 -36.29853
v -28.67776 -106.7826 -44.30206
v -16.4218 -106.6502 43.31681
v -15.2994 -106.5574 -38.62121
v -9.91057 -106.7397 56.29271
v 4.667155 -106.6246 55.97208
v -3.572937 -106.8002 -49.4872
v 12.6243 -106.6322 -47.72289
v 17.79527 -106.7281 51.74578
v 29.41152 -106.8272 45.80664
v 23.98652 -106.783 -44.71642
v 45.49373 -106.622 42.47823
v 34.20395 -106.6392 -37.29564
v 37.08233 -106.5962 -24.80796
v 48.97846 -106.6851 -14.51781
v 46.66457 -106.4538 24.27375
v 52.03443 -107.035 9.509479
v 55.39938 -106.7754 -3.110609
v -11.64809 -9.599053 4.588099
v -18.51876 -9.677162 4.609625
v -18.82757 -9.116287 9.3896
v -11.60741 -9.806212 7.2502
v -16.60594 -9.080769 16.35665
v -0.7706047 -10.30075 -7.219944
v -1.973831 -10.60276 -13.3582
v -4.621665 -10.60396 -11.0176
v -2.834229 -9.71422 -5.471303
v -10.10897 -9.127459 9.99253
v -16.60594 -9.080769 16.35665
v -11.37983 -9.097825 19.9285
v -5.882023 -9.17573 10.34012
v -2.834229 -9.71422 -5.471303
v -4.621665 -10.60396 -11.0176
v -7.577793 -10.50822 -12.30624
v -4.991 -9.705216 -6.293455
v 10.62354 -8.709879 11.92506
v 13.81189 -8.621027 17.19606
v 17.63023 -9.068589 13.38434
v 10.92479 -9.521829 8.34796
v 10.92479 -9.521829 8.34796
v 17.63023 -9.068589 13.38434
v 18.68925 -9.272871 5.503067
v 12.04713 -9.165636 4.391174
v 8.998728 -9.516331 -2.649925
v 13.47592 -10.15391 -6.500608
v 6.387271 -10.2268 -10.97796
v 3.916268 -9.722514 -5.650012
v 4.133055 -10.26458 -12.65619
v 2.435994 -9.781838 -6.672978
v 12.04713 -9.165636 4.391174
v 18.68925 -9.272871 5.503067
v 19.8724 -9.626324 1.105825
v 12.81656 -9.224577 1.829527
v 17.73989 -9.823184 -2.950426
v 11.66806 -9.05316 -0.3050101
v -5.790309 -10.08682 -5.677199
v -10.10375 -10.20956 -10.8153
v -11.72435 -10.34315 -7.365394
v -6.909358 -10.21017 -3.810407
v -6.909358 -10.21017 -3.810407
v -11.72435 -10.34315 -7.365394
v -12.8661 -9.793938 -4.488618
v -7.497045 -9.734076 -1.644164
v 2.435994 -9.781838 -6.672978
v 4.133055 -10.26458 -12.65619
v 1.570731 -10.39439 -13.30667
v 1.024314 -10.22728 -7.06532
v 11.66806 -9.05316 -0.3050101
v 17.73989 -9.823184 -2.950426
v 13.47592 -10.15391 -6.500608
v 8.998728 -9.516331 -2.649925
v -3.572937 -106.8002 -49.4872
v -2.45156 -83.72365 -35.81518
v 8.742884 -83.18652 -32.57154
v 12.6243 -106.6322 -47.72289
v -54.10038 -106.689 6.74114
v -36.61265 -81.71967 5.593649
v -35.83732 -81.98258 -4.680715
v -51.54902 -106.6796 -8.124321
v 29.41152 -106.8272 45.80664
v 20.33336 -80.50957 32.13066
v 12.53715 -79.54144 36.96521
v 17.79527 -106.7281 51.74578
v 37.08233 -106.5962 -24.80796
v 25.2154 -82.65807 -16.05579
v 33.44897 -82.18312 -8.826666
v 48.97846 -106.6851 -14.51781
v 12.6243 -106.6322 -47.72289
v 8.742884 -83.18652 -32.57154
v 16.28238 -83.20497 -29.95004
v 23.98652 -106.783 -44.71642
v -51.54902 -106.6796 -8.124321
v -35.83732 -81.98258 -4.680715
v -32.95064 -82.7128 -14.08294
v -48.02901 -106.7531 -21.8766
v 48.97846 -106.6851 -14.51781
v 33.44897 -82.18312 -8.826666
v 38.18478 -81.41798 -1.112885
v 55.39938 -106.7754 -3.110609
v 23.98652 -106.783 -44.71642
v 16.28238 -83.20497 -29.95004
v 23.34654 -82.88374 -24.80117
v 34.20395 -106.6392 -37.29564
v -48.02901 -106.7531 -21.8766
v -32.95064 -82.7128 -14.08294
v -27.09577 -83.1013 -24.20176
v -39.26043 -106.7236 -36.29853
v -54.22683 -106.8362 20.51133
v -36.74684 -81.01507 15.08909
v -36.61265 -81.71967 5.593649
v -54.10038 -106.689 6.74114
v -15.2994 -106.5574 -38.62121
v -10.47034 -83.28622 -25.88859
v -2.45156 -83.72365 -35.81518
v -3.572937 -106.8002 -49.4872
v -45.66966 -106.6158 35.30701
v -31.6755 -80.31638 25.78195
v -36.74684 -81.01507 15.08909
v -54.22683 -106.8362 20.51133
v -28.67776 -106.7826 -44.30206
v -19.68586 -83.52791 -29.38305
v -10.47034 -83.28622 -25.88859
v -15.2994 -106.5574 -38.62121
v -39.26043 -106.7236 -36.29853
v -27.09577 -83.1013 -24.20176
v -19.68586 -83.52791 -29.38305
v -28.67776 -106.7826 -44.30206
v 46.66457 -106.4538 24.27375
v 31.98099 -80.76453 17.91015
v 32.07851 -79.83826 30.77531
v 45.49373 -106.622 42.47823
v 45.49373 -106.622 42.47823
v 32.07851 -79.83826 30.77531
v 20.33336 -80.50957 32.13066
v 29.41152 -106.8272 45.80664
v 52.03443 -107.035 9.509479
v 35.74995 -80.87595 7.646784
v 31.98099 -80.76453 17.91015
v 46.66457 -106.4538 24.27375
v 34.20395 -106.6392 -37.29564
v 23.34654 -82.88374 -24.80117
v 25.2154 -82.65807 -16.05579
v 37.08233 -106.5962 -24.80796
f 1 2 3
f 3 4 1
f 4 5 1
f 4 6 5
f 3 7 4
f 7 8 4
f 7 9 8
f 7 10 9
f 7 11 10
f 7 12 11
f 10 11 13
f 10 14 9
f 14 15 9
f 14 16 15
f 10 17 14
f 10 13 18
f 10 18 17
f 18 13 19
f 18 20 17
f 18 19 21
f 18 21 20
f 21 19 22
f 21 22 23
f 21 24 20
f 21 23 24
f 24 25 20
f 24 26 25
f 23 27 24
f 23 28 27
f 23 29 28
f 29 30 28
f 23 31 29
f 23 32 31
f 29 33 30
f 29 34 33
f 29 35 34
f 33 36 30
f 36 37 30
f 36 38 37
f 38 39 37
f 40 41 42
f 40 42 43
f 44 45 46
f 44 46 47
f 48 49 50
f 48 50 51
f 52 53 54
f 52 54 55
f 56 57 58
f 56 58 59
f 60 61 62
f 60 62 63
f 64 65 66
f 64 66 67
f 68 69 70
f 68 70 71
f 72 73 74
f 72 74 75
f 76 77 78
f 76 78 79
f 80 81 82
f 80 82 83
f 84 85 86
f 84 86 87
f 88 89 90
f 88 90 91
f 92 93 94
f 92 94 95
f 96 97 98
f 96 98 99
f 100 101 102
f 100 102 103
f 104 105 106
f 104 106 107
f 108 109 110
f 108 110 111
f 112 113 114
f 112 114 115
f 116 117 118
f 116 118 119
f 120 121 122
f 120 122 123
f 124 125 126
f 124 126 127
f 128 129 130
f 128 130 131
f 132 133 134
f 132 134 135
f 136 137 138
f 136 138 139
f 140 141 142
f 140 142 143
f 144 145 146
f 144 146 147
f 148 149 150
f 148 150 151
f 152 153 154
f 152 154 155
f 156 157 158
f 156 158 159
f 160 161 162
f 160 162 163
f 164 165 166
f 164 166 167
f 168 169 170
f 168 170 171
f 172 173 174
f 172 174 175
f 176 177 178
f 176 178 179
f 180 181 182
f 180 182 183
f 184 185 186
f 184 186 187
f 188 189 190
f 188 190 191
f 192 193 194
f 192 194 195
f 196 197 198
f 196 198 199
f 200 201 202
f 200 202 203
f 204 205 206
f 204 206 207
f 208 209 210
f 208 210 211
f 212 213 214
f 212 214 215
f 216 217 218
f 216 218 219
f 220 221 222
f 220 222 223
f 224 225 226
f 224 226 227
f 228 229 230
f 228 230 231
f 232 233 234
f 232 234 235
f 236 237 238
f 236 239 237
f 240 239 236
f 240 241 239
f 242 243 244
f 242 244 245
f 246 247 248
f 246 248 249
f 250 251 252
f 250 252 253
f 254 255 256
f 254 256 257
f 258 259 260
f 258 260 261
f 262 263 264
f 262 264 265
f 266 267 268
f 266 268 269
f 270 271 272
f 270 272 273
f 274 275 276
f 274 276 277
f 278 279 280
f 278 280 281
f 281 280 282
f 281 282 283
f 284 285 286
f 284 286 287
f 288 289 290
f 288 290 291
f 292 293 294
f 292 294 295
f 296 297 298
f 296 298 299
f 300 301 302
f 300 302 303
f 304 305 306
f 304 306 307
f 308 309 310
f 308 310 311
f 312 313 314
f 312 314 315
f 316 317 318
f 316 318 319
f 320 321 322
f 320 322 323
f 324 325 326
f 324 326 327
f 328 329 330
f 328 330 331
f 332 333 334
f 332 334 335
f 336 337 338
f 336 338 339
f 340 341 342
f 340 342 343
f 344 345 346
f 344 346 347
f 348 349 350
f 348 350 351
f 352 353 354
f 352 354 355
f 356 357 358
f 356 358 359
f 360 361 362
f 360 362 363
f 364 365 366
f 364 366 367
f 368 369 370
f 368 370 371
f 371 370 372
f 371 372 373
f 374 375 376
f 374 376 377
f 378 379 380
f 378 380 381
f 382 383 384
f 382 384 385
f 386 387 388
f 386 388 389
f 390 391 392
f 390 392 393
f 394 395 396
f 394 396 397
f 398 399 400
f 398 400 401
f 402 403 404
f 402 404 405
f 406 407 408
f 406 408 409
f 410 411 412
f 410 412 413
f 414 415 416
f 414 416 417
f 418 419 420
f 418 420 421
f 422 423 424
f 422 424 425
f 426 422 425
f 426 425 427
f 428 429 430
f 428 431 429
f 432 431 428
f 432 433 431
f 434 432 435
f 434 435 436
f 437 438 439
f 437 439 440
f 441 442 443
f 441 443 444
f 445 441 444
f 445 444 446
f 447 448 449
f 447 449 450
f 451 452 453
f 451 453 454
f 455 456 457
f 455 457 458
f 459 460 461
f 459 461 462
f 463 464 465
f 463 465 466
f 467 463 466
f 467 466 468
f 469 470 471
f 469 471 472
f 473 474 475
f 473 475 476
f 477 478 479
f 477 479 480
f 481 477 480
f 481 480 482
f 483 484 485
f 483 485 486
f 487 488 489
f 487 489 490
f 491 492 493
f 491 493 494
f 495 496 497
f 495 497 498
f 499 495 498
f 499 498 500
f 501 502 503
f 501 503 504
f 505 506 507
f 505 507 508
f 509 510 511
f 509 511 512
f 513 514 515
f 513 515 516
f 517 518 519
f 517 519 520
f 521 522 523
f 521 523 524
f 525 526 527
f 527 528 525
f 528 529 525
f 529 530 525
f 529 531 530
f 531 532 530
f 532 533 530
f 532 534 533
f 534 535 533
f 534 536 535
f 534 537 536
f 537 538 536
f 538 539 536
f 538 540 539
f 538 541 540
f 541 542 540
f 541 543 542
f 543 544 542
f 544 545 542
f 545 546 542
f 545 547 546
f 545 548 547
f 549 550 551
f 549 551 552
f 552 551 553
f 552 553 3
f 554 555 556
f 554 556 557
f 558 559 560
f 558 560 561
f 562 563 564
f 562 564 565
f 566 567 568
f 566 568 569
f 570 571 572
f 570 572 573
f 574 575 576
f 574 576 577
f 577 576 578
f 577 578 579
f 580 581 582
f 580 582 583
f 583 582 584
f 583 584 585
f 586 587 588
f 586 588 589
f 590 591 592
f 590 592 593
f 594 595 596
f 594 596 597
f 598 599 600
f 598 600 601
f 602 603 604
f 602 604 605
f 606 607 608
f 606 608 609
f 610 611 612
f 610 612 613
f 614 615 616
f 614 616 617
f 618 619 620
f 618 620 621
f 622 623 624
f 622 624 625
f 626 627 628
f 626 628 629
f 630 631 632
f 630 632 633
f 634 635 636
f 634 636 637
f 638 639 640
f 638 640 641
f 642 643 644
f 642 644 645
f 646 647 648
f 646 648 649
f 650 651 652
f 650 652 653
f 654 655 656
f 654 656 657
f 658 659 660
f 658 660 661
f 662 663 664
f 662 664 665
f 666 667 668
f 666 668 669
f 670 671 672
f 670 672 673
v -1948.369 -77.42633 1887.952
v -1948.369 -60.28677 2009.469
v -1826.852 -75.08825 2009.469
v -1826.852 -80.16328 1887.952
v -1948.369 -83.44492 1766.436
v -1705.336 -59.10339 2009.469
v -1826.852 -62.24467 1766.436
v -1948.369 -60.77039 1644.919
v -1705.336 -69.48596 1887.952
v -1583.819 -87.50017 2009.469
v -1826.852 -50.98375 1644.919
v -1948.369 -89.72856 1523.402
v -1705.336 -51.12461 1766.436
v -1583.819 -71.16396 1887.952
v -1462.302 -55.10296 2009.469
v -1826.852 -58.81915 1523.402
v -1948.369 -61.53236 1401.885
v -1705.336 -72.24149 1644.919
v -1462.302 -76.36956 1887.952
v -1340.785 -78.26166 2009.469
v -1583.819 -73.60664 1766.436
v -1826.852 -79.60949 1401.885
v -1948.369 -76.1739 1280.368
v -1340.785 -75.6062 1887.952
v -1219.268 -64.16434 2009.469
v -1705.336 -79.71272 1523.402
v -1583.819 -57.24597 1644.919
v -1462.302 -86.63116 1766.436
v -1826.852 -58.18641 1280.368
v -1948.369 -54.59288 1158.851
v -1219.268 -68.7988 1887.952
v -1097.751 -65.43216 2009.469
v -1705.336 -65.41121 1401.885
v -1583.819 -68.14436 1523.402
v -1462.302 -84.09536 1644.919
v -1340.785 -52.31594 1766.436
v -1826.852 -59.61671 1158.851
v -1948.369 -52.30228 1037.335
v -1097.751 -66.81108 1887.952
v -976.2346 -78.47755 2009.469
v -1705.336 -54.28633 1280.368
v -1583.819 -84.37783 1401.885
v -1462.302 -66.77925 1523.402
v -1340.785 -70.07547 1644.919
v -1219.268 -70.89449 1766.436
v -976.2346 -74.53642 1887.952
v -854.7178 -56.66838 2009.469
v -1097.751 -78.40224 1766.436
v -1219.268 -80.47115 1644.919
v -1340.785 -59.62753 1523.402
v -1462.302 -68.23268 1401.885
v -854.7178 -68.46669 1887.952
v -733.201 -61.00753 2009.469
v -976.2346 -70.44396 1766.436
v -1097.751 -73.19624 1644.919
v -1219.268 -73.50973 1523.402
v -733.201 -62.06667 1887.952
v -611.6841 -77.78075 2009.469
v -854.7178 -59.19682 1766.436
v -976.2346 -51.23851 1644.919
v -611.6841 -55.21223 1887.952
v -490.1673 -64.36777 2009.469
v -733.201 -72.59121 1766.436
v -490.1673 -63.85313 1887.952
v -368.6505 -61.59547 2009.469
v -1340.785 -67.82641 1401.885
v -1097.751 -72.75222 1523.402
v -854.7181 -69.0343 1644.919
v -611.6855 -57.15084 1766.437
v -368.6505 -60.54282 1887.952
v -247.1337 -69.67964 2009.469
v -1219.268 -67.84292 1401.885
v -976.2378 -53.16501 1523.405
v -733.2039 -74.51239 1644.922
v -490.1717 -67.66794 1766.442
v -247.1337 -59.25401 1887.952
v -125.6168 -51.05648 2009.469
v -1097.752 -53.12437 1401.886
v -854.7173 -79.03008 1523.401
v -611.7324 -52.75235 1645.001
v -368.6646 -55.51466 1766.472
v -125.6168 -73.5052 1887.952
v -4.100003 -48.15692 2009.469
v -976.2665 -57.31866 1401.914
v -733.2203 -74.0334 1523.427
v -490.1554 -82.68369 1644.89
v -247.1414 -59.12889 1766.487
v -4.100003 -76.55226 1887.952
v 117.4168 -62.76956 2009.469
v -854.7739 -69.11787 1401.941
v -611.7216 -72.74034 1523.465
v -368.762 -41.34211 1645.318
v -125.6168 -56.35125 1766.503
v 117.4168 -69.32682 1887.952
v 238.9337 -62.95293 2009.469
v -732.8318 -109.1578 1401.445
v -490.2794 -63.43793 1523.661
v -247.2242 -28.53044 1645.593
v -4.107294 -97.00004 1766.387
v 238.9337 -81.06106 1887.952
v 360.4505 -79.28721 2009.469
v -612.5533 -17.58418 1403.185
v -368.8197 -52.23006 1523.991
v -125.6168 -84.86944 1644.815
v 117.4275 -61.0564 1766.463
v 360.4505 -63.26025 1887.952
v 481.9673 -50.3829 2009.469
v -490.5471 -48.27151 1402.642
v -247.1869 -62.1791 1523.772
v -4.112954 -85.01299 1644.822
v 238.939 -65.21928 1766.443
v 481.9673 -66.49582 1887.952
v 603.4842 -69.83773 2009.469
v -368.6479 -72.26259 1401.878
v -125.6182 -52.54437 1524.067
v 117.4132 -79.48401 1644.905
v 360.4509 -71.44108 1766.436
v 603.4842 -42.945 1887.952
v 725.001 -63.27497 2009.469
v -247.3279 -41.84647 1403.017
v -4.096567 -74.03998 1523.436
v 238.9728 -61.21981 1645.054
v 481.9673 -63.74604 1766.436
v 725.001 -77.01633 1887.952
v 846.5178 -52.92408 2009.469
v -125.6836 -37.86092 1403.265
v 117.5613 -42.10573 1524.411
v 360.4554 -73.31092 1644.949
v 603.4842 -84.65635 1766.436
v 846.5178 -79.02992 1887.952
v 968.0346 -78.8481 2009.469
v -4.09994 -71.31546 1401.861
v 238.9699 -67.3743 1523.684
v 481.9677 -64.89143 1644.985
v 725.001 -80.13681 1766.436
v 968.0346 -71.5863 1887.952
v 1089.551 -72.25806 2009.469
v 117.4213 -63.97842 1402.265
v 360.5286 -46.86315 1524.283
v 603.4852 -46.06991 1645.073
v 846.5178 -67.41968 1766.436
v 1089.551 -78.80955 1887.952
v 1211.068 -78.26804 2009.469
v 238.917 -79.1623 1401.409
v 481.9759 -71.38328 1523.566
v 725.0087 -66.51489 1644.967
v 968.0346 -51.06121 1766.436
v 1211.068 -71.18703 1887.952
v 1332.585 -87.55615 2009.469
v 360.5132 -55.50077 1402.859
v 603.4844 -77.24317 1523.405
v 846.5323 -63.29504 1644.956
v 1089.551 -55.84289 1766.436
v 1332.585 -70.52277 1887.952
v 1454.102 -50.39154 2009.469
v 481.9654 -72.4819 1401.864
v 725.0217 -70.63946 1523.549
v 968.0303 -85.57668 1644.912
v 1211.068 -90.41017 1766.436
v 1454.102 -47.67872 1887.952
v 1575.619 -47.15606 2009.469
v 603.6002 -53.40639 1402.888
v 846.5533 -70.38104 1523.529
v 1089.553 -64.66725 1644.92
v 1332.585 -41.90167 1766.436
v 1575.619 -51.55251 1887.952
v 1697.136 -47.54413 2009.469
v 725.1207 -58.02127 1402.578
v 968.0738 -69.63057 1523.497
v 1211.068 -59.87078 1644.919
v 1454.102 -55.28245 1766.436
v 1697.136 -73.12222 1887.952
v 1818.652 -67.87676 2009.469
v 846.5613 -70.53058 1402.036
v 1089.611 -57.94321 1523.504
v 1332.585 -67.86375 1644.919
v 1575.619 -89.74361 1766.436
v 1818.652 -63.14409 1887.952
v 1940.169 -85.80298 2009.469
v 1940.169 -89.09673 1887.952
v 1697.136 -57.89705 1766.436
v 1818.652 -51.59981 1766.436
v 1940.169 -77.00187 1766.436
v 1454.102 -49.74214 1644.919
v 1211.064 -82.79185 1523.397
v 1575.619 -63.48391 1644.919
v 1818.652 -60.05933 1644.919
v 1940.169 -79.14132 1644.919
v 1697.136 -52.56494 1644.919
v 1332.586 -60.86698 1523.403
v 1818.652 -73.17969 1523.402
v 1940.169 -65.15776 1523.402
v 1454.102 -68.47624 1523.402
v 1697.136 -73.48694 1523.402
v 1575.619 -61.46951 1523.402
v 1818.652 -56.13982 1401.885
v 1940.169 -65.19379 1401.885
v 1697.136 -65.35696 1401.885
v 1575.619 -70.87616 1401.885
v 1454.105 -62.14283 1401.888
v 1332.613 -64.84705 1401.917
v 1818.652 -79.66384 1280.368
v 1940.169 -69.27841 1280.368
v 1697.136 -50.64716 1280.368
v 1575.62 -59.31326 1280.369
v 1454.097 -80.81411 1280.364
v 1818.652 -63.29231 1158.851
v 1940.169 -62.60239 1158.851
v 1697.136 -65.24471 1158.851
v 1575.654 -49.56602 1158.882
v 1818.652 -61.79467 1037.335
v 1940.169 -45.39442 1037.335
v 1697.135 -82.76192 1037.334
v 1818.652 -71.08533 915.8177
v 1940.169 -42.59451 915.8177
v 1332.566 -80.46127 1280.349
v 1454.418 -42.12033 1159.093
v 1575.653 -71.64731 1037.355
v 1697.154 -57.65982 915.8306
v 1818.652 -88.09471 794.3009
v 1940.169 -49.33271 794.3009
v 1332.996 -57.58247 1159.196
v 1453.796 -93.84118 1037.153
v 1575.851 -56.89975 915.9133
v 1697.196 -53.9949 794.3242
v 1818.652 -66.10948 672.7841
v 1940.169 -78.616 672.7841
v 1333.162 -57.38442 1037.72
v 1453.694 -89.76749 915.6418
v 1575.877 -62.54963 794.3727
v 1697.213 -59.54171 672.7963
v 1818.652 -65.92014 551.2673
v 1940.169 -71.48873 551.2673
v 1333.044 -61.11249 916.0479
v 1455.532 -37.24245 794.7112
v 1576.678 -27.28979 672.9284
v 1697.133 -79.0956 551.2673
v 1818.652 -67.29493 429.7504
v 1940.169 -67.93012 429.7504
v 1333.487 -51.91851 794.6025
v 1453.99 -75.86462 672.7681
v 1576.149 -53.97124 551.2673
v 1697.194 -64.02155 429.7411
v 1818.652 -84.23222 308.2336
v 1940.169 -70.85748 308.2336
v 1333.887 -44.9396 673.0021
v 1453.816 -79.16141 551.2673
v 1575.281 -93.58003 429.7964
v 1697.178 -61.33611 308.2173
v 1818.652 -67.01296 186.7168
v 1940.169 -66.94307 186.7168
v 1333.329 -53.98442 551.2673
v 1454.713 -59.41345 429.6629
v 1575.836 -65.0843 308.1752
v 1697.162 -56.29971 186.71
v 1818.653 -73.99384 65.20041
v 1940.169 -62.51999 65.19998
v 1333.322 -54.4349 429.6318
v 1455.706 -34.3603 307.8638
v 1575.508 -86.57137 186.7259
v 1697.168 -69.14205 65.22661
v 1818.693 -55.95716 -56.28225
v 1940.169 -70.9024 -56.31684
v 1333.132 -59.3574 308.1433
v 1454.733 -60.05941 186.7197
v 1575.511 -84.2495 65.13883
v 1697.096 -81.76247 -56.34741
v 1818.739 -66.27049 -177.7835
v 1940.176 -61.42413 -177.8274
v 1337.682 6.344835 187.3112
v 1454.623 -63.94032 65.43151
v 1575.741 -72.2022 -56.22298
v 1697.739 -54.55027 -177.4766
v 1819.268 -38.00123 -299.095
v 1940.171 -77.77092 -299.349
v 1333.128 -60.13884 65.42612
v 1453.543 -80.229 -56.69656
v 1576.017 -64.32358 -177.5719
v 1698.652 -38.8944 -298.6956
v 1819.143 -57.09514 -420.731
v 1940.311 -58.3702 -420.8129
v 1334.156 -44.09659 -55.40072
v 1454.305 -61.93476 -177.6962
v 1577.122 -45.7503 -298.6157
v 1697.323 -69.26342 -420.8134
v 1819.143 -60.69928 -542.3174
v 1940.407 -57.96033 -542.3463
v 1328.851 -91.56189 -180.2225
v 1454.569 -53.06238 -299.1028
v 1576.228 -56.62121 -420.6708
v 1699.955 -25.88011 -541.979
v 1818.597 -78.61038 -663.9009
v 1940.473 -55.84361 -663.9009
v 1336.197 -12.58872 -297.3221
v 1454.53 -48.70963 -420.7191
v 1576.554 -50.97153 -542.2365
v 1696.247 -84.19406 -663.9009
v 1819.167 -59.92312 -785.4877
v 1940.461 -53.25129 -785.4643
v 1332.969 -35.40528 -420.722
v 1453.752 -52.62247 -542.4401
v 1573.052 -89.51297 -663.8842
v 1698.227 -53.58576 -785.5746
v 1818.784 -72.21709 -906.9711
v 1940.214 -72.15558 -906.9519
v 1335.37 -12.30589 -541.9288
v 1460.804 12.3532 -664.0803
v 1575.705 -60.64191 -785.4326
v 1697.785 -60.80221 -907.121
v 1818.822 -67.2921 -1028.522
v 1940.207 -63.70585 -1028.477
v 1337.792 8.078118 -664.1918
v 1454.448 -46.69317 -785.4921
v 1574.262 -81.72828 -906.4797
v 1697.44 -67.68015 -1028.583
v 1818.634 -81.21246 -1149.958
v 1940.169 -79.81382 -1149.968
v 1331.182 -48.1412 -785.025
v 1458.756 -3.318949 -908.8306
v 1576.557 -53.54893 -1028.922
v 1697.494 -63.73668 -1150.18
v 1818.659 -74.75695 -1271.491
v 1940.169 -52.54162 -1271.485
v 1334.423 -23.66699 -907.8747
v 1451.261 -95.07907 -1026.736
v 1575.321 -78.25806 -1149.769
v 1697.385 -58.24097 -1271.676
v 1818.651 -92.56232 -1393.001
v 1940.169 -87.32479 -1393.002
v 1331.292 -64.00863 -1027.479
v 1455.504 -42.58259 -1151.091
v 1576.426 -49.43398 -1272.162
v 1697.203 -58.23977 -1393.062
v 1818.652 -88.5989 -1514.519
v 1940.169 -69.25844 -1514.519
v 1331.225 -77.05528 -1148.611
v 1454.628 -59.31627 -1272.011
v 1575.893 -57.49549 -1393.276
v 1697.139 -67.66412 -1514.522
v 1818.652 -74.74888 -1636.036
v 1940.169 -68.34179 -1636.036
v 1332.999 -56.7658 -1272.001
v 1453.58 -96.48063 -1392.379
v 1575.622 -77.4473 -1514.522
v 1697.136 -60.07547 -1636.036
v 1818.652 -51.37538 -1757.552
v 1940.169 -61.91761 -1757.552
v 1818.652 -76.69585 -1879.069
v 1940.169 -98.69806 -1879.069
v 1697.136 -75.9145 -1879.069
v 1697.136 -50.70341 -1757.552
v 1575.619 -76.31062 -1879.069
v 1575.619 -68.77541 -1757.552
v 1454.102 -68.41526 -1879.069
v 1575.622 -38.48733 -1636.039
v 1454.102 -64.31854 -1757.552
v 1332.585 -77.54974 -1879.069
v 1454.114 -70.94316 -1636.049
v 1332.591 -49.35256 -1757.558
v 1211.068 -72.81232 -1879.069
v 1454.3 -57.47857 -1514.778
v 1211.061 -87.51177 -1757.541
v 1089.551 -74.30653 -1879.069
v 1332.707 -48.75386 -1636.244
v 1332.559 -78.80631 -1514.474
v 1089.596 -45.30328 -1757.668
v 968.0346 -54.93466 -1879.069
v 1211.165 -63.15784 -1636.268
v 1333.468 -45.26985 -1394.322
v 968.0456 -66.65025 -1757.621
v 846.5178 -60.39197 -1879.069
v 1089.874 -28.92601 -1637.194
v 1210.909 -83.67546 -1514.15
v 1210.548 -83.87634 -1391.964
v 846.5178 -88.70598 -1757.485
v 725.001 -59.87613 -1879.069
v 968.0927 -62.83453 -1636.463
v 1089.774 -58.52841 -1515.292
v 1213.282 -12.73244 -1275.134
v 724.9907 -67.42022 -1757.617
v 603.4842 -94.57452 -1879.069
v 846.5178 -68.55143 -1636.303
v 1089.254 -75.39906 -1392.128
v 968.3832 -32.58198 -1516.922
v 1212.169 -32.01487 -1151.402
v 603.4653 -64.57562 -1757.601
v 481.9673 -68.0287 -1879.069
v 724.9651 -68.29176 -1636.3
v 846.5101 -91.48133 -1513.145
v 1089.335 -58.95638 -1270.974
v 968.4514 -35.69922 -1395.29
v 1209.425 -57.3798 -1026.85
v 481.9565 -65.91613 -1757.568
v 360.4505 -69.67678 -1879.069
v 603.4233 -68.54473 -1636.254
v 724.7139 -36.71493 -1516.715
v 846.4794 -74.43346 -1391.702
v 1090.228 -29.1577 -1151.209
v 968.1436 -45.34048 -1271.932
v 360.4496 -73.52456 -1757.553
v 238.9337 -78.01062 -1879.069
v 481.9325 -72.93208 -1636.119
v 603.4011 -67.26248 -1514.829
v 724.9574 -57.41393 -1393.371
v 846.426 -58.55842 -1270.145
v 968.7747 -16.05943 -1152.23
v 238.9337 -65.51434 -1757.552
v 117.4168 -73.50896 -1879.069
v 360.4371 -75.33179 -1636.058
v 481.6637 -58.21557 -1515.271
v 602.9626 -41.90545 -1394.964
v 725.0583 -52.07662 -1270.927
v 117.4168 -70.35374 -1757.552
v -4.100003 -70.43848 -1879.069
v 238.9273 -74.43681 -1636.043
v 360.646 -89.16263 -1514.167
v 480.9301 -35.45491 -1395.521
v -4.100003 -43.62865 -1757.552
v -125.6168 -77.68105 -1879.069
v 117.4164 -74.3167 -1636.036
v 238.9492 -80.06325 -1514.497
v -125.6168 -68.1722 -1757.552
v -247.1337 -70.21165 -1879.069
v -4.100003 -71.68142 -1636.036
v -247.1337 -73.57235 -1757.552
v -368.6505 -80.185 -1879.069
v 601.6497 7.275018 -1278.232
v 360.2081 -64.52633 -1393.438
v 117.4108 -76.82576 -1514.526
v -125.6168 -72.85494 -1636.036
v -368.6505 -64.50706 -1757.552
v -490.1673 -64.2025 -1879.069
v 481.4602 -44.39531 -1272.642
v 239.1815 -84.33903 -1392.645
v -4.102532 -71.72122 -1514.521
v -247.1337 -58.56779 -1636.036
v -490.1673 -56.19089 -1757.552
v -611.6841 -71.38746 -1879.069
v 357.8822 -14.17172 -1275.772
v 117.5181 -84.61668 -1392.875
v -125.6168 -67.99969 -1514.519
v -368.6505 -77.78046 -1636.036
v -611.6841 -65.69228 -1757.552
v -733.201 -82.89782 -1879.069
v 238.4877 -59.8429 -1272.08
v -4.075328 -83.49554 -1392.973
v -247.1337 -67.57157 -1514.519
v -490.1673 -68.62267 -1636.036
v -733.201 -80.64326 -1757.552
v -854.7178 -74.40565 -1879.069
v 115.0553 -13.00387 -1274.194
v -125.6366 -52.70444 -1393.025
v -368.6505 -57.56967 -1514.519
v -611.6841 -63.99244 -1636.036
v -854.7178 -56.22665 -1757.552
v -976.2346 -57.17252 -1879.069
v -4.195638 -72.90964 -1271.59
v -247.134 -66.16456 -1393.002
v -490.1673 -67.20858 -1514.519
v -733.201 -63.97089 -1636.036
v -976.2346 -83.3894 -1757.552
v -1097.751 -61.60466 -1879.069
v -125.6726 -69.11488 -1271.551
v -368.6505 -69.7995 -1393.002
v -611.6841 -82.67123 -1514.519
v -854.7178 -62.07369 -1636.036
v -1097.751 -65.21434 -1757.552
v -1219.268 -77.78335 -1879.069
v -247.1514 -64.75191 -1271.505
v -490.1673 -73.18534 -1393.002
v -733.201 -46.52522 -1514.519
v -976.2346 -59.99601 -1636.036
v -1219.268 -72.67197 -1757.552
v -1340.785 -71.01668 -1879.069
v -368.6517 -68.73413 -1271.486
v -611.6841 -82.37225 -1393.002
v -854.7178 -54.86352 -1514.519
v -1097.751 -65.01223 -1636.036
v -1340.785 -64.02316 -1757.552
v -1462.302 -75.8893 -1879.069
v -490.1673 -83.32355 -1271.485
v -733.201 -71.49009 -1393.002
v -976.2346 -62.11602 -1514.519
v -1219.268 -58.37287 -1636.036
v -1462.302 -77.38069 -1757.552
v -1583.819 -60.94271 -1879.069
v -611.6841 -50.02881 -1271.485
v -854.7178 -67.26205 -1393.002
v -1097.751 -53.94506 -1514.519
v -1340.785 -95.41657 -1636.036
v -1583.819 -80.98584 -1757.552
v -1705.336 -59.03312 -1879.069
v -733.201 -70.66134 -1271.485
v -976.2346 -65.06522 -1393.002
v -1219.268 -79.09322 -1514.519
v -1462.302 -57.98763 -1636.036
v -1705.336 -70.94421 -1757.552
v -1826.852 -62.57273 -1879.069
v -854.7178 -79.00771 -1271.485
v -1097.751 -60.2286 -1393.002
v -1340.785 -60.08503 -1514.519
v -1583.819 -79.67424 -1636.036
v -1826.852 -80.59427 -1757.552
v -1948.369 -38.91045 -1879.069
v -1948.369 -68.17628 -1757.552
v -1705.336 -55.91612 -1636.036
v -1826.852 -72.61369 -1636.036
v -1948.369 -71.16874 -1636.036
v -1462.302 -71.89336 -1514.519
v -1219.268 -84.3973 -1393.002
v -1583.819 -56.01441 -1514.519
v -1826.852 -53.99537 -1514.519
v -1948.369 -81.42828 -1514.519
v -1705.336 -70.71349 -1514.519
v -1340.785 -71.42138 -1393.002
v -1826.852 -64.56004 -1393.002
v -1948.369 -85.17796 -1393.002
v -1462.302 -82.00108 -1393.002
v -1705.336 -80.10224 -1393.002
v -1583.819 -80.05654 -1393.002
v -1826.852 -49.5856 -1271.485
v -1948.369 -67.16958 -1271.485
v -1705.336 -58.51411 -1271.485
v -1583.819 -80.36867 -1271.485
v -1462.302 -48.89988 -1271.485
v -1340.785 -70.68562 -1271.485
v -1826.852 -60.60654 -1149.968
v -1948.369 -59.02846 -1149.968
v -1705.336 -74.04386 -1149.968
v -1583.819 -77.15215 -1149.968
v -1462.302 -60.51573 -1149.968
v -1826.852 -68.39589 -1028.451
v -1948.369 -63.75967 -1028.451
v -1705.336 -52.13921 -1028.451
v -1583.82 -66.80733 -1028.452
v -1826.852 -57.97186 -906.9346
v -1948.369 -50.5854 -906.9346
v -1705.335 -81.08532 -906.934
v -1826.853 -71.47577 -785.4185
v -1948.369 -67.37292 -785.4178
v -1340.786 -74.05677 -1149.969
v -1462.319 -65.45726 -1028.471
v -1583.831 -73.75854 -906.9481
v -1705.381 -62.31078 -785.4586
v -1826.874 -64.39835 -663.9191
v -1948.369 -51.44143 -663.9009
v -1340.844 -61.48866 -1028.553
v -1462.238 -86.52744 -906.8508
v -1583.915 -69.79762 -785.5137
v -1705.6 -53.30769 -664.1026
v -1826.907 -69.51379 -542.4156
v -1948.37 -76.80011 -542.3847
v -1340.527 -96.56513 -906.4982
v -1462.636 -60.97349 -785.8164
v -1584.274 -58.78634 -664.2819
v -1705.278 -79.89934 -542.3498
v -1827.013 -66.06094 -420.9339
v -1948.418 -56.16422 -420.9009
v -1341.314 -54.17057 -786.2095
v -1463.372 -44.04291 -664.9715
v -1584.695 -52.13753 -542.9697
v -1704.771 -91.23631 -420.6237
v -1827.993 -21.35266 -299.6681
v -1948.458 -63.6545 -299.3843
v -1342.152 -34.90744 -665.6078
v -1464.093 -33.32895 -543.8179
v -1583.752 -70.76793 -420.8336
v -1704.705 -87.18758 -299.1693
v -1826.894 -75.69653 -177.8394
v -1948.433 -72.13998 -177.8438
v -1342.116 -36.33697 -543.7151
v -1461.823 -69.07549 -420.5789
v -1585.31 -43.70206 -299.8491
v -1706.937 -42.00255 -178.0636
v -1826.844 -77.43589 -56.31684
v -1948.57 -60.9132 -56.31684
v -1339.962 -65.47035 -420.2495
v -1464.871 -23.57679 -300.3809
v -1584.857 -49.84056 -178.0072
v -1705.649 -66.06639 -56.31684
v -1827.963 -33.67726 65.35065
v -1948.559 -59.22435 65.23018
v -1343.318 -14.85597 -300.62
v -1465.742 -12.64808 -178.5239
v -1584.137 -59.14955 -56.31684
v -1705.586 -67.49982 65.23592
v -1826.938 -73.68445 186.7404
v -1948.448 -65.43115 186.7466
v -1340.582 -46.33694 -177.7828
v -1460.705 -72.20036 -56.31684
v -1583.417 -69.7517 65.1328
v -1706.008 -59.08033 186.91
v -1827.247 -48.06969 308.3969
v -1948.354 -85.74945 308.223
v -1340.623 -44.47338 -56.31684
v -1465.307 -17.91478 65.80309
v -1583.635 -69.16471 186.6553
v -1704.868 -88.53025 308.0318
v -1826.896 -71.35249 429.7755
v -1948.369 -78.49675 429.7505
v -1340.34 -49.23726 65.08849
v -1463.438 -42.42077 187.1725
v -1583.707 -71.57043 308.1777
v -1706.036 -46.53616 430.1653
v -1826.856 -76.05089 551.2706
v -1948.369 -65.59788 551.2673
v -1340.973 -45.30981 186.802
v -1463.569 -42.61193 308.9959
v -1585.34 -36.68441 430.7667
v -1705.389 -73.39571 551.3083
v -1826.852 -80.7516 672.7839
v -1948.369 -51.22073 672.7841
v -1340.646 -55.08014 308.1572
v -1464.604 -23.70804 431.5933
v -1585.052 -28.69592 552.2997
v -1705.418 -48.85587 672.8586
v -1826.852 -61.15151 794.3009
v -1948.369 -86.64895 794.3009
v -1341.234 -54.13258 430.0859
v -1461.61 -90.4299 550.5756
v -1584.196 -44.57483 673.1618
v -1705.343 -50.44269 794.3078
v -1826.852 -72.39184 915.8177
v -1948.369 -63.05822 915.8177
v -1341.623 -51.669 552.1927
v -1462.746 -55.87001 673.3148
v -1583.84 -69.96358 794.325
v -1705.336 -82.08788 915.8177
v -1826.852 -63.60162 1037.335
v -1705.336 -74.49986 1037.335
v -1705.336 -74.89329 1158.851
v -1583.82 -61.04476 915.8194
v -1462.271 -82.39098 794.2605
v -1583.819 -84.99986 1037.335
v -1583.819 -62.69061 1280.368
v -1583.819 -76.89181 1158.851
v -1462.302 -65.64886 1280.368
v -1462.311 -71.79494 915.828
v -1462.302 -50.40266 1037.335
v -1462.302 -63.63651 1158.851
v -1340.785 -51.4411 1280.368
v -1340.785 -84.76976 1158.851
v -1219.268 -49.68246 1280.368
v -1340.787 -65.44365 1037.337
v -1340.834 -64.41938 915.9023
v -1219.27 -59.88491 1158.853
v -1097.774 -49.86224 1280.388
v -1219.284 -66.73444 1037.352
v -1341.158 -49.65721 794.93
v -1097.829 -54.10525 1158.897
v -976.3864 -51.54994 1280.484
v -1219.357 -65.73681 915.9906
v -1341.493 -49.80105 673.8146
v -1097.892 -61.14735 1037.436
v -976.4551 -59.83939 1158.982
v -855.0584 -52.84705 1280.654
v -1219.414 -70.89366 794.5295
v -1220.354 -59.42188 673.8981
v -1098.276 -49.57497 916.5307
v -976.449 -66.21351 1037.476
v -855.0984 -58.68081 1159.106
v -733.5469 -58.22589 1280.714
v -1101.661 -24.75447 800.283
v -1223.162 -41.79087 553.6484
v -975.778 -87.60136 915.2463
v -855.1012 -60.85601 1037.6
v -733.501 -61.87995 1159.092
v -612.1808 -50.64018 1280.989
v -1097.711 -52.27758 672.739
v -1225.99 -23.11548 431.3452
v -978.8054 -41.91177 800.0553
v -854.772 -69.02905 915.9061
v -734.7435 -27.66724 1038.522
v -613.2218 -20.93168 1160.389
v -489.5685 -97.72867 1279.372
v -368.8097 -57.52261 1280.764
v -489.8395 -74.82431 1158.393
v -613.8834 -29.08864 1039.355
v -731.4268 -109.3083 913.2234
v -854.4407 -64.22591 792.2473
v -247.4055 -41.30492 1281.493
v -369.1352 -40.02318 1160.154
v -490.6679 -52.05337 1038.075
v -616.5001 -16.40578 919.5771
v -125.8239 -42.49742 1281.59
v -247.1344 -59.84761 1158.855
v -369.422 -25.09555 1041.276
v -4.155967 -57.57486 1280.774
v -125.4035 -68.50919 1158.119
v 117.3711 -55.89292 1280.879
v -733.3293 -65.72699 792.1473
v -492.4416 -20.47019 918.1788
v -247.2361 -59.81271 1036.235
v -4.573078 -31.30621 1160.633
v 238.9754 -86.4174 1278.39
v -612.884 -35.24176 796.1771
v -368.5382 -22.37602 915.2036
v -125.8608 -20.1544 1039.97
v 116.8247 -11.47244 1162.349
v 360.3559 -82.84067 1278.66
v -484.5533 -51.13224 792.1777
v -246.5847 -18.67563 917.0322
v -4.131154 -43.91832 1037.42
v 238.9212 -48.88757 1159.055
v 482.1442 -46.13581 1281.741
v -370.6685 62.90456 796.816
v -125.4411 -34.28988 916.3312
v 117.323 -37.33801 1037.699
v 360.571 -25.86794 1161.196
v 603.5032 -63.45802 1280.469
v -243.21 26.78624 795.6622
v -4.504606 -21.95539 916.8128
v 238.8236 -28.07041 1038.371
v 482.3298 -27.83528 1161.083
v 725.1467 -57.3163 1280.965
v -122.7609 17.38278 796.0821
v 116.4071 4.528457 918.3918
v 360.4482 -39.92583 1037.287
v 604.0579 -29.11664 1161.031
v -4.328351 -21.39912 794.6295
v 238.4139 9.604958 918.7538
v 482.1745 -29.37374 1038.37
v 116.07 16.0649 796.1912
v 360.5559 6.8306 918.5977
v 237.9463 35.18512 797.2145
v 724.9424 -60.11934 1158.681
v 603.9974 -26.62595 1038.816
v 482.1855 -19.18158 916.6788
v 360.462 -3.061852 795.248
v 846.7618 -55.66257 1281.075
v 967.901 -86.45633 1401.576
v 1090.056 -32.31622 1402.736
v 968.1971 -64.05328 1280.692
v 845.9207 -81.9986 1157.491
v 725.7405 -27.92871 1038.9
v 603.8327 -23.77066 916.5662
v 1211.125 -69.92052 1401.96
v 1089.987 -55.24831 1281.019
v 1211.112 -74.33521 1280.42
v 967.8593 -70.01645 1158.56
v 847.0638 -38.90546 1038.27
v 1089.314 -75.76823 1158.555
v 1210.739 -83.797 1158.522
v 968.9086 -37.22816 1038.491
v 724.0843 -58.87378 914.4261
v 1211.136 -67.49396 1037.389
v 1090.437 -44.19202 1038.22
v 847.2907 -29.21652 916.7679
v 1210.484 -75.37939 915.4666
v 1091.802 -17.61789 917.5065
v 968.8168 -35.93516 916.5853
v 1211.118 -60.22176 794.3209
v 1090.285 -41.51501 794.6682
v 965.9231 -80.38613 792.9386
v 845.8509 -49.74801 793.7706
v 724.8857 -33.27707 794.1865
v 1213.793 -18.63401 673.3311
v 1091.964 -14.92422 673.3891
v 966.1046 -71.04359 672.1678
v 847.8541 -12.56066 673.3053
v 1209.713 -76.99285 551.2667
v 1090.683 -32.94981 551.2794
v 966.548 -61.94889 551.2101
v 1212.987 -31.29869 429.4512
v 1091.434 -24.56263 429.5387
v 1211.909 -49.5053 308.1867
v 725.8091 -11.8095 673.1839
v 848.665 -0.3525895 551.4642
v 968.4381 -35.37728 429.7364
v 1089.08 -56.71823 308.2038
v 1211.888 -50.34722 186.9115
v 723.4609 -48.61285 550.9523
v 847.0052 -26.62937 429.834
v 969.5411 -22.85489 308.5363
v 1093.685 -3.336343 188.1708
v 1212.537 -40.604 65.86327
v 725.5017 -17.20064 430.0168
v 849.9518 -1.042647 309.4806
v 967.9243 -38.55209 186.6695
v 1089.142 -46.91593 64.98216
v 1209.878 -59.92553 -56.99186
v 726.6402 1.51191 309.3003
v 846.6188 -23.92753 186.7477
v 968.5509 -25.42642 65.5042
v 1096.061 26.3993 -52.23733
v 1211.526 -36.53725 -177.5488
v 726.2286 7.44373 187.0086
v 849.1367 3.492972 65.94621
v 972.533 27.53979 -52.90741
v 1094.446 18.63131 -174.5679
v 1213.616 -9.751961 -297.8275
v 728.8385 35.07296 64.4301
v 845.4 -29.0634 -57.11307
v 966.1709 -35.31683 -179.371
v 1089.55 -17.57812 -299.3516
v 1213.161 -6.162636 -419.9516
v 727.0214 35.71318 -55.68365
v 847.3896 10.55771 -176.7545
v 970.4007 22.35271 -297.4229
v 1086.665 -35.24357 -422.3845
v 1216.267 22.72979 -541.4296
v 725.1293 6.838429 -177.3801
v 846.4304 1.707446 -299.4651
v 970.3264 30.53756 -419.2806
v 1090.65 6.55222 -542.1345
v 1213.55 2.121041 -664.1293
v 725.1302 25.34221 -298.2578
v 846.2061 4.111178 -421.2414
v 968.1788 10.784 -542.3385
v 1091.918 18.80658 -664.2446
v 1213.625 0.5371457 -786.3784
v 725.002 29.83514 -420.1083
v 847.3986 38.62902 -541.8646
v 970.3676 38.80138 -664.4943
v 1088.638 -16.08313 -784.9294
v 1210.778 -31.24687 -906.7405
v 1091.595 6.533287 -908.8531
v 1092.321 9.225751 -1032.23
v 966.8132 -12.57407 -784.3439
v 847.6278 47.56683 -664.6418
v 969.0641 -0.07492514 -1030.758
v 969.4534 16.02526 -909.1121
v 846.4999 10.27472 -785.378
v 846.6697 -21.06423 -1151.318
v 846.7697 -3.19256 -1029.969
v 846.9695 16.35417 -908.725
v 724.8986 -23.49498 -1151.01
v 724.9035 -7.624123 -1029.375
v 601.8649 6.692739 -1155.293
v 724.8367 12.1116 -908.2258
v 481.0599 -25.77323 -1151.768
v 603.0464 -9.038651 -1029.644
v 724.9175 18.12656 -785.8784
v 358.8361 -26.95625 -1152.287
v 602.2676 19.71082 -909.4462
v 482.8601 -38.45726 -1027.007
v 725.0175 17.01402 -663.8604
v 236.7124 -28.61868 -1152.504
v 360.4444 -36.09704 -1028.458
v 482.1371 -14.46769 -906.728
v 602.2222 30.46013 -787.1089
v 724.8551 40.55429 -541.9752
v 116.6547 -55.48293 -1150.708
v 236.5899 -22.7138 -1030.617
v 357.6667 3.329529 -909.375
v 604.3173 -1.048026 -663.4404
v 481.0625 8.585851 -786.1353
v 602.9149 26.09454 -542.2416
v -3.312411 -93.35831 -1149.251
v 115.1888 -33.2719 -1030.194
v 237.3849 -23.28932 -908.012
v 358.253 5.448634 -786.683
v 482.8962 -5.416548 -663.5797
v 601.1522 62.79049 -418.7661
v -125.6065 -78.0357 -1149.958
v -5.246681 -51.08424 -1029.27
v 115.8513 -35.91225 -907.8644
v 238.184 -22.82573 -785.7654
v 359.8907 -3.455593 -664.0479
v 481.1583 15.17831 -542.3067
v -247.2635 -56.79449 -1150.098
v -126.43 -51.86471 -1029.061
v -5.395648 -46.60695 -907.7666
v 118.3556 -53.06813 -784.8973
v 237.4988 -11.9883 -664.2804
v 359.3779 2.328326 -542.3124
v 482.3061 -0.8826201 -421.0108
v -368.657 -73.42792 -1149.976
v -246.9759 -89.24773 -1028.291
v -126.0804 -60.59439 -907.4836
v -5.572874 -32.50607 -787.6359
v 116.7071 -29.6752 -664.4989
v 237.7022 -11.34916 -542.3564
v -490.1572 -64.19167 -1149.985
v -368.6786 -63.94743 -1028.599
v -247.3596 -62.60203 -907.6069
v -125.8118 -51.03196 -787.0962
v -4.003608 -34.07758 -665.1066
v -611.6659 -62.43885 -1150.016
v -490.0616 -55.50806 -1028.765
v -368.8556 -40.99757 -908.6221
v -247.3746 -45.81002 -788.4229
v -733.195 -70.7912 -1150.006
v -611.8316 -104.1529 -1027.922
v -490.1747 -76.45044 -906.8926
v -125.9232 -44.05432 -662.4043
v -368.7619 -62.9198 -786.0015
v -247.1443 -28.52507 -664.8964
v -854.7178 -56.78756 -1150.092
v -733.0746 -40.72444 -1029.383
v -611.4298 -53.99296 -907.8499
v -490.0436 -77.33401 -784.5425
v -367.3062 -56.78034 -659.4277
v -976.2346 -78.39074 -1271.485
v -1097.751 -60.18229 -1271.485
v -976.2388 -73.16659 -1149.995
v -854.7178 -40.94551 -1029.44
v -733.0733 -55.44481 -907.8237
v -611.5305 -50.33538 -786.6689
v -1219.268 -63.98361 -1271.485
v -1097.748 -81.88758 -1149.959
v -1219.28 -62.94585 -1149.985
v -976.3488 -44.26157 -1029.293
v -854.7178 -59.84715 -907.5912
v -1219.278 -76.64029 -1028.475
v -1097.746 -78.91822 -1028.431
v -1219.187 -80.75426 -906.7456
v -976.491 -38.54093 -908.7195
v -1097.737 -74.67018 -906.8842
v -732.7236 -23.88897 -788.3422
v -1219.717 -53.40777 -786.312
v -1098.41 -36.42978 -787.387
v -975.9837 -84.95876 -783.9163
v -854.7178 -61.5922 -785.5543
v -1218.807 -73.42316 -663.1348
v -1099.364 -4.479799 -667.9216
v -976.3421 -47.88453 -664.4364
v -854.7178 -83.94868 -661.3102
v -733.1155 -46.7157 -664.5698
v -1219.675 -45.34375 -542.926
v -1098.97 -16.17033 -544.8156
v -976.3318 -39.24857 -542.772
v -854.7178 -22.96955 -544.061
v -1220.793 -20.20692 -422.3925
v -1099.364 -3.619486 -423.2828
v -976.5098 -22.91666 -421.6905
v -1219.863 -29.82943 -299.7477
v -1098.641 -13.86752 -300.2404
v -1220.115 -22.61173 -178.1165
v -733.1592 -31.0576 -543.5503
v -854.7178 -4.509152 -423.0121
v -976.1474 -28.39248 -299.1763
v -1098.206 -17.55142 -178.0614
v -1221.156 -7.835482 -56.31684
v -733.1998 -24.42109 -421.5766
v -854.7191 19.60776 -301.9339
v -976.4333 -13.42377 -178.0323
v -1099.016 -3.263236 -56.36889
v -1219.587 -30.3075 65.23846
v -733.0422 -10.87684 -300.0952
v -854.7233 -13.42977 -177.9745
v -976.8699 -2.335484 -56.52015
v -1101.334 5.790244 63.62235
v -1223.075 -12.77711 186.4607
v -732.4156 14.7158 -178.9568
v -854.8129 0.9220114 -56.71889
v -977.5878 -4.467371 63.24745
v -1102.804 1.831549 183.6493
v -1223.833 -23.9798 308.0742
v -1104.285 25.9406 306.1208
v -981.5645 46.18879 178.999
v -854.9028 4.162845 62.26083
v -1110.349 43.47647 431.4069
v -983.7336 103.0239 302.61
v -855.072 64.37019 178.9073
v -1094.722 -12.81699 549.3566
v -994.144 145.3741 432.52
v -854.6204 117.6511 309.5297
v -980.6337 6.207469 681.1118
v -977.1108 68.03491 552.212
v -854.6067 10.69001 671.1686
v -854.0912 131.7561 428.4379
v -855.2849 118.0479 558.9095
v -731.6827 8.43451 677.0204
v -723.983 102.1728 563.0632
v -614.0446 -53.19895 667.5902
v -728.5825 127.5478 430.4649
v -491.7794 6.504146 672.6459
v -606.1138 26.35216 554.9954
v -719.2802 130.2549 295.8393
v -368.4906 -16.7614 673.6456
v -489.0619 -25.02863 551.5679
v -614.2236 33.20642 429.4962
v -731.3442 39.54949 183.4279
v -245.3568 5.152771 670.7467
v -608.4922 32.88974 306.9156
v -476.8111 27.71613 430.9306
v -368.8093 -47.13118 552.4888
v -731.7309 4.00764 62.17064
v -125.2443 -19.54694 672.4021
v -607.9317 7.81639 183.7798
v -477.9459 26.19112 305.3231
v -247.015 -30.72163 550.96
v -368.0403 -23.51629 429.5572
v -732.1897 17.94793 -57.18187
v -4.672987 -10.71495 672.7408
v -125.6314 -23.30223 550.6654
v -246.339 -11.00594 428.4131
v -366.994 -16.47762 307.6873
v -608.5164 10.95976 62.82886
v -483.7006 14.13215 184.4042
v -612.0906 -29.6267 -56.22708
v 116.859 -6.548211 672.8804
v -5.643673 7.323096 549.4962
v -125.6069 -27.45181 428.773
v -246.5082 -35.54313 307.6339
v -487.2256 1.138346 64.68807
v -370.2177 -55.20064 187.1151
v 237.9874 21.85609 673.3856
v 117.9765 -34.13411 551.7419
v -4.588108 -25.7232 428.5924
v -125.3179 -39.63982 307.1552
v -249.27 -77.14287 187.9043
v -367.0641 -28.40841 65.22797
v -489.7241 -21.7949 -56.05376
v -611.7143 -29.40452 -177.8277
v -613.7368 16.3229 -300.0347
v -491.3578 23.17918 -174.3295
v -369.1314 -45.19522 -56.89254
v -244.0434 -30.05709 65.22533
v -126.2285 -76.30653 187.689
v -613.7894 -4.302914 -422.7006
v -490.6894 -7.054214 -299.1314
v -368.7489 -36.5631 -180.9781
v -242.6222 -10.72692 -51.12222
v -613.2582 -18.21297 -545.2399
v -490.9768 -5.844131 -421.1651
v -370.6519 33.66954 -295.9533
v -612.5318 -16.70357 -668.4705
v -490.5274 -23.59813 -542.7943
v -493.5723 -5.837925 -671.6848
v -364.8803 -22.73267 -419.4862
v -369.3567 0.6032067 -543.6588
v -245.9255 -10.54484 -174.9369
v -246.7846 29.38794 -547.7652
v -245.9224 53.99857 -421.4597
v -247.1243 6.969277 -299.3266
v -125.4083 -6.504694 -542.6869
v -122.6639 22.53438 -420.6663
v -124.5012 -4.44364 -298.1619
v -127.3674 -53.75881 -180.5088
v -123.5828 -46.44903 -54.10644
v -2.945763 -13.28415 -543.5161
v -2.739168 -11.05608 -420.5198
v -4.387689 -37.4633 -299.6794
v 0.5369833 0.9591571 -168.2105
v 117.2689 -26.77134 -542.5894
v 117.1694 -72.12592 -422.6919
v 117.0343 -18.98266 -296.2607
v 243.8527 -70.46399 -422.9687
v -3.854072 -62.01423 -55.44879
v 119.7766 -100.0184 -181.7282
v 237.2656 -20.91035 -298.3578
v 361.2796 -16.73404 -421.1412
v 355.1771 24.51539 -296.9404
v 234.6833 -14.13265 -175.8441
v 118.7503 -82.09628 -56.83522
v 482.9147 -13.09609 -299.9268
v 360.0298 -20.82009 -177.6549
v 240.036 -57.15165 -56.53726
v 603.0684 15.68514 -298.7808
v 602.3943 28.84496 -176.2776
v 483.1551 -22.51691 -178.4945
v 601.4209 68.73169 -57.35759
v 480.5027 -1.774241 -56.37056
v 603.1895 26.5 63.96789
v 356.7469 -5.868233 -55.7897
v 481.7526 -5.740751 65.1217
v 603.5849 36.72036 187.1069
v 360.0822 -29.5545 65.14141
v 604.5413 47.89971 312.4751
v 478.7456 22.05868 186.5399
v 237.7926 -42.95353 65.01026
v 603.0378 -26.90382 429.0068
v 358.5356 -15.08527 186.2596
v 480.1242 14.46828 309.1389
v 115.859 -50.73014 64.62455
v 603.3 -22.25084 551.191
v 234.9334 -12.6853 184.5202
v 359.9234 -17.43191 308.096
v 481.2489 14.41077 430.5266
v -3.851257 -99.21382 66.06252
v 601.6501 -65.19003 671.412
v 115.6502 -37.48728 184.9246
v 240.5717 -50.71313 309.6503
v 482.0205 -8.480379 551.316
v 359.9218 -6.561489 429.494
v -126.195 -78.7332 65.34019
v -4.175684 -61.25903 186.3831
v 118.3917 -57.97208 309.5731
v -4.473103 -38.8928 306.8664
v 118.1217 -42.80248 430.69
v 237.5273 -0.7380293 428.329
v 238.8515 -15.38563 551.2117
v 360.6318 -24.80357 551.3517
v 360.4205 -8.264136 672.9507
v 482.1203 -7.767835 673.028
v 482.2738 -6.271277 795.1678
v 603.8359 -16.1597 794.8093
f 674 675 676
f 674 676 677
f 678 674 677
f 677 676 679
f 678 677 680
f 681 678 680
f 677 679 682
f 680 677 682
f 682 679 683
f 681 680 684
f 685 681 684
f 680 682 686
f 684 680 686
f 682 683 687
f 686 682 687
f 687 683 688
f 685 684 689
f 690 685 689
f 684 686 691
f 689 684 691
f 687 688 692
f 692 688 693
f 686 687 694
f 691 686 694
f 694 687 692
f 690 689 695
f 696 690 695
f 692 693 697
f 697 693 698
f 689 691 699
f 695 689 699
f 691 694 700
f 699 691 700
f 694 692 701
f 701 692 697
f 700 694 701
f 696 695 702
f 703 696 702
f 697 698 704
f 704 698 705
f 695 699 706
f 702 695 706
f 699 700 707
f 706 699 707
f 700 701 708
f 707 700 708
f 701 697 709
f 709 697 704
f 708 701 709
f 703 702 710
f 711 703 710
f 704 705 712
f 712 705 713
f 702 706 714
f 710 702 714
f 706 707 715
f 714 706 715
f 707 708 716
f 715 707 716
f 708 709 717
f 716 708 717
f 709 704 718
f 718 704 712
f 717 709 718
f 712 713 719
f 719 713 720
f 718 712 721
f 721 712 719
f 717 718 722
f 722 718 721
f 716 717 723
f 723 717 722
f 715 716 724
f 724 716 723
f 719 720 725
f 725 720 726
f 721 719 727
f 727 719 725
f 722 721 728
f 728 721 727
f 723 722 729
f 729 722 728
f 725 726 730
f 730 726 731
f 727 725 732
f 732 725 730
f 728 727 733
f 733 727 732
f 730 731 734
f 734 731 735
f 732 730 736
f 736 730 734
f 734 735 737
f 737 735 738
f 739 723 729
f 724 723 739
f 729 728 740
f 740 728 733
f 733 732 741
f 741 732 736
f 736 734 742
f 742 734 737
f 737 738 743
f 743 738 744
f 739 729 745
f 745 729 740
f 740 733 746
f 746 733 741
f 741 736 747
f 747 736 742
f 742 737 748
f 748 737 743
f 743 744 749
f 749 744 750
f 745 740 751
f 751 740 746
f 746 741 752
f 752 741 747
f 747 742 753
f 753 742 748
f 748 743 754
f 754 743 749
f 749 750 755
f 755 750 756
f 751 746 757
f 757 746 752
f 752 747 758
f 758 747 753
f 753 748 759
f 759 748 754
f 754 749 760
f 760 749 755
f 755 756 761
f 761 756 762
f 757 752 763
f 763 752 758
f 758 753 764
f 764 753 759
f 759 754 765
f 765 754 760
f 760 755 766
f 766 755 761
f 761 762 767
f 767 762 768
f 763 758 769
f 769 758 764
f 764 759 770
f 770 759 765
f 765 760 771
f 771 760 766
f 766 761 772
f 772 761 767
f 767 768 773
f 773 768 774
f 769 764 775
f 775 764 770
f 770 765 776
f 776 765 771
f 771 766 777
f 777 766 772
f 772 767 778
f 778 767 773
f 773 774 779
f 779 774 780
f 775 770 781
f 781 770 776
f 776 771 782
f 782 771 777
f 777 772 783
f 783 772 778
f 778 773 784
f 784 773 779
f 779 780 785
f 785 780 786
f 781 776 787
f 787 776 782
f 782 777 788
f 788 777 783
f 783 778 789
f 789 778 784
f 784 779 790
f 790 779 785
f 785 786 791
f 791 786 792
f 787 782 793
f 793 782 788
f 788 783 794
f 794 783 789
f 789 784 795
f 795 784 790
f 790 785 796
f 796 785 791
f 791 792 797
f 797 792 798
f 793 788 799
f 799 788 794
f 794 789 800
f 800 789 795
f 795 790 801
f 801 790 796
f 796 791 802
f 802 791 797
f 797 798 803
f 803 798 804
f 799 794 805
f 805 794 800
f 800 795 806
f 806 795 801
f 801 796 807
f 807 796 802
f 802 797 808
f 808 797 803
f 803 804 809
f 809 804 810
f 805 800 811
f 811 800 806
f 806 801 812
f 812 801 807
f 807 802 813
f 813 802 808
f 808 803 814
f 814 803 809
f 809 810 815
f 815 810 816
f 811 806 817
f 817 806 812
f 812 807 818
f 818 807 813
f 813 808 819
f 819 808 814
f 814 809 820
f 820 809 815
f 815 816 821
f 821 816 822
f 817 812 823
f 823 812 818
f 818 813 824
f 824 813 819
f 819 814 825
f 825 814 820
f 820 815 826
f 826 815 821
f 821 822 827
f 827 822 828
f 823 818 829
f 829 818 824
f 824 819 830
f 830 819 825
f 825 820 831
f 831 820 826
f 826 821 832
f 832 821 827
f 827 828 833
f 833 828 834
f 829 824 835
f 835 824 830
f 830 825 836
f 836 825 831
f 831 826 837
f 837 826 832
f 832 827 838
f 838 827 833
f 833 834 839
f 839 834 840
f 835 830 841
f 841 830 836
f 836 831 842
f 842 831 837
f 837 832 843
f 843 832 838
f 838 833 844
f 844 833 839
f 839 840 845
f 845 840 846
f 841 836 847
f 847 836 842
f 842 837 848
f 848 837 843
f 843 838 849
f 849 838 844
f 844 839 850
f 850 839 845
f 845 846 851
f 851 846 852
f 851 852 853
f 854 845 851
f 850 845 854
f 855 851 853
f 854 851 855
f 855 853 856
f 857 844 850
f 849 844 857
f 858 843 849
f 848 843 858
f 859 850 854
f 857 850 859
f 860 855 856
f 860 856 861
f 862 854 855
f 859 854 862
f 862 855 860
f 863 849 857
f 858 849 863
f 864 860 861
f 864 861 865
f 866 857 859
f 863 857 866
f 867 862 860
f 867 860 864
f 868 859 862
f 866 859 868
f 868 862 867
f 869 864 865
f 869 865 870
f 871 867 864
f 871 864 869
f 872 868 867
f 872 867 871
f 873 866 868
f 873 868 872
f 874 863 866
f 874 866 873
f 875 869 870
f 875 870 876
f 877 871 869
f 877 869 875
f 878 872 871
f 878 871 877
f 879 873 872
f 879 872 878
f 880 875 876
f 880 876 881
f 882 877 875
f 882 875 880
f 883 878 877
f 883 877 882
f 884 880 881
f 884 881 885
f 886 882 880
f 886 880 884
f 887 884 885
f 887 885 888
f 889 873 879
f 889 874 873
f 890 879 878
f 890 878 883
f 891 883 882
f 891 882 886
f 892 886 884
f 892 884 887
f 893 887 888
f 893 888 894
f 895 889 879
f 895 879 890
f 896 890 883
f 896 883 891
f 897 891 886
f 897 886 892
f 898 892 887
f 898 887 893
f 899 893 894
f 899 894 900
f 901 895 890
f 901 890 896
f 902 896 891
f 902 891 897
f 903 897 892
f 903 892 898
f 904 898 893
f 904 893 899
f 905 899 900
f 905 900 906
f 907 901 896
f 907 896 902
f 908 902 897
f 908 897 903
f 909 903 898
f 909 898 904
f 910 904 899
f 910 899 905
f 911 905 906
f 911 906 912
f 913 907 902
f 913 902 908
f 914 908 903
f 914 903 909
f 915 909 904
f 915 904 910
f 916 910 905
f 916 905 911
f 917 911 912
f 917 912 918
f 919 913 908
f 919 908 914
f 920 914 909
f 920 909 915
f 921 915 910
f 921 910 916
f 922 916 911
f 922 911 917
f 923 917 918
f 923 918 924
f 925 919 914
f 925 914 920
f 926 920 915
f 926 915 921
f 927 921 916
f 927 916 922
f 928 922 917
f 928 917 923
f 929 923 924
f 929 924 930
f 931 925 920
f 931 920 926
f 932 926 921
f 932 921 927
f 933 927 922
f 933 922 928
f 934 928 923
f 934 923 929
f 935 929 930
f 935 930 936
f 937 931 926
f 937 926 932
f 938 932 927
f 938 927 933
f 939 933 928
f 939 928 934
f 940 934 929
f 940 929 935
f 941 935 936
f 941 936 942
f 943 937 932
f 943 932 938
f 944 938 933
f 944 933 939
f 945 939 934
f 945 934 940
f 946 940 935
f 946 935 941
f 947 941 942
f 947 942 948
f 949 943 938
f 949 938 944
f 950 944 939
f 950 939 945
f 951 945 940
f 951 940 946
f 952 946 941
f 952 941 947
f 953 947 948
f 953 948 954
f 955 949 944
f 955 944 950
f 956 950 945
f 956 945 951
f 957 951 946
f 957 946 952
f 958 952 947
f 958 947 953
f 959 953 954
f 959 954 960
f 961 955 950
f 961 950 956
f 962 956 951
f 962 951 957
f 963 957 952
f 963 952 958
f 964 958 953
f 964 953 959
f 965 959 960
f 965 960 966
f 967 961 956
f 967 956 962
f 968 962 957
f 968 957 963
f 969 963 958
f 969 958 964
f 970 964 959
f 970 959 965
f 971 965 966
f 971 966 972
f 973 967 962
f 973 962 968
f 974 968 963
f 974 963 969
f 975 969 964
f 975 964 970
f 976 970 965
f 976 965 971
f 977 971 972
f 977 972 978
f 979 973 968
f 979 968 974
f 980 974 969
f 980 969 975
f 981 975 970
f 981 970 976
f 982 976 971
f 982 971 977
f 983 977 978
f 983 978 984
f 985 979 974
f 985 974 980
f 986 980 975
f 986 975 981
f 987 981 976
f 987 976 982
f 988 982 977
f 988 977 983
f 989 983 984
f 989 984 990
f 991 985 980
f 991 980 986
f 992 986 981
f 992 981 987
f 993 987 982
f 993 982 988
f 994 988 983
f 994 983 989
f 995 989 990
f 995 990 996
f 997 991 986
f 997 986 992
f 998 992 987
f 998 987 993
f 999 993 988
f 999 988 994
f 1000 994 989
f 1000 989 995
f 1001 995 996
f 1001 996 1002
f 1003 997 992
f 1003 992 998
f 1004 998 993
f 1004 993 999
f 1005 999 994
f 1005 994 1000
f 1006 1000 995
f 1006 995 1001
f 1007 1001 1002
f 1007 1002 1008
f 1009 1003 998
f 1009 998 1004
f 1010 1004 999
f 1010 999 1005
f 1011 1005 1000
f 1011 1000 1006
f 1012 1006 1001
f 1012 1001 1007
f 1013 1007 1008
f 1013 1008 1014
f 1015 1009 1004
f 1015 1004 1010
f 1016 1010 1005
f 1016 1005 1011
f 1017 1011 1006
f 1017 1006 1012
f 1018 1012 1007
f 1018 1007 1013
f 1019 1013 1014
f 1019 1014 1020
f 1021 1019 1020
f 1021 1020 1022
f 1023 1019 1021
f 1024 1013 1019
f 1023 1024 1019
f 1024 1018 1013
f 1025 1024 1023
f 1025 1026 1024
f 1026 1018 1024
f 1027 1026 1025
f 1028 1012 1018
f 1026 1028 1018
f 1028 1017 1012
f 1027 1029 1026
f 1029 1028 1026
f 1030 1029 1027
f 1031 1017 1028
f 1029 1031 1028
f 1030 1032 1029
f 1032 1031 1029
f 1033 1032 1030
f 1031 1034 1017
f 1034 1011 1017
f 1034 1016 1011
f 1033 1035 1032
f 1036 1035 1033
f 1032 1037 1031
f 1037 1034 1031
f 1035 1037 1032
f 1038 1016 1034
f 1037 1038 1034
f 1036 1039 1035
f 1040 1039 1036
f 1035 1041 1037
f 1041 1038 1037
f 1039 1041 1035
f 1038 1042 1016
f 1042 1010 1016
f 1042 1015 1010
f 1040 1043 1039
f 1044 1043 1040
f 1039 1045 1041
f 1043 1045 1039
f 1041 1046 1038
f 1046 1042 1038
f 1045 1046 1041
f 1047 1015 1042
f 1046 1047 1042
f 1044 1048 1043
f 1049 1048 1044
f 1043 1050 1045
f 1048 1050 1043
f 1045 1051 1046
f 1051 1047 1046
f 1050 1051 1045
f 1047 1052 1015
f 1052 1009 1015
f 1049 1053 1048
f 1054 1053 1049
f 1048 1055 1050
f 1053 1055 1048
f 1051 1056 1047
f 1056 1052 1047
f 1050 1057 1051
f 1055 1057 1050
f 1057 1056 1051
f 1052 1058 1009
f 1058 1003 1009
f 1054 1059 1053
f 1060 1059 1054
f 1053 1061 1055
f 1059 1061 1053
f 1055 1062 1057
f 1061 1062 1055
f 1056 1063 1052
f 1063 1058 1052
f 1057 1064 1056
f 1062 1064 1057
f 1064 1063 1056
f 1058 1065 1003
f 1065 997 1003
f 1060 1066 1059
f 1067 1066 1060
f 1059 1068 1061
f 1066 1068 1059
f 1061 1069 1062
f 1068 1069 1061
f 1062 1070 1064
f 1069 1070 1062
f 1063 1071 1058
f 1071 1065 1058
f 1064 1072 1063
f 1070 1072 1064
f 1072 1071 1063
f 1067 1073 1066
f 1074 1073 1067
f 1066 1075 1068
f 1073 1075 1066
f 1068 1076 1069
f 1075 1076 1068
f 1069 1077 1070
f 1076 1077 1069
f 1070 1078 1072
f 1077 1078 1070
f 1072 1079 1071
f 1078 1079 1072
f 1074 1080 1073
f 1081 1080 1074
f 1073 1082 1075
f 1080 1082 1073
f 1075 1083 1076
f 1082 1083 1075
f 1076 1084 1077
f 1083 1084 1076
f 1077 1085 1078
f 1084 1085 1077
f 1081 1086 1080
f 1087 1086 1081
f 1080 1088 1082
f 1086 1088 1080
f 1082 1089 1083
f 1088 1089 1082
f 1083 1090 1084
f 1089 1090 1083
f 1087 1091 1086
f 1092 1091 1087
f 1086 1093 1088
f 1091 1093 1086
f 1088 1094 1089
f 1093 1094 1088
f 1092 1095 1091
f 1096 1095 1092
f 1091 1097 1093
f 1095 1097 1091
f 1096 1098 1095
f 1099 1098 1096
f 1090 1100 1084
f 1084 1100 1085
f 1089 1101 1090
f 1094 1101 1089
f 1093 1102 1094
f 1097 1102 1093
f 1095 1103 1097
f 1098 1103 1095
f 1099 1104 1098
f 1105 1104 1099
f 1090 1106 1100
f 1101 1106 1090
f 1094 1107 1101
f 1102 1107 1094
f 1097 1108 1102
f 1103 1108 1097
f 1098 1109 1103
f 1104 1109 1098
f 1105 1110 1104
f 1111 1110 1105
f 1101 1112 1106
f 1107 1112 1101
f 1102 1113 1107
f 1108 1113 1102
f 1103 1114 1108
f 1109 1114 1103
f 1104 1115 1109
f 1110 1115 1104
f 1111 1116 1110
f 1117 1116 1111
f 1107 1118 1112
f 1113 1118 1107
f 1108 1119 1113
f 1114 1119 1108
f 1109 1120 1114
f 1115 1120 1109
f 1110 1121 1115
f 1116 1121 1110
f 1117 1122 1116
f 1123 1122 1117
f 1113 1124 1118
f 1119 1124 1113
f 1114 1125 1119
f 1120 1125 1114
f 1115 1126 1120
f 1121 1126 1115
f 1116 1127 1121
f 1122 1127 1116
f 1123 1128 1122
f 1129 1128 1123
f 1119 1130 1124
f 1125 1130 1119
f 1120 1131 1125
f 1126 1131 1120
f 1121 1132 1126
f 1127 1132 1121
f 1122 1133 1127
f 1128 1133 1122
f 1129 1134 1128
f 1135 1134 1129
f 1125 1136 1130
f 1131 1136 1125
f 1126 1137 1131
f 1132 1137 1126
f 1127 1138 1132
f 1133 1138 1127
f 1128 1139 1133
f 1134 1139 1128
f 1135 1140 1134
f 1141 1140 1135
f 1131 1142 1136
f 1137 1142 1131
f 1132 1143 1137
f 1138 1143 1132
f 1133 1144 1138
f 1139 1144 1133
f 1134 1145 1139
f 1140 1145 1134
f 1141 1146 1140
f 1147 1146 1141
f 1137 1148 1142
f 1143 1148 1137
f 1138 1149 1143
f 1144 1149 1138
f 1139 1150 1144
f 1145 1150 1139
f 1140 1151 1145
f 1146 1151 1140
f 1147 1152 1146
f 1153 1152 1147
f 1143 1154 1148
f 1149 1154 1143
f 1144 1155 1149
f 1150 1155 1144
f 1145 1156 1150
f 1151 1156 1145
f 1146 1157 1151
f 1152 1157 1146
f 1153 1158 1152
f 1159 1158 1153
f 1149 1160 1154
f 1155 1160 1149
f 1150 1161 1155
f 1156 1161 1150
f 1151 1162 1156
f 1157 1162 1151
f 1152 1163 1157
f 1158 1163 1152
f 1159 1164 1158
f 1165 1164 1159
f 1155 1166 1160
f 1161 1166 1155
f 1156 1167 1161
f 1162 1167 1156
f 1157 1168 1162
f 1163 1168 1157
f 1158 1169 1163
f 1164 1169 1158
f 1165 1170 1164
f 1171 1170 1165
f 1161 1172 1166
f 1167 1172 1161
f 1162 1173 1167
f 1168 1173 1162
f 1163 1174 1168
f 1169 1174 1163
f 1164 1175 1169
f 1170 1175 1164
f 1171 1176 1170
f 1177 1176 1171
f 1177 1178 1176
f 1176 1179 1170
f 1170 1179 1175
f 1178 1180 1176
f 1176 1180 1179
f 1178 1181 1180
f 1175 1182 1169
f 1169 1182 1174
f 1174 1183 1168
f 1168 1183 1173
f 1179 1184 1175
f 1175 1184 1182
f 1181 1185 1180
f 1181 1186 1185
f 1180 1187 1179
f 1179 1187 1184
f 1180 1185 1187
f 1182 1188 1174
f 1174 1188 1183
f 1186 1189 1185
f 1186 1190 1189
f 1184 1191 1182
f 1182 1191 1188
f 1185 1192 1187
f 1185 1189 1192
f 1187 1193 1184
f 1184 1193 1191
f 1187 1192 1193
f 1190 1194 1189
f 1190 1195 1194
f 1189 1196 1192
f 1189 1194 1196
f 1192 1197 1193
f 1192 1196 1197
f 1193 1198 1191
f 1193 1197 1198
f 1191 1199 1188
f 1191 1198 1199
f 1195 1200 1194
f 1195 1201 1200
f 1194 1202 1196
f 1194 1200 1202
f 1196 1203 1197
f 1196 1202 1203
f 1197 1204 1198
f 1197 1203 1204
f 1201 1205 1200
f 1201 1206 1205
f 1200 1207 1202
f 1200 1205 1207
f 1202 1208 1203
f 1202 1207 1208
f 1206 1209 1205
f 1206 1210 1209
f 1205 1211 1207
f 1205 1209 1211
f 1210 1212 1209
f 1210 1213 1212
f 1198 1204 1214
f 1198 1214 1199
f 1203 1215 1204
f 1203 1208 1215
f 1207 1216 1208
f 1207 1211 1216
f 1209 1217 1211
f 1209 1212 1217
f 1213 1218 1212
f 1213 1219 1218
f 1204 1220 1214
f 1204 1215 1220
f 1208 1221 1215
f 1208 1216 1221
f 1211 1222 1216
f 1211 1217 1222
f 1212 1223 1217
f 1212 1218 1223
f 1219 1224 1218
f 1219 1225 1224
f 1215 1226 1220
f 1215 1221 1226
f 1216 1227 1221
f 1216 1222 1227
f 1217 1228 1222
f 1217 1223 1228
f 1218 1229 1223
f 1218 1224 1229
f 1225 1230 1224
f 1225 1231 1230
f 1221 1232 1226
f 1221 1227 1232
f 1222 1233 1227
f 1222 1228 1233
f 1223 1234 1228
f 1223 1229 1234
f 1224 1235 1229
f 1224 1230 1235
f 1231 1236 1230
f 1231 1237 1236
f 1227 1238 1232
f 1227 1233 1238
f 1228 1239 1233
f 1228 1234 1239
f 1229 1240 1234
f 1229 1235 1240
f 1230 1241 1235
f 1230 1236 1241
f 1237 1242 1236
f 1237 1243 1242
f 1233 1244 1238
f 1233 1239 1244
f 1234 1245 1239
f 1234 1240 1245
f 1235 1246 1240
f 1235 1241 1246
f 1236 1247 1241
f 1236 1242 1247
f 1243 1248 1242
f 1243 1249 1248
f 1239 1250 1244
f 1239 1245 1250
f 1240 1251 1245
f 1240 1246 1251
f 1241 1252 1246
f 1241 1247 1252
f 1242 1253 1247
f 1242 1248 1253
f 1249 1254 1248
f 1249 1255 1254
f 1245 1256 1250
f 1245 1251 1256
f 1246 1257 1251
f 1246 1252 1257
f 1247 1258 1252
f 1247 1253 1258
f 1248 1259 1253
f 1248 1254 1259
f 1255 1260 1254
f 1255 1261 1260
f 1251 1262 1256
f 1251 1257 1262
f 1252 1263 1257
f 1252 1258 1263
f 1253 1264 1258
f 1253 1259 1264
f 1254 1265 1259
f 1254 1260 1265
f 1261 1266 1260
f 1261 1267 1266
f 1257 1268 1262
f 1257 1263 1268
f 1258 1269 1263
f 1258 1264 1269
f 1259 1270 1264
f 1259 1265 1270
f 1260 1271 1265
f 1260 1266 1271
f 1267 1272 1266
f 1267 1273 1272
f 1263 1274 1268
f 1263 1269 1274
f 1264 1275 1269
f 1264 1270 1275
f 1265 1276 1270
f 1265 1271 1276
f 1266 1277 1271
f 1266 1272 1277
f 1273 1278 1272
f 1273 1279 1278
f 1269 1280 1274
f 1269 1275 1280
f 1270 1281 1275
f 1270 1276 1281
f 1271 1282 1276
f 1271 1277 1282
f 1272 1283 1277
f 1272 1278 1283
f 1279 1284 1278
f 1279 1285 1284
f 1275 1286 1280
f 1275 1281 1286
f 1276 1287 1281
f 1276 1282 1287
f 1277 1288 1282
f 1277 1283 1288
f 1278 1289 1283
f 1278 1284 1289
f 1285 1290 1284
f 1285 1291 1290
f 1281 1292 1286
f 1281 1287 1292
f 1282 1293 1287
f 1282 1288 1293
f 1283 1294 1288
f 1283 1289 1294
f 1284 1295 1289
f 1284 1290 1295
f 1291 1296 1290
f 1291 1297 1296
f 1287 1298 1292
f 1287 1293 1298
f 1288 1299 1293
f 1288 1294 1299
f 1289 1300 1294
f 1289 1295 1300
f 1290 1301 1295
f 1290 1296 1301
f 1297 1302 1296
f 1297 711 1302
f 711 710 1302
f 1296 1302 1303
f 1296 1303 1301
f 1302 710 1304
f 1302 1304 1303
f 710 714 1304
f 1295 1301 1305
f 1295 1305 1300
f 1294 1300 1306
f 1294 1306 1299
f 1301 1303 1307
f 1301 1307 1305
f 1304 714 1308
f 714 715 1308
f 1308 715 724
f 1303 1304 1309
f 1304 1308 1309
f 1303 1309 1307
f 1308 724 1310
f 1309 1308 1310
f 1310 724 739
f 1300 1305 1311
f 1300 1311 1306
f 1305 1307 1312
f 1305 1312 1311
f 1307 1309 1313
f 1309 1310 1313
f 1307 1313 1312
f 1310 739 1314
f 1313 1310 1314
f 1314 739 745
f 1312 1313 1315
f 1313 1314 1315
f 1314 745 1316
f 1315 1314 1316
f 1316 745 751
f 1311 1312 1317
f 1312 1315 1317
f 1306 1311 1318
f 1311 1317 1318
f 1315 1316 1319
f 1317 1315 1319
f 1316 751 1320
f 1319 1316 1320
f 1320 751 757
f 1317 1319 1321
f 1318 1317 1321
f 1306 1318 1322
f 1299 1306 1322
f 1319 1320 1323
f 1321 1319 1323
f 1320 757 1324
f 1323 1320 1324
f 1324 757 763
f 1318 1321 1325
f 1322 1318 1325
f 1299 1322 1326
f 1293 1299 1326
f 1293 1326 1298
f 1321 1323 1327
f 1325 1321 1327
f 1323 1324 1328
f 1327 1323 1328
f 1324 763 1329
f 1328 1324 1329
f 1329 763 769
f 1326 1322 1330
f 1322 1325 1330
f 1298 1326 1331
f 1326 1330 1331
f 1325 1327 1332
f 1330 1325 1332
f 1327 1328 1333
f 1332 1327 1333
f 1328 1329 1334
f 1333 1328 1334
f 1329 769 1335
f 1334 1329 1335
f 1335 769 775
f 1330 1332 1336
f 1331 1330 1336
f 1298 1331 1337
f 1292 1298 1337
f 1332 1333 1338
f 1336 1332 1338
f 1333 1334 1339
f 1338 1333 1339
f 1334 1335 1340
f 1339 1334 1340
f 1335 775 1341
f 1340 1335 1341
f 1341 775 781
f 1331 1336 1342
f 1337 1331 1342
f 1292 1337 1343
f 1286 1292 1343
f 1336 1338 1344
f 1342 1336 1344
f 1338 1339 1345
f 1344 1338 1345
f 1339 1340 1346
f 1345 1339 1346
f 1340 1341 1347
f 1346 1340 1347
f 1341 781 1348
f 1347 1341 1348
f 1348 781 787
f 1348 787 1349
f 1349 787 793
f 1347 1348 1350
f 1350 1348 1349
f 1346 1347 1351
f 1351 1347 1350
f 1345 1346 1352
f 1352 1346 1351
f 1344 1345 1353
f 1353 1345 1352
f 1349 793 1354
f 1354 793 799
f 1350 1349 1355
f 1355 1349 1354
f 1351 1350 1356
f 1356 1350 1355
f 1352 1351 1357
f 1357 1351 1356
f 1354 799 1358
f 1358 799 805
f 1355 1354 1359
f 1359 1354 1358
f 1356 1355 1360
f 1360 1355 1359
f 1358 805 1361
f 1361 805 811
f 1359 1358 1362
f 1362 1358 1361
f 1361 811 1363
f 1363 811 817
f 1364 1352 1357
f 1353 1352 1364
f 1357 1356 1365
f 1365 1356 1360
f 1360 1359 1366
f 1366 1359 1362
f 1362 1361 1367
f 1367 1361 1363
f 1363 817 1368
f 1368 817 823
f 1364 1357 1369
f 1369 1357 1365
f 1365 1360 1370
f 1370 1360 1366
f 1366 1362 1371
f 1371 1362 1367
f 1367 1363 1372
f 1372 1363 1368
f 1368 823 1373
f 1373 823 829
f 1369 1365 1374
f 1374 1365 1370
f 1370 1366 1375
f 1375 1366 1371
f 1371 1367 1376
f 1376 1367 1372
f 1372 1368 1377
f 1377 1368 1373
f 1373 829 1378
f 1378 829 835
f 1374 1370 1379
f 1379 1370 1375
f 1375 1371 1380
f 1380 1371 1376
f 1376 1372 1381
f 1381 1372 1377
f 1377 1373 1382
f 1382 1373 1378
f 1378 835 1383
f 1383 835 841
f 1379 1375 1384
f 1384 1375 1380
f 1380 1376 1385
f 1385 1376 1381
f 1381 1377 1386
f 1386 1377 1382
f 1382 1378 1387
f 1387 1378 1383
f 1383 841 1388
f 1388 841 847
f 1384 1380 1389
f 1389 1380 1385
f 1385 1381 1390
f 1390 1381 1386
f 1386 1382 1391
f 1391 1382 1387
f 1387 1383 1392
f 1392 1383 1388
f 1389 1385 1393
f 1393 1385 1390
f 1390 1386 1394
f 1394 1386 1391
f 1391 1387 1395
f 1395 1387 1392
f 1393 1390 1396
f 1396 1390 1394
f 1394 1391 1397
f 1397 1391 1395
f 1396 1394 1398
f 1398 1394 1397
f 1392 1388 1399
f 1395 1392 1400
f 1400 1392 1399
f 1397 1395 1401
f 1401 1395 1400
f 1398 1397 1402
f 1402 1397 1401
f 1399 1388 1403
f 1388 847 1403
f 1403 847 1404
f 847 842 1404
f 1404 842 848
f 1404 848 1405
f 1405 848 858
f 1403 1404 1406
f 1406 1404 1405
f 1399 1403 1407
f 1407 1403 1406
f 1400 1399 1408
f 1408 1399 1407
f 1401 1400 1409
f 1409 1400 1408
f 1405 858 1410
f 1410 858 863
f 1410 863 874
f 1406 1405 1411
f 1411 1405 1410
f 1412 1410 874
f 1411 1410 1412
f 1412 874 889
f 1407 1406 1413
f 1413 1406 1411
f 1408 1407 1414
f 1414 1407 1413
f 1415 1411 1412
f 1413 1411 1415
f 1416 1412 889
f 1415 1412 1416
f 1416 889 895
f 1417 1413 1415
f 1414 1413 1417
f 1418 1408 1414
f 1409 1408 1418
f 1419 1416 895
f 1419 895 901
f 1420 1415 1416
f 1417 1415 1420
f 1420 1416 1419
f 1421 1414 1417
f 1418 1414 1421
f 1422 1419 901
f 1422 901 907
f 1423 1420 1419
f 1423 1419 1422
f 1424 1417 1420
f 1421 1417 1424
f 1424 1420 1423
f 1425 1422 907
f 1425 907 913
f 1426 1423 1422
f 1426 1422 1425
f 1427 1424 1423
f 1427 1423 1426
f 1428 1421 1424
f 1428 1424 1427
f 1429 1418 1421
f 1429 1421 1428
f 1430 1425 913
f 1430 913 919
f 1431 1426 1425
f 1431 1425 1430
f 1432 1427 1426
f 1432 1426 1431
f 1433 1428 1427
f 1433 1427 1432
f 1434 1430 919
f 1434 919 925
f 1435 1431 1430
f 1435 1430 1434
f 1436 1432 1431
f 1436 1431 1435
f 1437 1434 925
f 1437 925 931
f 1438 1435 1434
f 1438 1434 1437
f 1439 1437 931
f 1439 931 937
f 1440 1428 1433
f 1440 1429 1428
f 1441 1433 1432
f 1441 1432 1436
f 1442 1436 1435
f 1442 1435 1438
f 1443 1438 1437
f 1443 1437 1439
f 1444 1439 937
f 1444 937 943
f 1445 1440 1433
f 1445 1433 1441
f 1446 1441 1436
f 1446 1436 1442
f 1447 1442 1438
f 1447 1438 1443
f 1448 1443 1439
f 1448 1439 1444
f 1449 1444 943
f 1449 943 949
f 1450 1445 1441
f 1450 1441 1446
f 1451 1446 1442
f 1451 1442 1447
f 1452 1447 1443
f 1452 1443 1448
f 1453 1448 1444
f 1453 1444 1449
f 1454 1449 949
f 1454 949 955
f 1455 1450 1446
f 1455 1446 1451
f 1456 1451 1447
f 1456 1447 1452
f 1457 1452 1448
f 1457 1448 1453
f 1458 1453 1449
f 1458 1449 1454
f 1459 1454 955
f 1459 955 961
f 1460 1455 1451
f 1460 1451 1456
f 1461 1456 1452
f 1461 1452 1457
f 1462 1457 1453
f 1462 1453 1458
f 1463 1458 1454
f 1463 1454 1459
f 1464 1459 961
f 1464 961 967
f 1465 1460 1456
f 1465 1456 1461
f 1466 1461 1457
f 1466 1457 1462
f 1467 1462 1458
f 1467 1458 1463
f 1468 1463 1459
f 1468 1459 1464
f 1469 1464 967
f 1469 967 973
f 1470 1465 1461
f 1470 1461 1466
f 1471 1466 1462
f 1471 1462 1467
f 1472 1467 1463
f 1472 1463 1468
f 1473 1468 1464
f 1473 1464 1469
f 1474 1469 973
f 1474 973 979
f 1475 1470 1466
f 1475 1466 1471
f 1476 1471 1467
f 1476 1467 1472
f 1477 1472 1468
f 1477 1468 1473
f 1478 1473 1469
f 1478 1469 1474
f 1479 1474 979
f 1479 979 985
f 1480 1475 1471
f 1480 1471 1476
f 1481 1476 1472
f 1481 1472 1477
f 1482 1477 1473
f 1482 1473 1478
f 1483 1478 1474
f 1483 1474 1479
f 1484 1479 985
f 1484 985 991
f 1485 1480 1476
f 1485 1476 1481
f 1486 1481 1477
f 1486 1477 1482
f 1487 1482 1478
f 1487 1478 1483
f 1488 1483 1479
f 1488 1479 1484
f 1489 1484 991
f 1489 991 997
f 1065 1489 997
f 1490 1484 1489
f 1490 1488 1484
f 1491 1489 1065
f 1491 1490 1489
f 1071 1491 1065
f 1079 1491 1071
f 1492 1483 1488
f 1492 1487 1483
f 1493 1482 1487
f 1493 1486 1482
f 1494 1490 1491
f 1079 1494 1491
f 1495 1488 1490
f 1495 1492 1488
f 1494 1495 1490
f 1496 1487 1492
f 1496 1493 1487
f 1497 1494 1079
f 1078 1497 1079
f 1085 1497 1078
f 1498 1495 1494
f 1497 1498 1494
f 1499 1492 1495
f 1499 1496 1492
f 1498 1499 1495
f 1085 1500 1497
f 1500 1498 1497
f 1100 1500 1085
f 1501 1499 1498
f 1500 1501 1498
f 1100 1502 1500
f 1502 1501 1500
f 1106 1502 1100
f 1503 1496 1499
f 1501 1503 1499
f 1106 1504 1502
f 1112 1504 1106
f 1502 1505 1501
f 1505 1503 1501
f 1504 1505 1502
f 1503 1506 1496
f 1506 1493 1496
f 1112 1507 1504
f 1118 1507 1112
f 1505 1508 1503
f 1508 1506 1503
f 1504 1509 1505
f 1507 1509 1504
f 1509 1508 1505
f 1506 1510 1493
f 1510 1486 1493
f 1118 1511 1507
f 1124 1511 1118
f 1507 1512 1509
f 1511 1512 1507
f 1509 1513 1508
f 1512 1513 1509
f 1508 1514 1506
f 1514 1510 1506
f 1513 1514 1508
f 1510 1515 1486
f 1515 1481 1486
f 1515 1485 1481
f 1124 1516 1511
f 1130 1516 1124
f 1511 1517 1512
f 1516 1517 1511
f 1512 1518 1513
f 1517 1518 1512
f 1514 1519 1510
f 1519 1515 1510
f 1513 1520 1514
f 1518 1520 1513
f 1520 1519 1514
f 1521 1485 1515
f 1519 1521 1515
f 1130 1522 1516
f 1136 1522 1130
f 1516 1523 1517
f 1522 1523 1516
f 1517 1524 1518
f 1523 1524 1517
f 1518 1525 1520
f 1524 1525 1518
f 1520 1526 1519
f 1526 1521 1519
f 1525 1526 1520
f 1521 1527 1485
f 1527 1480 1485
f 1136 1528 1522
f 1142 1528 1136
f 1522 1529 1523
f 1528 1529 1522
f 1523 1530 1524
f 1529 1530 1523
f 1524 1531 1525
f 1530 1531 1524
f 1525 1532 1526
f 1531 1532 1525
f 1526 1533 1521
f 1532 1533 1526
f 1533 1527 1521
f 1142 1534 1528
f 1148 1534 1142
f 1528 1535 1529
f 1534 1535 1528
f 1529 1536 1530
f 1535 1536 1529
f 1530 1537 1531
f 1536 1537 1530
f 1531 1538 1532
f 1537 1538 1531
f 1532 1539 1533
f 1538 1539 1532
f 1533 1540 1527
f 1539 1540 1533
f 1148 1541 1534
f 1154 1541 1148
f 1534 1542 1535
f 1541 1542 1534
f 1535 1543 1536
f 1542 1543 1535
f 1536 1544 1537
f 1543 1544 1536
f 1537 1545 1538
f 1544 1545 1537
f 1538 1546 1539
f 1545 1546 1538
f 1154 1547 1541
f 1160 1547 1154
f 1541 1548 1542
f 1547 1548 1541
f 1542 1549 1543
f 1548 1549 1542
f 1543 1550 1544
f 1549 1550 1543
f 1544 1551 1545
f 1550 1551 1544
f 1160 1552 1547
f 1166 1552 1160
f 1547 1553 1548
f 1552 1553 1547
f 1548 1554 1549
f 1553 1554 1548
f 1549 1555 1550
f 1554 1555 1549
f 1166 1556 1552
f 1172 1556 1166
f 1552 1557 1553
f 1556 1557 1552
f 1553 1558 1554
f 1557 1558 1553
f 1550 1559 1551
f 1555 1559 1550
f 1554 1560 1555
f 1558 1560 1554
f 1555 1561 1559
f 1560 1561 1555
f 1172 1562 1556
f 1556 1563 1557
f 1562 1563 1556
f 1557 1564 1558
f 1563 1564 1557
f 1558 1565 1560
f 1564 1565 1558
f 1560 1566 1561
f 1565 1566 1560
f 1567 1562 1172
f 1167 1567 1172
f 1173 1567 1167
f 1173 1568 1567
f 1183 1568 1173
f 1567 1569 1562
f 1568 1569 1567
f 1562 1570 1563
f 1569 1570 1562
f 1563 1571 1564
f 1570 1571 1563
f 1564 1572 1565
f 1571 1572 1564
f 1183 1573 1568
f 1188 1573 1183
f 1188 1199 1573
f 1568 1574 1569
f 1573 1574 1568
f 1199 1575 1573
f 1573 1575 1574
f 1199 1214 1575
f 1569 1576 1570
f 1574 1576 1569
f 1570 1577 1571
f 1576 1577 1570
f 1214 1578 1575
f 1214 1220 1578
f 1575 1579 1574
f 1574 1579 1576
f 1575 1578 1579
f 1220 1580 1578
f 1220 1226 1580
f 1579 1581 1576
f 1576 1581 1577
f 1578 1582 1579
f 1578 1580 1582
f 1579 1582 1581
f 1577 1583 1571
f 1571 1583 1572
f 1226 1584 1580
f 1226 1232 1584
f 1580 1585 1582
f 1580 1584 1585
f 1582 1586 1581
f 1582 1585 1586
f 1581 1587 1577
f 1577 1587 1583
f 1581 1586 1587
f 1232 1588 1584
f 1232 1238 1588
f 1584 1589 1585
f 1584 1588 1589
f 1585 1590 1586
f 1585 1589 1590
f 1586 1591 1587
f 1586 1590 1591
f 1587 1592 1583
f 1587 1591 1592
f 1238 1593 1588
f 1238 1244 1593
f 1588 1594 1589
f 1588 1593 1594
f 1589 1595 1590
f 1589 1594 1595
f 1590 1596 1591
f 1590 1595 1596
f 1244 1597 1593
f 1244 1250 1597
f 1593 1598 1594
f 1593 1597 1598
f 1594 1599 1595
f 1594 1598 1599
f 1250 1600 1597
f 1250 1256 1600
f 1597 1601 1598
f 1597 1600 1601
f 1256 1602 1600
f 1256 1262 1602
f 1591 1596 1603
f 1591 1603 1592
f 1595 1604 1596
f 1595 1599 1604
f 1598 1605 1599
f 1598 1601 1605
f 1600 1606 1601
f 1600 1602 1606
f 1262 1607 1602
f 1262 1268 1607
f 1596 1608 1603
f 1596 1604 1608
f 1599 1609 1604
f 1599 1605 1609
f 1601 1610 1605
f 1601 1606 1610
f 1602 1611 1606
f 1602 1607 1611
f 1268 1612 1607
f 1268 1274 1612
f 1604 1613 1608
f 1604 1609 1613
f 1605 1614 1609
f 1605 1610 1614
f 1606 1615 1610
f 1606 1611 1615
f 1607 1616 1611
f 1607 1612 1616
f 1274 1617 1612
f 1274 1280 1617
f 1609 1618 1613
f 1609 1614 1618
f 1610 1619 1614
f 1610 1615 1619
f 1611 1620 1615
f 1611 1616 1620
f 1612 1621 1616
f 1612 1617 1621
f 1280 1622 1617
f 1280 1286 1622
f 1286 1343 1622
f 1617 1622 1623
f 1617 1623 1621
f 1616 1621 1624
f 1616 1624 1620
f 1615 1620 1625
f 1615 1625 1619
f 1622 1343 1626
f 1622 1626 1623
f 1621 1623 1627
f 1621 1627 1624
f 1620 1624 1628
f 1620 1628 1625
f 1343 1629 1626
f 1343 1337 1629
f 1337 1342 1629
f 1623 1626 1630
f 1623 1630 1627
f 1624 1627 1631
f 1624 1631 1628
f 1629 1342 1632
f 1342 1344 1632
f 1632 1344 1353
f 1626 1629 1633
f 1629 1632 1633
f 1626 1633 1630
f 1632 1353 1634
f 1633 1632 1634
f 1634 1353 1364
f 1627 1630 1635
f 1627 1635 1631
f 1630 1633 1636
f 1633 1634 1636
f 1630 1636 1635
f 1634 1364 1637
f 1636 1634 1637
f 1637 1364 1369
f 1635 1636 1638
f 1636 1637 1638
f 1637 1369 1639
f 1638 1637 1639
f 1639 1369 1374
f 1631 1635 1640
f 1635 1638 1640
f 1639 1374 1641
f 1641 1374 1379
f 1638 1639 1642
f 1640 1638 1642
f 1642 1639 1641
f 1631 1640 1643
f 1628 1631 1643
f 1641 1379 1644
f 1644 1379 1384
f 1642 1641 1645
f 1645 1641 1644
f 1640 1642 1646
f 1643 1640 1646
f 1646 1642 1645
f 1628 1643 1647
f 1625 1628 1647
f 1644 1384 1648
f 1648 1384 1389
f 1643 1646 1649
f 1647 1643 1649
f 1646 1645 1650
f 1649 1646 1650
f 1645 1644 1651
f 1651 1644 1648
f 1650 1645 1651
f 1625 1647 1652
f 1619 1625 1652
f 1648 1389 1653
f 1653 1389 1393
f 1647 1649 1654
f 1652 1647 1654
f 1649 1650 1655
f 1654 1649 1655
f 1651 1648 1656
f 1656 1648 1653
f 1650 1651 1657
f 1655 1650 1657
f 1657 1651 1656
f 1619 1652 1658
f 1614 1619 1658
f 1614 1658 1618
f 1653 1393 1659
f 1659 1393 1396
f 1656 1653 1660
f 1660 1653 1659
f 1657 1656 1661
f 1661 1656 1660
f 1655 1657 1662
f 1662 1657 1661
f 1658 1652 1663
f 1652 1654 1663
f 1654 1655 1664
f 1664 1655 1662
f 1663 1654 1664
f 1618 1658 1665
f 1658 1663 1665
f 1659 1396 1666
f 1666 1396 1398
f 1660 1659 1667
f 1667 1659 1666
f 1661 1660 1668
f 1668 1660 1667
f 1662 1661 1669
f 1669 1661 1668
f 1663 1664 1670
f 1665 1663 1670
f 1664 1662 1671
f 1671 1662 1669
f 1670 1664 1671
f 1666 1398 1672
f 1672 1398 1402
f 1667 1666 1673
f 1673 1666 1672
f 1668 1667 1674
f 1674 1667 1673
f 1669 1668 1675
f 1675 1668 1674
f 1671 1669 1676
f 1676 1669 1675
f 1670 1671 1677
f 1677 1671 1676
f 1678 1670 1677
f 1665 1670 1678
f 1679 1665 1678
f 1618 1665 1679
f 1613 1618 1679
f 1613 1679 1680
f 1608 1613 1680
f 1679 1678 1681
f 1680 1679 1681
f 1678 1677 1682
f 1681 1678 1682
f 1677 1676 1683
f 1682 1677 1683
f 1676 1675 1684
f 1683 1676 1684
f 1608 1680 1685
f 1603 1608 1685
f 1680 1681 1686
f 1685 1680 1686
f 1681 1682 1687
f 1686 1681 1687
f 1682 1683 1688
f 1687 1682 1688
f 1603 1685 1689
f 1592 1603 1689
f 1685 1686 1690
f 1689 1685 1690
f 1686 1687 1691
f 1690 1686 1691
f 1592 1689 1692
f 1583 1592 1692
f 1583 1692 1572
f 1689 1690 1693
f 1692 1689 1693
f 1572 1692 1694
f 1692 1693 1694
f 1572 1694 1565
f 1565 1694 1566
f 1693 1690 1695
f 1690 1691 1695
f 1694 1693 1696
f 1694 1696 1566
f 1693 1695 1696
f 1691 1687 1697
f 1687 1688 1697
f 1566 1696 1698
f 1566 1698 1561
f 1696 1695 1699
f 1696 1699 1698
f 1695 1691 1700
f 1691 1697 1700
f 1695 1700 1699
f 1561 1698 1701
f 1561 1701 1559
f 1698 1699 1702
f 1698 1702 1701
f 1699 1700 1703
f 1699 1703 1702
f 1700 1697 1704
f 1700 1704 1703
f 1697 1688 1705
f 1697 1705 1704
f 1559 1701 1706
f 1559 1706 1551
f 1701 1702 1707
f 1701 1707 1706
f 1702 1703 1708
f 1702 1708 1707
f 1703 1704 1709
f 1703 1709 1708
f 1551 1706 1710
f 1551 1710 1545
f 1545 1710 1546
f 1706 1707 1711
f 1706 1711 1710
f 1707 1708 1712
f 1707 1712 1711
f 1710 1713 1546
f 1710 1711 1713
f 1704 1714 1709
f 1704 1705 1714
f 1708 1709 1715
f 1708 1715 1712
f 1711 1712 1716
f 1711 1716 1713
f 1546 1713 1717
f 1546 1717 1539
f 1539 1717 1540
f 1713 1718 1717
f 1713 1716 1718
f 1712 1719 1716
f 1712 1715 1719
f 1709 1720 1715
f 1709 1714 1720
f 1717 1721 1540
f 1717 1718 1721
f 1716 1722 1718
f 1716 1719 1722
f 1715 1723 1719
f 1715 1720 1723
f 1540 1721 1724
f 1540 1724 1527
f 1527 1724 1480
f 1724 1475 1480
f 1724 1725 1475
f 1721 1725 1724
f 1725 1470 1475
f 1718 1726 1721
f 1721 1726 1725
f 1718 1722 1726
f 1725 1727 1470
f 1726 1727 1725
f 1727 1465 1470
f 1722 1728 1726
f 1726 1728 1727
f 1727 1729 1465
f 1728 1729 1727
f 1729 1460 1465
f 1722 1730 1728
f 1719 1730 1722
f 1719 1723 1730
f 1728 1731 1729
f 1730 1731 1728
f 1729 1732 1460
f 1731 1732 1729
f 1732 1455 1460
f 1723 1733 1730
f 1730 1733 1731
f 1732 1734 1455
f 1734 1450 1455
f 1731 1735 1732
f 1733 1735 1731
f 1735 1734 1732
f 1723 1736 1733
f 1720 1736 1723
f 1734 1737 1450
f 1737 1445 1450
f 1733 1738 1735
f 1736 1738 1733
f 1735 1739 1734
f 1739 1737 1734
f 1738 1739 1735
f 1720 1740 1736
f 1714 1740 1720
f 1737 1741 1445
f 1741 1440 1445
f 1736 1742 1738
f 1740 1742 1736
f 1738 1743 1739
f 1742 1743 1738
f 1739 1744 1737
f 1744 1741 1737
f 1743 1744 1739
f 1714 1745 1740
f 1705 1745 1714
f 1741 1746 1440
f 1746 1429 1440
f 1740 1747 1742
f 1745 1747 1740
f 1742 1748 1743
f 1747 1748 1742
f 1744 1749 1741
f 1749 1746 1741
f 1743 1750 1744
f 1748 1750 1743
f 1750 1749 1744
f 1705 1751 1745
f 1688 1751 1705
f 1688 1683 1751
f 1683 1684 1751
f 1751 1752 1745
f 1745 1752 1747
f 1751 1684 1752
f 1747 1753 1748
f 1752 1753 1747
f 1684 1754 1752
f 1752 1754 1753
f 1684 1675 1754
f 1675 1674 1754
f 1754 1674 1755
f 1754 1755 1753
f 1674 1673 1755
f 1753 1756 1748
f 1753 1755 1756
f 1748 1756 1750
f 1755 1673 1757
f 1755 1757 1756
f 1673 1672 1757
f 1756 1758 1750
f 1756 1757 1758
f 1750 1758 1749
f 1757 1672 1759
f 1757 1759 1758
f 1672 1402 1759
f 1758 1760 1749
f 1758 1759 1760
f 1749 1760 1746
f 1759 1402 1761
f 1759 1761 1760
f 1402 1401 1761
f 1761 1401 1409
f 1760 1762 1746
f 1760 1761 1762
f 1761 1409 1762
f 1746 1762 1429
f 1762 1409 1418
f 1762 1418 1429
v 21.89748 -10.07331 87.06157
v 21.8662 -10.33394 83.06977
v 19.28634 -9.710066 78.96745
v 14.54356 -10.08223 96.47843
v 33.91532 -10.15321 86.92783
v 23.89198 -10.08599 100.668
v 11.89818 -9.764475 78.50949
v 13.48319 -10.51463 99.74458
v 11.49791 -10.35354 102.5612
v 6.075434 -9.481024 75.56544
v 13.07367 -9.73737 64.50738
v 21.658 -9.880384 64.03657
v 7.159241 -9.261321 60.77714
v 10.0906 -9.959431 103.4929
v 18.96561 -10.37387 110.2096
v 14.52513 -10.64203 112.4888
v 6.330502 -9.984527 102.2913
v 3.586119 -9.659854 71.36166
v -1.219565 -9.309991 60.40509
v 2.694825 -10.53544 104.9543
v -0.8340889 -9.534727 71.43085
v -9.672168 -9.419569 60.75747
v -6.012799 -9.60386 72.96481
v -0.442356 -10.46473 104.748
v 4.707472 -10.7143 114.1524
v -1.491559 -10.50628 114.1252
v -2.905654 -10.02693 104.1743
v -5.479487 -9.98788 102.6603
v -11.28818 -9.632181 75.44244
v -14.3243 -9.840997 98.23096
v -15.45 -9.251049 65.94029
v -9.672168 -9.419569 60.75747
v -16.94801 -9.327224 76.37081
v -22.44583 -9.343679 68.50666
v -15.45 -9.251049 65.94029
v -17.52849 -10.06715 81.75455
v -18.95813 -9.424462 94.74541
v -19.55083 -9.631238 87.70472
v -20.93501 -9.638535 91.56141
v -19.12696 -28.84188 114.0797
v -14.77648 -17.5745 106.7574
v -15.73205 -17.27018 104.5405
v -23.12844 -28.55482 107.2571
v 8.992899 -27.39648 54.83596
v 8.769855 -17.11414 65.25727
v 14.17547 -17.44527 68.82224
v 13.41749 -27.77347 63.478
v -33.22299 -28.1048 85.21619
v -27.79887 -16.73252 85.62414
v -25.5571 -16.52639 76.73386
v -30.04404 -27.85244 75.4942
v -33.51445 -28.23178 63.6659
v -27.17245 -17.04658 69.71675
v -15.65709 -18.96573 68.90385
v -20.49331 -29.50359 61.89008
v 13.41749 -27.77347 63.478
v 14.17547 -17.44527 68.82224
v 20.60055 -17.47026 75.95958
v 21.97142 -27.66898 66.86591
v -30.04404 -27.85244 75.4942
v -25.5571 -16.52639 76.73386
v -27.17245 -17.04658 69.71675
v -33.51445 -28.23178 63.6659
v 30.87844 -28.63155 114.8096
v 21.35161 -17.57053 105.0754
v 14.88145 -17.65893 109.2913
v 22.32824 -29.00323 119.4901
v 22.32824 -29.00323 119.4901
v 14.88145 -17.65893 109.2913
v 7.101089 -17.61311 106.6598
v 12.36066 -29.03239 115.9835
v 36.39655 -27.467 66.94944
v 33.11798 -17.4464 76.73421
v 32.04801 -17.02265 80.07976
v 37.38531 -28.29493 78.54418
v 21.97142 -27.66898 66.86591
v 20.60055 -17.47026 75.95958
v 33.11798 -17.4464 76.73421
v 36.39655 -27.467 66.94944
v 12.36066 -29.03239 115.9835
v 7.101089 -17.61311 106.6598
v 0.08491552 -17.68593 111.9836
v 3.50781 -28.98077 123.1194
v 37.38531 -28.29493 78.54418
v 32.04801 -17.02265 80.07976
v 30.18459 -17.50878 84.90831
v 38.38795 -28.24188 87.3095
v -36.79007 -28.09578 93.29976
v -30.65162 -16.89657 92.78313
v -27.79887 -16.73252 85.62414
v -33.22299 -28.1048 85.21619
v -1.887163 -27.72863 55.89868
v -1.291727 -17.07439 65.12114
v 8.769855 -17.11414 65.25727
v 8.992899 -27.39648 54.83596
v 37.36436 -28.557 105.1711
v 26.44136 -17.42908 97.59285
v 21.35161 -17.57053 105.0754
v 30.87844 -28.63155 114.8096
v -13.24186 -28.81978 119.9382
v -9.554597 -17.45159 110.0457
v -14.77648 -17.5745 106.7574
v -19.12696 -28.84188 114.0797
v -31.26122 -28.58388 100.0598
v -22.11221 -17.26508 98.76332
v -30.65162 -16.89657 92.78313
v -36.79007 -28.09578 93.29976
v -12.12713 -27.29644 57.6491
v -10.08581 -17.1392 68.37376
v -1.291727 -17.07439 65.12114
v -1.887163 -27.72863 55.89868
v 39.93017 -28.4757 96.15854
v 28.23693 -17.33938 90.53185
v 26.44136 -17.42908 97.59285
v 37.36436 -28.557 105.1711
v -6.298401 -29.00352 121.9061
v -4.5699 -17.70896 111.1201
v -9.554597 -17.45159 110.0457
v -13.24186 -28.81978 119.9382
v -23.12844 -28.55482 107.2571
v -15.73205 -17.27018 104.5405
v -22.11221 -17.26508 98.76332
v -31.26122 -28.58388 100.0598
v -20.49331 -29.50359 61.89008
v -15.65709 -18.96573 68.90385
v -10.08581 -17.1392 68.37376
v -12.12713 -27.29644 57.6491
v 38.38795 -28.24188 87.3095
v 30.18459 -17.50878 84.90831
v 28.23693 -17.33938 90.53185
v 39.93017 -28.4757 96.15854
v 3.50781 -28.98077 123.1194
v 0.08491552 -17.68593 111.9836
v -4.5699 -17.70896 111.1201
v -6.298401 -29.00352 121.9061
v 32.04801 -17.02265 80.07976
v 34.52703 -9.688519 79.74211
v 33.91532 -10.15321 86.92783
v 30.18459 -17.50878 84.90831
v 7.101089 -17.61311 106.6598
v 9.373857 -10.76308 110.6003
v 4.707472 -10.7143 114.1524
v 0.08491552 -17.68593 111.9836
v 20.60055 -17.47026 75.95958
v 21.658 -9.880384 64.03657
v 30.74551 -9.792585 69.31889
v 33.11798 -17.4464 76.73421
v 33.11798 -17.4464 76.73421
v 30.74551 -9.792585 69.31889
v 34.52703 -9.688519 79.74211
v 32.04801 -17.02265 80.07976
v 14.88145 -17.65893 109.2913
v 14.52513 -10.64203 112.4888
v 9.373857 -10.76308 110.6003
v 7.101089 -17.61311 106.6598
v 21.35161 -17.57053 105.0754
v 18.96561 -10.37387 110.2096
v 14.52513 -10.64203 112.4888
v 14.88145 -17.65893 109.2913
v -25.5571 -16.52639 76.73386
v -29.18158 -9.713831 74.29009
v -22.44583 -9.343679 68.50666
v -27.17245 -17.04658 69.71675
v 14.17547 -17.44527 68.82224
v 13.07367 -9.73737 64.50738
v 21.658 -9.880384 64.03657
v 20.60055 -17.47026 75.95958
v -27.17245 -17.04658 69.71675
v -22.44583 -9.343679 68.50666
v -15.45 -9.251049 65.94029
v -15.65709 -18.96573 68.90385
v -27.79887 -16.73252 85.62414
v -31.15194 -9.759483 86.13654
v -29.18158 -9.713831 74.29009
v -25.5571 -16.52639 76.73386
v 8.769855 -17.11414 65.25727
v 7.159241 -9.261321 60.77714
v 13.07367 -9.73737 64.50738
v 14.17547 -17.44527 68.82224
v -14.77648 -17.5745 106.7574
v -9.88131 -10.38454 110.6999
v -22.21304 -10.40023 104.0852
v -15.73205 -17.27018 104.5405
v -30.65162 -16.89657 92.78313
v -33.28723 -10.02429 92.75813
v -31.15194 -9.759483 86.13654
v -27.79887 -16.73252 85.62414
v -1.291727 -17.07439 65.12114
v -1.219565 -9.309991 60.40509
v 7.159241 -9.261321 60.77714
v 8.769855 -17.11414 65.25727
v 26.44136 -17.42908 97.59285
v 21.85187 -10.57711 105.0097
v 18.96561 -10.37387 110.2096
v 21.35161 -17.57053 105.0754
v -9.554597 -17.45159 110.0457
v -5.963585 -10.38904 113.1854
v -9.88131 -10.38454 110.6999
v -14.77648 -17.5745 106.7574
v -22.11221 -17.26508 98.76332
v -29.618 -10.14004 98.81642
v -33.28723 -10.02429 92.75813
v -30.65162 -16.89657 92.78313
v -10.08581 -17.1392 68.37376
v -9.672168 -9.419569 60.75747
v -1.219565 -9.309991 60.40509
v -1.291727 -17.07439 65.12114
v 28.23693 -17.33938 90.53185
v 23.89198 -10.08599 100.668
v 21.85187 -10.57711 105.0097
v 26.44136 -17.42908 97.59285
v -4.5699 -17.70896 111.1201
v -1.491559 -10.50628 114.1252
v -5.963585 -10.38904 113.1854
v -9.554597 -17.45159 110.0457
v -15.73205 -17.27018 104.5405
v -22.21304 -10.40023 104.0852
v -29.618 -10.14004 98.81642
v -22.11221 -17.26508 98.76332
v -15.65709 -18.96573 68.90385
v -15.45 -9.251049 65.94029
v -9.672168 -9.419569 60.75747
v -10.08581 -17.1392 68.37376
v 30.18459 -17.50878 84.90831
v 33.91532 -10.15321 86.92783
v 23.89198 -10.08599 100.668
v 28.23693 -17.33938 90.53185
v 0.08491552 -17.68593 111.9836
v 4.707472 -10.7143 114.1524
v -1.491559 -10.50628 114.1252
v -4.5699 -17.70896 111.1201
v 4.302557 -71.61163 136.4716
v 3.999189 -40.71507 132.4678
v -9.455754 -40.69791 131.011
v -11.1218 -71.75211 134.3707
v 54.78472 -70.69316 87.03959
v 49.87755 -40.08776 98.38554
v 53.72351 -70.94635 99.77231
v 48.75831 -39.99509 86.86049
v 53.82374 -70.57005 75.15822
v 48.62538 -39.73969 75.74867
v -28.31803 -70.50932 53.67701
v -26.50579 -40.33271 54.84398
v -15.25526 -38.8014 50.4751
v -16.9836 -69.42752 47.3252
v -34.91878 -71.18739 114.7435
v -31.52335 -40.1297 112.6019
v -42.20521 -40.02438 103.81
v -47.27652 -70.86877 105.9442
v -11.1218 -71.75211 134.3707
v -9.455754 -40.69791 131.011
v -19.19623 -40.45045 128.9354
v -22.30838 -71.41917 132.5367
v 53.72351 -70.94635 99.77231
v 49.87755 -40.08776 98.38554
v 47.1068 -40.19334 109.8746
v 49.84391 -71.22001 111.8311
v -16.9836 -69.42752 47.3252
v -15.25526 -38.8014 50.4751
v -2.886879 -38.75081 46.8251
v -3.250754 -69.50533 44.07481
v -47.27652 -70.86877 105.9442
v -42.20521 -40.02438 103.81
v -48.36989 -39.6727 94.86037
v -53.64162 -70.5606 96.11448
v -22.30838 -71.41917 132.5367
v -19.19623 -40.45045 128.9354
v -27.89984 -40.25854 122.1722
v -31.82513 -71.34023 125.4521
v 49.84391 -71.22001 111.8311
v 47.1068 -40.19334 109.8746
v 37.89883 -40.6021 121.3636
v 40.69248 -71.51904 124.4768
v -3.250754 -69.50533 44.07481
v -2.886879 -38.75081 46.8251
v 10.60422 -38.7832 46.6036
v 11.35473 -69.59454 44.12659
v -53.64162 -70.5606 96.11448
v -48.36989 -39.6727 94.86037
v -45.24208 -39.35104 84.53025
v -49.51891 -70.35863 85.22617
v -40.56608 -39.15817 72.38197
v -45.21581 -70.02612 72.02502
v 16.4346 -71.46725 127.4064
v 15.41174 -40.49047 124.3084
v 3.999189 -40.71507 132.4678
v 4.302557 -71.61163 136.4716
v 28.87183 -70.05784 60.99832
v 27.31925 -39.09097 61.45305
v 44.40337 -39.29997 63.02957
v 48.25072 -69.97301 61.17493
v 48.25072 -69.97301 61.17493
v 44.40337 -39.29997 63.02957
v 48.62538 -39.73969 75.74867
v 53.82374 -70.57005 75.15822
v 29.84382 -71.60911 131.6342
v 27.84715 -40.77428 127.5139
v 15.41174 -40.49047 124.3084
v 16.4346 -71.46725 127.4064
v 40.69248 -71.51904 124.4768
v 37.89883 -40.6021 121.3636
v 27.84715 -40.77428 127.5139
v 29.84382 -71.60911 131.6342
v -45.21581 -70.02612 72.02502
v -40.56608 -39.15817 72.38197
v -42.39672 -39.39722 57.53864
v -45.2559 -69.96675 56.12625
v 17.97517 -69.85918 55.17076
v 17.29391 -38.94542 56.45259
v 27.31925 -39.09097 61.45305
v 28.87183 -70.05784 60.99832
v -45.2559 -69.96675 56.12625
v -42.39672 -39.39722 57.53864
v -26.50579 -40.33271 54.84398
v -28.31803 -70.50932 53.67701
v 11.35473 -69.59454 44.12659
v 10.60422 -38.7832 46.6036
v 17.29391 -38.94542 56.45259
v 17.97517 -69.85918 55.17076
v -31.82513 -71.34023 125.4521
v -27.89984 -40.25854 122.1722
v -31.52335 -40.1297 112.6019
v -34.91878 -71.18739 114.7435
v 3.999189 -40.71507 132.4678
v 3.50781 -28.98077 123.1194
v -6.298401 -29.00352 121.9061
v -9.455754 -40.69791 131.011
v 48.75831 -39.99509 86.86049
v 38.38795 -28.24188 87.3095
v 39.93017 -28.4757 96.15854
v 49.87755 -40.08776 98.38554
v -26.50579 -40.33271 54.84398
v -20.49331 -29.50359 61.89008
v -12.12713 -27.29644 57.6491
v -15.25526 -38.8014 50.4751
v -31.52335 -40.1297 112.6019
v -23.12844 -28.55482 107.2571
v -31.26122 -28.58388 100.0598
v -42.20521 -40.02438 103.81
v -9.455754 -40.69791 131.011
v -6.298401 -29.00352 121.9061
v -13.24186 -28.81978 119.9382
v -19.19623 -40.45045 128.9354
v 49.87755 -40.08776 98.38554
v 39.93017 -28.4757 96.15854
v 37.36436 -28.557 105.1711
v 47.1068 -40.19334 109.8746
v -15.25526 -38.8014 50.4751
v -12.12713 -27.29644 57.6491
v -1.887163 -27.72863 55.89868
v -2.886879 -38.75081 46.8251
v -42.20521 -40.02438 103.81
v -31.26122 -28.58388 100.0598
v -36.79007 -28.09578 93.29976
v -48.36989 -39.6727 94.86037
v -19.19623 -40.45045 128.9354
v -13.24186 -28.81978 119.9382
v -19.12696 -28.84188 114.0797
v -27.89984 -40.25854 122.1722
v 47.1068 -40.19334 109.8746
v 37.36436 -28.557 105.1711
v 30.87844 -28.63155 114.8096
v 37.89883 -40.6021 121.3636
v -2.886879 -38.75081 46.8251
v -1.887163 -27.72863 55.89868
v 8.992899 -27.39648 54.83596
v 10.60422 -38.7832 46.6036
v -48.36989 -39.6727 94.86037
v -36.79007 -28.09578 93.29976
v -33.22299 -28.1048 85.21619
v -45.24208 -39.35104 84.53025
v -30.04404 -27.85244 75.4942
v -40.56608 -39.15817 72.38197
v 48.62538 -39.73969 75.74867
v 37.38531 -28.29493 78.54418
v 38.38795 -28.24188 87.3095
v 48.75831 -39.99509 86.86049
v 15.41174 -40.49047 124.3084
v 12.36066 -29.03239 115.9835
v 3.50781 -28.98077 123.1194
v 3.999189 -40.71507 132.4678
v 27.31925 -39.09097 61.45305
v 21.97142 -27.66898 66.86591
v 36.39655 -27.467 66.94944
v 44.40337 -39.29997 63.02957
v 44.40337 -39.29997 63.02957
v 36.39655 -27.467 66.94944
v 37.38531 -28.29493 78.54418
v 48.62538 -39.73969 75.74867
v 27.84715 -40.77428 127.5139
v 22.32824 -29.00323 119.4901
v 12.36066 -29.03239 115.9835
v 15.41174 -40.49047 124.3084
v 37.89883 -40.6021 121.3636
v 30.87844 -28.63155 114.8096
v 22.32824 -29.00323 119.4901
v 27.84715 -40.77428 127.5139
v -40.56608 -39.15817 72.38197
v -30.04404 -27.85244 75.4942
v -33.51445 -28.23178 63.6659
v -42.39672 -39.39722 57.53864
v 17.29391 -38.94542 56.45259
v 13.41749 -27.77347 63.478
v 21.97142 -27.66898 66.86591
v 27.31925 -39.09097 61.45305
v -42.39672 -39.39722 57.53864
v -33.51445 -28.23178 63.6659
v -20.49331 -29.50359 61.89008
v -26.50579 -40.33271 54.84398
v 10.60422 -38.7832 46.6036
v 8.992899 -27.39648 54.83596
v 13.41749 -27.77347 63.478
v 17.29391 -38.94542 56.45259
v -27.89984 -40.25854 122.1722
v -19.12696 -28.84188 114.0797
v -23.12844 -28.55482 107.2571
v -31.52335 -40.1297 112.6019
v -39.75181 -82.75375 132.6711
v -31.82513 -71.34023 125.4521
v -34.91878 -71.18739 114.7435
v -42.88968 -82.70349 119.5713
v 13.94536 -80.55515 34.62995
v 11.35473 -69.59454 44.12659
v 17.97517 -69.85918 55.17076
v 21.25751 -81.13764 48.48329
v 19.63265 -108.2441 10.79195
v 30.82715 -107.8951 30.16736
v -60.96074 -81.39581 84.1326
v -45.21581 -70.02612 72.02502
v -54.21476 -81.49142 68.67203
v -49.51891 -70.35863 85.22617
v -65.35069 -81.76125 97.32235
v -53.64162 -70.5606 96.11448
v -95.49071 -107.0728 100.9168
v -60.96074 -81.39581 84.1326
v -89.41608 -107.5867 81.93031
v -54.19269 -80.82378 49.35353
v -45.2559 -69.96675 56.12625
v -28.31803 -70.50932 53.67701
v -33.62891 -81.52461 47.15328
v 21.25751 -81.13764 48.48329
v 17.97517 -69.85918 55.17076
v 28.87183 -70.05784 60.99832
v 34.74014 -81.09361 54.34341
v 30.82715 -107.8951 30.16736
v 49.44138 -107.7118 39.81288
v -54.21476 -81.49142 68.67203
v -45.21581 -70.02612 72.02502
v -45.2559 -69.96675 56.12625
v -54.19269 -80.82378 49.35353
v 48.48594 -82.99341 131.0221
v 40.69248 -71.51904 124.4768
v 29.84382 -71.60911 131.6342
v 35.44766 -83.31436 138.9142
v 35.44766 -83.31436 138.9142
v 29.84382 -71.60911 131.6342
v 16.4346 -71.46725 127.4064
v 19.38111 -83.14109 133.8041
v 57.24485 -81.21423 55.90288
v 48.25072 -69.97301 61.17493
v 53.82374 -70.57005 75.15822
v 65.95503 -81.69897 71.88404
v 34.74014 -81.09361 54.34341
v 28.87183 -70.05784 60.99832
v 48.25072 -69.97301 61.17493
v 57.24485 -81.21423 55.90288
v 49.44138 -107.7118 39.81288
v 81.86472 -107.7055 41.75148
v 19.38111 -83.14109 133.8041
v 16.4346 -71.46725 127.4064
v 4.302557 -71.61163 136.4716
v 5.206779 -83.37737 148.827
v 65.95503 -81.69897 71.88404
v 53.82374 -70.57005 75.15822
v 54.78472 -70.69316 87.03959
v 65.57813 -82.21264 86.14587
v -3.977224 -80.5343 34.88829
v -3.250754 -69.50533 44.07481
v 11.35473 -69.59454 44.12659
v 13.94536 -80.55515 34.62995
v -5.87009 -108.1196 11.48903
v 19.63265 -108.2441 10.79195
v 58.87824 -82.80948 115.7437
v 49.84391 -71.22001 111.8311
v 40.69248 -71.51904 124.4768
v 48.48594 -82.99341 131.0221
v -27.47298 -82.97288 140.2973
v -22.30838 -71.41917 132.5367
v -31.82513 -71.34023 125.4521
v -39.75181 -82.75375 132.6711
v -57.18279 -82.37222 108.8385
v -47.27652 -70.86877 105.9442
v -53.64162 -70.5606 96.11448
v -65.35069 -81.76125 97.32235
v -19.92014 -80.6553 39.76853
v -16.9836 -69.42752 47.3252
v -3.250754 -69.50533 44.07481
v -3.977224 -80.5343 34.88829
v -28.89579 -108.1355 18.02889
v -5.87009 -108.1196 11.48903
v 64.06814 -82.26887 101.5803
v 53.72351 -70.94635 99.77231
v 49.84391 -71.22001 111.8311
v 58.87824 -82.80948 115.7437
v -14.32488 -82.90324 144.1188
v -11.1218 -71.75211 134.3707
v -22.30838 -71.41917 132.5367
v -27.47298 -82.97288 140.2973
v -42.88968 -82.70349 119.5713
v -34.91878 -71.18739 114.7435
v -47.27652 -70.86877 105.9442
v -57.18279 -82.37222 108.8385
v -33.62891 -81.52461 47.15328
v -28.31803 -70.50932 53.67701
v -16.9836 -69.42752 47.3252
v -19.92014 -80.6553 39.76853
v 65.57813 -82.21264 86.14587
v 54.78472 -70.69316 87.03959
v 53.72351 -70.94635 99.77231
v 64.06814 -82.26887 101.5803
v 5.206779 -83.37737 148.827
v 4.302557 -71.61163 136.4716
v -11.1218 -71.75211 134.3707
v -14.32488 -82.90324 144.1188
v 81.86472 -107.7055 41.75148
v 96.61051 -107.6302 63.83159
v 96.18314 -107.2062 84.49728
v 91.49795 -106.8976 106.8447
v 85.13515 -106.694 127.5371
v 49.44138 -107.7118 39.81288
v 69.58203 -106.3729 149.3114
v 50.95201 -106.2689 161.4814
v 30.82715 -107.8951 30.16736
v 27.63696 -106.1552 153.1523
v 19.63265 -108.2441 10.79195
v -5.87009 -108.1196 11.48903
v 6.963448 -106.1773 169.6377
v -21.34076 -106.0416 167.2293
v -28.89579 -108.1355 18.02889
v -49.30275 -108.1129 27.11671
v -41.16943 -106.2505 162.8887
v -77.48203 -107.8376 32.34897
v -58.92965 -106.2538 151.9024
v -63.77722 -106.4612 133.2037
v -84.43068 -106.7545 117.9393
v -79.80255 -107.3034 59.68478
v -89.41608 -107.5867 81.93031
v -95.49071 -107.0728 100.9168
v 21.89748 -10.07331 87.06157
v 33.91532 -10.15321 86.92783
v 34.52703 -9.688519 79.74211
v 21.8662 -10.33394 83.06977
v 30.74551 -9.792585 69.31889
v 2.694825 -10.53544 104.9543
v 4.707472 -10.7143 114.1524
v 9.373857 -10.76308 110.6003
v 6.330502 -9.984527 102.2913
v 19.28634 -9.710066 78.96745
v 30.74551 -9.792585 69.31889
v 21.658 -9.880384 64.03657
v 11.89818 -9.764475 78.50949
v 6.330502 -9.984527 102.2913
v 9.373857 -10.76308 110.6003
v 14.52513 -10.64203 112.4888
v 10.0906 -9.959431 103.4929
v -16.94801 -9.327224 76.37081
v -22.44583 -9.343679 68.50666
v -29.18158 -9.713831 74.29009
v -17.52849 -10.06715 81.75455
v -17.52849 -10.06715 81.75455
v -29.18158 -9.713831 74.29009
v -31.15194 -9.759483 86.13654
v -19.55083 -9.631238 87.70472
v -14.3243 -9.840997 98.23096
v -22.21304 -10.40023 104.0852
v -9.88131 -10.38454 110.6999
v -5.479487 -9.98788 102.6603
v -5.963585 -10.38904 113.1854
v -2.905654 -10.02693 104.1743
v -19.55083 -9.631238 87.70472
v -31.15194 -9.759483 86.13654
v -33.28723 -10.02429 92.75813
v -20.93501 -9.638535 91.56141
v -29.618 -10.14004 98.81642
v -18.95813 -9.424462 94.74541
v 11.49791 -10.35354 102.5612
v 18.96561 -10.37387 110.2096
v 21.85187 -10.57711 105.0097
v 13.48319 -10.51463 99.74458
v 13.48319 -10.51463 99.74458
v 21.85187 -10.57711 105.0097
v 23.89198 -10.08599 100.668
v 14.54356 -10.08223 96.47843
v -2.905654 -10.02693 104.1743
v -5.963585 -10.38904 113.1854
v -1.491559 -10.50628 114.1252
v -0.442356 -10.46473 104.748
v -18.95813 -9.424462 94.74541
v -29.618 -10.14004 98.81642
v -22.21304 -10.40023 104.0852
v -14.3243 -9.840997 98.23096
v 6.963448 -106.1773 169.6377
v 5.206779 -83.37737 148.827
v -14.32488 -82.90324 144.1188
v -21.34076 -106.0416 167.2293
v 96.18314 -107.2062 84.49728
v 65.57813 -82.21264 86.14587
v 64.06814 -82.26887 101.5803
v 91.49795 -106.8976 106.8447
v -49.30275 -108.1129 27.11671
v -33.62891 -81.52461 47.15328
v -19.92014 -80.6553 39.76853
v -28.89579 -108.1355 18.02889
v -63.77722 -106.4612 133.2037
v -42.88968 -82.70349 119.5713
v -57.18279 -82.37222 108.8385
v -84.43068 -106.7545 117.9393
v -21.34076 -106.0416 167.2293
v -14.32488 -82.90324 144.1188
v -27.47298 -82.97288 140.2973
v -41.16943 -106.2505 162.8887
v 91.49795 -106.8976 106.8447
v 64.06814 -82.26887 101.5803
v 58.87824 -82.80948 115.7437
v 85.13515 -106.694 127.5371
v -84.43068 -106.7545 117.9393
v -57.18279 -82.37222 108.8385
v -65.35069 -81.76125 97.32235
v -95.49071 -107.0728 100.9168
v -41.16943 -106.2505 162.8887
v -27.47298 -82.97288 140.2973
v -39.75181 -82.75375 132.6711
v -58.92965 -106.2538 151.9024
v 85.13515 -106.694 127.5371
v 58.87824 -82.80948 115.7437
v 48.48594 -82.99341 131.0221
v 69.58203 -106.3729 149.3114
v 96.61051 -107.6302 63.83159
v 65.95503 -81.69897 71.88404
v 65.57813 -82.21264 86.14587
v 96.18314 -107.2062 84.49728
v 27.63696 -106.1552 153.1523
v 19.38111 -83.14109 133.8041
v 5.206779 -83.37737 148.827
v 6.963448 -106.1773 169.6377
v 81.86472 -107.7055 41.75148
v 57.24485 -81.21423 55.90288
v 65.95503 -81.69897 71.88404
v 96.61051 -107.6302 63.83159
v 50.95201 -106.2689 161.4814
v 35.44766 -83.31436 138.9142
v 19.38111 -83.14109 133.8041
v 27.63696 -106.1552 153.1523
v 69.58203 -106.3729 149.3114
v 48.48594 -82.99341 131.0221
v 35.44766 -83.31436 138.9142
v 50.95201 -106.2689 161.4814
v -79.80255 -107.3034 59.68478
v -54.21476 -81.49142 68.67203
v -54.19269 -80.82378 49.35353
v -77.48203 -107.8376 32.34897
v -77.48203 -107.8376 32.34897
v -54.19269 -80.82378 49.35353
v -33.62891 -81.52461 47.15328
v -49.30275 -108.1129 27.11671
v -89.41608 -107.5867 81.93031
v -60.96074 -81.39581 84.1326
v -54.21476 -81.49142 68.67203
v -79.80255 -107.3034 59.68478
v -58.92965 -106.2538 151.9024
v -39.75181 -82.75375 132.6711
v -42.88968 -82.70349 119.5713
v -63.77722 -106.4612 133.2037
f 1763 1764 1765
f 1765 1766 1763
f 1766 1767 1763
f 1766 1768 1767
f 1765 1769 1766
f 1769 1770 1766
f 1769 1771 1770
f 1769 1772 1771
f 1769 1773 1772
f 1769 1774 1773
f 1772 1773 1775
f 1772 1776 1771
f 1776 1777 1771
f 1776 1778 1777
f 1772 1779 1776
f 1772 1775 1780
f 1772 1780 1779
f 1780 1775 1781
f 1780 1782 1779
f 1780 1781 1783
f 1780 1783 1782
f 1783 1781 1784
f 1783 1784 1785
f 1783 1786 1782
f 1783 1785 1786
f 1786 1787 1782
f 1786 1788 1787
f 1785 1789 1786
f 1785 1790 1789
f 1785 1791 1790
f 1791 1792 1790
f 1785 1793 1791
f 1785 1794 1793
f 1791 1795 1792
f 1791 1796 1795
f 1791 1797 1796
f 1795 1798 1792
f 1798 1799 1792
f 1798 1800 1799
f 1800 1801 1799
f 1802 1803 1804
f 1802 1804 1805
f 1806 1807 1808
f 1806 1808 1809
f 1810 1811 1812
f 1810 1812 1813
f 1814 1815 1816
f 1814 1816 1817
f 1818 1819 1820
f 1818 1820 1821
f 1822 1823 1824
f 1822 1824 1825
f 1826 1827 1828
f 1826 1828 1829
f 1830 1831 1832
f 1830 1832 1833
f 1834 1835 1836
f 1834 1836 1837
f 1838 1839 1840
f 1838 1840 1841
f 1842 1843 1844
f 1842 1844 1845
f 1846 1847 1848
f 1846 1848 1849
f 1850 1851 1852
f 1850 1852 1853
f 1854 1855 1856
f 1854 1856 1857
f 1858 1859 1860
f 1858 1860 1861
f 1862 1863 1864
f 1862 1864 1865
f 1866 1867 1868
f 1866 1868 1869
f 1870 1871 1872
f 1870 1872 1873
f 1874 1875 1876
f 1874 1876 1877
f 1878 1879 1880
f 1878 1880 1881
f 1882 1883 1884
f 1882 1884 1885
f 1886 1887 1888
f 1886 1888 1889
f 1890 1891 1892
f 1890 1892 1893
f 1894 1895 1896
f 1894 1896 1897
f 1898 1899 1900
f 1898 1900 1901
f 1902 1903 1904
f 1902 1904 1905
f 1906 1907 1908
f 1906 1908 1909
f 1910 1911 1912
f 1910 1912 1913
f 1914 1915 1916
f 1914 1916 1917
f 1918 1919 1920
f 1918 1920 1921
f 1922 1923 1924
f 1922 1924 1925
f 1926 1927 1928
f 1926 1928 1929
f 1930 1931 1932
f 1930 1932 1933
f 1934 1935 1936
f 1934 1936 1937
f 1938 1939 1940
f 1938 1940 1941
f 1942 1943 1944
f 1942 1944 1945
f 1946 1947 1948
f 1946 1948 1949
f 1950 1951 1952
f 1950 1952 1953
f 1954 1955 1956
f 1954 1956 1957
f 1958 1959 1960
f 1958 1960 1961
f 1962 1963 1964
f 1962 1964 1965
f 1966 1967 1968
f 1966 1968 1969
f 1970 1971 1972
f 1970 1972 1973
f 1974 1975 1976
f 1974 1976 1977
f 1978 1979 1980
f 1978 1980 1981
f 1982 1983 1984
f 1982 1984 1985
f 1986 1987 1988
f 1986 1988 1989
f 1990 1991 1992
f 1990 1992 1993
f 1994 1995 1996
f 1994 1996 1997
f 1998 1999 2000
f 1998 2001 1999
f 2002 2001 1998
f 2002 2003 2001
f 2004 2005 2006
f 2004 2006 2007
f 2008 2009 2010
f 2008 2010 2011
f 2012 2013 2014
f 2012 2014 2015
f 2016 2017 2018
f 2016 2018 2019
f 2020 2021 2022
f 2020 2022 2023
f 2024 2025 2026
f 2024 2026 2027
f 2028 2029 2030
f 2028 2030 2031
f 2032 2033 2034
f 2032 2034 2035
f 2036 2037 2038
f 2036 2038 2039
f 2040 2041 2042
f 2040 2042 2043
f 2043 2042 2044
f 2043 2044 2045
f 2046 2047 2048
f 2046 2048 2049
f 2050 2051 2052
f 2050 2052 2053
f 2054 2055 2056
f 2054 2056 2057
f 2058 2059 2060
f 2058 2060 2061
f 2062 2063 2064
f 2062 2064 2065
f 2066 2067 2068
f 2066 2068 2069
f 2070 2071 2072
f 2070 2072 2073
f 2074 2075 2076
f 2074 2076 2077
f 2078 2079 2080
f 2078 2080 2081
f 2082 2083 2084
f 2082 2084 2085
f 2086 2087 2088
f 2086 2088 2089
f 2090 2091 2092
f 2090 2092 2093
f 2094 2095 2096
f 2094 2096 2097
f 2098 2099 2100
f 2098 2100 2101
f 2102 2103 2104
f 2102 2104 2105
f 2106 2107 2108
f 2106 2108 2109
f 2110 2111 2112
f 2110 2112 2113
f 2114 2115 2116
f 2114 2116 2117
f 2118 2119 2120
f 2118 2120 2121
f 2122 2123 2124
f 2122 2124 2125
f 2126 2127 2128
f 2126 2128 2129
f 2130 2131 2132
f 2130 2132 2133
f 2133 2132 2134
f 2133 2134 2135
f 2136 2137 2138
f 2136 2138 2139
f 2140 2141 2142
f 2140 2142 2143
f 2144 2145 2146
f 2144 2146 2147
f 2148 2149 2150
f 2148 2150 2151
f 2152 2153 2154
f 2152 2154 2155
f 2156 2157 2158
f 2156 2158 2159
f 2160 2161 2162
f 2160 2162 2163
f 2164 2165 2166
f 2164 2166 2167
f 2168 2169 2170
f 2168 2170 2171
f 2172 2173 2174
f 2172 2174 2175
f 2176 2177 2178
f 2176 2178 2179
f 2180 2181 2182
f 2180 2182 2183
f 2184 2185 2186
f 2184 2186 2187
f 2188 2184 2187
f 2188 2187 2189
f 2190 2191 2192
f 2190 2193 2191
f 2194 2193 2190
f 2194 2195 2193
f 2196 2194 2197
f 2196 2197 2198
f 2199 2200 2201
f 2199 2201 2202
f 2203 2204 2205
f 2203 2205 2206
f 2207 2203 2206
f 2207 2206 2208
f 2209 2210 2211
f 2209 2211 2212
f 2213 2214 2215
f 2213 2215 2216
f 2217 2218 2219
f 2217 2219 2220
f 2221 2222 2223
f 2221 2223 2224
f 2225 2226 2227
f 2225 2227 2228
f 2229 2225 2228
f 2229 2228 2230
f 2231 2232 2233
f 2231 2233 2234
f 2235 2236 2237
f 2235 2237 2238
f 2239 2240 2241
f 2239 2241 2242
f 2243 2239 2242
f 2243 2242 2244
f 2245 2246 2247
f 2245 2247 2248
f 2249 2250 2251
f 2249 2251 2252
f 2253 2254 2255
f 2253 2255 2256
f 2257 2258 2259
f 2257 2259 2260
f 2261 2257 2260
f 2261 2260 2262
f 2263 2264 2265
f 2263 2265 2266
f 2267 2268 2269
f 2267 2269 2270
f 2271 2272 2273
f 2271 2273 2274
f 2275 2276 2277
f 2275 2277 2278
f 2279 2280 2281
f 2279 2281 2282
f 2283 2284 2285
f 2283 2285 2286
f 2287 2288 2289
f 2289 2290 2287
f 2290 2291 2287
f 2291 2292 2287
f 2291 2293 2292
f 2293 2294 2292
f 2294 2295 2292
f 2294 2296 2295
f 2296 2297 2295
f 2296 2298 2297
f 2296 2299 2298
f 2299 2300 2298
f 2300 2301 2298
f 2300 2302 2301
f 2300 2303 2302
f 2303 2304 2302
f 2303 2305 2304
f 2305 2306 2304
f 2306 2307 2304
f 2307 2308 2304
f 2307 2309 2308
f 2307 2310 2309
f 2311 2312 2313
f 2311 2313 2314
f 2314 2313 2315
f 2314 2315 1765
f 2316 2317 2318
f 2316 2318 2319
f 2320 2321 2322
f 2320 2322 2323
f 2324 2325 2326
f 2324 2326 2327
f 2328 2329 2330
f 2328 2330 2331
f 2332 2333 2334
f 2332 2334 2335
f 2336 2337 2338
f 2336 2338 2339
f 2339 2338 2340
f 2339 2340 2341
f 2342 2343 2344
f 2342 2344 2345
f 2345 2344 2346
f 2345 2346 2347
f 2348 2349 2350
f 2348 2350 2351
f 2352 2353 2354
f 2352 2354 2355
f 2356 2357 2358
f 2356 2358 2359
f 2360 2361 2362
f 2360 2362 2363
f 2364 2365 2366
f 2364 2366 2367
f 2368 2369 2370
f 2368 2370 2371
f 2372 2373 2374
f 2372 2374 2375
f 2376 2377 2378
f 2376 2378 2379
f 2380 2381 2382
f 2380 2382 2383
f 2384 2385 2386
f 2384 2386 2387
f 2388 2389 2390
f 2388 2390 2391
f 2392 2393 2394
f 2392 2394 2395
f 2396 2397 2398
f 2396 2398 2399
f 2400 2401 2402
f 2400 2402 2403
f 2404 2405 2406
f 2404 2406 2407
f 2408 2409 2410
f 2408 2410 2411
f 2412 2413 2414
f 2412 2414 2415
f 2416 2417 2418
f 2416 2418 2419
f 2420 2421 2422
f 2420 2422 2423
f 2424 2425 2426
f 2424 2426 2427
f 2428 2429 2430
f 2428 2430 2431
f 2432 2433 2434
f 2432 2434 2435
v -1.536599 -5.013899 4.558517
v -1.436947 -4.971376 4.629517
v -1.619439 -4.453753 4.579812
v -0.7455949 -6.001882 4.811679
v -1.040281 -4.918299 3.903332
v -1.436947 -4.971376 4.629517
v -1.619439 -4.453753 4.579812
v -1.16828 -4.548217 3.866578
v -1.734349 -4.498526 4.532569
v -1.274248 -4.575702 3.767652
v -1.119412 -4.966005 3.823153
v -1.734349 -4.498526 4.532569
v -0.4110788 -6.052605 4.218312
v -1.536599 -5.013899 4.558517
v -1.119412 -4.966005 3.823153
v 0.2359766 -6.947219 5.421668
v -0.3483204 -5.995697 4.279515
v -0.7455949 -6.001882 4.811679
v -1.040281 -4.918299 3.903332
v -0.7455949 -6.001882 4.811679
v -0.3483204 -5.995697 4.279515
v -1.536599 -5.013899 4.558517
v -0.4110788 -6.052605 4.218312
v -0.81206 -6.080789 4.757602
v 0.1981394 -7.033843 5.393785
v -0.7455949 -6.001882 4.811679
v -0.81206 -6.080789 4.757602
v 0.654781 -6.959418 4.975561
v -0.81206 -6.080789 4.757602
v -0.4110788 -6.052605 4.218312
v 0.654781 -6.959418 4.975561
v -0.4110788 -6.052605 4.218312
v -0.3483204 -5.995697 4.279515
v -0.4110788 -6.052605 4.218312
v -1.040281 -4.918299 3.903332
v -1.119412 -4.966005 3.823153
v -1.274248 -4.575702 3.767652
v -1.16828 -4.548217 3.866578
v -0.3483204 -5.995697 4.279515
v 0.2359766 -6.947219 5.421668
v 0.6361288 -6.902563 5.042511
v 0.654781 -6.959418 4.975561
v -0.3483204 -5.995697 4.279515
v 0.6361288 -6.902563 5.042511
v -0.7455949 -6.001882 4.811679
v 0.1981394 -7.033843 5.393785
v 0.2359766 -6.947219 5.421668
v -0.81206 -6.080789 4.757602
v 0.654781 -6.959418 4.975561
v 0.1981394 -7.033843 5.393785
v -1.734349 -4.498526 4.532569
v -1.119412 -4.966005 3.823153
v -1.536599 -5.013899 4.558517
v -1.536599 -5.013899 4.558517
v -1.619439 -4.453753 4.579812
v -1.734349 -4.498526 4.532569
v -1.734349 -4.498526 4.532569
v -1.16828 -4.548217 3.866578
v -1.274248 -4.575702 3.767652
v -2.3293 -5.73282 5.327133
v -1.604459 -4.710606 4.661722
v -2.373121 -4.753773 4.84108
v -2.371922 -4.443325 4.756895
v -1.630819 -4.421512 4.560257
v -2.421287 -4.467897 4.661849
v -2.373121 -4.753773 4.84108
v -1.604459 -4.710606 4.661722
v -2.371922 -4.443325 4.756895
v -1.645443 -4.431713 4.43879
v -1.613684 -4.740548 4.564875
v -2.421287 -4.467897 4.661849
v -1.452297 -5.716287 5.107787
v -2.39988 -4.777558 4.739419
v -1.613684 -4.740548 4.564875
v -2.103905 -6.623356 6.163466
v -1.442474 -5.676745 5.184611
v -2.3293 -5.73282 5.327133
v -1.604459 -4.710606 4.661722
v -2.3293 -5.73282 5.327133
v -1.442474 -5.676745 5.184611
v -2.373121 -4.753773 4.84108
v -2.346712 -5.790295 5.251062
v -2.3293 -5.73282 5.327133
v -2.39988 -4.777558 4.739419
v -1.452297 -5.716287 5.107787
v -2.346712 -5.790295 5.251062
v -2.11804 -6.690568 6.118671
v -2.3293 -5.73282 5.327133
v -2.346712 -5.790295 5.251062
v -1.251402 -6.586261 6.085316
v -2.346712 -5.790295 5.251062
v -1.452297 -5.716287 5.107787
v -1.251402 -6.586261 6.085316
v -1.452297 -5.716287 5.107787
v -1.442474 -5.676745 5.184611
v -1.452297 -5.716287 5.107787
v -1.604459 -4.710606 4.661722
v -1.613684 -4.740548 4.564875
v -1.604459 -4.710606 4.661722
v -1.645443 -4.431713 4.43879
v -1.630819 -4.421512 4.560257
v -1.442474 -5.676745 5.184611
v -2.103905 -6.623356 6.163466
v -1.29581 -6.538726 6.12206
v -1.251402 -6.586261 6.085316
v -1.442474 -5.676745 5.184611
v -1.29581 -6.538726 6.12206
v -2.3293 -5.73282 5.327133
v -2.11804 -6.690568 6.118671
v -2.103905 -6.623356 6.163466
v -2.346712 -5.790295 5.251062
v -1.251402 -6.586261 6.085316
v -2.11804 -6.690568 6.118671
v -2.421287 -4.467897 4.661849
v -1.613684 -4.740548 4.564875
v -2.39988 -4.777558 4.739419
v -2.39988 -4.777558 4.739419
v -2.371922 -4.443325 4.756895
v -2.421287 -4.467897 4.661849
v -2.421287 -4.467897 4.661849
v -1.630819 -4.421512 4.560257
v -1.645443 -4.431713 4.43879
v -2.371922 -4.443325 4.756895
v -1.604459 -4.710606 4.661722
v -1.630819 -4.421512 4.560257
v -3.382679 -5.615318 4.79545
v -2.411383 -4.581148 4.808371
v -3.086975 -4.638373 4.401955
v -3.031138 -4.328148 4.337849
v -2.363004 -4.292831 4.712983
v -2.999988 -4.353861 4.235657
v -3.086975 -4.638373 4.401955
v -2.411383 -4.581148 4.808371
v -3.031138 -4.328148 4.337849
v -2.288702 -4.303582 4.615845
v -2.350135 -4.611477 4.732939
v -2.999988 -4.353861 4.235657
v -2.601219 -5.582775 5.249084
v -3.035016 -4.662886 4.310762
v -2.350135 -4.611477 4.732939
v -3.79341 -6.499558 5.56534
v -2.648196 -5.542881 5.310432
v -3.382679 -5.615318 4.79545
v -2.411383 -4.581148 4.808371
v -3.382679 -5.615318 4.79545
v -2.648196 -5.542881 5.310432
v -3.086975 -4.638373 4.401955
v -3.341454 -5.673284 4.729617
v -3.382679 -5.615318 4.79545
v -3.035016 -4.662886 4.310762
v -2.601219 -5.582775 5.249084
v -3.341454 -5.673284 4.729617
v -3.771518 -6.567127 5.524359
v -3.382679 -5.615318 4.79545
v -3.341454 -5.673284 4.729617
v -3.128178 -6.446598 6.10284
v -3.341454 -5.673284 4.729617
v -2.601219 -5.582775 5.249084
v -3.128178 -6.446598 6.10284
v -2.601219 -5.582775 5.249084
v -2.648196 -5.542881 5.310432
v -2.601219 -5.582775 5.249084
v -2.411383 -4.581148 4.808371
v -2.350135 -4.611477 4.732939
v -2.411383 -4.581148 4.808371
v -2.288702 -4.303582 4.615845
v -2.363004 -4.292831 4.712983
v -2.648196 -5.542881 5.310432
v -3.79341 -6.499558 5.56534
v -3.186195 -6.399823 6.09754
v -3.128178 -6.446598 6.10284
v -2.648196 -5.542881 5.310432
v -3.186195 -6.399823 6.09754
v -3.382679 -5.615318 4.79545
v -3.771518 -6.567127 5.524359
v -3.79341 -6.499558 5.56534
v -3.341454 -5.673284 4.729617
v -3.128178 -6.446598 6.10284
v -3.771518 -6.567127 5.524359
v -2.999988 -4.353861 4.235657
v -2.350135 -4.611477 4.732939
v -3.035016 -4.662886 4.310762
v -3.035016 -4.662886 4.310762
v -3.031138 -4.328148 4.337849
v -2.999988 -4.353861 4.235657
v -2.999988 -4.353861 4.235657
v -2.363004 -4.292831 4.712983
v -2.288702 -4.303582 4.615845
v -3.031138 -4.328148 4.337849
v -2.411383 -4.581148 4.808371
v -2.363004 -4.292831 4.712983
v -2.788884 -4.345568 3.015671
v -2.738311 -4.395705 3.123876
v -2.735781 -3.837876 3.223364
v -2.005224 -4.334179 2.745007
v -2.922261 -5.341618 2.265208
v -2.788884 -4.345568 3.015671
v -1.96565 -3.971219 2.891259
v -2.735781 -3.837876 3.223364
v -2.711257 -3.888959 3.342655
v -1.942571 -4.389597 2.834281
v -1.887645 -4.008536 3.010814
v -2.711257 -3.888959 3.342655
v -2.738311 -4.395705 3.123876
v -2.286458 -5.425851 2.03022
v -1.942571 -4.389597 2.834281
v -2.332533 -5.363055 1.960531
v -3.423006 -6.214353 1.162108
v -2.922261 -5.341618 2.265208
v -2.922261 -5.341618 2.265208
v -2.005224 -4.334179 2.745007
v -2.332533 -5.363055 1.960531
v -2.286458 -5.425851 2.03022
v -2.738311 -4.395705 3.123876
v -2.885271 -5.425939 2.336552
v -2.922261 -5.341618 2.265208
v -3.407572 -6.303726 1.200663
v -2.885271 -5.425939 2.336552
v -2.885271 -5.425939 2.336552
v -2.915621 -6.247375 0.8214762
v -2.286458 -5.425851 2.03022
v -2.286458 -5.425851 2.03022
v -2.915621 -6.247375 0.8214762
v -2.332533 -5.363055 1.960531
v -2.005224 -4.334179 2.745007
v -2.286458 -5.425851 2.03022
v -1.942571 -4.389597 2.834281
v -1.887645 -4.008536 3.010814
v -1.96565 -3.971219 2.891259
v -3.423006 -6.214353 1.162108
v -2.332533 -5.363055 1.960531
v -2.98081 -6.186382 0.8311118
v -2.332533 -5.363055 1.960531
v -2.915621 -6.247375 0.8214762
v -2.98081 -6.186382 0.8311118
v -3.407572 -6.303726 1.200663
v -2.922261 -5.341618 2.265208
v -3.423006 -6.214353 1.162108
v -2.915621 -6.247375 0.8214762
v -2.885271 -5.425939 2.336552
v -3.407572 -6.303726 1.200663
v -1.942571 -4.389597 2.834281
v -2.711257 -3.888959 3.342655
v -2.738311 -4.395705 3.123876
v -2.735781 -3.837876 3.223364
v -2.738311 -4.395705 3.123876
v -2.711257 -3.888959 3.342655
v -1.96565 -3.971219 2.891259
v -2.711257 -3.888959 3.342655
v -1.887645 -4.008536 3.010814
v -2.074236 -4.580491 2.642998
v -2.125103 -4.624728 2.753612
v -2.187103 -4.063042 2.795365
v -1.36074 -4.566217 3.065172
v -1.61023 -5.611672 2.100355
v -2.074236 -4.580491 2.642998
v -1.438688 -4.196351 3.173887
v -2.187103 -4.063042 2.795365
v -2.26329 -4.108224 2.893318
v -1.389477 -4.616348 3.173003
v -1.480181 -4.226743 3.312182
v -2.26329 -4.108224 2.893318
v -2.125103 -4.624728 2.753612
v -1.021664 -5.694146 2.437028
v -1.389477 -4.616348 3.173003
v -0.9969724 -5.635446 2.354158
v -1.112354 -6.542619 1.044561
v -1.61023 -5.611672 2.100355
v -1.61023 -5.611672 2.100355
v -1.36074 -4.566217 3.065172
v -0.9969724 -5.635446 2.354158
v -1.021664 -5.694146 2.437028
v -2.125103 -4.624728 2.753612
v -1.642533 -5.691972 2.178309
v -1.61023 -5.611672 2.100355
v -1.133716 -6.629853 1.085133
v -1.642533 -5.691972 2.178309
v -1.642533 -5.691972 2.178309
v -0.5252068 -6.581165 1.212882
v -1.021664 -5.694146 2.437028
v -1.021664 -5.694146 2.437028
v -0.5252068 -6.581165 1.212882
v -0.9969724 -5.635446 2.354158
v -1.36074 -4.566217 3.065172
v -1.021664 -5.694146 2.437028
v -1.389477 -4.616348 3.173003
v -1.480181 -4.226743 3.312182
v -1.438688 -4.196351 3.173887
v -1.112354 -6.542619 1.044561
v -0.9969724 -5.635446 2.354158
v -0.5733869 -6.521064 1.166735
v -0.9969724 -5.635446 2.354158
v -0.5252068 -6.581165 1.212882
v -0.5733869 -6.521064 1.166735
v -1.133716 -6.629853 1.085133
v -1.61023 -5.611672 2.100355
v -1.112354 -6.542619 1.044561
v -0.5252068 -6.581165 1.212882
v -1.642533 -5.691972 2.178309
v -1.133716 -6.629853 1.085133
v -1.389477 -4.616348 3.173003
v -2.26329 -4.108224 2.893318
v -2.125103 -4.624728 2.753612
v -2.187103 -4.063042 2.795365
v -2.125103 -4.624728 2.753612
v -2.26329 -4.108224 2.893318
v -1.438688 -4.196351 3.173887
v -2.26329 -4.108224 2.893318
v -1.480181 -4.226743 3.312182
v -1.246109 -4.526904 2.993348
v -1.362705 -4.564178 3.035725
v -1.402194 -3.999105 3.021144
v -1.038866 -4.524607 3.796189
v -0.5976151 -5.599032 2.9377
v -1.246109 -4.526904 2.993348
v -1.14837 -4.147466 3.817848
v -1.402194 -3.999105 3.021144
v -1.527808 -4.036798 3.036674
v -1.138219 -4.568814 3.852236
v -1.277031 -4.170126 3.886431
v -1.527808 -4.036798 3.036674
v -1.362705 -4.564178 3.035725
v -0.4241565 -5.69171 3.591829
v -1.138219 -4.568814 3.852236
v -0.3447472 -5.63771 3.550586
v 0.4426861 -6.594533 2.542738
v -0.5976151 -5.599032 2.9377
v -0.5976151 -5.599032 2.9377
v -1.038866 -4.524607 3.796189
v -0.3447472 -5.63771 3.550586
v -0.4241565 -5.69171 3.591829
v -1.362705 -4.564178 3.035725
v -0.6802326 -5.674482 2.970099
v -0.5976151 -5.599032 2.9377
v 0.393742 -6.67897 2.556413
v -0.6802326 -5.674482 2.970099
v -0.6802326 -5.674482 2.970099
v 0.7364966 -6.650522 3.076686
v -0.4241565 -5.69171 3.591829
v -0.4241565 -5.69171 3.591829
v 0.7364966 -6.650522 3.076686
v -0.3447472 -5.63771 3.550586
v -1.038866 -4.524607 3.796189
v -0.4241565 -5.69171 3.591829
v -1.138219 -4.568814 3.852236
v -1.277031 -4.170126 3.886431
v -1.14837 -4.147466 3.817848
v 0.4426861 -6.594533 2.542738
v -0.3447472 -5.63771 3.550586
v 0.7386101 -6.590479 3.009954
v -0.3447472 -5.63771 3.550586
v 0.7364966 -6.650522 3.076686
v 0.7386101 -6.590479 3.009954
v 0.393742 -6.67897 2.556413
v -0.5976151 -5.599032 2.9377
v 0.4426861 -6.594533 2.542738
v 0.7364966 -6.650522 3.076686
v -0.6802326 -5.674482 2.970099
v 0.393742 -6.67897 2.556413
v -1.138219 -4.568814 3.852236
v -1.527808 -4.036798 3.036674
v -1.362705 -4.564178 3.035725
v -1.402194 -3.999105 3.021144
v -1.362705 -4.564178 3.035725
v -1.527808 -4.036798 3.036674
v -1.14837 -4.147466 3.817848
v -1.527808 -4.036798 3.036674
v -1.277031 -4.170126 3.886431
v -3.43309 -5.576735 2.490983
v -3.346037 -4.60774 3.523728
v -2.949034 -4.660752 2.842221
v -2.856033 -4.361876 2.916321
v -3.223965 -4.333086 3.588759
v -2.756587 -4.39886 2.944908
v -2.949034 -4.660752 2.842221
v -3.346037 -4.60774 3.523728
v -2.856033 -4.361876 2.916321
v -3.128006 -4.357392 3.661377
v -3.273563 -4.648677 3.582317
v -2.756587 -4.39886 2.944908
v -3.879054 -5.550385 3.277078
v -2.860356 -4.696804 2.891751
v -3.273563 -4.648677 3.582317
v -4.283618 -6.35847 2.034035
v -3.936563 -5.502133 3.233187
v -3.43309 -5.576735 2.490983
v -3.346037 -4.60774 3.523728
v -3.43309 -5.576735 2.490983
v -3.936563 -5.502133 3.233187
v -2.949034 -4.660752 2.842221
v -3.372822 -5.643007 2.527987
v -3.43309 -5.576735 2.490983
v -2.860356 -4.696804 2.891751
v -3.879054 -5.550385 3.277078
v -3.372822 -5.643007 2.527987
v -4.249058 -6.430779 2.051382
v -3.43309 -5.576735 2.490983
v -3.372822 -5.643007 2.527987
v -4.811568 -6.296857 2.706136
v -3.372822 -5.643007 2.527987
v -3.879054 -5.550385 3.277078
v -4.811568 -6.296857 2.706136
v -3.879054 -5.550385 3.277078
v -3.936563 -5.502133 3.233187
v -3.879054 -5.550385 3.277078
v -3.346037 -4.60774 3.523728
v -3.273563 -4.648677 3.582317
v -3.346037 -4.60774 3.523728
v -3.128006 -4.357392 3.661377
v -3.223965 -4.333086 3.588759
v -3.936563 -5.502133 3.233187
v -4.283618 -6.35847 2.034035
v -4.802115 -6.247291 2.65104
v -4.811568 -6.296857 2.706136
v -3.936563 -5.502133 3.233187
v -4.802115 -6.247291 2.65104
v -3.43309 -5.576735 2.490983
v -4.249058 -6.430779 2.051382
v -4.283618 -6.35847 2.034035
v -3.372822 -5.643007 2.527987
v -4.811568 -6.296857 2.706136
v -4.249058 -6.430779 2.051382
v -2.756587 -4.39886 2.944908
v -3.273563 -4.648677 3.582317
v -2.860356 -4.696804 2.891751
v -2.860356 -4.696804 2.891751
v -2.856033 -4.361876 2.916321
v -2.756587 -4.39886 2.944908
v -2.756587 -4.39886 2.944908
v -3.223965 -4.333086 3.588759
v -3.128006 -4.357392 3.661377
v -2.856033 -4.361876 2.916321
v -3.346037 -4.60774 3.523728
v -3.223965 -4.333086 3.588759
v -2.658185 -6.540454 5.146519
v -1.867337 -5.441759 4.721644
v -2.641256 -5.575346 4.631758
v -2.645687 -5.267267 4.539377
v -1.889229 -5.158223 4.604627
v -2.656585 -5.297882 4.434408
v -2.641256 -5.575346 4.631758
v -1.867337 -5.441759 4.721644
v -2.645687 -5.267267 4.539377
v -1.860265 -5.170536 4.48596
v -1.839562 -5.47294 4.628814
v -2.656585 -5.297882 4.434408
v -1.766546 -6.420582 5.236689
v -2.628882 -5.602515 4.528193
v -1.839562 -5.47294 4.628814
v -2.635057 -7.394814 6.048099
v -1.787986 -6.379869 5.31048
v -2.658185 -6.540454 5.146519
v -1.867337 -5.441759 4.721644
v -2.658185 -6.540454 5.146519
v -1.787986 -6.379869 5.31048
v -2.641256 -5.575346 4.631758
v -2.642105 -6.599872 5.071656
v -2.658185 -6.540454 5.146519
v -2.628882 -5.602515 4.528193
v -1.766546 -6.420582 5.236689
v -2.642105 -6.599872 5.071656
v -2.625524 -7.463395 6.004169
v -2.658185 -6.540454 5.146519
v -2.642105 -6.599872 5.071656
v -1.816781 -7.25692 6.26177
v -2.642105 -6.599872 5.071656
v -1.766546 -6.420582 5.236689
v -1.816781 -7.25692 6.26177
v -1.766546 -6.420582 5.236689
v -1.787986 -6.379869 5.31048
v -1.766546 -6.420582 5.236689
v -1.867337 -5.441759 4.721644
v -1.839562 -5.47294 4.628814
v -1.867337 -5.441759 4.721644
v -1.860265 -5.170536 4.48596
v -1.889229 -5.158223 4.604627
v -1.787986 -6.379869 5.31048
v -2.635057 -7.394814 6.048099
v -1.876032 -7.214868 6.27917
v -1.816781 -7.25692 6.26177
v -1.787986 -6.379869 5.31048
v -1.876032 -7.214868 6.27917
v -2.658185 -6.540454 5.146519
v -2.625524 -7.463395 6.004169
v -2.635057 -7.394814 6.048099
v -2.642105 -6.599872 5.071656
v -1.816781 -7.25692 6.26177
v -2.625524 -7.463395 6.004169
v -2.656585 -5.297882 4.434408
v -1.839562 -5.47294 4.628814
v -2.628882 -5.602515 4.528193
v -2.628882 -5.602515 4.528193
v -2.645687 -5.267267 4.539377
v -2.656585 -5.297882 4.434408
v -2.656585 -5.297882 4.434408
v -1.889229 -5.158223 4.604627
v -1.860265 -5.170536 4.48596
v -2.645687 -5.267267 4.539377
v -1.867337 -5.441759 4.721644
v -1.889229 -5.158223 4.604627
v -2.92081 -5.197827 3.077857
v -2.852208 -5.230804 3.182672
v -2.829573 -4.664618 3.183077
v -2.197019 -5.259315 2.678035
v -3.188946 -6.30054 2.543793
v -2.92081 -5.197827 3.077857
v -2.130601 -4.878541 2.750815
v -2.829573 -4.664618 3.183077
v -2.784666 -4.695758 3.303304
v -2.119884 -5.301093 2.763307
v -2.032937 -4.897933 2.859703
v -2.784666 -4.695758 3.303304
v -2.852208 -5.230804 3.182672
v -2.604867 -6.445099 2.220506
v -2.119884 -5.301093 2.763307
v -2.662199 -6.393339 2.150102
v -3.880229 -7.328235 1.709998
v -3.188946 -6.30054 2.543793
v -3.188946 -6.30054 2.543793
v -2.197019 -5.259315 2.678035
v -2.662199 -6.393339 2.150102
v -2.604867 -6.445099 2.220506
v -2.852208 -5.230804 3.182672
v -3.140368 -6.372913 2.621063
v -3.188946 -6.30054 2.543793
v -3.858665 -7.410344 1.760053
v -3.140368 -6.372913 2.621063
v -3.140368 -6.372913 2.621063
v -3.440922 -7.435625 1.297642
v -2.604867 -6.445099 2.220506
v -2.604867 -6.445099 2.220506
v -3.440922 -7.435625 1.297642
v -2.662199 -6.393339 2.150102
v -2.197019 -5.259315 2.678035
v -2.604867 -6.445099 2.220506
v -2.119884 -5.301093 2.763307
v -2.032937 -4.897933 2.859703
v -2.130601 -4.878541 2.750815
v -3.880229 -7.328235 1.709998
v -2.662199 -6.393339 2.150102
v -3.503109 -7.371652 1.307787
v -2.662199 -6.393339 2.150102
v -3.440922 -7.435625 1.297642
v -3.503109 -7.371652 1.307787
v -3.858665 -7.410344 1.760053
v -3.188946 -6.30054 2.543793
v -3.880229 -7.328235 1.709998
v -3.440922 -7.435625 1.297642
v -3.140368 -6.372913 2.621063
v -3.858665 -7.410344 1.760053
v -2.119884 -5.301093 2.763307
v -2.784666 -4.695758 3.303304
v -2.852208 -5.230804 3.182672
v -2.829573 -4.664618 3.183077
v -2.852208 -5.230804 3.182672
v -2.784666 -4.695758 3.303304
v -2.130601 -4.878541 2.750815
v -2.784666 -4.695758 3.303304
v -2.032937 -4.897933 2.859703
v -2.398576 -5.241194 2.612421
v -2.410814 -5.278263 2.735935
v -2.442073 -4.713193 2.764184
v -1.585191 -5.237145 2.773355
v -2.165927 -6.314012 2.005761
v -2.398576 -5.241194 2.612421
v -1.613775 -4.859858 2.880748
v -2.442073 -4.713193 2.764184
v -2.482415 -4.750741 2.884198
v -1.577629 -5.28113 2.88726
v -1.607646 -4.882242 3.02646
v -2.482415 -4.750741 2.884198
v -2.410814 -5.278263 2.735935
v -1.501046 -6.405268 2.132908
v -1.577629 -5.28113 2.88726
v -1.503921 -6.351435 2.043373
v -2.069548 -7.311357 0.8988485
v -2.165927 -6.314012 2.005761
v -2.165927 -6.314012 2.005761
v -1.585191 -5.237145 2.773355
v -1.503921 -6.351435 2.043373
v -1.501046 -6.405268 2.132908
v -2.410814 -5.278263 2.735935
v -2.172374 -6.389313 2.094398
v -2.165927 -6.314012 2.005761
v -2.07827 -7.39572 0.9490407
v -2.172374 -6.389313 2.094398
v -2.172374 -6.389313 2.094398
v -1.460926 -7.366318 0.8653994
v -1.501046 -6.405268 2.132908
v -1.501046 -6.405268 2.132908
v -1.460926 -7.366318 0.8653994
v -1.503921 -6.351435 2.043373
v -1.585191 -5.237145 2.773355
v -1.501046 -6.405268 2.132908
v -1.577629 -5.28113 2.88726
v -1.607646 -4.882242 3.02646
v -1.613775 -4.859858 2.880748
v -2.069548 -7.311357 0.8988485
v -1.503921 -6.351435 2.043373
v -1.520266 -7.306438 0.8344806
v -1.503921 -6.351435 2.043373
v -1.460926 -7.366318 0.8653994
v -1.520266 -7.306438 0.8344806
v -2.07827 -7.39572 0.9490407
v -2.165927 -6.314012 2.005761
v -2.069548 -7.311357 0.8988485
v -1.460926 -7.366318 0.8653994
v -2.172374 -6.389313 2.094398
v -2.07827 -7.39572 0.9490407
v -1.577629 -5.28113 2.88726
v -2.482415 -4.750741 2.884198
v -2.410814 -5.278263 2.735935
v -2.442073 -4.713193 2.764184
v -2.410814 -5.278263 2.735935
v -2.482415 -4.750741 2.884198
v -1.613775 -4.859858 2.880748
v -2.482415 -4.750741 2.884198
v -1.607646 -4.882242 3.02646
v -1.473662 -6.545079 5.201129
v -1.181793 -5.523786 4.260458
v -1.803087 -5.60849 4.741805
v -1.865355 -5.30548 4.653629
v -1.274135 -5.2452 4.168652
v -1.946601 -5.340159 4.588278
v -1.803087 -5.60849 4.741805
v -1.181793 -5.523786 4.260458
v -1.865355 -5.30548 4.653629
v -1.335922 -5.26499 4.064427
v -1.226802 -5.561091 4.17713
v -1.946601 -5.340159 4.588278
v -0.7677223 -6.482035 4.639706
v -1.866562 -5.641251 4.661094
v -1.226802 -5.561091 4.17713
v -0.8449424 -7.35593 5.901518
v -0.7312242 -6.436553 4.704214
v -1.473662 -6.545079 5.201129
v -1.181793 -5.523786 4.260458
v -1.473662 -6.545079 5.201129
v -0.7312242 -6.436553 4.704214
v -1.803087 -5.60849 4.741805
v -1.51507 -6.608888 5.141069
v -1.473662 -6.545079 5.201129
v -1.866562 -5.641251 4.661094
v -0.7677223 -6.482035 4.639706
v -1.51507 -6.608888 5.141069
v -0.869727 -7.426979 5.868933
v -1.473662 -6.545079 5.201129
v -1.51507 -6.608888 5.141069
v -0.105701 -7.264161 5.478027
v -1.51507 -6.608888 5.141069
v -0.7677223 -6.482035 4.639706
v -0.105701 -7.264161 5.478027
v -0.7677223 -6.482035 4.639706
v -0.7312242 -6.436553 4.704214
v -0.7677223 -6.482035 4.639706
v -1.181793 -5.523786 4.260458
v -1.226802 -5.561091 4.17713
v -1.181793 -5.523786 4.260458
v -1.335922 -5.26499 4.064427
v -1.274135 -5.2452 4.168652
v -0.7312242 -6.436553 4.704214
v -0.8449424 -7.35593 5.901518
v -0.1355404 -7.217409 5.528082
v -0.105701 -7.264161 5.478027
v -0.7312242 -6.436553 4.704214
v -0.1355404 -7.217409 5.528082
v -1.473662 -6.545079 5.201129
v -0.869727 -7.426979 5.868933
v -0.8449424 -7.35593 5.901518
v -1.51507 -6.608888 5.141069
v -0.105701 -7.264161 5.478027
v -0.869727 -7.426979 5.868933
v -1.946601 -5.340159 4.588278
v -1.226802 -5.561091 4.17713
v -1.866562 -5.641251 4.661094
v -1.866562 -5.641251 4.661094
v -1.865355 -5.30548 4.653629
v -1.946601 -5.340159 4.588278
v -1.946601 -5.340159 4.588278
v -1.274135 -5.2452 4.168652
v -1.335922 -5.26499 4.064427
v -1.865355 -5.30548 4.653629
v -1.181793 -5.523786 4.260458
v -1.274135 -5.2452 4.168652
v -1.592155 -5.159259 2.696063
v -1.690094 -5.195801 2.772563
v -1.724359 -4.630209 2.775665
v -1.143687 -5.168786 3.393412
v -1.008652 -6.237438 2.431208
v -1.592155 -5.159259 2.696063
v -1.235665 -4.790794 3.451362
v -1.724359 -4.630209 2.775665
v -1.839282 -4.666755 2.829497
v -1.221065 -5.212607 3.477428
v -1.336644 -4.812914 3.556646
v -1.839282 -4.666755 2.829497
v -1.690094 -5.195801 2.772563
v -0.6401897 -6.339789 2.997177
v -1.221065 -5.212607 3.477428
v -0.5769731 -6.28614 2.933551
v -0.1584308 -7.239076 1.721919
v -1.008652 -6.237438 2.431208
v -1.008652 -6.237438 2.431208
v -1.143687 -5.168786 3.393412
v -0.5769731 -6.28614 2.933551
v -0.6401897 -6.339789 2.997177
v -1.690094 -5.195801 2.772563
v -1.077982 -6.312396 2.48727
v -1.008652 -6.237438 2.431208
v -0.2017835 -7.323149 1.749569
v -1.077982 -6.312396 2.48727
v -1.077982 -6.312396 2.48727
v 0.2871406 -7.304573 2.13633
v -0.6401897 -6.339789 2.997177
v -0.6401897 -6.339789 2.997177
v 0.2871406 -7.304573 2.13633
v -0.5769731 -6.28614 2.933551
v -1.143687 -5.168786 3.393412
v -0.6401897 -6.339789 2.997177
v -1.221065 -5.212607 3.477428
v -1.336644 -4.812914 3.556646
v -1.235665 -4.790794 3.451362
v -0.1584308 -7.239076 1.721919
v -0.5769731 -6.28614 2.933551
v 0.2690575 -7.24376 2.072787
v -0.5769731 -6.28614 2.933551
v 0.2871406 -7.304573 2.13633
v 0.2690575 -7.24376 2.072787
v -0.2017835 -7.323149 1.749569
v -1.008652 -6.237438 2.431208
v -0.1584308 -7.239076 1.721919
v 0.2871406 -7.304573 2.13633
v -1.077982 -6.312396 2.48727
v -0.2017835 -7.323149 1.749569
v -1.221065 -5.212607 3.477428
v -1.839282 -4.666755 2.829497
v -1.690094 -5.195801 2.772563
v -1.724359 -4.630209 2.775665
v -1.690094 -5.195801 2.772563
v -1.839282 -4.666755 2.829497
v -1.235665 -4.790794 3.451362
v -1.839282 -4.666755 2.829497
v -1.336644 -4.812914 3.556646
v -3.645873 -6.668861 3.067437
v -3.237067 -5.625426 3.937615
v -3.148884 -5.698315 3.155449
v -3.062216 -5.389106 3.174021
v -3.12541 -5.338899 3.93682
v -2.956762 -5.416832 3.160419
v -3.148884 -5.698315 3.155449
v -3.237067 -5.625426 3.937615
v -3.062216 -5.389106 3.174021
v -3.006384 -5.35114 3.964298
v -3.143532 -5.656873 3.962581
v -2.956762 -5.416832 3.160419
v -3.733457 -6.61856 3.965947
v -3.044773 -5.724395 3.165319
v -3.143532 -5.656873 3.962581
v -4.531433 -7.539287 3.029289
v -3.808098 -6.577734 3.947946
v -3.645873 -6.668861 3.067437
v -3.237067 -5.625426 3.937615
v -3.645873 -6.668861 3.067437
v -3.808098 -6.577734 3.947946
v -3.148884 -5.698315 3.155449
v -3.569842 -6.72791 3.078672
v -3.645873 -6.668861 3.067437
v -3.044773 -5.724395 3.165319
v -3.733457 -6.61856 3.965947
v -3.569842 -6.72791 3.078672
v -4.486196 -7.607554 3.033423
v -3.645873 -6.668861 3.067437
v -3.569842 -6.72791 3.078672
v -4.74322 -7.467782 3.856501
v -3.569842 -6.72791 3.078672
v -3.733457 -6.61856 3.965947
v -4.74322 -7.467782 3.856501
v -3.733457 -6.61856 3.965947
v -3.808098 -6.577734 3.947946
v -3.733457 -6.61856 3.965947
v -3.237067 -5.625426 3.937615
v -3.143532 -5.656873 3.962581
v -3.237067 -5.625426 3.937615
v -3.006384 -5.35114 3.964298
v -3.12541 -5.338899 3.93682
v -3.808098 -6.577734 3.947946
v -4.531433 -7.539287 3.029289
v -4.761707 -7.421696 3.800678
v -4.74322 -7.467782 3.856501
v -3.808098 -6.577734 3.947946
v -4.761707 -7.421696 3.800678
v -3.645873 -6.668861 3.067437
v -4.486196 -7.607554 3.033423
v -4.531433 -7.539287 3.029289
v -3.569842 -6.72791 3.078672
v -4.74322 -7.467782 3.856501
v -4.486196 -7.607554 3.033423
v -2.956762 -5.416832 3.160419
v -3.143532 -5.656873 3.962581
v -3.044773 -5.724395 3.165319
v -3.044773 -5.724395 3.165319
v -3.062216 -5.389106 3.174021
v -2.956762 -5.416832 3.160419
v -2.956762 -5.416832 3.160419
v -3.12541 -5.338899 3.93682
v -3.006384 -5.35114 3.964298
v -3.062216 -5.389106 3.174021
v -3.237067 -5.625426 3.937615
v -3.12541 -5.338899 3.93682
v -3.840699 -5.857011 3.648065
v -3.177681 -4.831681 4.370696
v -3.369003 -4.870947 3.604713
v -3.289108 -4.559375 3.607197
v -3.080666 -4.540989 4.34516
v -3.194553 -4.582207 3.556083
v -3.369003 -4.870947 3.604713
v -3.177681 -4.831681 4.370696
v -3.289108 -4.559375 3.607197
v -2.959326 -4.549373 4.328475
v -3.080594 -4.860191 4.359639
v -3.194553 -4.582207 3.556083
v -3.607253 -5.844722 4.521491
v -3.267475 -4.893085 3.576101
v -3.080594 -4.860191 4.359639
v -4.66084 -6.760978 3.87942
v -3.684444 -5.806338 4.532901
v -3.840699 -5.857011 3.648065
v -3.177681 -4.831681 4.370696
v -3.840699 -5.857011 3.648065
v -3.684444 -5.806338 4.532901
v -3.369003 -4.870947 3.604713
v -3.764137 -5.913274 3.628926
v -3.840699 -5.857011 3.648065
v -3.267475 -4.893085 3.576101
v -3.607253 -5.844722 4.521491
v -3.764137 -5.913274 3.628926
v -4.615357 -6.827439 3.863983
v -3.840699 -5.857011 3.648065
v -3.764137 -5.913274 3.628926
v -4.569243 -6.729895 4.730824
v -3.764137 -5.913274 3.628926
v -3.607253 -5.844722 4.521491
v -4.569243 -6.729895 4.730824
v -3.607253 -5.844722 4.521491
v -3.684444 -5.806338 4.532901
v -3.607253 -5.844722 4.521491
v -3.177681 -4.831681 4.370696
v -3.080594 -4.860191 4.359639
v -3.177681 -4.831681 4.370696
v -2.959326 -4.549373 4.328475
v -3.080666 -4.540989 4.34516
v -3.684444 -5.806338 4.532901
v -4.66084 -6.760978 3.87942
v -4.607363 -6.682509 4.687428
v -4.569243 -6.729895 4.730824
v -3.684444 -5.806338 4.532901
v -4.607363 -6.682509 4.687428
v -3.840699 -5.857011 3.648065
v -4.615357 -6.827439 3.863983
v -4.66084 -6.760978 3.87942
v -3.764137 -5.913274 3.628926
v -4.569243 -6.729895 4.730824
v -4.615357 -6.827439 3.863983
v -3.194553 -4.582207 3.556083
v -3.080594 -4.860191 4.359639
v -3.267475 -4.893085 3.576101
v -3.267475 -4.893085 3.576101
v -3.289108 -4.559375 3.607197
v -3.194553 -4.582207 3.556083
v -3.194553 -4.582207 3.556083
v -3.080666 -4.540989 4.34516
v -2.959326 -4.549373 4.328475
v -3.289108 -4.559375 3.607197
v -3.177681 -4.831681 4.370696
v -3.080666 -4.540989 4.34516
v -1.269781 -2.540973 4.562593
v -1.155525 -2.510787 4.59498
v -1.237755 -2.149745 4.558837
v -0.6249724 -3.587196 4.828765
v -0.8325403 -2.534379 3.624452
v -1.155525 -2.510787 4.59498
v -1.237755 -2.149745 4.558837
v -0.9147711 -2.173337 3.58831
v -1.359174 -2.178373 4.552222
v -1.040875 -2.19038 3.53097
v -0.9316384 -2.572875 3.578743
v -1.359174 -2.178373 4.552222
v -0.3110465 -3.66142 3.852768
v -1.269781 -2.540973 4.562593
v -0.9316384 -2.572875 3.578743
v 0.3174725 -4.568665 5.2072
v -0.2309263 -3.613242 3.884917
v -0.6249724 -3.587196 4.828765
v -0.8325403 -2.534379 3.624452
v -0.6249724 -3.587196 4.828765
v -0.2309263 -3.613242 3.884917
v -1.269781 -2.540973 4.562593
v -0.3110465 -3.66142 3.852768
v -0.7089267 -3.654929 4.806298
v 0.7531108 -4.609414 4.336823
v -0.7089267 -3.654929 4.806298
v -0.3110465 -3.66142 3.852768
v 0.7531108 -4.609414 4.336823
v -0.3110465 -3.66142 3.852768
v -0.2309263 -3.613242 3.884917
v -0.3110465 -3.66142 3.852768
v -0.8325403 -2.534379 3.624452
v -0.9316384 -2.572875 3.578743
v -1.040875 -2.19038 3.53097
v -0.9147711 -2.173337 3.58831
v -0.2309263 -3.613242 3.884917
v 0.3174725 -4.568665 5.2072
v 0.7620059 -4.549465 4.396333
v 0.7531108 -4.609414 4.336823
v -0.2309263 -3.613242 3.884917
v 0.7620059 -4.549465 4.396333
v -0.6249724 -3.587196 4.828765
v 0.2656874 -4.645958 5.201297
v 0.3174725 -4.568665 5.2072
v -0.7089267 -3.654929 4.806298
v 0.7531108 -4.609414 4.336823
v 0.2656874 -4.645958 5.201297
v -1.359174 -2.178373 4.552222
v -0.9316384 -2.572875 3.578743
v -1.269781 -2.540973 4.562593
v -1.269781 -2.540973 4.562593
v -1.237755 -2.149745 4.558837
v -1.359174 -2.178373 4.552222
v -1.359174 -2.178373 4.552222
v -0.9147711 -2.173337 3.58831
v -1.040875 -2.19038 3.53097
v -3.097645 -3.513162 5.023349
v -1.968809 -2.55326 4.906315
v -2.753558 -2.485514 4.650616
v -2.669081 -2.162766 4.60315
v -1.901978 -2.24833 4.826711
v -2.664188 -2.17971 4.489394
v -2.753558 -2.485514 4.650616
v -1.968809 -2.55326 4.906315
v -2.669081 -2.162766 4.60315
v -1.850154 -2.255232 4.709202
v -1.927973 -2.581739 4.812015
v -2.664188 -2.17971 4.489394
v -2.198258 -3.624203 5.299042
v -2.724915 -2.504933 4.543136
v -1.927973 -2.581739 4.812015
v -3.460328 -4.480436 5.81495
v -2.226514 -3.585612 5.376578
v -3.097645 -3.513162 5.023349
v -1.968809 -2.55326 4.906315
v -3.097645 -3.513162 5.023349
v -2.226514 -3.585612 5.376578
v -2.753558 -2.485514 4.650616
v -3.078707 -3.569223 4.940839
v -3.097645 -3.513162 5.023349
v -2.724915 -2.504933 4.543136
v -2.198258 -3.624203 5.299042
v -3.078707 -3.569223 4.940839
v -3.456667 -4.547467 5.761348
v -3.097645 -3.513162 5.023349
v -3.078707 -3.569223 4.940839
v -2.656949 -4.568236 6.205733
v -3.078707 -3.569223 4.940839
v -2.198258 -3.624203 5.299042
v -2.656949 -4.568236 6.205733
v -2.198258 -3.624203 5.299042
v -2.226514 -3.585612 5.376578
v -2.198258 -3.624203 5.299042
v -1.968809 -2.55326 4.906315
v -1.927973 -2.581739 4.812015
v -1.968809 -2.55326 4.906315
v -1.850154 -2.255232 4.709202
v -1.901978 -2.24833 4.826711
v -2.226514 -3.585612 5.376578
v -3.460328 -4.480436 5.81495
v -2.710563 -4.512772 6.218978
v -2.656949 -4.568236 6.205733
v -2.226514 -3.585612 5.376578
v -2.710563 -4.512772 6.218978
v -3.097645 -3.513162 5.023349
v -3.456667 -4.547467 5.761348
v -3.460328 -4.480436 5.81495
v -3.078707 -3.569223 4.940839
v -2.656949 -4.568236 6.205733
v -3.456667 -4.547467 5.761348
v -2.664188 -2.17971 4.489394
v -1.927973 -2.581739 4.812015
v -2.724915 -2.504933 4.543136
v -2.724915 -2.504933 4.543136
v -2.669081 -2.162766 4.60315
v -2.664188 -2.17971 4.489394
v -2.664188 -2.17971 4.489394
v -1.901978 -2.24833 4.826711
v -1.850154 -2.255232 4.709202
v -2.669081 -2.162766 4.60315
v -1.968809 -2.55326 4.906315
v -1.901978 -2.24833 4.826711
v -3.096693 -2.551699 3.416447
v -3.197989 -2.528556 3.442879
v -3.131691 -2.210192 3.427829
v -3.666443 -3.487151 3.520978
v -3.005529 -2.527304 4.317187
v -3.197989 -2.528556 3.442879
v -3.131691 -2.210192 3.427829
v -2.93923 -2.208939 4.302135
v -3.036596 -2.232583 3.3788
v -2.818289 -2.219624 4.288946
v -2.909388 -2.557627 4.307681
v -3.036596 -2.232583 3.3788
v -3.463096 -3.529823 4.396085
v -3.096693 -2.551699 3.416447
v -2.909388 -2.557627 4.307681
v -4.512108 -4.375262 3.673614
v -3.539224 -3.490254 4.407129
v -3.666443 -3.487151 3.520978
v -3.005529 -2.527304 4.317187
v -3.666443 -3.487151 3.520978
v -3.539224 -3.490254 4.407129
v -3.096693 -2.551699 3.416447
v -3.463096 -3.529823 4.396085
v -3.591136 -3.544023 3.501232
v -4.448538 -4.394205 4.523425
v -3.591136 -3.544023 3.501232
v -3.463096 -3.529823 4.396085
v -4.448538 -4.394205 4.523425
v -3.463096 -3.529823 4.396085
v -3.539224 -3.490254 4.407129
v -3.463096 -3.529823 4.396085
v -3.005529 -2.527304 4.317187
v -2.909388 -2.557627 4.307681
v -2.818289 -2.219624 4.288946
v -2.93923 -2.208939 4.302135
v -3.539224 -3.490254 4.407129
v -4.512108 -4.375262 3.673614
v -4.483788 -4.343712 4.481812
v -4.448538 -4.394205 4.523425
v -3.539224 -3.490254 4.407129
v -4.483788 -4.343712 4.481812
v -3.666443 -3.487151 3.520978
v -4.468072 -4.441623 3.655983
v -4.512108 -4.375262 3.673614
v -3.591136 -3.544023 3.501232
v -4.448538 -4.394205 4.523425
v -4.468072 -4.441623 3.655983
v -3.036596 -2.232583 3.3788
v -2.909388 -2.557627 4.307681
v -3.096693 -2.551699 3.416447
v -3.096693 -2.551699 3.416447
v -3.131691 -2.210192 3.427829
v -3.036596 -2.232583 3.3788
v -3.036596 -2.232583 3.3788
v -2.93923 -2.208939 4.302135
v -2.818289 -2.219624 4.288946
v -2.367148 -2.529928 2.629643
v -2.447233 -2.509114 2.553685
v -2.406135 -2.173552 2.598632
v -2.748539 -3.528035 2.197233
v -3.119139 -2.514464 3.207991
v -2.447233 -2.509114 2.553685
v -2.406135 -2.173552 2.598632
v -3.078041 -2.178902 3.252938
v -2.309385 -2.193443 2.656572
v -2.999248 -2.18627 3.353468
v -3.056765 -2.543193 3.288841
v -2.309385 -2.193443 2.656572
v -3.413921 -3.579062 2.862458
v -2.367148 -2.529928 2.629643
v -3.056765 -2.543193 3.288841
v -3.326363 -4.485545 1.545011
v -3.466877 -3.540075 2.800101
v -2.748539 -3.528035 2.197233
v -3.119139 -2.514464 3.207991
v -2.748539 -3.528035 2.197233
v -3.466877 -3.540075 2.800101
v -2.367148 -2.529928 2.629643
v -3.413921 -3.579062 2.862458
v -2.687809 -3.585041 2.254364
v -4.047049 -4.515564 2.071445
v -2.687809 -3.585041 2.254364
v -3.413921 -3.579062 2.862458
v -4.047049 -4.515564 2.071445
v -3.413921 -3.579062 2.862458
v -3.466877 -3.540075 2.800101
v -3.413921 -3.579062 2.862458
v -3.119139 -2.514464 3.207991
v -3.056765 -2.543193 3.288841
v -2.999248 -2.18627 3.353468
v -3.078041 -2.178902 3.252938
v -3.466877 -3.540075 2.800101
v -3.326363 -4.485545 1.545011
v -4.030882 -4.46316 2.016176
v -4.047049 -4.515564 2.071445
v -3.466877 -3.540075 2.800101
v -4.030882 -4.46316 2.016176
v -2.748539 -3.528035 2.197233
v -3.284511 -4.553457 1.575653
v -3.326363 -4.485545 1.545011
v -2.687809 -3.585041 2.254364
v -4.047049 -4.515564 2.071445
v -3.284511 -4.553457 1.575653
v -2.309385 -2.193443 2.656572
v -3.056765 -2.543193 3.288841
v -2.367148 -2.529928 2.629643
v -2.367148 -2.529928 2.629643
v -2.406135 -2.173552 2.598632
v -2.309385 -2.193443 2.656572
v -2.309385 -2.193443 2.656572
v -3.078041 -2.178902 3.252938
v -2.999248 -2.18627 3.353468
v -1.325189 -2.547042 2.870956
v -1.296879 -2.523436 2.770275
v -1.315099 -2.205369 2.837196
v -1.135019 -3.480253 2.319992
v -2.149184 -2.514657 2.496494
v -1.296879 -2.523436 2.770275
v -1.315099 -2.205369 2.837196
v -2.167404 -2.196587 2.563416
v -1.320758 -2.228413 2.943897
v -2.21696 -2.207658 2.674486
v -2.189572 -2.545276 2.584154
v -1.320758 -2.228413 2.943897
v -1.993791 -3.515413 2.054931
v -1.325189 -2.547042 2.870956
v -2.189572 -2.545276 2.584154
v -0.8472003 -4.365086 1.506713
v -1.964744 -3.475579 1.983849
v -1.135019 -3.480253 2.319992
v -2.149184 -2.514657 2.496494
v -1.135019 -3.480253 2.319992
v -1.964744 -3.475579 1.983849
v -1.325189 -2.547042 2.870956
v -1.993791 -3.515413 2.054931
v -1.156251 -3.537467 2.394632
v -1.613593 -4.376441 1.133763
v -1.156251 -3.537467 2.394632
v -1.993791 -3.515413 2.054931
v -1.613593 -4.376441 1.133763
v -1.993791 -3.515413 2.054931
v -1.964744 -3.475579 1.983849
v -1.993791 -3.515413 2.054931
v -2.149184 -2.514657 2.496494
v -2.189572 -2.545276 2.584154
v -2.21696 -2.207658 2.674486
v -2.167404 -2.196587 2.563416
v -1.964744 -3.475579 1.983849
v -0.8472003 -4.365086 1.506713
v -1.559553 -4.326252 1.124579
v -1.613593 -4.376441 1.133763
v -1.964744 -3.475579 1.983849
v -1.559553 -4.326252 1.124579
v -1.135019 -3.480253 2.319992
v -0.8545819 -4.431702 1.553208
v -0.8472003 -4.365086 1.506713
v -1.156251 -3.537467 2.394632
v -1.613593 -4.376441 1.133763
v -0.8545819 -4.431702 1.553208
v -1.320758 -2.228413 2.943897
v -2.189572 -2.545276 2.584154
v -1.325189 -2.547042 2.870956
v -1.325189 -2.547042 2.870956
v -1.315099 -2.205369 2.837196
v -1.320758 -2.228413 2.943897
v -1.320758 -2.228413 2.943897
v -2.167404 -2.196587 2.563416
v -2.21696 -2.207658 2.674486
v -0.3844784 -3.712248 3.273961
v -1.169321 -2.588121 2.932141
v -0.8563226 -2.562734 3.508002
v -0.9112936 -2.184837 3.55513
v -1.224293 -2.210222 2.97927
v -1.013584 -2.209388 3.630133
v -1.363055 -2.217483 3.01836
v -1.281139 -2.619578 2.960959
v -1.013584 -2.209388 3.630133
v -0.7129498 -3.788832 2.697108
v -0.9703531 -2.586488 3.557919
v -1.281139 -2.619578 2.960959
v 0.5157862 -4.79327 2.881037
v -0.6241671 -3.745365 2.670993
v -0.3844784 -3.712248 3.273961
v -1.169321 -2.588121 2.932141
v -0.3844784 -3.712248 3.273961
v -0.6241671 -3.745365 2.670993
v -0.9703531 -2.586488 3.557919
v -0.7129498 -3.788832 2.697108
v -0.4716245 -3.77669 3.309151
v 0.3564091 -4.850502 2.306762
v -0.4716245 -3.77669 3.309151
v -0.7129498 -3.788832 2.697108
v 0.3564091 -4.850502 2.306762
v -0.7129498 -3.788832 2.697108
v -0.6241671 -3.745365 2.670993
v -0.7129498 -3.788832 2.697108
v -1.169321 -2.588121 2.932141
v -1.281139 -2.619578 2.960959
v -1.363055 -2.217483 3.01836
v -1.224293 -2.210222 2.97927
v -0.6241671 -3.745365 2.670993
v 0.5157862 -4.79327 2.881037
v 0.4087173 -4.79527 2.350688
v 0.3564091 -4.850502 2.306762
v -0.6241671 -3.745365 2.670993
v 0.4087173 -4.79527 2.350688
v -0.3844784 -3.712248 3.273961
v 0.4640365 -4.870363 2.906999
v 0.5157862 -4.79327 2.881037
v -0.4716245 -3.77669 3.309151
v 0.3564091 -4.850502 2.306762
v 0.4640365 -4.870363 2.906999
v -1.013584 -2.209388 3.630133
v -1.281139 -2.619578 2.960959
v -0.9703531 -2.586488 3.557919
v -0.9703531 -2.586488 3.557919
v -0.9112936 -2.184837 3.55513
v -1.013584 -2.209388 3.630133
v -1.013584 -2.209388 3.630133
v -1.224293 -2.210222 2.97927
v -1.363055 -2.217483 3.01836
v -1.76414 -3.822593 5.551808
v -1.260303 -2.631312 4.72149
v -1.93376 -2.595325 4.954403
v -1.975225 -2.187333 4.870677
v -1.301769 -2.223319 4.637762
v -2.03761 -2.219033 4.748798
v -1.319187 -2.237473 4.482356
v -1.27142 -2.670526 4.597847
v -2.03761 -2.219033 4.748798
v -1.086802 -3.914881 5.304703
v -1.967145 -2.626443 4.824328
v -1.27142 -2.670526 4.597847
v -1.499819 -4.955754 6.633761
v -1.074533 -3.863618 5.402641
v -1.76414 -3.822593 5.551808
v -1.260303 -2.631312 4.72149
v -1.76414 -3.822593 5.551808
v -1.074533 -3.863618 5.402641
v -1.967145 -2.626443 4.824328
v -1.086802 -3.914881 5.304703
v -1.786406 -3.896661 5.454937
v -0.8551663 -5.01981 6.566711
v -1.786406 -3.896661 5.454937
v -1.086802 -3.914881 5.304703
v -0.8551663 -5.01981 6.566711
v -1.086802 -3.914881 5.304703
v -1.074533 -3.863618 5.402641
v -1.086802 -3.914881 5.304703
v -1.260303 -2.631312 4.72149
v -1.27142 -2.670526 4.597847
v -1.319187 -2.237473 4.482356
v -1.301769 -2.223319 4.637762
v -1.074533 -3.863618 5.402641
v -1.499819 -4.955754 6.633761
v -0.9116476 -4.957922 6.612651
v -0.8551663 -5.01981 6.566711
v -1.074533 -3.863618 5.402641
v -0.9116476 -4.957922 6.612651
v -1.76414 -3.822593 5.551808
v -1.518416 -5.041981 6.577032
v -1.499819 -4.955754 6.633761
v -1.786406 -3.896661 5.454937
v -0.8551663 -5.01981 6.566711
v -1.518416 -5.041981 6.577032
v -2.03761 -2.219033 4.748798
v -1.27142 -2.670526 4.597847
v -1.967145 -2.626443 4.824328
v -1.967145 -2.626443 4.824328
v -1.975225 -2.187333 4.870677
v -2.03761 -2.219033 4.748798
v -2.03761 -2.219033 4.748798
v -1.301769 -2.223319 4.637762
v -1.319187 -2.237473 4.482356
v -0.5122567 -2.313301 3.310224
v -1.362973 -1.425413 2.965805
v -1.006889 -1.504749 3.576612
v -1.107662 -1.238832 3.63088
v -1.469505 -1.182753 3.045614
v -1.174176 -1.275955 3.693956
v -1.006889 -1.504749 3.576612
v -1.362973 -1.425413 2.965805
v -1.107662 -1.238832 3.63088
v -1.568948 -1.207433 3.086981
v -1.440902 -1.464269 2.99427
v -1.174176 -1.275955 3.693956
v -0.9281622 -2.2536 2.613312
v -1.08498 -1.540125 3.622001
v -1.440902 -1.464269 2.99427
v 0.227783 -2.986891 2.811458
v -0.8684306 -2.208546 2.590339
v -0.5122567 -2.313301 3.310224
v -1.362973 -1.425413 2.965805
v -0.5122567 -2.313301 3.310224
v -0.8684306 -2.208546 2.590339
v -1.006889 -1.504749 3.576612
v -0.5677496 -2.374815 3.337532
v -0.5122567 -2.313301 3.310224
v -1.08498 -1.540125 3.622001
v -0.9281622 -2.2536 2.613312
v -0.5677496 -2.374815 3.337532
v 0.1991455 -3.053074 2.827157
v -0.5122567 -2.313301 3.310224
v -0.5677496 -2.374815 3.337532
v -0.06261025 -2.894134 2.103052
v -0.5677496 -2.374815 3.337532
v -0.9281622 -2.2536 2.613312
v -0.06261025 -2.894134 2.103052
v -0.9281622 -2.2536 2.613312
v -0.8684306 -2.208546 2.590339
v -0.9281622 -2.2536 2.613312
v -1.362973 -1.425413 2.965805
v -1.440902 -1.464269 2.99427
v -1.362973 -1.425413 2.965805
v -1.568948 -1.207433 3.086981
v -1.469505 -1.182753 3.045614
v -0.8684306 -2.208546 2.590339
v 0.227783 -2.986891 2.811458
v -0.02397615 -2.851133 2.137402
v -0.06261025 -2.894134 2.103052
v -0.8684306 -2.208546 2.590339
v -0.02397615 -2.851133 2.137402
v -0.5122567 -2.313301 3.310224
v 0.1991455 -3.053074 2.827157
v 0.227783 -2.986891 2.811458
v -0.5677496 -2.374815 3.337532
v -0.06261025 -2.894134 2.103052
v 0.1991455 -3.053074 2.827157
v -1.174176 -1.275955 3.693956
v -1.440902 -1.464269 2.99427
v -1.08498 -1.540125 3.622001
v -1.08498 -1.540125 3.622001
v -1.107662 -1.238832 3.63088
v -1.174176 -1.275955 3.693956
v -1.174176 -1.275955 3.693956
v -1.469505 -1.182753 3.045614
v -1.568948 -1.207433 3.086981
v -1.107662 -1.238832 3.63088
v -1.362973 -1.425413 2.965805
v -1.469505 -1.182753 3.045614
v -1.155828 -1.883126 4.487658
v -1.215578 -1.926053 4.397217
v -1.239267 -1.421569 4.326353
v -1.813581 -1.894371 4.840004
v -0.9171712 -2.797847 5.104591
v -1.155828 -1.883126 4.487658
v -1.874344 -1.564484 4.726896
v -1.239267 -1.421569 4.326353
v -1.277443 -1.464571 4.222328
v -1.881291 -1.942795 4.767936
v -1.960256 -1.596042 4.630676
v -1.277443 -1.464571 4.222328
v -1.215578 -1.926053 4.397217
v -1.447413 -2.891476 5.401259
v -1.881291 -1.942795 4.767936
v -0.9171712 -2.797847 5.104591
v -1.813581 -1.894371 4.840004
v -1.316699 -2.63933 5.246325
v -1.813581 -1.894371 4.840004
v -1.447413 -2.891476 5.401259
v -1.316699 -2.63933 5.246325
v -1.447413 -2.891476 5.401259
v -1.215578 -1.926053 4.397217
v -0.9591411 -2.872321 5.043905
v -0.9171712 -2.797847 5.104591
v -0.3213668 -3.684711 5.9514
v -0.9591411 -2.872321 5.043905
v -0.9591411 -2.872321 5.043905
v -0.7050064 -3.653436 6.359969
v -1.447413 -2.891476 5.401259
v -1.447413 -2.891476 5.401259
v -0.7050064 -3.653436 6.359969
v -1.316699 -2.63933 5.246325
v -1.316699 -2.63933 5.246325
v -0.7050064 -3.653436 6.359969
v -0.6492513 -3.597153 6.344
v -0.3213668 -3.684711 5.9514
v -0.9171712 -2.797847 5.104591
v -0.3033003 -3.605146 5.98619
v -0.7050064 -3.653436 6.359969
v -0.9591411 -2.872321 5.043905
v -0.3213668 -3.684711 5.9514
v -1.881291 -1.942795 4.767936
v -1.277443 -1.464571 4.222328
v -1.215578 -1.926053 4.397217
v -1.239267 -1.421569 4.326353
v -1.215578 -1.926053 4.397217
v -1.277443 -1.464571 4.222328
v -1.874344 -1.564484 4.726896
v -1.277443 -1.464571 4.222328
v -1.960256 -1.596042 4.630676
v -3.221036 -2.445523 2.900996
v -3.028646 -1.572989 3.813335
v -2.825997 -1.573592 3.131346
v -2.762144 -1.296366 3.185021
v -2.938898 -1.314067 3.852146
v -2.665712 -1.318163 3.187613
v -2.825997 -1.573592 3.131346
v -3.028646 -1.572989 3.813335
v -2.762144 -1.296366 3.185021
v -2.837364 -1.325046 3.894328
v -2.948676 -1.601452 3.847797
v -2.665712 -1.318163 3.187613
v -3.440598 -2.474538 3.684054
v -2.734475 -1.595831 3.154568
v -2.948676 -1.601452 3.847797
v -3.971295 -3.238952 2.660718
v -3.505222 -2.437882 3.659448
v -3.221036 -2.445523 2.900996
v -3.028646 -1.572989 3.813335
v -3.221036 -2.445523 2.900996
v -3.505222 -2.437882 3.659448
v -2.825997 -1.573592 3.131346
v -3.153534 -2.49794 2.918463
v -3.221036 -2.445523 2.900996
v -2.734475 -1.595831 3.154568
v -3.440598 -2.474538 3.684054
v -3.153534 -2.49794 2.918463
v -3.92966 -3.299629 2.666335
v -3.221036 -2.445523 2.900996
v -3.153534 -2.49794 2.918463
v -4.290421 -3.245516 3.362777
v -3.153534 -2.49794 2.918463
v -3.440598 -2.474538 3.684054
v -4.290421 -3.245516 3.362777
v -3.440598 -2.474538 3.684054
v -3.505222 -2.437882 3.659448
v -3.440598 -2.474538 3.684054
v -3.028646 -1.572989 3.813335
v -2.948676 -1.601452 3.847797
v -3.028646 -1.572989 3.813335
v -2.837364 -1.325046 3.894328
v -2.938898 -1.314067 3.852146
v -3.505222 -2.437882 3.659448
v -3.971295 -3.238952 2.660718
v -4.299571 -3.200055 3.314083
v -4.290421 -3.245516 3.362777
v -3.505222 -2.437882 3.659448
v -4.299571 -3.200055 3.314083
v -3.221036 -2.445523 2.900996
v -3.92966 -3.299629 2.666335
v -3.971295 -3.238952 2.660718
v -3.153534 -2.49794 2.918463
v -4.290421 -3.245516 3.362777
v -3.92966 -3.299629 2.666335
v -2.665712 -1.318163 3.187613
v -2.948676 -1.601452 3.847797
v -2.734475 -1.595831 3.154568
v -2.734475 -1.595831 3.154568
v -2.762144 -1.296366 3.185021
v -2.665712 -1.318163 3.187613
v -2.665712 -1.318163 3.187613
v -2.938898 -1.314067 3.852146
v -2.837364 -1.325046 3.894328
v -2.762144 -1.296366 3.185021
v -3.028646 -1.572989 3.813335
v -2.938898 -1.314067 3.852146
v -0.9580657 -1.709978 3.650199
v -1.064878 -1.752825 3.631559
v -1.130994 -1.248584 3.593386
v -1.157098 -1.711494 4.369433
v -0.3496619 -2.623242 3.914912
v -0.9580657 -1.709978 3.650199
v -1.279894 -1.381698 4.331148
v -1.130994 -1.248584 3.593386
v -1.232747 -1.291839 3.549762
v -1.256126 -1.759627 4.369301
v -1.408912 -1.412919 4.327303
v -1.232747 -1.291839 3.549762
v -1.064878 -1.752825 3.631559
v -0.5012278 -2.708938 4.504503
v -1.256126 -1.759627 4.369301
v -0.5579582 -2.517381 4.396607
v 0.709549 -3.431573 4.089434
v -0.3496619 -2.623242 3.914912
v -0.3496619 -2.623242 3.914912
v -1.157098 -1.711494 4.369433
v -0.5579582 -2.517381 4.396607
v -1.157098 -1.711494 4.369433
v -0.5012278 -2.708938 4.504503
v -0.5579582 -2.517381 4.396607
v -0.5012278 -2.708938 4.504503
v -1.064878 -1.752825 3.631559
v -0.4227678 -2.697636 3.904341
v -0.3496619 -2.623242 3.914912
v 0.6716645 -3.511156 4.079505
v -0.4227678 -2.697636 3.904341
v -0.4227678 -2.697636 3.904341
v 0.7026328 -3.472872 4.638666
v -0.5012278 -2.708938 4.504503
v -0.5012278 -2.708938 4.504503
v 0.7026328 -3.472872 4.638666
v -0.5579582 -2.517381 4.396607
v 0.709549 -3.431573 4.089434
v -0.5579582 -2.517381 4.396607
v 0.729728 -3.417329 4.58659
v -0.5579582 -2.517381 4.396607
v 0.7026328 -3.472872 4.638666
v 0.729728 -3.417329 4.58659
v 0.6716645 -3.511156 4.079505
v -0.3496619 -2.623242 3.914912
v 0.709549 -3.431573 4.089434
v 0.7026328 -3.472872 4.638666
v -0.4227678 -2.697636 3.904341
v 0.6716645 -3.511156 4.079505
v -1.256126 -1.759627 4.369301
v -1.232747 -1.291839 3.549762
v -1.064878 -1.752825 3.631559
v -1.130994 -1.248584 3.593386
v -1.064878 -1.752825 3.631559
v -1.232747 -1.291839 3.549762
v -1.279894 -1.381698 4.331148
v -1.232747 -1.291839 3.549762
v -1.408912 -1.412919 4.327303
v -2.336278 -2.303396 2.321339
v -2.784163 -1.417403 3.124526
v -2.164959 -1.446729 2.775381
v -2.141161 -1.171753 2.862751
v -2.732482 -1.162416 3.21893
v -2.075033 -1.198337 2.931316
v -2.164959 -1.446729 2.775381
v -2.784163 -1.417403 3.124526
v -2.141161 -1.171753 2.862751
v -2.689611 -1.17739 3.319662
v -2.752353 -1.448947 3.204439
v -2.075033 -1.198337 2.931316
v -3.039482 -2.300048 2.730877
v -2.116712 -1.472948 2.855349
v -2.752353 -1.448947 3.204439
v -2.751024 -3.063927 1.614426
v -3.066687 -2.260837 2.668845
v -2.336278 -2.303396 2.321339
v -2.784163 -1.417403 3.124526
v -2.336278 -2.303396 2.321339
v -3.066687 -2.260837 2.668845
v -2.164959 -1.446729 2.775381
v -2.302919 -2.358679 2.379991
v -2.336278 -2.303396 2.321339
v -2.116712 -1.472948 2.855349
v -3.039482 -2.300048 2.730877
v -2.302919 -2.358679 2.379991
v -2.728432 -3.126467 1.646447
v -2.336278 -2.303396 2.321339
v -2.302919 -2.358679 2.379991
v -3.468077 -3.035304 1.896891
v -2.302919 -2.358679 2.379991
v -3.039482 -2.300048 2.730877
v -3.468077 -3.035304 1.896891
v -3.039482 -2.300048 2.730877
v -3.066687 -2.260837 2.668845
v -3.039482 -2.300048 2.730877
v -2.784163 -1.417403 3.124526
v -2.752353 -1.448947 3.204439
v -2.784163 -1.417403 3.124526
v -2.689611 -1.17739 3.319662
v -2.732482 -1.162416 3.21893
v -3.066687 -2.260837 2.668845
v -2.751024 -3.063927 1.614426
v -3.438283 -2.99077 1.856264
v -3.468077 -3.035304 1.896891
v -3.066687 -2.260837 2.668845
v -3.438283 -2.99077 1.856264
v -2.336278 -2.303396 2.321339
v -2.728432 -3.126467 1.646447
v -2.751024 -3.063927 1.614426
v -2.302919 -2.358679 2.379991
v -3.468077 -3.035304 1.896891
v -2.728432 -3.126467 1.646447
v -2.075033 -1.198337 2.931316
v -2.752353 -1.448947 3.204439
v -2.116712 -1.472948 2.855349
v -2.116712 -1.472948 2.855349
v -2.141161 -1.171753 2.862751
v -2.075033 -1.198337 2.931316
v -2.075033 -1.198337 2.931316
v -2.732482 -1.162416 3.21893
v -2.689611 -1.17739 3.319662
v -2.141161 -1.171753 2.862751
v -2.784163 -1.417403 3.124526
v -2.732482 -1.162416 3.21893
v -1.233903 -2.523338 2.462967
v -2.099192 -1.617009 2.709006
v -1.414842 -1.659268 2.898887
v -1.453838 -1.382807 2.975445
v -2.123819 -1.360652 2.81038
v -1.455923 -1.408613 3.070894
v -1.414842 -1.659268 2.898887
v -2.099192 -1.617009 2.709006
v -1.453838 -1.382807 2.975445
v -2.164829 -1.373977 2.912113
v -2.133699 -1.647217 2.788313
v -1.455923 -1.408613 3.070894
v -2.020913 -2.505028 2.25679
v -1.437631 -1.684309 2.989792
v -2.133699 -1.647217 2.788313
v -1.04499 -3.294145 1.675366
v -1.995597 -2.466833 2.193341
v -1.233903 -2.523338 2.462967
v -2.099192 -1.617009 2.709006
v -1.233903 -2.523338 2.462967
v -1.995597 -2.466833 2.193341
v -1.414842 -1.659268 2.898887
v -1.252813 -2.577728 2.52849
v -1.233903 -2.523338 2.462967
v -1.437631 -1.684309 2.989792
v -2.020913 -2.505028 2.25679
v -1.252813 -2.577728 2.52849
v -1.052891 -3.35623 1.714479
v -1.233903 -2.523338 2.462967
v -1.252813 -2.577728 2.52849
v -1.75163 -3.253022 1.369197
v -1.252813 -2.577728 2.52849
v -2.020913 -2.505028 2.25679
v -1.75163 -3.253022 1.369197
v -2.020913 -2.505028 2.25679
v -1.995597 -2.466833 2.193341
v -2.020913 -2.505028 2.25679
v -2.099192 -1.617009 2.709006
v -2.133699 -1.647217 2.788313
v -2.099192 -1.617009 2.709006
v -2.164829 -1.373977 2.912113
v -2.123819 -1.360652 2.81038
v -1.995597 -2.466833 2.193341
v -1.04499 -3.294145 1.675366
v -1.700925 -3.209605 1.361097
v -1.75163 -3.253022 1.369197
v -1.995597 -2.466833 2.193341
v -1.700925 -3.209605 1.361097
v -1.233903 -2.523338 2.462967
v -1.052891 -3.35623 1.714479
v -1.04499 -3.294145 1.675366
v -1.252813 -2.577728 2.52849
v -1.75163 -3.253022 1.369197
v -1.052891 -3.35623 1.714479
v -1.455923 -1.408613 3.070894
v -2.133699 -1.647217 2.788313
v -1.437631 -1.684309 2.989792
v -1.437631 -1.684309 2.989792
v -1.453838 -1.382807 2.975445
v -1.455923 -1.408613 3.070894
v -1.455923 -1.408613 3.070894
v -2.123819 -1.360652 2.81038
v -2.164829 -1.373977 2.912113
v -1.453838 -1.382807 2.975445
v -2.099192 -1.617009 2.709006
v -2.123819 -1.360652 2.81038
v -1.943044 -1.931751 4.842174
v -1.925807 -1.970171 4.733458
v -1.892469 -1.46341 4.686883
v -2.66536 -1.931189 4.65463
v -2.191095 -2.870564 5.417831
v -1.943044 -1.931751 4.842174
v -2.631521 -1.596477 4.544477
v -1.892469 -1.46341 4.686883
v -1.850169 -1.502236 4.582811
v -2.666464 -1.975349 4.553773
v -2.629522 -1.622521 4.414273
v -1.850169 -1.502236 4.582811
v -1.925807 -1.970171 4.733458
v -2.782396 -2.954947 5.272308
v -2.666464 -1.975349 4.553773
v -2.784157 -2.902906 5.350646
v -2.34249 -3.721697 6.446634
v -2.191095 -2.870564 5.417831
v -2.191095 -2.870564 5.417831
v -2.66536 -1.931189 4.65463
v -2.784157 -2.902906 5.350646
v -2.782396 -2.954947 5.272308
v -1.925807 -1.970171 4.733458
v -2.181149 -2.941909 5.341662
v -2.191095 -2.870564 5.417831
v -2.332579 -3.79963 6.405457
v -2.181149 -2.941909 5.341662
v -2.181149 -2.941909 5.341662
v -2.891439 -3.767136 6.446758
v -2.782396 -2.954947 5.272308
v -2.782396 -2.954947 5.272308
v -2.891439 -3.767136 6.446758
v -2.784157 -2.902906 5.350646
v -2.66536 -1.931189 4.65463
v -2.782396 -2.954947 5.272308
v -2.666464 -1.975349 4.553773
v -2.629522 -1.622521 4.414273
v -2.631521 -1.596477 4.544477
v -2.34249 -3.721697 6.446634
v -2.784157 -2.902906 5.350646
v -2.839349 -3.712292 6.475217
v -2.784157 -2.902906 5.350646
v -2.891439 -3.767136 6.446758
v -2.839349 -3.712292 6.475217
v -2.332579 -3.79963 6.405457
v -2.191095 -2.870564 5.417831
v -2.34249 -3.721697 6.446634
v -2.891439 -3.767136 6.446758
v -2.181149 -2.941909 5.341662
v -2.332579 -3.79963 6.405457
v -2.666464 -1.975349 4.553773
v -1.850169 -1.502236 4.582811
v -1.925807 -1.970171 4.733458
v -1.892469 -1.46341 4.686883
v -1.925807 -1.970171 4.733458
v -1.850169 -1.502236 4.582811
v -2.631521 -1.596477 4.544477
v -1.850169 -1.502236 4.582811
v -2.629522 -1.622521 4.414273
v -2.976807 -1.850695 3.897373
v -3.07694 -1.815516 3.945624
v -2.959107 -1.343152 3.850736
v -3.522826 -2.76897 4.35353
v -2.686263 -1.800406 4.581275
v -3.07694 -1.815516 3.945624
v -2.959107 -1.343152 3.850736
v -2.602169 -1.462819 4.515909
v -2.870737 -1.379185 3.779883
v -2.477457 -1.484767 4.475904
v -2.588078 -1.841352 4.552876
v -2.870737 -1.379185 3.779883
v -3.207804 -2.841649 4.876419
v -2.976807 -1.850695 3.897373
v -2.588078 -1.841352 4.552876
v -4.432978 -3.650232 4.80161
v -3.283897 -2.792085 4.900941
v -3.522826 -2.76897 4.35353
v -2.686263 -1.800406 4.581275
v -3.522826 -2.76897 4.35353
v -3.283897 -2.792085 4.900941
v -2.976807 -1.850695 3.897373
v -3.207804 -2.841649 4.876419
v -3.450551 -2.837995 4.321858
v -4.393911 -3.726943 4.78024
v -3.522826 -2.76897 4.35353
v -3.450551 -2.837995 4.321858
v -4.270845 -3.689085 5.326597
v -3.450551 -2.837995 4.321858
v -3.207804 -2.841649 4.876419
v -4.270845 -3.689085 5.326597
v -3.207804 -2.841649 4.876419
v -3.283897 -2.792085 4.900941
v -3.207804 -2.841649 4.876419
v -2.686263 -1.800406 4.581275
v -2.588078 -1.841352 4.552876
v -2.477457 -1.484767 4.475904
v -2.602169 -1.462819 4.515909
v -3.283897 -2.792085 4.900941
v -4.432978 -3.650232 4.80161
v -4.315136 -3.635791 5.285012
v -4.270845 -3.689085 5.326597
v -3.283897 -2.792085 4.900941
v -4.315136 -3.635791 5.285012
v -3.522826 -2.76897 4.35353
v -4.393911 -3.726943 4.78024
v -4.432978 -3.650232 4.80161
v -3.450551 -2.837995 4.321858
v -4.270845 -3.689085 5.326597
v -4.393911 -3.726943 4.78024
v -2.870737 -1.379185 3.779883
v -2.588078 -1.841352 4.552876
v -2.976807 -1.850695 3.897373
v -2.976807 -1.850695 3.897373
v -2.959107 -1.343152 3.850736
v -2.870737 -1.379185 3.779883
v -2.870737 -1.379185 3.779883
v -2.602169 -1.462819 4.515909
v -2.477457 -1.484767 4.475904
v -1.901141 1.79053 3.769054
v -1.076326 -2.224277 4.457886
v -0.842415 -2.224277 3.584917
v -1.983129 1.79053 3.627048
v -1.294296 -2.224277 2.802234
v -2.167267 -2.224277 2.568322
v -2.125134 1.79053 3.709035
v -2.949949 -2.224277 3.020204
v -3.183861 -2.224277 3.893173
v -2.043146 1.79053 3.851041
v -2.731979 -2.224277 4.675857
v -1.85901 -2.224277 4.909768
v -1.009319 -3.622273 4.147067
v -0.8916687 -3.57153 4.166124
v -1.107349 -3.064401 4.162839
v -0.1302114 -4.566525 4.109041
v -0.840295 -3.572432 3.338558
v -0.8916687 -3.57153 4.166124
v -1.107349 -3.064401 4.162839
v -0.9927657 -3.209902 3.334062
v -1.228716 -3.115678 4.171856
v -1.12872 -3.248223 3.291413
v -0.9429159 -3.628665 3.302881
v -1.228716 -3.115678 4.171856
v -0.07345023 -4.660744 3.434905
v -1.009319 -3.622273 4.147067
v -0.9429159 -3.628665 3.302881
v 1.068898 -5.433157 4.309833
v 0.005849213 -4.597354 3.459733
v -0.1302114 -4.566525 4.109041
v -0.840295 -3.572432 3.338558
v -0.1302114 -4.566525 4.109041
v 0.005849213 -4.597354 3.459733
v -1.009319 -3.622273 4.147067
v -0.07345023 -4.660744 3.434905
v -0.2086217 -4.651296 4.093733
v 1.027857 -5.522701 4.306607
v -0.1302114 -4.566525 4.109041
v -0.2086217 -4.651296 4.093733
v 1.261641 -5.474373 3.730429
v -0.2086217 -4.651296 4.093733
v -0.07345023 -4.660744 3.434905
v 1.261641 -5.474373 3.730429
v -0.07345023 -4.660744 3.434905
v 0.005849213 -4.597354 3.459733
v -0.07345023 -4.660744 3.434905
v -0.840295 -3.572432 3.338558
v -0.9429159 -3.628665 3.302881
v -1.12872 -3.248223 3.291413
v -0.9927657 -3.209902 3.334062
v 0.005849213 -4.597354 3.459733
v 1.068898 -5.433157 4.309833
v 1.269614 -5.412383 3.794899
v 1.261641 -5.474373 3.730429
v 0.005849213 -4.597354 3.459733
v 1.269614 -5.412383 3.794899
v -0.1302114 -4.566525 4.109041
v 1.027857 -5.522701 4.306607
v 1.068898 -5.433157 4.309833
v -0.2086217 -4.651296 4.093733
v 1.261641 -5.474373 3.730429
v 1.027857 -5.522701 4.306607
v -1.228716 -3.115678 4.171856
v -0.9429159 -3.628665 3.302881
v -1.009319 -3.622273 4.147067
v -1.009319 -3.622273 4.147067
v -1.107349 -3.064401 4.162839
v -1.228716 -3.115678 4.171856
v -1.228716 -3.115678 4.171856
v -0.9927657 -3.209902 3.334062
v -1.12872 -3.248223 3.291413
v -3.563144 -4.404437 3.120251
v -3.105925 -3.34811 3.949837
v -3.029438 -3.45081 3.169788
v -2.931125 -3.144621 3.176835
v -2.983706 -3.066173 3.938055
v -2.826937 -3.176734 3.163127
v -3.029438 -3.45081 3.169788
v -3.105925 -3.34811 3.949837
v -2.931125 -3.144621 3.176835
v -2.864912 -3.081933 3.964732
v -3.013344 -3.382181 3.974921
v -2.826937 -3.176734 3.163127
v -3.638546 -4.320366 4.017339
v -2.926263 -3.480431 3.179495
v -3.013344 -3.382181 3.974921
v -4.480836 -5.241785 3.121035
v -3.711817 -4.277402 3.998701
v -3.563144 -4.404437 3.120251
v -3.105925 -3.34811 3.949837
v -3.563144 -4.404437 3.120251
v -3.711817 -4.277402 3.998701
v -3.029438 -3.45081 3.169788
v -3.489239 -4.465884 3.13274
v -3.563144 -4.404437 3.120251
v -2.926263 -3.480431 3.179495
v -3.638546 -4.320366 4.017339
v -3.489239 -4.465884 3.13274
v -4.438126 -5.311525 3.127057
v -3.563144 -4.404437 3.120251
v -3.489239 -4.465884 3.13274
v -4.680372 -5.134297 3.947399
v -3.489239 -4.465884 3.13274
v -3.638546 -4.320366 4.017339
v -4.680372 -5.134297 3.947399
v -3.638546 -4.320366 4.017339
v -3.711817 -4.277402 3.998701
v -3.638546 -4.320366 4.017339
v -3.105925 -3.34811 3.949837
v -3.013344 -3.382181 3.974921
v -3.105925 -3.34811 3.949837
v -2.864912 -3.081933 3.964732
v -2.983706 -3.066173 3.938055
v -3.711817 -4.277402 3.998701
v -4.480836 -5.241785 3.121035
v -4.69777 -5.089476 3.890214
v -4.680372 -5.134297 3.947399
v -3.711817 -4.277402 3.998701
v -4.69777 -5.089476 3.890214
v -3.563144 -4.404437 3.120251
v -4.438126 -5.311525 3.127057
v -4.480836 -5.241785 3.121035
v -3.489239 -4.465884 3.13274
v -4.680372 -5.134297 3.947399
v -4.438126 -5.311525 3.127057
v -2.826937 -3.176734 3.163127
v -3.013344 -3.382181 3.974921
v -2.926263 -3.480431 3.179495
v -2.926263 -3.480431 3.179495
v -2.931125 -3.144621 3.176835
v -2.826937 -3.176734 3.163127
v -2.826937 -3.176734 3.163127
v -2.983706 -3.066173 3.938055
v -2.864912 -3.081933 3.964732
v -2.931125 -3.144621 3.176835
v -3.105925 -3.34811 3.949837
v -2.983706 -3.066173 3.938055
v -3.430559 -4.592843 4.357369
v -2.58505 -3.494163 4.659207
v -3.077718 -3.603786 4.050819
v -3.022069 -3.291437 3.997835
v -2.524468 -3.204643 4.575101
v -2.956582 -3.316453 3.913218
v -3.077718 -3.603786 4.050819
v -2.58505 -3.494163 4.659207
v -3.022069 -3.291437 3.997835
v -2.421087 -3.211687 4.509262
v -2.500126 -3.521316 4.610099
v -2.956582 -3.316453 3.913218
v -2.853085 -4.499848 5.046859
v -2.996505 -3.626012 3.983534
v -2.500126 -3.521316 4.610099
v -4.024765 -5.491772 4.975556
v -2.920403 -4.462379 5.087189
v -3.430559 -4.592843 4.357369
v -2.58505 -3.494163 4.659207
v -3.430559 -4.592843 4.357369
v -2.920403 -4.462379 5.087189
v -3.077718 -3.603786 4.050819
v -3.366037 -4.6488 4.311552
v -3.430559 -4.592843 4.357369
v -2.996505 -3.626012 3.983534
v -2.853085 -4.499848 5.046859
v -3.366037 -4.6488 4.311552
v -3.986259 -5.55827 4.946937
v -3.430559 -4.592843 4.357369
v -3.366037 -4.6488 4.311552
v -3.586096 -5.385173 5.703879
v -3.366037 -4.6488 4.311552
v -2.853085 -4.499848 5.046859
v -3.586096 -5.385173 5.703879
v -2.853085 -4.499848 5.046859
v -2.920403 -4.462379 5.087189
v -2.853085 -4.499848 5.046859
v -2.58505 -3.494163 4.659207
v -2.500126 -3.521316 4.610099
v -2.58505 -3.494163 4.659207
v -2.421087 -3.211687 4.509262
v -2.524468 -3.204643 4.575101
v -2.920403 -4.462379 5.087189
v -4.024765 -5.491772 4.975556
v -3.641546 -5.342588 5.677542
v -3.586096 -5.385173 5.703879
v -2.920403 -4.462379 5.087189
v -3.641546 -5.342588 5.677542
v -3.430559 -4.592843 4.357369
v -3.986259 -5.55827 4.946937
v -4.024765 -5.491772 4.975556
v -3.366037 -4.6488 4.311552
v -3.586096 -5.385173 5.703879
v -3.986259 -5.55827 4.946937
v -2.956582 -3.316453 3.913218
v -2.500126 -3.521316 4.610099
v -2.996505 -3.626012 3.983534
v -2.996505 -3.626012 3.983534
v -3.022069 -3.291437 3.997835
v -2.956582 -3.316453 3.913218
v -2.956582 -3.316453 3.913218
v -2.524468 -3.204643 4.575101
v -2.421087 -3.211687 4.509262
v -3.022069 -3.291437 3.997835
v -2.58505 -3.494163 4.659207
v -2.524468 -3.204643 4.575101
v -2.54772 -4.242609 5.183578
v -1.72146 -3.189468 4.713175
v -2.500785 -3.296874 4.635777
v -2.49481 -2.992165 4.532904
v -1.734125 -2.909451 4.586701
v -2.508035 -3.0259 4.429166
v -2.500785 -3.296874 4.635777
v -1.72146 -3.189468 4.713175
v -2.49481 -2.992165 4.532904
v -1.706995 -2.92687 4.468242
v -1.695923 -3.224808 4.621196
v -2.508035 -3.0259 4.429166
v -1.651269 -4.153309 5.260538
v -2.490612 -3.327993 4.533089
v -1.695923 -3.224808 4.621196
v -2.546099 -5.066089 6.113731
v -1.670338 -4.109336 5.333097
v -2.54772 -4.242609 5.183578
v -1.72146 -3.189468 4.713175
v -2.54772 -4.242609 5.183578
v -1.670338 -4.109336 5.333097
v -2.500785 -3.296874 4.635777
v -2.534715 -4.305098 5.110643
v -2.54772 -4.242609 5.183578
v -2.490612 -3.327993 4.533089
v -1.651269 -4.153309 5.260538
v -2.534715 -4.305098 5.110643
v -2.539623 -5.136434 6.072092
v -2.54772 -4.242609 5.183578
v -2.534715 -4.305098 5.110643
v -1.720878 -4.951838 6.314238
v -2.534715 -4.305098 5.110643
v -1.651269 -4.153309 5.260538
v -1.720878 -4.951838 6.314238
v -1.651269 -4.153309 5.260538
v -1.670338 -4.109336 5.333097
v -1.651269 -4.153309 5.260538
v -1.72146 -3.189468 4.713175
v -1.695923 -3.224808 4.621196
v -1.72146 -3.189468 4.713175
v -1.706995 -2.92687 4.468242
v -1.734125 -2.909451 4.586701
v -1.670338 -4.109336 5.333097
v -2.546099 -5.066089 6.113731
v -1.778321 -4.907022 6.330779
v -1.720878 -4.951838 6.314238
v -1.670338 -4.109336 5.333097
v -1.778321 -4.907022 6.330779
v -2.54772 -4.242609 5.183578
v -2.539623 -5.136434 6.072092
v -2.546099 -5.066089 6.113731
v -2.534715 -4.305098 5.110643
v -1.720878 -4.951838 6.314238
v -2.539623 -5.136434 6.072092
v -2.508035 -3.0259 4.429166
v -1.695923 -3.224808 4.621196
v -2.490612 -3.327993 4.533089
v -2.490612 -3.327993 4.533089
v -2.49481 -2.992165 4.532904
v -2.508035 -3.0259 4.429166
v -2.508035 -3.0259 4.429166
v -1.734125 -2.909451 4.586701
v -1.706995 -2.92687 4.468242
v -2.49481 -2.992165 4.532904
v -1.72146 -3.189468 4.713175
v -1.734125 -2.909451 4.586701
v -3.005426 -3.680178 3.077925
v -2.916419 -3.717364 3.164381
v -2.932983 -3.154343 3.226099
v -2.36621 -3.636699 2.551596
v -3.292016 -4.742731 2.476306
v -3.005426 -3.680178 3.077925
v -2.313677 -3.260841 2.654879
v -2.932983 -3.154343 3.226099
v -2.864457 -3.193361 3.332037
v -2.271873 -3.67988 2.616421
v -2.196358 -3.282405 2.741725
v -2.864457 -3.193361 3.332037
v -2.916419 -3.717364 3.164381
v -2.769794 -4.801661 2.039989
v -2.271873 -3.67988 2.616421
v -2.842639 -4.748335 1.98733
v -4.054272 -5.738136 1.665516
v -3.292016 -4.742731 2.476306
v -3.292016 -4.742731 2.476306
v -2.36621 -3.636699 2.551596
v -2.842639 -4.748335 1.98733
v -2.769794 -4.801661 2.039989
v -2.916419 -3.717364 3.164381
v -3.22506 -4.817949 2.534848
v -3.292016 -4.742731 2.476306
v -4.01819 -5.822645 1.701134
v -3.22506 -4.817949 2.534848
v -3.22506 -4.817949 2.534848
v -3.693071 -5.764054 1.172136
v -2.769794 -4.801661 2.039989
v -2.769794 -4.801661 2.039989
v -3.693071 -5.764054 1.172136
v -2.842639 -4.748335 1.98733
v -2.36621 -3.636699 2.551596
v -2.769794 -4.801661 2.039989
v -2.271873 -3.67988 2.616421
v -2.196358 -3.282405 2.741725
v -2.313677 -3.260841 2.654879
v -4.054272 -5.738136 1.665516
v -2.842639 -4.748335 1.98733
v -3.756522 -5.707185 1.200473
v -2.842639 -4.748335 1.98733
v -3.693071 -5.764054 1.172136
v -3.756522 -5.707185 1.200473
v -4.01819 -5.822645 1.701134
v -3.292016 -4.742731 2.476306
v -4.054272 -5.738136 1.665516
v -3.693071 -5.764054 1.172136
v -3.22506 -4.817949 2.534848
v -4.01819 -5.822645 1.701134
v -2.271873 -3.67988 2.616421
v -2.864457 -3.193361 3.332037
v -2.916419 -3.717364 3.164381
v -2.932983 -3.154343 3.226099
v -2.916419 -3.717364 3.164381
v -2.864457 -3.193361 3.332037
v -2.313677 -3.260841 2.654879
v -2.864457 -3.193361 3.332037
v -2.196358 -3.282405 2.741725
v -2.274195 -3.822531 2.448536
v -2.273544 -3.867075 2.570173
v -2.349337 -3.309225 2.634488
v -1.453821 -3.755966 2.548872
v -2.001693 -4.83694 1.763104
v -2.274195 -3.822531 2.448536
v -1.505116 -3.388904 2.680514
v -2.349337 -3.309225 2.634488
v -2.376841 -3.356514 2.754689
v -1.433681 -3.805146 2.659064
v -1.485691 -3.41842 2.82377
v -2.376841 -3.356514 2.754689
v -2.273544 -3.867075 2.570173
v -1.323586 -4.87636 1.835065
v -1.433681 -3.805146 2.659064
v -1.337968 -4.818277 1.749376
v -1.910235 -5.761463 0.5942866
v -2.001693 -4.83694 1.763104
v -2.001693 -4.83694 1.763104
v -1.453821 -3.755966 2.548872
v -1.337968 -4.818277 1.749376
v -1.323586 -4.87636 1.835065
v -2.273544 -3.867075 2.570173
v -1.994857 -4.917144 1.847299
v -2.001693 -4.83694 1.763104
v -1.907935 -5.848825 0.6398358
v -1.994857 -4.917144 1.847299
v -1.994857 -4.917144 1.847299
v -1.303682 -5.761117 0.5127117
v -1.323586 -4.87636 1.835065
v -1.323586 -4.87636 1.835065
v -1.303682 -5.761117 0.5127117
v -1.337968 -4.818277 1.749376
v -1.453821 -3.755966 2.548872
v -1.323586 -4.87636 1.835065
v -1.433681 -3.805146 2.659064
v -1.485691 -3.41842 2.82377
v -1.505116 -3.388904 2.680514
v -1.910235 -5.761463 0.5942866
v -1.337968 -4.818277 1.749376
v -1.370044 -5.705091 0.4899112
v -1.337968 -4.818277 1.749376
v -1.303682 -5.761117 0.5127117
v -1.370044 -5.705091 0.4899112
v -1.907935 -5.848825 0.6398358
v -2.001693 -4.83694 1.763104
v -1.910235 -5.761463 0.5942866
v -1.303682 -5.761117 0.5127117
v -1.994857 -4.917144 1.847299
v -1.907935 -5.848825 0.6398358
v -1.433681 -3.805146 2.659064
v -2.376841 -3.356514 2.754689
v -2.273544 -3.867075 2.570173
v -2.349337 -3.309225 2.634488
v -2.273544 -3.867075 2.570173
v -2.376841 -3.356514 2.754689
v -1.505116 -3.388904 2.680514
v -2.376841 -3.356514 2.754689
v -1.485691 -3.41842 2.82377
v -1.331627 -3.784086 2.630723
v -1.412661 -3.832095 2.719652
v -1.524698 -3.276675 2.725404
v -0.7988749 -3.716638 3.262496
v -0.6432929 -4.777155 2.29441
v -1.331627 -3.784086 2.630723
v -0.9342454 -3.353742 3.330881
v -1.524698 -3.276675 2.725404
v -1.625368 -3.327516 2.794116
v -0.8577296 -3.768862 3.356172
v -1.016508 -3.387263 3.448694
v -1.625368 -3.327516 2.794116
v -1.412661 -3.832095 2.719652
v -0.1933253 -4.815492 2.806875
v -0.8577296 -3.768862 3.356172
v -0.1470724 -4.755044 2.735253
v 0.238036 -5.667357 1.481978
v -0.6432929 -4.777155 2.29441
v -0.6432929 -4.777155 2.29441
v -0.7988749 -3.716638 3.262496
v -0.1470724 -4.755044 2.735253
v -0.1933253 -4.815492 2.806875
v -1.412661 -3.832095 2.719652
v -0.6935677 -4.859709 2.359415
v -0.6432929 -4.777155 2.29441
v 0.2108144 -5.755977 1.515409
v -0.6935677 -4.859709 2.359415
v -0.6935677 -4.859709 2.359415
v 0.7387307 -5.661871 1.833879
v -0.1933253 -4.815492 2.806875
v -0.1933253 -4.815492 2.806875
v 0.7387307 -5.661871 1.833879
v -0.1470724 -4.755044 2.735253
v -0.7988749 -3.716638 3.262496
v -0.1933253 -4.815492 2.806875
v -0.8577296 -3.768862 3.356172
v -1.016508 -3.387263 3.448694
v -0.9342454 -3.353742 3.330881
v 0.238036 -5.667357 1.481978
v -0.1470724 -4.755044 2.735253
v 0.7041951 -5.605521 1.773095
v -0.1470724 -4.755044 2.735253
v 0.7387307 -5.661871 1.833879
v 0.7041951 -5.605521 1.773095
v 0.2108144 -5.755977 1.515409
v -0.6432929 -4.777155 2.29441
v 0.238036 -5.667357 1.481978
v 0.7387307 -5.661871 1.833879
v -0.6935677 -4.859709 2.359415
v 0.2108144 -5.755977 1.515409
v -0.8577296 -3.768862 3.356172
v -1.625368 -3.327516 2.794116
v -1.412661 -3.832095 2.719652
v -1.524698 -3.276675 2.725404
v -1.412661 -3.832095 2.719652
v -1.625368 -3.327516 2.794116
v -0.9342454 -3.353742 3.330881
v -1.625368 -3.327516 2.794116
v -1.016508 -3.387263 3.448694
v -1.363642 -4.289854 5.226319
v -1.044745 -3.312812 4.248166
v -1.663229 -3.35771 4.738408
v -1.715187 -3.05575 4.640495
v -1.127704 -3.034238 4.147771
v -1.798408 -3.089553 4.577202
v -1.663229 -3.35771 4.738408
v -1.044745 -3.312812 4.248166
v -1.715187 -3.05575 4.640495
v -1.191369 -3.055226 4.044919
v -1.092057 -3.351213 4.16663
v -1.798408 -3.089553 4.577202
v -0.6622959 -4.272488 4.65594
v -1.728794 -3.39079 4.659517
v -1.092057 -3.351213 4.16663
v -0.7575649 -5.099464 5.947783
v -0.6233972 -4.226242 4.718472
v -1.363642 -4.289854 5.226319
v -1.044745 -3.312812 4.248166
v -1.363642 -4.289854 5.226319
v -0.6233972 -4.226242 4.718472
v -1.663229 -3.35771 4.738408
v -1.408077 -4.354068 5.168911
v -1.363642 -4.289854 5.226319
v -1.728794 -3.39079 4.659517
v -0.6622959 -4.272488 4.65594
v -1.408077 -4.354068 5.168911
v -0.7853438 -5.1706 5.917914
v -1.363642 -4.289854 5.226319
v -1.408077 -4.354068 5.168911
v -0.020299 -5.049973 5.513923
v -1.408077 -4.354068 5.168911
v -0.6622959 -4.272488 4.65594
v -0.020299 -5.049973 5.513923
v -0.6622959 -4.272488 4.65594
v -0.6233972 -4.226242 4.718472
v -0.6622959 -4.272488 4.65594
v -1.044745 -3.312812 4.248166
v -1.092057 -3.351213 4.16663
v -1.044745 -3.312812 4.248166
v -1.191369 -3.055226 4.044919
v -1.127704 -3.034238 4.147771
v -0.6233972 -4.226242 4.718472
v -0.7575649 -5.099464 5.947783
v -0.04780631 -5.000457 5.56264
v -0.020299 -5.049973 5.513923
v -0.6233972 -4.226242 4.718472
v -0.04780631 -5.000457 5.56264
v -1.363642 -4.289854 5.226319
v -0.7853438 -5.1706 5.917914
v -0.7575649 -5.099464 5.947783
v -1.408077 -4.354068 5.168911
v -0.020299 -5.049973 5.513923
v -0.7853438 -5.1706 5.917914
v -1.798408 -3.089553 4.577202
v -1.092057 -3.351213 4.16663
v -1.728794 -3.39079 4.659517
v -1.728794 -3.39079 4.659517
v -1.715187 -3.05575 4.640495
v -1.798408 -3.089553 4.577202
v -1.798408 -3.089553 4.577202
v -1.127704 -3.034238 4.147771
v -1.191369 -3.055226 4.044919
v -1.715187 -3.05575 4.640495
v -1.044745 -3.312812 4.248166
v -1.127704 -3.034238 4.147771
v -1.187951 -5.124073 4.177852
v -1.059806 -5.105491 4.181477
v -1.13733 -4.560651 4.210599
v -0.591509 -6.257248 4.016417
v -1.115592 -5.085409 3.354439
v -1.059806 -5.105491 4.181477
v -1.13733 -4.560651 4.210599
v -1.169644 -4.696265 3.372902
v -1.26562 -4.579964 4.235289
v -1.315144 -4.697253 3.348419
v -1.23284 -5.112412 3.332305
v -1.26562 -4.579964 4.235289
v -0.6465508 -6.335029 3.340045
v -1.187951 -5.124073 4.177852
v -1.23284 -5.112412 3.332305
v 0.3617215 -7.405932 4.049716
v -0.5512015 -6.294778 3.354578
v -0.591509 -6.257248 4.016417
v -1.115592 -5.085409 3.354439
v -0.591509 -6.257248 4.016417
v -0.5512015 -6.294778 3.354578
v -1.187951 -5.124073 4.177852
v -0.6465508 -6.335029 3.340045
v -0.6902661 -6.318783 4.011045
v 0.2990929 -7.482008 4.051317
v -0.591509 -6.257248 4.016417
v -0.6902661 -6.318783 4.011045
v 0.4625546 -7.470673 3.44955
v -0.6902661 -6.318783 4.011045
v -0.6465508 -6.335029 3.340045
v 0.4625546 -7.470673 3.44955
v -0.6465508 -6.335029 3.340045
v -0.5512015 -6.294778 3.354578
v -0.6465508 -6.335029 3.340045
v -1.115592 -5.085409 3.354439
v -1.23284 -5.112412 3.332305
v -1.315144 -4.697253 3.348419
v -1.169644 -4.696265 3.372902
v -0.5512015 -6.294778 3.354578
v 0.3617215 -7.405932 4.049716
v 0.494203 -7.415399 3.512841
v 0.4625546 -7.470673 3.44955
v -0.5512015 -6.294778 3.354578
v 0.494203 -7.415399 3.512841
v -0.591509 -6.257248 4.016417
v 0.2990929 -7.482008 4.051317
v 0.3617215 -7.405932 4.049716
v -0.6902661 -6.318783 4.011045
v 0.4625546 -7.470673 3.44955
v 0.2990929 -7.482008 4.051317
v -1.26562 -4.579964 4.235289
v -1.23284 -5.112412 3.332305
v -1.187951 -5.124073 4.177852
v -1.187951 -5.124073 4.177852
v -1.13733 -4.560651 4.210599
v -1.26562 -4.579964 4.235289
v -1.26562 -4.579964 4.235289
v -1.169644 -4.696265 3.372902
v -1.315144 -4.697253 3.348419
v -3.518837 -6.89465 4.298867
v -2.718285 -5.776321 4.647504
v -3.200304 -5.883199 4.030162
v -3.15589 -5.567357 3.988465
v -2.66777 -5.482028 4.573986
v -3.088656 -5.586996 3.9038
v -3.200304 -5.883199 4.030162
v -2.718285 -5.776321 4.647504
v -3.15589 -5.567357 3.988465
v -2.563536 -5.482955 4.509128
v -2.631907 -5.798594 4.598474
v -3.088656 -5.586996 3.9038
v -2.952274 -6.804019 4.997662
v -3.117636 -5.900062 3.96309
v -2.631907 -5.798594 4.598474
v -4.085094 -7.835786 4.879322
v -3.021356 -6.770489 5.038471
v -3.518837 -6.89465 4.298867
v -2.718285 -5.776321 4.647504
v -3.518837 -6.89465 4.298867
v -3.021356 -6.770489 5.038471
v -3.200304 -5.883199 4.030162
v -3.451799 -6.94656 4.251913
v -3.518837 -6.89465 4.298867
v -3.117636 -5.900062 3.96309
v -2.952274 -6.804019 4.997662
v -3.451799 -6.94656 4.251913
v -4.043831 -7.899784 4.848898
v -3.518837 -6.89465 4.298867
v -3.451799 -6.94656 4.251913
v -3.658134 -7.738067 5.615801
v -3.451799 -6.94656 4.251913
v -2.952274 -6.804019 4.997662
v -3.658134 -7.738067 5.615801
v -2.952274 -6.804019 4.997662
v -3.021356 -6.770489 5.038471
v -2.952274 -6.804019 4.997662
v -2.718285 -5.776321 4.647504
v -2.631907 -5.798594 4.598474
v -2.718285 -5.776321 4.647504
v -2.563536 -5.482955 4.509128
v -2.66777 -5.482028 4.573986
v -3.021356 -6.770489 5.038471
v -4.085094 -7.835786 4.879322
v -3.714875 -7.696693 5.590296
v -3.658134 -7.738067 5.615801
v -3.021356 -6.770489 5.038471
v -3.714875 -7.696693 5.590296
v -3.518837 -6.89465 4.298867
v -4.043831 -7.899784 4.848898
v -4.085094 -7.835786 4.879322
v -3.451799 -6.94656 4.251913
v -3.658134 -7.738067 5.615801
v -4.043831 -7.899784 4.848898
v -3.088656 -5.586996 3.9038
v -2.631907 -5.798594 4.598474
v -3.117636 -5.900062 3.96309
v -3.117636 -5.900062 3.96309
v -3.15589 -5.567357 3.988465
v -3.088656 -5.586996 3.9038
v -3.088656 -5.586996 3.9038
v -2.66777 -5.482028 4.573986
v -2.563536 -5.482955 4.509128
v -3.15589 -5.567357 3.988465
v -2.718285 -5.776321 4.647504
v -2.66777 -5.482028 4.573986
v -1.436947 -4.971376 4.629517
v -1.040281 -4.918299 3.903332
v -1.16828 -4.548217 3.866578
v -1.619439 -4.453753 4.579812
v -0.81206 -6.080789 4.757602
v -1.436947 -4.971376 4.629517
v -1.536599 -5.013899 4.558517
v -0.7455949 -6.001882 4.811679
v 0.654781 -6.959418 4.975561
v 0.6361288 -6.902563 5.042511
v 0.2359766 -6.947219 5.421668
v 0.1981394 -7.033843 5.393785
v -2.39988 -4.777558 4.739419
v -2.373121 -4.753773 4.84108
v -2.371922 -4.443325 4.756895
v -2.346712 -5.790295 5.251062
v -1.251402 -6.586261 6.085316
v -1.29581 -6.538726 6.12206
v -2.103905 -6.623356 6.163466
v -2.11804 -6.690568 6.118671
v -3.035016 -4.662886 4.310762
v -3.086975 -4.638373 4.401955
v -3.031138 -4.328148 4.337849
v -3.341454 -5.673284 4.729617
v -3.128178 -6.446598 6.10284
v -3.186195 -6.399823 6.09754
v -3.79341 -6.499558 5.56534
v -3.771518 -6.567127 5.524359
v -2.005224 -4.334179 2.745007
v -2.788884 -4.345568 3.015671
v -2.735781 -3.837876 3.223364
v -1.96565 -3.971219 2.891259
v -2.788884 -4.345568 3.015671
v -2.885271 -5.425939 2.336552
v -2.738311 -4.395705 3.123876
v -2.922261 -5.341618 2.265208
v -2.98081 -6.186382 0.8311118
v -2.915621 -6.247375 0.8214762
v -3.423006 -6.214353 1.162108
v -3.407572 -6.303726 1.200663
v -1.36074 -4.566217 3.065172
v -2.074236 -4.580491 2.642998
v -2.187103 -4.063042 2.795365
v -1.438688 -4.196351 3.173887
v -2.074236 -4.580491 2.642998
v -1.642533 -5.691972 2.178309
v -2.125103 -4.624728 2.753612
v -1.61023 -5.611672 2.100355
v -0.5733869 -6.521064 1.166735
v -0.5252068 -6.581165 1.212882
v -1.112354 -6.542619 1.044561
v -1.133716 -6.629853 1.085133
v -1.038866 -4.524607 3.796189
v -1.246109 -4.526904 2.993348
v -1.402194 -3.999105 3.021144
v -1.14837 -4.147466 3.817848
v -1.246109 -4.526904 2.993348
v -0.6802326 -5.674482 2.970099
v -1.362705 -4.564178 3.035725
v -0.5976151 -5.599032 2.9377
v 0.7386101 -6.590479 3.009954
v 0.7364966 -6.650522 3.076686
v 0.4426861 -6.594533 2.542738
v 0.393742 -6.67897 2.556413
v -2.860356 -4.696804 2.891751
v -2.949034 -4.660752 2.842221
v -2.856033 -4.361876 2.916321
v -3.372822 -5.643007 2.527987
v -4.811568 -6.296857 2.706136
v -4.802115 -6.247291 2.65104
v -4.283618 -6.35847 2.034035
v -4.249058 -6.430779 2.051382
v -2.628882 -5.602515 4.528193
v -2.641256 -5.575346 4.631758
v -2.645687 -5.267267 4.539377
v -2.642105 -6.599872 5.071656
v -1.816781 -7.25692 6.26177
v -1.876032 -7.214868 6.27917
v -2.635057 -7.394814 6.048099
v -2.625524 -7.463395 6.004169
v -2.197019 -5.259315 2.678035
v -2.92081 -5.197827 3.077857
v -2.829573 -4.664618 3.183077
v -2.130601 -4.878541 2.750815
v -2.92081 -5.197827 3.077857
v -3.140368 -6.372913 2.621063
v -2.852208 -5.230804 3.182672
v -3.188946 -6.30054 2.543793
v -3.503109 -7.371652 1.307787
v -3.440922 -7.435625 1.297642
v -3.880229 -7.328235 1.709998
v -3.858665 -7.410344 1.760053
v -1.585191 -5.237145 2.773355
v -2.398576 -5.241194 2.612421
v -2.442073 -4.713193 2.764184
v -1.613775 -4.859858 2.880748
v -2.398576 -5.241194 2.612421
v -2.172374 -6.389313 2.094398
v -2.410814 -5.278263 2.735935
v -2.165927 -6.314012 2.005761
v -1.520266 -7.306438 0.8344806
v -1.460926 -7.366318 0.8653994
v -2.069548 -7.311357 0.8988485
v -2.07827 -7.39572 0.9490407
v -1.866562 -5.641251 4.661094
v -1.803087 -5.60849 4.741805
v -1.865355 -5.30548 4.653629
v -1.51507 -6.608888 5.141069
v -0.105701 -7.264161 5.478027
v -0.1355404 -7.217409 5.528082
v -0.8449424 -7.35593 5.901518
v -0.869727 -7.426979 5.868933
v -1.143687 -5.168786 3.393412
v -1.592155 -5.159259 2.696063
v -1.724359 -4.630209 2.775665
v -1.235665 -4.790794 3.451362
v -1.592155 -5.159259 2.696063
v -1.077982 -6.312396 2.48727
v -1.690094 -5.195801 2.772563
v -1.008652 -6.237438 2.431208
v 0.2690575 -7.24376 2.072787
v 0.2871406 -7.304573 2.13633
v -0.1584308 -7.239076 1.721919
v -0.2017835 -7.323149 1.749569
v -3.044773 -5.724395 3.165319
v -3.148884 -5.698315 3.155449
v -3.062216 -5.389106 3.174021
v -3.569842 -6.72791 3.078672
v -4.74322 -7.467782 3.856501
v -4.761707 -7.421696 3.800678
v -4.531433 -7.539287 3.029289
v -4.486196 -7.607554 3.033423
v -3.267475 -4.893085 3.576101
v -3.369003 -4.870947 3.604713
v -3.289108 -4.559375 3.607197
v -3.764137 -5.913274 3.628926
v -4.569243 -6.729895 4.730824
v -4.607363 -6.682509 4.687428
v -4.66084 -6.760978 3.87942
v -4.615357 -6.827439 3.863983
v -1.155525 -2.510787 4.59498
v -0.8325403 -2.534379 3.624452
v -0.9147711 -2.173337 3.58831
v -1.237755 -2.149745 4.558837
v -0.7089267 -3.654929 4.806298
v -1.155525 -2.510787 4.59498
v -1.269781 -2.540973 4.562593
v -0.6249724 -3.587196 4.828765
v 0.2656874 -4.645958 5.201297
v 0.7531108 -4.609414 4.336823
v 0.7620059 -4.549465 4.396333
v 0.3174725 -4.568665 5.2072
v 0.2656874 -4.645958 5.201297
v -2.724915 -2.504933 4.543136
v -2.753558 -2.485514 4.650616
v -2.669081 -2.162766 4.60315
v -3.078707 -3.569223 4.940839
v -2.656949 -4.568236 6.205733
v -2.710563 -4.512772 6.218978
v -3.460328 -4.480436 5.81495
v -3.456667 -4.547467 5.761348
v -3.197989 -2.528556 3.442879
v -3.005529 -2.527304 4.317187
v -2.93923 -2.208939 4.302135
v -3.131691 -2.210192 3.427829
v -3.591136 -3.544023 3.501232
v -3.197989 -2.528556 3.442879
v -3.096693 -2.551699 3.416447
v -3.666443 -3.487151 3.520978
v -4.468072 -4.441623 3.655983
v -4.448538 -4.394205 4.523425
v -4.483788 -4.343712 4.481812
v -4.512108 -4.375262 3.673614
v -4.468072 -4.441623 3.655983
v -2.447233 -2.509114 2.553685
v -3.119139 -2.514464 3.207991
v -3.078041 -2.178902 3.252938
v -2.406135 -2.173552 2.598632
v -2.687809 -3.585041 2.254364
v -2.447233 -2.509114 2.553685
v -2.367148 -2.529928 2.629643
v -2.748539 -3.528035 2.197233
v -3.284511 -4.553457 1.575653
v -4.047049 -4.515564 2.071445
v -4.030882 -4.46316 2.016176
v -3.326363 -4.485545 1.545011
v -3.284511 -4.553457 1.575653
v -1.296879 -2.523436 2.770275
v -2.149184 -2.514657 2.496494
v -2.167404 -2.196587 2.563416
v -1.315099 -2.205369 2.837196
v -1.156251 -3.537467 2.394632
v -1.296879 -2.523436 2.770275
v -1.325189 -2.547042 2.870956
v -1.135019 -3.480253 2.319992
v -0.8545819 -4.431702 1.553208
v -1.613593 -4.376441 1.133763
v -1.559553 -4.326252 1.124579
v -0.8472003 -4.365086 1.506713
v -0.8545819 -4.431702 1.553208
v -0.9703531 -2.586488 3.557919
v -0.8563226 -2.562734 3.508002
v -0.9112936 -2.184837 3.55513
v -0.4716245 -3.77669 3.309151
v -0.3844784 -3.712248 3.273961
v 0.4640365 -4.870363 2.906999
v -0.8563226 -2.562734 3.508002
v -1.169321 -2.588121 2.932141
v -1.224293 -2.210222 2.97927
v -0.9112936 -2.184837 3.55513
v 0.3564091 -4.850502 2.306762
v 0.4087173 -4.79527 2.350688
v 0.5157862 -4.79327 2.881037
v 0.4640365 -4.870363 2.906999
v -1.967145 -2.626443 4.824328
v -1.93376 -2.595325 4.954403
v -1.975225 -2.187333 4.870677
v -1.786406 -3.896661 5.454937
v -1.76414 -3.822593 5.551808
v -1.518416 -5.041981 6.577032
v -1.93376 -2.595325 4.954403
v -1.260303 -2.631312 4.72149
v -1.301769 -2.223319 4.637762
v -1.975225 -2.187333 4.870677
v -0.8551663 -5.01981 6.566711
v -0.9116476 -4.957922 6.612651
v -1.499819 -4.955754 6.633761
v -1.518416 -5.041981 6.577032
v -1.08498 -1.540125 3.622001
v -1.006889 -1.504749 3.576612
v -1.107662 -1.238832 3.63088
v -0.5677496 -2.374815 3.337532
v -0.06261025 -2.894134 2.103052
v -0.02397615 -2.851133 2.137402
v 0.227783 -2.986891 2.811458
v 0.1991455 -3.053074 2.827157
v -1.813581 -1.894371 4.840004
v -1.874344 -1.564484 4.726896
v -1.960256 -1.596042 4.630676
v -1.881291 -1.942795 4.767936
v -1.447413 -2.891476 5.401259
v -1.813581 -1.894371 4.840004
v -1.155828 -1.883126 4.487658
v -1.239267 -1.421569 4.326353
v -1.874344 -1.564484 4.726896
v -1.155828 -1.883126 4.487658
v -0.9591411 -2.872321 5.043905
v -1.215578 -1.926053 4.397217
v -0.9171712 -2.797847 5.104591
v -1.316699 -2.63933 5.246325
v -0.3033003 -3.605146 5.98619
v -0.9171712 -2.797847 5.104591
v -0.6492513 -3.597153 6.344
v -0.6492513 -3.597153 6.344
v -0.7050064 -3.653436 6.359969
v -0.3033003 -3.605146 5.98619
v -0.3213668 -3.684711 5.9514
v -2.734475 -1.595831 3.154568
v -2.825997 -1.573592 3.131346
v -2.762144 -1.296366 3.185021
v -3.153534 -2.49794 2.918463
v -4.290421 -3.245516 3.362777
v -4.299571 -3.200055 3.314083
v -3.971295 -3.238952 2.660718
v -3.92966 -3.299629 2.666335
v -1.157098 -1.711494 4.369433
v -1.279894 -1.381698 4.331148
v -1.408912 -1.412919 4.327303
v -1.256126 -1.759627 4.369301
v -0.5012278 -2.708938 4.504503
v -1.157098 -1.711494 4.369433
v -0.9580657 -1.709978 3.650199
v -1.130994 -1.248584 3.593386
v -1.279894 -1.381698 4.331148
v -0.9580657 -1.709978 3.650199
v -0.4227678 -2.697636 3.904341
v -1.064878 -1.752825 3.631559
v -0.3496619 -2.623242 3.914912
v 0.729728 -3.417329 4.58659
v 0.7026328 -3.472872 4.638666
v 0.709549 -3.431573 4.089434
v 0.6716645 -3.511156 4.079505
v -2.116712 -1.472948 2.855349
v -2.164959 -1.446729 2.775381
v -2.141161 -1.171753 2.862751
v -2.302919 -2.358679 2.379991
v -3.468077 -3.035304 1.896891
v -3.438283 -2.99077 1.856264
v -2.751024 -3.063927 1.614426
v -2.728432 -3.126467 1.646447
v -1.437631 -1.684309 2.989792
v -1.414842 -1.659268 2.898887
v -1.453838 -1.382807 2.975445
v -1.252813 -2.577728 2.52849
v -1.75163 -3.253022 1.369197
v -1.700925 -3.209605 1.361097
v -1.04499 -3.294145 1.675366
v -1.052891 -3.35623 1.714479
v -2.66536 -1.931189 4.65463
v -1.943044 -1.931751 4.842174
v -1.892469 -1.46341 4.686883
v -2.631521 -1.596477 4.544477
v -1.943044 -1.931751 4.842174
v -2.181149 -2.941909 5.341662
v -1.925807 -1.970171 4.733458
v -2.191095 -2.870564 5.417831
v -2.839349 -3.712292 6.475217
v -2.891439 -3.767136 6.446758
v -2.34249 -3.721697 6.446634
v -2.332579 -3.79963 6.405457
v -3.07694 -1.815516 3.945624
v -2.686263 -1.800406 4.581275
v -2.602169 -1.462819 4.515909
v -2.959107 -1.343152 3.850736
v -3.450551 -2.837995 4.321858
v -3.07694 -1.815516 3.945624
v -2.976807 -1.850695 3.897373
v -3.522826 -2.76897 4.35353
v -4.270845 -3.689085 5.326597
v -4.315136 -3.635791 5.285012
v -4.432978 -3.650232 4.80161
v -4.393911 -3.726943 4.78024
v -1.859009 -2.537629 4.909768
v -1.85901 -2.224277 4.909768
v -2.731979 -2.224277 4.675857
v -2.731979 -2.537629 4.675857
v -1.859009 -5.725857 4.909775
v -2.731979 -5.725857 4.675863
v -2.731979 -2.537629 4.675857
v -2.731979 -2.224277 4.675857
v -3.183861 -2.224277 3.893173
v -3.183861 -2.537629 3.893174
v -2.731979 -5.725857 4.675863
v -3.183861 -5.725857 3.89318
v -3.183861 -2.537629 3.893174
v -3.183861 -2.224277 3.893173
v -2.949949 -2.224277 3.020204
v -2.949949 -2.53763 3.020205
v -3.183861 -5.725857 3.89318
v -2.949949 -5.725857 3.020212
v -2.949949 -2.53763 3.020205
v -2.949949 -2.224277 3.020204
v -2.167267 -2.224277 2.568322
v -2.167267 -2.53763 2.568323
v -2.949949 -5.725857 3.020212
v -2.167267 -5.725857 2.568328
v -2.167267 -2.53763 2.568323
v -2.167267 -2.224277 2.568322
v -1.294296 -2.224277 2.802234
v -1.294296 -2.53763 2.802234
v -2.167267 -5.725857 2.568328
v -1.294296 -5.725857 2.80224
v -1.294296 -2.53763 2.802234
v -1.294296 -2.224277 2.802234
v -0.842415 -2.224277 3.584917
v -0.842415 -2.537629 3.584917
v -1.294296 -5.725857 2.80224
v -0.842415 -5.725857 3.584923
v -0.842415 -2.537629 3.584917
v -0.842415 -2.224277 3.584917
v -1.076326 -2.224277 4.457886
v -1.076326 -2.537629 4.457886
v -0.842415 -5.725857 3.584923
v -1.076326 -5.725857 4.457892
v -1.076326 -2.537629 4.457886
v -1.076326 -2.224277 4.457886
v -1.85901 -2.224277 4.909768
v -1.859009 -2.537629 4.909768
v -1.076326 -5.725857 4.457892
v -1.859009 -5.725857 4.909775
v -1.901141 1.79053 3.769054
v -0.842415 -2.224277 3.584917
v -1.294296 -2.224277 2.802234
v -1.983129 1.79053 3.627048
v -1.983129 1.79053 3.627048
v -2.167267 -2.224277 2.568322
v -2.949949 -2.224277 3.020204
v -2.125134 1.79053 3.709035
v -2.125134 1.79053 3.709035
v -3.183861 -2.224277 3.893173
v -2.731979 -2.224277 4.675857
v -2.043146 1.79053 3.851041
v -2.043146 1.79053 3.851041
v -1.85901 -2.224277 4.909768
v -1.076326 -2.224277 4.457886
v -1.901141 1.79053 3.769054
v -2.043146 1.79053 3.851041
v -1.901141 1.79053 3.769054
v -1.983129 1.79053 3.627048
v -2.125134 1.79053 3.709035
v -2.949949 -5.725857 3.020212
v -2.167267 -5.725857 2.568328
v -1.294296 -5.725857 2.80224
v -0.842415 -5.725857 3.584923
v -3.183861 -5.725857 3.89318
v -1.076326 -5.725857 4.457892
v -2.731979 -5.725857 4.675863
v -1.859009 -5.725857 4.909775
v -0.8916687 -3.57153 4.166124
v -0.840295 -3.572432 3.338558
v -0.9927657 -3.209902 3.334062
v -1.107349 -3.064401 4.162839
v -0.2086217 -4.651296 4.093733
v -0.8916687 -3.57153 4.166124
v -1.009319 -3.622273 4.147067
v -0.1302114 -4.566525 4.109041
v 1.261641 -5.474373 3.730429
v 1.269614 -5.412383 3.794899
v 1.068898 -5.433157 4.309833
v 1.027857 -5.522701 4.306607
v -2.926263 -3.480431 3.179495
v -3.029438 -3.45081 3.169788
v -2.931125 -3.144621 3.176835
v -3.489239 -4.465884 3.13274
v -4.680372 -5.134297 3.947399
v -4.69777 -5.089476 3.890214
v -4.480836 -5.241785 3.121035
v -4.438126 -5.311525 3.127057
v -2.996505 -3.626012 3.983534
v -3.077718 -3.603786 4.050819
v -3.022069 -3.291437 3.997835
v -3.366037 -4.6488 4.311552
v -3.586096 -5.385173 5.703879
v -3.641546 -5.342588 5.677542
v -4.024765 -5.491772 4.975556
v -3.986259 -5.55827 4.946937
v -2.490612 -3.327993 4.533089
v -2.500785 -3.296874 4.635777
v -2.49481 -2.992165 4.532904
v -2.534715 -4.305098 5.110643
v -1.720878 -4.951838 6.314238
v -1.778321 -4.907022 6.330779
v -2.546099 -5.066089 6.113731
v -2.539623 -5.136434 6.072092
v -2.36621 -3.636699 2.551596
v -3.005426 -3.680178 3.077925
v -2.932983 -3.154343 3.226099
v -2.313677 -3.260841 2.654879
v -3.005426 -3.680178 3.077925
v -3.22506 -4.817949 2.534848
v -2.916419 -3.717364 3.164381
v -3.292016 -4.742731 2.476306
v -3.756522 -5.707185 1.200473
v -3.693071 -5.764054 1.172136
v -4.054272 -5.738136 1.665516
v -4.01819 -5.822645 1.701134
v -1.453821 -3.755966 2.548872
v -2.274195 -3.822531 2.448536
v -2.349337 -3.309225 2.634488
v -1.505116 -3.388904 2.680514
v -2.274195 -3.822531 2.448536
v -1.994857 -4.917144 1.847299
v -2.273544 -3.867075 2.570173
v -2.001693 -4.83694 1.763104
v -1.370044 -5.705091 0.4899112
v -1.303682 -5.761117 0.5127117
v -1.910235 -5.761463 0.5942866
v -1.907935 -5.848825 0.6398358
v -0.7988749 -3.716638 3.262496
v -1.331627 -3.784086 2.630723
v -1.524698 -3.276675 2.725404
v -0.9342454 -3.353742 3.330881
v -1.331627 -3.784086 2.630723
v -0.6935677 -4.859709 2.359415
v -1.412661 -3.832095 2.719652
v -0.6432929 -4.777155 2.29441
v 0.7041951 -5.605521 1.773095
v 0.7387307 -5.661871 1.833879
v 0.238036 -5.667357 1.481978
v 0.2108144 -5.755977 1.515409
v -1.728794 -3.39079 4.659517
v -1.663229 -3.35771 4.738408
v -1.715187 -3.05575 4.640495
v -1.408077 -4.354068 5.168911
v -0.020299 -5.049973 5.513923
v -0.04780631 -5.000457 5.56264
v -0.7575649 -5.099464 5.947783
v -0.7853438 -5.1706 5.917914
v -1.059806 -5.105491 4.181477
v -1.115592 -5.085409 3.354439
v -1.169644 -4.696265 3.372902
v -1.13733 -4.560651 4.210599
v -0.6902661 -6.318783 4.011045
v -1.059806 -5.105491 4.181477
v -1.187951 -5.124073 4.177852
v -0.591509 -6.257248 4.016417
v 0.4625546 -7.470673 3.44955
v 0.494203 -7.415399 3.512841
v 0.3617215 -7.405932 4.049716
v 0.2990929 -7.482008 4.051317
v -3.117636 -5.900062 3.96309
v -3.200304 -5.883199 4.030162
v -3.15589 -5.567357 3.988465
v -3.451799 -6.94656 4.251913
v -3.658134 -7.738067 5.615801
v -3.714875 -7.696693 5.590296
v -4.085094 -7.835786 4.879322
v -4.043831 -7.899784 4.848898
v -2.148508 -5.563059 3.31507
v -2.227396 -6.832685 3.3554
v -2.498298 -6.8044 3.715968
v -2.41941 -5.534774 3.675638
v -2.41941 -5.534774 3.675638
v -2.498298 -6.8044 3.715968
v -2.434879 -6.794131 4.16326
v -2.355991 -5.524507 4.12293
v -2.355991 -5.524507 4.12293
v -2.434879 -6.794131 4.16326
v -2.07429 -6.807896 4.435258
v -1.995402 -5.538272 4.394928
v -1.995402 -5.538272 4.394928
v -2.07429 -6.807896 4.435258
v -1.627757 -6.837632 4.37263
v -1.54887 -5.568006 4.3323
v -1.54887 -5.568006 4.3323
v -1.627757 -6.837632 4.37263
v -1.356855 -6.865917 4.012061
v -1.277967 -5.596292 3.971731
v -1.277967 -5.596292 3.971731
v -1.356855 -6.865917 4.012061
v -1.420274 -6.876186 3.56477
v -1.341387 -5.60656 3.52444
v -1.341387 -5.60656 3.52444
v -1.420274 -6.876186 3.56477
v -1.780864 -6.86242 3.292772
v -1.701975 -5.592795 3.252442
v -1.701975 -5.592795 3.252442
v -1.780864 -6.86242 3.292772
v -2.227396 -6.832685 3.3554
v -2.148508 -5.563059 3.31507
v -1.341387 -5.60656 3.52444
v -1.701975 -5.592795 3.252442
v -2.148508 -5.563059 3.31507
v -2.41941 -5.534774 3.675638
v -1.277967 -5.596292 3.971731
v -2.355991 -5.524507 4.12293
v -1.54887 -5.568006 4.3323
v -1.995402 -5.538272 4.394928
v -2.254658 -9.187501 3.094209
v -1.819273 -9.290713 3.031087
v -1.46995 -9.382235 3.302741
v -2.521063 -9.133058 3.455127
v -1.411318 -9.408453 3.750034
v -2.46243 -9.159276 3.902422
v -1.677722 -9.354011 4.110952
v -2.113108 -9.250797 4.174075
v -2.012515 -8.150534 3.108169
v -1.780864 -6.86242 3.292772
v -1.420274 -6.876186 3.56477
v -1.666827 -8.256435 3.379245
v -1.356855 -6.865917 4.012061
v -2.445854 -8.039224 3.171615
v -2.227396 -6.832685 3.3554
v -1.61129 -8.294897 3.826049
v -1.627757 -6.837632 4.37263
v -2.713 -7.987715 3.532415
v -2.498298 -6.8044 3.715968
v -1.878435 -8.243386 4.18685
v -2.07429 -6.807896 4.435258
v -2.657462 -8.026175 3.979219
v -2.434879 -6.794131 4.16326
v -2.311774 -8.132078 4.250295
v -1.819273 -9.290713 3.031087
v -1.46995 -9.382235 3.302741
v -2.254658 -9.187501 3.094209
v -1.411318 -9.408453 3.750034
v -2.521063 -9.133058 3.455127
v -1.677722 -9.354011 4.110952
v -2.46243 -9.159276 3.902422
v -2.113108 -9.250797 4.174075
f 2436 2437 2438
f 2439 2440 2441
f 2442 2443 2444
f 2445 2446 2447
f 2448 2449 2450
f 2451 2452 2453
f 2454 2455 2456
f 2457 2458 2459
f 2460 2461 2462
f 2463 2464 2465
f 2466 2467 2468
f 2469 2470 2468
f 2469 2471 2470
f 2472 2470 2471
f 2473 2470 2472
f 2474 2475 2476
f 2477 2478 2479
f 2480 2481 2482
f 2483 2484 2485
f 2486 2487 2488
f 2489 2490 2491
f 2492 2493 2494
f 2495 2496 2497
f 2498 2499 2500
f 2501 2502 2503
f 2504 2505 2506
f 2507 2508 2509
f 2510 2511 2512
f 2513 2514 2515
f 2516 2517 2518
f 2519 2520 2521
f 2522 2523 2524
f 2525 2526 2527
f 2528 2529 2530
f 2531 2532 2530
f 2531 2533 2534
f 2535 2534 2533
f 2536 2534 2535
f 2537 2538 2539
f 2540 2541 2542
f 2543 2544 2545
f 2546 2547 2548
f 2549 2550 2551
f 2552 2553 2554
f 2555 2556 2557
f 2558 2559 2560
f 2561 2562 2563
f 2564 2565 2566
f 2567 2568 2569
f 2570 2571 2572
f 2573 2574 2575
f 2576 2577 2578
f 2579 2580 2581
f 2582 2583 2584
f 2585 2586 2587
f 2588 2589 2590
f 2591 2592 2593
f 2594 2595 2596
f 2597 2598 2596
f 2597 2599 2600
f 2601 2600 2599
f 2602 2600 2601
f 2603 2604 2605
f 2606 2607 2608
f 2609 2610 2611
f 2612 2613 2614
f 2615 2616 2617
f 2618 2619 2620
f 2621 2622 2623
f 2624 2625 2626
f 2627 2628 2629
f 2630 2631 2632
f 2633 2634 2635
f 2636 2637 2638
f 2639 2640 2641
f 2642 2643 2644
f 2645 2646 2647
f 2648 2649 2650
f 2651 2652 2653
f 2654 2655 2656
f 2657 2658 2659
f 2660 2661 2659
f 2662 2661 2660
f 2660 2663 2662
f 2660 2664 2663
f 2665 2666 2667
f 2668 2669 2670
f 2671 2672 2673
f 2674 2675 2676
f 2677 2678 2679
f 2680 2681 2682
f 2683 2684 2685
f 2686 2687 2688
f 2689 2690 2691
f 2692 2693 2694
f 2695 2696 2697
f 2698 2699 2700
f 2701 2702 2703
f 2704 2705 2706
f 2707 2708 2709
f 2710 2711 2712
f 2713 2714 2715
f 2716 2717 2718
f 2719 2720 2718
f 2721 2720 2719
f 2719 2722 2721
f 2719 2723 2722
f 2724 2725 2726
f 2727 2728 2729
f 2730 2731 2732
f 2733 2734 2735
f 2736 2737 2738
f 2739 2740 2741
f 2742 2743 2744
f 2745 2746 2747
f 2748 2749 2750
f 2751 2752 2753
f 2754 2755 2756
f 2757 2758 2759
f 2760 2761 2762
f 2763 2764 2765
f 2766 2767 2768
f 2769 2770 2771
f 2772 2773 2774
f 2775 2776 2777
f 2778 2779 2777
f 2780 2779 2778
f 2778 2781 2780
f 2778 2782 2781
f 2783 2784 2785
f 2786 2787 2788
f 2789 2790 2791
f 2792 2793 2794
f 2795 2796 2797
f 2798 2799 2800
f 2801 2802 2803
f 2804 2805 2806
f 2807 2808 2809
f 2810 2811 2812
f 2813 2814 2815
f 2816 2817 2818
f 2819 2820 2821
f 2822 2823 2824
f 2825 2826 2827
f 2828 2829 2830
f 2831 2832 2833
f 2834 2835 2836
f 2837 2838 2839
f 2840 2841 2839
f 2840 2842 2843
f 2844 2843 2842
f 2845 2843 2844
f 2846 2847 2848
f 2849 2850 2851
f 2852 2853 2854
f 2855 2856 2857
f 2858 2859 2860
f 2861 2862 2863
f 2864 2865 2866
f 2867 2868 2869
f 2870 2871 2872
f 2873 2874 2875
f 2876 2877 2878
f 2879 2880 2881
f 2882 2883 2884
f 2885 2886 2887
f 2888 2889 2890
f 2891 2892 2893
f 2894 2895 2896
f 2897 2898 2899
f 2900 2901 2902
f 2903 2904 2905
f 2906 2907 2905
f 2906 2908 2909
f 2910 2909 2908
f 2911 2909 2910
f 2912 2913 2914
f 2915 2916 2917
f 2918 2919 2920
f 2921 2922 2923
f 2924 2925 2926
f 2927 2928 2929
f 2930 2931 2932
f 2933 2934 2935
f 2936 2937 2938
f 2939 2940 2941
f 2942 2943 2944
f 2945 2946 2947
f 2948 2949 2950
f 2951 2952 2953
f 2954 2955 2956
f 2957 2958 2959
f 2960 2961 2962
f 2963 2964 2965
f 2966 2967 2968
f 2969 2970 2968
f 2971 2970 2969
f 2969 2972 2971
f 2969 2973 2972
f 2974 2975 2976
f 2977 2978 2979
f 2980 2981 2982
f 2983 2984 2985
f 2986 2987 2988
f 2989 2990 2991
f 2992 2993 2994
f 2995 2996 2997
f 2998 2999 3000
f 3001 3002 3003
f 3004 3005 3006
f 3007 3008 3009
f 3010 3011 3012
f 3013 3014 3015
f 3016 3017 3018
f 3019 3020 3021
f 3022 3023 3024
f 3025 3026 3027
f 3028 3029 3027
f 3030 3029 3028
f 3028 3031 3030
f 3028 3032 3031
f 3033 3034 3035
f 3036 3037 3038
f 3039 3040 3041
f 3042 3043 3044
f 3045 3046 3047
f 3048 3049 3050
f 3051 3052 3053
f 3054 3055 3056
f 3057 3058 3059
f 3060 3061 3062
f 3063 3064 3065
f 3066 3067 3068
f 3069 3070 3071
f 3072 3073 3074
f 3075 3076 3077
f 3078 3079 3080
f 3081 3082 3083
f 3084 3085 3086
f 3087 3088 3089
f 3090 3091 3089
f 3090 3092 3093
f 3094 3093 3092
f 3095 3093 3094
f 3096 3097 3098
f 3099 3100 3101
f 3102 3103 3104
f 3105 3106 3107
f 3108 3109 3110
f 3111 3112 3113
f 3114 3115 3116
f 3117 3118 3119
f 3120 3121 3122
f 3123 3124 3125
f 3126 3127 3128
f 3129 3130 3131
f 3132 3133 3134
f 3135 3136 3137
f 3138 3139 3140
f 3141 3142 3143
f 3144 3145 3146
f 3147 3148 3149
f 3150 3151 3152
f 3153 3154 3152
f 3155 3154 3153
f 3153 3156 3155
f 3153 3157 3156
f 3158 3159 3160
f 3161 3162 3163
f 3164 3165 3166
f 3167 3168 3169
f 3170 3171 3172
f 3173 3174 3175
f 3176 3177 3178
f 3179 3180 3181
f 3182 3183 3184
f 3185 3186 3187
f 3188 3189 3190
f 3191 3192 3193
f 3194 3195 3196
f 3197 3198 3199
f 3200 3201 3202
f 3203 3204 3205
f 3206 3207 3208
f 3209 3210 3211
f 3212 3213 3214
f 3215 3216 3214
f 3215 3217 3218
f 3219 3218 3217
f 3220 3218 3219
f 3221 3222 3223
f 3224 3225 3226
f 3227 3228 3229
f 3230 3231 3232
f 3233 3234 3235
f 3236 3237 3238
f 3239 3240 3241
f 3242 3243 3244
f 3245 3246 3247
f 3248 3249 3250
f 3251 3252 3253
f 3254 3255 3256
f 3257 3258 3259
f 3260 3261 3262
f 3263 3264 3265
f 3266 3267 3268
f 3269 3270 3271
f 3272 3273 3274
f 3275 3276 3277
f 3278 3279 3280
f 3281 3282 3280
f 3281 3283 3284
f 3285 3284 3283
f 3286 3284 3285
f 3287 3288 3289
f 3290 3291 3292
f 3293 3294 3295
f 3296 3297 3298
f 3299 3300 3301
f 3302 3303 3304
f 3305 3306 3307
f 3308 3309 3310
f 3311 3312 3313
f 3314 3315 3316
f 3317 3318 3319
f 3320 3321 3322
f 3323 3324 3325
f 3326 3327 3328
f 3329 3330 3331
f 3332 3333 3334
f 3335 3336 3337
f 3338 3339 3340
f 3341 3342 3340
f 3341 3343 3342
f 3344 3342 3343
f 3345 3342 3344
f 3346 3347 3348
f 3349 3350 3351
f 3352 3353 3354
f 3355 3356 3357
f 3358 3359 3360
f 3361 3362 3363
f 3364 3365 3366
f 3367 3368 3369
f 3370 3371 3372
f 3373 3374 3375
f 3376 3377 3378
f 3379 3380 3381
f 3382 3383 3384
f 3385 3386 3387
f 3388 3389 3390
f 3391 3392 3393
f 3394 3395 3396
f 3397 3398 3399
f 3400 3401 3402
f 3403 3404 3402
f 3403 3405 3406
f 3407 3406 3405
f 3408 3406 3407
f 3409 3410 3411
f 3412 3413 3414
f 3415 3416 3417
f 3418 3419 3420
f 3421 3422 3423
f 3424 3425 3426
f 3427 3428 3429
f 3430 3431 3432
f 3433 3434 3435
f 3436 3437 3438
f 3439 3440 3441
f 3442 3443 3444
f 3445 3446 3447
f 3448 3449 3450
f 3451 3452 3453
f 3454 3455 3456
f 3457 3458 3459
f 3460 3461 3462
f 3463 3464 3462
f 3463 3465 3464
f 3466 3464 3465
f 3467 3464 3466
f 3468 3469 3470
f 3471 3472 3473
f 3474 3475 3476
f 3477 3478 3479
f 3480 3481 3482
f 3483 3484 3485
f 3486 3487 3488
f 3489 3490 3491
f 3492 3493 3494
f 3495 3496 3497
f 3498 3499 3500
f 3501 3502 3503
f 3504 3505 3506
f 3507 3508 3509
f 3510 3511 3512
f 3513 3514 3515
f 3516 3517 3518
f 3519 3520 3518
f 3519 3521 3520
f 3522 3520 3521
f 3523 3520 3522
f 3524 3525 3526
f 3527 3528 3529
f 3530 3531 3532
f 3533 3534 3535
f 3536 3537 3538
f 3539 3540 3541
f 3542 3543 3544
f 3545 3546 3547
f 3548 3549 3550
f 3551 3552 3553
f 3554 3555 3556
f 3557 3558 3559
f 3560 3561 3562
f 3563 3564 3565
f 3566 3567 3568
f 3569 3570 3571
f 3572 3573 3574
f 3575 3576 3574
f 3575 3577 3576
f 3578 3576 3577
f 3579 3576 3578
f 3580 3581 3582
f 3583 3584 3585
f 3586 3587 3588
f 3589 3590 3591
f 3592 3593 3594
f 3595 3596 3597
f 3598 3599 3600
f 3601 3602 3603
f 3604 3605 3606
f 3607 3608 3609
f 3610 3611 3612
f 3613 3614 3615
f 3616 3617 3618
f 3619 3620 3621
f 3622 3623 3624
f 3625 3626 3627
f 3628 3629 3627
f 3628 3630 3629
f 3631 3629 3630
f 3632 3629 3631
f 3633 3634 3635
f 3636 3637 3638
f 3639 3640 3641
f 3642 3643 3644
f 3645 3646 3647
f 3648 3649 3650
f 3651 3652 3653
f 3654 3655 3656
f 3657 3658 3659
f 3660 3661 3662
f 3663 3664 3665
f 3666 3667 3668
f 3669 3670 3671
f 3672 3673 3674
f 3675 3676 3677
f 3678 3679 3680
f 3681 3682 3680
f 3681 3683 3682
f 3684 3682 3683
f 3685 3682 3684
f 3686 3687 3688
f 3689 3690 3691
f 3692 3693 3694
f 3695 3696 3697
f 3698 3699 3700
f 3701 3702 3703
f 3704 3705 3706
f 3707 3708 3709
f 3710 3711 3712
f 3713 3714 3715
f 3716 3717 3718
f 3719 3720 3721
f 3722 3723 3724
f 3725 3726 3727
f 3728 3729 3730
f 3731 3732 3733
f 3734 3735 3736
f 3737 3738 3739
f 3740 3741 3742
f 3743 3744 3742
f 3743 3745 3746
f 3747 3746 3745
f 3748 3746 3747
f 3749 3750 3751
f 3752 3753 3754
f 3755 3756 3757
f 3758 3759 3760
f 3761 3762 3763
f 3764 3765 3766
f 3767 3768 3769
f 3770 3771 3772
f 3773 3774 3775
f 3776 3777 3778
f 3779 3780 3781
f 3782 3783 3784
f 3785 3786 3787
f 3788 3789 3790
f 3791 3792 3793
f 3794 3795 3796
f 3797 3798 3799
f 3800 3801 3802
f 3803 3804 3805
f 3806 3807 3808
f 3809 3810 3811
f 3812 3813 3814
f 3815 3816 3817
f 3818 3819 3820
f 3821 3822 3823
f 3824 3825 3826
f 3827 3828 3829
f 3830 3831 3832
f 3833 3834 3835
f 3836 3837 3838
f 3839 3840 3841
f 3842 3843 3844
f 3845 3846 3847
f 3848 3849 3850
f 3851 3852 3853
f 3854 3855 3856
f 3857 3858 3859
f 3860 3861 3859
f 3860 3862 3863
f 3864 3863 3862
f 3865 3863 3864
f 3866 3867 3868
f 3869 3870 3871
f 3872 3873 3874
f 3875 3876 3877
f 3878 3879 3880
f 3881 3882 3883
f 3884 3885 3886
f 3887 3888 3889
f 3890 3891 3892
f 3893 3894 3895
f 3896 3897 3898
f 3899 3900 3901
f 3902 3903 3904
f 3905 3906 3907
f 3908 3909 3910
f 3911 3912 3913
f 3914 3915 3916
f 3917 3918 3919
f 3920 3921 3922
f 3923 3924 3925
f 3926 3927 3928
f 3929 3930 3931
f 3932 3933 3934
f 3935 3936 3937
f 3938 3939 3940
f 3941 3942 3943
f 3944 3945 3946
f 3947 3948 3949
f 3950 3951 3952
f 3953 3954 3955
f 3956 3957 3958
f 3959 3960 3961
f 3962 3963 3964
f 3965 3966 3967
f 3968 3969 3970
f 3971 3972 3973
f 3974 3975 3976
f 3977 3978 3979
f 3980 3981 3982
f 3983 3984 3982
f 3983 3985 3986
f 3987 3986 3985
f 3988 3986 3987
f 3989 3990 3991
f 3992 3993 3994
f 3995 3996 3997
f 3998 3999 4000
f 4001 4002 4003
f 4004 4005 4006
f 4007 4008 4009
f 4010 4011 4012
f 4013 4014 4015
f 4016 4017 4018
f 4019 4020 4021
f 4022 4023 4024
f 4025 4026 4027
f 4028 4029 4030
f 4031 4032 4033
f 4034 4035 4036
f 4037 4038 4039
f 4040 4041 4042
f 4043 4044 4045
f 4046 4047 4048
f 4049 4050 4048
f 4049 4051 4052
f 4053 4052 4051
f 4054 4052 4053
f 4055 4056 4057
f 4058 4059 4060
f 4061 4062 4063
f 4064 4065 4066
f 4067 4068 4069
f 4070 4071 4072
f 4073 4074 4075
f 4076 4077 4078
f 4079 4080 4081
f 4082 4083 4084
f 4085 4086 4087
f 4088 4089 4090
f 4091 4092 4093
f 4094 4095 4096
f 4097 4098 4099
f 4100 4101 4102
f 4103 4104 4105
f 4106 4107 4108
f 4109 4110 4111
f 4112 4113 4111
f 4114 4113 4112
f 4112 4115 4114
f 4112 4116 4115
f 4117 4118 4119
f 4120 4121 4122
f 4123 4124 4125
f 4126 4127 4128
f 4129 4130 4131
f 4132 4133 4134
f 4135 4136 4137
f 4138 4139 4140
f 4141 4142 4143
f 4144 4145 4146
f 4147 4148 4149
f 4150 4151 4152
f 4153 4154 4155
f 4156 4157 4158
f 4159 4160 4161
f 4162 4163 4164
f 4165 4166 4167
f 4168 4169 4170
f 4171 4172 4170
f 4171 4173 4172
f 4174 4172 4173
f 4175 4172 4174
f 4176 4177 4178
f 4179 4180 4181
f 4182 4183 4184
f 4185 4186 4187
f 4188 4189 4190
f 4191 4192 4193
f 4194 4195 4196
f 4197 4198 4199
f 4200 4201 4202
f 4203 4204 4205
f 4206 4207 4208
f 4209 4210 4211
f 4212 4213 4214
f 4215 4216 4217
f 4218 4219 4220
f 4221 4222 4223
f 4224 4225 4226
f 4227 4228 4229
f 4230 4231 4232
f 4233 4234 4235
f 4236 4237 4238
f 4239 4240 4241
f 4242 4243 4241
f 4242 4244 4243
f 4245 4243 4244
f 4246 4243 4245
f 4247 4248 4249
f 4250 4251 4252
f 4253 4254 4255
f 4256 4257 4258
f 4259 4260 4261
f 4262 4263 4264
f 4265 4266 4267
f 4268 4269 4270
f 4271 4272 4273
f 4274 4275 4276
f 4277 4278 4279
f 4280 4281 4282
f 4283 4284 4285
f 4286 4287 4288
f 4289 4290 4291
f 4292 4293 4294
f 4295 4296 4297
f 4298 4299 4300
f 4301 4302 4303
f 4304 4305 4303
f 4304 4306 4307
f 4308 4307 4306
f 4309 4307 4308
f 4310 4311 4312
f 4313 4314 4315
f 4316 4317 4318
f 4319 4320 4321
f 4322 4323 4324
f 4325 4326 4327
f 4328 4329 4330
f 4331 4332 4333
f 4334 4335 4336
f 4337 4338 4339
f 4340 4341 4342
f 4343 4344 4345
f 4346 4347 4348
f 4349 4350 4351
f 4352 4353 4354
f 4355 4356 4357
f 4358 4359 4360
f 4361 4362 4363
f 4364 4365 4366
f 4367 4368 4369
f 4370 4371 4369
f 4370 4372 4373
f 4374 4373 4372
f 4375 4373 4374
f 4376 4377 4378
f 4379 4380 4381
f 4382 4383 4384
f 4385 4386 4387
f 4388 4389 4390
f 4391 4392 4393
f 4394 4395 4396
f 4397 4398 4399
f 4400 4401 4402
f 4403 4404 4405
f 4406 4407 4408
f 4409 4410 4411
f 4412 4413 4414
f 4415 4416 4417
f 4418 4419 4420
f 4421 4422 4423
f 4424 4425 4426
f 4427 4428 4429
f 4430 4431 4432
f 4433 4434 4435
f 4436 4437 4435
f 4436 4438 4439
f 4440 4439 4438
f 4441 4439 4440
f 4442 4443 4444
f 4445 4446 4447
f 4448 4449 4450
f 4451 4452 4453
f 4454 4455 4456
f 4457 4458 4459
f 4460 4461 4462
f 4463 4464 4465
f 4466 4467 4468
f 4469 4470 4471
f 4472 4473 4474
f 4475 4476 4477
f 4478 4479 4480
f 4481 4482 4483
f 4484 4485 4486
f 4487 4488 4489
f 4490 4491 4492
f 4493 4494 4495
f 4496 4497 4498
f 4499 4500 4498
f 4501 4500 4499
f 4499 4502 4501
f 4499 4503 4502
f 4504 4505 4506
f 4507 4508 4509
f 4510 4511 4512
f 4513 4514 4515
f 4516 4517 4518
f 4519 4520 4521
f 4522 4523 4524
f 4525 4526 4527
f 4528 4529 4530
f 4531 4532 4533
f 4534 4535 4536
f 4537 4538 4539
f 4540 4541 4542
f 4543 4544 4545
f 4546 4547 4548
f 4549 4550 4551
f 4552 4553 4554
f 4555 4556 4557
f 4558 4559 4557
f 4560 4559 4558
f 4558 4561 4560
f 4558 4562 4561
f 4563 4564 4565
f 4566 4567 4568
f 4569 4570 4571
f 4572 4573 4574
f 4575 4576 4577
f 4578 4579 4580
f 4581 4582 4583
f 4584 4585 4586
f 4587 4588 4589
f 4590 4591 4592
f 4593 4594 4595
f 4596 4597 4598
f 4599 4600 4601
f 4602 4603 4604
f 4605 4606 4607
f 4608 4609 4610
f 4611 4612 4613
f 4614 4615 4616
f 4617 4618 4616
f 4619 4618 4617
f 4617 4620 4619
f 4617 4621 4620
f 4622 4623 4624
f 4625 4626 4627
f 4628 4629 4630
f 4631 4632 4633
f 4634 4635 4636
f 4637 4638 4639
f 4640 4641 4642
f 4643 4644 4645
f 4646 4647 4648
f 4649 4650 4651
f 4652 4653 4654
f 4655 4656 4657
f 4658 4659 4660
f 4661 4662 4663
f 4664 4665 4666
f 4667 4668 4669
f 4670 4671 4672
f 4673 4674 4675
f 4676 4677 4678
f 4679 4680 4678
f 4679 4681 4682
f 4683 4682 4681
f 4684 4682 4683
f 4685 4686 4687
f 4688 4689 4690
f 4691 4692 4693
f 4694 4695 4696
f 4697 4698 4699
f 4700 4701 4702
f 4703 4704 4705
f 4706 4707 4708
f 4709 4710 4711
f 4712 4713 4714
f 4715 4716 4717
f 4718 4719 4720
f 4721 4722 4723
f 4724 4725 4726
f 4727 4728 4729
f 4730 4731 4732
f 4733 4734 4735
f 4736 4737 4738
f 4739 4740 4741
f 4742 4743 4741
f 4742 4744 4743
f 4745 4743 4744
f 4746 4743 4745
f 4747 4748 4749
f 4750 4751 4752
f 4753 4754 4755
f 4756 4757 4758
f 4759 4760 4761
f 4762 4763 4764
f 4765 4766 4767
f 4768 4769 4770
f 4771 4772 4773
f 4774 4775 4776
f 4777 4778 4779
f 4780 4781 4782
f 4783 4784 4785
f 4786 4787 4788
f 4789 4790 4791
f 4792 4793 4794
f 4795 4796 4797
f 4798 4799 4800
f 4801 4802 4803
f 4804 4805 4803
f 4804 4806 4807
f 4808 4807 4806
f 4809 4807 4808
f 4810 4811 4812
f 4813 4814 4815
f 4816 4817 4818
f 4819 4820 4821
f 4822 4823 4824
f 4825 4826 4827
f 4828 4829 4830
f 4831 4832 4833
f 4834 4835 4836
f 4834 4836 4837
f 4838 4839 4840
f 4839 4838 4841
f 4842 4843 4844
f 4842 4844 4845
f 4846 4847 4848
f 4849 4847 4846
f 4850 4851 4852
f 4850 4852 4853
f 4854 4855 4856
f 4857 4855 4854
f 4858 4859 4860
f 4858 4860 4861
f 4862 4863 4864
f 4862 4864 4865
f 4866 4867 4868
f 4867 4866 4869
f 4870 4871 4872
f 4872 4871 4873
f 4874 4875 4876
f 4874 4876 4877
f 4878 4879 4880
f 4879 4878 4881
f 4882 4883 4884
f 4884 4883 4885
f 4886 4887 4888
f 4886 4888 4889
f 4890 4891 4892
f 4891 4890 4893
f 4894 4895 4896
f 4896 4895 4897
f 4898 4899 4900
f 4901 4899 4898
f 4902 4903 4904
f 4902 4904 4905
f 4906 4907 4908
f 4909 4907 4906
f 4910 4911 4912
f 4910 4912 4913
f 4914 4915 4916
f 4914 4916 4917
f 4918 4919 4920
f 4919 4918 4921
f 4922 4923 4924
f 4924 4923 4925
f 4926 4927 4928
f 4926 4928 4929
f 4930 4931 4932
f 4931 4930 4933
f 4934 4935 4936
f 4936 4935 4937
f 4938 4939 4940
f 4941 4939 4938
f 4942 4943 4944
f 4942 4944 4945
f 4946 4947 4948
f 4946 4948 4949
f 4950 4951 4952
f 4951 4950 4953
f 4954 4955 4956
f 4956 4955 4957
f 4958 4959 4960
f 4961 4959 4958
f 4962 4963 4964
f 4962 4964 4965
f 4966 4967 4968
f 4969 4967 4966
f 4970 4971 4972
f 4970 4972 4973
f 4974 4975 4976
f 4974 4976 4977
f 4978 4979 4980
f 4979 4978 4981
f 4982 4981 4978
f 4983 4984 4985
f 4983 4985 4986
f 4987 4988 4989
f 4990 4988 4987
f 4991 4992 4993
f 4991 4993 4994
f 4995 4996 4997
f 4995 4997 4998
f 4999 5000 5001
f 5000 4999 5002
f 5003 5002 4999
f 5004 5005 5006
f 5004 5006 5007
f 5008 5009 5010
f 5008 5010 5011
f 5012 5013 5014
f 5013 5012 5015
f 5016 5015 5012
f 5017 5018 5019
f 5017 5019 5020
f 5021 5022 5023
f 5021 5023 5024
f 5025 5026 5027
f 5026 5025 5028
f 5029 5028 5025
f 5030 5031 5032
f 5030 5032 5033
f 5034 5035 5036
f 5037 5035 5034
f 5035 5037 5038
f 5039 5038 5037
f 5040 5041 5042
f 5040 5042 5043
f 5044 5045 5046
f 5044 5046 5047
f 5048 5049 5050
f 5051 5049 5048
f 5049 5051 5052
f 5053 5052 5051
f 5054 5055 5056
f 5054 5056 5057
f 5058 5059 5060
f 5058 5060 5061
f 5062 5063 5064
f 5065 5063 5062
f 5066 5067 5068
f 5066 5068 5069
f 5070 5071 5072
f 5070 5072 5073
f 5073 5074 5070
f 5075 5076 5077
f 5075 5077 5078
f 5079 5080 5081
f 5080 5079 5082
f 5083 5084 5085
f 5084 5083 5086
f 5087 5088 5089
f 5089 5088 5090
f 5091 5092 5093
f 5094 5092 5091
f 5095 5096 5097
f 5095 5097 5098
f 5099 5100 5101
f 5099 5101 5102
f 5102 5103 5099
f 5104 5105 5106
f 5104 5106 5107
f 5108 5109 5110
f 5109 5108 5111
f 5112 5113 5114
f 5114 5113 5115
f 5116 5117 5118
f 5119 5117 5116
f 5120 5121 5122
f 5120 5122 5123
f 5124 5125 5126
f 5127 5125 5124
f 5128 5129 5130
f 5128 5130 5131
f 5132 5133 5134
f 5132 5134 5135
f 5136 5137 5138
f 5137 5136 5139
f 5140 5141 5142
f 5142 5141 5143
f 5144 5145 5146
f 5144 5146 5147
f 5148 5149 5150
f 5149 5148 5151
f 5152 5153 5154
f 5152 5154 5155
f 5156 5157 5158
f 5156 5158 5159
f 5160 5156 5159
f 5160 5159 5161
f 5162 5163 5164
f 5162 5164 5165
f 5166 5162 5165
f 5166 5165 5167
f 5168 5169 5170
f 5168 5170 5171
f 5172 5168 5171
f 5172 5171 5173
f 5174 5175 5176
f 5174 5176 5177
f 5178 5174 5177
f 5178 5177 5179
f 5180 5181 5182
f 5180 5182 5183
f 5184 5180 5183
f 5184 5183 5185
f 5186 5187 5188
f 5186 5188 5189
f 5190 5186 5189
f 5190 5189 5191
f 5192 5193 5194
f 5192 5194 5195
f 5196 5192 5195
f 5196 5195 5197
f 5198 5199 5200
f 5198 5200 5201
f 5202 5198 5201
f 5202 5201 5203
f 5204 5205 5206
f 5204 5206 5207
f 5208 5209 5210
f 5208 5210 5211
f 5212 5213 5214
f 5212 5214 5215
f 5216 5217 5218
f 5216 5218 5219
f 5220 5221 5222
f 5220 5222 5223
f 5224 5225 5226
f 5226 5227 5224
f 5227 5228 5224
f 5227 5229 5228
f 5229 5230 5228
f 5229 5231 5230
f 5232 5233 5234
f 5232 5234 5235
f 5236 5237 5238
f 5237 5236 5239
f 5240 5241 5242
f 5240 5242 5243
f 5244 5245 5246
f 5247 5245 5244
f 5248 5249 5250
f 5248 5250 5251
f 5252 5253 5254
f 5255 5253 5252
f 5256 5257 5258
f 5256 5258 5259
f 5260 5261 5262
f 5263 5261 5260
f 5264 5265 5266
f 5264 5266 5267
f 5268 5269 5270
f 5268 5270 5271
f 5272 5273 5274
f 5273 5272 5275
f 5276 5277 5278
f 5278 5277 5279
f 5280 5281 5282
f 5280 5282 5283
f 5284 5285 5286
f 5285 5284 5287
f 5288 5289 5290
f 5290 5289 5291
f 5292 5293 5294
f 5292 5294 5295
f 5296 5297 5298
f 5297 5296 5299
f 5300 5301 5302
f 5302 5301 5303
f 5304 5305 5306
f 5307 5305 5304
f 5308 5309 5310
f 5308 5310 5311
f 5312 5313 5314
f 5312 5314 5315
f 5316 5317 5318
f 5317 5316 5319
f 5320 5321 5322
f 5320 5322 5323
f 5324 5325 5326
f 5327 5325 5324
f 5328 5329 5330
f 5328 5330 5331
f 5332 5333 5334
f 5332 5334 5335
f 5336 5337 5338
f 5336 5338 5339
f 5340 5341 5342
f 5340 5342 5343
f 5344 5345 5346
f 5344 5346 5347
f 5348 5349 5350
f 5348 5350 5351
f 5352 5353 5354
f 5352 5354 5355
f 5356 5357 5358
f 5356 5358 5359
f 5360 5361 5362
f 5360 5362 5363
f 5364 5365 5366
f 5366 5367 5364
f 5367 5368 5364
f 5367 5369 5368
f 5369 5370 5368
f 5369 5371 5370
f 5372 5373 5374
f 5374 5375 5372
f 5374 5376 5375
f 5376 5377 5375
f 5376 5378 5377
f 5378 5379 5377
f 5380 5381 5382
f 5380 5382 5383
f 5383 5382 5384
f 5385 5381 5380
f 5385 5386 5381
f 5383 5384 5387
f 5387 5384 5388
f 5389 5386 5385
f 5389 5390 5386
f 5387 5388 5391
f 5391 5388 5392
f 5393 5390 5389
f 5393 5394 5390
f 5395 5392 5394
f 5391 5392 5395
f 5395 5394 5393
f 5396 5380 5383
f 5396 5383 5397
f 5397 5383 5387
f 5398 5380 5396
f 5398 5385 5380
f 5397 5387 5399
f 5399 5387 5391
f 5400 5385 5398
f 5400 5389 5385
f 5399 5391 5401
f 5401 5391 5395
f 5402 5389 5400
f 5402 5393 5389
f 5401 5395 5403
f 5403 5393 5402
f 5403 5395 5393
v -13.43359 21.19992 101.8576
v 13.88197 21.19992 101.8818
v -13.43602 21.19992 104.5914
v 13.87954 21.19992 104.6157
v -13.43602 5.120079 104.5914
v 13.87954 5.120078 104.6157
v -13.43359 5.120078 101.8576
v 13.88197 5.120077 101.8818
v -13.43602 21.19992 104.5914
v 13.87954 21.19992 104.6157
v -13.43602 5.120079 104.5914
v 13.87954 5.120078 104.6157
v -13.43359 5.120078 101.8576
v -13.43359 21.19992 101.8576
v 13.88197 21.19992 101.8818
v 13.88197 5.120077 101.8818
v 13.88197 21.19992 101.8818
v 13.87954 21.19992 104.6157
v 13.87954 5.120078 104.6157
v 13.88197 5.120077 101.8818
v -13.43359 5.120078 101.8576
v -13.43602 5.120079 104.5914
v -13.43602 21.19992 104.5914
v -13.43359 21.19992 101.8576
f 5404 5406 5407
f 5404 5407 5405
f 5412 5408 5409
f 5412 5409 5413
f 5414 5410 5411
f 5414 5411 5415
f 5416 5417 5418
f 5416 5418 5419
f 5420 5421 5422
f 5420 5422 5423
f 5424 5425 5426
f 5424 5426 5427
v 12.03 -9.559999 80.06001
v 8.030001 -9.559999 80.06001
v 12.03 -7.559999 80.06001
v 8.030001 -7.559999 80.06001
v 12.03 -7.559999 76.06001
v 8.030001 -7.559999 76.06001
v 12.03 -9.559999 76.06001
v 8.030001 -9.559999 76.06001
v 12.03 -7.559999 80.06001
v 8.030001 -7.559999 80.06001
v 12.03 -7.559999 76.06001
v 8.030001 -7.559999 76.06001
v 12.03 -9.559999 76.06001
v 12.03 -9.559999 80.06001
v 8.030001 -9.559999 80.06001
v 8.030001 -9.559999 76.06001
v 8.030001 -9.559999 80.06001
v 8.030001 -7.559999 80.06001
v 8.030001 -7.559999 76.06001
v 8.030001 -9.559999 76.06001
v 12.03 -9.559999 76.06001
v 12.03 -7.559999 76.06001
v 12.03 -7.559999 80.06001
v 12.03 -9.559999 80.06001
f 5428 5430 5431
f 5428 5431 5429
f 5436 5432 5433
f 5436 5433 5437
f 5438 5434 5435
f 5438 5435 5439
f 5440 5441 5442
f 5440 5442 5443
f 5444 5445 5446
f 5444 5446 5447
f 5448 5449 5450
f 5448 5450 5451
v 0.8709971 -10.05 -5.196303
v -0.913697 -10.05 -6.099003
v 0.8709971 -8.05 -5.196303
v -0.913697 -8.05 -6.099003
v 1.773697 -8.05 -6.980997
v -0.01099709 -8.05 -7.883697
v 1.773697 -10.05 -6.980997
v -0.01099709 -10.05 -7.883697
v 0.8709971 -8.05 -5.196303
v -0.913697 -8.05 -6.099003
v 1.773697 -8.05 -6.980997
v -0.01099709 -8.05 -7.883697
v 1.773697 -10.05 -6.980997
v 0.8709971 -10.05 -5.196303
v -0.913697 -10.05 -6.099003
v -0.01099709 -10.05 -7.883697
v -0.913697 -10.05 -6.099003
v -0.913697 -8.05 -6.099003
v -0.01099709 -8.05 -7.883697
v -0.01099709 -10.05 -7.883697
v 1.773697 -10.05 -6.980997
v 1.773697 -8.05 -6.980997
v 0.8709971 -8.05 -5.196303
v 0.8709971 -10.05 -5.196303
f 5452 5454 5455
f 5452 5455 5453
f 5460 5456 5457
f 5460 5457 5461
f 5462 5458 5459
f 5462 5459 5463
f 5464 5465 5466
f 5464 5466 5467
f 5468 5469 5470
f 5468 5470 5471
f 5472 5473 5474
f 5472 5474 5475
v 14.79195 -9.7 77.65582
v 13.20418 -9.7 78.87196
v 14.79195 -7.7 77.65582
v 13.20418 -7.7 78.87196
v 13.57582 -7.7 76.06805
v 11.98805 -7.7 77.28418
v 13.57582 -9.7 76.06805
v 11.98805 -9.7 77.28418
v 14.79195 -7.7 77.65582
v 13.20418 -7.7 78.87196
v 13.57582 -7.7 76.06805
v 11.98805 -7.7 77.28418
v 13.57582 -9.7 76.06805
v 14.79195 -9.7 77.65582
v 13.20418 -9.7 78.87196
v 11.98805 -9.7 77.28418
v 13.20418 -9.7 78.87196
v 13.20418 -7.7 78.87196
v 11.98805 -7.7 77.28418
v 11.98805 -9.7 77.28418
v 13.57582 -9.7 76.06805
v 13.57582 -7.7 76.06805
v 14.79195 -7.7 77.65582
v 14.79195 -9.7 77.65582
f 5476 5478 5479
f 5476 5479 5477
f 5484 5480 5481
f 5484 5481 5485
f 5486 5482 5483
f 5486 5483 5487
f 5488 5489 5490
f 5488 5490 5491
f 5492 5493 5494
f 5492 5494 5495
f 5496 5497 5498
f 5496 5498 5499
v 14.11586 -8.478903 8.154385
v 13.35889 -7.122114 9.563223
v 13.25972 -10.067 9.22381
v 12.50276 -8.710214 10.63265
v 12.35985 -8.289357 7.022867
v 11.60023 -6.927815 8.436641
v 11.50071 -9.88302 8.096039
v 10.74109 -8.521479 9.509812
v 13.95749 -8.664262 9.808915
v 10.90251 -8.335738 7.851085
v 13.17362 -7.120614 7.901121
v 11.77252 -7.321525 10.05368
v 11.68638 -9.879387 9.758879
v 13.08749 -9.678475 7.606316
v 13.97047 -9.44667 8.657431
v 12.98265 -9.588318 10.17505
v 13.04338 -7.78495 10.3829
v 14.0312 -7.643301 8.865277
v 11.87826 -7.408346 7.482228
v 10.88714 -7.550467 9.004913
v 10.82621 -9.359855 8.796373
v 11.81733 -9.217734 7.273688
v 12.49091 -6.691324 9.038459
v 13.42382 -8.358169 7.309044
v 11.43927 -8.642066 10.35209
v 12.37177 -10.30968 8.623189
v 14.13711 -8.666909 8.232561
v 14.13102 -8.920444 8.351711
v 14.07721 -9.188841 8.496551
v 13.42266 -9.992185 9.125001
v 13.62493 -9.859208 8.983874
v 13.81528 -9.674718 8.82374
v 13.23013 -10.01979 9.420799
v 13.1732 -9.923985 9.677887
v 13.08976 -9.778754 9.938379
v 12.59843 -8.887547 10.59648
v 12.72574 -9.121954 10.51068
v 12.85816 -9.363647 10.36941
v 12.61027 -8.536055 10.63699
v 12.75351 -8.297268 10.60573
v 12.90277 -8.039135 10.52207
v 13.32472 -7.210779 9.744552
v 13.25959 -7.358504 9.973571
v 13.1647 -7.553258 10.19488
v 13.51725 -7.18317 9.448753
v 13.71132 -7.293727 9.279558
v 13.89022 -7.449222 9.080238
v 14.14895 -8.315415 8.273072
v 14.15879 -8.095757 8.44676
v 14.12181 -7.86433 8.649206
v 12.26349 -8.111175 7.059456
v 12.13601 -7.876215 7.145391
v 12.00316 -7.63377 7.287217
v 11.62992 -6.975569 8.238626
v 11.68704 -7.071491 7.980986
v 11.77079 -7.217276 7.719689
v 11.43644 -7.003313 8.535875
v 11.23376 -7.13649 8.677383
v 11.04285 -7.321659 8.838044
v 10.71988 -8.332521 9.430964
v 10.72598 -8.078407 9.311669
v 10.78005 -7.809159 9.166327
v 10.70798 -8.685739 9.390254
v 10.69811 -8.905928 9.216294
v 10.7353 -9.138085 9.013161
v 11.34155 -9.821344 8.211084
v 11.14707 -9.710651 8.380699
v 10.96766 -9.55458 8.580689
v 11.53503 -9.7936 7.913835
v 11.60036 -9.645652 7.684301
v 11.6956 -9.450196 7.462334
v 12.2516 -8.464392 7.018746
v 12.10814 -8.703735 7.050015
v 11.95841 -8.962697 7.134052
v 13.217 -6.998655 9.482388
v 13.00686 -6.860813 9.358475
v 12.7588 -6.753926 9.206985
v 11.74967 -6.835473 8.542532
v 11.96826 -6.743346 8.693409
v 12.22264 -6.690328 8.863936
v 12.56482 -8.296552 7.025403
v 12.84264 -8.310591 7.066041
v 13.1382 -8.331367 7.159945
v 14.02939 -8.454785 7.970398
v 13.87829 -8.422752 7.736615
v 13.67131 -8.389509 7.508657
v 12.29818 -8.703033 10.63012
v 12.02127 -8.689039 10.5896
v 11.72674 -8.66835 10.49616
v 10.82773 -8.545643 9.69416
v 10.97932 -8.577782 9.928718
v 11.18714 -8.611137 10.15741
v 13.11057 -10.15916 9.118125
v 12.8927 -10.25098 8.967742
v 12.63925 -10.30393 8.79783
v 11.64288 -10.00672 8.177031
v 11.85371 -10.14503 8.301349
v 12.1027 -10.25218 8.453417
v 14.05816 -9.295792 8.951686
v 14.08809 -9.111679 9.249054
v 14.05409 -8.897964 9.539195
v 13.2731 -9.408365 10.1578
v 13.53997 -9.190278 10.09116
v 13.77164 -8.938468 9.973129
v 13.32136 -7.975151 10.32299
v 13.57366 -8.189614 10.20649
v 13.789 -8.422829 10.03256
v 14.10643 -7.862577 9.116871
v 14.12179 -8.111015 9.364385
v 14.07145 -8.382326 9.598624
v 11.58685 -7.588737 7.499379
v 11.31936 -7.807694 7.566524
v 11.08696 -8.060386 7.685013
v 10.79901 -7.701709 8.709764
v 10.76935 -7.886562 8.411515
v 10.80356 -8.101027 8.120417
v 10.75058 -9.139994 8.543996
v 10.73554 -8.890654 8.295789
v 10.78613 -8.618409 8.060785
v 11.53842 -9.027021 7.333611
v 11.28555 -8.811786 7.450798
v 11.06954 -8.577771 7.625383
v 13.89916 -7.454422 8.612432
v 13.70955 -7.299213 8.361079
v 13.46405 -7.186191 8.120323
v 12.68302 -6.698355 8.73751
v 12.86541 -6.774634 8.440114
v 13.03106 -6.917214 8.157702
v 12.18927 -7.266505 7.51273
v 12.51677 -7.167183 7.593046
v 12.85184 -7.116194 7.72397
v 13.41775 -8.021511 7.37501
v 13.37469 -7.694298 7.497093
v 13.29393 -7.387806 7.674547
v 12.74364 -7.620119 10.38771
v 12.42459 -7.48347 10.33521
v 12.09592 -7.382374 10.22222
v 11.47019 -8.286481 10.36351
v 11.53799 -7.939102 10.316
v 11.64008 -7.613279 10.21138
v 11.02986 -7.432758 9.293965
v 11.2282 -7.351958 9.572731
v 11.47971 -7.31295 9.832008
v 12.29646 -6.753786 9.331398
v 12.10714 -6.883366 9.605067
v 11.93022 -7.075069 9.848951
v 12.6726 -9.729655 10.14457
v 12.34559 -9.829309 10.06485
v 12.01181 -9.880036 9.934356
v 12.18706 -10.30438 8.912295
v 12.0069 -10.23151 9.205648
v 11.83745 -10.08952 9.493879
v 10.95858 -9.549376 9.050014
v 11.14898 -9.704391 9.301602
v 11.39535 -9.817906 9.543301
v 11.44642 -8.992191 10.28218
v 11.49138 -9.323401 10.15645
v 11.5724 -9.622968 9.979755
v 13.82813 -9.563958 8.369299
v 13.63056 -9.645052 8.090711
v 13.37994 -9.683853 7.832456
v 13.3949 -8.699843 7.296829
v 13.32929 -9.042639 7.341691
v 13.227 -9.37538 7.44547
v 12.11799 -9.383123 7.26878
v 12.43756 -9.519616 7.321918
v 12.76748 -9.62115 7.435261
v 12.55863 -10.2511 8.341445
v 12.74547 -10.1256 8.070955
v 12.92617 -9.933401 7.821242
v 14.20656 -8.516307 8.452424
v 14.21375 -8.765658 8.613955
v 14.16548 -9.033697 8.782228
v 14.22905 -8.311226 8.666331
v 14.24467 -8.565802 8.870726
v 14.19858 -8.839731 9.066074
v 14.1974 -8.085839 8.891472
v 14.21537 -8.340989 9.123557
v 14.16875 -8.61754 9.341816
v 13.46739 -9.887437 9.375742
v 13.44466 -9.766251 9.646144
v 13.37794 -9.605899 9.91508
v 13.69358 -9.730556 9.263718
v 13.69753 -9.580715 9.554168
v 13.64427 -9.400355 9.836934
v 13.89715 -9.531448 9.117413
v 13.91747 -9.36118 9.417218
v 13.87501 -9.162412 9.708732
v 12.81384 -8.716016 10.5921
v 13.00004 -8.48746 10.5545
v 13.17261 -8.232789 10.46589
v 12.98474 -8.941893 10.50213
v 13.21377 -8.713627 10.45452
v 13.41252 -8.456114 10.35701
v 13.14069 -9.180647 10.35665
v 13.39573 -8.954856 10.29952
v 13.6153 -8.696902 10.1921
v 13.55301 -7.344887 9.668783
v 13.76913 -7.486869 9.522313
v 13.96015 -7.660587 9.333038
v 13.52021 -7.522563 9.904739
v 13.76091 -7.698713 9.771078
v 13.96682 -7.89549 9.586146
v 13.44094 -7.735038 10.13071
v 13.69363 -7.934665 10.00586
v 13.90903 -8.152032 9.825183
v 12.04737 -8.2836 7.064211
v 11.87619 -8.05676 7.153937
v 11.71965 -7.817212 7.299809
v 11.86083 -8.513016 7.101352
v 11.64644 -8.285957 7.20181
v 11.46396 -8.043949 7.357457
v 11.68761 -8.768507 7.190167
v 11.44711 -8.54434 7.299785
v 11.24372 -8.302755 7.465225
v 11.3919 -7.108727 8.284155
v 11.16483 -7.265512 8.396712
v 10.9605 -7.465234 8.543438
v 11.41475 -7.229675 8.012751
v 11.16104 -7.415928 8.105215
v 10.94049 -7.636275 8.242684
v 11.48159 -7.390512 7.742877
v 11.21459 -7.596972 7.821582
v 10.98312 -7.835667 7.950232
v 10.65055 -8.483897 9.210194
v 10.62757 -8.689858 8.996037
v 10.65922 -8.915975 8.770123
v 10.64294 -8.233602 9.048623
v 10.61205 -8.434283 8.790975
v 10.6416 -8.659846 8.537321
v 10.69125 -7.964679 8.879764
v 10.65845 -8.159455 8.594994
v 10.68839 -8.382387 8.318393
v 11.30603 -9.658771 7.99025
v 11.33894 -9.481105 7.753263
v 11.41837 -9.267951 7.526493
v 11.08902 -9.516943 8.137224
v 11.09745 -9.304313 7.88757
v 11.16507 -9.06752 7.652094
v 10.89728 -9.342673 8.327054
v 10.89097 -9.106824 8.073196
v 10.94898 -8.849476 7.833386
v 14.04182 -8.191885 8.051471
v 14.03852 -7.936032 8.202629
v 13.99346 -7.684227 8.39512
v 13.88396 -8.116219 7.811316
v 13.86631 -7.820727 7.949889
v 13.81048 -7.543651 8.138127
v 13.67106 -8.06006 7.57891
v 13.64084 -7.741406 7.708656
v 13.57329 -7.444933 7.892591
v 13.38827 -7.020464 9.267829
v 13.19042 -6.873123 9.102099
v 12.94653 -6.761401 8.927389
v 13.57861 -7.111675 9.058611
v 13.38256 -6.953639 8.850242
v 13.1359 -6.836339 8.648442
v 13.75621 -7.258975 8.836685
v 13.56193 -7.098152 8.600717
v 13.31358 -6.979424 8.375958
v 11.87069 -6.852247 8.294403
v 11.96837 -6.93352 8.024994
v 12.07442 -7.073393 7.756003
v 12.12327 -6.752581 8.417702
v 12.26028 -6.827994 8.129625
v 12.39081 -6.967755 7.847593
v 12.39774 -6.69617 8.575015
v 12.56114 -6.769361 8.278573
v 12.7134 -6.910092 7.988529
v 12.52616 -8.02712 7.07446
v 12.81927 -8.000084 7.122341
v 13.12485 -7.999444 7.221745
v 12.42981 -7.760605 7.166181
v 12.74568 -7.698023 7.22622
v 13.06776 -7.677425 7.335673
v 12.31248 -7.500091 7.312936
v 12.64018 -7.414732 7.383468
v 12.97399 -7.377181 7.503521
v 13.0938 -7.062689 9.720224
v 12.98914 -7.196199 9.96423
v 12.87247 -7.385699 10.19439
v 12.84988 -6.921956 9.625294
v 12.70628 -7.050613 9.88922
v 12.56503 -7.241103 10.13229
v 12.582 -6.813673 9.487423
v 12.41218 -6.940116 9.760303
v 12.24925 -7.132043 10.01112
v 12.35464 -8.433819 10.64354
v 12.06548 -8.37698 10.6051
v 11.76254 -8.333733 10.51103
v 12.46897 -8.161099 10.61399
v 12.15915 -8.065527 10.57266
v 11.84109 -7.999482 10.47368
v 12.60414 -7.883447 10.52957
v 12.28392 -7.762552 10.48344
v 11.95551 -7.676914 10.37803
v 10.83366 -8.269815 9.674698
v 10.85506 -7.986415 9.585512
v 10.91842 -7.699995 9.454679
v 10.9946 -8.261732 9.925631
v 11.03333 -7.943565 9.856955
v 11.10913 -7.634278 9.735676
v 11.2097 -8.274067 10.16405
v 11.26261 -7.936275 10.10898
v 11.35139 -7.609854 9.996376
v 11.57501 -6.894645 8.748659
v 11.78178 -6.801548 8.942345
v 12.03207 -6.748605 9.136805
v 11.37695 -7.018326 8.9336
v 11.58232 -6.92521 9.171195
v 11.8356 -6.8734 9.393244
v 11.18767 -7.200549 9.118353
v 11.39117 -7.111098 9.383367
v 11.64612 -7.063134 9.628216
v 12.33653 -8.971394 10.58158
v 12.43273 -9.237234 10.48997
v 12.54981 -9.496787 10.34363
v 12.04454 -8.998685 10.53345
v 12.11757 -9.300132 10.43037
v 12.22263 -9.582502 10.27368
v 11.74013 -8.999214 10.43433
v 11.7966 -9.32069 10.3214
v 11.89008 -9.619952 10.15409
v 12.99008 -10.14281 9.365226
v 12.73808 -10.24178 9.242666
v 12.46467 -10.29787 9.085853
v 12.89265 -10.06159 9.633982
v 12.60133 -10.16722 9.530017
v 12.30154 -10.22576 9.381617
v 12.78707 -9.922039 9.902061
v 12.47118 -10.028 9.811089
v 12.1498 -10.08546 9.670722
v 11.47096 -9.984474 8.392541
v 11.28014 -9.893185 8.60226
v 11.10196 -9.745556 8.825029
v 11.6696 -10.13266 8.558417
v 11.47705 -10.05128 8.810901
v 11.29705 -9.906196 9.061218
v 11.91434 -10.24491 8.733839
v 11.72463 -10.16889 9.013423
v 11.54637 -10.02536 9.286804
v 10.81549 -8.809602 9.612485
v 10.97361 -8.88516 9.853778
v 11.18722 -8.941634 10.08711
v 10.8187 -9.0661 9.461073
v 10.99166 -9.18125 9.714306
v 11.21801 -9.260824 9.956323
v 10.8639 -9.318856 9.268098
v 11.04767 -9.459218 9.525343
v 11.28578 -9.558272 9.771811
v 13.28455 -10.10059 8.91283
v 13.48211 -9.977071 8.728363
v 13.6708 -9.795317 8.54436
v 13.07863 -10.19295 8.719471
v 13.27761 -10.07025 8.491037
v 13.46808 -9.88505 8.279513
v 12.8292 -10.2456 8.525818
v 13.02525 -10.12198 8.269757
v 13.21412 -9.932842 8.035563
v 14.02372 -8.729461 7.989512
v 13.86303 -8.737924 7.739661
v 13.64865 -8.725541 7.502211
v 14.00229 -9.01217 8.0786
v 13.82474 -9.055333 7.807595
v 13.59635 -9.062613 7.55638
v 13.93913 -9.297565 8.209175
v 13.7492 -9.363601 7.92837
v 13.50786 -9.387971 7.668647
v 12.50799 -8.566906 7.012247
v 12.39345 -8.840289 7.041742
v 12.25797 -9.118957 7.126354
v 12.79827 -8.623512 7.050486
v 12.704 -8.935707 7.083571
v 12.57873 -9.239673 7.173135
v 13.10237 -8.667011 7.144805
v 13.02316 -9.001974 7.183012
v 12.90838 -9.325599 7.278957
v 11.76664 -9.942076 7.938286
v 12.0111 -10.0837 8.033772
v 12.28 -10.19247 8.17205
v 11.87156 -9.808379 7.693653
v 12.15501 -9.954062 7.769331
v 12.45017 -10.06485 7.898752
v 11.98872 -9.618398 7.462678
v 12.29668 -9.762853 7.525445
v 12.61365 -9.872319 7.647118
v 14.07145 -8.382326 9.598624
v 13.95749 -8.664262 9.808915
v 13.95749 -8.664262 9.808915
v 12.98265 -9.588318 10.17505
v 13.2731 -9.408365 10.1578
v 13.53997 -9.190278 10.09116
v 13.77164 -8.938468 9.973129
v 13.95749 -8.664262 9.808915
v 13.95749 -8.664262 9.808915
v 13.95749 -8.664262 9.808915
v 14.07145 -8.382326 9.598624
v 10.90251 -8.335738 7.851085
v 10.90251 -8.335738 7.851085
v 10.90251 -8.335738 7.851085
v 10.90251 -8.335738 7.851085
v 10.82621 -9.359855 8.796373
v 10.75058 -9.139994 8.543996
v 10.73554 -8.890654 8.295789
v 10.78613 -8.618409 8.060785
v 10.90251 -8.335738 7.851085
v 14.11586 -8.478903 8.154385
v 14.14895 -8.315415 8.273072
v 14.15879 -8.095757 8.44676
v 14.12181 -7.86433 8.649206
v 14.0312 -7.643301 8.865277
v 13.51725 -7.18317 9.448753
v 13.35889 -7.122114 9.563223
v 13.71132 -7.293727 9.279558
v 13.89022 -7.449222 9.080238
v 11.60023 -6.927815 8.436641
v 11.62992 -6.975569 8.238626
v 11.68704 -7.071491 7.980986
v 11.77079 -7.217276 7.719689
v 11.87826 -7.408346 7.482228
v 12.26349 -8.111175 7.059456
v 12.35985 -8.289357 7.022867
v 12.13601 -7.876215 7.145391
v 12.00316 -7.63377 7.287217
v 13.35889 -7.122114 9.563223
v 13.217 -6.998655 9.482388
v 13.32472 -7.210779 9.744552
v 13.25959 -7.358504 9.973571
v 13.1647 -7.553258 10.19488
v 13.04338 -7.78495 10.3829
v 13.00686 -6.860813 9.358475
v 12.7588 -6.753926 9.206985
v 12.49091 -6.691324 9.038459
v 12.61027 -8.536055 10.63699
v 12.50276 -8.710214 10.63265
v 12.75351 -8.297268 10.60573
v 12.90277 -8.039135 10.52207
v 10.74109 -8.521479 9.509812
v 10.71988 -8.332521 9.430964
v 10.72598 -8.078407 9.311669
v 10.78005 -7.809159 9.166327
v 10.88714 -7.550467 9.004913
v 11.43644 -7.003313 8.535875
v 11.74967 -6.835473 8.542532
v 11.60023 -6.927815 8.436641
v 11.96826 -6.743346 8.693409
v 12.22264 -6.690328 8.863936
v 11.23376 -7.13649 8.677383
v 11.04285 -7.321659 8.838044
v 12.50276 -8.710214 10.63265
v 12.29818 -8.703033 10.63012
v 12.59843 -8.887547 10.59648
v 12.72574 -9.121954 10.51068
v 12.85816 -9.363647 10.36941
v 12.98265 -9.588318 10.17505
v 12.02127 -8.689039 10.5896
v 11.72674 -8.66835 10.49616
v 11.43927 -8.642066 10.35209
v 13.23013 -10.01979 9.420799
v 13.25972 -10.067 9.22381
v 13.1732 -9.923985 9.677887
v 13.08976 -9.778754 9.938379
v 12.98265 -9.588318 10.17505
v 12.6726 -9.729655 10.14457
v 12.34559 -9.829309 10.06485
v 12.01181 -9.880036 9.934356
v 11.68638 -9.879387 9.758879
v 11.50071 -9.88302 8.096039
v 11.34155 -9.821344 8.211084
v 11.14707 -9.710651 8.380699
v 10.96766 -9.55458 8.580689
v 10.82621 -9.359855 8.796373
v 10.70798 -8.685739 9.390254
v 10.82773 -8.545643 9.69416
v 10.74109 -8.521479 9.509812
v 10.97932 -8.577782 9.928718
v 11.18714 -8.611137 10.15741
v 10.69811 -8.905928 9.216294
v 10.7353 -9.138085 9.013161
v 10.82621 -9.359855 8.796373
v 10.95858 -9.549376 9.050014
v 11.14898 -9.704391 9.301602
v 11.39535 -9.817906 9.543301
v 13.25972 -10.067 9.22381
v 13.11057 -10.15916 9.118125
v 13.42266 -9.992185 9.125001
v 13.62493 -9.859208 8.983874
v 13.81528 -9.674718 8.82374
v 13.97047 -9.44667 8.657431
v 12.8927 -10.25098 8.967742
v 12.63925 -10.30393 8.79783
v 12.37177 -10.30968 8.623189
v 14.13711 -8.666909 8.232561
v 14.02939 -8.454785 7.970398
v 14.11586 -8.478903 8.154385
v 13.87829 -8.422752 7.736615
v 13.67131 -8.389509 7.508657
v 13.42382 -8.358169 7.309044
v 14.13102 -8.920444 8.351711
v 14.07721 -9.188841 8.496551
v 12.35985 -8.289357 7.022867
v 12.56482 -8.296552 7.025403
v 12.2516 -8.464392 7.018746
v 12.10814 -8.703735 7.050015
v 11.95841 -8.962697 7.134052
v 11.81733 -9.217734 7.273688
v 12.84264 -8.310591 7.066041
v 13.1382 -8.331367 7.159945
v 11.53503 -9.7936 7.913835
v 11.64288 -10.00672 8.177031
v 11.50071 -9.88302 8.096039
v 11.85371 -10.14503 8.301349
v 12.1027 -10.25218 8.453417
v 11.60036 -9.645652 7.684301
v 11.6956 -9.450196 7.462334
f 5677 5886 5678
f 5674 5677 5678
f 5673 5677 5674
f 5673 5676 5677
f 5676 5608 5677
f 5677 5608 5609
f 5678 5609 5508
f 5705 5609 5608
f 5674 5678 5675
f 5675 5678 5600
f 5678 5887 5600
f 5670 5673 5674
f 5671 5674 5675
f 5670 5674 5671
f 5548 5676 5673
f 5547 5548 5673
f 5547 5673 5670
f 5500 5547 5670
f 5500 5670 5526
f 5526 5670 5671
f 5548 5549 5676
f 5526 5671 5527
f 5549 5607 5676
f 5549 5517 5607
f 5676 5607 5608
f 5527 5671 5672
f 5671 5675 5672
f 5527 5672 5528
f 5699 5607 5517
f 5699 5517 5546
f 5702 5608 5607
f 5702 5607 5699
f 5705 5608 5702
f 5672 5675 5599
f 5675 5600 5599
f 5528 5672 5598
f 5672 5599 5598
f 5528 5598 5514
f 5698 5699 5546
f 5698 5546 5545
f 5701 5702 5699
f 5701 5699 5698
f 5514 5598 5685
f 5514 5685 5531
f 5598 5599 5686
f 5598 5686 5685
f 5599 5600 5687
f 5599 5687 5686
f 5697 5698 5545
f 5697 5545 5544
f 5531 5685 5682
f 5531 5682 5530
f 5600 5603 5687
f 5600 5888 5603
f 5687 5603 5602
f 5687 5602 5684
f 5686 5687 5684
f 5684 5602 5601
f 5685 5686 5683
f 5686 5684 5683
f 5685 5683 5682
f 5684 5601 5681
f 5683 5684 5681
f 5681 5601 5515
f 5681 5515 5534
f 5683 5681 5680
f 5680 5681 5534
f 5682 5683 5680
f 5680 5534 5533
f 5682 5680 5679
f 5679 5680 5533
f 5530 5682 5679
f 5679 5533 5532
f 5530 5679 5529
f 5529 5679 5532
f 5529 5532 5502
f 5606 5895 5609
f 5696 5894 5606
f 5693 5696 5606
f 5693 5606 5605
f 5605 5606 5705
f 5606 5896 5705
f 5605 5705 5704
f 5704 5705 5702
f 5704 5702 5701
f 5604 5605 5704
f 5703 5704 5701
f 5604 5704 5703
f 5690 5693 5605
f 5690 5605 5604
f 5703 5701 5700
f 5700 5701 5698
f 5700 5698 5697
f 5516 5604 5703
f 5540 5604 5516
f 5540 5690 5604
f 5516 5703 5543
f 5543 5703 5700
f 5543 5700 5542
f 5542 5700 5697
f 5542 5697 5541
f 5541 5697 5544
f 5541 5544 5501
f 5539 5690 5540
f 5539 5689 5690
f 5538 5689 5539
f 5689 5693 5690
f 5538 5688 5689
f 5503 5688 5538
f 5503 5535 5688
f 5689 5692 5693
f 5688 5692 5689
f 5692 5696 5693
f 5535 5691 5688
f 5688 5691 5692
f 5535 5536 5691
f 5692 5695 5696
f 5691 5695 5692
f 5536 5694 5691
f 5691 5694 5695
f 5536 5537 5694
f 5695 5892 5696
f 5696 5892 5893
f 5695 5891 5892
f 5694 5891 5695
f 5694 5890 5891
f 5537 5890 5694
f 5537 5889 5890
f 5714 5621 5509
f 5713 5621 5714
f 5710 5713 5714
f 5710 5714 5711
f 5711 5714 5612
f 5714 5897 5612
f 5713 5620 5621
f 5709 5713 5710
f 5712 5620 5713
f 5709 5712 5713
f 5707 5710 5711
f 5706 5709 5710
f 5706 5710 5707
f 5572 5712 5709
f 5571 5572 5709
f 5571 5709 5706
f 5504 5571 5706
f 5504 5706 5550
f 5550 5706 5707
f 5572 5573 5712
f 5550 5707 5551
f 5573 5619 5712
f 5712 5619 5620
f 5573 5521 5619
f 5551 5707 5708
f 5707 5711 5708
f 5551 5708 5552
f 5735 5619 5521
f 5735 5521 5570
f 5738 5620 5619
f 5738 5619 5735
f 5708 5711 5611
f 5711 5612 5611
f 5552 5708 5610
f 5708 5611 5610
f 5552 5610 5518
f 5734 5735 5570
f 5734 5570 5569
f 5518 5610 5721
f 5518 5721 5555
f 5610 5611 5722
f 5610 5722 5721
f 5611 5612 5723
f 5611 5723 5722
f 5555 5721 5718
f 5555 5718 5554
f 5721 5722 5719
f 5721 5719 5718
f 5554 5718 5715
f 5554 5715 5553
f 5553 5715 5556
f 5553 5556 5505
f 5715 5557 5556
f 5718 5716 5715
f 5715 5716 5557
f 5718 5719 5716
f 5716 5558 5557
f 5716 5717 5558
f 5719 5717 5716
f 5717 5519 5558
f 5722 5720 5719
f 5719 5720 5717
f 5722 5723 5720
f 5717 5613 5519
f 5720 5613 5717
f 5561 5519 5613
f 5723 5614 5720
f 5720 5614 5613
f 5561 5613 5730
f 5730 5613 5614
f 5560 5561 5730
f 5723 5615 5614
f 5612 5615 5723
f 5612 5898 5615
f 5560 5730 5727
f 5559 5560 5727
f 5730 5614 5731
f 5731 5614 5615
f 5727 5730 5731
f 5559 5727 5724
f 5507 5559 5724
f 5507 5724 5562
f 5731 5615 5732
f 5732 5615 5899
f 5727 5731 5728
f 5724 5727 5728
f 5728 5731 5732
f 5562 5724 5725
f 5724 5728 5725
f 5562 5725 5563
f 5728 5732 5729
f 5725 5728 5729
f 5563 5725 5726
f 5725 5729 5726
f 5563 5726 5564
f 5729 5732 5618
f 5732 5900 5618
f 5729 5618 5617
f 5726 5729 5617
f 5726 5617 5616
f 5564 5726 5616
f 5564 5616 5520
f 5565 5568 5506
f 5565 5733 5568
f 5733 5569 5568
f 5566 5733 5565
f 5733 5734 5569
f 5566 5736 5733
f 5736 5734 5733
f 5567 5736 5566
f 5736 5737 5734
f 5737 5735 5734
f 5737 5738 5735
f 5567 5739 5736
f 5739 5737 5736
f 5901 5739 5567
f 5901 5902 5739
f 5739 5740 5737
f 5902 5740 5739
f 5740 5738 5737
f 5902 5903 5740
f 5740 5741 5738
f 5903 5741 5740
f 5741 5620 5738
f 5903 5904 5741
f 5741 5621 5620
f 5904 5621 5741
f 5904 5905 5621
f 5911 5574 5912
f 5911 5751 5574
f 5913 5751 5911
f 5751 5575 5574
f 5913 5754 5751
f 5914 5754 5913
f 5751 5752 5575
f 5754 5752 5751
f 5752 5576 5575
f 5914 5757 5754
f 5910 5757 5914
f 5752 5753 5576
f 5753 5522 5576
f 5754 5755 5752
f 5757 5755 5754
f 5755 5753 5752
f 5910 5622 5757
f 5909 5622 5910
f 5753 5625 5522
f 5579 5522 5625
f 5755 5756 5753
f 5756 5625 5753
f 5757 5758 5755
f 5622 5758 5757
f 5758 5756 5755
f 5909 5744 5622
f 5908 5744 5909
f 5579 5625 5766
f 5578 5579 5766
f 5622 5623 5758
f 5744 5623 5622
f 5756 5626 5625
f 5766 5625 5626
f 5758 5759 5756
f 5623 5759 5758
f 5759 5626 5756
f 5908 5743 5744
f 5907 5743 5908
f 5578 5766 5763
f 5577 5578 5763
f 5744 5747 5623
f 5743 5747 5744
f 5623 5624 5759
f 5747 5624 5623
f 5759 5627 5626
f 5624 5627 5759
f 5766 5626 5767
f 5763 5766 5767
f 5767 5626 5627
f 5907 5742 5743
f 5906 5742 5907
f 5906 5583 5742
f 5743 5746 5747
f 5742 5746 5743
f 5583 5745 5742
f 5742 5745 5746
f 5583 5584 5745
f 5747 5750 5624
f 5746 5750 5747
f 5624 5510 5627
f 5750 5510 5624
f 5767 5627 5768
f 5768 5627 5510
f 5584 5748 5745
f 5584 5585 5748
f 5745 5749 5746
f 5746 5749 5750
f 5745 5748 5749
f 5750 5633 5510
f 5749 5633 5750
f 5585 5631 5748
f 5585 5523 5631
f 5748 5632 5749
f 5749 5632 5633
f 5748 5631 5632
f 5630 5510 5633
f 5768 5510 5630
f 5764 5767 5768
f 5763 5767 5764
f 5771 5631 5523
f 5771 5523 5582
f 5774 5632 5631
f 5774 5631 5771
f 5777 5633 5632
f 5630 5633 5777
f 5777 5632 5774
f 5765 5768 5630
f 5764 5768 5765
f 5760 5763 5764
f 5577 5763 5760
f 5915 5577 5760
f 5915 5760 5916
f 5760 5764 5761
f 5916 5760 5761
f 5761 5764 5765
f 5916 5761 5917
f 5917 5761 5762
f 5761 5765 5762
f 5917 5762 5918
f 5765 5630 5629
f 5762 5765 5629
f 5629 5630 5777
f 5918 5762 5628
f 5762 5629 5628
f 5918 5628 5919
f 5629 5777 5776
f 5628 5629 5776
f 5776 5777 5774
f 5919 5628 5775
f 5628 5776 5775
f 5919 5775 5923
f 5776 5774 5773
f 5775 5776 5773
f 5773 5774 5771
f 5923 5775 5772
f 5775 5773 5772
f 5923 5772 5922
f 5773 5771 5770
f 5772 5773 5770
f 5770 5771 5582
f 5770 5582 5581
f 5922 5772 5769
f 5772 5770 5769
f 5769 5770 5581
f 5922 5769 5920
f 5769 5581 5580
f 5920 5769 5580
f 5920 5580 5921
f 5933 5586 5934
f 5933 5787 5586
f 5935 5787 5933
f 5787 5587 5586
f 5935 5790 5787
f 5936 5790 5935
f 5787 5788 5587
f 5790 5788 5787
f 5788 5588 5587
f 5936 5793 5790
f 5929 5793 5936
f 5788 5789 5588
f 5789 5524 5588
f 5790 5791 5788
f 5793 5791 5790
f 5791 5789 5788
f 5929 5634 5793
f 5928 5634 5929
f 5789 5637 5524
f 5591 5524 5637
f 5791 5792 5789
f 5792 5637 5789
f 5793 5794 5791
f 5634 5794 5793
f 5794 5792 5791
f 5928 5780 5634
f 5927 5780 5928
f 5591 5637 5802
f 5590 5591 5802
f 5634 5635 5794
f 5780 5635 5634
f 5792 5638 5637
f 5802 5637 5638
f 5794 5795 5792
f 5635 5795 5794
f 5795 5638 5792
f 5927 5779 5780
f 5926 5779 5927
f 5590 5802 5799
f 5589 5590 5799
f 5780 5783 5635
f 5779 5783 5780
f 5635 5636 5795
f 5783 5636 5635
f 5795 5639 5638
f 5636 5639 5795
f 5802 5638 5803
f 5799 5802 5803
f 5803 5638 5639
f 5926 5778 5779
f 5924 5778 5926
f 5924 5925 5778
f 5779 5782 5783
f 5778 5782 5779
f 5925 5781 5778
f 5778 5781 5782
f 5925 5930 5781
f 5783 5786 5636
f 5782 5786 5783
f 5636 5511 5639
f 5786 5511 5636
f 5803 5639 5804
f 5804 5639 5511
f 5930 5784 5781
f 5930 5931 5784
f 5781 5785 5782
f 5782 5785 5786
f 5781 5784 5785
f 5786 5645 5511
f 5785 5645 5786
f 5931 5643 5784
f 5931 5932 5643
f 5784 5644 5785
f 5785 5644 5645
f 5784 5643 5644
f 5642 5511 5645
f 5804 5511 5642
f 5800 5803 5804
f 5799 5803 5800
f 5807 5643 5932
f 5807 5932 5946
f 5810 5644 5643
f 5810 5643 5807
f 5813 5645 5644
f 5642 5645 5813
f 5813 5644 5810
f 5801 5804 5642
f 5800 5804 5801
f 5796 5799 5800
f 5589 5799 5796
f 5937 5589 5796
f 5937 5796 5938
f 5796 5800 5797
f 5938 5796 5797
f 5797 5800 5801
f 5938 5797 5939
f 5939 5797 5798
f 5797 5801 5798
f 5939 5798 5940
f 5801 5642 5641
f 5798 5801 5641
f 5641 5642 5813
f 5940 5798 5640
f 5798 5641 5640
f 5940 5640 5941
f 5641 5813 5812
f 5640 5641 5812
f 5812 5813 5810
f 5941 5640 5811
f 5640 5812 5811
f 5941 5811 5948
f 5812 5810 5809
f 5811 5812 5809
f 5809 5810 5807
f 5948 5811 5808
f 5811 5809 5808
f 5948 5808 5947
f 5809 5807 5806
f 5808 5809 5806
f 5806 5807 5946
f 5806 5946 5945
f 5947 5808 5805
f 5808 5806 5805
f 5805 5806 5945
f 5947 5805 5942
f 5805 5945 5943
f 5942 5805 5943
f 5942 5943 5944
f 5953 5646 5954
f 5953 5816 5646
f 5952 5816 5953
f 5816 5647 5646
f 5952 5815 5816
f 5951 5815 5952
f 5816 5819 5647
f 5815 5819 5816
f 5819 5648 5647
f 5951 5814 5815
f 5949 5814 5951
f 5949 5950 5814
f 5815 5818 5819
f 5814 5818 5815
f 5819 5822 5648
f 5818 5822 5819
f 5822 5512 5648
f 5950 5817 5814
f 5814 5817 5818
f 5950 5955 5817
f 5818 5821 5822
f 5817 5821 5818
f 5822 5657 5512
f 5821 5657 5822
f 5982 5512 5657
f 5955 5820 5817
f 5817 5820 5821
f 5955 5956 5820
f 5982 5657 5849
f 5981 5982 5849
f 5821 5656 5657
f 5820 5656 5821
f 5849 5657 5656
f 5956 5655 5820
f 5820 5655 5656
f 5956 5957 5655
f 5981 5849 5848
f 5980 5981 5848
f 5849 5656 5846
f 5846 5656 5655
f 5848 5849 5846
f 5843 5655 5957
f 5846 5655 5843
f 5843 5957 5976
f 5980 5848 5847
f 5979 5980 5847
f 5979 5847 5978
f 5848 5846 5845
f 5845 5846 5843
f 5847 5848 5845
f 5842 5843 5976
f 5845 5843 5842
f 5842 5976 5975
f 5978 5847 5844
f 5847 5845 5844
f 5844 5845 5842
f 5978 5844 5977
f 5841 5842 5975
f 5844 5842 5841
f 5977 5844 5841
f 5841 5975 5973
f 5977 5841 5972
f 5972 5841 5973
f 5972 5973 5974
f 5958 5592 5959
f 5958 5823 5592
f 5960 5823 5958
f 5823 5593 5592
f 5960 5826 5823
f 5961 5826 5960
f 5823 5824 5593
f 5826 5824 5823
f 5824 5594 5593
f 5961 5829 5826
f 5962 5829 5961
f 5962 5963 5829
f 5824 5825 5594
f 5825 5525 5594
f 5826 5827 5824
f 5829 5827 5826
f 5827 5825 5824
f 5963 5830 5829
f 5829 5830 5827
f 5963 5964 5830
f 5825 5649 5525
f 5597 5525 5649
f 5827 5828 5825
f 5830 5828 5827
f 5828 5649 5825
f 5964 5831 5830
f 5830 5831 5828
f 5964 5965 5831
f 5597 5649 5838
f 5596 5597 5838
f 5828 5650 5649
f 5831 5650 5828
f 5838 5649 5650
f 5965 5651 5831
f 5831 5651 5650
f 5965 5966 5651
f 5596 5838 5835
f 5595 5596 5835
f 5838 5650 5839
f 5839 5650 5651
f 5835 5838 5839
f 5840 5651 5966
f 5839 5651 5840
f 5840 5966 5654
f 5595 5835 5832
f 5967 5595 5832
f 5967 5832 5968
f 5835 5839 5836
f 5836 5839 5840
f 5832 5835 5836
f 5837 5840 5654
f 5836 5840 5837
f 5837 5654 5653
f 5968 5832 5833
f 5832 5836 5833
f 5833 5836 5837
f 5968 5833 5969
f 5834 5837 5653
f 5833 5837 5834
f 5969 5833 5834
f 5834 5653 5652
f 5969 5834 5970
f 5970 5834 5652
f 5970 5652 5971
f 5992 5993 5994
f 5992 5859 5993
f 5998 5859 5992
f 5859 5995 5993
f 5998 5862 5859
f 5999 5862 5998
f 5859 5860 5995
f 5862 5860 5859
f 5860 5996 5995
f 5999 5865 5862
f 5988 5865 5999
f 5860 5861 5996
f 5861 5997 5996
f 5862 5863 5860
f 5865 5863 5862
f 5863 5861 5860
f 5988 5658 5865
f 5987 5658 5988
f 5861 5661 5997
f 6007 5997 5661
f 5863 5864 5861
f 5864 5661 5861
f 5865 5866 5863
f 5658 5866 5865
f 5866 5864 5863
f 5987 5852 5658
f 5986 5852 5987
f 6007 5661 5874
f 6006 6007 5874
f 5658 5659 5866
f 5852 5659 5658
f 5864 5662 5661
f 5874 5661 5662
f 5866 5867 5864
f 5659 5867 5866
f 5867 5662 5864
f 5986 5851 5852
f 5985 5851 5986
f 6006 5874 5871
f 6001 6006 5871
f 5852 5855 5659
f 5851 5855 5852
f 5659 5660 5867
f 5855 5660 5659
f 5867 5663 5662
f 5660 5663 5867
f 5874 5662 5875
f 5871 5874 5875
f 5875 5662 5663
f 5985 5850 5851
f 5983 5850 5985
f 5983 5984 5850
f 5851 5854 5855
f 5850 5854 5851
f 5984 5853 5850
f 5850 5853 5854
f 5984 5989 5853
f 5855 5858 5660
f 5854 5858 5855
f 5660 5513 5663
f 5858 5513 5660
f 5875 5663 5876
f 5876 5663 5513
f 5989 5856 5853
f 5989 5990 5856
f 5853 5857 5854
f 5854 5857 5858
f 5853 5856 5857
f 5858 5669 5513
f 5857 5669 5858
f 5990 5667 5856
f 5990 5991 5667
f 5856 5668 5857
f 5857 5668 5669
f 5856 5667 5668
f 5666 5513 5669
f 5876 5513 5666
f 5872 5875 5876
f 5871 5875 5872
f 5879 5667 5991
f 5879 5991 6012
f 5882 5668 5667
f 5882 5667 5879
f 5885 5669 5668
f 5666 5669 5885
f 5885 5668 5882
f 5873 5876 5666
f 5872 5876 5873
f 5868 5871 5872
f 6001 5871 5868
f 6000 6001 5868
f 6000 5868 6002
f 5868 5872 5869
f 6002 5868 5869
f 5869 5872 5873
f 6002 5869 6003
f 6003 5869 5870
f 5869 5873 5870
f 6003 5870 6004
f 5873 5666 5665
f 5870 5873 5665
f 5665 5666 5885
f 6004 5870 5664
f 5870 5665 5664
f 6004 5664 6005
f 5665 5885 5884
f 5664 5665 5884
f 5884 5885 5882
f 6005 5664 5883
f 5664 5884 5883
f 6005 5883 6014
f 5884 5882 5881
f 5883 5884 5881
f 5881 5882 5879
f 6014 5883 5880
f 5883 5881 5880
f 6014 5880 6013
f 5881 5879 5878
f 5880 5881 5878
f 5878 5879 6012
f 5878 6012 6011
f 6013 5880 5877
f 5880 5878 5877
f 5877 5878 6011
f 6013 5877 6008
f 5877 6011 6009
f 6008 5877 6009
f 6008 6009 6010
v -12.98082 -9.470257 10.32668
v -13.38558 -9.502131 10.59841
v -13.25441 -9.423102 9.92467
v -13.65918 -9.454976 10.1964
v -12.97963 -8.98499 10.38383
v -13.38581 -9.016975 10.65652
v -13.25418 -8.93767 9.980414
v -13.66037 -8.969655 10.2531
v -13.32 -9.641462 10.24056
v -13.32 -8.798538 10.33944
v -13.08236 -9.260958 10.63918
v -13.67157 -9.247684 10.52602
v -13.55764 -9.179043 9.940824
v -12.96843 -9.192315 10.05398
v -13.07213 -9.497624 10.08874
v -13.48754 -9.488267 10.00897
v -13.56787 -9.536661 10.42155
v -13.15246 -9.54602 10.50133
v -13.1519 -8.9516 10.57188
v -13.56869 -8.94221 10.49184
v -13.4881 -8.893654 10.07788
v -13.07131 -8.903044 10.15792
v -13.40056 -9.268538 10.7038
v -12.9032 -9.230134 10.36996
v -13.73663 -9.210615 10.20999
v -13.23941 -9.172189 9.875955
v -12.98864 -9.482952 10.28138
v -13.00615 -9.494891 10.21965
v -13.03418 -9.500471 10.15341
v -13.21696 -9.443602 9.945905
v -13.16788 -9.467017 9.98201
v -13.11788 -9.486045 10.03041
v -13.29792 -9.441777 9.930355
v -13.35785 -9.462738 9.945527
v -13.42299 -9.479172 9.971818
v -13.6357 -9.468376 10.15712
v -13.59712 -9.481579 10.10615
v -13.54683 -9.488923 10.05495
v -13.65136 -9.477809 10.23753
v -13.63385 -9.50371 10.29483
v -13.60582 -9.524467 10.35798
v -13.42304 -9.517159 10.57301
v -13.47212 -9.531585 10.53247
v -13.52212 -9.538895 10.48098
v -13.34208 -9.518984 10.58856
v -13.28215 -9.535864 10.56895
v -13.21701 -9.545768 10.53957
v -13.0043 -9.492385 10.3618
v -13.04288 -9.517023 10.40832
v -13.09317 -9.536016 10.45643
v -13.0033 -8.971513 10.4233
v -13.04195 -8.958295 10.47438
v -13.09242 -8.95094 10.52574
v -13.34208 -8.99819 10.65073
v -13.28202 -8.9772 10.63555
v -13.21667 -8.960724 10.60915
v -13.42344 -8.996357 10.63511
v -13.47264 -8.972905 10.59894
v -13.52279 -8.953828 10.55036
v -13.65244 -8.956889 10.29863
v -13.63491 -8.944937 10.36051
v -13.60678 -8.939353 10.42696
v -13.6367 -8.947411 10.21782
v -13.59805 -8.92273 10.17118
v -13.54758 -8.90369 10.12292
v -13.29792 -8.920733 9.990388
v -13.35798 -8.903826 10.01002
v -13.42333 -8.893906 10.03951
v -13.21656 -8.922566 10.00601
v -13.16736 -8.908119 10.04662
v -13.11721 -8.900802 10.0983
v -12.98756 -8.962033 10.34249
v -13.00509 -8.936088 10.28506
v -13.03322 -8.915277 10.2217
v -13.39039 -9.464871 10.62779
v -13.3955 -9.408905 10.66098
v -13.39906 -9.341862 10.68739
v -13.39063 -9.060104 10.67651
v -13.39576 -9.122437 10.69592
v -13.39933 -9.194032 10.7061
v -12.95475 -9.025781 10.38389
v -12.92821 -9.08562 10.38204
v -12.90976 -9.15548 10.37744
v -12.95599 -9.430664 10.33616
v -12.92953 -9.372212 10.34817
v -12.91112 -9.303439 10.35982
v -13.68401 -9.414265 10.19634
v -13.71047 -9.354621 10.19819
v -13.72888 -9.285018 10.20277
v -13.68525 -9.009325 10.2436
v -13.71179 -9.067968 10.23155
v -13.73024 -9.136997 10.21987
v -13.24961 -9.380057 9.904715
v -13.2445 -9.317927 9.88537
v -13.24094 -9.246594 9.875201
v -13.24937 -8.975001 9.950981
v -13.24424 -9.031151 9.917673
v -13.24067 -9.098446 9.891206
v -13.12301 -9.552078 10.11698
v -13.18246 -9.595696 10.15233
v -13.24913 -9.625962 10.19415
v -13.45315 -9.544641 10.05358
v -13.41297 -9.590504 10.10806
v -13.36791 -9.623286 10.17134
v -13.51699 -9.583103 10.38147
v -13.45754 -9.617357 10.337
v -13.39087 -9.637124 10.28931
v -13.18685 -9.59054 10.44488
v -13.22703 -9.62255 10.38126
v -13.27209 -9.639799 10.31212
v -13.18638 -8.89502 10.52716
v -13.22671 -8.849091 10.47246
v -13.27193 -8.816216 10.40896
v -13.51769 -8.887557 10.46354
v -13.45801 -8.843881 10.42804
v -13.39111 -8.813531 10.38608
v -13.45362 -8.848959 10.13448
v -13.41329 -8.816935 10.19832
v -13.36807 -8.799646 10.26771
v -13.12231 -8.856422 10.19811
v -13.18199 -8.822145 10.24274
v -13.24889 -8.802331 10.29059
v -13.12401 -9.489931 10.55027
v -13.10206 -9.422443 10.59089
v -13.08795 -9.344956 10.62099
v -13.31773 -9.269436 10.71146
v -13.23499 -9.268435 10.70292
v -13.15552 -9.265572 10.67851
v -13.12335 -9.017687 10.60665
v -13.10145 -9.092912 10.63046
v -13.08728 -9.175569 10.64187
v -12.92567 -9.23907 10.44614
v -12.96344 -9.247545 10.5184
v -13.01616 -9.255256 10.58413
v -13.60995 -9.478985 10.45695
v -13.64243 -9.410271 10.48712
v -13.6633 -9.331996 10.5105
v -13.74434 -9.220264 10.29225
v -13.73575 -9.229904 10.37443
v -13.71117 -9.239162 10.45336
v -13.61092 -9.006703 10.51301
v -13.64333 -9.080705 10.52639
v -13.6643 -9.162569 10.53106
v -13.48029 -9.265774 10.68024
v -13.55387 -9.261251 10.64168
v -13.61845 -9.255143 10.58961
v -13.51599 -9.422374 9.974325
v -13.53794 -9.347318 9.950427
v -13.55205 -9.264969 9.939075
v -13.31896 -9.171286 9.868257
v -13.40054 -9.172209 9.876129
v -13.48161 -9.175035 9.900218
v -13.51664 -8.949903 10.02876
v -13.53855 -9.017575 9.988193
v -13.55272 -9.095347 9.957962
v -13.71291 -9.201326 10.1308
v -13.67409 -9.192755 10.05772
v -13.62166 -9.185231 9.99358
v -13.03005 -9.43332 10.06765
v -12.99757 -9.35949 10.0542
v -12.9767 -9.27793 10.04957
v -12.89545 -9.220866 10.29095
v -12.90338 -9.211362 10.20992
v -12.92763 -9.201918 10.1294
v -13.02908 -8.960886 10.1224
v -12.99667 -9.029782 10.09226
v -12.9757 -9.108345 10.06878
v -13.1627 -9.174806 9.898265
v -13.08995 -9.179206 9.935778
v -13.02377 -9.185349 9.988145
v -13.02716 -9.524643 10.31128
v -13.05146 -9.544449 10.24956
v -13.08341 -9.554009 10.18285
v -13.0717 -9.556644 10.35352
v -13.10324 -9.58336 10.28958
v -13.14008 -9.596649 10.22085
v -13.12563 -9.579446 10.39971
v -13.16229 -9.610033 10.33495
v -13.20363 -9.626019 10.26503
v -13.26338 -9.483931 9.964192
v -13.32237 -9.513441 9.985199
v -13.3875 -9.534311 10.01492
v -13.21769 -9.515799 10.0053
v -13.27809 -9.553225 10.03267
v -13.3448 -9.578577 10.06679
v -13.16916 -9.53923 10.05685
v -13.22991 -9.581165 10.08885
v -13.2975 -9.60984 10.1271
v -13.61284 -9.51145 10.1988
v -13.58854 -9.545002 10.25426
v -13.55659 -9.569738 10.31694
v -13.5683 -9.532806 10.1503
v -13.53676 -9.573594 10.20632
v -13.49992 -9.602427 10.27011
v -13.51437 -9.544302 10.10009
v -13.47771 -9.589043 10.15601
v -13.43637 -9.620776 10.22033
v -13.37662 -9.552162 10.54589
v -13.31763 -9.57601 10.51862
v -13.25249 -9.589437 10.48488
v -13.42231 -9.573652 10.49852
v -13.36191 -9.60373 10.46324
v -13.2952 -9.620499 10.42418
v -13.47084 -9.584517 10.44294
v -13.41008 -9.61791 10.40211
v -13.3425 -9.636954 10.35826
v -13.0263 -8.92834 10.38139
v -13.07085 -8.906901 10.43012
v -13.12495 -8.895342 10.4805
v -13.05053 -8.894657 10.32574
v -13.1025 -8.865999 10.37387
v -13.16177 -8.850532 10.42434
v -13.08258 -8.869813 10.26286
v -13.13948 -8.837103 10.30986
v -13.20323 -8.818703 10.3598
v -13.37679 -8.95594 10.61669
v -13.42269 -8.923964 10.57558
v -13.47138 -8.90043 10.52387
v -13.31759 -8.926331 10.59577
v -13.36206 -8.886437 10.54811
v -13.41038 -8.858435 10.49172
v -13.25225 -8.905366 10.56596
v -13.29512 -8.861032 10.51386
v -13.34258 -8.829676 10.45335
v -13.6137 -8.915108 10.26858
v -13.56915 -8.882975 10.22614
v -13.51505 -8.860071 10.1798
v -13.58947 -8.895218 10.33052
v -13.5375 -8.8562 10.29033
v -13.47823 -8.829472 10.2448
v -13.55742 -8.8856 10.39744
v -13.50052 -8.8429 10.35929
v -13.43677 -8.813441 10.31495
v -13.26321 -8.887507 10.03328
v -13.21731 -8.865912 10.08068
v -13.16862 -8.854983 10.13643
v -13.32241 -8.863544 10.06049
v -13.27794 -8.835761 10.11608
v -13.22962 -8.821568 10.17742
v -13.38775 -8.850047 10.09434
v -13.34488 -8.818972 10.15529
v -13.29742 -8.802469 10.22141
v -12.97721 -9.444674 10.39505
v -13.01394 -9.46416 10.45041
v -13.0638 -9.480451 10.50342
v -12.95148 -9.384365 10.41726
v -12.98854 -9.399702 10.48198
v -13.03955 -9.413492 10.54085
v -12.93352 -9.314012 10.43427
v -12.971 -9.325915 10.50447
v -13.02311 -9.336975 10.56783
v -13.32668 -9.472193 10.62966
v -13.32233 -9.413568 10.66622
v -13.32095 -9.34452 10.69436
v -13.25987 -9.483526 10.61551
v -13.24721 -9.420072 10.65564
v -13.241 -9.347178 10.68573
v -13.19067 -9.49044 10.58858
v -13.17245 -9.423958 10.63007
v -13.16198 -9.347911 10.66106
v -13.32664 -9.053391 10.67996
v -13.25967 -9.039057 10.66882
v -13.19022 -9.02608 10.64418
v -13.32238 -9.119096 10.70211
v -13.24707 -9.110276 10.69314
v -13.17206 -9.100532 10.66907
v -13.32098 -9.193054 10.71358
v -13.24084 -9.188436 10.70557
v -13.16156 -9.181995 10.68167
v -12.97615 -9.02579 10.44466
v -12.95022 -9.089789 10.45226
v -12.93218 -9.162438 10.45257
v -13.01293 -9.019628 10.50317
v -12.98752 -9.089837 10.51889
v -12.96994 -9.167103 10.5237
v -13.06293 -9.016056 10.55872
v -13.03871 -9.090031 10.57955
v -13.02221 -9.171022 10.58812
v -13.45051 -9.469403 10.60588
v -13.50776 -9.477942 10.5679
v -13.5623 -9.482068 10.51721
v -13.46554 -9.410342 10.63872
v -13.53161 -9.413665 10.60102
v -13.59168 -9.414514 10.54956
v -13.47424 -9.341066 10.66492
v -13.54535 -9.340322 10.62728
v -13.60957 -9.337829 10.5751
v -13.68673 -9.428691 10.25879
v -13.71621 -9.367138 10.2704
v -13.73612 -9.295932 10.28014
v -13.67399 -9.449291 10.32365
v -13.70645 -9.38353 10.3441
v -13.72785 -9.308866 10.35912
v -13.64806 -9.467289 10.39121
v -13.68152 -9.399031 10.41756
v -13.70344 -9.32165 10.43718
v -13.6879 -9.009757 10.30797
v -13.67516 -9.004709 10.37599
v -13.64918 -9.00285 10.44614
v -13.71755 -9.072503 10.3049
v -13.70761 -9.073616 10.3806
v -13.68257 -9.075527 10.4559
v -13.73756 -9.144296 10.2979
v -13.72906 -9.150002 10.37792
v -13.70457 -9.155651 10.45707
v -13.45098 -9.05059 10.65608
v -13.46599 -9.11586 10.67453
v -13.47475 -9.18959 10.68405
v -13.50838 -9.033455 10.62106
v -13.53217 -9.103853 10.63839
v -13.54595 -9.181562 10.64697
v -13.56313 -9.01768 10.57257
v -13.59244 -9.091062 10.58834
v -13.61038 -9.171885 10.59547
v -13.66278 -9.414265 10.13581
v -13.62606 -9.420412 10.07745
v -13.57619 -9.423994 10.02211
v -13.68852 -9.350453 10.12816
v -13.65146 -9.350398 10.06165
v -13.60045 -9.35019 10.00118
v -13.70648 -9.278073 10.12789
v -13.669 -9.27341 10.05684
v -13.61689 -9.269506 9.99264
v -13.31332 -9.386746 9.901197
v -13.31767 -9.321251 9.879197
v -13.31905 -9.247565 9.867796
v -13.38013 -9.401047 9.912346
v -13.39279 -9.330029 9.88799
v -13.399 -9.252149 9.875581
v -13.44933 -9.414003 9.936938
v -13.46755 -9.339725 9.911962
v -13.47802 -9.258571 9.89941
v -13.31336 -8.967671 9.94918
v -13.38033 -8.956306 9.963335
v -13.44977 -8.949383 9.990309
v -13.31762 -9.026466 9.912426
v -13.39293 -9.019963 9.923194
v -13.46794 -9.016053 9.948865
v -13.31902 -9.095764 9.884152
v -13.39916 -9.093125 9.893017
v -13.47844 -9.092391 9.917761
v -13.66385 -8.995272 10.18448
v -13.68978 -9.055773 10.16227
v -13.70782 -9.126381 10.14517
v -13.62707 -8.975736 10.12898
v -13.65248 -9.040401 10.09744
v -13.67006 -9.114457 10.07488
v -13.57707 -8.959407 10.07577
v -13.60128 -9.026553 10.03838
v -13.61778 -9.103364 10.01131
v -13.18949 -9.389536 9.924979
v -13.13224 -9.406631 9.959951
v -13.07769 -9.422376 10.00831
v -13.17446 -9.324477 9.9067
v -13.10839 -9.336435 9.942607
v -13.04832 -9.349169 9.992474
v -13.16576 -9.251019 9.897236
v -13.09465 -9.259005 9.93403
v -13.03043 -9.268654 9.985368
v -12.95327 -9.430248 10.27207
v -12.92379 -9.367682 10.27502
v -12.90388 -9.296153 10.28202
v -12.96601 -9.435281 10.20421
v -12.93355 -9.36657 10.19952
v -12.91215 -9.29046 10.2022
v -12.99194 -9.437155 10.13431
v -12.95848 -9.364652 10.12447
v -12.93656 -9.284832 10.1233
v -12.9521 -9.011305 10.32117
v -12.96484 -8.990653 10.25616
v -12.99082 -8.972612 10.18835
v -12.92245 -9.073058 10.30964
v -12.93239 -9.056623 10.23573
v -12.95743 -9.041058 10.16203
v -12.90244 -9.144524 10.29984
v -12.91094 -9.131557 10.22067
v -12.93543 -9.118735 10.14235
v -13.18902 -8.970472 9.973059
v -13.17401 -9.029702 9.940006
v -13.16525 -9.099228 9.913684
v -13.13162 -8.961908 10.0111
v -13.10783 -9.026385 9.977947
v -13.09405 -9.099998 9.951613
v -13.07687 -8.957783 10.06192
v -13.04756 -9.025522 10.0296
v -13.02962 -9.102502 10.00396
v -13.27209 -9.639799 10.31212
v -13.32 -9.641462 10.24056
v -13.32 -9.641462 10.24056
v -13.48754 -9.488267 10.00897
v -13.45315 -9.544641 10.05358
v -13.41297 -9.590504 10.10806
v -13.36791 -9.623286 10.17134
v -13.32 -9.641462 10.24056
v -13.32 -9.641462 10.24056
v -13.32 -9.641462 10.24056
v -13.27209 -9.639799 10.31212
v -13.32 -8.798538 10.33944
v -13.32 -8.798538 10.33944
v -13.32 -8.798538 10.33944
v -13.32 -8.798538 10.33944
v -13.4881 -8.893654 10.07788
v -13.45362 -8.848959 10.13448
v -13.41329 -8.816935 10.19832
v -13.36807 -8.799646 10.26771
v -13.32 -8.798538 10.33944
v -12.98082 -9.470257 10.32668
v -13.0043 -9.492385 10.3618
v -13.04288 -9.517023 10.40832
v -13.09317 -9.536016 10.45643
v -13.15246 -9.54602 10.50133
v -13.34208 -9.518984 10.58856
v -13.38558 -9.502131 10.59841
v -13.28215 -9.535864 10.56895
v -13.21701 -9.545768 10.53957
v -13.38581 -9.016975 10.65652
v -13.34208 -8.99819 10.65073
v -13.28202 -8.9772 10.63555
v -13.21667 -8.960724 10.60915
v -13.1519 -8.9516 10.57188
v -13.0033 -8.971513 10.4233
v -12.97963 -8.98499 10.38383
v -13.04195 -8.958295 10.47438
v -13.09242 -8.95094 10.52574
v -13.38558 -9.502131 10.59841
v -13.39039 -9.464871 10.62779
v -13.42304 -9.517159 10.57301
v -13.47212 -9.531585 10.53247
v -13.52212 -9.538895 10.48098
v -13.56787 -9.536661 10.42155
v -13.3955 -9.408905 10.66098
v -13.39906 -9.341862 10.68739
v -13.40056 -9.268538 10.7038
v -13.65136 -9.477809 10.23753
v -13.65918 -9.454976 10.1964
v -13.63385 -9.50371 10.29483
v -13.60582 -9.524467 10.35798
v -13.66037 -8.969655 10.2531
v -13.65244 -8.956889 10.29863
v -13.63491 -8.944937 10.36051
v -13.60678 -8.939353 10.42696
v -13.56869 -8.94221 10.49184
v -13.42344 -8.996357 10.63511
v -13.39063 -9.060104 10.67651
v -13.38581 -9.016975 10.65652
v -13.39576 -9.122437 10.69592
v -13.39933 -9.194032 10.7061
v -13.47264 -8.972905 10.59894
v -13.52279 -8.953828 10.55036
v -13.65918 -9.454976 10.1964
v -13.68401 -9.414265 10.19634
v -13.6357 -9.468376 10.15712
v -13.59712 -9.481579 10.10615
v -13.54683 -9.488923 10.05495
v -13.48754 -9.488267 10.00897
v -13.71047 -9.354621 10.19819
v -13.72888 -9.285018 10.20277
v -13.73663 -9.210615 10.20999
v -13.29792 -9.441777 9.930355
v -13.25441 -9.423102 9.92467
v -13.35785 -9.462738 9.945527
v -13.42299 -9.479172 9.971818
v -13.48754 -9.488267 10.00897
v -13.51599 -9.422374 9.974325
v -13.53794 -9.347318 9.950427
v -13.55205 -9.264969 9.939075
v -13.55764 -9.179043 9.940824
v -13.25418 -8.93767 9.980414
v -13.29792 -8.920733 9.990388
v -13.35798 -8.903826 10.01002
v -13.42333 -8.893906 10.03951
v -13.4881 -8.893654 10.07788
v -13.6367 -8.947411 10.21782
v -13.68525 -9.009325 10.2436
v -13.66037 -8.969655 10.2531
v -13.71179 -9.067968 10.23155
v -13.73024 -9.136997 10.21987
v -13.59805 -8.92273 10.17118
v -13.54758 -8.90369 10.12292
v -13.4881 -8.893654 10.07788
v -13.51664 -8.949903 10.02876
v -13.53855 -9.017575 9.988193
v -13.55272 -9.095347 9.957962
v -13.25441 -9.423102 9.92467
v -13.24961 -9.380057 9.904715
v -13.21696 -9.443602 9.945905
v -13.16788 -9.467017 9.98201
v -13.11788 -9.486045 10.03041
v -13.07213 -9.497624 10.08874
v -13.2445 -9.317927 9.88537
v -13.24094 -9.246594 9.875201
v -13.23941 -9.172189 9.875955
v -12.98864 -9.482952 10.28138
v -12.95599 -9.430664 10.33616
v -12.98082 -9.470257 10.32668
v -12.92953 -9.372212 10.34817
v -12.91112 -9.303439 10.35982
v -12.9032 -9.230134 10.36996
v -13.00615 -9.494891 10.21965
v -13.03418 -9.500471 10.15341
v -12.97963 -8.98499 10.38383
v -12.95475 -9.025781 10.38389
v -12.98756 -8.962033 10.34249
v -13.00509 -8.936088 10.28506
v -13.03322 -8.915277 10.2217
v -13.07131 -8.903044 10.15792
v -12.92821 -9.08562 10.38204
v -12.90976 -9.15548 10.37744
v -13.21656 -8.922566 10.00601
v -13.24937 -8.975001 9.950981
v -13.25418 -8.93767 9.980414
v -13.24424 -9.031151 9.917673
v -13.24067 -9.098446 9.891206
v -13.16736 -8.908119 10.04662
v -13.11721 -8.900802 10.0983
f 6192 6401 6193
f 6189 6192 6193
f 6188 6192 6189
f 6188 6191 6192
f 6191 6123 6192
f 6192 6123 6124
f 6193 6124 6023
f 6220 6124 6123
f 6189 6193 6190
f 6190 6193 6115
f 6193 6402 6115
f 6185 6188 6189
f 6186 6189 6190
f 6185 6189 6186
f 6063 6191 6188
f 6062 6063 6188
f 6062 6188 6185
f 6015 6062 6185
f 6015 6185 6041
f 6041 6185 6186
f 6063 6064 6191
f 6041 6186 6042
f 6064 6122 6191
f 6064 6032 6122
f 6191 6122 6123
f 6042 6186 6187
f 6186 6190 6187
f 6042 6187 6043
f 6214 6122 6032
f 6214 6032 6061
f 6217 6123 6122
f 6217 6122 6214
f 6220 6123 6217
f 6187 6190 6114
f 6190 6115 6114
f 6043 6187 6113
f 6187 6114 6113
f 6043 6113 6029
f 6213 6214 6061
f 6213 6061 6060
f 6216 6217 6214
f 6216 6214 6213
f 6029 6113 6200
f 6029 6200 6046
f 6113 6114 6201
f 6113 6201 6200
f 6114 6115 6202
f 6114 6202 6201
f 6212 6213 6060
f 6212 6060 6059
f 6046 6200 6197
f 6046 6197 6045
f 6115 6118 6202
f 6115 6403 6118
f 6202 6118 6117
f 6202 6117 6199
f 6201 6202 6199
f 6199 6117 6116
f 6200 6201 6198
f 6201 6199 6198
f 6200 6198 6197
f 6199 6116 6196
f 6198 6199 6196
f 6196 6116 6030
f 6196 6030 6049
f 6198 6196 6195
f 6195 6196 6049
f 6197 6198 6195
f 6195 6049 6048
f 6197 6195 6194
f 6194 6195 6048
f 6045 6197 6194
f 6194 6048 6047
f 6045 6194 6044
f 6044 6194 6047
f 6044 6047 6017
f 6121 6410 6124
f 6211 6409 6121
f 6208 6211 6121
f 6208 6121 6120
f 6120 6121 6220
f 6121 6411 6220
f 6120 6220 6219
f 6219 6220 6217
f 6219 6217 6216
f 6119 6120 6219
f 6218 6219 6216
f 6119 6219 6218
f 6205 6208 6120
f 6205 6120 6119
f 6218 6216 6215
f 6215 6216 6213
f 6215 6213 6212
f 6031 6119 6218
f 6055 6119 6031
f 6055 6205 6119
f 6031 6218 6058
f 6058 6218 6215
f 6058 6215 6057
f 6057 6215 6212
f 6057 6212 6056
f 6056 6212 6059
f 6056 6059 6016
f 6054 6205 6055
f 6054 6204 6205
f 6053 6204 6054
f 6204 6208 6205
f 6053 6203 6204
f 6018 6203 6053
f 6018 6050 6203
f 6204 6207 6208
f 6203 6207 6204
f 6207 6211 6208
f 6050 6206 6203
f 6203 6206 6207
f 6050 6051 6206
f 6207 6210 6211
f 6206 6210 6207
f 6051 6209 6206
f 6206 6209 6210
f 6051 6052 6209
f 6210 6407 6211
f 6211 6407 6408
f 6210 6406 6407
f 6209 6406 6210
f 6209 6405 6406
f 6052 6405 6209
f 6052 6404 6405
f 6229 6136 6024
f 6228 6136 6229
f 6225 6228 6229
f 6225 6229 6226
f 6226 6229 6127
f 6229 6412 6127
f 6228 6135 6136
f 6224 6228 6225
f 6227 6135 6228
f 6224 6227 6228
f 6222 6225 6226
f 6221 6224 6225
f 6221 6225 6222
f 6087 6227 6224
f 6086 6087 6224
f 6086 6224 6221
f 6019 6086 6221
f 6019 6221 6065
f 6065 6221 6222
f 6087 6088 6227
f 6065 6222 6066
f 6088 6134 6227
f 6227 6134 6135
f 6088 6036 6134
f 6066 6222 6223
f 6222 6226 6223
f 6066 6223 6067
f 6250 6134 6036
f 6250 6036 6085
f 6253 6135 6134
f 6253 6134 6250
f 6223 6226 6126
f 6226 6127 6126
f 6067 6223 6125
f 6223 6126 6125
f 6067 6125 6033
f 6249 6250 6085
f 6249 6085 6084
f 6033 6125 6236
f 6033 6236 6070
f 6125 6126 6237
f 6125 6237 6236
f 6126 6127 6238
f 6126 6238 6237
f 6070 6236 6233
f 6070 6233 6069
f 6236 6237 6234
f 6236 6234 6233
f 6069 6233 6230
f 6069 6230 6068
f 6068 6230 6071
f 6068 6071 6020
f 6230 6072 6071
f 6233 6231 6230
f 6230 6231 6072
f 6233 6234 6231
f 6231 6073 6072
f 6231 6232 6073
f 6234 6232 6231
f 6232 6034 6073
f 6237 6235 6234
f 6234 6235 6232
f 6237 6238 6235
f 6232 6128 6034
f 6235 6128 6232
f 6076 6034 6128
f 6238 6129 6235
f 6235 6129 6128
f 6076 6128 6245
f 6245 6128 6129
f 6075 6076 6245
f 6238 6130 6129
f 6127 6130 6238
f 6127 6413 6130
f 6075 6245 6242
f 6074 6075 6242
f 6245 6129 6246
f 6246 6129 6130
f 6242 6245 6246
f 6074 6242 6239
f 6022 6074 6239
f 6022 6239 6077
f 6246 6130 6247
f 6247 6130 6414
f 6242 6246 6243
f 6239 6242 6243
f 6243 6246 6247
f 6077 6239 6240
f 6239 6243 6240
f 6077 6240 6078
f 6243 6247 6244
f 6240 6243 6244
f 6078 6240 6241
f 6240 6244 6241
f 6078 6241 6079
f 6244 6247 6133
f 6247 6415 6133
f 6244 6133 6132
f 6241 6244 6132
f 6241 6132 6131
f 6079 6241 6131
f 6079 6131 6035
f 6080 6083 6021
f 6080 6248 6083
f 6248 6084 6083
f 6081 6248 6080
f 6248 6249 6084
f 6081 6251 6248
f 6251 6249 6248
f 6082 6251 6081
f 6251 6252 6249
f 6252 6250 6249
f 6252 6253 6250
f 6082 6254 6251
f 6254 6252 6251
f 6416 6254 6082
f 6416 6417 6254
f 6254 6255 6252
f 6417 6255 6254
f 6255 6253 6252
f 6417 6418 6255
f 6255 6256 6253
f 6418 6256 6255
f 6256 6135 6253
f 6418 6419 6256
f 6256 6136 6135
f 6419 6136 6256
f 6419 6420 6136
f 6426 6089 6427
f 6426 6266 6089
f 6428 6266 6426
f 6266 6090 6089
f 6428 6269 6266
f 6429 6269 6428
f 6266 6267 6090
f 6269 6267 6266
f 6267 6091 6090
f 6429 6272 6269
f 6425 6272 6429
f 6267 6268 6091
f 6268 6037 6091
f 6269 6270 6267
f 6272 6270 6269
f 6270 6268 6267
f 6425 6137 6272
f 6424 6137 6425
f 6268 6140 6037
f 6094 6037 6140
f 6270 6271 6268
f 6271 6140 6268
f 6272 6273 6270
f 6137 6273 6272
f 6273 6271 6270
f 6424 6259 6137
f 6423 6259 6424
f 6094 6140 6281
f 6093 6094 6281
f 6137 6138 6273
f 6259 6138 6137
f 6271 6141 6140
f 6281 6140 6141
f 6273 6274 6271
f 6138 6274 6273
f 6274 6141 6271
f 6423 6258 6259
f 6422 6258 6423
f 6093 6281 6278
f 6092 6093 6278
f 6259 6262 6138
f 6258 6262 6259
f 6138 6139 6274
f 6262 6139 6138
f 6274 6142 6141
f 6139 6142 6274
f 6281 6141 6282
f 6278 6281 6282
f 6282 6141 6142
f 6422 6257 6258
f 6421 6257 6422
f 6421 6098 6257
f 6258 6261 6262
f 6257 6261 6258
f 6098 6260 6257
f 6257 6260 6261
f 6098 6099 6260
f 6262 6265 6139
f 6261 6265 6262
f 6139 6025 6142
f 6265 6025 6139
f 6282 6142 6283
f 6283 6142 6025
f 6099 6263 6260
f 6099 6100 6263
f 6260 6264 6261
f 6261 6264 6265
f 6260 6263 6264
f 6265 6148 6025
f 6264 6148 6265
f 6100 6146 6263
f 6100 6038 6146
f 6263 6147 6264
f 6264 6147 6148
f 6263 6146 6147
f 6145 6025 6148
f 6283 6025 6145
f 6279 6282 6283
f 6278 6282 6279
f 6286 6146 6038
f 6286 6038 6097
f 6289 6147 6146
f 6289 6146 6286
f 6292 6148 6147
f 6145 6148 6292
f 6292 6147 6289
f 6280 6283 6145
f 6279 6283 6280
f 6275 6278 6279
f 6092 6278 6275
f 6430 6092 6275
f 6430 6275 6431
f 6275 6279 6276
f 6431 6275 6276
f 6276 6279 6280
f 6431 6276 6432
f 6432 6276 6277
f 6276 6280 6277
f 6432 6277 6433
f 6280 6145 6144
f 6277 6280 6144
f 6144 6145 6292
f 6433 6277 6143
f 6277 6144 6143
f 6433 6143 6434
f 6144 6292 6291
f 6143 6144 6291
f 6291 6292 6289
f 6434 6143 6290
f 6143 6291 6290
f 6434 6290 6438
f 6291 6289 6288
f 6290 6291 6288
f 6288 6289 6286
f 6438 6290 6287
f 6290 6288 6287
f 6438 6287 6437
f 6288 6286 6285
f 6287 6288 6285
f 6285 6286 6097
f 6285 6097 6096
f 6437 6287 6284
f 6287 6285 6284
f 6284 6285 6096
f 6437 6284 6435
f 6284 6096 6095
f 6435 6284 6095
f 6435 6095 6436
f 6448 6101 6449
f 6448 6302 6101
f 6450 6302 6448
f 6302 6102 6101
f 6450 6305 6302
f 6451 6305 6450
f 6302 6303 6102
f 6305 6303 6302
f 6303 6103 6102
f 6451 6308 6305
f 6444 6308 6451
f 6303 6304 6103
f 6304 6039 6103
f 6305 6306 6303
f 6308 6306 6305
f 6306 6304 6303
f 6444 6149 6308
f 6443 6149 6444
f 6304 6152 6039
f 6106 6039 6152
f 6306 6307 6304
f 6307 6152 6304
f 6308 6309 6306
f 6149 6309 6308
f 6309 6307 6306
f 6443 6295 6149
f 6442 6295 6443
f 6106 6152 6317
f 6105 6106 6317
f 6149 6150 6309
f 6295 6150 6149
f 6307 6153 6152
f 6317 6152 6153
f 6309 6310 6307
f 6150 6310 6309
f 6310 6153 6307
f 6442 6294 6295
f 6441 6294 6442
f 6105 6317 6314
f 6104 6105 6314
f 6295 6298 6150
f 6294 6298 6295
f 6150 6151 6310
f 6298 6151 6150
f 6310 6154 6153
f 6151 6154 6310
f 6317 6153 6318
f 6314 6317 6318
f 6318 6153 6154
f 6441 6293 6294
f 6439 6293 6441
f 6439 6440 6293
f 6294 6297 6298
f 6293 6297 6294
f 6440 6296 6293
f 6293 6296 6297
f 6440 6445 6296
f 6298 6301 6151
f 6297 6301 6298
f 6151 6026 6154
f 6301 6026 6151
f 6318 6154 6319
f 6319 6154 6026
f 6445 6299 6296
f 6445 6446 6299
f 6296 6300 6297
f 6297 6300 6301
f 6296 6299 6300
f 6301 6160 6026
f 6300 6160 6301
f 6446 6158 6299
f 6446 6447 6158
f 6299 6159 6300
f 6300 6159 6160
f 6299 6158 6159
f 6157 6026 6160
f 6319 6026 6157
f 6315 6318 6319
f 6314 6318 6315
f 6322 6158 6447
f 6322 6447 6461
f 6325 6159 6158
f 6325 6158 6322
f 6328 6160 6159
f 6157 6160 6328
f 6328 6159 6325
f 6316 6319 6157
f 6315 6319 6316
f 6311 6314 6315
f 6104 6314 6311
f 6452 6104 6311
f 6452 6311 6453
f 6311 6315 6312
f 6453 6311 6312
f 6312 6315 6316
f 6453 6312 6454
f 6454 6312 6313
f 6312 6316 6313
f 6454 6313 6455
f 6316 6157 6156
f 6313 6316 6156
f 6156 6157 6328
f 6455 6313 6155
f 6313 6156 6155
f 6455 6155 6456
f 6156 6328 6327
f 6155 6156 6327
f 6327 6328 6325
f 6456 6155 6326
f 6155 6327 6326
f 6456 6326 6463
f 6327 6325 6324
f 6326 6327 6324
f 6324 6325 6322
f 6463 6326 6323
f 6326 6324 6323
f 6463 6323 6462
f 6324 6322 6321
f 6323 6324 6321
f 6321 6322 6461
f 6321 6461 6460
f 6462 6323 6320
f 6323 6321 6320
f 6320 6321 6460
f 6462 6320 6457
f 6320 6460 6458
f 6457 6320 6458
f 6457 6458 6459
f 6468 6161 6469
f 6468 6331 6161
f 6467 6331 6468
f 6331 6162 6161
f 6467 6330 6331
f 6466 6330 6467
f 6331 6334 6162
f 6330 6334 6331
f 6334 6163 6162
f 6466 6329 6330
f 6464 6329 6466
f 6464 6465 6329
f 6330 6333 6334
f 6329 6333 6330
f 6334 6337 6163
f 6333 6337 6334
f 6337 6027 6163
f 6465 6332 6329
f 6329 6332 6333
f 6465 6470 6332
f 6333 6336 6337
f 6332 6336 6333
f 6337 6172 6027
f 6336 6172 6337
f 6497 6027 6172
f 6470 6335 6332
f 6332 6335 6336
f 6470 6471 6335
f 6497 6172 6364
f 6496 6497 6364
f 6336 6171 6172
f 6335 6171 6336
f 6364 6172 6171
f 6471 6170 6335
f 6335 6170 6171
f 6471 6472 6170
f 6496 6364 6363
f 6495 6496 6363
f 6364 6171 6361
f 6361 6171 6170
f 6363 6364 6361
f 6358 6170 6472
f 6361 6170 6358
f 6358 6472 6491
f 6495 6363 6362
f 6494 6495 6362
f 6494 6362 6493
f 6363 6361 6360
f 6360 6361 6358
f 6362 6363 6360
f 6357 6358 6491
f 6360 6358 6357
f 6357 6491 6490
f 6493 6362 6359
f 6362 6360 6359
f 6359 6360 6357
f 6493 6359 6492
f 6356 6357 6490
f 6359 6357 6356
f 6492 6359 6356
f 6356 6490 6488
f 6492 6356 6487
f 6487 6356 6488
f 6487 6488 6489
f 6473 6107 6474
f 6473 6338 6107
f 6475 6338 6473
f 6338 6108 6107
f 6475 6341 6338
f 6476 6341 6475
f 6338 6339 6108
f 6341 6339 6338
f 6339 6109 6108
f 6476 6344 6341
f 6477 6344 6476
f 6477 6478 6344
f 6339 6340 6109
f 6340 6040 6109
f 6341 6342 6339
f 6344 6342 6341
f 6342 6340 6339
f 6478 6345 6344
f 6344 6345 6342
f 6478 6479 6345
f 6340 6164 6040
f 6112 6040 6164
f 6342 6343 6340
f 6345 6343 6342
f 6343 6164 6340
f 6479 6346 6345
f 6345 6346 6343
f 6479 6480 6346
f 6112 6164 6353
f 6111 6112 6353
f 6343 6165 6164
f 6346 6165 6343
f 6353 6164 6165
f 6480 6166 6346
f 6346 6166 6165
f 6480 6481 6166
f 6111 6353 6350
f 6110 6111 6350
f 6353 6165 6354
f 6354 6165 6166
f 6350 6353 6354
f 6355 6166 6481
f 6354 6166 6355
f 6355 6481 6169
f 6110 6350 6347
f 6482 6110 6347
f 6482 6347 6483
f 6350 6354 6351
f 6351 6354 6355
f 6347 6350 6351
f 6352 6355 6169
f 6351 6355 6352
f 6352 6169 6168
f 6483 6347 6348
f 6347 6351 6348
f 6348 6351 6352
f 6483 6348 6484
f 6349 6352 6168
f 6348 6352 6349
f 6484 6348 6349
f 6349 6168 6167
f 6484 6349 6485
f 6485 6349 6167
f 6485 6167 6486
f 6507 6508 6509
f 6507 6374 6508
f 6513 6374 6507
f 6374 6510 6508
f 6513 6377 6374
f 6514 6377 6513
f 6374 6375 6510
f 6377 6375 6374
f 6375 6511 6510
f 6514 6380 6377
f 6503 6380 6514
f 6375 6376 6511
f 6376 6512 6511
f 6377 6378 6375
f 6380 6378 6377
f 6378 6376 6375
f 6503 6173 6380
f 6502 6173 6503
f 6376 6176 6512
f 6522 6512 6176
f 6378 6379 6376
f 6379 6176 6376
f 6380 6381 6378
f 6173 6381 6380
f 6381 6379 6378
f 6502 6367 6173
f 6501 6367 6502
f 6522 6176 6389
f 6521 6522 6389
f 6173 6174 6381
f 6367 6174 6173
f 6379 6177 6176
f 6389 6176 6177
f 6381 6382 6379
f 6174 6382 6381
f 6382 6177 6379
f 6501 6366 6367
f 6500 6366 6501
f 6521 6389 6386
f 6516 6521 6386
f 6367 6370 6174
f 6366 6370 6367
f 6174 6175 6382
f 6370 6175 6174
f 6382 6178 6177
f 6175 6178 6382
f 6389 6177 6390
f 6386 6389 6390
f 6390 6177 6178
f 6500 6365 6366
f 6498 6365 6500
f 6498 6499 6365
f 6366 6369 6370
f 6365 6369 6366
f 6499 6368 6365
f 6365 6368 6369
f 6499 6504 6368
f 6370 6373 6175
f 6369 6373 6370
f 6175 6028 6178
f 6373 6028 6175
f 6390 6178 6391
f 6391 6178 6028
f 6504 6371 6368
f 6504 6505 6371
f 6368 6372 6369
f 6369 6372 6373
f 6368 6371 6372
f 6373 6184 6028
f 6372 6184 6373
f 6505 6182 6371
f 6505 6506 6182
f 6371 6183 6372
f 6372 6183 6184
f 6371 6182 6183
f 6181 6028 6184
f 6391 6028 6181
f 6387 6390 6391
f 6386 6390 6387
f 6394 6182 6506
f 6394 6506 6527
f 6397 6183 6182
f 6397 6182 6394
f 6400 6184 6183
f 6181 6184 6400
f 6400 6183 6397
f 6388 6391 6181
f 6387 6391 6388
f 6383 6386 6387
f 6516 6386 6383
f 6515 6516 6383
f 6515 6383 6517
f 6383 6387 6384
f 6517 6383 6384
f 6384 6387 6388
f 6517 6384 6518
f 6518 6384 6385
f 6384 6388 6385
f 6518 6385 6519
f 6388 6181 6180
f 6385 6388 6180
f 6180 6181 6400
f 6519 6385 6179
f 6385 6180 6179
f 6519 6179 6520
f 6180 6400 6399
f 6179 6180 6399
f 6399 6400 6397
f 6520 6179 6398
f 6179 6399 6398
f 6520 6398 6529
f 6399 6397 6396
f 6398 6399 6396
f 6396 6397 6394
f 6529 6398 6395
f 6398 6396 6395
f 6529 6395 6528
f 6396 6394 6393
f 6395 6396 6393
f 6393 6394 6527
f 6393 6527 6526
f 6528 6395 6392
f 6395 6393 6392
f 6392 6393 6526
f 6528 6392 6523
f 6392 6526 6524
f 6523 6392 6524
f 6523 6524 6525
v -12.5177 -9.632304 10.5277
v -12.5177 -9.632304 11.3523
v -13.3423 -9.632304 10.5277
v -13.3423 -9.632304 11.3523
v -12.51625 -8.807591 10.52625
v -12.51625 -8.807591 11.35375
v -13.34375 -8.807591 10.52625
v -13.34375 -8.807591 11.35375
v -12.93 -9.936235 10.94
v -12.93 -8.503765 10.94
v -12.21376 -9.22 10.94
v -12.93 -9.22 11.65624
v -13.64623 -9.22 10.94
v -12.93 -9.22 10.22377
v -12.93 -9.724967 10.43503
v -13.43497 -9.724967 10.94
v -12.93 -9.724967 11.44497
v -12.42503 -9.724967 10.94
v -12.42335 -8.714642 10.94
v -12.93 -8.714642 11.44665
v -13.43665 -8.714642 10.94
v -12.93 -8.714642 10.43335
v -12.42355 -9.22 11.44645
v -12.42335 -9.221266 10.43335
v -13.43645 -9.22 11.44645
v -13.43665 -9.221266 10.43335
v -12.58593 -9.662493 10.49751
v -12.68628 -9.694646 10.46535
v -12.80386 -9.717025 10.44298
v -13.27407 -9.662493 10.49751
v -13.17372 -9.694646 10.46535
v -13.05614 -9.717025 10.44298
v -13.37249 -9.662493 10.59593
v -13.40464 -9.694646 10.69628
v -13.42702 -9.717025 10.81386
v -13.37249 -9.662493 11.28407
v -13.40464 -9.694646 11.18372
v -13.42702 -9.717025 11.06614
v -13.27407 -9.662493 11.38249
v -13.17372 -9.694646 11.41465
v -13.05614 -9.717025 11.43703
v -12.58593 -9.662493 11.38249
v -12.68628 -9.694646 11.41465
v -12.80386 -9.717025 11.43703
v -12.48751 -9.662493 11.28407
v -12.45535 -9.694646 11.18372
v -12.43297 -9.717025 11.06614
v -12.48751 -9.662493 10.59593
v -12.45535 -9.694646 10.69628
v -12.43297 -9.717025 10.81386
v -12.486 -8.777239 10.59491
v -12.45374 -8.745036 10.69546
v -12.43132 -8.722609 10.81344
v -12.486 -8.777239 11.28509
v -12.45374 -8.745036 11.18454
v -12.43132 -8.722609 11.06657
v -12.58491 -8.777239 11.384
v -12.68546 -8.745036 11.41626
v -12.80343 -8.722609 11.43868
v -13.27509 -8.777239 11.384
v -13.17454 -8.745036 11.41626
v -13.05656 -8.722609 11.43868
v -13.374 -8.777239 11.28509
v -13.40626 -8.745036 11.18454
v -13.42868 -8.722609 11.06657
v -13.374 -8.777239 10.59491
v -13.40626 -8.745036 10.69546
v -13.42868 -8.722609 10.81344
v -13.27509 -8.777239 10.496
v -13.17454 -8.745036 10.46374
v -13.05656 -8.722609 10.44132
v -12.58491 -8.777239 10.496
v -12.68546 -8.745036 10.46374
v -12.80343 -8.722609 10.44132
v -12.48751 -9.56407 11.38249
v -12.45535 -9.463723 11.41465
v -12.43297 -9.346144 11.43703
v -12.486 -8.875959 11.384
v -12.45374 -8.976634 11.41626
v -12.43132 -9.094649 11.43868
v -12.486 -8.875959 10.496
v -12.45374 -8.976634 10.46374
v -12.43132 -9.094649 10.44132
v -12.48751 -9.56407 10.49751
v -12.45535 -9.463723 10.46535
v -12.43297 -9.346144 10.44298
v -13.37249 -9.56407 11.38249
v -13.40464 -9.463723 11.41465
v -13.42702 -9.346144 11.43703
v -13.374 -8.875959 11.384
v -13.40626 -8.976634 11.41626
v -13.42868 -9.094649 11.43868
v -13.37249 -9.56407 10.49751
v -13.40464 -9.463723 10.46535
v -13.42702 -9.346144 10.44298
v -13.374 -8.875959 10.496
v -13.40626 -8.976634 10.46374
v -13.42868 -9.094649 10.44132
v -12.93 -9.810699 10.53868
v -12.93 -9.876866 10.6598
v -12.93 -9.919379 10.79562
v -13.33132 -9.810699 10.94
v -13.2102 -9.876866 10.94
v -13.07439 -9.919379 10.94
v -12.93 -9.810699 11.34132
v -12.93 -9.876866 11.2202
v -12.93 -9.919379 11.08439
v -12.52868 -9.810699 10.94
v -12.6498 -9.876866 10.94
v -12.78561 -9.919379 10.94
v -12.52726 -8.628589 10.94
v -12.64884 -8.56235 10.94
v -12.78512 -8.519726 10.94
v -12.93 -8.628589 11.34274
v -12.93 -8.56235 11.22116
v -12.93 -8.519726 11.08488
v -13.33274 -8.628589 10.94
v -13.21116 -8.56235 10.94
v -13.07487 -8.519726 10.94
v -12.93 -8.628589 10.53726
v -12.93 -8.56235 10.65884
v -12.93 -8.519726 10.79513
v -12.3393 -9.62132 10.94
v -12.27313 -9.500199 10.94
v -12.23062 -9.364387 10.94
v -12.33447 -9.22 11.33792
v -12.26829 -9.22 11.21409
v -12.22753 -9.22 11.07973
v -12.33732 -8.81859 10.94
v -12.27129 -8.940011 10.94
v -12.22858 -9.076328 10.94
v -12.33732 -9.221266 10.53726
v -12.27129 -9.221266 10.65884
v -12.22858 -9.221266 10.79513
v -12.93 -9.62132 11.5307
v -12.93 -9.500199 11.59687
v -12.93 -9.364387 11.63938
v -13.32792 -9.22 11.53553
v -13.20409 -9.22 11.60171
v -13.06973 -9.22 11.64247
v -12.93 -8.81859 11.53268
v -12.93 -8.940011 11.59871
v -12.93 -9.076327 11.64142
v -12.53208 -9.22 11.53553
v -12.65591 -9.22 11.60171
v -12.79027 -9.22 11.64247
v -13.5207 -9.62132 10.94
v -13.58687 -9.500199 10.94
v -13.62938 -9.364386 10.94
v -13.52268 -9.221266 10.53726
v -13.58871 -9.221266 10.65884
v -13.63142 -9.221266 10.79513
v -13.52268 -8.81859 10.94
v -13.58871 -8.940011 10.94
v -13.63142 -9.076327 10.94
v -13.52553 -9.22 11.33792
v -13.59171 -9.22 11.21409
v -13.63247 -9.22 11.07973
v -12.93 -9.62132 10.3493
v -12.93 -9.500199 10.28313
v -12.93 -9.364387 10.24062
v -12.52726 -9.221266 10.34732
v -12.64884 -9.221266 10.28129
v -12.78512 -9.221266 10.23858
v -12.93 -8.81859 10.34732
v -12.93 -8.940011 10.28129
v -12.93 -9.076327 10.23858
v -13.33274 -9.221266 10.34732
v -13.21116 -9.221266 10.28129
v -13.07487 -9.221266 10.23858
v -12.57403 -9.726502 10.58403
v -12.67949 -9.771841 10.56225
v -12.80077 -9.800983 10.54536
v -12.55224 -9.771841 10.68949
v -12.66651 -9.829199 10.67651
v -12.79462 -9.86499 10.66497
v -12.53536 -9.800983 10.81077
v -12.65497 -9.86499 10.80462
v -12.78854 -9.905537 10.79854
v -13.28597 -9.726502 10.58403
v -13.30775 -9.771841 10.68949
v -13.32464 -9.800983 10.81077
v -13.18051 -9.771841 10.56225
v -13.19349 -9.829199 10.67651
v -13.20503 -9.86499 10.80462
v -13.05923 -9.800983 10.54536
v -13.06538 -9.86499 10.66497
v -13.07146 -9.905537 10.79854
v -13.28597 -9.726502 11.29597
v -13.18051 -9.771841 11.31776
v -13.05923 -9.800983 11.33464
v -13.30775 -9.771841 11.19051
v -13.19349 -9.829199 11.20349
v -13.06538 -9.86499 11.21503
v -13.32464 -9.800983 11.06923
v -13.20503 -9.86499 11.07538
v -13.07146 -9.905537 11.08146
v -12.57403 -9.726502 11.29597
v -12.55224 -9.771841 11.19051
v -12.53536 -9.800983 11.06923
v -12.67949 -9.771841 11.31776
v -12.66651 -9.829199 11.20349
v -12.65497 -9.86499 11.07538
v -12.80077 -9.800983 11.33464
v -12.79462 -9.86499 11.21503
v -12.78854 -9.905537 11.08146
v -12.57298 -8.713106 10.58298
v -12.55091 -8.667586 10.68866
v -12.53396 -8.638304 10.81033
v -12.67866 -8.667586 10.56091
v -12.66561 -8.610081 10.67561
v -12.65405 -8.574227 10.80417
v -12.80033 -8.638304 10.54396
v -12.79417 -8.574227 10.66406
v -12.78806 -8.533562 10.79806
v -12.57298 -8.713106 11.29702
v -12.67866 -8.667586 11.31909
v -12.80033 -8.638304 11.33604
v -12.55091 -8.667586 11.19134
v -12.66561 -8.610081 11.20439
v -12.79417 -8.574227 11.21595
v -12.53396 -8.638304 11.06967
v -12.65405 -8.574227 11.07583
v -12.78806 -8.533562 11.08194
v -13.28702 -8.713106 11.29702
v -13.30909 -8.667586 11.19134
v -13.32604 -8.638304 11.06967
v -13.18134 -8.667586 11.31909
v -13.19439 -8.610081 11.20439
v -13.20594 -8.574227 11.07583
v -13.05967 -8.638304 11.33604
v -13.06583 -8.574227 11.21595
v -13.07194 -8.533562 11.08194
v -13.28702 -8.713106 10.58298
v -13.18134 -8.667586 10.56091
v -13.05966 -8.638304 10.54396
v -13.30909 -8.667586 10.68866
v -13.19439 -8.610081 10.67561
v -13.06583 -8.574227 10.66406
v -13.32604 -8.638304 10.81033
v -13.20594 -8.574227 10.80417
v -13.07194 -8.533562 10.79806
v -12.4235 -9.575974 10.58403
v -12.37816 -9.597755 10.68949
v -12.34902 -9.614639 10.81077
v -12.37816 -9.47051 10.56225
v -12.3208 -9.483493 10.67651
v -12.28501 -9.495034 10.80462
v -12.34902 -9.349227 10.54536
v -12.28501 -9.355379 10.66497
v -12.24446 -9.361461 10.79854
v -12.4235 -9.575974 11.29597
v -12.37816 -9.47051 11.31776
v -12.34902 -9.349227 11.33464
v -12.37816 -9.597755 11.19051
v -12.3208 -9.483493 11.20349
v -12.28501 -9.355379 11.21503
v -12.34902 -9.614639 11.06923
v -12.28501 -9.495034 11.07538
v -12.24446 -9.361461 11.08146
v -12.42183 -8.864026 11.29702
v -12.37634 -8.84219 11.19134
v -12.34703 -8.82528 11.06967
v -12.37634 -8.969816 11.31909
v -12.31905 -8.956795 11.20439
v -12.28316 -8.945192 11.07583
v -12.34703 -9.09154 11.33604
v -12.28316 -9.085373 11.21595
v -12.24248 -9.079277 11.08194
v -12.42183 -8.864026 10.58298
v -12.37634 -8.969816 10.56091
v -12.34703 -9.09154 10.54396
v -12.37634 -8.84219 10.68866
v -12.31905 -8.956795 10.67561
v -12.28316 -9.085373 10.66406
v -12.34703 -8.82528 10.81034
v -12.28316 -8.945192 10.80417
v -12.24248 -9.079277 10.79806
v -12.57403 -9.575974 11.4465
v -12.67949 -9.597755 11.49184
v -12.80077 -9.614639 11.52098
v -12.55224 -9.47051 11.49184
v -12.66651 -9.483493 11.5492
v -12.79462 -9.495034 11.58499
v -12.53536 -9.349227 11.52098
v -12.65497 -9.355379 11.58499
v -12.78854 -9.361461 11.62554
v -13.28597 -9.575974 11.4465
v -13.30775 -9.470508 11.49184
v -13.32464 -9.349227 11.52098
v -13.18051 -9.597755 11.49184
v -13.19349 -9.483493 11.5492
v -13.20503 -9.355379 11.58499
v -13.05923 -9.614639 11.52098
v -13.06538 -9.495034 11.58499
v -13.07146 -9.361461 11.62554
v -13.28702 -8.864026 11.44817
v -13.18134 -8.84219 11.49366
v -13.05967 -8.82528 11.52297
v -13.30909 -8.969814 11.49366
v -13.19439 -8.956795 11.55095
v -13.06583 -8.945192 11.58684
v -13.32604 -9.09154 11.52297
v -13.20594 -9.085373 11.58684
v -13.07194 -9.079277 11.62752
v -12.57298 -8.864026 11.44817
v -12.55091 -8.969814 11.49366
v -12.53396 -9.09154 11.52297
v -12.67866 -8.84219 11.49366
v -12.66561 -8.956795 11.55095
v -12.65405 -9.085373 11.58684
v -12.80033 -8.82528 11.52297
v -12.79417 -8.945192 11.58684
v -12.78806 -9.079277 11.62752
v -13.4365 -9.575974 11.29597
v -13.48184 -9.597755 11.19051
v -13.51098 -9.614639 11.06923
v -13.48184 -9.470508 11.31776
v -13.5392 -9.483493 11.20349
v -13.57499 -9.495034 11.07538
v -13.51098 -9.349227 11.33464
v -13.57499 -9.355379 11.21503
v -13.61554 -9.361461 11.08146
v -13.4365 -9.575974 10.58403
v -13.48184 -9.470508 10.56225
v -13.51098 -9.349227 10.54536
v -13.48184 -9.597755 10.68949
v -13.5392 -9.483493 10.67651
v -13.57499 -9.355379 10.66497
v -13.51098 -9.614639 10.81077
v -13.57499 -9.495034 10.80462
v -13.61554 -9.361461 10.79854
v -13.43817 -8.864026 10.58298
v -13.48366 -8.84219 10.68866
v -13.51297 -8.82528 10.81033
v -13.48366 -8.969814 10.56091
v -13.54095 -8.956795 10.67561
v -13.57684 -8.945192 10.80417
v -13.51297 -9.09154 10.54396
v -13.57684 -9.085373 10.66406
v -13.61752 -9.079277 10.79806
v -13.43817 -8.864026 11.29702
v -13.48366 -8.969814 11.31909
v -13.51297 -9.09154 11.33604
v -13.48366 -8.84219 11.19134
v -13.54095 -8.956795 11.20439
v -13.57684 -9.085373 11.21595
v -13.51297 -8.82528 11.06967
v -13.57684 -8.945192 11.07583
v -13.61752 -9.079277 11.08194
v -13.28597 -9.575974 10.4335
v -13.18051 -9.597755 10.38816
v -13.05923 -9.614639 10.35902
v -13.30775 -9.470508 10.38816
v -13.19349 -9.483493 10.3308
v -13.06538 -9.495034 10.29501
v -13.32464 -9.349227 10.35902
v -13.20503 -9.355379 10.29501
v -13.07146 -9.361461 10.25446
v -12.57403 -9.575974 10.4335
v -12.55224 -9.47051 10.38816
v -12.53536 -9.349227 10.35902
v -12.67949 -9.597755 10.38816
v -12.66651 -9.483493 10.3308
v -12.65497 -9.355379 10.29501
v -12.80077 -9.614639 10.35902
v -12.79462 -9.495034 10.29501
v -12.78854 -9.361461 10.25446
v -12.57298 -8.864026 10.43183
v -12.67866 -8.84219 10.38634
v -12.80033 -8.82528 10.35703
v -12.55091 -8.969814 10.38634
v -12.66561 -8.956795 10.32905
v -12.79417 -8.945192 10.29316
v -12.53396 -9.09154 10.35703
v -12.65405 -9.085373 10.29316
v -12.78806 -9.079277 10.25248
v -13.28702 -8.864026 10.43183
v -13.30909 -8.969814 10.38634
v -13.32604 -9.09154 10.35703
v -13.18134 -8.84219 10.38634
v -13.19439 -8.956795 10.32905
v -13.20594 -9.085373 10.29316
v -13.05966 -8.82528 10.35703
v -13.06583 -8.945192 10.29316
v -13.07194 -9.079277 10.25248
v -12.78561 -9.919379 10.94
v -12.93 -9.936235 10.94
v -12.93 -9.936235 10.94
v -13.43497 -9.724967 10.94
v -13.33132 -9.810699 10.94
v -13.2102 -9.876866 10.94
v -13.07439 -9.919379 10.94
v -12.93 -9.936235 10.94
v -12.93 -9.936235 10.94
v -12.93 -9.936235 10.94
v -12.78561 -9.919379 10.94
v -12.93 -8.503765 10.94
v -12.93 -8.503765 10.94
v -12.93 -8.503765 10.94
v -12.93 -8.503765 10.94
v -13.43665 -8.714642 10.94
v -13.33274 -8.628589 10.94
v -13.21116 -8.56235 10.94
v -13.07487 -8.519726 10.94
v -12.93 -8.503765 10.94
v -12.5177 -9.632304 10.5277
v -12.48751 -9.662493 10.59593
v -12.45535 -9.694646 10.69628
v -12.43297 -9.717025 10.81386
v -12.42503 -9.724967 10.94
v -12.48751 -9.662493 11.28407
v -12.5177 -9.632304 11.3523
v -12.45535 -9.694646 11.18372
v -12.43297 -9.717025 11.06614
v -12.51625 -8.807591 11.35375
v -12.486 -8.777239 11.28509
v -12.45374 -8.745036 11.18454
v -12.43132 -8.722609 11.06657
v -12.42335 -8.714642 10.94
v -12.486 -8.777239 10.59491
v -12.51625 -8.807591 10.52625
v -12.45374 -8.745036 10.69546
v -12.43132 -8.722609 10.81344
v -12.5177 -9.632304 11.3523
v -12.48751 -9.56407 11.38249
v -12.58593 -9.662493 11.38249
v -12.68628 -9.694646 11.41465
v -12.80386 -9.717025 11.43703
v -12.93 -9.724967 11.44497
v -12.45535 -9.463723 11.41465
v -12.43297 -9.346144 11.43703
v -12.42355 -9.22 11.44645
v -13.27407 -9.662493 11.38249
v -13.3423 -9.632304 11.3523
v -13.17372 -9.694646 11.41465
v -13.05614 -9.717025 11.43703
v -13.34375 -8.807591 11.35375
v -13.27509 -8.777239 11.384
v -13.17454 -8.745036 11.41626
v -13.05656 -8.722609 11.43868
v -12.93 -8.714642 11.44665
v -12.58491 -8.777239 11.384
v -12.486 -8.875959 11.384
v -12.51625 -8.807591 11.35375
v -12.45374 -8.976634 11.41626
v -12.43132 -9.094649 11.43868
v -12.68546 -8.745036 11.41626
v -12.80343 -8.722609 11.43868
v -13.3423 -9.632304 11.3523
v -13.37249 -9.56407 11.38249
v -13.37249 -9.662493 11.28407
v -13.40464 -9.694646 11.18372
v -13.42702 -9.717025 11.06614
v -13.43497 -9.724967 10.94
v -13.40464 -9.463723 11.41465
v -13.42702 -9.346144 11.43703
v -13.43645 -9.22 11.44645
v -13.37249 -9.662493 10.59593
v -13.3423 -9.632304 10.5277
v -13.40464 -9.694646 10.69628
v -13.42702 -9.717025 10.81386
v -13.43497 -9.724967 10.94
v -13.5207 -9.62132 10.94
v -13.58687 -9.500199 10.94
v -13.62938 -9.364386 10.94
v -13.64623 -9.22 10.94
v -13.34375 -8.807591 10.52625
v -13.374 -8.777239 10.59491
v -13.40626 -8.745036 10.69546
v -13.42868 -8.722609 10.81344
v -13.43665 -8.714642 10.94
v -13.374 -8.777239 11.28509
v -13.374 -8.875959 11.384
v -13.34375 -8.807591 11.35375
v -13.40626 -8.976634 11.41626
v -13.42868 -9.094649 11.43868
v -13.40626 -8.745036 11.18454
v -13.42868 -8.722609 11.06657
v -13.43665 -8.714642 10.94
v -13.52268 -8.81859 10.94
v -13.58871 -8.940011 10.94
v -13.63142 -9.076327 10.94
v -13.3423 -9.632304 10.5277
v -13.37249 -9.56407 10.49751
v -13.27407 -9.662493 10.49751
v -13.17372 -9.694646 10.46535
v -13.05614 -9.717025 10.44298
v -12.93 -9.724967 10.43503
v -13.40464 -9.463723 10.46535
v -13.42702 -9.346144 10.44298
v -13.43665 -9.221266 10.43335
v -12.58593 -9.662493 10.49751
v -12.48751 -9.56407 10.49751
v -12.5177 -9.632304 10.5277
v -12.45535 -9.463723 10.46535
v -12.43297 -9.346144 10.44298
v -12.42335 -9.221266 10.43335
v -12.68628 -9.694646 10.46535
v -12.80386 -9.717025 10.44298
v -12.51625 -8.807591 10.52625
v -12.486 -8.875959 10.496
v -12.58491 -8.777239 10.496
v -12.68546 -8.745036 10.46374
v -12.80343 -8.722609 10.44132
v -12.93 -8.714642 10.43335
v -12.45374 -8.976634 10.46374
v -12.43132 -9.094649 10.44132
v -13.27509 -8.777239 10.496
v -13.374 -8.875959 10.496
v -13.34375 -8.807591 10.52625
v -13.40626 -8.976634 10.46374
v -13.42868 -9.094649 10.44132
v -13.17454 -8.745036 10.46374
v -13.05656 -8.722609 10.44132
f 6707 6916 6708
f 6704 6707 6708
f 6703 6707 6704
f 6703 6706 6707
f 6706 6638 6707
f 6707 6638 6639
f 6708 6639 6538
f 6735 6639 6638
f 6704 6708 6705
f 6705 6708 6630
f 6708 6917 6630
f 6700 6703 6704
f 6701 6704 6705
f 6700 6704 6701
f 6578 6706 6703
f 6577 6578 6703
f 6577 6703 6700
f 6530 6577 6700
f 6530 6700 6556
f 6556 6700 6701
f 6578 6579 6706
f 6556 6701 6557
f 6579 6637 6706
f 6579 6547 6637
f 6706 6637 6638
f 6557 6701 6702
f 6701 6705 6702
f 6557 6702 6558
f 6729 6637 6547
f 6729 6547 6576
f 6732 6638 6637
f 6732 6637 6729
f 6735 6638 6732
f 6702 6705 6629
f 6705 6630 6629
f 6558 6702 6628
f 6702 6629 6628
f 6558 6628 6544
f 6728 6729 6576
f 6728 6576 6575
f 6731 6732 6729
f 6731 6729 6728
f 6544 6628 6715
f 6544 6715 6561
f 6628 6629 6716
f 6628 6716 6715
f 6629 6630 6717
f 6629 6717 6716
f 6727 6728 6575
f 6727 6575 6574
f 6561 6715 6712
f 6561 6712 6560
f 6630 6633 6717
f 6630 6918 6633
f 6717 6633 6632
f 6717 6632 6714
f 6716 6717 6714
f 6714 6632 6631
f 6715 6716 6713
f 6716 6714 6713
f 6715 6713 6712
f 6714 6631 6711
f 6713 6714 6711
f 6711 6631 6545
f 6711 6545 6564
f 6713 6711 6710
f 6710 6711 6564
f 6712 6713 6710
f 6710 6564 6563
f 6712 6710 6709
f 6709 6710 6563
f 6560 6712 6709
f 6709 6563 6562
f 6560 6709 6559
f 6559 6709 6562
f 6559 6562 6532
f 6636 6925 6639
f 6726 6924 6636
f 6723 6726 6636
f 6723 6636 6635
f 6635 6636 6735
f 6636 6926 6735
f 6635 6735 6734
f 6734 6735 6732
f 6734 6732 6731
f 6634 6635 6734
f 6733 6734 6731
f 6634 6734 6733
f 6720 6723 6635
f 6720 6635 6634
f 6733 6731 6730
f 6730 6731 6728
f 6730 6728 6727
f 6546 6634 6733
f 6570 6634 6546
f 6570 6720 6634
f 6546 6733 6573
f 6573 6733 6730
f 6573 6730 6572
f 6572 6730 6727
f 6572 6727 6571
f 6571 6727 6574
f 6571 6574 6531
f 6569 6720 6570
f 6569 6719 6720
f 6568 6719 6569
f 6719 6723 6720
f 6568 6718 6719
f 6533 6718 6568
f 6533 6565 6718
f 6719 6722 6723
f 6718 6722 6719
f 6722 6726 6723
f 6565 6721 6718
f 6718 6721 6722
f 6565 6566 6721
f 6722 6725 6726
f 6721 6725 6722
f 6566 6724 6721
f 6721 6724 6725
f 6566 6567 6724
f 6725 6922 6726
f 6726 6922 6923
f 6725 6921 6922
f 6724 6921 6725
f 6724 6920 6921
f 6567 6920 6724
f 6567 6919 6920
f 6744 6651 6539
f 6743 6651 6744
f 6740 6743 6744
f 6740 6744 6741
f 6741 6744 6642
f 6744 6927 6642
f 6743 6650 6651
f 6739 6743 6740
f 6742 6650 6743
f 6739 6742 6743
f 6737 6740 6741
f 6736 6739 6740
f 6736 6740 6737
f 6602 6742 6739
f 6601 6602 6739
f 6601 6739 6736
f 6534 6601 6736
f 6534 6736 6580
f 6580 6736 6737
f 6602 6603 6742
f 6580 6737 6581
f 6603 6649 6742
f 6742 6649 6650
f 6603 6551 6649
f 6581 6737 6738
f 6737 6741 6738
f 6581 6738 6582
f 6765 6649 6551
f 6765 6551 6600
f 6768 6650 6649
f 6768 6649 6765
f 6738 6741 6641
f 6741 6642 6641
f 6582 6738 6640
f 6738 6641 6640
f 6582 6640 6548
f 6764 6765 6600
f 6764 6600 6599
f 6548 6640 6751
f 6548 6751 6585
f 6640 6641 6752
f 6640 6752 6751
f 6641 6642 6753
f 6641 6753 6752
f 6585 6751 6748
f 6585 6748 6584
f 6751 6752 6749
f 6751 6749 6748
f 6584 6748 6745
f 6584 6745 6583
f 6583 6745 6586
f 6583 6586 6535
f 6745 6587 6586
f 6748 6746 6745
f 6745 6746 6587
f 6748 6749 6746
f 6746 6588 6587
f 6746 6747 6588
f 6749 6747 6746
f 6747 6549 6588
f 6752 6750 6749
f 6749 6750 6747
f 6752 6753 6750
f 6747 6643 6549
f 6750 6643 6747
f 6591 6549 6643
f 6753 6644 6750
f 6750 6644 6643
f 6591 6643 6760
f 6760 6643 6644
f 6590 6591 6760
f 6753 6645 6644
f 6642 6645 6753
f 6642 6928 6645
f 6590 6760 6757
f 6589 6590 6757
f 6760 6644 6761
f 6761 6644 6645
f 6757 6760 6761
f 6589 6757 6754
f 6537 6589 6754
f 6537 6754 6592
f 6761 6645 6762
f 6762 6645 6929
f 6757 6761 6758
f 6754 6757 6758
f 6758 6761 6762
f 6592 6754 6755
f 6754 6758 6755
f 6592 6755 6593
f 6758 6762 6759
f 6755 6758 6759
f 6593 6755 6756
f 6755 6759 6756
f 6593 6756 6594
f 6759 6762 6648
f 6762 6930 6648
f 6759 6648 6647
f 6756 6759 6647
f 6756 6647 6646
f 6594 6756 6646
f 6594 6646 6550
f 6595 6598 6536
f 6595 6763 6598
f 6763 6599 6598
f 6596 6763 6595
f 6763 6764 6599
f 6596 6766 6763
f 6766 6764 6763
f 6597 6766 6596
f 6766 6767 6764
f 6767 6765 6764
f 6767 6768 6765
f 6597 6769 6766
f 6769 6767 6766
f 6931 6769 6597
f 6931 6932 6769
f 6769 6770 6767
f 6932 6770 6769
f 6770 6768 6767
f 6932 6933 6770
f 6770 6771 6768
f 6933 6771 6770
f 6771 6650 6768
f 6933 6934 6771
f 6771 6651 6650
f 6934 6651 6771
f 6934 6935 6651
f 6941 6604 6942
f 6941 6781 6604
f 6943 6781 6941
f 6781 6605 6604
f 6943 6784 6781
f 6944 6784 6943
f 6781 6782 6605
f 6784 6782 6781
f 6782 6606 6605
f 6944 6787 6784
f 6940 6787 6944
f 6782 6783 6606
f 6783 6552 6606
f 6784 6785 6782
f 6787 6785 6784
f 6785 6783 6782
f 6940 6652 6787
f 6939 6652 6940
f 6783 6655 6552
f 6609 6552 6655
f 6785 6786 6783
f 6786 6655 6783
f 6787 6788 6785
f 6652 6788 6787
f 6788 6786 6785
f 6939 6774 6652
f 6938 6774 6939
f 6609 6655 6796
f 6608 6609 6796
f 6652 6653 6788
f 6774 6653 6652
f 6786 6656 6655
f 6796 6655 6656
f 6788 6789 6786
f 6653 6789 6788
f 6789 6656 6786
f 6938 6773 6774
f 6937 6773 6938
f 6608 6796 6793
f 6607 6608 6793
f 6774 6777 6653
f 6773 6777 6774
f 6653 6654 6789
f 6777 6654 6653
f 6789 6657 6656
f 6654 6657 6789
f 6796 6656 6797
f 6793 6796 6797
f 6797 6656 6657
f 6937 6772 6773
f 6936 6772 6937
f 6936 6613 6772
f 6773 6776 6777
f 6772 6776 6773
f 6613 6775 6772
f 6772 6775 6776
f 6613 6614 6775
f 6777 6780 6654
f 6776 6780 6777
f 6654 6540 6657
f 6780 6540 6654
f 6797 6657 6798
f 6798 6657 6540
f 6614 6778 6775
f 6614 6615 6778
f 6775 6779 6776
f 6776 6779 6780
f 6775 6778 6779
f 6780 6663 6540
f 6779 6663 6780
f 6615 6661 6778
f 6615 6553 6661
f 6778 6662 6779
f 6779 6662 6663
f 6778 6661 6662
f 6660 6540 6663
f 6798 6540 6660
f 6794 6797 6798
f 6793 6797 6794
f 6801 6661 6553
f 6801 6553 6612
f 6804 6662 6661
f 6804 6661 6801
f 6807 6663 6662
f 6660 6663 6807
f 6807 6662 6804
f 6795 6798 6660
f 6794 6798 6795
f 6790 6793 6794
f 6607 6793 6790
f 6945 6607 6790
f 6945 6790 6946
f 6790 6794 6791
f 6946 6790 6791
f 6791 6794 6795
f 6946 6791 6947
f 6947 6791 6792
f 6791 6795 6792
f 6947 6792 6948
f 6795 6660 6659
f 6792 6795 6659
f 6659 6660 6807
f 6948 6792 6658
f 6792 6659 6658
f 6948 6658 6949
f 6659 6807 6806
f 6658 6659 6806
f 6806 6807 6804
f 6949 6658 6805
f 6658 6806 6805
f 6949 6805 6953
f 6806 6804 6803
f 6805 6806 6803
f 6803 6804 6801
f 6953 6805 6802
f 6805 6803 6802
f 6953 6802 6952
f 6803 6801 6800
f 6802 6803 6800
f 6800 6801 6612
f 6800 6612 6611
f 6952 6802 6799
f 6802 6800 6799
f 6799 6800 6611
f 6952 6799 6950
f 6799 6611 6610
f 6950 6799 6610
f 6950 6610 6951
f 6963 6616 6964
f 6963 6817 6616
f 6965 6817 6963
f 6817 6617 6616
f 6965 6820 6817
f 6966 6820 6965
f 6817 6818 6617
f 6820 6818 6817
f 6818 6618 6617
f 6966 6823 6820
f 6959 6823 6966
f 6818 6819 6618
f 6819 6554 6618
f 6820 6821 6818
f 6823 6821 6820
f 6821 6819 6818
f 6959 6664 6823
f 6958 6664 6959
f 6819 6667 6554
f 6621 6554 6667
f 6821 6822 6819
f 6822 6667 6819
f 6823 6824 6821
f 6664 6824 6823
f 6824 6822 6821
f 6958 6810 6664
f 6957 6810 6958
f 6621 6667 6832
f 6620 6621 6832
f 6664 6665 6824
f 6810 6665 6664
f 6822 6668 6667
f 6832 6667 6668
f 6824 6825 6822
f 6665 6825 6824
f 6825 6668 6822
f 6957 6809 6810
f 6956 6809 6957
f 6620 6832 6829
f 6619 6620 6829
f 6810 6813 6665
f 6809 6813 6810
f 6665 6666 6825
f 6813 6666 6665
f 6825 6669 6668
f 6666 6669 6825
f 6832 6668 6833
f 6829 6832 6833
f 6833 6668 6669
f 6956 6808 6809
f 6954 6808 6956
f 6954 6955 6808
f 6809 6812 6813
f 6808 6812 6809
f 6955 6811 6808
f 6808 6811 6812
f 6955 6960 6811
f 6813 6816 6666
f 6812 6816 6813
f 6666 6541 6669
f 6816 6541 6666
f 6833 6669 6834
f 6834 6669 6541
f 6960 6814 6811
f 6960 6961 6814
f 6811 6815 6812
f 6812 6815 6816
f 6811 6814 6815
f 6816 6675 6541
f 6815 6675 6816
f 6961 6673 6814
f 6961 6962 6673
f 6814 6674 6815
f 6815 6674 6675
f 6814 6673 6674
f 6672 6541 6675
f 6834 6541 6672
f 6830 6833 6834
f 6829 6833 6830
f 6837 6673 6962
f 6837 6962 6976
f 6840 6674 6673
f 6840 6673 6837
f 6843 6675 6674
f 6672 6675 6843
f 6843 6674 6840
f 6831 6834 6672
f 6830 6834 6831
f 6826 6829 6830
f 6619 6829 6826
f 6967 6619 6826
f 6967 6826 6968
f 6826 6830 6827
f 6968 6826 6827
f 6827 6830 6831
f 6968 6827 6969
f 6969 6827 6828
f 6827 6831 6828
f 6969 6828 6970
f 6831 6672 6671
f 6828 6831 6671
f 6671 6672 6843
f 6970 6828 6670
f 6828 6671 6670
f 6970 6670 6971
f 6671 6843 6842
f 6670 6671 6842
f 6842 6843 6840
f 6971 6670 6841
f 6670 6842 6841
f 6971 6841 6978
f 6842 6840 6839
f 6841 6842 6839
f 6839 6840 6837
f 6978 6841 6838
f 6841 6839 6838
f 6978 6838 6977
f 6839 6837 6836
f 6838 6839 6836
f 6836 6837 6976
f 6836 6976 6975
f 6977 6838 6835
f 6838 6836 6835
f 6835 6836 6975
f 6977 6835 6972
f 6835 6975 6973
f 6972 6835 6973
f 6972 6973 6974
f 6983 6676 6984
f 6983 6846 6676
f 6982 6846 6983
f 6846 6677 6676
f 6982 6845 6846
f 6981 6845 6982
f 6846 6849 6677
f 6845 6849 6846
f 6849 6678 6677
f 6981 6844 6845
f 6979 6844 6981
f 6979 6980 6844
f 6845 6848 6849
f 6844 6848 6845
f 6849 6852 6678
f 6848 6852 6849
f 6852 6542 6678
f 6980 6847 6844
f 6844 6847 6848
f 6980 6985 6847
f 6848 6851 6852
f 6847 6851 6848
f 6852 6687 6542
f 6851 6687 6852
f 7012 6542 6687
f 6985 6850 6847
f 6847 6850 6851
f 6985 6986 6850
f 7012 6687 6879
f 7011 7012 6879
f 6851 6686 6687
f 6850 6686 6851
f 6879 6687 6686
f 6986 6685 6850
f 6850 6685 6686
f 6986 6987 6685
f 7011 6879 6878
f 7010 7011 6878
f 6879 6686 6876
f 6876 6686 6685
f 6878 6879 6876
f 6873 6685 6987
f 6876 6685 6873
f 6873 6987 7006
f 7010 6878 6877
f 7009 7010 6877
f 7009 6877 7008
f 6878 6876 6875
f 6875 6876 6873
f 6877 6878 6875
f 6872 6873 7006
f 6875 6873 6872
f 6872 7006 7005
f 7008 6877 6874
f 6877 6875 6874
f 6874 6875 6872
f 7008 6874 7007
f 6871 6872 7005
f 6874 6872 6871
f 7007 6874 6871
f 6871 7005 7003
f 7007 6871 7002
f 7002 6871 7003
f 7002 7003 7004
f 6988 6622 6989
f 6988 6853 6622
f 6990 6853 6988
f 6853 6623 6622
f 6990 6856 6853
f 6991 6856 6990
f 6853 6854 6623
f 6856 6854 6853
f 6854 6624 6623
f 6991 6859 6856
f 6992 6859 6991
f 6992 6993 6859
f 6854 6855 6624
f 6855 6555 6624
f 6856 6857 6854
f 6859 6857 6856
f 6857 6855 6854
f 6993 6860 6859
f 6859 6860 6857
f 6993 6994 6860
f 6855 6679 6555
f 6627 6555 6679
f 6857 6858 6855
f 6860 6858 6857
f 6858 6679 6855
f 6994 6861 6860
f 6860 6861 6858
f 6994 6995 6861
f 6627 6679 6868
f 6626 6627 6868
f 6858 6680 6679
f 6861 6680 6858
f 6868 6679 6680
f 6995 6681 6861
f 6861 6681 6680
f 6995 6996 6681
f 6626 6868 6865
f 6625 6626 6865
f 6868 6680 6869
f 6869 6680 6681
f 6865 6868 6869
f 6870 6681 6996
f 6869 6681 6870
f 6870 6996 6684
f 6625 6865 6862
f 6997 6625 6862
f 6997 6862 6998
f 6865 6869 6866
f 6866 6869 6870
f 6862 6865 6866
f 6867 6870 6684
f 6866 6870 6867
f 6867 6684 6683
f 6998 6862 6863
f 6862 6866 6863
f 6863 6866 6867
f 6998 6863 6999
f 6864 6867 6683
f 6863 6867 6864
f 6999 6863 6864
f 6864 6683 6682
f 6999 6864 7000
f 7000 6864 6682
f 7000 6682 7001
f 7022 7023 7024
f 7022 6889 7023
f 7028 6889 7022
f 6889 7025 7023
f 7028 6892 6889
f 7029 6892 7028
f 6889 6890 7025
f 6892 6890 6889
f 6890 7026 7025
f 7029 6895 6892
f 7018 6895 7029
f 6890 6891 7026
f 6891 7027 7026
f 6892 6893 6890
f 6895 6893 6892
f 6893 6891 6890
f 7018 6688 6895
f 7017 6688 7018
f 6891 6691 7027
f 7037 7027 6691
f 6893 6894 6891
f 6894 6691 6891
f 6895 6896 6893
f 6688 6896 6895
f 6896 6894 6893
f 7017 6882 6688
f 7016 6882 7017
f 7037 6691 6904
f 7036 7037 6904
f 6688 6689 6896
f 6882 6689 6688
f 6894 6692 6691
f 6904 6691 6692
f 6896 6897 6894
f 6689 6897 6896
f 6897 6692 6894
f 7016 6881 6882
f 7015 6881 7016
f 7036 6904 6901
f 7031 7036 6901
f 6882 6885 6689
f 6881 6885 6882
f 6689 6690 6897
f 6885 6690 6689
f 6897 6693 6692
f 6690 6693 6897
f 6904 6692 6905
f 6901 6904 6905
f 6905 6692 6693
f 7015 6880 6881
f 7013 6880 7015
f 7013 7014 6880
f 6881 6884 6885
f 6880 6884 6881
f 7014 6883 6880
f 6880 6883 6884
f 7014 7019 6883
f 6885 6888 6690
f 6884 6888 6885
f 6690 6543 6693
f 6888 6543 6690
f 6905 6693 6906
f 6906 6693 6543
f 7019 6886 6883
f 7019 7020 6886
f 6883 6887 6884
f 6884 6887 6888
f 6883 6886 6887
f 6888 6699 6543
f 6887 6699 6888
f 7020 6697 6886
f 7020 7021 6697
f 6886 6698 6887
f 6887 6698 6699
f 6886 6697 6698
f 6696 6543 6699
f 6906 6543 6696
f 6902 6905 6906
f 6901 6905 6902
f 6909 6697 7021
f 6909 7021 7042
f 6912 6698 6697
f 6912 6697 6909
f 6915 6699 6698
f 6696 6699 6915
f 6915 6698 6912
f 6903 6906 6696
f 6902 6906 6903
f 6898 6901 6902
f 7031 6901 6898
f 7030 7031 6898
f 7030 6898 7032
f 6898 6902 6899
f 7032 6898 6899
f 6899 6902 6903
f 7032 6899 7033
f 7033 6899 6900
f 6899 6903 6900
f 7033 6900 7034
f 6903 6696 6695
f 6900 6903 6695
f 6695 6696 6915
f 7034 6900 6694
f 6900 6695 6694
f 7034 6694 7035
f 6695 6915 6914
f 6694 6695 6914
f 6914 6915 6912
f 7035 6694 6913
f 6694 6914 6913
f 7035 6913 7044
f 6914 6912 6911
f 6913 6914 6911
f 6911 6912 6909
f 7044 6913 6910
f 6913 6911 6910
f 7044 6910 7043
f 6911 6909 6908
f 6910 6911 6908
f 6908 6909 7042
f 6908 7042 7041
f 7043 6910 6907
f 6910 6908 6907
f 6907 6908 7041
f 7043 6907 7038
f 6907 7041 7039
f 7038 6907 7039
f 7038 7039 7040
v 13.78935 -8.482326 6.651231
v 13.44075 -7.864689 7.316632
v 13.39885 -9.227798 7.138604
v 13.05024 -8.610162 7.804005
v 12.97095 -8.389603 6.133911
v 12.62112 -7.769803 6.801643
v 12.57907 -9.137687 6.622992
v 12.22925 -8.517886 7.290723
v 13.72188 -8.580333 7.417521
v 12.29812 -8.419667 6.522479
v 13.34919 -7.8525 6.546679
v 12.70721 -7.963535 7.547952
v 12.67081 -9.1475 7.393321
v 13.31279 -9.036465 6.392048
v 13.72537 -8.93486 6.878043
v 13.27276 -9.013144 7.583969
v 13.29842 -8.178413 7.692989
v 13.75103 -8.10013 6.987062
v 12.74765 -7.985289 6.35479
v 12.29353 -8.063833 7.063073
v 12.26778 -8.90135 6.95369
v 12.7219 -8.822805 6.245407
v 13.03574 -7.662813 7.07934
v 13.46538 -8.421597 6.262508
v 12.55606 -8.578514 7.678005
v 12.98551 -9.337658 6.861408
v 13.79981 -8.570009 6.686062
v 13.79784 -8.688416 6.739515
v 13.77386 -8.813982 6.804934
v 13.47393 -9.192109 7.092777
v 13.567 -9.129082 7.027613
v 13.65438 -9.042059 6.954044
v 13.38571 -9.207367 7.230369
v 13.36002 -9.164882 7.350436
v 13.32196 -9.099555 7.472523
v 13.0948 -8.691947 7.785649
v 13.15395 -8.799782 7.74377
v 13.2153 -8.91059 7.676102
v 13.0998 -8.52925 7.806898
v 13.16568 -8.418056 7.793625
v 13.23415 -8.297509 7.756173
v 13.42568 -7.90715 7.400183
v 13.39652 -7.97739 7.505527
v 13.35362 -8.069433 7.607062
v 13.5139 -7.891892 7.262591
v 13.6035 -7.941591 7.182705
v 13.68605 -8.011937 7.088583
v 13.80481 -8.407312 6.707311
v 13.80957 -8.30669 6.789371
v 13.79271 -8.200902 6.885005
v 12.92608 -8.307428 6.152471
v 12.86684 -8.199338 6.194418
v 12.8053 -8.088185 6.26235
v 12.63431 -7.790478 6.709399
v 12.66008 -7.833013 6.589074
v 12.69829 -7.89859 6.466608
v 12.54565 -7.805811 6.847665
v 12.45239 -7.868935 6.913006
v 12.36475 -7.956277 6.986815
v 12.21881 -8.429757 7.255587
v 12.22078 -8.311082 7.202071
v 12.24488 -8.185116 7.136425
v 12.21378 -8.593252 7.234234
v 12.209 -8.694118 7.152045
v 12.22597 -8.80024 7.056087
v 12.50556 -9.110202 6.677306
v 12.41576 -9.060444 6.757389
v 12.33298 -8.989836 6.851828
v 12.59421 -9.094869 6.53904
v 12.62346 -9.024522 6.433457
v 12.66651 -8.932148 6.331621
v 12.92105 -8.470922 6.131118
v 12.85507 -8.582376 6.144392
v 12.78639 -8.70331 6.182012
v 13.37446 -7.807134 7.280515
v 13.27636 -7.742728 7.224758
v 13.16063 -7.692547 7.156123
v 12.69061 -7.72747 6.850891
v 12.79232 -7.685431 6.920761
v 12.91075 -7.6616 6.999341
v 13.06601 -8.392581 6.134344
v 13.19499 -8.398871 6.152147
v 13.33239 -8.408631 6.194537
v 13.74859 -8.469993 6.566394
v 13.67768 -8.453753 6.458745
v 13.58087 -8.437097 6.353994
v 12.95536 -8.607188 7.803572
v 12.82681 -8.600919 7.785823
v 12.68989 -8.5912 7.743641
v 12.27009 -8.530244 7.375726
v 12.34123 -8.546536 7.483732
v 12.43843 -8.56325 7.588819
v 13.32949 -9.270047 7.089451
v 13.22812 -9.311944 7.019811
v 13.11012 -9.33575 6.941513
v 12.64549 -9.195355 6.659179
v 12.74391 -9.259977 6.715118
v 12.86007 -9.310282 6.784015
v 13.76677 -8.866843 7.015246
v 13.78133 -8.783545 7.154325
v 13.76617 -8.686587 7.29048
v 13.40706 -8.929058 7.576277
v 13.53018 -8.826982 7.546034
v 13.63675 -8.708972 7.492326
v 13.42745 -8.265662 7.662919
v 13.54442 -8.363803 7.606527
v 13.64409 -8.470296 7.523498
v 13.78716 -8.203446 7.101889
v 13.79557 -8.320365 7.214818
v 13.7735 -8.447913 7.321652
v 12.61291 -8.069578 6.362439
v 12.4895 -8.172061 6.39291
v 12.38259 -8.290486 6.446826
v 12.25193 -8.132013 6.925454
v 12.23749 -8.215649 6.785961
v 12.25274 -8.312946 6.649355
v 12.23146 -8.797757 6.838505
v 12.2232 -8.680415 6.72526
v 12.24537 -8.552428 6.618078
v 12.59244 -8.735322 6.27549
v 12.47521 -8.636828 6.33221
v 12.37523 -8.529969 6.415549
v 13.68862 -8.011002 6.87163
v 13.59957 -7.937599 6.756844
v 13.48471 -7.883933 6.646858
v 13.1238 -7.663579 6.939116
v 13.20749 -7.696494 6.800076
v 13.2836 -7.760285 6.667568
v 12.8917 -7.919175 6.368894
v 13.04366 -7.873099 6.405733
v 13.19937 -7.849778 6.465665
v 13.46219 -8.265993 6.295513
v 13.44206 -8.115234 6.354593
v 13.40467 -7.974546 6.439323
v 13.15916 -8.102575 7.697406
v 13.01081 -8.03943 7.67512
v 12.85785 -7.992355 7.624566
v 12.5698 -8.413678 7.685735
v 12.60046 -8.25216 7.665955
v 12.64686 -8.100166 7.619431
v 12.36047 -8.011056 7.197442
v 12.45324 -7.975217 7.326591
v 12.57067 -7.958517 7.446228
v 12.94668 -7.694213 7.215365
v 12.86006 -7.756585 7.341959
v 12.7792 -7.847525 7.454259
v 13.12914 -9.079022 7.569878
v 12.97743 -9.125256 7.533307
v 12.8223 -9.148456 7.473574
v 12.90084 -9.337599 6.996105
v 12.81817 -9.30623 7.133238
v 12.74033 -9.242762 7.268453
v 12.33036 -8.990782 7.069486
v 12.41977 -9.064095 7.184379
v 12.53503 -9.117993 7.294795
v 12.55976 -8.740333 7.643072
v 12.58076 -8.892915 7.582269
v 12.61826 -9.030397 7.497938
v 13.6586 -8.987449 6.744102
v 13.56619 -9.023424 6.61503
v 13.44917 -9.040033 6.495866
v 13.45254 -8.579974 6.254506
v 13.42288 -8.739345 6.273081
v 13.37639 -8.89454 6.319168
v 12.86159 -8.8989 6.240937
v 13.01018 -8.961977 6.263521
v 13.16373 -9.009254 6.314232
v 13.07109 -9.308153 6.730572
v 13.15658 -9.247699 6.605431
v 13.23918 -9.156482 6.490419
v 13.83249 -8.501623 6.788836
v 13.83681 -8.618368 6.861923
v 13.81548 -8.743925 6.938189
v 13.84328 -8.408023 6.889395
v 13.85167 -8.527479 6.982288
v 13.83145 -8.655956 7.071058
v 13.82897 -8.305187 6.99549
v 13.83855 -8.425102 7.101209
v 13.81816 -8.554959 7.200583
v 13.49533 -9.145247 7.209622
v 13.4855 -9.091028 7.335928
v 13.45519 -9.018722 7.461981
v 13.59955 -9.071301 7.158041
v 13.60211 -9.003891 7.293756
v 13.57805 -8.92238 7.426319
v 13.69309 -8.977575 7.090943
v 13.70323 -8.900731 7.231086
v 13.68418 -8.810728 7.367799
v 13.19436 -8.611995 7.784114
v 13.28016 -8.505421 7.767684
v 13.35942 -8.3864 7.727836
v 13.27369 -8.715765 7.740212
v 13.37932 -8.609176 7.718996
v 13.47069 -8.488727 7.674952
v 13.34593 -8.825138 7.670535
v 13.46359 -8.719582 7.644802
v 13.56458 -8.59882 7.596096
v 13.53151 -7.96837 7.363328
v 13.63148 -8.03276 7.293679
v 13.71971 -8.111605 7.204043
v 13.51742 -8.052486 7.471566
v 13.62889 -8.132764 7.407529
v 13.72408 -8.222302 7.319692
v 13.48182 -8.15275 7.575081
v 13.59891 -8.243953 7.514924
v 13.69856 -8.343051 7.42888
v 12.82619 -8.387799 6.154175
v 12.74672 -8.283581 6.197969
v 12.67421 -8.173843 6.267836
v 12.74023 -8.494769 6.170387
v 12.64076 -8.390605 6.219305
v 12.55625 -8.279844 6.293808
v 12.66067 -8.614172 6.210327
v 12.54913 -8.511461 6.263558
v 12.45496 -8.401005 6.342669
v 12.52433 -7.852974 6.73036
v 12.41971 -7.926881 6.782193
v 12.32582 -8.020897 6.849483
v 12.53422 -7.907075 6.603591
v 12.41722 -7.994551 6.645988
v 12.31582 -8.098093 6.708894
v 12.56458 -7.979602 6.477099
v 12.44141 -8.076371 6.513017
v 12.33495 -8.188377 6.571741
v 12.18618 -8.498495 7.152387
v 12.17516 -8.592503 7.051708
v 12.18947 -8.695671 6.945249
v 12.18166 -8.381314 7.07929
v 12.16681 -8.472579 6.958511
v 12.18005 -8.575297 6.839203
v 12.20301 -8.255342 7.002758
v 12.18717 -8.343679 6.869453
v 12.20051 -8.445014 6.739524
v 12.48804 -9.03332 6.576201
v 12.50218 -8.949202 6.467485
v 12.53786 -8.848617 6.363601
v 12.38767 -8.969007 6.646086
v 12.39035 -8.868632 6.531829
v 12.42048 -8.757049 6.424117
v 12.2991 -8.889913 6.735986
v 12.2949 -8.778769 6.619995
v 12.32052 -8.657641 6.510453
v 13.75416 -8.348658 6.605814
v 13.7527 -8.231118 6.677731
v 13.73201 -8.115827 6.768922
v 13.68002 -8.312156 6.495545
v 13.67178 -8.176175 6.561958
v 13.64604 -8.049156 6.651394
v 13.58041 -8.284854 6.388916
v 13.56627 -8.138094 6.451444
v 13.53505 -8.002073 6.539063
v 13.45319 -7.815404 7.180306
v 13.36062 -7.746274 7.105189
v 13.24674 -7.693679 7.025809
v 13.54089 -7.855855 7.082015
v 13.449 -7.78146 6.987199
v 13.33373 -7.72609 6.895309
v 13.62274 -7.922243 6.977476
v 13.53158 -7.846356 6.869877
v 13.41545 -7.790164 6.76736
v 12.74591 -7.733259 6.735325
v 12.79043 -7.768844 6.609512
v 12.83894 -7.831584 6.483446
v 12.86327 -7.687467 6.792347
v 12.92595 -7.720129 6.657788
v 12.98576 -7.782681 6.525594
v 12.99097 -7.661931 6.864758
v 13.06586 -7.693455 6.726247
v 13.13572 -7.75636 6.590258
v 13.04778 -8.268084 6.15914
v 13.1838 -8.255354 6.180542
v 13.32582 -8.255206 6.225602
v 13.00294 -8.145349 6.20389
v 13.14949 -8.116183 6.231106
v 13.29917 -8.106824 6.28091
v 12.94857 -8.025826 6.274183
v 13.10061 -7.986153 6.306386
v 13.25573 -7.968987 6.361187
v 13.31826 -7.83874 7.39074
v 13.2708 -7.902568 7.503267
v 13.21783 -7.992279 7.609016
v 13.20459 -7.773263 7.348555
v 13.13913 -7.835053 7.470484
v 13.0748 -7.925359 7.582295
v 13.07972 -7.722567 7.286311
v 13.00213 -7.783443 7.412495
v 12.92778 -7.874511 7.52796
v 12.98111 -8.482365 7.811526
v 12.8468 -8.456267 7.795087
v 12.70594 -8.436101 7.752803
v 13.03354 -8.355504 7.799386
v 12.88957 -8.311465 7.781951
v 12.74164 -8.280723 7.737605
v 13.09543 -8.225927 7.76177
v 12.94658 -8.170134 7.742323
v 12.7938 -8.13028 7.695176
v 12.27229 -8.402212 7.368651
v 12.2814 -8.270144 7.329251
v 12.30982 -8.136304 7.270423
v 12.34775 -8.399956 7.484503
v 12.36491 -8.251884 7.454802
v 12.39909 -8.107487 7.400525
v 12.44832 -8.40698 7.594226
v 12.47206 -8.249879 7.570927
v 12.51226 -8.097576 7.520748
v 12.61044 -7.756691 6.946624
v 12.7068 -7.714529 7.036387
v 12.82342 -7.69091 7.126076
v 12.51945 -7.815712 7.032153
v 12.61532 -7.773857 7.142279
v 12.73342 -7.750953 7.24474
v 12.43263 -7.901858 7.117148
v 12.52774 -7.8619 7.239965
v 12.6467 -7.84094 7.352965
v 12.97346 -8.731194 7.779028
v 13.01822 -8.853618 7.734332
v 13.07248 -8.972698 7.664239
v 12.83796 -8.744038 7.757503
v 12.872 -8.882931 7.707315
v 12.92068 -9.01254 7.632301
v 12.69647 -8.744134 7.712573
v 12.72284 -8.892274 7.657733
v 12.76615 -9.029659 7.577713
v 13.27444 -9.264447 7.204536
v 13.15735 -9.309919 7.147859
v 13.03014 -9.335309 7.075679
v 13.23003 -9.228882 7.330046
v 13.09479 -9.277646 7.282075
v 12.95538 -9.304277 7.213867
v 13.18174 -9.166282 7.455685
v 13.03515 -9.215339 7.413818
v 12.88575 -9.241568 7.349416
v 12.56647 -9.18689 6.759833
v 12.47854 -9.146406 6.858359
v 12.39642 -9.079873 6.963294
v 12.6594 -9.256413 6.83501
v 12.57084 -9.220829 6.953298
v 12.48796 -9.155675 7.070993
v 12.77367 -9.309253 6.914713
v 12.68653 -9.276345 7.045517
v 12.60455 -9.212073 7.173888
v 12.26461 -8.652064 7.336019
v 12.33888 -8.688524 7.446815
v 12.43882 -8.715978 7.553869
v 12.26604 -8.769901 7.26398
v 12.3473 -8.824775 7.37998
v 12.45321 -8.862977 7.490853
v 12.28679 -8.885631 7.172557
v 12.37312 -8.952202 7.290201
v 12.48454 -8.999446 7.40296
v 13.40936 -9.241111 6.994102
v 13.50012 -9.182169 6.908793
v 13.58665 -9.096248 6.824145
v 13.31338 -9.282931 6.904493
v 13.40465 -9.224052 6.79879
v 13.49192 -9.136336 6.7014
v 13.19716 -9.30642 6.815177
v 13.28698 -9.246924 6.696681
v 13.37342 -9.157222 6.588816
v 13.74651 -8.597487 6.573316
v 13.67117 -8.599926 6.457961
v 13.57094 -8.592887 6.348685
v 13.73738 -8.729234 6.612675
v 13.65421 -8.747641 6.487322
v 13.54747 -8.749645 6.371572
v 13.70905 -8.862597 6.67139
v 13.62014 -8.891562 6.541372
v 13.5074 -8.901453 6.4216
v 13.04009 -8.517937 6.126508
v 12.98757 -8.645105 6.138619
v 12.92554 -8.775154 6.176317
v 13.17492 -8.543922 6.142853
v 13.13188 -8.689074 6.156283
v 13.07464 -8.830869 6.196063
v 13.31632 -8.564205 6.185245
v 13.28032 -8.719921 6.200837
v 13.228 -8.870857 6.243399
v 12.70195 -9.163458 6.548535
v 12.81587 -9.229349 6.59097
v 12.94122 -9.280274 6.653395
v 12.74952 -9.099538 6.435717
v 12.88147 -9.167102 6.468807
v 13.01896 -9.218847 6.527024
v 12.80272 -9.009598 6.329591
v 12.94599 -9.076455 6.356622
v 13.09356 -9.127494 6.411182
v 13.7735 -8.447913 7.321652
v 13.72188 -8.580333 7.417521
v 13.72188 -8.580333 7.417521
v 13.27276 -9.013144 7.583969
v 13.40706 -8.929058 7.576277
v 13.53018 -8.826982 7.546034
v 13.63675 -8.708972 7.492326
v 13.72188 -8.580333 7.417521
v 13.72188 -8.580333 7.417521
v 13.72188 -8.580333 7.417521
v 13.7735 -8.447913 7.321652
v 12.29812 -8.419667 6.522479
v 12.29812 -8.419667 6.522479
v 12.29812 -8.419667 6.522479
v 12.29812 -8.419667 6.522479
v 12.26778 -8.90135 6.95369
v 12.23146 -8.797757 6.838505
v 12.2232 -8.680415 6.72526
v 12.24537 -8.552428 6.618078
v 12.29812 -8.419667 6.522479
v 13.78935 -8.482326 6.651231
v 13.80481 -8.407312 6.707311
v 13.80957 -8.30669 6.789371
v 13.79271 -8.200902 6.885005
v 13.75103 -8.10013 6.987062
v 13.5139 -7.891892 7.262591
v 13.44075 -7.864689 7.316632
v 13.6035 -7.941591 7.182705
v 13.68605 -8.011937 7.088583
v 12.62112 -7.769803 6.801643
v 12.63431 -7.790478 6.709399
v 12.66008 -7.833013 6.589074
v 12.69829 -7.89859 6.466608
v 12.74765 -7.985289 6.35479
v 12.92608 -8.307428 6.152471
v 12.97095 -8.389603 6.133911
v 12.86684 -8.199338 6.194418
v 12.8053 -8.088185 6.26235
v 13.44075 -7.864689 7.316632
v 13.37446 -7.807134 7.280515
v 13.42568 -7.90715 7.400183
v 13.39652 -7.97739 7.505527
v 13.35362 -8.069433 7.607062
v 13.29842 -8.178413 7.692989
v 13.27636 -7.742728 7.224758
v 13.16063 -7.692547 7.156123
v 13.03574 -7.662813 7.07934
v 13.0998 -8.52925 7.806898
v 13.05024 -8.610162 7.804005
v 13.16568 -8.418056 7.793625
v 13.23415 -8.297509 7.756173
v 12.22925 -8.517886 7.290723
v 12.21881 -8.429757 7.255587
v 12.22078 -8.311082 7.202071
v 12.24488 -8.185116 7.136425
v 12.29353 -8.063833 7.063073
v 12.54565 -7.805811 6.847665
v 12.69061 -7.72747 6.850891
v 12.62112 -7.769803 6.801643
v 12.79232 -7.685431 6.920761
v 12.91075 -7.6616 6.999341
v 12.45239 -7.868935 6.913006
v 12.36475 -7.956277 6.986815
v 13.05024 -8.610162 7.804005
v 12.95536 -8.607188 7.803572
v 13.0948 -8.691947 7.785649
v 13.15395 -8.799782 7.74377
v 13.2153 -8.91059 7.676102
v 13.27276 -9.013144 7.583969
v 12.82681 -8.600919 7.785823
v 12.68989 -8.5912 7.743641
v 12.55606 -8.578514 7.678005
v 13.38571 -9.207367 7.230369
v 13.39885 -9.227798 7.138604
v 13.36002 -9.164882 7.350436
v 13.32196 -9.099555 7.472523
v 13.27276 -9.013144 7.583969
v 13.12914 -9.079022 7.569878
v 12.97743 -9.125256 7.533307
v 12.8223 -9.148456 7.473574
v 12.67081 -9.1475 7.393321
v 12.57907 -9.137687 6.622992
v 12.50556 -9.110202 6.677306
v 12.41576 -9.060444 6.757389
v 12.33298 -8.989836 6.851828
v 12.26778 -8.90135 6.95369
v 12.21378 -8.593252 7.234234
v 12.27009 -8.530244 7.375726
v 12.22925 -8.517886 7.290723
v 12.34123 -8.546536 7.483732
v 12.43843 -8.56325 7.588819
v 12.209 -8.694118 7.152045
v 12.22597 -8.80024 7.056087
v 12.26778 -8.90135 6.95369
v 12.33036 -8.990782 7.069486
v 12.41977 -9.064095 7.184379
v 12.53503 -9.117993 7.294795
v 13.39885 -9.227798 7.138604
v 13.32949 -9.270047 7.089451
v 13.47393 -9.192109 7.092777
v 13.567 -9.129082 7.027613
v 13.65438 -9.042059 6.954044
v 13.72537 -8.93486 6.878043
v 13.22812 -9.311944 7.019811
v 13.11012 -9.33575 6.941513
v 12.98551 -9.337658 6.861408
v 13.79981 -8.570009 6.686062
v 13.74859 -8.469993 6.566394
v 13.78935 -8.482326 6.651231
v 13.67768 -8.453753 6.458745
v 13.58087 -8.437097 6.353994
v 13.46538 -8.421597 6.262508
v 13.79784 -8.688416 6.739515
v 13.77386 -8.813982 6.804934
v 12.97095 -8.389603 6.133911
v 13.06601 -8.392581 6.134344
v 12.92105 -8.470922 6.131118
v 12.85507 -8.582376 6.144392
v 12.78639 -8.70331 6.182012
v 12.7219 -8.822805 6.245407
v 13.19499 -8.398871 6.152147
v 13.33239 -8.408631 6.194537
v 12.59421 -9.094869 6.53904
v 12.64549 -9.195355 6.659179
v 12.57907 -9.137687 6.622992
v 12.74391 -9.259977 6.715118
v 12.86007 -9.310282 6.784015
v 12.62346 -9.024522 6.433457
v 12.66651 -8.932148 6.331621
f 7222 7431 7223
f 7219 7222 7223
f 7218 7222 7219
f 7218 7221 7222
f 7221 7153 7222
f 7222 7153 7154
f 7223 7154 7053
f 7250 7154 7153
f 7219 7223 7220
f 7220 7223 7145
f 7223 7432 7145
f 7215 7218 7219
f 7216 7219 7220
f 7215 7219 7216
f 7093 7221 7218
f 7092 7093 7218
f 7092 7218 7215
f 7045 7092 7215
f 7045 7215 7071
f 7071 7215 7216
f 7093 7094 7221
f 7071 7216 7072
f 7094 7152 7221
f 7094 7062 7152
f 7221 7152 7153
f 7072 7216 7217
f 7216 7220 7217
f 7072 7217 7073
f 7244 7152 7062
f 7244 7062 7091
f 7247 7153 7152
f 7247 7152 7244
f 7250 7153 7247
f 7217 7220 7144
f 7220 7145 7144
f 7073 7217 7143
f 7217 7144 7143
f 7073 7143 7059
f 7243 7244 7091
f 7243 7091 7090
f 7246 7247 7244
f 7246 7244 7243
f 7059 7143 7230
f 7059 7230 7076
f 7143 7144 7231
f 7143 7231 7230
f 7144 7145 7232
f 7144 7232 7231
f 7242 7243 7090
f 7242 7090 7089
f 7076 7230 7227
f 7076 7227 7075
f 7145 7148 7232
f 7145 7433 7148
f 7232 7148 7147
f 7232 7147 7229
f 7231 7232 7229
f 7229 7147 7146
f 7230 7231 7228
f 7231 7229 7228
f 7230 7228 7227
f 7229 7146 7226
f 7228 7229 7226
f 7226 7146 7060
f 7226 7060 7079
f 7228 7226 7225
f 7225 7226 7079
f 7227 7228 7225
f 7225 7079 7078
f 7227 7225 7224
f 7224 7225 7078
f 7075 7227 7224
f 7224 7078 7077
f 7075 7224 7074
f 7074 7224 7077
f 7074 7077 7047
f 7151 7440 7154
f 7241 7439 7151
f 7238 7241 7151
f 7238 7151 7150
f 7150 7151 7250
f 7151 7441 7250
f 7150 7250 7249
f 7249 7250 7247
f 7249 7247 7246
f 7149 7150 7249
f 7248 7249 7246
f 7149 7249 7248
f 7235 7238 7150
f 7235 7150 7149
f 7248 7246 7245
f 7245 7246 7243
f 7245 7243 7242
f 7061 7149 7248
f 7085 7149 7061
f 7085 7235 7149
f 7061 7248 7088
f 7088 7248 7245
f 7088 7245 7087
f 7087 7245 7242
f 7087 7242 7086
f 7086 7242 7089
f 7086 7089 7046
f 7084 7235 7085
f 7084 7234 7235
f 7083 7234 7084
f 7234 7238 7235
f 7083 7233 7234
f 7048 7233 7083
f 7048 7080 7233
f 7234 7237 7238
f 7233 7237 7234
f 7237 7241 7238
f 7080 7236 7233
f 7233 7236 7237
f 7080 7081 7236
f 7237 7240 7241
f 7236 7240 7237
f 7081 7239 7236
f 7236 7239 7240
f 7081 7082 7239
f 7240 7437 7241
f 7241 7437 7438
f 7240 7436 7437
f 7239 7436 7240
f 7239 7435 7436
f 7082 7435 7239
f 7082 7434 7435
f 7259 7166 7054
f 7258 7166 7259
f 7255 7258 7259
f 7255 7259 7256
f 7256 7259 7157
f 7259 7442 7157
f 7258 7165 7166
f 7254 7258 7255
f 7257 7165 7258
f 7254 7257 7258
f 7252 7255 7256
f 7251 7254 7255
f 7251 7255 7252
f 7117 7257 7254
f 7116 7117 7254
f 7116 7254 7251
f 7049 7116 7251
f 7049 7251 7095
f 7095 7251 7252
f 7117 7118 7257
f 7095 7252 7096
f 7118 7164 7257
f 7257 7164 7165
f 7118 7066 7164
f 7096 7252 7253
f 7252 7256 7253
f 7096 7253 7097
f 7280 7164 7066
f 7280 7066 7115
f 7283 7165 7164
f 7283 7164 7280
f 7253 7256 7156
f 7256 7157 7156
f 7097 7253 7155
f 7253 7156 7155
f 7097 7155 7063
f 7279 7280 7115
f 7279 7115 7114
f 7063 7155 7266
f 7063 7266 7100
f 7155 7156 7267
f 7155 7267 7266
f 7156 7157 7268
f 7156 7268 7267
f 7100 7266 7263
f 7100 7263 7099
f 7266 7267 7264
f 7266 7264 7263
f 7099 7263 7260
f 7099 7260 7098
f 7098 7260 7101
f 7098 7101 7050
f 7260 7102 7101
f 7263 7261 7260
f 7260 7261 7102
f 7263 7264 7261
f 7261 7103 7102
f 7261 7262 7103
f 7264 7262 7261
f 7262 7064 7103
f 7267 7265 7264
f 7264 7265 7262
f 7267 7268 7265
f 7262 7158 7064
f 7265 7158 7262
f 7106 7064 7158
f 7268 7159 7265
f 7265 7159 7158
f 7106 7158 7275
f 7275 7158 7159
f 7105 7106 7275
f 7268 7160 7159
f 7157 7160 7268
f 7157 7443 7160
f 7105 7275 7272
f 7104 7105 7272
f 7275 7159 7276
f 7276 7159 7160
f 7272 7275 7276
f 7104 7272 7269
f 7052 7104 7269
f 7052 7269 7107
f 7276 7160 7277
f 7277 7160 7444
f 7272 7276 7273
f 7269 7272 7273
f 7273 7276 7277
f 7107 7269 7270
f 7269 7273 7270
f 7107 7270 7108
f 7273 7277 7274
f 7270 7273 7274
f 7108 7270 7271
f 7270 7274 7271
f 7108 7271 7109
f 7274 7277 7163
f 7277 7445 7163
f 7274 7163 7162
f 7271 7274 7162
f 7271 7162 7161
f 7109 7271 7161
f 7109 7161 7065
f 7110 7113 7051
f 7110 7278 7113
f 7278 7114 7113
f 7111 7278 7110
f 7278 7279 7114
f 7111 7281 7278
f 7281 7279 7278
f 7112 7281 7111
f 7281 7282 7279
f 7282 7280 7279
f 7282 7283 7280
f 7112 7284 7281
f 7284 7282 7281
f 7446 7284 7112
f 7446 7447 7284
f 7284 7285 7282
f 7447 7285 7284
f 7285 7283 7282
f 7447 7448 7285
f 7285 7286 7283
f 7448 7286 7285
f 7286 7165 7283
f 7448 7449 7286
f 7286 7166 7165
f 7449 7166 7286
f 7449 7450 7166
f 7456 7119 7457
f 7456 7296 7119
f 7458 7296 7456
f 7296 7120 7119
f 7458 7299 7296
f 7459 7299 7458
f 7296 7297 7120
f 7299 7297 7296
f 7297 7121 7120
f 7459 7302 7299
f 7455 7302 7459
f 7297 7298 7121
f 7298 7067 7121
f 7299 7300 7297
f 7302 7300 7299
f 7300 7298 7297
f 7455 7167 7302
f 7454 7167 7455
f 7298 7170 7067
f 7124 7067 7170
f 7300 7301 7298
f 7301 7170 7298
f 7302 7303 7300
f 7167 7303 7302
f 7303 7301 7300
f 7454 7289 7167
f 7453 7289 7454
f 7124 7170 7311
f 7123 7124 7311
f 7167 7168 7303
f 7289 7168 7167
f 7301 7171 7170
f 7311 7170 7171
f 7303 7304 7301
f 7168 7304 7303
f 7304 7171 7301
f 7453 7288 7289
f 7452 7288 7453
f 7123 7311 7308
f 7122 7123 7308
f 7289 7292 7168
f 7288 7292 7289
f 7168 7169 7304
f 7292 7169 7168
f 7304 7172 7171
f 7169 7172 7304
f 7311 7171 7312
f 7308 7311 7312
f 7312 7171 7172
f 7452 7287 7288
f 7451 7287 7452
f 7451 7128 7287
f 7288 7291 7292
f 7287 7291 7288
f 7128 7290 7287
f 7287 7290 7291
f 7128 7129 7290
f 7292 7295 7169
f 7291 7295 7292
f 7169 7055 7172
f 7295 7055 7169
f 7312 7172 7313
f 7313 7172 7055
f 7129 7293 7290
f 7129 7130 7293
f 7290 7294 7291
f 7291 7294 7295
f 7290 7293 7294
f 7295 7178 7055
f 7294 7178 7295
f 7130 7176 7293
f 7130 7068 7176
f 7293 7177 7294
f 7294 7177 7178
f 7293 7176 7177
f 7175 7055 7178
f 7313 7055 7175
f 7309 7312 7313
f 7308 7312 7309
f 7316 7176 7068
f 7316 7068 7127
f 7319 7177 7176
f 7319 7176 7316
f 7322 7178 7177
f 7175 7178 7322
f 7322 7177 7319
f 7310 7313 7175
f 7309 7313 7310
f 7305 7308 7309
f 7122 7308 7305
f 7460 7122 7305
f 7460 7305 7461
f 7305 7309 7306
f 7461 7305 7306
f 7306 7309 7310
f 7461 7306 7462
f 7462 7306 7307
f 7306 7310 7307
f 7462 7307 7463
f 7310 7175 7174
f 7307 7310 7174
f 7174 7175 7322
f 7463 7307 7173
f 7307 7174 7173
f 7463 7173 7464
f 7174 7322 7321
f 7173 7174 7321
f 7321 7322 7319
f 7464 7173 7320
f 7173 7321 7320
f 7464 7320 7468
f 7321 7319 7318
f 7320 7321 7318
f 7318 7319 7316
f 7468 7320 7317
f 7320 7318 7317
f 7468 7317 7467
f 7318 7316 7315
f 7317 7318 7315
f 7315 7316 7127
f 7315 7127 7126
f 7467 7317 7314
f 7317 7315 7314
f 7314 7315 7126
f 7467 7314 7465
f 7314 7126 7125
f 7465 7314 7125
f 7465 7125 7466
f 7478 7131 7479
f 7478 7332 7131
f 7480 7332 7478
f 7332 7132 7131
f 7480 7335 7332
f 7481 7335 7480
f 7332 7333 7132
f 7335 7333 7332
f 7333 7133 7132
f 7481 7338 7335
f 7474 7338 7481
f 7333 7334 7133
f 7334 7069 7133
f 7335 7336 7333
f 7338 7336 7335
f 7336 7334 7333
f 7474 7179 7338
f 7473 7179 7474
f 7334 7182 7069
f 7136 7069 7182
f 7336 7337 7334
f 7337 7182 7334
f 7338 7339 7336
f 7179 7339 7338
f 7339 7337 7336
f 7473 7325 7179
f 7472 7325 7473
f 7136 7182 7347
f 7135 7136 7347
f 7179 7180 7339
f 7325 7180 7179
f 7337 7183 7182
f 7347 7182 7183
f 7339 7340 7337
f 7180 7340 7339
f 7340 7183 7337
f 7472 7324 7325
f 7471 7324 7472
f 7135 7347 7344
f 7134 7135 7344
f 7325 7328 7180
f 7324 7328 7325
f 7180 7181 7340
f 7328 7181 7180
f 7340 7184 7183
f 7181 7184 7340
f 7347 7183 7348
f 7344 7347 7348
f 7348 7183 7184
f 7471 7323 7324
f 7469 7323 7471
f 7469 7470 7323
f 7324 7327 7328
f 7323 7327 7324
f 7470 7326 7323
f 7323 7326 7327
f 7470 7475 7326
f 7328 7331 7181
f 7327 7331 7328
f 7181 7056 7184
f 7331 7056 7181
f 7348 7184 7349
f 7349 7184 7056
f 7475 7329 7326
f 7475 7476 7329
f 7326 7330 7327
f 7327 7330 7331
f 7326 7329 7330
f 7331 7190 7056
f 7330 7190 7331
f 7476 7188 7329
f 7476 7477 7188
f 7329 7189 7330
f 7330 7189 7190
f 7329 7188 7189
f 7187 7056 7190
f 7349 7056 7187
f 7345 7348 7349
f 7344 7348 7345
f 7352 7188 7477
f 7352 7477 7491
f 7355 7189 7188
f 7355 7188 7352
f 7358 7190 7189
f 7187 7190 7358
f 7358 7189 7355
f 7346 7349 7187
f 7345 7349 7346
f 7341 7344 7345
f 7134 7344 7341
f 7482 7134 7341
f 7482 7341 7483
f 7341 7345 7342
f 7483 7341 7342
f 7342 7345 7346
f 7483 7342 7484
f 7484 7342 7343
f 7342 7346 7343
f 7484 7343 7485
f 7346 7187 7186
f 7343 7346 7186
f 7186 7187 7358
f 7485 7343 7185
f 7343 7186 7185
f 7485 7185 7486
f 7186 7358 7357
f 7185 7186 7357
f 7357 7358 7355
f 7486 7185 7356
f 7185 7357 7356
f 7486 7356 7493
f 7357 7355 7354
f 7356 7357 7354
f 7354 7355 7352
f 7493 7356 7353
f 7356 7354 7353
f 7493 7353 7492
f 7354 7352 7351
f 7353 7354 7351
f 7351 7352 7491
f 7351 7491 7490
f 7492 7353 7350
f 7353 7351 7350
f 7350 7351 7490
f 7492 7350 7487
f 7350 7490 7488
f 7487 7350 7488
f 7487 7488 7489
f 7498 7191 7499
f 7498 7361 7191
f 7497 7361 7498
f 7361 7192 7191
f 7497 7360 7361
f 7496 7360 7497
f 7361 7364 7192
f 7360 7364 7361
f 7364 7193 7192
f 7496 7359 7360
f 7494 7359 7496
f 7494 7495 7359
f 7360 7363 7364
f 7359 7363 7360
f 7364 7367 7193
f 7363 7367 7364
f 7367 7057 7193
f 7495 7362 7359
f 7359 7362 7363
f 7495 7500 7362
f 7363 7366 7367
f 7362 7366 7363
f 7367 7202 7057
f 7366 7202 7367
f 7527 7057 7202
f 7500 7365 7362
f 7362 7365 7366
f 7500 7501 7365
f 7527 7202 7394
f 7526 7527 7394
f 7366 7201 7202
f 7365 7201 7366
f 7394 7202 7201
f 7501 7200 7365
f 7365 7200 7201
f 7501 7502 7200
f 7526 7394 7393
f 7525 7526 7393
f 7394 7201 7391
f 7391 7201 7200
f 7393 7394 7391
f 7388 7200 7502
f 7391 7200 7388
f 7388 7502 7521
f 7525 7393 7392
f 7524 7525 7392
f 7524 7392 7523
f 7393 7391 7390
f 7390 7391 7388
f 7392 7393 7390
f 7387 7388 7521
f 7390 7388 7387
f 7387 7521 7520
f 7523 7392 7389
f 7392 7390 7389
f 7389 7390 7387
f 7523 7389 7522
f 7386 7387 7520
f 7389 7387 7386
f 7522 7389 7386
f 7386 7520 7518
f 7522 7386 7517
f 7517 7386 7518
f 7517 7518 7519
f 7503 7137 7504
f 7503 7368 7137
f 7505 7368 7503
f 7368 7138 7137
f 7505 7371 7368
f 7506 7371 7505
f 7368 7369 7138
f 7371 7369 7368
f 7369 7139 7138
f 7506 7374 7371
f 7507 7374 7506
f 7507 7508 7374
f 7369 7370 7139
f 7370 7070 7139
f 7371 7372 7369
f 7374 7372 7371
f 7372 7370 7369
f 7508 7375 7374
f 7374 7375 7372
f 7508 7509 7375
f 7370 7194 7070
f 7142 7070 7194
f 7372 7373 7370
f 7375 7373 7372
f 7373 7194 7370
f 7509 7376 7375
f 7375 7376 7373
f 7509 7510 7376
f 7142 7194 7383
f 7141 7142 7383
f 7373 7195 7194
f 7376 7195 7373
f 7383 7194 7195
f 7510 7196 7376
f 7376 7196 7195
f 7510 7511 7196
f 7141 7383 7380
f 7140 7141 7380
f 7383 7195 7384
f 7384 7195 7196
f 7380 7383 7384
f 7385 7196 7511
f 7384 7196 7385
f 7385 7511 7199
f 7140 7380 7377
f 7512 7140 7377
f 7512 7377 7513
f 7380 7384 7381
f 7381 7384 7385
f 7377 7380 7381
f 7382 7385 7199
f 7381 7385 7382
f 7382 7199 7198
f 7513 7377 7378
f 7377 7381 7378
f 7378 7381 7382
f 7513 7378 7514
f 7379 7382 7198
f 7378 7382 7379
f 7514 7378 7379
f 7379 7198 7197
f 7514 7379 7515
f 7515 7379 7197
f 7515 7197 7516
f 7537 7538 7539
f 7537 7404 7538
f 7543 7404 7537
f 7404 7540 7538
f 7543 7407 7404
f 7544 7407 7543
f 7404 7405 7540
f 7407 7405 7404
f 7405 7541 7540
f 7544 7410 7407
f 7533 7410 7544
f 7405 7406 7541
f 7406 7542 7541
f 7407 7408 7405
f 7410 7408 7407
f 7408 7406 7405
f 7533 7203 7410
f 7532 7203 7533
f 7406 7206 7542
f 7552 7542 7206
f 7408 7409 7406
f 7409 7206 7406
f 7410 7411 7408
f 7203 7411 7410
f 7411 7409 7408
f 7532 7397 7203
f 7531 7397 7532
f 7552 7206 7419
f 7551 7552 7419
f 7203 7204 7411
f 7397 7204 7203
f 7409 7207 7206
f 7419 7206 7207
f 7411 7412 7409
f 7204 7412 7411
f 7412 7207 7409
f 7531 7396 7397
f 7530 7396 7531
f 7551 7419 7416
f 7546 7551 7416
f 7397 7400 7204
f 7396 7400 7397
f 7204 7205 7412
f 7400 7205 7204
f 7412 7208 7207
f 7205 7208 7412
f 7419 7207 7420
f 7416 7419 7420
f 7420 7207 7208
f 7530 7395 7396
f 7528 7395 7530
f 7528 7529 7395
f 7396 7399 7400
f 7395 7399 7396
f 7529 7398 7395
f 7395 7398 7399
f 7529 7534 7398
f 7400 7403 7205
f 7399 7403 7400
f 7205 7058 7208
f 7403 7058 7205
f 7420 7208 7421
f 7421 7208 7058
f 7534 7401 7398
f 7534 7535 7401
f 7398 7402 7399
f 7399 7402 7403
f 7398 7401 7402
f 7403 7214 7058
f 7402 7214 7403
f 7535 7212 7401
f 7535 7536 7212
f 7401 7213 7402
f 7402 7213 7214
f 7401 7212 7213
f 7211 7058 7214
f 7421 7058 7211
f 7417 7420 7421
f 7416 7420 7417
f 7424 7212 7536
f 7424 7536 7557
f 7427 7213 7212
f 7427 7212 7424
f 7430 7214 7213
f 7211 7214 7430
f 7430 7213 7427
f 7418 7421 7211
f 7417 7421 7418
f 7413 7416 7417
f 7546 7416 7413
f 7545 7546 7413
f 7545 7413 7547
f 7413 7417 7414
f 7547 7413 7414
f 7414 7417 7418
f 7547 7414 7548
f 7548 7414 7415
f 7414 7418 7415
f 7548 7415 7549
f 7418 7211 7210
f 7415 7418 7210
f 7210 7211 7430
f 7549 7415 7209
f 7415 7210 7209
f 7549 7209 7550
f 7210 7430 7429
f 7209 7210 7429
f 7429 7430 7427
f 7550 7209 7428
f 7209 7429 7428
f 7550 7428 7559
f 7429 7427 7426
f 7428 7429 7426
f 7426 7427 7424
f 7559 7428 7425
f 7428 7426 7425
f 7559 7425 7558
f 7426 7424 7423
f 7425 7426 7423
f 7423 7424 7557
f 7423 7557 7556
f 7558 7425 7422
f 7425 7423 7422
f 7422 7423 7556
f 7558 7422 7553
f 7422 7556 7554
f 7553 7422 7554
f 7553 7554 7555
