v -10.86645 -11 -25.20966
v -9.290344 -11 -17.36645
v -14.78805 -11 -24.4216
v -13.21195 -11 -16.5784
v -20.85842 -11 -23.20175
v -19.63278 -11 -15.28812
v -13.21195 2 -16.5784
v -14.78805 2 -24.4216
v -19.63278 -7 -15.28812
v -20.85842 -7 -23.20175
v -20.85842 -11 -23.20175
v -19.63278 -11 -15.28812
v -20.85842 -9 -23.20175
v -19.63278 -9 -15.28812
v -20.85842 -7 -23.20175
v -19.63278 -7 -15.28812
v -11.5 -6 -11.5
v -11.5 -11 -11.5
v -7.500003 -7.5 -12
v -7.500001 -11 -12
v -7.500003 -7.5 -12
v -7.500003 -4.5 -12
v -11.5 -4.5 -11.5
v -9.290345 -1 -17.36645
v -9.290344 -11 -17.36645
v -10.86645 -1 -25.20965
v -10.86645 -11 -25.20966
v 9.12396 1.5 -24.24748
v 9.12396 -1.5 -24.24748
v 7.839861 1.5 -34.21498
v 7.839861 -1.5 -34.21498
v -10.86645 -1 -25.20965
v -14.78805 -11 -24.4216
v -14.78805 -4.75 -24.4216
v -10.86645 -11 -25.20966
v -10.86645 2 -25.20965
v -14.78805 2 -24.4216
v -14.78805 2 -24.4216
v -20.85842 -7 -23.20175
v -20.85842 -9 -23.20175
v -20.85842 -11 -23.20175
v -17.5 -11.5 -10
v -11.5 -11 -11.5
v -17.5 -9.5 -10
v -11.5 -6 -11.5
v -17.5 -8 -10
v -11.5 -4.5 -11.5
v -9.290345 2 -17.36645
v -9.290345 -1 -17.36645
v -0.7331864 2 -19.08602
v -0.7331864 -1 -19.08602
v -9.290345 -1 -17.36645
v -10.86645 -1 -25.20965
v -0.7331864 -1 -19.08602
v -1.958828 -1 -26.99965
v -10.86645 -1 -25.20965
v -1.958828 -1 -26.99965
v -1.958828 2 -26.99965
v -0.7331864 2 -19.08602
v -0.7331864 -1 -19.08602
v 4.24297 2 -19.99492
v 4.24297 -1 -19.99492
v -0.7331845 -9.5 -19.08602
v -1.958826 -9.5 -26.99965
v 4.242972 -9.5 -19.99492
v 3.01733 -9.5 -27.90855
v -0.7331864 -1 -19.08602
v -1.958828 -1 -26.99965
v -0.7331845 -9.5 -19.08602
v -1.958826 -9.5 -26.99965
v 4.602325 -1 -17
v -0.3738296 -1 -16
v 4.602327 -9.5 -17
v -0.3738276 -9.5 -16
v 13.10454 -1.5 -32
v 11.5 -1.5 -26.5
v 13.10454 -9.5 -32
v 11.5 -9.5 -26.5
v -1.958828 -1 -26.99965
v -1.958828 2 -26.99965
v -0.6282484 -1.5 -32.97356
v -0.6282484 1.5 -32.97356
v -1.958826 -9.5 -26.99965
v -1.958828 -1 -26.99965
v -0.6282484 -9.5 -32.97356
v -0.6282484 -1.5 -32.97356
v 4.24297 -1 -19.99492
v 4.242972 -9.5 -19.99492
v 9.12396 -1.5 -24.24748
v 9.12396 -9.5 -24.24748
v 4.24297 2 -19.99492
v 4.24297 -1 -19.99492
v 9.12396 1.5 -24.24748
v 9.12396 -1.5 -24.24748
v 7.839861 -9.5 -34.21498
v -0.6282484 -9.5 -32.97356
v 9.12396 -9.5 -24.24748
v -1.958828 2 -26.99965
v 3.01733 2 -27.90855
v -1.958823 4 -26.99965
v 3.017334 4 -27.90855
v -0.6282445 4 -32.97356
v -1.958823 4 -26.99965
v 4.24297 2 -19.99492
v 9.12396 1.5 -24.24748
v 4.242976 4 -19.99492
v 9.123963 4 -24.24749
v 3.01733 2 -27.90855
v 4.24297 2 -19.99492
v 3.017334 4 -27.90855
v 4.242976 4 -19.99492
v 9.123963 4 -24.24749
v 7.839865 4 -34.21498
v -1.958823 4 -26.99965
v 3.017334 4 -27.90855
v -1.958822 7 -26.99965
v 3.017332 7 -27.90855
v -0.6282443 7 -32.97356
v -1.958822 7 -26.99965
v 3.017334 4 -27.90855
v 7.839865 4 -34.21498
v 3.017332 7 -27.90855
v 7.839865 7 -34.21498
v 7.839861 -9.5 -34.21498
v 7.839861 -1.5 -34.21498
v 13.10454 -9.5 -32
v 13.10454 -1.5 -32
v 9.12396 -1.5 -24.24748
v 9.12396 -9.5 -24.24748
v 11.5 -1.5 -26.5
v 11.5 -9.5 -26.5
v 11.5 -9.5 -26.5
v 13.10454 -9.5 -32
v -19.63278 -11 -15.28812
v -13.21195 -11 -16.5784
v -17.5 -11.5 -10
v -11.5 -11 -11.5
v -19.63278 -9 -15.28812
v -19.63278 -11 -15.28812
v -17.5 -9.5 -10
v -17.5 -11.5 -10
v -9.290345 -1 -17.36645
v -9.290345 2 -17.36645
v -7.500003 -7.5 -12
v -7.500003 -4.5 -12
v -11.5 -11 -11.5
v -7.500001 -11 -12
v -9.290344 -11 -17.36645
v -9.290345 -1 -17.36645
v -7.500001 -11 -12
v -13.21195 2 -16.5784
v -19.63278 -7 -15.28812
v -11.5 -4.5 -11.5
v -17.5 -8 -10
v -9.290345 2 -17.36645
v -13.21195 2 -16.5784
v -7.500003 -4.5 -12
v -11.5 -4.5 -11.5
v -19.63278 -7 -15.28812
v -17.5 -8 -10
v 4.242972 -9.5 -19.99492
v 4.24297 -1 -19.99492
v 4.602327 -9.5 -17
v 4.602325 -1 -17
v -0.7331864 -1 -19.08602
v -0.7331845 -9.5 -19.08602
v -0.3738296 -1 -16
v -0.3738276 -9.5 -16
v -0.3738276 -9.5 -16
v 4.602327 -9.5 -17
v -0.6282443 7 -32.97356
v 7.839865 7 -34.21498
v 7.839865 4 -34.21498
v -0.6282445 4 -32.97356
v 7.839861 1.5 -34.21498
v -0.6282484 1.5 -32.97356
v 7.839861 -1.5 -34.21498
v -0.6282484 -1.5 -32.97356
v -0.6282484 -9.5 -32.97356
v 7.839861 -9.5 -34.21498
v -14.78805 2 -24.4216
v -13.21195 2 -16.5784
v -10.86645 2 -25.20965
v -9.290345 2 -17.36645
v -1.958828 2 -26.99965
v -0.7331864 2 -19.08602
v 3.01733 2 -27.90855
v 4.24297 2 -19.99492
v -1.958822 7 -26.99965
v 3.017332 7 -27.90855
v -0.6282443 7 -32.97356
v 7.839865 7 -34.21498
v 3.017334 4 -27.90855
v 4.242976 4 -19.99492
v 7.839865 4 -34.21498
v 9.123963 4 -24.24749
v 7.839861 -1.5 -34.21498
v 9.12396 -1.5 -24.24748
v 13.10454 -1.5 -32
v 11.5 -1.5 -26.5
v 4.24297 -1 -19.99492
v -0.7331864 -1 -19.08602
v 4.602325 -1 -17
v -0.3738296 -1 -16
f 1 2 3
f 2 4 3
f 3 4 5
f 4 6 5
f 7 8 9
f 8 10 9
f 11 12 13
f 13 12 14
f 13 14 15
f 15 14 16
f 17 18 19
f 18 20 19
f 17 21 22
f 23 17 22
f 24 25 26
f 26 25 27
f 28 29 30
f 30 29 31
f 32 33 34
f 32 35 33
f 36 32 34
f 36 34 37
f 38 34 39
f 34 40 39
f 40 34 33
f 40 33 41
f 42 43 44
f 43 45 44
f 46 44 45
f 46 45 47
f 48 49 50
f 49 51 50
f 52 53 54
f 53 55 54
f 56 36 57
f 36 58 57
f 59 60 61
f 60 62 61
f 63 64 65
f 64 66 65
f 67 68 69
f 68 70 69
f 71 72 73
f 72 74 73
f 75 76 77
f 76 78 77
f 79 80 81
f 80 82 81
f 83 84 85
f 84 86 85
f 87 88 89
f 88 90 89
f 91 92 93
f 92 94 93
f 66 64 95
f 64 96 95
f 65 66 97
f 66 95 97
f 98 99 100
f 99 101 100
f 82 80 102
f 80 103 102
f 104 105 106
f 105 107 106
f 108 109 110
f 109 111 110
f 28 30 112
f 30 113 112
f 114 115 116
f 115 117 116
f 102 103 118
f 103 119 118
f 120 121 122
f 121 123 122
f 124 125 126
f 125 127 126
f 128 129 130
f 129 131 130
f 97 95 132
f 95 133 132
f 134 135 136
f 135 137 136
f 138 139 140
f 139 141 140
f 142 143 144
f 143 145 144
f 4 2 146
f 2 147 146
f 148 149 150
f 149 144 150
f 151 152 153
f 152 154 153
f 155 156 157
f 156 158 157
f 159 138 160
f 138 140 160
f 161 162 163
f 162 164 163
f 165 166 167
f 166 168 167
f 63 65 169
f 65 170 169
f 171 172 173
f 171 173 174
f 173 175 174
f 174 175 176
f 176 175 177
f 176 177 178
f 177 179 178
f 177 180 179
f 181 182 183
f 182 184 183
f 183 184 185
f 184 186 185
f 185 186 187
f 186 188 187
f 189 190 191
f 190 192 191
f 193 194 195
f 194 196 195
f 197 198 199
f 198 200 199
f 201 202 203
f 202 204 203
v -20 6 29
v -14 6 29
v -20 10 29
v -14 10 29
v -14 6 15
v -20 6 15
v -14 10 15
v -20 10 15
v 4 -8 19
v 8 -8 15
v 8 -8 19
v 4 -8 15
v -14 -8 19
v -10 -8 15
v -10 -8 19
v -14 -8 15
v -20 -8 19
v -20 -8 15
v -14 6 19
v -14 6 15
v -14 10 15
v -14 10 19
v -20 10 15
v -20 6 19
v -20 10 19
v -20 6 15
v 4 -8 25
v 8 -8 25
v 4 -8 29
v 8 -8 29
v -14 -8 25
v -10 -8 25
v -14 -8 29
v -10 -8 29
v -20 -8 25
v -20 -8 29
v -14 6 29
v -14 6 25
v -14 10 25
v -14 10 29
v -20 10 25
v -20 6 29
v -20 10 29
v -20 6 25
v -14 6 25
v -14 10 25
v -14 6 19
v -10 6 25
v -10 6 19
v -10 10 25
v -14 6 29
v -14 10 29
v -10 6 29
v -10 10 29
v -6 -8 11
v -6 -8 15
v -10 -8 11
v -6 -8 19
v -6 -8 25
v -6 -8 29
v 0 -8 15
v 4 -8 11
v 0 -8 11
v 0 -8 19
v 0 -8 25
v 0 -8 29
v 8 6 15
v 4 4 15
v 4 6 15
v 8 4 15
v 4 4 29
v 8 4 29
v 8 6 29
v 4 6 29
v -14 -2 29
v -10 -2 29
v -10 4 29
v -14 4 29
v -10 6 15
v -14 4 15
v -10 4 15
v -14 -2 15
v -10 -2 15
v -20 -2 29
v -20 4 29
v -20 4 15
v -20 -2 15
v 8 4 19
v 8 4 15
v 8 6 15
v 8 6 19
v -20 4 15
v -20 -2 19
v -20 4 19
v -20 -2 15
v 8 4 29
v 8 4 25
v 8 6 25
v 8 6 29
v -20 4 25
v -20 -2 29
v -20 4 29
v -20 -2 25
v -6 -6 29
v -6 -2 29
v -6 6 29
v -6 2 15
v -6 -2 15
v -6 6 15
v 0 -2 29
v 0 6 29
v 0 2 15
v 0 6 15
v -1 -8 15
v -1 -8 11
v -1 -8 19
v -1 -8 25
v -1 -8 29
v -1 0 29
v -1 6 29
v -1 4 15
v -1 6 15
v -5 -8 15
v -5 -8 11
v -5 -8 19
v -5 -8 25
v -5 -8 29
v -5 0 29
v -5 6 29
v -5 6 15
v -5 4 15
v -5 4 15
v -1 4 15
v -5 0 29
v -1 0 29
v -1 4 15
v 0 2 15
v -1 0 29
v 0 -2 29
v -6 -2 15
v -6 2 15
v -6 -6 29
v -6 -2 29
v -6 2 15
v -5 4 15
v -6 -2 29
v -5 0 29
v 4 -2 11
v 4 -2 15
v 8 -6 11
v 8 -6 15
v 8 -8 11
v -20 -8 33
v -14 -8 33
v -10 -8 33
v -10 -4 11
v -10 -8 15
v -10 -5 15
v -10 -8 11
v -10 -2 11
v -10 -2 15
v 8 -7 15
v 8 -7 11
v 8 -6 11
v 8 -6 15
v 8 -8 15
v 8 -8 11
v 8 -5 15
v 4 -8 15
v 4 -5 15
v 8 -8 15
v 8 -2 15
v 4 -2 15
v 4 -7 32.5
v 8 -7 32.5
v 8 -6 32.5
v 4 -6 32.5
v 4 -8 32.5
v 8 -8 32.5
v -14 -5 15
v -10 -5 15
v -14 -8 15
v -10 -8 15
v -14 -8 33
v -10 -8 33
v -10 -5 33
v -14 -5 33
v -10 -2 33
v -14 -2 33
v -20 -5 15
v -20 -8 15
v -20 -8 33
v -20 -5 33
v -20 -2 33
v 8 -8 19
v 8 -5 15
v 8 -5 19
v 8 -2 15
v 8 -2 19
v -20 -5 15
v -20 -8 19
v -20 -5 19
v -20 -8 15
v 8 -8 29
v 8 -8 25
v 8 -5 25
v 8 -7 29
v 8 -2 25
v 8 -6 29
v -20 -5 25
v -20 -8 29
v -20 -5 29
v -20 -8 25
v -10 -8 29
v -6 -8 29
v -6 -7 29
v -10 -5 29
v -6 -4 5
v -10 -8 5
v -10 -4 5
v -6 -8 5
v -6 -2 11
v -10 -4 11
v -10 -2 11
v -6 -4 11
v 0 -7 32.5
v 0 -8 32.5
v 0 -6 32.5
v 4 -4 5
v 0 -8 5
v 0 -4 5
v 4 -8 5
v 4 -2 11
v 0 -4 11
v 0 -2 11
v 4 -4 11
v -1 -8 29
v 0 -8 29
v 0 -7 29
v -1 -7 29
v 0 -6 29
v -1 -6 29
v -1 -8 5
v -1 -4 5
v -1 -4 11
v -1 -2 11
v -5 -8 29
v -5 -7 29
v -5 -6 29
v -5 -4 5
v -5 -8 5
v -5 -2 11
v -5 -4 11
v -1 -4 0
v -5 -8 0
v -5 -4 0
v -1 -8 0
v 8 -7 15
v 8 -6 15
v 4 -5 15
v 4 -2 15
v 4 -8 15
v 8 -8 15
v 8 -7 11
v 4 -8 11
v 8 -8 11
v 8 -6 11
v -20 -5 33
v -20 -2 33
v -20 -8 33
v -10 -8 33
v -10 -8 29
v -10 -5 29
v -10 -5 33
v -10 -2 29
v -10 -2 33
v -10 -8 5
v -10 -4 5
v -6 -8 5
v -10 -8 5
v -5 -8 5
v -1 -8 5
v 0 -8 5
v 4 -4 11
v 4 -8 11
v 4 -4 5
v 4 -8 5
v 4 -8 5
v -5 -8 5
v -5 -4 5
v -5 -8 0
v -5 -4 0
v -1 -4 5
v -1 -8 5
v -1 -4 0
v -1 -8 0
v -1 -8 0
v -5 -8 0
v -10 6 29
v -10 6 25
v -4 6 29
v -4 6 25
v -4 6 29
v -10 6 25
v -10 10 25
v -4 6 25
v 8 1 15
v 4 1 15
v 4 -2.5 29
v 8 -2.5 29
v 8 1 15
v 8 1 19
v 8 -2.5 29
v 8 1 25
v 0 -2.5 29
v 0 0 15
v 0 -2 15
v 0 2 15
v 0 0 15
v 0 -2 29
v 0 -2.5 29
v 0 -2 15
v 0 -6 29
v 0 -6 32.5
v 0 -7 29
v 0 -8 29
v 0 -7 32.5
v 0 -8 32.5
v 8 -2.5 29
v 4 -2.5 29
v 8 -6 32.5
v 4 -6 32.5
v 0 -2.5 29
v 0 -6 32.5
v 4 -8 32.5
v 8 -8 32.5
v 8 -6 32.5
v 0 -8 32.5
v 8 -7 32.5
v 8 -8 32.5
v 8 6 15
v 4 6 15
v 4 6 19
v 8 6 19
v -10 6 15
v -14 6 15
v -14 6 19
v -10 6 19
v -14 10 15
v -20 10 15
v -20 10 19
v -14 10 19
v 4 6 25
v 8 6 25
v 4 6 29
v 8 6 29
v -10 6 19
v -14 6 19
v -14 10 25
v -10 10 25
v -10 10 25
v -14 10 25
v -14 10 29
v -10 10 29
v -20 10 25
v -20 10 29
v -6 -2 11
v -10 -2 11
v -10 -2 15
v -6 -2 15
v -6 6 15
v -6 6 19
v -10 6 25
v -6 6 25
v -10 6 29
v -6 6 29
v 4 -2 11
v 0 -2 11
v 0 -2 15
v 4 -2 15
v 0 6 15
v 0 6 19
v 0 6 25
v 0 6 29
v -1 -2 11
v -1 -2 15
v -1 6 15
v -1 6 19
v -1 6 25
v -1 6 29
v -5 -2 11
v -5 -2 15
v -5 6 15
v -5 6 19
v -5 6 25
v -5 6 29
v -5 -2 15
v -6 -2 15
v -5 -6 29
v -6 -6 29
v -1 -2 15
v -1 -6 29
v 0 -2 15
v 0 -6 29
v -14 -2 29
v -20 -2 29
v -14 -2 33
v -20 -2 33
v -10 -2 29
v -10 -2 33
v -10 -4 11
v -6 -4 11
v -10 -4 5
v -6 -4 5
v -5 -4 11
v -5 -4 5
v -1 -4 11
v -1 -4 5
v 0 -4 11
v 0 -4 5
v 4 -4 11
v 4 -4 5
v -5 -4 0
v -1 -4 0
v -10 10 25
v -10 10 29
v -4 6 25
v -4 6 29
f 205 206 207
f 206 208 207
f 209 210 211
f 210 212 211
f 213 214 215
f 213 216 214
f 217 218 219
f 217 220 218
f 221 220 217
f 221 222 220
f 223 224 225
f 226 223 225
f 227 228 229
f 227 230 228
f 231 215 232
f 231 213 215
f 233 232 234
f 233 231 232
f 235 219 236
f 235 217 219
f 237 236 238
f 237 235 236
f 239 217 235
f 239 221 217
f 240 235 237
f 240 239 235
f 241 242 243
f 244 241 243
f 242 223 226
f 243 242 226
f 245 246 247
f 245 248 246
f 229 248 245
f 229 228 248
f 249 250 251
f 252 253 254
f 249 255 250
f 255 256 250
f 206 257 208
f 257 258 208
f 218 259 260
f 218 261 259
f 219 260 262
f 219 218 260
f 236 262 263
f 236 219 262
f 238 263 264
f 238 236 263
f 265 266 216
f 265 267 266
f 268 216 213
f 268 265 216
f 269 213 231
f 269 268 213
f 270 231 233
f 270 269 231
f 271 272 273
f 271 274 272
f 275 276 277
f 278 275 277
f 279 280 281
f 282 279 281
f 282 281 257
f 206 282 257
f 283 284 209
f 283 285 284
f 285 286 284
f 285 287 286
f 288 279 282
f 289 288 282
f 289 282 206
f 205 289 206
f 209 290 210
f 209 284 290
f 284 291 290
f 284 286 291
f 292 293 294
f 295 292 294
f 296 297 298
f 296 299 297
f 230 298 228
f 230 296 298
f 300 301 302
f 303 300 302
f 301 292 295
f 302 301 295
f 304 305 306
f 304 307 305
f 248 306 246
f 248 304 306
f 298 307 304
f 298 297 307
f 228 304 248
f 228 298 304
f 280 308 309
f 281 280 309
f 281 309 310
f 257 281 310
f 311 287 285
f 311 312 287
f 313 285 283
f 313 311 285
f 314 275 278
f 315 314 278
f 273 316 317
f 273 272 316
f 318 267 265
f 318 319 267
f 320 265 268
f 320 318 265
f 321 268 269
f 321 320 268
f 322 269 270
f 322 321 269
f 323 314 315
f 324 323 315
f 317 325 326
f 317 316 325
f 327 319 318
f 327 328 319
f 260 328 327
f 260 259 328
f 329 318 320
f 329 327 318
f 262 327 329
f 262 260 327
f 330 320 321
f 330 329 320
f 263 329 330
f 263 262 329
f 331 321 322
f 331 330 321
f 264 330 331
f 264 263 330
f 309 332 333
f 310 309 333
f 332 323 324
f 333 332 324
f 334 311 313
f 334 335 311
f 326 335 334
f 326 325 335
f 336 337 338
f 337 339 338
f 340 341 342
f 341 343 342
f 344 345 346
f 345 347 346
f 348 349 350
f 349 351 350
f 352 353 354
f 353 355 354
f 216 266 214
f 266 356 214
f 240 237 357
f 237 358 357
f 237 238 358
f 238 359 358
f 360 361 362
f 360 363 361
f 364 362 365
f 364 360 362
f 366 367 368
f 369 366 368
f 370 371 367
f 366 370 367
f 372 373 374
f 372 375 373
f 376 374 377
f 376 372 374
f 378 379 380
f 381 378 380
f 382 383 379
f 378 382 379
f 287 384 286
f 287 385 384
f 385 386 384
f 385 387 386
f 388 389 390
f 391 388 390
f 391 390 392
f 393 391 392
f 286 394 291
f 286 384 394
f 384 395 394
f 384 386 395
f 396 388 391
f 397 396 391
f 397 391 393
f 398 397 393
f 399 370 400
f 401 399 400
f 401 400 402
f 403 401 402
f 404 405 406
f 404 407 405
f 299 406 297
f 299 404 406
f 408 409 410
f 411 408 410
f 411 410 412
f 413 411 412
f 409 399 401
f 410 409 401
f 410 401 403
f 412 410 403
f 414 415 416
f 414 417 415
f 307 416 305
f 307 414 416
f 406 417 414
f 406 405 417
f 297 414 307
f 297 406 414
f 418 419 420
f 421 418 420
f 420 308 421
f 280 421 308
f 422 423 424
f 422 425 423
f 426 427 428
f 426 429 427
f 430 431 382
f 430 382 378
f 430 378 432
f 432 378 381
f 433 434 435
f 433 436 434
f 437 438 439
f 437 440 438
f 441 442 443
f 444 441 443
f 444 443 445
f 446 444 445
f 435 447 448
f 435 434 447
f 439 449 450
f 439 438 449
f 419 451 452
f 420 419 452
f 420 452 453
f 308 420 453
f 451 441 444
f 452 451 444
f 452 444 446
f 453 452 446
f 454 425 422
f 454 455 425
f 456 429 426
f 456 457 429
f 458 459 460
f 458 461 459
f 450 457 456
f 450 449 457
f 462 463 464
f 465 464 463
f 466 467 462
f 464 466 462
f 468 469 440
f 468 470 469
f 471 440 437
f 440 471 468
f 305 472 473
f 305 416 472
f 416 474 472
f 416 415 474
f 475 476 477
f 478 475 477
f 478 477 479
f 480 478 479
f 363 360 481
f 360 482 481
f 259 261 483
f 261 484 483
f 328 259 485
f 259 483 485
f 319 328 486
f 328 485 486
f 267 319 487
f 319 486 487
f 488 489 490
f 489 491 490
f 266 267 492
f 267 487 492
f 493 494 495
f 494 496 495
f 497 498 499
f 498 500 499
f 486 485 501
f 485 502 501
f 503 504 505
f 504 506 505
f 258 257 507
f 508 509 510
f 511 377 512
f 511 376 377
f 274 512 272
f 274 511 512
f 513 514 276
f 275 513 276
f 403 402 515
f 516 403 515
f 516 515 293
f 292 516 293
f 517 413 412
f 517 412 518
f 517 518 300
f 518 301 300
f 412 403 516
f 518 412 516
f 518 516 292
f 301 518 292
f 519 513 314
f 314 513 275
f 512 377 520
f 377 521 520
f 272 512 316
f 512 520 316
f 522 523 524
f 524 523 525
f 523 526 525
f 525 526 527
f 525 527 528
f 529 530 531
f 530 532 531
f 533 534 535
f 534 536 535
f 534 537 536
f 537 538 536
f 233 234 539
f 234 540 539
f 527 529 528
f 529 531 528
f 413 517 541
f 270 233 542
f 233 539 542
f 411 413 543
f 413 541 543
f 408 411 544
f 411 543 544
f 545 546 547
f 548 545 547
f 549 550 551
f 552 549 551
f 553 554 555
f 556 553 555
f 548 547 557
f 558 548 557
f 558 557 559
f 560 558 559
f 561 562 563
f 564 561 563
f 565 566 567
f 568 565 567
f 556 555 569
f 566 556 569
f 566 569 570
f 567 566 570
f 571 572 573
f 574 571 573
f 575 549 552
f 576 575 552
f 576 552 577
f 578 576 577
f 578 577 579
f 580 578 579
f 581 582 583
f 584 581 583
f 546 585 586
f 547 546 586
f 547 586 587
f 557 547 587
f 557 587 588
f 559 557 588
f 582 589 590
f 583 582 590
f 585 591 592
f 586 585 592
f 586 592 593
f 587 586 593
f 587 593 594
f 588 587 594
f 589 595 596
f 590 589 596
f 595 571 574
f 596 595 574
f 591 597 598
f 592 591 598
f 597 575 576
f 598 597 576
f 592 598 599
f 593 592 599
f 598 576 578
f 599 598 578
f 593 599 600
f 594 593 600
f 599 578 580
f 600 599 580
f 601 602 603
f 602 604 603
f 605 601 606
f 601 603 606
f 607 605 608
f 605 606 608
f 609 610 611
f 610 612 611
f 613 609 614
f 609 611 614
f 615 616 617
f 616 618 617
f 616 619 618
f 619 620 618
f 619 621 620
f 621 622 620
f 621 623 622
f 623 624 622
f 623 625 624
f 625 626 624
f 620 622 627
f 622 628 627
f 629 630 631
f 630 632 631
v 16.88206 -2.637953 -17.91727
v 15.98086 -2.461336 -20.83291
v 15.8737 -2.541719 -17.61278
v 14.96617 -2.398038 -20.36007
v 15.98086 -2.461336 -20.83291
v 6.383445 -7.01028 -16.35757
v 14.96617 -2.398038 -20.36007
v 6.437649 -6.440352 -16.38315
v 6.383445 -7.01028 -16.35757
v 7.644389 -7.033098 -13.51736
v 6.437649 -6.440352 -16.38315
v 7.698601 -6.463172 -13.54295
v 7.644389 -7.033098 -13.51736
v 16.88206 -2.637953 -17.91727
v 7.698601 -6.463172 -13.54295
v 15.8737 -2.541719 -17.61278
v 15.8737 -2.541719 -17.61278
v 14.96617 -2.398038 -20.36007
v 7.698601 -6.463172 -13.54295
v 6.437649 -6.440352 -16.38315
v 7.644389 -7.033098 -13.51736
v 6.383445 -7.01028 -16.35757
v 16.88206 -2.637953 -17.91727
v 15.98086 -2.461336 -20.83291
f 633 634 635
f 634 636 635
f 637 638 639
f 638 640 639
f 641 642 643
f 642 644 643
f 645 646 647
f 646 648 647
f 649 650 651
f 650 652 651
f 653 654 655
f 654 656 655
v -15.00027 2 7.000332
v -14.99994 2 6.550331
v -14.99994 2.5 6.550331
v -15.00027 2.5 7.000332
v -24.99997 2.5 6.549782
v -24.99984 2 6.999781
v -24.99984 2.5 6.999781
v -24.99997 2 6.549782
v -24.99984 2 6.999781
v -24.41027 2 7.000061
v -24.41027 2.5 7.000061
v -24.99984 2.5 6.999781
v -24.4095 2.5 -6.999836
v -25 2 -7
v -25 2.5 -7
v -24.4095 2 -6.999836
v -24.40994 2.5 6.549814
v -24.99984 2.5 6.999781
v -24.41027 2.5 7.000061
v -24.99997 2.5 6.549782
v -24.99984 -9.93 6.999784
v -24.99997 -9.93 6.549786
v -24.40994 -9.93 6.549818
v -24.41027 -9.93 7.000065
v -15.41027 2.5 7.000197
v -15.41027 2 7.000197
v -15.00027 2 7.000332
v -15.00027 2.5 7.000332
v -14.9995 2.5 -6.999674
v -14.9995 2 -6.999674
v -15.4095 2.5 -6.999757
v -15.4095 2 -6.999757
v -15.40994 2.5 6.550309
v -15.00027 2.5 7.000332
v -14.99994 2.5 6.550331
v -15.41027 2.5 7.000197
v -15.00027 -9.93 7.000336
v -15.41027 -9.93 7.000201
v -15.40993 -9.93 6.550311
v -14.99994 -9.93 6.550333
v -14.99994 2 6.550331
v -14.99973 2 -6.44967
v -14.99973 2.5 -6.44967
v -14.99994 2.5 6.550331
v -14.99973 2 -6.44967
v -14.9995 2 -6.999674
v -14.9995 2.5 -6.999674
v -14.99973 2.5 -6.44967
v -24.99997 2.5 6.549782
v -24.99999 2.5 -6.45022
v -24.99999 2 -6.45022
v -24.99997 2 6.549782
v -25 2.5 -7
v -25 2 -7
v -24.40972 2.5 -6.450188
v -24.99999 2.5 -6.45022
v -24.4095 2.5 -6.999836
v -25 2.5 -7
v -24.99997 2 6.549782
v -24.99999 2 -6.45022
v -24.40972 2 -6.450188
v -24.40994 2 6.549814
v -24.99998 -9.93 -6.45022
v -25 -9.93 -7.000002
v -24.4095 -9.93 -6.999836
v -24.40972 -9.93 -6.450188
v -14.99973 2.5 -6.44967
v -15.40972 2.5 -6.449693
v -14.9995 2.5 -6.999674
v -15.4095 2.5 -6.999757
v -14.99994 2 6.550331
v -15.40994 2 6.550309
v -14.99973 2 -6.44967
v -15.40972 2 -6.449693
v -14.99972 -9.93 -6.44967
v -15.40972 -9.93 -6.449693
v -14.9995 -9.93 -6.999674
v -15.4095 -9.93 -6.999757
v -24.99984 2 6.999781
v -24.99997 2 6.549782
v -24.99984 -9.93 6.999784
v -24.99997 -9.93 6.549786
v -24.99997 2 6.549782
v -24.40994 2 6.549814
v -24.99997 -9.93 6.549786
v -24.40994 -9.93 6.549818
v -24.41027 2 7.000061
v -24.99984 2 6.999781
v -24.41027 -9.93 7.000065
v -24.99984 -9.93 6.999784
v -24.40994 2 6.549814
v -24.41027 2 7.000061
v -24.40994 -9.93 6.549818
v -24.41027 -9.93 7.000065
v -15.00027 2 7.000332
v -15.41027 2 7.000197
v -15.00027 -9.93 7.000336
v -15.41027 -9.93 7.000201
v -15.41027 2 7.000197
v -15.40994 2 6.550309
v -15.41027 -9.93 7.000201
v -15.40993 -9.93 6.550311
v -14.99994 2 6.550331
v -15.00027 2 7.000332
v -14.99994 -9.93 6.550333
v -15.00027 -9.93 7.000336
v -15.40994 2 6.550309
v -14.99994 2 6.550331
v -15.40993 -9.93 6.550311
v -14.99994 -9.93 6.550333
v -24.99999 2 -6.45022
v -25 2 -7
v -24.99998 -9.93 -6.45022
v -25 -9.93 -7.000002
v -25 2 -7
v -24.4095 2 -6.999836
v -25 -9.93 -7.000002
v -24.4095 -9.93 -6.999836
v -24.40972 2 -6.450188
v -24.99999 2 -6.45022
v -24.40972 -9.93 -6.450188
v -24.99998 -9.93 -6.45022
v -24.4095 2 -6.999836
v -24.40972 2 -6.450188
v -24.4095 -9.93 -6.999836
v -24.40972 -9.93 -6.450188
v -14.99973 2 -6.44967
v -15.40972 2 -6.449693
v -14.99972 -9.93 -6.44967
v -15.40972 -9.93 -6.449693
v -14.9995 2 -6.999674
v -14.99973 2 -6.44967
v -14.9995 -9.93 -6.999674
v -14.99972 -9.93 -6.44967
v -15.40972 2 -6.449693
v -15.4095 2 -6.999757
v -15.40972 -9.93 -6.449693
v -15.4095 -9.93 -6.999757
v -15.4095 2 -6.999757
v -14.9995 2 -6.999674
v -15.4095 -9.93 -6.999757
v -14.9995 -9.93 -6.999674
v -24.41027 2 7.000061
v -21.5 2 7.000129
v -21.5 2.5 7.000129
v -24.41027 2.5 7.000061
v -21.5 2.5 -6.999796
v -24.4095 2 -6.999836
v -24.4095 2.5 -6.999836
v -21.5 2 -6.999796
v -21.5 2.5 6.550061
v -21.5 2.5 7.000129
v -24.41027 2 7.000061
v -21.5 2 7.000129
v -21.5 2 6.550061
v -21.5 2.5 -6.44994
v -21.5 2.5 -6.999796
v -21.5 2 -6.44994
v -24.4095 2 -6.999836
v -21.5 2 -6.999796
v -18.45514 2 7.000163
v -18.45514 2.5 7.000163
v -15.41027 2 7.000197
v -15.41027 2.5 7.000197
v -18.45475 2.5 -6.999777
v -18.45475 2 -6.999777
v -15.4095 2.5 -6.999757
v -15.4095 2 -6.999757
v -18.45497 2.5 6.550185
v -18.45514 2.5 7.000163
v -18.45514 2 7.000163
v -18.45497 2 6.550185
v -15.41027 2 7.000197
v -18.45486 2.5 -6.449816
v -18.45475 2.5 -6.999777
v -18.45486 2 -6.449816
v -18.45486 -7.93 -6.449816
v -21.5 -7.93 -6.44994
v -21.5 -7.93 -6.999796
v -18.45475 -7.93 -6.999777
v -18.45475 2 -6.999777
v -15.4095 2 -6.999757
v -18.45486 2 -6.449816
v -21.5 2 -6.44994
v -18.45486 -7.93 -6.449816
v -21.5 -7.93 -6.44994
v -21.5 2 -6.44994
v -21.5 2 -6.999796
v -21.5 -7.93 -6.44994
v -21.5 -7.93 -6.999796
v -18.45475 2 -6.999777
v -18.45486 2 -6.449816
v -18.45475 -7.93 -6.999777
v -18.45486 -7.93 -6.449816
v -21.5 2 -6.999796
v -18.45475 2 -6.999777
v -21.5 -7.93 -6.999796
v -18.45475 -7.93 -6.999777
f 657 658 659
f 660 657 659
f 661 662 663
f 661 664 662
f 665 666 667
f 668 665 667
f 669 670 671
f 669 672 670
f 673 674 675
f 673 676 674
f 677 678 679
f 680 677 679
f 681 682 683
f 681 683 684
f 685 686 687
f 686 688 687
f 689 690 691
f 689 692 690
f 693 694 695
f 696 693 695
f 697 698 699
f 700 697 699
f 701 702 703
f 704 701 703
f 705 706 707
f 705 707 708
f 709 707 706
f 709 710 707
f 711 676 673
f 711 712 676
f 713 712 711
f 713 714 712
f 715 716 717
f 718 715 717
f 719 720 721
f 722 719 721
f 723 724 689
f 723 689 691
f 725 726 724
f 725 724 723
f 727 728 729
f 728 730 729
f 731 732 733
f 732 734 733
f 735 736 737
f 736 738 737
f 739 740 741
f 740 742 741
f 743 744 745
f 744 746 745
f 747 748 749
f 748 750 749
f 751 752 753
f 752 754 753
f 755 756 757
f 756 758 757
f 759 760 761
f 760 762 761
f 763 764 765
f 764 766 765
f 767 768 769
f 768 770 769
f 771 772 773
f 772 774 773
f 775 776 777
f 776 778 777
f 779 780 781
f 780 782 781
f 783 784 785
f 784 786 785
f 787 788 789
f 788 790 789
f 791 792 793
f 792 794 793
f 795 796 797
f 796 798 797
f 799 800 801
f 802 799 801
f 803 804 805
f 803 806 804
f 807 673 808
f 808 673 675
f 809 718 810
f 810 718 811
f 812 711 673
f 812 673 807
f 813 713 812
f 812 713 711
f 811 718 814
f 718 717 814
f 717 815 814
f 814 815 816
f 800 817 818
f 801 800 818
f 817 819 820
f 818 817 820
f 821 806 803
f 821 822 806
f 823 822 821
f 823 824 822
f 689 825 692
f 692 825 826
f 807 826 825
f 807 808 826
f 827 810 811
f 828 827 811
f 827 828 829
f 829 828 728
f 724 830 825
f 724 825 689
f 830 812 807
f 830 807 825
f 726 831 724
f 724 831 830
f 813 830 831
f 813 812 830
f 728 828 730
f 828 832 730
f 828 811 832
f 811 814 832
f 833 834 835
f 836 833 835
f 832 837 730
f 730 837 838
f 839 840 841
f 840 842 841
f 843 844 845
f 844 846 845
f 847 848 849
f 848 850 849
f 851 852 853
f 852 854 853
v 17.57067 11 -6.737141
v 17.07994 11 -6.832956
v 17.07994 11.5 -6.832956
v 17.57067 11.5 -6.737141
v 15.80298 11.5 -0.2927625
v 16.29374 11 -0.1970821
v 16.29374 11.5 -0.1970821
v 15.80298 11 -0.2927625
v 16.29374 11 -0.1970821
v 16.40672 11 -0.7757203
v 16.40672 11.5 -0.7757203
v 16.29374 11.5 -0.1970821
v 10.76359 11.5 -1.878317
v 10.65027 11 -1.298795
v 10.65027 11.5 -1.298795
v 10.76359 11 -1.878317
v 15.91605 11.5 -0.8718593
v 16.29374 11.5 -0.1970821
v 16.40672 11.5 -0.7757203
v 15.80298 11.5 -0.2927625
v 16.29374 -6.43 -0.1970845
v 15.80298 -6.43 -0.2927662
v 15.91605 -6.43 -0.8718624
v 16.40672 -6.43 -0.7757236
v 17.47486 11 -6.246407
v 17.47486 11.5 -6.246407
v 17.57067 11 -6.737141
v 17.57067 11.5 -6.737141
v 7 11.5 -8.291628
v 7 11 -8.291628
v 6 11.5 -2.808425
v 6 11 -2.808425
v 11.92755 11.5 -7.838947
v 11.92755 11 -7.838947
v 11.83166 11.5 -7.348229
v 11.83166 11 -7.348229
v 16.98413 11.5 -6.342221
v 17.57067 11.5 -6.737141
v 17.07994 11.5 -6.832956
v 17.47486 11.5 -6.246407
v 17.57067 -6.43 -6.737139
v 17.47486 -6.43 -6.246406
v 16.98413 -6.43 -6.34222
v 17.07994 -6.43 -6.832954
v 17.47486 11 -6.246407
v 16.40672 11 -0.7757203
v 15.91605 11 -0.8718593
v 16.98413 11 -6.342221
v 12.46736 11 -7.733551
v 11.92755 11 -7.838947
v 11.92755 11.5 -7.838947
v 12.46736 11.5 -7.733551
v 10.65027 11.5 -1.298795
v 11.18986 11 -1.193455
v 11.18986 11.5 -1.193455
v 10.65027 11 -1.298795
v 10.76359 11.5 -1.878317
v 11.18986 11.5 -1.193455
v 11.30301 11.5 -1.772773
v 10.65027 11.5 -1.298795
v 11.18987 -6.43 -1.193457
v 10.65027 -6.43 -1.298796
v 10.76359 -6.43 -1.878319
v 11.30301 -6.43 -1.772775
v 11.92755 11.5 -7.838947
v 11.83166 11.5 -7.348229
v 12.37152 11.5 -7.24282
v 12.46736 11.5 -7.733551
v 12.46737 -6.43 -7.733548
v 12.37153 -6.43 -7.242819
v 11.92756 -6.43 -7.838945
v 11.83166 -6.43 -7.348227
v 11.30301 11 -1.772773
v 10.76359 11 -1.878317
v 12.37152 11 -7.24282
v 11.83166 11 -7.348229
v 16.29374 11 -0.1970821
v 15.80298 11 -0.2927625
v 16.29374 -6.43 -0.1970845
v 15.80298 -6.43 -0.2927662
v 15.80298 11 -0.2927625
v 15.91605 11 -0.8718593
v 15.80298 -6.43 -0.2927662
v 15.91605 -6.43 -0.8718624
v 16.40672 -6.43 -0.7757236
v 16.29374 -6.43 -0.1970845
v 15.91605 11 -0.8718593
v 16.40672 11 -0.7757203
v 15.91605 -6.43 -0.8718624
v 16.40672 -6.43 -0.7757236
v 17.57067 -6.43 -6.737139
v 17.47486 -6.43 -6.246406
v 17.47486 11 -6.246407
v 16.98413 11 -6.342221
v 17.47486 -6.43 -6.246406
v 16.98413 -6.43 -6.34222
v 17.07994 -6.43 -6.832954
v 17.57067 -6.43 -6.737139
v 16.98413 11 -6.342221
v 17.07994 11 -6.832956
v 16.98413 -6.43 -6.34222
v 17.07994 -6.43 -6.832954
v 11.18986 11 -1.193455
v 10.65027 11 -1.298795
v 11.18987 -6.43 -1.193457
v 10.65027 -6.43 -1.298796
v 10.65027 11 -1.298795
v 10.76359 11 -1.878317
v 10.65027 -6.43 -1.298796
v 10.76359 -6.43 -1.878319
v 11.30301 11 -1.772773
v 11.18986 11 -1.193455
v 11.30301 -6.43 -1.772775
v 11.18987 -6.43 -1.193457
v 10.76359 11 -1.878317
v 11.30301 11 -1.772773
v 10.76359 -6.43 -1.878319
v 11.30301 -6.43 -1.772775
v 12.46736 11 -7.733551
v 12.37152 11 -7.24282
v 12.46737 -6.43 -7.733548
v 12.37153 -6.43 -7.242819
v 11.92756 -6.43 -7.838945
v 12.46737 -6.43 -7.733548
v 12.37152 11 -7.24282
v 11.83166 11 -7.348229
v 12.37153 -6.43 -7.242819
v 11.83166 -6.43 -7.348227
v 11.83166 11 -7.348229
v 11.92755 11 -7.838947
v 11.83166 -6.43 -7.348227
v 11.92756 -6.43 -7.838945
v 14.87164 11 -7.264122
v 14.87164 11.5 -7.264122
v 13.59468 11.5 -0.7239248
v 15.80298 11 -0.2927625
v 15.80298 11.5 -0.2927625
v 13.59468 11 -0.7239248
v 13.70777 11.5 -1.303136
v 13.59468 11.5 -0.7239248
v 15.80298 11 -0.2927625
v 13.59468 11 -0.7239248
v 13.70777 11 -1.303136
v 11.18986 11 -1.193455
v 14.77582 11.5 -6.773387
v 14.87164 11.5 -7.264122
v 17.07994 11 -6.832956
v 14.87164 11 -7.264122
v 14.77582 11 -6.773387
v 12.46736 11 -7.733551
v 11.83166 11.5 -7.348229
v 11.83166 11 -7.348229
v 7 11.5 -8.291628
v 7 11 -8.291628
v 6 11.5 -2.808425
v 7 11.5 -8.291628
v 7 11 -8.291628
v 6 11 -2.808425
v 10.76359 11 -1.878317
v 10.76359 11.5 -1.878317
v 6 11 -2.808425
v 6 11.5 -2.808425
f 855 856 857
f 858 855 857
f 859 860 861
f 859 862 860
f 863 864 865
f 866 863 865
f 867 868 869
f 867 870 868
f 871 872 873
f 871 874 872
f 875 876 877
f 878 875 877
f 865 864 879
f 865 879 880
f 880 879 881
f 880 881 882
f 883 884 885
f 884 886 885
f 887 888 889
f 888 890 889
f 891 892 893
f 891 894 892
f 871 894 891
f 871 873 894
f 895 896 897
f 898 895 897
f 899 900 901
f 902 899 901
f 903 904 905
f 906 903 905
f 907 908 909
f 907 910 908
f 911 912 913
f 911 914 912
f 915 916 917
f 918 915 917
f 919 920 921
f 919 921 922
f 920 911 921
f 921 911 913
f 923 924 925
f 924 926 925
f 927 928 929
f 929 928 930
f 931 932 933
f 932 934 933
f 935 936 937
f 936 938 937
f 864 863 939
f 863 940 939
f 941 942 943
f 942 944 943
f 881 879 945
f 879 946 945
f 947 948 949
f 948 950 949
f 856 855 951
f 855 952 951
f 953 954 955
f 954 956 955
f 957 958 959
f 958 960 959
f 961 962 963
f 962 964 963
f 965 966 967
f 966 968 967
f 969 970 971
f 970 972 971
f 973 974 975
f 974 976 975
f 904 903 977
f 903 978 977
f 979 980 981
f 980 982 981
f 983 984 985
f 984 986 985
f 856 987 857
f 987 988 857
f 987 903 988
f 903 906 988
f 989 990 991
f 989 992 990
f 909 992 989
f 909 908 992
f 993 874 871
f 993 994 874
f 913 994 993
f 913 912 994
f 995 996 997
f 901 995 997
f 996 998 927
f 997 996 927
f 922 921 999
f 1000 922 999
f 1000 999 891
f 1000 891 893
f 921 913 993
f 921 993 999
f 999 993 871
f 999 871 891
f 1001 902 1002
f 902 1003 1002
f 1003 1004 1002
f 1003 929 1004
f 902 901 1003
f 901 997 1003
f 1003 997 929
f 997 927 929
f 1005 1006 1007
f 1006 1008 1007
f 911 920 1009
f 920 1010 1009
f 930 928 1011
f 928 1012 1011
f 1013 1014 1015
f 1014 1016 1015
v 26.76068 -8.5 -26.14862
v 22.68468 -9.5 -29.04298
v 29.71142 -9.5 -28.24994
v 22.79155 -8.5 -25.0309
v 22.68468 -9.5 -29.04298
v 22.79155 -8.5 -25.0309
v 19.79267 -8.5 -24.94234
v 15.71666 -9.5 -27.8367
v 25.21264 -9.5 -11.10821
v 20.02766 -8.5 -16.9451
v 23.05591 -8.5 -16.034
v 16.15727 -9.5 -12.84187
v 33.12152 -9.5 -14.34332
v 25.21264 -9.5 -11.10821
v 28.05404 -8.5 -16.18158
v 23.05591 -8.5 -16.034
v 33.12152 -9.5 -14.34332
v 28.05404 -8.5 -16.18158
v 30.90605 -8.5 -21.26841
v 28.87742 -8.5 -22.20903
v 30.90605 -8.5 -21.26841
v 26.76068 -8.5 -26.14862
v 29.71142 -9.5 -28.24994
v 19.79267 -8.5 -24.94234
v 18.91054 -8.5 -20.9142
v 14.91204 -8.5 -20.79613
v 15.71666 -9.5 -27.8367
v 20.02766 -8.5 -16.9451
v 16.15727 -9.5 -12.84187
v 14.91204 -8.5 -20.79613
v 22.90904 -8.5 -21.03227
v 19.79267 -8.5 -24.94234
v 22.79155 -8.5 -25.0309
v 18.91054 -8.5 -20.9142
v 23.05591 -8.5 -16.034
v 20.02766 -8.5 -16.9451
v 28.87742 -8.5 -22.20903
v 26.76068 -8.5 -26.14862
v 28.05404 -8.5 -16.18158
v 15.64696 -2.93294 -27.7483
v 19.73353 -2.928339 -24.86734
v 22.614 -2.842767 -28.95337
v 22.73206 -2.895325 -24.95545
v 26.70057 -2.838167 -26.07241
v 29.64007 -2.778874 -28.15947
v 27.99521 -2.958557 -16.10699
v 22.99767 -3.01358 -15.96015
v 25.14426 -3.057268 -11.0215
v 33.05178 -2.929812 -14.25489
v 19.96964 -3.033455 -16.87152
v 16.08966 -3.130031 -12.75613
v 28.81764 -2.868715 -22.13323
v 30.84617 -2.859845 -21.19249
v 18.85208 -2.991902 -20.84006
v 14.85404 -3.03592 -20.72258
v 22.64825 5.000001 -24.84919
v 22.76575 5.000001 -20.85057
v 28.73413 5.000002 -22.02733
v 26.61738 5.000002 -25.96692
v 22.81827 0.05167659 -20.91717
v 22.96584 -0.01402064 -15.91978
v 27.96338 0.04100276 -16.06662
v 28.7858 0.1308441 -22.09286
v 19.70169 0.07122033 -24.82697
v 18.82024 0.007657867 -20.79969
v 22.70022 0.1042344 -24.91508
v 19.9378 -0.03389524 -16.83115
v 22.79201 2.525839 -20.88387
v 22.67424 2.552118 -24.88213
v 19.75 2.492348 -20.79448
v 19.75 2.519924 -24.79621
v 22.79201 2.525839 -20.88387
v 19.75 2.492348 -20.79448
v 23.00584 2.50612 -19.25
v 19.80298 2.46876 -19
v 28.75997 2.565423 -22.06009
v 22.79201 2.525839 -20.88387
v 29.13496 2.548407 -20.5
v 23.00584 2.50612 -19.25
v 29.71142 -9.5 -28.24994
v 22.68468 -9.5 -29.04298
v 22.614 -2.842767 -28.95337
v 29.64007 -2.778874 -28.15947
v 22.68468 -9.5 -29.04298
v 15.71666 -9.5 -27.8367
v 15.64696 -2.93294 -27.7483
v 22.614 -2.842767 -28.95337
v 26.70057 -2.838167 -26.07241
v 22.73206 -2.895325 -24.95545
v 22.70022 0.1042344 -24.91508
v 26.66874 0.1613925 -26.03203
v 22.73206 -2.895325 -24.95545
v 19.73353 -2.928339 -24.86734
v 19.70169 0.07122033 -24.82697
v 22.70022 0.1042344 -24.91508
v 25.14426 -3.057268 -11.0215
v 33.12152 -9.5 -14.34332
v 33.05178 -2.929812 -14.25489
v 25.21264 -9.5 -11.10821
v 16.08966 -3.130031 -12.75613
v 25.21264 -9.5 -11.10821
v 25.14426 -3.057268 -11.0215
v 16.15727 -9.5 -12.84187
v 22.96584 -0.01402064 -15.91978
v 27.99521 -2.958557 -16.10699
v 27.96338 0.04100276 -16.06662
v 22.99767 -3.01358 -15.96015
v 19.9378 -0.03389524 -16.83115
v 22.99767 -3.01358 -15.96015
v 22.96584 -0.01402064 -15.91978
v 19.96964 -3.033455 -16.87152
v 33.12152 -9.5 -14.34332
v 30.90605 -8.5 -21.26841
v 30.84617 -2.859845 -21.19249
v 33.05178 -2.929812 -14.25489
v 30.90605 -8.5 -21.26841
v 29.71142 -9.5 -28.24994
v 29.64007 -2.778874 -28.15947
v 30.84617 -2.859845 -21.19249
v 27.99521 -2.958557 -16.10699
v 28.81764 -2.868715 -22.13323
v 28.7858 0.1308441 -22.09286
v 27.96338 0.04100276 -16.06662
v 28.81764 -2.868715 -22.13323
v 26.70057 -2.838167 -26.07241
v 26.66874 0.1613925 -26.03203
v 28.7858 0.1308441 -22.09286
v 14.85404 -3.03592 -20.72258
v 16.15727 -9.5 -12.84187
v 16.08966 -3.130031 -12.75613
v 14.91204 -8.5 -20.79613
v 15.64696 -2.93294 -27.7483
v 14.91204 -8.5 -20.79613
v 14.85404 -3.03592 -20.72258
v 15.71666 -9.5 -27.8367
v 18.82024 0.007657867 -20.79969
v 19.96964 -3.033455 -16.87152
v 19.9378 -0.03389524 -16.83115
v 18.85208 -2.991902 -20.84006
v 19.70169 0.07122033 -24.82697
v 18.85208 -2.991902 -20.84006
v 18.82024 0.007657867 -20.79969
v 19.73353 -2.928339 -24.86734
v 19.75 2.492348 -20.79448
v 19.75 2.519924 -24.79621
v 19.75 0.0178961 -20.82701
v 19.75 0.07175365 -24.82839
v 22.76575 5.000001 -20.85057
v 22.64825 5.000001 -24.84919
v 22.79201 2.525839 -20.88387
v 22.67424 2.552118 -24.88213
v 29.13496 2.548407 -20.5
v 23.00584 2.50612 -19.25
v 23.03308 0.03151907 -19.25
v 29.16176 0.1133972 -20.5
v 22.76575 5.000001 -20.85057
v 22.79201 2.525839 -20.88387
v 28.73413 5.000002 -22.02733
v 28.75997 2.565423 -22.06009
v 26.66874 0.1613925 -26.03203
v 22.70022 0.1042344 -24.91508
v 26.64306 2.580698 -25.99948
v 22.67424 2.552118 -24.88213
v 26.61738 5.000002 -25.96692
v 22.64825 5.000001 -24.84919
v 28.7858 0.1308441 -22.09286
v 26.66874 0.1613925 -26.03203
v 26.64306 2.580698 -25.99948
v 28.75997 2.565423 -22.06009
v 26.61738 5.000002 -25.96692
v 28.73413 5.000002 -22.02733
v 23.03308 0.03151907 -19.25
v 23.00584 2.50612 -19.25
v 19.80394 -0.006120464 -19
v 19.80298 2.46876 -19
v 22.67424 2.552118 -24.88213
v 22.70022 0.1042344 -24.91508
v 19.75 2.519924 -24.79621
v 19.75 0.07175365 -24.82839
v 22.70022 0.1042344 -24.91508
v 22.81827 0.05167659 -20.91717
v 19.75 0.07175365 -24.82839
v 19.75 0.0178961 -20.82701
v 22.81827 0.05167659 -20.91717
v 28.7858 0.1308441 -22.09286
v 23.03308 0.03151907 -19.25
v 29.16176 0.1133972 -20.5
v 19.75 0.0178961 -20.82701
v 19.80394 -0.006120464 -19
v 19.75 2.492348 -20.79448
v 19.75 0.0178961 -20.82701
v 19.80298 2.46876 -19
v 19.80394 -0.006120464 -19
v 28.7858 0.1308441 -22.09286
v 28.75997 2.565423 -22.06009
v 29.16176 0.1133972 -20.5
v 29.13496 2.548407 -20.5
f 1017 1018 1019
f 1017 1020 1018
f 1021 1022 1023
f 1021 1023 1024
f 1025 1026 1027
f 1025 1028 1026
f 1029 1030 1031
f 1030 1032 1031
f 1033 1034 1035
f 1034 1036 1035
f 1037 1038 1039
f 1037 1036 1038
f 1040 1041 1042
f 1043 1040 1042
f 1044 1045 1046
f 1044 1046 1041
f 1047 1048 1049
f 1047 1050 1048
f 1051 1050 1047
f 1051 1052 1050
f 1053 1049 1054
f 1053 1047 1049
f 1055 1047 1053
f 1055 1051 1047
f 1056 1057 1058
f 1057 1059 1058
f 1058 1059 1060
f 1061 1058 1060
f 1062 1063 1064
f 1062 1064 1065
f 1066 1067 1064
f 1063 1066 1064
f 1060 1068 1069
f 1061 1060 1069
f 1069 1068 1062
f 1069 1062 1065
f 1070 1071 1066
f 1071 1067 1066
f 1071 1057 1056
f 1071 1070 1057
f 1072 1073 1074
f 1075 1072 1074
f 1076 1077 1078
f 1079 1076 1078
f 1080 1081 1076
f 1082 1080 1076
f 1081 1083 1077
f 1076 1081 1077
f 1084 1085 1086
f 1085 1087 1086
f 1088 1089 1090
f 1089 1091 1090
f 1092 1093 1094
f 1093 1095 1094
f 1096 1097 1098
f 1099 1096 1098
f 1100 1101 1102
f 1103 1100 1102
f 1104 1105 1106
f 1107 1104 1106
f 1108 1109 1110
f 1111 1108 1110
f 1112 1113 1114
f 1112 1115 1113
f 1116 1117 1118
f 1116 1119 1117
f 1120 1121 1122
f 1120 1123 1121
f 1124 1125 1126
f 1124 1127 1125
f 1128 1129 1130
f 1131 1128 1130
f 1132 1133 1134
f 1135 1132 1134
f 1136 1137 1138
f 1139 1136 1138
f 1140 1141 1142
f 1143 1140 1142
f 1144 1145 1146
f 1144 1147 1145
f 1148 1149 1150
f 1148 1151 1149
f 1152 1153 1154
f 1152 1155 1153
f 1156 1157 1158
f 1156 1159 1157
f 1160 1161 1162
f 1162 1161 1163
f 1164 1165 1166
f 1165 1167 1166
f 1168 1169 1170
f 1168 1170 1171
f 1172 1173 1174
f 1173 1175 1174
f 1176 1177 1178
f 1177 1179 1178
f 1180 1178 1179
f 1180 1179 1181
f 1182 1183 1184
f 1182 1184 1185
f 1185 1184 1186
f 1187 1185 1186
f 1188 1189 1190
f 1189 1191 1190
f 1192 1193 1194
f 1193 1195 1194
f 1196 1197 1198
f 1197 1199 1198
f 1200 1201 1202
f 1201 1203 1202
f 1204 1200 1205
f 1200 1202 1205
f 1206 1207 1208
f 1207 1209 1208
f 1210 1211 1212
f 1211 1213 1212
v -1948.369 -77.40133 1771.752
v -1948.369 -60.26177 1893.269
v -1826.852 -75.06325 1893.269
v -1826.852 -80.13828 1771.752
v -1948.369 -83.41991 1650.236
v -1705.336 -59.07838 1893.269
v -1826.852 -62.21967 1650.236
v -1948.369 -60.74539 1528.719
v -1705.336 -69.46096 1771.752
v -1583.819 -87.47517 1893.269
v -1826.852 -50.95874 1528.719
v -1948.369 -89.70356 1407.202
v -1705.336 -51.09961 1650.236
v -1583.819 -71.13896 1771.752
v -1462.302 -55.07796 1893.269
v -1826.852 -58.79414 1407.202
v -1948.369 -61.50735 1285.685
v -1705.336 -72.21648 1528.719
v -1462.302 -76.34456 1771.752
v -1340.785 -78.23666 1893.269
v -1583.819 -73.58164 1650.236
v -1826.852 -79.58449 1285.685
v -1948.369 -76.1489 1164.168
v -1340.785 -75.5812 1771.752
v -1219.268 -64.13934 1893.269
v -1705.336 -79.68772 1407.202
v -1583.819 -57.22097 1528.719
v -1462.302 -86.60616 1650.236
v -1826.852 -58.1614 1164.168
v -1948.369 -54.56787 1042.651
v -1219.268 -68.7738 1771.752
v -1097.751 -65.40716 1893.269
v -1705.336 -65.38621 1285.685
v -1583.819 -68.11935 1407.202
v -1462.302 -84.07036 1528.719
v -1340.785 -52.29094 1650.236
v -1826.852 -59.59171 1042.651
v -1948.369 -52.27728 921.1346
v -1097.751 -66.78608 1771.752
v -976.2346 -78.45255 1893.269
v -1705.336 -54.26133 1164.168
v -1583.819 -84.35283 1285.685
v -1462.302 -66.75425 1407.202
v -1340.785 -70.05047 1528.719
v -1219.268 -70.86948 1650.236
v -976.2346 -74.51142 1771.752
v -854.7178 -56.64338 1893.269
v -1097.751 -78.37724 1650.236
v -1219.268 -80.44614 1528.719
v -1340.785 -59.60252 1407.202
v -1462.302 -68.20768 1285.685
v -854.7178 -68.44169 1771.752
v -733.201 -60.98253 1893.269
v -976.2346 -70.41896 1650.236
v -1097.751 -73.17123 1528.719
v -1219.268 -73.48473 1407.202
v -733.201 -62.04167 1771.752
v -611.6841 -77.75574 1893.269
v -854.7178 -59.17182 1650.236
v -976.2346 -51.21351 1528.719
v -611.6841 -55.18723 1771.752
v -490.1673 -64.34277 1893.269
v -733.201 -72.56621 1650.236
v -490.1673 -63.82813 1771.752
v -368.6505 -61.57047 1893.269
v -1340.785 -67.80141 1285.685
v -1097.751 -72.72722 1407.202
v -854.7181 -69.0093 1528.719
v -611.6855 -57.12584 1650.237
v -368.6505 -60.51782 1771.752
v -247.1337 -69.65464 1893.269
v -1219.268 -67.81792 1285.685
v -976.2378 -53.14001 1407.205
v -733.2039 -74.48739 1528.722
v -490.1717 -67.64294 1650.242
v -247.1337 -59.229 1771.752
v -125.6168 -51.03148 1893.269
v -1097.752 -53.09937 1285.686
v -854.7173 -79.00507 1407.201
v -611.7324 -52.72734 1528.801
v -368.6646 -55.48965 1650.272
v -125.6168 -73.48019 1771.752
v -4.100003 -48.13192 1893.269
v -976.2665 -57.29366 1285.714
v -733.2203 -74.0084 1407.227
v -490.1554 -82.65869 1528.69
v -247.1414 -59.10389 1650.287
v -4.100003 -76.52726 1771.752
v 117.4168 -62.74456 1893.269
v -854.7739 -69.09287 1285.741
v -611.7216 -72.71534 1407.265
v -368.762 -41.31711 1529.118
v -125.6168 -56.32625 1650.303
v 117.4168 -69.30182 1771.752
v 238.9337 -62.92793 1893.269
v -732.8318 -109.1328 1285.245
v -490.2794 -63.41293 1407.461
v -247.2242 -28.50544 1529.393
v -4.107294 -96.97504 1650.187
v 238.9337 -81.03606 1771.752
v 360.4505 -79.26221 1893.269
v -612.5533 -17.55918 1286.985
v -368.8197 -52.20506 1407.791
v -125.6168 -84.84444 1528.615
v 117.4275 -61.03139 1650.263
v 360.4505 -63.23524 1771.752
v 481.9673 -50.3579 1893.269
v -490.5471 -48.24651 1286.442
v -247.1869 -62.15409 1407.572
v -4.112954 -84.98799 1528.622
v 238.939 -65.19427 1650.243
v 481.9673 -66.47082 1771.752
v 603.4842 -69.81273 1893.269
v -368.6479 -72.23759 1285.677
v -125.6182 -52.51937 1407.867
v 117.4132 -79.45901 1528.705
v 360.4509 -71.41608 1650.236
v 603.4842 -42.91999 1771.752
v 725.001 -63.24997 1893.269
v -247.3279 -41.82147 1286.818
v -4.096567 -74.01498 1407.236
v 238.9728 -61.19481 1528.854
v 481.9673 -63.72104 1650.236
v 725.001 -76.99133 1771.752
v 846.5178 -52.89908 1893.269
v -125.6836 -37.83592 1287.065
v 117.5613 -42.08073 1408.21
v 360.4554 -73.28592 1528.749
v 603.4842 -84.63135 1650.236
v 846.5178 -79.00492 1771.752
v 968.0346 -78.8231 1893.269
v -4.09994 -71.29046 1285.661
v 238.9699 -67.3493 1407.484
v 481.9677 -64.86642 1528.785
v 725.001 -80.11181 1650.236
v 968.0346 -71.5613 1771.752
v 1089.551 -72.23306 1893.269
v 117.4213 -63.95342 1286.065
v 360.5286 -46.83815 1408.083
v 603.4852 -46.04491 1528.873
v 846.5178 -67.39468 1650.236
v 1089.551 -78.78455 1771.752
v 1211.068 -78.24304 1893.269
v 238.917 -79.1373 1285.209
v 481.9759 -71.35828 1407.366
v 725.0087 -66.48989 1528.767
v 968.0346 -51.03621 1650.236
v 1211.068 -71.16203 1771.752
v 1332.585 -87.53115 1893.269
v 360.5132 -55.47577 1286.659
v 603.4844 -77.21817 1407.205
v 846.5323 -63.27004 1528.756
v 1089.551 -55.81789 1650.236
v 1332.585 -70.49777 1771.752
v 1454.102 -50.36654 1893.269
v 481.9654 -72.4569 1285.664
v 725.0217 -70.61446 1407.349
v 968.0303 -85.55168 1528.713
v 1211.068 -90.38517 1650.236
v 1454.102 -47.65372 1771.752
v 1575.619 -47.13106 1893.269
v 603.6002 -53.38139 1286.688
v 846.5533 -70.35604 1407.329
v 1089.553 -64.64225 1528.72
v 1332.585 -41.87667 1650.235
v 1575.619 -51.52751 1771.752
v 1697.136 -47.51913 1893.269
v 725.1207 -57.99627 1286.377
v 968.0738 -69.60557 1407.297
v 1211.068 -59.84578 1528.719
v 1454.102 -55.25745 1650.236
v 1697.136 -73.09722 1771.752
v 1818.652 -67.85176 1893.269
v 846.5613 -70.50558 1285.836
v 1089.611 -57.91821 1407.303
v 1332.585 -67.83875 1528.719
v 1575.619 -89.71861 1650.236
v 1818.652 -63.11909 1771.752
v 1940.169 -85.77798 1893.269
v 1940.169 -89.07173 1771.752
v 1697.136 -57.87205 1650.236
v 1818.652 -51.57481 1650.236
v 1940.169 -76.97687 1650.236
v 1454.102 -49.71714 1528.719
v 1211.064 -82.76685 1407.197
v 1575.619 -63.45891 1528.719
v 1818.652 -60.03432 1528.719
v 1940.169 -79.11632 1528.719
v 1697.136 -52.53994 1528.719
v 1332.586 -60.84198 1407.203
v 1818.652 -73.15469 1407.202
v 1940.169 -65.13276 1407.202
v 1454.102 -68.45124 1407.202
v 1697.136 -73.46194 1407.202
v 1575.619 -61.4445 1407.202
v 1818.652 -56.11481 1285.685
v 1940.169 -65.16879 1285.685
v 1697.136 -65.33195 1285.685
v 1575.619 -70.85116 1285.685
v 1454.105 -62.11783 1285.688
v 1332.613 -64.82204 1285.717
v 1818.652 -79.63884 1164.168
v 1940.169 -69.25341 1164.168
v 1697.136 -50.62216 1164.168
v 1575.62 -59.28826 1164.169
v 1454.097 -80.78911 1164.164
v 1818.652 -63.26731 1042.651
v 1940.169 -62.57738 1042.651
v 1697.136 -65.2197 1042.651
v 1575.654 -49.54102 1042.682
v 1818.652 -61.76966 921.1346
v 1940.169 -45.36942 921.1346
v 1697.135 -82.73692 921.134
v 1818.652 -71.06033 799.6178
v 1940.169 -42.56951 799.6177
v 1332.566 -80.43626 1164.149
v 1454.418 -42.09533 1042.893
v 1575.653 -71.62231 921.1546
v 1697.154 -57.63482 799.6306
v 1818.652 -88.06971 678.101
v 1940.169 -49.30771 678.1009
v 1332.996 -57.55747 1042.996
v 1453.796 -93.81618 920.9533
v 1575.851 -56.87475 799.7133
v 1697.196 -53.9699 678.1242
v 1818.652 -66.08448 556.5841
v 1940.169 -78.591 556.5841
v 1333.162 -57.35942 921.5204
v 1453.694 -89.74249 799.4418
v 1575.877 -62.52463 678.1727
v 1697.213 -59.5167 556.5964
v 1818.652 -65.89513 435.0673
v 1940.169 -71.46373 435.0673
v 1333.044 -61.08749 799.8479
v 1455.532 -37.21745 678.5112
v 1576.678 -27.26479 556.7284
v 1697.133 -79.07059 435.0673
v 1818.652 -67.26993 313.5504
v 1940.169 -67.90512 313.5504
v 1333.487 -51.89351 678.4025
v 1453.99 -75.83961 556.5681
v 1576.149 -53.94624 435.0673
v 1697.194 -63.99654 313.5411
v 1818.652 -84.20722 192.0336
v 1940.169 -70.83247 192.0336
v 1333.887 -44.9146 556.8021
v 1453.816 -79.13641 435.0673
v 1575.281 -93.55503 313.5964
v 1697.178 -61.31111 192.0173
v 1818.652 -66.98796 70.51681
v 1940.169 -66.91807 70.51681
v 1333.329 -53.95942 435.0673
v 1454.713 -59.38845 313.4629
v 1575.836 -65.0593 191.9752
v 1697.162 -56.27471 70.50999
v 1818.653 -73.96884 -50.99959
v 1940.169 -62.49499 -51.00001
v 1333.322 -54.4099 313.4318
v 1455.706 -34.3353 191.6638
v 1575.508 -86.54637 70.52594
v 1697.168 -69.11705 -50.97338
v 1818.693 -55.93216 -172.4822
v 1940.169 -70.8774 -172.5168
v 1333.132 -59.33239 191.9433
v 1454.733 -60.03441 70.51971
v 1575.511 -84.2245 -51.06116
v 1697.096 -81.73747 -172.5474
v 1818.739 -66.24549 -293.9835
v 1940.176 -61.39913 -294.0274
v 1337.682 6.369837 71.11125
v 1454.623 -63.91531 -50.76849
v 1575.741 -72.1772 -172.423
v 1697.739 -54.52527 -293.6766
v 1819.268 -37.97623 -415.295
v 1940.171 -77.74592 -415.549
v 1333.128 -60.11384 -50.77388
v 1453.543 -80.20399 -172.8966
v 1576.017 -64.29858 -293.7719
v 1698.652 -38.8694 -414.8956
v 1819.143 -57.07014 -536.931
v 1940.311 -58.3452 -537.0129
v 1334.156 -44.07159 -171.6007
v 1454.305 -61.90976 -293.8962
v 1577.122 -45.7253 -414.8157
v 1697.323 -69.23842 -537.0134
v 1819.143 -60.67428 -658.5175
v 1940.407 -57.93533 -658.5463
v 1328.851 -91.53689 -296.4225
v 1454.569 -53.03738 -415.3029
v 1576.228 -56.59621 -536.8708
v 1699.955 -25.8551 -658.179
v 1818.597 -78.58538 -780.101
v 1940.473 -55.81861 -780.101
v 1336.197 -12.56372 -413.5222
v 1454.53 -48.68463 -536.9191
v 1576.554 -50.94653 -658.4365
v 1696.247 -84.16906 -780.101
v 1819.167 -59.89812 -901.6877
v 1940.461 -53.22629 -901.6642
v 1332.969 -35.38028 -536.922
v 1453.752 -52.59747 -658.6401
v 1573.052 -89.48797 -780.0842
v 1698.227 -53.56076 -901.7747
v 1818.784 -72.19209 -1023.171
v 1940.214 -72.13058 -1023.152
v 1335.37 -12.28089 -658.1288
v 1460.804 12.37821 -780.2803
v 1575.705 -60.61691 -901.6326
v 1697.785 -60.77721 -1023.321
v 1818.822 -67.2671 -1144.722
v 1940.207 -63.68085 -1144.677
v 1337.792 8.10312 -780.3918
v 1454.448 -46.66817 -901.6921
v 1574.262 -81.70328 -1022.68
v 1697.44 -67.65515 -1144.783
v 1818.634 -81.18746 -1266.158
v 1940.169 -79.78882 -1266.168
v 1331.182 -48.1162 -901.225
v 1458.756 -3.293947 -1025.031
v 1576.557 -53.52393 -1145.122
v 1697.494 -63.71168 -1266.38
v 1818.659 -74.73195 -1387.691
v 1940.169 -52.51662 -1387.685
v 1334.423 -23.64198 -1024.075
v 1451.261 -95.05407 -1142.936
v 1575.321 -78.23306 -1265.969
v 1697.385 -58.21597 -1387.876
v 1818.651 -92.53732 -1509.201
v 1940.169 -87.29979 -1509.202
v 1331.292 -63.98363 -1143.679
v 1455.504 -42.55759 -1267.291
v 1576.426 -49.40898 -1388.362
v 1697.203 -58.21477 -1509.262
v 1818.652 -88.5739 -1630.719
v 1940.169 -69.23344 -1630.719
v 1331.225 -77.03028 -1264.811
v 1454.628 -59.29127 -1388.211
v 1575.893 -57.47049 -1509.476
v 1697.139 -67.63912 -1630.722
v 1818.652 -74.72388 -1752.236
v 1940.169 -68.31679 -1752.236
v 1332.999 -56.7408 -1388.201
v 1453.58 -96.45563 -1508.579
v 1575.622 -77.42229 -1630.723
v 1697.136 -60.05047 -1752.236
v 1818.652 -51.35038 -1873.752
v 1940.169 -61.89261 -1873.752
v 1818.652 -76.67085 -1995.269
v 1940.169 -98.67306 -1995.269
v 1697.136 -75.8895 -1995.269
v 1697.136 -50.67841 -1873.752
v 1575.619 -76.28561 -1995.269
v 1575.619 -68.75041 -1873.752
v 1454.102 -68.39026 -1995.269
v 1575.622 -38.46233 -1752.239
v 1454.102 -64.29354 -1873.752
v 1332.585 -77.52473 -1995.269
v 1454.114 -70.91816 -1752.249
v 1332.591 -49.32756 -1873.758
v 1211.068 -72.78732 -1995.269
v 1454.3 -57.45356 -1630.978
v 1211.061 -87.48677 -1873.741
v 1089.551 -74.28153 -1995.269
v 1332.707 -48.72886 -1752.444
v 1332.559 -78.78131 -1630.674
v 1089.596 -45.27828 -1873.868
v 968.0346 -54.90966 -1995.269
v 1211.165 -63.13284 -1752.468
v 1333.468 -45.24485 -1510.522
v 968.0456 -66.62524 -1873.821
v 846.5178 -60.36697 -1995.269
v 1089.874 -28.90101 -1753.394
v 1210.909 -83.65046 -1630.35
v 1210.548 -83.85133 -1508.164
v 846.5178 -88.68098 -1873.685
v 725.001 -59.85112 -1995.269
v 968.0927 -62.80953 -1752.663
v 1089.774 -58.50341 -1631.492
v 1213.282 -12.70744 -1391.334
v 724.9907 -67.39522 -1873.817
v 603.4842 -94.54952 -1995.269
v 846.5178 -68.52643 -1752.503
v 1089.254 -75.37405 -1508.328
v 968.3832 -32.55698 -1633.122
v 1212.169 -31.98986 -1267.602
v 603.4653 -64.55062 -1873.801
v 481.9673 -68.0037 -1995.269
v 724.9651 -68.26676 -1752.5
v 846.5101 -91.45633 -1629.344
v 1089.335 -58.93138 -1387.174
v 968.4514 -35.67422 -1511.49
v 1209.425 -57.3548 -1143.05
v 481.9565 -65.89113 -1873.768
v 360.4505 -69.65178 -1995.269
v 603.4233 -68.51973 -1752.454
v 724.7139 -36.68993 -1632.915
v 846.4794 -74.40845 -1507.901
v 1090.228 -29.1327 -1267.409
v 968.1436 -45.31548 -1388.132
v 360.4496 -73.49956 -1873.753
v 238.9337 -77.98562 -1995.269
v 481.9325 -72.90707 -1752.319
v 603.4011 -67.23748 -1631.029
v 724.9574 -57.38893 -1509.571
v 846.426 -58.53342 -1386.345
v 968.7747 -16.03443 -1268.43
v 238.9337 -65.48934 -1873.752
v 117.4168 -73.48396 -1995.269
v 360.4371 -75.30679 -1752.259
v 481.6637 -58.19057 -1631.471
v 602.9626 -41.88045 -1511.164
v 725.0583 -52.05162 -1387.127
v 117.4168 -70.32874 -1873.752
v -4.100003 -70.41348 -1995.269
v 238.9273 -74.41181 -1752.243
v 360.646 -89.13763 -1630.367
v 480.9301 -35.42991 -1511.721
v -4.100003 -43.60365 -1873.752
v -125.6168 -77.65605 -1995.269
v 117.4164 -74.2917 -1752.236
v 238.9492 -80.03825 -1630.697
v -125.6168 -68.14719 -1873.752
v -247.1337 -70.18665 -1995.269
v -4.100003 -71.65642 -1752.236
v -247.1337 -73.54735 -1873.752
v -368.6505 -80.16 -1995.269
v 601.6497 7.300019 -1394.432
v 360.2081 -64.50133 -1509.638
v 117.4108 -76.80076 -1630.726
v -125.6168 -72.82994 -1752.236
v -368.6505 -64.48206 -1873.752
v -490.1673 -64.1775 -1995.269
v 481.4602 -44.37031 -1388.843
v 239.1815 -84.31403 -1508.845
v -4.102532 -71.69622 -1630.721
v -247.1337 -58.54279 -1752.236
v -490.1673 -56.16589 -1873.752
v -611.6841 -71.36246 -1995.269
v 357.8822 -14.14672 -1391.972
v 117.5181 -84.59167 -1509.076
v -125.6168 -67.97469 -1630.719
v -368.6505 -77.75546 -1752.236
v -611.6841 -65.66727 -1873.752
v -733.201 -82.87282 -1995.269
v 238.4877 -59.8179 -1388.28
v -4.075328 -83.47054 -1509.173
v -247.1337 -67.54657 -1630.719
v -490.1673 -68.59766 -1752.236
v -733.201 -80.61826 -1873.752
v -854.7178 -74.38065 -1995.269
v 115.0553 -12.97886 -1390.394
v -125.6366 -52.67944 -1509.225
v -368.6505 -57.54467 -1630.719
v -611.6841 -63.96743 -1752.236
v -854.7178 -56.20165 -1873.752
v -976.2346 -57.14752 -1995.269
v -4.195638 -72.88464 -1387.79
v -247.134 -66.13956 -1509.202
v -490.1673 -67.18358 -1630.719
v -733.201 -63.94589 -1752.236
v -976.2346 -83.3644 -1873.752
v -1097.751 -61.57966 -1995.269
v -125.6726 -69.08988 -1387.751
v -368.6505 -69.7745 -1509.202
v -611.6841 -82.64622 -1630.719
v -854.7178 -62.04869 -1752.236
v -1097.751 -65.18934 -1873.752
v -1219.268 -77.75835 -1995.269
v -247.1514 -64.72691 -1387.705
v -490.1673 -73.16034 -1509.202
v -733.201 -46.50022 -1630.719
v -976.2346 -59.97101 -1752.236
v -1219.268 -72.64697 -1873.752
v -1340.785 -70.99168 -1995.269
v -368.6517 -68.70913 -1387.686
v -611.6841 -82.34724 -1509.202
v -854.7178 -54.83852 -1630.719
v -1097.751 -64.98723 -1752.236
v -1340.785 -63.99816 -1873.752
v -1462.302 -75.8643 -1995.269
v -490.1673 -83.29855 -1387.685
v -733.201 -71.46509 -1509.202
v -976.2346 -62.09101 -1630.719
v -1219.268 -58.34787 -1752.236
v -1462.302 -77.35569 -1873.752
v -1583.819 -60.91771 -1995.269
v -611.6841 -50.00381 -1387.685
v -854.7178 -67.23705 -1509.202
v -1097.751 -53.92006 -1630.719
v -1340.785 -95.39157 -1752.236
v -1583.819 -80.96084 -1873.752
v -1705.336 -59.00812 -1995.269
v -733.201 -70.63634 -1387.685
v -976.2346 -65.04022 -1509.202
v -1219.268 -79.06821 -1630.719
v -1462.302 -57.96262 -1752.236
v -1705.336 -70.91921 -1873.752
v -1826.852 -62.54773 -1995.269
v -854.7178 -78.98271 -1387.685
v -1097.751 -60.20359 -1509.202
v -1340.785 -60.06002 -1630.719
v -1583.819 -79.64924 -1752.236
v -1826.852 -80.56927 -1873.752
v -1948.369 -38.88544 -1995.269
v -1948.369 -68.15128 -1873.752
v -1705.336 -55.89112 -1752.236
v -1826.852 -72.58869 -1752.236
v -1948.369 -71.14374 -1752.236
v -1462.302 -71.86836 -1630.719
v -1219.268 -84.3723 -1509.202
v -1583.819 -55.98941 -1630.719
v -1826.852 -53.97036 -1630.719
v -1948.369 -81.40328 -1630.719
v -1705.336 -70.68849 -1630.719
v -1340.785 -71.39638 -1509.202
v -1826.852 -64.53503 -1509.202
v -1948.369 -85.15296 -1509.202
v -1462.302 -81.97608 -1509.202
v -1705.336 -80.07724 -1509.202
v -1583.819 -80.03154 -1509.202
v -1826.852 -49.5606 -1387.685
v -1948.369 -67.14458 -1387.685
v -1705.336 -58.48911 -1387.685
v -1583.819 -80.34367 -1387.685
v -1462.302 -48.87488 -1387.685
v -1340.785 -70.66061 -1387.685
v -1826.852 -60.58154 -1266.168
v -1948.369 -59.00346 -1266.168
v -1705.336 -74.01886 -1266.168
v -1583.819 -77.12714 -1266.168
v -1462.302 -60.49073 -1266.168
v -1826.852 -68.37089 -1144.651
v -1948.369 -63.73467 -1144.651
v -1705.336 -52.11421 -1144.651
v -1583.82 -66.78233 -1144.652
v -1826.852 -57.94686 -1023.135
v -1948.369 -50.5604 -1023.135
v -1705.335 -81.06032 -1023.134
v -1826.853 -71.45077 -901.6185
v -1948.369 -67.34792 -901.6178
v -1340.786 -74.03177 -1266.169
v -1462.319 -65.43226 -1144.671
v -1583.831 -73.73354 -1023.148
v -1705.381 -62.28578 -901.6586
v -1826.874 -64.37335 -780.1191
v -1948.369 -51.41643 -780.101
v -1340.844 -61.46365 -1144.753
v -1462.238 -86.50244 -1023.051
v -1583.915 -69.77262 -901.7137
v -1705.6 -53.28268 -780.3026
v -1826.907 -69.48879 -658.6156
v -1948.37 -76.77511 -658.5847
v -1340.527 -96.54013 -1022.698
v -1462.636 -60.94849 -902.0164
v -1584.274 -58.76134 -780.4819
v -1705.278 -79.87434 -658.5498
v -1827.013 -66.03594 -537.1339
v -1948.418 -56.13921 -537.1009
v -1341.314 -54.14557 -902.4094
v -1463.372 -44.01791 -781.1715
v -1584.695 -52.11253 -659.1697
v -1704.771 -91.21131 -536.8237
v -1827.993 -21.32766 -415.8681
v -1948.458 -63.62949 -415.5843
v -1342.152 -34.88244 -781.8078
v -1464.093 -33.30395 -660.0179
v -1583.752 -70.74293 -537.0336
v -1704.705 -87.16257 -415.3693
v -1826.894 -75.67152 -294.0394
v -1948.433 -72.11497 -294.0438
v -1342.116 -36.31197 -659.9151
v -1461.823 -69.05048 -536.7789
v -1585.31 -43.67706 -416.0491
v -1706.937 -41.97755 -294.2636
v -1826.844 -77.41089 -172.5168
v -1948.57 -60.8882 -172.5168
v -1339.962 -65.44535 -536.4495
v -1464.871 -23.55179 -416.5809
v -1584.857 -49.81556 -294.2072
v -1705.649 -66.04139 -172.5168
v -1827.963 -33.65226 -50.84935
v -1948.559 -59.19934 -50.96981
v -1343.318 -14.83097 -416.82
v -1465.742 -12.62308 -294.7239
v -1584.137 -59.12455 -172.5168
v -1705.586 -67.47482 -50.96407
v -1826.938 -73.65945 70.54046
v -1948.448 -65.40615 70.54661
v -1340.582 -46.31194 -293.9828
v -1460.705 -72.17536 -172.5168
v -1583.417 -69.7267 -51.06719
v -1706.008 -59.05532 70.71002
v -1827.247 -48.04469 192.1969
v -1948.354 -85.72445 192.023
v -1340.623 -44.44838 -172.5168
v -1465.307 -17.88978 -50.39691
v -1583.635 -69.13971 70.45531
v -1704.868 -88.50525 191.8318
v -1826.896 -71.32748 313.5755
v -1948.369 -78.47175 313.5505
v -1340.34 -49.21225 -51.1115
v -1463.438 -42.39577 70.97245
v -1583.707 -71.54543 191.9777
v -1706.036 -46.51115 313.9653
v -1826.856 -76.02589 435.0706
v -1948.369 -65.57288 435.0673
v -1340.973 -45.28481 70.60201
v -1463.569 -42.58693 192.7959
v -1585.34 -36.6594 314.5667
v -1705.389 -73.3707 435.1083
v -1826.852 -80.7266 556.5839
v -1948.369 -51.19572 556.5841
v -1340.646 -55.05514 191.9572
v -1464.604 -23.68304 315.3933
v -1585.052 -28.67092 436.0998
v -1705.418 -48.83087 556.6586
v -1826.852 -61.12651 678.1009
v -1948.369 -86.62395 678.101
v -1341.234 -54.10758 313.8859
v -1461.61 -90.4049 434.3756
v -1584.196 -44.54982 556.9618
v -1705.343 -50.41769 678.1078
v -1826.852 -72.36684 799.6178
v -1948.369 -63.03322 799.6178
v -1341.623 -51.644 435.9927
v -1462.746 -55.84501 557.1147
v -1583.84 -69.93858 678.125
v -1705.336 -82.06288 799.6178
v -1826.852 -63.57662 921.1346
v -1705.336 -74.47485 921.1346
v -1705.336 -74.86829 1042.651
v -1583.82 -61.01976 799.6194
v -1462.271 -82.36597 678.0605
v -1583.819 -84.97486 921.1346
v -1583.819 -62.66561 1164.168
v -1583.819 -76.86681 1042.651
v -1462.302 -65.62386 1164.168
v -1462.311 -71.76994 799.628
v -1462.302 -50.37766 921.1346
v -1462.302 -63.6115 1042.651
v -1340.785 -51.4161 1164.168
v -1340.785 -84.74476 1042.651
v -1219.268 -49.65746 1164.168
v -1340.787 -65.41865 921.1365
v -1340.834 -64.39438 799.7023
v -1219.27 -59.85991 1042.652
v -1097.774 -49.83723 1164.188
v -1219.284 -66.70943 921.152
v -1341.158 -49.63221 678.73
v -1097.829 -54.08025 1042.697
v -976.3864 -51.52494 1164.284
v -1219.357 -65.71181 799.7906
v -1341.493 -49.77605 557.6146
v -1097.892 -61.12235 921.2365
v -976.4551 -59.81439 1042.782
v -855.0584 -52.82205 1164.454
v -1219.414 -70.86866 678.3295
v -1220.354 -59.39688 557.6981
v -1098.276 -49.54997 800.3307
v -976.449 -66.18851 921.2759
v -855.0984 -58.65581 1042.906
v -733.5469 -58.20089 1164.514
v -1101.661 -24.72947 684.083
v -1223.162 -41.76587 437.4484
v -975.778 -87.57635 799.0463
v -855.1012 -60.83101 921.4001
v -733.501 -61.85495 1042.892
v -612.1808 -50.61518 1164.789
v -1097.711 -52.25258 556.539
v -1225.99 -23.09048 315.1453
v -978.8054 -41.88677 683.8553
v -854.772 -69.00404 799.7061
v -734.7435 -27.64224 922.3222
v -613.2218 -20.90668 1044.189
v -489.5685 -97.70367 1163.172
v -368.8097 -57.49761 1164.564
v -489.8395 -74.79931 1042.193
v -613.8834 -29.06364 923.1555
v -731.4268 -109.2833 797.0234
v -854.4407 -64.2009 676.0473
v -247.4055 -41.27992 1165.293
v -369.1352 -39.99818 1043.954
v -490.6679 -52.02837 921.8746
v -616.5001 -16.38078 803.3771
v -125.8239 -42.47242 1165.391
v -247.1344 -59.82261 1042.655
v -369.422 -25.07055 925.076
v -4.155967 -57.54986 1164.574
v -125.4035 -68.48418 1041.919
v 117.3711 -55.86792 1164.679
v -733.3293 -65.70199 675.9474
v -492.4416 -20.44519 801.9788
v -247.2361 -59.78771 920.0346
v -4.573078 -31.2812 1044.433
v 238.9754 -86.3924 1162.19
v -612.884 -35.21676 679.9771
v -368.5382 -22.35102 799.0035
v -125.8608 -20.12939 923.7696
v 116.8247 -11.44744 1046.149
v 360.3559 -82.81567 1162.46
v -484.5533 -51.10724 675.9778
v -246.5847 -18.65063 800.8322
v -4.131154 -43.89331 921.22
v 238.9212 -48.86257 1042.855
v 482.1442 -46.11081 1165.541
v -370.6685 62.92956 680.616
v -125.4411 -34.26488 800.1312
v 117.323 -37.31301 921.4991
v 360.571 -25.84294 1044.996
v 603.5032 -63.43302 1164.269
v -243.21 26.81124 679.4622
v -4.504606 -21.93039 800.6128
v 238.8236 -28.04541 922.1709
v 482.3298 -27.81028 1044.883
v 725.1467 -57.2913 1164.766
v -122.7609 17.40778 679.8821
v 116.4071 4.553459 802.1918
v 360.4482 -39.90083 921.0869
v 604.0579 -29.09163 1044.831
v -4.328351 -21.37412 678.4295
v 238.4139 9.629959 802.5538
v 482.1745 -29.34874 922.17
v 116.07 16.0899 679.9911
v 360.5559 6.855602 802.3977
v 237.9463 35.21012 681.0145
v 724.9424 -60.09434 1042.481
v 603.9974 -26.60095 922.6155
v 482.1855 -19.15658 800.4788
v 360.462 -3.03685 679.048
v 846.7618 -55.63757 1164.875
v 967.901 -86.43133 1285.376
v 1090.056 -32.29121 1286.536
v 968.1971 -64.02828 1164.492
v 845.9207 -81.97359 1041.291
v 725.7405 -27.90371 922.7004
v 603.8327 -23.74566 800.3661
v 1211.125 -69.89552 1285.76
v 1089.987 -55.22331 1164.819
v 1211.112 -74.3102 1164.22
v 967.8593 -69.99145 1042.36
v 847.0638 -38.88046 922.0698
v 1089.314 -75.74323 1042.355
v 1210.739 -83.772 1042.322
v 968.9086 -37.20316 922.2913
v 724.0843 -58.84877 798.2261
v 1211.136 -67.46896 921.1889
v 1090.437 -44.16702 922.0204
v 847.2907 -29.19152 800.5679
v 1210.484 -75.35439 799.2667
v 1091.802 -17.59289 801.3065
v 968.8168 -35.91016 800.3853
v 1211.118 -60.19676 678.1208
v 1090.285 -41.49001 678.4683
v 965.9231 -80.36113 676.7386
v 845.8509 -49.72301 677.5706
v 724.8857 -33.25207 677.9865
v 1213.793 -18.60901 557.1311
v 1091.964 -14.89922 557.1891
v 966.1046 -71.01859 555.9678
v 847.8541 -12.53566 557.1053
v 1209.713 -76.96785 435.0667
v 1090.683 -32.9248 435.0794
v 966.548 -61.92389 435.0101
v 1212.987 -31.27369 313.2512
v 1091.434 -24.53762 313.3387
v 1211.909 -49.4803 191.9867
v 725.8091 -11.7845 556.9839
v 848.665 -0.3275879 435.2642
v 968.4381 -35.35228 313.5364
v 1089.08 -56.69323 192.0038
v 1211.888 -50.32222 70.71151
v 723.4609 -48.58784 434.7523
v 847.0052 -26.60437 313.6341
v 969.5411 -22.82989 192.3363
v 1093.685 -3.311341 71.97079
v 1212.537 -40.579 -50.33673
v 725.5017 -17.17563 313.8169
v 849.9518 -1.017646 193.2806
v 967.9243 -38.52709 70.46949
v 1089.142 -46.89093 -51.21783
v 1209.878 -59.90052 -173.1919
v 726.6402 1.536911 193.1003
v 846.6188 -23.90253 70.54775
v 968.5509 -25.40142 -50.6958
v 1096.061 26.4243 -168.4373
v 1211.526 -36.51225 -293.7488
v 726.2286 7.468731 70.80864
v 849.1367 3.517974 -50.25378
v 972.533 27.5648 -169.1074
v 1094.446 18.65631 -290.7679
v 1213.616 -9.726959 -414.0275
v 728.8385 35.09796 -51.7699
v 845.4 -29.0384 -173.3131
v 966.1709 -35.29183 -295.571
v 1089.55 -17.55312 -415.5516
v 1213.161 -6.137634 -536.1516
v 727.0214 35.73818 -171.8837
v 847.3896 10.58271 -292.9545
v 970.4007 22.37771 -413.6229
v 1086.665 -35.21857 -538.5845
v 1216.267 22.7548 -657.6296
v 725.1293 6.863431 -293.5801
v 846.4304 1.732447 -415.6651
v 970.3264 30.56256 -535.4807
v 1090.65 6.577222 -658.3345
v 1213.55 2.146043 -780.3293
v 725.1302 25.36721 -414.4577
v 846.2061 4.13618 -537.4414
v 968.1788 10.809 -658.5385
v 1091.918 18.83158 -780.4445
v 1213.625 0.5621473 -902.5784
v 725.002 29.86014 -536.3083
v 847.3986 38.65402 -658.0646
v 970.3676 38.82638 -780.6943
v 1088.638 -16.05813 -901.1294
v 1210.778 -31.22187 -1022.94
v 1091.595 6.558289 -1025.053
v 1092.321 9.250752 -1148.43
v 966.8132 -12.54907 -900.5439
v 847.6278 47.59183 -780.8419
v 969.0641 -0.04992361 -1146.958
v 969.4534 16.05026 -1025.312
v 846.4999 10.29973 -901.578
v 846.6697 -21.03923 -1267.518
v 846.7697 -3.167558 -1146.169
v 846.9695 16.37917 -1024.925
v 724.8986 -23.46998 -1267.21
v 724.9035 -7.599122 -1145.575
v 601.8649 6.717741 -1271.493
v 724.8367 12.1366 -1024.426
v 481.0599 -25.74823 -1267.968
v 603.0464 -9.013649 -1145.844
v 724.9175 18.15156 -902.0784
v 358.8361 -26.93125 -1268.488
v 602.2676 19.73583 -1025.646
v 482.8601 -38.43226 -1143.207
v 725.0175 17.03902 -780.0604
v 236.7124 -28.59368 -1268.704
v 360.4444 -36.07204 -1144.658
v 482.1371 -14.44268 -1022.928
v 602.2222 30.48514 -903.309
v 724.8551 40.5793 -658.1752
v 116.6547 -55.45793 -1266.908
v 236.5899 -22.6888 -1146.817
v 357.6667 3.354531 -1025.575
v 604.3173 -1.023025 -779.6404
v 481.0625 8.610852 -902.3352
v 602.9149 26.11954 -658.4417
v -3.312411 -93.33331 -1265.451
v 115.1888 -33.2469 -1146.394
v 237.3849 -23.26432 -1024.212
v 358.253 5.473636 -902.883
v 482.8962 -5.391546 -779.7797
v 601.1522 62.81549 -534.9661
v -125.6065 -78.0107 -1266.158
v -5.246681 -51.05924 -1145.47
v 115.8513 -35.88725 -1024.064
v 238.184 -22.80073 -901.9654
v 359.8907 -3.430592 -780.2479
v 481.1583 15.20331 -658.5067
v -247.2635 -56.76949 -1266.298
v -126.43 -51.83971 -1145.261
v -5.395648 -46.58195 -1023.967
v 118.3556 -53.04313 -901.0972
v 237.4988 -11.9633 -780.4803
v 359.3779 2.353327 -658.5124
v 482.3061 -0.8576186 -537.2108
v -368.657 -73.40292 -1266.176
v -246.9759 -89.22273 -1144.491
v -126.0804 -60.56939 -1023.684
v -5.572874 -32.48107 -903.8359
v 116.7071 -29.65019 -780.6989
v 237.7022 -11.32416 -658.5565
v -490.1572 -64.16667 -1266.185
v -368.6786 -63.92242 -1144.799
v -247.3596 -62.57703 -1023.807
v -125.8118 -51.00696 -903.2962
v -4.003608 -34.05258 -781.3066
v -611.6659 -62.41385 -1266.216
v -490.0616 -55.48306 -1144.965
v -368.8556 -40.97256 -1024.822
v -247.3746 -45.78502 -904.6229
v -733.195 -70.7662 -1266.207
v -611.8316 -104.1279 -1144.121
v -490.1747 -76.42544 -1023.093
v -125.9232 -44.02932 -778.6043
v -368.7619 -62.89479 -902.2015
v -247.1443 -28.50007 -781.0964
v -854.7178 -56.76255 -1266.292
v -733.0746 -40.69944 -1145.583
v -611.4298 -53.96796 -1024.05
v -490.0436 -77.30901 -900.7425
v -367.3062 -56.75534 -775.6277
v -976.2346 -78.36574 -1387.685
v -1097.751 -60.15728 -1387.685
v -976.2388 -73.14159 -1266.195
v -854.7178 -40.92051 -1145.64
v -733.0733 -55.41981 -1024.024
v -611.5305 -50.31038 -902.8689
v -1219.268 -63.95861 -1387.685
v -1097.748 -81.86258 -1266.159
v -1219.28 -62.92085 -1266.185
v -976.3488 -44.23657 -1145.493
v -854.7178 -59.82214 -1023.791
v -1219.278 -76.61529 -1144.675
v -1097.746 -78.89322 -1144.631
v -1219.187 -80.72926 -1022.946
v -976.491 -38.51593 -1024.92
v -1097.737 -74.64518 -1023.084
v -732.7236 -23.86397 -904.5422
v -1219.717 -53.38277 -902.512
v -1098.41 -36.40478 -903.587
v -975.9837 -84.93375 -900.1163
v -854.7178 -61.5672 -901.7543
v -1218.807 -73.39816 -779.3347
v -1099.364 -4.454797 -784.1216
v -976.3421 -47.85953 -780.6364
v -854.7178 -83.92368 -777.5102
v -733.1155 -46.6907 -780.7698
v -1219.675 -45.31874 -659.126
v -1098.97 -16.14533 -661.0156
v -976.3318 -39.22357 -658.972
v -854.7178 -22.94455 -660.261
v -1220.793 -20.18192 -538.5925
v -1099.364 -3.594484 -539.4828
v -976.5098 -22.89166 -537.8905
v -1219.863 -29.80443 -415.9477
v -1098.641 -13.84252 -416.4404
v -1220.115 -22.58673 -294.3165
v -733.1592 -31.0326 -659.7503
v -854.7178 -4.48415 -539.2121
v -976.1474 -28.36748 -415.3763
v -1098.206 -17.52642 -294.2614
v -1221.156 -7.810481 -172.5168
v -733.1998 -24.39609 -537.7766
v -854.7191 19.63276 -418.1339
v -976.4333 -13.39877 -294.2323
v -1099.016 -3.238234 -172.5689
v -1219.587 -30.2825 -50.96153
v -733.0422 -10.85184 -416.2952
v -854.7233 -13.40477 -294.1745
v -976.8699 -2.310482 -172.7201
v -1101.334 5.815246 -52.57764
v -1223.075 -12.75211 70.26067
v -732.4156 14.7408 -295.1568
v -854.8129 0.947013 -172.9189
v -977.5878 -4.442369 -52.95255
v -1102.804 1.856551 67.44926
v -1223.833 -23.9548 191.8743
v -1104.285 25.9656 189.9208
v -981.5645 46.21379 62.79897
v -854.9028 4.187846 -53.93916
v -1110.349 43.50147 315.2069
v -983.7336 103.0489 186.41
v -855.072 64.3952 62.7073
v -1094.722 -12.79198 433.1566
v -994.144 145.3991 316.32
v -854.6204 117.6761 193.3297
v -980.6337 6.232471 564.9117
v -977.1108 68.05991 436.0121
v -854.6067 10.71501 554.9686
v -854.0912 131.7811 312.2379
v -855.2849 118.0729 442.7096
v -731.6827 8.459512 560.8204
v -723.983 102.1978 446.8633
v -614.0446 -53.17395 551.3902
v -728.5825 127.5728 314.2649
v -491.7794 6.529147 556.446
v -606.1138 26.37716 438.7953
v -719.2802 130.2799 179.6393
v -368.4906 -16.7364 557.4456
v -489.0619 -25.00363 435.3679
v -614.2236 33.23142 313.2962
v -731.3442 39.57449 67.22786
v -245.3568 5.177772 554.5467
v -608.4922 32.91475 190.7156
v -476.8111 27.74113 314.7306
v -368.8093 -47.10618 436.2888
v -731.7309 4.032642 -54.02936
v -125.2443 -19.52193 556.2021
v -607.9317 7.841391 67.57976
v -477.9459 26.21612 189.1231
v -247.015 -30.69663 434.76
v -368.0403 -23.49129 313.3571
v -732.1897 17.97293 -173.3819
v -4.672987 -10.68995 556.5408
v -125.6314 -23.27723 434.4654
v -246.339 -10.98094 312.2131
v -366.994 -16.45262 191.4873
v -608.5164 10.98476 -53.37114
v -483.7006 14.15716 68.20421
v -612.0906 -29.6017 -172.4271
v 116.859 -6.52321 556.6804
v -5.643673 7.348098 433.2962
v -125.6069 -27.42681 312.573
v -246.5082 -35.51812 191.4338
v -487.2256 1.163347 -51.51193
v -370.2177 -55.17564 70.91506
v 237.9874 21.88109 557.1855
v 117.9765 -34.10911 435.5419
v -4.588108 -25.6982 312.3925
v -125.3179 -39.61481 190.9552
v -249.27 -77.11787 71.7043
v -367.0641 -28.38341 -50.97203
v -489.7241 -21.7699 -172.2538
v -611.7143 -29.37952 -294.0277
v -613.7368 16.3479 -416.2347
v -491.3578 23.20419 -290.5295
v -369.1314 -45.17022 -173.0925
v -244.0434 -30.03209 -50.97467
v -126.2285 -76.28152 71.48904
v -613.7894 -4.277912 -538.9006
v -490.6894 -7.029212 -415.3314
v -368.7489 -36.5381 -297.1781
v -242.6222 -10.70192 -167.3222
v -613.2582 -18.18797 -661.4399
v -490.9768 -5.819129 -537.3651
v -370.6519 33.69455 -412.1533
v -612.5318 -16.67857 -784.6705
v -490.5274 -23.57313 -658.9943
v -493.5723 -5.812923 -787.8848
v -364.8803 -22.70767 -535.6862
v -369.3567 0.6282082 -659.8588
v -245.9255 -10.51984 -291.1369
v -246.7846 29.41294 -663.9652
v -245.9224 54.02357 -537.6597
v -247.1243 6.994278 -415.5266
v -125.4083 -6.479692 -658.8869
v -122.6639 22.55938 -536.8663
v -124.5012 -4.418639 -414.3618
v -127.3674 -53.73381 -296.7088
v -123.5828 -46.42403 -170.3064
v -2.945763 -13.25914 -659.7161
v -2.739168 -11.03108 -536.7198
v -4.387689 -37.4383 -415.8794
v 0.5369833 0.9841586 -284.4105
v 117.2689 -26.74634 -658.7894
v 117.1694 -72.10091 -538.8918
v 117.0343 -18.95766 -412.4607
v 243.8527 -70.43899 -539.1686
v -3.854072 -61.98922 -171.6488
v 119.7766 -99.99337 -297.9282
v 237.2656 -20.88535 -414.5578
v 361.2796 -16.70903 -537.3412
v 355.1771 24.54039 -413.1404
v 234.6833 -14.10765 -292.0441
v 118.7503 -82.07128 -173.0352
v 482.9147 -13.07109 -416.1268
v 360.0298 -20.79509 -293.8549
v 240.036 -57.12664 -172.7373
v 603.0684 15.71014 -414.9808
v 602.3943 28.86996 -292.4776
v 483.1551 -22.49191 -294.6945
v 601.4209 68.75669 -173.5576
v 480.5027 -1.749239 -172.5706
v 603.1895 26.525 -52.23211
v 356.7469 -5.843231 -171.9897
v 481.7526 -5.71575 -51.0783
v 603.5849 36.74536 70.90689
v 360.0822 -29.5295 -51.05859
v 604.5413 47.92471 196.2751
v 478.7456 22.08368 70.33987
v 237.7926 -42.92852 -51.18973
v 603.0378 -26.87882 312.8068
v 358.5356 -15.06027 70.05964
v 480.1242 14.49328 192.9389
v 115.859 -50.70514 -51.57545
v 603.3 -22.22584 434.991
v 234.9334 -12.6603 68.3202
v 359.9234 -17.40691 191.896
v 481.2489 14.43577 314.3266
v -3.851257 -99.18882 -50.13748
v 601.6501 -65.16502 555.212
v 115.6502 -37.46228 68.72459
v 240.5717 -50.68813 193.4503
v 482.0205 -8.455378 435.116
v 359.9218 -6.536487 313.2941
v -126.195 -78.7082 -50.8598
v -4.175684 -61.23403 70.18315
v 118.3917 -57.94708 193.3731
v -4.473103 -38.8678 190.6664
v 118.1217 -42.77748 314.4901
v 237.5273 -0.7130278 312.1291
v 238.8515 -15.36063 435.0117
v 360.6318 -24.77857 435.1517
v 360.4205 -8.239135 556.7507
v 482.1203 -7.742834 556.8279
v 482.2738 -6.246276 678.9678
v 603.8359 -16.1347 678.6093
f 1214 1215 1216
f 1214 1216 1217
f 1218 1214 1217
f 1217 1216 1219
f 1218 1217 1220
f 1221 1218 1220
f 1217 1219 1222
f 1220 1217 1222
f 1222 1219 1223
f 1221 1220 1224
f 1225 1221 1224
f 1220 1222 1226
f 1224 1220 1226
f 1222 1223 1227
f 1226 1222 1227
f 1227 1223 1228
f 1225 1224 1229
f 1230 1225 1229
f 1224 1226 1231
f 1229 1224 1231
f 1227 1228 1232
f 1232 1228 1233
f 1226 1227 1234
f 1231 1226 1234
f 1234 1227 1232
f 1230 1229 1235
f 1236 1230 1235
f 1232 1233 1237
f 1237 1233 1238
f 1229 1231 1239
f 1235 1229 1239
f 1231 1234 1240
f 1239 1231 1240
f 1234 1232 1241
f 1241 1232 1237
f 1240 1234 1241
f 1236 1235 1242
f 1243 1236 1242
f 1237 1238 1244
f 1244 1238 1245
f 1235 1239 1246
f 1242 1235 1246
f 1239 1240 1247
f 1246 1239 1247
f 1240 1241 1248
f 1247 1240 1248
f 1241 1237 1249
f 1249 1237 1244
f 1248 1241 1249
f 1243 1242 1250
f 1251 1243 1250
f 1244 1245 1252
f 1252 1245 1253
f 1242 1246 1254
f 1250 1242 1254
f 1246 1247 1255
f 1254 1246 1255
f 1247 1248 1256
f 1255 1247 1256
f 1248 1249 1257
f 1256 1248 1257
f 1249 1244 1258
f 1258 1244 1252
f 1257 1249 1258
f 1252 1253 1259
f 1259 1253 1260
f 1258 1252 1261
f 1261 1252 1259
f 1257 1258 1262
f 1262 1258 1261
f 1256 1257 1263
f 1263 1257 1262
f 1255 1256 1264
f 1264 1256 1263
f 1259 1260 1265
f 1265 1260 1266
f 1261 1259 1267
f 1267 1259 1265
f 1262 1261 1268
f 1268 1261 1267
f 1263 1262 1269
f 1269 1262 1268
f 1265 1266 1270
f 1270 1266 1271
f 1267 1265 1272
f 1272 1265 1270
f 1268 1267 1273
f 1273 1267 1272
f 1270 1271 1274
f 1274 1271 1275
f 1272 1270 1276
f 1276 1270 1274
f 1274 1275 1277
f 1277 1275 1278
f 1279 1263 1269
f 1264 1263 1279
f 1269 1268 1280
f 1280 1268 1273
f 1273 1272 1281
f 1281 1272 1276
f 1276 1274 1282
f 1282 1274 1277
f 1277 1278 1283
f 1283 1278 1284
f 1279 1269 1285
f 1285 1269 1280
f 1280 1273 1286
f 1286 1273 1281
f 1281 1276 1287
f 1287 1276 1282
f 1282 1277 1288
f 1288 1277 1283
f 1283 1284 1289
f 1289 1284 1290
f 1285 1280 1291
f 1291 1280 1286
f 1286 1281 1292
f 1292 1281 1287
f 1287 1282 1293
f 1293 1282 1288
f 1288 1283 1294
f 1294 1283 1289
f 1289 1290 1295
f 1295 1290 1296
f 1291 1286 1297
f 1297 1286 1292
f 1292 1287 1298
f 1298 1287 1293
f 1293 1288 1299
f 1299 1288 1294
f 1294 1289 1300
f 1300 1289 1295
f 1295 1296 1301
f 1301 1296 1302
f 1297 1292 1303
f 1303 1292 1298
f 1298 1293 1304
f 1304 1293 1299
f 1299 1294 1305
f 1305 1294 1300
f 1300 1295 1306
f 1306 1295 1301
f 1301 1302 1307
f 1307 1302 1308
f 1303 1298 1309
f 1309 1298 1304
f 1304 1299 1310
f 1310 1299 1305
f 1305 1300 1311
f 1311 1300 1306
f 1306 1301 1312
f 1312 1301 1307
f 1307 1308 1313
f 1313 1308 1314
f 1309 1304 1315
f 1315 1304 1310
f 1310 1305 1316
f 1316 1305 1311
f 1311 1306 1317
f 1317 1306 1312
f 1312 1307 1318
f 1318 1307 1313
f 1313 1314 1319
f 1319 1314 1320
f 1315 1310 1321
f 1321 1310 1316
f 1316 1311 1322
f 1322 1311 1317
f 1317 1312 1323
f 1323 1312 1318
f 1318 1313 1324
f 1324 1313 1319
f 1319 1320 1325
f 1325 1320 1326
f 1321 1316 1327
f 1327 1316 1322
f 1322 1317 1328
f 1328 1317 1323
f 1323 1318 1329
f 1329 1318 1324
f 1324 1319 1330
f 1330 1319 1325
f 1325 1326 1331
f 1331 1326 1332
f 1327 1322 1333
f 1333 1322 1328
f 1328 1323 1334
f 1334 1323 1329
f 1329 1324 1335
f 1335 1324 1330
f 1330 1325 1336
f 1336 1325 1331
f 1331 1332 1337
f 1337 1332 1338
f 1333 1328 1339
f 1339 1328 1334
f 1334 1329 1340
f 1340 1329 1335
f 1335 1330 1341
f 1341 1330 1336
f 1336 1331 1342
f 1342 1331 1337
f 1337 1338 1343
f 1343 1338 1344
f 1339 1334 1345
f 1345 1334 1340
f 1340 1335 1346
f 1346 1335 1341
f 1341 1336 1347
f 1347 1336 1342
f 1342 1337 1348
f 1348 1337 1343
f 1343 1344 1349
f 1349 1344 1350
f 1345 1340 1351
f 1351 1340 1346
f 1346 1341 1352
f 1352 1341 1347
f 1347 1342 1353
f 1353 1342 1348
f 1348 1343 1354
f 1354 1343 1349
f 1349 1350 1355
f 1355 1350 1356
f 1351 1346 1357
f 1357 1346 1352
f 1352 1347 1358
f 1358 1347 1353
f 1353 1348 1359
f 1359 1348 1354
f 1354 1349 1360
f 1360 1349 1355
f 1355 1356 1361
f 1361 1356 1362
f 1357 1352 1363
f 1363 1352 1358
f 1358 1353 1364
f 1364 1353 1359
f 1359 1354 1365
f 1365 1354 1360
f 1360 1355 1366
f 1366 1355 1361
f 1361 1362 1367
f 1367 1362 1368
f 1363 1358 1369
f 1369 1358 1364
f 1364 1359 1370
f 1370 1359 1365
f 1365 1360 1371
f 1371 1360 1366
f 1366 1361 1372
f 1372 1361 1367
f 1367 1368 1373
f 1373 1368 1374
f 1369 1364 1375
f 1375 1364 1370
f 1370 1365 1376
f 1376 1365 1371
f 1371 1366 1377
f 1377 1366 1372
f 1372 1367 1378
f 1378 1367 1373
f 1373 1374 1379
f 1379 1374 1380
f 1375 1370 1381
f 1381 1370 1376
f 1376 1371 1382
f 1382 1371 1377
f 1377 1372 1383
f 1383 1372 1378
f 1378 1373 1384
f 1384 1373 1379
f 1379 1380 1385
f 1385 1380 1386
f 1381 1376 1387
f 1387 1376 1382
f 1382 1377 1388
f 1388 1377 1383
f 1383 1378 1389
f 1389 1378 1384
f 1384 1379 1390
f 1390 1379 1385
f 1385 1386 1391
f 1391 1386 1392
f 1391 1392 1393
f 1394 1385 1391
f 1390 1385 1394
f 1395 1391 1393
f 1394 1391 1395
f 1395 1393 1396
f 1397 1384 1390
f 1389 1384 1397
f 1398 1383 1389
f 1388 1383 1398
f 1399 1390 1394
f 1397 1390 1399
f 1400 1395 1396
f 1400 1396 1401
f 1402 1394 1395
f 1399 1394 1402
f 1402 1395 1400
f 1403 1389 1397
f 1398 1389 1403
f 1404 1400 1401
f 1404 1401 1405
f 1406 1397 1399
f 1403 1397 1406
f 1407 1402 1400
f 1407 1400 1404
f 1408 1399 1402
f 1406 1399 1408
f 1408 1402 1407
f 1409 1404 1405
f 1409 1405 1410
f 1411 1407 1404
f 1411 1404 1409
f 1412 1408 1407
f 1412 1407 1411
f 1413 1406 1408
f 1413 1408 1412
f 1414 1403 1406
f 1414 1406 1413
f 1415 1409 1410
f 1415 1410 1416
f 1417 1411 1409
f 1417 1409 1415
f 1418 1412 1411
f 1418 1411 1417
f 1419 1413 1412
f 1419 1412 1418
f 1420 1415 1416
f 1420 1416 1421
f 1422 1417 1415
f 1422 1415 1420
f 1423 1418 1417
f 1423 1417 1422
f 1424 1420 1421
f 1424 1421 1425
f 1426 1422 1420
f 1426 1420 1424
f 1427 1424 1425
f 1427 1425 1428
f 1429 1413 1419
f 1429 1414 1413
f 1430 1419 1418
f 1430 1418 1423
f 1431 1423 1422
f 1431 1422 1426
f 1432 1426 1424
f 1432 1424 1427
f 1433 1427 1428
f 1433 1428 1434
f 1435 1429 1419
f 1435 1419 1430
f 1436 1430 1423
f 1436 1423 1431
f 1437 1431 1426
f 1437 1426 1432
f 1438 1432 1427
f 1438 1427 1433
f 1439 1433 1434
f 1439 1434 1440
f 1441 1435 1430
f 1441 1430 1436
f 1442 1436 1431
f 1442 1431 1437
f 1443 1437 1432
f 1443 1432 1438
f 1444 1438 1433
f 1444 1433 1439
f 1445 1439 1440
f 1445 1440 1446
f 1447 1441 1436
f 1447 1436 1442
f 1448 1442 1437
f 1448 1437 1443
f 1449 1443 1438
f 1449 1438 1444
f 1450 1444 1439
f 1450 1439 1445
f 1451 1445 1446
f 1451 1446 1452
f 1453 1447 1442
f 1453 1442 1448
f 1454 1448 1443
f 1454 1443 1449
f 1455 1449 1444
f 1455 1444 1450
f 1456 1450 1445
f 1456 1445 1451
f 1457 1451 1452
f 1457 1452 1458
f 1459 1453 1448
f 1459 1448 1454
f 1460 1454 1449
f 1460 1449 1455
f 1461 1455 1450
f 1461 1450 1456
f 1462 1456 1451
f 1462 1451 1457
f 1463 1457 1458
f 1463 1458 1464
f 1465 1459 1454
f 1465 1454 1460
f 1466 1460 1455
f 1466 1455 1461
f 1467 1461 1456
f 1467 1456 1462
f 1468 1462 1457
f 1468 1457 1463
f 1469 1463 1464
f 1469 1464 1470
f 1471 1465 1460
f 1471 1460 1466
f 1472 1466 1461
f 1472 1461 1467
f 1473 1467 1462
f 1473 1462 1468
f 1474 1468 1463
f 1474 1463 1469
f 1475 1469 1470
f 1475 1470 1476
f 1477 1471 1466
f 1477 1466 1472
f 1478 1472 1467
f 1478 1467 1473
f 1479 1473 1468
f 1479 1468 1474
f 1480 1474 1469
f 1480 1469 1475
f 1481 1475 1476
f 1481 1476 1482
f 1483 1477 1472
f 1483 1472 1478
f 1484 1478 1473
f 1484 1473 1479
f 1485 1479 1474
f 1485 1474 1480
f 1486 1480 1475
f 1486 1475 1481
f 1487 1481 1482
f 1487 1482 1488
f 1489 1483 1478
f 1489 1478 1484
f 1490 1484 1479
f 1490 1479 1485
f 1491 1485 1480
f 1491 1480 1486
f 1492 1486 1481
f 1492 1481 1487
f 1493 1487 1488
f 1493 1488 1494
f 1495 1489 1484
f 1495 1484 1490
f 1496 1490 1485
f 1496 1485 1491
f 1497 1491 1486
f 1497 1486 1492
f 1498 1492 1487
f 1498 1487 1493
f 1499 1493 1494
f 1499 1494 1500
f 1501 1495 1490
f 1501 1490 1496
f 1502 1496 1491
f 1502 1491 1497
f 1503 1497 1492
f 1503 1492 1498
f 1504 1498 1493
f 1504 1493 1499
f 1505 1499 1500
f 1505 1500 1506
f 1507 1501 1496
f 1507 1496 1502
f 1508 1502 1497
f 1508 1497 1503
f 1509 1503 1498
f 1509 1498 1504
f 1510 1504 1499
f 1510 1499 1505
f 1511 1505 1506
f 1511 1506 1512
f 1513 1507 1502
f 1513 1502 1508
f 1514 1508 1503
f 1514 1503 1509
f 1515 1509 1504
f 1515 1504 1510
f 1516 1510 1505
f 1516 1505 1511
f 1517 1511 1512
f 1517 1512 1518
f 1519 1513 1508
f 1519 1508 1514
f 1520 1514 1509
f 1520 1509 1515
f 1521 1515 1510
f 1521 1510 1516
f 1522 1516 1511
f 1522 1511 1517
f 1523 1517 1518
f 1523 1518 1524
f 1525 1519 1514
f 1525 1514 1520
f 1526 1520 1515
f 1526 1515 1521
f 1527 1521 1516
f 1527 1516 1522
f 1528 1522 1517
f 1528 1517 1523
f 1529 1523 1524
f 1529 1524 1530
f 1531 1525 1520
f 1531 1520 1526
f 1532 1526 1521
f 1532 1521 1527
f 1533 1527 1522
f 1533 1522 1528
f 1534 1528 1523
f 1534 1523 1529
f 1535 1529 1530
f 1535 1530 1536
f 1537 1531 1526
f 1537 1526 1532
f 1538 1532 1527
f 1538 1527 1533
f 1539 1533 1528
f 1539 1528 1534
f 1540 1534 1529
f 1540 1529 1535
f 1541 1535 1536
f 1541 1536 1542
f 1543 1537 1532
f 1543 1532 1538
f 1544 1538 1533
f 1544 1533 1539
f 1545 1539 1534
f 1545 1534 1540
f 1546 1540 1535
f 1546 1535 1541
f 1547 1541 1542
f 1547 1542 1548
f 1549 1543 1538
f 1549 1538 1544
f 1550 1544 1539
f 1550 1539 1545
f 1551 1545 1540
f 1551 1540 1546
f 1552 1546 1541
f 1552 1541 1547
f 1553 1547 1548
f 1553 1548 1554
f 1555 1549 1544
f 1555 1544 1550
f 1556 1550 1545
f 1556 1545 1551
f 1557 1551 1546
f 1557 1546 1552
f 1558 1552 1547
f 1558 1547 1553
f 1559 1553 1554
f 1559 1554 1560
f 1561 1559 1560
f 1561 1560 1562
f 1563 1559 1561
f 1564 1553 1559
f 1563 1564 1559
f 1564 1558 1553
f 1565 1564 1563
f 1565 1566 1564
f 1566 1558 1564
f 1567 1566 1565
f 1568 1552 1558
f 1566 1568 1558
f 1568 1557 1552
f 1567 1569 1566
f 1569 1568 1566
f 1570 1569 1567
f 1571 1557 1568
f 1569 1571 1568
f 1570 1572 1569
f 1572 1571 1569
f 1573 1572 1570
f 1571 1574 1557
f 1574 1551 1557
f 1574 1556 1551
f 1573 1575 1572
f 1576 1575 1573
f 1572 1577 1571
f 1577 1574 1571
f 1575 1577 1572
f 1578 1556 1574
f 1577 1578 1574
f 1576 1579 1575
f 1580 1579 1576
f 1575 1581 1577
f 1581 1578 1577
f 1579 1581 1575
f 1578 1582 1556
f 1582 1550 1556
f 1582 1555 1550
f 1580 1583 1579
f 1584 1583 1580
f 1579 1585 1581
f 1583 1585 1579
f 1581 1586 1578
f 1586 1582 1578
f 1585 1586 1581
f 1587 1555 1582
f 1586 1587 1582
f 1584 1588 1583
f 1589 1588 1584
f 1583 1590 1585
f 1588 1590 1583
f 1585 1591 1586
f 1591 1587 1586
f 1590 1591 1585
f 1587 1592 1555
f 1592 1549 1555
f 1589 1593 1588
f 1594 1593 1589
f 1588 1595 1590
f 1593 1595 1588
f 1591 1596 1587
f 1596 1592 1587
f 1590 1597 1591
f 1595 1597 1590
f 1597 1596 1591
f 1592 1598 1549
f 1598 1543 1549
f 1594 1599 1593
f 1600 1599 1594
f 1593 1601 1595
f 1599 1601 1593
f 1595 1602 1597
f 1601 1602 1595
f 1596 1603 1592
f 1603 1598 1592
f 1597 1604 1596
f 1602 1604 1597
f 1604 1603 1596
f 1598 1605 1543
f 1605 1537 1543
f 1600 1606 1599
f 1607 1606 1600
f 1599 1608 1601
f 1606 1608 1599
f 1601 1609 1602
f 1608 1609 1601
f 1602 1610 1604
f 1609 1610 1602
f 1603 1611 1598
f 1611 1605 1598
f 1604 1612 1603
f 1610 1612 1604
f 1612 1611 1603
f 1607 1613 1606
f 1614 1613 1607
f 1606 1615 1608
f 1613 1615 1606
f 1608 1616 1609
f 1615 1616 1608
f 1609 1617 1610
f 1616 1617 1609
f 1610 1618 1612
f 1617 1618 1610
f 1612 1619 1611
f 1618 1619 1612
f 1614 1620 1613
f 1621 1620 1614
f 1613 1622 1615
f 1620 1622 1613
f 1615 1623 1616
f 1622 1623 1615
f 1616 1624 1617
f 1623 1624 1616
f 1617 1625 1618
f 1624 1625 1617
f 1621 1626 1620
f 1627 1626 1621
f 1620 1628 1622
f 1626 1628 1620
f 1622 1629 1623
f 1628 1629 1622
f 1623 1630 1624
f 1629 1630 1623
f 1627 1631 1626
f 1632 1631 1627
f 1626 1633 1628
f 1631 1633 1626
f 1628 1634 1629
f 1633 1634 1628
f 1632 1635 1631
f 1636 1635 1632
f 1631 1637 1633
f 1635 1637 1631
f 1636 1638 1635
f 1639 1638 1636
f 1630 1640 1624
f 1624 1640 1625
f 1629 1641 1630
f 1634 1641 1629
f 1633 1642 1634
f 1637 1642 1633
f 1635 1643 1637
f 1638 1643 1635
f 1639 1644 1638
f 1645 1644 1639
f 1630 1646 1640
f 1641 1646 1630
f 1634 1647 1641
f 1642 1647 1634
f 1637 1648 1642
f 1643 1648 1637
f 1638 1649 1643
f 1644 1649 1638
f 1645 1650 1644
f 1651 1650 1645
f 1641 1652 1646
f 1647 1652 1641
f 1642 1653 1647
f 1648 1653 1642
f 1643 1654 1648
f 1649 1654 1643
f 1644 1655 1649
f 1650 1655 1644
f 1651 1656 1650
f 1657 1656 1651
f 1647 1658 1652
f 1653 1658 1647
f 1648 1659 1653
f 1654 1659 1648
f 1649 1660 1654
f 1655 1660 1649
f 1650 1661 1655
f 1656 1661 1650
f 1657 1662 1656
f 1663 1662 1657
f 1653 1664 1658
f 1659 1664 1653
f 1654 1665 1659
f 1660 1665 1654
f 1655 1666 1660
f 1661 1666 1655
f 1656 1667 1661
f 1662 1667 1656
f 1663 1668 1662
f 1669 1668 1663
f 1659 1670 1664
f 1665 1670 1659
f 1660 1671 1665
f 1666 1671 1660
f 1661 1672 1666
f 1667 1672 1661
f 1662 1673 1667
f 1668 1673 1662
f 1669 1674 1668
f 1675 1674 1669
f 1665 1676 1670
f 1671 1676 1665
f 1666 1677 1671
f 1672 1677 1666
f 1667 1678 1672
f 1673 1678 1667
f 1668 1679 1673
f 1674 1679 1668
f 1675 1680 1674
f 1681 1680 1675
f 1671 1682 1676
f 1677 1682 1671
f 1672 1683 1677
f 1678 1683 1672
f 1673 1684 1678
f 1679 1684 1673
f 1674 1685 1679
f 1680 1685 1674
f 1681 1686 1680
f 1687 1686 1681
f 1677 1688 1682
f 1683 1688 1677
f 1678 1689 1683
f 1684 1689 1678
f 1679 1690 1684
f 1685 1690 1679
f 1680 1691 1685
f 1686 1691 1680
f 1687 1692 1686
f 1693 1692 1687
f 1683 1694 1688
f 1689 1694 1683
f 1684 1695 1689
f 1690 1695 1684
f 1685 1696 1690
f 1691 1696 1685
f 1686 1697 1691
f 1692 1697 1686
f 1693 1698 1692
f 1699 1698 1693
f 1689 1700 1694
f 1695 1700 1689
f 1690 1701 1695
f 1696 1701 1690
f 1691 1702 1696
f 1697 1702 1691
f 1692 1703 1697
f 1698 1703 1692
f 1699 1704 1698
f 1705 1704 1699
f 1695 1706 1700
f 1701 1706 1695
f 1696 1707 1701
f 1702 1707 1696
f 1697 1708 1702
f 1703 1708 1697
f 1698 1709 1703
f 1704 1709 1698
f 1705 1710 1704
f 1711 1710 1705
f 1701 1712 1706
f 1707 1712 1701
f 1702 1713 1707
f 1708 1713 1702
f 1703 1714 1708
f 1709 1714 1703
f 1704 1715 1709
f 1710 1715 1704
f 1711 1716 1710
f 1717 1716 1711
f 1717 1718 1716
f 1716 1719 1710
f 1710 1719 1715
f 1718 1720 1716
f 1716 1720 1719
f 1718 1721 1720
f 1715 1722 1709
f 1709 1722 1714
f 1714 1723 1708
f 1708 1723 1713
f 1719 1724 1715
f 1715 1724 1722
f 1721 1725 1720
f 1721 1726 1725
f 1720 1727 1719
f 1719 1727 1724
f 1720 1725 1727
f 1722 1728 1714
f 1714 1728 1723
f 1726 1729 1725
f 1726 1730 1729
f 1724 1731 1722
f 1722 1731 1728
f 1725 1732 1727
f 1725 1729 1732
f 1727 1733 1724
f 1724 1733 1731
f 1727 1732 1733
f 1730 1734 1729
f 1730 1735 1734
f 1729 1736 1732
f 1729 1734 1736
f 1732 1737 1733
f 1732 1736 1737
f 1733 1738 1731
f 1733 1737 1738
f 1731 1739 1728
f 1731 1738 1739
f 1735 1740 1734
f 1735 1741 1740
f 1734 1742 1736
f 1734 1740 1742
f 1736 1743 1737
f 1736 1742 1743
f 1737 1744 1738
f 1737 1743 1744
f 1741 1745 1740
f 1741 1746 1745
f 1740 1747 1742
f 1740 1745 1747
f 1742 1748 1743
f 1742 1747 1748
f 1746 1749 1745
f 1746 1750 1749
f 1745 1751 1747
f 1745 1749 1751
f 1750 1752 1749
f 1750 1753 1752
f 1738 1744 1754
f 1738 1754 1739
f 1743 1755 1744
f 1743 1748 1755
f 1747 1756 1748
f 1747 1751 1756
f 1749 1757 1751
f 1749 1752 1757
f 1753 1758 1752
f 1753 1759 1758
f 1744 1760 1754
f 1744 1755 1760
f 1748 1761 1755
f 1748 1756 1761
f 1751 1762 1756
f 1751 1757 1762
f 1752 1763 1757
f 1752 1758 1763
f 1759 1764 1758
f 1759 1765 1764
f 1755 1766 1760
f 1755 1761 1766
f 1756 1767 1761
f 1756 1762 1767
f 1757 1768 1762
f 1757 1763 1768
f 1758 1769 1763
f 1758 1764 1769
f 1765 1770 1764
f 1765 1771 1770
f 1761 1772 1766
f 1761 1767 1772
f 1762 1773 1767
f 1762 1768 1773
f 1763 1774 1768
f 1763 1769 1774
f 1764 1775 1769
f 1764 1770 1775
f 1771 1776 1770
f 1771 1777 1776
f 1767 1778 1772
f 1767 1773 1778
f 1768 1779 1773
f 1768 1774 1779
f 1769 1780 1774
f 1769 1775 1780
f 1770 1781 1775
f 1770 1776 1781
f 1777 1782 1776
f 1777 1783 1782
f 1773 1784 1778
f 1773 1779 1784
f 1774 1785 1779
f 1774 1780 1785
f 1775 1786 1780
f 1775 1781 1786
f 1776 1787 1781
f 1776 1782 1787
f 1783 1788 1782
f 1783 1789 1788
f 1779 1790 1784
f 1779 1785 1790
f 1780 1791 1785
f 1780 1786 1791
f 1781 1792 1786
f 1781 1787 1792
f 1782 1793 1787
f 1782 1788 1793
f 1789 1794 1788
f 1789 1795 1794
f 1785 1796 1790
f 1785 1791 1796
f 1786 1797 1791
f 1786 1792 1797
f 1787 1798 1792
f 1787 1793 1798
f 1788 1799 1793
f 1788 1794 1799
f 1795 1800 1794
f 1795 1801 1800
f 1791 1802 1796
f 1791 1797 1802
f 1792 1803 1797
f 1792 1798 1803
f 1793 1804 1798
f 1793 1799 1804
f 1794 1805 1799
f 1794 1800 1805
f 1801 1806 1800
f 1801 1807 1806
f 1797 1808 1802
f 1797 1803 1808
f 1798 1809 1803
f 1798 1804 1809
f 1799 1810 1804
f 1799 1805 1810
f 1800 1811 1805
f 1800 1806 1811
f 1807 1812 1806
f 1807 1813 1812
f 1803 1814 1808
f 1803 1809 1814
f 1804 1815 1809
f 1804 1810 1815
f 1805 1816 1810
f 1805 1811 1816
f 1806 1817 1811
f 1806 1812 1817
f 1813 1818 1812
f 1813 1819 1818
f 1809 1820 1814
f 1809 1815 1820
f 1810 1821 1815
f 1810 1816 1821
f 1811 1822 1816
f 1811 1817 1822
f 1812 1823 1817
f 1812 1818 1823
f 1819 1824 1818
f 1819 1825 1824
f 1815 1826 1820
f 1815 1821 1826
f 1816 1827 1821
f 1816 1822 1827
f 1817 1828 1822
f 1817 1823 1828
f 1818 1829 1823
f 1818 1824 1829
f 1825 1830 1824
f 1825 1831 1830
f 1821 1832 1826
f 1821 1827 1832
f 1822 1833 1827
f 1822 1828 1833
f 1823 1834 1828
f 1823 1829 1834
f 1824 1835 1829
f 1824 1830 1835
f 1831 1836 1830
f 1831 1837 1836
f 1827 1838 1832
f 1827 1833 1838
f 1828 1839 1833
f 1828 1834 1839
f 1829 1840 1834
f 1829 1835 1840
f 1830 1841 1835
f 1830 1836 1841
f 1837 1842 1836
f 1837 1251 1842
f 1251 1250 1842
f 1836 1842 1843
f 1836 1843 1841
f 1842 1250 1844
f 1842 1844 1843
f 1250 1254 1844
f 1835 1841 1845
f 1835 1845 1840
f 1834 1840 1846
f 1834 1846 1839
f 1841 1843 1847
f 1841 1847 1845
f 1844 1254 1848
f 1254 1255 1848
f 1848 1255 1264
f 1843 1844 1849
f 1844 1848 1849
f 1843 1849 1847
f 1848 1264 1850
f 1849 1848 1850
f 1850 1264 1279
f 1840 1845 1851
f 1840 1851 1846
f 1845 1847 1852
f 1845 1852 1851
f 1847 1849 1853
f 1849 1850 1853
f 1847 1853 1852
f 1850 1279 1854
f 1853 1850 1854
f 1854 1279 1285
f 1852 1853 1855
f 1853 1854 1855
f 1854 1285 1856
f 1855 1854 1856
f 1856 1285 1291
f 1851 1852 1857
f 1852 1855 1857
f 1846 1851 1858
f 1851 1857 1858
f 1855 1856 1859
f 1857 1855 1859
f 1856 1291 1860
f 1859 1856 1860
f 1860 1291 1297
f 1857 1859 1861
f 1858 1857 1861
f 1846 1858 1862
f 1839 1846 1862
f 1859 1860 1863
f 1861 1859 1863
f 1860 1297 1864
f 1863 1860 1864
f 1864 1297 1303
f 1858 1861 1865
f 1862 1858 1865
f 1839 1862 1866
f 1833 1839 1866
f 1833 1866 1838
f 1861 1863 1867
f 1865 1861 1867
f 1863 1864 1868
f 1867 1863 1868
f 1864 1303 1869
f 1868 1864 1869
f 1869 1303 1309
f 1866 1862 1870
f 1862 1865 1870
f 1838 1866 1871
f 1866 1870 1871
f 1865 1867 1872
f 1870 1865 1872
f 1867 1868 1873
f 1872 1867 1873
f 1868 1869 1874
f 1873 1868 1874
f 1869 1309 1875
f 1874 1869 1875
f 1875 1309 1315
f 1870 1872 1876
f 1871 1870 1876
f 1838 1871 1877
f 1832 1838 1877
f 1872 1873 1878
f 1876 1872 1878
f 1873 1874 1879
f 1878 1873 1879
f 1874 1875 1880
f 1879 1874 1880
f 1875 1315 1881
f 1880 1875 1881
f 1881 1315 1321
f 1871 1876 1882
f 1877 1871 1882
f 1832 1877 1883
f 1826 1832 1883
f 1876 1878 1884
f 1882 1876 1884
f 1878 1879 1885
f 1884 1878 1885
f 1879 1880 1886
f 1885 1879 1886
f 1880 1881 1887
f 1886 1880 1887
f 1881 1321 1888
f 1887 1881 1888
f 1888 1321 1327
f 1888 1327 1889
f 1889 1327 1333
f 1887 1888 1890
f 1890 1888 1889
f 1886 1887 1891
f 1891 1887 1890
f 1885 1886 1892
f 1892 1886 1891
f 1884 1885 1893
f 1893 1885 1892
f 1889 1333 1894
f 1894 1333 1339
f 1890 1889 1895
f 1895 1889 1894
f 1891 1890 1896
f 1896 1890 1895
f 1892 1891 1897
f 1897 1891 1896
f 1894 1339 1898
f 1898 1339 1345
f 1895 1894 1899
f 1899 1894 1898
f 1896 1895 1900
f 1900 1895 1899
f 1898 1345 1901
f 1901 1345 1351
f 1899 1898 1902
f 1902 1898 1901
f 1901 1351 1903
f 1903 1351 1357
f 1904 1892 1897
f 1893 1892 1904
f 1897 1896 1905
f 1905 1896 1900
f 1900 1899 1906
f 1906 1899 1902
f 1902 1901 1907
f 1907 1901 1903
f 1903 1357 1908
f 1908 1357 1363
f 1904 1897 1909
f 1909 1897 1905
f 1905 1900 1910
f 1910 1900 1906
f 1906 1902 1911
f 1911 1902 1907
f 1907 1903 1912
f 1912 1903 1908
f 1908 1363 1913
f 1913 1363 1369
f 1909 1905 1914
f 1914 1905 1910
f 1910 1906 1915
f 1915 1906 1911
f 1911 1907 1916
f 1916 1907 1912
f 1912 1908 1917
f 1917 1908 1913
f 1913 1369 1918
f 1918 1369 1375
f 1914 1910 1919
f 1919 1910 1915
f 1915 1911 1920
f 1920 1911 1916
f 1916 1912 1921
f 1921 1912 1917
f 1917 1913 1922
f 1922 1913 1918
f 1918 1375 1923
f 1923 1375 1381
f 1919 1915 1924
f 1924 1915 1920
f 1920 1916 1925
f 1925 1916 1921
f 1921 1917 1926
f 1926 1917 1922
f 1922 1918 1927
f 1927 1918 1923
f 1923 1381 1928
f 1928 1381 1387
f 1924 1920 1929
f 1929 1920 1925
f 1925 1921 1930
f 1930 1921 1926
f 1926 1922 1931
f 1931 1922 1927
f 1927 1923 1932
f 1932 1923 1928
f 1929 1925 1933
f 1933 1925 1930
f 1930 1926 1934
f 1934 1926 1931
f 1931 1927 1935
f 1935 1927 1932
f 1933 1930 1936
f 1936 1930 1934
f 1934 1931 1937
f 1937 1931 1935
f 1936 1934 1938
f 1938 1934 1937
f 1932 1928 1939
f 1935 1932 1940
f 1940 1932 1939
f 1937 1935 1941
f 1941 1935 1940
f 1938 1937 1942
f 1942 1937 1941
f 1939 1928 1943
f 1928 1387 1943
f 1943 1387 1944
f 1387 1382 1944
f 1944 1382 1388
f 1944 1388 1945
f 1945 1388 1398
f 1943 1944 1946
f 1946 1944 1945
f 1939 1943 1947
f 1947 1943 1946
f 1940 1939 1948
f 1948 1939 1947
f 1941 1940 1949
f 1949 1940 1948
f 1945 1398 1950
f 1950 1398 1403
f 1950 1403 1414
f 1946 1945 1951
f 1951 1945 1950
f 1952 1950 1414
f 1951 1950 1952
f 1952 1414 1429
f 1947 1946 1953
f 1953 1946 1951
f 1948 1947 1954
f 1954 1947 1953
f 1955 1951 1952
f 1953 1951 1955
f 1956 1952 1429
f 1955 1952 1956
f 1956 1429 1435
f 1957 1953 1955
f 1954 1953 1957
f 1958 1948 1954
f 1949 1948 1958
f 1959 1956 1435
f 1959 1435 1441
f 1960 1955 1956
f 1957 1955 1960
f 1960 1956 1959
f 1961 1954 1957
f 1958 1954 1961
f 1962 1959 1441
f 1962 1441 1447
f 1963 1960 1959
f 1963 1959 1962
f 1964 1957 1960
f 1961 1957 1964
f 1964 1960 1963
f 1965 1962 1447
f 1965 1447 1453
f 1966 1963 1962
f 1966 1962 1965
f 1967 1964 1963
f 1967 1963 1966
f 1968 1961 1964
f 1968 1964 1967
f 1969 1958 1961
f 1969 1961 1968
f 1970 1965 1453
f 1970 1453 1459
f 1971 1966 1965
f 1971 1965 1970
f 1972 1967 1966
f 1972 1966 1971
f 1973 1968 1967
f 1973 1967 1972
f 1974 1970 1459
f 1974 1459 1465
f 1975 1971 1970
f 1975 1970 1974
f 1976 1972 1971
f 1976 1971 1975
f 1977 1974 1465
f 1977 1465 1471
f 1978 1975 1974
f 1978 1974 1977
f 1979 1977 1471
f 1979 1471 1477
f 1980 1968 1973
f 1980 1969 1968
f 1981 1973 1972
f 1981 1972 1976
f 1982 1976 1975
f 1982 1975 1978
f 1983 1978 1977
f 1983 1977 1979
f 1984 1979 1477
f 1984 1477 1483
f 1985 1980 1973
f 1985 1973 1981
f 1986 1981 1976
f 1986 1976 1982
f 1987 1982 1978
f 1987 1978 1983
f 1988 1983 1979
f 1988 1979 1984
f 1989 1984 1483
f 1989 1483 1489
f 1990 1985 1981
f 1990 1981 1986
f 1991 1986 1982
f 1991 1982 1987
f 1992 1987 1983
f 1992 1983 1988
f 1993 1988 1984
f 1993 1984 1989
f 1994 1989 1489
f 1994 1489 1495
f 1995 1990 1986
f 1995 1986 1991
f 1996 1991 1987
f 1996 1987 1992
f 1997 1992 1988
f 1997 1988 1993
f 1998 1993 1989
f 1998 1989 1994
f 1999 1994 1495
f 1999 1495 1501
f 2000 1995 1991
f 2000 1991 1996
f 2001 1996 1992
f 2001 1992 1997
f 2002 1997 1993
f 2002 1993 1998
f 2003 1998 1994
f 2003 1994 1999
f 2004 1999 1501
f 2004 1501 1507
f 2005 2000 1996
f 2005 1996 2001
f 2006 2001 1997
f 2006 1997 2002
f 2007 2002 1998
f 2007 1998 2003
f 2008 2003 1999
f 2008 1999 2004
f 2009 2004 1507
f 2009 1507 1513
f 2010 2005 2001
f 2010 2001 2006
f 2011 2006 2002
f 2011 2002 2007
f 2012 2007 2003
f 2012 2003 2008
f 2013 2008 2004
f 2013 2004 2009
f 2014 2009 1513
f 2014 1513 1519
f 2015 2010 2006
f 2015 2006 2011
f 2016 2011 2007
f 2016 2007 2012
f 2017 2012 2008
f 2017 2008 2013
f 2018 2013 2009
f 2018 2009 2014
f 2019 2014 1519
f 2019 1519 1525
f 2020 2015 2011
f 2020 2011 2016
f 2021 2016 2012
f 2021 2012 2017
f 2022 2017 2013
f 2022 2013 2018
f 2023 2018 2014
f 2023 2014 2019
f 2024 2019 1525
f 2024 1525 1531
f 2025 2020 2016
f 2025 2016 2021
f 2026 2021 2017
f 2026 2017 2022
f 2027 2022 2018
f 2027 2018 2023
f 2028 2023 2019
f 2028 2019 2024
f 2029 2024 1531
f 2029 1531 1537
f 1605 2029 1537
f 2030 2024 2029
f 2030 2028 2024
f 2031 2029 1605
f 2031 2030 2029
f 1611 2031 1605
f 1619 2031 1611
f 2032 2023 2028
f 2032 2027 2023
f 2033 2022 2027
f 2033 2026 2022
f 2034 2030 2031
f 1619 2034 2031
f 2035 2028 2030
f 2035 2032 2028
f 2034 2035 2030
f 2036 2027 2032
f 2036 2033 2027
f 2037 2034 1619
f 1618 2037 1619
f 1625 2037 1618
f 2038 2035 2034
f 2037 2038 2034
f 2039 2032 2035
f 2039 2036 2032
f 2038 2039 2035
f 1625 2040 2037
f 2040 2038 2037
f 1640 2040 1625
f 2041 2039 2038
f 2040 2041 2038
f 1640 2042 2040
f 2042 2041 2040
f 1646 2042 1640
f 2043 2036 2039
f 2041 2043 2039
f 1646 2044 2042
f 1652 2044 1646
f 2042 2045 2041
f 2045 2043 2041
f 2044 2045 2042
f 2043 2046 2036
f 2046 2033 2036
f 1652 2047 2044
f 1658 2047 1652
f 2045 2048 2043
f 2048 2046 2043
f 2044 2049 2045
f 2047 2049 2044
f 2049 2048 2045
f 2046 2050 2033
f 2050 2026 2033
f 1658 2051 2047
f 1664 2051 1658
f 2047 2052 2049
f 2051 2052 2047
f 2049 2053 2048
f 2052 2053 2049
f 2048 2054 2046
f 2054 2050 2046
f 2053 2054 2048
f 2050 2055 2026
f 2055 2021 2026
f 2055 2025 2021
f 1664 2056 2051
f 1670 2056 1664
f 2051 2057 2052
f 2056 2057 2051
f 2052 2058 2053
f 2057 2058 2052
f 2054 2059 2050
f 2059 2055 2050
f 2053 2060 2054
f 2058 2060 2053
f 2060 2059 2054
f 2061 2025 2055
f 2059 2061 2055
f 1670 2062 2056
f 1676 2062 1670
f 2056 2063 2057
f 2062 2063 2056
f 2057 2064 2058
f 2063 2064 2057
f 2058 2065 2060
f 2064 2065 2058
f 2060 2066 2059
f 2066 2061 2059
f 2065 2066 2060
f 2061 2067 2025
f 2067 2020 2025
f 1676 2068 2062
f 1682 2068 1676
f 2062 2069 2063
f 2068 2069 2062
f 2063 2070 2064
f 2069 2070 2063
f 2064 2071 2065
f 2070 2071 2064
f 2065 2072 2066
f 2071 2072 2065
f 2066 2073 2061
f 2072 2073 2066
f 2073 2067 2061
f 1682 2074 2068
f 1688 2074 1682
f 2068 2075 2069
f 2074 2075 2068
f 2069 2076 2070
f 2075 2076 2069
f 2070 2077 2071
f 2076 2077 2070
f 2071 2078 2072
f 2077 2078 2071
f 2072 2079 2073
f 2078 2079 2072
f 2073 2080 2067
f 2079 2080 2073
f 1688 2081 2074
f 1694 2081 1688
f 2074 2082 2075
f 2081 2082 2074
f 2075 2083 2076
f 2082 2083 2075
f 2076 2084 2077
f 2083 2084 2076
f 2077 2085 2078
f 2084 2085 2077
f 2078 2086 2079
f 2085 2086 2078
f 1694 2087 2081
f 1700 2087 1694
f 2081 2088 2082
f 2087 2088 2081
f 2082 2089 2083
f 2088 2089 2082
f 2083 2090 2084
f 2089 2090 2083
f 2084 2091 2085
f 2090 2091 2084
f 1700 2092 2087
f 1706 2092 1700
f 2087 2093 2088
f 2092 2093 2087
f 2088 2094 2089
f 2093 2094 2088
f 2089 2095 2090
f 2094 2095 2089
f 1706 2096 2092
f 1712 2096 1706
f 2092 2097 2093
f 2096 2097 2092
f 2093 2098 2094
f 2097 2098 2093
f 2090 2099 2091
f 2095 2099 2090
f 2094 2100 2095
f 2098 2100 2094
f 2095 2101 2099
f 2100 2101 2095
f 1712 2102 2096
f 2096 2103 2097
f 2102 2103 2096
f 2097 2104 2098
f 2103 2104 2097
f 2098 2105 2100
f 2104 2105 2098
f 2100 2106 2101
f 2105 2106 2100
f 2107 2102 1712
f 1707 2107 1712
f 1713 2107 1707
f 1713 2108 2107
f 1723 2108 1713
f 2107 2109 2102
f 2108 2109 2107
f 2102 2110 2103
f 2109 2110 2102
f 2103 2111 2104
f 2110 2111 2103
f 2104 2112 2105
f 2111 2112 2104
f 1723 2113 2108
f 1728 2113 1723
f 1728 1739 2113
f 2108 2114 2109
f 2113 2114 2108
f 1739 2115 2113
f 2113 2115 2114
f 1739 1754 2115
f 2109 2116 2110
f 2114 2116 2109
f 2110 2117 2111
f 2116 2117 2110
f 1754 2118 2115
f 1754 1760 2118
f 2115 2119 2114
f 2114 2119 2116
f 2115 2118 2119
f 1760 2120 2118
f 1760 1766 2120
f 2119 2121 2116
f 2116 2121 2117
f 2118 2122 2119
f 2118 2120 2122
f 2119 2122 2121
f 2117 2123 2111
f 2111 2123 2112
f 1766 2124 2120
f 1766 1772 2124
f 2120 2125 2122
f 2120 2124 2125
f 2122 2126 2121
f 2122 2125 2126
f 2121 2127 2117
f 2117 2127 2123
f 2121 2126 2127
f 1772 2128 2124
f 1772 1778 2128
f 2124 2129 2125
f 2124 2128 2129
f 2125 2130 2126
f 2125 2129 2130
f 2126 2131 2127
f 2126 2130 2131
f 2127 2132 2123
f 2127 2131 2132
f 1778 2133 2128
f 1778 1784 2133
f 2128 2134 2129
f 2128 2133 2134
f 2129 2135 2130
f 2129 2134 2135
f 2130 2136 2131
f 2130 2135 2136
f 1784 2137 2133
f 1784 1790 2137
f 2133 2138 2134
f 2133 2137 2138
f 2134 2139 2135
f 2134 2138 2139
f 1790 2140 2137
f 1790 1796 2140
f 2137 2141 2138
f 2137 2140 2141
f 1796 2142 2140
f 1796 1802 2142
f 2131 2136 2143
f 2131 2143 2132
f 2135 2144 2136
f 2135 2139 2144
f 2138 2145 2139
f 2138 2141 2145
f 2140 2146 2141
f 2140 2142 2146
f 1802 2147 2142
f 1802 1808 2147
f 2136 2148 2143
f 2136 2144 2148
f 2139 2149 2144
f 2139 2145 2149
f 2141 2150 2145
f 2141 2146 2150
f 2142 2151 2146
f 2142 2147 2151
f 1808 2152 2147
f 1808 1814 2152
f 2144 2153 2148
f 2144 2149 2153
f 2145 2154 2149
f 2145 2150 2154
f 2146 2155 2150
f 2146 2151 2155
f 2147 2156 2151
f 2147 2152 2156
f 1814 2157 2152
f 1814 1820 2157
f 2149 2158 2153
f 2149 2154 2158
f 2150 2159 2154
f 2150 2155 2159
f 2151 2160 2155
f 2151 2156 2160
f 2152 2161 2156
f 2152 2157 2161
f 1820 2162 2157
f 1820 1826 2162
f 1826 1883 2162
f 2157 2162 2163
f 2157 2163 2161
f 2156 2161 2164
f 2156 2164 2160
f 2155 2160 2165
f 2155 2165 2159
f 2162 1883 2166
f 2162 2166 2163
f 2161 2163 2167
f 2161 2167 2164
f 2160 2164 2168
f 2160 2168 2165
f 1883 2169 2166
f 1883 1877 2169
f 1877 1882 2169
f 2163 2166 2170
f 2163 2170 2167
f 2164 2167 2171
f 2164 2171 2168
f 2169 1882 2172
f 1882 1884 2172
f 2172 1884 1893
f 2166 2169 2173
f 2169 2172 2173
f 2166 2173 2170
f 2172 1893 2174
f 2173 2172 2174
f 2174 1893 1904
f 2167 2170 2175
f 2167 2175 2171
f 2170 2173 2176
f 2173 2174 2176
f 2170 2176 2175
f 2174 1904 2177
f 2176 2174 2177
f 2177 1904 1909
f 2175 2176 2178
f 2176 2177 2178
f 2177 1909 2179
f 2178 2177 2179
f 2179 1909 1914
f 2171 2175 2180
f 2175 2178 2180
f 2179 1914 2181
f 2181 1914 1919
f 2178 2179 2182
f 2180 2178 2182
f 2182 2179 2181
f 2171 2180 2183
f 2168 2171 2183
f 2181 1919 2184
f 2184 1919 1924
f 2182 2181 2185
f 2185 2181 2184
f 2180 2182 2186
f 2183 2180 2186
f 2186 2182 2185
f 2168 2183 2187
f 2165 2168 2187
f 2184 1924 2188
f 2188 1924 1929
f 2183 2186 2189
f 2187 2183 2189
f 2186 2185 2190
f 2189 2186 2190
f 2185 2184 2191
f 2191 2184 2188
f 2190 2185 2191
f 2165 2187 2192
f 2159 2165 2192
f 2188 1929 2193
f 2193 1929 1933
f 2187 2189 2194
f 2192 2187 2194
f 2189 2190 2195
f 2194 2189 2195
f 2191 2188 2196
f 2196 2188 2193
f 2190 2191 2197
f 2195 2190 2197
f 2197 2191 2196
f 2159 2192 2198
f 2154 2159 2198
f 2154 2198 2158
f 2193 1933 2199
f 2199 1933 1936
f 2196 2193 2200
f 2200 2193 2199
f 2197 2196 2201
f 2201 2196 2200
f 2195 2197 2202
f 2202 2197 2201
f 2198 2192 2203
f 2192 2194 2203
f 2194 2195 2204
f 2204 2195 2202
f 2203 2194 2204
f 2158 2198 2205
f 2198 2203 2205
f 2199 1936 2206
f 2206 1936 1938
f 2200 2199 2207
f 2207 2199 2206
f 2201 2200 2208
f 2208 2200 2207
f 2202 2201 2209
f 2209 2201 2208
f 2203 2204 2210
f 2205 2203 2210
f 2204 2202 2211
f 2211 2202 2209
f 2210 2204 2211
f 2206 1938 2212
f 2212 1938 1942
f 2207 2206 2213
f 2213 2206 2212
f 2208 2207 2214
f 2214 2207 2213
f 2209 2208 2215
f 2215 2208 2214
f 2211 2209 2216
f 2216 2209 2215
f 2210 2211 2217
f 2217 2211 2216
f 2218 2210 2217
f 2205 2210 2218
f 2219 2205 2218
f 2158 2205 2219
f 2153 2158 2219
f 2153 2219 2220
f 2148 2153 2220
f 2219 2218 2221
f 2220 2219 2221
f 2218 2217 2222
f 2221 2218 2222
f 2217 2216 2223
f 2222 2217 2223
f 2216 2215 2224
f 2223 2216 2224
f 2148 2220 2225
f 2143 2148 2225
f 2220 2221 2226
f 2225 2220 2226
f 2221 2222 2227
f 2226 2221 2227
f 2222 2223 2228
f 2227 2222 2228
f 2143 2225 2229
f 2132 2143 2229
f 2225 2226 2230
f 2229 2225 2230
f 2226 2227 2231
f 2230 2226 2231
f 2132 2229 2232
f 2123 2132 2232
f 2123 2232 2112
f 2229 2230 2233
f 2232 2229 2233
f 2112 2232 2234
f 2232 2233 2234
f 2112 2234 2105
f 2105 2234 2106
f 2233 2230 2235
f 2230 2231 2235
f 2234 2233 2236
f 2234 2236 2106
f 2233 2235 2236
f 2231 2227 2237
f 2227 2228 2237
f 2106 2236 2238
f 2106 2238 2101
f 2236 2235 2239
f 2236 2239 2238
f 2235 2231 2240
f 2231 2237 2240
f 2235 2240 2239
f 2101 2238 2241
f 2101 2241 2099
f 2238 2239 2242
f 2238 2242 2241
f 2239 2240 2243
f 2239 2243 2242
f 2240 2237 2244
f 2240 2244 2243
f 2237 2228 2245
f 2237 2245 2244
f 2099 2241 2246
f 2099 2246 2091
f 2241 2242 2247
f 2241 2247 2246
f 2242 2243 2248
f 2242 2248 2247
f 2243 2244 2249
f 2243 2249 2248
f 2091 2246 2250
f 2091 2250 2085
f 2085 2250 2086
f 2246 2247 2251
f 2246 2251 2250
f 2247 2248 2252
f 2247 2252 2251
f 2250 2253 2086
f 2250 2251 2253
f 2244 2254 2249
f 2244 2245 2254
f 2248 2249 2255
f 2248 2255 2252
f 2251 2252 2256
f 2251 2256 2253
f 2086 2253 2257
f 2086 2257 2079
f 2079 2257 2080
f 2253 2258 2257
f 2253 2256 2258
f 2252 2259 2256
f 2252 2255 2259
f 2249 2260 2255
f 2249 2254 2260
f 2257 2261 2080
f 2257 2258 2261
f 2256 2262 2258
f 2256 2259 2262
f 2255 2263 2259
f 2255 2260 2263
f 2080 2261 2264
f 2080 2264 2067
f 2067 2264 2020
f 2264 2015 2020
f 2264 2265 2015
f 2261 2265 2264
f 2265 2010 2015
f 2258 2266 2261
f 2261 2266 2265
f 2258 2262 2266
f 2265 2267 2010
f 2266 2267 2265
f 2267 2005 2010
f 2262 2268 2266
f 2266 2268 2267
f 2267 2269 2005
f 2268 2269 2267
f 2269 2000 2005
f 2262 2270 2268
f 2259 2270 2262
f 2259 2263 2270
f 2268 2271 2269
f 2270 2271 2268
f 2269 2272 2000
f 2271 2272 2269
f 2272 1995 2000
f 2263 2273 2270
f 2270 2273 2271
f 2272 2274 1995
f 2274 1990 1995
f 2271 2275 2272
f 2273 2275 2271
f 2275 2274 2272
f 2263 2276 2273
f 2260 2276 2263
f 2274 2277 1990
f 2277 1985 1990
f 2273 2278 2275
f 2276 2278 2273
f 2275 2279 2274
f 2279 2277 2274
f 2278 2279 2275
f 2260 2280 2276
f 2254 2280 2260
f 2277 2281 1985
f 2281 1980 1985
f 2276 2282 2278
f 2280 2282 2276
f 2278 2283 2279
f 2282 2283 2278
f 2279 2284 2277
f 2284 2281 2277
f 2283 2284 2279
f 2254 2285 2280
f 2245 2285 2254
f 2281 2286 1980
f 2286 1969 1980
f 2280 2287 2282
f 2285 2287 2280
f 2282 2288 2283
f 2287 2288 2282
f 2284 2289 2281
f 2289 2286 2281
f 2283 2290 2284
f 2288 2290 2283
f 2290 2289 2284
f 2245 2291 2285
f 2228 2291 2245
f 2228 2223 2291
f 2223 2224 2291
f 2291 2292 2285
f 2285 2292 2287
f 2291 2224 2292
f 2287 2293 2288
f 2292 2293 2287
f 2224 2294 2292
f 2292 2294 2293
f 2224 2215 2294
f 2215 2214 2294
f 2294 2214 2295
f 2294 2295 2293
f 2214 2213 2295
f 2293 2296 2288
f 2293 2295 2296
f 2288 2296 2290
f 2295 2213 2297
f 2295 2297 2296
f 2213 2212 2297
f 2296 2298 2290
f 2296 2297 2298
f 2290 2298 2289
f 2297 2212 2299
f 2297 2299 2298
f 2212 1942 2299
f 2298 2300 2289
f 2298 2299 2300
f 2289 2300 2286
f 2299 1942 2301
f 2299 2301 2300
f 1942 1941 2301
f 2301 1941 1949
f 2300 2302 2286
f 2300 2301 2302
f 2301 1949 2302
f 2286 2302 1969
f 2302 1949 1958
f 2302 1958 1969
v 24.41342 0.06733754 -15.8782
v 21.40285 0.3439007 -16.33017
v 24.23421 -0.05419752 -14.84288
v 21.37135 0.1733112 -15.22243
v 21.40285 0.3439007 -16.33017
v 21.10756 -6.305192 -6.92091
v 21.37135 0.1733112 -15.22243
v 21.10895 -5.735251 -6.861106
v 21.10756 -6.305192 -6.92091
v 24.21174 -6.35746 -6.784663
v 21.10895 -5.735251 -6.861106
v 24.21314 -5.78752 -6.724866
v 24.21174 -6.35746 -6.784663
v 24.41342 0.06733754 -15.8782
v 24.21314 -5.78752 -6.724866
v 24.23421 -0.05419752 -14.84288
v 24.23421 -0.05419752 -14.84288
v 21.37135 0.1733112 -15.22243
v 24.21314 -5.78752 -6.724866
v 21.10895 -5.735251 -6.861106
v 24.21174 -6.35746 -6.784663
v 21.10756 -6.305192 -6.92091
v 24.41342 0.06733754 -15.8782
v 21.40285 0.3439007 -16.33017
f 2303 2304 2305
f 2304 2306 2305
f 2307 2308 2309
f 2308 2310 2309
f 2311 2312 2313
f 2312 2314 2313
f 2315 2316 2317
f 2316 2318 2317
f 2319 2320 2321
f 2320 2322 2321
f 2323 2324 2325
f 2324 2326 2325
v -0.1301416 11 -7.740515
v -0.6225424 11 -7.653671
v -0.6225424 11.5 -7.653671
v -0.1301416 11.5 -7.740515
v 0.534861 11.5 -1.091266
v 1.027238 11 -1.178245
v 1.027238 11.5 -1.178245
v 0.534861 11 -1.091266
v 1.027238 11 -1.178245
v 0.9248379 11 -1.758849
v 0.9248379 11.5 -1.758849
v 1.027238 11.5 -1.178245
v -4.910811 11.5 -0.7304016
v -4.808249 11 -0.1488778
v -4.808249 11.5 -0.1488778
v -4.910811 11 -0.7304016
v 0.4323799 11.5 -1.672329
v 1.027238 11.5 -1.178245
v 0.9248379 11.5 -1.758849
v 0.534861 11.5 -1.091266
v 1.027236 5 -1.178248
v 0.5348593 5 -1.091271
v 0.4323778 5 -1.672333
v 0.9248354 5 -1.758852
v -0.04329742 11 -7.248114
v -0.04329742 11.5 -7.248114
v -0.1301416 11 -7.740515
v -0.1301416 11.5 -7.740515
v -5.878814 11.5 -6.218912
v -5.878814 11 -6.218912
v -5.965658 11.5 -6.711312
v -5.965658 11 -6.711312
v -0.5356982 11.5 -7.161268
v -0.1301416 11.5 -7.740515
v -0.6225424 11.5 -7.653671
v -0.04329742 11.5 -7.248114
v -0.1301427 5 -7.74051
v -0.0432986 5 -7.24811
v -0.535699 5 -7.161265
v -0.6225431 5 -7.653667
v -0.04329742 11 -7.248114
v 0.9248379 11 -1.758849
v 0.4323799 11 -1.672329
v -0.5356982 11 -7.161268
v -5.473258 11 -6.798157
v -5.965658 11 -6.711312
v -5.965658 11.5 -6.711312
v -5.473258 11.5 -6.798157
v -4.808249 11.5 -0.1488778
v -4.315851 11 -0.2357367
v -4.315851 11.5 -0.2357367
v -4.808249 11 -0.1488778
v -4.910811 11.5 -0.7304016
v -4.315851 11.5 -0.2357367
v -4.418373 11.5 -0.8170297
v -4.808249 11.5 -0.1488778
v -4.315849 5 -0.2357419
v -4.808247 5 -0.1488821
v -4.91081 5 -0.7304053
v -4.418371 5 -0.8170341
v -5.965658 11.5 -6.711312
v -5.878814 11.5 -6.218912
v -5.386413 11.5 -6.305755
v -5.473258 11.5 -6.798157
v -5.473254 5 -6.798153
v -5.38641 5 -6.305752
v -5.965654 5 -6.711309
v -5.87881 5 -6.218908
v -4.418373 11 -0.8170297
v -4.910811 11 -0.7304016
v -5.386413 11 -6.305755
v -5.878814 11 -6.218912
v 1.027238 11 -1.178245
v 0.534861 11 -1.091266
v 1.027236 5 -1.178248
v 0.5348593 5 -1.091271
v 0.534861 11 -1.091266
v 0.4323799 11 -1.672329
v 0.5348593 5 -1.091271
v 0.4323778 5 -1.672333
v 0.9248379 11 -1.758849
v 1.027238 11 -1.178245
v 0.9248354 5 -1.758852
v 1.027236 5 -1.178248
v 0.4323799 11 -1.672329
v 0.9248379 11 -1.758849
v 0.4323778 5 -1.672333
v 0.9248354 5 -1.758852
v -0.1301416 11 -7.740515
v -0.04329742 11 -7.248114
v -0.1301427 5 -7.74051
v -0.0432986 5 -7.24811
v -0.04329742 11 -7.248114
v -0.5356982 11 -7.161268
v -0.0432986 5 -7.24811
v -0.535699 5 -7.161265
v -0.6225424 11 -7.653671
v -0.1301416 11 -7.740515
v -0.6225431 5 -7.653667
v -0.1301427 5 -7.74051
v -0.5356982 11 -7.161268
v -0.6225424 11 -7.653671
v -0.535699 5 -7.161265
v -0.6225431 5 -7.653667
v -4.315851 11 -0.2357367
v -4.808249 11 -0.1488778
v -4.315849 5 -0.2357419
v -4.808247 5 -0.1488821
v -4.808249 11 -0.1488778
v -4.910811 11 -0.7304016
v -4.808247 5 -0.1488821
v -4.91081 5 -0.7304053
v -4.418373 11 -0.8170297
v -4.315851 11 -0.2357367
v -4.418371 5 -0.8170341
v -4.315849 5 -0.2357419
v -5.257324 11 -2.700155
v -4.764885 11 -2.786783
v -5.257322 5 -2.700159
v -4.764884 5 -2.786788
v -5.473258 11 -6.798157
v -5.386413 11 -6.305755
v -5.473254 5 -6.798153
v -5.38641 5 -6.305752
v -5.965658 11 -6.711312
v -5.473258 11 -6.798157
v -5.965654 5 -6.711309
v -5.473254 5 -6.798153
v -5.386413 11 -6.305755
v -5.878814 11 -6.218912
v -5.38641 5 -6.305752
v -5.87881 5 -6.218908
v -5.878814 11 -6.218912
v -5.965658 11 -6.711312
v -5.87881 5 -6.218908
v -5.965654 5 -6.711309
v -2.026452 11 -7.406065
v -2.026452 11.5 -7.406065
v -0.8690466 11.5 -0.8436531
v 0.534861 11 -1.091266
v 0.534861 11.5 -1.091266
v -0.8690466 11 -0.8436531
v -0.9715483 11.5 -1.424831
v -0.8690466 11.5 -0.8436531
v 0.534861 11 -1.091266
v -0.8690466 11 -0.8436531
v -0.9715483 11 -1.424831
v -4.315851 11 -0.2357367
v -1.939608 11.5 -6.913664
v -2.026452 11.5 -7.406065
v -0.6225424 11 -7.653671
v -2.026452 11 -7.406065
v -1.939608 11 -6.913664
v -5.473258 11 -6.798157
v -4.910811 11 -0.7304016
v -4.418373 11 -0.8170297
v -5.257324 11 -2.700155
v -4.764885 11 -2.786783
v -4.91081 5 -0.7304053
v -4.910811 11 -0.7304016
v -5.257322 5 -2.700159
v -5.257324 11 -2.700155
v -4.418373 11 -0.8170297
v -4.418371 5 -0.8170341
v -4.764885 11 -2.786783
v -4.764884 5 -2.786788
v -4.764884 5 -2.786788
v -5.257322 5 -2.700159
f 2327 2328 2329
f 2330 2327 2329
f 2331 2332 2333
f 2331 2334 2332
f 2335 2336 2337
f 2338 2335 2337
f 2339 2340 2341
f 2339 2342 2340
f 2343 2344 2345
f 2343 2346 2344
f 2347 2348 2349
f 2350 2347 2349
f 2337 2336 2351
f 2337 2351 2352
f 2352 2351 2353
f 2352 2353 2354
f 2355 2356 2339
f 2356 2342 2339
f 2357 2358 2355
f 2358 2356 2355
f 2359 2360 2361
f 2359 2362 2360
f 2343 2362 2359
f 2343 2345 2362
f 2363 2364 2365
f 2366 2363 2365
f 2367 2368 2369
f 2370 2367 2369
f 2371 2372 2373
f 2374 2371 2373
f 2375 2376 2377
f 2375 2378 2376
f 2379 2380 2381
f 2379 2382 2380
f 2383 2384 2385
f 2386 2383 2385
f 2387 2388 2389
f 2387 2389 2390
f 2388 2379 2389
f 2389 2379 2381
f 2391 2392 2393
f 2392 2394 2393
f 2395 2396 2397
f 2397 2396 2398
f 2399 2400 2401
f 2400 2402 2401
f 2403 2404 2405
f 2404 2406 2405
f 2407 2408 2409
f 2408 2410 2409
f 2411 2412 2413
f 2412 2414 2413
f 2415 2416 2417
f 2416 2418 2417
f 2419 2420 2421
f 2420 2422 2421
f 2423 2424 2425
f 2424 2426 2425
f 2427 2428 2429
f 2428 2430 2429
f 2431 2432 2433
f 2432 2434 2433
f 2435 2436 2437
f 2436 2438 2437
f 2439 2440 2441
f 2440 2442 2441
f 2443 2444 2445
f 2444 2446 2445
f 2447 2448 2449
f 2448 2450 2449
f 2451 2452 2453
f 2452 2454 2453
f 2455 2456 2457
f 2456 2458 2457
f 2459 2460 2461
f 2460 2462 2461
f 2328 2463 2329
f 2463 2464 2329
f 2463 2371 2464
f 2371 2374 2464
f 2465 2466 2467
f 2465 2468 2466
f 2377 2468 2465
f 2377 2376 2468
f 2469 2346 2343
f 2469 2470 2346
f 2381 2470 2469
f 2381 2380 2470
f 2471 2472 2473
f 2369 2471 2473
f 2472 2474 2395
f 2473 2472 2395
f 2390 2389 2475
f 2476 2390 2475
f 2476 2475 2359
f 2476 2359 2361
f 2389 2381 2469
f 2389 2469 2475
f 2475 2469 2343
f 2475 2343 2359
f 2477 2370 2478
f 2370 2479 2478
f 2479 2480 2478
f 2479 2397 2480
f 2370 2369 2479
f 2369 2473 2479
f 2479 2473 2397
f 2473 2395 2397
f 2481 2482 2483
f 2482 2484 2483
f 2485 2486 2487
f 2486 2488 2487
f 2489 2490 2491
f 2490 2492 2491
f 2386 2385 2493
f 2385 2494 2493
v -35.25 -180 31
v 1.5 -180 46.25
v -4.5 -20 66.25
v -51.25 -20 45
v -4.5 -20 66.25
v 1.5 -180 46.25
v 34.25 -180 35.75
v 50.25 -20 49.75
v -4.5 -20 66.25
v -35.25 -6 31
v -51.25 -20 45
v -4.5 -6 46.25
v -4.5 -6 46.25
v -4.5 -20 66.25
v 34.25 -6 35.75
v 50.25 -20 49.75
v -2.75 -20 -60
v -36.75 -180 -27.75
v -50.75 -20 -43.75
v 3.25 -180 -40
v 50.5 -20 -48
v 36.5 -180 -32
v -2.75 -20 -60
v 3.25 -180 -40
v -36.75 -6 -27.75
v -2.75 -6 -40
v -2.75 -20 -60
v -50.75 -20 -43.75
v 36.5 -6 -32
v 50.5 -20 -48
v -2.75 -20 -60
v -2.75 -6 -40
v 34.25 -180 35.75
v 45 -180 15
v 65 -20 5
v 50.25 -20 49.75
v 45 -180 15
v 36.5 -180 -32
v 65 -20 5
v 50.5 -20 -48
v 65 -20 5
v 45 -6 5
v 34.25 -6 35.75
v 50.25 -20 49.75
v 65 -20 5
v 50.5 -20 -48
v 36.5 -6 -32
v 45 -6 5
v -51.25 -20 45
v -61.75 -20 1
v -35.25 -180 31
v -41.75 -180 11
v -50.75 -20 -43.75
v -36.75 -180 -27.75
v -61.75 -20 1
v -41.75 -180 11
v -35.25 -6 31
v -41.75 -6 1
v -61.75 -20 1
v -51.25 -20 45
v -36.75 -6 -27.75
v -50.75 -20 -43.75
v -61.75 -20 1
v -41.75 -6 1
v -2.75 -6 -40
v -36.75 -6 -27.75
v -41.75 -6 1
v 0 -6 5
v -35.25 -6 31
v -4.5 -6 46.25
v 45 -6 5
v 36.5 -6 -32
v 34.25 -6 35.75
v -41.75 -180 11
v 3.25 -180 -40
v 5 -180 15
v -36.75 -180 -27.75
v -35.25 -180 31
v 1.5 -180 46.25
v 45 -180 15
v 36.5 -180 -32
v 34.25 -180 35.75
f 2495 2496 2497
f 2498 2495 2497
f 2499 2500 2501
f 2499 2501 2502
f 2503 2504 2505
f 2503 2506 2504
f 2507 2508 2509
f 2508 2510 2509
f 2511 2512 2513
f 2511 2514 2512
f 2515 2516 2517
f 2516 2518 2517
f 2519 2520 2521
f 2522 2519 2521
f 2523 2524 2525
f 2523 2525 2526
f 2527 2528 2529
f 2527 2529 2530
f 2531 2532 2533
f 2533 2532 2534
f 2535 2536 2537
f 2538 2535 2537
f 2539 2540 2541
f 2539 2541 2542
f 2543 2544 2545
f 2544 2546 2545
f 2547 2548 2549
f 2549 2548 2550
f 2551 2552 2553
f 2551 2553 2554
f 2555 2556 2557
f 2558 2555 2557
f 2559 2560 2561
f 2562 2559 2561
f 2562 2561 2563
f 2564 2562 2563
f 2565 2566 2559
f 2565 2559 2562
f 2567 2565 2562
f 2567 2562 2564
f 2568 2569 2570
f 2568 2571 2569
f 2572 2570 2573
f 2572 2568 2570
f 2570 2569 2574
f 2569 2575 2574
f 2573 2570 2576
f 2570 2574 2576
v -0.1301425 4.5 -7.740511
v -0.6225429 4.5 -7.653668
v -0.6225429 5 -7.653668
v -0.1301425 5 -7.740511
v 0.53486 5 -1.091268
v 1.027237 4.5 -1.178247
v 1.027237 5 -1.178247
v 0.53486 4.5 -1.091268
v 1.027237 4.5 -1.178247
v 0.9248363 4.5 -1.75885
v 0.9248363 5 -1.75885
v 1.027237 5 -1.178247
v -10.02086 5 0.1708487
v -9.918456 4.5 0.7523988
v -9.918456 5 0.7523988
v -10.02086 4.5 0.1708487
v 0.4323786 5 -1.672331
v 1.027237 5 -1.178247
v 0.9248363 5 -1.75885
v 0.53486 5 -1.091268
v 1.027236 -6.43 -1.178248
v 0.5348591 -6.43 -1.091271
v 0.4323777 -6.43 -1.672333
v 0.9248354 -6.43 -1.758853
v -0.04329833 4.5 -7.248111
v -0.04329833 5 -7.248111
v -0.1301425 4.5 -7.740511
v -0.1301425 5 -7.740511
v -10.98878 5 -5.317667
v -10.98878 4.5 -5.317667
v -10.02086 5 0.1708487
v -10.02086 4.5 0.1708487
v -11.07554 5 -5.810082
v -11.07554 4.5 -5.810082
v -10.98878 5 -5.317667
v -10.98878 4.5 -5.317667
v -0.5356987 5 -7.161267
v -0.1301425 5 -7.740511
v -0.6225429 5 -7.653668
v -0.04329833 5 -7.248111
v -0.1301428 -6.43 -7.74051
v -0.04329864 -6.43 -7.24811
v -0.5356991 -6.43 -7.161266
v -0.6225432 -6.43 -7.653667
v -0.04329833 4.5 -7.248111
v 0.9248363 4.5 -1.75885
v 0.4323786 4.5 -1.672331
v -0.5356987 4.5 -7.161267
v -10.5339 4.5 -5.905612
v -11.07554 4.5 -5.810082
v -11.07554 5 -5.810082
v -10.5339 5 -5.905612
v -9.918456 5 0.7523988
v -9.377034 4.5 0.6568947
v -9.377034 5 0.6568947
v -9.918456 4.5 0.7523988
v -10.02086 5 0.1708487
v -9.377034 5 0.6568947
v -9.479525 5 0.07559703
v -9.918456 5 0.7523988
v -9.377032 -6.43 0.6568916
v -9.918455 -6.43 0.7523975
v -10.02085 -6.43 0.1708459
v -9.479522 -6.43 0.07559395
v -11.07554 5 -5.810082
v -10.98878 5 -5.317667
v -10.44708 5 -5.413208
v -10.5339 5 -5.905612
v -10.5339 -6.43 -5.905612
v -10.44708 -6.43 -5.413207
v -11.07554 -6.43 -5.810082
v -10.98878 -6.43 -5.317667
v -9.479525 4.5 0.07559703
v -10.02086 4.5 0.1708487
v -10.44708 4.5 -5.413208
v -10.98878 4.5 -5.317667
v 1.027237 4.5 -1.178247
v 0.53486 4.5 -1.091268
v 1.027236 -6.43 -1.178248
v 0.5348591 -6.43 -1.091271
v 0.53486 4.5 -1.091268
v 0.4323786 4.5 -1.672331
v 0.5348591 -6.43 -1.091271
v 0.4323777 -6.43 -1.672333
v 0.9248363 4.5 -1.75885
v 1.027237 4.5 -1.178247
v 0.9248354 -6.43 -1.758853
v 1.027236 -6.43 -1.178248
v 0.4323786 4.5 -1.672331
v 0.9248363 4.5 -1.75885
v 0.4323777 -6.43 -1.672333
v 0.9248354 -6.43 -1.758853
v -0.1301425 4.5 -7.740511
v -0.04329833 4.5 -7.248111
v -0.1301428 -6.43 -7.74051
v -0.04329864 -6.43 -7.24811
v -0.04329833 4.5 -7.248111
v -0.5356987 4.5 -7.161267
v -0.04329864 -6.43 -7.24811
v -0.5356991 -6.43 -7.161266
v -0.6225429 4.5 -7.653668
v -0.1301425 4.5 -7.740511
v -0.6225432 -6.43 -7.653667
v -0.1301428 -6.43 -7.74051
v -0.5356987 4.5 -7.161267
v -0.6225429 4.5 -7.653668
v -0.5356991 -6.43 -7.161266
v -0.6225432 -6.43 -7.653667
v -9.377034 4.5 0.6568947
v -9.918456 4.5 0.7523988
v -9.377032 -6.43 0.6568916
v -9.918455 -6.43 0.7523975
v -9.918456 4.5 0.7523988
v -10.02086 4.5 0.1708487
v -9.918455 -6.43 0.7523975
v -10.02085 -6.43 0.1708459
v -9.479525 4.5 0.07559703
v -9.377034 4.5 0.6568947
v -9.479522 -6.43 0.07559395
v -9.377032 -6.43 0.6568916
v -10.02086 4.5 0.1708487
v -9.479525 4.5 0.07559703
v -10.02085 -6.43 0.1708459
v -9.479522 -6.43 0.07559395
v -10.5339 4.5 -5.905612
v -10.44708 4.5 -5.413208
v -10.5339 -6.43 -5.905612
v -10.44708 -6.43 -5.413207
v -11.07554 4.5 -5.810082
v -10.5339 4.5 -5.905612
v -11.07554 -6.43 -5.810082
v -10.5339 -6.43 -5.905612
v -10.44708 4.5 -5.413208
v -10.98878 4.5 -5.317667
v -10.44708 -6.43 -5.413207
v -10.98878 -6.43 -5.317667
v -10.98878 4.5 -5.317667
v -11.07554 4.5 -5.810082
v -10.98878 -6.43 -5.317667
v -11.07554 -6.43 -5.810082
v -5.578222 4.5 -6.77964
v -5.578222 5 -6.77964
v -4.421087 5 -0.2171867
v 0.53486 4.5 -1.091268
v 0.53486 5 -1.091268
v -4.421087 4.5 -0.2171867
v -4.523573 5 -0.798367
v -4.421087 5 -0.2171867
v 0.53486 4.5 -1.091268
v -4.421087 4.5 -0.2171867
v -4.523573 4.5 -0.798367
v -9.377034 4.5 0.6568947
v -5.491389 5 -6.287237
v -5.578222 5 -6.77964
v -0.6225429 4.5 -7.653668
v -5.578222 4.5 -6.77964
v -5.491389 4.5 -6.287237
v -10.5339 4.5 -5.905612
f 2577 2578 2579
f 2580 2577 2579
f 2581 2582 2583
f 2581 2584 2582
f 2585 2586 2587
f 2588 2585 2587
f 2589 2590 2591
f 2589 2592 2590
f 2593 2594 2595
f 2593 2596 2594
f 2597 2598 2599
f 2600 2597 2599
f 2587 2586 2601
f 2587 2601 2602
f 2602 2601 2603
f 2602 2603 2604
f 2605 2606 2607
f 2606 2608 2607
f 2609 2610 2611
f 2610 2612 2611
f 2613 2614 2615
f 2613 2616 2614
f 2593 2616 2613
f 2593 2595 2616
f 2617 2618 2619
f 2620 2617 2619
f 2621 2622 2623
f 2624 2621 2623
f 2625 2626 2627
f 2628 2625 2627
f 2629 2630 2631
f 2629 2632 2630
f 2633 2634 2635
f 2633 2636 2634
f 2637 2638 2639
f 2640 2637 2639
f 2641 2642 2643
f 2641 2643 2644
f 2642 2633 2643
f 2643 2633 2635
f 2645 2646 2647
f 2646 2648 2647
f 2649 2650 2651
f 2651 2650 2652
f 2653 2654 2655
f 2654 2656 2655
f 2657 2658 2659
f 2658 2660 2659
f 2661 2662 2663
f 2662 2664 2663
f 2665 2666 2667
f 2666 2668 2667
f 2669 2670 2671
f 2670 2672 2671
f 2673 2674 2675
f 2674 2676 2675
f 2677 2678 2679
f 2678 2680 2679
f 2681 2682 2683
f 2682 2684 2683
f 2685 2686 2687
f 2686 2688 2687
f 2689 2690 2691
f 2690 2692 2691
f 2693 2694 2695
f 2694 2696 2695
f 2697 2698 2699
f 2698 2700 2699
f 2701 2702 2703
f 2702 2704 2703
f 2705 2706 2707
f 2706 2708 2707
f 2709 2710 2711
f 2710 2712 2711
f 2713 2714 2715
f 2714 2716 2715
f 2578 2717 2579
f 2717 2718 2579
f 2717 2625 2718
f 2625 2628 2718
f 2719 2720 2721
f 2719 2722 2720
f 2631 2722 2719
f 2631 2630 2722
f 2723 2596 2593
f 2723 2724 2596
f 2635 2724 2723
f 2635 2634 2724
f 2725 2726 2727
f 2623 2725 2727
f 2726 2728 2649
f 2727 2726 2649
f 2644 2643 2729
f 2730 2644 2729
f 2730 2729 2613
f 2730 2613 2615
f 2643 2635 2723
f 2643 2723 2729
f 2729 2723 2593
f 2729 2593 2613
f 2731 2624 2732
f 2624 2733 2732
f 2733 2734 2732
f 2733 2651 2734
f 2624 2623 2733
f 2623 2727 2733
f 2733 2727 2651
f 2727 2649 2651
v 28 -8 27
v 28 -8 17
v 28 0 17
v 28 0 27
v 8 0 17
v 8 -8 27
v 8 0 27
v 8 -8 17
v 14 -8 17
v 14 -6 17
v 14 -8 9
v 14 -6 9
v 26 0 17
v 26 -8 17
v 26 0 9
v 26 -8 9
v 26 -8 27
v 26 -8 17
v 28 -8 27
v 28 -8 17
v 26 -8 17
v 26 0 17
v 28 -8 17
v 28 0 17
v 26 0 31
v 26 -8 31
v 28 0 31
v 28 -8 31
v 18 0 17
v 18 -8 17
v 16 0 17
v 16 -8 17
v 18 -8 31
v 18 0 31
v 16 -8 31
v 16 0 31
v 18 -8 17
v 18 -8 27
v 16 -8 17
v 16 -8 27
v 18 -8 9
v 18 0 9
v 18 -8 2.5
v 18 -6 2.5
v 26 -6 2.5
v 26 -8 2.5
v 16 -8 27
v 16 0 27
v 8 -8 27
v 8 0 27
v 8 0 17
v 8 -8 17
v 8 -8 17
v 8 -8 27
v 18 -8 17
v 18 0 17
v 14 -8 17
v 14 -6 17
v 18 -8 9
v 14 -8 9
v 14 -8 17
v 18 0 17
v 18 0 9
v 14 -6 17
v 14 -6 9
v 18 0 9
v 18 -8 9
v 14 -6 9
v 14 -8 9
v 28 14 17
v 26 14 17
v 28 17 17
v 26 17 17
v 26 14 27
v 28 14 27
v 26 17 27
v 28 17 27
v 28 14 27
v 28 14 17
v 28 17 27
v 28 17 17
v 28 6 17
v 28 6 27
v 16 6 17
v 16 0 27
v 16 6 27
v 16 0 17
v 28 6 17
v 26 6 17
v 26 0 27
v 28 0 27
v 28 6 27
v 26 6 27
v 18 0 27
v 18 6 27
v 16 6 27
v 18 6 17
v 16 6 17
v 24 -8 27
v 24 -8 17
v 24 -8 31
v 24 0 31
v 26 -6 2.5
v 24 -8 2.5
v 24 -6 2.5
v 26 -8 2.5
v 26 -8 9
v 24 -8 9
v 26 0 9
v 24 -6 2.5
v 24 0 9
v 26 -6 2.5
v 26 -8 2.5
v 24 -8 2.5
v 24 14 27
v 24 14 17
v 24 0 27
v 24 6 27
v 24 0 17
v 24 6 17
v 20 -8 27
v 20 -8 17
v 20 -8 31
v 20 0 31
v 20 -6 2.5
v 18 -8 2.5
v 18 -6 2.5
v 20 -8 2.5
v 20 -8 9
v 20 0 9
v 18 -6 2.5
v 18 0 9
v 20 -6 2.5
v 20 -8 2.5
v 18 -8 2.5
v 18 14 27
v 20 14 27
v 22 17 27
v 23 17 27
v 23 17 17
v 20 14 17
v 22 17 17
v 18 14 17
v 20 0 27
v 20 6 27
v 20 6 17
v 20 0 17
v 20 0 17
v 20 6 17
v 20 0 27
v 20 6 27
v 20 6 17
v 24 6 17
v 20 6 27
v 24 6 27
v 24 6 17
v 24 0 17
v 24 6 27
v 24 0 27
v 20 -8 31
v 24 -8 31
v 16 -8 31
v 18 -8 31
v 26 -8 31
v 28 -8 31
v 28 -8 31
v 28 0 31
v 16 -8 27
v 16 0 31
v 16 -8 31
v 28 7.5 17
v 28 7.5 27
v 16 7.5 17
v 16 7.5 27
v 16 14 17
v 16 14 27
v 28 7.5 17
v 26 7.5 17
v 28 7.5 27
v 26 7.5 27
v 18 7.5 27
v 16 7.5 27
v 16 14 27
v 18 7.5 17
v 16 7.5 17
v 16 14 17
v 24 7.5 27
v 24 7.5 17
v 20 7.5 27
v 20 7.5 17
v 24 7.5 13.5
v 20 6 13.5
v 20 7.5 13.5
v 24 6 13.5
v 20 6 17
v 20 7.5 17
v 20 6 13.5
v 20 7.5 13.5
v 20 7.5 17
v 24 7.5 17
v 20 7.5 13.5
v 24 7.5 13.5
v 24 7.5 17
v 24 6 17
v 24 7.5 13.5
v 24 6 13.5
v 24 6 13.5
v 20 6 13.5
v 26 17 17
v 26 17 27
v 28 17 17
v 28 17 27
v 18 14 27
v 18 14 17
v 16 14 27
v 16 14 17
v 16 0 27
v 16 0 17
v 8 0 27
v 8 0 17
v 18 14 17
v 18 14 27
v 22 17 17
v 22 17 27
v 26 0 9
v 24 0 9
v 24 0 17
v 26 0 17
v 23 17 17
v 23 17 27
v 22 17 17
v 22 17 27
v 20 0 9
v 20 0 17
v 18 0 9
v 18 0 17
v 24 0 27
v 20 0 27
v 26 0 27
v 26 0 31
v 24 0 31
v 20 0 31
v 28 0 27
v 28 0 31
v 18 0 27
v 18 0 31
v 16 0 31
f 2735 2736 2737
f 2738 2735 2737
f 2739 2740 2741
f 2739 2742 2740
f 2743 2744 2745
f 2744 2746 2745
f 2747 2748 2749
f 2748 2750 2749
f 2751 2752 2753
f 2752 2754 2753
f 2755 2756 2757
f 2756 2758 2757
f 2759 2760 2761
f 2760 2762 2761
f 2763 2764 2765
f 2764 2766 2765
f 2767 2768 2769
f 2768 2770 2769
f 2771 2772 2773
f 2772 2774 2773
f 2775 2776 2777
f 2776 2778 2777
f 2749 2750 2779
f 2750 2780 2779
f 2781 2782 2783
f 2782 2784 2783
f 2765 2766 2785
f 2766 2786 2785
f 2773 2774 2787
f 2774 2788 2787
f 2789 2790 2791
f 2790 2792 2791
f 2793 2771 2794
f 2771 2795 2794
f 2796 2797 2798
f 2797 2799 2798
f 2800 2801 2802
f 2801 2803 2802
f 2804 2805 2806
f 2805 2807 2806
f 2808 2809 2810
f 2809 2811 2810
f 2812 2813 2814
f 2813 2815 2814
f 2738 2737 2816
f 2817 2738 2816
f 2818 2819 2820
f 2818 2821 2819
f 2822 2756 2823
f 2822 2758 2756
f 2824 2825 2826
f 2827 2824 2826
f 2782 2828 2829
f 2830 2782 2829
f 2831 2765 2832
f 2831 2763 2765
f 2833 2752 2751
f 2833 2834 2752
f 2835 2760 2759
f 2836 2835 2759
f 2837 2838 2839
f 2837 2840 2838
f 2834 2841 2752
f 2834 2842 2841
f 2843 2844 2845
f 2843 2846 2844
f 2842 2847 2841
f 2842 2848 2847
f 2808 2810 2849
f 2850 2807 2805
f 2851 2824 2827
f 2852 2851 2827
f 2823 2853 2854
f 2823 2756 2853
f 2855 2834 2833
f 2855 2856 2834
f 2772 2856 2855
f 2772 2771 2856
f 2767 2857 2858
f 2768 2767 2858
f 2857 2835 2836
f 2858 2857 2836
f 2859 2860 2861
f 2859 2862 2860
f 2839 2862 2859
f 2839 2838 2862
f 2856 2842 2834
f 2856 2863 2842
f 2771 2863 2856
f 2771 2793 2863
f 2864 2865 2866
f 2864 2867 2865
f 2845 2867 2864
f 2845 2844 2867
f 2863 2848 2842
f 2863 2868 2848
f 2793 2868 2863
f 2793 2869 2868
f 2870 2871 2872
f 2871 2873 2872
f 2871 2849 2873
f 2873 2849 2810
f 2807 2850 2874
f 2874 2850 2875
f 2876 2874 2875
f 2876 2875 2877
f 2828 2878 2879
f 2829 2828 2879
f 2880 2763 2831
f 2880 2881 2763
f 2882 2883 2884
f 2883 2885 2884
f 2886 2887 2888
f 2887 2889 2888
f 2890 2891 2892
f 2891 2893 2892
f 2855 2833 2894
f 2833 2895 2894
f 2774 2772 2896
f 2772 2897 2896
f 2833 2751 2895
f 2751 2898 2895
f 2751 2753 2898
f 2753 2899 2898
f 2735 2738 2900
f 2738 2901 2900
f 2772 2855 2897
f 2855 2894 2897
f 2819 2902 2903
f 2902 2904 2903
f 2817 2816 2905
f 2906 2817 2905
f 2906 2905 2813
f 2812 2906 2813
f 2907 2820 2908
f 2907 2818 2820
f 2909 2908 2910
f 2909 2907 2908
f 2911 2823 2912
f 2911 2822 2823
f 2804 2912 2805
f 2804 2911 2912
f 2827 2826 2913
f 2914 2827 2913
f 2914 2913 2809
f 2808 2914 2809
f 2830 2829 2915
f 2916 2830 2915
f 2916 2915 2870
f 2917 2916 2870
f 2918 2832 2919
f 2918 2831 2832
f 2877 2919 2920
f 2877 2918 2919
f 2852 2827 2914
f 2921 2852 2914
f 2921 2914 2808
f 2849 2921 2808
f 2912 2854 2922
f 2912 2823 2854
f 2805 2922 2850
f 2805 2912 2922
f 2829 2879 2923
f 2915 2829 2923
f 2915 2923 2871
f 2870 2915 2871
f 2879 2852 2921
f 2923 2879 2921
f 2923 2921 2849
f 2871 2923 2849
f 2924 2831 2918
f 2924 2880 2831
f 2875 2918 2877
f 2875 2924 2918
f 2925 2926 2927
f 2925 2928 2926
f 2850 2924 2875
f 2850 2922 2924
f 2929 2930 2931
f 2930 2932 2931
f 2933 2934 2935
f 2934 2936 2935
f 2937 2938 2939
f 2938 2940 2939
f 2887 2886 2941
f 2886 2942 2941
f 2943 2944 2945
f 2944 2946 2945
f 2947 2948 2949
f 2948 2950 2949
f 2951 2952 2953
f 2952 2954 2953
f 2955 2956 2957
f 2956 2958 2957
f 2959 2960 2961
f 2962 2959 2961
f 2943 2963 2964
f 2944 2943 2964
f 2963 2965 2966
f 2964 2963 2966
f 2960 2967 2968
f 2961 2960 2968
f 2967 2969 2970
f 2968 2967 2970
f 2961 2968 2971
f 2968 2972 2971
f 2973 2971 2974
f 2971 2975 2974
f 2971 2972 2975
f 2972 2976 2975
f 2977 2973 2978
f 2973 2974 2978
f 2972 2979 2976
f 2979 2980 2976
f 2979 2951 2980
f 2951 2981 2980
v -13.62817 -6.132215 -33.22882
v -12.4481 -6.239692 -34.73364
v -12.15043 -6.139071 -32.57658
v -13.20532 -6.027736 -32.3186
v -13.83274 -5.453533 -32.85918
v -13.62817 -6.132215 -33.22882
v -12.15043 -6.139071 -32.57658
v -12.85264 -5.649594 -32.01146
v -13.20532 -6.027736 -32.3186
v -11.92991 -6.0893 -34.0337
v -11.78717 -5.644577 -32.74918
v -12.15043 -6.139071 -32.57658
v -12.4481 -6.239692 -34.73364
v -11.93284 -5.730756 -34.5932
v -11.92991 -6.0893 -34.0337
v -13.20532 -6.027736 -32.3186
v -12.85264 -5.649594 -32.01146
v -13.83274 -5.453533 -32.85918
v -12.15043 -6.139071 -32.57658
v -11.78717 -5.644577 -32.74918
v -12.85264 -5.649594 -32.01146
v -11.92991 -6.0893 -34.0337
v -11.93284 -5.730756 -34.5932
v -11.78717 -5.644577 -32.74918
v -12.4481 -6.239692 -34.73364
v -12.53939 -5.715892 -34.9737
v -11.93284 -5.730756 -34.5932
v -13.32924 -6.139758 -34.41552
v -13.84291 -5.510057 -33.78817
v -13.32859 -5.786221 -34.54603
v -12.51152 -5.231273 -32.214
v -12.41029 -4.776623 -32.90273
v -13.33831 -5.155632 -32.46485
v -11.78717 -5.644577 -32.74918
v -12.41029 -4.776623 -32.90273
v -12.51152 -5.231273 -32.214
v -13.83274 -5.453533 -32.85918
v -12.83973 -4.692705 -33.32276
v -13.84291 -5.510057 -33.78817
v -12.83973 -4.692705 -33.32276
v -12.8971 -5.144726 -34.42281
v -13.84291 -5.510057 -33.78817
v -12.8971 -5.144726 -34.42281
v -12.83973 -4.692705 -33.32276
v -11.95212 -5.084044 -33.93646
v -12.8971 -5.144726 -34.42281
v -11.95212 -5.084044 -33.93646
v -12.53939 -5.715892 -34.9737
v -12.53939 -5.715892 -34.9737
v -11.95212 -5.084044 -33.93646
v -11.93284 -5.730756 -34.5932
v -11.95212 -5.084044 -33.93646
v -12.83973 -4.692705 -33.32276
v -12.41029 -4.776623 -32.90273
v -11.95212 -5.084044 -33.93646
v -12.41029 -4.776623 -32.90273
v -11.78717 -5.644577 -32.74918
v -12.41029 -4.776623 -32.90273
v -12.83973 -4.692705 -33.32276
v -13.33831 -5.155632 -32.46485
v -13.33831 -5.155632 -32.46485
v -12.83973 -4.692705 -33.32276
v -13.83274 -5.453533 -32.85918
v -13.32859 -5.786221 -34.54603
v -13.84291 -5.510057 -33.78817
v -12.8971 -5.144726 -34.42281
v -11.93284 -5.730756 -34.5932
v -11.95212 -5.084044 -33.93646
v -11.78717 -5.644577 -32.74918
v -11.78717 -5.644577 -32.74918
v -12.51152 -5.231273 -32.214
v -12.85264 -5.649594 -32.01146
v -12.85264 -5.649594 -32.01146
v -12.51152 -5.231273 -32.214
v -13.33831 -5.155632 -32.46485
v -12.85264 -5.649594 -32.01146
v -13.33831 -5.155632 -32.46485
v -13.83274 -5.453533 -32.85918
v -13.32859 -5.786221 -34.54603
v -12.8971 -5.144726 -34.42281
v -12.53939 -5.715892 -34.9737
v -13.32859 -5.786221 -34.54603
v -12.53939 -5.715892 -34.9737
v -13.32924 -6.139758 -34.41552
v -13.32924 -6.139758 -34.41552
v -12.53939 -5.715892 -34.9737
v -12.4481 -6.239692 -34.73364
v -13.83274 -5.453533 -32.85918
v -13.84291 -5.510057 -33.78817
v -13.62817 -6.132215 -33.22882
v -13.62817 -6.132215 -33.22882
v -13.84291 -5.510057 -33.78817
v -13.32924 -6.139758 -34.41552
v -13.62817 -6.132215 -33.22882
v -13.32924 -6.139758 -34.41552
v -12.4481 -6.239692 -34.73364
v -12.4481 -6.239692 -34.73364
v -11.92991 -6.0893 -34.0337
v -12.15043 -6.139071 -32.57658
v -12.15043 -6.139071 -32.57658
v -13.20532 -6.027736 -32.3186
v -13.62817 -6.132215 -33.22882
f 2982 2983 2984
f 2985 2986 2987
f 2988 2989 2990
f 2991 2992 2993
f 2994 2995 2996
f 2997 2998 2999
f 3000 3001 3002
f 3003 3004 3005
f 3006 3007 3008
f 3009 3010 3011
f 3012 3013 3014
f 3015 3016 3017
f 3018 3019 3020
f 3021 3022 3023
f 3024 3025 3026
f 3027 3028 3029
f 3030 3031 3032
f 3033 3034 3035
f 3036 3037 3038
f 3039 3040 3041
f 3042 3043 3044
f 3045 3046 3047
f 3048 3049 3050
f 3051 3052 3053
f 3054 3055 3056
f 3057 3058 3059
f 3060 3061 3062
f 3063 3064 3065
f 3066 3067 3068
f 3069 3070 3071
f 3072 3073 3074
f 3075 3076 3077
f 3078 3079 3080
f 3081 3082 3083
v -1.652935 -5.925832 42.65471
v -0.8385881 -6 41.61625
v -0.6331708 -5.930562 43.1048
v -1.361134 -5.853733 43.28283
v -1.794104 -5.457484 42.90978
v -1.652935 -5.925832 42.65471
v -0.6331708 -5.930562 43.1048
v -1.117752 -5.592782 43.49479
v -1.361134 -5.853733 43.28283
v -0.4809937 -5.896216 42.09927
v -0.3824943 -5.58932 42.98569
v -0.6331708 -5.930562 43.1048
v -0.8385881 -6 41.61625
v -0.4830171 -5.648792 41.71317
v -0.4809937 -5.896216 42.09927
v -1.361134 -5.853733 43.28283
v -1.117752 -5.592782 43.49479
v -1.794104 -5.457484 42.90978
v -0.6331708 -5.930562 43.1048
v -0.3824943 -5.58932 42.98569
v -1.117752 -5.592782 43.49479
v -0.4809937 -5.896216 42.09927
v -0.4830171 -5.648792 41.71317
v -0.3824943 -5.58932 42.98569
v -0.8385881 -6 41.61625
v -0.9015851 -5.638534 41.45059
v -0.4830171 -5.648792 41.71317
v -1.446647 -5.931036 41.83578
v -1.801126 -5.496491 42.2687
v -1.446202 -5.687067 41.74572
v -0.8823524 -5.304106 43.35501
v -0.8124995 -4.99036 42.87973
v -1.452908 -5.251908 43.18191
v -0.3824943 -5.58932 42.98569
v -0.8124995 -4.99036 42.87973
v -0.8823524 -5.304106 43.35501
v -1.794104 -5.457484 42.90978
v -1.108847 -4.932449 42.58988
v -1.801126 -5.496491 42.2687
v -1.108847 -4.932449 42.58988
v -1.148436 -5.244382 41.83075
v -1.801126 -5.496491 42.2687
v -1.148436 -5.244382 41.83075
v -1.108847 -4.932449 42.58988
v -0.4963184 -5.202506 42.16637
v -1.148436 -5.244382 41.83075
v -0.4963184 -5.202506 42.16637
v -0.9015851 -5.638534 41.45059
v -0.9015851 -5.638534 41.45059
v -0.4963184 -5.202506 42.16637
v -0.4830171 -5.648792 41.71317
v -0.4963184 -5.202506 42.16637
v -1.108847 -4.932449 42.58988
v -0.8124995 -4.99036 42.87973
v -0.4963184 -5.202506 42.16637
v -0.8124995 -4.99036 42.87973
v -0.3824943 -5.58932 42.98569
v -0.8124995 -4.99036 42.87973
v -1.108847 -4.932449 42.58988
v -1.452908 -5.251908 43.18191
v -1.452908 -5.251908 43.18191
v -1.108847 -4.932449 42.58988
v -1.794104 -5.457484 42.90978
v -1.446202 -5.687067 41.74572
v -1.801126 -5.496491 42.2687
v -1.148436 -5.244382 41.83075
v -0.4830171 -5.648792 41.71317
v -0.4963184 -5.202506 42.16637
v -0.3824943 -5.58932 42.98569
v -0.3824943 -5.58932 42.98569
v -0.8823524 -5.304106 43.35501
v -1.117752 -5.592782 43.49479
v -1.117752 -5.592782 43.49479
v -0.8823524 -5.304106 43.35501
v -1.452908 -5.251908 43.18191
v -1.117752 -5.592782 43.49479
v -1.452908 -5.251908 43.18191
v -1.794104 -5.457484 42.90978
v -1.446202 -5.687067 41.74572
v -1.148436 -5.244382 41.83075
v -0.9015851 -5.638534 41.45059
v -1.446202 -5.687067 41.74572
v -0.9015851 -5.638534 41.45059
v -1.446647 -5.931036 41.83578
v -1.446647 -5.931036 41.83578
v -0.9015851 -5.638534 41.45059
v -0.8385881 -6 41.61625
v -1.794104 -5.457484 42.90978
v -1.801126 -5.496491 42.2687
v -1.652935 -5.925832 42.65471
v -1.652935 -5.925832 42.65471
v -1.801126 -5.496491 42.2687
v -1.446647 -5.931036 41.83578
v -1.652935 -5.925832 42.65471
v -1.446647 -5.931036 41.83578
v -0.8385881 -6 41.61625
v -0.8385881 -6 41.61625
v -0.4809937 -5.896216 42.09927
v -0.6331708 -5.930562 43.1048
v -0.6331708 -5.930562 43.1048
v -1.361134 -5.853733 43.28283
v -1.652935 -5.925832 42.65471
f 3084 3085 3086
f 3087 3088 3089
f 3090 3091 3092
f 3093 3094 3095
f 3096 3097 3098
f 3099 3100 3101
f 3102 3103 3104
f 3105 3106 3107
f 3108 3109 3110
f 3111 3112 3113
f 3114 3115 3116
f 3117 3118 3119
f 3120 3121 3122
f 3123 3124 3125
f 3126 3127 3128
f 3129 3130 3131
f 3132 3133 3134
f 3135 3136 3137
f 3138 3139 3140
f 3141 3142 3143
f 3144 3145 3146
f 3147 3148 3149
f 3150 3151 3152
f 3153 3154 3155
f 3156 3157 3158
f 3159 3160 3161
f 3162 3163 3164
f 3165 3166 3167
f 3168 3169 3170
f 3171 3172 3173
f 3174 3175 3176
f 3177 3178 3179
f 3180 3181 3182
f 3183 3184 3185
v -1.652935 11.68816 -3.345295
v -0.8385881 11.61399 -4.383752
v -0.6331708 11.68343 -2.895195
v -1.361134 11.76026 -2.717171
v -1.794104 12.15651 -3.090219
v -1.652935 11.68816 -3.345295
v -0.6331708 11.68343 -2.895195
v -1.117752 12.02121 -2.505215
v -1.361134 11.76026 -2.717171
v -0.4809937 11.71777 -3.900728
v -0.3824943 12.02467 -3.014308
v -0.6331708 11.68343 -2.895195
v -0.8385881 11.61399 -4.383752
v -0.4830171 11.9652 -4.28683
v -0.4809937 11.71777 -3.900728
v -1.361134 11.76026 -2.717171
v -1.117752 12.02121 -2.505215
v -1.794104 12.15651 -3.090219
v -0.6331708 11.68343 -2.895195
v -0.3824943 12.02467 -3.014308
v -1.117752 12.02121 -2.505215
v -0.4809937 11.71777 -3.900728
v -0.4830171 11.9652 -4.28683
v -0.3824943 12.02467 -3.014308
v -0.8385881 11.61399 -4.383752
v -0.9015851 11.97546 -4.54941
v -0.4830171 11.9652 -4.28683
v -1.446647 11.68295 -4.164218
v -1.801126 12.1175 -3.731296
v -1.446202 11.92692 -4.254284
v -0.8823524 12.30988 -2.64499
v -0.8124995 12.62363 -3.120269
v -1.452908 12.36208 -2.818093
v -0.3824943 12.02467 -3.014308
v -0.8124995 12.62363 -3.120269
v -0.8823524 12.30988 -2.64499
v -1.794104 12.15651 -3.090219
v -1.108847 12.68154 -3.410123
v -1.801126 12.1175 -3.731296
v -1.108847 12.68154 -3.410123
v -1.148436 12.36961 -4.16925
v -1.801126 12.1175 -3.731296
v -1.148436 12.36961 -4.16925
v -1.108847 12.68154 -3.410123
v -0.4963184 12.41148 -3.833627
v -1.148436 12.36961 -4.16925
v -0.4963184 12.41148 -3.833627
v -0.9015851 11.97546 -4.54941
v -0.9015851 11.97546 -4.54941
v -0.4963184 12.41148 -3.833627
v -0.4830171 11.9652 -4.28683
v -0.4963184 12.41148 -3.833627
v -1.108847 12.68154 -3.410123
v -0.8124995 12.62363 -3.120269
v -0.4963184 12.41148 -3.833627
v -0.8124995 12.62363 -3.120269
v -0.3824943 12.02467 -3.014308
v -0.8124995 12.62363 -3.120269
v -1.108847 12.68154 -3.410123
v -1.452908 12.36208 -2.818093
v -1.452908 12.36208 -2.818093
v -1.108847 12.68154 -3.410123
v -1.794104 12.15651 -3.090219
v -1.446202 11.92692 -4.254284
v -1.801126 12.1175 -3.731296
v -1.148436 12.36961 -4.16925
v -0.4830171 11.9652 -4.28683
v -0.4963184 12.41148 -3.833627
v -0.3824943 12.02467 -3.014308
v -0.3824943 12.02467 -3.014308
v -0.8823524 12.30988 -2.64499
v -1.117752 12.02121 -2.505215
v -1.117752 12.02121 -2.505215
v -0.8823524 12.30988 -2.64499
v -1.452908 12.36208 -2.818093
v -1.117752 12.02121 -2.505215
v -1.452908 12.36208 -2.818093
v -1.794104 12.15651 -3.090219
v -1.446202 11.92692 -4.254284
v -1.148436 12.36961 -4.16925
v -0.9015851 11.97546 -4.54941
v -1.446202 11.92692 -4.254284
v -0.9015851 11.97546 -4.54941
v -1.446647 11.68295 -4.164218
v -1.446647 11.68295 -4.164218
v -0.9015851 11.97546 -4.54941
v -0.8385881 11.61399 -4.383752
v -1.794104 12.15651 -3.090219
v -1.801126 12.1175 -3.731296
v -1.652935 11.68816 -3.345295
v -1.652935 11.68816 -3.345295
v -1.801126 12.1175 -3.731296
v -1.446647 11.68295 -4.164218
v -1.652935 11.68816 -3.345295
v -1.446647 11.68295 -4.164218
v -0.8385881 11.61399 -4.383752
v -0.8385881 11.61399 -4.383752
v -0.4809937 11.71777 -3.900728
v -0.6331708 11.68343 -2.895195
v -0.6331708 11.68343 -2.895195
v -1.361134 11.76026 -2.717171
v -1.652935 11.68816 -3.345295
f 3186 3187 3188
f 3189 3190 3191
f 3192 3193 3194
f 3195 3196 3197
f 3198 3199 3200
f 3201 3202 3203
f 3204 3205 3206
f 3207 3208 3209
f 3210 3211 3212
f 3213 3214 3215
f 3216 3217 3218
f 3219 3220 3221
f 3222 3223 3224
f 3225 3226 3227
f 3228 3229 3230
f 3231 3232 3233
f 3234 3235 3236
f 3237 3238 3239
f 3240 3241 3242
f 3243 3244 3245
f 3246 3247 3248
f 3249 3250 3251
f 3252 3253 3254
f 3255 3256 3257
f 3258 3259 3260
f 3261 3262 3263
f 3264 3265 3266
f 3267 3268 3269
f 3270 3271 3272
f 3273 3274 3275
f 3276 3277 3278
f 3279 3280 3281
f 3282 3283 3284
f 3285 3286 3287
v 18.97242 -5.925832 -31.58877
v 19.78677 -6 -32.62723
v 19.99218 -5.930562 -31.13867
v 19.26422 -5.853733 -30.96065
v 18.83125 -5.457484 -31.3337
v 18.97242 -5.925832 -31.58877
v 19.99218 -5.930562 -31.13867
v 19.5076 -5.592782 -30.74869
v 19.26422 -5.853733 -30.96065
v 20.14436 -5.896216 -32.14421
v 20.24286 -5.58932 -31.25779
v 19.99218 -5.930562 -31.13867
v 19.78677 -6 -32.62723
v 20.14234 -5.648792 -32.53031
v 20.14436 -5.896216 -32.14421
v 19.26422 -5.853733 -30.96065
v 19.5076 -5.592782 -30.74869
v 18.83125 -5.457484 -31.3337
v 19.99218 -5.930562 -31.13867
v 20.24286 -5.58932 -31.25779
v 19.5076 -5.592782 -30.74869
v 20.14436 -5.896216 -32.14421
v 20.14234 -5.648792 -32.53031
v 20.24286 -5.58932 -31.25779
v 19.78677 -6 -32.62723
v 19.72377 -5.638534 -32.79289
v 20.14234 -5.648792 -32.53031
v 19.17871 -5.931036 -32.4077
v 18.82423 -5.496491 -31.97478
v 19.17915 -5.687067 -32.49776
v 19.743 -5.304106 -30.88847
v 19.81285 -4.99036 -31.36375
v 19.17245 -5.251908 -31.06157
v 20.24286 -5.58932 -31.25779
v 19.81285 -4.99036 -31.36375
v 19.743 -5.304106 -30.88847
v 18.83125 -5.457484 -31.3337
v 19.51651 -4.932449 -31.6536
v 18.82423 -5.496491 -31.97478
v 19.51651 -4.932449 -31.6536
v 19.47692 -5.244382 -32.41273
v 18.82423 -5.496491 -31.97478
v 19.47692 -5.244382 -32.41273
v 19.51651 -4.932449 -31.6536
v 20.12904 -5.202506 -32.07711
v 19.47692 -5.244382 -32.41273
v 20.12904 -5.202506 -32.07711
v 19.72377 -5.638534 -32.79289
v 19.72377 -5.638534 -32.79289
v 20.12904 -5.202506 -32.07711
v 20.14234 -5.648792 -32.53031
v 20.12904 -5.202506 -32.07711
v 19.51651 -4.932449 -31.6536
v 19.81285 -4.99036 -31.36375
v 20.12904 -5.202506 -32.07711
v 19.81285 -4.99036 -31.36375
v 20.24286 -5.58932 -31.25779
v 19.81285 -4.99036 -31.36375
v 19.51651 -4.932449 -31.6536
v 19.17245 -5.251908 -31.06157
v 19.17245 -5.251908 -31.06157
v 19.51651 -4.932449 -31.6536
v 18.83125 -5.457484 -31.3337
v 19.17915 -5.687067 -32.49776
v 18.82423 -5.496491 -31.97478
v 19.47692 -5.244382 -32.41273
v 20.14234 -5.648792 -32.53031
v 20.12904 -5.202506 -32.07711
v 20.24286 -5.58932 -31.25779
v 20.24286 -5.58932 -31.25779
v 19.743 -5.304106 -30.88847
v 19.5076 -5.592782 -30.74869
v 19.5076 -5.592782 -30.74869
v 19.743 -5.304106 -30.88847
v 19.17245 -5.251908 -31.06157
v 19.5076 -5.592782 -30.74869
v 19.17245 -5.251908 -31.06157
v 18.83125 -5.457484 -31.3337
v 19.17915 -5.687067 -32.49776
v 19.47692 -5.244382 -32.41273
v 19.72377 -5.638534 -32.79289
v 19.17915 -5.687067 -32.49776
v 19.72377 -5.638534 -32.79289
v 19.17871 -5.931036 -32.4077
v 19.17871 -5.931036 -32.4077
v 19.72377 -5.638534 -32.79289
v 19.78677 -6 -32.62723
v 18.83125 -5.457484 -31.3337
v 18.82423 -5.496491 -31.97478
v 18.97242 -5.925832 -31.58877
v 18.97242 -5.925832 -31.58877
v 18.82423 -5.496491 -31.97478
v 19.17871 -5.931036 -32.4077
v 18.97242 -5.925832 -31.58877
v 19.17871 -5.931036 -32.4077
v 19.78677 -6 -32.62723
v 19.78677 -6 -32.62723
v 20.14436 -5.896216 -32.14421
v 19.99218 -5.930562 -31.13867
v 19.99218 -5.930562 -31.13867
v 19.26422 -5.853733 -30.96065
v 18.97242 -5.925832 -31.58877
f 3288 3289 3290
f 3291 3292 3293
f 3294 3295 3296
f 3297 3298 3299
f 3300 3301 3302
f 3303 3304 3305
f 3306 3307 3308
f 3309 3310 3311
f 3312 3313 3314
f 3315 3316 3317
f 3318 3319 3320
f 3321 3322 3323
f 3324 3325 3326
f 3327 3328 3329
f 3330 3331 3332
f 3333 3334 3335
f 3336 3337 3338
f 3339 3340 3341
f 3342 3343 3344
f 3345 3346 3347
f 3348 3349 3350
f 3351 3352 3353
f 3354 3355 3356
f 3357 3358 3359
f 3360 3361 3362
f 3363 3364 3365
f 3366 3367 3368
f 3369 3370 3371
f 3372 3373 3374
f 3375 3376 3377
f 3378 3379 3380
f 3381 3382 3383
f 3384 3385 3386
f 3387 3388 3389
v -0.9310715 6.690767 20.21218
v -1.254969 6.818232 21.67536
v -1.530815 6.167945 22.01758
v -1.922244 6.004385 21.76253
v -1.530815 6.167945 22.01758
v -1.964141 6.637753 22.05872
v -1.254969 6.818232 21.67536
v -1.652715 8.091577 20.74042
v -1.964141 6.637753 22.05872
v -1.652433 7.384985 19.59093
v -1.652715 8.091577 20.74042
v -1.112767 7.757105 20.46642
v -2.444937 7.752827 20.51499
v -1.652715 8.091577 20.74042
v -1.652433 7.384985 19.59093
v -1.112767 7.757105 20.46642
v -1.652715 8.091577 20.74042
v -1.254969 6.818232 21.67536
v -1.652715 8.091577 20.74042
v -2.20559 7.58213 21.27402
v -1.964141 6.637753 22.05872
v -2.20559 7.58213 21.27402
v -1.652715 8.091577 20.74042
v -2.444937 7.752827 20.51499
v -2.309593 6.949559 19.59688
v -2.444937 7.752827 20.51499
v -1.652433 7.384985 19.59093
v -1.652433 7.384985 19.59093
v -1.112767 7.757105 20.46642
v -1.191581 6.810288 19.64196
v -0.9310715 6.690767 20.21218
v -1.112767 7.757105 20.46642
v -1.254969 6.818232 21.67536
v -1.530815 6.167945 22.01758
v -1.254969 6.818232 21.67536
v -1.964141 6.637753 22.05872
v -2.677153 6.779364 20.39899
v -2.20559 7.58213 21.27402
v -2.444937 7.752827 20.51499
v -2.309593 6.949559 19.59688
v -1.652433 7.384985 19.59093
v -1.818287 6.596656 19.40077
v -1.818287 6.596656 19.40077
v -1.652433 7.384985 19.59093
v -1.191581 6.810288 19.64196
v -1.191581 6.810288 19.64196
v -1.112767 7.757105 20.46642
v -0.9310715 6.690767 20.21218
v -1.964141 6.637753 22.05872
v -2.20559 7.58213 21.27402
v -2.677153 6.779364 20.39899
v -1.964141 6.637753 22.05872
v -2.677153 6.779364 20.39899
v -1.922244 6.004385 21.76253
v -2.677153 6.779364 20.39899
v -2.444937 7.752827 20.51499
v -2.309593 6.949559 19.59688
v -1.965669 6 19.8908
v -2.309593 6.949559 19.59688
v -1.818287 6.596656 19.40077
v -1.965669 6 19.8908
v -1.818287 6.596656 19.40077
v -1.432952 6.146358 19.77809
v -1.432952 6.146358 19.77809
v -1.818287 6.596656 19.40077
v -1.191581 6.810288 19.64196
v -1.432952 6.146358 19.77809
v -1.191581 6.810288 19.64196
v -0.9310715 6.690767 20.21218
v -1.432952 6.146358 19.77809
v -0.9310715 6.690767 20.21218
v -1.530815 6.167945 22.01758
v -1.432952 6.146358 19.77809
v -1.530815 6.167945 22.01758
v -1.965669 6 19.8908
v -1.965669 6 19.8908
v -1.530815 6.167945 22.01758
v -1.922244 6.004385 21.76253
v -2.677153 6.779364 20.39899
v -2.309593 6.949559 19.59688
v -1.965669 6 19.8908
v -1.965669 6 19.8908
v -1.922244 6.004385 21.76253
v -2.677153 6.779364 20.39899
f 3390 3391 3392
f 3393 3394 3395
f 3396 3397 3398
f 3399 3400 3401
f 3402 3403 3404
f 3405 3406 3407
f 3408 3409 3410
f 3411 3412 3413
f 3414 3415 3416
f 3417 3418 3419
f 3420 3421 3422
f 3423 3424 3425
f 3426 3427 3428
f 3429 3430 3431
f 3432 3433 3434
f 3435 3436 3437
f 3438 3439 3440
f 3441 3442 3443
f 3444 3445 3446
f 3447 3448 3449
f 3450 3451 3452
f 3453 3454 3455
f 3456 3457 3458
f 3459 3460 3461
f 3462 3463 3464
f 3465 3466 3467
f 3468 3469 3470
f 3471 3472 3473
v -31.96338 -5.56954 7.932388
v -32.52476 -5.348618 10.46837
v -33.00286 -6.475694 11.06151
v -33.68129 -6.759177 10.61946
v -33.00286 -6.475694 11.06151
v -33.7539 -5.661424 11.1328
v -32.52476 -5.348618 10.46837
v -33.21413 -3.141657 8.84794
v -33.7539 -5.661424 11.1328
v -33.21365 -4.36632 6.85563
v -33.21413 -3.141657 8.84794
v -32.2783 -3.721362 8.373034
v -34.58722 -3.728778 8.457223
v -33.21413 -3.141657 8.84794
v -33.21365 -4.36632 6.85563
v -32.2783 -3.721362 8.373034
v -33.21413 -3.141657 8.84794
v -32.52476 -5.348618 10.46837
v -33.21413 -3.141657 8.84794
v -34.17238 -4.02463 9.772781
v -33.7539 -5.661424 11.1328
v -34.17238 -4.02463 9.772781
v -33.21413 -3.141657 8.84794
v -34.58722 -3.728778 8.457223
v -34.35264 -5.121001 6.865946
v -34.58722 -3.728778 8.457223
v -33.21365 -4.36632 6.85563
v -33.21365 -4.36632 6.85563
v -32.2783 -3.721362 8.373034
v -32.4149 -5.362385 6.944085
v -31.96338 -5.56954 7.932388
v -32.2783 -3.721362 8.373034
v -32.52476 -5.348618 10.46837
v -33.00286 -6.475694 11.06151
v -32.52476 -5.348618 10.46837
v -33.7539 -5.661424 11.1328
v -34.98969 -5.415984 8.256167
v -34.17238 -4.02463 9.772781
v -34.58722 -3.728778 8.457223
v -34.35264 -5.121001 6.865946
v -33.21365 -4.36632 6.85563
v -33.50111 -5.732653 6.526061
v -33.50111 -5.732653 6.526061
v -33.21365 -4.36632 6.85563
v -32.4149 -5.362385 6.944085
v -32.4149 -5.362385 6.944085
v -32.2783 -3.721362 8.373034
v -31.96338 -5.56954 7.932388
v -33.7539 -5.661424 11.1328
v -34.17238 -4.02463 9.772781
v -34.98969 -5.415984 8.256167
v -33.7539 -5.661424 11.1328
v -34.98969 -5.415984 8.256167
v -33.68129 -6.759177 10.61946
v -34.98969 -5.415984 8.256167
v -34.58722 -3.728778 8.457223
v -34.35264 -5.121001 6.865946
v -33.75655 -6.766777 7.375377
v -34.35264 -5.121001 6.865946
v -33.50111 -5.732653 6.526061
v -33.75655 -6.766777 7.375377
v -33.50111 -5.732653 6.526061
v -32.83324 -6.513109 7.180018
v -32.83324 -6.513109 7.180018
v -33.50111 -5.732653 6.526061
v -32.4149 -5.362385 6.944085
v -32.83324 -6.513109 7.180018
v -32.4149 -5.362385 6.944085
v -31.96338 -5.56954 7.932388
v -32.83324 -6.513109 7.180018
v -31.96338 -5.56954 7.932388
v -33.00286 -6.475694 11.06151
v -32.83324 -6.513109 7.180018
v -33.00286 -6.475694 11.06151
v -33.75655 -6.766777 7.375377
v -33.75655 -6.766777 7.375377
v -33.00286 -6.475694 11.06151
v -33.68129 -6.759177 10.61946
v -34.98969 -5.415984 8.256167
v -34.35264 -5.121001 6.865946
v -33.75655 -6.766777 7.375377
v -33.75655 -6.766777 7.375377
v -33.68129 -6.759177 10.61946
v -34.98969 -5.415984 8.256167
f 3474 3475 3476
f 3477 3478 3479
f 3480 3481 3482
f 3483 3484 3485
f 3486 3487 3488
f 3489 3490 3491
f 3492 3493 3494
f 3495 3496 3497
f 3498 3499 3500
f 3501 3502 3503
f 3504 3505 3506
f 3507 3508 3509
f 3510 3511 3512
f 3513 3514 3515
f 3516 3517 3518
f 3519 3520 3521
f 3522 3523 3524
f 3525 3526 3527
f 3528 3529 3530
f 3531 3532 3533
f 3534 3535 3536
f 3537 3538 3539
f 3540 3541 3542
f 3543 3544 3545
f 3546 3547 3548
f 3549 3550 3551
f 3552 3553 3554
f 3555 3556 3557
v 33.05871 -5.309235 -7.893593
v 32.73481 -5.18177 -6.430414
v 32.45896 -5.832057 -6.08819
v 32.06754 -5.995617 -6.343242
v 32.45896 -5.832057 -6.08819
v 32.02563 -5.362249 -6.047057
v 32.73481 -5.18177 -6.430414
v 32.33706 -3.908426 -7.365349
v 32.02563 -5.362249 -6.047057
v 32.33735 -4.615016 -8.514848
v 32.33706 -3.908426 -7.365349
v 32.87701 -4.242897 -7.639355
v 31.54484 -4.247175 -7.590781
v 32.33706 -3.908426 -7.365349
v 32.33735 -4.615016 -8.514848
v 32.87701 -4.242897 -7.639355
v 32.33706 -3.908426 -7.365349
v 32.73481 -5.18177 -6.430414
v 32.33706 -3.908426 -7.365349
v 31.78419 -4.417872 -6.831746
v 32.02563 -5.362249 -6.047057
v 31.78419 -4.417872 -6.831746
v 32.33706 -3.908426 -7.365349
v 31.54484 -4.247175 -7.590781
v 31.68019 -5.050443 -8.508896
v 31.54484 -4.247175 -7.590781
v 32.33735 -4.615016 -8.514848
v 32.33735 -4.615016 -8.514848
v 32.87701 -4.242897 -7.639355
v 32.7982 -5.189713 -8.463812
v 33.05871 -5.309235 -7.893593
v 32.87701 -4.242897 -7.639355
v 32.73481 -5.18177 -6.430414
v 32.45896 -5.832057 -6.08819
v 32.73481 -5.18177 -6.430414
v 32.02563 -5.362249 -6.047057
v 31.31263 -5.220638 -7.706783
v 31.78419 -4.417872 -6.831746
v 31.54484 -4.247175 -7.590781
v 31.68019 -5.050443 -8.508896
v 32.33735 -4.615016 -8.514848
v 32.17149 -5.403346 -8.704999
v 32.17149 -5.403346 -8.704999
v 32.33735 -4.615016 -8.514848
v 32.7982 -5.189713 -8.463812
v 32.7982 -5.189713 -8.463812
v 32.87701 -4.242897 -7.639355
v 33.05871 -5.309235 -7.893593
v 32.02563 -5.362249 -6.047057
v 31.78419 -4.417872 -6.831746
v 31.31263 -5.220638 -7.706783
v 32.02563 -5.362249 -6.047057
v 31.31263 -5.220638 -7.706783
v 32.06754 -5.995617 -6.343242
v 31.31263 -5.220638 -7.706783
v 31.54484 -4.247175 -7.590781
v 31.68019 -5.050443 -8.508896
v 32.02411 -6.000002 -8.214971
v 31.68019 -5.050443 -8.508896
v 32.17149 -5.403346 -8.704999
v 32.02411 -6.000002 -8.214971
v 32.17149 -5.403346 -8.704999
v 32.55683 -5.853644 -8.327686
v 32.55683 -5.853644 -8.327686
v 32.17149 -5.403346 -8.704999
v 32.7982 -5.189713 -8.463812
v 32.55683 -5.853644 -8.327686
v 32.7982 -5.189713 -8.463812
v 33.05871 -5.309235 -7.893593
v 32.55683 -5.853644 -8.327686
v 33.05871 -5.309235 -7.893593
v 32.45896 -5.832057 -6.08819
v 32.55683 -5.853644 -8.327686
v 32.45896 -5.832057 -6.08819
v 32.02411 -6.000002 -8.214971
v 32.02411 -6.000002 -8.214971
v 32.45896 -5.832057 -6.08819
v 32.06754 -5.995617 -6.343242
v 31.31263 -5.220638 -7.706783
v 31.68019 -5.050443 -8.508896
v 32.02411 -6.000002 -8.214971
v 32.02411 -6.000002 -8.214971
v 32.06754 -5.995617 -6.343242
v 31.31263 -5.220638 -7.706783
f 3558 3559 3560
f 3561 3562 3563
f 3564 3565 3566
f 3567 3568 3569
f 3570 3571 3572
f 3573 3574 3575
f 3576 3577 3578
f 3579 3580 3581
f 3582 3583 3584
f 3585 3586 3587
f 3588 3589 3590
f 3591 3592 3593
f 3594 3595 3596
f 3597 3598 3599
f 3600 3601 3602
f 3603 3604 3605
f 3606 3607 3608
f 3609 3610 3611
f 3612 3613 3614
f 3615 3616 3617
f 3618 3619 3620
f 3621 3622 3623
f 3624 3625 3626
f 3627 3628 3629
f 3630 3631 3632
f 3633 3634 3635
f 3636 3637 3638
f 3639 3640 3641
v 31.43129 -5.733341 -2.441298
v 31.49035 -5.958718 -2.989727
v 32.06396 -5.931032 -1.923365
v 33.02354 -5.747463 -2.007624
v 32.58981 -5.186752 -1.884715
v 32.06396 -5.931032 -1.923365
v 33.40214 -5.968639 -2.728903
v 33.57237 -5.216399 -3.586299
v 33.56123 -5.498642 -2.859533
v 31.7145 -4.792452 -3.258297
v 32.50222 -4.503524 -3.035615
v 32.57008 -4.806764 -4.283361
v 31.7145 -4.792452 -3.258297
v 32.57008 -4.806764 -4.283361
v 31.9934 -4.984259 -4.199234
v 32.57008 -4.806764 -4.283361
v 32.50222 -4.503524 -3.035615
v 33.19944 -4.834674 -3.937068
v 33.19944 -4.834674 -3.937068
v 32.50222 -4.503524 -3.035615
v 33.26299 -4.821705 -2.766056
v 33.19944 -4.834674 -3.937068
v 33.26299 -4.821705 -2.766056
v 33.57237 -5.216399 -3.586299
v 33.26299 -4.821705 -2.766056
v 32.50222 -4.503524 -3.035615
v 32.58981 -5.186752 -1.884715
v 32.58981 -5.186752 -1.884715
v 32.50222 -4.503524 -3.035615
v 31.82178 -5.14962 -2.075362
v 32.50222 -4.503524 -3.035615
v 31.7145 -4.792452 -3.258297
v 31.82178 -5.14962 -2.075362
v 31.59794 -5.50746 -3.949162
v 31.7145 -4.792452 -3.258297
v 31.9934 -4.984259 -4.199234
v 32.80014 -5.564873 -4.482273
v 31.9934 -4.984259 -4.199234
v 32.57008 -4.806764 -4.283361
v 32.80014 -5.564873 -4.482273
v 32.57008 -4.806764 -4.283361
v 33.19944 -4.834674 -3.937068
v 33.56123 -5.498642 -2.859533
v 33.57237 -5.216399 -3.586299
v 33.26299 -4.821705 -2.766056
v 33.02354 -5.747463 -2.007624
v 33.26299 -4.821705 -2.766056
v 32.58981 -5.186752 -1.884715
v 31.43129 -5.733341 -2.441298
v 31.82178 -5.14962 -2.075362
v 31.7145 -4.792452 -3.258297
v 31.89962 -5.955524 -4.027319
v 32.80014 -5.564873 -4.482273
v 33.00024 -6.000008 -4.094764
v 32.80014 -5.564873 -4.482273
v 33.19944 -4.834674 -3.937068
v 33.57237 -5.216399 -3.586299
v 32.80014 -5.564873 -4.482273
v 33.57237 -5.216399 -3.586299
v 33.00024 -6.000008 -4.094764
v 33.00024 -6.000008 -4.094764
v 33.57237 -5.216399 -3.586299
v 33.40214 -5.968639 -2.728903
v 33.56123 -5.498642 -2.859533
v 33.26299 -4.821705 -2.766056
v 33.02354 -5.747463 -2.007624
v 33.56123 -5.498642 -2.859533
v 33.02354 -5.747463 -2.007624
v 33.40214 -5.968639 -2.728903
v 32.58981 -5.186752 -1.884715
v 31.82178 -5.14962 -2.075362
v 32.06396 -5.931032 -1.923365
v 32.06396 -5.931032 -1.923365
v 31.82178 -5.14962 -2.075362
v 31.43129 -5.733341 -2.441298
v 31.43129 -5.733341 -2.441298
v 31.7145 -4.792452 -3.258297
v 31.59794 -5.50746 -3.949162
v 31.43129 -5.733341 -2.441298
v 31.59794 -5.50746 -3.949162
v 31.49035 -5.958718 -2.989727
v 31.49035 -5.958718 -2.989727
v 31.59794 -5.50746 -3.949162
v 31.89962 -5.955524 -4.027319
v 31.49035 -5.958718 -2.989727
v 31.89962 -5.955524 -4.027319
v 33.00024 -6.000008 -4.094764
v 32.06396 -5.931032 -1.923365
v 33.40214 -5.968639 -2.728903
v 33.02354 -5.747463 -2.007624
v 32.06396 -5.931032 -1.923365
v 31.49035 -5.958718 -2.989727
v 33.00024 -6.000008 -4.094764
v 33.40214 -5.968639 -2.728903
v 31.59794 -5.50746 -3.949162
v 31.9934 -4.984259 -4.199234
v 32.80014 -5.564873 -4.482273
v 31.89962 -5.955524 -4.027319
f 3642 3643 3644
f 3645 3646 3647
f 3648 3649 3650
f 3651 3652 3653
f 3654 3655 3656
f 3657 3658 3659
f 3660 3661 3662
f 3663 3664 3665
f 3666 3667 3668
f 3669 3670 3671
f 3672 3673 3674
f 3675 3676 3677
f 3678 3679 3680
f 3681 3682 3683
f 3684 3685 3686
f 3687 3688 3689
f 3690 3691 3692
f 3693 3694 3695
f 3696 3697 3698
f 3699 3700 3701
f 3702 3703 3704
f 3705 3706 3707
f 3708 3709 3710
f 3711 3712 3713
f 3714 3715 3716
f 3717 3718 3719
f 3720 3721 3722
f 3723 3724 3725
f 3726 3727 3728
f 3729 3730 3731
f 3732 3733 3734
f 3734 3735 3732
f 3736 3737 3738
f 3736 3738 3739
v 1.708489 7.266663 -30.91152
v 1.76755 7.041286 -31.45995
v 2.341163 7.068972 -30.39358
v 3.300743 7.252541 -30.47784
v 2.867009 7.813252 -30.35493
v 2.341163 7.068972 -30.39358
v 3.679343 7.031365 -31.19912
v 3.849572 7.783605 -32.05652
v 3.83843 7.501361 -31.32975
v 1.991706 8.207552 -31.72852
v 2.779418 8.49648 -31.50583
v 2.847287 8.193239 -32.75358
v 1.991706 8.207552 -31.72852
v 2.847287 8.193239 -32.75358
v 2.270601 8.015745 -32.66945
v 2.847287 8.193239 -32.75358
v 2.779418 8.49648 -31.50583
v 3.476643 8.165329 -32.40729
v 3.476643 8.165329 -32.40729
v 2.779418 8.49648 -31.50583
v 3.540192 8.178298 -31.23628
v 3.476643 8.165329 -32.40729
v 3.540192 8.178298 -31.23628
v 3.849572 7.783605 -32.05652
v 3.540192 8.178298 -31.23628
v 2.779418 8.49648 -31.50583
v 2.867009 7.813252 -30.35493
v 2.867009 7.813252 -30.35493
v 2.779418 8.49648 -31.50583
v 2.09898 7.850384 -30.54558
v 2.779418 8.49648 -31.50583
v 1.991706 8.207552 -31.72852
v 2.09898 7.850384 -30.54558
v 1.875147 7.492544 -32.41938
v 1.991706 8.207552 -31.72852
v 2.270601 8.015745 -32.66945
v 3.077342 7.435131 -32.95249
v 2.270601 8.015745 -32.66945
v 2.847287 8.193239 -32.75358
v 3.077342 7.435131 -32.95249
v 2.847287 8.193239 -32.75358
v 3.476643 8.165329 -32.40729
v 3.83843 7.501361 -31.32975
v 3.849572 7.783605 -32.05652
v 3.540192 8.178298 -31.23628
v 3.300743 7.252541 -30.47784
v 3.540192 8.178298 -31.23628
v 2.867009 7.813252 -30.35493
v 1.708489 7.266663 -30.91152
v 2.09898 7.850384 -30.54558
v 1.991706 8.207552 -31.72852
v 2.176827 7.04448 -32.49754
v 3.077342 7.435131 -32.95249
v 3.277443 6.999996 -32.56498
v 3.077342 7.435131 -32.95249
v 3.476643 8.165329 -32.40729
v 3.849572 7.783605 -32.05652
v 3.077342 7.435131 -32.95249
v 3.849572 7.783605 -32.05652
v 3.277443 6.999996 -32.56498
v 3.277443 6.999996 -32.56498
v 3.849572 7.783605 -32.05652
v 3.679343 7.031365 -31.19912
v 3.83843 7.501361 -31.32975
v 3.540192 8.178298 -31.23628
v 3.300743 7.252541 -30.47784
v 3.83843 7.501361 -31.32975
v 3.300743 7.252541 -30.47784
v 3.679343 7.031365 -31.19912
v 2.867009 7.813252 -30.35493
v 2.09898 7.850384 -30.54558
v 2.341163 7.068972 -30.39358
v 2.341163 7.068972 -30.39358
v 2.09898 7.850384 -30.54558
v 1.708489 7.266663 -30.91152
v 1.708489 7.266663 -30.91152
v 1.991706 8.207552 -31.72852
v 1.875147 7.492544 -32.41938
v 1.708489 7.266663 -30.91152
v 1.875147 7.492544 -32.41938
v 1.76755 7.041286 -31.45995
v 1.76755 7.041286 -31.45995
v 1.875147 7.492544 -32.41938
v 2.176827 7.04448 -32.49754
v 1.76755 7.041286 -31.45995
v 2.176827 7.04448 -32.49754
v 3.277443 6.999996 -32.56498
v 2.341163 7.068972 -30.39358
v 3.679343 7.031365 -31.19912
v 3.300743 7.252541 -30.47784
v 2.341163 7.068972 -30.39358
v 1.76755 7.041286 -31.45995
v 3.277443 6.999996 -32.56498
v 3.679343 7.031365 -31.19912
v 1.875147 7.492544 -32.41938
v 2.270601 8.015745 -32.66945
v 3.077342 7.435131 -32.95249
v 2.176827 7.04448 -32.49754
f 3740 3741 3742
f 3743 3744 3745
f 3746 3747 3748
f 3749 3750 3751
f 3752 3753 3754
f 3755 3756 3757
f 3758 3759 3760
f 3761 3762 3763
f 3764 3765 3766
f 3767 3768 3769
f 3770 3771 3772
f 3773 3774 3775
f 3776 3777 3778
f 3779 3780 3781
f 3782 3783 3784
f 3785 3786 3787
f 3788 3789 3790
f 3791 3792 3793
f 3794 3795 3796
f 3797 3798 3799
f 3800 3801 3802
f 3803 3804 3805
f 3806 3807 3808
f 3809 3810 3811
f 3812 3813 3814
f 3815 3816 3817
f 3818 3819 3820
f 3821 3822 3823
f 3824 3825 3826
f 3827 3828 3829
f 3830 3831 3832
f 3832 3833 3830
f 3834 3835 3836
f 3834 3836 3837
v 9.33896 -5.113627 15.86233
v 9.653609 -5.584231 15.18621
v 9.583861 -5.610764 16.97706
v 10.86003 -5.926625 17.59156
v 10.6169 -4.896898 17.47235
v 9.583861 -5.610764 16.97706
v 11.66633 -6.614377 16.93025
v 12.92258 -5.907622 16.01641
v 12.22812 -6.103685 16.91685
v 10.81223 -4.206991 15.09823
v 11.73976 -4.208977 15.98708
v 12.50701 -4.960111 14.41599
v 10.81223 -4.206991 15.09823
v 12.50701 -4.960111 14.41599
v 11.67557 -4.852507 14.08436
v 12.50701 -4.960111 14.41599
v 11.73976 -4.208977 15.98708
v 12.97206 -5.268801 15.32168
v 12.97206 -5.268801 15.32168
v 11.73976 -4.208977 15.98708
v 12.23262 -5.001313 16.86897
v 12.97206 -5.268801 15.32168
v 12.23262 -5.001313 16.86897
v 12.92258 -5.907622 16.01641
v 12.23262 -5.001313 16.86897
v 11.73976 -4.208977 15.98708
v 10.6169 -4.896898 17.47235
v 10.6169 -4.896898 17.47235
v 11.73976 -4.208977 15.98708
v 9.888733 -4.459416 16.66434
v 11.73976 -4.208977 15.98708
v 10.81223 -4.206991 15.09823
v 9.888733 -4.459416 16.66434
v 10.7254 -5.272045 14.07214
v 10.81223 -4.206991 15.09823
v 11.67557 -4.852507 14.08436
v 12.44829 -6.158932 14.27226
v 11.67557 -4.852507 14.08436
v 12.50701 -4.960111 14.41599
v 12.44829 -6.158932 14.27226
v 12.50701 -4.960111 14.41599
v 12.97206 -5.268801 15.32168
v 12.22812 -6.103685 16.91685
v 12.92258 -5.907622 16.01641
v 12.23262 -5.001313 16.86897
v 10.86003 -5.926625 17.59156
v 12.23262 -5.001313 16.86897
v 10.6169 -4.896898 17.47235
v 9.33896 -5.113627 15.86233
v 9.888733 -4.459416 16.66434
v 10.81223 -4.206991 15.09823
v 10.85391 -6.064615 14.15993
v 12.44829 -6.158932 14.27226
v 12.14143 -6.762981 14.88235
v 12.44829 -6.158932 14.27226
v 12.97206 -5.268801 15.32168
v 12.92258 -5.907622 16.01641
v 12.44829 -6.158932 14.27226
v 12.92258 -5.907622 16.01641
v 12.14143 -6.762981 14.88235
v 12.14143 -6.762981 14.88235
v 12.92258 -5.907622 16.01641
v 11.66633 -6.614377 16.93025
v 12.22812 -6.103685 16.91685
v 12.23262 -5.001313 16.86897
v 10.86003 -5.926625 17.59156
v 12.22812 -6.103685 16.91685
v 10.86003 -5.926625 17.59156
v 11.66633 -6.614377 16.93025
v 10.6169 -4.896898 17.47235
v 9.888733 -4.459416 16.66434
v 9.583861 -5.610764 16.97706
v 9.583861 -5.610764 16.97706
v 9.888733 -4.459416 16.66434
v 9.33896 -5.113627 15.86233
v 9.33896 -5.113627 15.86233
v 10.81223 -4.206991 15.09823
v 10.7254 -5.272045 14.07214
v 9.33896 -5.113627 15.86233
v 10.7254 -5.272045 14.07214
v 9.653609 -5.584231 15.18621
v 9.653609 -5.584231 15.18621
v 10.7254 -5.272045 14.07214
v 10.85391 -6.064615 14.15993
v 9.653609 -5.584231 15.18621
v 10.85391 -6.064615 14.15993
v 12.14143 -6.762981 14.88235
v 9.583861 -5.610764 16.97706
v 11.66633 -6.614377 16.93025
v 10.86003 -5.926625 17.59156
v 9.583861 -5.610764 16.97706
v 9.653609 -5.584231 15.18621
v 12.14143 -6.762981 14.88235
v 11.66633 -6.614377 16.93025
v 10.7254 -5.272045 14.07214
v 11.67557 -4.852507 14.08436
v 12.44829 -6.158932 14.27226
v 10.85391 -6.064615 14.15993
f 3838 3839 3840
f 3841 3842 3843
f 3844 3845 3846
f 3847 3848 3849
f 3850 3851 3852
f 3853 3854 3855
f 3856 3857 3858
f 3859 3860 3861
f 3862 3863 3864
f 3865 3866 3867
f 3868 3869 3870
f 3871 3872 3873
f 3874 3875 3876
f 3877 3878 3879
f 3880 3881 3882
f 3883 3884 3885
f 3886 3887 3888
f 3889 3890 3891
f 3892 3893 3894
f 3895 3896 3897
f 3898 3899 3900
f 3901 3902 3903
f 3904 3905 3906
f 3907 3908 3909
f 3910 3911 3912
f 3913 3914 3915
f 3916 3917 3918
f 3919 3920 3921
f 3922 3923 3924
f 3925 3926 3927
f 3928 3929 3930
f 3930 3931 3928
f 3932 3933 3934
f 3932 3934 3935
v 28.93144 -5.781405 53.74449
v 28.9905 -6.006783 53.19606
v 29.56412 -5.979096 54.26242
v 30.5237 -5.795528 54.17817
v 30.08996 -5.234817 54.30107
v 29.56412 -5.979096 54.26242
v 30.9023 -6.016704 53.45689
v 31.07253 -5.264464 52.59949
v 31.06138 -5.546707 53.32626
v 29.21466 -4.840517 52.92749
v 30.00237 -4.551589 53.15017
v 30.07024 -4.854829 51.90243
v 29.21466 -4.840517 52.92749
v 30.07024 -4.854829 51.90243
v 29.49356 -5.032323 51.98655
v 30.07024 -4.854829 51.90243
v 30.00237 -4.551589 53.15017
v 30.6996 -4.882739 52.24872
v 30.6996 -4.882739 52.24872
v 30.00237 -4.551589 53.15017
v 30.76315 -4.86977 53.41973
v 30.6996 -4.882739 52.24872
v 30.76315 -4.86977 53.41973
v 31.07253 -5.264464 52.59949
v 30.76315 -4.86977 53.41973
v 30.00237 -4.551589 53.15017
v 30.08996 -5.234817 54.30107
v 30.08996 -5.234817 54.30107
v 30.00237 -4.551589 53.15017
v 29.32193 -5.197685 54.11042
v 30.00237 -4.551589 53.15017
v 29.21466 -4.840517 52.92749
v 29.32193 -5.197685 54.11042
v 29.0981 -5.555525 52.23663
v 29.21466 -4.840517 52.92749
v 29.49356 -5.032323 51.98655
v 30.30029 -5.612937 51.70351
v 29.49356 -5.032323 51.98655
v 30.07024 -4.854829 51.90243
v 30.30029 -5.612937 51.70351
v 30.07024 -4.854829 51.90243
v 30.6996 -4.882739 52.24872
v 31.06138 -5.546707 53.32626
v 31.07253 -5.264464 52.59949
v 30.76315 -4.86977 53.41973
v 30.5237 -5.795528 54.17817
v 30.76315 -4.86977 53.41973
v 30.08996 -5.234817 54.30107
v 28.93144 -5.781405 53.74449
v 29.32193 -5.197685 54.11042
v 29.21466 -4.840517 52.92749
v 29.39978 -6.003589 52.15847
v 30.30029 -5.612937 51.70351
v 30.5004 -6.048072 52.09103
v 30.30029 -5.612937 51.70351
v 30.6996 -4.882739 52.24872
v 31.07253 -5.264464 52.59949
v 30.30029 -5.612937 51.70351
v 31.07253 -5.264464 52.59949
v 30.5004 -6.048072 52.09103
v 30.5004 -6.048072 52.09103
v 31.07253 -5.264464 52.59949
v 30.9023 -6.016704 53.45689
v 31.06138 -5.546707 53.32626
v 30.76315 -4.86977 53.41973
v 30.5237 -5.795528 54.17817
v 31.06138 -5.546707 53.32626
v 30.5237 -5.795528 54.17817
v 30.9023 -6.016704 53.45689
v 30.08996 -5.234817 54.30107
v 29.32193 -5.197685 54.11042
v 29.56412 -5.979096 54.26242
v 29.56412 -5.979096 54.26242
v 29.32193 -5.197685 54.11042
v 28.93144 -5.781405 53.74449
v 28.93144 -5.781405 53.74449
v 29.21466 -4.840517 52.92749
v 29.0981 -5.555525 52.23663
v 28.93144 -5.781405 53.74449
v 29.0981 -5.555525 52.23663
v 28.9905 -6.006783 53.19606
v 28.9905 -6.006783 53.19606
v 29.0981 -5.555525 52.23663
v 29.39978 -6.003589 52.15847
v 28.9905 -6.006783 53.19606
v 29.39978 -6.003589 52.15847
v 30.5004 -6.048072 52.09103
v 29.56412 -5.979096 54.26242
v 30.9023 -6.016704 53.45689
v 30.5237 -5.795528 54.17817
v 29.56412 -5.979096 54.26242
v 28.9905 -6.006783 53.19606
v 30.5004 -6.048072 52.09103
v 30.9023 -6.016704 53.45689
v 29.0981 -5.555525 52.23663
v 29.49356 -5.032323 51.98655
v 30.30029 -5.612937 51.70351
v 29.39978 -6.003589 52.15847
f 3936 3937 3938
f 3939 3940 3941
f 3942 3943 3944
f 3945 3946 3947
f 3948 3949 3950
f 3951 3952 3953
f 3954 3955 3956
f 3957 3958 3959
f 3960 3961 3962
f 3963 3964 3965
f 3966 3967 3968
f 3969 3970 3971
f 3972 3973 3974
f 3975 3976 3977
f 3978 3979 3980
f 3981 3982 3983
f 3984 3985 3986
f 3987 3988 3989
f 3990 3991 3992
f 3993 3994 3995
f 3996 3997 3998
f 3999 4000 4001
f 4002 4003 4004
f 4005 4006 4007
f 4008 4009 4010
f 4011 4012 4013
f 4014 4015 4016
f 4017 4018 4019
f 4020 4021 4022
f 4023 4024 4025
f 4026 4027 4028
f 4028 4029 4026
f 4030 4031 4032
f 4030 4032 4033
v -0.9666256 6.206923 22.25488
v -0.9002346 5.953576 21.63839
v -0.255437 5.984698 22.83709
v 0.8232274 6.191047 22.74237
v 0.3356666 6.821343 22.88054
v -0.255437 5.984698 22.83709
v 1.248811 5.942424 21.93158
v 1.440166 6.788016 20.96778
v 1.427641 6.470747 21.78474
v -0.6482613 7.264575 21.33649
v 0.2372061 7.589359 21.58681
v 0.3134971 7.248487 20.18422
v -0.6482613 7.264575 21.33649
v 0.3134971 7.248487 20.18422
v -0.3347551 7.048965 20.27878
v 0.3134971 7.248487 20.18422
v 0.2372061 7.589359 21.58681
v 1.020957 7.217113 20.57349
v 1.020957 7.217113 20.57349
v 0.2372061 7.589359 21.58681
v 1.092391 7.231691 21.88982
v 1.020957 7.217113 20.57349
v 1.092391 7.231691 21.88982
v 1.440166 6.788016 20.96778
v 1.092391 7.231691 21.88982
v 0.2372061 7.589359 21.58681
v 0.3356666 6.821343 22.88054
v 0.3356666 6.821343 22.88054
v 0.2372061 7.589359 21.58681
v -0.5276744 6.863083 22.66623
v 0.2372061 7.589359 21.58681
v -0.6482613 7.264575 21.33649
v -0.5276744 6.863083 22.66623
v -0.7792854 6.460835 20.55989
v -0.6482613 7.264575 21.33649
v -0.3347551 7.048965 20.27878
v 0.5721014 6.396297 19.96062
v -0.3347551 7.048965 20.27878
v 0.3134971 7.248487 20.18422
v 0.5721014 6.396297 19.96062
v 0.3134971 7.248487 20.18422
v 1.020957 7.217113 20.57349
v 1.427641 6.470747 21.78474
v 1.440166 6.788016 20.96778
v 1.092391 7.231691 21.88982
v 0.8232274 6.191047 22.74237
v 1.092391 7.231691 21.88982
v 0.3356666 6.821343 22.88054
v -0.9666256 6.206923 22.25488
v -0.5276744 6.863083 22.66623
v -0.6482613 7.264575 21.33649
v -0.4401665 5.957166 20.47203
v 0.5721014 6.396297 19.96062
v 0.7970352 5.907162 20.39622
v 0.5721014 6.396297 19.96062
v 1.020957 7.217113 20.57349
v 1.440166 6.788016 20.96778
v 0.5721014 6.396297 19.96062
v 1.440166 6.788016 20.96778
v 0.7970352 5.907162 20.39622
v 0.7970352 5.907162 20.39622
v 1.440166 6.788016 20.96778
v 1.248811 5.942424 21.93158
v 1.427641 6.470747 21.78474
v 1.092391 7.231691 21.88982
v 0.8232274 6.191047 22.74237
v 1.427641 6.470747 21.78474
v 0.8232274 6.191047 22.74237
v 1.248811 5.942424 21.93158
v 0.3356666 6.821343 22.88054
v -0.5276744 6.863083 22.66623
v -0.255437 5.984698 22.83709
v -0.255437 5.984698 22.83709
v -0.5276744 6.863083 22.66623
v -0.9666256 6.206923 22.25488
v -0.9666256 6.206923 22.25488
v -0.6482613 7.264575 21.33649
v -0.7792854 6.460835 20.55989
v -0.9666256 6.206923 22.25488
v -0.7792854 6.460835 20.55989
v -0.9002346 5.953576 21.63839
v -0.9002346 5.953576 21.63839
v -0.7792854 6.460835 20.55989
v -0.4401665 5.957166 20.47203
v -0.9002346 5.953576 21.63839
v -0.4401665 5.957166 20.47203
v 0.7970352 5.907162 20.39622
v -0.255437 5.984698 22.83709
v 1.248811 5.942424 21.93158
v 0.8232274 6.191047 22.74237
v -0.255437 5.984698 22.83709
v -0.9002346 5.953576 21.63839
v 0.7970352 5.907162 20.39622
v 1.248811 5.942424 21.93158
v -0.7792854 6.460835 20.55989
v -0.3347551 7.048965 20.27878
v 0.5721014 6.396297 19.96062
v -0.4401665 5.957166 20.47203
f 4034 4035 4036
f 4037 4038 4039
f 4040 4041 4042
f 4043 4044 4045
f 4046 4047 4048
f 4049 4050 4051
f 4052 4053 4054
f 4055 4056 4057
f 4058 4059 4060
f 4061 4062 4063
f 4064 4065 4066
f 4067 4068 4069
f 4070 4071 4072
f 4073 4074 4075
f 4076 4077 4078
f 4079 4080 4081
f 4082 4083 4084
f 4085 4086 4087
f 4088 4089 4090
f 4091 4092 4093
f 4094 4095 4096
f 4097 4098 4099
f 4100 4101 4102
f 4103 4104 4105
f 4106 4107 4108
f 4109 4110 4111
f 4112 4113 4114
f 4115 4116 4117
f 4118 4119 4120
f 4121 4122 4123
f 4124 4125 4126
f 4126 4127 4124
f 4128 4129 4130
f 4128 4130 4131
v -11.85708 -5.733325 -6.117021
v -11.79802 -5.958703 -6.66545
v -11.2244 -5.931016 -5.599088
v -10.26482 -5.747448 -5.683347
v -10.69856 -5.186737 -5.560438
v -11.2244 -5.931016 -5.599088
v -9.886225 -5.968624 -6.404625
v -9.715996 -5.216384 -7.262022
v -9.727138 -5.498627 -6.535256
v -11.57386 -4.792437 -6.93402
v -10.78615 -4.503509 -6.711338
v -10.71828 -4.806749 -7.959085
v -11.57386 -4.792437 -6.93402
v -10.71828 -4.806749 -7.959085
v -11.29497 -4.984243 -7.874958
v -10.71828 -4.806749 -7.959085
v -10.78615 -4.503509 -6.711338
v -10.08892 -4.834659 -7.612791
v -10.08892 -4.834659 -7.612791
v -10.78615 -4.503509 -6.711338
v -10.02538 -4.82169 -6.441779
v -10.08892 -4.834659 -7.612791
v -10.02538 -4.82169 -6.441779
v -9.715996 -5.216384 -7.262022
v -10.02538 -4.82169 -6.441779
v -10.78615 -4.503509 -6.711338
v -10.69856 -5.186737 -5.560438
v -10.69856 -5.186737 -5.560438
v -10.78615 -4.503509 -6.711338
v -11.46659 -5.149605 -5.751085
v -10.78615 -4.503509 -6.711338
v -11.57386 -4.792437 -6.93402
v -11.46659 -5.149605 -5.751085
v -11.69042 -5.507445 -7.624885
v -11.57386 -4.792437 -6.93402
v -11.29497 -4.984243 -7.874958
v -10.48823 -5.564857 -8.157996
v -11.29497 -4.984243 -7.874958
v -10.71828 -4.806749 -7.959085
v -10.48823 -5.564857 -8.157996
v -10.71828 -4.806749 -7.959085
v -10.08892 -4.834659 -7.612791
v -9.727138 -5.498627 -6.535256
v -9.715996 -5.216384 -7.262022
v -10.02538 -4.82169 -6.441779
v -10.26482 -5.747448 -5.683347
v -10.02538 -4.82169 -6.441779
v -10.69856 -5.186737 -5.560438
v -11.85708 -5.733325 -6.117021
v -11.46659 -5.149605 -5.751085
v -11.57386 -4.792437 -6.93402
v -11.38874 -5.955509 -7.703043
v -10.48823 -5.564857 -8.157996
v -10.28813 -5.999992 -7.770487
v -10.48823 -5.564857 -8.157996
v -10.08892 -4.834659 -7.612791
v -9.715996 -5.216384 -7.262022
v -10.48823 -5.564857 -8.157996
v -9.715996 -5.216384 -7.262022
v -10.28813 -5.999992 -7.770487
v -10.28813 -5.999992 -7.770487
v -9.715996 -5.216384 -7.262022
v -9.886225 -5.968624 -6.404625
v -9.727138 -5.498627 -6.535256
v -10.02538 -4.82169 -6.441779
v -10.26482 -5.747448 -5.683347
v -9.727138 -5.498627 -6.535256
v -10.26482 -5.747448 -5.683347
v -9.886225 -5.968624 -6.404625
v -10.69856 -5.186737 -5.560438
v -11.46659 -5.149605 -5.751085
v -11.2244 -5.931016 -5.599088
v -11.2244 -5.931016 -5.599088
v -11.46659 -5.149605 -5.751085
v -11.85708 -5.733325 -6.117021
v -11.85708 -5.733325 -6.117021
v -11.57386 -4.792437 -6.93402
v -11.69042 -5.507445 -7.624885
v -11.85708 -5.733325 -6.117021
v -11.69042 -5.507445 -7.624885
v -11.79802 -5.958703 -6.66545
v -11.79802 -5.958703 -6.66545
v -11.69042 -5.507445 -7.624885
v -11.38874 -5.955509 -7.703043
v -11.79802 -5.958703 -6.66545
v -11.38874 -5.955509 -7.703043
v -10.28813 -5.999992 -7.770487
v -11.2244 -5.931016 -5.599088
v -9.886225 -5.968624 -6.404625
v -10.26482 -5.747448 -5.683347
v -11.2244 -5.931016 -5.599088
v -11.79802 -5.958703 -6.66545
v -10.28813 -5.999992 -7.770487
v -9.886225 -5.968624 -6.404625
v -11.69042 -5.507445 -7.624885
v -11.29497 -4.984243 -7.874958
v -10.48823 -5.564857 -8.157996
v -11.38874 -5.955509 -7.703043
f 4132 4133 4134
f 4135 4136 4137
f 4138 4139 4140
f 4141 4142 4143
f 4144 4145 4146
f 4147 4148 4149
f 4150 4151 4152
f 4153 4154 4155
f 4156 4157 4158
f 4159 4160 4161
f 4162 4163 4164
f 4165 4166 4167
f 4168 4169 4170
f 4171 4172 4173
f 4174 4175 4176
f 4177 4178 4179
f 4180 4181 4182
f 4183 4184 4185
f 4186 4187 4188
f 4189 4190 4191
f 4192 4193 4194
f 4195 4196 4197
f 4198 4199 4200
f 4201 4202 4203
f 4204 4205 4206
f 4207 4208 4209
f 4210 4211 4212
f 4213 4214 4215
f 4216 4217 4218
f 4219 4220 4221
f 4222 4223 4224
f 4224 4225 4222
f 4226 4227 4228
f 4226 4228 4229
v -34.42141 -5.948736 -7.240061
v -34.41991 -5.945952 -7.212305
v -33.19445 1.226314 -7.997871
v -33.19595 1.223531 -8.025626
v -34.41751 -5.952404 -7.26748
v -33.19205 1.219862 -8.053045
v -34.40838 -5.956816 -7.293508
v -33.18292 1.215451 -8.079073
v -34.39435 -5.961802 -7.317144
v -33.16889 1.210464 -8.102709
v -34.37596 -5.967171 -7.337481
v -33.15051 1.205096 -8.123046
v -34.35393 -5.972716 -7.353736
v -33.12847 1.199551 -8.139302
v -34.3291 -5.978223 -7.365286
v -33.10364 1.194043 -8.150851
v -34.30242 -5.983483 -7.371686
v -33.07696 1.188784 -8.157252
v -34.41991 -5.945952 -7.212305
v -33.18761 1.228106 -7.970844
v -33.19445 1.226314 -7.997871
v -34.41307 -5.94416 -7.185278
v -33.1757 1.228838 -7.945585
v -34.40116 -5.943429 -7.16002
v -33.15918 1.228481 -7.923066
v -34.38463 -5.943786 -7.1375
v -33.13867 1.227049 -7.90415
v -34.36413 -5.945218 -7.118584
v -33.11497 1.224597 -7.889565
v -34.34043 -5.94767 -7.103999
v -33.08899 1.22122 -7.879871
v -34.31445 -5.951047 -7.094306
v -33.06172 1.217046 -7.875442
v -34.28718 -5.95522 -7.089876
v -33.03422 1.212238 -7.876446
v -34.25968 -5.960029 -7.09088
v -34.25968 -5.960029 -7.09088
v -33.00754 1.206978 -7.882846
v -33.03422 1.212238 -7.876446
v -34.233 -5.965289 -7.097281
v -32.98271 1.20147 -7.894396
v -34.20817 -5.970797 -7.108831
v -32.96068 1.195925 -7.910652
v -34.18614 -5.976341 -7.125087
v -32.9423 1.190557 -7.930989
v -34.16776 -5.98171 -7.145423
v -32.92826 1.185571 -7.954625
v -34.15372 -5.986696 -7.16906
v -32.91913 1.181159 -7.980653
v -34.14458 -5.991108 -7.195087
v -32.91523 1.17749 -8.008072
v -34.14069 -5.994776 -7.222506
v -32.91673 1.174707 -8.035828
v -34.14219 -5.99756 -7.250262
v -34.14219 -5.99756 -7.250262
v -32.92357 1.172915 -8.062854
v -32.91673 1.174707 -8.035828
v -34.14903 -5.999352 -7.277288
v -32.93548 1.172183 -8.088113
v -34.16094 -6.000083 -7.302547
v -32.95201 1.17254 -8.110633
v -34.17747 -5.999726 -7.325067
v -32.97252 1.173972 -8.129549
v -34.19798 -5.998294 -7.343983
v -32.99622 1.176424 -8.144134
v -34.22167 -5.995842 -7.358568
v -33.02219 1.179802 -8.153827
v -34.24765 -5.992465 -7.368262
v -33.04946 1.183975 -8.158257
v -34.27492 -5.988292 -7.372691
v -33.07696 1.188784 -8.157252
v -34.30242 -5.983483 -7.371686
v -33.18761 1.228106 -7.970844
v -33.1757 1.228838 -7.945585
v -33.15918 1.228481 -7.923066
v -33.13867 1.227049 -7.90415
v -33.19445 1.226314 -7.997871
v -33.11497 1.224597 -7.889565
v -33.19595 1.223531 -8.025626
v -33.19205 1.219862 -8.053045
v -33.08899 1.22122 -7.879871
v -33.18292 1.215451 -8.079073
v -33.06172 1.217046 -7.875442
v -33.16889 1.210464 -8.102709
v -33.03422 1.212238 -7.876446
v -33.15051 1.205096 -8.123046
v -33.00754 1.206978 -7.882846
v -33.12847 1.199551 -8.139302
v -32.98271 1.20147 -7.894396
v -33.10364 1.194043 -8.150851
v -32.96068 1.195925 -7.910652
v -33.07696 1.188784 -8.157252
v -32.9423 1.190557 -7.930989
v -33.04946 1.183975 -8.158257
v -32.92826 1.185571 -7.954625
v -33.02219 1.179802 -8.153827
v -32.91913 1.181159 -7.980653
v -32.99622 1.176424 -8.144134
v -32.91523 1.17749 -8.008072
v -32.97252 1.173972 -8.129549
v -32.91673 1.174707 -8.035828
v -32.95201 1.17254 -8.110633
v -32.92357 1.172915 -8.062854
v -32.93548 1.172183 -8.088113
v -34.38463 -5.943786 -7.1375
v -34.40116 -5.943429 -7.16002
v -34.41307 -5.94416 -7.185278
v -34.36413 -5.945218 -7.118584
v -34.41991 -5.945952 -7.212305
v -34.34043 -5.94767 -7.103999
v -34.42141 -5.948736 -7.240061
v -34.31445 -5.951047 -7.094306
v -34.41751 -5.952404 -7.26748
v -34.28718 -5.95522 -7.089876
v -34.40838 -5.956816 -7.293508
v -34.39435 -5.961802 -7.317144
v -34.25968 -5.960029 -7.09088
v -34.37596 -5.967171 -7.337481
v -34.233 -5.965289 -7.097281
v -34.35393 -5.972716 -7.353736
v -34.20817 -5.970797 -7.108831
v -34.3291 -5.978223 -7.365286
v -34.18614 -5.976341 -7.125087
v -34.30242 -5.983483 -7.371686
v -34.16776 -5.98171 -7.145423
v -34.27492 -5.988292 -7.372691
v -34.15372 -5.986696 -7.16906
v -34.24765 -5.992465 -7.368262
v -34.14458 -5.991108 -7.195087
v -34.22167 -5.995842 -7.358568
v -34.14069 -5.994776 -7.222506
v -34.19798 -5.998294 -7.343983
v -34.14219 -5.99756 -7.250262
v -34.17747 -5.999726 -7.325067
v -34.14903 -5.999352 -7.277288
v -34.16094 -6.000083 -7.302547
v -30.98859 -1.118173 -9.228901
v -30.97731 -2.297266 -9.226372
v -31.33124 -2.289619 -9.708661
v -31.31437 -1.111134 -9.672849
v -31.77041 -2.258952 -10.11377
v -31.22624 -0.2911726 -9.093936
v -31.71863 -1.082905 -10.04575
v -31.50191 -0.2852163 -9.469582
v -31.70729 0.5174296 -8.813964
v -31.84397 -0.2613303 -9.78511
v -31.90106 0.5216164 -9.078008
v -32.08977 0.8523987 -8.588951
v -32.1415 0.538406 -9.299795
v -32.22538 0.8553288 -8.773746
v -32.71001 1.16864 -8.222279
v -32.39365 0.8670792 -8.928965
v -32.75644 1.169643 -8.285545
v -32.67655 1.170695 -8.151319
v -32.81405 1.173666 -8.338687
v -32.65734 1.175729 -8.075392
v -32.65313 1.18355 -7.997416
v -32.88063 1.180554 -8.379661
v -31.93593 0.8731061 -8.159912
v -32.66407 1.193855 -7.920387
v -32.95362 1.190042 -8.406894
v -31.92362 0.8959479 -7.932154
v -31.48749 0.5470176 -8.200929
v -31.95556 0.9260489 -7.707164
v -32.68974 1.20625 -7.847267
v -31.46989 0.5796552 -7.875494
v -30.91353 -0.2490789 -8.22179
v -31.51553 0.6226653 -7.554016
v -30.88849 -0.2026464 -7.758807
v -30.61901 -1.068426 -8.198179
v -30.95343 -0.1414575 -7.30145
v -30.58943 -1.013551 -7.651015
v -30.57582 -2.243223 -8.10663
v -30.66617 -0.9412367 -7.1105
v -30.54368 -2.183608 -7.512209
v -30.62705 -2.105048 -6.925012
v -33.03022 1.201767 -8.419337
v -32.72915 1.220257 -7.780864
v -33.02504 0.9491575 -9.164536
v -32.80132 0.9149126 -9.128189
v -33.04367 0.6556842 -9.636393
v -32.724 0.6067532 -9.584457
v -33.12746 -0.09448253 -10.26398
v -32.67267 -0.1640952 -10.19009
v -33.23548 -0.8857207 -10.61168
v -32.69801 -0.9679904 -10.52436
v -33.41826 -2.044738 -10.72858
v -32.83437 -2.134113 -10.63372
v -34.00721 -1.941754 -10.70706
v -33.77761 -0.7909238 -10.59188
v -33.58617 -0.01427017 -10.24722
v -33.3661 0.7120659 -9.624613
v -33.2507 0.9886169 -9.156292
v -33.10747 1.215276 -8.416514
v -32.7808 1.23534 -7.723731
v -33.18242 1.230051 -8.398534
v -32.14567 1.003167 -7.299634
v -32.84269 1.250917 -7.678063
v -33.25219 1.245525 -8.366087
v -32.29653 1.047221 -7.132755
v -31.78717 0.732856 -6.971714
v -32.47732 1.09272 -6.999364
v -32.91246 1.266391 -7.645616
v -32.00272 0.7958022 -6.733268
v -31.33988 0.01530722 -6.473028
v -32.26104 0.8608144 -6.542672
v -31.64654 0.1048587 -6.133799
v -31.12289 -0.7559686 -6.131453
v -32.01405 0.1973493 -5.862645
v -31.48531 -0.6501346 -5.730544
v -31.12321 -1.903779 -5.861408
v -31.91963 -0.5408271 -5.410088
v -31.51693 -1.788805 -5.425874
v -31.98876 -1.670057 -5.077742
v -33.31408 1.261102 -8.320418
v -32.98741 1.281166 -7.627635
v -33.85418 1.12247 -8.875607
v -33.67339 1.076971 -9.008997
v -34.22839 0.9033236 -9.223553
v -33.97007 0.8383114 -9.414149
v -34.81291 0.2578256 -9.676644
v -34.44541 0.165335 -9.947799
v -35.22739 -0.4693547 -9.917559
v -34.79308 -0.5786623 -10.23802
v -35.58221 -1.592412 -9.974506
v -35.11038 -1.71116 -10.32264
v -35.97593 -1.477437 -9.538972
v -35.58981 -0.3635208 -9.51665
v -35.11958 0.3473771 -9.337415
v -34.44394 0.9662697 -8.985107
v -34.00504 1.166524 -8.708728
v -33.36573 1.276185 -8.263286
v -33.06466 1.294675 -7.624812
v -33.40514 1.290192 -8.196882
v -32.90001 1.181074 -6.852069
v -33.14126 1.3064 -7.637256
v -33.43081 1.302587 -8.123762
v -33.12566 1.220533 -6.843825
v -32.86501 0.9870594 -6.332209
v -33.34939 1.254778 -6.880172
v -33.21425 1.315888 -7.664488
v -33.18744 1.043441 -6.320429
v -32.87328 0.3769538 -5.563226
v -33.50711 1.092372 -6.372364
v -33.332 0.4571662 -5.546467
v -32.93509 -0.3285665 -5.056228
v -33.78679 0.5267789 -5.620354
v -33.47721 -0.2337695 -5.036422
v -33.09193 -1.439464 -4.69332
v -34.01469 -0.1514998 -5.123743
v -33.68087 -1.33648 -4.671803
v -34.26477 -1.247105 -4.766665
v -33.44175 1.312893 -8.046734
v -33.28083 1.322776 -7.705463
v -34.22709 1.273743 -8.076207
v -34.19514 1.243642 -8.301197
v -34.76122 1.119471 -8.081326
v -34.71558 1.076461 -8.402804
v -35.57096 0.5653307 -8.051636
v -35.50602 0.5041418 -8.508993
v -36.12328 -0.1059383 -7.997087
v -36.04653 -0.1782527 -8.537602
v -36.55547 -1.197608 -7.88817
v -36.47209 -1.276168 -8.475368
v -36.52332 -1.137994 -7.293748
v -36.09369 -0.05106324 -7.449922
v -35.54593 0.6117632 -7.588652
v -34.74363 1.152108 -7.755892
v -34.21478 1.296585 -7.848449
v -33.43753 1.320713 -7.968758
v -33.33844 1.326799 -7.758605
v -33.41833 1.325747 -7.892831
v -33.75706 1.302612 -7.079395
v -33.38487 1.327802 -7.821871
v -33.92533 1.314362 -7.234615
v -34.08961 1.16072 -6.657025
v -34.06094 1.317292 -7.419409
v -34.33005 1.177509 -6.878812
v -34.61548 0.6240142 -6.025331
v -34.52382 1.181696 -7.142856
v -34.95755 0.6479003 -6.34086
v -34.99407 -0.03658474 -5.602355
v -35.23321 0.6538568 -6.716506
v -35.39833 -0.008355564 -5.975253
v -35.32873 -1.122265 -5.286613
v -35.72411 -0.001316123 -6.4192
v -35.76791 -1.091598 -5.691718
v -36.12183 -1.08395 -6.174007
v -31.12321 -1.903779 -5.861408
v -31.51693 -1.788805 -5.425874
v -31.65047 -1.782354 -5.575292
v -31.28262 -1.889774 -5.982212
v -30.82274 -2.010562 -6.367605
v -32.0913 -1.671407 -5.250031
v -31.98876 -1.670057 -5.077742
v -31.00188 -1.989541 -6.455153
v -30.62705 -2.105048 -6.925012
v -32.58818 -1.561199 -5.018929
v -32.52057 -1.5521 -4.830389
v -30.81905 -2.077821 -6.975939
v -30.54368 -2.183608 -7.512209
v -33.122 -1.455964 -4.890865
v -33.09193 -1.439464 -4.69332
v -30.74116 -2.151219 -7.524559
v -30.57582 -2.243223 -8.10663
v -33.67225 -1.359745 -4.870761
v -33.68087 -1.33648 -4.671803
v -30.77119 -2.206917 -8.079928
v -30.72224 -2.2816 -8.685432
v -34.21778 -1.276242 -4.959391
v -34.26477 -1.247105 -4.766665
v -30.90799 -2.242774 -8.620704
v -30.97731 -2.297266 -9.226372
v -34.73764 -1.208662 -5.153348
v -34.82119 -1.174773 -4.974261
v -31.1463 -2.257411 -9.126104
v -31.33124 -2.289619 -9.708661
v -35.21185 -1.159604 -5.44518
v -35.32873 -1.122265 -5.286613
v -31.47697 -2.250266 -9.576709
v -31.77041 -2.258952 -10.11377
v -35.62217 -1.130951 -5.82367
v -35.76791 -1.091598 -5.691718
v -31.88729 -2.221613 -9.955199
v -32.27795 -2.206444 -10.42612
v -35.95284 -1.123806 -6.274274
v -36.12183 -1.08395 -6.174007
v -32.3615 -2.172555 -10.24703
v -32.83437 -2.134113 -10.63372
v -36.19115 -1.138443 -6.779675
v -36.3769 -1.099616 -6.714947
v -32.88135 -2.104975 -10.44099
v -33.41826 -2.044738 -10.72858
v -36.32795 -1.174299 -7.320451
v -36.52332 -1.137994 -7.293748
v -33.42689 -2.021472 -10.52962
v -34.00721 -1.941754 -10.70706
v -36.35798 -1.229997 -7.87582
v -36.55547 -1.197608 -7.88817
v -33.97714 -1.925254 -10.50952
v -34.57856 -1.829118 -10.56999
v -36.28009 -1.303396 -8.42444
v -36.47209 -1.276168 -8.475368
v -34.51096 -1.820018 -10.38145
v -35.11038 -1.71116 -10.32264
v -36.09726 -1.391675 -8.945228
v -36.27641 -1.370655 -9.032775
v -35.00784 -1.70981 -10.15035
v -35.58221 -1.592412 -9.974506
v -35.81652 -1.491442 -9.418168
v -35.97593 -1.477437 -9.538972
v -35.44867 -1.598863 -9.825089
v -35.87092 -0.2099074 -8.490002
v -35.70262 -0.2911688 -8.969386
v -35.44421 -0.3830044 -9.404728
v -35.1056 -0.4818853 -9.779299
v -34.69981 -0.5840116 -10.0787
v -34.24244 -0.6854587 -10.29143
v -35.94262 -0.1423444 -7.984997
v -33.75106 -0.782328 -10.40932
v -35.91498 -0.09107456 -7.47378
v -33.24455 -0.8708969 -10.42782
v -35.78905 -0.05806892 -6.975996
v -32.74238 -0.9477617 -10.34624
v -35.56968 -0.04459571 -6.510774
v -32.26385 -1.009968 -10.1677
v -35.2653 -0.05117264 -6.095993
v -31.82735 -1.055127 -9.899065
v -34.8876 -0.07754724 -5.747593
v -31.44965 -1.081501 -9.550665
v -34.4511 -0.1227057 -5.478962
v -31.14527 -1.088078 -9.135883
v -33.97257 -0.1849126 -5.300425
v -30.9259 -1.074604 -8.670662
v -33.4704 -0.2617775 -5.218841
v -30.79998 -1.041598 -8.172878
v -32.96389 -0.3503464 -5.237346
v -30.77233 -0.9903293 -7.661662
v -32.47251 -0.4472158 -5.355229
v -30.84404 -0.9227657 -7.156657
v -32.01514 -0.5486614 -5.567958
v -31.01233 -0.8415041 -6.677273
v -31.60936 -0.6507883 -5.867361
v -31.27075 -0.7496686 -6.241931
v -32.89858 0.35307 -5.715882
v -32.4828 0.2711039 -5.815629
v -32.0958 0.1852657 -5.995629
v -31.75244 0.09885091 -6.248969
v -31.46593 0.01518342 -6.565912
v -31.24727 -0.06252325 -6.934277
v -33.32716 0.4280126 -5.700223
v -31.10486 -0.1312828 -7.339908
v -33.75207 0.4930519 -5.769256
v -31.04419 -0.1884519 -7.767218
v -34.15698 0.5456883 -5.920325
v -31.06758 -0.2318331 -8.199784
v -34.52633 0.5838991 -6.147628
v -31.17413 -0.2597611 -8.620984
v -34.84592 0.606216 -6.442426
v -31.35975 -0.2711621 -9.014631
v -35.10347 0.6117811 -6.793394
v -31.61731 -0.2655964 -9.365599
v -35.28909 0.6003807 -7.187041
v -31.9369 -0.2432803 -9.660398
v -35.39565 0.572453 -7.608241
v -32.30624 -0.205069 -9.8877
v -35.41903 0.529071 -8.040809
v -32.71115 -0.1524332 -10.03877
v -35.35836 0.4719026 -8.468119
v -33.13606 -0.08739406 -10.1078
v -35.21596 0.4031431 -8.87375
v -33.56464 -0.01245143 -10.09215
v -34.9973 0.3254364 -9.242114
v -33.98042 0.06951457 -9.992399
v -34.71078 0.2417683 -9.559057
v -34.36743 0.1553541 -9.812397
v -34.5127 0.9995335 -8.658545
v -34.359 0.944913 -8.91747
v -34.15761 0.8861023 -9.140251
v -33.91626 0.8253612 -9.318325
v -33.64424 0.7650241 -9.444849
v -33.35198 0.7074097 -9.514962
v -34.6128 1.047864 -8.373424
v -33.05073 0.6547322 -9.525968
v -34.65545 1.088049 -8.073065
v -32.75206 0.6090158 -9.477444
v -34.639 1.118542 -7.769011
v -32.46745 0.5720174 -9.371256
v -34.56411 1.138173 -7.472948
v -32.20783 0.5451589 -9.211483
v -34.43364 1.146186 -7.19625
v -31.98319 0.5294724 -9.004268
v -34.2526 1.142274 -6.949554
v -31.80215 0.5255607 -8.757571
v -34.02795 1.126588 -6.742338
v -31.67168 0.533574 -8.480874
v -33.76834 1.099729 -6.582566
v -31.59678 0.5532047 -8.18481
v -33.48373 1.062731 -6.476378
v -31.58034 0.5836981 -7.880756
v -33.18506 1.017014 -6.427855
v -31.62299 0.6238825 -7.580399
v -32.8838 0.9643368 -6.438861
v -31.72309 0.6722136 -7.295278
v -32.59155 0.9067224 -6.508974
v -31.87678 0.726834 -7.036352
v -32.31952 0.8463858 -6.635498
v -32.07817 0.7856448 -6.813571
v -33.12517 1.195162 -6.918255
v -32.91434 1.158295 -6.925958
v -32.7098 1.117973 -6.975027
v -32.51942 1.075746 -7.063576
v -32.35051 1.033236 -7.188203
v -32.20956 0.9920764 -7.344118
v -33.3342 1.227157 -6.952215
v -32.10199 0.9538497 -7.52533
v -33.53339 1.253051 -7.026531
v -32.03194 0.9200248 -7.724874
v -33.71508 1.271848 -7.138349
v -32.00209 0.8919013 -7.935083
v -33.8723 1.282827 -7.283371
v -32.0136 0.8705602 -8.147879
v -33.999 1.285564 -7.456025
v -32.06602 0.8568215 -8.355082
v -34.09031 1.279956 -7.649674
v -32.15733 0.8512132 -8.548731
v -34.14273 1.266218 -7.856877
v -32.28403 0.8539509 -8.721384
v -34.15424 1.244876 -8.069673
v -32.44125 0.8649292 -8.866406
v -34.12439 1.216753 -8.279881
v -32.62294 0.8837264 -8.978225
v -34.05434 1.182928 -8.479426
v -32.82213 0.9096201 -9.052542
v -33.94677 1.144701 -8.660638
v -33.03116 0.9416152 -9.086501
v -33.80582 1.103542 -8.816553
v -33.24199 0.9784822 -9.078799
v -33.63691 1.061032 -8.94118
v -33.44653 1.018804 -9.02973
v -33.34813 1.254989 -8.245317
v -33.29987 1.240897 -8.298697
v -33.24204 1.226343 -8.341365
v -33.17686 1.211886 -8.371681
v -33.10683 1.198081 -8.388481
v -33.03465 1.185459 -8.391118
v -33.38495 1.268076 -8.183278
v -32.96309 1.174506 -8.379491
v -33.40894 1.279656 -8.114962
v -32.8949 1.16564 -8.354048
v -33.41916 1.289285 -8.042994
v -32.83269 1.159205 -8.315765
v -33.41521 1.296591 -7.97014
v -33.39727 1.301295 -7.899202
v -33.2688 1.298519 -7.724143
v -33.2066 1.292084 -7.685861
v -33.366 1.303215 -7.832903
v -33.32263 1.302278 -7.773793
v -33.1384 1.283219 -7.660418
v -33.06684 1.272264 -7.648791
v -32.99466 1.259643 -7.651428
v -32.92463 1.245838 -7.668228
v -32.85945 1.231381 -7.698544
v -32.80162 1.216827 -7.741211
v -32.75337 1.202736 -7.79459
v -32.71654 1.189648 -7.856631
v -32.69256 1.178068 -7.924948
v -32.68234 1.168439 -7.996915
v -32.68628 1.161133 -8.069768
v -32.70423 1.156429 -8.140707
v -32.77887 1.155447 -8.266115
v -32.73549 1.154509 -8.207006
v -30.72224 -2.2816 -8.685432
v -30.75379 -1.103753 -8.730967
v -31.02757 -0.2789706 -8.672608
v -31.56765 0.5260065 -8.517811
v -31.99203 0.8584013 -8.381685
v -30.82274 -2.010562 -6.367605
v -30.8463 -0.8542617 -6.597407
v -31.10585 -0.06786355 -6.867296
v -31.62267 0.6743948 -7.248847
v -32.03054 0.9622524 -7.493588
v -32.27795 -2.206444 -10.42612
v -32.18583 -1.034571 -10.33327
v -32.23929 -0.2204327 -10.0284
v -32.41937 0.5671532 -9.470801
v -32.58812 0.8871982 -9.048646
v -34.57856 -1.829118 -10.56999
v -34.30354 -0.6872429 -10.4657
v -34.03119 0.0734595 -10.14046
v -33.67891 0.7737316 -9.54957
v -33.46962 1.031774 -9.103773
v -36.27641 -1.370655 -9.032775
v -35.8664 -0.2652277 -9.050696
v -35.35361 0.4305479 -8.943147
v -34.60844 1.024731 -8.707974
v -34.12017 1.207439 -8.514773
v -36.3769 -1.099616 -6.714947
v -35.95891 -0.01573673 -6.917135
v -35.43188 0.6416548 -7.137834
v -34.66346 1.173119 -7.439009
v -34.15867 1.31129 -7.626675
v -34.82119 -1.174773 -4.974261
v -34.52687 -0.08491857 -5.314835
v -34.22017 0.5831165 -5.782046
v -33.81174 1.131972 -6.486019
v -33.56258 1.282493 -6.959715
v -32.52057 -1.5521 -4.830389
v -32.40916 -0.4322474 -5.182401
v -32.42826 0.2892241 -5.669987
v -32.5522 0.9253937 -6.407252
v -32.68108 1.137917 -6.904589
f 4230 4231 4232
f 4230 4232 4233
f 4234 4230 4233
f 4234 4233 4235
f 4236 4234 4235
f 4236 4235 4237
f 4238 4236 4237
f 4238 4237 4239
f 4240 4238 4239
f 4240 4239 4241
f 4242 4240 4241
f 4242 4241 4243
f 4244 4242 4243
f 4244 4243 4245
f 4246 4244 4245
f 4246 4245 4247
f 4248 4249 4250
f 4248 4251 4249
f 4251 4252 4249
f 4251 4253 4252
f 4253 4254 4252
f 4253 4255 4254
f 4255 4256 4254
f 4255 4257 4256
f 4257 4258 4256
f 4257 4259 4258
f 4259 4260 4258
f 4259 4261 4260
f 4261 4262 4260
f 4261 4263 4262
f 4263 4264 4262
f 4263 4265 4264
f 4266 4267 4268
f 4266 4269 4267
f 4269 4270 4267
f 4269 4271 4270
f 4271 4272 4270
f 4271 4273 4272
f 4273 4274 4272
f 4273 4275 4274
f 4275 4276 4274
f 4275 4277 4276
f 4277 4278 4276
f 4277 4279 4278
f 4279 4280 4278
f 4279 4281 4280
f 4281 4282 4280
f 4281 4283 4282
f 4284 4285 4286
f 4284 4287 4285
f 4287 4288 4285
f 4287 4289 4288
f 4289 4290 4288
f 4289 4291 4290
f 4291 4292 4290
f 4291 4293 4292
f 4293 4294 4292
f 4293 4295 4294
f 4295 4296 4294
f 4295 4297 4296
f 4297 4298 4296
f 4297 4299 4298
f 4299 4300 4298
f 4299 4301 4300
f 4302 4303 4304
f 4304 4305 4302
f 4305 4306 4302
f 4305 4307 4306
f 4307 4308 4306
f 4307 4309 4308
f 4307 4310 4309
f 4310 4311 4309
f 4310 4312 4311
f 4312 4313 4311
f 4312 4314 4313
f 4314 4315 4313
f 4314 4316 4315
f 4316 4317 4315
f 4316 4318 4317
f 4318 4319 4317
f 4318 4320 4319
f 4320 4321 4319
f 4320 4322 4321
f 4322 4323 4321
f 4322 4324 4323
f 4324 4325 4323
f 4324 4326 4325
f 4326 4327 4325
f 4326 4328 4327
f 4328 4329 4327
f 4328 4330 4329
f 4330 4331 4329
f 4330 4332 4331
f 4332 4333 4331
f 4334 4335 4336
f 4336 4337 4334
f 4336 4338 4337
f 4338 4339 4337
f 4338 4340 4339
f 4340 4341 4339
f 4340 4342 4341
f 4342 4343 4341
f 4342 4344 4343
f 4344 4345 4343
f 4345 4346 4343
f 4345 4347 4346
f 4347 4348 4346
f 4347 4349 4348
f 4349 4350 4348
f 4349 4351 4350
f 4351 4352 4350
f 4351 4353 4352
f 4353 4354 4352
f 4353 4355 4354
f 4355 4356 4354
f 4355 4357 4356
f 4357 4358 4356
f 4357 4359 4358
f 4359 4360 4358
f 4359 4361 4360
f 4361 4362 4360
f 4361 4363 4362
f 4363 4364 4362
f 4363 4365 4364
f 4366 4367 4368
f 4366 4368 4369
f 4369 4368 4370
f 4371 4366 4369
f 4369 4370 4372
f 4371 4369 4373
f 4373 4369 4372
f 4374 4371 4373
f 4373 4372 4375
f 4374 4373 4376
f 4376 4373 4375
f 4377 4374 4376
f 4376 4375 4378
f 4377 4376 4379
f 4379 4376 4378
f 4380 4377 4379
f 4379 4378 4381
f 4380 4379 4382
f 4382 4379 4381
f 4383 4380 4382
f 4382 4381 4384
f 4385 4383 4382
f 4385 4382 4384
f 4386 4385 4384
f 4386 4384 4387
f 4386 4388 4385
f 4389 4386 4387
f 4389 4387 4390
f 4386 4391 4388
f 4389 4391 4386
f 4391 4392 4388
f 4389 4393 4391
f 4394 4389 4390
f 4391 4395 4392
f 4393 4395 4391
f 4395 4396 4392
f 4393 4397 4395
f 4395 4398 4396
f 4397 4398 4395
f 4398 4399 4396
f 4397 4400 4398
f 4398 4401 4399
f 4400 4401 4398
f 4401 4402 4399
f 4400 4403 4401
f 4401 4404 4402
f 4403 4404 4401
f 4403 4405 4404
f 4394 4390 4406
f 4407 4394 4406
f 4390 4408 4406
f 4390 4409 4408
f 4409 4410 4408
f 4409 4411 4410
f 4411 4412 4410
f 4411 4413 4412
f 4413 4414 4412
f 4413 4415 4414
f 4415 4416 4414
f 4415 4417 4416
f 4414 4416 4418
f 4414 4418 4419
f 4412 4414 4419
f 4412 4419 4420
f 4410 4412 4420
f 4410 4420 4421
f 4408 4410 4421
f 4408 4421 4422
f 4406 4408 4422
f 4406 4422 4423
f 4407 4406 4423
f 4424 4407 4423
f 4424 4423 4425
f 4424 4426 4407
f 4427 4424 4425
f 4427 4425 4428
f 4424 4429 4426
f 4427 4429 4424
f 4429 4430 4426
f 4427 4431 4429
f 4432 4427 4428
f 4429 4433 4430
f 4431 4433 4429
f 4433 4434 4430
f 4431 4435 4433
f 4433 4436 4434
f 4435 4436 4433
f 4436 4437 4434
f 4435 4438 4436
f 4436 4439 4437
f 4438 4439 4436
f 4439 4440 4437
f 4438 4441 4439
f 4439 4442 4440
f 4441 4442 4439
f 4441 4443 4442
f 4432 4428 4444
f 4445 4432 4444
f 4428 4446 4444
f 4428 4447 4446
f 4447 4448 4446
f 4447 4449 4448
f 4449 4450 4448
f 4449 4451 4450
f 4451 4452 4450
f 4451 4453 4452
f 4453 4454 4452
f 4453 4455 4454
f 4452 4454 4456
f 4452 4456 4457
f 4450 4452 4457
f 4450 4457 4458
f 4448 4450 4458
f 4448 4458 4459
f 4446 4448 4459
f 4446 4459 4460
f 4444 4446 4460
f 4444 4460 4461
f 4445 4444 4461
f 4462 4445 4461
f 4462 4461 4463
f 4462 4464 4445
f 4465 4462 4463
f 4465 4463 4466
f 4462 4467 4464
f 4465 4467 4462
f 4467 4468 4464
f 4465 4469 4467
f 4470 4465 4466
f 4467 4471 4468
f 4469 4471 4467
f 4471 4472 4468
f 4469 4473 4471
f 4471 4474 4472
f 4473 4474 4471
f 4474 4475 4472
f 4473 4476 4474
f 4474 4477 4475
f 4476 4477 4474
f 4477 4478 4475
f 4476 4479 4477
f 4477 4480 4478
f 4479 4480 4477
f 4479 4481 4480
f 4470 4466 4482
f 4483 4470 4482
f 4466 4484 4482
f 4466 4485 4484
f 4485 4486 4484
f 4485 4487 4486
f 4487 4488 4486
f 4487 4489 4488
f 4489 4490 4488
f 4489 4491 4490
f 4491 4492 4490
f 4491 4493 4492
f 4490 4492 4494
f 4490 4494 4495
f 4488 4490 4495
f 4488 4495 4496
f 4486 4488 4496
f 4486 4496 4497
f 4484 4486 4497
f 4484 4497 4498
f 4482 4484 4498
f 4482 4498 4499
f 4483 4482 4499
f 4500 4483 4499
f 4500 4499 4501
f 4500 4502 4483
f 4501 4503 4500
f 4500 4504 4502
f 4503 4504 4500
f 4504 4505 4502
f 4503 4506 4504
f 4504 4507 4505
f 4506 4507 4504
f 4507 4508 4505
f 4506 4509 4507
f 4507 4510 4508
f 4509 4510 4507
f 4510 4511 4508
f 4509 4512 4510
f 4510 4513 4511
f 4512 4513 4510
f 4513 4514 4511
f 4512 4515 4513
f 4513 4516 4514
f 4515 4516 4513
f 4515 4517 4516
f 4518 4519 4520
f 4518 4520 4521
f 4522 4518 4521
f 4519 4523 4520
f 4519 4524 4523
f 4522 4521 4525
f 4526 4522 4525
f 4524 4527 4523
f 4524 4528 4527
f 4526 4525 4529
f 4530 4526 4529
f 4528 4531 4527
f 4528 4532 4531
f 4530 4529 4533
f 4534 4530 4533
f 4532 4535 4531
f 4532 4536 4535
f 4534 4533 4537
f 4538 4534 4537
f 4536 4539 4535
f 4536 4540 4539
f 4538 4537 4541
f 4542 4538 4541
f 4540 4543 4539
f 4540 4544 4543
f 4542 4541 4545
f 4546 4542 4545
f 4544 4547 4543
f 4544 4548 4547
f 4546 4545 4549
f 4550 4546 4549
f 4548 4551 4547
f 4548 4552 4551
f 4550 4549 4553
f 4554 4550 4553
f 4552 4555 4551
f 4552 4556 4555
f 4554 4553 4557
f 4558 4554 4557
f 4556 4559 4555
f 4556 4560 4559
f 4558 4557 4561
f 4562 4558 4561
f 4560 4563 4559
f 4560 4564 4563
f 4562 4561 4565
f 4566 4562 4565
f 4564 4567 4563
f 4564 4568 4567
f 4566 4565 4569
f 4570 4566 4569
f 4568 4571 4567
f 4568 4572 4571
f 4570 4569 4573
f 4574 4570 4573
f 4572 4575 4571
f 4572 4576 4575
f 4574 4573 4577
f 4578 4574 4577
f 4576 4579 4575
f 4576 4580 4579
f 4580 4578 4581
f 4578 4577 4581
f 4580 4581 4579
f 4567 4571 4582
f 4571 4575 4583
f 4571 4583 4582
f 4575 4579 4584
f 4575 4584 4583
f 4579 4581 4585
f 4579 4585 4584
f 4581 4577 4586
f 4581 4586 4585
f 4577 4573 4587
f 4577 4587 4586
f 4567 4582 4588
f 4563 4567 4588
f 4573 4589 4587
f 4573 4569 4589
f 4563 4588 4590
f 4559 4563 4590
f 4569 4591 4589
f 4569 4565 4591
f 4559 4590 4592
f 4555 4559 4592
f 4565 4593 4591
f 4565 4561 4593
f 4555 4592 4594
f 4551 4555 4594
f 4561 4595 4593
f 4561 4557 4595
f 4551 4594 4596
f 4547 4551 4596
f 4557 4597 4595
f 4557 4553 4597
f 4547 4596 4598
f 4543 4547 4598
f 4553 4599 4597
f 4553 4549 4599
f 4543 4598 4600
f 4539 4543 4600
f 4549 4601 4599
f 4549 4545 4601
f 4539 4600 4602
f 4535 4539 4602
f 4545 4603 4601
f 4545 4541 4603
f 4535 4602 4604
f 4531 4535 4604
f 4541 4605 4603
f 4541 4537 4605
f 4531 4604 4606
f 4527 4531 4606
f 4537 4607 4605
f 4537 4533 4607
f 4527 4606 4608
f 4523 4527 4608
f 4533 4609 4607
f 4533 4529 4609
f 4523 4608 4610
f 4520 4523 4610
f 4529 4611 4609
f 4529 4525 4611
f 4520 4610 4612
f 4521 4520 4612
f 4525 4521 4613
f 4525 4613 4611
f 4521 4612 4613
f 4608 4606 4614
f 4610 4608 4615
f 4608 4614 4615
f 4612 4610 4616
f 4610 4615 4616
f 4613 4612 4617
f 4612 4616 4617
f 4611 4613 4618
f 4613 4617 4618
f 4609 4611 4619
f 4611 4618 4619
f 4606 4620 4614
f 4606 4604 4620
f 4609 4619 4621
f 4607 4609 4621
f 4604 4622 4620
f 4604 4602 4622
f 4607 4621 4623
f 4605 4607 4623
f 4602 4624 4622
f 4602 4600 4624
f 4605 4623 4625
f 4603 4605 4625
f 4600 4626 4624
f 4600 4598 4626
f 4603 4625 4627
f 4601 4603 4627
f 4598 4628 4626
f 4598 4596 4628
f 4601 4627 4629
f 4599 4601 4629
f 4596 4630 4628
f 4596 4594 4630
f 4599 4629 4631
f 4597 4599 4631
f 4594 4632 4630
f 4594 4592 4632
f 4597 4631 4633
f 4595 4597 4633
f 4592 4634 4632
f 4592 4590 4634
f 4595 4633 4635
f 4593 4595 4635
f 4590 4636 4634
f 4590 4588 4636
f 4593 4635 4637
f 4591 4593 4637
f 4588 4638 4636
f 4588 4582 4638
f 4591 4637 4639
f 4589 4591 4639
f 4582 4640 4638
f 4582 4583 4640
f 4589 4639 4641
f 4587 4589 4641
f 4583 4642 4640
f 4583 4584 4642
f 4587 4641 4643
f 4586 4587 4643
f 4584 4644 4642
f 4584 4585 4644
f 4585 4586 4645
f 4586 4643 4645
f 4585 4645 4644
f 4638 4640 4646
f 4640 4642 4647
f 4640 4647 4646
f 4642 4644 4648
f 4642 4648 4647
f 4644 4645 4649
f 4644 4649 4648
f 4645 4643 4650
f 4645 4650 4649
f 4643 4641 4651
f 4643 4651 4650
f 4638 4646 4652
f 4636 4638 4652
f 4641 4653 4651
f 4641 4639 4653
f 4636 4652 4654
f 4634 4636 4654
f 4639 4655 4653
f 4639 4637 4655
f 4634 4654 4656
f 4632 4634 4656
f 4637 4657 4655
f 4637 4635 4657
f 4632 4656 4658
f 4630 4632 4658
f 4635 4659 4657
f 4635 4633 4659
f 4630 4658 4660
f 4628 4630 4660
f 4633 4661 4659
f 4633 4631 4661
f 4628 4660 4662
f 4626 4628 4662
f 4631 4663 4661
f 4631 4629 4663
f 4626 4662 4664
f 4624 4626 4664
f 4629 4665 4663
f 4629 4627 4665
f 4624 4664 4666
f 4622 4624 4666
f 4627 4667 4665
f 4627 4625 4667
f 4622 4666 4668
f 4620 4622 4668
f 4625 4669 4667
f 4625 4623 4669
f 4620 4668 4670
f 4614 4620 4670
f 4623 4671 4669
f 4623 4621 4671
f 4614 4670 4672
f 4615 4614 4672
f 4621 4673 4671
f 4621 4619 4673
f 4615 4672 4674
f 4616 4615 4674
f 4619 4675 4673
f 4619 4618 4675
f 4616 4674 4676
f 4617 4616 4676
f 4618 4617 4677
f 4618 4677 4675
f 4617 4676 4677
f 4672 4670 4678
f 4674 4672 4679
f 4672 4678 4679
f 4676 4674 4680
f 4674 4679 4680
f 4677 4676 4681
f 4676 4680 4681
f 4675 4677 4682
f 4677 4681 4682
f 4673 4675 4683
f 4675 4682 4683
f 4670 4684 4678
f 4670 4668 4684
f 4673 4683 4685
f 4671 4673 4685
f 4668 4686 4684
f 4668 4666 4686
f 4671 4685 4687
f 4669 4671 4687
f 4666 4688 4686
f 4666 4664 4688
f 4669 4687 4689
f 4667 4669 4689
f 4664 4690 4688
f 4664 4662 4690
f 4667 4689 4691
f 4665 4667 4691
f 4662 4692 4690
f 4662 4660 4692
f 4665 4691 4693
f 4663 4665 4693
f 4660 4694 4692
f 4660 4658 4694
f 4663 4693 4695
f 4661 4663 4695
f 4658 4696 4694
f 4658 4656 4696
f 4661 4695 4697
f 4659 4661 4697
f 4656 4698 4696
f 4656 4654 4698
f 4659 4697 4699
f 4657 4659 4699
f 4654 4700 4698
f 4654 4652 4700
f 4657 4699 4701
f 4655 4657 4701
f 4652 4702 4700
f 4652 4646 4702
f 4655 4701 4703
f 4653 4655 4703
f 4646 4704 4702
f 4646 4647 4704
f 4653 4703 4705
f 4651 4653 4705
f 4647 4706 4704
f 4647 4648 4706
f 4651 4705 4707
f 4650 4651 4707
f 4648 4708 4706
f 4648 4649 4708
f 4649 4650 4709
f 4650 4707 4709
f 4649 4709 4708
f 4702 4704 4710
f 4704 4706 4711
f 4704 4711 4710
f 4706 4708 4712
f 4706 4712 4711
f 4708 4709 4713
f 4708 4713 4712
f 4709 4707 4714
f 4709 4714 4713
f 4707 4705 4715
f 4707 4715 4714
f 4702 4710 4716
f 4700 4702 4716
f 4705 4717 4715
f 4705 4703 4717
f 4700 4716 4718
f 4698 4700 4718
f 4703 4719 4717
f 4703 4701 4719
f 4698 4718 4720
f 4696 4698 4720
f 4701 4721 4719
f 4701 4699 4721
f 4696 4720 4722
f 4694 4696 4722
f 4694 4722 4723
f 4692 4694 4723
f 4722 4720 4724
f 4723 4722 4724
f 4720 4718 4725
f 4720 4725 4724
f 4692 4723 4726
f 4690 4692 4726
f 4727 4726 4723
f 4690 4726 4727
f 4723 4724 4727
f 4688 4690 4727
f 4688 4727 4724
f 4686 4688 4724
f 4686 4724 4725
f 4684 4686 4725
f 4718 4728 4725
f 4684 4725 4728
f 4718 4716 4728
f 4678 4684 4728
f 4716 4729 4728
f 4678 4728 4729
f 4716 4710 4729
f 4679 4678 4729
f 4710 4730 4729
f 4679 4729 4730
f 4710 4711 4730
f 4680 4679 4730
f 4711 4731 4730
f 4680 4730 4731
f 4711 4712 4731
f 4681 4680 4731
f 4712 4732 4731
f 4681 4731 4732
f 4712 4713 4732
f 4682 4681 4732
f 4713 4733 4732
f 4682 4732 4733
f 4713 4714 4733
f 4683 4682 4733
f 4714 4734 4733
f 4683 4733 4734
f 4685 4683 4734
f 4714 4715 4734
f 4685 4734 4735
f 4715 4735 4734
f 4687 4685 4735
f 4715 4736 4735
f 4687 4735 4736
f 4715 4717 4736
f 4689 4687 4736
f 4717 4737 4736
f 4689 4736 4737
f 4717 4719 4737
f 4691 4689 4737
f 4719 4738 4737
f 4691 4737 4738
f 4693 4691 4738
f 4719 4721 4738
f 4693 4738 4739
f 4721 4739 4738
f 4695 4693 4739
f 4721 4740 4739
f 4699 4740 4721
f 4699 4697 4740
f 4695 4739 4741
f 4697 4695 4741
f 4740 4741 4739
f 4697 4741 4740
f 4399 4402 4742
f 4399 4742 4743
f 4743 4742 4367
f 4396 4399 4743
f 4743 4367 4366
f 4396 4743 4744
f 4744 4743 4366
f 4392 4396 4744
f 4744 4366 4371
f 4392 4744 4745
f 4745 4744 4371
f 4388 4392 4745
f 4745 4371 4374
f 4388 4745 4746
f 4746 4745 4374
f 4385 4388 4746
f 4746 4374 4377
f 4385 4746 4383
f 4383 4746 4377
f 4383 4377 4380
f 4437 4440 4747
f 4437 4747 4748
f 4748 4747 4405
f 4434 4437 4748
f 4748 4405 4403
f 4434 4748 4749
f 4749 4748 4403
f 4430 4434 4749
f 4749 4403 4400
f 4430 4749 4750
f 4750 4749 4400
f 4426 4430 4750
f 4750 4400 4397
f 4426 4750 4751
f 4751 4750 4397
f 4407 4426 4751
f 4751 4397 4393
f 4407 4751 4394
f 4394 4751 4393
f 4394 4393 4389
f 4372 4370 4752
f 4372 4752 4753
f 4753 4752 4417
f 4375 4372 4753
f 4753 4417 4415
f 4375 4753 4754
f 4754 4753 4415
f 4378 4375 4754
f 4754 4415 4413
f 4378 4754 4755
f 4755 4754 4413
f 4381 4378 4755
f 4755 4413 4411
f 4381 4755 4756
f 4756 4755 4411
f 4384 4381 4756
f 4756 4411 4409
f 4384 4756 4387
f 4387 4756 4409
f 4387 4409 4390
f 4419 4418 4757
f 4419 4757 4758
f 4758 4757 4455
f 4420 4419 4758
f 4758 4455 4453
f 4420 4758 4759
f 4759 4758 4453
f 4421 4420 4759
f 4759 4453 4451
f 4421 4759 4760
f 4760 4759 4451
f 4422 4421 4760
f 4760 4451 4449
f 4422 4760 4761
f 4761 4760 4449
f 4423 4422 4761
f 4761 4449 4447
f 4423 4761 4425
f 4425 4761 4447
f 4425 4447 4428
f 4457 4456 4762
f 4457 4762 4763
f 4763 4762 4493
f 4458 4457 4763
f 4763 4493 4491
f 4458 4763 4764
f 4764 4763 4491
f 4459 4458 4764
f 4764 4491 4489
f 4459 4764 4765
f 4765 4764 4489
f 4460 4459 4765
f 4765 4489 4487
f 4460 4765 4766
f 4766 4765 4487
f 4461 4460 4766
f 4766 4487 4485
f 4461 4766 4463
f 4463 4766 4485
f 4463 4485 4466
f 4495 4494 4767
f 4495 4767 4768
f 4768 4767 4517
f 4496 4495 4768
f 4768 4517 4515
f 4496 4768 4769
f 4769 4768 4515
f 4497 4496 4769
f 4769 4515 4512
f 4497 4769 4770
f 4770 4769 4512
f 4498 4497 4770
f 4770 4512 4509
f 4498 4770 4771
f 4771 4770 4509
f 4499 4498 4771
f 4771 4509 4506
f 4499 4771 4501
f 4501 4771 4506
f 4501 4506 4503
f 4511 4514 4772
f 4511 4772 4773
f 4773 4772 4481
f 4508 4511 4773
f 4773 4481 4479
f 4508 4773 4774
f 4774 4773 4479
f 4505 4508 4774
f 4774 4479 4476
f 4505 4774 4775
f 4775 4774 4476
f 4502 4505 4775
f 4775 4476 4473
f 4502 4775 4776
f 4776 4775 4473
f 4483 4502 4776
f 4776 4473 4469
f 4483 4776 4470
f 4470 4776 4469
f 4470 4469 4465
f 4475 4478 4777
f 4475 4777 4778
f 4778 4777 4443
f 4472 4475 4778
f 4778 4443 4441
f 4472 4778 4779
f 4779 4778 4441
f 4468 4472 4779
f 4779 4441 4438
f 4468 4779 4780
f 4780 4779 4438
f 4464 4468 4780
f 4780 4438 4435
f 4464 4780 4781
f 4781 4780 4435
f 4445 4464 4781
f 4781 4435 4431
f 4445 4781 4432
f 4432 4781 4431
f 4432 4431 4427
v 40.27062 -5.997292 -16.62337
v 40.29568 -5.992992 -16.6118
v 39.37162 1.234632 -17.29576
v 39.34655 1.230334 -17.30732
v 40.24835 -6.00168 -16.63964
v 39.32428 1.225945 -17.3236
v 40.22972 -6.005989 -16.66001
v 39.30565 1.221636 -17.34397
v 40.21545 -6.010053 -16.68368
v 39.29138 1.217572 -17.36764
v 40.20609 -6.013716 -16.70975
v 39.28202 1.213909 -17.39371
v 40.202 -6.016838 -16.73721
v 39.27794 1.210788 -17.42116
v 40.20334 -6.019297 -16.765
v 39.27927 1.208328 -17.44896
v 40.21005 -6.021 -16.79206
v 39.28598 1.206625 -17.47602
v 40.29568 -5.992992 -16.6118
v 39.3985 1.238677 -17.28934
v 39.37162 1.234632 -17.29576
v 40.32257 -5.988948 -16.60538
v 39.42618 1.242311 -17.28834
v 40.35025 -5.985314 -16.60438
v 39.45359 1.245396 -17.29277
v 40.37766 -5.982229 -16.60881
v 39.47968 1.247812 -17.30247
v 40.40374 -5.979813 -16.61852
v 39.50343 1.249468 -17.31708
v 40.4275 -5.978158 -16.63312
v 39.52395 1.250298 -17.33602
v 40.44802 -5.977327 -16.65206
v 39.54044 1.250272 -17.35857
v 40.4645 -5.977353 -16.67461
v 39.55226 1.249391 -17.38387
v 40.47633 -5.978234 -16.69991
v 40.47633 -5.978234 -16.69991
v 39.55897 1.247687 -17.41093
v 39.55226 1.249391 -17.38387
v 40.48304 -5.979938 -16.72697
v 39.56031 1.245228 -17.43872
v 40.48438 -5.982397 -16.75477
v 39.55622 1.242107 -17.46618
v 40.48029 -5.985518 -16.78222
v 39.54686 1.238443 -17.49225
v 40.47092 -5.989182 -16.80829
v 39.53259 1.234379 -17.51592
v 40.45666 -5.993246 -16.83196
v 39.51396 1.23007 -17.53628
v 40.43803 -5.997555 -16.85233
v 39.49169 1.225682 -17.55256
v 40.41576 -6.001943 -16.86861
v 39.46663 1.221383 -17.56413
v 40.39069 -6.006242 -16.88017
v 40.39069 -6.006242 -16.88017
v 39.43974 1.217339 -17.57054
v 39.46663 1.221383 -17.56413
v 40.36381 -6.010286 -16.88659
v 39.41206 1.213704 -17.57155
v 40.33613 -6.013921 -16.88759
v 39.38465 1.21062 -17.56712
v 40.30872 -6.017005 -16.88316
v 39.35857 1.208203 -17.55741
v 40.28263 -6.019422 -16.87345
v 39.33481 1.206548 -17.54281
v 40.25888 -6.021077 -16.85885
v 39.31429 1.205717 -17.52387
v 40.23836 -6.021908 -16.83991
v 39.29781 1.205743 -17.50132
v 40.22187 -6.021882 -16.81736
v 39.28598 1.206625 -17.47602
v 40.21005 -6.021 -16.79206
v 39.3985 1.238677 -17.28934
v 39.42618 1.242311 -17.28834
v 39.45359 1.245396 -17.29277
v 39.47968 1.247812 -17.30247
v 39.37162 1.234632 -17.29576
v 39.50343 1.249468 -17.31708
v 39.34655 1.230334 -17.30732
v 39.32428 1.225945 -17.3236
v 39.52395 1.250298 -17.33602
v 39.30565 1.221636 -17.34397
v 39.54044 1.250272 -17.35857
v 39.29138 1.217572 -17.36764
v 39.55226 1.249391 -17.38387
v 39.28202 1.213909 -17.39371
v 39.55897 1.247687 -17.41093
v 39.27794 1.210788 -17.42116
v 39.56031 1.245228 -17.43872
v 39.27927 1.208328 -17.44896
v 39.55622 1.242107 -17.46618
v 39.28598 1.206625 -17.47602
v 39.54686 1.238443 -17.49225
v 39.29781 1.205743 -17.50132
v 39.53259 1.234379 -17.51592
v 39.31429 1.205717 -17.52387
v 39.51396 1.23007 -17.53628
v 39.33481 1.206548 -17.54281
v 39.49169 1.225682 -17.55256
v 39.35857 1.208203 -17.55741
v 39.46663 1.221383 -17.56413
v 39.38465 1.21062 -17.56712
v 39.43974 1.217339 -17.57054
v 39.41206 1.213704 -17.57155
v 40.37766 -5.982229 -16.60881
v 40.35025 -5.985314 -16.60438
v 40.32257 -5.988948 -16.60538
v 40.40374 -5.979813 -16.61852
v 40.29568 -5.992992 -16.6118
v 40.4275 -5.978158 -16.63312
v 40.27062 -5.997292 -16.62337
v 40.44802 -5.977327 -16.65206
v 40.24835 -6.00168 -16.63964
v 40.4645 -5.977353 -16.67461
v 40.22972 -6.005989 -16.66001
v 40.21545 -6.010053 -16.68368
v 40.47633 -5.978234 -16.69991
v 40.20609 -6.013716 -16.70975
v 40.48304 -5.979938 -16.72697
v 40.202 -6.016838 -16.73721
v 40.48438 -5.982397 -16.75477
v 40.20334 -6.019297 -16.765
v 40.48029 -5.985518 -16.78222
v 40.21005 -6.021 -16.79206
v 40.47092 -5.989182 -16.80829
v 40.22187 -6.021882 -16.81736
v 40.45666 -5.993246 -16.83196
v 40.23836 -6.021908 -16.83991
v 40.43803 -5.997555 -16.85233
v 40.25888 -6.021077 -16.85885
v 40.41576 -6.001943 -16.86861
v 40.28263 -6.019422 -16.87345
v 40.39069 -6.006242 -16.88017
v 40.30872 -6.017005 -16.88316
v 40.36381 -6.010286 -16.88659
v 40.33613 -6.013921 -16.88759
v 39.50669 -0.8278031 -20.05365
v 39.64037 -1.991748 -20.18691
v 39.05339 -2.057808 -20.09195
v 38.96638 -0.888612 -19.96624
v 38.49478 -2.109559 -19.8841
v 39.43263 -0.03761549 -19.69484
v 38.45218 -0.9362479 -19.77492
v 38.97544 -0.08906886 -19.62088
v 39.38153 0.7066461 -19.0568
v 38.54035 -0.1293761 -19.45899
v 39.06017 0.6704793 -19.00481
v 39.37607 0.9940798 -18.58091
v 38.75435 0.6421471 -18.89102
v 39.15117 0.968768 -18.54453
v 39.39313 1.235903 -17.83232
v 38.93713 0.9489394 -18.46489
v 39.31613 1.227237 -17.81986
v 39.47089 1.246113 -17.82948
v 39.24286 1.220449 -17.79259
v 39.54643 1.257475 -17.81147
v 39.61684 1.269552 -17.77898
v 39.17611 1.215798 -17.75157
v 39.82384 1.057089 -18.52003
v 39.67941 1.28188 -17.73324
v 39.11848 1.213465 -17.69835
v 40.02949 1.092364 -18.42511
v 40.02132 0.7966768 -18.96981
v 40.21225 1.128374 -18.29152
v 39.73174 1.293986 -17.67602
v 40.31517 0.8470806 -18.83418
v 40.34284 0.09046802 -19.57109
v 40.57632 0.8985326 -18.6433
v 40.76088 0.162176 -19.37813
v 40.5824 -0.6764312 -19.9074
v 41.13241 0.2353749 -19.10657
v 41.07645 -0.5916851 -19.67935
v 40.80898 -1.827302 -20.02802
v 41.51553 -0.505177 -19.35842
v 41.3457 -1.735237 -19.78028
v 41.8227 -1.641258 -19.43163
v 39.07215 1.213538 -17.635
v 39.77183 1.305404 -17.60952
v 38.43854 0.9287528 -18.00458
v 38.57383 0.9285398 -18.18962
v 38.04193 0.6133032 -18.2333
v 38.23525 0.612999 -18.49771
v 37.52682 -0.1704113 -18.52328
v 37.80185 -0.1708442 -18.89944
v 37.25436 -0.9847444 -18.66908
v 37.5794 -0.9852559 -19.11363
v 37.19352 -2.162243 -18.68275
v 37.54663 -2.162799 -19.1657
v 36.94025 -2.143364 -18.14106
v 37.02123 -0.9673657 -18.17045
v 37.32956 -0.1557064 -18.10137
v 37.90327 0.6236394 -17.93674
v 38.3415 0.9359866 -17.79702
v 39.03893 1.216014 -17.56394
v 39.79812 1.315695 -17.5363
v 39.02008 1.2208 -17.48791
v 40.48219 1.197082 -17.93015
v 39.80961 1.324464 -17.45916
v 39.01633 1.227709 -17.40983
v 40.55899 1.227141 -17.71627
v 40.96202 0.996707 -18.12697
v 40.59256 1.252754 -17.49096
v 39.80586 1.331373 -17.38107
v 41.07176 1.039657 -17.82136
v 41.68114 0.3750443 -18.372
v 41.11972 1.076254 -17.49943
v 41.83725 0.4361475 -17.93722
v 42.16403 -0.3401124 -18.49029
v 41.90549 0.4882129 -17.47922
v 42.34853 -0.2678993 -17.97646
v 42.52721 -1.461937 -18.48852
v 42.42917 -0.2063671 -17.43517
v 42.72765 -1.383487 -17.93032
v 42.81525 -1.316641 -17.34228
v 39.02782 1.236478 -17.33269
v 39.78701 1.336159 -17.30504
v 38.30905 0.9957591 -17.12155
v 38.27548 0.9701462 -17.34686
v 37.85691 0.7090456 -16.97159
v 37.80895 0.6724484 -17.29353
v 37.2636 -0.0342019 -16.72828
v 37.19537 -0.08626746 -17.18629
v 36.94329 -0.8237689 -16.54771
v 36.86264 -0.8853012 -17.08899
v 36.85557 -1.987365 -16.37817
v 36.76797 -2.054212 -16.9662
v 37.056 -1.908915 -15.81996
v 37.12778 -0.7515558 -16.03388
v 37.41972 0.02690126 -16.29351
v 37.96665 0.7519953 -16.66599
v 38.38585 1.025818 -16.90767
v 39.05412 1.246769 -17.25946
v 39.75379 1.338635 -17.23398
v 39.0942 1.258187 -17.19296
v 40.52655 1.286913 -17.0408
v 39.70747 1.338708 -17.17063
v 39.14653 1.270292 -17.13575
v 40.42951 1.294147 -16.83325
v 41.0254 1.125063 -16.85621
v 40.29421 1.29436 -16.64821
v 39.64983 1.336374 -17.11742
v 40.88674 1.135399 -16.55965
v 41.7713 0.5576517 -16.56414
v 40.69342 1.135703 -16.29525
v 41.57404 0.5723567 -16.14223
v 42.27059 -0.1243029 -16.35372
v 41.299 0.5727896 -15.76607
v 42.03746 -0.1069242 -15.85509
v 42.64297 -1.227489 -16.16742
v 41.71242 -0.1064125 -15.41054
v 42.38971 -1.208609 -15.62574
v 42.03659 -1.208053 -15.14279
v 39.20911 1.282621 -17.09001
v 39.58309 1.331724 -17.07639
v 38.83856 1.130535 -16.41272
v 38.65579 1.094526 -16.54631
v 38.6135 0.9016218 -15.95877
v 38.35235 0.8501698 -16.14965
v 38.33998 0.2397697 -15.28738
v 37.96845 0.1665707 -15.55894
v 38.21537 -0.499983 -14.84481
v 37.77629 -0.5864912 -15.16575
v 38.23752 -1.635615 -14.5282
v 37.76052 -1.729595 -14.87685
v 38.77424 -1.54355 -14.28046
v 38.70942 -0.4152369 -14.61677
v 38.75802 0.3114777 -15.09442
v 38.90735 0.9520257 -15.82314
v 39.04421 1.165811 -16.3178
v 39.27951 1.294698 -17.05751
v 39.50981 1.324935 -17.04913
v 39.35505 1.30606 -17.0395
v 39.93092 1.27396 -16.37294
v 39.43281 1.31627 -17.03667
v 39.71688 1.254132 -16.2933
v 40.17432 1.106555 -15.90193
v 39.49197 1.22882 -16.25692
v 39.8685 1.078223 -15.78814
v 40.5605 0.5313217 -15.20652
v 39.54714 1.042056 -15.73615
v 40.12542 0.4910146 -15.04463
v 40.83964 -0.1554202 -14.74925
v 39.66823 0.4395612 -14.97066
v 40.32544 -0.2030561 -14.55792
v 41.08844 -1.261294 -14.42438
v 39.78513 -0.2638649 -14.47051
v 40.52983 -1.313044 -14.21653
v 39.94285 -1.379104 -14.12157
v 42.52721 -1.461937 -18.48852
v 42.72765 -1.383487 -17.93032
v 42.53476 -1.403324 -17.87933
v 42.34749 -1.47662 -18.40086
v 42.22165 -1.548975 -18.99545
v 42.6166 -1.340869 -17.32993
v 42.81525 -1.316641 -17.34228
v 42.062 -1.55794 -18.87449
v 41.8227 -1.641258 -19.43163
v 42.58989 -1.291656 -16.77378
v 42.78666 -1.263967 -16.74703
v 41.68926 -1.644159 -19.28201
v 41.3457 -1.735237 -19.78028
v 42.45564 -1.257574 -16.23225
v 42.64297 -1.227489 -16.16742
v 41.2436 -1.731965 -19.60776
v 40.80898 -1.827302 -20.02802
v 42.21901 -1.239935 -15.72616
v 42.38971 -1.208609 -15.62574
v 40.74214 -1.817981 -19.83922
v 40.23315 -1.913916 -20.16532
v 41.8891 -1.239416 -15.27494
v 42.03659 -1.208053 -15.14279
v 40.20415 -1.898904 -19.9675
v 39.64037 -1.991748 -20.18691
v 41.47859 -1.256036 -14.89594
v 41.59721 -1.225843 -14.73714
v 39.6503 -1.971623 -19.98767
v 39.05339 -2.057808 -20.09195
v 41.00324 -1.289158 -14.60373
v 41.08844 -1.261294 -14.42438
v 39.10189 -2.033344 -19.89895
v 38.49478 -2.109559 -19.8841
v 40.48133 -1.337508 -14.40953
v 40.52983 -1.313044 -14.21653
v 38.57998 -2.081694 -19.70476
v 37.98601 -2.14501 -19.57134
v 39.93292 -1.399229 -14.32081
v 39.94285 -1.379104 -14.12157
v 38.10463 -2.114816 -19.41254
v 37.54663 -2.162799 -19.1657
v 39.37907 -1.471948 -14.34098
v 39.35006 -1.456937 -14.14316
v 37.69411 -2.131437 -19.03355
v 37.19352 -2.162243 -18.68275
v 38.84108 -1.552871 -14.46926
v 38.77424 -1.54355 -14.28046
v 37.3642 -2.130918 -18.58233
v 36.94025 -2.143364 -18.14106
v 38.33962 -1.638888 -14.70072
v 38.23752 -1.635615 -14.5282
v 37.12757 -2.113278 -18.07623
v 36.79656 -2.106886 -17.56146
v 37.89396 -1.726693 -15.02647
v 37.76052 -1.729595 -14.87685
v 36.99332 -2.079197 -17.5347
v 36.76797 -2.054212 -16.9662
v 37.52122 -1.812912 -15.43399
v 37.36157 -1.821877 -15.31303
v 36.96661 -2.029983 -16.97855
v 36.85557 -1.987365 -16.37817
v 37.23573 -1.894233 -15.90762
v 37.056 -1.908915 -15.81996
v 37.04846 -1.967528 -16.42915
v 37.89997 -0.5904625 -15.30284
v 37.55686 -0.6698281 -15.67797
v 37.29407 -0.7446833 -16.11394
v 37.12169 -0.8121522 -16.59401
v 37.04635 -0.8696419 -17.09973
v 37.07094 -0.9149431 -17.61167
v 38.3102 -0.5096383 -15.00299
v 37.19452 -0.9463151 -18.11015
v 38.7718 -0.4304598 -14.78993
v 37.41233 -0.9625519 -18.57601
v 39.26702 -0.3559704 -14.67185
v 37.71601 -0.9630299 -18.99135
v 39.77683 -0.2890326 -14.65328
v 38.0939 -0.9477298 -19.34022
v 40.28165 -0.2322188 -14.73495
v 38.53145 -0.9172416 -19.6092
v 40.76207 -0.1877124 -14.91371
v 39.01187 -0.8727345 -19.78796
v 41.19962 -0.1572237 -15.18269
v 39.51669 -0.8159214 -19.86962
v 41.5775 -0.1419245 -15.53156
v 40.0265 -0.748983 -19.85106
v 41.88118 -0.1424025 -15.9469
v 40.52172 -0.6744936 -19.73298
v 42.099 -0.1586395 -16.41277
v 40.98332 -0.5953158 -19.51992
v 42.22258 -0.1900114 -16.91124
v 41.39355 -0.514491 -19.22006
v 42.24717 -0.2353117 -17.42318
v 41.73666 -0.4351255 -18.84494
v 42.17183 -0.292802 -17.9289
v 41.99945 -0.3602703 -18.40897
v 41.62682 0.523101 -16.61358
v 41.73138 0.4965556 -17.03537
v 41.75219 0.4582249 -17.46854
v 41.68843 0.4095793 -17.89646
v 41.54258 0.3524911 -18.30267
v 41.32022 0.2891523 -18.67157
v 41.44251 0.5368399 -16.21939
v 41.0299 0.221997 -18.98898
v 41.18555 0.5372444 -15.86795
v 40.68278 0.1536071 -19.2427
v 40.86581 0.5242989 -15.57275
v 40.2922 0.08661086 -19.42298
v 40.49557 0.4985009 -15.34516
v 39.87317 0.02358155 -19.5229
v 40.08906 0.4608418 -15.1939
v 39.44179 -0.03305849 -19.53861
v 39.66191 0.4127688 -15.1248
v 39.01464 -0.08113088 -19.46951
v 39.23053 0.3561293 -15.14051
v 38.60814 -0.1187907 -19.31825
v 38.8115 0.2931001 -15.24042
v 38.2379 -0.1445881 -19.09065
v 38.42092 0.2261031 -15.4207
v 37.91815 -0.1575343 -18.79546
v 38.0738 0.1577138 -15.67442
v 37.66119 -0.1571299 -18.44401
v 37.78348 0.09055849 -15.99183
v 37.47688 -0.1433911 -18.04982
v 37.56112 0.02721969 -16.36073
v 37.37232 -0.1168458 -17.62804
v 37.41526 -0.02986916 -16.76694
v 37.35151 -0.07851408 -17.19486
v 38.2231 0.79076 -16.45337
v 38.06681 0.7462388 -16.71267
v 37.96428 0.7061107 -16.9982
v 37.91947 0.6719179 -17.29898
v 37.93409 0.6449744 -17.60347
v 38.0076 0.6263155 -17.89994
v 38.42717 0.8379634 -16.23026
v 38.13714 0.6166584 -18.17702
v 38.67116 0.8860351 -16.05192
v 38.31776 0.6163741 -18.42405
v 38.94571 0.9331276 -15.9252
v 38.54251 0.6254737 -18.63155
v 39.24024 0.9774312 -15.85497
v 38.80276 0.6436073 -18.79153
v 39.54346 1.017243 -15.84393
v 39.08849 0.6700782 -18.89784
v 39.84371 1.051034 -15.8925
v 39.38874 0.7038689 -18.94642
v 40.12944 1.077505 -15.99882
v 39.69196 0.7436811 -18.93538
v 40.38969 1.095639 -16.1588
v 39.9865 0.7879847 -18.86514
v 40.61444 1.104738 -16.36629
v 40.26104 0.8350772 -18.73842
v 40.79506 1.104454 -16.61332
v 40.50503 0.8831488 -18.56008
v 40.9246 1.094797 -16.8904
v 40.7091 0.9303522 -18.33697
v 40.9981 1.076138 -17.18688
v 40.86539 0.9748734 -18.07767
v 41.01273 1.049194 -17.49136
v 40.96792 1.015002 -17.79214
v 40.36623 1.26556 -16.87016
v 40.45689 1.258802 -17.06408
v 40.50833 1.245743 -17.27157
v 40.51857 1.226887 -17.48466
v 40.48721 1.202956 -17.69517
v 40.41545 1.174872 -17.895
v 40.23982 1.265759 -16.69727
v 40.30606 1.143714 -18.07647
v 40.08252 1.259391 -16.55206
v 40.16325 1.110678 -18.23262
v 39.90039 1.2467 -16.44009
v 39.99249 1.077034 -18.35743
v 39.70042 1.228174 -16.36568
v 39.80035 1.044076 -18.44612
v 39.49028 1.204525 -16.33169
v 39.59421 1.01307 -18.49527
v 39.27808 1.176662 -16.33942
v 39.382 0.985207 -18.503
v 39.07194 1.145656 -16.38857
v 39.17187 0.9615582 -18.46901
v 38.8798 1.112698 -16.47725
v 38.97189 0.9430323 -18.3946
v 38.70904 1.079054 -16.60207
v 38.78976 0.9303412 -18.28263
v 38.56622 1.046019 -16.75821
v 38.63247 0.9239728 -18.13742
v 38.45683 1.01486 -16.93969
v 38.50606 0.9241718 -17.96453
v 38.38508 0.9867759 -17.13952
v 38.41539 0.9309304 -17.77061
v 38.35372 0.9628457 -17.35003
v 38.36395 0.943989 -17.56312
v 39.08019 1.229187 -17.26912
v 39.05562 1.219572 -17.33753
v 39.04488 1.211379 -17.4096
v 39.04839 1.204923 -17.48256
v 39.066 1.200453 -17.55359
v 39.09704 1.198139 -17.61998
v 39.11764 1.239854 -17.20699
v 39.14032 1.198071 -17.67917
v 39.16653 1.251165 -17.15353
v 39.19417 1.200251 -17.72889
v 39.22499 1.262683 -17.1108
v 39.25653 1.204596 -17.76722
v 39.29078 1.273967 -17.08043
v 39.36135 1.284582 -17.0636
v 39.57441 1.30856 -17.09807
v 39.63676 1.312905 -17.1364
v 39.434 1.294121 -17.06096
v 39.50594 1.302218 -17.0726
v 39.69062 1.315085 -17.18612
v 39.73389 1.315017 -17.24531
v 39.76493 1.312703 -17.3117
v 39.78254 1.308233 -17.38274
v 39.78605 1.301777 -17.45569
v 39.77531 1.293584 -17.52776
v 39.75075 1.283969 -17.59618
v 39.71329 1.273302 -17.65831
v 39.6644 1.261991 -17.71177
v 39.60594 1.250473 -17.7545
v 39.54016 1.239189 -17.78486
v 39.46958 1.228574 -17.80169
v 39.32499 1.210938 -17.7927
v 39.39693 1.219035 -17.80433
v 40.23315 -1.913916 -20.16532
v 40.05235 -0.7561585 -20.03378
v 39.89434 0.02300669 -19.67803
v 39.70607 0.7492578 -19.04498
v 39.6032 1.023902 -18.57264
v 42.22165 -1.548975 -18.99545
v 41.88276 -0.4202313 -18.95692
v 41.44314 0.3072517 -18.76684
v 40.79473 0.9490551 -18.4045
v 40.36512 1.163732 -18.12439
v 37.98601 -2.14501 -19.57134
v 37.98386 -0.9688807 -19.48702
v 38.14408 -0.1569883 -19.21539
v 38.47581 0.6227384 -18.71979
v 38.74219 0.9353561 -18.34505
v 36.79656 -2.106886 -17.56146
v 36.88897 -0.9337879 -17.63692
v 37.21764 -0.1272945 -17.64993
v 37.8246 0.6436103 -17.61942
v 38.28644 0.9499635 -17.57494
v 37.36157 -1.821877 -15.31303
v 37.40906 -0.6714369 -15.56725
v 37.65771 0.09469392 -15.89867
v 38.13394 0.7996472 -16.38845
v 38.50293 1.059168 -16.71344
v 39.35006 -1.456937 -14.14316
v 39.23947 -0.3355095 -14.49038
v 39.20652 0.378939 -14.98748
v 39.2226 0.9994446 -15.74797
v 39.26484 1.198998 -16.26519
v 41.59721 -1.225843 -14.73714
v 41.30796 -0.1227876 -15.03714
v 40.95678 0.5589339 -15.45012
v 40.45287 1.125964 -16.07316
v 40.12585 1.287544 -16.49278
v 42.78666 -1.263967 -16.74703
v 42.40285 -0.1578808 -16.88725
v 41.88322 0.5292397 -17.01558
v 41.10406 1.105092 -17.17354
v 40.5816 1.272936 -17.26289
f 4782 4783 4784
f 4782 4784 4785
f 4786 4782 4785
f 4786 4785 4787
f 4788 4786 4787
f 4788 4787 4789
f 4790 4788 4789
f 4790 4789 4791
f 4792 4790 4791
f 4792 4791 4793
f 4794 4792 4793
f 4794 4793 4795
f 4796 4794 4795
f 4796 4795 4797
f 4798 4796 4797
f 4798 4797 4799
f 4800 4801 4802
f 4800 4803 4801
f 4803 4804 4801
f 4803 4805 4804
f 4805 4806 4804
f 4805 4807 4806
f 4807 4808 4806
f 4807 4809 4808
f 4809 4810 4808
f 4809 4811 4810
f 4811 4812 4810
f 4811 4813 4812
f 4813 4814 4812
f 4813 4815 4814
f 4815 4816 4814
f 4815 4817 4816
f 4818 4819 4820
f 4818 4821 4819
f 4821 4822 4819
f 4821 4823 4822
f 4823 4824 4822
f 4823 4825 4824
f 4825 4826 4824
f 4825 4827 4826
f 4827 4828 4826
f 4827 4829 4828
f 4829 4830 4828
f 4829 4831 4830
f 4831 4832 4830
f 4831 4833 4832
f 4833 4834 4832
f 4833 4835 4834
f 4836 4837 4838
f 4836 4839 4837
f 4839 4840 4837
f 4839 4841 4840
f 4841 4842 4840
f 4841 4843 4842
f 4843 4844 4842
f 4843 4845 4844
f 4845 4846 4844
f 4845 4847 4846
f 4847 4848 4846
f 4847 4849 4848
f 4849 4850 4848
f 4849 4851 4850
f 4851 4852 4850
f 4851 4853 4852
f 4854 4855 4856
f 4856 4857 4854
f 4857 4858 4854
f 4857 4859 4858
f 4859 4860 4858
f 4859 4861 4860
f 4859 4862 4861
f 4862 4863 4861
f 4862 4864 4863
f 4864 4865 4863
f 4864 4866 4865
f 4866 4867 4865
f 4866 4868 4867
f 4868 4869 4867
f 4868 4870 4869
f 4870 4871 4869
f 4870 4872 4871
f 4872 4873 4871
f 4872 4874 4873
f 4874 4875 4873
f 4874 4876 4875
f 4876 4877 4875
f 4876 4878 4877
f 4878 4879 4877
f 4878 4880 4879
f 4880 4881 4879
f 4880 4882 4881
f 4882 4883 4881
f 4882 4884 4883
f 4884 4885 4883
f 4886 4887 4888
f 4888 4889 4886
f 4888 4890 4889
f 4890 4891 4889
f 4890 4892 4891
f 4892 4893 4891
f 4892 4894 4893
f 4894 4895 4893
f 4894 4896 4895
f 4896 4897 4895
f 4897 4898 4895
f 4897 4899 4898
f 4899 4900 4898
f 4899 4901 4900
f 4901 4902 4900
f 4901 4903 4902
f 4903 4904 4902
f 4903 4905 4904
f 4905 4906 4904
f 4905 4907 4906
f 4907 4908 4906
f 4907 4909 4908
f 4909 4910 4908
f 4909 4911 4910
f 4911 4912 4910
f 4911 4913 4912
f 4913 4914 4912
f 4913 4915 4914
f 4915 4916 4914
f 4915 4917 4916
f 4918 4919 4920
f 4918 4920 4921
f 4921 4920 4922
f 4923 4918 4921
f 4921 4922 4924
f 4923 4921 4925
f 4925 4921 4924
f 4926 4923 4925
f 4925 4924 4927
f 4926 4925 4928
f 4928 4925 4927
f 4929 4926 4928
f 4928 4927 4930
f 4929 4928 4931
f 4931 4928 4930
f 4932 4929 4931
f 4931 4930 4933
f 4932 4931 4934
f 4934 4931 4933
f 4935 4932 4934
f 4934 4933 4936
f 4937 4935 4934
f 4937 4934 4936
f 4938 4937 4936
f 4938 4936 4939
f 4938 4940 4937
f 4941 4938 4939
f 4941 4939 4942
f 4938 4943 4940
f 4941 4943 4938
f 4943 4944 4940
f 4941 4945 4943
f 4946 4941 4942
f 4943 4947 4944
f 4945 4947 4943
f 4947 4948 4944
f 4945 4949 4947
f 4947 4950 4948
f 4949 4950 4947
f 4950 4951 4948
f 4949 4952 4950
f 4950 4953 4951
f 4952 4953 4950
f 4953 4954 4951
f 4952 4955 4953
f 4953 4956 4954
f 4955 4956 4953
f 4955 4957 4956
f 4946 4942 4958
f 4959 4946 4958
f 4942 4960 4958
f 4942 4961 4960
f 4961 4962 4960
f 4961 4963 4962
f 4963 4964 4962
f 4963 4965 4964
f 4965 4966 4964
f 4965 4967 4966
f 4967 4968 4966
f 4967 4969 4968
f 4966 4968 4970
f 4966 4970 4971
f 4964 4966 4971
f 4964 4971 4972
f 4962 4964 4972
f 4962 4972 4973
f 4960 4962 4973
f 4960 4973 4974
f 4958 4960 4974
f 4958 4974 4975
f 4959 4958 4975
f 4976 4959 4975
f 4976 4975 4977
f 4976 4978 4959
f 4979 4976 4977
f 4979 4977 4980
f 4976 4981 4978
f 4979 4981 4976
f 4981 4982 4978
f 4979 4983 4981
f 4984 4979 4980
f 4981 4985 4982
f 4983 4985 4981
f 4985 4986 4982
f 4983 4987 4985
f 4985 4988 4986
f 4987 4988 4985
f 4988 4989 4986
f 4987 4990 4988
f 4988 4991 4989
f 4990 4991 4988
f 4991 4992 4989
f 4990 4993 4991
f 4991 4994 4992
f 4993 4994 4991
f 4993 4995 4994
f 4984 4980 4996
f 4997 4984 4996
f 4980 4998 4996
f 4980 4999 4998
f 4999 5000 4998
f 4999 5001 5000
f 5001 5002 5000
f 5001 5003 5002
f 5003 5004 5002
f 5003 5005 5004
f 5005 5006 5004
f 5005 5007 5006
f 5004 5006 5008
f 5004 5008 5009
f 5002 5004 5009
f 5002 5009 5010
f 5000 5002 5010
f 5000 5010 5011
f 4998 5000 5011
f 4998 5011 5012
f 4996 4998 5012
f 4996 5012 5013
f 4997 4996 5013
f 5014 4997 5013
f 5014 5013 5015
f 5014 5016 4997
f 5017 5014 5015
f 5017 5015 5018
f 5014 5019 5016
f 5017 5019 5014
f 5019 5020 5016
f 5017 5021 5019
f 5022 5017 5018
f 5019 5023 5020
f 5021 5023 5019
f 5023 5024 5020
f 5021 5025 5023
f 5023 5026 5024
f 5025 5026 5023
f 5026 5027 5024
f 5025 5028 5026
f 5026 5029 5027
f 5028 5029 5026
f 5029 5030 5027
f 5028 5031 5029
f 5029 5032 5030
f 5031 5032 5029
f 5031 5033 5032
f 5022 5018 5034
f 5035 5022 5034
f 5018 5036 5034
f 5018 5037 5036
f 5037 5038 5036
f 5037 5039 5038
f 5039 5040 5038
f 5039 5041 5040
f 5041 5042 5040
f 5041 5043 5042
f 5043 5044 5042
f 5043 5045 5044
f 5042 5044 5046
f 5042 5046 5047
f 5040 5042 5047
f 5040 5047 5048
f 5038 5040 5048
f 5038 5048 5049
f 5036 5038 5049
f 5036 5049 5050
f 5034 5036 5050
f 5034 5050 5051
f 5035 5034 5051
f 5052 5035 5051
f 5052 5051 5053
f 5052 5054 5035
f 5053 5055 5052
f 5052 5056 5054
f 5055 5056 5052
f 5056 5057 5054
f 5055 5058 5056
f 5056 5059 5057
f 5058 5059 5056
f 5059 5060 5057
f 5058 5061 5059
f 5059 5062 5060
f 5061 5062 5059
f 5062 5063 5060
f 5061 5064 5062
f 5062 5065 5063
f 5064 5065 5062
f 5065 5066 5063
f 5064 5067 5065
f 5065 5068 5066
f 5067 5068 5065
f 5067 5069 5068
f 5070 5071 5072
f 5070 5072 5073
f 5074 5070 5073
f 5071 5075 5072
f 5071 5076 5075
f 5074 5073 5077
f 5078 5074 5077
f 5076 5079 5075
f 5076 5080 5079
f 5078 5077 5081
f 5082 5078 5081
f 5080 5083 5079
f 5080 5084 5083
f 5082 5081 5085
f 5086 5082 5085
f 5084 5087 5083
f 5084 5088 5087
f 5086 5085 5089
f 5090 5086 5089
f 5088 5091 5087
f 5088 5092 5091
f 5090 5089 5093
f 5094 5090 5093
f 5092 5095 5091
f 5092 5096 5095
f 5094 5093 5097
f 5098 5094 5097
f 5096 5099 5095
f 5096 5100 5099
f 5098 5097 5101
f 5102 5098 5101
f 5100 5103 5099
f 5100 5104 5103
f 5102 5101 5105
f 5106 5102 5105
f 5104 5107 5103
f 5104 5108 5107
f 5106 5105 5109
f 5110 5106 5109
f 5108 5111 5107
f 5108 5112 5111
f 5110 5109 5113
f 5114 5110 5113
f 5112 5115 5111
f 5112 5116 5115
f 5114 5113 5117
f 5118 5114 5117
f 5116 5119 5115
f 5116 5120 5119
f 5118 5117 5121
f 5122 5118 5121
f 5120 5123 5119
f 5120 5124 5123
f 5122 5121 5125
f 5126 5122 5125
f 5124 5127 5123
f 5124 5128 5127
f 5126 5125 5129
f 5130 5126 5129
f 5128 5131 5127
f 5128 5132 5131
f 5132 5130 5133
f 5130 5129 5133
f 5132 5133 5131
f 5119 5123 5134
f 5123 5127 5135
f 5123 5135 5134
f 5127 5131 5136
f 5127 5136 5135
f 5131 5133 5137
f 5131 5137 5136
f 5133 5129 5138
f 5133 5138 5137
f 5129 5125 5139
f 5129 5139 5138
f 5119 5134 5140
f 5115 5119 5140
f 5125 5141 5139
f 5125 5121 5141
f 5115 5140 5142
f 5111 5115 5142
f 5121 5143 5141
f 5121 5117 5143
f 5111 5142 5144
f 5107 5111 5144
f 5117 5145 5143
f 5117 5113 5145
f 5107 5144 5146
f 5103 5107 5146
f 5113 5147 5145
f 5113 5109 5147
f 5103 5146 5148
f 5099 5103 5148
f 5109 5149 5147
f 5109 5105 5149
f 5099 5148 5150
f 5095 5099 5150
f 5105 5151 5149
f 5105 5101 5151
f 5095 5150 5152
f 5091 5095 5152
f 5101 5153 5151
f 5101 5097 5153
f 5091 5152 5154
f 5087 5091 5154
f 5097 5155 5153
f 5097 5093 5155
f 5087 5154 5156
f 5083 5087 5156
f 5093 5157 5155
f 5093 5089 5157
f 5083 5156 5158
f 5079 5083 5158
f 5089 5159 5157
f 5089 5085 5159
f 5079 5158 5160
f 5075 5079 5160
f 5085 5161 5159
f 5085 5081 5161
f 5075 5160 5162
f 5072 5075 5162
f 5081 5163 5161
f 5081 5077 5163
f 5072 5162 5164
f 5073 5072 5164
f 5077 5073 5165
f 5077 5165 5163
f 5073 5164 5165
f 5160 5158 5166
f 5162 5160 5167
f 5160 5166 5167
f 5164 5162 5168
f 5162 5167 5168
f 5165 5164 5169
f 5164 5168 5169
f 5163 5165 5170
f 5165 5169 5170
f 5161 5163 5171
f 5163 5170 5171
f 5158 5172 5166
f 5158 5156 5172
f 5161 5171 5173
f 5159 5161 5173
f 5156 5174 5172
f 5156 5154 5174
f 5159 5173 5175
f 5157 5159 5175
f 5154 5176 5174
f 5154 5152 5176
f 5157 5175 5177
f 5155 5157 5177
f 5152 5178 5176
f 5152 5150 5178
f 5155 5177 5179
f 5153 5155 5179
f 5150 5180 5178
f 5150 5148 5180
f 5153 5179 5181
f 5151 5153 5181
f 5148 5182 5180
f 5148 5146 5182
f 5151 5181 5183
f 5149 5151 5183
f 5146 5184 5182
f 5146 5144 5184
f 5149 5183 5185
f 5147 5149 5185
f 5144 5186 5184
f 5144 5142 5186
f 5147 5185 5187
f 5145 5147 5187
f 5142 5188 5186
f 5142 5140 5188
f 5145 5187 5189
f 5143 5145 5189
f 5140 5190 5188
f 5140 5134 5190
f 5143 5189 5191
f 5141 5143 5191
f 5134 5192 5190
f 5134 5135 5192
f 5141 5191 5193
f 5139 5141 5193
f 5135 5194 5192
f 5135 5136 5194
f 5139 5193 5195
f 5138 5139 5195
f 5136 5196 5194
f 5136 5137 5196
f 5137 5138 5197
f 5138 5195 5197
f 5137 5197 5196
f 5190 5192 5198
f 5192 5194 5199
f 5192 5199 5198
f 5194 5196 5200
f 5194 5200 5199
f 5196 5197 5201
f 5196 5201 5200
f 5197 5195 5202
f 5197 5202 5201
f 5195 5193 5203
f 5195 5203 5202
f 5190 5198 5204
f 5188 5190 5204
f 5193 5205 5203
f 5193 5191 5205
f 5188 5204 5206
f 5186 5188 5206
f 5191 5207 5205
f 5191 5189 5207
f 5186 5206 5208
f 5184 5186 5208
f 5189 5209 5207
f 5189 5187 5209
f 5184 5208 5210
f 5182 5184 5210
f 5187 5211 5209
f 5187 5185 5211
f 5182 5210 5212
f 5180 5182 5212
f 5185 5213 5211
f 5185 5183 5213
f 5180 5212 5214
f 5178 5180 5214
f 5183 5215 5213
f 5183 5181 5215
f 5178 5214 5216
f 5176 5178 5216
f 5181 5217 5215
f 5181 5179 5217
f 5176 5216 5218
f 5174 5176 5218
f 5179 5219 5217
f 5179 5177 5219
f 5174 5218 5220
f 5172 5174 5220
f 5177 5221 5219
f 5177 5175 5221
f 5172 5220 5222
f 5166 5172 5222
f 5175 5223 5221
f 5175 5173 5223
f 5166 5222 5224
f 5167 5166 5224
f 5173 5225 5223
f 5173 5171 5225
f 5167 5224 5226
f 5168 5167 5226
f 5171 5227 5225
f 5171 5170 5227
f 5168 5226 5228
f 5169 5168 5228
f 5170 5169 5229
f 5170 5229 5227
f 5169 5228 5229
f 5224 5222 5230
f 5226 5224 5231
f 5224 5230 5231
f 5228 5226 5232
f 5226 5231 5232
f 5229 5228 5233
f 5228 5232 5233
f 5227 5229 5234
f 5229 5233 5234
f 5225 5227 5235
f 5227 5234 5235
f 5222 5236 5230
f 5222 5220 5236
f 5225 5235 5237
f 5223 5225 5237
f 5220 5238 5236
f 5220 5218 5238
f 5223 5237 5239
f 5221 5223 5239
f 5218 5240 5238
f 5218 5216 5240
f 5221 5239 5241
f 5219 5221 5241
f 5216 5242 5240
f 5216 5214 5242
f 5219 5241 5243
f 5217 5219 5243
f 5214 5244 5242
f 5214 5212 5244
f 5217 5243 5245
f 5215 5217 5245
f 5212 5246 5244
f 5212 5210 5246
f 5215 5245 5247
f 5213 5215 5247
f 5210 5248 5246
f 5210 5208 5248
f 5213 5247 5249
f 5211 5213 5249
f 5208 5250 5248
f 5208 5206 5250
f 5211 5249 5251
f 5209 5211 5251
f 5206 5252 5250
f 5206 5204 5252
f 5209 5251 5253
f 5207 5209 5253
f 5204 5254 5252
f 5204 5198 5254
f 5207 5253 5255
f 5205 5207 5255
f 5198 5256 5254
f 5198 5199 5256
f 5205 5255 5257
f 5203 5205 5257
f 5199 5258 5256
f 5199 5200 5258
f 5203 5257 5259
f 5202 5203 5259
f 5200 5260 5258
f 5200 5201 5260
f 5201 5202 5261
f 5202 5259 5261
f 5201 5261 5260
f 5254 5256 5262
f 5256 5258 5263
f 5256 5263 5262
f 5258 5260 5264
f 5258 5264 5263
f 5260 5261 5265
f 5260 5265 5264
f 5261 5259 5266
f 5261 5266 5265
f 5259 5257 5267
f 5259 5267 5266
f 5254 5262 5268
f 5252 5254 5268
f 5257 5269 5267
f 5257 5255 5269
f 5252 5268 5270
f 5250 5252 5270
f 5255 5271 5269
f 5255 5253 5271
f 5250 5270 5272
f 5248 5250 5272
f 5253 5273 5271
f 5253 5251 5273
f 5248 5272 5274
f 5246 5248 5274
f 5246 5274 5275
f 5244 5246 5275
f 5274 5272 5276
f 5275 5274 5276
f 5272 5270 5277
f 5272 5277 5276
f 5244 5275 5278
f 5242 5244 5278
f 5279 5278 5275
f 5242 5278 5279
f 5275 5276 5279
f 5240 5242 5279
f 5240 5279 5276
f 5238 5240 5276
f 5238 5276 5277
f 5236 5238 5277
f 5270 5280 5277
f 5236 5277 5280
f 5270 5268 5280
f 5230 5236 5280
f 5268 5281 5280
f 5230 5280 5281
f 5268 5262 5281
f 5231 5230 5281
f 5262 5282 5281
f 5231 5281 5282
f 5262 5263 5282
f 5232 5231 5282
f 5263 5283 5282
f 5232 5282 5283
f 5263 5264 5283
f 5233 5232 5283
f 5264 5284 5283
f 5233 5283 5284
f 5264 5265 5284
f 5234 5233 5284
f 5265 5285 5284
f 5234 5284 5285
f 5265 5266 5285
f 5235 5234 5285
f 5266 5286 5285
f 5235 5285 5286
f 5237 5235 5286
f 5266 5267 5286
f 5237 5286 5287
f 5267 5287 5286
f 5239 5237 5287
f 5267 5288 5287
f 5239 5287 5288
f 5267 5269 5288
f 5241 5239 5288
f 5269 5289 5288
f 5241 5288 5289
f 5269 5271 5289
f 5243 5241 5289
f 5271 5290 5289
f 5243 5289 5290
f 5245 5243 5290
f 5271 5273 5290
f 5245 5290 5291
f 5273 5291 5290
f 5247 5245 5291
f 5273 5292 5291
f 5251 5292 5273
f 5251 5249 5292
f 5247 5291 5293
f 5249 5247 5293
f 5292 5293 5291
f 5249 5293 5292
f 4951 4954 5294
f 4951 5294 5295
f 5295 5294 4919
f 4948 4951 5295
f 5295 4919 4918
f 4948 5295 5296
f 5296 5295 4918
f 4944 4948 5296
f 5296 4918 4923
f 4944 5296 5297
f 5297 5296 4923
f 4940 4944 5297
f 5297 4923 4926
f 4940 5297 5298
f 5298 5297 4926
f 4937 4940 5298
f 5298 4926 4929
f 4937 5298 4935
f 4935 5298 4929
f 4935 4929 4932
f 4989 4992 5299
f 4989 5299 5300
f 5300 5299 4957
f 4986 4989 5300
f 5300 4957 4955
f 4986 5300 5301
f 5301 5300 4955
f 4982 4986 5301
f 5301 4955 4952
f 4982 5301 5302
f 5302 5301 4952
f 4978 4982 5302
f 5302 4952 4949
f 4978 5302 5303
f 5303 5302 4949
f 4959 4978 5303
f 5303 4949 4945
f 4959 5303 4946
f 4946 5303 4945
f 4946 4945 4941
f 4924 4922 5304
f 4924 5304 5305
f 5305 5304 4969
f 4927 4924 5305
f 5305 4969 4967
f 4927 5305 5306
f 5306 5305 4967
f 4930 4927 5306
f 5306 4967 4965
f 4930 5306 5307
f 5307 5306 4965
f 4933 4930 5307
f 5307 4965 4963
f 4933 5307 5308
f 5308 5307 4963
f 4936 4933 5308
f 5308 4963 4961
f 4936 5308 4939
f 4939 5308 4961
f 4939 4961 4942
f 4971 4970 5309
f 4971 5309 5310
f 5310 5309 5007
f 4972 4971 5310
f 5310 5007 5005
f 4972 5310 5311
f 5311 5310 5005
f 4973 4972 5311
f 5311 5005 5003
f 4973 5311 5312
f 5312 5311 5003
f 4974 4973 5312
f 5312 5003 5001
f 4974 5312 5313
f 5313 5312 5001
f 4975 4974 5313
f 5313 5001 4999
f 4975 5313 4977
f 4977 5313 4999
f 4977 4999 4980
f 5009 5008 5314
f 5009 5314 5315
f 5315 5314 5045
f 5010 5009 5315
f 5315 5045 5043
f 5010 5315 5316
f 5316 5315 5043
f 5011 5010 5316
f 5316 5043 5041
f 5011 5316 5317
f 5317 5316 5041
f 5012 5011 5317
f 5317 5041 5039
f 5012 5317 5318
f 5318 5317 5039
f 5013 5012 5318
f 5318 5039 5037
f 5013 5318 5015
f 5015 5318 5037
f 5015 5037 5018
f 5047 5046 5319
f 5047 5319 5320
f 5320 5319 5069
f 5048 5047 5320
f 5320 5069 5067
f 5048 5320 5321
f 5321 5320 5067
f 5049 5048 5321
f 5321 5067 5064
f 5049 5321 5322
f 5322 5321 5064
f 5050 5049 5322
f 5322 5064 5061
f 5050 5322 5323
f 5323 5322 5061
f 5051 5050 5323
f 5323 5061 5058
f 5051 5323 5053
f 5053 5323 5058
f 5053 5058 5055
f 5063 5066 5324
f 5063 5324 5325
f 5325 5324 5033
f 5060 5063 5325
f 5325 5033 5031
f 5060 5325 5326
f 5326 5325 5031
f 5057 5060 5326
f 5326 5031 5028
f 5057 5326 5327
f 5327 5326 5028
f 5054 5057 5327
f 5327 5028 5025
f 5054 5327 5328
f 5328 5327 5025
f 5035 5054 5328
f 5328 5025 5021
f 5035 5328 5022
f 5022 5328 5021
f 5022 5021 5017
f 5027 5030 5329
f 5027 5329 5330
f 5330 5329 4995
f 5024 5027 5330
f 5330 4995 4993
f 5024 5330 5331
f 5331 5330 4993
f 5020 5024 5331
f 5331 4993 4990
f 5020 5331 5332
f 5332 5331 4990
f 5016 5020 5332
f 5332 4990 4987
f 5016 5332 5333
f 5333 5332 4987
f 4997 5016 5333
f 5333 4987 4983
f 4997 5333 4984
f 4984 5333 4983
f 4984 4983 4979
v -24.44505 -5.953141 -26.50748
v -24.46191 -5.953885 -26.48521
v -23.49289 1.234515 -25.51146
v -23.47603 1.235258 -25.53372
v -24.42423 -5.953424 -26.5261
v -23.45521 1.234975 -25.55235
v -24.40025 -5.954724 -26.54037
v -23.43123 1.233675 -25.56662
v -24.37403 -5.95699 -26.54974
v -23.40501 1.231409 -25.57598
v -24.34658 -5.960135 -26.55384
v -23.37756 1.228264 -25.58009
v -24.31895 -5.964037 -26.55253
v -23.34993 1.224362 -25.57877
v -24.2922 -5.968549 -26.54584
v -23.32318 1.21985 -25.57208
v -24.26737 -5.973495 -26.53404
v -23.29835 1.214904 -25.56029
v -24.46191 -5.953885 -26.48521
v -23.50514 1.232773 -25.48641
v -23.49289 1.234515 -25.51146
v -24.47416 -5.955626 -26.46017
v -23.51231 1.2301 -25.45954
v -24.48132 -5.9583 -26.4333
v -23.51412 1.226598 -25.43189
v -24.48314 -5.961802 -26.40564
v -23.51051 1.222401 -25.40451
v -24.47952 -5.965998 -26.37826
v -23.50161 1.217672 -25.37845
v -24.47062 -5.970727 -26.35221
v -23.48776 1.212592 -25.35473
v -24.45678 -5.975807 -26.32848
v -23.46951 1.207356 -25.33424
v -24.43852 -5.981043 -26.30799
v -23.44754 1.202165 -25.31778
v -24.41656 -5.986234 -26.29153
v -24.41656 -5.986234 -26.29153
v -23.42271 1.197219 -25.30598
v -23.44754 1.202165 -25.31778
v -24.39173 -5.99118 -26.27974
v -23.39596 1.192708 -25.29929
v -24.36498 -5.995691 -26.27305
v -23.36833 1.188805 -25.29798
v -24.33735 -5.999594 -26.27173
v -23.34088 1.18566 -25.30208
v -24.3099 -6.002739 -26.27584
v -23.31466 1.183395 -25.31145
v -24.28368 -6.005004 -26.2852
v -23.29068 1.182095 -25.32572
v -24.2597 -6.006304 -26.29947
v -23.26986 1.181812 -25.34434
v -24.23888 -6.006588 -26.3181
v -23.253 1.182555 -25.36661
v -24.22202 -6.005844 -26.34036
v -24.22202 -6.005844 -26.34036
v -23.24075 1.184297 -25.39165
v -23.253 1.182555 -25.36661
v -24.20977 -6.004102 -26.36541
v -23.23359 1.18697 -25.41852
v -24.2026 -6.001429 -26.39228
v -23.23177 1.190472 -25.44618
v -24.20079 -5.997927 -26.41993
v -23.23539 1.194668 -25.47356
v -24.2044 -5.993731 -26.44731
v -23.24428 1.199397 -25.49961
v -24.2133 -5.989002 -26.47337
v -23.25813 1.204477 -25.52334
v -24.22715 -5.983922 -26.4971
v -23.27638 1.209714 -25.54383
v -24.2454 -5.978685 -26.51758
v -23.29835 1.214904 -25.56029
v -24.26737 -5.973495 -26.53404
v -23.50514 1.232773 -25.48641
v -23.51231 1.2301 -25.45954
v -23.51412 1.226598 -25.43189
v -23.51051 1.222401 -25.40451
v -23.49289 1.234515 -25.51146
v -23.50161 1.217672 -25.37845
v -23.47603 1.235258 -25.53372
v -23.45521 1.234975 -25.55235
v -23.48776 1.212592 -25.35473
v -23.43123 1.233675 -25.56662
v -23.46951 1.207356 -25.33424
v -23.40501 1.231409 -25.57598
v -23.44754 1.202165 -25.31778
v -23.37756 1.228264 -25.58009
v -23.42271 1.197219 -25.30598
v -23.34993 1.224362 -25.57877
v -23.39596 1.192708 -25.29929
v -23.32318 1.21985 -25.57208
v -23.36833 1.188805 -25.29798
v -23.29835 1.214904 -25.56029
v -23.34088 1.18566 -25.30208
v -23.27638 1.209714 -25.54383
v -23.31466 1.183395 -25.31145
v -23.25813 1.204477 -25.52334
v -23.29068 1.182095 -25.32572
v -23.24428 1.199397 -25.49961
v -23.26986 1.181812 -25.34434
v -23.23539 1.194668 -25.47356
v -23.253 1.182555 -25.36661
v -23.23177 1.190472 -25.44618
v -23.24075 1.184297 -25.39165
v -23.23359 1.18697 -25.41852
v -24.48314 -5.961802 -26.40564
v -24.48132 -5.9583 -26.4333
v -24.47416 -5.955626 -26.46017
v -24.47952 -5.965998 -26.37826
v -24.46191 -5.953885 -26.48521
v -24.47062 -5.970727 -26.35221
v -24.44505 -5.953141 -26.50748
v -24.45678 -5.975807 -26.32848
v -24.42423 -5.953424 -26.5261
v -24.43852 -5.981043 -26.30799
v -24.40025 -5.954724 -26.54037
v -24.37403 -5.95699 -26.54974
v -24.41656 -5.986234 -26.29153
v -24.34658 -5.960135 -26.55384
v -24.39173 -5.99118 -26.27974
v -24.31895 -5.964037 -26.55253
v -24.36498 -5.995691 -26.27305
v -24.2922 -5.968549 -26.54584
v -24.33735 -5.999594 -26.27173
v -24.26737 -5.973495 -26.53404
v -24.3099 -6.002739 -26.27584
v -24.2454 -5.978685 -26.51758
v -24.28368 -6.005004 -26.2852
v -24.22715 -5.983922 -26.4971
v -24.2597 -6.006304 -26.29947
v -24.2133 -5.989002 -26.47337
v -24.23888 -6.006588 -26.3181
v -24.2044 -5.993731 -26.44731
v -24.22202 -6.005844 -26.34036
v -24.20079 -5.997927 -26.41993
v -24.20977 -6.004102 -26.36541
v -24.2026 -6.001429 -26.39228
v -20.86349 -0.9807945 -25.27367
v -20.77901 -2.150917 -25.39229
v -20.74019 -2.075919 -25.98456
v -20.82776 -0.9117582 -25.81886
v -20.81756 -1.986054 -26.57096
v -21.18603 -0.1726371 -25.23527
v -20.89898 -0.8290378 -26.35864
v -21.1558 -0.1142219 -25.69658
v -21.78638 0.6039549 -25.24619
v -21.21606 -0.04422813 -26.15331
v -21.76513 0.6450152 -25.57045
v -22.24501 0.9156549 -25.28643
v -21.80749 0.6942142 -25.89149
v -22.23014 0.9443914 -25.51336
v -22.97499 1.19577 -25.37493
v -22.25979 0.9788238 -25.73805
v -22.9699 1.205608 -25.45263
v -22.99512 1.18826 -25.29945
v -22.98005 1.217397 -25.52955
v -23.02953 1.183366 -25.22909
v -23.07689 1.181278 -25.16654
v -23.00505 1.230682 -25.60275
v -22.40434 0.8794257 -24.86043
v -23.13538 1.182074 -25.11422
v -23.04394 1.244954 -25.6694
v -22.54266 0.8733253 -24.67774
v -22.01403 0.5521885 -24.6375
v -22.7135 0.8756518 -24.52491
v -23.20275 1.185725 -25.07413
v -22.21168 0.5434719 -24.37647
v -21.5099 -0.2462833 -24.36931
v -22.45578 0.5467961 -24.15809
v -21.79109 -0.2586842 -23.99794
v -21.24624 -1.067831 -24.25026
v -22.13836 -0.2539549 -23.68727
v -21.57856 -1.082487 -23.81137
v -21.19482 -2.245471 -24.28049
v -21.98898 -1.076898 -23.44421
v -21.55584 -2.261393 -23.80369
v -22.0017 -2.255321 -23.40482
v -23.09522 1.259664 -25.72696
v -23.27641 1.192091 -25.04781
v -22.59621 1.102282 -26.31464
v -22.44641 1.059316 -26.14654
v -22.28819 0.8706179 -26.71536
v -22.07414 0.8092255 -26.47516
v -21.89994 0.2067354 -27.32541
v -21.59542 0.1193945 -26.98368
v -21.70721 -0.5324434 -27.74385
v -21.34732 -0.635665 -27.33999
v -21.69559 -1.663844 -28.0758
v -21.30462 -1.77598 -27.63707
v -22.16603 -1.552678 -28.4283
v -22.14025 -0.4301149 -28.06832
v -22.26636 0.2933208 -27.59996
v -22.54575 0.9314792 -26.90835
v -22.77647 1.144876 -26.44971
v -23.15694 1.274247 -25.7732
v -23.35354 1.200925 -25.03628
v -23.2267 1.288142 -25.80634
v -23.12544 0.9049078 -24.33095
v -23.43116 1.21189 -25.03998
v -23.30184 1.300815 -25.82513
v -23.35071 0.9307129 -24.29727
v -23.04438 0.5885987 -23.88095
v -23.57743 0.9627396 -24.30807
v -23.5063 1.224563 -25.05877
v -23.36626 0.6254705 -23.83283
v -22.97574 -0.1944838 -23.29299
v -23.69022 0.6712321 -23.84826
v -23.43367 -0.1420275 -23.22453
v -22.97861 -1.006613 -22.97824
v -23.89456 -0.07692397 -23.24648
v -23.5198 -0.9446194 -22.89733
v -23.0768 -2.178966 -22.89861
v -24.06449 -0.8676786 -22.92329
v -23.66473 -2.111618 -22.81071
v -24.25646 -2.028032 -22.8389
v -23.37946 1.31178 -25.82883
v -23.57606 1.238458 -25.09192
v -23.42644 1.254506 -26.6122
v -23.19971 1.22248 -26.6014
v -23.47446 1.088125 -27.14053
v -23.15051 1.042363 -27.1251
v -23.58761 0.5161754 -27.93028
v -23.12673 0.4510719 -27.90832
v -23.70173 -0.1667402 -28.4587
v -23.15705 -0.243681 -28.43275
v -23.86238 -1.266556 -28.85239
v -23.27065 -1.350142 -28.8242
v -24.45031 -1.199208 -28.7645
v -24.24292 -0.1047462 -28.37779
v -24.04554 0.5686317 -27.86182
v -23.79634 1.124997 -27.09241
v -23.65171 1.280311 -26.57852
v -23.45659 1.320615 -25.8173
v -23.63777 1.253041 -25.13815
v -23.53025 1.32698 -25.79098
v -24.00068 1.040343 -24.45977
v -23.68906 1.267751 -25.19571
v -23.59762 1.330631 -25.75089
v -24.18093 1.082937 -24.59483
v -24.29497 0.7821158 -24.06501
v -24.33074 1.125903 -24.76294
v -23.72795 1.282023 -25.26236
v -24.55253 0.8429772 -24.258
v -24.75492 0.08082648 -23.55484
v -24.76658 0.9043696 -24.4982
v -25.12134 0.1674119 -23.82939
v -25.08128 -0.6812455 -23.28771
v -25.42586 0.2547528 -24.17112
v -25.51432 -0.5789169 -23.61218
v -25.36107 -1.825497 -23.2348
v -25.87421 -0.4756955 -24.01604
v -25.83151 -1.714331 -23.5873
v -26.22248 -1.602195 -24.02604
v -23.65611 1.331427 -25.69857
v -23.75295 1.295308 -25.33556
v -24.23448 1.311894 -26.23173
v -24.06365 1.309567 -26.38456
v -24.62904 1.170124 -26.59689
v -24.38494 1.166799 -26.81527
v -25.23019 0.632832 -27.15687
v -24.88292 0.6281027 -27.46754
v -25.64297 -0.02887278 -27.54466
v -25.23256 -0.03446195 -27.91182
v -25.97127 -1.116782 -27.85941
v -25.52541 -1.122854 -28.25828
v -26.33229 -1.132703 -27.38261
v -25.97529 -0.04352844 -27.10577
v -25.51138 0.6204311 -26.7855
v -24.82669 1.161407 -26.33586
v -24.37281 1.305794 -26.04904
v -23.70347 1.329339 -25.63602
v -23.7631 1.307097 -25.41248
v -23.73787 1.324445 -25.56566
v -24.51736 1.206395 -25.17142
v -23.75801 1.316935 -25.49018
v -24.547 1.240828 -25.39611
v -25.03323 1.019381 -25.08187
v -24.53213 1.269564 -25.62304
v -25.07559 1.06858 -25.40291
v -25.80522 0.4183755 -25.00149
v -25.05434 1.10964 -25.72717
v -25.86548 0.4883694 -25.45822
v -26.32255 -0.2823224 -24.99739
v -25.83525 0.5467847 -25.91954
v -26.39377 -0.199602 -25.53717
v -26.70955 -1.392121 -25.09214
v -26.35805 -0.1305655 -26.08236
v -26.78692 -1.302256 -25.67854
v -26.7481 -1.227257 -26.27081
v -23.0768 -2.178966 -22.89861
v -23.66473 -2.111618 -22.81071
v -23.67122 -2.083858 -23.00917
v -23.12192 -2.146782 -23.09129
v -22.51526 -2.227489 -23.09921
v -24.22408 -2.005764 -23.03551
v -24.25646 -2.028032 -22.8389
v -22.59727 -2.192117 -23.27872
v -22.0017 -2.255321 -23.40482
v -24.75923 -1.915501 -23.1693
v -24.82924 -1.931422 -22.9821
v -22.11744 -2.218121 -23.56425
v -21.55584 -2.261393 -23.80369
v -25.25612 -1.816535 -23.4054
v -25.36107 -1.825497 -23.2348
v -21.70088 -2.223794 -23.93692
v -21.19482 -2.245471 -24.28049
v -25.69565 -1.712673 -23.73474
v -25.83151 -1.714331 -23.5873
v -21.36358 -2.208918 -24.38239
v -20.93251 -2.208168 -24.81689
v -26.06094 -1.607903 -24.14465
v -26.22248 -1.602195 -24.02604
v -21.11851 -2.174066 -24.88355
v -20.77901 -2.150917 -25.39229
v -26.33793 -1.506254 -24.61939
v -26.51896 -1.493398 -24.53416
v -20.97508 -2.120576 -25.42114
v -20.74019 -2.075919 -25.98456
v -26.516 -1.411631 -25.14072
v -26.70955 -1.392121 -25.09214
v -20.93882 -2.050505 -25.97451
v -20.81756 -1.986054 -26.57096
v -26.58829 -1.32767 -25.68859
v -26.78692 -1.302256 -25.67854
v -21.01111 -1.966544 -26.52238
v -21.00815 -1.884777 -27.12894
v -26.55203 -1.257598 -26.24195
v -26.7481 -1.227257 -26.27081
v -21.18917 -1.871921 -27.04371
v -21.30462 -1.77598 -27.63707
v -26.4086 -1.204109 -26.77955
v -26.5946 -1.170006 -26.84621
v -21.46617 -1.770272 -27.51845
v -21.69559 -1.663844 -28.0758
v -26.16353 -1.169256 -27.28071
v -26.33229 -1.132703 -27.38261
v -21.83145 -1.665502 -27.92836
v -22.16603 -1.552678 -28.4283
v -25.82623 -1.154381 -27.72619
v -25.97127 -1.116782 -27.85941
v -22.27098 -1.561639 -28.2577
v -22.69786 -1.446754 -28.681
v -25.40966 -1.160054 -28.09885
v -25.52541 -1.122854 -28.25828
v -22.76788 -1.462674 -28.4938
v -23.27065 -1.350142 -28.8242
v -24.92984 -1.186057 -28.38438
v -25.01185 -1.150685 -28.56389
v -23.30303 -1.37241 -28.62759
v -23.86238 -1.266556 -28.85239
v -24.40519 -1.231392 -28.57181
v -24.45031 -1.199208 -28.7645
v -23.85588 -1.294315 -28.65393
v -25.1269 -0.07531112 -27.76596
v -24.68522 -0.09924784 -28.02879
v -24.20228 -0.1409784 -28.20132
v -23.69665 -0.1988996 -28.27691
v -23.18775 -0.2707856 -28.25266
v -22.69514 -0.3538738 -28.12951
v -25.51035 -0.07008971 -27.42292
v -22.23775 -0.4449711 -27.91218
v -25.82084 -0.08378255 -27.01287
v -21.83316 -0.540577 -27.60903
v -26.04642 -0.1158641 -26.55155
v -21.49691 -0.637017 -27.2317
v -26.17845 -0.1651015 -26.05669
v -21.24194 -0.7305846 -26.7947
v -26.21183 -0.2296024 -25.54732
v -21.07803 -0.8176858 -26.31482
v -26.14528 -0.3068883 -25.043
v -21.01149 -0.894971 -25.81051
v -25.98137 -0.3939889 -24.56312
v -21.04487 -0.9594724 -25.30113
v -25.7264 -0.4875571 -24.12612
v -21.17689 -1.008709 -24.80628
v -25.39016 -0.5839972 -23.7488
v -21.40248 -1.04079 -24.34496
v -24.98557 -0.679603 -23.44564
v -21.71296 -1.054484 -23.9349
v -24.52818 -0.7707004 -23.22831
v -22.09641 -1.049262 -23.59187
v -24.03557 -0.8537873 -23.10516
v -22.5381 -1.025325 -23.32903
v -23.52667 -0.9256739 -23.08091
v -23.02103 -0.9835944 -23.15651
v -24.67466 0.07674935 -23.68922
v -24.28764 -0.0003327483 -23.50533
v -23.87082 -0.07063664 -23.40112
v -23.44022 -0.1314636 -23.3806
v -23.01237 -0.180473 -23.44456
v -22.60374 -0.2157834 -23.59055
v -25.01701 0.1576463 -23.94573
v -22.23001 -0.2360376 -23.81294
v -25.30152 0.2392491 -24.26501
v -21.90555 -0.2404563 -24.1032
v -25.51727 0.3184219 -24.63477
v -21.64283 -0.2288695 -24.45017
v -25.65596 0.3921221 -25.04082
v -21.45195 -0.2017238 -24.84052
v -25.71227 0.4575177 -25.46755
v -21.34024 -0.1600623 -25.25924
v -25.68402 0.5120951 -25.89856
v -21.312 -0.1054843 -25.69025
v -25.57231 0.5537573 -26.31728
v -21.3683 -0.04008951 -26.11698
v -25.38143 0.5809031 -26.70763
v -21.50699 0.03361136 -26.52303
v -25.11871 0.5924894 -27.0546
v -21.72274 0.1127836 -26.89279
v -24.79426 0.5880714 -27.34486
v -22.00725 0.1943863 -27.21207
v -24.42053 0.5678172 -27.56725
v -22.3496 0.2752832 -27.46858
v -24.01189 0.5325068 -27.71324
v -22.73662 0.3523653 -27.65248
v -23.58405 0.4834968 -27.7772
v -23.15344 0.4226705 -27.75668
v -24.06073 1.118476 -26.88616
v -23.77349 1.093657 -26.98878
v -23.47276 1.059207 -27.03374
v -23.17008 1.016452 -27.01931
v -22.8771 0.9670341 -26.94607
v -22.60506 0.9128526 -26.81681
v -24.32342 1.132713 -26.72984
v -22.36442 0.8559897 -26.6365
v -24.55149 1.135819 -26.52581
v -22.16444 0.7986307 -26.41208
v -24.73615 1.127675 -26.28193
v -22.01279 0.7429797 -26.15217
v -24.87032 1.108594 -26.00755
v -21.9153 0.6911754 -25.86675
v -24.94884 1.079309 -25.71323
v -21.87572 0.6452086 -25.56681
v -24.9687 1.040946 -25.41027
v -21.89558 0.6068459 -25.26385
v -24.92912 0.9949793 -25.11032
v -21.9741 0.5775613 -24.96953
v -24.83163 0.943175 -24.82491
v -22.10827 0.5584804 -24.69515
v -24.67998 0.8875241 -24.565
v -22.29294 0.5503364 -24.45126
v -24.48 0.8301649 -24.34058
v -22.521 0.5534424 -24.24724
v -24.23936 0.7733021 -24.16027
v -22.7837 0.5676787 -24.09092
v -23.96732 0.7191206 -24.03101
v -23.07093 0.5924985 -23.9883
v -23.67434 0.6697032 -23.95776
v -23.37166 0.626948 -23.94334
v -24.1311 1.067079 -24.65356
v -23.96269 1.027283 -24.52737
v -23.7723 0.9893634 -24.4369
v -23.56725 0.954778 -24.38564
v -23.35542 0.9248554 -24.37555
v -23.14495 0.9007456 -24.40701
v -24.27106 1.107222 -24.81062
v -22.94392 0.8833752 -24.47883
v -24.3772 1.14617 -24.99252
v -22.76007 0.8734117 -24.58823
v -24.44542 1.182426 -25.19227
v -22.60046 0.8712379 -24.73102
v -24.47312 1.214596 -25.40219
v -22.47122 0.8769377 -24.90171
v -24.45923 1.241445 -25.61422
v -22.37732 0.8902916 -25.09373
v -24.40427 1.26194 -25.82021
v -22.32237 0.9107867 -25.29972
v -24.31037 1.275294 -26.01223
v -22.30847 0.9376352 -25.51175
v -24.18113 1.280994 -26.18292
v -22.33617 0.9698055 -25.72167
v -24.02152 1.27882 -26.32571
v -22.4044 1.006061 -25.92142
v -23.83767 1.268857 -26.43511
v -22.51053 1.045009 -26.10332
v -23.63664 1.251486 -26.50693
v -22.65049 1.085153 -26.26038
v -23.42617 1.227376 -26.53839
v -22.8189 1.124949 -26.38657
v -23.21434 1.197454 -26.5283
v -23.00929 1.162868 -26.47704
v -23.45329 1.29699 -25.79465
v -23.38123 1.288736 -25.80542
v -23.3087 1.278492 -25.80197
v -23.2385 1.266651 -25.78442
v -23.17332 1.253669 -25.75344
v -23.11566 1.240044 -25.71024
v -23.52211 1.302937 -25.77006
v -23.06775 1.2263 -25.65647
v -23.58505 1.306348 -25.73261
v -23.03141 1.212966 -25.59419
v -23.6397 1.307093 -25.68372
v -23.00805 1.200553 -25.52581
v -23.68394 1.305141 -25.62528
v -23.71609 1.300569 -25.55954
v -23.73018 1.273347 -25.34456
v -23.70682 1.260934 -25.27617
v -23.73491 1.293553 -25.48902
v -23.73966 1.284361 -25.41643
v -23.67048 1.2476 -25.2139
v -23.62257 1.233856 -25.16013
v -23.56491 1.220231 -25.11692
v -23.49973 1.207249 -25.08595
v -23.42953 1.195408 -25.0684
v -23.357 1.185164 -25.06495
v -23.28495 1.17691 -25.07572
v -23.21612 1.170963 -25.10031
v -23.15318 1.167552 -25.13776
v -23.09853 1.166808 -25.18665
v -23.05429 1.168759 -25.24508
v -23.02214 1.173331 -25.31083
v -22.99857 1.189539 -25.45394
v -23.00332 1.180348 -25.38135
v -20.93251 -2.208168 -24.81689
v -21.00479 -1.033494 -24.74402
v -21.3056 -0.2172288 -24.7871
v -21.87042 0.5726111 -24.93117
v -22.30383 0.8937187 -25.06596
v -22.51526 -2.227489 -23.09921
v -22.46172 -1.051278 -23.1629
v -22.53837 -0.232277 -23.44924
v -22.73695 0.5620336 -23.99078
v -22.91028 0.8863159 -24.40782
v -21.00815 -1.884777 -27.12894
v -21.07442 -0.7358126 -26.87226
v -21.36451 0.03465449 -26.58792
v -21.91183 0.7496613 -26.19698
v -22.33281 1.017629 -25.95185
v -22.69786 -1.446754 -28.681
v -22.6298 -0.3326117 -28.30094
v -22.6806 0.3758231 -27.79679
v -22.83692 0.9894705 -27.0467
v -22.98024 1.185462 -26.54653
v -25.01185 -1.150685 -28.56389
v -24.75982 -0.06008125 -28.19313
v -24.48291 0.6064249 -27.70557
v -24.10378 1.151562 -26.98258
v -23.86687 1.298903 -26.50166
v -26.5946 -1.170006 -26.84621
v -26.21674 -0.07786591 -26.61201
v -25.71569 0.5913764 -26.3677
v -24.9703 1.140984 -26.04219
v -24.47331 1.2915 -25.84351
v -26.51896 -1.493398 -24.53416
v -26.14712 -0.3755477 -24.48377
v -25.65677 0.3394928 -24.56689
v -24.92889 0.9639338 -24.77638
v -24.44433 1.16759 -24.95763
v -24.82924 -1.931422 -22.9821
v -24.59173 -0.7787486 -23.0551
v -24.34068 -0.001675792 -23.35802
v -24.0038 0.7241244 -23.92666
v -23.7969 0.9997569 -24.36294
f 5334 5335 5336
f 5334 5336 5337
f 5338 5334 5337
f 5338 5337 5339
f 5340 5338 5339
f 5340 5339 5341
f 5342 5340 5341
f 5342 5341 5343
f 5344 5342 5343
f 5344 5343 5345
f 5346 5344 5345
f 5346 5345 5347
f 5348 5346 5347
f 5348 5347 5349
f 5350 5348 5349
f 5350 5349 5351
f 5352 5353 5354
f 5352 5355 5353
f 5355 5356 5353
f 5355 5357 5356
f 5357 5358 5356
f 5357 5359 5358
f 5359 5360 5358
f 5359 5361 5360
f 5361 5362 5360
f 5361 5363 5362
f 5363 5364 5362
f 5363 5365 5364
f 5365 5366 5364
f 5365 5367 5366
f 5367 5368 5366
f 5367 5369 5368
f 5370 5371 5372
f 5370 5373 5371
f 5373 5374 5371
f 5373 5375 5374
f 5375 5376 5374
f 5375 5377 5376
f 5377 5378 5376
f 5377 5379 5378
f 5379 5380 5378
f 5379 5381 5380
f 5381 5382 5380
f 5381 5383 5382
f 5383 5384 5382
f 5383 5385 5384
f 5385 5386 5384
f 5385 5387 5386
f 5388 5389 5390
f 5388 5391 5389
f 5391 5392 5389
f 5391 5393 5392
f 5393 5394 5392
f 5393 5395 5394
f 5395 5396 5394
f 5395 5397 5396
f 5397 5398 5396
f 5397 5399 5398
f 5399 5400 5398
f 5399 5401 5400
f 5401 5402 5400
f 5401 5403 5402
f 5403 5404 5402
f 5403 5405 5404
f 5406 5407 5408
f 5408 5409 5406
f 5409 5410 5406
f 5409 5411 5410
f 5411 5412 5410
f 5411 5413 5412
f 5411 5414 5413
f 5414 5415 5413
f 5414 5416 5415
f 5416 5417 5415
f 5416 5418 5417
f 5418 5419 5417
f 5418 5420 5419
f 5420 5421 5419
f 5420 5422 5421
f 5422 5423 5421
f 5422 5424 5423
f 5424 5425 5423
f 5424 5426 5425
f 5426 5427 5425
f 5426 5428 5427
f 5428 5429 5427
f 5428 5430 5429
f 5430 5431 5429
f 5430 5432 5431
f 5432 5433 5431
f 5432 5434 5433
f 5434 5435 5433
f 5434 5436 5435
f 5436 5437 5435
f 5438 5439 5440
f 5440 5441 5438
f 5440 5442 5441
f 5442 5443 5441
f 5442 5444 5443
f 5444 5445 5443
f 5444 5446 5445
f 5446 5447 5445
f 5446 5448 5447
f 5448 5449 5447
f 5449 5450 5447
f 5449 5451 5450
f 5451 5452 5450
f 5451 5453 5452
f 5453 5454 5452
f 5453 5455 5454
f 5455 5456 5454
f 5455 5457 5456
f 5457 5458 5456
f 5457 5459 5458
f 5459 5460 5458
f 5459 5461 5460
f 5461 5462 5460
f 5461 5463 5462
f 5463 5464 5462
f 5463 5465 5464
f 5465 5466 5464
f 5465 5467 5466
f 5467 5468 5466
f 5467 5469 5468
f 5470 5471 5472
f 5470 5472 5473
f 5473 5472 5474
f 5475 5470 5473
f 5473 5474 5476
f 5475 5473 5477
f 5477 5473 5476
f 5478 5475 5477
f 5477 5476 5479
f 5478 5477 5480
f 5480 5477 5479
f 5481 5478 5480
f 5480 5479 5482
f 5481 5480 5483
f 5483 5480 5482
f 5484 5481 5483
f 5483 5482 5485
f 5484 5483 5486
f 5486 5483 5485
f 5487 5484 5486
f 5486 5485 5488
f 5489 5487 5486
f 5489 5486 5488
f 5490 5489 5488
f 5490 5488 5491
f 5490 5492 5489
f 5493 5490 5491
f 5493 5491 5494
f 5490 5495 5492
f 5493 5495 5490
f 5495 5496 5492
f 5493 5497 5495
f 5498 5493 5494
f 5495 5499 5496
f 5497 5499 5495
f 5499 5500 5496
f 5497 5501 5499
f 5499 5502 5500
f 5501 5502 5499
f 5502 5503 5500
f 5501 5504 5502
f 5502 5505 5503
f 5504 5505 5502
f 5505 5506 5503
f 5504 5507 5505
f 5505 5508 5506
f 5507 5508 5505
f 5507 5509 5508
f 5498 5494 5510
f 5511 5498 5510
f 5494 5512 5510
f 5494 5513 5512
f 5513 5514 5512
f 5513 5515 5514
f 5515 5516 5514
f 5515 5517 5516
f 5517 5518 5516
f 5517 5519 5518
f 5519 5520 5518
f 5519 5521 5520
f 5518 5520 5522
f 5518 5522 5523
f 5516 5518 5523
f 5516 5523 5524
f 5514 5516 5524
f 5514 5524 5525
f 5512 5514 5525
f 5512 5525 5526
f 5510 5512 5526
f 5510 5526 5527
f 5511 5510 5527
f 5528 5511 5527
f 5528 5527 5529
f 5528 5530 5511
f 5531 5528 5529
f 5531 5529 5532
f 5528 5533 5530
f 5531 5533 5528
f 5533 5534 5530
f 5531 5535 5533
f 5536 5531 5532
f 5533 5537 5534
f 5535 5537 5533
f 5537 5538 5534
f 5535 5539 5537
f 5537 5540 5538
f 5539 5540 5537
f 5540 5541 5538
f 5539 5542 5540
f 5540 5543 5541
f 5542 5543 5540
f 5543 5544 5541
f 5542 5545 5543
f 5543 5546 5544
f 5545 5546 5543
f 5545 5547 5546
f 5536 5532 5548
f 5549 5536 5548
f 5532 5550 5548
f 5532 5551 5550
f 5551 5552 5550
f 5551 5553 5552
f 5553 5554 5552
f 5553 5555 5554
f 5555 5556 5554
f 5555 5557 5556
f 5557 5558 5556
f 5557 5559 5558
f 5556 5558 5560
f 5556 5560 5561
f 5554 5556 5561
f 5554 5561 5562
f 5552 5554 5562
f 5552 5562 5563
f 5550 5552 5563
f 5550 5563 5564
f 5548 5550 5564
f 5548 5564 5565
f 5549 5548 5565
f 5566 5549 5565
f 5566 5565 5567
f 5566 5568 5549
f 5569 5566 5567
f 5569 5567 5570
f 5566 5571 5568
f 5569 5571 5566
f 5571 5572 5568
f 5569 5573 5571
f 5574 5569 5570
f 5571 5575 5572
f 5573 5575 5571
f 5575 5576 5572
f 5573 5577 5575
f 5575 5578 5576
f 5577 5578 5575
f 5578 5579 5576
f 5577 5580 5578
f 5578 5581 5579
f 5580 5581 5578
f 5581 5582 5579
f 5580 5583 5581
f 5581 5584 5582
f 5583 5584 5581
f 5583 5585 5584
f 5574 5570 5586
f 5587 5574 5586
f 5570 5588 5586
f 5570 5589 5588
f 5589 5590 5588
f 5589 5591 5590
f 5591 5592 5590
f 5591 5593 5592
f 5593 5594 5592
f 5593 5595 5594
f 5595 5596 5594
f 5595 5597 5596
f 5594 5596 5598
f 5594 5598 5599
f 5592 5594 5599
f 5592 5599 5600
f 5590 5592 5600
f 5590 5600 5601
f 5588 5590 5601
f 5588 5601 5602
f 5586 5588 5602
f 5586 5602 5603
f 5587 5586 5603
f 5604 5587 5603
f 5604 5603 5605
f 5604 5606 5587
f 5605 5607 5604
f 5604 5608 5606
f 5607 5608 5604
f 5608 5609 5606
f 5607 5610 5608
f 5608 5611 5609
f 5610 5611 5608
f 5611 5612 5609
f 5610 5613 5611
f 5611 5614 5612
f 5613 5614 5611
f 5614 5615 5612
f 5613 5616 5614
f 5614 5617 5615
f 5616 5617 5614
f 5617 5618 5615
f 5616 5619 5617
f 5617 5620 5618
f 5619 5620 5617
f 5619 5621 5620
f 5622 5623 5624
f 5622 5624 5625
f 5626 5622 5625
f 5623 5627 5624
f 5623 5628 5627
f 5626 5625 5629
f 5630 5626 5629
f 5628 5631 5627
f 5628 5632 5631
f 5630 5629 5633
f 5634 5630 5633
f 5632 5635 5631
f 5632 5636 5635
f 5634 5633 5637
f 5638 5634 5637
f 5636 5639 5635
f 5636 5640 5639
f 5638 5637 5641
f 5642 5638 5641
f 5640 5643 5639
f 5640 5644 5643
f 5642 5641 5645
f 5646 5642 5645
f 5644 5647 5643
f 5644 5648 5647
f 5646 5645 5649
f 5650 5646 5649
f 5648 5651 5647
f 5648 5652 5651
f 5650 5649 5653
f 5654 5650 5653
f 5652 5655 5651
f 5652 5656 5655
f 5654 5653 5657
f 5658 5654 5657
f 5656 5659 5655
f 5656 5660 5659
f 5658 5657 5661
f 5662 5658 5661
f 5660 5663 5659
f 5660 5664 5663
f 5662 5661 5665
f 5666 5662 5665
f 5664 5667 5663
f 5664 5668 5667
f 5666 5665 5669
f 5670 5666 5669
f 5668 5671 5667
f 5668 5672 5671
f 5670 5669 5673
f 5674 5670 5673
f 5672 5675 5671
f 5672 5676 5675
f 5674 5673 5677
f 5678 5674 5677
f 5676 5679 5675
f 5676 5680 5679
f 5678 5677 5681
f 5682 5678 5681
f 5680 5683 5679
f 5680 5684 5683
f 5684 5682 5685
f 5682 5681 5685
f 5684 5685 5683
f 5671 5675 5686
f 5675 5679 5687
f 5675 5687 5686
f 5679 5683 5688
f 5679 5688 5687
f 5683 5685 5689
f 5683 5689 5688
f 5685 5681 5690
f 5685 5690 5689
f 5681 5677 5691
f 5681 5691 5690
f 5671 5686 5692
f 5667 5671 5692
f 5677 5693 5691
f 5677 5673 5693
f 5667 5692 5694
f 5663 5667 5694
f 5673 5695 5693
f 5673 5669 5695
f 5663 5694 5696
f 5659 5663 5696
f 5669 5697 5695
f 5669 5665 5697
f 5659 5696 5698
f 5655 5659 5698
f 5665 5699 5697
f 5665 5661 5699
f 5655 5698 5700
f 5651 5655 5700
f 5661 5701 5699
f 5661 5657 5701
f 5651 5700 5702
f 5647 5651 5702
f 5657 5703 5701
f 5657 5653 5703
f 5647 5702 5704
f 5643 5647 5704
f 5653 5705 5703
f 5653 5649 5705
f 5643 5704 5706
f 5639 5643 5706
f 5649 5707 5705
f 5649 5645 5707
f 5639 5706 5708
f 5635 5639 5708
f 5645 5709 5707
f 5645 5641 5709
f 5635 5708 5710
f 5631 5635 5710
f 5641 5711 5709
f 5641 5637 5711
f 5631 5710 5712
f 5627 5631 5712
f 5637 5713 5711
f 5637 5633 5713
f 5627 5712 5714
f 5624 5627 5714
f 5633 5715 5713
f 5633 5629 5715
f 5624 5714 5716
f 5625 5624 5716
f 5629 5625 5717
f 5629 5717 5715
f 5625 5716 5717
f 5712 5710 5718
f 5714 5712 5719
f 5712 5718 5719
f 5716 5714 5720
f 5714 5719 5720
f 5717 5716 5721
f 5716 5720 5721
f 5715 5717 5722
f 5717 5721 5722
f 5713 5715 5723
f 5715 5722 5723
f 5710 5724 5718
f 5710 5708 5724
f 5713 5723 5725
f 5711 5713 5725
f 5708 5726 5724
f 5708 5706 5726
f 5711 5725 5727
f 5709 5711 5727
f 5706 5728 5726
f 5706 5704 5728
f 5709 5727 5729
f 5707 5709 5729
f 5704 5730 5728
f 5704 5702 5730
f 5707 5729 5731
f 5705 5707 5731
f 5702 5732 5730
f 5702 5700 5732
f 5705 5731 5733
f 5703 5705 5733
f 5700 5734 5732
f 5700 5698 5734
f 5703 5733 5735
f 5701 5703 5735
f 5698 5736 5734
f 5698 5696 5736
f 5701 5735 5737
f 5699 5701 5737
f 5696 5738 5736
f 5696 5694 5738
f 5699 5737 5739
f 5697 5699 5739
f 5694 5740 5738
f 5694 5692 5740
f 5697 5739 5741
f 5695 5697 5741
f 5692 5742 5740
f 5692 5686 5742
f 5695 5741 5743
f 5693 5695 5743
f 5686 5744 5742
f 5686 5687 5744
f 5693 5743 5745
f 5691 5693 5745
f 5687 5746 5744
f 5687 5688 5746
f 5691 5745 5747
f 5690 5691 5747
f 5688 5748 5746
f 5688 5689 5748
f 5689 5690 5749
f 5690 5747 5749
f 5689 5749 5748
f 5742 5744 5750
f 5744 5746 5751
f 5744 5751 5750
f 5746 5748 5752
f 5746 5752 5751
f 5748 5749 5753
f 5748 5753 5752
f 5749 5747 5754
f 5749 5754 5753
f 5747 5745 5755
f 5747 5755 5754
f 5742 5750 5756
f 5740 5742 5756
f 5745 5757 5755
f 5745 5743 5757
f 5740 5756 5758
f 5738 5740 5758
f 5743 5759 5757
f 5743 5741 5759
f 5738 5758 5760
f 5736 5738 5760
f 5741 5761 5759
f 5741 5739 5761
f 5736 5760 5762
f 5734 5736 5762
f 5739 5763 5761
f 5739 5737 5763
f 5734 5762 5764
f 5732 5734 5764
f 5737 5765 5763
f 5737 5735 5765
f 5732 5764 5766
f 5730 5732 5766
f 5735 5767 5765
f 5735 5733 5767
f 5730 5766 5768
f 5728 5730 5768
f 5733 5769 5767
f 5733 5731 5769
f 5728 5768 5770
f 5726 5728 5770
f 5731 5771 5769
f 5731 5729 5771
f 5726 5770 5772
f 5724 5726 5772
f 5729 5773 5771
f 5729 5727 5773
f 5724 5772 5774
f 5718 5724 5774
f 5727 5775 5773
f 5727 5725 5775
f 5718 5774 5776
f 5719 5718 5776
f 5725 5777 5775
f 5725 5723 5777
f 5719 5776 5778
f 5720 5719 5778
f 5723 5779 5777
f 5723 5722 5779
f 5720 5778 5780
f 5721 5720 5780
f 5722 5721 5781
f 5722 5781 5779
f 5721 5780 5781
f 5776 5774 5782
f 5778 5776 5783
f 5776 5782 5783
f 5780 5778 5784
f 5778 5783 5784
f 5781 5780 5785
f 5780 5784 5785
f 5779 5781 5786
f 5781 5785 5786
f 5777 5779 5787
f 5779 5786 5787
f 5774 5788 5782
f 5774 5772 5788
f 5777 5787 5789
f 5775 5777 5789
f 5772 5790 5788
f 5772 5770 5790
f 5775 5789 5791
f 5773 5775 5791
f 5770 5792 5790
f 5770 5768 5792
f 5773 5791 5793
f 5771 5773 5793
f 5768 5794 5792
f 5768 5766 5794
f 5771 5793 5795
f 5769 5771 5795
f 5766 5796 5794
f 5766 5764 5796
f 5769 5795 5797
f 5767 5769 5797
f 5764 5798 5796
f 5764 5762 5798
f 5767 5797 5799
f 5765 5767 5799
f 5762 5800 5798
f 5762 5760 5800
f 5765 5799 5801
f 5763 5765 5801
f 5760 5802 5800
f 5760 5758 5802
f 5763 5801 5803
f 5761 5763 5803
f 5758 5804 5802
f 5758 5756 5804
f 5761 5803 5805
f 5759 5761 5805
f 5756 5806 5804
f 5756 5750 5806
f 5759 5805 5807
f 5757 5759 5807
f 5750 5808 5806
f 5750 5751 5808
f 5757 5807 5809
f 5755 5757 5809
f 5751 5810 5808
f 5751 5752 5810
f 5755 5809 5811
f 5754 5755 5811
f 5752 5812 5810
f 5752 5753 5812
f 5753 5754 5813
f 5754 5811 5813
f 5753 5813 5812
f 5806 5808 5814
f 5808 5810 5815
f 5808 5815 5814
f 5810 5812 5816
f 5810 5816 5815
f 5812 5813 5817
f 5812 5817 5816
f 5813 5811 5818
f 5813 5818 5817
f 5811 5809 5819
f 5811 5819 5818
f 5806 5814 5820
f 5804 5806 5820
f 5809 5821 5819
f 5809 5807 5821
f 5804 5820 5822
f 5802 5804 5822
f 5807 5823 5821
f 5807 5805 5823
f 5802 5822 5824
f 5800 5802 5824
f 5805 5825 5823
f 5805 5803 5825
f 5800 5824 5826
f 5798 5800 5826
f 5798 5826 5827
f 5796 5798 5827
f 5826 5824 5828
f 5827 5826 5828
f 5824 5822 5829
f 5824 5829 5828
f 5796 5827 5830
f 5794 5796 5830
f 5831 5830 5827
f 5794 5830 5831
f 5827 5828 5831
f 5792 5794 5831
f 5792 5831 5828
f 5790 5792 5828
f 5790 5828 5829
f 5788 5790 5829
f 5822 5832 5829
f 5788 5829 5832
f 5822 5820 5832
f 5782 5788 5832
f 5820 5833 5832
f 5782 5832 5833
f 5820 5814 5833
f 5783 5782 5833
f 5814 5834 5833
f 5783 5833 5834
f 5814 5815 5834
f 5784 5783 5834
f 5815 5835 5834
f 5784 5834 5835
f 5815 5816 5835
f 5785 5784 5835
f 5816 5836 5835
f 5785 5835 5836
f 5816 5817 5836
f 5786 5785 5836
f 5817 5837 5836
f 5786 5836 5837
f 5817 5818 5837
f 5787 5786 5837
f 5818 5838 5837
f 5787 5837 5838
f 5789 5787 5838
f 5818 5819 5838
f 5789 5838 5839
f 5819 5839 5838
f 5791 5789 5839
f 5819 5840 5839
f 5791 5839 5840
f 5819 5821 5840
f 5793 5791 5840
f 5821 5841 5840
f 5793 5840 5841
f 5821 5823 5841
f 5795 5793 5841
f 5823 5842 5841
f 5795 5841 5842
f 5797 5795 5842
f 5823 5825 5842
f 5797 5842 5843
f 5825 5843 5842
f 5799 5797 5843
f 5825 5844 5843
f 5803 5844 5825
f 5803 5801 5844
f 5799 5843 5845
f 5801 5799 5845
f 5844 5845 5843
f 5801 5845 5844
f 5503 5506 5846
f 5503 5846 5847
f 5847 5846 5471
f 5500 5503 5847
f 5847 5471 5470
f 5500 5847 5848
f 5848 5847 5470
f 5496 5500 5848
f 5848 5470 5475
f 5496 5848 5849
f 5849 5848 5475
f 5492 5496 5849
f 5849 5475 5478
f 5492 5849 5850
f 5850 5849 5478
f 5489 5492 5850
f 5850 5478 5481
f 5489 5850 5487
f 5487 5850 5481
f 5487 5481 5484
f 5541 5544 5851
f 5541 5851 5852
f 5852 5851 5509
f 5538 5541 5852
f 5852 5509 5507
f 5538 5852 5853
f 5853 5852 5507
f 5534 5538 5853
f 5853 5507 5504
f 5534 5853 5854
f 5854 5853 5504
f 5530 5534 5854
f 5854 5504 5501
f 5530 5854 5855
f 5855 5854 5501
f 5511 5530 5855
f 5855 5501 5497
f 5511 5855 5498
f 5498 5855 5497
f 5498 5497 5493
f 5476 5474 5856
f 5476 5856 5857
f 5857 5856 5521
f 5479 5476 5857
f 5857 5521 5519
f 5479 5857 5858
f 5858 5857 5519
f 5482 5479 5858
f 5858 5519 5517
f 5482 5858 5859
f 5859 5858 5517
f 5485 5482 5859
f 5859 5517 5515
f 5485 5859 5860
f 5860 5859 5515
f 5488 5485 5860
f 5860 5515 5513
f 5488 5860 5491
f 5491 5860 5513
f 5491 5513 5494
f 5523 5522 5861
f 5523 5861 5862
f 5862 5861 5559
f 5524 5523 5862
f 5862 5559 5557
f 5524 5862 5863
f 5863 5862 5557
f 5525 5524 5863
f 5863 5557 5555
f 5525 5863 5864
f 5864 5863 5555
f 5526 5525 5864
f 5864 5555 5553
f 5526 5864 5865
f 5865 5864 5553
f 5527 5526 5865
f 5865 5553 5551
f 5527 5865 5529
f 5529 5865 5551
f 5529 5551 5532
f 5561 5560 5866
f 5561 5866 5867
f 5867 5866 5597
f 5562 5561 5867
f 5867 5597 5595
f 5562 5867 5868
f 5868 5867 5595
f 5563 5562 5868
f 5868 5595 5593
f 5563 5868 5869
f 5869 5868 5593
f 5564 5563 5869
f 5869 5593 5591
f 5564 5869 5870
f 5870 5869 5591
f 5565 5564 5870
f 5870 5591 5589
f 5565 5870 5567
f 5567 5870 5589
f 5567 5589 5570
f 5599 5598 5871
f 5599 5871 5872
f 5872 5871 5621
f 5600 5599 5872
f 5872 5621 5619
f 5600 5872 5873
f 5873 5872 5619
f 5601 5600 5873
f 5873 5619 5616
f 5601 5873 5874
f 5874 5873 5616
f 5602 5601 5874
f 5874 5616 5613
f 5602 5874 5875
f 5875 5874 5613
f 5603 5602 5875
f 5875 5613 5610
f 5603 5875 5605
f 5605 5875 5610
f 5605 5610 5607
f 5615 5618 5876
f 5615 5876 5877
f 5877 5876 5585
f 5612 5615 5877
f 5877 5585 5583
f 5612 5877 5878
f 5878 5877 5583
f 5609 5612 5878
f 5878 5583 5580
f 5609 5878 5879
f 5879 5878 5580
f 5606 5609 5879
f 5879 5580 5577
f 5606 5879 5880
f 5880 5879 5577
f 5587 5606 5880
f 5880 5577 5573
f 5587 5880 5574
f 5574 5880 5573
f 5574 5573 5569
f 5579 5582 5881
f 5579 5881 5882
f 5882 5881 5547
f 5576 5579 5882
f 5882 5547 5545
f 5576 5882 5883
f 5883 5882 5545
f 5572 5576 5883
f 5883 5545 5542
f 5572 5883 5884
f 5884 5883 5542
f 5568 5572 5884
f 5884 5542 5539
f 5568 5884 5885
f 5885 5884 5539
f 5549 5568 5885
f 5885 5539 5535
f 5549 5885 5536
f 5536 5885 5535
f 5536 5535 5531
v 11.93889 -6.655992 40.19681
v 11.92293 -6.650819 40.21915
v 13.14839 0.5214493 39.43359
v 13.16434 0.5162765 39.41125
v 11.95891 -6.66146 40.17812
v 13.18437 0.5108073 39.39256
v 11.98224 -6.667016 40.1638
v 13.2077 0.505252 39.37823
v 12.00798 -6.672444 40.15438
v 13.23344 0.499824 39.36882
v 12.03513 -6.677536 40.15026
v 13.26059 0.4947319 39.36469
v 12.06266 -6.682096 40.15156
v 13.28812 0.4901714 39.366
v 12.08951 -6.68595 40.15826
v 13.31497 0.4863178 39.37269
v 12.11464 -6.688949 40.17008
v 13.3401 0.4833191 39.38452
v 11.92293 -6.650819 40.21915
v 13.13712 0.5261269 39.45872
v 13.14839 0.5214493 39.43359
v 11.91166 -6.646141 40.24429
v 13.13098 0.5301297 39.48567
v 11.90552 -6.642138 40.27124
v 13.13018 0.5333037 39.51342
v 11.90473 -6.638964 40.29898
v 13.13478 0.5355271 39.54088
v 11.90932 -6.636741 40.32645
v 13.14458 0.5367143 39.56701
v 11.91912 -6.635554 40.35258
v 13.15922 0.5368196 39.59081
v 11.93376 -6.635448 40.37637
v 13.17812 0.5358393 39.61135
v 11.95266 -6.636429 40.39692
v 13.20057 0.5338108 39.62785
v 11.97511 -6.638457 40.41342
v 11.97511 -6.638457 40.41342
v 13.2257 0.5308121 39.63968
v 13.20057 0.5338108 39.62785
v 12.00025 -6.641456 40.42524
v 13.25255 0.5269584 39.64637
v 12.02709 -6.645309 40.43194
v 13.28008 0.5223979 39.64768
v 12.05462 -6.64987 40.43325
v 13.30723 0.5173059 39.64355
v 12.08178 -6.654962 40.42912
v 13.33297 0.5118778 39.63414
v 12.10751 -6.66039 40.41971
v 13.3563 0.5063225 39.61982
v 12.13084 -6.665946 40.40538
v 13.37633 0.5008534 39.60112
v 12.15087 -6.671414 40.38669
v 13.39228 0.4956806 39.57878
v 12.16682 -6.676587 40.36435
v 12.16682 -6.676587 40.36435
v 13.40355 0.4910029 39.55365
v 13.39228 0.4956806 39.57878
v 12.17809 -6.681265 40.33922
v 13.4097 0.4870002 39.5267
v 12.18424 -6.685268 40.31226
v 13.41049 0.4838262 39.49895
v 12.18503 -6.688442 40.28452
v 13.4059 0.4816028 39.47149
v 12.18044 -6.690665 40.25705
v 13.39609 0.4804156 39.44535
v 12.17063 -6.691852 40.23092
v 13.38146 0.4803102 39.42156
v 12.156 -6.691957 40.20713
v 13.36255 0.4812906 39.40102
v 12.13709 -6.690977 40.18658
v 13.3401 0.4833191 39.38452
v 12.11464 -6.688949 40.17008
v 13.13712 0.5261269 39.45872
v 13.13098 0.5301297 39.48567
v 13.13018 0.5333037 39.51342
v 13.13478 0.5355271 39.54088
v 13.14839 0.5214493 39.43359
v 13.14458 0.5367143 39.56701
v 13.16434 0.5162765 39.41125
v 13.18437 0.5108073 39.39256
v 13.15922 0.5368196 39.59081
v 13.2077 0.505252 39.37823
v 13.17812 0.5358393 39.61135
v 13.23344 0.499824 39.36882
v 13.20057 0.5338108 39.62785
v 13.26059 0.4947319 39.36469
v 13.2257 0.5308121 39.63968
v 13.28812 0.4901714 39.366
v 13.25255 0.5269584 39.64637
v 13.31497 0.4863178 39.37269
v 13.28008 0.5223979 39.64768
v 13.3401 0.4833191 39.38452
v 13.30723 0.5173059 39.64355
v 13.36255 0.4812906 39.40102
v 13.33297 0.5118778 39.63414
v 13.38146 0.4803102 39.42156
v 13.3563 0.5063225 39.61982
v 13.39609 0.4804156 39.44535
v 13.37633 0.5008534 39.60112
v 13.4059 0.4816028 39.47149
v 13.39228 0.4956806 39.57878
v 13.41049 0.4838262 39.49895
v 13.40355 0.4910029 39.55365
v 13.4097 0.4870002 39.5267
v 11.90473 -6.638964 40.29898
v 11.90552 -6.642138 40.27124
v 11.91166 -6.646141 40.24429
v 11.90932 -6.636741 40.32645
v 11.92293 -6.650819 40.21915
v 11.91912 -6.635554 40.35258
v 11.93889 -6.655992 40.19681
v 11.93376 -6.635448 40.37637
v 11.95891 -6.66146 40.17812
v 11.95266 -6.636429 40.39692
v 11.98224 -6.667016 40.1638
v 12.00798 -6.672444 40.15438
v 11.97511 -6.638457 40.41342
v 12.03513 -6.677536 40.15026
v 12.00025 -6.641456 40.42524
v 12.06266 -6.682096 40.15156
v 12.02709 -6.645309 40.43194
v 12.08951 -6.68595 40.15826
v 12.05462 -6.64987 40.43325
v 12.11464 -6.688949 40.17008
v 12.08178 -6.654962 40.42912
v 12.13709 -6.690977 40.18658
v 12.10751 -6.66039 40.41971
v 12.156 -6.691957 40.20713
v 12.13084 -6.665946 40.40538
v 12.17063 -6.691852 40.23092
v 12.15087 -6.671414 40.38669
v 12.18044 -6.690665 40.25705
v 12.16682 -6.676587 40.36435
v 12.18503 -6.688442 40.28452
v 12.17809 -6.681265 40.33922
v 12.18424 -6.685268 40.31226
v 15.71686 -1.676806 40.10332
v 15.76091 -2.844385 40.26211
v 15.77787 -2.91236 39.66796
v 15.73247 -1.739377 39.55641
v 15.67949 -2.959975 39.07976
v 15.42081 -0.870315 39.95995
v 15.64191 -1.783206 39.01497
v 15.43402 -0.9232595 39.49717
v 14.84435 -0.09522587 39.78511
v 15.3574 -0.9603459 39.03904
v 14.85364 -0.1324409 39.45983
v 14.39413 0.2159451 39.68716
v 14.79978 -0.1585092 39.1378
v 14.40063 0.1898997 39.45951
v 13.67 0.4956927 39.55858
v 14.36294 0.1716556 39.23413
v 13.67223 0.4867757 39.48064
v 13.65273 0.5069377 39.63431
v 13.65932 0.4805296 39.40348
v 13.62108 0.5200789 39.70491
v 13.57626 0.534611 39.76767
v 13.63178 0.4771943 39.33007
v 14.25123 0.2871743 40.11457
v 13.52 0.5499757 39.82019
v 13.59066 0.4768981 39.26322
v 14.12032 0.3296208 40.29789
v 14.64017 0.006550452 40.39581
v 13.95599 0.3744992 40.45128
v 13.45445 0.5655825 39.86043
v 14.45312 0.0672005 40.65776
v 15.13032 -0.7255212 40.82877
v 14.21831 0.1313253 40.87693
v 14.86421 -0.6392365 41.20143
v 15.37355 -1.505685 41.13012
v 14.53016 -0.5480083 41.51324
v 15.05905 -1.403712 41.57054
v 15.38795 -2.658485 41.37758
v 14.66426 -1.295896 41.93904
v 15.04629 -2.547705 41.85604
v 14.6174 -2.430578 42.25636
v 13.53755 0.4796523 39.20551
v 13.38215 0.5808316 39.88686
v 14.00726 0.1690933 38.65589
v 14.1624 0.1610485 38.82445
v 14.29156 -0.1621704 38.31157
v 14.51324 -0.1736651 38.55242
v 14.63437 -0.9655546 37.86359
v 14.94974 -0.9819078 38.20624
v 14.78742 -1.789362 37.6258
v 15.16013 -1.808689 38.03075
v 14.7512 -2.966663 37.57061
v 15.1561 -2.987658 38.01054
v 14.27042 -2.92322 37.21722
v 14.34486 -1.749373 37.30051
v 14.25989 -0.9317179 37.58834
v 14.02834 -0.1383863 38.1181
v 13.82304 0.1857388 38.52048
v 13.47448 0.4853511 39.15915
v 13.30586 0.595137 39.89847
v 13.40388 0.4937755 39.12593
v 13.55335 0.4646254 40.64604
v 13.22852 0.607949 39.89479
v 13.32846 0.5046017 39.10712
v 13.33052 0.5064099 40.67993
v 13.643 0.2601027 41.15521
v 13.10462 0.5438322 40.66919
v 13.1531 0.6187751 39.87598
v 13.32461 0.3198067 41.20363
v 13.71169 -0.3648009 41.90914
v 13.00183 0.3732778 41.1883
v 13.25872 -0.2798621 41.97803
v 13.69697 -1.079378 42.40693
v 12.79951 -0.2037906 41.95621
v 13.16165 -0.978995 42.48833
v 13.56658 -2.195359 42.76466
v 12.61894 -0.889092 42.46255
v 12.98502 -2.086307 42.8531
v 12.39544 -1.988639 42.8251
v 13.25112 0.5174137 39.10345
v 13.0825 0.6271995 39.84276
v 13.17062 0.2793897 38.35778
v 13.39653 0.2419674 38.36851
v 13.09614 -0.004572609 37.88562
v 13.41892 -0.05804374 37.90095
v 12.93368 -0.7413456 37.2576
v 13.39289 -0.8174171 37.27941
v 12.7775 -1.524387 36.90963
v 13.32021 -1.61429 36.93541
v 12.5677 -2.678802 36.79258
v 13.15727 -2.77647 36.82059
v 11.98614 -2.56975 36.88102
v 12.24218 -1.424004 36.99104
v 12.48071 -0.6564068 37.32648
v 12.77774 0.05513132 37.93404
v 12.94779 0.3211741 38.39167
v 13.17483 0.5317191 39.11505
v 13.01943 0.6328983 39.79641
v 13.10252 0.5469683 39.14148
v 12.67811 0.6000606 40.51722
v 12.96631 0.6356525 39.7387
v 13.03698 0.562575 39.18173
v 12.49389 0.6167061 40.38182
v 12.39241 0.4536201 40.97115
v 12.33875 0.6247509 40.21326
v 12.9252 0.6353564 39.67185
v 12.12918 0.4774042 40.77768
v 11.93251 -0.08949026 41.64728
v 11.90751 0.4888991 40.53682
v 11.55803 -0.05565343 41.37204
v 11.5943 -0.7540092 42.09745
v 11.24266 -0.03930013 41.02938
v 11.15173 -0.7140201 41.77217
v 11.2823 -1.84189 42.42846
v 10.77903 -0.6946934 41.36721
v 10.80151 -1.798447 42.07508
v 10.39662 -1.777451 41.63515
v 12.98072 0.5779397 39.23425
v 12.89766 0.6320211 39.59844
v 12.38083 0.4561788 38.73981
v 12.54516 0.4113004 38.58643
v 11.96763 0.2480337 38.43149
v 12.20244 0.1839089 38.21232
v 11.32819 -0.3819712 38.03419
v 11.66224 -0.4731994 37.72239
v 10.8801 -1.09967 37.82742
v 11.27489 -1.207485 37.45893
v 10.50642 -2.217404 37.78965
v 10.93531 -2.334531 37.38932
v 10.16476 -2.106624 38.2681
v 10.5656 -0.9976964 38.26785
v 11.06208 -0.2956863 38.40685
v 11.78058 0.3086838 38.69344
v 12.24992 0.4986254 38.92314
v 12.9359 0.5924719 39.29701
v 12.88475 0.625775 39.52128
v 12.90425 0.605613 39.36761
v 12.13821 0.614144 39.80357
v 12.88698 0.6168581 39.44334
v 12.10051 0.5958999 39.5782
v 11.62097 0.4737433 39.95145
v 12.10701 0.5698546 39.35054
v 11.5671 0.447675 39.62942
v 10.835 -0.06086179 40.19659
v 11.57639 0.41046 39.30413
v 10.75838 -0.09794807 39.73845
v 10.29724 -0.7201754 40.38299
v 10.77159 -0.1508926 39.27568
v 10.20668 -0.7640048 39.84156
v 9.873223 -1.805134 40.56593
v 10.2223 -0.8265759 39.29464
v 9.774841 -1.852749 39.97773
v 9.791807 -1.920724 39.38358
v 13.56658 -2.195359 42.76466
v 12.98502 -2.086307 42.8531
v 12.97131 -2.10577 42.65402
v 13.51466 -2.207658 42.57139
v 14.11776 -2.311605 42.56317
v 12.42047 -2.014519 42.62785
v 12.39544 -1.988639 42.8251
v 14.02964 -2.316267 42.38313
v 14.6174 -2.430578 42.25636
v 11.8833 -1.937412 42.49389
v 11.82051 -1.90611 42.68171
v 14.49645 -2.427423 42.09649
v 15.04629 -2.547705 41.85604
v 11.38046 -1.877411 42.25728
v 11.2823 -1.84189 42.42846
v 14.89716 -2.536855 41.72247
v 15.38795 -2.658485 41.37758
v 10.93126 -1.836822 41.92712
v 10.80151 -1.798447 42.07508
v 15.21638 -2.640357 41.27544
v 15.62925 -2.758662 40.83938
v 10.55296 -1.817205 41.51609
v 10.39662 -1.777451 41.63515
v 15.44182 -2.733953 40.77259
v 15.76091 -2.844385 40.26211
v 10.26011 -1.819315 41.03999
v 10.08317 -1.779709 41.12557
v 15.56483 -2.814044 40.23325
v 15.77787 -2.91236 39.66796
v 10.06395 -1.843069 40.51711
v 9.873223 -1.805134 40.56593
v 15.58068 -2.877553 39.67813
v 15.67949 -2.959975 39.07976
v 9.972034 -1.887556 39.96756
v 9.774841 -1.852749 39.97773
v 15.48876 -2.92204 39.12858
v 15.46955 -2.9854 38.52012
v 9.987885 -1.951065 39.41244
v 9.791807 -1.920724 39.38358
v 15.29261 -2.945795 38.6057
v 15.1561 -2.987658 38.01054
v 10.1109 -2.031157 38.87309
v 9.923468 -2.006447 38.80631
v 14.99976 -2.947904 38.1296
v 14.7512 -2.966663 37.57061
v 10.33634 -2.124752 38.37025
v 10.16476 -2.106624 38.2681
v 14.62146 -2.928288 37.71857
v 14.27042 -2.92322 37.21722
v 10.65555 -2.228254 37.92322
v 10.50642 -2.217404 37.78965
v 14.17226 -2.887699 37.3884
v 13.73221 -2.859 36.96397
v 11.05626 -2.337686 37.5492
v 10.93531 -2.334531 37.38932
v 13.66941 -2.827698 37.15179
v 13.15727 -2.77647 36.82059
v 11.52308 -2.448843 37.26255
v 11.43495 -2.453504 37.08252
v 13.13225 -2.750591 37.01783
v 12.5677 -2.678802 36.79258
v 12.03805 -2.557452 37.0743
v 11.98614 -2.56975 36.88102
v 12.5814 -2.659339 36.99166
v 11.3851 -1.216981 37.60682
v 11.81481 -1.319301 37.34296
v 12.28884 -1.419276 37.16967
v 12.789 -1.513063 37.0936
v 13.29605 -1.59706 37.11769
v 13.79051 -1.668038 37.241
v 11.01625 -1.116249 37.9511
v 14.25338 -1.723269 37.45881
v 10.72241 -1.020975 38.36259
v 14.66687 -1.76063 37.76272
v 10.51489 -0.934821 38.82546
v 15.01509 -1.778687 38.14108
v 10.40166 -0.8610971 39.32193
v 15.28466 -1.776745 38.57933
v 10.38707 -0.8026367 39.83291
v 15.46522 -1.754879 39.06063
v 10.47168 -0.7616869 40.33878
v 15.54983 -1.713928 39.5665
v 10.65224 -0.7398207 40.82008
v 15.53524 -1.655469 40.07748
v 10.92181 -0.7378789 41.25834
v 15.42201 -1.581744 40.57395
v 11.27004 -0.7559359 41.63669
v 15.21449 -1.49559 41.03682
v 11.68353 -0.7932979 41.9406
v 14.92065 -1.400316 41.4483
v 12.1464 -0.8485289 42.1584
v 14.5518 -1.299584 41.79259
v 12.64085 -0.9195054 42.28172
v 14.1221 -1.197264 42.05645
v 13.1479 -1.003503 42.30581
v 13.64806 -1.09729 42.22974
v 12.00708 -0.128189 41.51516
v 12.39873 -0.1749228 41.69945
v 12.81712 -0.2349795 41.80379
v 13.24616 -0.3060538 41.82417
v 13.66936 -0.3854117 41.75981
v 14.07047 -0.4700053 41.61318
v 11.6572 -0.09657519 41.258
v 14.43406 -0.5565835 41.38992
v 11.36255 -0.08129626 40.93785
v 14.74617 -0.6418181 41.0986
v 11.13445 -0.0829393 40.56703
v 14.9948 -0.7224336 40.75042
v 10.98167 -0.1014414 40.15977
v 15.17039 -0.7953332 40.35876
v 10.91008 -0.1360911 39.73174
v 15.2662 -0.8577153 39.93868
v 10.92243 -0.1855574 39.29936
v 15.27855 -0.9071809 39.50631
v 11.01824 -0.2479389 38.87928
v 15.20696 -0.9418315 39.07827
v 11.19383 -0.3208385 38.48762
v 15.05418 -0.960333 38.67101
v 11.44246 -0.4014546 38.13944
v 14.82608 -0.9619768 38.30019
v 11.75457 -0.4866887 37.84812
v 14.53143 -0.946698 37.98004
v 12.11816 -0.5732669 37.62486
v 14.18156 -0.9150842 37.72288
v 12.51927 -0.6578604 37.47823
v 13.7899 -0.8683505 37.53859
v 12.94247 -0.7372189 37.41387
v 13.37151 -0.8082927 37.43425
v 12.52189 0.1076363 38.14441
v 12.80383 0.04817504 38.04135
v 13.1013 -0.007606512 37.99611
v 13.40288 -0.05756466 38.01043
v 13.69696 -0.09977961 38.08378
v 13.97226 -0.132629 38.21332
v 12.26632 0.1684922 38.30135
v 14.21819 -0.1548505 38.39408
v 12.04693 0.2284041 38.50612
v 14.4253 -0.1655901 38.61911
v 11.87217 0.2850697 38.75085
v 14.58563 -0.164435 38.87976
v 11.74875 0.3363111 39.02615
v 14.69302 -0.1514298 39.16603
v 11.6814 0.3801595 39.32143
v 14.74335 -0.1270741 39.4669
v 11.67272 0.4149295 39.62535
v 14.73467 -0.09230405 39.77081
v 11.72305 0.4392851 39.92622
v 14.66732 -0.04845575 40.06609
v 11.83044 0.4522903 40.21248
v 14.5439 0.002785791 40.34139
v 11.99077 0.4534452 40.47314
v 14.36913 0.05945127 40.58613
v 12.19788 0.4427055 40.69817
v 14.14975 0.1193632 40.7909
v 12.44381 0.420484 40.87893
v 13.89418 0.180219 40.94783
v 12.71911 0.3876345 41.00847
v 13.61224 0.2396803 41.0509
v 13.01319 0.3454199 41.08181
v 13.31477 0.2954618 41.09614
v 12.54079 0.5855458 40.32693
v 12.71291 0.5699939 40.45343
v 12.90558 0.5470038 40.54409
v 13.1114 0.5174595 40.59542
v 13.32246 0.4824958 40.60545
v 13.53065 0.4434565 40.57379
v 12.39585 0.5930621 40.16944
v 13.72797 0.4018419 40.50166
v 12.28364 0.5922538 39.98701
v 13.90683 0.3592513 40.39182
v 12.20848 0.5831521 39.78667
v 14.06037 0.3173214 40.24851
v 12.17326 0.5661065 39.5761
v 14.18268 0.2776635 40.07723
v 12.17933 0.5417724 39.3634
v 14.26906 0.2418015 39.88456
v 12.22646 0.5110846 39.15675
v 14.31619 0.2111138 39.67791
v 12.31285 0.4752228 38.96408
v 14.32226 0.1867796 39.46521
v 12.43515 0.4355648 38.7928
v 14.28705 0.1697341 39.25464
v 12.58869 0.3936348 38.64949
v 14.21189 0.1606322 39.05429
v 12.76756 0.3510441 38.53965
v 14.09968 0.1598239 38.87187
v 12.96487 0.3094296 38.46752
v 13.95473 0.1673401 38.71438
v 13.17306 0.2703903 38.43586
v 13.78261 0.182892 38.58788
v 13.38412 0.2354266 38.44589
v 13.58994 0.205882 38.49722
v 13.17833 0.5139734 39.14252
v 13.24961 0.5006078 39.13169
v 13.32187 0.4886375 39.13512
v 13.39233 0.4785226 39.15269
v 13.45829 0.4706517 39.18373
v 13.51722 0.4653273 39.22704
v 13.11078 0.5282207 39.16722
v 13.56684 0.462754 39.28096
v 13.04954 0.5428021 39.20482
v 13.60526 0.4630308 39.34341
v 12.99697 0.5571575 39.25389
v 13.63099 0.4661469 39.41201
v 12.9551 0.5707349 39.31253
v 12.92553 0.5830126 39.37849
v 12.91937 0.6076858 39.59415
v 12.9451 0.6108019 39.66274
v 12.90939 0.5935189 39.44924
v 12.90731 0.60185 39.52206
v 12.98352 0.6110786 39.7252
v 13.03314 0.6085053 39.77912
v 13.09207 0.6031809 39.82243
v 13.15803 0.59531 39.85347
v 13.22849 0.5851951 39.87104
v 13.30075 0.5732248 39.87447
v 13.37203 0.5598593 39.86363
v 13.43958 0.545612 39.83894
v 13.50082 0.5310305 39.80133
v 13.55339 0.5166753 39.75227
v 13.59526 0.5030979 39.69363
v 13.62483 0.4908201 39.62767
v 13.64305 0.4719827 39.4841
v 13.64097 0.4803138 39.55692
v 15.62925 -2.758662 40.83938
v 15.59566 -1.597898 40.6347
v 15.31826 -0.8035469 40.40957
v 14.77227 -0.04829427 40.10115
v 14.34369 0.2487906 39.90835
v 14.11776 -2.311605 42.56317
v 14.20434 -1.186382 42.22145
v 14.141 -0.4553428 41.7522
v 13.94477 0.1964603 41.0449
v 13.76455 0.4200847 40.56883
v 15.46955 -2.9854 38.52012
v 15.44866 -1.80661 38.49982
v 15.19387 -0.9801491 38.60314
v 14.68484 -0.1724289 38.83141
v 14.28249 0.1619137 39.0197
v 13.73221 -2.859 36.96397
v 13.84944 -1.690258 37.06739
v 13.8407 -0.881698 37.39109
v 13.73368 -0.1032271 37.97945
v 13.61682 0.2103453 38.42345
v 11.43495 -2.453504 37.08252
v 11.73481 -1.317 37.17651
v 12.0514 -0.5658649 37.48343
v 12.47598 0.1187738 38.04435
v 12.7366 0.3657149 38.46887
v 9.923468 -2.006447 38.80631
v 10.34349 -0.9054839 38.76326
v 10.87414 -0.2176607 38.82605
v 11.64847 0.3635285 38.98809
v 12.15746 0.537009 39.12936
v 10.08317 -1.779709 41.12557
v 10.4905 -0.6967717 40.89814
v 10.99853 -0.04105873 40.63248
v 11.73591 0.4876629 40.25784
v 12.21865 0.6238858 40.01801
v 11.82051 -1.90611 42.68171
v 12.08972 -0.813124 42.33057
v 12.35171 -0.1395103 41.84453
v 12.68706 0.4184608 41.1098
v 12.88433 0.575454 40.61426
f 5886 5887 5888
f 5886 5888 5889
f 5890 5886 5889
f 5890 5889 5891
f 5892 5890 5891
f 5892 5891 5893
f 5894 5892 5893
f 5894 5893 5895
f 5896 5894 5895
f 5896 5895 5897
f 5898 5896 5897
f 5898 5897 5899
f 5900 5898 5899
f 5900 5899 5901
f 5902 5900 5901
f 5902 5901 5903
f 5904 5905 5906
f 5904 5907 5905
f 5907 5908 5905
f 5907 5909 5908
f 5909 5910 5908
f 5909 5911 5910
f 5911 5912 5910
f 5911 5913 5912
f 5913 5914 5912
f 5913 5915 5914
f 5915 5916 5914
f 5915 5917 5916
f 5917 5918 5916
f 5917 5919 5918
f 5919 5920 5918
f 5919 5921 5920
f 5922 5923 5924
f 5922 5925 5923
f 5925 5926 5923
f 5925 5927 5926
f 5927 5928 5926
f 5927 5929 5928
f 5929 5930 5928
f 5929 5931 5930
f 5931 5932 5930
f 5931 5933 5932
f 5933 5934 5932
f 5933 5935 5934
f 5935 5936 5934
f 5935 5937 5936
f 5937 5938 5936
f 5937 5939 5938
f 5940 5941 5942
f 5940 5943 5941
f 5943 5944 5941
f 5943 5945 5944
f 5945 5946 5944
f 5945 5947 5946
f 5947 5948 5946
f 5947 5949 5948
f 5949 5950 5948
f 5949 5951 5950
f 5951 5952 5950
f 5951 5953 5952
f 5953 5954 5952
f 5953 5955 5954
f 5955 5956 5954
f 5955 5957 5956
f 5958 5959 5960
f 5960 5961 5958
f 5961 5962 5958
f 5961 5963 5962
f 5963 5964 5962
f 5963 5965 5964
f 5963 5966 5965
f 5966 5967 5965
f 5966 5968 5967
f 5968 5969 5967
f 5968 5970 5969
f 5970 5971 5969
f 5970 5972 5971
f 5972 5973 5971
f 5972 5974 5973
f 5974 5975 5973
f 5974 5976 5975
f 5976 5977 5975
f 5976 5978 5977
f 5978 5979 5977
f 5978 5980 5979
f 5980 5981 5979
f 5980 5982 5981
f 5982 5983 5981
f 5982 5984 5983
f 5984 5985 5983
f 5984 5986 5985
f 5986 5987 5985
f 5986 5988 5987
f 5988 5989 5987
f 5990 5991 5992
f 5992 5993 5990
f 5992 5994 5993
f 5994 5995 5993
f 5994 5996 5995
f 5996 5997 5995
f 5996 5998 5997
f 5998 5999 5997
f 5998 6000 5999
f 6000 6001 5999
f 6001 6002 5999
f 6001 6003 6002
f 6003 6004 6002
f 6003 6005 6004
f 6005 6006 6004
f 6005 6007 6006
f 6007 6008 6006
f 6007 6009 6008
f 6009 6010 6008
f 6009 6011 6010
f 6011 6012 6010
f 6011 6013 6012
f 6013 6014 6012
f 6013 6015 6014
f 6015 6016 6014
f 6015 6017 6016
f 6017 6018 6016
f 6017 6019 6018
f 6019 6020 6018
f 6019 6021 6020
f 6022 6023 6024
f 6022 6024 6025
f 6025 6024 6026
f 6027 6022 6025
f 6025 6026 6028
f 6027 6025 6029
f 6029 6025 6028
f 6030 6027 6029
f 6029 6028 6031
f 6030 6029 6032
f 6032 6029 6031
f 6033 6030 6032
f 6032 6031 6034
f 6033 6032 6035
f 6035 6032 6034
f 6036 6033 6035
f 6035 6034 6037
f 6036 6035 6038
f 6038 6035 6037
f 6039 6036 6038
f 6038 6037 6040
f 6041 6039 6038
f 6041 6038 6040
f 6042 6041 6040
f 6042 6040 6043
f 6042 6044 6041
f 6045 6042 6043
f 6045 6043 6046
f 6042 6047 6044
f 6045 6047 6042
f 6047 6048 6044
f 6045 6049 6047
f 6050 6045 6046
f 6047 6051 6048
f 6049 6051 6047
f 6051 6052 6048
f 6049 6053 6051
f 6051 6054 6052
f 6053 6054 6051
f 6054 6055 6052
f 6053 6056 6054
f 6054 6057 6055
f 6056 6057 6054
f 6057 6058 6055
f 6056 6059 6057
f 6057 6060 6058
f 6059 6060 6057
f 6059 6061 6060
f 6050 6046 6062
f 6063 6050 6062
f 6046 6064 6062
f 6046 6065 6064
f 6065 6066 6064
f 6065 6067 6066
f 6067 6068 6066
f 6067 6069 6068
f 6069 6070 6068
f 6069 6071 6070
f 6071 6072 6070
f 6071 6073 6072
f 6070 6072 6074
f 6070 6074 6075
f 6068 6070 6075
f 6068 6075 6076
f 6066 6068 6076
f 6066 6076 6077
f 6064 6066 6077
f 6064 6077 6078
f 6062 6064 6078
f 6062 6078 6079
f 6063 6062 6079
f 6080 6063 6079
f 6080 6079 6081
f 6080 6082 6063
f 6083 6080 6081
f 6083 6081 6084
f 6080 6085 6082
f 6083 6085 6080
f 6085 6086 6082
f 6083 6087 6085
f 6088 6083 6084
f 6085 6089 6086
f 6087 6089 6085
f 6089 6090 6086
f 6087 6091 6089
f 6089 6092 6090
f 6091 6092 6089
f 6092 6093 6090
f 6091 6094 6092
f 6092 6095 6093
f 6094 6095 6092
f 6095 6096 6093
f 6094 6097 6095
f 6095 6098 6096
f 6097 6098 6095
f 6097 6099 6098
f 6088 6084 6100
f 6101 6088 6100
f 6084 6102 6100
f 6084 6103 6102
f 6103 6104 6102
f 6103 6105 6104
f 6105 6106 6104
f 6105 6107 6106
f 6107 6108 6106
f 6107 6109 6108
f 6109 6110 6108
f 6109 6111 6110
f 6108 6110 6112
f 6108 6112 6113
f 6106 6108 6113
f 6106 6113 6114
f 6104 6106 6114
f 6104 6114 6115
f 6102 6104 6115
f 6102 6115 6116
f 6100 6102 6116
f 6100 6116 6117
f 6101 6100 6117
f 6118 6101 6117
f 6118 6117 6119
f 6118 6120 6101
f 6121 6118 6119
f 6121 6119 6122
f 6118 6123 6120
f 6121 6123 6118
f 6123 6124 6120
f 6121 6125 6123
f 6126 6121 6122
f 6123 6127 6124
f 6125 6127 6123
f 6127 6128 6124
f 6125 6129 6127
f 6127 6130 6128
f 6129 6130 6127
f 6130 6131 6128
f 6129 6132 6130
f 6130 6133 6131
f 6132 6133 6130
f 6133 6134 6131
f 6132 6135 6133
f 6133 6136 6134
f 6135 6136 6133
f 6135 6137 6136
f 6126 6122 6138
f 6139 6126 6138
f 6122 6140 6138
f 6122 6141 6140
f 6141 6142 6140
f 6141 6143 6142
f 6143 6144 6142
f 6143 6145 6144
f 6145 6146 6144
f 6145 6147 6146
f 6147 6148 6146
f 6147 6149 6148
f 6146 6148 6150
f 6146 6150 6151
f 6144 6146 6151
f 6144 6151 6152
f 6142 6144 6152
f 6142 6152 6153
f 6140 6142 6153
f 6140 6153 6154
f 6138 6140 6154
f 6138 6154 6155
f 6139 6138 6155
f 6156 6139 6155
f 6156 6155 6157
f 6156 6158 6139
f 6157 6159 6156
f 6156 6160 6158
f 6159 6160 6156
f 6160 6161 6158
f 6159 6162 6160
f 6160 6163 6161
f 6162 6163 6160
f 6163 6164 6161
f 6162 6165 6163
f 6163 6166 6164
f 6165 6166 6163
f 6166 6167 6164
f 6165 6168 6166
f 6166 6169 6167
f 6168 6169 6166
f 6169 6170 6167
f 6168 6171 6169
f 6169 6172 6170
f 6171 6172 6169
f 6171 6173 6172
f 6174 6175 6176
f 6174 6176 6177
f 6178 6174 6177
f 6175 6179 6176
f 6175 6180 6179
f 6178 6177 6181
f 6182 6178 6181
f 6180 6183 6179
f 6180 6184 6183
f 6182 6181 6185
f 6186 6182 6185
f 6184 6187 6183
f 6184 6188 6187
f 6186 6185 6189
f 6190 6186 6189
f 6188 6191 6187
f 6188 6192 6191
f 6190 6189 6193
f 6194 6190 6193
f 6192 6195 6191
f 6192 6196 6195
f 6194 6193 6197
f 6198 6194 6197
f 6196 6199 6195
f 6196 6200 6199
f 6198 6197 6201
f 6202 6198 6201
f 6200 6203 6199
f 6200 6204 6203
f 6202 6201 6205
f 6206 6202 6205
f 6204 6207 6203
f 6204 6208 6207
f 6206 6205 6209
f 6210 6206 6209
f 6208 6211 6207
f 6208 6212 6211
f 6210 6209 6213
f 6214 6210 6213
f 6212 6215 6211
f 6212 6216 6215
f 6214 6213 6217
f 6218 6214 6217
f 6216 6219 6215
f 6216 6220 6219
f 6218 6217 6221
f 6222 6218 6221
f 6220 6223 6219
f 6220 6224 6223
f 6222 6221 6225
f 6226 6222 6225
f 6224 6227 6223
f 6224 6228 6227
f 6226 6225 6229
f 6230 6226 6229
f 6228 6231 6227
f 6228 6232 6231
f 6230 6229 6233
f 6234 6230 6233
f 6232 6235 6231
f 6232 6236 6235
f 6236 6234 6237
f 6234 6233 6237
f 6236 6237 6235
f 6223 6227 6238
f 6227 6231 6239
f 6227 6239 6238
f 6231 6235 6240
f 6231 6240 6239
f 6235 6237 6241
f 6235 6241 6240
f 6237 6233 6242
f 6237 6242 6241
f 6233 6229 6243
f 6233 6243 6242
f 6223 6238 6244
f 6219 6223 6244
f 6229 6245 6243
f 6229 6225 6245
f 6219 6244 6246
f 6215 6219 6246
f 6225 6247 6245
f 6225 6221 6247
f 6215 6246 6248
f 6211 6215 6248
f 6221 6249 6247
f 6221 6217 6249
f 6211 6248 6250
f 6207 6211 6250
f 6217 6251 6249
f 6217 6213 6251
f 6207 6250 6252
f 6203 6207 6252
f 6213 6253 6251
f 6213 6209 6253
f 6203 6252 6254
f 6199 6203 6254
f 6209 6255 6253
f 6209 6205 6255
f 6199 6254 6256
f 6195 6199 6256
f 6205 6257 6255
f 6205 6201 6257
f 6195 6256 6258
f 6191 6195 6258
f 6201 6259 6257
f 6201 6197 6259
f 6191 6258 6260
f 6187 6191 6260
f 6197 6261 6259
f 6197 6193 6261
f 6187 6260 6262
f 6183 6187 6262
f 6193 6263 6261
f 6193 6189 6263
f 6183 6262 6264
f 6179 6183 6264
f 6189 6265 6263
f 6189 6185 6265
f 6179 6264 6266
f 6176 6179 6266
f 6185 6267 6265
f 6185 6181 6267
f 6176 6266 6268
f 6177 6176 6268
f 6181 6177 6269
f 6181 6269 6267
f 6177 6268 6269
f 6264 6262 6270
f 6266 6264 6271
f 6264 6270 6271
f 6268 6266 6272
f 6266 6271 6272
f 6269 6268 6273
f 6268 6272 6273
f 6267 6269 6274
f 6269 6273 6274
f 6265 6267 6275
f 6267 6274 6275
f 6262 6276 6270
f 6262 6260 6276
f 6265 6275 6277
f 6263 6265 6277
f 6260 6278 6276
f 6260 6258 6278
f 6263 6277 6279
f 6261 6263 6279
f 6258 6280 6278
f 6258 6256 6280
f 6261 6279 6281
f 6259 6261 6281
f 6256 6282 6280
f 6256 6254 6282
f 6259 6281 6283
f 6257 6259 6283
f 6254 6284 6282
f 6254 6252 6284
f 6257 6283 6285
f 6255 6257 6285
f 6252 6286 6284
f 6252 6250 6286
f 6255 6285 6287
f 6253 6255 6287
f 6250 6288 6286
f 6250 6248 6288
f 6253 6287 6289
f 6251 6253 6289
f 6248 6290 6288
f 6248 6246 6290
f 6251 6289 6291
f 6249 6251 6291
f 6246 6292 6290
f 6246 6244 6292
f 6249 6291 6293
f 6247 6249 6293
f 6244 6294 6292
f 6244 6238 6294
f 6247 6293 6295
f 6245 6247 6295
f 6238 6296 6294
f 6238 6239 6296
f 6245 6295 6297
f 6243 6245 6297
f 6239 6298 6296
f 6239 6240 6298
f 6243 6297 6299
f 6242 6243 6299
f 6240 6300 6298
f 6240 6241 6300
f 6241 6242 6301
f 6242 6299 6301
f 6241 6301 6300
f 6294 6296 6302
f 6296 6298 6303
f 6296 6303 6302
f 6298 6300 6304
f 6298 6304 6303
f 6300 6301 6305
f 6300 6305 6304
f 6301 6299 6306
f 6301 6306 6305
f 6299 6297 6307
f 6299 6307 6306
f 6294 6302 6308
f 6292 6294 6308
f 6297 6309 6307
f 6297 6295 6309
f 6292 6308 6310
f 6290 6292 6310
f 6295 6311 6309
f 6295 6293 6311
f 6290 6310 6312
f 6288 6290 6312
f 6293 6313 6311
f 6293 6291 6313
f 6288 6312 6314
f 6286 6288 6314
f 6291 6315 6313
f 6291 6289 6315
f 6286 6314 6316
f 6284 6286 6316
f 6289 6317 6315
f 6289 6287 6317
f 6284 6316 6318
f 6282 6284 6318
f 6287 6319 6317
f 6287 6285 6319
f 6282 6318 6320
f 6280 6282 6320
f 6285 6321 6319
f 6285 6283 6321
f 6280 6320 6322
f 6278 6280 6322
f 6283 6323 6321
f 6283 6281 6323
f 6278 6322 6324
f 6276 6278 6324
f 6281 6325 6323
f 6281 6279 6325
f 6276 6324 6326
f 6270 6276 6326
f 6279 6327 6325
f 6279 6277 6327
f 6270 6326 6328
f 6271 6270 6328
f 6277 6329 6327
f 6277 6275 6329
f 6271 6328 6330
f 6272 6271 6330
f 6275 6331 6329
f 6275 6274 6331
f 6272 6330 6332
f 6273 6272 6332
f 6274 6273 6333
f 6274 6333 6331
f 6273 6332 6333
f 6328 6326 6334
f 6330 6328 6335
f 6328 6334 6335
f 6332 6330 6336
f 6330 6335 6336
f 6333 6332 6337
f 6332 6336 6337
f 6331 6333 6338
f 6333 6337 6338
f 6329 6331 6339
f 6331 6338 6339
f 6326 6340 6334
f 6326 6324 6340
f 6329 6339 6341
f 6327 6329 6341
f 6324 6342 6340
f 6324 6322 6342
f 6327 6341 6343
f 6325 6327 6343
f 6322 6344 6342
f 6322 6320 6344
f 6325 6343 6345
f 6323 6325 6345
f 6320 6346 6344
f 6320 6318 6346
f 6323 6345 6347
f 6321 6323 6347
f 6318 6348 6346
f 6318 6316 6348
f 6321 6347 6349
f 6319 6321 6349
f 6316 6350 6348
f 6316 6314 6350
f 6319 6349 6351
f 6317 6319 6351
f 6314 6352 6350
f 6314 6312 6352
f 6317 6351 6353
f 6315 6317 6353
f 6312 6354 6352
f 6312 6310 6354
f 6315 6353 6355
f 6313 6315 6355
f 6310 6356 6354
f 6310 6308 6356
f 6313 6355 6357
f 6311 6313 6357
f 6308 6358 6356
f 6308 6302 6358
f 6311 6357 6359
f 6309 6311 6359
f 6302 6360 6358
f 6302 6303 6360
f 6309 6359 6361
f 6307 6309 6361
f 6303 6362 6360
f 6303 6304 6362
f 6307 6361 6363
f 6306 6307 6363
f 6304 6364 6362
f 6304 6305 6364
f 6305 6306 6365
f 6306 6363 6365
f 6305 6365 6364
f 6358 6360 6366
f 6360 6362 6367
f 6360 6367 6366
f 6362 6364 6368
f 6362 6368 6367
f 6364 6365 6369
f 6364 6369 6368
f 6365 6363 6370
f 6365 6370 6369
f 6363 6361 6371
f 6363 6371 6370
f 6358 6366 6372
f 6356 6358 6372
f 6361 6373 6371
f 6361 6359 6373
f 6356 6372 6374
f 6354 6356 6374
f 6359 6375 6373
f 6359 6357 6375
f 6354 6374 6376
f 6352 6354 6376
f 6357 6377 6375
f 6357 6355 6377
f 6352 6376 6378
f 6350 6352 6378
f 6350 6378 6379
f 6348 6350 6379
f 6378 6376 6380
f 6379 6378 6380
f 6376 6374 6381
f 6376 6381 6380
f 6348 6379 6382
f 6346 6348 6382
f 6383 6382 6379
f 6346 6382 6383
f 6379 6380 6383
f 6344 6346 6383
f 6344 6383 6380
f 6342 6344 6380
f 6342 6380 6381
f 6340 6342 6381
f 6374 6384 6381
f 6340 6381 6384
f 6374 6372 6384
f 6334 6340 6384
f 6372 6385 6384
f 6334 6384 6385
f 6372 6366 6385
f 6335 6334 6385
f 6366 6386 6385
f 6335 6385 6386
f 6366 6367 6386
f 6336 6335 6386
f 6367 6387 6386
f 6336 6386 6387
f 6367 6368 6387
f 6337 6336 6387
f 6368 6388 6387
f 6337 6387 6388
f 6368 6369 6388
f 6338 6337 6388
f 6369 6389 6388
f 6338 6388 6389
f 6369 6370 6389
f 6339 6338 6389
f 6370 6390 6389
f 6339 6389 6390
f 6341 6339 6390
f 6370 6371 6390
f 6341 6390 6391
f 6371 6391 6390
f 6343 6341 6391
f 6371 6392 6391
f 6343 6391 6392
f 6371 6373 6392
f 6345 6343 6392
f 6373 6393 6392
f 6345 6392 6393
f 6373 6375 6393
f 6347 6345 6393
f 6375 6394 6393
f 6347 6393 6394
f 6349 6347 6394
f 6375 6377 6394
f 6349 6394 6395
f 6377 6395 6394
f 6351 6349 6395
f 6377 6396 6395
f 6355 6396 6377
f 6355 6353 6396
f 6351 6395 6397
f 6353 6351 6397
f 6396 6397 6395
f 6353 6397 6396
f 6055 6058 6398
f 6055 6398 6399
f 6399 6398 6023
f 6052 6055 6399
f 6399 6023 6022
f 6052 6399 6400
f 6400 6399 6022
f 6048 6052 6400
f 6400 6022 6027
f 6048 6400 6401
f 6401 6400 6027
f 6044 6048 6401
f 6401 6027 6030
f 6044 6401 6402
f 6402 6401 6030
f 6041 6044 6402
f 6402 6030 6033
f 6041 6402 6039
f 6039 6402 6033
f 6039 6033 6036
f 6093 6096 6403
f 6093 6403 6404
f 6404 6403 6061
f 6090 6093 6404
f 6404 6061 6059
f 6090 6404 6405
f 6405 6404 6059
f 6086 6090 6405
f 6405 6059 6056
f 6086 6405 6406
f 6406 6405 6056
f 6082 6086 6406
f 6406 6056 6053
f 6082 6406 6407
f 6407 6406 6053
f 6063 6082 6407
f 6407 6053 6049
f 6063 6407 6050
f 6050 6407 6049
f 6050 6049 6045
f 6028 6026 6408
f 6028 6408 6409
f 6409 6408 6073
f 6031 6028 6409
f 6409 6073 6071
f 6031 6409 6410
f 6410 6409 6071
f 6034 6031 6410
f 6410 6071 6069
f 6034 6410 6411
f 6411 6410 6069
f 6037 6034 6411
f 6411 6069 6067
f 6037 6411 6412
f 6412 6411 6067
f 6040 6037 6412
f 6412 6067 6065
f 6040 6412 6043
f 6043 6412 6065
f 6043 6065 6046
f 6075 6074 6413
f 6075 6413 6414
f 6414 6413 6111
f 6076 6075 6414
f 6414 6111 6109
f 6076 6414 6415
f 6415 6414 6109
f 6077 6076 6415
f 6415 6109 6107
f 6077 6415 6416
f 6416 6415 6107
f 6078 6077 6416
f 6416 6107 6105
f 6078 6416 6417
f 6417 6416 6105
f 6079 6078 6417
f 6417 6105 6103
f 6079 6417 6081
f 6081 6417 6103
f 6081 6103 6084
f 6113 6112 6418
f 6113 6418 6419
f 6419 6418 6149
f 6114 6113 6419
f 6419 6149 6147
f 6114 6419 6420
f 6420 6419 6147
f 6115 6114 6420
f 6420 6147 6145
f 6115 6420 6421
f 6421 6420 6145
f 6116 6115 6421
f 6421 6145 6143
f 6116 6421 6422
f 6422 6421 6143
f 6117 6116 6422
f 6422 6143 6141
f 6117 6422 6119
f 6119 6422 6141
f 6119 6141 6122
f 6151 6150 6423
f 6151 6423 6424
f 6424 6423 6173
f 6152 6151 6424
f 6424 6173 6171
f 6152 6424 6425
f 6425 6424 6171
f 6153 6152 6425
f 6425 6171 6168
f 6153 6425 6426
f 6426 6425 6168
f 6154 6153 6426
f 6426 6168 6165
f 6154 6426 6427
f 6427 6426 6165
f 6155 6154 6427
f 6427 6165 6162
f 6155 6427 6157
f 6157 6427 6162
f 6157 6162 6159
f 6167 6170 6428
f 6167 6428 6429
f 6429 6428 6137
f 6164 6167 6429
f 6429 6137 6135
f 6164 6429 6430
f 6430 6429 6135
f 6161 6164 6430
f 6430 6135 6132
f 6161 6430 6431
f 6431 6430 6132
f 6158 6161 6431
f 6431 6132 6129
f 6158 6431 6432
f 6432 6431 6129
f 6139 6158 6432
f 6432 6129 6125
f 6139 6432 6126
f 6126 6432 6125
f 6126 6125 6121
f 6131 6134 6433
f 6131 6433 6434
f 6434 6433 6099
f 6128 6131 6434
f 6434 6099 6097
f 6128 6434 6435
f 6435 6434 6097
f 6124 6128 6435
f 6435 6097 6094
f 6124 6435 6436
f 6436 6435 6094
f 6120 6124 6436
f 6436 6094 6091
f 6120 6436 6437
f 6437 6436 6091
f 6101 6120 6437
f 6437 6091 6087
f 6101 6437 6088
f 6088 6437 6087
f 6088 6087 6083
v 10.56973 -6 3.181723
v 6.818277 -6 4.569733
v 10.56973 3.375 3.181723
v 6.818277 3.375 4.569733
v 9.181724 3.375 -0.5697332
v 5.430267 3.375 0.8182767
v 9.181724 -6 -0.5697332
v 5.430267 -6 0.8182767
v 10.56973 3.375 3.181723
v 6.818277 3.375 4.569733
v 9.181724 3.375 -0.5697332
v 5.430267 3.375 0.8182767
v 9.181724 -6 -0.5697332
v 10.56973 -6 3.181723
v 6.818277 -6 4.569733
v 5.430267 -6 0.8182767
v 6.818277 -6 4.569733
v 6.818277 3.375 4.569733
v 5.430267 3.375 0.8182767
v 5.430267 -6 0.8182767
v 9.181724 -6 -0.5697332
v 9.181724 3.375 -0.5697332
v 10.56973 3.375 3.181723
v 10.56973 -6 3.181723
f 6438 6440 6441
f 6438 6441 6439
f 6446 6442 6443
f 6446 6443 6447
f 6448 6444 6445
f 6448 6445 6449
f 6450 6451 6452
f 6450 6452 6453
f 6454 6455 6456
f 6454 6456 6457
f 6458 6459 6460
f 6458 6460 6461
v -13.43359 21.33992 139.3376
v 13.88197 21.33992 139.3618
v -13.43602 21.33992 142.0714
v 13.87954 21.33992 142.0957
v -13.43602 5.260078 142.0714
v 13.87954 5.260077 142.0957
v -13.43359 5.260077 139.3376
v 13.88197 5.260076 139.3618
v -13.43602 21.33992 142.0714
v 13.87954 21.33992 142.0957
v -13.43602 5.260078 142.0714
v 13.87954 5.260077 142.0957
v -13.43359 5.260077 139.3376
v -13.43359 21.33992 139.3376
v 13.88197 21.33992 139.3618
v 13.88197 5.260076 139.3618
v 13.88197 21.33992 139.3618
v 13.87954 21.33992 142.0957
v 13.87954 5.260077 142.0957
v 13.88197 5.260076 139.3618
v -13.43359 5.260077 139.3376
v -13.43602 5.260078 142.0714
v -13.43602 21.33992 142.0714
v -13.43359 21.33992 139.3376
f 6462 6464 6465
f 6462 6465 6463
f 6470 6466 6467
f 6470 6467 6471
f 6472 6468 6469
f 6472 6469 6473
f 6474 6475 6476
f 6474 6476 6477
f 6478 6479 6480
f 6478 6480 6481
f 6482 6483 6484
f 6482 6484 6485
v -5.265183 32.90911 -38.80711
v -5.265172 14.68936 -42.37964
v -5.263632 33.26666 -40.63062
v -5.263621 15.04692 -44.20315
v 5.666011 33.26491 -40.62167
v 5.666022 15.04517 -44.1942
v 5.66446 32.90736 -38.79816
v 5.664471 14.68761 -42.37069
v -5.263632 33.26666 -40.63062
v -5.263621 15.04692 -44.20315
v 5.666011 33.26491 -40.62167
v 5.666022 15.04517 -44.1942
v 5.66446 32.90736 -38.79816
v -5.265183 32.90911 -38.80711
v -5.265172 14.68936 -42.37964
v 5.664471 14.68761 -42.37069
v -5.265172 14.68936 -42.37964
v -5.263621 15.04692 -44.20315
v 5.666022 15.04517 -44.1942
v 5.664471 14.68761 -42.37069
v 5.66446 32.90736 -38.79816
v 5.666011 33.26491 -40.62167
v -5.263632 33.26666 -40.63062
v -5.265183 32.90911 -38.80711
f 6486 6488 6489
f 6486 6489 6487
f 6494 6490 6491
f 6494 6491 6495
f 6496 6492 6493
f 6496 6493 6497
f 6498 6499 6500
f 6498 6500 6501
f 6502 6503 6504
f 6502 6504 6505
f 6506 6507 6508
f 6506 6508 6509
v 5.66469 30.92935 43.87519
v 5.66468 12.68293 47.30887
v 5.66315 31.27301 45.70137
v 5.663139 13.02659 49.13505
v -5.266495 31.27134 45.69246
v -5.266506 13.02492 49.12614
v -5.264954 30.92768 43.86628
v -5.264965 12.68126 47.29996
v 5.66315 31.27301 45.70137
v 5.663139 13.02659 49.13505
v -5.266495 31.27134 45.69246
v -5.266506 13.02492 49.12614
v -5.264954 30.92768 43.86628
v 5.66469 30.92935 43.87519
v 5.66468 12.68293 47.30887
v -5.264965 12.68126 47.29996
v 5.66468 12.68293 47.30887
v 5.663139 13.02659 49.13505
v -5.266506 13.02492 49.12614
v -5.264965 12.68126 47.29996
v -5.264954 30.92768 43.86628
v -5.266495 31.27134 45.69246
v 5.66315 31.27301 45.70137
v 5.66469 30.92935 43.87519
f 6510 6512 6513
f 6510 6513 6511
f 6518 6514 6515
f 6518 6515 6519
f 6520 6516 6517
f 6520 6517 6521
f 6522 6523 6524
f 6522 6524 6525
f 6526 6527 6528
f 6526 6528 6529
f 6530 6531 6532
f 6530 6532 6533
v 53.57089 31.83446 -4.745167
v 57.62558 13.71592 -4.74516
v 55.38427 32.24027 -4.743681
v 59.43896 14.12173 -4.743674
v 55.37574 32.23837 6.185964
v 59.43044 14.11983 6.18597
v 53.56236 31.83255 6.184478
v 57.61706 13.71401 6.184485
v 55.38427 32.24027 -4.743681
v 59.43896 14.12173 -4.743674
v 55.37574 32.23837 6.185964
v 59.43044 14.11983 6.18597
v 53.56236 31.83255 6.184478
v 53.57089 31.83446 -4.745167
v 57.62558 13.71592 -4.74516
v 57.61706 13.71401 6.184485
v 57.62558 13.71592 -4.74516
v 59.43896 14.12173 -4.743674
v 59.43044 14.11983 6.18597
v 57.61706 13.71401 6.184485
v 53.56236 31.83255 6.184478
v 55.37574 32.23837 6.185964
v 55.38427 32.24027 -4.743681
v 53.57089 31.83446 -4.745167
f 6534 6536 6537
f 6534 6537 6535
f 6542 6538 6539
f 6542 6539 6543
f 6544 6540 6541
f 6544 6541 6545
f 6546 6547 6548
f 6546 6548 6549
f 6550 6551 6552
f 6550 6552 6553
f 6554 6555 6556
f 6554 6556 6557
v 7.774686 -6 -6.45126
v 4.45126 -6 -4.225314
v 7.774686 -2 -6.45126
v 4.45126 -2 -4.225314
v 5.54874 -2 -9.774686
v 2.225314 -2 -7.54874
v 5.54874 -6 -9.774686
v 2.225314 -6 -7.54874
v 7.774686 -2 -6.45126
v 4.45126 -2 -4.225314
v 5.54874 -2 -9.774686
v 2.225314 -2 -7.54874
v 5.54874 -6 -9.774686
v 7.774686 -6 -6.45126
v 4.45126 -6 -4.225314
v 2.225314 -6 -7.54874
v 4.45126 -6 -4.225314
v 4.45126 -2 -4.225314
v 2.225314 -2 -7.54874
v 2.225314 -6 -7.54874
v 5.54874 -6 -9.774686
v 5.54874 -2 -9.774686
v 7.774686 -2 -6.45126
v 7.774686 -6 -6.45126
f 6558 6560 6561
f 6558 6561 6559
f 6566 6562 6563
f 6566 6563 6567
f 6568 6564 6565
f 6568 6565 6569
f 6570 6571 6572
f 6570 6572 6573
f 6574 6575 6576
f 6574 6576 6577
f 6578 6579 6580
f 6578 6580 6581
v 7.109519 -5.986753 -20.39919
v 6.889411 -6.007979 -18.41145
v 7.098426 -2.986932 -20.36838
v 6.878319 -3.008158 -18.38064
v 5.110589 -2.992021 -20.58855
v 4.890481 -3.013247 -18.60081
v 5.121681 -5.991842 -20.61936
v 4.901574 -6.013069 -18.63162
v 7.098426 -2.986932 -20.36838
v 6.878319 -3.008158 -18.38064
v 5.110589 -2.992021 -20.58855
v 4.890481 -3.013247 -18.60081
v 5.121681 -5.991842 -20.61936
v 7.109519 -5.986753 -20.39919
v 6.889411 -6.007979 -18.41145
v 4.901574 -6.013069 -18.63162
v 6.889411 -6.007979 -18.41145
v 6.878319 -3.008158 -18.38064
v 4.890481 -3.013247 -18.60081
v 4.901574 -6.013069 -18.63162
v 5.121681 -5.991842 -20.61936
v 5.110589 -2.992021 -20.58855
v 7.098426 -2.986932 -20.36838
v 7.109519 -5.986753 -20.39919
f 6582 6584 6585
f 6582 6585 6583
f 6590 6586 6587
f 6590 6587 6591
f 6592 6588 6589
f 6592 6589 6593
f 6594 6595 6596
f 6594 6596 6597
f 6598 6599 6600
f 6598 6600 6601
f 6602 6603 6604
f 6602 6604 6605
v -20.92575 -5.997578 2.160564
v -21.90118 -6.009064 -0.6764036
v -20.93579 -2.997607 2.151872
v -21.91123 -3.009093 -0.6850959
v -18.09882 -2.990937 1.176404
v -19.07425 -3.002422 -1.660564
v -18.08877 -5.990907 1.185096
v -19.06421 -6.002393 -1.651872
v -20.93579 -2.997607 2.151872
v -21.91123 -3.009093 -0.6850959
v -18.09882 -2.990937 1.176404
v -19.07425 -3.002422 -1.660564
v -18.08877 -5.990907 1.185096
v -20.92575 -5.997578 2.160564
v -21.90118 -6.009064 -0.6764036
v -19.06421 -6.002393 -1.651872
v -21.90118 -6.009064 -0.6764036
v -21.91123 -3.009093 -0.6850959
v -19.07425 -3.002422 -1.660564
v -19.06421 -6.002393 -1.651872
v -18.08877 -5.990907 1.185096
v -18.09882 -2.990937 1.176404
v -20.93579 -2.997607 2.151872
v -20.92575 -5.997578 2.160564
f 6606 6608 6609
f 6606 6609 6607
f 6614 6610 6611
f 6614 6611 6615
f 6616 6612 6613
f 6616 6613 6617
f 6618 6619 6620
f 6618 6620 6621
f 6622 6623 6624
f 6622 6624 6625
f 6626 6627 6628
f 6626 6628 6629
v -1.064944 7 -28.56947
v -0.930535 7 -30.56494
v -1.064944 9 -28.56947
v -0.930535 9 -30.56494
v 0.930535 9 -28.43506
v 1.064944 9 -30.43053
v 0.930535 7 -28.43506
v 1.064944 7 -30.43053
v -1.064944 9 -28.56947
v -0.930535 9 -30.56494
v 0.930535 9 -28.43506
v 1.064944 9 -30.43053
v 0.930535 7 -28.43506
v -1.064944 7 -28.56947
v -0.930535 7 -30.56494
v 1.064944 7 -30.43053
v -0.930535 7 -30.56494
v -0.930535 9 -30.56494
v 1.064944 9 -30.43053
v 1.064944 7 -30.43053
v 0.930535 7 -28.43506
v 0.930535 9 -28.43506
v -1.064944 9 -28.56947
v -1.064944 7 -28.56947
f 6630 6632 6633
f 6630 6633 6631
f 6638 6634 6635
f 6638 6635 6639
f 6640 6636 6637
f 6640 6637 6641
f 6642 6643 6644
f 6642 6644 6645
f 6646 6647 6648
f 6646 6648 6649
f 6650 6651 6652
f 6650 6652 6653
v 19.60891 -2.980204 -16.81921
v 20.3084 -3.012043 -13.90207
v 19.60891 -0.980323 -16.79738
v 20.3084 -1.012162 -13.88024
v 16.6916 -0.987957 -16.09793
v 17.39109 -1.019796 -13.18079
v 16.6916 -2.987838 -16.11976
v 17.39109 -3.019677 -13.20262
v 19.60891 -0.980323 -16.79738
v 20.3084 -1.012162 -13.88024
v 16.6916 -0.987957 -16.09793
v 17.39109 -1.019796 -13.18079
v 16.6916 -2.987838 -16.11976
v 19.60891 -2.980204 -16.81921
v 20.3084 -3.012043 -13.90207
v 17.39109 -3.019677 -13.20262
v 20.3084 -3.012043 -13.90207
v 20.3084 -1.012162 -13.88024
v 17.39109 -1.019796 -13.18079
v 17.39109 -3.019677 -13.20262
v 16.6916 -2.987838 -16.11976
v 16.6916 -0.987957 -16.09793
v 19.60891 -0.980323 -16.79738
v 19.60891 -2.980204 -16.81921
f 6654 6656 6657
f 6654 6657 6655
f 6662 6658 6659
f 6662 6659 6663
f 6664 6660 6661
f 6664 6661 6665
f 6666 6667 6668
f 6666 6668 6669
f 6670 6671 6672
f 6670 6672 6673
f 6674 6675 6676
f 6674 6676 6677
v -1.064944 1.5 -25.06947
v -0.930535 1.5 -27.06494
v -1.064944 3.5 -25.06947
v -0.930535 3.5 -27.06494
v 0.930535 3.5 -24.93506
v 1.064944 3.5 -26.93053
v 0.930535 1.5 -24.93506
v 1.064944 1.5 -26.93053
v -1.064944 3.5 -25.06947
v -0.930535 3.5 -27.06494
v 0.930535 3.5 -24.93506
v 1.064944 3.5 -26.93053
v 0.930535 1.5 -24.93506
v -1.064944 1.5 -25.06947
v -0.930535 1.5 -27.06494
v 1.064944 1.5 -26.93053
v -0.930535 1.5 -27.06494
v -0.930535 3.5 -27.06494
v 1.064944 3.5 -26.93053
v 1.064944 1.5 -26.93053
v 0.930535 1.5 -24.93506
v 0.930535 3.5 -24.93506
v -1.064944 3.5 -25.06947
v -1.064944 1.5 -25.06947
f 6678 6680 6681
f 6678 6681 6679
f 6686 6682 6683
f 6686 6683 6687
f 6688 6684 6685
f 6688 6685 6689
f 6690 6691 6692
f 6690 6692 6693
f 6694 6695 6696
f 6694 6696 6697
f 6698 6699 6700
f 6698 6700 6701
v 11.77865 -6 8.819753
v 9.180247 -6 5.778653
v 11.77865 -2 8.819753
v 9.180247 -2 5.778653
v 14.81975 -2 6.221347
v 12.22135 -2 3.180247
v 14.81975 -6 6.221347
v 12.22135 -6 3.180247
v 11.77865 -2 8.819753
v 9.180247 -2 5.778653
v 14.81975 -2 6.221347
v 12.22135 -2 3.180247
v 14.81975 -6 6.221347
v 11.77865 -6 8.819753
v 9.180247 -6 5.778653
v 12.22135 -6 3.180247
v 9.180247 -6 5.778653
v 9.180247 -2 5.778653
v 12.22135 -2 3.180247
v 12.22135 -6 3.180247
v 14.81975 -6 6.221347
v 14.81975 -2 6.221347
v 11.77865 -2 8.819753
v 11.77865 -6 8.819753
f 6702 6704 6705
f 6702 6705 6703
f 6710 6706 6707
f 6710 6707 6711
f 6712 6708 6709
f 6712 6709 6713
f 6714 6715 6716
f 6714 6716 6717
f 6718 6719 6720
f 6718 6720 6721
f 6722 6723 6724
f 6722 6724 6725
v 15.73497 -6 -0.766198
v 11.7662 -6 -1.265028
v 15.73497 -2 -0.766198
v 11.7662 -2 -1.265028
v 16.2338 -2 -4.734972
v 12.26503 -2 -5.233802
v 16.2338 -6 -4.734972
v 12.26503 -6 -5.233802
v 15.73497 -2 -0.766198
v 11.7662 -2 -1.265028
v 16.2338 -2 -4.734972
v 12.26503 -2 -5.233802
v 16.2338 -6 -4.734972
v 15.73497 -6 -0.766198
v 11.7662 -6 -1.265028
v 12.26503 -6 -5.233802
v 11.7662 -6 -1.265028
v 11.7662 -2 -1.265028
v 12.26503 -2 -5.233802
v 12.26503 -6 -5.233802
v 16.2338 -6 -4.734972
v 16.2338 -2 -4.734972
v 15.73497 -2 -0.766198
v 15.73497 -6 -0.766198
f 6726 6728 6729
f 6726 6729 6727
f 6734 6730 6731
f 6734 6731 6735
f 6736 6732 6733
f 6736 6733 6737
f 6738 6739 6740
f 6738 6740 6741
f 6742 6743 6744
f 6742 6744 6745
f 6746 6747 6748
f 6746 6748 6749
v -15.87768 2.500001 0.5916636
v -17.59166 2.500001 1.622321
v -15.87768 4.500001 0.5916636
v -17.59166 4.500001 1.622321
v -16.90834 4.500001 -1.122321
v -18.62232 4.500001 -0.0916636
v -16.90834 2.500001 -1.122321
v -18.62232 2.500001 -0.0916636
v -15.87768 4.500001 0.5916636
v -17.59166 4.500001 1.622321
v -16.90834 4.500001 -1.122321
v -18.62232 4.500001 -0.0916636
v -16.90834 2.500001 -1.122321
v -15.87768 2.500001 0.5916636
v -17.59166 2.500001 1.622321
v -18.62232 2.500001 -0.0916636
v -17.59166 2.500001 1.622321
v -17.59166 4.500001 1.622321
v -18.62232 4.500001 -0.0916636
v -18.62232 2.500001 -0.0916636
v -16.90834 2.500001 -1.122321
v -16.90834 4.500001 -1.122321
v -15.87768 4.500001 0.5916636
v -15.87768 2.500001 0.5916636
f 6750 6752 6753
f 6750 6753 6751
f 6758 6754 6755
f 6758 6755 6759
f 6760 6756 6757
f 6760 6757 6761
f 6762 6763 6764
f 6762 6764 6765
f 6766 6767 6768
f 6766 6768 6769
f 6770 6771 6772
f 6770 6772 6773
v 10.23927 -1.486753 -33.2219
v 10.7056 -1.507979 -31.27714
v 10.23927 1.513068 -33.18916
v 10.7056 1.491842 -31.2444
v 8.2944 1.507979 -32.72286
v 8.760725 1.486753 -30.7781
v 8.2944 -1.491842 -32.7556
v 8.760725 -1.513068 -30.81084
v 10.23927 1.513068 -33.18916
v 10.7056 1.491842 -31.2444
v 8.2944 1.507979 -32.72286
v 8.760725 1.486753 -30.7781
v 8.2944 -1.491842 -32.7556
v 10.23927 -1.486753 -33.2219
v 10.7056 -1.507979 -31.27714
v 8.760725 -1.513068 -30.81084
v 10.7056 -1.507979 -31.27714
v 10.7056 1.491842 -31.2444
v 8.760725 1.486753 -30.7781
v 8.760725 -1.513068 -30.81084
v 8.2944 -1.491842 -32.7556
v 8.2944 1.507979 -32.72286
v 10.23927 1.513068 -33.18916
v 10.23927 -1.486753 -33.2219
f 6774 6776 6777
f 6774 6777 6775
f 6782 6778 6779
f 6782 6779 6783
f 6784 6780 6781
f 6784 6781 6785
f 6786 6787 6788
f 6786 6788 6789
f 6790 6791 6792
f 6790 6792 6793
f 6794 6795 6796
f 6794 6796 6797
v -11.45626 -6 13.05045
v -14.05045 -6 11.54374
v -11.45626 -3 13.05045
v -14.05045 -3 11.54374
v -9.949549 -3 10.45626
v -12.54374 -3 8.949549
v -9.949549 -6 10.45626
v -12.54374 -6 8.949549
v -11.45626 -3 13.05045
v -14.05045 -3 11.54374
v -9.949549 -3 10.45626
v -12.54374 -3 8.949549
v -9.949549 -6 10.45626
v -11.45626 -6 13.05045
v -14.05045 -6 11.54374
v -12.54374 -6 8.949549
v -14.05045 -6 11.54374
v -14.05045 -3 11.54374
v -12.54374 -3 8.949549
v -12.54374 -6 8.949549
v -9.949549 -6 10.45626
v -9.949549 -3 10.45626
v -11.45626 -3 13.05045
v -11.45626 -6 13.05045
f 6798 6800 6801
f 6798 6801 6799
f 6806 6802 6803
f 6806 6803 6807
f 6808 6804 6805
f 6808 6805 6809
f 6810 6811 6812
f 6810 6812 6813
f 6814 6815 6816
f 6814 6816 6817
f 6818 6819 6820
f 6818 6820 6821
v 17.62904 -7.795084 -31.01534
v 16.55669 -7.138182 -31.24467
v 25.97122 6.445854 -29.23128
v 24.89887 7.102756 -29.46061
v 26.23855 6.445854 -30.48132
v 25.1662 7.102756 -30.71065
v 17.89637 -7.795084 -32.26537
v 16.82402 -7.138182 -32.49471
v 25.97122 6.445854 -29.23128
v 24.89887 7.102756 -29.46061
v 26.23855 6.445854 -30.48132
v 25.1662 7.102756 -30.71065
v 17.89637 -7.795084 -32.26537
v 17.62904 -7.795084 -31.01534
v 16.55669 -7.138182 -31.24467
v 16.82402 -7.138182 -32.49471
v 16.55669 -7.138182 -31.24467
v 24.89887 7.102756 -29.46061
v 25.1662 7.102756 -30.71065
v 16.82402 -7.138182 -32.49471
v 17.89637 -7.795084 -32.26537
v 26.23855 6.445854 -30.48132
v 25.97122 6.445854 -29.23128
v 17.62904 -7.795084 -31.01534
f 6822 6824 6825
f 6822 6825 6823
f 6830 6826 6827
f 6830 6827 6831
f 6832 6828 6829
f 6832 6829 6833
f 6834 6835 6836
f 6834 6836 6837
f 6838 6839 6840
f 6838 6840 6841
f 6842 6843 6844
f 6842 6844 6845
v -9.043427 -7.363093 -32.65072
v -8.549841 -6.820584 -31.89141
v -12.88319 4.397929 -38.55766
v -12.38961 4.940438 -37.79835
v -13.76832 4.397929 -37.98229
v -13.27473 4.940438 -37.22298
v -9.928552 -7.363093 -32.07535
v -9.434966 -6.820584 -31.31604
v -12.88319 4.397929 -38.55766
v -12.38961 4.940438 -37.79835
v -13.76832 4.397929 -37.98229
v -13.27473 4.940438 -37.22298
v -9.928552 -7.363093 -32.07535
v -9.043427 -7.363093 -32.65072
v -8.549841 -6.820584 -31.89141
v -9.434966 -6.820584 -31.31604
v -8.549841 -6.820584 -31.89141
v -12.38961 4.940438 -37.79835
v -13.27473 4.940438 -37.22298
v -9.434966 -6.820584 -31.31604
v -9.928552 -7.363093 -32.07535
v -13.76832 4.397929 -37.98229
v -12.88319 4.397929 -38.55766
v -9.043427 -7.363093 -32.65072
f 6846 6848 6849
f 6846 6849 6847
f 6854 6850 6851
f 6854 6851 6855
f 6856 6852 6853
f 6856 6853 6857
f 6858 6859 6860
f 6858 6860 6861
f 6862 6863 6864
f 6862 6864 6865
f 6866 6867 6868
f 6866 6868 6869
v -26.60968 -7.363093 -15.06015
v -26.36357 -6.820584 -14.18859
v -28.52426 4.397929 -21.84027
v -28.27815 4.940438 -20.96872
v -29.54023 4.397929 -21.55338
v -29.29412 4.940438 -20.68183
v -27.62565 -7.363093 -14.77326
v -27.37954 -6.820584 -13.9017
v -28.52426 4.397929 -21.84027
v -28.27815 4.940438 -20.96872
v -29.54023 4.397929 -21.55338
v -29.29412 4.940438 -20.68183
v -27.62565 -7.363093 -14.77326
v -26.60968 -7.363093 -15.06015
v -26.36357 -6.820584 -14.18859
v -27.37954 -6.820584 -13.9017
v -26.36357 -6.820584 -14.18859
v -28.27815 4.940438 -20.96872
v -29.29412 4.940438 -20.68183
v -27.37954 -6.820584 -13.9017
v -27.62565 -7.363093 -14.77326
v -29.54023 4.397929 -21.55338
v -28.52426 4.397929 -21.84027
v -26.60968 -7.363093 -15.06015
f 6870 6872 6873
f 6870 6873 6871
f 6878 6874 6875
f 6878 6875 6879
f 6880 6876 6877
f 6880 6877 6881
f 6882 6883 6884
f 6882 6884 6885
f 6886 6887 6888
f 6886 6888 6889
f 6890 6891 6892
f 6890 6892 6893
v -6.516394 -8.463423 42.23292
v -5.946263 -7.386427 40.52783
v -10.95163 14.88471 55.49741
v -10.3815 15.9617 53.79232
v -8.964011 14.88471 56.16201
v -8.393881 15.9617 54.45691
v -4.528777 -8.463423 42.89752
v -3.958647 -7.386427 41.19243
v -10.95163 14.88471 55.49741
v -10.3815 15.9617 53.79232
v -8.964011 14.88471 56.16201
v -8.393881 15.9617 54.45691
v -4.528777 -8.463423 42.89752
v -6.516394 -8.463423 42.23292
v -5.946263 -7.386427 40.52783
v -3.958647 -7.386427 41.19243
v -5.946263 -7.386427 40.52783
v -10.3815 15.9617 53.79232
v -8.393881 15.9617 54.45691
v -3.958647 -7.386427 41.19243
v -4.528777 -8.463423 42.89752
v -8.964011 14.88471 56.16201
v -10.95163 14.88471 55.49741
v -6.516394 -8.463423 42.23292
f 6894 6896 6897
f 6894 6897 6895
f 6902 6898 6899
f 6902 6899 6903
f 6904 6900 6901
f 6904 6901 6905
f 6906 6907 6908
f 6906 6908 6909
f 6910 6911 6912
f 6910 6912 6913
f 6914 6915 6916
f 6914 6916 6917
v -31.45032 -8.542174 13.62637
v -31.03682 -7.72996 12.33509
v -34.66705 9.065769 23.67167
v -34.25356 9.877983 22.38039
v -33.16182 9.065769 24.15368
v -32.74832 9.877983 22.8624
v -29.94508 -8.542174 14.10838
v -29.53158 -7.72996 12.8171
v -34.66705 9.065769 23.67167
v -34.25356 9.877983 22.38039
v -33.16182 9.065769 24.15368
v -32.74832 9.877983 22.8624
v -29.94508 -8.542174 14.10838
v -31.45032 -8.542174 13.62637
v -31.03682 -7.72996 12.33509
v -29.53158 -7.72996 12.8171
v -31.03682 -7.72996 12.33509
v -34.25356 9.877983 22.38039
v -32.74832 9.877983 22.8624
v -29.53158 -7.72996 12.8171
v -29.94508 -8.542174 14.10838
v -33.16182 9.065769 24.15368
v -34.66705 9.065769 23.67167
v -31.45032 -8.542174 13.62637
f 6918 6920 6921
f 6918 6921 6919
f 6926 6922 6923
f 6926 6923 6927
f 6928 6924 6925
f 6928 6925 6929
f 6930 6931 6932
f 6930 6932 6933
f 6934 6935 6936
f 6934 6936 6937
f 6938 6939 6940
f 6938 6940 6941
v 16.9057 -7.516698 40.50362
v 16.04788 -7.002811 40.49601
v 23.57901 3.62383 40.56275
v 22.72118 4.137717 40.55515
v 23.58787 3.62383 39.56279
v 22.73005 4.137717 39.55519
v 16.91457 -7.516698 39.50365
v 16.05674 -7.002811 39.49605
v 23.57901 3.62383 40.56275
v 22.72118 4.137717 40.55515
v 23.58787 3.62383 39.56279
v 22.73005 4.137717 39.55519
v 16.91457 -7.516698 39.50365
v 16.9057 -7.516698 40.50362
v 16.04788 -7.002811 40.49601
v 16.05674 -7.002811 39.49605
v 16.04788 -7.002811 40.49601
v 22.72118 4.137717 40.55515
v 22.73005 4.137717 39.55519
v 16.05674 -7.002811 39.49605
v 16.91457 -7.516698 39.50365
v 23.58787 3.62383 39.56279
v 23.57901 3.62383 40.56275
v 16.9057 -7.516698 40.50362
f 6942 6944 6945
f 6942 6945 6943
f 6950 6946 6947
f 6950 6947 6951
f 6952 6948 6949
f 6952 6949 6953
f 6954 6955 6956
f 6954 6956 6957
f 6958 6959 6960
f 6958 6960 6961
f 6962 6963 6964
f 6962 6964 6965
v 31.67586 -7.516698 30.89244
v 31.07935 -7.002811 30.27592
v 36.31628 3.62383 35.68857
v 35.71978 4.137717 35.07205
v 37.03496 3.62383 34.99323
v 36.43845 4.137717 34.37671
v 32.39454 -7.516698 30.19709
v 31.79803 -7.002811 29.58057
v 36.31628 3.62383 35.68857
v 35.71978 4.137717 35.07205
v 37.03496 3.62383 34.99323
v 36.43845 4.137717 34.37671
v 32.39454 -7.516698 30.19709
v 31.67586 -7.516698 30.89244
v 31.07935 -7.002811 30.27592
v 31.79803 -7.002811 29.58057
v 31.07935 -7.002811 30.27592
v 35.71978 4.137717 35.07205
v 36.43845 4.137717 34.37671
v 31.79803 -7.002811 29.58057
v 32.39454 -7.516698 30.19709
v 37.03496 3.62383 34.99323
v 36.31628 3.62383 35.68857
v 31.67586 -7.516698 30.89244
f 6966 6968 6969
f 6966 6969 6967
f 6974 6970 6971
f 6974 6971 6975
f 6976 6972 6973
f 6976 6973 6977
f 6978 6979 6980
f 6978 6980 6981
f 6982 6983 6984
f 6982 6984 6985
f 6986 6987 6988
f 6986 6988 6989
v 31.52996 -7.147263 -5.288532
v 31.28866 -6.891685 -4.595964
v 32.18058 2.366821 -8.572822
v 31.93928 2.622399 -7.880253
v 31.44406 2.332922 -8.816925
v 31.20276 2.5885 -8.124357
v 30.79344 -7.181162 -5.532635
v 30.55214 -6.925584 -4.840067
v 32.18058 2.366821 -8.572822
v 31.93928 2.622399 -7.880253
v 31.44406 2.332922 -8.816925
v 31.20276 2.5885 -8.124357
v 30.79344 -7.181162 -5.532635
v 31.52996 -7.147263 -5.288532
v 31.28866 -6.891685 -4.595964
v 30.55214 -6.925584 -4.840067
v 31.28866 -6.891685 -4.595964
v 31.93928 2.622399 -7.880253
v 31.20276 2.5885 -8.124357
v 30.55214 -6.925584 -4.840067
v 30.79344 -7.181162 -5.532635
v 31.44406 2.332922 -8.816925
v 32.18058 2.366821 -8.572822
v 31.52996 -7.147263 -5.288532
f 6990 6992 6993
f 6990 6993 6991
f 6998 6994 6995
f 6998 6995 6999
f 7000 6996 6997
f 7000 6997 7001
f 7002 7003 7004
f 7002 7004 7005
f 7006 7007 7008
f 7006 7008 7009
f 7010 7011 7012
f 7010 7012 7013
