v -20 -22 24
v -19 -22 24
v -20 -20 24
v -18 -20 24
v -19 -22 24
v -19 -22 17
v -18 -20 24
v -18 -20 17
v -19 -22 16
v -20 -22 16
v -18 -20 15
v -20 -20 15
v -20 -22 17
v -20 -22 24
v -20 -20 17
v -20 -20 24
v -20 -20 24
v -18 -20 24
v -20 -20 17
v -18 -20 17
v -20 -22 17
v -19 -22 17
v -20 -22 24
v -19 -22 24
v -19 -22 16
v -20 -22 16
v -18 -20 15
v -19 -22 16
v -26 -22 17
v -26 -20 17
v -26 -22 16
v -26 -20 15
v -20 -20 15
v -18 -20 15
v -20 -22 17
v -20 -20 17
v -26 -22 17
v -26 -20 17
v -26 -22 16
v -26 -22 17
v -26 -20 17
v -26 -20 15
v -26 -20 15
v -26 -22 16
f 1 2 3
f 2 4 3
f 5 6 7
f 6 8 7
f 9 10 11
f 10 12 11
f 13 14 15
f 14 16 15
f 17 18 19
f 18 20 19
f 21 22 23
f 22 24 23
f 22 21 25
f 21 26 25
f 8 6 27
f 6 28 27
f 29 30 31
f 30 32 31
f 19 20 33
f 20 34 33
f 35 36 37
f 36 38 37
f 26 21 39
f 21 40 39
f 19 33 41
f 33 42 41
f 12 10 43
f 10 44 43
v 11.99975 -29 28
v 12.0002 -29 34
v 14.99975 -27 28
v 15.00021 -27 34
v 14.99975 -32 28
v 15.00021 -32 34
v 12 -32 28
v 12 -32 34
v 12 -32 28
v 12 -32 34
v 12.0002 -29 34
v 11.99975 -29 28
v 12 -32 34
v 15.00021 -32 34
v 15.00021 -29 34
v 12.0002 -29 34
v 15.00021 -27 34
v 17 -29 34
v 17 -32 28
v 17 -29 28
v 17 -32 34
v 17 -25 34
v 17 -25 28
v 14.99975 -29 28
v 12 -32 28
v 11.99975 -29 28
v 14.99975 -32 28
v 14.99975 -27 28
v 14.99975 -29 28
v 14.99975 -27 28
v 17 -29 28
v 17 -25 28
v 14.99975 -27 28
v 15.00021 -27 34
v 17 -25 28
v 17 -25 34
v 17 -25 34
v 17 -29 34
v 17 -32 34
v 17 -32 28
v 17 -32 34
v 17 -32 28
f 45 46 47
f 46 48 47
f 49 50 51
f 50 52 51
f 53 54 55
f 56 53 55
f 57 58 59
f 60 57 59
f 60 59 61
f 62 63 64
f 62 65 63
f 66 64 67
f 66 62 64
f 68 69 70
f 68 71 69
f 72 68 70
f 73 74 75
f 74 76 75
f 77 78 79
f 78 80 79
f 61 59 81
f 59 82 81
f 59 58 82
f 58 83 82
f 71 73 84
f 73 75 84
f 50 49 85
f 49 86 85
v 8 -8 -9.999685
v 8.000001 -8 -15.99969
v -6.000125 -8 -10
v -5.999938 -8 -16
v 8 -10 -9.999685
v 8.000001 -10 -15.99969
v 8 -8 -9.999685
v 8.000001 -8 -15.99969
v 8.000001 -10 -15.99969
v -5.999938 -10 -16
v 8.000001 -8 -15.99969
v -5.999938 -8 -16
v -5.999938 -10 -16
v -6.000125 -10 -10
v -5.999938 -8 -16
v -6.000125 -8 -10
v -6.000125 -10 -10
v 8 -10 -9.999685
v -6.000125 -8 -10
v 8 -8 -9.999685
v -6.000125 -10 -10
v -5.999938 -10 -16
v 8 -10 -9.999685
v 8.000001 -10 -15.99969
f 87 88 89
f 88 90 89
f 91 92 93
f 92 94 93
f 95 96 97
f 96 98 97
f 99 100 101
f 100 102 101
f 103 104 105
f 104 106 105
f 107 108 109
f 108 110 109
v -30.99979 -30 37
v -36.99979 -30 36.9997
v -31.00016 -27 40
v -37.00016 -27 39.9997
v -31.00016 -32 40
v -37.00016 -32 39.9997
v -30.99953 -32 35.00025
v -36.99953 -32 34.9995
v -30.99953 -32 35.00025
v -36.99953 -32 34.9995
v -36.99979 -30 36.9997
v -30.99979 -30 37
v -36.99953 -32 34.9995
v -37.00016 -32 39.9997
v -37.00016 -30 39.9997
v -36.99979 -30 36.9997
v -37.00016 -27 39.9997
v -37.00042 -30 41.9995
v -31.00042 -32 42.00026
v -31.00042 -30 42.00026
v -37.00042 -32 41.9995
v -37.00042 -25 41.9995
v -31.00042 -25 42.00026
v -31.00016 -30 40
v -30.99953 -32 35.00025
v -30.99979 -30 37
v -31.00016 -32 40
v -31.00016 -27 40
v -31.00016 -30 40
v -31.00016 -27 40
v -31.00042 -30 42.00026
v -31.00042 -25 42.00026
v -31.00042 -25 42.00026
v -37.00042 -25 41.9995
v -37.00042 -25 41.9995
v -37.00042 -30 41.9995
v -37.00042 -32 41.9995
v -31.00042 -32 42.00026
v -37.00042 -32 41.9995
v -31.00042 -32 42.00026
f 111 112 113
f 112 114 113
f 115 116 117
f 116 118 117
f 119 120 121
f 122 119 121
f 123 124 125
f 126 123 125
f 126 125 127
f 128 129 130
f 128 131 129
f 132 130 133
f 132 128 130
f 134 135 136
f 134 137 135
f 138 134 136
f 139 140 141
f 140 142 141
f 113 114 143
f 114 144 143
f 127 125 145
f 125 146 145
f 125 124 146
f 124 147 146
f 137 139 148
f 139 141 148
f 116 115 149
f 115 150 149
v -22.00004 -30 -20.99983
v -12 -30 -21.00004
v -21.99992 -27 -23.99983
v -12 -27 -24.00005
v -21.99992 -32 -23.99983
v -12 -32 -24.00005
v -22.00012 -32 -19.00008
v -12 -32 -18.99983
v -22.00012 -32 -19.00008
v -12 -32 -18.99983
v -12 -30 -21.00004
v -22.00004 -30 -20.99983
v -12 -32 -18.99983
v -12 -32 -24.00005
v -12 -30 -24.00005
v -12 -30 -21.00004
v -12 -27 -24.00005
v -12 -30 -25.99984
v -21.99984 -32 -26.00009
v -21.99984 -30 -26.00009
v -12 -32 -25.99984
v -12 -25 -25.99984
v -21.99984 -25 -26.00009
v -21.99992 -30 -23.99983
v -22.00012 -32 -19.00008
v -22.00004 -30 -20.99983
v -21.99992 -32 -23.99983
v -21.99992 -27 -23.99983
v -21.99992 -30 -23.99983
v -21.99992 -27 -23.99983
v -21.99984 -30 -26.00009
v -21.99984 -25 -26.00009
v -21.99984 -25 -26.00009
v -12 -25 -25.99984
v -12 -25 -25.99984
v -12 -30 -25.99984
v -12 -32 -25.99984
v -21.99984 -32 -26.00009
v -12 -32 -25.99984
v -21.99984 -32 -26.00009
f 151 152 153
f 152 154 153
f 155 156 157
f 156 158 157
f 159 160 161
f 162 159 161
f 163 164 165
f 166 163 165
f 166 165 167
f 168 169 170
f 168 171 169
f 172 170 173
f 172 168 170
f 174 175 176
f 174 177 175
f 178 174 176
f 179 180 181
f 180 182 181
f 153 154 183
f 154 184 183
f 167 165 185
f 165 186 185
f 165 164 186
f 164 187 186
f 177 179 188
f 179 181 188
f 156 155 189
f 155 190 189
v -3 -29 12.50129
v 8.000224 -29 12.49822
v -3 -27 10.00154
v 7.999113 -27 9.998017
v -3 -32 10.00154
v 7.999113 -32 9.998018
v -3 -32 12.50129
v 8.000225 -32 12.49822
v -3 -32 12.50129
v 8.000225 -32 12.49822
v 8.000224 -29 12.49822
v -3 -29 12.50129
v 8.000225 -32 12.49822
v 7.999113 -32 9.998018
v 7.999114 -29 9.998016
v 8.000224 -29 12.49822
v 7.999113 -27 9.998017
v 7.998226 -29 7.998222
v -3 -32 8.000887
v -3 -29 8.000886
v 7.998225 -32 7.998224
v 7.998225 -25 7.998223
v -3 -25 8.000886
v -3 -29 10.00154
v -3 -32 12.50129
v -3 -29 12.50129
v -3 -32 10.00154
v -3 -27 10.00154
v -3 -29 8.000886
v -3 -25 8.000886
v -3 -27 10.00154
v 7.999113 -27 9.998017
v -3 -25 8.000886
v 7.998225 -25 7.998223
v 7.998225 -25 7.998223
v 7.998226 -29 7.998222
v 7.999114 -29 9.998016
v 7.999113 -32 9.998018
v 7.998226 -29 7.998222
v 7.998225 -32 7.998224
v -3 -32 8.000887
v 7.998225 -32 7.998224
v -3 -32 8.000887
f 191 192 193
f 192 194 193
f 195 196 197
f 196 198 197
f 199 200 201
f 202 199 201
f 203 204 205
f 206 203 205
f 206 205 207
f 208 209 210
f 208 211 209
f 212 210 213
f 212 208 210
f 214 215 216
f 214 217 215
f 218 214 216
f 214 218 219
f 218 220 219
f 221 222 223
f 222 224 223
f 207 205 225
f 205 226 225
f 227 228 229
f 228 230 229
f 217 214 231
f 214 219 231
f 196 195 232
f 195 233 232
v 14.99975 -30 -25
v 15.0002 -30 -19
v 17.99975 -27 -25
v 18.00021 -27 -19
v 17.99975 -32 -25
v 18.00021 -32 -19
v 13 -32 -25
v 13 -32 -19
v 13 -32 -25
v 13 -32 -19
v 15.0002 -30 -19
v 14.99975 -30 -25
v 13 -32 -19
v 18.00021 -32 -19
v 18.00021 -30 -19
v 15.0002 -30 -19
v 18.00021 -27 -19
v 20 -30 -19
v 20 -32 -25
v 20 -30 -25
v 20 -32 -19
v 20 -25 -19
v 20 -25 -25
v 17.99975 -30 -25
v 13 -32 -25
v 14.99975 -30 -25
v 17.99975 -32 -25
v 17.99975 -27 -25
v 17.99975 -30 -25
v 17.99975 -27 -25
v 20 -30 -25
v 20 -25 -25
v 20 -25 -25
v 20 -25 -19
v 20 -25 -19
v 20 -30 -19
v 20 -32 -19
v 20 -32 -25
v 20 -32 -19
v 20 -32 -25
f 234 235 236
f 235 237 236
f 238 239 240
f 239 241 240
f 242 243 244
f 245 242 244
f 246 247 248
f 249 246 248
f 249 248 250
f 251 252 253
f 251 254 252
f 255 253 256
f 255 251 253
f 257 258 259
f 257 260 258
f 261 257 259
f 262 263 264
f 263 265 264
f 236 237 266
f 237 267 266
f 250 248 268
f 248 269 268
f 248 247 269
f 247 270 269
f 260 262 271
f 262 264 271
f 239 238 272
f 238 273 272
v 6 -30 -32
v 18 -30 -32
v 6 -18 -32
v 18 -18 -32
v 18 -30 -32
v 18 -30 -40
v 18 -18 -32
v 18 -18 -40
v 18 -30 -40
v 6 -30 -40
v 18 -18 -40
v 6 -18 -40
v 6 -30 -40
v 6 -30 -32
v 6 -18 -40
v 6 -18 -32
v 6 -30 -40
v 18 -30 -40
v 6 -30 -32
v 18 -30 -32
v 6 -18 -32
v 18 -18 -32
v 6 -18 -40
v 18 -18 -40
f 274 275 276
f 275 277 276
f 278 279 280
f 279 281 280
f 282 283 284
f 283 285 284
f 286 287 288
f 287 289 288
f 290 291 292
f 291 293 292
f 294 295 296
f 295 297 296
v -17.49879 -29 31.99981
v -17.50168 -29 24.99979
v -19.99853 -27 32.00076
v -20.00188 -27 25.00084
v -19.99853 -32 32.00076
v -20.00188 -32 25.00084
v -17.49879 -32 31.99981
v -17.50168 -32 24.99979
v -17.49879 -32 31.99981
v -17.50168 -32 24.99979
v -17.50168 -29 24.99979
v -17.49879 -29 31.99981
v -17.50168 -32 24.99979
v -20.00188 -32 25.00084
v -20.00189 -29 25.00084
v -17.50168 -29 24.99979
v -20.00188 -27 25.00084
v -22.00168 -29 25.00168
v -21.99916 -32 31.00168
v -21.99916 -29 31.00168
v -22.00168 -32 25.00168
v -22.00168 -25 25.00168
v -21.99916 -25 31.00168
v -19.99854 -29 32.00076
v -17.49879 -32 31.99981
v -17.49879 -29 31.99981
v -19.99853 -32 32.00076
v -19.99853 -27 32.00076
v -19.99854 -29 32.00076
v -19.99853 -27 32.00076
v -21.99916 -29 31.00168
v -21.99916 -25 31.00168
v -19.99853 -27 32.00076
v -20.00188 -27 25.00084
v -21.99916 -25 31.00168
v -22.00168 -25 25.00168
v -22.00168 -25 25.00168
v -22.00168 -29 25.00168
v -20.00189 -29 25.00084
v -20.00188 -32 25.00084
v -22.00168 -29 25.00168
v -22.00168 -32 25.00168
v -19.99853 -32 32.00076
v -19.99854 -29 32.00076
v -21.99916 -32 31.00168
v -21.99916 -29 31.00168
v -22.00168 -32 25.00168
v -21.99916 -32 31.00168
f 298 299 300
f 299 301 300
f 302 303 304
f 303 305 304
f 306 307 308
f 309 306 308
f 310 311 312
f 313 310 312
f 313 312 314
f 315 316 317
f 315 318 316
f 319 317 320
f 319 315 317
f 321 322 323
f 321 324 322
f 325 321 323
f 326 327 328
f 327 329 328
f 330 331 332
f 331 333 332
f 314 312 334
f 312 335 334
f 336 337 338
f 337 339 338
f 340 341 342
f 341 343 342
f 303 302 344
f 302 345 344
v 28 -30 -18
v 28 -30 -24
v 28 -28 -24
v 28 -28 -18
v 28 -30 -24
v 26 -30 -26
v 26 -28 -26
v 28 -28 -24
v 18 -28 -28
v 18 -30 -24
v 18 -28 -24
v 18 -30 -28
v 18 -30 -18
v 18 -28 -18
v 18 -20 -28
v 18 -20 -24
v 18 -20 -18
v 28 -20 -24
v 28 -20 -18
v 26 -20 -26
v 28 -20 -24
v 18 -30 -18
v 24 -30 -18
v 24 -28 -18
v 18 -28 -18
v 28 -30 -18
v 28 -28 -18
v 26 -28 -26
v 24 -30 -28
v 24 -28 -28
v 26 -30 -26
v 24 -28 -28
v 18 -30 -28
v 18 -28 -28
v 24 -30 -28
v 24 -20 -18
v 18 -20 -18
v 28 -20 -18
v 26 -20 -26
v 24 -20 -28
v 24 -20 -28
v 18 -20 -28
v 24 -30 -24
v 26 -30 -26
v 28 -30 -24
v 24 -30 -28
v 18 -30 -24
v 18 -30 -28
v 24 -30 -18
v 28 -30 -18
v 18 -30 -18
v 28 -20 -24
v 24 -20 -24
v 24 -20 -18
v 28 -20 -18
v 18 -20 -24
v 18 -20 -18
v 26 -20 -26
v 24 -20 -28
v 18 -20 -28
f 346 347 348
f 349 346 348
f 350 351 352
f 353 350 352
f 354 355 356
f 354 357 355
f 356 358 359
f 356 355 358
f 360 356 361
f 360 354 356
f 361 359 362
f 361 356 359
f 349 348 363
f 364 349 363
f 353 352 365
f 366 353 365
f 367 368 369
f 370 367 369
f 368 371 372
f 369 368 372
f 373 374 375
f 373 376 374
f 377 378 379
f 377 380 378
f 370 369 381
f 382 370 381
f 369 372 383
f 381 369 383
f 384 375 385
f 384 373 375
f 386 379 387
f 386 377 379
f 388 389 390
f 388 391 389
f 392 391 388
f 392 393 391
f 394 390 395
f 394 388 390
f 396 388 394
f 396 392 388
f 397 398 399
f 400 397 399
f 398 401 402
f 399 398 402
f 403 404 398
f 397 403 398
f 404 405 401
f 398 404 401
v 21 -30 26
v 33 -30 26
v 21 -30 36
v 33 -30 36
v 21 -30 36
v 33 -30 36
v 33 -22 36
v 21 -16 36
v 33 -14 36
v 21 -14 36
v 33 -30 36
v 33 -30 26
v 33 -22 26
v 33 -22 36
v 33 -14 26
v 33 -14 36
v 33 -22 26
v 21 -30 26
v 21 -16 26
v 33 -30 26
v 33 -14 26
v 21 -14 26
v 15 -22 26
v 15 -30 36
v 15 -22 36
v 15 -30 26
v 21 -14 26
v 21 -16 36
v 21 -14 36
v 21 -16 26
v 15 -30 36
v 15 -22 36
v 15 -22 26
v 15 -30 26
v 15 -30 26
v 15 -30 36
v 21 -14 36
v 33 -14 36
v 21 -14 26
v 33 -14 26
v 21 -16 36
v 21 -16 26
v 15 -22 36
v 15 -22 26
f 406 407 408
f 407 409 408
f 410 411 412
f 413 410 412
f 413 412 414
f 415 413 414
f 416 417 418
f 419 416 418
f 419 418 420
f 421 419 420
f 422 423 424
f 422 425 423
f 426 424 427
f 426 422 424
f 428 429 430
f 428 431 429
f 432 433 434
f 432 435 433
f 410 413 436
f 413 437 436
f 424 423 438
f 423 439 438
f 406 408 440
f 408 441 440
f 442 443 444
f 443 445 444
f 446 447 448
f 447 449 448
v 19.3121 -30.04058 -31.5
v 19.3121 -30.04058 -28.375
v 18.98439 -29.66295 -31.5
v 18.98439 -29.66295 -28.375
v 19.3121 -30.04058 -28.375
v 28.37522 -22.17546 -28.375
v 18.98439 -29.66295 -28.375
v 28.04751 -21.79783 -28.375
v 28.37522 -22.17546 -28.375
v 28.37523 -22.17545 -31.5
v 28.04751 -21.79783 -28.375
v 28.04751 -21.79782 -31.5
v 28.37523 -22.17545 -31.5
v 19.3121 -30.04058 -31.5
v 28.04751 -21.79782 -31.5
v 18.98439 -29.66295 -31.5
v 18.98439 -29.66295 -31.5
v 18.98439 -29.66295 -28.375
v 28.04751 -21.79782 -31.5
v 28.04751 -21.79783 -28.375
v 28.37523 -22.17545 -31.5
v 28.37522 -22.17546 -28.375
v 19.3121 -30.04058 -31.5
v 19.3121 -30.04058 -28.375
f 450 451 452
f 451 453 452
f 454 455 456
f 455 457 456
f 458 459 460
f 459 461 460
f 462 463 464
f 463 465 464
f 466 467 468
f 467 469 468
f 470 471 472
f 471 473 472
v 32 -16.25 16
v 30 -16.25 15.99999
v 32 -16 16
v 30 -16 15.99999
v 30 -16.25 15.99999
v 29.99997 -14.25 25.99999
v 30 -16 15.99999
v 29.99997 -14 25.99999
v 29.99997 -14.25 25.99999
v 31.99997 -14.25 26
v 29.99997 -14 25.99999
v 31.99997 -14 26
v 31.99997 -14.25 26
v 32 -16.25 16
v 31.99997 -14 26
v 32 -16 16
v 32 -16 16
v 30 -16 15.99999
v 31.99997 -14 26
v 29.99997 -14 25.99999
v 31.99997 -14.25 26
v 29.99997 -14.25 25.99999
v 32 -16.25 16
v 30 -16.25 15.99999
f 474 475 476
f 475 477 476
f 478 479 480
f 479 481 480
f 482 483 484
f 483 485 484
f 486 487 488
f 487 489 488
f 490 491 492
f 491 493 492
f 494 495 496
f 495 497 496
v -28 -30 25
v -28.00001 -30 17
v -20 -30 24.99999
v -20.00001 -30 16.99999
v -20 -2 24.99999
v -20.00001 -2 16.99999
v -28 -2 25
v -28.00001 -2 17
v -20 -16 24.99999
v -28 -16 25
v -19.99999 -16 32.99999
v -27.99999 -16 33
v -40 -16 25.00001
v -40 -16 33.00001
v -37 -16 33.00001
v -37 -16 25.00001
v -31 -16 25
v -31 -16 33
v -32 -16 25
v -32 -16 33
v -36 -16 33.00001
v -36 -16 25
v -20 -16 24.99999
v -20.00001 -16 16.99999
v -20.00001 -2 16.99999
v -20 -2 24.99999
v -20.00001 -16 16.99999
v -28.00001 -16 17
v -28.00001 -2 17
v -20.00001 -2 16.99999
v -28.00001 -2 17
v -28 -16 25
v -28 -2 25
v -28.00001 -16 17
v -28 -2 25
v -20 -16 24.99999
v -20 -2 24.99999
v -28 -16 25
v -28 -30 25
v -20 -30 24.99999
v -27.99999 -30 33
v -19.99999 -30 32.99999
v -37 -30 25.00001
v -37 -30 33
v -40 -30 25.00001
v -40 -30 33.00001
v -31 -30 33
v -31 -30 25
v -36 -30 33.00001
v -36 -30 25
v -32 -30 33
v -32 -30 25
v -20 -30 24.99999
v -20.00001 -30 16.99999
v -20.00001 -24 16.99999
v -20 -24 24.99999
v -20.00001 -30 16.99999
v -28.00001 -30 17
v -28.00001 -24 17
v -20.00001 -24 16.99999
v -28.00001 -24 17
v -28 -30 25
v -28 -24 25
v -28.00001 -30 17
v -27.99999 -24 33
v -19.99999 -30 32.99999
v -19.99999 -24 32.99999
v -27.99999 -30 33
v -27.99999 -16 33
v -19.99999 -16 32.99999
v -19.99999 -30 32.99999
v -20 -30 24.99999
v -20 -24 24.99999
v -19.99999 -24 32.99999
v -20 -16 24.99999
v -19.99999 -16 32.99999
v -40 -16 25.00001
v -40 -24 33.00001
v -40 -16 33.00001
v -40 -24 25.00001
v -40 -30 33.00001
v -40 -30 25.00001
v -37 -30 25.00001
v -40 -30 25.00001
v -40 -24 25.00001
v -37 -25 25.00001
v -40 -16 25.00001
v -37 -16 25.00001
v -40 -24 33.00001
v -37 -30 33
v -37 -25 33
v -40 -30 33.00001
v -40 -16 33.00001
v -37 -16 33.00001
v -28 -30 25
v -31 -30 25
v -31 -25 25
v -28 -24 25
v -31 -16 25
v -28 -16 25
v -31 -25 33
v -27.99999 -30 33
v -27.99999 -24 33
v -31 -30 33
v -31 -16 33
v -27.99999 -16 33
v -32 -24 25
v -32 -16 25
v -32 -16 33
v -32 -24 33
v -36 -24 25
v -36 -16 25
v -36 -16 33.00001
v -36 -24 33
v -32 -24 25
v -31 -25 25
v -32 -24 33
v -31 -25 33
v -37 -25 25.00001
v -36 -24 25
v -37 -25 33
v -36 -24 33
v -36 -24 25
v -32 -24 25
v -36 -24 33
v -32 -24 33
v -37 -30 25.00001
v -37 -25 25.00001
v -37 -30 33
v -37 -25 33
v -31 -25 25
v -31 -30 25
v -31 -25 33
v -31 -30 33
f 498 499 500
f 499 501 500
f 502 503 504
f 503 505 504
f 506 507 508
f 507 509 508
f 510 511 512
f 510 512 513
f 514 509 507
f 514 515 509
f 516 517 515
f 514 516 515
f 513 512 518
f 519 513 518
f 519 518 517
f 516 519 517
f 520 521 522
f 523 520 522
f 524 525 526
f 527 524 526
f 528 529 530
f 528 531 529
f 532 533 534
f 532 535 533
f 536 537 538
f 537 539 538
f 540 541 542
f 541 543 542
f 538 544 545
f 536 538 545
f 546 540 547
f 546 541 540
f 548 547 549
f 548 546 547
f 550 551 552
f 553 550 552
f 553 552 521
f 520 553 521
f 554 555 556
f 557 554 556
f 557 556 525
f 524 557 525
f 558 559 560
f 558 561 559
f 531 560 529
f 531 558 560
f 562 563 564
f 562 565 563
f 566 564 567
f 566 562 564
f 568 569 570
f 571 568 570
f 571 570 572
f 573 571 572
f 574 575 576
f 574 577 575
f 577 578 575
f 577 579 578
f 580 581 582
f 583 580 582
f 583 582 584
f 585 583 584
f 586 587 588
f 586 589 587
f 590 588 591
f 590 586 588
f 592 593 594
f 595 592 594
f 595 594 596
f 597 595 596
f 598 599 600
f 598 601 599
f 602 600 603
f 602 598 600
f 594 604 596
f 604 605 596
f 606 598 602
f 606 607 598
f 604 608 605
f 608 609 605
f 608 583 585
f 609 608 585
f 610 607 606
f 610 611 607
f 591 611 610
f 591 588 611
f 612 613 614
f 613 615 614
f 616 617 618
f 617 619 618
f 620 621 622
f 621 623 622
f 624 625 626
f 625 627 626
f 628 629 630
f 629 631 630
v -37.99813 -30 -32.00126
v -37.99743 -30 -38.00126
v -21.99743 -30 -37.99939
v -21.99813 -30 -31.99939
v -31.99883 -30 -26.00056
v -21.99883 -30 -25.99939
v -29.99934 -24 -22.00032
v -29.99934 -30 -22.00032
v -23.99935 -24 -21.99962
v -23.99934 -30 -21.99962
v -29.99837 -18 -30.00033
v -29.99837 -24 -30.00033
v -23.99837 -18 -29.99962
v -23.99837 -24 -29.99962
v -21.99744 -24 -37.9994
v -21.99743 -30 -37.99939
v -37.99743 -30 -38.00126
v -37.99743 -24 -38.00127
v -21.99744 2 -37.9994
v -37.99743 2 -38.00127
v -37.99743 2 -38.00127
v -37.99743 -24 -38.00127
v -37.99813 2 -32.00127
v -37.99813 -24 -32.00127
v -37.99743 -30 -38.00126
v -37.99813 -30 -32.00126
v -37.99813 2 -32.00127
v -37.99813 -24 -32.00127
v -31.99883 2 -26.00057
v -31.99883 -24 -26.00057
v -37.99813 -30 -32.00126
v -31.99883 -30 -26.00056
v -21.99884 2 -25.9994
v -21.99884 -24 -25.9994
v -21.99814 -24 -31.9994
v -21.99814 2 -31.9994
v -21.99883 -30 -25.99939
v -21.99813 -30 -31.99939
v -21.99744 -24 -37.9994
v -21.99744 2 -37.9994
v -21.99743 -30 -37.99939
v -31.99883 -24 -26.00057
v -31.99883 -30 -26.00056
v -31.99909 -24 -24.00056
v -31.99909 -30 -24.00056
v -31.99909 -30 -24.00056
v -29.99934 -30 -22.00032
v -29.99934 -24 -22.00032
v -31.99909 -24 -24.00056
v -31.99909 -30 -24.00056
v -21.99909 -30 -23.99939
v -29.99934 -30 -22.00032
v -23.99934 -30 -21.99962
v -21.9991 -24 -23.99939
v -21.99909 -30 -23.99939
v -21.99883 -30 -25.99939
v -21.99884 -24 -25.9994
v -23.99935 -24 -21.99962
v -21.99909 -30 -23.99939
v -21.9991 -24 -23.99939
v -23.99934 -30 -21.99962
v -31.99883 2 -26.00057
v -31.99883 -24 -26.00057
v -29.99883 -18 -26.00033
v -29.99883 -24 -26.00033
v -21.99884 2 -25.9994
v -23.99883 -18 -25.99963
v -29.99883 -18 -26.00033
v -31.99883 -24 -26.00057
v -21.99884 -24 -25.9994
v -29.99883 -24 -26.00033
v -23.99883 -24 -25.99963
v -21.99884 -24 -25.9994
v -21.99884 2 -25.9994
v -23.99883 -24 -25.99963
v -23.99883 -18 -25.99963
v -29.99883 -18 -26.00033
v -29.99883 -24 -26.00033
v -29.99837 -18 -30.00033
v -29.99837 -24 -30.00033
v -23.99883 -18 -25.99963
v -29.99883 -18 -26.00033
v -23.99837 -18 -29.99962
v -29.99837 -18 -30.00033
v -23.99883 -24 -25.99963
v -23.99883 -18 -25.99963
v -23.99837 -24 -29.99962
v -23.99837 -18 -29.99962
v -21.99744 2 -37.9994
v -37.99813 2 -32.00127
v -21.99814 2 -31.9994
v -37.99743 2 -38.00127
v -31.99883 2 -26.00057
v -21.99884 2 -25.9994
v -21.9991 -24 -23.99939
v -21.99884 -24 -25.9994
v -31.99883 -24 -26.00057
v -31.99909 -24 -24.00056
v -23.99935 -24 -21.99962
v -29.99934 -24 -22.00032
v -29.99883 -24 -26.00033
v -23.99883 -24 -25.99963
v -29.99837 -24 -30.00033
v -23.99837 -24 -29.99962
f 632 633 634
f 635 632 634
f 636 632 635
f 637 636 635
f 638 639 640
f 639 641 640
f 642 643 644
f 643 645 644
f 646 647 648
f 646 648 649
f 650 646 649
f 650 649 651
f 652 653 654
f 653 655 654
f 653 656 655
f 656 657 655
f 658 659 660
f 659 661 660
f 659 662 661
f 662 663 661
f 664 665 666
f 664 666 667
f 665 668 669
f 665 669 666
f 667 666 670
f 667 670 671
f 666 669 672
f 666 672 670
f 673 674 675
f 674 676 675
f 677 678 679
f 680 677 679
f 681 636 682
f 636 637 682
f 683 681 684
f 681 682 684
f 685 686 687
f 685 687 688
f 689 690 691
f 689 692 690
f 693 694 695
f 694 696 695
f 697 693 698
f 693 699 698
f 700 701 702
f 701 703 702
f 704 705 706
f 705 707 706
f 708 709 710
f 709 711 710
f 712 713 714
f 713 715 714
f 716 717 718
f 717 719 718
f 720 721 722
f 720 723 721
f 722 724 725
f 722 721 724
f 726 727 728
f 726 728 729
f 730 726 729
f 730 729 731
f 732 733 734
f 733 735 734
v -37.00004 -30 13.00017
v -31.00004 -30 12.99996
v -36.99992 -27 10.00017
v -30.99992 -27 9.999961
v -36.99992 -32 10.00017
v -30.99992 -32 9.999961
v -37.00013 -32 14.99992
v -31.00012 -32 15.00017
v -37.00013 -32 14.99992
v -31.00012 -32 15.00017
v -31.00004 -30 12.99996
v -37.00004 -30 13.00017
v -31.00012 -32 15.00017
v -30.99992 -32 9.999961
v -30.99992 -30 9.999961
v -31.00004 -30 12.99996
v -30.99992 -27 9.999961
v -30.99983 -30 8.000166
v -36.99983 -32 7.999914
v -36.99983 -30 7.999914
v -30.99983 -32 8.000166
v -30.99983 -25 8.000165
v -36.99983 -25 7.999913
v -36.99992 -30 10.00017
v -37.00013 -32 14.99992
v -37.00004 -30 13.00017
v -36.99992 -32 10.00017
v -36.99992 -27 10.00017
v -36.99992 -30 10.00017
v -36.99992 -27 10.00017
v -36.99983 -30 7.999914
v -36.99983 -25 7.999913
v -36.99983 -25 7.999913
v -30.99983 -25 8.000165
v -30.99983 -25 8.000165
v -30.99983 -30 8.000166
v -30.99983 -32 8.000166
v -36.99983 -32 7.999914
v -30.99983 -32 8.000166
v -36.99983 -32 7.999914
f 736 737 738
f 737 739 738
f 740 741 742
f 741 743 742
f 744 745 746
f 747 744 746
f 748 749 750
f 751 748 750
f 751 750 752
f 753 754 755
f 753 756 754
f 757 755 758
f 757 753 755
f 759 760 761
f 759 762 760
f 763 759 761
f 764 765 766
f 765 767 766
f 738 739 768
f 739 769 768
f 752 750 770
f 750 771 770
f 750 749 771
f 749 772 771
f 762 764 773
f 764 766 773
f 741 740 774
f 740 775 774
v -9.999997 -2.5 6.999997
v -9.999997 -2.5 4.999994
v -9.999997 -2 6.999997
v -9.999997 -2 4.999994
v -9.999997 -2.5 4.999994
v -22 -4.5 4.999994
v -9.999997 -2 4.999994
v -22 -4 4.999994
v -22 -4.5 4.999994
v -22 -4.5 6.999997
v -22 -4 4.999994
v -22 -4 6.999997
v -22 -4.5 6.999997
v -9.999997 -2.5 6.999997
v -22 -4 6.999997
v -9.999997 -2 6.999997
v -9.999997 -2 6.999997
v -9.999997 -2 4.999994
v -22 -4 6.999997
v -22 -4 4.999994
v -22 -4.5 6.999997
v -22 -4.5 4.999994
v -9.999997 -2.5 6.999997
v -9.999997 -2.5 4.999994
f 776 777 778
f 777 779 778
f 780 781 782
f 781 783 782
f 784 785 786
f 785 787 786
f 788 789 790
f 789 791 790
f 792 793 794
f 793 795 794
f 796 797 798
f 797 799 798
v -23 -29 -0.5000835
v -30.00002 -29 -0.4998307
v -23 -27 1.999666
v -29.99992 -27 2.000376
v -23 -32 1.999665
v -29.99992 -32 2.000376
v -23 -32 -0.5000835
v -30.00002 -32 -0.4998307
v -23 -32 -0.5000835
v -30.00002 -32 -0.4998307
v -30.00002 -29 -0.4998307
v -23 -29 -0.5000835
v -30.00002 -32 -0.4998307
v -29.99992 -32 2.000376
v -29.99992 -29 2.000378
v -30.00002 -29 -0.4998307
v -29.99992 -27 2.000376
v -29.99983 -29 4.000172
v -23.99983 -32 3.999918
v -23.99983 -29 3.999919
v -29.99983 -32 4.00017
v -29.99983 -25 4.000171
v -23.99983 -25 3.999919
v -23 -29 1.999667
v -23 -32 -0.5000835
v -23 -29 -0.5000835
v -23 -32 1.999665
v -23 -27 1.999666
v -23 -29 1.999667
v -23 -27 1.999666
v -23.99983 -29 3.999919
v -23.99983 -25 3.999919
v -23 -27 1.999666
v -29.99992 -27 2.000376
v -23.99983 -25 3.999919
v -29.99983 -25 4.000171
v -29.99983 -25 4.000171
v -29.99983 -29 4.000172
v -29.99992 -29 2.000378
v -29.99992 -32 2.000376
v -29.99983 -29 4.000172
v -29.99983 -32 4.00017
v -23 -32 1.999665
v -23 -29 1.999667
v -23.99983 -32 3.999918
v -23.99983 -29 3.999919
v -29.99983 -32 4.00017
v -23.99983 -32 3.999918
f 800 801 802
f 801 803 802
f 804 805 806
f 805 807 806
f 808 809 810
f 811 808 810
f 812 813 814
f 815 812 814
f 815 814 816
f 817 818 819
f 817 820 818
f 821 819 822
f 821 817 819
f 823 824 825
f 823 826 824
f 827 823 825
f 828 829 830
f 829 831 830
f 832 833 834
f 833 835 834
f 816 814 836
f 814 837 836
f 838 839 840
f 839 841 840
f 842 843 844
f 843 845 844
f 805 804 846
f 804 847 846
v -30 -30 1.999997
v -22 -30 1.999985
v -29.99998 -30 9.999997
v -21.99998 -30 9.999985
v -29.99998 -4 9.999997
v -21.99998 -4 9.999985
v -30 -4 1.999997
v -22 -4 1.999985
v -29.99998 -16 9.999997
v -30 -16 1.999997
v -37.99998 -16 10.00001
v -38 -16 2.000009
v -30.00001 -16 -10
v -38.00002 -16 -9.999995
v -38.00001 -16 -6.999996
v -30.00001 -16 -7.000001
v -30 -16 -1.000001
v -38 -16 -0.9999958
v -30 -16 -2.000001
v -38 -16 -1.999996
v -38.00001 -16 -5.999996
v -30.00001 -16 -6.000001
v -29.99998 -16 9.999997
v -21.99998 -16 9.999985
v -21.99998 -4 9.999985
v -29.99998 -4 9.999997
v -21.99998 -16 9.999985
v -22 -16 1.999985
v -22 -4 1.999985
v -21.99998 -4 9.999985
v -22 -4 1.999985
v -30 -16 1.999997
v -30 -4 1.999997
v -22 -16 1.999985
v -30 -4 1.999997
v -29.99998 -16 9.999997
v -29.99998 -4 9.999997
v -30 -16 1.999997
v -30 -30 1.999997
v -29.99998 -30 9.999997
v -38 -30 2.000009
v -37.99998 -30 10.00001
v -30.00001 -30 -7.000001
v -38.00001 -30 -6.999992
v -30.00001 -30 -10
v -38.00002 -30 -9.999995
v -38 -30 -0.9999937
v -30 -30 -1.000001
v -38.00001 -30 -5.999996
v -30.00001 -30 -6.000001
v -38 -30 -1.999996
v -30 -30 -2.000001
v -29.99998 -30 9.999997
v -21.99998 -30 9.999985
v -21.99998 -24 9.999986
v -29.99998 -24 9.999997
v -21.99998 -30 9.999985
v -22 -30 1.999985
v -22 -24 1.999986
v -21.99998 -24 9.999986
v -22 -24 1.999986
v -30 -30 1.999997
v -30 -24 1.999997
v -22 -30 1.999985
v -38 -24 2.00001
v -37.99998 -30 10.00001
v -37.99998 -24 10.00001
v -38 -30 2.000009
v -38 -16 2.000009
v -37.99998 -16 10.00001
v -37.99998 -30 10.00001
v -29.99998 -30 9.999997
v -37.99998 -24 10.00001
v -29.99998 -16 9.999997
v -37.99998 -16 10.00001
v -30.00001 -16 -10
v -38.00002 -24 -9.999995
v -38.00002 -16 -9.999995
v -30.00001 -24 -10
v -38.00002 -30 -9.999995
v -30.00001 -30 -10
v -30.00001 -30 -7.000001
v -30.00001 -30 -10
v -30.00001 -24 -10
v -30.00001 -25 -7.000001
v -30.00001 -16 -10
v -30.00001 -16 -7.000001
v -38.00002 -24 -9.999995
v -38.00001 -30 -6.999992
v -38.00001 -25 -6.999992
v -38.00002 -30 -9.999995
v -38.00002 -16 -9.999995
v -38.00001 -16 -6.999996
v -30 -30 1.999997
v -30 -30 -1.000001
v -30 -25 -1.000001
v -30 -24 1.999997
v -30 -16 -1.000001
v -30 -16 1.999997
v -38 -25 -0.9999937
v -38 -30 2.000009
v -38 -24 2.00001
v -38 -30 -0.9999937
v -38 -16 -0.9999958
v -38 -16 2.000009
v -30 -24 -2.000001
v -30 -16 -2.000001
v -38 -16 -1.999996
v -38 -24 -1.999993
v -30.00001 -24 -6.000001
v -30.00001 -16 -6.000001
v -38.00001 -16 -5.999996
v -38.00001 -24 -5.999992
v -30 -24 -2.000001
v -30 -25 -1.000001
v -38 -24 -1.999993
v -38 -25 -0.9999937
v -30.00001 -25 -7.000001
v -30.00001 -24 -6.000001
v -38.00001 -25 -6.999992
v -38.00001 -24 -5.999992
v -30.00001 -24 -6.000001
v -30 -24 -2.000001
v -38.00001 -24 -5.999992
v -38 -24 -1.999993
v -30.00001 -30 -7.000001
v -30.00001 -25 -7.000001
v -38.00001 -30 -6.999992
v -38.00001 -25 -6.999992
v -30 -25 -1.000001
v -30 -30 -1.000001
v -38 -25 -0.9999937
v -38 -30 -0.9999937
f 848 849 850
f 849 851 850
f 852 853 854
f 853 855 854
f 856 857 858
f 857 859 858
f 860 861 862
f 860 862 863
f 864 859 857
f 864 865 859
f 866 867 865
f 864 866 865
f 863 862 868
f 869 863 868
f 869 868 867
f 866 869 867
f 870 871 872
f 873 870 872
f 874 875 876
f 877 874 876
f 878 879 880
f 878 881 879
f 882 883 884
f 882 885 883
f 886 887 888
f 887 889 888
f 890 891 892
f 891 893 892
f 888 894 895
f 886 888 895
f 896 890 897
f 896 891 890
f 898 897 899
f 898 896 897
f 900 901 902
f 903 900 902
f 903 902 871
f 870 903 871
f 904 905 906
f 907 904 906
f 907 906 875
f 874 907 875
f 908 909 910
f 908 911 909
f 881 910 879
f 881 908 910
f 912 913 914
f 912 915 913
f 916 914 917
f 916 912 914
f 918 919 903
f 920 918 903
f 920 903 921
f 922 920 921
f 923 924 925
f 923 926 924
f 926 927 924
f 926 928 927
f 929 930 931
f 932 929 931
f 932 931 933
f 934 932 933
f 935 936 937
f 935 938 936
f 939 937 940
f 939 935 937
f 941 942 943
f 944 941 943
f 944 943 945
f 946 944 945
f 947 948 949
f 947 950 948
f 951 949 952
f 951 947 949
f 943 953 945
f 953 954 945
f 955 947 951
f 955 956 947
f 953 957 954
f 957 958 954
f 957 932 934
f 958 957 934
f 959 956 955
f 959 960 956
f 940 960 959
f 940 937 960
f 961 962 963
f 962 964 963
f 965 966 967
f 966 968 967
f 969 970 971
f 970 972 971
f 973 974 975
f 974 976 975
f 977 978 979
f 978 980 979
v -30 -20 11
v -22 -20 11
v -30 -18 12
v -22 -18 12
v -21 -20 11
v -21 -20 10
v -20 -18 12
v -20 -18 10
v -22 -20 10
v -30 -20 10
v -22 -18 10
v -30 -18 10
v -30 -20 10
v -30 -20 11
v -30 -18 10
v -30 -18 12
v -30 -18 12
v -22 -18 12
v -30 -18 10
v -22 -18 10
v -30 -20 10
v -22 -20 10
v -30 -20 11
v -22 -20 11
v -21 -20 11
v -21 -20 10
v -20 -18 12
v -21 -20 11
v -22 -20 2
v -22 -18 2
v -21 -20 2
v -20 -18 2
v -20 -18 10
v -20 -18 12
v -22 -20 10
v -22 -18 10
v -22 -20 2
v -22 -18 2
v -21 -20 2
v -22 -20 2
v -22 -18 2
v -20 -18 2
v -20 -18 2
v -21 -20 2
f 981 982 983
f 982 984 983
f 985 986 987
f 986 988 987
f 989 990 991
f 990 992 991
f 993 994 995
f 994 996 995
f 997 998 999
f 998 1000 999
f 1001 1002 1003
f 1002 1004 1003
f 1004 1002 1005
f 1002 1006 1005
f 984 982 1007
f 982 1008 1007
f 1009 1010 1011
f 1010 1012 1011
f 1000 998 1013
f 998 1014 1013
f 1015 1016 1017
f 1016 1018 1017
f 1006 1002 1019
f 1002 1020 1019
f 1000 1013 1021
f 1013 1022 1021
f 988 986 1023
f 986 1024 1023
v -31.4021 -30.04058 -14
v -31.4021 -30.04058 -17.12501
v -31.07439 -29.66295 -14
v -31.07439 -29.66295 -17.12501
v -31.4021 -30.04058 -17.12501
v -40.46522 -22.17546 -17.125
v -31.07439 -29.66295 -17.12501
v -40.1375 -21.79783 -17.125
v -40.46522 -22.17546 -17.125
v -40.46523 -22.17545 -14
v -40.1375 -21.79783 -17.125
v -40.13751 -21.79782 -14
v -40.46523 -22.17545 -14
v -31.4021 -30.04058 -14
v -40.13751 -21.79782 -14
v -31.07439 -29.66295 -14
v -31.07439 -29.66295 -14
v -31.07439 -29.66295 -17.12501
v -40.13751 -21.79782 -14
v -40.1375 -21.79783 -17.125
v -40.46523 -22.17545 -14
v -40.46522 -22.17546 -17.125
v -31.4021 -30.04058 -14
v -31.4021 -30.04058 -17.12501
f 1025 1026 1027
f 1026 1028 1027
f 1029 1030 1031
f 1030 1032 1031
f 1033 1034 1035
f 1034 1036 1035
f 1037 1038 1039
f 1038 1040 1039
f 1041 1042 1043
f 1042 1044 1043
f 1045 1046 1047
f 1046 1048 1047
v -10 -30 -6
v -6 -30 -10
v -6 -30 -6
v -10 -30 -10
v -10 -30 6
v -6 -30 6
v -10 -30 10
v -6 -30 10
v 6 -30 -6
v 10 -30 -10
v 10 -30 -6
v 6 -30 -10
v 6 -30 6
v 10 -30 6
v 6 -30 10
v 10 -30 10
v 10 -15 -5
v 10 -15 5
v 15 -15 -5
v 15 -15 5
v -6 -2 -10
v -10 -2 -10
v -10 -2 -6
v -6 -2 -7
v -10 -2 6
v -6 -2 7
v -10 -2 10
v -6 -2 10
v 10 -2 -10
v 6 -2 -10
v 6 -2 -7
v 10 -2 -6
v 6 -2 7
v 10 -2 6
v 6 -1 -6
v -6 -1 -6
v -6 -1 6
v 6 -1 6
v 6 -2 10
v 10 -2 10
v 8 -2 -8
v -8 -2 -8
v 8 -2 -8
v -8 -2 -8
v -8 -2 -8
v 8 -2 -8
v -8 -2 -8
v -8 -2 8
v -8 -2 -8
v -8 -2 8
v -8 -2 8
v -8 -2 -8
v 8 -2 8
v 8 -2 -8
v 8 -2 8
v 8 -2 -8
v 8 -2 -8
v 8 -2 8
v -8 -2 8
v 8 -2 8
v -8 -2 8
v 8 -2 8
v 8 -2 8
v -8 -2 8
v 6 -2 7
v 6 -2 -7
v 8 -2 8
v 8 -2 -8
v 6 -1 6
v -6 -1 6
v 8 -2 8
v -8 -2 8
v 6 -1 -6
v 6 -1 6
v 8 -2 -8
v 8 -2 8
v -6 -2 -7
v -8 -2 -8
v -6 -1 -6
v 6 -1 -6
v -8 -2 -8
v 8 -2 -8
v -6 -2 7
v -8 -2 8
v -6 -1 6
v -6 -1 -6
v -8 -2 8
v -8 -2 -8
v 0 -22 -10
v -6 -22 -10
v 0 -22 -7.5
v -6 -22 -7.5
v 10 -16 -6
v 10 -16 -10
v 10 -14 -10
v 10 -14 -6
v 10 -2 -10
v 10 -2 -6
v -10 -14 -10
v -10 -16 -6
v -10 -14 -6
v -10 -16 -10
v -10 -2 -10
v -10 -2 -6
v 10 -16 10
v 10 -16 6
v 10 -14 6
v 10 -14 10
v 16 -16 6
v 16 -16 -6
v 16 -14 -6
v 16 -14 6
v 10 -2 6
v 10 -2 10
v -10 -14 6
v -10 -16 10
v -10 -14 10
v -10 -16 6
v -10 -2 6
v -10 -2 10
v 10 -16 6
v 10 -16 -6
v 16 -16 6
v 16 -16 -6
v 10 -16 -6
v 10 -14 -6
v 16 -16 -6
v 16 -14 -6
v 10 -14 6
v 10 -16 6
v 16 -14 6
v 16 -16 6
v 10 -14 -6
v 10 -14 6
v 10 -14 -5
v 10 -14 6
v 10 -14 5
v 10 -14 -5
v 16 -14 -6
v 10 -14 -6
v 15 -14 -5
v 10 -14 -5
v 10 -14 6
v 16 -14 6
v 10 -14 5
v 15 -14 5
v 10 -14 -5
v 10 -14 5
v 10 -15 -5
v 10 -15 5
v 15 -14 -5
v 10 -14 -5
v 15 -15 -5
v 10 -15 -5
v 10 -14 5
v 15 -14 5
v 10 -15 5
v 15 -15 5
v 15 -14 5
v 15 -14 -5
v 15 -15 5
v 15 -15 -5
v -10 -16 10
v -6 -16 10
v -6 -14 10
v -10 -14 10
v -6 -2 10
v -10 -2 10
v -6 -14 -10
v -10 -16 -10
v -10 -14 -10
v -6 -16 -10
v -6 -2 -10
v -10 -2 -10
v 6 -16 10
v 6 -14 10
v 10 -16 10
v 10 -14 10
v 6 -2 10
v 10 -2 10
v 6 -14 -10
v 0 -16 -10
v 10 -14 -10
v 10 -16 -10
v 6 -2 -10
v 10 -2 -10
v 10 -30 -6
v 10 -30 -10
v 10 -22 -10
v 10 -22 -6
v -10 -22 -10
v -10 -30 -6
v -10 -22 -6
v -10 -30 -10
v 10 -30 10
v 10 -30 6
v 10 -22 6
v 10 -22 10
v -10 -22 6
v -10 -30 10
v -10 -22 10
v -10 -30 6
v -10 -30 10
v -6 -30 10
v -6 -22 10
v -10 -22 10
v -6 -22 -10
v -10 -30 -10
v -10 -22 -10
v -6 -30 -10
v 6 -30 10
v 6 -22 10
v 10 -30 10
v 10 -22 10
v 0 -22 -10
v 6 -30 -10
v 0 -16 -7.5
v -6 -22 -7.5
v -6 -16 -7.5
v 0 -22 -7.5
v 10 -22 -10
v 10 -30 -10
v -6 -22 -10
v -6 -16 -10
v -6 -22 -7.5
v -6 -16 -7.5
v -6 -16 -10
v 0 -16 -10
v -6 -16 -7.5
v 0 -16 -7.5
v 0 -16 -10
v 0 -22 -10
v 0 -16 -7.5
v 0 -22 -7.5
f 1049 1050 1051
f 1049 1052 1050
f 1053 1051 1054
f 1053 1049 1051
f 1055 1054 1056
f 1055 1053 1054
f 1057 1058 1059
f 1057 1060 1058
f 1051 1060 1057
f 1051 1050 1060
f 1061 1059 1062
f 1061 1057 1059
f 1054 1057 1061
f 1054 1051 1057
f 1063 1062 1064
f 1063 1061 1062
f 1056 1061 1063
f 1056 1054 1061
f 1065 1066 1067
f 1066 1068 1067
f 1069 1070 1071
f 1072 1069 1071
f 1072 1071 1073
f 1074 1072 1073
f 1074 1073 1075
f 1076 1074 1075
f 1077 1078 1079
f 1080 1077 1079
f 1078 1069 1072
f 1079 1078 1072
f 1080 1079 1081
f 1082 1080 1081
f 1083 1084 1085
f 1086 1083 1085
f 1082 1081 1087
f 1088 1082 1087
f 1081 1074 1076
f 1087 1081 1076
f 1089 1090 1091
f 1092 1093 1094
f 1095 1096 1097
f 1098 1099 1100
f 1101 1102 1103
f 1104 1105 1106
f 1107 1108 1109
f 1110 1111 1112
f 1113 1114 1115
f 1114 1116 1115
f 1117 1118 1119
f 1118 1120 1119
f 1121 1122 1123
f 1122 1124 1123
f 1114 1125 1116
f 1125 1126 1116
f 1127 1128 1129
f 1128 1130 1129
f 1125 1131 1126
f 1131 1132 1126
f 1133 1134 1135
f 1134 1136 1135
f 1131 1113 1132
f 1113 1115 1132
f 1137 1138 1139
f 1138 1140 1139
f 1141 1142 1143
f 1144 1141 1143
f 1144 1143 1145
f 1146 1144 1145
f 1147 1148 1149
f 1147 1150 1148
f 1151 1149 1152
f 1151 1147 1149
f 1153 1154 1155
f 1156 1153 1155
f 1157 1158 1159
f 1160 1157 1159
f 1156 1155 1161
f 1162 1156 1161
f 1155 1144 1146
f 1161 1155 1146
f 1163 1164 1165
f 1163 1166 1164
f 1149 1166 1163
f 1149 1148 1166
f 1167 1165 1168
f 1167 1163 1165
f 1152 1163 1167
f 1152 1149 1163
f 1169 1170 1171
f 1170 1172 1171
f 1173 1174 1175
f 1174 1176 1175
f 1177 1178 1179
f 1178 1180 1179
f 1181 1182 1183
f 1184 1185 1186
f 1187 1188 1189
f 1188 1190 1189
f 1191 1192 1193
f 1192 1194 1193
f 1192 1187 1194
f 1187 1189 1194
f 1195 1196 1197
f 1196 1198 1197
f 1199 1200 1201
f 1200 1202 1201
f 1203 1204 1205
f 1204 1206 1205
f 1207 1208 1209
f 1208 1210 1209
f 1211 1212 1213
f 1214 1211 1213
f 1214 1213 1215
f 1216 1214 1215
f 1217 1218 1219
f 1217 1220 1218
f 1221 1219 1222
f 1221 1217 1219
f 1212 1223 1224
f 1213 1212 1224
f 1223 1225 1226
f 1224 1223 1226
f 1213 1224 1227
f 1215 1213 1227
f 1224 1226 1228
f 1227 1224 1228
f 1229 1220 1217
f 1229 1230 1220
f 1231 1230 1229
f 1231 1232 1230
f 1233 1217 1221
f 1233 1229 1217
f 1234 1229 1233
f 1234 1231 1229
f 1235 1236 1237
f 1238 1235 1237
f 1238 1237 1142
f 1141 1238 1142
f 1239 1240 1241
f 1239 1242 1240
f 1150 1241 1148
f 1150 1239 1241
f 1243 1244 1245
f 1246 1243 1245
f 1246 1245 1154
f 1153 1246 1154
f 1244 1235 1238
f 1245 1244 1238
f 1245 1238 1141
f 1154 1245 1141
f 1247 1248 1249
f 1247 1250 1248
f 1166 1249 1164
f 1166 1247 1249
f 1241 1250 1247
f 1241 1240 1250
f 1148 1247 1166
f 1148 1241 1247
f 1251 1252 1253
f 1254 1251 1253
f 1254 1253 1212
f 1211 1254 1212
f 1255 1256 1257
f 1255 1258 1256
f 1220 1257 1218
f 1220 1255 1257
f 1252 1259 1260
f 1253 1252 1260
f 1253 1260 1223
f 1212 1253 1223
f 1259 1261 1262
f 1260 1259 1262
f 1260 1262 1225
f 1223 1260 1225
f 1263 1258 1255
f 1263 1264 1258
f 1265 1266 1267
f 1265 1268 1266
f 1269 1264 1263
f 1269 1270 1264
f 1232 1263 1230
f 1232 1269 1263
f 1271 1272 1273
f 1272 1274 1273
f 1275 1276 1277
f 1276 1278 1277
f 1279 1280 1281
f 1280 1282 1281
v 18 -30 -40
v 28 -30 -40
v 18 -30 -32
v 28 -30 -32
v 34 -30 -32
v 34 -30 -40
v 40 -30 -32
v 40 -30 -40
v 34 -30 -26
v 40 -30 -26
v 18 -30 -32
v 28 -30 -32
v 28 -26 -32
v 18 -26 -32
v 28 -12 -32
v 18 -12 -32
v 40 -30 -32
v 40 -30 -40
v 40 -24 -40
v 40 -24 -32
v 40 -8 -40
v 40 -8 -32
v 28 -26 -40
v 18 -30 -40
v 18 -26 -40
v 28 -30 -40
v 28 -12 -40
v 18 -12 -40
v 18 -26 -40
v 18 -30 -32
v 18 -26 -32
v 18 -30 -40
v 18 -12 -40
v 18 -12 -32
v 34 -24 -32
v 34 -8 -32
v 34 -30 -32
v 34 -24 -40
v 34 -30 -40
v 34 -8 -40
v 34 -24 -26
v 40 -24 -26
v 40 -8 -26
v 34 -8 -26
v 34 -30 -20
v 40 -30 -20
v 40 -29 -20
v 34 -29 -20
v 40 -24 -40
v 40 -30 -40
v 40 -8 -40
v 34 -8 -32
v 34 -24 -26
v 34 -8 -26
v 34 -24 -32
v 34 -30 -26
v 34 -30 -32
v 40 -30 -26
v 40 -24 -26
v 40 -8 -26
v 34 -30 -20
v 40 -30 -20
v 40 -30 -20
v 40 -29 -20
v 34 -29 -20
v 34 -30 -20
v 40 -24 -26
v 34 -24 -26
v 40 -29 -20
v 34 -29 -20
v 18 -12 -32
v 28 -12 -32
v 18 -12 -40
v 28 -12 -40
v 28 -12 -40
v 28 -12 -32
v 34 -8 -40
v 34 -8 -32
v 34 -8 -40
v 34 -8 -32
v 40 -8 -40
v 40 -8 -32
v 40 -8 -26
v 34 -8 -26
f 1283 1284 1285
f 1284 1286 1285
f 1286 1284 1287
f 1284 1288 1287
f 1287 1288 1289
f 1288 1290 1289
f 1287 1289 1291
f 1289 1292 1291
f 1293 1294 1295
f 1296 1293 1295
f 1296 1295 1297
f 1298 1296 1297
f 1299 1300 1301
f 1302 1299 1301
f 1302 1301 1303
f 1304 1302 1303
f 1305 1306 1307
f 1305 1308 1306
f 1309 1307 1310
f 1309 1305 1307
f 1311 1312 1313
f 1311 1314 1312
f 1315 1313 1316
f 1315 1311 1313
f 1297 1295 1317
f 1297 1317 1318
f 1295 1294 1319
f 1295 1319 1317
f 1320 1321 1305
f 1321 1308 1305
f 1322 1320 1309
f 1320 1305 1309
f 1323 1324 1325
f 1326 1323 1325
f 1327 1328 1329
f 1330 1327 1329
f 1331 1321 1320
f 1331 1332 1321
f 1333 1320 1322
f 1333 1331 1320
f 1334 1335 1336
f 1334 1337 1335
f 1337 1338 1335
f 1337 1339 1338
f 1340 1299 1302
f 1341 1340 1302
f 1341 1302 1304
f 1342 1341 1304
f 1291 1292 1343
f 1292 1344 1343
f 1340 1341 1345
f 1341 1346 1345
f 1335 1338 1347
f 1338 1348 1347
f 1349 1350 1351
f 1350 1352 1351
f 1353 1354 1355
f 1354 1356 1355
f 1357 1358 1359
f 1358 1360 1359
f 1361 1362 1363
f 1362 1364 1363
f 1364 1362 1365
f 1362 1366 1365
v -3 -19 40.00021
v -3 -19 36
v -4.999746 -19 40.00043
v -5.000264 -19 36
v -3 -19 26
v -3 -19 22
v -5.000263 -19 22
v -5.000264 -19 26
v 5.000254 -19 40
v 4.999736 -19 36
v 3 -19 40.00011
v 3 -19 36
v 4.999736 -19 26
v 4.999736 -19 22
v 3 -19 26
v 3 -19 22
v -3 -19 28
v -5.000264 -19 28
v 4.999736 -19 28
v 3 -19 28
v 3 -3 25.99999
v -3 -3 28
v 3 -3 28
v -3 -3 25.99999
v -3 -19 34
v -5.000265 -19 34
v 4.999736 -19 34
v 3 -19 34
v 3 -3 34
v -3 -3 36
v 3 -3 36
v -3 -3 34
v -5.000264 -30 36
v -4.999746 -30 40.00043
v -5.000264 -24 36
v -4.999746 -22 40.00043
v 5.000254 -30 40
v 4.999736 -30 36
v 5.000254 -22 40
v 4.999736 -24 36
v -5.000264 -19 36
v -4.999746 -19 40.00043
v 5.000254 -19 40
v 4.999736 -19 36
v 4.999736 -19 26
v 4.999736 -24 26
v 4.999736 -19 22
v 4.999736 -22 22
v -5.000264 -24 26
v -5.000264 -19 26
v -5.000263 -22 22
v -5.000263 -19 22
v 4.999736 -30 22
v 4.999736 -30 26
v -5.000264 -30 26
v -5.000263 -30 22
v -4.999746 -30 40.00043
v -3 -30 40.00022
v -3 -22 40.00022
v -4.999746 -22 40.00043
v -3 -24 36
v -5.000264 -30 36
v -5.000264 -24 36
v -3 -30 36
v -5.000264 -30 36
v -3 -30 36
v -4.999746 -30 40.00043
v -3 -30 40.00022
v -3 -19 22
v -5.000263 -22 22
v -5.000263 -19 22
v -3 -22 22
v -3 -19 40.00021
v -4.999746 -19 40.00043
v -5.000264 -30 26
v -5.000263 -30 22
v -3 -30 25.99999
v -3 -30 22
v -5.000264 -30 26
v -3 -30 25.99999
v -3 -24 25.99999
v -5.000264 -24 26
v -5.000263 -30 22
v -3 -30 22
v 3 -30 40.00011
v 3 -22 40.00011
v 5.000254 -30 40
v 5.000254 -22 40
v 3 -24 36
v 3 -30 36
v 4.999736 -24 36
v 4.999736 -30 36
v 3 -30 36
v 3 -30 40.00011
v 4.999736 -30 36
v 5.000254 -30 40
v 3 -19 22
v 3 -22 22
v 4.999736 -19 22
v 4.999736 -22 22
v 3 -19 40.00011
v 5.000254 -19 40
v 3 -30 22
v 3 -30 25.99999
v 4.999736 -30 22
v 4.999736 -30 26
v 3 -30 25.99999
v 3 -24 25.99999
v 4.999736 -30 26
v 4.999736 -24 26
v 3 -30 22
v 4.999736 -30 22
v -3 -16 36
v 3 -16 36
v 3 -3 36
v -3 -3 36
v 3 -3 25.99999
v -3 -16 25.99999
v -3 -3 25.99999
v 3 -16 25.99999
v -3 -19 26
v -3 -16 25.99999
v -3 -19 24
v -3 -16 25.99999
v 3 -16 25.99999
v -3 -19 24
v 3 -19 24
v 3 -16 25.99999
v 3 -19 26
v 3 -19 24
v 3 -19 26
v -3 -19 26
v 3 -19 24
v -3 -19 24
v -3 -19 36
v 3 -19 36
v -2.999999 -19 38
v 3 -19 38
v 3 -19 36
v 3 -16 36
v 3 -19 38
v -3 -16 36
v -3 -19 36
v -2.999999 -19 38
v 3 -16 36
v -3 -16 36
v 3 -19 38
v -2.999999 -19 38
v 4.999736 -19 28
v 4.999736 -22 28
v -5.000264 -22 28
v -5.000264 -19 28
v -5.000264 -22 28
v -5.000264 -24 26
v -3 -22 28
v -3 -24 25.99999
v 3 -24 25.99999
v 3 -22 28
v 4.999736 -24 26
v 4.999736 -22 28
v 3 -16 28
v 3 -19 28
v 3 -3 28
v 3 -3 25.99999
v -3 -16 28
v -3 -19 28
v -3 -3 25.99999
v -3 -3 28
v 4.999736 -19 34
v 4.999736 -22 34
v 4.999736 -19 36
v 4.999736 -24 36
v -5.000265 -22 34
v -5.000265 -19 34
v -5.000264 -24 36
v -5.000264 -19 36
v -5.000265 -22 34
v -3 -22 34
v -5.000264 -24 36
v -3 -24 36
v -5.000264 -22 28
v -3 -22 28
v -5.000265 -22 34
v -3 -22 34
v 3 -22 34
v 3 -24 36
v 3 -22 34
v 3 -22 28
v 4.999736 -22 28
v 4.999736 -22 34
v 4.999736 -22 34
v 4.999736 -24 36
v 3 -16 34
v 3 -19 34
v 3 -3 34
v 3 -3 36
v -3 -19 34
v -3 -16 34
v -3 -3 34
v -3 -3 36
f 1367 1368 1369
f 1369 1368 1370
f 1371 1372 1373
f 1371 1373 1374
f 1375 1376 1377
f 1377 1376 1378
f 1377 1378 1367
f 1367 1378 1368
f 1379 1380 1381
f 1381 1380 1382
f 1381 1382 1371
f 1371 1382 1372
f 1383 1371 1374
f 1383 1374 1384
f 1385 1379 1386
f 1386 1379 1381
f 1387 1388 1389
f 1387 1390 1388
f 1368 1391 1370
f 1370 1391 1392
f 1391 1383 1392
f 1392 1383 1384
f 1376 1393 1378
f 1378 1393 1394
f 1393 1385 1394
f 1394 1385 1386
f 1395 1396 1397
f 1395 1398 1396
f 1395 1389 1388
f 1395 1388 1398
f 1399 1400 1401
f 1400 1402 1401
f 1403 1404 1405
f 1404 1406 1405
f 1401 1402 1407
f 1402 1408 1407
f 1405 1406 1409
f 1406 1410 1409
f 1411 1412 1413
f 1412 1414 1413
f 1415 1416 1417
f 1416 1418 1417
f 1414 1412 1419
f 1412 1420 1419
f 1415 1417 1421
f 1417 1422 1421
f 1423 1424 1425
f 1426 1423 1425
f 1427 1428 1429
f 1427 1430 1428
f 1431 1432 1433
f 1432 1434 1433
f 1435 1436 1437
f 1435 1438 1436
f 1426 1425 1439
f 1440 1426 1439
f 1441 1442 1443
f 1442 1444 1443
f 1445 1446 1447
f 1448 1445 1447
f 1438 1449 1436
f 1438 1450 1449
f 1424 1451 1425
f 1451 1452 1425
f 1451 1453 1454
f 1452 1451 1454
f 1427 1455 1456
f 1427 1456 1430
f 1457 1456 1455
f 1457 1458 1456
f 1432 1459 1434
f 1434 1459 1460
f 1459 1461 1460
f 1460 1461 1462
f 1435 1463 1464
f 1435 1464 1438
f 1465 1464 1463
f 1465 1466 1464
f 1425 1452 1467
f 1439 1425 1467
f 1467 1452 1468
f 1452 1454 1468
f 1444 1469 1443
f 1443 1469 1470
f 1469 1471 1470
f 1470 1471 1472
f 1446 1473 1447
f 1473 1474 1447
f 1473 1475 1474
f 1475 1476 1474
f 1438 1464 1477
f 1438 1477 1450
f 1466 1477 1464
f 1466 1478 1477
f 1479 1480 1481
f 1482 1479 1481
f 1483 1484 1485
f 1483 1486 1484
f 1487 1488 1489
f 1490 1491 1492
f 1491 1493 1492
f 1494 1495 1496
f 1497 1498 1499
f 1498 1500 1499
f 1501 1502 1503
f 1502 1504 1503
f 1505 1506 1507
f 1508 1509 1510
f 1511 1512 1513
f 1512 1514 1513
f 1515 1412 1411
f 1515 1516 1412
f 1415 1517 1518
f 1416 1415 1518
f 1519 1520 1521
f 1520 1522 1521
f 1521 1522 1523
f 1524 1521 1523
f 1523 1525 1524
f 1524 1525 1526
f 1527 1528 1495
f 1527 1495 1494
f 1529 1527 1530
f 1530 1527 1494
f 1488 1487 1531
f 1487 1532 1531
f 1488 1531 1533
f 1533 1531 1534
f 1535 1516 1515
f 1535 1536 1516
f 1537 1536 1535
f 1537 1538 1536
f 1517 1539 1540
f 1518 1517 1540
f 1539 1541 1542
f 1540 1539 1542
f 1543 1544 1545
f 1545 1544 1546
f 1547 1548 1549
f 1549 1548 1550
f 1546 1544 1551
f 1552 1546 1551
f 1550 1548 1553
f 1548 1554 1553
f 1554 1555 1553
f 1553 1555 1556
f 1551 1557 1552
f 1552 1557 1558
f 1559 1528 1527
f 1559 1560 1528
f 1506 1560 1559
f 1506 1505 1560
f 1529 1561 1559
f 1529 1559 1527
f 1562 1559 1561
f 1562 1506 1559
f 1532 1563 1564
f 1531 1532 1564
f 1563 1509 1508
f 1564 1563 1508
f 1531 1564 1565
f 1534 1531 1565
f 1564 1508 1566
f 1565 1564 1566
v 25 -16 6
v 25 -22 16
v 25 -16 16
v 25 -22 6
v 36 -22 16
v 36 -22 6
v 36 -16 6
v 36 -16 16
v 25 -16 -6
v 23 -22 -6
v 23 -18 -6
v 25 -22 -6
v 23 -22 6
v 25 -22 6
v 25 -16 6
v 23 -18 6
v 19 -22 -6
v 19 -18 -6
v 19 -22 6
v 19 -18 6
v 25 -30 6
v 25 -30 16
v 19 -30 6
v 19 -30 16
v 19 -22 16
v 25 -22 16
v 20 -22 15
v 25 -22 15
v 19 -22 6
v 20 -22 6
v 25 -22 15
v 25 -23 15
v 25 -23 6
v 20 -22 15
v 25 -22 15
v 20 -23 15
v 25 -23 15
v 20 -22 6
v 25 -23 6
v 20 -23 6
v 20 -22 6
v 20 -22 15
v 20 -23 6
v 20 -23 15
v 27 -30 6
v 27 -30 16
v 25 -22 16
v 27 -22 16
v 27 -16 16
v 25 -16 16
v 27 -16 -6
v 27 -22 -6
v 31 -30 16
v 33 -30 6
v 33 -30 16
v 31 -30 6
v 31 -22 16
v 33 -22 16
v 33 -16 16
v 31 -16 16
v 33 -16 -6
v 31 -22 -6
v 31 -16 -6
v 33 -23 -6
v 19 -24 6
v 19 -30 16
v 19 -24 16
v 19 -30 6
v 19 -22 6
v 19 -22 16
v 36 -24 16
v 36 -24 6
v 25 -24 -6
v 23 -30 -6
v 23 -24 -6
v 25 -30 -6
v 23 -30 6
v 25 -30 6
v 25 -24 6
v 23 -24 6
v 19 -30 -6
v 19 -24 -6
v 19 -30 6
v 19 -24 6
v 19 -30 16
v 25 -30 16
v 25 -24 16
v 19 -24 16
v 19 -22 16
v 25 -22 6
v 19 -24 6
v 19 -22 6
v 25 -24 6
v 19 -30 6
v 25 -30 6
v 27 -30 16
v 27 -25 16
v 27 -25 -6
v 27 -30 -6
v 31 -25 16
v 33 -24 16
v 31 -25 -6
v 34 -25 -6
v 28 -22 16
v 28 -16 16
v 28 -16 -6
v 28 -22 -6
v 28 -24 16
v 28 -24 -6
v 30 -22 16
v 30 -16 16
v 30 -16 -6
v 30 -22 -6
v 30 -24 16
v 30 -24 -6
v 23 -30 6
v 25 -30 2
v 23 -30 2
v 19 -30 2
v 36 -22 2
v 36 -16 2
v 19 -18 2
v 19 -18 6
v 19 -22 2
v 25 -30 6
v 27 -30 2
v 27 -30 6
v 25 -30 2
v 31 -30 6
v 33 -30 2
v 33 -30 6
v 31 -30 2
v 36 -24 2
v 19 -25 2
v 19 -30 2
v 23 -30 -2
v 25 -30 -6
v 25 -30 -2
v 23 -30 -6
v 19 -30 -2
v 19 -30 -6
v 36 -22 -2
v 36 -23 -6
v 36 -16 -6
v 36 -16 -2
v 19 -18 -6
v 19 -22 -2
v 19 -18 -2
v 19 -22 -6
v 25 -30 -2
v 27 -30 -6
v 27 -30 -2
v 25 -30 -6
v 31 -30 -2
v 33 -31 -6
v 33 -30 -2
v 31 -31 -6
v 36 -24 -2
v 36 -25 -6
v 19 -24 -6
v 19 -30 -2
v 19 -25 -2
v 19 -30 -6
v 23 -30 -1
v 25 -30 -1
v 19 -30 -1
v 36 -22 -1
v 36 -16 -1
v 19 -22 -1
v 19 -18 -1
v 25 -30 -1
v 27 -30 -1
v 31 -30 -1
v 33 -30 -2
v 33 -30 -1
v 31 -30 -2
v 36 -24 -1
v 19 -25 -1
v 23 -30 1
v 25 -30 1
v 19 -30 1
v 36 -22 1
v 36 -16 1
v 19 -18 1
v 19 -22 1
v 25 -30 1
v 27 -30 1
v 31 -30 1
v 33 -30 1
v 36 -24 1
v 19 -25 1
v 19 -25 -1
v 19 -25 -2
v 27 -25 -1
v 27 -25 -2
v 19 -25 -2
v 19 -30 -2
v 27 -25 -2
v 27 -30 -2
v 19 -25 1
v 27 -25 1
v 19 -30 2
v 19 -25 2
v 27 -30 2
v 27 -25 2
v 19 -25 2
v 27 -25 2
v 31 -25 -2
v 30 -24 -2
v 30 -24 -6
v 31 -25 -6
v 28 -24 -2
v 30 -24 -6
v 30 -24 -2
v 28 -24 -6
v 27 -30 -2
v 27 -30 -6
v 27 -25 -6
v 27 -25 -2
v 28 -24 -2
v 27 -25 -2
v 27 -25 -6
v 28 -24 -6
v 31 -25 16
v 30 -24 16
v 30 -24 2
v 31 -25 2
v 28 -24 2
v 30 -24 2
v 28 -24 16
v 30 -24 16
v 27 -30 16
v 27 -30 2
v 27 -25 2
v 27 -25 16
v 27 -25 16
v 28 -24 2
v 28 -24 16
v 27 -25 2
v 31 -25 -6
v 34 -25 -6
v 33 -23 -6
v 33 -25 -12
v 31 -25 -12
v 33 -23 -12
v 31 -31 -6
v 33 -31 -11
v 33 -31 -6
v 31 -31 -11
v 33 -31 -12
v 31 -31 -12
v 33 -23 -12
v 31 -25 -12
v 33 -23 -11
v 31 -25 -11
v 33 -23 -6
v 31 -25 -6
v 36 -25 -11
v 36 -23 -11
v 36 -25 -12
v 36 -23 -12
v 26 -31 -12
v 26 -31 -11
v 36 -30 16
v 36 -30 6
v 36 -28 6
v 36 -28 16
v 31 -28 16
v 31 -30 16
v 33 -30 16
v 33 -28 16
v 33 -30 -15
v 31 -31 -15
v 31 -30 -15
v 33 -31 -15
v 31 -28 -12
v 33 -28 -12
v 36 -30 2
v 36 -28 2
v 36 -30 -2
v 36 -31 -6
v 36 -28 -6
v 36 -28 -2
v 36 -30 -1
v 36 -28 -1
v 36 -30 1
v 36 -28 1
v 31 -28 -6
v 31 -30 -2
v 31 -28 -2
v 31 -31 -6
v 31 -25 -6
v 31 -25 -2
v 31 -28 2
v 31 -30 16
v 31 -28 16
v 31 -30 2
v 31 -25 2
v 31 -25 16
v 31 -28 -11
v 31 -31 -11
v 31 -25 -11
v 26 -28 -12
v 26 -31 -11
v 26 -28 -11
v 26 -31 -12
v 26 -25 -12
v 26 -25 -11
v 36 -31 -11
v 36 -28 -11
v 36 -31 -12
v 36 -28 -12
v 26 -31 -10
v 31 -31 -10
v 31 -30 -10
v 26 -30 -10
v 26 -28 -11
v 31 -28 -11
v 31 -25 -11
v 26 -25 -11
v 31 -25 -15
v 26 -28 -15
v 26 -25 -15
v 31 -28 -15
v 26 -31 -15
v 26 -31 -10
v 31 -31 -10
v 31 -31 -11
v 31 -28 -11
v 31 -31 -10
v 31 -30 -10
v 26 -30 -10
v 26 -31 -10
v 31 -28 -11
v 26 -28 -11
v 31 -30 -10
v 26 -30 -10
v 33 -30 -2
v 33 -31 -6
v 36 -30 -2
v 36 -31 -6
v 36 -31 -15
v 36 -30 -15
v 36 -31 -6
v 36 -31 -11
v 36 -23 -6
v 36 -16 -6
v 36 -31 -12
v 36 -25 -12
v 36 -23 -12
v 36 -16 16
v 36 -22 16
v 36 -28 -12
v 33 -30 2
v 36 -30 6
v 36 -30 2
v 36 -30 16
v 36 -24 16
v 36 -28 16
v 36 -30 16
v 33 -30 1
v 36 -30 1
v 33 -30 -1
v 36 -30 -1
v 33 -30 -2
v 36 -30 -2
v 33 -31 -15
v 31 -31 -15
v 36 -31 -15
v 33 -28 -12
v 36 -28 -12
v 33 -30 -15
v 36 -30 -15
v 36 -30 -15
v 36 -31 -15
v 31 -31 -12
v 31 -28 -12
v 31 -31 -15
v 31 -30 -15
v 31 -28 -12
v 31 -30 -15
v 26 -31 -15
v 26 -28 -15
v 31 -28 -12
v 31 -31 -12
v 31 -28 -15
v 31 -31 -15
v 26 -31 -15
v 26 -25 -15
v 31 -25 -12
v 31 -25 -15
v 25 -23 15
v 25 -23 6
v 20 -23 15
v 20 -23 6
v 31 -25 -11
v 31 -25 -12
v 26 -25 -11
v 26 -25 -12
v 33 -23 -12
v 33 -23 -11
v 36 -23 -12
v 36 -23 -11
v 33 -23 -6
v 36 -23 -6
v 26 -25 -15
v 31 -25 -15
v 27 -16 6
v 25 -16 6
v 25 -16 16
v 27 -16 16
v 33 -16 6
v 31 -16 6
v 31 -16 16
v 33 -16 16
v 28 -16 6
v 28 -16 16
v 30 -16 6
v 30 -16 16
v 25 -16 2
v 23 -18 2
v 25 -16 6
v 23 -18 6
v 23 -18 2
v 19 -18 2
v 19 -18 6
v 23 -18 6
v 27 -16 2
v 25 -16 2
v 33 -16 2
v 31 -16 2
v 28 -16 2
v 30 -16 2
v 25 -16 -6
v 23 -18 -6
v 23 -18 -2
v 25 -16 -2
v 23 -18 -6
v 19 -18 -6
v 19 -18 -2
v 23 -18 -2
v 27 -16 -6
v 25 -16 -6
v 25 -16 -2
v 27 -16 -2
v 33 -16 -6
v 31 -16 -6
v 31 -16 -2
v 33 -16 -2
v 28 -16 -6
v 28 -16 -2
v 30 -16 -6
v 30 -16 -2
v 23 -18 -1
v 25 -16 -1
v 19 -18 -1
v 23 -18 -1
v 25 -16 -1
v 27 -16 -1
v 31 -16 -1
v 33 -16 -1
v 28 -16 -1
v 30 -16 -1
v 23 -18 1
v 25 -16 1
v 19 -18 1
v 23 -18 1
v 25 -16 1
v 27 -16 1
v 31 -16 1
v 33 -16 1
v 28 -16 1
v 30 -16 1
v 36 -16 -6
v 36 -16 -2
v 36 -16 -1
v 36 -16 1
v 36 -16 2
v 36 -16 6
v 36 -16 16
f 1567 1568 1569
f 1567 1570 1568
f 1571 1572 1573
f 1574 1571 1573
f 1575 1576 1577
f 1575 1578 1576
f 1579 1580 1581
f 1582 1579 1581
f 1577 1583 1584
f 1577 1576 1583
f 1585 1579 1582
f 1586 1585 1582
f 1587 1588 1589
f 1588 1590 1589
f 1591 1592 1593
f 1592 1594 1593
f 1595 1591 1596
f 1591 1593 1596
f 1597 1570 1598
f 1570 1599 1598
f 1600 1601 1602
f 1601 1603 1602
f 1580 1604 1605
f 1604 1606 1605
f 1607 1608 1609
f 1608 1610 1609
f 1588 1611 1612
f 1588 1587 1611
f 1613 1614 1615
f 1616 1613 1615
f 1617 1578 1575
f 1617 1618 1578
f 1619 1620 1621
f 1619 1622 1620
f 1623 1624 1625
f 1626 1623 1625
f 1627 1628 1629
f 1627 1630 1628
f 1631 1632 1633
f 1631 1634 1632
f 1635 1633 1636
f 1635 1631 1633
f 1637 1638 1572
f 1571 1637 1572
f 1639 1640 1641
f 1639 1642 1640
f 1578 1641 1576
f 1578 1639 1641
f 1643 1644 1645
f 1646 1643 1645
f 1646 1645 1580
f 1579 1646 1580
f 1641 1647 1648
f 1641 1640 1647
f 1576 1648 1583
f 1576 1641 1648
f 1649 1643 1646
f 1650 1649 1646
f 1650 1646 1579
f 1585 1650 1579
f 1651 1652 1653
f 1654 1651 1653
f 1654 1653 1613
f 1655 1654 1613
f 1656 1657 1658
f 1656 1659 1657
f 1659 1660 1657
f 1659 1661 1660
f 1652 1662 1663
f 1653 1652 1663
f 1653 1663 1614
f 1613 1653 1614
f 1664 1642 1639
f 1664 1665 1642
f 1618 1639 1578
f 1618 1664 1639
f 1666 1667 1624
f 1623 1666 1624
f 1630 1668 1628
f 1630 1669 1668
f 1614 1670 1671
f 1615 1614 1671
f 1672 1618 1617
f 1672 1673 1618
f 1663 1674 1670
f 1614 1663 1670
f 1673 1664 1618
f 1673 1675 1664
f 1670 1676 1677
f 1671 1670 1677
f 1676 1623 1626
f 1677 1676 1626
f 1678 1673 1672
f 1678 1679 1673
f 1629 1679 1678
f 1629 1628 1679
f 1674 1680 1676
f 1670 1674 1676
f 1680 1666 1623
f 1676 1680 1623
f 1679 1675 1673
f 1679 1681 1675
f 1628 1681 1679
f 1628 1668 1681
f 1682 1683 1587
f 1682 1684 1683
f 1589 1684 1682
f 1589 1685 1684
f 1572 1686 1687
f 1573 1572 1687
f 1688 1635 1689
f 1688 1690 1635
f 1691 1692 1693
f 1691 1694 1692
f 1695 1696 1697
f 1695 1698 1696
f 1638 1699 1686
f 1572 1638 1686
f 1700 1634 1631
f 1700 1701 1634
f 1690 1631 1635
f 1690 1700 1631
f 1702 1703 1704
f 1702 1705 1703
f 1706 1705 1702
f 1706 1707 1705
f 1708 1709 1710
f 1711 1708 1710
f 1712 1713 1714
f 1712 1715 1713
f 1716 1717 1718
f 1716 1719 1717
f 1720 1721 1722
f 1720 1723 1721
f 1724 1725 1709
f 1708 1724 1709
f 1726 1727 1728
f 1726 1729 1727
f 1715 1728 1713
f 1715 1726 1728
f 1730 1704 1731
f 1730 1702 1704
f 1732 1702 1730
f 1732 1706 1702
f 1733 1708 1711
f 1734 1733 1711
f 1714 1735 1736
f 1714 1713 1735
f 1737 1718 1738
f 1737 1716 1718
f 1739 1740 1741
f 1739 1742 1740
f 1743 1724 1708
f 1733 1743 1708
f 1713 1744 1735
f 1713 1728 1744
f 1745 1731 1746
f 1745 1730 1731
f 1684 1746 1683
f 1684 1745 1746
f 1747 1730 1745
f 1747 1732 1730
f 1685 1745 1684
f 1685 1747 1745
f 1686 1748 1749
f 1687 1686 1749
f 1748 1733 1734
f 1749 1748 1734
f 1750 1690 1688
f 1750 1751 1690
f 1736 1751 1750
f 1736 1735 1751
f 1752 1738 1753
f 1752 1737 1738
f 1694 1753 1692
f 1694 1752 1753
f 1754 1741 1755
f 1754 1739 1741
f 1698 1755 1696
f 1698 1754 1755
f 1699 1756 1748
f 1686 1699 1748
f 1756 1743 1733
f 1748 1756 1733
f 1751 1700 1690
f 1751 1757 1700
f 1735 1757 1751
f 1735 1744 1757
f 1758 1759 1760
f 1759 1761 1760
f 1762 1763 1764
f 1763 1765 1764
f 1766 1758 1767
f 1758 1760 1767
f 1768 1769 1770
f 1769 1771 1770
f 1772 1766 1773
f 1766 1767 1773
f 1774 1775 1776
f 1774 1776 1777
f 1778 1779 1780
f 1778 1781 1779
f 1782 1783 1784
f 1785 1782 1784
f 1786 1787 1788
f 1786 1788 1789
f 1790 1791 1792
f 1790 1792 1793
f 1793 1792 1775
f 1793 1775 1774
f 1794 1780 1795
f 1794 1778 1780
f 1796 1795 1797
f 1796 1794 1795
f 1798 1799 1800
f 1801 1798 1800
f 1802 1803 1804
f 1802 1805 1803
f 1805 1786 1803
f 1805 1787 1786
f 1806 1807 1808
f 1809 1810 1811
f 1812 1813 1814
f 1812 1815 1813
f 1815 1816 1813
f 1815 1817 1816
f 1818 1819 1820
f 1819 1821 1820
f 1820 1821 1822
f 1821 1823 1822
f 1725 1824 1825
f 1709 1725 1825
f 1824 1826 1827
f 1825 1824 1827
f 1817 1815 1828
f 1815 1829 1828
f 1830 1831 1832
f 1833 1830 1832
f 1833 1832 1638
f 1637 1833 1638
f 1834 1835 1836
f 1834 1836 1837
f 1666 1834 1837
f 1666 1837 1667
f 1838 1839 1840
f 1838 1841 1839
f 1809 1842 1810
f 1809 1843 1842
f 1831 1844 1845
f 1832 1831 1845
f 1832 1845 1699
f 1638 1832 1699
f 1846 1847 1848
f 1849 1846 1848
f 1849 1848 1725
f 1724 1849 1725
f 1850 1846 1849
f 1851 1850 1849
f 1851 1849 1724
f 1743 1851 1724
f 1844 1852 1853
f 1845 1844 1853
f 1845 1853 1756
f 1699 1845 1756
f 1852 1850 1851
f 1853 1852 1851
f 1853 1851 1743
f 1756 1853 1743
f 1854 1855 1856
f 1854 1857 1855
f 1858 1856 1859
f 1858 1854 1856
f 1860 1861 1862
f 1860 1863 1861
f 1864 1862 1865
f 1864 1860 1862
f 1856 1863 1860
f 1856 1855 1863
f 1859 1860 1864
f 1859 1856 1860
f 1866 1857 1854
f 1866 1867 1857
f 1868 1854 1858
f 1868 1866 1854
f 1869 1870 1871
f 1869 1872 1870
f 1873 1871 1874
f 1873 1869 1871
f 1847 1875 1876
f 1848 1847 1876
f 1848 1876 1824
f 1725 1848 1824
f 1875 1877 1878
f 1876 1875 1878
f 1876 1878 1826
f 1824 1876 1826
f 1879 1880 1881
f 1882 1879 1881
f 1883 1884 1885
f 1886 1883 1885
f 1887 1888 1889
f 1887 1890 1888
f 1890 1891 1888
f 1890 1839 1891
f 1829 1815 1892
f 1815 1893 1892
f 1894 1895 1896
f 1895 1897 1896
f 1871 1870 1898
f 1870 1899 1898
f 1900 1901 1902
f 1901 1903 1902
f 1904 1905 1906
f 1905 1907 1906
f 1841 1838 1908
f 1838 1909 1908
f 1814 1813 1910
f 1813 1911 1910
f 1630 1627 1912
f 1627 1913 1912
f 1813 1816 1911
f 1816 1914 1911
f 1809 1811 1915
f 1811 1916 1915
f 1625 1624 1917
f 1624 1918 1917
f 1843 1809 1919
f 1809 1915 1919
f 1620 1920 1921
f 1920 1922 1921
f 1621 1620 1923
f 1620 1921 1923
f 1624 1667 1918
f 1667 1924 1918
f 1667 1837 1924
f 1837 1925 1924
f 1837 1836 1925
f 1836 1926 1925
f 1920 1927 1922
f 1927 1928 1922
f 1927 1929 1928
f 1929 1930 1928
f 1929 1931 1930
f 1931 1932 1930
f 1816 1817 1933
f 1817 1934 1933
f 1914 1816 1935
f 1816 1933 1935
f 1936 1937 1938
f 1937 1939 1938
f 1878 1877 1940
f 1877 1941 1940
f 1942 1943 1944
f 1943 1945 1944
f 1946 1936 1947
f 1936 1938 1947
f 1872 1869 1948
f 1869 1949 1948
f 1950 1951 1952
f 1951 1953 1952
f 1817 1828 1934
f 1828 1954 1934
f 1869 1873 1949
f 1873 1955 1949
f 1956 1950 1957
f 1950 1952 1957
f 1958 1959 1960
f 1959 1961 1960
f 1962 1963 1964
f 1963 1965 1964
f 1966 1967 1968
f 1967 1969 1968
f 1967 1970 1969
f 1970 1971 1969
f 1965 1963 1972
f 1963 1973 1972
f 1974 1975 1976
f 1977 1974 1976
f 1978 1979 1980
f 1981 1978 1980
f 1982 1974 1977
f 1983 1982 1977
f 1979 1984 1985
f 1980 1979 1985
f 1984 1982 1983
f 1985 1984 1983
f 1986 1987 1988
f 1987 1989 1988
f 1990 1991 1992
f 1993 1990 1992
f 1994 1995 1975
f 1974 1994 1975
f 1996 1997 1979
f 1978 1996 1979
f 1998 1994 1974
f 1982 1998 1974
f 1997 1999 1984
f 1979 1997 1984
f 1999 1998 1982
f 1984 1999 1982
f 2000 2001 2002
f 2003 2000 2002
f 2004 2005 2006
f 2007 2004 2006
f 2008 2009 2010
f 2011 2008 2010
f 2012 2013 2014
f 2015 2012 2014
f 2016 2008 2011
f 2017 2016 2011
f 2013 2018 2019
f 2014 2013 2019
f 2018 2016 2017
f 2019 2018 2017
f 2003 2002 2020
f 2021 2003 2020
f 2007 2006 2022
f 2023 2007 2022
f 2011 2010 2024
f 2025 2011 2024
f 2015 2014 2026
f 2027 2015 2026
f 2017 2011 2025
f 2028 2017 2025
f 2014 2019 2029
f 2026 2014 2029
f 2019 2017 2028
f 2029 2019 2028
f 2021 2020 2030
f 2031 2021 2030
f 2031 2030 1987
f 1986 2031 1987
f 2023 2022 2032
f 2033 2023 2032
f 2033 2032 1991
f 1990 2033 1991
f 2025 2024 2034
f 2035 2025 2034
f 2035 2034 1995
f 1994 2035 1995
f 2027 2026 2036
f 2037 2027 2036
f 2037 2036 1997
f 1996 2037 1997
f 2028 2025 2035
f 2038 2028 2035
f 2038 2035 1994
f 1998 2038 1994
f 2026 2029 2039
f 2036 2026 2039
f 2036 2039 1999
f 1997 2036 1999
f 2029 2028 2038
f 2039 2029 2038
f 2039 2038 1998
f 1999 2039 1998
f 2012 2015 2040
f 2015 2041 2040
f 2015 2027 2041
f 2027 2042 2041
f 2027 2037 2042
f 2037 2043 2042
f 2037 1996 2043
f 1996 2044 2043
f 1996 1978 2044
f 1978 2045 2044
f 1978 1981 2045
f 1981 2046 2045
v -16 -7 0
v -10 -7 0
v -16 -7 -10
v -10 -7 -10
v -16 -9 0
v -10 -9 0
v -16 -7 0
v -10 -7 0
v -10 -9 0
v -10 -9 -10
v -10 -7 0
v -10 -7 -10
v -10 -9 -10
v -16 -9 -10
v -10 -7 -10
v -16 -7 -10
v -16 -9 -10
v -16 -9 0
v -16 -7 -10
v -16 -7 0
v -16 -9 -10
v -10 -9 -10
v -16 -9 0
v -10 -9 0
f 2047 2048 2049
f 2048 2050 2049
f 2051 2052 2053
f 2052 2054 2053
f 2055 2056 2057
f 2056 2058 2057
f 2059 2060 2061
f 2060 2062 2061
f 2063 2064 2065
f 2064 2066 2065
f 2067 2068 2069
f 2068 2070 2069
v 4 -22 -16
v -8 -22 -16
v -8 -22 -10
v 4 -22 -10
v 4 -22 -20
v -8 -22 -20
v 4 -19 -16
v 4 -19 -10
v 6 -19 -16
v 6 -19 -10
v 6 -16 -16
v 6 -16 -10
v 10 -16 -16
v 10 -16 -10
v -8 -31 -16
v 4 -31 -20
v 4 -31 -16
v -8 -31 -20
v -8 -31 -10
v 4 -31 -10
v 6 -31 -10
v 6 -31 -16
v 10 -31 -10
v 10 -31 -16
v 4 -22 -16
v 4 -22 -10
v 4 -19 -16
v 4 -19 -10
v 6 -22 -16
v 4 -22 -16
v 6 -19 -16
v 4 -19 -16
v 4 -22 -10
v 6 -22 -10
v 4 -19 -10
v 6 -19 -10
v 6 -22 -10
v 6 -22 -16
v 6 -19 -10
v 6 -19 -16
v 6 -22 -16
v 6 -22 -10
v 6 -16 -16
v 6 -16 -10
v 10 -22 -16
v 10 -16 -16
v 6 -16 -16
v 10 -22 -10
v 6 -16 -10
v 10 -16 -10
v 10 -22 -10
v 10 -22 -16
v 10 -16 -10
v 10 -16 -16
v -8 -31 -10
v 4 -31 -10
v 4 -26 -10
v -8 -26 -10
v -8 -22 -10
v 4 -26 -20
v -8 -31 -20
v -8 -26 -20
v 4 -31 -20
v 4 -22 -20
v -8 -22 -20
v 10 -31 -10
v 10 -31 -16
v 10 -26 -16
v 10 -26 -10
v 7 -31 -16
v 7 -31 -20
v 7 -29 -20
v 7 -29 -16
v 4 -26 -16
v 4 -26 -20
v 4 -22 -20
v 4 -22 -16
v -8 -26 -20
v -8 -31 -16
v -8 -26 -16
v -8 -31 -20
v -8 -22 -20
v -8 -22 -16
v -8 -31 -10
v -8 -26 -10
v -8 -22 -10
v 6 -26 -16
v 4 -31 -16
v 4 -26 -16
v 6 -31 -16
v 6 -26 -10
v 6 -31 -10
v 10 -26 -16
v 10 -31 -16
v 10 -26 -10
v 10 -31 -10
v 7 -31 -16
v 7 -31 -20
v 7 -31 -20
v 7 -29 -20
v 4 -26 -16
v 4 -31 -16
v 7 -29 -16
v 7 -31 -16
v 4 -26 -20
v 4 -26 -16
v 7 -29 -20
v 7 -29 -16
f 2071 2072 2073
f 2074 2071 2073
f 2075 2076 2072
f 2071 2075 2072
f 2077 2078 2079
f 2078 2080 2079
f 2081 2082 2083
f 2082 2084 2083
f 2085 2086 2087
f 2085 2088 2086
f 2089 2087 2090
f 2089 2085 2087
f 2090 2087 2091
f 2087 2092 2091
f 2091 2092 2093
f 2092 2094 2093
f 2095 2096 2097
f 2096 2098 2097
f 2099 2100 2101
f 2100 2102 2101
f 2103 2104 2105
f 2104 2106 2105
f 2107 2108 2109
f 2108 2110 2109
f 2111 2112 2113
f 2112 2114 2113
f 2115 2099 2116
f 2099 2117 2116
f 2104 2118 2119
f 2118 2120 2119
f 2121 2122 2123
f 2122 2124 2123
f 2125 2126 2127
f 2128 2125 2127
f 2128 2127 2103
f 2129 2128 2103
f 2130 2131 2132
f 2130 2133 2131
f 2134 2132 2135
f 2134 2130 2132
f 2136 2137 2138
f 2139 2136 2138
f 2139 2138 2122
f 2121 2139 2122
f 2140 2141 2142
f 2143 2140 2142
f 2144 2145 2146
f 2147 2144 2146
f 2148 2149 2150
f 2148 2151 2149
f 2152 2150 2153
f 2152 2148 2150
f 2150 2154 2155
f 2150 2149 2154
f 2153 2155 2156
f 2153 2150 2155
f 2157 2158 2159
f 2157 2160 2158
f 2099 2159 2100
f 2099 2157 2159
f 2127 2161 2104
f 2103 2127 2104
f 2126 2162 2161
f 2127 2126 2161
f 2163 2160 2157
f 2163 2164 2160
f 2115 2157 2099
f 2115 2163 2157
f 2161 2165 2118
f 2104 2161 2118
f 2162 2166 2165
f 2161 2162 2165
f 2087 2086 2167
f 2086 2168 2167
f 2133 2130 2169
f 2130 2170 2169
f 2171 2172 2173
f 2172 2174 2173
f 2175 2176 2177
f 2176 2178 2177
v 0.8752446 -2.5 9.999997
v -1.124759 -2.5 10
v 0.8752446 -2 9.999997
v -1.124759 -2 10
v -1.124759 -2.5 10
v -1.125535 -3.5 25.87469
v -1.124759 -2 10
v -1.125535 -3 25.87469
v -1.125535 -3.5 25.87469
v 0.8744658 -3.5 25.87484
v -1.125535 -3 25.87469
v 0.8744658 -3 25.87484
v 0.8744658 -3.5 25.87484
v 0.8752446 -2.5 9.999997
v 0.8744658 -3 25.87484
v 0.8752446 -2 9.999997
v 0.8752446 -2 9.999997
v -1.124759 -2 10
v 0.8744658 -3 25.87484
v -1.125535 -3 25.87469
v 0.8744658 -3.5 25.87484
v -1.125535 -3.5 25.87469
v 0.8752446 -2.5 9.999997
v -1.124759 -2.5 10
f 2179 2180 2181
f 2180 2182 2181
f 2183 2184 2185
f 2184 2186 2185
f 2187 2188 2189
f 2188 2190 2189
f 2191 2192 2193
f 2192 2194 2193
f 2195 2196 2197
f 2196 2198 2197
f 2199 2200 2201
f 2200 2202 2201
v 16 -29 9
v 16 -29 15
v 18.49975 -27 9
v 18.50021 -27 15
v 18.49975 -32 9
v 18.50021 -32 15
v 16 -32 8.999999
v 16 -32 15
v 16 -32 8.999999
v 16 -32 15
v 16 -29 15
v 16 -29 9
v 16 -32 15
v 18.50021 -32 15
v 18.50021 -29 15
v 16 -29 15
v 18.50021 -27 15
v 20.5 -29 15
v 20.5 -32 8.999999
v 20.5 -29 8.999999
v 20.5 -32 15
v 20.5 -25 15
v 20.5 -25 8.999999
v 18.49975 -29 9
v 16 -32 8.999999
v 16 -29 9
v 18.49975 -32 9
v 18.49975 -27 9
v 18.49975 -29 9
v 18.49975 -27 9
v 20.5 -29 8.999999
v 20.5 -25 8.999999
v 18.49975 -27 9
v 18.50021 -27 15
v 20.5 -25 8.999999
v 20.5 -25 15
v 20.5 -25 15
v 20.5 -29 15
v 18.50021 -29 15
v 18.50021 -32 15
v 20.5 -29 15
v 20.5 -32 15
v 20.5 -32 8.999999
v 20.5 -29 8.999999
v 20.5 -32 15
v 20.5 -32 8.999999
f 2203 2204 2205
f 2204 2206 2205
f 2207 2208 2209
f 2208 2210 2209
f 2211 2212 2213
f 2214 2211 2213
f 2215 2216 2217
f 2218 2215 2217
f 2218 2217 2219
f 2220 2221 2222
f 2220 2223 2221
f 2224 2222 2225
f 2224 2220 2222
f 2226 2227 2228
f 2226 2229 2227
f 2230 2226 2228
f 2231 2232 2233
f 2232 2234 2233
f 2235 2236 2237
f 2236 2238 2237
f 2219 2217 2239
f 2217 2240 2239
f 2241 2242 2243
f 2242 2244 2243
f 2229 2226 2245
f 2226 2246 2245
f 2208 2207 2247
f 2207 2248 2247
v -13.87485 -7.5 -10
v -11.87485 -7.5 -10
v -13.87485 -7 -10
v -11.87485 -7 -10
v -11.87485 -7.5 -10
v -11.87543 -8.5 -24
v -11.87485 -7 -10
v -11.87543 -8 -24
v -11.87543 -8.5 -24
v -13.87543 -8.5 -24
v -11.87543 -8 -24
v -13.87543 -8 -24
v -13.87543 -8.5 -24
v -13.87485 -7.5 -10
v -13.87543 -8 -24
v -13.87485 -7 -10
v -13.87485 -7 -10
v -11.87485 -7 -10
v -13.87543 -8 -24
v -11.87543 -8 -24
v -13.87543 -8.5 -24
v -11.87543 -8.5 -24
v -13.87485 -7.5 -10
v -11.87485 -7.5 -10
f 2249 2250 2251
f 2250 2252 2251
f 2253 2254 2255
f 2254 2256 2255
f 2257 2258 2259
f 2258 2260 2259
f 2261 2262 2263
f 2262 2264 2263
f 2265 2266 2267
f 2266 2268 2267
f 2269 2270 2271
f 2270 2272 2271
v -21.99956 -31 -32.00027
v -11.99956 -31 -32.00054
v -11.99934 -31 -24.00055
v -21.99934 -31 -24.00027
v -21.99994 -31 -46.00027
v -11.99994 -31 -46.00055
v -1.999557 -31 -32.00082
v -1.999945 -31 -46.00082
v -11.99994 -8 -46.00055
v -11.99994 -24 -46.00055
v -21.99994 -8 -46.00027
v -21.99994 -24 -46.00027
v -21.99934 -8 -24.00027
v -11.99934 -24 -24.00055
v -11.99934 -8 -24.00055
v -21.99934 -24 -24.00027
v -21.99994 -24 -46.00027
v -21.99956 -24 -32.00027
v -21.99956 -8 -32.00027
v -21.99994 -8 -46.00027
v -21.99934 -24 -24.00027
v -21.99934 -8 -24.00027
v -11.99934 -8 -24.00055
v -11.99956 -24 -32.00055
v -11.99956 -8 -32.00055
v -11.99934 -24 -24.00055
v -1.999551 -8 -32.00082
v -1.999943 -24 -46.00082
v -1.999945 -8 -46.00082
v -1.999551 -24 -32.00082
v -1.999943 -24 -46.00082
v -1.999945 -8 -46.00082
v -11.99956 -8 -32.00055
v -1.999551 -24 -32.00082
v -1.999551 -8 -32.00082
v -11.99956 -24 -32.00055
v -8.999476 -31 -29.00063
v -1.999475 -31 -29.00082
v -8.999339 -31 -24.00063
v -11.99994 -31 -46.00055
v -21.99994 -31 -46.00027
v -11.99994 -27 -46.00055
v -21.99994 -27 -46.00027
v -11.99934 -27 -24.00055
v -21.99934 -27 -24.00027
v -21.99934 -31 -24.00027
v -11.99934 -31 -24.00055
v -21.99994 -31 -46.00027
v -21.99956 -31 -32.00027
v -21.99956 -27 -32.00027
v -21.99994 -27 -46.00027
v -21.99934 -31 -24.00027
v -21.99934 -27 -24.00027
v -7.000001 -29.5 -24.00065
v -7.000001 -31 -27
v -7.000001 -29.5 -27
v -7.000001 -31 -24.00065
v -8.999339 -24 -24.00063
v -8.999476 -27 -29.00063
v -8.999476 -24 -29.00063
v -8.999339 -27 -24.00063
v -1.999945 -27 -46.00082
v -1.999553 -27 -32.00082
v -1.999557 -31 -32.00082
v -1.999945 -31 -46.00082
v -1.999945 -31 -46.00082
v -1.999945 -27 -46.00082
v -7.000001 -29.5 -27
v 4.313077E-07 -31 -27
v 4.313783E-07 -29.5 -26.99999
v -7.000001 -31 -27
v -8.999476 -24 -29.00063
v -1.999475 -27 -29.00083
v -1.999475 -24 -29.00083
v -8.999476 -27 -29.00063
v -8.999339 -27 -24.00063
v -8.999339 -24 -24.00063
v -8.999339 -31 -24.00063
v 4.896054E-07 -29.5 -32.00084
v 4.313783E-07 -29.5 -26.99999
v 4.313077E-07 -31 -27
v 4.896054E-07 -31 -32.00084
v -1.999475 -24 -29.00083
v -1.999553 -27 -32.00082
v -1.999551 -24 -32.00082
v -1.999475 -27 -29.00083
v -7.000001 -31 -27
v 4.313077E-07 -31 -27
v -8.999476 -27 -29.00063
v -8.999339 -27 -24.00063
v -7.000001 -29.5 -27
v -7.000001 -29.5 -24.00065
v -8.999339 -27 -24.00063
v -8.999339 -31 -24.00063
v -7.000001 -29.5 -24.00065
v -7.000001 -31 -24.00065
v -7.000001 -31 -24.00065
v 4.896054E-07 -31 -32.00084
v -1.999475 -27 -29.00083
v -8.999476 -27 -29.00063
v 4.313783E-07 -29.5 -26.99999
v -7.000001 -29.5 -27
v -1.999553 -27 -32.00082
v -1.999475 -27 -29.00083
v 4.896054E-07 -29.5 -32.00084
v 4.313783E-07 -29.5 -26.99999
v -1.999557 -31 -32.00082
v -1.999553 -27 -32.00082
v 4.896054E-07 -31 -32.00084
v 4.896054E-07 -29.5 -32.00084
v -11.99956 -8 -32.00055
v -21.99994 -8 -46.00027
v -21.99956 -8 -32.00027
v -11.99994 -8 -46.00055
v -11.99934 -8 -24.00055
v -21.99934 -8 -24.00027
v -1.999945 -8 -46.00082
v -1.999551 -8 -32.00082
v -11.99956 -24 -32.00055
v -11.99934 -24 -24.00055
v -8.999476 -24 -29.00063
v -8.999339 -24 -24.00063
v -1.999551 -24 -32.00082
v -1.999475 -24 -29.00083
f 2273 2274 2275
f 2276 2273 2275
f 2277 2278 2274
f 2273 2277 2274
f 2274 2278 2279
f 2278 2280 2279
f 2281 2282 2283
f 2282 2284 2283
f 2285 2286 2287
f 2285 2288 2286
f 2289 2290 2291
f 2292 2289 2291
f 2290 2293 2294
f 2291 2290 2294
f 2295 2296 2297
f 2295 2298 2296
f 2299 2300 2301
f 2299 2302 2300
f 2303 2282 2281
f 2304 2303 2281
f 2305 2306 2307
f 2305 2308 2306
f 2274 2279 2309
f 2279 2310 2309
f 2275 2274 2311
f 2274 2309 2311
f 2312 2313 2314
f 2313 2315 2314
f 2282 2314 2284
f 2314 2315 2284
f 2316 2317 2318
f 2316 2318 2319
f 2288 2317 2316
f 2288 2316 2286
f 2320 2321 2322
f 2323 2320 2322
f 2323 2322 2290
f 2289 2323 2290
f 2321 2324 2322
f 2324 2325 2322
f 2322 2325 2293
f 2290 2322 2293
f 2326 2327 2328
f 2326 2329 2327
f 2330 2331 2332
f 2330 2333 2331
f 2334 2335 2336
f 2337 2334 2336
f 2300 2302 2335
f 2334 2300 2335
f 2338 2312 2314
f 2339 2338 2314
f 2303 2339 2282
f 2339 2314 2282
f 2340 2341 2342
f 2340 2343 2341
f 2344 2345 2346
f 2344 2347 2345
f 2286 2348 2349
f 2286 2316 2348
f 2316 2350 2348
f 2316 2319 2350
f 2351 2352 2353
f 2351 2353 2354
f 2355 2356 2357
f 2355 2358 2356
f 2309 2310 2359
f 2310 2360 2359
f 2361 2362 2363
f 2362 2364 2363
f 2365 2366 2367
f 2366 2368 2367
f 2311 2309 2369
f 2309 2359 2369
f 2310 2279 2360
f 2279 2370 2360
f 2371 2372 2373
f 2372 2374 2373
f 2375 2376 2377
f 2376 2378 2377
f 2379 2380 2381
f 2380 2382 2381
f 2383 2384 2385
f 2383 2386 2384
f 2387 2385 2388
f 2387 2383 2385
f 2386 2383 2389
f 2383 2390 2389
f 2391 2392 2393
f 2392 2394 2393
f 2395 2391 2396
f 2391 2393 2396
v -15.00892 -27.3008 20.06907
v -14.99726 -27.20779 19.99284
v -15.0267 -27.27703 20.00289
v -8.50884 -29.71817 17.12021
v -8.359162 -29.22542 16.91401
v -8.232477 -29.11152 17.07347
v -10.72127 -25.82602 21.94011
v -11.72357 -25.44673 21.61631
v -12.06828 -26.50905 22.27456
v -12.63164 -26.51193 15.73644
v -12.63058 -26.47543 15.74855
v -12.57532 -26.48167 15.73227
v -11.15948 -30.19866 22.05877
v -11.30246 -30.19167 22.09408
v -11.20467 -30.27394 22.01221
v -8.417013 -27.86828 16.64083
v -8.49131 -27.26756 16.75994
v -8.108096 -28.14329 17.10826
v -8.807081 -30.35801 17.30848
v -9.068177 -30.89195 17.71679
v -10.10235 -31.06526 16.77774
v -10.52333 -31.6841 19.49261
v -9.802038 -31.53733 19.25565
v -10.61206 -31.31253 20.25837
v -13.86077 -29.12969 16.76483
v -13.25154 -28.39155 16.04269
v -12.88682 -30.17024 16.34818
v -12.32703 -31.47201 17.14897
v -12.44825 -31.40957 17.1665
v -12.44856 -30.91668 16.52379
v -14.36639 -27.88109 21.26329
v -14.71383 -28.158 20.82092
v -14.43991 -29.19691 20.89105
v -13.75875 -27.92898 21.91901
v -13.4323 -29.20896 21.99331
v -13.46234 -28.30418 22.1609
v -13.35787 -29.03832 22.11276
v -7.841431 -27.91257 20.16897
v -7.953222 -28.46166 17.36827
v -8.108096 -28.14329 17.10826
v -8.49131 -27.26756 16.75994
v -8.609327 -26.96217 16.7724
v -8.223036 -26.85613 20.44073
v -7.969194 -27.4953 20.47317
v -12.32703 -31.47201 17.14897
v -12.00951 -31.62481 17.2891
v -11.65877 -31.77394 17.78464
v -11.61188 -31.78287 18.04147
v -13.36824 -30.88607 18.15962
v -12.44825 -31.40957 17.1665
v -12.79234 -25.83987 16.25605
v -13.42684 -25.06005 17.59618
v -12.19209 -24.88842 17.02078
v -11.94752 -25.06079 16.6585
v -10.69803 -26.22852 15.7206
v -11.22246 -26.14532 15.69794
v -11.50124 -25.34351 16.35393
v -10.38712 -26.01621 15.96474
v -10.35684 -25.5341 21.5634
v -11.57211 -24.89194 20.96111
v -11.81142 -24.96745 21.07485
v -11.72357 -25.44673 21.61631
v -10.72127 -25.82602 21.94011
v -10.30369 -25.77698 21.83683
v -11.57211 -24.89194 20.96111
v -12.30229 -24.56874 19.89701
v -12.34608 -24.74219 20.32473
v -11.81142 -24.96745 21.07485
v -12.30229 -24.56874 19.89701
v -12.58344 -24.46771 19.22481
v -13.39075 -24.95187 19.47351
v -12.34608 -24.74219 20.32473
v -12.19209 -24.88842 17.02078
v -13.42684 -25.06005 17.59618
v -13.53983 -25.03124 17.79304
v -12.62527 -24.48973 18.70946
v -12.62527 -24.48973 18.70946
v -13.53983 -25.03124 17.79304
v -13.76445 -25.16739 18.11093
v -14.08504 -25.36522 19.16689
v -12.58344 -24.46771 19.22481
v -13.39075 -24.95187 19.47351
v -14.44865 -25.81978 19.23146
v -14.08504 -25.36522 19.16689
v -13.76445 -25.16739 18.11093
v -14.51523 -25.94184 19.05218
v -8.363166 -28.98675 20.91743
v -8.176701 -28.58229 20.84074
v -8.40257 -27.93266 21.37222
v -8.747849 -28.82344 21.45965
v -9.762583 -25.87769 21.5264
v -10.35684 -25.5341 21.5634
v -10.30369 -25.77698 21.83683
v -9.959102 -25.92767 21.75204
v -8.582748 -26.60731 20.92093
v -9.762583 -25.87769 21.5264
v -9.959102 -25.92767 21.75204
v -8.524448 -27.34412 21.40093
v -8.390371 -27.6198 21.36846
v -7.969194 -27.4953 20.47317
v -8.223036 -26.85613 20.44073
v -8.582748 -26.60731 20.92093
v -8.524448 -27.34412 21.40093
v -10.45792 -31.13416 16.55052
v -8.868493 -28.66802 16.1615
v -8.825747 -28.65546 16.18604
v -8.359162 -29.22542 16.91401
v -10.45741 -31.13505 16.55148
v -10.39695 -31.14894 16.60679
v -8.50884 -29.71817 17.12021
v -10.10235 -31.06526 16.77774
v -8.807081 -30.35801 17.30848
v -8.868954 -28.64687 16.15793
v -10.69803 -26.22852 15.7206
v -10.38712 -26.01621 15.96474
v -8.609327 -26.96217 16.7724
v -8.49131 -27.26756 16.75994
v -8.417013 -27.86828 16.64083
v -8.825929 -28.64482 16.18427
v -8.176701 -28.58229 20.84074
v -7.841431 -27.91257 20.16897
v -7.969194 -27.4953 20.47317
v -8.40257 -27.93266 21.37222
v -8.390371 -27.6198 21.36846
v -12.57532 -26.48167 15.73227
v -12.63058 -26.47543 15.74855
v -12.79234 -25.83987 16.25605
v -11.22246 -26.14532 15.69794
v -11.94752 -25.06079 16.6585
v -11.50124 -25.34351 16.35393
v -9.295707 -31.24262 19.13684
v -9.778862 -31.53211 19.24056
v -9.667363 -31.46109 18.4918
v -9.241158 -31.20549 18.3605
v -8.223036 -26.85613 20.44073
v -8.609327 -26.96217 16.7724
v -10.38712 -26.01621 15.96474
v -11.50124 -25.34351 16.35393
v -8.582748 -26.60731 20.92093
v -11.94752 -25.06079 16.6585
v -9.762583 -25.87769 21.5264
v -12.19209 -24.88842 17.02078
v -12.62527 -24.48973 18.70946
v -10.35684 -25.5341 21.5634
v -11.57211 -24.89194 20.96111
v -12.58344 -24.46771 19.22481
v -12.30229 -24.56874 19.89701
v -8.825747 -28.65546 16.18604
v -8.825929 -28.64482 16.18427
v -8.417013 -27.86828 16.64083
v -8.359162 -29.22542 16.91401
v -8.108096 -28.14329 17.10826
v -7.953222 -28.46166 17.36827
v -8.232477 -29.11152 17.07347
v -8.825747 -28.65546 16.18604
v -8.868493 -28.66802 16.1615
v -8.868954 -28.64687 16.15793
v -8.825929 -28.64482 16.18427
v -10.49846 -31.55105 17.59835
v -10.39695 -31.14894 16.60679
v -10.10235 -31.06526 16.77774
v -9.068177 -30.89195 17.71679
v -9.667363 -31.46109 18.4918
v -9.241158 -31.20549 18.3605
v -11.20467 -30.27394 22.01221
v -10.61206 -31.31253 20.25837
v -9.802038 -31.53733 19.25565
v -9.778862 -31.53211 19.24056
v -9.295707 -31.24262 19.13684
v -11.15948 -30.19866 22.05877
v -8.747849 -28.82344 21.45965
v -8.363166 -28.98675 20.91743
v -12.50331 -29.3617 22.38882
v -13.35787 -29.03832 22.11276
v -13.4323 -29.20896 21.99331
v -12.37486 -29.56194 22.35755
v -12.82516 -27.71658 22.46443
v -13.46234 -28.30418 22.1609
v -13.35787 -29.03832 22.11276
v -12.50331 -29.3617 22.38882
v -12.82516 -27.71658 22.46443
v -12.77837 -27.45133 22.45224
v -13.75875 -27.92898 21.91901
v -13.46234 -28.30418 22.1609
v -13.39075 -24.95187 19.47351
v -14.08504 -25.36522 19.16689
v -14.44865 -25.81978 19.23146
v -14.99726 -27.20779 19.99284
v -12.34608 -24.74219 20.32473
v -11.81142 -24.96745 21.07485
v -15.00892 -27.3008 20.06907
v -14.8553 -27.64866 20.55235
v -14.36639 -27.88109 21.26329
v -11.72357 -25.44673 21.61631
v -12.06828 -26.50905 22.27456
v -13.75875 -27.92898 21.91901
v -12.77837 -27.45133 22.45224
v -14.71383 -28.158 20.82092
v -14.36639 -27.88109 21.26329
v -14.8553 -27.64866 20.55235
v -14.73775 -28.13671 20.78473
v -14.71383 -28.158 20.82092
v -14.73775 -28.13671 20.78473
v -14.65693 -29.28585 20.44048
v -14.43991 -29.19691 20.89105
v -14.44865 -25.81978 19.23146
v -14.51523 -25.94184 19.05218
v -15.12116 -27.40657 19.493
v -14.99726 -27.20779 19.99284
v -15.0267 -27.27703 20.00289
v -8.232477 -29.11152 17.07347
v -7.953222 -28.46166 17.36827
v -7.841431 -27.91257 20.16897
v -8.50884 -29.71817 17.12021
v -8.807081 -30.35801 17.30848
v -9.068177 -30.89195 17.71679
v -9.241158 -31.20549 18.3605
v -9.295707 -31.24262 19.13684
v -8.176701 -28.58229 20.84074
v -8.363166 -28.98675 20.91743
v -12.50331 -29.3617 22.38882
v -12.37486 -29.56194 22.35755
v -11.30246 -30.19167 22.09408
v -12.82516 -27.71658 22.46443
v -11.15948 -30.19866 22.05877
v -8.747849 -28.82344 21.45965
v -12.77837 -27.45133 22.45224
v -12.06828 -26.50905 22.27456
v -10.72127 -25.82602 21.94011
v -8.40257 -27.93266 21.37222
v -10.30369 -25.77698 21.83683
v -8.390371 -27.6198 21.36846
v -9.959102 -25.92767 21.75204
v -8.524448 -27.34412 21.40093
v -13.36824 -30.88607 18.15962
v -11.61188 -31.78287 18.04147
v -10.52333 -31.6841 19.49261
v -10.61206 -31.31253 20.25837
v -11.20467 -30.27394 22.01221
v -14.85452 -29.68198 19.29635
v -11.30246 -30.19167 22.09408
v -12.37486 -29.56194 22.35755
v -14.65693 -29.28585 20.44048
v -13.4323 -29.20896 21.99331
v -14.43991 -29.19691 20.89105
v -15.05934 -29.00397 18.7847
v -14.85452 -29.68198 19.29635
v -14.65693 -29.28585 20.44048
v -15.12116 -27.40657 19.493
v -14.73775 -28.13671 20.78473
v -15.0267 -27.27703 20.00289
v -14.8553 -27.64866 20.55235
v -15.00892 -27.3008 20.06907
v -12.44856 -30.91668 16.52379
v -12.45255 -30.87266 16.47361
v -10.45792 -31.13416 16.55052
v -12.32703 -31.47201 17.14897
v -12.00951 -31.62481 17.2891
v -10.45741 -31.13505 16.55148
v -11.61188 -31.78287 18.04147
v -11.65877 -31.77394 17.78464
v -10.49846 -31.55105 17.59835
v -9.667363 -31.46109 18.4918
v -10.52333 -31.6841 19.49261
v -9.778862 -31.53211 19.24056
v -9.802038 -31.53733 19.25565
v -12.00951 -31.62481 17.2891
v -10.45741 -31.13505 16.55148
v -10.39695 -31.14894 16.60679
v -10.49846 -31.55105 17.59835
v -11.65877 -31.77394 17.78464
v -12.88682 -30.17024 16.34818
v -12.45255 -30.87266 16.47361
v -12.44856 -30.91668 16.52379
v -12.44825 -31.40957 17.1665
v -13.36824 -30.88607 18.15962
v -13.86077 -29.12969 16.76483
v -14.85452 -29.68198 19.29635
v -15.05934 -29.00397 18.7847
v -13.25154 -28.39155 16.04269
v -12.63164 -26.51193 15.73644
v -12.57532 -26.48167 15.73227
v -11.22246 -26.14532 15.69794
v -10.69803 -26.22852 15.7206
v -8.868954 -28.64687 16.15793
v -12.88682 -30.17024 16.34818
v -12.45255 -30.87266 16.47361
v -8.868493 -28.66802 16.1615
v -10.45792 -31.13416 16.55052
v -13.86077 -29.12969 16.76483
v -15.05934 -29.00397 18.7847
v -15.12116 -27.40657 19.493
v -13.25154 -28.39155 16.04269
v -14.51523 -25.94184 19.05218
v -12.63164 -26.51193 15.73644
v -13.76445 -25.16739 18.11093
v -12.63058 -26.47543 15.74855
v -12.79234 -25.83987 16.25605
v -13.53983 -25.03124 17.79304
v -13.42684 -25.06005 17.59618
f 2397 2398 2399
f 2400 2401 2402
f 2403 2404 2405
f 2406 2407 2408
f 2409 2410 2411
f 2412 2413 2414
f 2415 2416 2417
f 2418 2419 2420
f 2421 2422 2423
f 2424 2425 2426
f 2427 2428 2429
f 2429 2430 2427
f 2429 2431 2430
f 2431 2432 2430
f 2431 2433 2432
f 2434 2435 2436
f 2436 2437 2434
f 2437 2438 2434
f 2438 2439 2434
f 2439 2440 2434
f 2441 2442 2443
f 2443 2444 2441
f 2444 2445 2441
f 2445 2446 2441
f 2447 2448 2449
f 2447 2449 2450
f 2451 2452 2453
f 2451 2453 2454
f 2455 2456 2457
f 2457 2458 2455
f 2458 2459 2455
f 2459 2460 2455
f 2461 2462 2463
f 2461 2463 2464
f 2465 2466 2467
f 2465 2467 2468
f 2469 2470 2471
f 2469 2471 2472
f 2473 2474 2475
f 2475 2476 2473
f 2476 2477 2473
f 2476 2478 2477
f 2479 2480 2481
f 2479 2481 2482
f 2483 2484 2485
f 2483 2485 2486
f 2487 2488 2489
f 2487 2489 2490
f 2491 2492 2493
f 2491 2493 2494
f 2495 2496 2497
f 2497 2498 2495
f 2498 2499 2495
f 2500 2501 2502
f 2502 2503 2500
f 2503 2504 2500
f 2503 2505 2504
f 2503 2506 2505
f 2506 2507 2505
f 2506 2508 2507
f 2509 2510 2511
f 2511 2512 2509
f 2512 2513 2509
f 2513 2514 2509
f 2514 2515 2509
f 2516 2517 2518
f 2518 2519 2516
f 2518 2520 2519
f 2521 2522 2523
f 2523 2524 2521
f 2523 2525 2524
f 2525 2526 2524
f 2527 2528 2529
f 2527 2529 2530
f 2531 2532 2533
f 2533 2534 2531
f 2534 2535 2531
f 2534 2536 2535
f 2536 2537 2535
f 2536 2538 2537
f 2538 2539 2537
f 2539 2540 2537
f 2539 2541 2540
f 2539 2542 2541
f 2542 2543 2541
f 2544 2545 2546
f 2546 2547 2544
f 2546 2548 2547
f 2548 2549 2547
f 2549 2550 2547
f 2551 2552 2553
f 2551 2553 2554
f 2555 2556 2557
f 2557 2558 2555
f 2558 2559 2555
f 2558 2560 2559
f 2561 2562 2563
f 2563 2564 2561
f 2564 2565 2561
f 2565 2566 2561
f 2565 2567 2566
f 2565 2568 2567
f 2569 2570 2571
f 2569 2571 2572
f 2573 2574 2575
f 2573 2575 2576
f 2577 2578 2579
f 2577 2579 2580
f 2581 2582 2583
f 2583 2584 2581
f 2584 2585 2581
f 2584 2586 2585
f 2584 2587 2586
f 2587 2588 2586
f 2588 2589 2586
f 2589 2590 2586
f 2589 2591 2590
f 2589 2592 2591
f 2592 2593 2591
f 2594 2595 2596
f 2594 2596 2597
f 2598 2599 2600
f 2598 2600 2601
f 2602 2603 2604
f 2604 2605 2602
f 2604 2606 2605
f 2607 2608 2609
f 2609 2610 2607
f 2609 2611 2610
f 2609 2612 2611
f 2609 2613 2612
f 2609 2614 2613
f 2609 2615 2614
f 2615 2616 2614
f 2617 2618 2619
f 2619 2620 2617
f 2619 2621 2620
f 2621 2622 2620
f 2622 2623 2620
f 2622 2624 2623
f 2622 2625 2624
f 2622 2626 2625
f 2626 2627 2625
f 2626 2628 2627
f 2628 2629 2627
f 2628 2630 2629
f 2631 2632 2633
f 2633 2634 2631
f 2634 2635 2631
f 2635 2636 2631
f 2635 2637 2636
f 2637 2638 2636
f 2638 2639 2636
f 2638 2640 2639
f 2640 2641 2639
f 2642 2643 2644
f 2644 2645 2642
f 2644 2646 2645
f 2646 2647 2645
f 2646 2648 2647
f 2648 2649 2647
f 2650 2651 2652
f 2652 2653 2650
f 2652 2654 2653
f 2652 2655 2654
f 2656 2657 2658
f 2658 2659 2656
f 2659 2660 2656
f 2659 2661 2660
f 2661 2662 2660
f 2663 2664 2665
f 2665 2666 2663
f 2666 2667 2663
f 2668 2669 2670
f 2670 2671 2668
f 2671 2672 2668
f 2672 2673 2668
f 2672 2674 2673
f 2674 2675 2673
f 2676 2677 2678
f 2678 2679 2676
f 2679 2680 2676
f 2680 2681 2676
f 2681 2682 2676
f 2681 2683 2682
f 2681 2684 2683
f 2684 2685 2683
f 2686 2687 2688
f 2688 2689 2686
f 2688 2690 2689
f 2690 2691 2689
f 2690 2692 2691
f 2692 2693 2691
f 2692 2694 2693
f 2692 2695 2694
f 2695 2696 2694
v 33 -30 24
v 15 -30 23.99976
v 33 -29 24
v 15 -29 23.99976
v 15 -30 23.99976
v 15 -30 25.99964
v 15 -29 23.99976
v 15 -27 25.99964
v 17 -30 28
v 32.99976 -30 28
v 17 -25 28
v 32.99976 -25 28
v 32.99988 -30 26
v 33 -30 24
v 32.99988 -27 26
v 33 -29 24
v 32.99988 -30 26
v 15 -30 25.99964
v 33 -30 24
v 15 -30 23.99976
v 17 -30 28
v 32.99976 -30 28
v 15 -27 25.99964
v 15 -30 25.99964
v 17 -25 28
v 17 -30 28
v 32.99976 -30 28
v 32.99976 -25 28
v 32.99988 -27 26
v 15 -27 25.99964
v 32.99976 -25 28
v 17 -25 28
v 33 -29 24
v 15 -29 23.99976
v 32.99988 -27 26
v 15 -27 25.99964
f 2697 2698 2699
f 2698 2700 2699
f 2701 2702 2703
f 2702 2704 2703
f 2705 2706 2707
f 2706 2708 2707
f 2709 2710 2711
f 2710 2712 2711
f 2713 2714 2715
f 2714 2716 2715
f 2714 2713 2717
f 2713 2718 2717
f 2719 2720 2721
f 2720 2722 2721
f 2709 2711 2723
f 2711 2724 2723
f 2725 2726 2727
f 2726 2728 2727
f 2729 2730 2731
f 2730 2732 2731
v -40 30 40
v 40 30 40
v 40 -30 40
v -40 -30 40
v 40 30 40
v 40 30 -40
v 40 -30 -40
v 40 -30 40
v 40 30 -40
v -40 30 -40
v -40 -30 -40
v 40 -30 -40
v -40 30 -40
v -40 30 40
v -40 -30 40
v -40 -30 -40
v -40 30 -40
v 40 30 -40
v 40 30 40
v -40 30 40
v -40 -30 40
v 40 -30 40
v 40 -30 -40
v -40 -30 -40
f 2733 2734 2735
f 2733 2735 2736
f 2737 2738 2739
f 2737 2739 2740
f 2741 2742 2743
f 2741 2743 2744
f 2745 2746 2747
f 2745 2747 2748
f 2749 2750 2751
f 2749 2751 2752
f 2753 2754 2755
f 2753 2755 2756
v 31 -30 -18.5
v 28 -30 -18.5
v 31 -22.75 -18.5
v 28 -22.75 -18.5
v 31 -22.75 -23.5
v 28 -22.75 -23.5
v 31 -30 -23.5
v 28 -30 -23.5
v 31 -22.75 -18.5
v 28 -22.75 -18.5
v 31 -22.75 -23.5
v 28 -22.75 -23.5
v 31 -30 -23.5
v 31 -30 -18.5
v 28 -30 -18.5
v 28 -30 -23.5
v 28 -30 -18.5
v 28 -22.75 -18.5
v 28 -22.75 -23.5
v 28 -30 -23.5
v 31 -30 -23.5
v 31 -22.75 -23.5
v 31 -22.75 -18.5
v 31 -30 -18.5
f 2757 2759 2760
f 2757 2760 2758
f 2765 2761 2762
f 2765 2762 2766
f 2767 2763 2764
f 2767 2764 2768
f 2769 2770 2771
f 2769 2771 2772
f 2773 2774 2775
f 2773 2775 2776
f 2777 2778 2779
f 2777 2779 2780
v -24.00012 2 -27.99944
v -28.00012 2 -27.9999
v -24.00012 5 -27.99944
v -28.00012 5 -27.9999
v -23.99988 5 -29.99944
v -27.99988 5 -29.9999
v -23.99988 2 -29.99944
v -27.99988 2 -29.9999
v -24.00012 5 -27.99944
v -28.00012 5 -27.9999
v -23.99988 5 -29.99944
v -27.99988 5 -29.9999
v -23.99988 2 -29.99944
v -24.00012 2 -27.99944
v -28.00012 2 -27.9999
v -27.99988 2 -29.9999
v -28.00012 2 -27.9999
v -28.00012 5 -27.9999
v -27.99988 5 -29.9999
v -27.99988 2 -29.9999
v -23.99988 2 -29.99944
v -23.99988 5 -29.99944
v -24.00012 5 -27.99944
v -24.00012 2 -27.99944
f 2781 2783 2784
f 2781 2784 2782
f 2789 2785 2786
f 2789 2786 2790
f 2791 2787 2788
f 2791 2788 2792
f 2793 2794 2795
f 2793 2795 2796
f 2797 2798 2799
f 2797 2799 2800
f 2801 2802 2803
f 2801 2803 2804
v 30.02837 -30 -26.14462
v 27.14462 -30 -26.97163
v 30.02837 -27 -26.14462
v 27.14462 -27 -26.97163
v 30.85538 -27 -29.02837
v 27.97163 -27 -29.85538
v 30.85538 -30 -29.02837
v 27.97163 -30 -29.85538
v 30.02837 -27 -26.14462
v 27.14462 -27 -26.97163
v 30.85538 -27 -29.02837
v 27.97163 -27 -29.85538
v 30.85538 -30 -29.02837
v 30.02837 -30 -26.14462
v 27.14462 -30 -26.97163
v 27.97163 -30 -29.85538
v 27.14462 -30 -26.97163
v 27.14462 -27 -26.97163
v 27.97163 -27 -29.85538
v 27.97163 -30 -29.85538
v 30.85538 -30 -29.02837
v 30.85538 -27 -29.02837
v 30.02837 -27 -26.14462
v 30.02837 -30 -26.14462
f 2805 2807 2808
f 2805 2808 2806
f 2813 2809 2810
f 2813 2810 2814
f 2815 2811 2812
f 2815 2812 2816
f 2817 2818 2819
f 2817 2819 2820
f 2821 2822 2823
f 2821 2823 2824
f 2825 2826 2827
f 2825 2827 2828
v 25.74742 -20.03 -18.79729
v 22.79729 -20.03 -18.25258
v 25.74742 -17.03 -18.79729
v 22.79729 -17.03 -18.25258
v 25.20271 -17.03 -21.74742
v 22.25258 -17.03 -21.20271
v 25.20271 -20.03 -21.74742
v 22.25258 -20.03 -21.20271
v 25.74742 -17.03 -18.79729
v 22.79729 -17.03 -18.25258
v 25.20271 -17.03 -21.74742
v 22.25258 -17.03 -21.20271
v 25.20271 -20.03 -21.74742
v 25.74742 -20.03 -18.79729
v 22.79729 -20.03 -18.25258
v 22.25258 -20.03 -21.20271
v 22.79729 -20.03 -18.25258
v 22.79729 -17.03 -18.25258
v 22.25258 -17.03 -21.20271
v 22.25258 -20.03 -21.20271
v 25.20271 -20.03 -21.74742
v 25.20271 -17.03 -21.74742
v 25.74742 -17.03 -18.79729
v 25.74742 -20.03 -18.79729
f 2829 2831 2832
f 2829 2832 2830
f 2837 2833 2834
f 2837 2834 2838
f 2839 2835 2836
f 2839 2836 2840
f 2841 2842 2843
f 2841 2843 2844
f 2845 2846 2847
f 2845 2847 2848
f 2849 2850 2851
f 2849 2851 2852
v -19.99994 -8 -32.99995
v -20.00006 -8 -36.99995
v -19.99994 -4 -32.99995
v -20.00006 -4 -36.99995
v -15.99994 -4 -33.00005
v -16.00006 -4 -37.00005
v -15.99994 -8 -33.00005
v -16.00006 -8 -37.00005
v -19.99994 -4 -32.99995
v -20.00006 -4 -36.99995
v -15.99994 -4 -33.00005
v -16.00006 -4 -37.00005
v -15.99994 -8 -33.00005
v -19.99994 -8 -32.99995
v -20.00006 -8 -36.99995
v -16.00006 -8 -37.00005
v -20.00006 -8 -36.99995
v -20.00006 -4 -36.99995
v -16.00006 -4 -37.00005
v -16.00006 -8 -37.00005
v -15.99994 -8 -33.00005
v -15.99994 -4 -33.00005
v -19.99994 -4 -32.99995
v -19.99994 -8 -32.99995
f 2853 2855 2856
f 2853 2856 2854
f 2861 2857 2858
f 2861 2858 2862
f 2863 2859 2860
f 2863 2860 2864
f 2865 2866 2867
f 2865 2867 2868
f 2869 2870 2871
f 2869 2871 2872
f 2873 2874 2875
f 2873 2875 2876
v -4.999946 -8 -9.999945
v -5.000055 -8 -13.99995
v -4.999946 -5 -9.999945
v -5.000055 -5 -13.99995
v -0.9999446 -5 -10.00005
v -1.000054 -5 -14.00006
v -0.9999446 -8 -10.00005
v -1.000054 -8 -14.00006
v -4.999946 -5 -9.999945
v -5.000055 -5 -13.99995
v -0.9999446 -5 -10.00005
v -1.000054 -5 -14.00006
v -0.9999446 -8 -10.00005
v -4.999946 -8 -9.999945
v -5.000055 -8 -13.99995
v -1.000054 -8 -14.00006
v -5.000055 -8 -13.99995
v -5.000055 -5 -13.99995
v -1.000054 -5 -14.00006
v -1.000054 -8 -14.00006
v -0.9999446 -8 -10.00005
v -0.9999446 -5 -10.00005
v -4.999946 -5 -9.999945
v -4.999946 -8 -9.999945
f 2877 2879 2880
f 2877 2880 2878
f 2885 2881 2882
f 2885 2882 2886
f 2887 2883 2884
f 2887 2884 2888
f 2889 2890 2891
f 2889 2891 2892
f 2893 2894 2895
f 2893 2895 2896
f 2897 2898 2899
f 2897 2899 2900
v -13.99995 -7 -0.2499446
v -14.00006 -7 -4.249946
v -13.99995 -4 -0.2499446
v -14.00006 -4 -4.249946
v -9.999945 -4 -0.250054
v -10.00005 -4 -4.250055
v -9.999945 -7 -0.250054
v -10.00005 -7 -4.250055
v -13.99995 -4 -0.2499446
v -14.00006 -4 -4.249946
v -9.999945 -4 -0.250054
v -10.00005 -4 -4.250055
v -9.999945 -7 -0.250054
v -13.99995 -7 -0.2499446
v -14.00006 -7 -4.249946
v -10.00005 -7 -4.250055
v -14.00006 -7 -4.249946
v -14.00006 -4 -4.249946
v -10.00005 -4 -4.250055
v -10.00005 -7 -4.250055
v -9.999945 -7 -0.250054
v -9.999945 -4 -0.250054
v -13.99995 -4 -0.2499446
v -13.99995 -7 -0.2499446
f 2901 2903 2904
f 2901 2904 2902
f 2909 2905 2906
f 2909 2906 2910
f 2911 2907 2908
f 2911 2908 2912
f 2913 2914 2915
f 2913 2915 2916
f 2917 2918 2919
f 2917 2919 2920
f 2921 2922 2923
f 2921 2923 2924
v -38.55049 15.93245 -7.544178
v -38.56634 15.93245 11.59203
v -40.46572 15.93245 -7.545764
v -40.48158 15.93245 11.59044
v -40.46573 4.667546 -7.545764
v -40.48158 4.667546 11.59044
v -38.5505 4.667545 -7.544178
v -38.56635 4.667545 11.59203
v -40.46572 15.93245 -7.545764
v -40.48158 15.93245 11.59044
v -40.46573 4.667546 -7.545764
v -40.48158 4.667546 11.59044
v -38.5505 4.667545 -7.544178
v -38.55049 15.93245 -7.544178
v -38.56634 15.93245 11.59203
v -38.56635 4.667545 11.59203
v -38.56634 15.93245 11.59203
v -40.48158 15.93245 11.59044
v -40.48158 4.667546 11.59044
v -38.56635 4.667545 11.59203
v -38.5505 4.667545 -7.544178
v -40.46573 4.667546 -7.545764
v -40.46572 15.93245 -7.545764
v -38.55049 15.93245 -7.544178
f 2925 2927 2928
f 2925 2928 2926
f 2933 2929 2930
f 2933 2930 2934
f 2935 2931 2932
f 2935 2932 2936
f 2937 2938 2939
f 2937 2939 2940
f 2941 2942 2943
f 2941 2943 2944
f 2945 2946 2947
f 2945 2947 2948
v 37.91607 25.25921 -6.933812
v 37.91607 -0.7432485 -6.933802
v 40.51851 25.25921 -6.931731
v 40.5185 -0.74325 -6.931722
v 40.50628 25.25922 8.375128
v 40.50626 -0.7432443 8.375137
v 37.90384 25.25922 8.373048
v 37.90383 -0.7432428 8.373057
v 40.51851 25.25921 -6.931731
v 40.5185 -0.74325 -6.931722
v 40.50628 25.25922 8.375128
v 40.50626 -0.7432443 8.375137
v 37.90384 25.25922 8.373048
v 37.91607 25.25921 -6.933812
v 37.91607 -0.7432485 -6.933802
v 37.90383 -0.7432428 8.373057
v 37.91607 -0.7432485 -6.933802
v 40.5185 -0.74325 -6.931722
v 40.50626 -0.7432443 8.375137
v 37.90383 -0.7432428 8.373057
v 37.90384 25.25922 8.373048
v 40.50628 25.25922 8.375128
v 40.51851 25.25921 -6.931731
v 37.91607 25.25921 -6.933812
f 2949 2951 2952
f 2949 2952 2950
f 2957 2953 2954
f 2957 2954 2958
f 2959 2955 2956
f 2959 2956 2960
f 2961 2962 2963
f 2961 2963 2964
f 2965 2966 2967
f 2965 2967 2968
f 2969 2970 2971
f 2969 2971 2972
v 7.501456 24.79093 38.09559
v 7.501444 -0.01602242 38.09559
v 7.499398 24.79093 40.57838
v 7.499386 -0.01602242 40.57838
v -7.103698 24.79094 40.56627
v -7.103709 -0.01601545 40.56627
v -7.10164 24.79094 38.08349
v -7.101651 -0.01601545 38.08349
v 7.499398 24.79093 40.57838
v 7.499386 -0.01602242 40.57838
v -7.103698 24.79094 40.56627
v -7.103709 -0.01601545 40.56627
v -7.10164 24.79094 38.08349
v 7.501456 24.79093 38.09559
v 7.501444 -0.01602242 38.09559
v -7.101651 -0.01601545 38.08349
v 7.501444 -0.01602242 38.09559
v 7.499386 -0.01602242 40.57838
v -7.103709 -0.01601545 40.56627
v -7.101651 -0.01601545 38.08349
v -7.10164 24.79094 38.08349
v -7.103698 24.79094 40.56627
v 7.499398 24.79093 40.57838
v 7.501456 24.79093 38.09559
f 2973 2975 2976
f 2973 2976 2974
f 2981 2977 2978
f 2981 2978 2982
f 2983 2979 2980
f 2983 2980 2984
f 2985 2986 2987
f 2985 2987 2988
f 2989 2990 2991
f 2989 2991 2992
f 2993 2994 2995
f 2993 2995 2996
v -7.181797 24.65823 -37.93245
v -7.181785 -0.4199879 -37.93244
v -7.179702 24.65823 -40.44238
v -7.17969 -0.4199885 -40.44238
v 7.583078 24.65823 -40.43006
v 7.58309 -0.4199823 -40.43005
v 7.580983 24.65824 -37.92012
v 7.580995 -0.4199817 -37.92012
v -7.179702 24.65823 -40.44238
v -7.17969 -0.4199885 -40.44238
v 7.583078 24.65823 -40.43006
v 7.58309 -0.4199823 -40.43005
v 7.580983 24.65824 -37.92012
v -7.181797 24.65823 -37.93245
v -7.181785 -0.4199879 -37.93244
v 7.580995 -0.4199817 -37.92012
v -7.181785 -0.4199879 -37.93244
v -7.17969 -0.4199885 -40.44238
v 7.58309 -0.4199823 -40.43005
v 7.580995 -0.4199817 -37.92012
v 7.580983 24.65824 -37.92012
v 7.583078 24.65823 -40.43006
v -7.179702 24.65823 -40.44238
v -7.181797 24.65823 -37.93245
f 2997 2999 3000
f 2997 3000 2998
f 3005 3001 3002
f 3005 3002 3006
f 3007 3003 3004
f 3007 3004 3008
f 3009 3010 3011
f 3009 3011 3012
f 3013 3014 3015
f 3013 3015 3016
f 3017 3018 3019
f 3017 3019 3020
v -22.87169 -29.16611 -38.43725
v -22.87173 -29.16611 -39.64273
v -22.46397 -29.16611 -38.43726
v -22.46401 -29.16611 -39.64275
v -22.46397 -29.99609 -38.43726
v -22.46401 -29.99609 -39.64275
v -22.87169 -29.99609 -38.43725
v -22.87173 -29.99609 -39.64273
v -22.46397 -29.16611 -38.43726
v -22.46401 -29.16611 -39.64275
v -22.46397 -29.99609 -38.43726
v -22.46401 -29.99609 -39.64275
v -22.87169 -29.99609 -38.43725
v -22.87169 -29.16611 -38.43725
v -22.87173 -29.16611 -39.64273
v -22.87173 -29.99609 -39.64273
v -22.87173 -29.16611 -39.64273
v -22.46401 -29.16611 -39.64275
v -22.46401 -29.99609 -39.64275
v -22.87173 -29.99609 -39.64273
v -22.87169 -29.99609 -38.43725
v -22.46397 -29.99609 -38.43726
v -22.46397 -29.16611 -38.43726
v -22.87169 -29.16611 -38.43725
f 3021 3023 3024
f 3021 3024 3022
f 3029 3025 3026
f 3029 3026 3030
f 3031 3027 3028
f 3031 3028 3032
f 3033 3034 3035
f 3033 3035 3036
f 3037 3038 3039
f 3037 3039 3040
f 3041 3042 3043
f 3041 3043 3044
v 40 -8 -38
v 38 -8 -38
v 40 -6 -38
v 38 -6 -38
v 40 -6 -40
v 38 -6 -40
v 40 -8 -40
v 38 -8 -40
v 40 -6 -38
v 38 -6 -38
v 40 -6 -40
v 38 -6 -40
v 40 -8 -40
v 40 -8 -38
v 38 -8 -38
v 38 -8 -40
v 38 -8 -38
v 38 -6 -38
v 38 -6 -40
v 38 -8 -40
v 40 -8 -40
v 40 -6 -40
v 40 -6 -38
v 40 -8 -38
f 3045 3047 3048
f 3045 3048 3046
f 3053 3049 3050
f 3053 3050 3054
f 3055 3051 3052
f 3055 3052 3056
f 3057 3058 3059
f 3057 3059 3060
f 3061 3062 3063
f 3061 3063 3064
f 3065 3066 3067
f 3065 3067 3068
v 6 -26 -36
v 2 -26 -36
v 6 -22 -36
v 2 -22 -36
v 6 -22 -40
v 2 -22 -40
v 6 -26 -40
v 2 -26 -40
v 6 -22 -36
v 2 -22 -36
v 6 -22 -40
v 2 -22 -40
v 6 -26 -40
v 6 -26 -36
v 2 -26 -36
v 2 -26 -40
v 2 -26 -36
v 2 -22 -36
v 2 -22 -40
v 2 -26 -40
v 6 -26 -40
v 6 -22 -40
v 6 -22 -36
v 6 -26 -36
f 3069 3071 3072
f 3069 3072 3070
f 3077 3073 3074
f 3077 3074 3078
f 3079 3075 3076
f 3079 3076 3080
f 3081 3082 3083
f 3081 3083 3084
f 3085 3086 3087
f 3085 3087 3088
f 3089 3090 3091
f 3089 3091 3092
v 34.45625 -16 0.7698758
v 30.48012 -16 1.20625
v 34.45625 -12 0.7698758
v 30.48012 -12 1.20625
v 34.01987 -12 -3.20625
v 30.04375 -12 -2.769876
v 34.01987 -16 -3.20625
v 30.04375 -16 -2.769876
v 34.45625 -12 0.7698758
v 30.48012 -12 1.20625
v 34.01987 -12 -3.20625
v 30.04375 -12 -2.769876
v 34.01987 -16 -3.20625
v 34.45625 -16 0.7698758
v 30.48012 -16 1.20625
v 30.04375 -16 -2.769876
v 30.48012 -16 1.20625
v 30.48012 -12 1.20625
v 30.04375 -12 -2.769876
v 30.04375 -16 -2.769876
v 34.01987 -16 -3.20625
v 34.01987 -12 -3.20625
v 34.45625 -12 0.7698758
v 34.45625 -16 0.7698758
f 3093 3095 3096
f 3093 3096 3094
f 3101 3097 3098
f 3101 3098 3102
f 3103 3099 3100
f 3103 3100 3104
f 3105 3106 3107
f 3105 3107 3108
f 3109 3110 3111
f 3109 3111 3112
f 3113 3114 3115
f 3113 3115 3116
v 6 -30 -36
v 2 -30 -36
v 6 -26 -36
v 2 -26 -36
v 6 -26 -40
v 2 -26 -40
v 6 -30 -40
v 2 -30 -40
v 6 -26 -36
v 2 -26 -36
v 6 -26 -40
v 2 -26 -40
v 6 -30 -40
v 6 -30 -36
v 2 -30 -36
v 2 -30 -40
v 2 -30 -36
v 2 -26 -36
v 2 -26 -40
v 2 -30 -40
v 6 -30 -40
v 6 -26 -40
v 6 -26 -36
v 6 -30 -36
f 3117 3119 3120
f 3117 3120 3118
f 3125 3121 3122
f 3125 3122 3126
f 3127 3123 3124
f 3127 3124 3128
f 3129 3130 3131
f 3129 3131 3132
f 3133 3134 3135
f 3133 3135 3136
f 3137 3138 3139
f 3137 3139 3140
v -21.95336 -30 -10.94866
v -23.95336 -30 -10.94866
v -21.95336 -28 -10.94866
v -23.95336 -28 -10.94866
v -21.95336 -28 -12.94866
v -23.95336 -28 -12.94866
v -21.95336 -30 -12.94866
v -23.95336 -30 -12.94866
v -21.95336 -28 -10.94866
v -23.95336 -28 -10.94866
v -21.95336 -28 -12.94866
v -23.95336 -28 -12.94866
v -21.95336 -30 -12.94866
v -21.95336 -30 -10.94866
v -23.95336 -30 -10.94866
v -23.95336 -30 -12.94866
v -23.95336 -30 -10.94866
v -23.95336 -28 -10.94866
v -23.95336 -28 -12.94866
v -23.95336 -30 -12.94866
v -21.95336 -30 -12.94866
v -21.95336 -28 -12.94866
v -21.95336 -28 -10.94866
v -21.95336 -30 -10.94866
f 3141 3143 3144
f 3141 3144 3142
f 3149 3145 3146
f 3149 3146 3150
f 3151 3147 3148
f 3151 3148 3152
f 3153 3154 3155
f 3153 3155 3156
f 3157 3158 3159
f 3157 3159 3160
f 3161 3162 3163
f 3161 3163 3164
v 40 -8 -34
v 36 -8 -34
v 40 -4 -34
v 36 -4 -34
v 40 -4 -38
v 36 -4 -38
v 40 -8 -38
v 36 -8 -38
v 40 -4 -34
v 36 -4 -34
v 40 -4 -38
v 36 -4 -38
v 40 -8 -38
v 40 -8 -34
v 36 -8 -34
v 36 -8 -38
v 36 -8 -34
v 36 -4 -34
v 36 -4 -38
v 36 -8 -38
v 40 -8 -38
v 40 -4 -38
v 40 -4 -34
v 40 -8 -34
f 3165 3167 3168
f 3165 3168 3166
f 3173 3169 3170
f 3173 3170 3174
f 3175 3171 3172
f 3175 3172 3176
f 3177 3178 3179
f 3177 3179 3180
f 3181 3182 3183
f 3181 3183 3184
f 3185 3186 3187
f 3185 3187 3188
v 31.65498 -16 3.253395
v 29.7466 -16 2.654982
v 31.65498 -14 3.253395
v 29.7466 -14 2.654982
v 32.2534 -14 1.345018
v 30.34502 -14 0.7466053
v 32.2534 -16 1.345018
v 30.34502 -16 0.7466053
v 31.65498 -14 3.253395
v 29.7466 -14 2.654982
v 32.2534 -14 1.345018
v 30.34502 -14 0.7466053
v 32.2534 -16 1.345018
v 31.65498 -16 3.253395
v 29.7466 -16 2.654982
v 30.34502 -16 0.7466053
v 29.7466 -16 2.654982
v 29.7466 -14 2.654982
v 30.34502 -14 0.7466053
v 30.34502 -16 0.7466053
v 32.2534 -16 1.345018
v 32.2534 -14 1.345018
v 31.65498 -14 3.253395
v 31.65498 -16 3.253395
f 3189 3191 3192
f 3189 3192 3190
f 3197 3193 3194
f 3197 3194 3198
f 3199 3195 3196
f 3199 3196 3200
f 3201 3202 3203
f 3201 3203 3204
f 3205 3206 3207
f 3205 3207 3208
f 3209 3210 3211
f 3209 3211 3212
v 1.154982 -8 -13.2466
v -0.7533947 -8 -13.84502
v 1.154982 -6 -13.2466
v -0.7533947 -6 -13.84502
v 1.753395 -6 -15.15498
v -0.1549824 -6 -15.7534
v 1.753395 -8 -15.15498
v -0.1549824 -8 -15.7534
v 1.154982 -6 -13.2466
v -0.7533947 -6 -13.84502
v 1.753395 -6 -15.15498
v -0.1549824 -6 -15.7534
v 1.753395 -8 -15.15498
v 1.154982 -8 -13.2466
v -0.7533947 -8 -13.84502
v -0.1549824 -8 -15.7534
v -0.7533947 -8 -13.84502
v -0.7533947 -6 -13.84502
v -0.1549824 -6 -15.7534
v -0.1549824 -8 -15.7534
v 1.753395 -8 -15.15498
v 1.753395 -6 -15.15498
v 1.154982 -6 -13.2466
v 1.154982 -8 -13.2466
f 3213 3215 3216
f 3213 3216 3214
f 3221 3217 3218
f 3221 3218 3222
f 3223 3219 3220
f 3223 3220 3224
f 3225 3226 3227
f 3225 3227 3228
f 3229 3230 3231
f 3229 3231 3232
f 3233 3234 3235
f 3233 3235 3236
v -34.09978 -16 32.18134
v -37.68134 -16 30.40022
v -34.09978 -12 32.18134
v -37.68134 -12 30.40022
v -32.31866 -12 28.59978
v -35.90022 -12 26.81866
v -32.31866 -16 28.59978
v -35.90022 -16 26.81866
v -34.09978 -12 32.18134
v -37.68134 -12 30.40022
v -32.31866 -12 28.59978
v -35.90022 -12 26.81866
v -32.31866 -16 28.59978
v -34.09978 -16 32.18134
v -37.68134 -16 30.40022
v -35.90022 -16 26.81866
v -37.68134 -16 30.40022
v -37.68134 -12 30.40022
v -35.90022 -12 26.81866
v -35.90022 -16 26.81866
v -32.31866 -16 28.59978
v -32.31866 -12 28.59978
v -34.09978 -12 32.18134
v -34.09978 -16 32.18134
f 3237 3239 3240
f 3237 3240 3238
f 3245 3241 3242
f 3245 3242 3246
f 3247 3243 3244
f 3247 3244 3248
f 3249 3250 3251
f 3249 3251 3252
f 3253 3254 3255
f 3253 3255 3256
f 3257 3258 3259
f 3257 3259 3260
v -34.8013 -16 -3.723318
v -36.8013 -16 -3.723318
v -34.8013 -14 -3.723318
v -36.8013 -14 -3.723318
v -34.8013 -14 -5.723318
v -36.8013 -14 -5.723318
v -34.8013 -16 -5.723318
v -36.8013 -16 -5.723318
v -34.8013 -14 -3.723318
v -36.8013 -14 -3.723318
v -34.8013 -14 -5.723318
v -36.8013 -14 -5.723318
v -34.8013 -16 -5.723318
v -34.8013 -16 -3.723318
v -36.8013 -16 -3.723318
v -36.8013 -16 -5.723318
v -36.8013 -16 -3.723318
v -36.8013 -14 -3.723318
v -36.8013 -14 -5.723318
v -36.8013 -16 -5.723318
v -34.8013 -16 -5.723318
v -34.8013 -14 -5.723318
v -34.8013 -14 -3.723318
v -34.8013 -16 -3.723318
f 3261 3263 3264
f 3261 3264 3262
f 3269 3265 3266
f 3269 3266 3270
f 3271 3267 3268
f 3271 3268 3272
f 3273 3274 3275
f 3273 3275 3276
f 3277 3278 3279
f 3277 3279 3280
f 3281 3282 3283
f 3281 3283 3284
v 28.72806 -14 32.24679
v 25.25321 -14 34.22806
v 28.72806 -10 32.24679
v 25.25321 -10 34.22806
v 26.74679 -10 28.77194
v 23.27194 -10 30.75321
v 26.74679 -14 28.77194
v 23.27194 -14 30.75321
v 28.72806 -10 32.24679
v 25.25321 -10 34.22806
v 26.74679 -10 28.77194
v 23.27194 -10 30.75321
v 26.74679 -14 28.77194
v 28.72806 -14 32.24679
v 25.25321 -14 34.22806
v 23.27194 -14 30.75321
v 25.25321 -14 34.22806
v 25.25321 -10 34.22806
v 23.27194 -10 30.75321
v 23.27194 -14 30.75321
v 26.74679 -14 28.77194
v 26.74679 -10 28.77194
v 28.72806 -10 32.24679
v 28.72806 -14 32.24679
f 3285 3287 3288
f 3285 3288 3286
f 3293 3289 3290
f 3293 3290 3294
f 3295 3291 3292
f 3295 3292 3296
f 3297 3298 3299
f 3297 3299 3300
f 3301 3302 3303
f 3301 3303 3304
f 3305 3306 3307
f 3305 3307 3308
v -19.39936 -30 -7.887931
v -23.11207 -30 -6.399365
v -19.39936 -26 -7.887931
v -23.11207 -26 -6.399365
v -20.88793 -26 -11.60064
v -24.60064 -26 -10.11207
v -20.88793 -30 -11.60064
v -24.60064 -30 -10.11207
v -19.39936 -26 -7.887931
v -23.11207 -26 -6.399365
v -20.88793 -26 -11.60064
v -24.60064 -26 -10.11207
v -20.88793 -30 -11.60064
v -19.39936 -30 -7.887931
v -23.11207 -30 -6.399365
v -24.60064 -30 -10.11207
v -23.11207 -30 -6.399365
v -23.11207 -26 -6.399365
v -24.60064 -26 -10.11207
v -24.60064 -30 -10.11207
v -20.88793 -30 -11.60064
v -20.88793 -26 -11.60064
v -19.39936 -26 -7.887931
v -19.39936 -30 -7.887931
f 3309 3311 3312
f 3309 3312 3310
f 3317 3313 3314
f 3317 3314 3318
f 3319 3315 3316
f 3319 3316 3320
f 3321 3322 3323
f 3321 3323 3324
f 3325 3326 3327
f 3325 3327 3328
f 3329 3330 3331
f 3329 3331 3332
v 31.05376 -30 39.3218
v 28.07279 -30 39.65917
v 31.05376 -27 39.3218
v 28.07279 -27 39.65917
v 30.71639 -27 36.34083
v 27.73542 -27 36.6782
v 30.71639 -30 36.34083
v 27.73542 -30 36.6782
v 31.05376 -27 39.3218
v 28.07279 -27 39.65917
v 30.71639 -27 36.34083
v 27.73542 -27 36.6782
v 30.71639 -30 36.34083
v 31.05376 -30 39.3218
v 28.07279 -30 39.65917
v 27.73542 -30 36.6782
v 28.07279 -30 39.65917
v 28.07279 -27 39.65917
v 27.73542 -27 36.6782
v 27.73542 -30 36.6782
v 30.71639 -30 36.34083
v 30.71639 -27 36.34083
v 31.05376 -27 39.3218
v 31.05376 -30 39.3218
f 3333 3335 3336
f 3333 3336 3334
f 3341 3337 3338
f 3341 3338 3342
f 3343 3339 3340
f 3343 3340 3344
f 3345 3346 3347
f 3345 3347 3348
f 3349 3350 3351
f 3349 3351 3352
f 3353 3354 3355
f 3353 3355 3356
v -31.29617 -16 31.21273
v -33.29617 -16 31.21273
v -31.29617 -14 31.21273
v -33.29617 -14 31.21273
v -31.29617 -14 29.21273
v -33.29617 -14 29.21273
v -31.29617 -16 29.21273
v -33.29617 -16 29.21273
v -31.29617 -14 31.21273
v -33.29617 -14 31.21273
v -31.29617 -14 29.21273
v -33.29617 -14 29.21273
v -31.29617 -16 29.21273
v -31.29617 -16 31.21273
v -33.29617 -16 31.21273
v -33.29617 -16 29.21273
v -33.29617 -16 31.21273
v -33.29617 -14 31.21273
v -33.29617 -14 29.21273
v -33.29617 -16 29.21273
v -31.29617 -16 29.21273
v -31.29617 -14 29.21273
v -31.29617 -14 31.21273
v -31.29617 -16 31.21273
f 3357 3359 3360
f 3357 3360 3358
f 3365 3361 3362
f 3365 3362 3366
f 3367 3363 3364
f 3367 3364 3368
f 3369 3370 3371
f 3369 3371 3372
f 3373 3374 3375
f 3373 3375 3376
f 3377 3378 3379
f 3377 3379 3380
v 22.2558 -12 -36.60911
v 20.60911 -12 -37.7442
v 22.2558 -10 -36.60911
v 20.60911 -10 -37.7442
v 23.39089 -10 -38.2558
v 21.7442 -10 -39.39089
v 23.39089 -12 -38.2558
v 21.7442 -12 -39.39089
v 22.2558 -10 -36.60911
v 20.60911 -10 -37.7442
v 23.39089 -10 -38.2558
v 21.7442 -10 -39.39089
v 23.39089 -12 -38.2558
v 22.2558 -12 -36.60911
v 20.60911 -12 -37.7442
v 21.7442 -12 -39.39089
v 20.60911 -12 -37.7442
v 20.60911 -10 -37.7442
v 21.7442 -10 -39.39089
v 21.7442 -12 -39.39089
v 23.39089 -12 -38.2558
v 23.39089 -10 -38.2558
v 22.2558 -10 -36.60911
v 22.2558 -12 -36.60911
f 3381 3383 3384
f 3381 3384 3382
f 3389 3385 3386
f 3389 3386 3390
f 3391 3387 3388
f 3391 3388 3392
f 3393 3394 3395
f 3393 3395 3396
f 3397 3398 3399
f 3397 3399 3400
f 3401 3402 3403
f 3401 3403 3404
v -13.20652 -29.91719 16.75023
v -14.09357 -30.06538 15.83439
v -13.00159 -28.71268 16.35686
v -13.88864 -28.86087 15.44102
v -14.11028 -29.50093 17.56138
v -15.00043 -29.64964 16.64233
v -13.90464 -28.29219 17.16663
v -14.7948 -28.4409 16.24757
v -13.21408 -29.54312 15.79754
v -14.78592 -28.81688 17.20246
v -14.17799 -30.22621 16.84168
v -14.77047 -29.30871 15.70452
v -13.82201 -28.13379 16.15832
v -13.22953 -29.05129 17.29548
v -12.90269 -29.34526 16.56558
v -13.32041 -28.6984 15.76385
v -13.98911 -29.52676 15.44391
v -13.57139 -30.17362 16.24564
v -14.68044 -29.66386 17.23734
v -15.09955 -29.01484 16.43293
v -14.42862 -28.18372 16.75394
v -14.00951 -28.83274 17.55835
v -14.67066 -30.0108 16.17911
v -13.5795 -29.82967 17.30317
v -14.41895 -28.53123 15.69591
v -13.32769 -28.34952 16.81977
v -13.12396 -29.8274 16.72161
v -13.02915 -29.69135 16.67791
v -12.9513 -29.52692 16.62473
v -12.95295 -28.82223 16.39333
v -12.90802 -28.97933 16.44538
v -12.88861 -29.15841 16.50437
v -13.03437 -28.69615 16.23707
v -13.09904 -28.68352 16.07874
v -13.19541 -28.68331 15.91553
v -13.77462 -28.81982 15.47279
v -13.6234 -28.77112 15.53737
v -13.4668 -28.72864 15.63533
v -13.90495 -28.98127 15.41043
v -13.92919 -29.14993 15.39105
v -13.95793 -29.33704 15.40034
v -14.07596 -29.98644 15.7387
v -14.05033 -29.86194 15.62359
v -14.02063 -29.70556 15.52069
v -13.99454 -30.11252 15.89497
v -13.8593 -30.15776 15.99022
v -13.71383 -30.18066 16.10954
v -13.25429 -29.98886 16.65924
v -13.33495 -30.07016 16.5316
v -13.44243 -30.13532 16.38974
v -14.22496 -29.54206 17.52933
v -14.37647 -29.59093 17.46462
v -14.53356 -29.63352 17.36629
v -14.9674 -29.66609 16.76278
v -14.90259 -29.67882 16.92143
v -14.80586 -29.679 17.08515
v -15.04922 -29.53939 16.60575
v -15.09427 -29.38199 16.55354
v -15.11368 -29.20232 16.49435
v -14.8777 -28.53124 16.2765
v -14.97273 -28.66758 16.32022
v -15.05078 -28.83257 16.37359
v -14.74673 -28.36899 16.33917
v -14.66588 -28.28747 16.46704
v -14.55801 -28.22214 16.60936
v -14.00428 -28.24496 17.10571
v -14.13976 -28.19958 17.01023
v -14.28571 -28.17665 16.8905
v -13.92247 -28.37166 17.26274
v -13.94808 -28.49641 17.37812
v -13.97789 -28.65334 17.48131
v -14.09398 -29.37981 17.59199
v -14.06963 -29.21082 17.61144
v -14.0408 -29.02309 17.60206
v -14.20842 -30.08031 15.88219
v -14.3611 -30.08218 15.96023
v -14.51976 -30.05928 16.06137
v -14.96547 -29.73392 16.55611
v -14.89772 -29.83788 16.43693
v -14.79792 -29.9345 16.30698
v -14.01023 -29.57434 17.54235
v -13.87308 -29.66671 17.49483
v -13.72503 -29.75526 17.41469
v -13.25642 -29.92127 16.86509
v -13.33993 -29.91159 17.01455
v -13.45044 -29.88064 17.1654
v -13.98849 -28.78761 15.46001
v -14.1252 -28.69554 15.50737
v -14.27273 -28.60726 15.58716
v -14.7448 -28.43682 16.1325
v -14.66101 -28.44653 15.98254
v -14.55007 -28.47764 15.83119
v -13.03649 -28.62857 16.44291
v -13.10402 -28.52495 16.5617
v -13.20341 -28.42863 16.69119
v -13.78956 -28.27724 17.11874
v -13.63637 -28.27535 17.04044
v -13.47718 -28.2984 16.9389
v -12.92012 -29.40736 16.36638
v -12.9778 -29.46267 16.16697
v -13.07725 -29.50863 15.97443
v -13.2521 -28.89326 15.72921
v -13.20959 -29.10373 15.7221
v -13.19669 -29.32367 15.74519
v -13.78354 -29.5516 15.47494
v -13.58064 -29.56338 15.54457
v -13.38789 -29.56052 15.65371
v -13.45156 -30.06569 16.11211
v -13.34885 -29.92231 15.98943
v -13.26845 -29.74548 15.88295
v -14.74904 -29.46845 17.27216
v -14.79151 -29.25727 17.27913
v -14.80441 -29.03659 17.25592
v -15.08219 -28.95254 16.63274
v -15.02409 -28.89711 16.83274
v -14.92425 -28.85101 17.0259
v -14.54887 -28.29188 16.88791
v -14.65177 -28.43589 17.01088
v -14.73241 -28.61335 17.11769
v -14.21572 -28.80779 17.52734
v -14.41919 -28.79605 17.45727
v -14.61257 -28.79894 17.34771
v -13.70643 -30.2463 16.38819
v -13.85577 -30.28155 16.53855
v -14.01537 -30.27479 16.69203
v -14.57605 -30.1214 16.34215
v -14.45929 -30.19583 16.51125
v -14.32488 -30.23122 16.67992
v -14.58775 -29.84223 17.17643
v -14.47093 -30.00024 17.08884
v -14.33196 -30.13173 16.97552
v -13.71266 -29.974 17.22879
v -13.85986 -30.0923 17.12526
v -14.01708 -30.17918 16.99427
v -14.19506 -29.48962 15.45035
v -14.39915 -29.4401 15.49565
v -14.5939 -29.37889 15.58163
v -14.54174 -28.70578 15.64876
v -14.64371 -28.89855 15.63432
v -14.72094 -29.10213 15.65315
v -15.07803 -29.083 16.23543
v -15.01583 -29.15643 16.04301
v -14.91219 -29.23321 15.86188
v -14.73951 -29.86827 16.02841
v -14.77993 -29.69928 15.89583
v -14.79039 -29.51035 15.78646
v -13.41284 -28.52062 15.82461
v -13.5293 -28.36257 15.91183
v -13.66776 -28.23161 16.02476
v -13.41809 -28.24253 16.66332
v -13.53247 -28.16793 16.49679
v -13.66846 -28.13003 16.32505
v -14.29318 -28.11076 16.61095
v -14.14354 -28.07586 16.46037
v -13.98334 -28.08259 16.3063
v -14.28006 -28.38161 15.77396
v -14.13041 -28.26269 15.87992
v -13.97574 -28.179 16.0097
v -12.9242 -29.27731 16.76245
v -12.98593 -29.20401 16.95473
v -13.08923 -29.12752 17.13515
v -13.46113 -29.66242 17.34914
v -13.35989 -29.47296 17.36448
v -13.28008 -29.26621 17.3469
v -13.80291 -28.86998 17.55195
v -13.59864 -28.91967 17.5062
v -13.40312 -28.98111 17.41994
v -13.26097 -28.48585 16.96489
v -13.22015 -28.65158 17.09623
v -13.20807 -28.84297 17.20868
v -13.14975 -29.89279 16.56841
v -13.05036 -29.75781 16.49783
v -12.97008 -29.59239 16.43014
v -13.21886 -29.96655 16.4172
v -13.11356 -29.82639 16.32086
v -13.03004 -29.65532 16.23746
v -13.32155 -30.02778 16.26198
v -13.21497 -29.88442 16.14898
v -13.13074 -29.70877 16.05224
v -12.97282 -28.85284 16.22878
v -13.03111 -28.86297 16.05679
v -13.1254 -28.87487 15.88545
v -12.92585 -29.02597 16.25882
v -12.9826 -29.05662 16.06947
v -13.07827 -29.08093 15.88657
v -12.90585 -29.21487 16.30685
v -12.96275 -29.25982 16.1083
v -13.06044 -29.2955 15.91728
v -13.73868 -28.98079 15.43806
v -13.73857 -29.16174 15.41972
v -13.7549 -29.35671 15.43024
v -13.57007 -28.953 15.50034
v -13.54949 -29.15132 15.48417
v -13.55447 -29.35868 15.49737
v -13.40343 -28.92132 15.5984
v -13.36954 -29.12959 15.58585
v -13.36478 -29.34635 15.60305
v -13.91561 -30.02073 15.7777
v -13.75782 -30.05658 15.86075
v -13.59957 -30.07423 15.97493
v -13.86308 -29.89358 15.65873
v -13.68045 -29.92109 15.73557
v -13.50623 -29.93307 15.84826
v -13.81913 -29.73423 15.55353
v -13.62176 -29.75418 15.62653
v -13.43509 -29.75961 15.73802
v -14.26088 -29.38036 17.56399
v -14.43 -29.40851 17.50178
v -14.59723 -29.44029 17.40345
v -14.26082 -29.19894 17.58273
v -14.45056 -29.20946 17.51795
v -14.63107 -29.23127 17.41585
v -14.24449 -29.00332 17.57223
v -14.44552 -29.00142 17.50463
v -14.63581 -29.01381 17.39859
v -15.029 -29.50868 16.77094
v -15.07642 -29.33519 16.74065
v -15.09655 -29.14567 16.6925
v -14.97074 -29.49885 16.94349
v -15.01937 -29.30448 16.93068
v -15.0392 -29.1006 16.89167
v -14.8762 -29.48689 17.11543
v -14.92329 -29.28009 17.11413
v -14.94119 -29.06483 17.08331
v -14.85155 -28.46567 16.4303
v -14.78232 -28.39136 16.5818
v -14.67936 -28.32989 16.73757
v -14.9515 -28.60093 16.50085
v -14.88797 -28.5321 16.67843
v -14.78615 -28.47394 16.85086
v -15.0321 -28.76686 16.56879
v -14.97169 -28.70379 16.76208
v -14.87064 -28.65016 16.94788
v -14.08343 -28.33735 17.22335
v -14.1359 -28.46468 17.34293
v -14.18004 -28.62451 17.44851
v -14.24159 -28.30102 17.14009
v -14.31915 -28.43708 17.2657
v -14.37801 -28.60461 17.37503
v -14.40039 -28.28329 17.02559
v -14.49392 -28.42512 17.15257
v -14.56527 -28.59915 17.26317
v -13.35233 -30.03636 16.78786
v -13.45315 -30.13258 16.67099
v -13.57233 -30.2055 16.53363
v -13.45589 -30.0452 16.93711
v -13.57881 -30.1561 16.82484
v -13.71286 -30.23725 16.6883
v -13.57806 -30.02324 17.08872
v -13.71587 -30.14135 16.98038
v -13.86297 -30.22767 16.8454
v -14.11819 -30.1643 15.99714
v -14.26861 -30.18097 16.09801
v -14.4271 -30.16508 16.21211
v -13.9921 -30.22261 16.11454
v -14.14571 -30.2508 16.23954
v -14.30759 -30.2402 16.36945
v -13.85035 -30.25195 16.24658
v -14.00412 -30.28591 16.38759
v -14.16731 -30.27851 16.53118
v -14.90095 -29.80598 16.69502
v -14.82253 -29.84236 16.85552
v -14.71748 -29.85473 17.02122
v -14.81992 -29.93003 16.58846
v -14.72505 -29.9865 16.75596
v -14.60841 -30.00993 16.92724
v -14.71186 -30.03759 16.46423
v -14.60531 -30.10618 16.63413
v -14.47796 -30.13844 16.80835
v -14.13284 -29.67766 17.48807
v -14.00432 -29.79378 17.43053
v -13.8598 -29.89525 17.34395
v -14.28179 -29.75203 17.41381
v -14.15624 -29.89147 17.34324
v -14.01163 -30.007 17.24708
v -14.43851 -29.80813 17.30924
v -14.31618 -29.96111 17.22895
v -14.17258 -30.08742 17.12364
v -14.24271 -29.97147 15.75815
v -14.24137 -29.83661 15.63612
v -14.22405 -29.67324 15.52933
v -14.41262 -29.95797 15.82162
v -14.43168 -29.80795 15.69067
v -14.42568 -29.6331 15.57849
v -14.58125 -29.92638 15.91626
v -14.61363 -29.76629 15.78208
v -14.61738 -29.58155 15.66736
v -14.06578 -28.93152 15.41851
v -14.22487 -28.85438 15.46121
v -14.38511 -28.77347 15.53973
v -14.11687 -29.10477 15.39711
v -14.30072 -29.03818 15.43927
v -14.47693 -28.9628 15.51967
v -14.15983 -29.29572 15.40604
v -14.35839 -29.2376 15.44932
v -14.54707 -29.16828 15.53239
v -14.84854 -28.56934 16.11442
v -14.9477 -28.72082 16.13573
v -15.02802 -28.89524 16.1778
v -14.77591 -28.59891 15.94961
v -14.88033 -28.77016 15.95347
v -14.96361 -28.95851 15.98632
v -14.66965 -28.64113 15.78959
v -14.77497 -28.82491 15.782
v -14.85873 -29.02488 15.80671
v -15.02598 -29.61236 16.45505
v -14.96432 -29.7064 16.3113
v -14.86649 -29.79814 16.16745
v -15.07262 -29.45508 16.37552
v -15.01174 -29.54254 16.20572
v -14.91212 -29.63106 16.04527
v -15.09246 -29.27405 16.30152
v -15.03112 -29.35532 16.11592
v -14.92927 -29.43954 15.94214
v -13.86645 -28.68459 15.51389
v -13.71783 -28.61046 15.58803
v -13.5616 -28.55465 15.69227
v -13.99434 -28.56881 15.57151
v -13.84292 -28.47108 15.65831
v -13.68355 -28.40162 15.77221
v -14.13834 -28.46779 15.6578
v -13.98702 -28.35592 15.75407
v -13.82659 -28.27577 15.87712
v -13.10059 -28.55665 16.30461
v -13.18162 -28.43304 16.41061
v -13.2893 -28.32595 16.53441
v -13.17888 -28.52042 16.14448
v -13.27603 -28.37637 16.2436
v -13.3953 -28.25707 16.365
v -13.28357 -28.50821 15.97932
v -13.39229 -28.35297 16.07292
v -13.52224 -28.22493 16.19134
v -13.88027 -28.19308 17.00323
v -14.00661 -28.13455 16.88557
v -14.14877 -28.10503 16.75304
v -13.72914 -28.17629 16.90229
v -13.85258 -28.10662 16.76033
v -13.99469 -28.07143 16.61181
v -13.57005 -28.19215 16.78775
v -13.69014 -28.11732 16.62994
v -13.83087 -28.07888 16.46768
v -14.64838 -28.3214 16.21018
v -14.54474 -28.31255 16.06021
v -14.42212 -28.3345 15.90803
v -14.54735 -28.22488 16.32728
v -14.4214 -28.20164 16.17305
v -14.28382 -28.2165 16.01699
v -14.42774 -28.15164 16.46501
v -14.28692 -28.12024 16.31009
v -14.13625 -28.12989 16.15239
v -12.97607 -28.74948 16.5436
v -12.92961 -28.90643 16.6229
v -12.90987 -29.08691 16.69657
v -13.03761 -28.65604 16.687
v -12.99006 -28.81922 16.79248
v -12.97073 -29.00578 16.88203
v -13.13515 -28.56466 16.83026
v -13.08927 -28.73098 16.95237
v -13.07217 -28.92189 17.05516
v -13.153 -29.78943 16.88323
v -13.22536 -29.75962 17.04741
v -13.33129 -29.71756 17.20678
v -13.05412 -29.63827 16.86191
v -13.12102 -29.589 17.04387
v -13.22597 -29.53447 17.21478
v -12.9741 -29.46443 16.81986
v -13.03802 -29.40128 17.01119
v -13.14248 -29.33515 17.19013
v -13.93268 -29.42971 17.58384
v -13.88144 -29.25609 17.60536
v -13.83823 -29.06452 17.59645
v -13.77315 -29.50741 17.54114
v -13.6973 -29.32296 17.56282
v -13.63948 -29.12284 17.55272
v -13.61226 -29.58861 17.46239
v -13.52048 -29.39858 17.48208
v -13.4501 -29.19244 17.46932
v -13.75523 -28.3867 17.24321
v -13.58473 -28.39992 17.17945
v -13.41542 -28.43161 17.08453
v -13.75652 -28.52183 17.36557
v -13.5659 -28.55057 17.31057
v -13.38333 -28.59243 17.2188
v -13.77379 -28.68571 17.47274
v -13.57197 -28.72603 17.42313
v -13.37956 -28.77777 17.3339
v -13.26845 -29.74548 15.88295
v -13.21408 -29.54312 15.79754
v -13.21408 -29.54312 15.79754
v -13.32041 -28.6984 15.76385
v -13.2521 -28.89326 15.72921
v -13.20959 -29.10373 15.7221
v -13.19669 -29.32367 15.74519
v -13.21408 -29.54312 15.79754
v -13.21408 -29.54312 15.79754
v -13.21408 -29.54312 15.79754
v -13.26845 -29.74548 15.88295
v -14.78592 -28.81688 17.20246
v -14.78592 -28.81688 17.20246
v -14.78592 -28.81688 17.20246
v -14.78592 -28.81688 17.20246
v -14.42862 -28.18372 16.75394
v -14.54887 -28.29188 16.88791
v -14.65177 -28.43589 17.01088
v -14.73241 -28.61335 17.11769
v -14.78592 -28.81688 17.20246
v -13.20652 -29.91719 16.75023
v -13.25429 -29.98886 16.65924
v -13.33495 -30.07016 16.5316
v -13.44243 -30.13532 16.38974
v -13.57139 -30.17362 16.24564
v -13.99454 -30.11252 15.89497
v -14.09357 -30.06538 15.83439
v -13.8593 -30.15776 15.99022
v -13.71383 -30.18066 16.10954
v -15.00043 -29.64964 16.64233
v -14.9674 -29.66609 16.76278
v -14.90259 -29.67882 16.92143
v -14.80586 -29.679 17.08515
v -14.68044 -29.66386 17.23734
v -14.22496 -29.54206 17.52933
v -14.11028 -29.50093 17.56138
v -14.37647 -29.59093 17.46462
v -14.53356 -29.63352 17.36629
v -14.09357 -30.06538 15.83439
v -14.20842 -30.08031 15.88219
v -14.07596 -29.98644 15.7387
v -14.05033 -29.86194 15.62359
v -14.02063 -29.70556 15.52069
v -13.98911 -29.52676 15.44391
v -14.3611 -30.08218 15.96023
v -14.51976 -30.05928 16.06137
v -14.67066 -30.0108 16.17911
v -13.90495 -28.98127 15.41043
v -13.88864 -28.86087 15.44102
v -13.92919 -29.14993 15.39105
v -13.95793 -29.33704 15.40034
v -14.7948 -28.4409 16.24757
v -14.8777 -28.53124 16.2765
v -14.97273 -28.66758 16.32022
v -15.05078 -28.83257 16.37359
v -15.09955 -29.01484 16.43293
v -15.04922 -29.53939 16.60575
v -14.96547 -29.73392 16.55611
v -15.00043 -29.64964 16.64233
v -14.89772 -29.83788 16.43693
v -14.79792 -29.9345 16.30698
v -15.09427 -29.38199 16.55354
v -15.11368 -29.20232 16.49435
v -13.88864 -28.86087 15.44102
v -13.98849 -28.78761 15.46001
v -13.77462 -28.81982 15.47279
v -13.6234 -28.77112 15.53737
v -13.4668 -28.72864 15.63533
v -13.32041 -28.6984 15.76385
v -14.1252 -28.69554 15.50737
v -14.27273 -28.60726 15.58716
v -14.41895 -28.53123 15.69591
v -13.03437 -28.69615 16.23707
v -13.00159 -28.71268 16.35686
v -13.09904 -28.68352 16.07874
v -13.19541 -28.68331 15.91553
v -13.32041 -28.6984 15.76385
v -13.41284 -28.52062 15.82461
v -13.5293 -28.36257 15.91183
v -13.66776 -28.23161 16.02476
v -13.82201 -28.13379 16.15832
v -13.90464 -28.29219 17.16663
v -14.00428 -28.24496 17.10571
v -14.13976 -28.19958 17.01023
v -14.28571 -28.17665 16.8905
v -14.42862 -28.18372 16.75394
v -14.74673 -28.36899 16.33917
v -14.7448 -28.43682 16.1325
v -14.7948 -28.4409 16.24757
v -14.66101 -28.44653 15.98254
v -14.55007 -28.47764 15.83119
v -14.66588 -28.28747 16.46704
v -14.55801 -28.22214 16.60936
v -14.42862 -28.18372 16.75394
v -14.29318 -28.11076 16.61095
v -14.14354 -28.07586 16.46037
v -13.98334 -28.08259 16.3063
v -13.00159 -28.71268 16.35686
v -13.03649 -28.62857 16.44291
v -12.95295 -28.82223 16.39333
v -12.90802 -28.97933 16.44538
v -12.88861 -29.15841 16.50437
v -12.90269 -29.34526 16.56558
v -13.10402 -28.52495 16.5617
v -13.20341 -28.42863 16.69119
v -13.32769 -28.34952 16.81977
v -13.12396 -29.8274 16.72161
v -13.25642 -29.92127 16.86509
v -13.20652 -29.91719 16.75023
v -13.33993 -29.91159 17.01455
v -13.45044 -29.88064 17.1654
v -13.5795 -29.82967 17.30317
v -13.02915 -29.69135 16.67791
v -12.9513 -29.52692 16.62473
v -14.11028 -29.50093 17.56138
v -14.01023 -29.57434 17.54235
v -14.09398 -29.37981 17.59199
v -14.06963 -29.21082 17.61144
v -14.0408 -29.02309 17.60206
v -14.00951 -28.83274 17.55835
v -13.87308 -29.66671 17.49483
v -13.72503 -29.75526 17.41469
v -13.92247 -28.37166 17.26274
v -13.78956 -28.27724 17.11874
v -13.90464 -28.29219 17.16663
v -13.63637 -28.27535 17.04044
v -13.47718 -28.2984 16.9389
v -13.94808 -28.49641 17.37812
v -13.97789 -28.65334 17.48131
f 3582 3791 3583
f 3579 3582 3583
f 3578 3582 3579
f 3578 3581 3582
f 3581 3513 3582
f 3582 3513 3514
f 3583 3514 3413
f 3610 3514 3513
f 3579 3583 3580
f 3580 3583 3505
f 3583 3792 3505
f 3575 3578 3579
f 3576 3579 3580
f 3575 3579 3576
f 3453 3581 3578
f 3452 3453 3578
f 3452 3578 3575
f 3405 3452 3575
f 3405 3575 3431
f 3431 3575 3576
f 3453 3454 3581
f 3431 3576 3432
f 3454 3512 3581
f 3454 3422 3512
f 3581 3512 3513
f 3432 3576 3577
f 3576 3580 3577
f 3432 3577 3433
f 3604 3512 3422
f 3604 3422 3451
f 3607 3513 3512
f 3607 3512 3604
f 3610 3513 3607
f 3577 3580 3504
f 3580 3505 3504
f 3433 3577 3503
f 3577 3504 3503
f 3433 3503 3419
f 3603 3604 3451
f 3603 3451 3450
f 3606 3607 3604
f 3606 3604 3603
f 3419 3503 3590
f 3419 3590 3436
f 3503 3504 3591
f 3503 3591 3590
f 3504 3505 3592
f 3504 3592 3591
f 3602 3603 3450
f 3602 3450 3449
f 3436 3590 3587
f 3436 3587 3435
f 3505 3508 3592
f 3505 3793 3508
f 3592 3508 3507
f 3592 3507 3589
f 3591 3592 3589
f 3589 3507 3506
f 3590 3591 3588
f 3591 3589 3588
f 3590 3588 3587
f 3589 3506 3586
f 3588 3589 3586
f 3586 3506 3420
f 3586 3420 3439
f 3588 3586 3585
f 3585 3586 3439
f 3587 3588 3585
f 3585 3439 3438
f 3587 3585 3584
f 3584 3585 3438
f 3435 3587 3584
f 3584 3438 3437
f 3435 3584 3434
f 3434 3584 3437
f 3434 3437 3407
f 3511 3800 3514
f 3601 3799 3511
f 3598 3601 3511
f 3598 3511 3510
f 3510 3511 3610
f 3511 3801 3610
f 3510 3610 3609
f 3609 3610 3607
f 3609 3607 3606
f 3509 3510 3609
f 3608 3609 3606
f 3509 3609 3608
f 3595 3598 3510
f 3595 3510 3509
f 3608 3606 3605
f 3605 3606 3603
f 3605 3603 3602
f 3421 3509 3608
f 3445 3509 3421
f 3445 3595 3509
f 3421 3608 3448
f 3448 3608 3605
f 3448 3605 3447
f 3447 3605 3602
f 3447 3602 3446
f 3446 3602 3449
f 3446 3449 3406
f 3444 3595 3445
f 3444 3594 3595
f 3443 3594 3444
f 3594 3598 3595
f 3443 3593 3594
f 3408 3593 3443
f 3408 3440 3593
f 3594 3597 3598
f 3593 3597 3594
f 3597 3601 3598
f 3440 3596 3593
f 3593 3596 3597
f 3440 3441 3596
f 3597 3600 3601
f 3596 3600 3597
f 3441 3599 3596
f 3596 3599 3600
f 3441 3442 3599
f 3600 3797 3601
f 3601 3797 3798
f 3600 3796 3797
f 3599 3796 3600
f 3599 3795 3796
f 3442 3795 3599
f 3442 3794 3795
f 3619 3526 3414
f 3618 3526 3619
f 3615 3618 3619
f 3615 3619 3616
f 3616 3619 3517
f 3619 3802 3517
f 3618 3525 3526
f 3614 3618 3615
f 3617 3525 3618
f 3614 3617 3618
f 3612 3615 3616
f 3611 3614 3615
f 3611 3615 3612
f 3477 3617 3614
f 3476 3477 3614
f 3476 3614 3611
f 3409 3476 3611
f 3409 3611 3455
f 3455 3611 3612
f 3477 3478 3617
f 3455 3612 3456
f 3478 3524 3617
f 3617 3524 3525
f 3478 3426 3524
f 3456 3612 3613
f 3612 3616 3613
f 3456 3613 3457
f 3640 3524 3426
f 3640 3426 3475
f 3643 3525 3524
f 3643 3524 3640
f 3613 3616 3516
f 3616 3517 3516
f 3457 3613 3515
f 3613 3516 3515
f 3457 3515 3423
f 3639 3640 3475
f 3639 3475 3474
f 3423 3515 3626
f 3423 3626 3460
f 3515 3516 3627
f 3515 3627 3626
f 3516 3517 3628
f 3516 3628 3627
f 3460 3626 3623
f 3460 3623 3459
f 3626 3627 3624
f 3626 3624 3623
f 3459 3623 3620
f 3459 3620 3458
f 3458 3620 3461
f 3458 3461 3410
f 3620 3462 3461
f 3623 3621 3620
f 3620 3621 3462
f 3623 3624 3621
f 3621 3463 3462
f 3621 3622 3463
f 3624 3622 3621
f 3622 3424 3463
f 3627 3625 3624
f 3624 3625 3622
f 3627 3628 3625
f 3622 3518 3424
f 3625 3518 3622
f 3466 3424 3518
f 3628 3519 3625
f 3625 3519 3518
f 3466 3518 3635
f 3635 3518 3519
f 3465 3466 3635
f 3628 3520 3519
f 3517 3520 3628
f 3517 3803 3520
f 3465 3635 3632
f 3464 3465 3632
f 3635 3519 3636
f 3636 3519 3520
f 3632 3635 3636
f 3464 3632 3629
f 3412 3464 3629
f 3412 3629 3467
f 3636 3520 3637
f 3637 3520 3804
f 3632 3636 3633
f 3629 3632 3633
f 3633 3636 3637
f 3467 3629 3630
f 3629 3633 3630
f 3467 3630 3468
f 3633 3637 3634
f 3630 3633 3634
f 3468 3630 3631
f 3630 3634 3631
f 3468 3631 3469
f 3634 3637 3523
f 3637 3805 3523
f 3634 3523 3522
f 3631 3634 3522
f 3631 3522 3521
f 3469 3631 3521
f 3469 3521 3425
f 3470 3473 3411
f 3470 3638 3473
f 3638 3474 3473
f 3471 3638 3470
f 3638 3639 3474
f 3471 3641 3638
f 3641 3639 3638
f 3472 3641 3471
f 3641 3642 3639
f 3642 3640 3639
f 3642 3643 3640
f 3472 3644 3641
f 3644 3642 3641
f 3806 3644 3472
f 3806 3807 3644
f 3644 3645 3642
f 3807 3645 3644
f 3645 3643 3642
f 3807 3808 3645
f 3645 3646 3643
f 3808 3646 3645
f 3646 3525 3643
f 3808 3809 3646
f 3646 3526 3525
f 3809 3526 3646
f 3809 3810 3526
f 3816 3479 3817
f 3816 3656 3479
f 3818 3656 3816
f 3656 3480 3479
f 3818 3659 3656
f 3819 3659 3818
f 3656 3657 3480
f 3659 3657 3656
f 3657 3481 3480
f 3819 3662 3659
f 3815 3662 3819
f 3657 3658 3481
f 3658 3427 3481
f 3659 3660 3657
f 3662 3660 3659
f 3660 3658 3657
f 3815 3527 3662
f 3814 3527 3815
f 3658 3530 3427
f 3484 3427 3530
f 3660 3661 3658
f 3661 3530 3658
f 3662 3663 3660
f 3527 3663 3662
f 3663 3661 3660
f 3814 3649 3527
f 3813 3649 3814
f 3484 3530 3671
f 3483 3484 3671
f 3527 3528 3663
f 3649 3528 3527
f 3661 3531 3530
f 3671 3530 3531
f 3663 3664 3661
f 3528 3664 3663
f 3664 3531 3661
f 3813 3648 3649
f 3812 3648 3813
f 3483 3671 3668
f 3482 3483 3668
f 3649 3652 3528
f 3648 3652 3649
f 3528 3529 3664
f 3652 3529 3528
f 3664 3532 3531
f 3529 3532 3664
f 3671 3531 3672
f 3668 3671 3672
f 3672 3531 3532
f 3812 3647 3648
f 3811 3647 3812
f 3811 3488 3647
f 3648 3651 3652
f 3647 3651 3648
f 3488 3650 3647
f 3647 3650 3651
f 3488 3489 3650
f 3652 3655 3529
f 3651 3655 3652
f 3529 3415 3532
f 3655 3415 3529
f 3672 3532 3673
f 3673 3532 3415
f 3489 3653 3650
f 3489 3490 3653
f 3650 3654 3651
f 3651 3654 3655
f 3650 3653 3654
f 3655 3538 3415
f 3654 3538 3655
f 3490 3536 3653
f 3490 3428 3536
f 3653 3537 3654
f 3654 3537 3538
f 3653 3536 3537
f 3535 3415 3538
f 3673 3415 3535
f 3669 3672 3673
f 3668 3672 3669
f 3676 3536 3428
f 3676 3428 3487
f 3679 3537 3536
f 3679 3536 3676
f 3682 3538 3537
f 3535 3538 3682
f 3682 3537 3679
f 3670 3673 3535
f 3669 3673 3670
f 3665 3668 3669
f 3482 3668 3665
f 3820 3482 3665
f 3820 3665 3821
f 3665 3669 3666
f 3821 3665 3666
f 3666 3669 3670
f 3821 3666 3822
f 3822 3666 3667
f 3666 3670 3667
f 3822 3667 3823
f 3670 3535 3534
f 3667 3670 3534
f 3534 3535 3682
f 3823 3667 3533
f 3667 3534 3533
f 3823 3533 3824
f 3534 3682 3681
f 3533 3534 3681
f 3681 3682 3679
f 3824 3533 3680
f 3533 3681 3680
f 3824 3680 3828
f 3681 3679 3678
f 3680 3681 3678
f 3678 3679 3676
f 3828 3680 3677
f 3680 3678 3677
f 3828 3677 3827
f 3678 3676 3675
f 3677 3678 3675
f 3675 3676 3487
f 3675 3487 3486
f 3827 3677 3674
f 3677 3675 3674
f 3674 3675 3486
f 3827 3674 3825
f 3674 3486 3485
f 3825 3674 3485
f 3825 3485 3826
f 3838 3491 3839
f 3838 3692 3491
f 3840 3692 3838
f 3692 3492 3491
f 3840 3695 3692
f 3841 3695 3840
f 3692 3693 3492
f 3695 3693 3692
f 3693 3493 3492
f 3841 3698 3695
f 3834 3698 3841
f 3693 3694 3493
f 3694 3429 3493
f 3695 3696 3693
f 3698 3696 3695
f 3696 3694 3693
f 3834 3539 3698
f 3833 3539 3834
f 3694 3542 3429
f 3496 3429 3542
f 3696 3697 3694
f 3697 3542 3694
f 3698 3699 3696
f 3539 3699 3698
f 3699 3697 3696
f 3833 3685 3539
f 3832 3685 3833
f 3496 3542 3707
f 3495 3496 3707
f 3539 3540 3699
f 3685 3540 3539
f 3697 3543 3542
f 3707 3542 3543
f 3699 3700 3697
f 3540 3700 3699
f 3700 3543 3697
f 3832 3684 3685
f 3831 3684 3832
f 3495 3707 3704
f 3494 3495 3704
f 3685 3688 3540
f 3684 3688 3685
f 3540 3541 3700
f 3688 3541 3540
f 3700 3544 3543
f 3541 3544 3700
f 3707 3543 3708
f 3704 3707 3708
f 3708 3543 3544
f 3831 3683 3684
f 3829 3683 3831
f 3829 3830 3683
f 3684 3687 3688
f 3683 3687 3684
f 3830 3686 3683
f 3683 3686 3687
f 3830 3835 3686
f 3688 3691 3541
f 3687 3691 3688
f 3541 3416 3544
f 3691 3416 3541
f 3708 3544 3709
f 3709 3544 3416
f 3835 3689 3686
f 3835 3836 3689
f 3686 3690 3687
f 3687 3690 3691
f 3686 3689 3690
f 3691 3550 3416
f 3690 3550 3691
f 3836 3548 3689
f 3836 3837 3548
f 3689 3549 3690
f 3690 3549 3550
f 3689 3548 3549
f 3547 3416 3550
f 3709 3416 3547
f 3705 3708 3709
f 3704 3708 3705
f 3712 3548 3837
f 3712 3837 3851
f 3715 3549 3548
f 3715 3548 3712
f 3718 3550 3549
f 3547 3550 3718
f 3718 3549 3715
f 3706 3709 3547
f 3705 3709 3706
f 3701 3704 3705
f 3494 3704 3701
f 3842 3494 3701
f 3842 3701 3843
f 3701 3705 3702
f 3843 3701 3702
f 3702 3705 3706
f 3843 3702 3844
f 3844 3702 3703
f 3702 3706 3703
f 3844 3703 3845
f 3706 3547 3546
f 3703 3706 3546
f 3546 3547 3718
f 3845 3703 3545
f 3703 3546 3545
f 3845 3545 3846
f 3546 3718 3717
f 3545 3546 3717
f 3717 3718 3715
f 3846 3545 3716
f 3545 3717 3716
f 3846 3716 3853
f 3717 3715 3714
f 3716 3717 3714
f 3714 3715 3712
f 3853 3716 3713
f 3716 3714 3713
f 3853 3713 3852
f 3714 3712 3711
f 3713 3714 3711
f 3711 3712 3851
f 3711 3851 3850
f 3852 3713 3710
f 3713 3711 3710
f 3710 3711 3850
f 3852 3710 3847
f 3710 3850 3848
f 3847 3710 3848
f 3847 3848 3849
f 3858 3551 3859
f 3858 3721 3551
f 3857 3721 3858
f 3721 3552 3551
f 3857 3720 3721
f 3856 3720 3857
f 3721 3724 3552
f 3720 3724 3721
f 3724 3553 3552
f 3856 3719 3720
f 3854 3719 3856
f 3854 3855 3719
f 3720 3723 3724
f 3719 3723 3720
f 3724 3727 3553
f 3723 3727 3724
f 3727 3417 3553
f 3855 3722 3719
f 3719 3722 3723
f 3855 3860 3722
f 3723 3726 3727
f 3722 3726 3723
f 3727 3562 3417
f 3726 3562 3727
f 3887 3417 3562
f 3860 3725 3722
f 3722 3725 3726
f 3860 3861 3725
f 3887 3562 3754
f 3886 3887 3754
f 3726 3561 3562
f 3725 3561 3726
f 3754 3562 3561
f 3861 3560 3725
f 3725 3560 3561
f 3861 3862 3560
f 3886 3754 3753
f 3885 3886 3753
f 3754 3561 3751
f 3751 3561 3560
f 3753 3754 3751
f 3748 3560 3862
f 3751 3560 3748
f 3748 3862 3881
f 3885 3753 3752
f 3884 3885 3752
f 3884 3752 3883
f 3753 3751 3750
f 3750 3751 3748
f 3752 3753 3750
f 3747 3748 3881
f 3750 3748 3747
f 3747 3881 3880
f 3883 3752 3749
f 3752 3750 3749
f 3749 3750 3747
f 3883 3749 3882
f 3746 3747 3880
f 3749 3747 3746
f 3882 3749 3746
f 3746 3880 3878
f 3882 3746 3877
f 3877 3746 3878
f 3877 3878 3879
f 3863 3497 3864
f 3863 3728 3497
f 3865 3728 3863
f 3728 3498 3497
f 3865 3731 3728
f 3866 3731 3865
f 3728 3729 3498
f 3731 3729 3728
f 3729 3499 3498
f 3866 3734 3731
f 3867 3734 3866
f 3867 3868 3734
f 3729 3730 3499
f 3730 3430 3499
f 3731 3732 3729
f 3734 3732 3731
f 3732 3730 3729
f 3868 3735 3734
f 3734 3735 3732
f 3868 3869 3735
f 3730 3554 3430
f 3502 3430 3554
f 3732 3733 3730
f 3735 3733 3732
f 3733 3554 3730
f 3869 3736 3735
f 3735 3736 3733
f 3869 3870 3736
f 3502 3554 3743
f 3501 3502 3743
f 3733 3555 3554
f 3736 3555 3733
f 3743 3554 3555
f 3870 3556 3736
f 3736 3556 3555
f 3870 3871 3556
f 3501 3743 3740
f 3500 3501 3740
f 3743 3555 3744
f 3744 3555 3556
f 3740 3743 3744
f 3745 3556 3871
f 3744 3556 3745
f 3745 3871 3559
f 3500 3740 3737
f 3872 3500 3737
f 3872 3737 3873
f 3740 3744 3741
f 3741 3744 3745
f 3737 3740 3741
f 3742 3745 3559
f 3741 3745 3742
f 3742 3559 3558
f 3873 3737 3738
f 3737 3741 3738
f 3738 3741 3742
f 3873 3738 3874
f 3739 3742 3558
f 3738 3742 3739
f 3874 3738 3739
f 3739 3558 3557
f 3874 3739 3875
f 3875 3739 3557
f 3875 3557 3876
f 3897 3898 3899
f 3897 3764 3898
f 3903 3764 3897
f 3764 3900 3898
f 3903 3767 3764
f 3904 3767 3903
f 3764 3765 3900
f 3767 3765 3764
f 3765 3901 3900
f 3904 3770 3767
f 3893 3770 3904
f 3765 3766 3901
f 3766 3902 3901
f 3767 3768 3765
f 3770 3768 3767
f 3768 3766 3765
f 3893 3563 3770
f 3892 3563 3893
f 3766 3566 3902
f 3912 3902 3566
f 3768 3769 3766
f 3769 3566 3766
f 3770 3771 3768
f 3563 3771 3770
f 3771 3769 3768
f 3892 3757 3563
f 3891 3757 3892
f 3912 3566 3779
f 3911 3912 3779
f 3563 3564 3771
f 3757 3564 3563
f 3769 3567 3566
f 3779 3566 3567
f 3771 3772 3769
f 3564 3772 3771
f 3772 3567 3769
f 3891 3756 3757
f 3890 3756 3891
f 3911 3779 3776
f 3906 3911 3776
f 3757 3760 3564
f 3756 3760 3757
f 3564 3565 3772
f 3760 3565 3564
f 3772 3568 3567
f 3565 3568 3772
f 3779 3567 3780
f 3776 3779 3780
f 3780 3567 3568
f 3890 3755 3756
f 3888 3755 3890
f 3888 3889 3755
f 3756 3759 3760
f 3755 3759 3756
f 3889 3758 3755
f 3755 3758 3759
f 3889 3894 3758
f 3760 3763 3565
f 3759 3763 3760
f 3565 3418 3568
f 3763 3418 3565
f 3780 3568 3781
f 3781 3568 3418
f 3894 3761 3758
f 3894 3895 3761
f 3758 3762 3759
f 3759 3762 3763
f 3758 3761 3762
f 3763 3574 3418
f 3762 3574 3763
f 3895 3572 3761
f 3895 3896 3572
f 3761 3573 3762
f 3762 3573 3574
f 3761 3572 3573
f 3571 3418 3574
f 3781 3418 3571
f 3777 3780 3781
f 3776 3780 3777
f 3784 3572 3896
f 3784 3896 3917
f 3787 3573 3572
f 3787 3572 3784
f 3790 3574 3573
f 3571 3574 3790
f 3790 3573 3787
f 3778 3781 3571
f 3777 3781 3778
f 3773 3776 3777
f 3906 3776 3773
f 3905 3906 3773
f 3905 3773 3907
f 3773 3777 3774
f 3907 3773 3774
f 3774 3777 3778
f 3907 3774 3908
f 3908 3774 3775
f 3774 3778 3775
f 3908 3775 3909
f 3778 3571 3570
f 3775 3778 3570
f 3570 3571 3790
f 3909 3775 3569
f 3775 3570 3569
f 3909 3569 3910
f 3570 3790 3789
f 3569 3570 3789
f 3789 3790 3787
f 3910 3569 3788
f 3569 3789 3788
f 3910 3788 3919
f 3789 3787 3786
f 3788 3789 3786
f 3786 3787 3784
f 3919 3788 3785
f 3788 3786 3785
f 3919 3785 3918
f 3786 3784 3783
f 3785 3786 3783
f 3783 3784 3917
f 3783 3917 3916
f 3918 3785 3782
f 3785 3783 3782
f 3782 3783 3916
f 3918 3782 3913
f 3782 3916 3914
f 3913 3782 3914
f 3913 3914 3915
